index,unique_id,ds,cutoff,TFT,y,ds_real,month
0,Alcúdia (Sa Marina)_2022,1666,1665,173.68184,170.53184509277344,2023-01-08 13:00:00,1
1,Alcúdia (Sa Marina)_2022,1667,1665,176.11143,175.05496215820312,2023-01-08 14:00:00,1
2,Alcúdia (Sa Marina)_2022,1668,1665,176.12306,174.54922485351562,2023-01-08 15:00:00,1
3,Alcúdia (Sa Marina)_2022,1669,1665,176.4379,172.1670684814453,2023-01-08 16:00:00,1
4,Alcúdia (Sa Marina)_2022,1670,1665,179.20274,172.0341796875,2023-01-08 17:00:00,1
5,Alcúdia (Sa Marina)_2022,1671,1665,182.20518,167.8204345703125,2023-01-08 18:00:00,1
6,Alcúdia (Sa Marina)_2022,1672,1665,184.51567,167.8204345703125,2023-01-08 19:00:00,1
7,Alcúdia (Sa Marina)_2022,1673,1665,182.43391,167.8204345703125,2023-01-09 08:00:00,1
8,Alcúdia (Sa Marina)_2022,1674,1665,166.74164,182.3537445068359,2023-01-09 09:00:00,1
9,Alcúdia (Sa Marina)_2022,1675,1665,158.75262,170.35226440429688,2023-01-09 10:00:00,1
10,Alcúdia (Sa Marina)_2022,1676,1665,159.0537,167.46141052246094,2023-01-09 11:00:00,1
11,Alcúdia (Sa Marina)_2022,1677,1665,164.28333,151.73085021972656,2023-01-09 12:00:00,1
12,Alcúdia (Sa Marina)_2022,1678,1665,171.62921,180.6502685546875,2023-01-09 13:00:00,1
13,Alcúdia (Sa Marina)_2022,1679,1665,174.79126,176.90789794921875,2023-01-09 14:00:00,1
14,Alcúdia (Sa Marina)_2022,1680,1665,173.66904,176.87896728515625,2023-01-09 15:00:00,1
15,Alcúdia (Sa Marina)_2022,1681,1665,173.24442,176.57180786132812,2023-01-09 16:00:00,1
16,Alcúdia (Sa Marina)_2022,1682,1665,175.82431,179.82022094726562,2023-01-09 17:00:00,1
17,Alcúdia (Sa Marina)_2022,1683,1665,178.781,180.2989501953125,2023-01-09 18:00:00,1
18,Alcúdia (Sa Marina)_2022,1684,1665,181.47853,180.2989501953125,2023-01-09 19:00:00,1
19,Alcúdia (Sa Marina)_2022,1685,1665,182.44049,180.2989501953125,2023-01-09 20:00:00,1
20,Alcúdia (Sa Marina)_2022,1686,1665,184.81937,180.2989501953125,2023-01-10 08:00:00,1
21,Alcúdia (Sa Marina)_2022,1687,1665,168.27065,178.98597717285156,2023-01-10 09:00:00,1
22,Alcúdia (Sa Marina)_2022,1688,1665,158.44612,174.18138122558594,2023-01-10 10:00:00,1
23,Alcúdia (Sa Marina)_2022,1689,1665,158.0847,166.1094970703125,2023-01-10 11:00:00,1
24,Alcúdia (Sa Marina)_2022,1690,1665,161.96458,168.1741943359375,2023-01-10 12:00:00,1
25,Alcúdia (Sa Marina)_2022,1691,1665,168.35698,174.55123901367188,2023-01-10 13:00:00,1
26,Alcúdia (Sa Marina)_2022,1692,1665,172.01581,171.30857849121094,2023-01-10 14:00:00,1
27,Alcúdia (Sa Marina)_2022,1693,1665,171.79167,174.6781005859375,2023-01-10 15:00:00,1
28,Alcúdia (Sa Marina)_2022,1694,1665,171.73705,171.85598754882812,2023-01-10 16:00:00,1
29,Alcúdia (Sa Marina)_2022,1695,1665,174.34921,176.73670959472656,2023-01-10 17:00:00,1
30,Alcúdia (Sa Marina)_2022,1696,1665,177.39224,193.84280395507807,2023-01-10 18:00:00,1
31,Alcúdia (Sa Marina)_2022,1697,1665,180.20007,193.84280395507807,2023-01-10 19:00:00,1
32,Alcúdia (Sa Marina)_2022,1698,1665,181.31557,193.84280395507807,2023-01-10 20:00:00,1
33,Alcúdia (Sa Marina)_2022,1699,1665,184.4899,193.84280395507807,2023-01-11 08:00:00,1
34,Alcúdia (Sa Marina)_2022,1700,1665,168.03854,193.922607421875,2023-01-11 09:00:00,1
35,Alcúdia (Sa Marina)_2022,1701,1665,158.5253,165.39459228515625,2023-01-11 10:00:00,1
36,Alcúdia (Sa Marina)_2022,1702,1701,166.85738,164.76962280273438,2023-01-11 11:00:00,1
37,Alcúdia (Sa Marina)_2022,1703,1701,171.22833,162.57272338867188,2023-01-11 12:00:00,1
38,Alcúdia (Sa Marina)_2022,1704,1701,174.50461,162.9702606201172,2023-01-11 13:00:00,1
39,Alcúdia (Sa Marina)_2022,1705,1701,175.82288,175.6305389404297,2023-01-11 14:00:00,1
40,Alcúdia (Sa Marina)_2022,1706,1701,176.02673,184.3021545410156,2023-01-11 15:00:00,1
41,Alcúdia (Sa Marina)_2022,1707,1701,176.05737,182.3045959472656,2023-01-11 16:00:00,1
42,Alcúdia (Sa Marina)_2022,1708,1701,177.23793,180.11412048339844,2023-01-11 17:00:00,1
43,Alcúdia (Sa Marina)_2022,1709,1701,177.80907,182.3709259033203,2023-01-11 18:00:00,1
44,Alcúdia (Sa Marina)_2022,1710,1701,180.52228,182.3709259033203,2023-01-11 19:00:00,1
45,Alcúdia (Sa Marina)_2022,1711,1701,180.16982,182.3709259033203,2023-01-11 20:00:00,1
46,Alcúdia (Sa Marina)_2022,1712,1701,179.53003,182.3709259033203,2023-01-12 08:00:00,1
47,Alcúdia (Sa Marina)_2022,1713,1701,176.9714,179.3519287109375,2023-01-12 09:00:00,1
48,Alcúdia (Sa Marina)_2022,1714,1701,169.98624,168.06837463378906,2023-01-12 10:00:00,1
49,Alcúdia (Sa Marina)_2022,1715,1701,166.09091,164.60739135742188,2023-01-12 11:00:00,1
50,Alcúdia (Sa Marina)_2022,1716,1701,168.51152,167.42816162109375,2023-01-12 12:00:00,1
51,Alcúdia (Sa Marina)_2022,1717,1701,171.97105,180.8470764160156,2023-01-12 13:00:00,1
52,Alcúdia (Sa Marina)_2022,1718,1701,173.86702,202.40972900390625,2023-01-12 14:00:00,1
53,Alcúdia (Sa Marina)_2022,1719,1701,174.3817,171.27694702148438,2023-01-12 15:00:00,1
54,Alcúdia (Sa Marina)_2022,1720,1701,174.54837,165.15655517578125,2023-01-12 16:00:00,1
55,Alcúdia (Sa Marina)_2022,1721,1701,175.8762,162.80921936035156,2023-01-12 17:00:00,1
56,Alcúdia (Sa Marina)_2022,1722,1701,176.35045,184.56207275390625,2023-01-12 18:00:00,1
57,Alcúdia (Sa Marina)_2022,1723,1701,179.1206,184.56207275390625,2023-01-12 19:00:00,1
58,Alcúdia (Sa Marina)_2022,1724,1701,178.95346,184.56207275390625,2023-01-12 20:00:00,1
59,Alcúdia (Sa Marina)_2022,1725,1701,180.44716,184.56207275390625,2023-01-13 08:00:00,1
60,Alcúdia (Sa Marina)_2022,1726,1701,178.12143,169.41384887695312,2023-01-13 09:00:00,1
61,Alcúdia (Sa Marina)_2022,1727,1701,170.68857,158.59259033203125,2023-01-13 10:00:00,1
62,Alcúdia (Sa Marina)_2022,1728,1701,167.23253,161.2725830078125,2023-01-13 11:00:00,1
63,Alcúdia (Sa Marina)_2022,1729,1701,169.73834,164.28515625,2023-01-13 12:00:00,1
64,Alcúdia (Sa Marina)_2022,1730,1701,173.06415,173.42999267578125,2023-01-13 13:00:00,1
65,Alcúdia (Sa Marina)_2022,1731,1701,174.79037,160.56008911132812,2023-01-13 14:00:00,1
66,Alcúdia (Sa Marina)_2022,1732,1701,175.1442,164.53656005859375,2023-01-13 15:00:00,1
67,Alcúdia (Sa Marina)_2022,1733,1701,175.24077,166.42813110351562,2023-01-13 16:00:00,1
68,Alcúdia (Sa Marina)_2022,1734,1701,176.34497,168.45809936523438,2023-01-13 17:00:00,1
69,Alcúdia (Sa Marina)_2022,1735,1701,176.57843,185.70684814453125,2023-01-13 18:00:00,1
70,Alcúdia (Sa Marina)_2022,1736,1701,178.98276,185.70684814453125,2023-01-13 19:00:00,1
71,Alcúdia (Sa Marina)_2022,1737,1701,178.78897,185.70684814453125,2023-01-13 20:00:00,1
72,Alcúdia (Sa Marina)_2022,1738,1737,184.3054,185.70684814453125,2023-01-14 08:00:00,1
73,Alcúdia (Sa Marina)_2022,1739,1737,177.60968,168.64927673339844,2023-01-14 09:00:00,1
74,Alcúdia (Sa Marina)_2022,1740,1737,165.93167,154.23785400390625,2023-01-14 10:00:00,1
75,Alcúdia (Sa Marina)_2022,1741,1737,165.03824,152.65896606445312,2023-01-14 11:00:00,1
76,Alcúdia (Sa Marina)_2022,1742,1737,167.45802,158.880615234375,2023-01-14 12:00:00,1
77,Alcúdia (Sa Marina)_2022,1743,1737,170.52385,170.89141845703125,2023-01-14 13:00:00,1
78,Alcúdia (Sa Marina)_2022,1744,1737,170.6669,162.64910888671875,2023-01-14 14:00:00,1
79,Alcúdia (Sa Marina)_2022,1745,1737,169.3702,164.4332275390625,2023-01-14 15:00:00,1
80,Alcúdia (Sa Marina)_2022,1746,1737,168.9613,164.80938720703125,2023-01-14 16:00:00,1
81,Alcúdia (Sa Marina)_2022,1747,1737,171.21866,171.81959533691406,2023-01-14 17:00:00,1
82,Alcúdia (Sa Marina)_2022,1748,1737,183.32263,187.20474243164065,2023-01-14 18:00:00,1
83,Alcúdia (Sa Marina)_2022,1749,1737,188.54393,187.20474243164065,2023-01-14 19:00:00,1
84,Alcúdia (Sa Marina)_2022,1750,1737,185.5211,187.20474243164065,2023-01-14 20:00:00,1
85,Alcúdia (Sa Marina)_2022,1751,1737,187.93277,187.20474243164065,2023-01-15 08:00:00,1
86,Alcúdia (Sa Marina)_2022,1752,1737,178.49503,166.90206909179688,2023-01-15 09:00:00,1
87,Alcúdia (Sa Marina)_2022,1753,1737,165.8112,161.30833435058594,2023-01-15 10:00:00,1
88,Alcúdia (Sa Marina)_2022,1754,1737,166.10498,160.37136840820312,2023-01-15 11:00:00,1
89,Alcúdia (Sa Marina)_2022,1755,1737,169.16377,164.86341857910156,2023-01-15 12:00:00,1
90,Alcúdia (Sa Marina)_2022,1756,1737,172.69135,166.54483032226562,2023-01-15 13:00:00,1
91,Alcúdia (Sa Marina)_2022,1757,1737,172.25316,172.28216552734375,2023-01-15 14:00:00,1
92,Alcúdia (Sa Marina)_2022,1758,1737,170.28784,171.0203399658203,2023-01-15 15:00:00,1
93,Alcúdia (Sa Marina)_2022,1759,1737,169.63762,181.1064453125,2023-01-15 16:00:00,1
94,Alcúdia (Sa Marina)_2022,1760,1737,172.04869,186.7284698486328,2023-01-15 17:00:00,1
95,Alcúdia (Sa Marina)_2022,1761,1737,184.46867,180.1480712890625,2023-01-15 18:00:00,1
96,Alcúdia (Sa Marina)_2022,1762,1737,190.58412,180.1480712890625,2023-01-15 19:00:00,1
97,Alcúdia (Sa Marina)_2022,1763,1737,187.62918,180.1480712890625,2023-01-15 20:00:00,1
98,Alcúdia (Sa Marina)_2022,1764,1737,184.55322,180.1480712890625,2023-01-16 08:00:00,1
99,Alcúdia (Sa Marina)_2022,1765,1737,177.98668,172.64456176757812,2023-01-16 09:00:00,1
100,Alcúdia (Sa Marina)_2022,1766,1737,165.97731,147.61102294921875,2023-01-16 10:00:00,1
101,Alcúdia (Sa Marina)_2022,1767,1737,164.82716,151.01486206054688,2023-01-16 11:00:00,1
102,Alcúdia (Sa Marina)_2022,1768,1737,166.93468,153.31954956054688,2023-01-16 12:00:00,1
103,Alcúdia (Sa Marina)_2022,1769,1737,169.16718,158.00994873046875,2023-01-16 13:00:00,1
104,Alcúdia (Sa Marina)_2022,1770,1737,169.04868,168.62045288085938,2023-01-16 14:00:00,1
105,Alcúdia (Sa Marina)_2022,1771,1737,168.29306,157.59121704101562,2023-01-16 15:00:00,1
106,Alcúdia (Sa Marina)_2022,1772,1737,168.21805,155.86871337890625,2023-01-16 16:00:00,1
107,Alcúdia (Sa Marina)_2022,1773,1737,170.78989,160.60157775878906,2023-01-16 17:00:00,1
108,Alcúdia (Sa Marina)_2022,1774,1773,175.2495,171.2310333251953,2023-01-16 18:00:00,1
109,Alcúdia (Sa Marina)_2022,1775,1773,182.31009,171.2310333251953,2023-01-16 19:00:00,1
110,Alcúdia (Sa Marina)_2022,1776,1773,180.99915,171.2310333251953,2023-01-16 20:00:00,1
111,Alcúdia (Sa Marina)_2022,1777,1773,171.85149,171.2310333251953,2023-01-17 08:00:00,1
112,Alcúdia (Sa Marina)_2022,1778,1773,164.73117,174.81732177734375,2023-01-17 09:00:00,1
113,Alcúdia (Sa Marina)_2022,1779,1773,157.62839,166.9415283203125,2023-01-17 10:00:00,1
114,Alcúdia (Sa Marina)_2022,1780,1773,156.81136,167.3466796875,2023-01-17 11:00:00,1
115,Alcúdia (Sa Marina)_2022,1781,1773,159.9412,159.9152374267578,2023-01-17 12:00:00,1
116,Alcúdia (Sa Marina)_2022,1782,1773,163.42679,174.4813690185547,2023-01-17 13:00:00,1
117,Alcúdia (Sa Marina)_2022,1783,1773,164.50543,179.96218872070312,2023-01-17 14:00:00,1
118,Alcúdia (Sa Marina)_2022,1784,1773,162.89262,172.283935546875,2023-01-17 15:00:00,1
119,Alcúdia (Sa Marina)_2022,1785,1773,161.59174,169.03854370117188,2023-01-17 16:00:00,1
120,Alcúdia (Sa Marina)_2022,1786,1773,164.37842,177.09649658203125,2023-01-17 17:00:00,1
121,Alcúdia (Sa Marina)_2022,1787,1773,175.19315,170.84683227539062,2023-01-17 18:00:00,1
122,Alcúdia (Sa Marina)_2022,1788,1773,182.35901,170.84683227539062,2023-01-17 19:00:00,1
123,Alcúdia (Sa Marina)_2022,1789,1773,180.2688,170.84683227539062,2023-01-17 20:00:00,1
124,Alcúdia (Sa Marina)_2022,1790,1773,172.88962,170.84683227539062,2023-01-18 08:00:00,1
125,Alcúdia (Sa Marina)_2022,1791,1773,163.58519,177.8857421875,2023-01-18 09:00:00,1
126,Alcúdia (Sa Marina)_2022,1792,1773,156.75447,181.8242645263672,2023-01-18 10:00:00,1
127,Alcúdia (Sa Marina)_2022,1793,1773,154.6294,169.65969848632812,2023-01-18 11:00:00,1
128,Alcúdia (Sa Marina)_2022,1794,1773,156.07378,185.9432373046875,2023-01-18 12:00:00,1
129,Alcúdia (Sa Marina)_2022,1795,1773,158.52603,185.99627685546875,2023-01-18 13:00:00,1
130,Alcúdia (Sa Marina)_2022,1796,1773,159.38799,182.96859741210932,2023-01-18 14:00:00,1
131,Alcúdia (Sa Marina)_2022,1797,1773,162.44987,174.79791259765625,2023-01-19 18:00:00,1
132,Alcúdia (Sa Marina)_2022,1798,1773,172.65768,174.79791259765625,2023-01-19 19:00:00,1
133,Alcúdia (Sa Marina)_2022,1799,1773,181.38501,174.79791259765625,2023-01-19 20:00:00,1
134,Alcúdia (Sa Marina)_2022,1800,1773,168.1083,174.79791259765625,2023-01-20 08:00:00,1
135,Alcúdia (Sa Marina)_2022,1801,1773,163.23866,158.68685913085938,2023-01-20 09:00:00,1
136,Alcúdia (Sa Marina)_2022,1802,1773,156.98831,161.49917602539062,2023-01-20 10:00:00,1
137,Alcúdia (Sa Marina)_2022,1803,1773,155.30675,163.71542358398438,2023-01-20 11:00:00,1
138,Alcúdia (Sa Marina)_2022,1804,1773,157.69167,169.24356079101562,2023-01-20 12:00:00,1
139,Alcúdia (Sa Marina)_2022,1805,1773,161.19353,170.68783569335938,2023-01-20 13:00:00,1
140,Alcúdia (Sa Marina)_2022,1806,1773,162.44672,165.26519775390625,2023-01-20 14:00:00,1
141,Alcúdia (Sa Marina)_2022,1807,1773,161.37148,171.9608612060547,2023-01-20 15:00:00,1
142,Alcúdia (Sa Marina)_2022,1808,1773,160.7106,163.77748107910156,2023-01-20 16:00:00,1
143,Alcúdia (Sa Marina)_2022,1809,1773,163.61087,174.80517578125,2023-01-20 17:00:00,1
144,Alcúdia (Sa Marina)_2022,1810,1809,172.64745,169.25086975097656,2023-01-20 18:00:00,1
145,Alcúdia (Sa Marina)_2022,1811,1809,175.2337,169.25086975097656,2023-01-20 19:00:00,1
146,Alcúdia (Sa Marina)_2022,1812,1809,173.5121,169.25086975097656,2023-01-20 20:00:00,1
147,Alcúdia (Sa Marina)_2022,1813,1809,173.13493,169.25086975097656,2023-01-21 08:00:00,1
148,Alcúdia (Sa Marina)_2022,1814,1809,172.12222,192.17999267578125,2023-01-21 09:00:00,1
149,Alcúdia (Sa Marina)_2022,1815,1809,168.09471,175.95144653320312,2023-01-21 10:00:00,1
150,Alcúdia (Sa Marina)_2022,1816,1809,165.76915,183.310791015625,2023-01-21 11:00:00,1
151,Alcúdia (Sa Marina)_2022,1817,1809,168.69832,178.3732452392578,2023-01-21 12:00:00,1
152,Alcúdia (Sa Marina)_2022,1818,1809,171.2157,185.69288635253903,2023-01-21 13:00:00,1
153,Alcúdia (Sa Marina)_2022,1819,1809,170.62123,183.15667724609372,2023-01-21 14:00:00,1
154,Alcúdia (Sa Marina)_2022,1820,1809,167.96794,193.02374267578125,2023-01-21 15:00:00,1
155,Alcúdia (Sa Marina)_2022,1821,1809,168.22604,196.51416015625,2023-01-21 16:00:00,1
156,Alcúdia (Sa Marina)_2022,1822,1809,171.55045,186.5538330078125,2023-01-21 17:00:00,1
157,Alcúdia (Sa Marina)_2022,1823,1809,173.0023,176.033935546875,2023-01-21 18:00:00,1
158,Alcúdia (Sa Marina)_2022,1824,1809,174.80081,176.033935546875,2023-01-21 19:00:00,1
159,Alcúdia (Sa Marina)_2022,1825,1809,171.86418,176.033935546875,2023-01-21 20:00:00,1
160,Alcúdia (Sa Marina)_2022,1826,1809,173.14253,176.033935546875,2023-01-22 08:00:00,1
161,Alcúdia (Sa Marina)_2022,1827,1809,172.54192,161.92633056640625,2023-01-22 09:00:00,1
162,Alcúdia (Sa Marina)_2022,1828,1809,168.37859,171.15060424804688,2023-01-22 10:00:00,1
163,Alcúdia (Sa Marina)_2022,1829,1809,165.90785,166.33753967285156,2023-01-22 11:00:00,1
164,Alcúdia (Sa Marina)_2022,1830,1809,168.83832,164.61497497558594,2023-01-22 12:00:00,1
165,Alcúdia (Sa Marina)_2022,1831,1809,171.67093,183.15821838378903,2023-01-22 13:00:00,1
166,Alcúdia (Sa Marina)_2022,1832,1809,171.0986,182.80035400390625,2023-01-22 14:00:00,1
167,Alcúdia (Sa Marina)_2022,1833,1809,168.50632,159.0592803955078,2023-01-22 15:00:00,1
168,Alcúdia (Sa Marina)_2022,1834,1809,168.35309,163.54360961914062,2023-01-22 16:00:00,1
169,Alcúdia (Sa Marina)_2022,1835,1809,171.56093,167.67002868652344,2023-01-22 17:00:00,1
170,Alcúdia (Sa Marina)_2022,1836,1809,172.89548,165.18914794921875,2023-01-22 18:00:00,1
171,Alcúdia (Sa Marina)_2022,1837,1809,175.21007,165.18914794921875,2023-01-22 19:00:00,1
172,Alcúdia (Sa Marina)_2022,1838,1809,172.52383,165.18914794921875,2023-01-22 20:00:00,1
173,Alcúdia (Sa Marina)_2022,1839,1809,172.58134,165.18914794921875,2023-01-23 08:00:00,1
174,Alcúdia (Sa Marina)_2022,1840,1809,171.69804,160.2138671875,2023-01-23 09:00:00,1
175,Alcúdia (Sa Marina)_2022,1841,1809,167.4377,159.41458129882812,2023-01-23 10:00:00,1
176,Alcúdia (Sa Marina)_2022,1842,1809,164.77902,161.74082946777344,2023-01-23 11:00:00,1
177,Alcúdia (Sa Marina)_2022,1843,1809,166.87267,158.5506591796875,2023-01-23 12:00:00,1
178,Alcúdia (Sa Marina)_2022,1844,1809,169.05452,161.07394409179688,2023-01-23 13:00:00,1
179,Alcúdia (Sa Marina)_2022,1845,1809,168.21388,170.4373321533203,2023-01-23 14:00:00,1
180,Badia dAlcúdia_2022,2353,2352,17.680147,17.75143814086914,2023-01-13 08:00:00,1
181,Badia dAlcúdia_2022,2354,2352,15.497249,14.013126373291016,2023-01-13 09:00:00,1
182,Badia dAlcúdia_2022,2355,2352,15.772334,14.553741455078123,2023-01-13 10:00:00,1
183,Badia dAlcúdia_2022,2356,2352,17.248493,15.734763145446776,2023-01-13 11:00:00,1
184,Badia dAlcúdia_2022,2357,2352,18.320166,16.318462371826172,2023-01-13 12:00:00,1
185,Badia dAlcúdia_2022,2358,2352,18.478718,16.000354766845703,2023-01-13 13:00:00,1
186,Badia dAlcúdia_2022,2359,2352,18.347645,17.32280158996582,2023-01-13 14:00:00,1
187,Badia dAlcúdia_2022,2360,2352,17.958363,17.68069839477539,2023-01-13 15:00:00,1
188,Badia dAlcúdia_2022,2361,2352,17.624931,16.539630889892578,2023-01-13 16:00:00,1
189,Badia dAlcúdia_2022,2362,2352,17.749989,16.5706729888916,2023-01-13 17:00:00,1
190,Badia dAlcúdia_2022,2363,2352,15.67137,12.588979721069336,2023-01-13 18:00:00,1
191,Badia dAlcúdia_2022,2364,2352,23.383526,24.358741760253903,2023-01-13 19:00:00,1
192,Badia dAlcúdia_2022,2365,2352,22.993557,24.525257110595703,2023-01-13 20:00:00,1
193,Badia dAlcúdia_2022,2366,2352,18.315092,17.45765495300293,2023-01-14 08:00:00,1
194,Badia dAlcúdia_2022,2367,2352,15.371304,14.595332145690918,2023-01-14 09:00:00,1
195,Badia dAlcúdia_2022,2368,2352,15.388158,15.014036178588867,2023-01-14 10:00:00,1
196,Badia dAlcúdia_2022,2369,2352,16.82542,17.93030548095703,2023-01-14 11:00:00,1
197,Badia dAlcúdia_2022,2370,2352,18.045685,17.454591751098633,2023-01-14 12:00:00,1
198,Badia dAlcúdia_2022,2371,2352,18.365541,18.521390914916992,2023-01-14 13:00:00,1
199,Badia dAlcúdia_2022,2372,2352,18.38982,16.440893173217773,2023-01-14 14:00:00,1
200,Badia dAlcúdia_2022,2373,2352,18.074905,17.81499481201172,2023-01-14 15:00:00,1
201,Badia dAlcúdia_2022,2374,2352,17.77238,16.423208236694336,2023-01-14 16:00:00,1
202,Badia dAlcúdia_2022,2375,2352,18.018335,19.94750213623047,2023-01-14 17:00:00,1
203,Badia dAlcúdia_2022,2376,2352,15.750439,15.792891502380373,2023-01-14 18:00:00,1
204,Badia dAlcúdia_2022,2377,2352,23.60532,23.740398406982425,2023-01-14 19:00:00,1
205,Badia dAlcúdia_2022,2378,2352,22.998787,22.71470069885254,2023-01-14 20:00:00,1
206,Badia dAlcúdia_2022,2379,2352,18.316263,17.699045181274414,2023-01-15 08:00:00,1
207,Badia dAlcúdia_2022,2380,2352,15.449797,14.023927688598633,2023-01-15 09:00:00,1
208,Badia dAlcúdia_2022,2381,2352,16.09665,15.867433547973633,2023-01-15 10:00:00,1
209,Badia dAlcúdia_2022,2382,2352,17.872337,14.150175094604492,2023-01-15 11:00:00,1
210,Badia dAlcúdia_2022,2383,2352,18.908108,16.206483840942383,2023-01-15 12:00:00,1
211,Badia dAlcúdia_2022,2384,2352,19.179674,17.527347564697266,2023-01-15 13:00:00,1
212,Badia dAlcúdia_2022,2385,2352,19.12336,17.047489166259766,2023-01-15 14:00:00,1
213,Badia dAlcúdia_2022,2386,2352,18.640444,19.228307723999023,2023-01-15 15:00:00,1
214,Badia dAlcúdia_2022,2387,2352,18.169418,18.332542419433597,2023-01-15 16:00:00,1
215,Badia dAlcúdia_2022,2388,2352,18.410103,17.748016357421875,2023-01-15 17:00:00,1
216,Badia dAlcúdia_2022,2389,2388,16.085077,14.087562561035156,2023-01-15 18:00:00,1
217,Badia dAlcúdia_2022,2390,2388,23.265009,20.9235954284668,2023-01-15 19:00:00,1
218,Badia dAlcúdia_2022,2391,2388,23.343948,20.594810485839844,2023-01-15 20:00:00,1
219,Badia dAlcúdia_2022,2392,2388,16.08451,17.60771942138672,2023-01-16 08:00:00,1
220,Badia dAlcúdia_2022,2393,2388,14.746336,13.022284507751465,2023-01-16 09:00:00,1
221,Badia dAlcúdia_2022,2394,2388,15.167836,15.840398788452148,2023-01-16 10:00:00,1
222,Badia dAlcúdia_2022,2395,2388,15.81086,17.36271095275879,2023-01-16 11:00:00,1
223,Badia dAlcúdia_2022,2396,2388,16.475927,17.433029174804688,2023-01-16 12:00:00,1
224,Badia dAlcúdia_2022,2397,2388,16.920815,18.34305953979492,2023-01-16 13:00:00,1
225,Badia dAlcúdia_2022,2398,2388,17.104507,17.946563720703125,2023-01-16 14:00:00,1
226,Badia dAlcúdia_2022,2399,2388,17.063917,17.56317901611328,2023-01-16 15:00:00,1
227,Badia dAlcúdia_2022,2400,2388,16.969416,16.787906646728516,2023-01-16 16:00:00,1
228,Badia dAlcúdia_2022,2401,2388,16.725307,18.709693908691406,2023-01-16 17:00:00,1
229,Badia dAlcúdia_2022,2402,2388,15.748682,14.011178016662598,2023-01-16 18:00:00,1
230,Badia dAlcúdia_2022,2403,2388,23.406288,21.21951484680176,2023-01-16 19:00:00,1
231,Badia dAlcúdia_2022,2404,2388,23.01007,21.03159713745117,2023-01-16 20:00:00,1
232,Badia dAlcúdia_2022,2405,2388,15.799763,18.181724548339844,2023-01-17 08:00:00,1
233,Badia dAlcúdia_2022,2406,2388,14.804957,13.475981712341309,2023-01-17 09:00:00,1
234,Badia dAlcúdia_2022,2407,2388,15.279419,14.93828582763672,2023-01-17 10:00:00,1
235,Badia dAlcúdia_2022,2408,2388,15.803524,18.245155334472656,2023-01-17 11:00:00,1
236,Badia dAlcúdia_2022,2409,2388,16.331974,17.384735107421875,2023-01-17 12:00:00,1
237,Badia dAlcúdia_2022,2410,2388,16.76109,17.227651596069336,2023-01-17 13:00:00,1
238,Badia dAlcúdia_2022,2411,2388,16.971622,17.769269943237305,2023-01-17 14:00:00,1
239,Badia dAlcúdia_2022,2412,2388,16.914484,15.02221393585205,2023-01-17 15:00:00,1
240,Badia dAlcúdia_2022,2413,2388,16.811657,21.399946212768555,2023-01-17 16:00:00,1
241,Badia dAlcúdia_2022,2414,2388,16.500492,19.330705642700195,2023-01-17 17:00:00,1
242,Badia dAlcúdia_2022,2415,2388,15.725046,15.663776397705078,2023-01-17 18:00:00,1
243,Badia dAlcúdia_2022,2416,2388,23.452534,22.79273796081543,2023-01-17 19:00:00,1
244,Badia dAlcúdia_2022,2417,2388,22.827816,23.14957427978516,2023-01-17 20:00:00,1
245,Badia dAlcúdia_2022,2418,2388,16.048458,19.657894134521484,2023-01-18 08:00:00,1
246,Badia dAlcúdia_2022,2419,2388,14.665222,17.48558235168457,2023-01-18 09:00:00,1
247,Badia dAlcúdia_2022,2420,2388,14.947866,15.330087661743164,2023-01-18 10:00:00,1
248,Badia dAlcúdia_2022,2421,2388,15.405328,16.53666877746582,2023-01-18 11:00:00,1
249,Badia dAlcúdia_2022,2422,2388,15.841359,17.792667388916016,2023-01-18 12:00:00,1
250,Badia dAlcúdia_2022,2423,2388,16.18572,15.689069747924805,2023-01-18 13:00:00,1
251,Badia dAlcúdia_2022,2424,2388,16.337616,17.88884925842285,2023-01-18 14:00:00,1
252,Badia dAlcúdia_2022,2425,2424,17.768438,16.62405776977539,2023-01-18 15:00:00,1
253,Badia dAlcúdia_2022,2426,2424,17.922869,17.96626853942871,2023-01-18 16:00:00,1
254,Badia dAlcúdia_2022,2427,2424,17.623648,17.74815559387207,2023-01-18 17:00:00,1
255,Badia dAlcúdia_2022,2428,2424,16.01217,15.252880096435549,2023-01-18 18:00:00,1
256,Badia dAlcúdia_2022,2429,2424,21.610872,22.98056030273437,2023-01-18 19:00:00,1
257,Badia dAlcúdia_2022,2430,2424,21.083248,23.532501220703125,2023-01-18 20:00:00,1
258,Badia dAlcúdia_2022,2431,2424,17.106115,18.72557640075684,2023-01-19 08:00:00,1
259,Badia dAlcúdia_2022,2432,2424,15.413269,16.470218658447266,2023-01-19 09:00:00,1
260,Badia dAlcúdia_2022,2433,2424,15.90317,15.011469841003418,2023-01-19 10:00:00,1
261,Badia dAlcúdia_2022,2434,2424,16.97416,16.812496185302734,2023-01-19 11:00:00,1
262,Badia dAlcúdia_2022,2435,2424,17.716423,17.844341278076172,2023-01-19 12:00:00,1
263,Badia dAlcúdia_2022,2436,2424,17.965809,17.80950927734375,2023-01-19 13:00:00,1
264,Badia dAlcúdia_2022,2437,2424,17.990116,19.461000442504883,2023-01-19 14:00:00,1
265,Badia dAlcúdia_2022,2438,2424,17.9413,18.52359771728516,2023-01-19 15:00:00,1
266,Badia dAlcúdia_2022,2439,2424,18.032837,17.31800079345703,2023-01-19 16:00:00,1
267,Badia dAlcúdia_2022,2440,2424,17.750809,19.348243713378903,2023-01-19 17:00:00,1
268,Badia dAlcúdia_2022,2441,2424,16.217571,17.016508102416992,2023-01-19 18:00:00,1
269,Badia dAlcúdia_2022,2442,2424,21.889618,20.847421646118164,2023-01-19 19:00:00,1
270,Badia dAlcúdia_2022,2443,2424,21.469528,20.69002151489257,2023-01-19 20:00:00,1
271,Badia dAlcúdia_2022,2444,2424,17.124676,16.759607315063477,2023-01-20 08:00:00,1
272,Badia dAlcúdia_2022,2445,2424,15.37693,18.27083969116211,2023-01-20 09:00:00,1
273,Badia dAlcúdia_2022,2446,2424,15.755807,19.48621368408203,2023-01-20 10:00:00,1
274,Badia dAlcúdia_2022,2447,2424,16.679785,19.87557601928711,2023-01-20 11:00:00,1
275,Badia dAlcúdia_2022,2448,2424,17.388702,17.432880401611328,2023-01-20 12:00:00,1
276,Badia dAlcúdia_2022,2449,2424,17.689707,19.782981872558597,2023-01-20 13:00:00,1
277,Badia dAlcúdia_2022,2450,2424,17.795202,18.96617126464844,2023-01-20 14:00:00,1
278,Badia dAlcúdia_2022,2451,2424,17.79481,19.73457336425781,2023-01-20 15:00:00,1
279,Badia dAlcúdia_2022,2452,2424,17.899317,18.118114471435547,2023-01-20 16:00:00,1
280,Badia dAlcúdia_2022,2453,2424,17.593369,18.29698944091797,2023-01-20 17:00:00,1
281,Badia dAlcúdia_2022,2454,2424,16.214302,16.426210403442383,2023-01-20 18:00:00,1
282,Badia dAlcúdia_2022,2455,2424,21.726715,20.01058578491211,2023-01-20 19:00:00,1
283,Badia dAlcúdia_2022,2456,2424,21.110764,19.48368453979492,2023-01-20 20:00:00,1
284,Badia dAlcúdia_2022,2457,2424,17.357538,16.110843658447266,2023-01-21 08:00:00,1
285,Badia dAlcúdia_2022,2458,2424,15.198511,17.75981903076172,2023-01-21 09:00:00,1
286,Badia dAlcúdia_2022,2459,2424,15.4776745,18.139875411987305,2023-01-21 10:00:00,1
287,Badia dAlcúdia_2022,2460,2424,16.461477,18.60418510437012,2023-01-21 11:00:00,1
288,Badia dAlcúdia_2022,2461,2460,17.974836,22.177913665771484,2023-01-21 12:00:00,1
289,Badia dAlcúdia_2022,2462,2460,18.450302,22.186412811279297,2023-01-21 13:00:00,1
290,Badia dAlcúdia_2022,2463,2460,18.884863,19.661705017089844,2023-01-21 14:00:00,1
291,Badia dAlcúdia_2022,2464,2460,19.025145,18.143360137939453,2023-01-21 15:00:00,1
292,Badia dAlcúdia_2022,2465,2460,18.891636,21.65789031982422,2023-01-21 16:00:00,1
293,Badia dAlcúdia_2022,2466,2460,18.603922,19.61413192749023,2023-01-21 17:00:00,1
294,Badia dAlcúdia_2022,2467,2460,17.333004,17.402420043945312,2023-01-21 18:00:00,1
295,Badia dAlcúdia_2022,2468,2460,22.205297,21.278526306152344,2023-01-21 19:00:00,1
296,Badia dAlcúdia_2022,2469,2460,21.981266,20.8552303314209,2023-01-21 20:00:00,1
297,Badia dAlcúdia_2022,2470,2460,17.833885,17.07965087890625,2023-01-22 08:00:00,1
298,Badia dAlcúdia_2022,2471,2460,17.059212,17.99938201904297,2023-01-22 09:00:00,1
299,Badia dAlcúdia_2022,2472,2460,16.82038,20.203510284423828,2023-01-22 10:00:00,1
300,Badia dAlcúdia_2022,2473,2460,17.292995,18.66880416870117,2023-01-22 11:00:00,1
301,Badia dAlcúdia_2022,2474,2460,17.985033,18.528392791748047,2023-01-22 12:00:00,1
302,Badia dAlcúdia_2022,2475,2460,18.511816,19.072023391723636,2023-01-22 13:00:00,1
303,Badia dAlcúdia_2022,2476,2460,18.968159,20.359066009521484,2023-01-22 14:00:00,1
304,Badia dAlcúdia_2022,2477,2460,18.972586,19.77065658569336,2023-01-22 15:00:00,1
305,Badia dAlcúdia_2022,2478,2460,18.759344,19.53695106506348,2023-01-22 16:00:00,1
306,Badia dAlcúdia_2022,2479,2460,18.41996,19.2789249420166,2023-01-22 17:00:00,1
307,Badia dAlcúdia_2022,2480,2460,17.257536,13.701655387878418,2023-01-22 18:00:00,1
308,Badia dAlcúdia_2022,2481,2460,22.242664,23.32448387145996,2023-01-22 19:00:00,1
309,Badia dAlcúdia_2022,2482,2460,22.071152,21.378677368164062,2023-01-22 20:00:00,1
310,Badia dAlcúdia_2022,2483,2460,17.664299,13.672252655029297,2023-01-23 08:00:00,1
311,Badia dAlcúdia_2022,2484,2460,17.004375,15.253543853759766,2023-01-23 09:00:00,1
312,Badia dAlcúdia_2022,2485,2460,16.742626,16.42229461669922,2023-01-23 10:00:00,1
313,Badia dAlcúdia_2022,2486,2460,17.03643,16.277877807617188,2023-01-23 11:00:00,1
314,Badia dAlcúdia_2022,2487,2460,17.482353,16.311996459960938,2023-01-23 12:00:00,1
315,Badia dAlcúdia_2022,2488,2460,17.846468,16.662456512451172,2023-01-23 13:00:00,1
316,Badia dAlcúdia_2022,2489,2460,18.151339,16.91761016845703,2023-01-23 14:00:00,1
317,Badia dAlcúdia_2022,2490,2460,18.189646,17.764869689941406,2023-01-23 15:00:00,1
318,Badia dAlcúdia_2022,2491,2460,18.123438,15.89203643798828,2023-01-23 16:00:00,1
319,Badia dAlcúdia_2022,2492,2460,17.83394,17.495704650878906,2023-01-23 17:00:00,1
320,Badia dAlcúdia_2022,2493,2460,17.019676,13.666858673095703,2023-01-23 18:00:00,1
321,Badia dAlcúdia_2022,2494,2460,21.918936,21.10418510437012,2023-01-23 19:00:00,1
322,Badia dAlcúdia_2022,2495,2460,21.931675,21.13324737548828,2023-01-23 20:00:00,1
323,Badia dAlcúdia_2022,2496,2460,17.798227,16.954235076904297,2023-01-24 08:00:00,1
324,Badia dAlcúdia_2022,2497,2496,16.344654,14.073114395141602,2023-01-24 09:00:00,1
325,Badia dAlcúdia_2022,2498,2496,17.284298,15.909828186035156,2023-01-24 10:00:00,1
326,Badia dAlcúdia_2022,2499,2496,17.989073,17.824434280395508,2023-01-24 11:00:00,1
327,Badia dAlcúdia_2022,2500,2496,18.35544,16.584556579589844,2023-01-24 12:00:00,1
328,Badia dAlcúdia_2022,2501,2496,18.397165,15.9185791015625,2023-01-24 13:00:00,1
329,Badia dAlcúdia_2022,2502,2496,18.37058,15.492609024047852,2023-01-24 14:00:00,1
330,Badia dAlcúdia_2022,2503,2496,18.303097,21.39076232910156,2023-01-24 15:00:00,1
331,Badia dAlcúdia_2022,2504,2496,18.150597,18.742143630981445,2023-01-24 16:00:00,1
332,Badia dAlcúdia_2022,2505,2496,17.469925,14.51284885406494,2023-01-24 17:00:00,1
333,Badia dAlcúdia_2022,2506,2496,16.540607,12.470132827758787,2023-01-24 18:00:00,1
334,Badia dAlcúdia_2022,2507,2496,21.526592,21.78746795654297,2023-01-24 19:00:00,1
335,Badia dAlcúdia_2022,2508,2496,20.996696,23.349346160888672,2023-01-24 20:00:00,1
336,Badia dAlcúdia_2022,2509,2496,15.878027,14.620471954345703,2023-01-25 08:00:00,1
337,Badia dAlcúdia_2022,2510,2496,16.605286,15.577381134033203,2023-01-25 09:00:00,1
338,Badia dAlcúdia_2022,2511,2496,17.377487,21.21523094177246,2023-01-25 10:00:00,1
339,Badia dAlcúdia_2022,2512,2496,18.038937,16.516494750976562,2023-01-25 11:00:00,1
340,Badia dAlcúdia_2022,2513,2496,18.471506,14.989885330200195,2023-01-25 13:00:00,1
341,Badia dAlcúdia_2022,2514,2496,18.459824,17.52374267578125,2023-01-25 14:00:00,1
342,Badia dAlcúdia_2022,2515,2496,18.465284,16.121444702148438,2023-01-25 15:00:00,1
343,Badia dAlcúdia_2022,2516,2496,18.35297,17.605487823486328,2023-01-25 16:00:00,1
344,Badia dAlcúdia_2022,2517,2496,17.680141,17.83510398864746,2023-01-25 17:00:00,1
345,Badia dAlcúdia_2022,2518,2496,16.604464,14.849440574645996,2023-01-25 18:00:00,1
346,Badia dAlcúdia_2022,2519,2496,21.614029,22.02690696716309,2023-01-25 19:00:00,1
347,Badia dAlcúdia_2022,2520,2496,20.99326,21.92922592163086,2023-01-25 20:00:00,1
348,Badia dAlcúdia_2022,2521,2496,16.07874,16.689441680908203,2023-01-26 09:00:00,1
349,Badia dAlcúdia_2022,2522,2496,17.09507,15.264765739440918,2023-01-26 10:00:00,1
350,Badia dAlcúdia_2022,2523,2496,17.865551,18.479297637939453,2023-01-26 11:00:00,1
351,Badia dAlcúdia_2022,2524,2496,18.221947,17.455883026123047,2023-01-26 12:00:00,1
352,Badia dAlcúdia_2022,2525,2496,18.264965,17.087677001953125,2023-01-26 13:00:00,1
353,Badia dAlcúdia_2022,2526,2496,18.308525,17.076473236083984,2023-01-26 14:00:00,1
354,Badia dAlcúdia_2022,2527,2496,18.310244,17.422273635864258,2023-01-26 15:00:00,1
355,Badia dAlcúdia_2022,2528,2496,18.207441,16.352237701416016,2023-01-26 16:00:00,1
356,Badia dAlcúdia_2022,2529,2496,17.492146,17.82532501220703,2023-01-26 17:00:00,1
357,Badia dAlcúdia_2022,2530,2496,16.594067,12.56755256652832,2023-01-26 18:00:00,1
358,Badia dAlcúdia_2022,2531,2496,21.440622,22.08230400085449,2023-01-26 19:00:00,1
359,Badia dAlcúdia_2022,2532,2496,20.70897,21.23245048522949,2023-01-26 20:00:00,1
360,Badia de Pollença_2025,3624,3623,8.914575,10.0,2026-01-29 16:00:00,1
361,Badia de Pollença_2025,3625,3623,8.595175,7.0,2026-01-29 17:00:00,1
362,Badia de Pollença_2025,3626,3623,7.7989106,8.0,2026-01-29 18:00:00,1
363,Badia de Pollença_2025,3627,3623,6.935287,6.0,2026-01-29 19:00:00,1
364,Badia de Pollença_2025,3628,3623,6.645965,8.0,2026-01-29 20:00:00,1
365,Badia de Pollença_2025,3629,3623,8.11914,8.0,2026-01-30 08:00:00,1
366,Badia de Pollença_2025,3630,3623,9.832364,9.0,2026-01-30 09:00:00,1
367,Badia de Pollença_2025,3631,3623,10.548395,10.0,2026-01-30 10:00:00,1
368,Badia de Pollença_2025,3632,3623,10.953999,12.0,2026-01-30 11:00:00,1
369,Badia de Pollença_2025,3633,3623,11.35507,11.0,2026-01-30 12:00:00,1
370,Badia de Pollença_2025,3634,3623,11.64291,9.0,2026-01-30 13:00:00,1
371,Badia de Pollença_2025,3635,3623,11.236225,8.0,2026-01-30 14:00:00,1
372,Badia de Pollença_2025,3636,3623,9.945689,6.0,2026-01-30 15:00:00,1
373,Badia de Pollença_2025,3637,3623,8.315974,7.0,2026-01-30 16:00:00,1
374,Badia de Pollença_2025,3638,3623,8.407457,6.0,2026-01-30 17:00:00,1
375,Badia de Pollença_2025,3639,3623,7.2791185,8.0,2026-01-30 18:00:00,1
376,Badia de Pollença_2025,3640,3623,6.8379645,7.0,2026-01-30 19:00:00,1
377,Badia de Pollença_2025,3641,3623,6.666729,8.0,2026-01-30 20:00:00,1
378,Badia de Pollença_2025,3642,3623,7.6291814,9.0,2026-01-31 08:00:00,1
379,Badia de Pollença_2025,3643,3623,8.36995,6.0,2026-01-31 09:00:00,1
380,Badia de Pollença_2025,3644,3623,9.090239,9.0,2026-01-31 10:00:00,1
381,Badia de Pollença_2025,3645,3623,9.717246,8.0,2026-01-31 11:00:00,1
382,Badia de Pollença_2025,3646,3623,10.247423,11.0,2026-01-31 12:00:00,1
383,Badia de Pollença_2025,3647,3623,10.690249,10.0,2026-01-31 13:00:00,1
384,Badia de Pollença_2025,3648,3623,10.485988,11.0,2026-01-31 14:00:00,1
385,Badia de Pollença_2025,3649,3623,9.550009,10.0,2026-01-31 15:00:00,1
386,Badia de Pollença_2025,3650,3623,8.156568,8.0,2026-01-31 16:00:00,1
387,Badia de Pollença_2025,3651,3623,8.167282,7.0,2026-01-31 17:00:00,1
388,Badia de Pollença_2025,3652,3623,7.2110386,6.0,2026-01-31 18:00:00,1
389,Badia de Pollença_2025,3653,3623,6.7389226,7.0,2026-01-31 19:00:00,1
390,Badia de Pollença_2025,3654,3623,6.5304017,7.0,2026-01-31 20:00:00,1
391,Badia de Pollença_2025,3655,3623,7.5834985,5.0,2026-02-01 08:00:00,2
392,Badia de Pollença_2025,3656,3623,9.146715,9.0,2026-02-01 09:00:00,2
393,Badia de Pollença_2025,3657,3623,10.404634,8.0,2026-02-01 10:00:00,2
394,Badia de Pollença_2025,3658,3623,11.106855,10.0,2026-02-01 11:00:00,2
395,Badia de Pollença_2025,3659,3623,11.783182,9.0,2026-02-01 12:00:00,2
396,Badia de Pollença_2025,3660,3659,9.92333,10.0,2026-02-01 13:00:00,2
397,Badia de Pollença_2025,3661,3659,9.57637,8.0,2026-02-01 14:00:00,2
398,Badia de Pollença_2025,3662,3659,8.822988,6.0,2026-02-01 15:00:00,2
399,Badia de Pollença_2025,3663,3659,7.6562586,5.0,2026-02-01 16:00:00,2
400,Badia de Pollença_2025,3664,3659,6.7569275,6.0,2026-02-01 17:00:00,2
401,Badia de Pollença_2025,3665,3659,7.163512,8.0,2026-02-01 18:00:00,2
402,Badia de Pollença_2025,3666,3659,6.978008,7.0,2026-02-01 19:00:00,2
403,Badia de Pollença_2025,3667,3659,7.0539436,6.0,2026-02-01 20:00:00,2
404,Badia de Pollença_2025,3668,3659,7.4419804,7.0,2026-02-02 08:00:00,2
405,Badia de Pollença_2025,3669,3659,7.746483,6.0,2026-02-02 09:00:00,2
406,Badia de Pollença_2025,3670,3659,8.514861,7.0,2026-02-02 10:00:00,2
407,Badia de Pollença_2025,3671,3659,8.844276,8.0,2026-02-02 11:00:00,2
408,Badia de Pollença_2025,3672,3659,8.880537,6.0,2026-02-02 12:00:00,2
409,Badia de Pollença_2025,3673,3659,8.834864,8.0,2026-02-02 13:00:00,2
410,Badia de Pollença_2025,3674,3659,8.581741,7.0,2026-02-02 14:00:00,2
411,Badia de Pollença_2025,3675,3659,7.987857,7.0,2026-02-02 15:00:00,2
412,Badia de Pollença_2025,3676,3659,7.179842,6.0,2026-02-02 16:00:00,2
413,Badia de Pollença_2025,3677,3659,6.6184916,6.0,2026-02-02 17:00:00,2
414,Badia de Pollença_2025,3678,3659,6.999217,6.0,2026-02-02 18:00:00,2
415,Badia de Pollença_2025,3679,3659,6.945383,7.0,2026-02-02 19:00:00,2
416,Badia de Pollença_2025,3680,3659,7.0492125,7.0,2026-02-02 20:00:00,2
417,Badia de Pollença_2025,3681,3659,7.489523,6.0,2026-02-03 08:00:00,2
418,Badia de Pollença_2025,3682,3659,7.6629744,8.0,2026-02-03 09:00:00,2
419,Badia de Pollença_2025,3683,3659,8.413984,6.0,2026-02-03 10:00:00,2
420,Badia de Pollença_2025,3684,3659,8.703401,7.0,2026-02-03 11:00:00,2
421,Badia de Pollença_2025,3685,3659,8.705279,9.0,2026-02-03 12:00:00,2
422,Badia de Pollença_2025,3686,3659,8.636504,8.0,2026-02-03 13:00:00,2
423,Badia de Pollença_2025,3687,3659,8.3882885,8.0,2026-02-03 14:00:00,2
424,Badia de Pollença_2025,3688,3659,7.820141,9.0,2026-02-03 15:00:00,2
425,Badia de Pollença_2025,3689,3659,7.0669737,6.0,2026-02-03 16:00:00,2
426,Badia de Pollença_2025,3690,3659,6.599081,6.0,2026-02-03 17:00:00,2
427,Badia de Pollença_2025,3691,3659,6.9465494,7.0,2026-02-03 18:00:00,2
428,Badia de Pollença_2025,3692,3659,6.8885827,6.0,2026-02-03 19:00:00,2
429,Badia de Pollença_2025,3693,3659,7.0200634,7.0,2026-02-03 20:00:00,2
430,Badia de Pollença_2025,3694,3659,7.51684,6.0,2026-02-04 08:00:00,2
431,Badia de Pollença_2025,3695,3659,7.628067,6.0,2026-02-04 09:00:00,2
432,Badia de Pollença_2025,3696,3695,6.5431924,6.0,2026-02-04 10:00:00,2
433,Badia de Pollença_2025,3697,3695,6.798641,6.0,2026-02-04 11:00:00,2
434,Badia de Pollença_2025,3698,3695,7.04235,8.0,2026-02-04 12:00:00,2
435,Badia de Pollença_2025,3699,3695,7.229188,9.0,2026-02-04 13:00:00,2
436,Badia de Pollença_2025,3700,3695,7.256441,8.0,2026-02-04 14:00:00,2
437,Badia de Pollença_2025,3701,3695,6.8945365,7.0,2026-02-04 15:00:00,2
438,Badia de Pollença_2025,3702,3695,6.213725,7.0,2026-02-04 16:00:00,2
439,Badia de Pollença_2025,3703,3695,5.964261,6.0,2026-02-04 17:00:00,2
440,Badia de Pollença_2025,3704,3695,6.706176,8.0,2026-02-04 18:00:00,2
441,Badia de Pollença_2025,3705,3695,7.189679,7.0,2026-02-04 19:00:00,2
442,Badia de Pollença_2025,3706,3695,6.7908196,8.0,2026-02-04 20:00:00,2
443,Badia de Pollença_2025,3707,3695,6.212051,7.0,2026-02-05 08:00:00,2
444,Badia de Pollença_2025,3708,3695,6.87566,9.0,2026-02-05 09:00:00,2
445,Badia de Pollença_2025,3709,3695,7.2185216,7.0,2026-02-05 10:00:00,2
446,Badia de Pollença_2025,3710,3695,7.3430395,9.0,2026-02-05 11:00:00,2
447,Badia de Pollença_2025,3711,3695,7.5573616,10.0,2026-02-05 12:00:00,2
448,Badia de Pollença_2025,3712,3695,7.7189517,9.0,2026-02-05 13:00:00,2
449,Badia de Pollença_2025,3713,3695,7.7139044,7.0,2026-02-05 14:00:00,2
450,Badia de Pollença_2025,3714,3695,7.258329,7.0,2026-02-05 15:00:00,2
451,Badia de Pollença_2025,3715,3695,6.3260055,5.0,2026-02-05 16:00:00,2
452,Badia de Pollença_2025,3716,3695,6.000405,5.0,2026-02-05 17:00:00,2
453,Badia de Pollença_2025,3717,3695,6.8555584,7.0,2026-02-05 18:00:00,2
454,Badia de Pollença_2025,3718,3695,7.348521,9.0,2026-02-05 19:00:00,2
455,Badia de Pollença_2025,3719,3695,6.831292,8.0,2026-02-05 20:00:00,2
456,Badia de Pollença_2025,3720,3695,6.104362,6.0,2026-02-06 08:00:00,2
457,Badia de Pollença_2025,3721,3695,6.658456,12.0,2026-02-06 09:00:00,2
458,Badia de Pollença_2025,3722,3695,7.077547,12.0,2026-02-06 10:00:00,2
459,Badia de Pollença_2025,3723,3695,7.2290254,14.0,2026-02-06 11:00:00,2
460,Badia de Pollença_2025,3724,3695,7.378781,10.0,2026-02-06 12:00:00,2
461,Badia de Pollença_2025,3725,3695,7.506586,11.0,2026-02-06 13:00:00,2
462,Badia de Pollença_2025,3726,3695,7.5203104,10.0,2026-02-06 14:00:00,2
463,Badia de Pollença_2025,3727,3695,7.125914,7.0,2026-02-06 15:00:00,2
464,Badia de Pollença_2025,3728,3695,6.280207,6.0,2026-02-06 16:00:00,2
465,Badia de Pollença_2025,3729,3695,5.986417,7.0,2026-02-06 17:00:00,2
466,Badia de Pollença_2025,3730,3695,6.7929277,6.0,2026-02-06 18:00:00,2
467,Badia de Pollença_2025,3731,3695,7.2564344,7.0,2026-02-06 19:00:00,2
468,Badia de Pollença_2025,3732,3731,7.0225477,7.0,2026-02-06 20:00:00,2
469,Badia de Pollença_2025,3733,3731,6.4963493,7.0,2026-02-07 08:00:00,2
470,Badia de Pollença_2025,3734,3731,8.4242935,10.0,2026-02-07 09:00:00,2
471,Badia de Pollença_2025,3735,3731,10.560336,10.0,2026-02-07 10:00:00,2
472,Badia de Pollença_2025,3736,3731,10.526793,15.0,2026-02-07 11:00:00,2
473,Badia de Pollença_2025,3737,3731,10.118362,12.0,2026-02-07 12:00:00,2
474,Badia de Pollença_2025,3738,3731,9.701163,11.0,2026-02-07 13:00:00,2
475,Badia de Pollença_2025,3739,3731,8.796016,9.0,2026-02-07 14:00:00,2
476,Badia de Pollença_2025,3740,3731,7.4482374,9.0,2026-02-07 15:00:00,2
477,Badia de Pollença_2025,3741,3731,6.579731,7.0,2026-02-07 16:00:00,2
478,Badia de Pollença_2025,3742,3731,6.35437,7.0,2026-02-07 17:00:00,2
479,Badia de Pollença_2025,3743,3731,6.744694,8.0,2026-02-07 18:00:00,2
480,Badia de Pollença_2025,3744,3731,6.9619203,6.0,2026-02-07 19:00:00,2
481,Badia de Pollença_2025,3745,3731,7.0701466,8.0,2026-02-07 20:00:00,2
482,Badia de Pollença_2025,3746,3731,6.259528,8.0,2026-02-08 08:00:00,2
483,Badia de Pollença_2025,3747,3731,8.444289,12.0,2026-02-08 09:00:00,2
484,Badia de Pollença_2025,3748,3731,10.541556,15.0,2026-02-08 10:00:00,2
485,Badia de Pollença_2025,3749,3731,10.289578,8.0,2026-02-08 11:00:00,2
486,Badia de Pollença_2025,3750,3731,9.636221,10.0,2026-02-08 12:00:00,2
487,Badia de Pollença_2025,3751,3731,9.146531,14.0,2026-02-08 13:00:00,2
488,Badia de Pollença_2025,3752,3731,8.385591,8.0,2026-02-08 14:00:00,2
489,Badia de Pollença_2025,3753,3731,7.3255367,13.0,2026-02-08 15:00:00,2
490,Badia de Pollença_2025,3754,3731,6.586606,8.0,2026-02-08 16:00:00,2
491,Badia de Pollença_2025,3755,3731,6.3304873,7.0,2026-02-08 17:00:00,2
492,Badia de Pollença_2025,3756,3731,6.7157435,7.0,2026-02-08 18:00:00,2
493,Badia de Pollença_2025,3757,3731,6.927373,6.0,2026-02-08 19:00:00,2
494,Badia de Pollença_2025,3758,3731,6.9814014,7.0,2026-02-08 20:00:00,2
495,Badia de Pollença_2025,3759,3731,6.103403,8.0,2026-02-09 08:00:00,2
496,Badia de Pollença_2025,3760,3731,7.637241,9.0,2026-02-09 09:00:00,2
497,Badia de Pollença_2025,3761,3731,9.687018,7.0,2026-02-09 10:00:00,2
498,Badia de Pollença_2025,3762,3731,9.577894,10.0,2026-02-09 11:00:00,2
499,Badia de Pollença_2025,3763,3731,9.219868,13.0,2026-02-09 12:00:00,2
500,Badia de Pollença_2025,3764,3731,8.839682,8.0,2026-02-09 13:00:00,2
501,Badia de Pollença_2025,3765,3731,8.097875,7.0,2026-02-09 14:00:00,2
502,Badia de Pollença_2025,3766,3731,7.140109,7.0,2026-02-09 15:00:00,2
503,Badia de Pollença_2025,3767,3731,6.5264034,8.0,2026-02-09 16:00:00,2
504,Badia de Pollença_2025,3768,3767,6.9076996,9.0,2026-02-09 17:00:00,2
505,Badia de Pollença_2025,3769,3767,6.8361855,7.0,2026-02-09 18:00:00,2
506,Badia de Pollença_2025,3770,3767,6.912195,8.0,2026-02-09 19:00:00,2
507,Badia de Pollença_2025,3771,3767,6.6826773,9.0,2026-02-09 20:00:00,2
508,Badia de Pollença_2025,3772,3767,7.9993563,10.0,2026-02-10 08:00:00,2
509,Badia de Pollença_2025,3773,3767,9.435448,11.0,2026-02-10 09:00:00,2
510,Badia de Pollença_2025,3774,3767,10.377441,12.0,2026-02-10 10:00:00,2
511,Badia de Pollença_2025,3775,3767,10.534021,8.0,2026-02-10 11:00:00,2
512,Badia de Pollença_2025,3776,3767,10.276817,8.0,2026-02-10 12:00:00,2
513,Badia de Pollença_2025,3777,3767,9.753954,7.0,2026-02-10 13:00:00,2
514,Badia de Pollença_2025,3778,3767,8.9449215,7.0,2026-02-10 14:00:00,2
515,Badia de Pollença_2025,3779,3767,7.88705,8.0,2026-02-10 15:00:00,2
516,Badia de Pollença_2025,3780,3767,7.090605,8.0,2026-02-10 16:00:00,2
517,Badia de Pollença_2025,3781,3767,6.7857976,8.0,2026-02-10 17:00:00,2
518,Badia de Pollença_2025,3782,3767,6.7469573,8.0,2026-02-10 18:00:00,2
519,Badia de Pollença_2025,3783,3767,6.845497,8.0,2026-02-10 19:00:00,2
520,Badia de Pollença_2025,3784,3767,6.565438,8.0,2026-02-10 20:00:00,2
521,Badia de Pollença_2025,3785,3767,7.871334,7.0,2026-02-11 08:00:00,2
522,Badia de Pollença_2025,3786,3767,9.190726,8.0,2026-02-11 09:00:00,2
523,Badia de Pollença_2025,3787,3767,10.200205,9.0,2026-02-11 10:00:00,2
524,Badia de Pollença_2025,3788,3767,10.357878,9.0,2026-02-11 11:00:00,2
525,Badia de Pollença_2025,3789,3767,10.006636,9.0,2026-02-11 12:00:00,2
526,Badia de Pollença_2025,3790,3767,9.475767,10.0,2026-02-11 13:00:00,2
527,Badia de Pollença_2025,3791,3767,8.760437,10.0,2026-02-11 14:00:00,2
528,Badia de Pollença_2025,3792,3767,7.8289547,9.0,2026-02-11 15:00:00,2
529,Badia de Pollença_2025,3793,3767,7.083691,7.0,2026-02-11 16:00:00,2
530,Badia de Pollença_2025,3794,3767,6.7878776,8.0,2026-02-11 17:00:00,2
531,Badia de Pollença_2025,3795,3767,6.7448926,8.0,2026-02-11 18:00:00,2
532,Badia de Pollença_2025,3796,3767,6.8567033,7.0,2026-02-11 19:00:00,2
533,Badia de Pollença_2025,3797,3767,6.5673466,7.0,2026-02-11 20:00:00,2
534,Badia de Pollença_2025,3798,3767,7.879041,7.0,2026-02-12 08:00:00,2
535,Badia de Pollença_2025,3799,3767,9.135462,10.0,2026-02-12 09:00:00,2
536,Badia de Pollença_2025,3800,3767,10.099438,11.0,2026-02-12 10:00:00,2
537,Badia de Pollença_2025,3801,3767,10.233376,12.0,2026-02-12 11:00:00,2
538,Badia de Pollença_2025,3802,3767,9.854906,10.0,2026-02-12 12:00:00,2
539,Badia de Pollença_2025,3803,3767,9.320533,11.0,2026-02-12 13:00:00,2
540,Cala Major_2022,2161,2160,19.891161,17.85814094543457,2023-01-01 18:00:00,1
541,Cala Major_2022,2162,2160,27.93245,22.602060317993164,2023-01-01 19:00:00,1
542,Cala Major_2022,2163,2160,25.15567,28.354219436645508,2023-01-01 20:00:00,1
543,Cala Major_2022,2164,2160,14.752427,16.971160888671875,2023-01-02 08:00:00,1
544,Cala Major_2022,2165,2160,15.049375,12.865930557250977,2023-01-02 09:00:00,1
545,Cala Major_2022,2166,2160,16.030603,20.4354305267334,2023-01-02 10:00:00,1
546,Cala Major_2022,2167,2160,16.782104,12.184011459350586,2023-01-02 11:00:00,1
547,Cala Major_2022,2168,2160,16.47987,13.889829635620115,2023-01-02 12:00:00,1
548,Cala Major_2022,2169,2160,16.317904,10.886448860168455,2023-01-02 13:00:00,1
549,Cala Major_2022,2170,2160,16.538391,16.999284744262695,2023-01-02 14:00:00,1
550,Cala Major_2022,2171,2160,17.216269,17.207313537597656,2023-01-02 15:00:00,1
551,Cala Major_2022,2172,2160,18.165165,17.367502212524414,2023-01-02 16:00:00,1
552,Cala Major_2022,2173,2160,18.426664,16.488712310791016,2023-01-02 17:00:00,1
553,Cala Major_2022,2174,2160,19.69599,14.36008071899414,2023-01-02 18:00:00,1
554,Cala Major_2022,2175,2160,26.35745,28.50536346435547,2023-01-02 19:00:00,1
555,Cala Major_2022,2176,2160,24.095093,28.13287353515625,2023-01-02 20:00:00,1
556,Cala Major_2022,2177,2160,14.6407995,17.332111358642578,2023-01-03 08:00:00,1
557,Cala Major_2022,2178,2160,14.88181,13.206588745117188,2023-01-03 09:00:00,1
558,Cala Major_2022,2179,2160,15.832093,12.846773147583008,2023-01-03 10:00:00,1
559,Cala Major_2022,2180,2160,16.481247,12.721776962280272,2023-01-03 11:00:00,1
560,Cala Major_2022,2181,2160,16.107416,12.160481452941896,2023-01-03 12:00:00,1
561,Cala Major_2022,2182,2160,15.910269,14.628241539001465,2023-01-03 13:00:00,1
562,Cala Major_2022,2183,2160,16.174328,15.18338680267334,2023-01-03 14:00:00,1
563,Cala Major_2022,2184,2160,16.914469,13.604588508605955,2023-01-03 15:00:00,1
564,Cala Major_2022,2185,2160,17.892162,12.169994354248049,2023-01-03 16:00:00,1
565,Cala Major_2022,2186,2160,18.245028,14.715320587158203,2023-01-03 17:00:00,1
566,Cala Major_2022,2187,2160,19.241941,12.509544372558594,2023-01-03 18:00:00,1
567,Cala Major_2022,2188,2160,26.29665,27.34781265258789,2023-01-03 19:00:00,1
568,Cala Major_2022,2189,2160,24.156689,29.079532623291016,2023-01-03 20:00:00,1
569,Cala Major_2022,2190,2160,14.732325,13.467046737670898,2023-01-04 08:00:00,1
570,Cala Major_2022,2191,2160,14.983744,14.771153450012209,2023-01-04 09:00:00,1
571,Cala Major_2022,2192,2160,15.894268,14.711731910705566,2023-01-04 10:00:00,1
572,Cala Major_2022,2193,2160,16.572031,14.38640594482422,2023-01-04 11:00:00,1
573,Cala Major_2022,2194,2160,16.237011,12.86016845703125,2023-01-04 12:00:00,1
574,Cala Major_2022,2195,2160,16.073578,13.916155815124512,2023-01-04 13:00:00,1
575,Cala Major_2022,2196,2160,16.365133,17.14706039428711,2023-01-04 14:00:00,1
576,Cala Major_2022,2197,2196,15.7862625,17.52483558654785,2023-01-04 15:00:00,1
577,Cala Major_2022,2198,2196,15.900503,17.921672821044922,2023-01-04 16:00:00,1
578,Cala Major_2022,2199,2196,15.326456,16.82377052307129,2023-01-04 17:00:00,1
579,Cala Major_2022,2200,2196,17.265005,18.342334747314453,2023-01-04 18:00:00,1
580,Cala Major_2022,2201,2196,26.928017,22.02245712280273,2023-01-04 19:00:00,1
581,Cala Major_2022,2202,2196,25.751343,23.23663902282715,2023-01-04 20:00:00,1
582,Cala Major_2022,2203,2196,14.735363,13.4055814743042,2023-01-05 08:00:00,1
583,Cala Major_2022,2204,2196,13.699431,12.579543113708496,2023-01-05 09:00:00,1
584,Cala Major_2022,2205,2196,14.520578,12.650465965270996,2023-01-05 10:00:00,1
585,Cala Major_2022,2206,2196,14.210577,19.812009811401367,2023-01-05 12:00:00,1
586,Cala Major_2022,2207,2196,14.5216255,15.653154373168944,2023-01-05 13:00:00,1
587,Cala Major_2022,2208,2196,15.583644,17.726722717285156,2023-01-05 14:00:00,1
588,Cala Major_2022,2209,2196,16.860455,14.56498908996582,2023-01-05 15:00:00,1
589,Cala Major_2022,2210,2196,17.280684,15.286815643310549,2023-01-05 16:00:00,1
590,Cala Major_2022,2211,2196,16.344564,20.23443603515625,2023-01-05 17:00:00,1
591,Cala Major_2022,2212,2196,16.032457,17.730192184448242,2023-01-05 18:00:00,1
592,Cala Major_2022,2213,2196,27.90385,28.146259307861328,2023-01-05 19:00:00,1
593,Cala Major_2022,2214,2196,26.345463,22.87776565551757,2023-01-05 20:00:00,1
594,Cala Major_2022,2215,2196,14.552388,15.289913177490234,2023-01-06 08:00:00,1
595,Cala Major_2022,2216,2196,14.208684,18.49071502685547,2023-01-06 09:00:00,1
596,Cala Major_2022,2217,2196,14.95668,20.78131484985352,2023-01-06 10:00:00,1
597,Cala Major_2022,2218,2196,14.599455,18.996191024780277,2023-01-06 11:00:00,1
598,Cala Major_2022,2219,2196,14.333968,23.269737243652344,2023-01-06 12:00:00,1
599,Cala Major_2022,2220,2196,14.712913,18.71481132507324,2023-01-06 13:00:00,1
600,Cala Major_2022,2221,2196,15.847298,20.72346878051757,2023-01-06 14:00:00,1
601,Cala Major_2022,2222,2196,17.211958,22.506824493408203,2023-01-06 15:00:00,1
602,Cala Major_2022,2223,2196,17.622437,21.51302719116211,2023-01-06 16:00:00,1
603,Cala Major_2022,2224,2196,16.486393,24.412446975708008,2023-01-06 17:00:00,1
604,Cala Major_2022,2225,2196,16.738897,21.970590591430664,2023-01-06 18:00:00,1
605,Cala Major_2022,2226,2196,28.119778,27.95254898071289,2023-01-06 19:00:00,1
606,Cala Major_2022,2227,2196,26.767673,26.242691040039062,2023-01-06 20:00:00,1
607,Cala Major_2022,2228,2196,14.766515,18.36136245727539,2023-01-07 08:00:00,1
608,Cala Major_2022,2229,2196,14.094085,20.40036392211914,2023-01-07 09:00:00,1
609,Cala Major_2022,2230,2196,14.914983,18.513845443725582,2023-01-07 10:00:00,1
610,Cala Major_2022,2231,2196,14.54301,17.53042221069336,2023-01-07 11:00:00,1
611,Cala Major_2022,2232,2196,14.244023,15.289298057556152,2023-01-07 12:00:00,1
612,Cala Major_2022,2233,2232,17.591583,16.130407333374023,2023-01-07 13:00:00,1
613,Cala Major_2022,2234,2232,17.57132,17.768272399902344,2023-01-07 14:00:00,1
614,Cala Major_2022,2235,2232,17.530802,16.972797393798828,2023-01-07 15:00:00,1
615,Cala Major_2022,2236,2232,17.675337,17.405866622924805,2023-01-07 16:00:00,1
616,Cala Major_2022,2237,2232,18.569675,15.040904998779297,2023-01-07 17:00:00,1
617,Cala Major_2022,2238,2232,19.404797,21.208084106445312,2023-01-07 18:00:00,1
618,Cala Major_2022,2239,2232,27.885925,21.77260398864746,2023-01-07 19:00:00,1
619,Cala Major_2022,2240,2232,25.435116,27.159454345703125,2023-01-07 20:00:00,1
620,Cala Major_2022,2241,2232,14.342107,15.95260238647461,2023-01-08 08:00:00,1
621,Cala Major_2022,2242,2232,16.418903,15.426103591918944,2023-01-08 09:00:00,1
622,Cala Major_2022,2243,2232,17.75058,13.468584060668944,2023-01-08 10:00:00,1
623,Cala Major_2022,2244,2232,18.313694,13.64997100830078,2023-01-08 11:00:00,1
624,Cala Major_2022,2245,2232,18.410112,18.425445556640625,2023-01-08 12:00:00,1
625,Cala Major_2022,2246,2232,18.48762,19.341842651367188,2023-01-08 13:00:00,1
626,Cala Major_2022,2247,2232,18.539398,14.817832946777344,2023-01-08 14:00:00,1
627,Cala Major_2022,2248,2232,18.289024,15.44692611694336,2023-01-08 15:00:00,1
628,Cala Major_2022,2249,2232,18.201797,16.920822143554688,2023-01-08 16:00:00,1
629,Cala Major_2022,2250,2232,19.188482,17.967880249023438,2023-01-08 17:00:00,1
630,Cala Major_2022,2251,2232,19.950169,20.42476272583008,2023-01-08 18:00:00,1
631,Cala Major_2022,2252,2232,28.256954,26.65799903869629,2023-01-08 19:00:00,1
632,Cala Major_2022,2253,2232,25.845814,24.3721866607666,2023-01-08 20:00:00,1
633,Cala Major_2022,2254,2232,14.067558,16.802574157714844,2023-01-09 08:00:00,1
634,Cala Major_2022,2255,2232,15.768854,15.480087280273438,2023-01-09 09:00:00,1
635,Cala Major_2022,2256,2232,16.820568,20.644750595092773,2023-01-09 10:00:00,1
636,Cala Major_2022,2257,2232,17.256718,21.810901641845703,2023-01-09 11:00:00,1
637,Cala Major_2022,2258,2232,17.330835,15.203596115112305,2023-01-09 12:00:00,1
638,Cala Major_2022,2259,2232,17.405993,18.210941314697266,2023-01-09 13:00:00,1
639,Cala Major_2022,2260,2232,17.436123,16.50306510925293,2023-01-09 14:00:00,1
640,Cala Major_2022,2261,2232,17.242212,18.75277328491211,2023-01-09 15:00:00,1
641,Cala Major_2022,2262,2232,17.274174,15.220666885375977,2023-01-09 16:00:00,1
642,Cala Major_2022,2263,2232,18.082672,15.195412635803224,2023-01-09 17:00:00,1
643,Cala Major_2022,2264,2232,18.974123,19.43859100341797,2023-01-09 18:00:00,1
644,Cala Major_2022,2265,2232,27.538176,19.04100799560547,2023-01-09 19:00:00,1
645,Cala Major_2022,2266,2232,25.38076,23.314441680908203,2023-01-09 20:00:00,1
646,Cala Major_2022,2267,2232,14.227151,16.983362197875977,2023-01-10 08:00:00,1
647,Cala Major_2022,2268,2232,15.69627,13.38598918914795,2023-01-10 09:00:00,1
648,Cala Major_2022,2269,2268,14.979203,14.5389404296875,2023-01-10 10:00:00,1
649,Cala Major_2022,2270,2268,16.59943,15.06412124633789,2023-01-10 11:00:00,1
650,Cala Major_2022,2271,2268,17.20171,13.760394096374512,2023-01-10 12:00:00,1
651,Cala Major_2022,2272,2268,17.426073,15.338783264160156,2023-01-10 13:00:00,1
652,Cala Major_2022,2273,2268,17.586563,15.006753921508787,2023-01-10 14:00:00,1
653,Cala Major_2022,2274,2268,17.513695,15.80856990814209,2023-01-10 15:00:00,1
654,Cala Major_2022,2275,2268,17.114944,18.85226058959961,2023-01-10 16:00:00,1
655,Cala Major_2022,2276,2268,17.365818,17.193904876708984,2023-01-10 17:00:00,1
656,Cala Major_2022,2277,2268,20.080853,15.765597343444824,2023-01-10 18:00:00,1
657,Cala Major_2022,2278,2268,24.683865,22.96761512756348,2023-01-10 19:00:00,1
658,Cala Major_2022,2279,2268,24.741592,19.091835021972656,2023-01-10 20:00:00,1
659,Cala Major_2022,2280,2268,15.411693,18.210494995117188,2023-01-11 08:00:00,1
660,Cala Major_2022,2281,2268,14.650751,13.963613510131836,2023-01-11 09:00:00,1
661,Cala Major_2022,2282,2268,15.456022,21.467830657958984,2023-01-11 10:00:00,1
662,Cala Major_2022,2283,2268,17.063448,20.49751663208008,2023-01-11 11:00:00,1
663,Cala Major_2022,2284,2268,17.597061,14.57699489593506,2023-01-11 12:00:00,1
664,Cala Major_2022,2285,2268,17.786701,16.800060272216797,2023-01-11 13:00:00,1
665,Cala Major_2022,2286,2268,17.954964,16.148937225341797,2023-01-11 14:00:00,1
666,Cala Major_2022,2287,2268,17.817444,18.415435791015625,2023-01-11 15:00:00,1
667,Cala Major_2022,2288,2268,17.24868,15.622393608093262,2023-01-11 16:00:00,1
668,Cala Major_2022,2289,2268,17.598734,14.676855087280272,2023-01-11 17:00:00,1
669,Cala Major_2022,2290,2268,20.314592,24.06157112121582,2023-01-11 18:00:00,1
670,Cala Major_2022,2291,2268,25.18848,19.35078239440918,2023-01-11 19:00:00,1
671,Cala Major_2022,2292,2268,14.548244,13.941972732543944,2023-01-12 08:00:00,1
672,Cala Major_2022,2293,2268,14.2778425,15.33797836303711,2023-01-12 09:00:00,1
673,Cala Major_2022,2294,2268,14.929472,17.17269515991211,2023-01-12 10:00:00,1
674,Cala Major_2022,2295,2268,16.38422,15.597759246826172,2023-01-12 11:00:00,1
675,Cala Major_2022,2296,2268,17.166695,18.39306259155273,2023-01-12 12:00:00,1
676,Cala Major_2022,2297,2268,17.451408,15.457279205322266,2023-01-12 13:00:00,1
677,Cala Major_2022,2298,2268,17.669235,15.863271713256836,2023-01-12 14:00:00,1
678,Cala Major_2022,2299,2268,17.137758,18.743099212646484,2023-01-12 16:00:00,1
679,Cala Major_2022,2300,2268,17.163843,19.64389038085937,2023-01-12 17:00:00,1
680,Cala Major_2022,2301,2268,19.52866,16.66635513305664,2023-01-12 18:00:00,1
681,Cala Major_2022,2302,2268,24.484818,26.83598518371582,2023-01-12 19:00:00,1
682,Cala Major_2022,2303,2268,24.587976,20.100780487060547,2023-01-12 20:00:00,1
683,Cala Major_2022,2304,2268,15.285324,15.66358757019043,2023-01-13 08:00:00,1
684,Cala Major_2022,2305,2304,15.328964,18.254308700561523,2023-01-13 09:00:00,1
685,Cala Major_2022,2306,2304,16.579512,21.37880516052246,2023-01-13 10:00:00,1
686,Cala Major_2022,2307,2304,16.875643,18.76157760620117,2023-01-13 11:00:00,1
687,Cala Major_2022,2308,2304,16.727528,15.64130973815918,2023-01-13 12:00:00,1
688,Cala Major_2022,2309,2304,16.740192,15.91653823852539,2023-01-13 13:00:00,1
689,Cala Major_2022,2310,2304,16.871334,17.20820426940918,2023-01-13 14:00:00,1
690,Cala Major_2022,2311,2304,14.995184,20.867847442626957,2023-01-16 08:00:00,1
691,Cala Major_2022,2312,2304,15.671914,16.583919525146484,2023-01-16 09:00:00,1
692,Cala Major_2022,2313,2304,16.577427,17.20816993713379,2023-01-16 10:00:00,1
693,Cala Major_2022,2314,2304,16.920773,16.14385986328125,2023-01-16 11:00:00,1
694,Cala Major_2022,2315,2304,16.818203,13.771783828735352,2023-01-16 12:00:00,1
695,Cala Major_2022,2316,2304,16.73874,15.026474952697754,2023-01-16 13:00:00,1
696,Cala Major_2022,2317,2304,16.743599,15.396575927734377,2023-01-16 14:00:00,1
697,Cala Major_2022,2318,2304,16.955154,17.27355194091797,2023-01-16 15:00:00,1
698,Cala Major_2022,2319,2304,17.063877,15.491325378417969,2023-01-16 16:00:00,1
699,Cala Major_2022,2320,2304,16.7264,17.657135009765625,2023-01-16 17:00:00,1
700,Cala Major_2022,2321,2304,16.85921,16.921905517578125,2023-01-16 18:00:00,1
701,Cala Major_2022,2322,2304,23.532726,22.955322265625,2023-01-16 19:00:00,1
702,Cala Major_2022,2323,2304,20.931978,23.811494827270508,2023-01-16 20:00:00,1
703,Cala Major_2022,2324,2304,15.140784,15.785237312316896,2023-01-17 08:00:00,1
704,Cala Major_2022,2325,2304,15.726909,18.739749908447266,2023-01-17 09:00:00,1
705,Cala Major_2022,2326,2304,16.772137,13.716238975524902,2023-01-17 10:00:00,1
706,Cala Major_2022,2327,2304,16.853561,17.766082763671875,2023-01-17 11:00:00,1
707,Cala Major_2022,2328,2304,16.611828,14.26760482788086,2023-01-17 12:00:00,1
708,Cala Major_2022,2329,2304,16.146013,14.328777313232422,2023-01-25 13:00:00,1
709,Cala Major_2022,2330,2304,16.206503,11.74675178527832,2023-01-25 14:00:00,1
710,Cala Major_2022,2331,2304,16.442072,13.318191528320312,2023-01-25 15:00:00,1
711,Cala Major_2022,2332,2304,16.480083,14.05335807800293,2023-01-25 16:00:00,1
712,Cala Major_2022,2333,2304,16.221788,13.037353515625,2023-01-25 17:00:00,1
713,Cala Major_2022,2334,2304,22.646873,20.885665893554688,2023-01-25 20:00:00,1
714,Cala Major_2022,2335,2304,14.832516,12.086406707763672,2023-01-26 09:00:00,1
715,Cala Major_2022,2336,2304,15.812889,12.418890953063965,2023-01-26 10:00:00,1
716,Cala Major_2022,2337,2304,16.240883,13.541789054870604,2023-01-26 12:00:00,1
717,Cala Major_2022,2338,2304,16.554337,15.666812896728516,2023-01-26 15:00:00,1
718,Cala Major_2022,2339,2304,16.553223,14.09714698791504,2023-01-26 16:00:00,1
719,Cala Major_2022,2340,2304,16.261951,17.00160026550293,2023-01-26 17:00:00,1
720,Cala Vedella (platja)_2022,1852,1851,23.596397,22.51917266845703,2023-01-10 18:00:00,1
721,Cala Vedella (platja)_2022,1853,1851,33.581146,34.60384750366211,2023-01-10 19:00:00,1
722,Cala Vedella (platja)_2022,1854,1851,33.078087,35.013404846191406,2023-01-10 20:00:00,1
723,Cala Vedella (platja)_2022,1855,1851,21.271599,20.867122650146484,2023-01-11 09:00:00,1
724,Cala Vedella (platja)_2022,1856,1851,19.84709,22.032642364501957,2023-01-11 10:00:00,1
725,Cala Vedella (platja)_2022,1857,1851,19.05138,18.413917541503903,2023-01-11 11:00:00,1
726,Cala Vedella (platja)_2022,1858,1851,18.60294,17.16724395751953,2023-01-11 12:00:00,1
727,Cala Vedella (platja)_2022,1859,1851,18.53102,16.010189056396484,2023-01-11 13:00:00,1
728,Cala Vedella (platja)_2022,1860,1851,18.807991,15.450156211853027,2023-01-11 14:00:00,1
729,Cala Vedella (platja)_2022,1861,1851,19.463636,16.63951301574707,2023-01-11 15:00:00,1
730,Cala Vedella (platja)_2022,1862,1851,21.596008,23.03724670410156,2023-01-11 17:00:00,1
731,Cala Vedella (platja)_2022,1863,1851,22.23007,16.903366088867188,2023-01-11 18:00:00,1
732,Cala Vedella (platja)_2022,1864,1851,33.33149,36.29834365844727,2023-01-11 19:00:00,1
733,Cala Vedella (platja)_2022,1865,1851,32.259212,36.93930816650391,2023-01-11 20:00:00,1
734,Cala Vedella (platja)_2022,1866,1851,20.909792,23.457853317260746,2023-01-12 09:00:00,1
735,Cala Vedella (platja)_2022,1867,1851,19.607489,22.025196075439453,2023-01-12 10:00:00,1
736,Cala Vedella (platja)_2022,1868,1851,18.7528,18.533226013183597,2023-01-12 11:00:00,1
737,Cala Vedella (platja)_2022,1869,1851,18.281221,15.938336372375488,2023-01-12 12:00:00,1
738,Cala Vedella (platja)_2022,1870,1851,18.244572,15.620089530944824,2023-01-12 13:00:00,1
739,Cala Vedella (platja)_2022,1871,1851,18.583416,15.535234451293944,2023-01-12 14:00:00,1
740,Cala Vedella (platja)_2022,1872,1851,19.282902,15.491069793701172,2023-01-12 15:00:00,1
741,Cala Vedella (platja)_2022,1873,1851,21.24583,20.39123916625977,2023-01-12 17:00:00,1
742,Cala Vedella (platja)_2022,1874,1851,22.172457,18.67856216430664,2023-01-12 18:00:00,1
743,Cala Vedella (platja)_2022,1875,1851,33.35851,36.179176330566406,2023-01-12 19:00:00,1
744,Cala Vedella (platja)_2022,1876,1851,32.68923,36.90171813964844,2023-01-12 20:00:00,1
745,Cala Vedella (platja)_2022,1877,1851,21.29007,17.257837295532227,2023-01-13 08:00:00,1
746,Cala Vedella (platja)_2022,1878,1851,20.758844,19.325469970703125,2023-01-13 09:00:00,1
747,Cala Vedella (platja)_2022,1879,1851,19.658777,20.01102638244629,2023-01-13 10:00:00,1
748,Cala Vedella (platja)_2022,1880,1851,18.874886,18.881885528564453,2023-01-13 11:00:00,1
749,Cala Vedella (platja)_2022,1881,1851,18.346989,18.897531509399418,2023-01-13 12:00:00,1
750,Cala Vedella (platja)_2022,1882,1851,18.283144,17.887313842773438,2023-01-13 13:00:00,1
751,Cala Vedella (platja)_2022,1883,1851,18.61586,16.72657585144043,2023-01-13 14:00:00,1
752,Cala Vedella (platja)_2022,1884,1851,19.305412,16.340208053588867,2023-01-13 15:00:00,1
753,Cala Vedella (platja)_2022,1885,1851,21.34447,23.38352394104004,2023-01-13 17:00:00,1
754,Cala Vedella (platja)_2022,1886,1851,22.127073,26.064014434814453,2023-01-13 18:00:00,1
755,Cala Vedella (platja)_2022,1887,1851,33.229275,32.8721809387207,2023-01-13 19:00:00,1
756,Cala Vedella (platja)_2022,1888,1887,35.427425,32.5263557434082,2023-01-13 20:00:00,1
757,Cala Vedella (platja)_2022,1889,1887,20.398968,16.905345916748047,2023-01-14 08:00:00,1
758,Cala Vedella (platja)_2022,1890,1887,21.33785,20.00028419494629,2023-01-14 09:00:00,1
759,Cala Vedella (platja)_2022,1891,1887,20.997198,20.044836044311523,2023-01-14 10:00:00,1
760,Cala Vedella (platja)_2022,1892,1887,20.049868,19.89178276062012,2023-01-14 11:00:00,1
761,Cala Vedella (platja)_2022,1893,1887,19.351646,20.24675750732422,2023-01-14 12:00:00,1
762,Cala Vedella (platja)_2022,1894,1887,19.168814,17.155963897705078,2023-01-14 13:00:00,1
763,Cala Vedella (platja)_2022,1895,1887,19.433977,16.104276657104492,2023-01-14 14:00:00,1
764,Cala Vedella (platja)_2022,1896,1887,20.030998,20.49040985107422,2023-01-14 15:00:00,1
765,Cala Vedella (platja)_2022,1897,1887,21.600471,22.544923782348636,2023-01-14 16:00:00,1
766,Cala Vedella (platja)_2022,1898,1887,23.519405,19.94691467285156,2023-01-14 17:00:00,1
767,Cala Vedella (platja)_2022,1899,1887,22.212502,17.39545440673828,2023-01-14 18:00:00,1
768,Cala Vedella (platja)_2022,1900,1887,37.01703,35.89124298095703,2023-01-14 19:00:00,1
769,Cala Vedella (platja)_2022,1901,1887,36.126637,35.009429931640625,2023-01-14 20:00:00,1
770,Cala Vedella (platja)_2022,1902,1887,22.39914,18.64468765258789,2023-01-15 09:00:00,1
771,Cala Vedella (platja)_2022,1903,1887,21.394741,18.240467071533203,2023-01-15 10:00:00,1
772,Cala Vedella (platja)_2022,1904,1887,20.114532,18.0274715423584,2023-01-15 11:00:00,1
773,Cala Vedella (platja)_2022,1905,1887,19.410048,17.378162384033203,2023-01-15 12:00:00,1
774,Cala Vedella (platja)_2022,1906,1887,19.22517,16.608993530273438,2023-01-15 13:00:00,1
775,Cala Vedella (platja)_2022,1907,1887,19.52569,19.17817687988281,2023-01-15 14:00:00,1
776,Cala Vedella (platja)_2022,1908,1887,20.220928,21.724205017089844,2023-01-15 15:00:00,1
777,Cala Vedella (platja)_2022,1909,1887,24.216267,21.92361068725586,2023-01-15 17:00:00,1
778,Cala Vedella (platja)_2022,1910,1887,22.896303,20.47739601135254,2023-01-15 18:00:00,1
779,Cala Vedella (platja)_2022,1911,1887,36.057774,31.79780578613281,2023-01-15 19:00:00,1
780,Cala Vedella (platja)_2022,1912,1887,36.766674,31.896129608154297,2023-01-15 20:00:00,1
781,Cala Vedella (platja)_2022,1913,1887,21.25154,20.23934555053711,2023-01-16 09:00:00,1
782,Cala Vedella (platja)_2022,1914,1887,20.541225,17.52513885498047,2023-01-16 10:00:00,1
783,Cala Vedella (platja)_2022,1915,1887,19.36744,16.483003616333008,2023-01-16 11:00:00,1
784,Cala Vedella (platja)_2022,1916,1887,18.65722,17.671215057373047,2023-01-16 12:00:00,1
785,Cala Vedella (platja)_2022,1917,1887,18.542614,17.915287017822266,2023-01-16 13:00:00,1
786,Cala Vedella (platja)_2022,1918,1887,18.917233,16.582046508789062,2023-01-16 14:00:00,1
787,Cala Vedella (platja)_2022,1919,1887,19.63229,17.081523895263672,2023-01-16 15:00:00,1
788,Cala Vedella (platja)_2022,1920,1887,22.930391,14.763328552246094,2023-01-16 17:00:00,1
789,Cala Vedella (platja)_2022,1921,1887,21.80695,13.860843658447266,2023-01-16 18:00:00,1
790,Cala Vedella (platja)_2022,1922,1887,35.35996,21.048755645751957,2023-01-16 19:00:00,1
791,Cala Vedella (platja)_2022,1923,1887,36.344124,32.17147445678711,2023-01-16 20:00:00,1
792,Cala Vedella (platja)_2022,1924,1923,18.847754,13.316078186035156,2023-01-17 08:00:00,1
793,Cala Vedella (platja)_2022,1925,1923,18.375559,13.05642795562744,2023-01-17 09:00:00,1
794,Cala Vedella (platja)_2022,1926,1923,18.015955,10.98529052734375,2023-01-17 10:00:00,1
795,Cala Vedella (platja)_2022,1927,1923,17.87882,13.621553421020508,2023-01-17 11:00:00,1
796,Cala Vedella (platja)_2022,1928,1923,17.96744,12.501913070678713,2023-01-17 12:00:00,1
797,Cala Vedella (platja)_2022,1929,1923,18.049902,13.78277587890625,2023-01-17 13:00:00,1
798,Cala Vedella (platja)_2022,1930,1923,18.11126,12.902134895324709,2023-01-17 14:00:00,1
799,Cala Vedella (platja)_2022,1931,1923,18.223124,13.104585647583008,2023-01-17 15:00:00,1
800,Cala Vedella (platja)_2022,1932,1923,18.422014,14.838179588317873,2023-01-17 16:00:00,1
801,Cala Vedella (platja)_2022,1933,1923,18.017637,14.639137268066406,2023-01-17 17:00:00,1
802,Cala Vedella (platja)_2022,1934,1923,19.816898,13.35671043395996,2023-01-17 18:00:00,1
803,Cala Vedella (platja)_2022,1935,1923,34.243927,29.502342224121097,2023-01-17 19:00:00,1
804,Cala Vedella (platja)_2022,1936,1923,33.707386,30.7239990234375,2023-01-17 20:00:00,1
805,Cala Vedella (platja)_2022,1937,1923,16.993542,12.932987213134766,2023-01-18 08:00:00,1
806,Cala Vedella (platja)_2022,1938,1923,17.248291,13.764389038085938,2023-01-18 09:00:00,1
807,Cala Vedella (platja)_2022,1939,1923,16.923227,12.56342315673828,2023-01-18 10:00:00,1
808,Cala Vedella (platja)_2022,1940,1923,16.526573,11.837759017944336,2023-01-18 11:00:00,1
809,Cala Vedella (platja)_2022,1941,1923,16.254498,12.109127044677734,2023-01-18 12:00:00,1
810,Cala Vedella (platja)_2022,1942,1923,16.107254,12.441033363342283,2023-01-18 13:00:00,1
811,Cala Vedella (platja)_2022,1943,1923,16.158976,13.469488143920898,2023-01-18 14:00:00,1
812,Cala Vedella (platja)_2022,1944,1923,16.45848,13.421258926391602,2023-01-18 15:00:00,1
813,Cala Vedella (platja)_2022,1945,1923,16.668978,13.394342422485352,2023-01-18 17:00:00,1
814,Cala Vedella (platja)_2022,1946,1923,17.234337,14.664383888244627,2023-01-18 18:00:00,1
815,Cala Vedella (platja)_2022,1947,1923,30.652699,35.614410400390625,2023-01-18 19:00:00,1
816,Cala Vedella (platja)_2022,1948,1923,33.240334,35.575172424316406,2023-01-18 20:00:00,1
817,Cala Vedella (platja)_2022,1949,1923,17.653088,13.677457809448242,2023-01-19 08:00:00,1
818,Cala Vedella (platja)_2022,1950,1923,17.906958,13.507209777832031,2023-01-19 09:00:00,1
819,Cala Vedella (platja)_2022,1951,1923,17.550331,12.313791275024414,2023-01-19 10:00:00,1
820,Cala Vedella (platja)_2022,1952,1923,17.222721,11.99894905090332,2023-01-19 11:00:00,1
821,Cala Vedella (platja)_2022,1953,1923,17.074118,11.86648178100586,2023-01-19 12:00:00,1
822,Cala Vedella (platja)_2022,1954,1923,17.054731,11.95013427734375,2023-01-19 13:00:00,1
823,Cala Vedella (platja)_2022,1955,1923,17.161697,13.37460994720459,2023-01-19 14:00:00,1
824,Cala Vedella (platja)_2022,1956,1923,17.421774,14.152509689331056,2023-01-19 15:00:00,1
825,Cala Vedella (platja)_2022,1957,1923,17.664955,13.60053825378418,2023-01-19 17:00:00,1
826,Cala Vedella (platja)_2022,1958,1923,17.830307,13.97124481201172,2023-01-19 18:00:00,1
827,Cala Vedella (platja)_2022,1959,1923,30.66534,28.17639541625977,2023-01-19 19:00:00,1
828,Cala Vedella (platja)_2022,1960,1959,34.95683,26.770160675048828,2023-01-19 20:00:00,1
829,Cala Vedella (platja)_2022,1961,1959,13.658982,12.061580657958984,2023-01-20 08:00:00,1
830,Cala Vedella (platja)_2022,1962,1959,13.623602,14.272180557250977,2023-01-20 09:00:00,1
831,Cala Vedella (platja)_2022,1963,1959,13.491278,14.691840171813965,2023-01-20 10:00:00,1
832,Cala Vedella (platja)_2022,1964,1959,13.351674,14.403475761413574,2023-01-20 11:00:00,1
833,Cala Vedella (platja)_2022,1965,1959,13.467662,13.530229568481444,2023-01-20 12:00:00,1
834,Cala Vedella (platja)_2022,1966,1959,13.80457,15.22072982788086,2023-01-20 13:00:00,1
835,Cala Vedella (platja)_2022,1967,1959,14.077573,15.26002311706543,2023-01-20 14:00:00,1
836,Cala Vedella (platja)_2022,1968,1959,14.148209,14.586607933044434,2023-01-20 15:00:00,1
837,Cala Vedella (platja)_2022,1969,1959,14.200459,14.87093448638916,2023-01-20 16:00:00,1
838,Cala Vedella (platja)_2022,1970,1959,14.204678,14.368120193481444,2023-01-20 17:00:00,1
839,Cala Vedella (platja)_2022,1971,1959,15.136984,14.38632583618164,2023-01-20 18:00:00,1
840,Cala Vedella (platja)_2022,1972,1959,32.493347,30.05049514770508,2023-01-20 19:00:00,1
841,Cala Vedella (platja)_2022,1973,1959,32.545464,34.977867126464844,2023-01-20 20:00:00,1
842,Cala Vedella (platja)_2022,1974,1959,13.214523,14.916574478149414,2023-01-21 09:00:00,1
843,Cala Vedella (platja)_2022,1975,1959,12.602124,14.814360618591309,2023-01-21 10:00:00,1
844,Cala Vedella (platja)_2022,1976,1959,12.398126,13.46463108062744,2023-01-21 11:00:00,1
845,Cala Vedella (platja)_2022,1977,1959,12.543008,13.757043838500977,2023-01-21 12:00:00,1
846,Cala Vedella (platja)_2022,1978,1959,12.936131,14.78184700012207,2023-01-21 13:00:00,1
847,Cala Vedella (platja)_2022,1979,1959,13.329208,14.705829620361328,2023-01-21 14:00:00,1
848,Cala Vedella (platja)_2022,1980,1959,13.540975,13.355061531066896,2023-01-21 15:00:00,1
849,Cala Vedella (platja)_2022,1981,1959,13.75619,15.141077041625977,2023-01-21 17:00:00,1
850,Cala Vedella (platja)_2022,1982,1959,14.071184,14.357794761657717,2023-01-21 18:00:00,1
851,Cala Vedella (platja)_2022,1983,1959,29.891348,26.406726837158203,2023-01-21 19:00:00,1
852,Cala Vedella (platja)_2022,1984,1959,33.27581,30.149394989013672,2023-01-21 20:00:00,1
853,Cala Vedella (platja)_2022,1985,1959,12.642198,14.10897445678711,2023-01-22 08:00:00,1
854,Cala Vedella (platja)_2022,1986,1959,12.791982,13.75446891784668,2023-01-22 09:00:00,1
855,Cala Vedella (platja)_2022,1987,1959,12.817135,14.204733848571776,2023-01-22 10:00:00,1
856,Cala Vedella (platja)_2022,1988,1959,12.830869,13.656957626342772,2023-01-22 11:00:00,1
857,Cala Vedella (platja)_2022,1989,1959,13.05272,15.017627716064451,2023-01-22 12:00:00,1
858,Cala Vedella (platja)_2022,1990,1959,13.46909,15.742892265319824,2023-01-22 13:00:00,1
859,Cala Vedella (platja)_2022,1991,1959,13.807817,17.584369659423828,2023-01-22 14:00:00,1
860,Cala Vedella (platja)_2022,1992,1959,13.960853,15.052709579467772,2023-01-22 15:00:00,1
861,Cala Vedella (platja)_2022,1993,1959,14.094377,13.995378494262695,2023-01-22 16:00:00,1
862,Cala Vedella (platja)_2022,1994,1959,14.156206,14.430654525756836,2023-01-22 17:00:00,1
863,Cala Vedella (platja)_2022,1995,1959,14.992119,14.55100917816162,2023-01-22 18:00:00,1
864,Cala Vedella (platja)_2022,1996,1995,30.230074,27.94818115234375,2023-01-22 19:00:00,1
865,Cala Vedella (platja)_2022,1997,1995,32.783127,34.098243713378906,2023-01-22 20:00:00,1
866,Cala Vedella (platja)_2022,1998,1995,12.6252575,13.697123527526855,2023-01-23 08:00:00,1
867,Cala Vedella (platja)_2022,1999,1995,13.0847225,12.693429946899414,2023-01-23 09:00:00,1
868,Cala Vedella (platja)_2022,2000,1995,13.347279,12.91055679321289,2023-01-23 10:00:00,1
869,Cala Vedella (platja)_2022,2001,1995,13.476383,14.346014022827148,2023-01-23 11:00:00,1
870,Cala Vedella (platja)_2022,2002,1995,13.821313,14.51947784423828,2023-01-23 12:00:00,1
871,Cala Vedella (platja)_2022,2003,1995,14.287943,15.818267822265623,2023-01-23 13:00:00,1
872,Cala Vedella (platja)_2022,2004,1995,14.404586,13.93008804321289,2023-01-23 14:00:00,1
873,Cala Vedella (platja)_2022,2005,1995,14.216362,12.854427337646484,2023-01-23 15:00:00,1
874,Cala Vedella (platja)_2022,2006,1995,14.277906,13.22579860687256,2023-01-23 17:00:00,1
875,Cala Vedella (platja)_2022,2007,1995,14.533803,12.44772720336914,2023-01-23 18:00:00,1
876,Cala Vedella (platja)_2022,2008,1995,29.21826,35.27947998046875,2023-01-23 19:00:00,1
877,Cala Vedella (platja)_2022,2009,1995,31.968298,35.51228332519531,2023-01-23 20:00:00,1
878,Cala Vedella (platja)_2022,2010,1995,13.19758,15.775064468383787,2023-01-24 08:00:00,1
879,Cala Vedella (platja)_2022,2011,1995,13.46461,15.376138687133787,2023-01-24 09:00:00,1
880,Cala Vedella (platja)_2022,2012,1995,13.630847,15.814603805541992,2023-01-24 10:00:00,1
881,Cala Vedella (platja)_2022,2013,1995,13.67178,16.61324691772461,2023-01-24 11:00:00,1
882,Cala Vedella (platja)_2022,2014,1995,13.885652,14.87645149230957,2023-01-24 12:00:00,1
883,Cala Vedella (platja)_2022,2015,1995,14.326434,14.084261894226074,2023-01-24 13:00:00,1
884,Cala Vedella (platja)_2022,2016,1995,14.4354315,16.853837966918945,2023-01-24 14:00:00,1
885,Cala Vedella (platja)_2022,2017,1995,14.272845,17.462657928466797,2023-01-24 15:00:00,1
886,Cala Vedella (platja)_2022,2018,1995,14.360599,19.79309463500977,2023-01-24 17:00:00,1
887,Cala Vedella (platja)_2022,2019,1995,14.600979,20.799755096435547,2023-01-24 18:00:00,1
888,Cala Vedella (platja)_2022,2020,1995,25.423862,34.07173538208008,2023-01-24 19:00:00,1
889,Cala Vedella (platja)_2022,2021,1995,33.026146,34.995399475097656,2023-01-24 20:00:00,1
890,Cala Vedella (platja)_2022,2022,1995,14.135327,12.400620460510254,2023-01-25 10:00:00,1
891,Cala Vedella (platja)_2022,2023,1995,14.910202,12.790562629699709,2023-01-25 13:00:00,1
892,Cala Vedella (platja)_2022,2024,1995,14.710619,12.700359344482422,2023-01-25 14:00:00,1
893,Cala Vedella (platja)_2022,2025,1995,14.556652,12.144974708557127,2023-01-25 15:00:00,1
894,Cala Vedella (platja)_2022,2026,1995,14.6736355,14.077253341674805,2023-01-25 17:00:00,1
895,Cala Vedella (platja)_2022,2027,1995,14.846588,13.859996795654297,2023-01-25 18:00:00,1
896,Cala Vedella (platja)_2022,2028,1995,33.102615,39.83905029296875,2023-01-25 20:00:00,1
897,Cala Vedella (platja)_2022,2029,1995,13.487214,18.508377075195312,2023-01-26 09:00:00,1
898,Cala Vedella (platja)_2022,2030,1995,15.077356,20.838794708251957,2023-01-26 13:00:00,1
899,Cala Vedella (platja)_2022,2031,1995,14.80679,18.78307723999023,2023-01-26 17:00:00,1
900,Cala Vedella (platja)_2025,3593,3592,10.896303,5.0,2026-01-29 15:00:00,1
901,Cala Vedella (platja)_2025,3594,3592,8.864243,5.0,2026-01-29 16:00:00,1
902,Cala Vedella (platja)_2025,3595,3592,5.5930805,5.0,2026-01-29 17:00:00,1
903,Cala Vedella (platja)_2025,3596,3592,5.0584545,5.0,2026-01-29 18:00:00,1
904,Cala Vedella (platja)_2025,3597,3592,5.8243732,5.0,2026-01-29 19:00:00,1
905,Cala Vedella (platja)_2025,3598,3592,6.4981766,5.0,2026-01-29 20:00:00,1
906,Cala Vedella (platja)_2025,3599,3592,6.244974,13.0,2026-01-30 08:00:00,1
907,Cala Vedella (platja)_2025,3600,3592,9.944436,14.0,2026-01-30 09:00:00,1
908,Cala Vedella (platja)_2025,3601,3592,12.133499,16.0,2026-01-30 10:00:00,1
909,Cala Vedella (platja)_2025,3602,3592,12.083726,16.0,2026-01-30 11:00:00,1
910,Cala Vedella (platja)_2025,3603,3592,10.821628,23.0,2026-01-30 12:00:00,1
911,Cala Vedella (platja)_2025,3604,3592,10.092937,15.0,2026-01-30 13:00:00,1
912,Cala Vedella (platja)_2025,3605,3592,10.576813,20.0,2026-01-30 14:00:00,1
913,Cala Vedella (platja)_2025,3606,3592,12.364011,29.0,2026-01-30 15:00:00,1
914,Cala Vedella (platja)_2025,3607,3592,15.25277,16.0,2026-01-30 16:00:00,1
915,Cala Vedella (platja)_2025,3608,3592,8.0972805,28.0,2026-01-30 17:00:00,1
916,Cala Vedella (platja)_2025,3609,3592,5.3900847,5.0,2026-01-30 18:00:00,1
917,Cala Vedella (platja)_2025,3610,3592,5.3591137,5.0,2026-01-30 19:00:00,1
918,Cala Vedella (platja)_2025,3611,3592,6.8325863,6.0,2026-01-30 20:00:00,1
919,Cala Vedella (platja)_2025,3612,3592,6.6922445,5.0,2026-01-31 08:00:00,1
920,Cala Vedella (platja)_2025,3613,3592,11.158627,5.0,2026-01-31 09:00:00,1
921,Cala Vedella (platja)_2025,3614,3592,13.249114,5.0,2026-01-31 10:00:00,1
922,Cala Vedella (platja)_2025,3615,3592,13.452329,5.0,2026-01-31 11:00:00,1
923,Cala Vedella (platja)_2025,3616,3592,12.516815,5.0,2026-01-31 12:00:00,1
924,Cala Vedella (platja)_2025,3617,3592,11.437111,5.0,2026-01-31 13:00:00,1
925,Cala Vedella (platja)_2025,3618,3592,12.096146,5.0,2026-01-31 14:00:00,1
926,Cala Vedella (platja)_2025,3619,3592,14.485672,5.0,2026-01-31 15:00:00,1
927,Cala Vedella (platja)_2025,3620,3592,17.993088,5.0,2026-01-31 16:00:00,1
928,Cala Vedella (platja)_2025,3621,3592,10.052021,4.0,2026-01-31 17:00:00,1
929,Cala Vedella (platja)_2025,3622,3592,5.4234548,5.0,2026-01-31 18:00:00,1
930,Cala Vedella (platja)_2025,3623,3592,5.430718,5.0,2026-01-31 19:00:00,1
931,Cala Vedella (platja)_2025,3624,3592,7.06594,5.0,2026-01-31 20:00:00,1
932,Cala Vedella (platja)_2025,3625,3592,6.6031094,5.0,2026-02-01 08:00:00,2
933,Cala Vedella (platja)_2025,3626,3592,11.799512,5.0,2026-02-01 09:00:00,2
934,Cala Vedella (platja)_2025,3627,3592,14.07439,5.0,2026-02-01 10:00:00,2
935,Cala Vedella (platja)_2025,3628,3592,14.025285,6.0,2026-02-01 11:00:00,2
936,Cala Vedella (platja)_2025,3629,3628,7.0427694,5.0,2026-02-01 12:00:00,2
937,Cala Vedella (platja)_2025,3630,3628,6.56907,6.0,2026-02-01 13:00:00,2
938,Cala Vedella (platja)_2025,3631,3628,5.9000883,5.0,2026-02-01 14:00:00,2
939,Cala Vedella (platja)_2025,3632,3628,5.237352,6.0,2026-02-01 15:00:00,2
940,Cala Vedella (platja)_2025,3633,3628,5.388169,5.0,2026-02-01 16:00:00,2
941,Cala Vedella (platja)_2025,3634,3628,7.715188,5.0,2026-02-01 17:00:00,2
942,Cala Vedella (platja)_2025,3635,3628,4.3893666,5.0,2026-02-01 18:00:00,2
943,Cala Vedella (platja)_2025,3636,3628,4.767506,5.0,2026-02-01 19:00:00,2
944,Cala Vedella (platja)_2025,3637,3628,4.9380364,5.0,2026-02-01 20:00:00,2
945,Cala Vedella (platja)_2025,3638,3628,4.804326,5.0,2026-02-02 08:00:00,2
946,Cala Vedella (platja)_2025,3639,3628,4.9277086,5.0,2026-02-02 09:00:00,2
947,Cala Vedella (platja)_2025,3640,3628,5.6444154,6.0,2026-02-02 10:00:00,2
948,Cala Vedella (platja)_2025,3641,3628,6.6119494,9.0,2026-02-02 11:00:00,2
949,Cala Vedella (platja)_2025,3642,3628,7.1582117,11.0,2026-02-02 12:00:00,2
950,Cala Vedella (platja)_2025,3643,3628,7.3101687,16.0,2026-02-02 13:00:00,2
951,Cala Vedella (platja)_2025,3644,3628,6.6997643,15.0,2026-02-02 14:00:00,2
952,Cala Vedella (platja)_2025,3645,3628,5.746167,18.0,2026-02-02 15:00:00,2
953,Cala Vedella (platja)_2025,3646,3628,5.919766,20.0,2026-02-02 16:00:00,2
954,Cala Vedella (platja)_2025,3647,3628,9.120921,15.0,2026-02-02 17:00:00,2
955,Cala Vedella (platja)_2025,3648,3628,4.5481043,5.0,2026-02-02 18:00:00,2
956,Cala Vedella (platja)_2025,3649,3628,4.8575945,5.0,2026-02-02 19:00:00,2
957,Cala Vedella (platja)_2025,3650,3628,5.121345,5.0,2026-02-02 20:00:00,2
958,Cala Vedella (platja)_2025,3651,3628,5.2864523,10.0,2026-02-03 08:00:00,2
959,Cala Vedella (platja)_2025,3652,3628,5.17712,10.0,2026-02-03 09:00:00,2
960,Cala Vedella (platja)_2025,3653,3628,5.770544,11.0,2026-02-03 10:00:00,2
961,Cala Vedella (platja)_2025,3654,3628,6.6203814,20.0,2026-02-03 11:00:00,2
962,Cala Vedella (platja)_2025,3655,3628,6.45687,21.0,2026-02-03 12:00:00,2
963,Cala Vedella (platja)_2025,3656,3628,6.687892,20.0,2026-02-03 13:00:00,2
964,Cala Vedella (platja)_2025,3657,3628,6.186385,15.0,2026-02-03 14:00:00,2
965,Cala Vedella (platja)_2025,3658,3628,5.371503,24.0,2026-02-03 15:00:00,2
966,Cala Vedella (platja)_2025,3659,3628,5.6958995,10.0,2026-02-03 16:00:00,2
967,Cala Vedella (platja)_2025,3660,3628,8.050695,15.0,2026-02-03 17:00:00,2
968,Cala Vedella (platja)_2025,3661,3628,4.4428334,5.0,2026-02-03 18:00:00,2
969,Cala Vedella (platja)_2025,3662,3628,4.6657815,5.0,2026-02-03 19:00:00,2
970,Cala Vedella (platja)_2025,3663,3628,4.983636,5.0,2026-02-03 20:00:00,2
971,Cala Vedella (platja)_2025,3664,3628,5.523112,5.0,2026-02-04 08:00:00,2
972,Cala Vedella (platja)_2025,3665,3664,7.8753567,5.0,2026-02-04 09:00:00,2
973,Cala Vedella (platja)_2025,3666,3664,10.352097,6.0,2026-02-04 10:00:00,2
974,Cala Vedella (platja)_2025,3667,3664,12.954983,8.0,2026-02-04 11:00:00,2
975,Cala Vedella (platja)_2025,3668,3664,13.731215,5.0,2026-02-04 12:00:00,2
976,Cala Vedella (platja)_2025,3669,3664,14.025125,6.0,2026-02-04 13:00:00,2
977,Cala Vedella (platja)_2025,3670,3664,15.311517,21.0,2026-02-04 15:00:00,2
978,Cala Vedella (platja)_2025,3671,3664,14.322051,22.0,2026-02-04 16:00:00,2
979,Cala Vedella (platja)_2025,3672,3664,13.3361,24.0,2026-02-04 17:00:00,2
980,Cala Vedella (platja)_2025,3673,3664,6.8320923,9.0,2026-02-04 18:00:00,2
981,Cala Vedella (platja)_2025,3674,3664,4.780684,9.0,2026-02-04 19:00:00,2
982,Cala Vedella (platja)_2025,3675,3664,4.8271832,9.0,2026-02-04 20:00:00,2
983,Cala Vedella (platja)_2025,3676,3664,7.0035257,18.0,2026-02-05 08:00:00,2
984,Cala Vedella (platja)_2025,3677,3664,9.623669,17.0,2026-02-05 09:00:00,2
985,Cala Vedella (platja)_2025,3678,3664,12.8750725,21.0,2026-02-05 10:00:00,2
986,Cala Vedella (platja)_2025,3679,3664,15.649143,14.0,2026-02-05 11:00:00,2
987,Cala Vedella (platja)_2025,3680,3664,16.69032,16.0,2026-02-05 12:00:00,2
988,Cala Vedella (platja)_2025,3681,3664,16.846323,18.0,2026-02-05 13:00:00,2
989,Cala Vedella (platja)_2025,3682,3664,17.341337,17.0,2026-02-05 14:00:00,2
990,Cala Vedella (platja)_2025,3683,3664,17.618412,14.0,2026-02-05 15:00:00,2
991,Cala Vedella (platja)_2025,3684,3664,15.590401,19.0,2026-02-05 16:00:00,2
992,Cala Vedella (platja)_2025,3685,3664,14.210556,15.0,2026-02-05 17:00:00,2
993,Cala Vedella (platja)_2025,3686,3664,4.8687205,8.0,2026-02-05 18:00:00,2
994,Cala Vedella (platja)_2025,3687,3664,4.5325923,8.0,2026-02-05 19:00:00,2
995,Cala Vedella (platja)_2025,3688,3664,4.499816,9.0,2026-02-05 20:00:00,2
996,Cala Vedella (platja)_2025,3689,3664,6.5242906,10.0,2026-02-06 08:00:00,2
997,Cala Vedella (platja)_2025,3690,3664,8.815664,11.0,2026-02-06 09:00:00,2
998,Cala Vedella (platja)_2025,3691,3664,11.62808,19.0,2026-02-06 10:00:00,2
999,Cala Vedella (platja)_2025,3692,3664,14.35429,14.0,2026-02-06 11:00:00,2
1000,Cala Vedella (platja)_2025,3693,3664,15.397767,17.0,2026-02-06 12:00:00,2
1001,Cala Vedella (platja)_2025,3694,3664,15.609182,12.0,2026-02-06 13:00:00,2
1002,Cala Vedella (platja)_2025,3695,3664,16.128757,15.0,2026-02-06 14:00:00,2
1003,Cala Vedella (platja)_2025,3696,3664,16.420925,24.0,2026-02-06 15:00:00,2
1004,Cala Vedella (platja)_2025,3697,3664,14.695848,17.0,2026-02-06 16:00:00,2
1005,Cala Vedella (platja)_2025,3698,3664,13.4641075,7.0,2026-02-06 17:00:00,2
1006,Cala Vedella (platja)_2025,3699,3664,5.044558,5.0,2026-02-06 18:00:00,2
1007,Cala Vedella (platja)_2025,3700,3664,4.7476225,5.0,2026-02-06 19:00:00,2
1008,Cala Vedella (platja)_2025,3701,3700,6.2649817,6.0,2026-02-06 20:00:00,2
1009,Cala Vedella (platja)_2025,3702,3700,11.074453,14.0,2026-02-07 08:00:00,2
1010,Cala Vedella (platja)_2025,3703,3700,12.155155,7.0,2026-02-07 09:00:00,2
1011,Cala Vedella (platja)_2025,3704,3700,13.800687,11.0,2026-02-07 10:00:00,2
1012,Cala Vedella (platja)_2025,3705,3700,14.467055,7.0,2026-02-07 11:00:00,2
1013,Cala Vedella (platja)_2025,3706,3700,14.527529,10.0,2026-02-07 12:00:00,2
1014,Cala Vedella (platja)_2025,3707,3700,14.680999,8.0,2026-02-07 13:00:00,2
1015,Cala Vedella (platja)_2025,3708,3700,15.2066555,10.0,2026-02-07 14:00:00,2
1016,Cala Vedella (platja)_2025,3709,3700,16.227062,8.0,2026-02-07 15:00:00,2
1017,Cala Vedella (platja)_2025,3710,3700,14.826801,7.0,2026-02-07 16:00:00,2
1018,Cala Vedella (platja)_2025,3711,3700,10.377659,7.0,2026-02-07 17:00:00,2
1019,Cala Vedella (platja)_2025,3712,3700,5.9245105,5.0,2026-02-07 18:00:00,2
1020,Cala Vedella (platja)_2025,3713,3700,6.288315,8.0,2026-02-07 19:00:00,2
1021,Cala Vedella (platja)_2025,3714,3700,6.565029,7.0,2026-02-07 20:00:00,2
1022,Cala Vedella (platja)_2025,3715,3700,11.859821,8.0,2026-02-08 08:00:00,2
1023,Cala Vedella (platja)_2025,3716,3700,13.386616,6.0,2026-02-08 09:00:00,2
1024,Cala Vedella (platja)_2025,3717,3700,14.961631,6.0,2026-02-08 10:00:00,2
1025,Cala Vedella (platja)_2025,3718,3700,14.978055,6.0,2026-02-08 11:00:00,2
1026,Cala Vedella (platja)_2025,3719,3700,14.711391,5.0,2026-02-08 12:00:00,2
1027,Cala Vedella (platja)_2025,3720,3700,14.848287,7.0,2026-02-08 13:00:00,2
1028,Cala Vedella (platja)_2025,3721,3700,15.588266,6.0,2026-02-08 14:00:00,2
1029,Cala Vedella (platja)_2025,3722,3700,16.745958,5.0,2026-02-08 15:00:00,2
1030,Cala Vedella (platja)_2025,3723,3700,15.71503,5.0,2026-02-08 16:00:00,2
1031,Cala Vedella (platja)_2025,3724,3700,10.937729,5.0,2026-02-08 17:00:00,2
1032,Cala Vedella (platja)_2025,3725,3700,6.1534224,5.0,2026-02-08 18:00:00,2
1033,Cala Vedella (platja)_2025,3726,3700,6.2371798,9.0,2026-02-08 19:00:00,2
1034,Cala Vedella (platja)_2025,3727,3700,6.5481653,7.0,2026-02-08 20:00:00,2
1035,Cala Vedella (platja)_2025,3728,3700,11.0935955,5.0,2026-02-09 08:00:00,2
1036,Cala Vedella (platja)_2025,3729,3700,12.301064,5.0,2026-02-09 09:00:00,2
1037,Cala Vedella (platja)_2025,3730,3700,13.788934,6.0,2026-02-09 10:00:00,2
1038,Cala Vedella (platja)_2025,3731,3700,14.098332,6.0,2026-02-09 11:00:00,2
1039,Cala Vedella (platja)_2025,3732,3700,13.757182,7.0,2026-02-09 12:00:00,2
1040,Cala Vedella (platja)_2025,3733,3700,13.745317,5.0,2026-02-09 13:00:00,2
1041,Cala Vedella (platja)_2025,3734,3700,14.405266,5.0,2026-02-09 14:00:00,2
1042,Cala Vedella (platja)_2025,3735,3700,15.487452,6.0,2026-02-09 15:00:00,2
1043,Cala Vedella (platja)_2025,3736,3700,13.843606,8.0,2026-02-09 16:00:00,2
1044,Cala Vedella (platja)_2025,3737,3736,5.865831,5.0,2026-02-09 17:00:00,2
1045,Cala Vedella (platja)_2025,3738,3736,5.460878,10.0,2026-02-09 18:00:00,2
1046,Cala Vedella (platja)_2025,3739,3736,5.8786726,9.0,2026-02-09 19:00:00,2
1047,Cala Vedella (platja)_2025,3740,3736,6.398101,6.0,2026-02-09 20:00:00,2
1048,Cala Vedella (platja)_2025,3741,3736,6.444386,5.0,2026-02-10 08:00:00,2
1049,Cala Vedella (platja)_2025,3742,3736,7.3318577,5.0,2026-02-10 09:00:00,2
1050,Cala Vedella (platja)_2025,3743,3736,8.84403,5.0,2026-02-10 10:00:00,2
1051,Cala Vedella (platja)_2025,3744,3736,9.746092,5.0,2026-02-10 11:00:00,2
1052,Cala Vedella (platja)_2025,3745,3736,10.015296,5.0,2026-02-10 12:00:00,2
1053,Cala Vedella (platja)_2025,3746,3736,10.008528,5.0,2026-02-10 13:00:00,2
1054,Cala Vedella (platja)_2025,3747,3736,9.949315,5.0,2026-02-10 14:00:00,2
1055,Cala Vedella (platja)_2025,3748,3736,9.887212,5.0,2026-02-10 15:00:00,2
1056,Cala Vedella (platja)_2025,3749,3736,9.162018,5.0,2026-02-10 16:00:00,2
1057,Cala Vedella (platja)_2025,3750,3736,6.478299,5.0,2026-02-10 17:00:00,2
1058,Cala Vedella (platja)_2025,3751,3736,5.1215286,5.0,2026-02-10 18:00:00,2
1059,Cala Vedella (platja)_2025,3752,3736,5.795762,8.0,2026-02-10 19:00:00,2
1060,Cala Vedella (platja)_2025,3753,3736,6.1161623,7.0,2026-02-10 20:00:00,2
1061,Cala Vedella (platja)_2025,3754,3736,6.5279956,5.0,2026-02-11 08:00:00,2
1062,Cala Vedella (platja)_2025,3755,3736,7.360448,5.0,2026-02-11 09:00:00,2
1063,Cala Vedella (platja)_2025,3756,3736,9.131292,7.0,2026-02-11 10:00:00,2
1064,Cala Vedella (platja)_2025,3757,3736,9.963962,7.0,2026-02-11 11:00:00,2
1065,Cala Vedella (platja)_2025,3758,3736,9.964332,7.0,2026-02-11 12:00:00,2
1066,Cala Vedella (platja)_2025,3759,3736,9.918871,9.0,2026-02-11 13:00:00,2
1067,Cala Vedella (platja)_2025,3760,3736,9.966542,6.0,2026-02-11 14:00:00,2
1068,Cala Vedella (platja)_2025,3761,3736,9.951988,9.0,2026-02-11 15:00:00,2
1069,Cala Vedella (platja)_2025,3762,3736,9.365255,5.0,2026-02-11 16:00:00,2
1070,Cala Vedella (platja)_2025,3763,3736,6.5814857,5.0,2026-02-11 17:00:00,2
1071,Cala Vedella (platja)_2025,3764,3736,5.210105,5.0,2026-02-11 18:00:00,2
1072,Cala Vedella (platja)_2025,3765,3736,5.702475,5.0,2026-02-11 19:00:00,2
1073,Cala Vedella (platja)_2025,3766,3736,6.1085544,5.0,2026-02-11 20:00:00,2
1074,Cala Vedella (platja)_2025,3767,3736,6.5789948,5.0,2026-02-12 08:00:00,2
1075,Cala Vedella (platja)_2025,3768,3736,7.3239937,5.0,2026-02-12 09:00:00,2
1076,Cala Vedella (platja)_2025,3769,3736,8.97454,5.0,2026-02-12 10:00:00,2
1077,Cala Vedella (platja)_2025,3770,3736,9.794499,5.0,2026-02-12 11:00:00,2
1078,Cala Vedella (platja)_2025,3771,3736,9.836657,5.0,2026-02-12 12:00:00,2
1079,Cala Vedella (platja)_2025,3772,3736,9.791731,5.0,2026-02-12 13:00:00,2
1080,Cala Vedella (port)_2025,3615,3614,6.195858,7.0,2026-01-29 16:00:00,1
1081,Cala Vedella (port)_2025,3616,3614,5.5369377,3.0,2026-01-29 17:00:00,1
1082,Cala Vedella (port)_2025,3617,3614,4.4673424,5.0,2026-01-29 18:00:00,1
1083,Cala Vedella (port)_2025,3618,3614,3.940393,5.0,2026-01-29 19:00:00,1
1084,Cala Vedella (port)_2025,3619,3614,3.681321,5.0,2026-01-29 20:00:00,1
1085,Cala Vedella (port)_2025,3620,3614,6.9342875,6.0,2026-01-30 08:00:00,1
1086,Cala Vedella (port)_2025,3621,3614,7.356894,6.0,2026-01-30 09:00:00,1
1087,Cala Vedella (port)_2025,3622,3614,7.3441286,4.0,2026-01-30 10:00:00,1
1088,Cala Vedella (port)_2025,3623,3614,7.4812827,4.0,2026-01-30 11:00:00,1
1089,Cala Vedella (port)_2025,3624,3614,8.037867,9.0,2026-01-30 12:00:00,1
1090,Cala Vedella (port)_2025,3625,3614,8.512848,7.0,2026-01-30 13:00:00,1
1091,Cala Vedella (port)_2025,3626,3614,7.888955,8.0,2026-01-30 14:00:00,1
1092,Cala Vedella (port)_2025,3627,3614,6.5935307,5.0,2026-01-30 15:00:00,1
1093,Cala Vedella (port)_2025,3628,3614,5.7907934,7.0,2026-01-30 16:00:00,1
1094,Cala Vedella (port)_2025,3629,3614,5.2569838,6.0,2026-01-30 17:00:00,1
1095,Cala Vedella (port)_2025,3630,3614,4.110564,4.0,2026-01-30 18:00:00,1
1096,Cala Vedella (port)_2025,3631,3614,3.8428557,4.0,2026-01-30 19:00:00,1
1097,Cala Vedella (port)_2025,3632,3614,3.619881,4.0,2026-01-30 20:00:00,1
1098,Cala Vedella (port)_2025,3633,3614,6.485593,5.0,2026-01-31 08:00:00,1
1099,Cala Vedella (port)_2025,3634,3614,6.6130915,4.0,2026-01-31 09:00:00,1
1100,Cala Vedella (port)_2025,3635,3614,6.497116,5.0,2026-01-31 10:00:00,1
1101,Cala Vedella (port)_2025,3636,3614,6.4750347,4.0,2026-01-31 11:00:00,1
1102,Cala Vedella (port)_2025,3637,3614,7.013979,4.0,2026-01-31 12:00:00,1
1103,Cala Vedella (port)_2025,3638,3614,7.6103883,4.0,2026-01-31 13:00:00,1
1104,Cala Vedella (port)_2025,3639,3614,7.4651976,4.0,2026-01-31 14:00:00,1
1105,Cala Vedella (port)_2025,3640,3614,6.5224857,4.0,2026-01-31 15:00:00,1
1106,Cala Vedella (port)_2025,3641,3614,5.8671913,4.0,2026-01-31 16:00:00,1
1107,Cala Vedella (port)_2025,3642,3614,5.3426285,4.0,2026-01-31 17:00:00,1
1108,Cala Vedella (port)_2025,3643,3614,4.185253,3.0,2026-01-31 18:00:00,1
1109,Cala Vedella (port)_2025,3644,3614,3.8485723,3.0,2026-01-31 19:00:00,1
1110,Cala Vedella (port)_2025,3645,3614,3.6206684,3.0,2026-01-31 20:00:00,1
1111,Cala Vedella (port)_2025,3646,3614,6.4117236,6.0,2026-02-01 08:00:00,2
1112,Cala Vedella (port)_2025,3647,3614,6.7439995,4.0,2026-02-01 09:00:00,2
1113,Cala Vedella (port)_2025,3648,3614,6.7297826,7.0,2026-02-01 10:00:00,2
1114,Cala Vedella (port)_2025,3649,3614,6.7696123,7.0,2026-02-01 11:00:00,2
1115,Cala Vedella (port)_2025,3650,3614,7.3714266,8.0,2026-02-01 12:00:00,2
1116,Cala Vedella (port)_2025,3651,3650,5.349409,7.0,2026-02-01 13:00:00,2
1117,Cala Vedella (port)_2025,3652,3650,4.942737,7.0,2026-02-01 14:00:00,2
1118,Cala Vedella (port)_2025,3653,3650,4.731642,5.0,2026-02-01 15:00:00,2
1119,Cala Vedella (port)_2025,3654,3650,4.688128,6.0,2026-02-01 16:00:00,2
1120,Cala Vedella (port)_2025,3655,3650,4.6116567,6.0,2026-02-01 17:00:00,2
1121,Cala Vedella (port)_2025,3656,3650,4.027631,4.0,2026-02-01 18:00:00,2
1122,Cala Vedella (port)_2025,3657,3650,3.8837214,4.0,2026-02-01 19:00:00,2
1123,Cala Vedella (port)_2025,3658,3650,3.9175644,5.0,2026-02-01 20:00:00,2
1124,Cala Vedella (port)_2025,3659,3650,5.6495667,5.0,2026-02-02 08:00:00,2
1125,Cala Vedella (port)_2025,3660,3650,5.3387833,5.0,2026-02-02 09:00:00,2
1126,Cala Vedella (port)_2025,3661,3650,5.203262,7.0,2026-02-02 10:00:00,2
1127,Cala Vedella (port)_2025,3662,3650,5.2358766,6.0,2026-02-02 11:00:00,2
1128,Cala Vedella (port)_2025,3663,3650,5.087327,7.0,2026-02-02 12:00:00,2
1129,Cala Vedella (port)_2025,3664,3650,4.802064,7.0,2026-02-02 13:00:00,2
1130,Cala Vedella (port)_2025,3665,3650,4.552178,6.0,2026-02-02 14:00:00,2
1131,Cala Vedella (port)_2025,3666,3650,4.478753,4.0,2026-02-02 15:00:00,2
1132,Cala Vedella (port)_2025,3667,3650,4.4983087,4.0,2026-02-02 16:00:00,2
1133,Cala Vedella (port)_2025,3668,3650,4.4641523,4.0,2026-02-02 17:00:00,2
1134,Cala Vedella (port)_2025,3669,3650,3.9931865,4.0,2026-02-02 18:00:00,2
1135,Cala Vedella (port)_2025,3670,3650,3.869419,5.0,2026-02-02 19:00:00,2
1136,Cala Vedella (port)_2025,3671,3650,3.9245396,5.0,2026-02-02 20:00:00,2
1137,Cala Vedella (port)_2025,3672,3650,5.5683203,5.0,2026-02-03 08:00:00,2
1138,Cala Vedella (port)_2025,3673,3650,5.2369275,4.0,2026-02-03 09:00:00,2
1139,Cala Vedella (port)_2025,3674,3650,4.972871,4.0,2026-02-03 10:00:00,2
1140,Cala Vedella (port)_2025,3675,3650,4.9352746,5.0,2026-02-03 11:00:00,2
1141,Cala Vedella (port)_2025,3676,3650,4.6049385,7.0,2026-02-03 12:00:00,2
1142,Cala Vedella (port)_2025,3677,3650,4.4214563,8.0,2026-02-03 13:00:00,2
1143,Cala Vedella (port)_2025,3678,3650,4.2943597,5.0,2026-02-03 14:00:00,2
1144,Cala Vedella (port)_2025,3679,3650,4.265147,5.0,2026-02-03 15:00:00,2
1145,Cala Vedella (port)_2025,3680,3650,4.3019977,5.0,2026-02-03 16:00:00,2
1146,Cala Vedella (port)_2025,3681,3650,4.274385,5.0,2026-02-03 17:00:00,2
1147,Cala Vedella (port)_2025,3682,3650,3.8299036,5.0,2026-02-03 18:00:00,2
1148,Cala Vedella (port)_2025,3683,3650,3.8023665,5.0,2026-02-03 19:00:00,2
1149,Cala Vedella (port)_2025,3684,3650,3.854332,5.0,2026-02-03 20:00:00,2
1150,Cala Vedella (port)_2025,3685,3650,5.623399,7.0,2026-02-04 08:00:00,2
1151,Cala Vedella (port)_2025,3686,3650,5.3595924,5.0,2026-02-04 09:00:00,2
1152,Cala Vedella (port)_2025,3687,3686,5.585412,4.0,2026-02-04 10:00:00,2
1153,Cala Vedella (port)_2025,3688,3686,6.1231985,5.0,2026-02-04 11:00:00,2
1154,Cala Vedella (port)_2025,3689,3686,6.3074923,6.0,2026-02-04 12:00:00,2
1155,Cala Vedella (port)_2025,3690,3686,6.0826583,9.0,2026-02-04 13:00:00,2
1156,Cala Vedella (port)_2025,3691,3686,5.3963375,6.0,2026-02-04 14:00:00,2
1157,Cala Vedella (port)_2025,3692,3686,4.9033694,6.0,2026-02-04 15:00:00,2
1158,Cala Vedella (port)_2025,3693,3686,4.7775106,7.0,2026-02-04 16:00:00,2
1159,Cala Vedella (port)_2025,3694,3686,4.85461,7.0,2026-02-04 17:00:00,2
1160,Cala Vedella (port)_2025,3695,3686,4.4494815,5.0,2026-02-04 18:00:00,2
1161,Cala Vedella (port)_2025,3696,3686,4.2790117,5.0,2026-02-04 19:00:00,2
1162,Cala Vedella (port)_2025,3697,3686,4.41808,5.0,2026-02-04 20:00:00,2
1163,Cala Vedella (port)_2025,3698,3686,5.5345435,7.0,2026-02-05 08:00:00,2
1164,Cala Vedella (port)_2025,3699,3686,5.156539,6.0,2026-02-05 09:00:00,2
1165,Cala Vedella (port)_2025,3700,3686,5.706335,7.0,2026-02-05 10:00:00,2
1166,Cala Vedella (port)_2025,3701,3686,6.1283684,5.0,2026-02-05 11:00:00,2
1167,Cala Vedella (port)_2025,3702,3686,6.353116,4.0,2026-02-05 12:00:00,2
1168,Cala Vedella (port)_2025,3703,3686,6.167214,5.0,2026-02-05 13:00:00,2
1169,Cala Vedella (port)_2025,3704,3686,5.4855757,7.0,2026-02-05 14:00:00,2
1170,Cala Vedella (port)_2025,3705,3686,4.8899436,6.0,2026-02-05 15:00:00,2
1171,Cala Vedella (port)_2025,3706,3686,4.748929,5.0,2026-02-05 16:00:00,2
1172,Cala Vedella (port)_2025,3707,3686,4.846341,5.0,2026-02-05 17:00:00,2
1173,Cala Vedella (port)_2025,3708,3686,4.390026,4.0,2026-02-05 18:00:00,2
1174,Cala Vedella (port)_2025,3709,3686,4.2410846,4.0,2026-02-05 19:00:00,2
1175,Cala Vedella (port)_2025,3710,3686,4.3641696,4.0,2026-02-05 20:00:00,2
1176,Cala Vedella (port)_2025,3711,3686,5.423491,5.0,2026-02-06 08:00:00,2
1177,Cala Vedella (port)_2025,3712,3686,4.9835606,5.0,2026-02-06 09:00:00,2
1178,Cala Vedella (port)_2025,3713,3686,5.4239144,4.0,2026-02-06 10:00:00,2
1179,Cala Vedella (port)_2025,3714,3686,5.8449335,4.0,2026-02-06 11:00:00,2
1180,Cala Vedella (port)_2025,3715,3686,6.05019,6.0,2026-02-06 12:00:00,2
1181,Cala Vedella (port)_2025,3716,3686,5.8783636,10.0,2026-02-06 13:00:00,2
1182,Cala Vedella (port)_2025,3717,3686,5.254695,10.0,2026-02-06 14:00:00,2
1183,Cala Vedella (port)_2025,3718,3686,4.7257457,6.0,2026-02-06 15:00:00,2
1184,Cala Vedella (port)_2025,3719,3686,4.614811,7.0,2026-02-06 16:00:00,2
1185,Cala Vedella (port)_2025,3720,3686,4.707478,7.0,2026-02-06 17:00:00,2
1186,Cala Vedella (port)_2025,3721,3686,4.358386,4.0,2026-02-06 18:00:00,2
1187,Cala Vedella (port)_2025,3722,3686,4.2332144,4.0,2026-02-06 19:00:00,2
1188,Cala Vedella (port)_2025,3723,3722,4.1734657,4.0,2026-02-06 20:00:00,2
1189,Cala Vedella (port)_2025,3724,3722,5.69757,6.0,2026-02-07 08:00:00,2
1190,Cala Vedella (port)_2025,3725,3722,5.502611,4.0,2026-02-07 09:00:00,2
1191,Cala Vedella (port)_2025,3726,3722,5.529334,4.0,2026-02-07 10:00:00,2
1192,Cala Vedella (port)_2025,3727,3722,5.826932,4.0,2026-02-07 11:00:00,2
1193,Cala Vedella (port)_2025,3728,3722,6.902066,4.0,2026-02-07 12:00:00,2
1194,Cala Vedella (port)_2025,3729,3722,7.956706,5.0,2026-02-07 13:00:00,2
1195,Cala Vedella (port)_2025,3730,3722,7.5866265,4.0,2026-02-07 14:00:00,2
1196,Cala Vedella (port)_2025,3731,3722,7.074544,5.0,2026-02-07 15:00:00,2
1197,Cala Vedella (port)_2025,3732,3722,7.0657816,8.0,2026-02-07 16:00:00,2
1198,Cala Vedella (port)_2025,3733,3722,6.981255,7.0,2026-02-07 17:00:00,2
1199,Cala Vedella (port)_2025,3734,3722,5.2200055,4.0,2026-02-07 18:00:00,2
1200,Cala Vedella (port)_2025,3735,3722,4.276672,4.0,2026-02-07 19:00:00,2
1201,Cala Vedella (port)_2025,3736,3722,4.388148,4.0,2026-02-07 20:00:00,2
1202,Cala Vedella (port)_2025,3737,3722,5.981951,4.0,2026-02-08 08:00:00,2
1203,Cala Vedella (port)_2025,3738,3722,5.645506,4.0,2026-02-08 09:00:00,2
1204,Cala Vedella (port)_2025,3739,3722,5.720559,4.0,2026-02-08 10:00:00,2
1205,Cala Vedella (port)_2025,3740,3722,6.08654,7.0,2026-02-08 11:00:00,2
1206,Cala Vedella (port)_2025,3741,3722,7.509383,4.0,2026-02-08 12:00:00,2
1207,Cala Vedella (port)_2025,3742,3722,8.630523,3.0,2026-02-08 13:00:00,2
1208,Cala Vedella (port)_2025,3743,3722,8.133427,6.0,2026-02-08 14:00:00,2
1209,Cala Vedella (port)_2025,3744,3722,7.430143,5.0,2026-02-08 15:00:00,2
1210,Cala Vedella (port)_2025,3745,3722,7.34439,5.0,2026-02-08 16:00:00,2
1211,Cala Vedella (port)_2025,3746,3722,7.148793,7.0,2026-02-08 17:00:00,2
1212,Cala Vedella (port)_2025,3747,3722,4.9547267,4.0,2026-02-08 18:00:00,2
1213,Cala Vedella (port)_2025,3748,3722,4.282056,4.0,2026-02-08 19:00:00,2
1214,Cala Vedella (port)_2025,3749,3722,4.3939905,4.0,2026-02-08 20:00:00,2
1215,Cala Vedella (port)_2025,3750,3722,5.82129,5.0,2026-02-09 08:00:00,2
1216,Cala Vedella (port)_2025,3751,3722,5.4357986,4.0,2026-02-09 09:00:00,2
1217,Cala Vedella (port)_2025,3752,3722,5.426685,5.0,2026-02-09 10:00:00,2
1218,Cala Vedella (port)_2025,3753,3722,5.7017355,5.0,2026-02-09 11:00:00,2
1219,Cala Vedella (port)_2025,3754,3722,6.6478586,6.0,2026-02-09 12:00:00,2
1220,Cala Vedella (port)_2025,3755,3722,7.408494,4.0,2026-02-09 13:00:00,2
1221,Cala Vedella (port)_2025,3756,3722,7.0152264,4.0,2026-02-09 14:00:00,2
1222,Cala Vedella (port)_2025,3757,3722,6.7202764,7.0,2026-02-09 15:00:00,2
1223,Cala Vedella (port)_2025,3758,3722,6.7248325,6.0,2026-02-09 16:00:00,2
1224,Cala Vedella (port)_2025,3759,3758,6.539804,8.0,2026-02-09 17:00:00,2
1225,Cala Vedella (port)_2025,3760,3758,4.029869,3.0,2026-02-09 18:00:00,2
1226,Cala Vedella (port)_2025,3761,3758,3.9046419,3.0,2026-02-09 19:00:00,2
1227,Cala Vedella (port)_2025,3762,3758,3.8952255,4.0,2026-02-09 20:00:00,2
1228,Cala Vedella (port)_2025,3763,3758,5.0056186,6.0,2026-02-10 08:00:00,2
1229,Cala Vedella (port)_2025,3764,3758,4.7189326,5.0,2026-02-10 09:00:00,2
1230,Cala Vedella (port)_2025,3765,3758,4.925715,4.0,2026-02-10 10:00:00,2
1231,Cala Vedella (port)_2025,3766,3758,5.1625338,4.0,2026-02-10 11:00:00,2
1232,Cala Vedella (port)_2025,3767,3758,5.3949966,8.0,2026-02-10 12:00:00,2
1233,Cala Vedella (port)_2025,3768,3758,5.699485,6.0,2026-02-10 13:00:00,2
1234,Cala Vedella (port)_2025,3769,3758,6.055462,8.0,2026-02-10 14:00:00,2
1235,Cala Vedella (port)_2025,3770,3758,6.3285217,9.0,2026-02-10 15:00:00,2
1236,Cala Vedella (port)_2025,3771,3758,6.516321,7.0,2026-02-10 16:00:00,2
1237,Cala Vedella (port)_2025,3772,3758,6.787574,8.0,2026-02-10 17:00:00,2
1238,Cala Vedella (port)_2025,3773,3758,3.8608723,4.0,2026-02-10 18:00:00,2
1239,Cala Vedella (port)_2025,3774,3758,3.753231,4.0,2026-02-10 19:00:00,2
1240,Cala Vedella (port)_2025,3775,3758,3.7977977,4.0,2026-02-10 20:00:00,2
1241,Cala Vedella (port)_2025,3776,3758,4.806619,5.0,2026-02-11 08:00:00,2
1242,Cala Vedella (port)_2025,3777,3758,4.4779344,4.0,2026-02-11 09:00:00,2
1243,Cala Vedella (port)_2025,3778,3758,4.668707,7.0,2026-02-11 10:00:00,2
1244,Cala Vedella (port)_2025,3779,3758,4.89521,8.0,2026-02-11 11:00:00,2
1245,Cala Vedella (port)_2025,3780,3758,5.0546427,7.0,2026-02-11 12:00:00,2
1246,Cala Vedella (port)_2025,3781,3758,5.352207,7.0,2026-02-11 13:00:00,2
1247,Cala Vedella (port)_2025,3782,3758,5.787858,8.0,2026-02-11 14:00:00,2
1248,Cala Vedella (port)_2025,3783,3758,6.121932,7.0,2026-02-11 15:00:00,2
1249,Cala Vedella (port)_2025,3784,3758,6.3815503,7.0,2026-02-11 16:00:00,2
1250,Cala Vedella (port)_2025,3785,3758,6.6559453,7.0,2026-02-11 17:00:00,2
1251,Cala Vedella (port)_2025,3786,3758,3.8704045,3.0,2026-02-11 18:00:00,2
1252,Cala Vedella (port)_2025,3787,3758,3.7463706,3.0,2026-02-11 19:00:00,2
1253,Cala Vedella (port)_2025,3788,3758,3.8002305,3.0,2026-02-11 20:00:00,2
1254,Cala Vedella (port)_2025,3789,3758,4.806556,4.0,2026-02-12 08:00:00,2
1255,Cala Vedella (port)_2025,3790,3758,4.457755,4.0,2026-02-12 09:00:00,2
1256,Cala Vedella (port)_2025,3791,3758,4.6056433,4.0,2026-02-12 10:00:00,2
1257,Cala Vedella (port)_2025,3792,3758,4.805396,4.0,2026-02-12 11:00:00,2
1258,Cala Vedella (port)_2025,3793,3758,4.9468403,4.0,2026-02-12 12:00:00,2
1259,Cala Vedella (port)_2025,3794,3758,5.2182426,4.0,2026-02-12 13:00:00,2
1260,Can Pastilla 2_2025,1684,1683,113.39292,94.0,2025-08-27 09:00:00,8
1261,Can Pastilla 2_2025,1685,1683,135.96576,34.0,2025-08-27 10:00:00,8
1262,Can Pastilla 2_2025,1686,1683,136.3534,112.0,2025-08-27 11:00:00,8
1263,Can Pastilla 2_2025,1687,1683,135.86227,107.0,2025-08-27 12:00:00,8
1264,Can Pastilla 2_2025,1688,1683,141.05022,144.0,2025-08-27 13:00:00,8
1265,Can Pastilla 2_2025,1689,1683,140.2456,126.0,2025-08-27 14:00:00,8
1266,Can Pastilla 2_2025,1690,1683,121.673325,141.0,2025-08-27 15:00:00,8
1267,Can Pastilla 2_2025,1691,1683,93.515465,111.0,2025-08-27 16:00:00,8
1268,Can Pastilla 2_2025,1692,1683,78.69282,102.0,2025-08-27 17:00:00,8
1269,Can Pastilla 2_2025,1693,1683,62.233467,79.0,2025-08-27 18:00:00,8
1270,Can Pastilla 2_2025,1694,1683,58.928112,90.0,2025-08-27 19:00:00,8
1271,Can Pastilla 2_2025,1695,1683,55.922535,58.0,2025-08-27 20:00:00,8
1272,Can Pastilla 2_2025,1696,1683,90.90843,69.0,2025-08-28 08:00:00,8
1273,Can Pastilla 2_2025,1697,1683,122.13171,146.0,2025-08-28 09:00:00,8
1274,Can Pastilla 2_2025,1698,1683,138.276,126.0,2025-08-28 10:00:00,8
1275,Can Pastilla 2_2025,1699,1683,139.39853,160.0,2025-08-28 11:00:00,8
1276,Can Pastilla 2_2025,1700,1683,138.59192,120.0,2025-08-28 12:00:00,8
1277,Can Pastilla 2_2025,1701,1683,140.8084,136.0,2025-08-28 13:00:00,8
1278,Can Pastilla 2_2025,1702,1683,143.543,163.0,2025-08-28 14:00:00,8
1279,Can Pastilla 2_2025,1703,1683,126.17539,183.0,2025-08-28 15:00:00,8
1280,Can Pastilla 2_2025,1704,1683,97.25282,149.0,2025-08-28 16:00:00,8
1281,Can Pastilla 2_2025,1705,1683,77.77783,92.0,2025-08-28 17:00:00,8
1282,Can Pastilla 2_2025,1706,1683,58.378468,57.0,2025-08-28 18:00:00,8
1283,Can Pastilla 2_2025,1707,1683,57.21762,36.0,2025-08-28 19:00:00,8
1284,Can Pastilla 2_2025,1708,1683,54.708496,37.0,2025-08-28 20:00:00,8
1285,Can Pastilla 2_2025,1709,1683,86.84637,85.0,2025-08-29 08:00:00,8
1286,Can Pastilla 2_2025,1710,1683,109.87417,150.0,2025-08-29 09:00:00,8
1287,Can Pastilla 2_2025,1711,1683,125.20744,178.0,2025-08-29 10:00:00,8
1288,Can Pastilla 2_2025,1712,1683,122.84895,145.0,2025-08-29 11:00:00,8
1289,Can Pastilla 2_2025,1713,1683,125.957085,135.0,2025-08-29 12:00:00,8
1290,Can Pastilla 2_2025,1714,1683,132.47183,143.0,2025-08-29 13:00:00,8
1291,Can Pastilla 2_2025,1715,1683,134.55704,174.0,2025-08-29 14:00:00,8
1292,Can Pastilla 2_2025,1716,1683,118.24588,130.0,2025-08-29 15:00:00,8
1293,Can Pastilla 2_2025,1717,1683,93.803925,91.0,2025-08-29 16:00:00,8
1294,Can Pastilla 2_2025,1718,1683,77.93654,66.0,2025-08-29 17:00:00,8
1295,Can Pastilla 2_2025,1719,1683,61.392998,41.0,2025-08-29 18:00:00,8
1296,Can Pastilla 2_2025,1720,1719,57.551376,38.0,2025-08-29 19:00:00,8
1297,Can Pastilla 2_2025,1721,1719,53.680584,58.0,2025-08-29 20:00:00,8
1298,Can Pastilla 2_2025,1722,1719,88.855446,117.0,2025-08-30 08:00:00,8
1299,Can Pastilla 2_2025,1723,1719,147.50693,163.0,2025-08-30 09:00:00,8
1300,Can Pastilla 2_2025,1724,1719,169.67581,190.0,2025-08-30 10:00:00,8
1301,Can Pastilla 2_2025,1725,1719,167.3474,172.0,2025-08-30 11:00:00,8
1302,Can Pastilla 2_2025,1726,1719,163.88266,161.0,2025-08-30 12:00:00,8
1303,Can Pastilla 2_2025,1727,1719,167.43257,147.0,2025-08-30 13:00:00,8
1304,Can Pastilla 2_2025,1728,1719,168.48285,175.0,2025-08-30 14:00:00,8
1305,Can Pastilla 2_2025,1729,1719,155.34001,149.0,2025-08-30 15:00:00,8
1306,Can Pastilla 2_2025,1730,1719,114.70083,92.0,2025-08-30 16:00:00,8
1307,Can Pastilla 2_2025,1731,1719,75.47661,84.0,2025-08-30 17:00:00,8
1308,Can Pastilla 2_2025,1732,1719,56.21884,45.0,2025-08-30 18:00:00,8
1309,Can Pastilla 2_2025,1733,1719,60.398247,46.0,2025-08-30 19:00:00,8
1310,Can Pastilla 2_2025,1734,1719,55.581795,52.0,2025-08-30 20:00:00,8
1311,Can Pastilla 2_2025,1735,1719,89.75693,100.0,2025-08-31 08:00:00,8
1312,Can Pastilla 2_2025,1736,1719,153.78265,153.0,2025-08-31 09:00:00,8
1313,Can Pastilla 2_2025,1737,1719,173.30571,184.0,2025-08-31 10:00:00,8
1314,Can Pastilla 2_2025,1738,1719,168.27997,171.0,2025-08-31 11:00:00,8
1315,Can Pastilla 2_2025,1739,1719,163.51723,172.0,2025-08-31 12:00:00,8
1316,Can Pastilla 2_2025,1740,1719,168.14247,156.0,2025-08-31 13:00:00,8
1317,Can Pastilla 2_2025,1741,1719,169.9372,139.0,2025-08-31 14:00:00,8
1318,Can Pastilla 2_2025,1742,1719,157.74362,136.0,2025-08-31 15:00:00,8
1319,Can Pastilla 2_2025,1743,1719,119.227684,84.0,2025-08-31 16:00:00,8
1320,Can Pastilla 2_2025,1744,1719,79.90472,73.0,2025-08-31 17:00:00,8
1321,Can Pastilla 2_2025,1745,1719,57.60774,54.0,2025-08-31 18:00:00,8
1322,Can Pastilla 2_2025,1746,1719,61.63009,58.0,2025-08-31 19:00:00,8
1323,Can Pastilla 2_2025,1747,1719,56.38966,59.0,2025-08-31 20:00:00,8
1324,Can Pastilla 2_2025,1748,1719,85.082794,76.0,2025-09-01 08:00:00,9
1325,Can Pastilla 2_2025,1749,1719,139.57455,112.0,2025-09-01 09:00:00,9
1326,Can Pastilla 2_2025,1750,1719,152.81813,119.0,2025-09-01 10:00:00,9
1327,Can Pastilla 2_2025,1751,1719,146.10371,111.0,2025-09-01 11:00:00,9
1328,Can Pastilla 2_2025,1752,1719,139.17165,113.0,2025-09-01 12:00:00,9
1329,Can Pastilla 2_2025,1753,1719,144.95856,120.0,2025-09-01 13:00:00,9
1330,Can Pastilla 2_2025,1754,1719,144.46036,184.0,2025-09-01 14:00:00,9
1331,Can Pastilla 2_2025,1755,1719,130.42752,137.0,2025-09-01 15:00:00,9
1332,Can Pastilla 2_2025,1756,1755,86.69353,90.0,2025-09-01 16:00:00,9
1333,Can Pastilla 2_2025,1757,1755,63.378067,102.0,2025-09-01 17:00:00,9
1334,Can Pastilla 2_2025,1758,1755,46.514153,56.0,2025-09-01 18:00:00,9
1335,Can Pastilla 2_2025,1759,1755,45.22436,73.0,2025-09-01 19:00:00,9
1336,Can Pastilla 2_2025,1760,1755,48.002068,38.0,2025-09-01 20:00:00,9
1337,Can Pastilla 2_2025,1761,1755,97.607285,112.0,2025-09-02 08:00:00,9
1338,Can Pastilla 2_2025,1762,1755,143.64944,118.0,2025-09-02 09:00:00,9
1339,Can Pastilla 2_2025,1763,1755,158.01346,150.0,2025-09-02 10:00:00,9
1340,Can Pastilla 2_2025,1764,1755,151.16919,132.0,2025-09-02 11:00:00,9
1341,Can Pastilla 2_2025,1765,1755,145.3778,129.0,2025-09-02 12:00:00,9
1342,Can Pastilla 2_2025,1766,1755,145.6569,121.0,2025-09-02 13:00:00,9
1343,Can Pastilla 2_2025,1767,1755,145.02194,113.0,2025-09-02 14:00:00,9
1344,Can Pastilla 2_2025,1768,1755,127.200386,113.0,2025-09-02 15:00:00,9
1345,Can Pastilla 2_2025,1769,1755,85.32798,87.0,2025-09-02 16:00:00,9
1346,Can Pastilla 2_2025,1770,1755,63.33673,66.0,2025-09-02 17:00:00,9
1347,Can Pastilla 2_2025,1771,1755,46.693752,59.0,2025-09-02 18:00:00,9
1348,Can Pastilla 2_2025,1772,1755,44.052742,30.0,2025-09-02 19:00:00,9
1349,Can Pastilla 2_2025,1773,1755,48.966805,45.0,2025-09-02 20:00:00,9
1350,Can Pastilla 2_2025,1774,1755,105.66956,112.0,2025-09-03 08:00:00,9
1351,Can Pastilla 2_2025,1775,1755,150.89423,177.0,2025-09-03 09:00:00,9
1352,Can Pastilla 2_2025,1776,1755,158.44846,200.0,2025-09-03 10:00:00,9
1353,Can Pastilla 2_2025,1777,1755,150.3526,191.0,2025-09-03 11:00:00,9
1354,Can Pastilla 2_2025,1778,1755,145.02148,137.0,2025-09-03 12:00:00,9
1355,Can Pastilla 2_2025,1779,1755,146.82196,161.0,2025-09-03 13:00:00,9
1356,Can Pastilla 2_2025,1780,1755,147.21227,148.0,2025-09-03 14:00:00,9
1357,Can Pastilla 2_2025,1781,1755,129.7676,135.0,2025-09-03 15:00:00,9
1358,Can Pastilla 2_2025,1782,1755,86.39534,101.0,2025-09-03 16:00:00,9
1359,Can Pastilla 2_2025,1783,1755,63.07527,72.0,2025-09-03 17:00:00,9
1360,Can Pastilla 2_2025,1784,1755,46.12958,38.0,2025-09-03 18:00:00,9
1361,Can Pastilla 2_2025,1785,1755,44.024837,52.0,2025-09-03 19:00:00,9
1362,Can Pastilla 2_2025,1786,1755,48.98445,44.0,2025-09-03 20:00:00,9
1363,Can Pastilla 2_2025,1787,1755,107.66021,132.0,2025-09-04 08:00:00,9
1364,Can Pastilla 2_2025,1788,1755,156.29562,151.0,2025-09-04 09:00:00,9
1365,Can Pastilla 2_2025,1789,1755,163.95709,182.0,2025-09-04 10:00:00,9
1366,Can Pastilla 2_2025,1790,1755,156.03479,166.0,2025-09-04 11:00:00,9
1367,Can Pastilla 2_2025,1791,1755,151.32062,137.0,2025-09-04 12:00:00,9
1368,Can Pastilla 2_2025,1792,1791,151.95355,161.0,2025-09-04 13:00:00,9
1369,Can Pastilla 2_2025,1793,1791,145.7201,162.0,2025-09-04 14:00:00,9
1370,Can Pastilla 2_2025,1794,1791,123.10082,153.0,2025-09-04 15:00:00,9
1371,Can Pastilla 2_2025,1795,1791,89.35033,105.0,2025-09-04 16:00:00,9
1372,Can Pastilla 2_2025,1796,1791,68.523285,79.0,2025-09-04 17:00:00,9
1373,Can Pastilla 2_2025,1797,1791,50.630455,55.0,2025-09-04 18:00:00,9
1374,Can Pastilla 2_2025,1798,1791,46.624916,30.0,2025-09-04 19:00:00,9
1375,Can Pastilla 2_2025,1799,1791,42.509445,21.0,2025-09-04 20:00:00,9
1376,Can Pastilla 2_2025,1800,1791,106.453255,97.0,2025-09-05 08:00:00,9
1377,Can Pastilla 2_2025,1801,1791,135.47437,120.0,2025-09-05 09:00:00,9
1378,Can Pastilla 2_2025,1802,1791,142.21155,138.0,2025-09-05 10:00:00,9
1379,Can Pastilla 2_2025,1803,1791,134.48431,125.0,2025-09-05 11:00:00,9
1380,Can Pastilla 2_2025,1804,1791,130.10547,119.0,2025-09-05 12:00:00,9
1381,Can Pastilla 2_2025,1805,1791,132.05385,150.0,2025-09-05 13:00:00,9
1382,Can Pastilla 2_2025,1806,1791,130.8935,147.0,2025-09-05 14:00:00,9
1383,Can Pastilla 2_2025,1807,1791,113.02743,125.0,2025-09-05 15:00:00,9
1384,Can Pastilla 2_2025,1808,1791,83.91311,100.0,2025-09-05 16:00:00,9
1385,Can Pastilla 2_2025,1809,1791,65.86584,36.0,2025-09-05 17:00:00,9
1386,Can Pastilla 2_2025,1810,1791,49.877716,43.0,2025-09-05 18:00:00,9
1387,Can Pastilla 2_2025,1811,1791,46.648766,42.0,2025-09-05 19:00:00,9
1388,Can Pastilla 2_2025,1812,1791,43.009098,19.0,2025-09-05 20:00:00,9
1389,Can Pastilla 2_2025,1813,1791,104.58492,78.0,2025-09-06 08:00:00,9
1390,Can Pastilla 2_2025,1814,1791,136.33533,119.0,2025-09-06 09:00:00,9
1391,Can Pastilla 2_2025,1815,1791,146.16759,162.0,2025-09-06 10:00:00,9
1392,Can Pastilla 2_2025,1816,1791,139.8115,143.0,2025-09-06 11:00:00,9
1393,Can Pastilla 2_2025,1817,1791,136.0322,145.0,2025-09-06 12:00:00,9
1394,Can Pastilla 2_2025,1818,1791,138.5755,132.0,2025-09-06 13:00:00,9
1395,Can Pastilla 2_2025,1819,1791,138.82864,136.0,2025-09-06 14:00:00,9
1396,Can Pastilla 2_2025,1820,1791,121.03691,127.0,2025-09-06 15:00:00,9
1397,Can Pastilla 2_2025,1821,1791,88.588356,87.0,2025-09-06 16:00:00,9
1398,Can Pastilla 2_2025,1822,1791,68.29799,42.0,2025-09-06 17:00:00,9
1399,Can Pastilla 2_2025,1823,1791,50.419666,80.0,2025-09-06 18:00:00,9
1400,Can Pastilla 2_2025,1824,1791,46.504227,84.0,2025-09-06 19:00:00,9
1401,Can Pastilla 2_2025,1825,1791,42.60764,32.0,2025-09-06 20:00:00,9
1402,Can Pastilla 2_2025,1826,1791,105.88446,60.0,2025-09-07 08:00:00,9
1403,Can Pastilla 2_2025,1827,1791,140.12988,135.0,2025-09-07 09:00:00,9
1404,Can Pastilla 2_2025,1828,1827,156.32771,124.0,2025-09-07 10:00:00,9
1405,Can Pastilla 2_2025,1829,1827,154.23347,163.0,2025-09-07 11:00:00,9
1406,Can Pastilla 2_2025,1830,1827,153.18097,116.0,2025-09-07 12:00:00,9
1407,Can Pastilla 2_2025,1831,1827,156.25299,81.0,2025-09-07 13:00:00,9
1408,Can Pastilla 2_2025,1832,1827,152.04276,129.0,2025-09-07 14:00:00,9
1409,Can Pastilla 2_2025,1833,1827,133.96384,91.0,2025-09-07 15:00:00,9
1410,Can Pastilla 2_2025,1834,1827,84.89237,70.0,2025-09-07 16:00:00,9
1411,Can Pastilla 2_2025,1835,1827,54.177612,57.0,2025-09-07 17:00:00,9
1412,Can Pastilla 2_2025,1836,1827,52.089188,76.0,2025-09-07 18:00:00,9
1413,Can Pastilla 2_2025,1837,1827,48.030674,24.0,2025-09-07 19:00:00,9
1414,Can Pastilla 2_2025,1838,1827,30.641304,31.0,2025-09-07 20:00:00,9
1415,Can Pastilla 2_2025,1839,1827,87.72397,50.0,2025-09-08 08:00:00,9
1416,Can Pastilla 2_2025,1840,1827,119.51038,52.0,2025-09-08 09:00:00,9
1417,Can Pastilla 2_2025,1841,1827,135.69409,96.0,2025-09-08 10:00:00,9
1418,Can Pastilla 2_2025,1842,1827,132.77591,127.0,2025-09-08 11:00:00,9
1419,Can Pastilla 2_2025,1843,1827,128.98578,103.0,2025-09-08 12:00:00,9
1420,Can Pastilla 2_2025,1844,1827,132.12816,119.0,2025-09-08 13:00:00,9
1421,Can Pastilla 2_2025,1845,1827,132.27438,118.0,2025-09-08 14:00:00,9
1422,Can Pastilla 2_2025,1846,1827,116.301384,131.0,2025-09-08 15:00:00,9
1423,Can Pastilla 2_2025,1847,1827,71.098785,97.0,2025-09-08 16:00:00,9
1424,Can Pastilla 2_2025,1848,1827,50.457153,55.0,2025-09-08 17:00:00,9
1425,Can Pastilla 2_2025,1849,1827,49.788895,64.0,2025-09-08 18:00:00,9
1426,Can Pastilla 2_2025,1850,1827,49.758606,35.0,2025-09-08 19:00:00,9
1427,Can Pastilla 2_2025,1851,1827,32.793556,54.0,2025-09-08 20:00:00,9
1428,Can Pastilla 2_2025,1852,1827,82.865234,40.0,2025-09-09 08:00:00,9
1429,Can Pastilla 2_2025,1853,1827,106.99932,27.0,2025-09-09 09:00:00,9
1430,Can Pastilla 2_2025,1854,1827,112.514435,22.0,2025-09-09 10:00:00,9
1431,Can Pastilla 2_2025,1855,1827,112.87521,17.0,2025-09-09 11:00:00,9
1432,Can Pastilla 2_2025,1856,1827,107.615166,17.0,2025-09-09 12:00:00,9
1433,Can Pastilla 2_2025,1857,1827,102.21386,23.0,2025-09-09 13:00:00,9
1434,Can Pastilla 2_2025,1858,1827,96.73566,24.0,2025-09-09 14:00:00,9
1435,Can Pastilla 2_2025,1859,1827,75.82058,24.0,2025-09-09 15:00:00,9
1436,Can Pastilla 2_2025,1860,1827,51.426632,24.0,2025-09-09 16:00:00,9
1437,Can Pastilla 2_2025,1861,1827,45.503105,24.0,2025-09-09 17:00:00,9
1438,Can Pastilla 2_2025,1862,1827,46.134315,24.0,2025-09-09 18:00:00,9
1439,Can Pastilla 2_2025,1863,1827,46.81982,24.0,2025-09-09 19:00:00,9
1440,Can Pastilla_2022,2239,2238,27.811752,24.953372955322266,2023-01-10 17:00:00,1
1441,Can Pastilla_2022,2240,2238,29.840092,22.63218879699707,2023-01-10 18:00:00,1
1442,Can Pastilla_2022,2241,2238,34.087296,35.608642578125,2023-01-10 19:00:00,1
1443,Can Pastilla_2022,2242,2238,33.39049,39.88712692260742,2023-01-10 20:00:00,1
1444,Can Pastilla_2022,2243,2238,28.404984,40.545555114746094,2023-01-11 08:00:00,1
1445,Can Pastilla_2022,2244,2238,29.7706,32.40090560913086,2023-01-11 09:00:00,1
1446,Can Pastilla_2022,2245,2238,30.41708,33.91973114013672,2023-01-11 10:00:00,1
1447,Can Pastilla_2022,2246,2238,29.434849,26.53548049926757,2023-01-11 11:00:00,1
1448,Can Pastilla_2022,2247,2238,27.673359,23.445236206054688,2023-01-11 12:00:00,1
1449,Can Pastilla_2022,2248,2238,26.652447,22.294754028320312,2023-01-11 13:00:00,1
1450,Can Pastilla_2022,2249,2238,26.484068,32.99102020263672,2023-01-11 14:00:00,1
1451,Can Pastilla_2022,2250,2238,26.999474,23.83205795288086,2023-01-11 15:00:00,1
1452,Can Pastilla_2022,2251,2238,29.751049,35.39472579956055,2023-01-11 19:00:00,1
1453,Can Pastilla_2022,2252,2238,34.304413,37.54065704345703,2023-01-11 20:00:00,1
1454,Can Pastilla_2022,2253,2238,28.636835,32.806419372558594,2023-01-12 08:00:00,1
1455,Can Pastilla_2022,2254,2238,29.439953,33.6390380859375,2023-01-12 09:00:00,1
1456,Can Pastilla_2022,2255,2238,30.25808,31.46377944946289,2023-01-12 10:00:00,1
1457,Can Pastilla_2022,2256,2238,29.420944,27.12954330444336,2023-01-12 11:00:00,1
1458,Can Pastilla_2022,2257,2238,27.70765,22.855144500732425,2023-01-12 12:00:00,1
1459,Can Pastilla_2022,2258,2238,26.651657,20.715606689453125,2023-01-12 13:00:00,1
1460,Can Pastilla_2022,2259,2238,26.470175,22.935562133789062,2023-01-12 14:00:00,1
1461,Can Pastilla_2022,2260,2238,27.014462,22.97858047485352,2023-01-12 15:00:00,1
1462,Can Pastilla_2022,2261,2238,28.038448,26.34947967529297,2023-01-12 16:00:00,1
1463,Can Pastilla_2022,2262,2238,28.749605,26.72349548339844,2023-01-12 17:00:00,1
1464,Can Pastilla_2022,2263,2238,30.856888,24.80091094970703,2023-01-12 18:00:00,1
1465,Can Pastilla_2022,2264,2238,34.782043,35.861183166503906,2023-01-12 19:00:00,1
1466,Can Pastilla_2022,2265,2238,33.47348,36.14762878417969,2023-01-12 20:00:00,1
1467,Can Pastilla_2022,2266,2238,28.893356,35.87200927734375,2023-01-13 08:00:00,1
1468,Can Pastilla_2022,2267,2238,30.160995,37.593994140625,2023-01-13 09:00:00,1
1469,Can Pastilla_2022,2268,2238,30.636097,34.29644012451172,2023-01-13 10:00:00,1
1470,Can Pastilla_2022,2269,2238,29.312124,25.708032608032227,2023-01-13 11:00:00,1
1471,Can Pastilla_2022,2270,2238,26.378317,35.619773864746094,2023-01-13 13:00:00,1
1472,Can Pastilla_2022,2271,2238,26.355928,28.172260284423828,2023-01-13 14:00:00,1
1473,Can Pastilla_2022,2272,2238,26.953772,29.047653198242188,2023-01-13 15:00:00,1
1474,Can Pastilla_2022,2273,2238,27.997269,31.884185791015625,2023-01-13 16:00:00,1
1475,Can Pastilla_2022,2274,2238,28.755453,31.46585464477539,2023-01-13 17:00:00,1
1476,Can Pastilla_2022,2275,2274,30.29739,31.314987182617188,2023-01-13 18:00:00,1
1477,Can Pastilla_2022,2276,2274,38.35467,36.714454650878906,2023-01-13 19:00:00,1
1478,Can Pastilla_2022,2277,2274,36.894897,40.42875671386719,2023-01-13 20:00:00,1
1479,Can Pastilla_2022,2278,2274,33.093307,35.03821563720703,2023-01-14 08:00:00,1
1480,Can Pastilla_2022,2279,2274,33.64181,34.24388885498047,2023-01-14 09:00:00,1
1481,Can Pastilla_2022,2280,2274,31.574398,35.915489196777344,2023-01-14 10:00:00,1
1482,Can Pastilla_2022,2281,2274,28.482548,34.23844146728516,2023-01-14 11:00:00,1
1483,Can Pastilla_2022,2282,2274,26.706833,25.495285034179688,2023-01-14 12:00:00,1
1484,Can Pastilla_2022,2283,2274,26.740242,21.59463882446289,2023-01-14 13:00:00,1
1485,Can Pastilla_2022,2284,2274,27.298597,22.106285095214844,2023-01-14 14:00:00,1
1486,Can Pastilla_2022,2285,2274,28.05897,23.303272247314453,2023-01-14 15:00:00,1
1487,Can Pastilla_2022,2286,2274,28.926231,29.819780349731445,2023-01-14 16:00:00,1
1488,Can Pastilla_2022,2287,2274,28.347889,27.40877151489257,2023-01-14 17:00:00,1
1489,Can Pastilla_2022,2288,2274,28.975454,23.25221824645996,2023-01-14 18:00:00,1
1490,Can Pastilla_2022,2289,2274,38.37584,37.83818054199219,2023-01-14 19:00:00,1
1491,Can Pastilla_2022,2290,2274,37.56345,33.90736770629883,2023-01-14 20:00:00,1
1492,Can Pastilla_2022,2291,2274,34.253307,27.709701538085938,2023-01-15 08:00:00,1
1493,Can Pastilla_2022,2292,2274,33.92889,29.646970748901367,2023-01-15 09:00:00,1
1494,Can Pastilla_2022,2293,2274,31.385494,34.15141296386719,2023-01-15 10:00:00,1
1495,Can Pastilla_2022,2294,2274,28.06419,33.361297607421875,2023-01-15 11:00:00,1
1496,Can Pastilla_2022,2295,2274,26.315535,21.34039306640625,2023-01-15 12:00:00,1
1497,Can Pastilla_2022,2296,2274,26.43792,21.989614486694336,2023-01-15 13:00:00,1
1498,Can Pastilla_2022,2297,2274,27.198582,23.58077812194824,2023-01-15 14:00:00,1
1499,Can Pastilla_2022,2298,2274,28.1439,23.12338638305664,2023-01-15 15:00:00,1
1500,Can Pastilla_2022,2299,2274,29.19229,29.489877700805664,2023-01-15 16:00:00,1
1501,Can Pastilla_2022,2300,2274,28.820248,30.654953002929688,2023-01-15 17:00:00,1
1502,Can Pastilla_2022,2301,2274,28.492413,25.977489471435547,2023-01-15 18:00:00,1
1503,Can Pastilla_2022,2302,2274,38.511967,34.80477523803711,2023-01-15 19:00:00,1
1504,Can Pastilla_2022,2303,2274,37.61834,33.66123962402344,2023-01-15 20:00:00,1
1505,Can Pastilla_2022,2304,2274,32.832592,25.923377990722656,2023-01-16 08:00:00,1
1506,Can Pastilla_2022,2305,2274,32.343857,30.881662368774418,2023-01-16 09:00:00,1
1507,Can Pastilla_2022,2306,2274,29.917488,28.155601501464844,2023-01-16 10:00:00,1
1508,Can Pastilla_2022,2307,2274,26.874222,31.35420608520508,2023-01-16 11:00:00,1
1509,Can Pastilla_2022,2308,2274,25.1787,22.851303100585938,2023-01-16 12:00:00,1
1510,Can Pastilla_2022,2309,2274,25.146603,21.90101432800293,2023-01-16 13:00:00,1
1511,Can Pastilla_2022,2310,2274,25.85718,21.145580291748047,2023-01-16 14:00:00,1
1512,Can Pastilla_2022,2311,2310,26.30055,23.99054718017578,2023-01-16 15:00:00,1
1513,Can Pastilla_2022,2312,2310,27.331476,24.153818130493164,2023-01-16 16:00:00,1
1514,Can Pastilla_2022,2313,2310,26.993748,24.031953811645508,2023-01-16 17:00:00,1
1515,Can Pastilla_2022,2314,2310,26.378485,25.772560119628903,2023-01-16 18:00:00,1
1516,Can Pastilla_2022,2315,2310,36.453194,37.47936630249024,2023-01-16 19:00:00,1
1517,Can Pastilla_2022,2316,2310,35.438732,36.01467514038086,2023-01-16 20:00:00,1
1518,Can Pastilla_2022,2317,2310,30.31852,22.46710205078125,2023-01-17 08:00:00,1
1519,Can Pastilla_2022,2318,2310,31.386114,22.62729835510254,2023-01-17 09:00:00,1
1520,Can Pastilla_2022,2319,2310,31.15954,23.06474494934082,2023-01-17 10:00:00,1
1521,Can Pastilla_2022,2320,2310,26.917793,22.83614158630371,2023-01-17 15:00:00,1
1522,Can Pastilla_2022,2321,2310,28.321402,24.55142593383789,2023-01-17 16:00:00,1
1523,Can Pastilla_2022,2322,2310,26.260695,25.295106887817383,2023-01-17 18:00:00,1
1524,Can Pastilla_2022,2323,2310,35.92326,27.783506393432617,2023-01-17 20:00:00,1
1525,Can Pastilla_2022,2324,2310,29.446157,23.47788429260254,2023-01-18 08:00:00,1
1526,Can Pastilla_2022,2325,2310,29.820324,24.42392349243164,2023-01-18 09:00:00,1
1527,Can Pastilla_2022,2326,2310,29.591282,26.37848663330078,2023-01-18 10:00:00,1
1528,Can Pastilla_2022,2327,2310,23.825085,18.070003509521484,2023-01-18 13:00:00,1
1529,Can Pastilla_2022,2328,2310,24.098299,30.084840774536133,2023-01-18 14:00:00,1
1530,Can Pastilla_2022,2329,2310,25.635365,22.050029754638672,2023-01-18 15:00:00,1
1531,Can Pastilla_2022,2330,2310,27.109566,24.784767150878903,2023-01-18 16:00:00,1
1532,Can Pastilla_2022,2331,2310,26.101107,25.54395294189453,2023-01-18 17:00:00,1
1533,Can Pastilla_2022,2332,2310,28.304333,31.23889541625977,2023-01-18 18:00:00,1
1534,Can Pastilla_2022,2333,2310,35.62986,26.1168212890625,2023-01-18 19:00:00,1
1535,Can Pastilla_2022,2334,2310,34.61627,28.131244659423828,2023-01-18 20:00:00,1
1536,Can Pastilla_2022,2335,2310,29.277437,20.50665664672852,2023-01-19 08:00:00,1
1537,Can Pastilla_2022,2336,2310,30.22276,20.489479064941406,2023-01-19 09:00:00,1
1538,Can Pastilla_2022,2337,2310,29.913216,21.82259750366211,2023-01-19 10:00:00,1
1539,Can Pastilla_2022,2338,2310,28.272907,26.166236877441406,2023-01-19 11:00:00,1
1540,Can Pastilla_2022,2339,2310,25.283976,22.869930267333984,2023-01-19 12:00:00,1
1541,Can Pastilla_2022,2340,2310,23.85134,19.70491409301757,2023-01-19 13:00:00,1
1542,Can Pastilla_2022,2341,2310,25.77798,24.90981674194336,2023-01-19 15:00:00,1
1543,Can Pastilla_2022,2342,2310,27.640184,25.48356437683105,2023-01-19 16:00:00,1
1544,Can Pastilla_2022,2343,2310,27.256142,22.667835235595703,2023-01-19 17:00:00,1
1545,Can Pastilla_2022,2344,2310,26.414978,23.81238174438477,2023-01-19 18:00:00,1
1546,Can Pastilla_2022,2345,2310,36.281338,27.840133666992188,2023-01-19 19:00:00,1
1547,Can Pastilla_2022,2346,2310,35.764893,30.25178909301757,2023-01-19 20:00:00,1
1548,Can Pastilla_2022,2347,2346,23.695583,24.186004638671875,2023-01-20 08:00:00,1
1549,Can Pastilla_2022,2348,2346,25.326498,21.55583953857422,2023-01-20 09:00:00,1
1550,Can Pastilla_2022,2349,2346,26.157211,26.00229835510254,2023-01-20 10:00:00,1
1551,Can Pastilla_2022,2350,2346,25.906548,24.932079315185547,2023-01-20 11:00:00,1
1552,Can Pastilla_2022,2351,2346,23.90686,28.946413040161133,2023-01-20 12:00:00,1
1553,Can Pastilla_2022,2352,2346,22.807316,27.41031265258789,2023-01-20 13:00:00,1
1554,Can Pastilla_2022,2353,2346,23.78339,25.99542236328125,2023-01-20 14:00:00,1
1555,Can Pastilla_2022,2354,2346,24.970757,24.683069229125977,2023-01-20 15:00:00,1
1556,Can Pastilla_2022,2355,2346,24.989391,26.00659942626953,2023-01-20 16:00:00,1
1557,Can Pastilla_2022,2356,2346,24.452663,24.739431381225582,2023-01-20 17:00:00,1
1558,Can Pastilla_2022,2357,2346,24.997732,25.255714416503903,2023-01-20 18:00:00,1
1559,Can Pastilla_2022,2358,2346,29.105438,25.332550048828125,2023-01-20 19:00:00,1
1560,Can Pastilla_2022,2359,2346,28.810333,26.294164657592773,2023-01-20 20:00:00,1
1561,Can Pastilla_2022,2360,2346,22.729399,23.2574462890625,2023-01-21 08:00:00,1
1562,Can Pastilla_2022,2361,2346,24.508955,33.410179138183594,2023-01-21 09:00:00,1
1563,Can Pastilla_2022,2362,2346,25.697977,29.044109344482425,2023-01-21 10:00:00,1
1564,Can Pastilla_2022,2363,2346,25.652308,30.33246421813965,2023-01-21 11:00:00,1
1565,Can Pastilla_2022,2364,2346,23.741272,24.28353309631348,2023-01-21 12:00:00,1
1566,Can Pastilla_2022,2365,2346,22.565468,21.84915542602539,2023-01-21 13:00:00,1
1567,Can Pastilla_2022,2366,2346,23.659346,23.083301544189453,2023-01-21 14:00:00,1
1568,Can Pastilla_2022,2367,2346,24.939745,21.69586181640625,2023-01-21 15:00:00,1
1569,Can Pastilla_2022,2368,2346,24.958412,25.40009880065918,2023-01-21 16:00:00,1
1570,Can Pastilla_2022,2369,2346,24.567638,26.12628555297852,2023-01-21 17:00:00,1
1571,Can Pastilla_2022,2370,2346,26.545135,31.8375186920166,2023-01-21 19:00:00,1
1572,Can Pastilla_2022,2371,2346,29.493843,35.754173278808594,2023-01-21 20:00:00,1
1573,Can Pastilla_2022,2372,2346,23.06865,27.76384162902832,2023-01-22 08:00:00,1
1574,Can Pastilla_2022,2373,2346,25.319798,28.805252075195312,2023-01-22 09:00:00,1
1575,Can Pastilla_2022,2374,2346,26.55289,26.118547439575195,2023-01-22 10:00:00,1
1576,Can Pastilla_2022,2375,2346,26.74154,32.01814651489258,2023-01-22 11:00:00,1
1577,Can Pastilla_2022,2376,2346,24.587282,31.30674171447754,2023-01-22 12:00:00,1
1578,Can Pastilla_2022,2377,2346,23.221912,30.15129280090332,2023-01-22 13:00:00,1
1579,Can Pastilla_2022,2378,2346,24.44569,26.08041763305664,2023-01-22 14:00:00,1
1580,Can Pastilla_2022,2379,2346,25.693941,21.25494766235352,2023-01-22 15:00:00,1
1581,Can Pastilla_2022,2380,2346,25.648983,28.32708168029785,2023-01-22 16:00:00,1
1582,Can Pastilla_2022,2381,2346,25.051405,24.27364730834961,2023-01-22 17:00:00,1
1583,Can Pastilla_2022,2382,2346,25.679615,21.447040557861328,2023-01-22 18:00:00,1
1584,Can Pastilla_2022,2383,2382,29.344997,26.80928039550781,2023-01-22 19:00:00,1
1585,Can Pastilla_2022,2384,2382,30.433718,27.04100799560547,2023-01-22 20:00:00,1
1586,Can Pastilla_2022,2385,2382,23.962175,20.535717010498047,2023-01-23 08:00:00,1
1587,Can Pastilla_2022,2386,2382,24.562195,20.48970031738281,2023-01-23 09:00:00,1
1588,Can Pastilla_2022,2387,2382,25.431072,18.26444625854492,2023-01-23 10:00:00,1
1589,Can Pastilla_2022,2388,2382,26.05092,24.50908851623535,2023-01-23 11:00:00,1
1590,Can Pastilla_2022,2389,2382,25.686293,23.284156799316406,2023-01-23 12:00:00,1
1591,Can Pastilla_2022,2390,2382,24.699179,20.00124740600586,2023-01-23 13:00:00,1
1592,Can Pastilla_2022,2391,2382,23.975435,26.146556854248047,2023-01-23 14:00:00,1
1593,Can Pastilla_2022,2392,2382,24.06129,20.596925735473636,2023-01-23 15:00:00,1
1594,Can Pastilla_2022,2393,2382,24.41633,28.466896057128903,2023-01-23 16:00:00,1
1595,Can Pastilla_2022,2394,2382,23.804575,25.430561065673828,2023-01-23 17:00:00,1
1596,Can Pastilla_2022,2395,2382,23.133678,25.142879486083984,2023-01-23 18:00:00,1
1597,Can Pastilla_2022,2396,2382,29.367943,28.94302749633789,2023-01-23 19:00:00,1
1598,Can Pastilla_2022,2397,2382,30.772495,31.30221176147461,2023-01-23 20:00:00,1
1599,Can Pastilla_2022,2398,2382,24.141256,20.778879165649418,2023-01-24 08:00:00,1
1600,Can Pastilla_2022,2399,2382,24.525114,24.5615348815918,2023-01-24 09:00:00,1
1601,Can Pastilla_2022,2400,2382,25.20154,24.997772216796875,2023-01-24 10:00:00,1
1602,Can Pastilla_2022,2401,2382,25.622366,25.16617012023925,2023-01-24 11:00:00,1
1603,Can Pastilla_2022,2402,2382,25.129208,31.591602325439453,2023-01-24 12:00:00,1
1604,Can Pastilla_2022,2403,2382,24.26338,28.890003204345703,2023-01-24 13:00:00,1
1605,Can Pastilla_2022,2404,2382,23.722107,24.823131561279297,2023-01-24 14:00:00,1
1606,Can Pastilla_2022,2405,2382,23.873508,29.036657333374023,2023-01-24 15:00:00,1
1607,Can Pastilla_2022,2406,2382,24.288467,21.374557495117188,2023-01-24 16:00:00,1
1608,Can Pastilla_2022,2407,2382,23.765638,28.41415786743164,2023-01-24 17:00:00,1
1609,Can Pastilla_2022,2408,2382,23.131254,26.990833282470703,2023-01-24 18:00:00,1
1610,Can Pastilla_2022,2409,2382,29.37856,28.392894744873047,2023-01-24 19:00:00,1
1611,Can Pastilla_2022,2410,2382,30.858969,27.339019775390625,2023-01-24 20:00:00,1
1612,Can Pastilla_2022,2411,2382,24.556458,21.531192779541016,2023-01-25 08:00:00,1
1613,Can Pastilla_2022,2412,2382,25.204615,23.284149169921875,2023-01-25 09:00:00,1
1614,Can Pastilla_2022,2413,2382,24.23451,21.4032039642334,2023-01-25 13:00:00,1
1615,Can Pastilla_2022,2414,2382,23.811647,23.250808715820312,2023-01-25 14:00:00,1
1616,Can Pastilla_2022,2415,2382,24.620758,22.62421417236328,2023-01-25 16:00:00,1
1617,Can Pastilla_2022,2416,2382,24.325027,23.738021850585938,2023-01-25 17:00:00,1
1618,Can Pastilla_2022,2417,2382,24.856007,32.299346923828125,2023-01-25 20:00:00,1
1619,Can Pastilla_2022,2418,2382,24.841267,22.840007781982425,2023-01-26 09:00:00,1
1620,Can Pastilla_2025,3209,3208,22.526583,23.0,2026-01-25 10:00:00,1
1621,Can Pastilla_2025,3210,3208,21.638937,26.0,2026-01-25 11:00:00,1
1622,Can Pastilla_2025,3211,3208,20.013573,35.0,2026-01-25 12:00:00,1
1623,Can Pastilla_2025,3212,3208,19.29376,46.0,2026-01-25 13:00:00,1
1624,Can Pastilla_2025,3213,3208,19.729725,26.0,2026-01-25 14:00:00,1
1625,Can Pastilla_2025,3214,3208,20.432632,21.0,2026-01-25 15:00:00,1
1626,Can Pastilla_2025,3215,3208,15.864335,16.0,2026-01-25 16:00:00,1
1627,Can Pastilla_2025,3216,3208,6.2914495,6.0,2026-01-25 17:00:00,1
1628,Can Pastilla_2025,3217,3208,5.4760838,4.0,2026-01-25 18:00:00,1
1629,Can Pastilla_2025,3218,3208,5.0803514,5.0,2026-01-25 19:00:00,1
1630,Can Pastilla_2025,3219,3208,4.655419,5.0,2026-01-25 20:00:00,1
1631,Can Pastilla_2025,3220,3208,12.37109,14.0,2026-01-26 08:00:00,1
1632,Can Pastilla_2025,3221,3208,16.408014,21.0,2026-01-26 10:00:00,1
1633,Can Pastilla_2025,3222,3208,15.969116,10.0,2026-01-26 11:00:00,1
1634,Can Pastilla_2025,3223,3208,14.452958,15.0,2026-01-26 12:00:00,1
1635,Can Pastilla_2025,3224,3208,13.98166,19.0,2026-01-26 13:00:00,1
1636,Can Pastilla_2025,3225,3208,14.674538,23.0,2026-01-26 14:00:00,1
1637,Can Pastilla_2025,3226,3208,15.229975,31.0,2026-01-26 15:00:00,1
1638,Can Pastilla_2025,3227,3208,11.338499,33.0,2026-01-26 16:00:00,1
1639,Can Pastilla_2025,3228,3208,5.590249,8.0,2026-01-26 17:00:00,1
1640,Can Pastilla_2025,3229,3208,13.832254,21.0,2026-01-31 08:00:00,1
1641,Can Pastilla_2025,3230,3208,14.333148,7.0,2026-01-31 09:00:00,1
1642,Can Pastilla_2025,3231,3208,15.7651005,8.0,2026-01-31 10:00:00,1
1643,Can Pastilla_2025,3232,3208,16.696075,14.0,2026-01-31 11:00:00,1
1644,Can Pastilla_2025,3233,3208,15.262154,8.0,2026-01-31 12:00:00,1
1645,Can Pastilla_2025,3234,3208,14.482995,22.0,2026-01-31 13:00:00,1
1646,Can Pastilla_2025,3235,3208,15.107802,8.0,2026-01-31 14:00:00,1
1647,Can Pastilla_2025,3236,3208,15.718298,9.0,2026-01-31 15:00:00,1
1648,Can Pastilla_2025,3237,3208,11.697928,7.0,2026-01-31 16:00:00,1
1649,Can Pastilla_2025,3238,3208,5.3001037,6.0,2026-01-31 17:00:00,1
1650,Can Pastilla_2025,3239,3208,5.373534,4.0,2026-01-31 18:00:00,1
1651,Can Pastilla_2025,3240,3208,5.0422354,4.0,2026-01-31 19:00:00,1
1652,Can Pastilla_2025,3241,3208,4.6343837,5.0,2026-01-31 20:00:00,1
1653,Can Pastilla_2025,3242,3208,12.365851,5.0,2026-02-01 08:00:00,2
1654,Can Pastilla_2025,3243,3208,16.625454,5.0,2026-02-01 09:00:00,2
1655,Can Pastilla_2025,3244,3208,18.461937,31.0,2026-02-01 10:00:00,2
1656,Can Pastilla_2025,3245,3244,28.871315,24.0,2026-02-01 11:00:00,2
1657,Can Pastilla_2025,3246,3244,30.07267,20.0,2026-02-01 12:00:00,2
1658,Can Pastilla_2025,3247,3244,29.048285,23.0,2026-02-01 13:00:00,2
1659,Can Pastilla_2025,3248,3244,25.013466,12.0,2026-02-01 14:00:00,2
1660,Can Pastilla_2025,3249,3244,20.031021,12.0,2026-02-01 15:00:00,2
1661,Can Pastilla_2025,3250,3244,14.76004,5.0,2026-02-01 16:00:00,2
1662,Can Pastilla_2025,3251,3244,7.6388683,5.0,2026-02-01 17:00:00,2
1663,Can Pastilla_2025,3252,3244,4.8193526,5.0,2026-02-01 18:00:00,2
1664,Can Pastilla_2025,3253,3244,4.442094,6.0,2026-02-01 19:00:00,2
1665,Can Pastilla_2025,3254,3244,4.5556936,4.0,2026-02-01 20:00:00,2
1666,Can Pastilla_2025,3255,3244,14.100862,6.0,2026-02-02 08:00:00,2
1667,Can Pastilla_2025,3256,3244,14.01703,6.0,2026-02-02 09:00:00,2
1668,Can Pastilla_2025,3257,3244,17.725971,6.0,2026-02-02 10:00:00,2
1669,Can Pastilla_2025,3258,3244,22.11765,19.0,2026-02-02 11:00:00,2
1670,Can Pastilla_2025,3259,3244,24.34033,6.0,2026-02-02 12:00:00,2
1671,Can Pastilla_2025,3260,3244,24.246233,8.0,2026-02-02 13:00:00,2
1672,Can Pastilla_2025,3261,3244,21.490816,9.0,2026-02-02 14:00:00,2
1673,Can Pastilla_2025,3262,3244,17.671005,12.0,2026-02-02 15:00:00,2
1674,Can Pastilla_2025,3263,3244,13.175818,15.0,2026-02-02 16:00:00,2
1675,Can Pastilla_2025,3264,3244,7.0070543,6.0,2026-02-02 17:00:00,2
1676,Can Pastilla_2025,3265,3244,4.470624,5.0,2026-02-02 18:00:00,2
1677,Can Pastilla_2025,3266,3244,3.925516,5.0,2026-02-02 19:00:00,2
1678,Can Pastilla_2025,3267,3244,4.0541973,4.0,2026-02-02 20:00:00,2
1679,Can Pastilla_2025,3268,3244,13.862148,7.0,2026-02-03 08:00:00,2
1680,Can Pastilla_2025,3269,3244,12.703357,7.0,2026-02-03 09:00:00,2
1681,Can Pastilla_2025,3270,3244,15.289826,11.0,2026-02-03 10:00:00,2
1682,Can Pastilla_2025,3271,3244,18.677721,11.0,2026-02-03 11:00:00,2
1683,Can Pastilla_2025,3272,3244,20.755758,10.0,2026-02-03 12:00:00,2
1684,Can Pastilla_2025,3273,3244,20.927557,11.0,2026-02-03 13:00:00,2
1685,Can Pastilla_2025,3274,3244,18.96218,26.0,2026-02-03 14:00:00,2
1686,Can Pastilla_2025,3275,3244,15.914226,27.0,2026-02-03 15:00:00,2
1687,Can Pastilla_2025,3276,3244,11.678444,7.0,2026-02-03 16:00:00,2
1688,Can Pastilla_2025,3277,3244,6.624911,7.0,2026-02-03 17:00:00,2
1689,Can Pastilla_2025,3278,3244,4.512873,6.0,2026-02-03 18:00:00,2
1690,Can Pastilla_2025,3279,3244,4.374388,5.0,2026-02-03 19:00:00,2
1691,Can Pastilla_2025,3280,3244,4.582447,6.0,2026-02-03 20:00:00,2
1692,Can Pastilla_2025,3281,3280,6.012969,7.0,2026-02-04 08:00:00,2
1693,Can Pastilla_2025,3282,3280,6.601552,4.0,2026-02-04 09:00:00,2
1694,Can Pastilla_2025,3283,3280,7.7111616,5.0,2026-02-04 10:00:00,2
1695,Can Pastilla_2025,3284,3280,9.340675,6.0,2026-02-04 11:00:00,2
1696,Can Pastilla_2025,3285,3280,11.093458,10.0,2026-02-04 12:00:00,2
1697,Can Pastilla_2025,3286,3280,12.741859,11.0,2026-02-04 13:00:00,2
1698,Can Pastilla_2025,3287,3280,12.899567,8.0,2026-02-04 14:00:00,2
1699,Can Pastilla_2025,3288,3280,11.140255,9.0,2026-02-04 15:00:00,2
1700,Can Pastilla_2025,3289,3280,8.580993,7.0,2026-02-04 16:00:00,2
1701,Can Pastilla_2025,3290,3280,6.151108,10.0,2026-02-04 17:00:00,2
1702,Can Pastilla_2025,3291,3280,5.09443,4.0,2026-02-04 18:00:00,2
1703,Can Pastilla_2025,3292,3280,4.8883696,6.0,2026-02-04 19:00:00,2
1704,Can Pastilla_2025,3293,3280,5.042119,6.0,2026-02-04 20:00:00,2
1705,Can Pastilla_2025,3294,3280,6.6493473,9.0,2026-02-05 08:00:00,2
1706,Can Pastilla_2025,3295,3280,7.693675,6.0,2026-02-05 09:00:00,2
1707,Can Pastilla_2025,3296,3280,9.865923,14.0,2026-02-05 10:00:00,2
1708,Can Pastilla_2025,3297,3280,11.248265,7.0,2026-02-05 11:00:00,2
1709,Can Pastilla_2025,3298,3280,12.29686,5.0,2026-02-05 12:00:00,2
1710,Can Pastilla_2025,3299,3280,13.811195,7.0,2026-02-05 13:00:00,2
1711,Can Pastilla_2025,3300,3280,14.174019,20.0,2026-02-05 14:00:00,2
1712,Can Pastilla_2025,3301,3280,12.37994,19.0,2026-02-05 15:00:00,2
1713,Can Pastilla_2025,3302,3280,9.22619,9.0,2026-02-05 16:00:00,2
1714,Can Pastilla_2025,3303,3280,6.2115264,5.0,2026-02-05 17:00:00,2
1715,Can Pastilla_2025,3304,3280,4.909742,6.0,2026-02-05 18:00:00,2
1716,Can Pastilla_2025,3305,3280,4.5631857,7.0,2026-02-05 19:00:00,2
1717,Can Pastilla_2025,3306,3280,4.6631985,5.0,2026-02-05 20:00:00,2
1718,Can Pastilla_2025,3307,3280,6.21831,6.0,2026-02-06 08:00:00,2
1719,Can Pastilla_2025,3308,3280,7.0869265,13.0,2026-02-06 09:00:00,2
1720,Can Pastilla_2025,3309,3280,9.367941,10.0,2026-02-06 10:00:00,2
1721,Can Pastilla_2025,3310,3280,10.696633,15.0,2026-02-06 11:00:00,2
1722,Can Pastilla_2025,3311,3280,11.616518,10.0,2026-02-06 12:00:00,2
1723,Can Pastilla_2025,3312,3280,12.925667,11.0,2026-02-06 13:00:00,2
1724,Can Pastilla_2025,3313,3280,13.360493,17.0,2026-02-06 14:00:00,2
1725,Can Pastilla_2025,3314,3280,11.849769,51.0,2026-02-06 15:00:00,2
1726,Can Pastilla_2025,3315,3280,9.018496,20.0,2026-02-06 16:00:00,2
1727,Can Pastilla_2025,3316,3280,6.2199273,5.0,2026-02-06 17:00:00,2
1728,Can Pastilla_2025,3317,3316,5.1238956,5.0,2026-02-06 18:00:00,2
1729,Can Pastilla_2025,3318,3316,5.746436,4.0,2026-02-06 19:00:00,2
1730,Can Pastilla_2025,3319,3316,5.633505,4.0,2026-02-06 20:00:00,2
1731,Can Pastilla_2025,3320,3316,7.8031435,10.0,2026-02-07 08:00:00,2
1732,Can Pastilla_2025,3321,3316,9.066078,28.0,2026-02-07 09:00:00,2
1733,Can Pastilla_2025,3322,3316,10.546528,16.0,2026-02-07 10:00:00,2
1734,Can Pastilla_2025,3323,3316,10.883308,42.0,2026-02-07 11:00:00,2
1735,Can Pastilla_2025,3324,3316,11.307634,45.0,2026-02-07 12:00:00,2
1736,Can Pastilla_2025,3325,3316,13.65149,26.0,2026-02-07 13:00:00,2
1737,Can Pastilla_2025,3326,3316,17.49532,23.0,2026-02-07 14:00:00,2
1738,Can Pastilla_2025,3327,3316,18.34592,11.0,2026-02-07 15:00:00,2
1739,Can Pastilla_2025,3328,3316,12.717275,14.0,2026-02-07 16:00:00,2
1740,Can Pastilla_2025,3329,3316,7.0509424,11.0,2026-02-07 17:00:00,2
1741,Can Pastilla_2025,3330,3316,5.901292,4.0,2026-02-07 18:00:00,2
1742,Can Pastilla_2025,3331,3316,5.8500047,6.0,2026-02-07 19:00:00,2
1743,Can Pastilla_2025,3332,3316,5.7482567,4.0,2026-02-07 20:00:00,2
1744,Can Pastilla_2025,3333,3316,7.9300795,18.0,2026-02-08 08:00:00,2
1745,Can Pastilla_2025,3334,3316,10.172493,24.0,2026-02-08 09:00:00,2
1746,Can Pastilla_2025,3335,3316,11.718456,29.0,2026-02-08 10:00:00,2
1747,Can Pastilla_2025,3336,3316,11.829002,26.0,2026-02-08 11:00:00,2
1748,Can Pastilla_2025,3337,3316,12.106297,11.0,2026-02-08 12:00:00,2
1749,Can Pastilla_2025,3338,3316,14.363415,28.0,2026-02-08 13:00:00,2
1750,Can Pastilla_2025,3339,3316,19.706947,28.0,2026-02-08 14:00:00,2
1751,Can Pastilla_2025,3340,3316,21.381905,39.0,2026-02-08 15:00:00,2
1752,Can Pastilla_2025,3341,3316,14.527146,30.0,2026-02-08 16:00:00,2
1753,Can Pastilla_2025,3342,3316,7.184805,10.0,2026-02-08 17:00:00,2
1754,Can Pastilla_2025,3343,3316,5.8103404,5.0,2026-02-08 18:00:00,2
1755,Can Pastilla_2025,3344,3316,5.9497037,4.0,2026-02-08 19:00:00,2
1756,Can Pastilla_2025,3345,3316,6.003252,6.0,2026-02-08 20:00:00,2
1757,Can Pastilla_2025,3346,3316,7.5109944,5.0,2026-02-09 08:00:00,2
1758,Can Pastilla_2025,3347,3316,9.379267,10.0,2026-02-09 09:00:00,2
1759,Can Pastilla_2025,3348,3316,10.661503,6.0,2026-02-09 10:00:00,2
1760,Can Pastilla_2025,3349,3316,10.870887,19.0,2026-02-09 11:00:00,2
1761,Can Pastilla_2025,3350,3316,11.690317,16.0,2026-02-09 12:00:00,2
1762,Can Pastilla_2025,3351,3316,14.380677,18.0,2026-02-09 13:00:00,2
1763,Can Pastilla_2025,3352,3316,18.891264,12.0,2026-02-09 14:00:00,2
1764,Can Pastilla_2025,3353,3352,11.236339,9.0,2026-02-09 15:00:00,2
1765,Can Pastilla_2025,3354,3352,9.818774,7.0,2026-02-09 16:00:00,2
1766,Can Pastilla_2025,3355,3352,6.1459093,5.0,2026-02-09 17:00:00,2
1767,Can Pastilla_2025,3356,3352,3.6328804,4.0,2026-02-09 20:00:00,2
1768,Can Pastilla_2025,3357,3352,7.2331104,5.0,2026-02-10 08:00:00,2
1769,Can Pastilla_2025,3358,3352,9.904905,6.0,2026-02-10 09:00:00,2
1770,Can Pastilla_2025,3359,3352,12.654945,8.0,2026-02-10 10:00:00,2
1771,Can Pastilla_2025,3360,3352,15.675092,9.0,2026-02-10 11:00:00,2
1772,Can Pastilla_2025,3361,3352,17.328297,15.0,2026-02-10 12:00:00,2
1773,Can Pastilla_2025,3362,3352,17.976131,26.0,2026-02-10 13:00:00,2
1774,Can Pastilla_2025,3363,3352,17.933765,31.0,2026-02-10 14:00:00,2
1775,Can Pastilla_2025,3364,3352,17.366545,14.0,2026-02-10 15:00:00,2
1776,Can Pastilla_2025,3365,3352,15.60107,17.0,2026-02-10 16:00:00,2
1777,Can Pastilla_2025,3366,3352,9.496704,7.0,2026-02-10 17:00:00,2
1778,Can Pastilla_2025,3367,3352,4.7414923,4.0,2026-02-10 18:00:00,2
1779,Can Pastilla_2025,3368,3352,4.072003,7.0,2026-02-10 19:00:00,2
1780,Can Pastilla_2025,3369,3352,4.142998,4.0,2026-02-10 20:00:00,2
1781,Can Pastilla_2025,3370,3352,7.1676087,9.0,2026-02-11 08:00:00,2
1782,Can Pastilla_2025,3371,3352,9.147757,11.0,2026-02-11 09:00:00,2
1783,Can Pastilla_2025,3372,3352,12.258045,20.0,2026-02-11 10:00:00,2
1784,Can Pastilla_2025,3373,3352,15.027048,20.0,2026-02-11 11:00:00,2
1785,Can Pastilla_2025,3374,3352,15.975108,34.0,2026-02-11 12:00:00,2
1786,Can Pastilla_2025,3375,3352,16.543875,23.0,2026-02-11 13:00:00,2
1787,Can Pastilla_2025,3376,3352,16.910648,29.0,2026-02-11 14:00:00,2
1788,Can Pastilla_2025,3377,3352,16.8666,32.0,2026-02-11 15:00:00,2
1789,Can Pastilla_2025,3378,3352,15.547149,20.0,2026-02-11 16:00:00,2
1790,Can Pastilla_2025,3379,3352,9.716074,5.0,2026-02-11 17:00:00,2
1791,Can Pastilla_2025,3380,3352,5.0277905,5.0,2026-02-11 18:00:00,2
1792,Can Pastilla_2025,3381,3352,4.349837,4.0,2026-02-11 19:00:00,2
1793,Can Pastilla_2025,3382,3352,4.2449737,4.0,2026-02-11 20:00:00,2
1794,Can Pastilla_2025,3383,3352,7.2387533,11.0,2026-02-12 08:00:00,2
1795,Can Pastilla_2025,3384,3352,9.174253,9.0,2026-02-12 09:00:00,2
1796,Can Pastilla_2025,3385,3352,12.100419,13.0,2026-02-12 10:00:00,2
1797,Can Pastilla_2025,3386,3352,14.757436,8.0,2026-02-12 11:00:00,2
1798,Can Pastilla_2025,3387,3352,15.586825,11.0,2026-02-12 12:00:00,2
1799,Can Pastilla_2025,3388,3352,16.19277,13.0,2026-02-12 13:00:00,2
1800,Es Pujols_2025,2608,2607,18.99368,13.0,2025-11-11 13:00:00,11
1801,Es Pujols_2025,2609,2607,18.168629,16.0,2025-11-11 14:00:00,11
1802,Es Pujols_2025,2610,2607,17.13389,22.0,2025-11-11 15:00:00,11
1803,Es Pujols_2025,2611,2607,15.389597,27.0,2025-11-11 16:00:00,11
1804,Es Pujols_2025,2612,2607,6.8113036,6.0,2025-11-11 17:00:00,11
1805,Es Pujols_2025,2613,2607,6.2179556,7.0,2025-11-11 18:00:00,11
1806,Es Pujols_2025,2614,2607,6.2142797,6.0,2025-11-11 19:00:00,11
1807,Es Pujols_2025,2615,2607,6.125587,7.0,2025-11-11 20:00:00,11
1808,Es Pujols_2025,2616,2607,16.22358,13.0,2025-11-12 08:00:00,11
1809,Es Pujols_2025,2617,2607,15.756407,16.0,2025-11-12 09:00:00,11
1810,Es Pujols_2025,2618,2607,16.206867,18.0,2025-11-12 10:00:00,11
1811,Es Pujols_2025,2619,2607,16.966028,17.0,2025-11-12 11:00:00,11
1812,Es Pujols_2025,2620,2607,17.43951,18.0,2025-11-12 12:00:00,11
1813,Es Pujols_2025,2621,2607,17.55381,15.0,2025-11-12 13:00:00,11
1814,Es Pujols_2025,2622,2607,17.145494,15.0,2025-11-12 14:00:00,11
1815,Es Pujols_2025,2623,2607,16.479916,17.0,2025-11-12 15:00:00,11
1816,Es Pujols_2025,2624,2607,14.945029,17.0,2025-11-12 16:00:00,11
1817,Es Pujols_2025,2625,2607,6.7025986,11.0,2025-11-12 17:00:00,11
1818,Es Pujols_2025,2626,2607,6.1072826,5.0,2025-11-12 18:00:00,11
1819,Es Pujols_2025,2627,2607,6.0187316,6.0,2025-11-12 19:00:00,11
1820,Es Pujols_2025,2628,2607,5.96479,6.0,2025-11-12 20:00:00,11
1821,Es Pujols_2025,2629,2607,15.707433,14.0,2025-11-13 08:00:00,11
1822,Es Pujols_2025,2630,2607,15.306292,12.0,2025-11-13 09:00:00,11
1823,Es Pujols_2025,2631,2607,15.818344,18.0,2025-11-13 10:00:00,11
1824,Es Pujols_2025,2632,2607,16.66124,14.0,2025-11-13 11:00:00,11
1825,Es Pujols_2025,2633,2607,17.090092,13.0,2025-11-13 12:00:00,11
1826,Es Pujols_2025,2634,2607,17.223427,18.0,2025-11-13 13:00:00,11
1827,Es Pujols_2025,2635,2607,16.942335,15.0,2025-11-13 14:00:00,11
1828,Es Pujols_2025,2636,2607,16.382341,17.0,2025-11-13 15:00:00,11
1829,Es Pujols_2025,2637,2607,15.110155,24.0,2025-11-13 16:00:00,11
1830,Es Pujols_2025,2638,2607,6.7215366,5.0,2025-11-13 17:00:00,11
1831,Es Pujols_2025,2639,2607,6.0754232,6.0,2025-11-13 18:00:00,11
1832,Es Pujols_2025,2640,2607,5.969962,6.0,2025-11-13 19:00:00,11
1833,Es Pujols_2025,2641,2607,5.892712,6.0,2025-11-13 20:00:00,11
1834,Es Pujols_2025,2642,2607,15.558198,22.0,2025-11-14 08:00:00,11
1835,Es Pujols_2025,2643,2607,15.206244,20.0,2025-11-14 09:00:00,11
1836,Es Pujols_2025,2644,2643,18.6528,21.0,2025-11-14 10:00:00,11
1837,Es Pujols_2025,2645,2643,18.372124,23.0,2025-11-14 11:00:00,11
1838,Es Pujols_2025,2646,2643,17.955524,18.0,2025-11-14 12:00:00,11
1839,Es Pujols_2025,2647,2643,17.762398,21.0,2025-11-14 13:00:00,11
1840,Es Pujols_2025,2648,2643,18.095173,14.0,2025-11-14 14:00:00,11
1841,Es Pujols_2025,2649,2643,18.801891,12.0,2025-11-14 15:00:00,11
1842,Es Pujols_2025,2650,2643,19.137903,12.0,2025-11-14 16:00:00,11
1843,Es Pujols_2025,2651,2643,8.949894,8.0,2025-11-14 17:00:00,11
1844,Es Pujols_2025,2652,2643,6.1587086,6.0,2025-11-14 18:00:00,11
1845,Es Pujols_2025,2653,2643,6.1906867,5.0,2025-11-14 19:00:00,11
1846,Es Pujols_2025,2654,2643,6.4030514,5.0,2025-11-14 20:00:00,11
1847,Es Pujols_2025,2655,2643,14.771104,10.0,2025-11-15 08:00:00,11
1848,Es Pujols_2025,2656,2643,15.765883,12.0,2025-11-15 09:00:00,11
1849,Es Pujols_2025,2657,2643,16.4304,14.0,2025-11-15 10:00:00,11
1850,Es Pujols_2025,2658,2643,16.318832,14.0,2025-11-15 11:00:00,11
1851,Es Pujols_2025,2659,2643,15.883662,15.0,2025-11-15 12:00:00,11
1852,Es Pujols_2025,2660,2643,15.898345,16.0,2025-11-15 13:00:00,11
1853,Es Pujols_2025,2661,2643,16.645704,13.0,2025-11-15 14:00:00,11
1854,Es Pujols_2025,2662,2643,18.035995,19.0,2025-11-15 15:00:00,11
1855,Es Pujols_2025,2663,2643,18.917671,17.0,2025-11-15 16:00:00,11
1856,Es Pujols_2025,2664,2643,9.528294,7.0,2025-11-15 17:00:00,11
1857,Es Pujols_2025,2665,2643,6.0656776,6.0,2025-11-15 18:00:00,11
1858,Es Pujols_2025,2666,2643,6.103403,5.0,2025-11-15 19:00:00,11
1859,Es Pujols_2025,2667,2643,6.327707,6.0,2025-11-15 20:00:00,11
1860,Es Pujols_2025,2668,2643,13.738065,19.0,2025-11-16 08:00:00,11
1861,Es Pujols_2025,2669,2643,15.403736,16.0,2025-11-16 09:00:00,11
1862,Es Pujols_2025,2670,2643,16.062218,21.0,2025-11-16 10:00:00,11
1863,Es Pujols_2025,2671,2643,16.197372,16.0,2025-11-16 11:00:00,11
1864,Es Pujols_2025,2672,2643,15.360421,19.0,2025-11-16 12:00:00,11
1865,Es Pujols_2025,2673,2643,15.126299,22.0,2025-11-16 13:00:00,11
1866,Es Pujols_2025,2674,2643,15.971422,9.0,2025-11-16 14:00:00,11
1867,Es Pujols_2025,2675,2643,17.570162,14.0,2025-11-16 15:00:00,11
1868,Es Pujols_2025,2676,2643,18.905556,14.0,2025-11-16 16:00:00,11
1869,Es Pujols_2025,2677,2643,10.962308,9.0,2025-11-16 17:00:00,11
1870,Es Pujols_2025,2678,2643,6.1212935,6.0,2025-11-16 18:00:00,11
1871,Es Pujols_2025,2679,2643,6.141035,6.0,2025-11-16 19:00:00,11
1872,Es Pujols_2025,2680,2679,5.640937,6.0,2025-11-16 20:00:00,11
1873,Es Pujols_2025,2681,2679,13.248639,19.0,2025-11-17 08:00:00,11
1874,Es Pujols_2025,2682,2679,14.336729,20.0,2025-11-17 09:00:00,11
1875,Es Pujols_2025,2683,2679,14.88516,15.0,2025-11-17 10:00:00,11
1876,Es Pujols_2025,2684,2679,14.948968,20.0,2025-11-17 11:00:00,11
1877,Es Pujols_2025,2685,2679,15.111035,21.0,2025-11-17 12:00:00,11
1878,Es Pujols_2025,2686,2679,15.0277605,20.0,2025-11-17 13:00:00,11
1879,Es Pujols_2025,2687,2679,14.996125,14.0,2025-11-17 14:00:00,11
1880,Es Pujols_2025,2688,2679,15.205659,12.0,2025-11-17 15:00:00,11
1881,Es Pujols_2025,2689,2679,12.780654,15.0,2025-11-17 16:00:00,11
1882,Es Pujols_2025,2690,2679,7.274974,10.0,2025-11-17 17:00:00,11
1883,Es Pujols_2025,2691,2679,5.7549996,6.0,2025-11-17 18:00:00,11
1884,Es Pujols_2025,2692,2679,5.6064115,6.0,2025-11-17 19:00:00,11
1885,Es Pujols_2025,2693,2679,5.476777,6.0,2025-11-17 20:00:00,11
1886,Es Pujols_2025,2694,2679,13.891374,12.0,2025-11-18 08:00:00,11
1887,Es Pujols_2025,2695,2679,15.072576,17.0,2025-11-18 09:00:00,11
1888,Es Pujols_2025,2696,2679,15.3287945,20.0,2025-11-18 10:00:00,11
1889,Es Pujols_2025,2697,2679,15.075261,14.0,2025-11-18 11:00:00,11
1890,Es Pujols_2025,2698,2679,14.635094,15.0,2025-11-18 12:00:00,11
1891,Es Pujols_2025,2699,2679,14.337256,15.0,2025-11-18 13:00:00,11
1892,Es Pujols_2025,2700,2679,14.526705,15.0,2025-11-18 14:00:00,11
1893,Es Pujols_2025,2701,2679,14.6715555,10.0,2025-11-18 15:00:00,11
1894,Es Pujols_2025,2702,2679,11.787779,13.0,2025-11-18 16:00:00,11
1895,Es Pujols_2025,2703,2679,6.8891935,5.0,2025-11-18 17:00:00,11
1896,Es Pujols_2025,2704,2679,5.719057,7.0,2025-11-18 18:00:00,11
1897,Es Pujols_2025,2705,2679,5.5855365,7.0,2025-11-18 19:00:00,11
1898,Es Pujols_2025,2706,2679,5.506429,6.0,2025-11-18 20:00:00,11
1899,Es Pujols_2025,2707,2679,13.744332,12.0,2025-11-19 08:00:00,11
1900,Es Pujols_2025,2708,2679,14.844203,18.0,2025-11-19 09:00:00,11
1901,Es Pujols_2025,2709,2679,15.038347,15.0,2025-11-19 10:00:00,11
1902,Es Pujols_2025,2710,2679,14.835126,18.0,2025-11-19 11:00:00,11
1903,Es Pujols_2025,2711,2679,14.606613,11.0,2025-11-19 12:00:00,11
1904,Es Pujols_2025,2712,2679,14.432549,15.0,2025-11-19 13:00:00,11
1905,Es Pujols_2025,2713,2679,14.689908,18.0,2025-11-19 14:00:00,11
1906,Es Pujols_2025,2714,2679,14.853759,16.0,2025-11-19 15:00:00,11
1907,Es Pujols_2025,2715,2679,12.24603,13.0,2025-11-19 16:00:00,11
1908,Es Pujols_2025,2716,2715,8.11051,5.0,2025-11-19 17:00:00,11
1909,Es Pujols_2025,2717,2715,6.472204,7.0,2025-11-19 18:00:00,11
1910,Es Pujols_2025,2718,2715,6.3079977,6.0,2025-11-19 19:00:00,11
1911,Es Pujols_2025,2719,2715,6.114595,8.0,2025-11-19 20:00:00,11
1912,Es Pujols_2025,2720,2715,13.799326,13.0,2025-11-20 08:00:00,11
1913,Es Pujols_2025,2721,2715,15.487292,14.0,2025-11-20 09:00:00,11
1914,Es Pujols_2025,2722,2715,15.801865,16.0,2025-11-20 10:00:00,11
1915,Es Pujols_2025,2723,2715,14.867486,19.0,2025-11-20 11:00:00,11
1916,Es Pujols_2025,2724,2715,14.578782,16.0,2025-11-20 12:00:00,11
1917,Es Pujols_2025,2725,2715,14.180092,7.0,2025-11-20 13:00:00,11
1918,Es Pujols_2025,2726,2715,12.964384,17.0,2025-11-20 14:00:00,11
1919,Es Pujols_2025,2727,2715,12.019228,11.0,2025-11-20 15:00:00,11
1920,Es Pujols_2025,2728,2715,11.1894455,15.0,2025-11-20 16:00:00,11
1921,Es Pujols_2025,2729,2715,7.350976,6.0,2025-11-20 17:00:00,11
1922,Es Pujols_2025,2730,2715,6.205652,7.0,2025-11-20 18:00:00,11
1923,Es Pujols_2025,2731,2715,6.222492,6.0,2025-11-20 19:00:00,11
1924,Es Pujols_2025,2732,2715,6.048591,6.0,2025-11-20 20:00:00,11
1925,Es Pujols_2025,2733,2715,13.6059885,12.0,2025-11-21 08:00:00,11
1926,Es Pujols_2025,2734,2715,15.212579,11.0,2025-11-21 09:00:00,11
1927,Es Pujols_2025,2735,2715,15.344613,15.0,2025-11-21 10:00:00,11
1928,Es Pujols_2025,2736,2715,14.510371,13.0,2025-11-21 11:00:00,11
1929,Es Pujols_2025,2737,2715,14.076046,10.0,2025-11-21 12:00:00,11
1930,Es Pujols_2025,2738,2715,13.568272,20.0,2025-11-21 13:00:00,11
1931,Es Pujols_2025,2739,2715,12.463322,10.0,2025-11-21 14:00:00,11
1932,Es Pujols_2025,2740,2715,11.767365,11.0,2025-11-21 15:00:00,11
1933,Es Pujols_2025,2741,2715,10.789089,17.0,2025-11-21 16:00:00,11
1934,Es Pujols_2025,2742,2715,7.079569,5.0,2025-11-21 17:00:00,11
1935,Es Pujols_2025,2743,2715,6.042465,7.0,2025-11-21 18:00:00,11
1936,Es Pujols_2025,2744,2715,6.045512,6.0,2025-11-21 19:00:00,11
1937,Es Pujols_2025,2745,2715,5.8101707,6.0,2025-11-21 20:00:00,11
1938,Es Pujols_2025,2746,2715,13.391615,8.0,2025-11-22 08:00:00,11
1939,Es Pujols_2025,2747,2715,14.97219,12.0,2025-11-22 09:00:00,11
1940,Es Pujols_2025,2748,2715,15.56794,28.0,2025-11-22 10:00:00,11
1941,Es Pujols_2025,2749,2715,15.024469,12.0,2025-11-22 11:00:00,11
1942,Es Pujols_2025,2750,2715,14.601908,20.0,2025-11-22 12:00:00,11
1943,Es Pujols_2025,2751,2715,14.280432,18.0,2025-11-22 13:00:00,11
1944,Es Pujols_2025,2752,2751,14.30531,10.0,2025-11-22 14:00:00,11
1945,Es Pujols_2025,2753,2751,13.457134,10.0,2025-11-22 15:00:00,11
1946,Es Pujols_2025,2754,2751,12.489002,12.0,2025-11-22 16:00:00,11
1947,Es Pujols_2025,2755,2751,6.159239,6.0,2025-11-22 17:00:00,11
1948,Es Pujols_2025,2756,2751,6.345275,7.0,2025-11-22 18:00:00,11
1949,Es Pujols_2025,2757,2751,6.118328,7.0,2025-11-22 19:00:00,11
1950,Es Pujols_2025,2758,2751,6.059415,7.0,2025-11-22 20:00:00,11
1951,Es Pujols_2025,2759,2751,11.140039,9.0,2025-11-23 08:00:00,11
1952,Es Pujols_2025,2760,2751,13.891894,12.0,2025-11-23 09:00:00,11
1953,Es Pujols_2025,2761,2751,15.959996,14.0,2025-11-23 10:00:00,11
1954,Es Pujols_2025,2762,2751,16.35958,11.0,2025-11-23 11:00:00,11
1955,Es Pujols_2025,2763,2751,16.48554,11.0,2025-11-23 12:00:00,11
1956,Es Pujols_2025,2764,2751,16.720037,13.0,2025-11-23 13:00:00,11
1957,Es Pujols_2025,2765,2751,16.093693,15.0,2025-11-23 14:00:00,11
1958,Es Pujols_2025,2766,2751,15.046197,12.0,2025-11-23 15:00:00,11
1959,Es Pujols_2025,2767,2751,14.519667,16.0,2025-11-23 16:00:00,11
1960,Es Pujols_2025,2768,2751,6.204118,6.0,2025-11-23 17:00:00,11
1961,Es Pujols_2025,2769,2751,5.9959335,8.0,2025-11-23 18:00:00,11
1962,Es Pujols_2025,2770,2751,5.7252893,7.0,2025-11-23 19:00:00,11
1963,Es Pujols_2025,2771,2751,5.54132,7.0,2025-11-23 20:00:00,11
1964,Es Pujols_2025,2772,2751,10.124747,13.0,2025-11-24 08:00:00,11
1965,Es Pujols_2025,2773,2751,11.787756,11.0,2025-11-24 09:00:00,11
1966,Es Pujols_2025,2774,2751,13.304224,12.0,2025-11-24 10:00:00,11
1967,Es Pujols_2025,2775,2751,13.598493,9.0,2025-11-24 11:00:00,11
1968,Es Pujols_2025,2776,2751,13.482942,15.0,2025-11-24 12:00:00,11
1969,Es Pujols_2025,2777,2751,13.522906,15.0,2025-11-24 13:00:00,11
1970,Es Pujols_2025,2778,2751,13.286119,13.0,2025-11-24 14:00:00,11
1971,Es Pujols_2025,2779,2751,12.879728,16.0,2025-11-24 15:00:00,11
1972,Es Pujols_2025,2780,2751,12.499079,16.0,2025-11-24 16:00:00,11
1973,Es Pujols_2025,2781,2751,5.9981346,5.0,2025-11-24 17:00:00,11
1974,Es Pujols_2025,2782,2751,6.045849,7.0,2025-11-24 18:00:00,11
1975,Es Pujols_2025,2783,2751,5.8434896,7.0,2025-11-24 19:00:00,11
1976,Es Pujols_2025,2784,2751,5.682316,7.0,2025-11-24 20:00:00,11
1977,Es Pujols_2025,2785,2751,10.329422,14.0,2025-11-25 08:00:00,11
1978,Es Pujols_2025,2786,2751,11.817045,12.0,2025-11-25 09:00:00,11
1979,Es Pujols_2025,2787,2751,13.081768,17.0,2025-11-25 10:00:00,11
1980,La Savina_2022,2011,2010,13.29047,15.698330879211426,2023-01-12 08:00:00,1
1981,La Savina_2022,2012,2010,13.515517,19.35204315185547,2023-01-12 09:00:00,1
1982,La Savina_2022,2013,2010,13.379616,14.449113845825195,2023-01-12 10:00:00,1
1983,La Savina_2022,2014,2010,13.212445,13.387170791625977,2023-01-12 11:00:00,1
1984,La Savina_2022,2015,2010,13.176018,15.68391227722168,2023-01-12 12:00:00,1
1985,La Savina_2022,2016,2010,13.159359,12.870808601379396,2023-01-12 13:00:00,1
1986,La Savina_2022,2017,2010,13.294471,15.485382080078123,2023-01-12 14:00:00,1
1987,La Savina_2022,2018,2010,13.837388,17.755653381347656,2023-01-12 15:00:00,1
1988,La Savina_2022,2019,2010,15.208777,14.271297454833984,2023-01-12 17:00:00,1
1989,La Savina_2022,2020,2010,14.819978,18.985492706298828,2023-01-12 18:00:00,1
1990,La Savina_2022,2021,2010,5.2814617,4.737893104553223,2023-01-12 19:00:00,1
1991,La Savina_2022,2022,2010,5.0724077,4.613866806030273,2023-01-12 20:00:00,1
1992,La Savina_2022,2023,2010,14.429645,14.126991271972656,2023-01-13 08:00:00,1
1993,La Savina_2022,2024,2010,14.681567,22.268898010253903,2023-01-13 09:00:00,1
1994,La Savina_2022,2025,2010,14.325737,14.980768203735352,2023-01-13 10:00:00,1
1995,La Savina_2022,2026,2010,13.928335,14.3130521774292,2023-01-13 11:00:00,1
1996,La Savina_2022,2027,2010,13.7031,16.182708740234375,2023-01-13 12:00:00,1
1997,La Savina_2022,2028,2010,13.566538,13.466266632080078,2023-01-13 13:00:00,1
1998,La Savina_2022,2029,2010,13.670406,16.009567260742188,2023-01-13 14:00:00,1
1999,La Savina_2022,2030,2010,14.18198,16.70834732055664,2023-01-13 15:00:00,1
2000,La Savina_2022,2031,2010,14.858081,14.353019714355469,2023-01-13 16:00:00,1
2001,La Savina_2022,2032,2010,15.363579,17.09856414794922,2023-01-13 17:00:00,1
2002,La Savina_2022,2033,2010,11.059431,15.997044563293455,2023-01-13 18:00:00,1
2003,La Savina_2022,2034,2010,5.2407756,4.733737468719482,2023-01-13 19:00:00,1
2004,La Savina_2022,2035,2010,5.0322804,4.257146835327148,2023-01-13 20:00:00,1
2005,La Savina_2022,2036,2010,14.290933,12.070611953735352,2023-01-14 08:00:00,1
2006,La Savina_2022,2037,2010,14.572115,15.145700454711914,2023-01-14 09:00:00,1
2007,La Savina_2022,2038,2010,14.261346,14.591140747070312,2023-01-14 10:00:00,1
2008,La Savina_2022,2039,2010,13.9651785,12.538436889648438,2023-01-14 11:00:00,1
2009,La Savina_2022,2040,2010,13.899856,12.04219913482666,2023-01-14 12:00:00,1
2010,La Savina_2022,2041,2010,13.908126,10.947096824645996,2023-01-14 13:00:00,1
2011,La Savina_2022,2042,2010,14.0722,11.830678939819336,2023-01-14 14:00:00,1
2012,La Savina_2022,2043,2010,14.591087,12.530928611755373,2023-01-14 15:00:00,1
2013,La Savina_2022,2044,2010,15.242466,13.281522750854492,2023-01-14 16:00:00,1
2014,La Savina_2022,2045,2010,15.718748,15.143255233764648,2023-01-14 17:00:00,1
2015,La Savina_2022,2046,2010,12.482319,13.889230728149414,2023-01-14 18:00:00,1
2016,La Savina_2022,2047,2046,4.9086204,4.133818626403809,2023-01-14 19:00:00,1
2017,La Savina_2022,2048,2046,4.470051,4.105895042419434,2023-01-14 20:00:00,1
2018,La Savina_2022,2049,2046,15.991924,14.41843605041504,2023-01-15 08:00:00,1
2019,La Savina_2022,2050,2046,17.029095,15.040839195251465,2023-01-15 09:00:00,1
2020,La Savina_2022,2051,2046,16.065626,13.04405403137207,2023-01-15 10:00:00,1
2021,La Savina_2022,2052,2046,15.599469,15.295619010925291,2023-01-15 11:00:00,1
2022,La Savina_2022,2053,2046,15.837244,14.891712188720703,2023-01-15 12:00:00,1
2023,La Savina_2022,2054,2046,16.073687,16.093191146850586,2023-01-15 13:00:00,1
2024,La Savina_2022,2055,2046,16.542948,15.379472732543944,2023-01-15 14:00:00,1
2025,La Savina_2022,2056,2046,16.899944,14.408615112304688,2023-01-15 15:00:00,1
2026,La Savina_2022,2057,2046,17.332317,14.77908706665039,2023-01-15 16:00:00,1
2027,La Savina_2022,2058,2046,17.683254,15.720874786376951,2023-01-15 17:00:00,1
2028,La Savina_2022,2059,2046,16.810387,15.78425121307373,2023-01-15 18:00:00,1
2029,La Savina_2022,2060,2046,4.7654324,5.752779006958008,2023-01-15 19:00:00,1
2030,La Savina_2022,2061,2046,4.571802,4.7251739501953125,2023-01-15 20:00:00,1
2031,La Savina_2022,2062,2046,13.493274,16.203731536865234,2023-01-16 08:00:00,1
2032,La Savina_2022,2063,2046,14.705484,16.283252716064453,2023-01-16 09:00:00,1
2033,La Savina_2022,2064,2046,13.597528,14.807616233825684,2023-01-16 10:00:00,1
2034,La Savina_2022,2065,2046,12.316829,15.803426742553713,2023-01-16 11:00:00,1
2035,La Savina_2022,2066,2046,11.922139,15.259876251220703,2023-01-16 12:00:00,1
2036,La Savina_2022,2067,2046,12.166275,14.159860610961914,2023-01-16 13:00:00,1
2037,La Savina_2022,2068,2046,13.12298,14.334062576293944,2023-01-16 14:00:00,1
2038,La Savina_2022,2069,2046,14.191213,14.429804801940918,2023-01-16 15:00:00,1
2039,La Savina_2022,2070,2046,15.217741,14.323238372802734,2023-01-16 16:00:00,1
2040,La Savina_2022,2071,2046,15.999216,14.317155838012695,2023-01-16 17:00:00,1
2041,La Savina_2022,2072,2046,15.816256,13.768613815307615,2023-01-16 18:00:00,1
2042,La Savina_2022,2073,2046,4.918152,4.916930198669434,2023-01-16 19:00:00,1
2043,La Savina_2022,2074,2046,4.530105,4.787904739379883,2023-01-16 20:00:00,1
2044,La Savina_2022,2075,2046,16.009235,8.383018493652344,2023-01-17 08:00:00,1
2045,La Savina_2022,2076,2046,16.657932,8.709178924560547,2023-01-17 09:00:00,1
2046,La Savina_2022,2077,2046,15.305066,8.389805793762207,2023-01-17 10:00:00,1
2047,La Savina_2022,2078,2046,14.492532,9.096396446228027,2023-01-17 11:00:00,1
2048,La Savina_2022,2079,2046,14.252715,9.229575157165527,2023-01-17 12:00:00,1
2049,La Savina_2022,2080,2046,14.352342,8.299118041992188,2023-01-17 13:00:00,1
2050,La Savina_2022,2081,2046,14.808183,8.468147277832031,2023-01-17 14:00:00,1
2051,La Savina_2022,2082,2046,15.3250265,21.62630844116211,2023-01-17 15:00:00,1
2052,La Savina_2022,2083,2082,14.600681,15.099252700805664,2023-01-17 17:00:00,1
2053,La Savina_2022,2084,2082,14.036394,16.993595123291016,2023-01-17 18:00:00,1
2054,La Savina_2022,2085,2082,5.196728,5.415325164794922,2023-01-17 19:00:00,1
2055,La Savina_2022,2086,2082,4.4875884,4.145249843597412,2023-01-17 20:00:00,1
2056,La Savina_2022,2087,2082,12.297953,9.691251754760742,2023-01-18 08:00:00,1
2057,La Savina_2022,2088,2082,12.671148,12.82050895690918,2023-01-18 09:00:00,1
2058,La Savina_2022,2089,2082,11.807911,11.920591354370115,2023-01-18 10:00:00,1
2059,La Savina_2022,2090,2082,10.663521,12.886690139770508,2023-01-18 11:00:00,1
2060,La Savina_2022,2091,2082,9.983028,12.451065063476562,2023-01-18 12:00:00,1
2061,La Savina_2022,2092,2082,9.837458,12.483370780944824,2023-01-18 13:00:00,1
2062,La Savina_2022,2093,2082,10.359858,12.373912811279297,2023-01-18 14:00:00,1
2063,La Savina_2022,2094,2082,11.199366,10.68158721923828,2023-01-18 15:00:00,1
2064,La Savina_2022,2095,2082,11.978785,13.027868270874023,2023-01-18 16:00:00,1
2065,La Savina_2022,2096,2082,12.212146,11.063899993896484,2023-01-18 17:00:00,1
2066,La Savina_2022,2097,2082,6.777692,11.560964584350586,2023-01-18 18:00:00,1
2067,La Savina_2022,2098,2082,4.591612,4.529694557189941,2023-01-18 19:00:00,1
2068,La Savina_2022,2099,2082,4.4682364,5.385189056396484,2023-01-18 20:00:00,1
2069,La Savina_2022,2100,2082,13.472572,10.356877326965332,2023-01-19 08:00:00,1
2070,La Savina_2022,2101,2082,14.487781,12.142683029174805,2023-01-19 09:00:00,1
2071,La Savina_2022,2102,2082,13.7467985,13.554852485656738,2023-01-19 10:00:00,1
2072,La Savina_2022,2103,2082,12.76743,12.72991943359375,2023-01-19 11:00:00,1
2073,La Savina_2022,2104,2082,12.408502,11.050338745117188,2023-01-19 12:00:00,1
2074,La Savina_2022,2105,2082,12.546038,11.233087539672852,2023-01-19 13:00:00,1
2075,La Savina_2022,2106,2082,13.207953,11.962021827697754,2023-01-19 14:00:00,1
2076,La Savina_2022,2107,2082,13.936464,11.9041109085083,2023-01-19 15:00:00,1
2077,La Savina_2022,2108,2082,14.441602,11.738845825195312,2023-01-19 16:00:00,1
2078,La Savina_2022,2109,2082,14.632021,10.591867446899414,2023-01-19 17:00:00,1
2079,La Savina_2022,2110,2082,13.065755,10.409212112426758,2023-01-19 18:00:00,1
2080,La Savina_2022,2111,2082,5.0633326,5.620282173156738,2023-01-19 19:00:00,1
2081,La Savina_2022,2112,2082,4.754419,5.667928695678711,2023-01-19 20:00:00,1
2082,La Savina_2022,2113,2082,15.850213,8.199359893798828,2023-01-20 08:00:00,1
2083,La Savina_2022,2114,2082,16.107658,10.93496036529541,2023-01-20 09:00:00,1
2084,La Savina_2022,2115,2082,14.769205,12.206000328063965,2023-01-20 10:00:00,1
2085,La Savina_2022,2116,2082,13.638795,11.445058822631836,2023-01-20 11:00:00,1
2086,La Savina_2022,2117,2082,13.232378,11.605154037475586,2023-01-20 12:00:00,1
2087,La Savina_2022,2118,2082,13.278858,10.677261352539062,2023-01-20 13:00:00,1
2088,La Savina_2022,2119,2118,11.762526,10.290218353271484,2023-01-20 14:00:00,1
2089,La Savina_2022,2120,2118,12.18313,10.034415245056152,2023-01-20 15:00:00,1
2090,La Savina_2022,2121,2118,11.97159,9.002485275268555,2023-01-20 16:00:00,1
2091,La Savina_2022,2122,2118,11.488103,10.33303451538086,2023-01-20 17:00:00,1
2092,La Savina_2022,2123,2118,9.207069,9.080623626708984,2023-01-20 18:00:00,1
2093,La Savina_2022,2124,2118,5.313449,4.355870723724365,2023-01-20 19:00:00,1
2094,La Savina_2022,2125,2118,5.2839403,4.459026336669922,2023-01-20 20:00:00,1
2095,La Savina_2022,2126,2118,9.817059,10.165048599243164,2023-01-21 08:00:00,1
2096,La Savina_2022,2127,2118,11.12339,11.350357055664062,2023-01-21 09:00:00,1
2097,La Savina_2022,2128,2118,11.30028,11.281277656555176,2023-01-21 10:00:00,1
2098,La Savina_2022,2129,2118,11.176638,11.25667667388916,2023-01-21 11:00:00,1
2099,La Savina_2022,2130,2118,11.04848,11.463296890258787,2023-01-21 12:00:00,1
2100,La Savina_2022,2131,2118,11.344019,11.861867904663086,2023-01-21 13:00:00,1
2101,La Savina_2022,2132,2118,11.803095,11.024629592895508,2023-01-21 14:00:00,1
2102,La Savina_2022,2133,2118,12.1408615,11.996546745300291,2023-01-21 15:00:00,1
2103,La Savina_2022,2134,2118,11.863679,9.658220291137695,2023-01-21 17:00:00,1
2104,La Savina_2022,2135,2118,10.934385,10.340871810913086,2023-01-21 18:00:00,1
2105,La Savina_2022,2136,2118,5.454414,4.810935974121094,2023-01-21 19:00:00,1
2106,La Savina_2022,2137,2118,5.2695174,4.298436641693115,2023-01-21 20:00:00,1
2107,La Savina_2022,2138,2118,9.869495,8.810239791870117,2023-01-22 08:00:00,1
2108,La Savina_2022,2139,2118,11.459131,10.540360450744627,2023-01-22 09:00:00,1
2109,La Savina_2022,2140,2118,12.021851,9.498746871948242,2023-01-22 10:00:00,1
2110,La Savina_2022,2141,2118,12.069424,11.055059432983398,2023-01-22 11:00:00,1
2111,La Savina_2022,2142,2118,12.141243,12.111491203308104,2023-01-22 12:00:00,1
2112,La Savina_2022,2143,2118,12.456068,11.200197219848633,2023-01-22 13:00:00,1
2113,La Savina_2022,2144,2118,13.060535,10.985203742980955,2023-01-22 14:00:00,1
2114,La Savina_2022,2145,2118,13.317099,10.576299667358398,2023-01-22 15:00:00,1
2115,La Savina_2022,2146,2118,13.003874,9.555963516235352,2023-01-22 16:00:00,1
2116,La Savina_2022,2147,2118,12.506762,10.19313621520996,2023-01-22 17:00:00,1
2117,La Savina_2022,2148,2118,10.211273,10.5157470703125,2023-01-22 18:00:00,1
2118,La Savina_2022,2149,2118,5.3337464,4.640528678894043,2023-01-22 19:00:00,1
2119,La Savina_2022,2150,2118,5.244403,4.816768646240234,2023-01-22 20:00:00,1
2120,La Savina_2022,2151,2118,9.721661,17.2226619720459,2023-01-23 08:00:00,1
2121,La Savina_2022,2152,2118,11.181936,20.167896270751957,2023-01-23 09:00:00,1
2122,La Savina_2022,2153,2118,11.70055,15.697261810302734,2023-01-23 10:00:00,1
2123,La Savina_2022,2154,2118,11.78845,16.469696044921875,2023-01-23 11:00:00,1
2124,La Savina_2022,2155,2154,13.091274,13.307369232177734,2023-01-23 12:00:00,1
2125,La Savina_2022,2156,2154,12.111465,15.717079162597656,2023-01-23 13:00:00,1
2126,La Savina_2022,2157,2154,11.546185,17.41935920715332,2023-01-23 14:00:00,1
2127,La Savina_2022,2158,2154,11.080624,18.490154266357425,2023-01-23 15:00:00,1
2128,La Savina_2022,2159,2154,10.646829,21.53860855102539,2023-01-23 16:00:00,1
2129,La Savina_2022,2160,2154,10.359151,20.913619995117188,2023-01-23 17:00:00,1
2130,La Savina_2022,2161,2154,9.66939,17.536231994628906,2023-01-23 18:00:00,1
2131,La Savina_2022,2162,2154,5.263547,6.014651298522949,2023-01-23 19:00:00,1
2132,La Savina_2022,2163,2154,4.988142,6.006717681884766,2023-01-23 20:00:00,1
2133,La Savina_2022,2164,2154,15.225033,17.307147979736328,2023-01-24 08:00:00,1
2134,La Savina_2022,2165,2154,15.516335,17.417861938476562,2023-01-24 09:00:00,1
2135,La Savina_2022,2166,2154,14.322197,16.664474487304688,2023-01-24 10:00:00,1
2136,La Savina_2022,2167,2154,13.101307,13.684773445129396,2023-01-24 11:00:00,1
2137,La Savina_2022,2168,2154,12.030081,17.907915115356445,2023-01-24 12:00:00,1
2138,La Savina_2022,2169,2154,11.138361,17.886940002441406,2023-01-24 13:00:00,1
2139,La Savina_2022,2170,2154,10.860958,18.918588638305664,2023-01-24 14:00:00,1
2140,La Savina_2022,2171,2154,10.62471,19.01304626464844,2023-01-24 15:00:00,1
2141,La Savina_2022,2172,2154,10.339844,16.8896541595459,2023-01-24 16:00:00,1
2142,La Savina_2022,2173,2154,10.164405,18.928958892822266,2023-01-24 17:00:00,1
2143,La Savina_2022,2174,2154,9.589287,20.7777156829834,2023-01-24 18:00:00,1
2144,La Savina_2022,2175,2154,5.2220554,4.621466636657715,2023-01-24 19:00:00,1
2145,La Savina_2022,2176,2154,5.0090218,4.738492012023926,2023-01-24 20:00:00,1
2146,La Savina_2022,2177,2154,15.035547,13.014152526855469,2023-01-25 08:00:00,1
2147,La Savina_2022,2178,2154,15.154543,13.525012969970703,2023-01-25 09:00:00,1
2148,La Savina_2022,2179,2154,13.863731,16.740480422973633,2023-01-25 10:00:00,1
2149,La Savina_2022,2180,2154,12.772045,18.25898551940918,2023-01-25 11:00:00,1
2150,La Savina_2022,2181,2154,10.928265,13.68653678894043,2023-01-25 13:00:00,1
2151,La Savina_2022,2182,2154,10.681198,14.770488739013672,2023-01-25 14:00:00,1
2152,La Savina_2022,2183,2154,10.610338,13.91893196105957,2023-01-25 15:00:00,1
2153,La Savina_2022,2184,2154,10.432255,13.606453895568848,2023-01-25 16:00:00,1
2154,La Savina_2022,2185,2154,10.294209,12.35320281982422,2023-01-25 17:00:00,1
2155,La Savina_2022,2186,2154,9.787989,17.284351348876953,2023-01-25 18:00:00,1
2156,La Savina_2022,2187,2154,5.2068334,4.617868423461914,2023-01-25 19:00:00,1
2157,La Savina_2022,2188,2154,4.94496,4.698963165283203,2023-01-25 20:00:00,1
2158,La Savina_2022,2189,2154,10.206203,17.745044708251953,2023-01-26 13:00:00,1
2159,La Savina_2022,2190,2154,10.249666,18.69243431091309,2023-01-26 14:00:00,1
2160,Magaluf / Palmanova_2022,2339,2338,7.4966626,8.559539794921875,2023-01-11 16:00:00,1
2161,Magaluf / Palmanova_2022,2340,2338,7.3511586,7.953734397888184,2023-01-11 17:00:00,1
2162,Magaluf / Palmanova_2022,2341,2338,7.1400003,6.17790412902832,2023-01-11 18:00:00,1
2163,Magaluf / Palmanova_2022,2342,2338,7.0560527,6.724832057952881,2023-01-11 19:00:00,1
2164,Magaluf / Palmanova_2022,2343,2338,7.0382314,6.7106523513793945,2023-01-11 20:00:00,1
2165,Magaluf / Palmanova_2022,2344,2338,11.000832,11.613198280334473,2023-01-12 08:00:00,1
2166,Magaluf / Palmanova_2022,2345,2338,10.148176,10.392549514770508,2023-01-12 09:00:00,1
2167,Magaluf / Palmanova_2022,2346,2338,9.107354,8.678565979003906,2023-01-12 10:00:00,1
2168,Magaluf / Palmanova_2022,2347,2338,8.338181,6.895565032958984,2023-01-12 11:00:00,1
2169,Magaluf / Palmanova_2022,2348,2338,8.083105,7.865856647491455,2023-01-12 12:00:00,1
2170,Magaluf / Palmanova_2022,2349,2338,8.40913,6.27625846862793,2023-01-12 13:00:00,1
2171,Magaluf / Palmanova_2022,2350,2338,8.66259,6.207111835479736,2023-01-12 14:00:00,1
2172,Magaluf / Palmanova_2022,2351,2338,8.603125,6.527880668640137,2023-01-12 15:00:00,1
2173,Magaluf / Palmanova_2022,2352,2338,8.352071,8.147588729858398,2023-01-12 16:00:00,1
2174,Magaluf / Palmanova_2022,2353,2338,7.824726,8.05989933013916,2023-01-12 17:00:00,1
2175,Magaluf / Palmanova_2022,2354,2338,7.4193625,7.050946235656738,2023-01-12 18:00:00,1
2176,Magaluf / Palmanova_2022,2355,2338,7.082903,7.287296295166016,2023-01-12 19:00:00,1
2177,Magaluf / Palmanova_2022,2356,2338,7.09555,7.518415927886963,2023-01-12 20:00:00,1
2178,Magaluf / Palmanova_2022,2357,2338,12.036607,12.151357650756836,2023-01-13 08:00:00,1
2179,Magaluf / Palmanova_2022,2358,2338,11.0818615,12.821242332458496,2023-01-13 09:00:00,1
2180,Magaluf / Palmanova_2022,2359,2338,10.091616,11.728529930114746,2023-01-13 10:00:00,1
2181,Magaluf / Palmanova_2022,2360,2338,9.201773,8.053766250610352,2023-01-13 11:00:00,1
2182,Magaluf / Palmanova_2022,2361,2338,9.024752,8.848323822021484,2023-01-13 12:00:00,1
2183,Magaluf / Palmanova_2022,2362,2338,9.493698,8.69058609008789,2023-01-13 13:00:00,1
2184,Magaluf / Palmanova_2022,2363,2338,9.618652,6.893588066101074,2023-01-13 14:00:00,1
2185,Magaluf / Palmanova_2022,2364,2338,9.36948,6.897892951965332,2023-01-13 15:00:00,1
2186,Magaluf / Palmanova_2022,2365,2338,8.915783,8.883002281188965,2023-01-13 16:00:00,1
2187,Magaluf / Palmanova_2022,2366,2338,8.094635,8.19403076171875,2023-01-13 17:00:00,1
2188,Magaluf / Palmanova_2022,2367,2338,7.5898223,9.203042984008787,2023-01-13 18:00:00,1
2189,Magaluf / Palmanova_2022,2368,2338,7.1899767,7.070045471191406,2023-01-13 19:00:00,1
2190,Magaluf / Palmanova_2022,2369,2338,7.214445,6.601625442504883,2023-01-13 20:00:00,1
2191,Magaluf / Palmanova_2022,2370,2338,11.93606,15.26998519897461,2023-01-14 08:00:00,1
2192,Magaluf / Palmanova_2022,2371,2338,10.88753,9.73762321472168,2023-01-14 09:00:00,1
2193,Magaluf / Palmanova_2022,2372,2338,9.832988,10.962759971618652,2023-01-14 10:00:00,1
2194,Magaluf / Palmanova_2022,2373,2338,8.969962,11.133399963378906,2023-01-14 11:00:00,1
2195,Magaluf / Palmanova_2022,2374,2338,8.7607,8.759895324707031,2023-01-14 12:00:00,1
2196,Magaluf / Palmanova_2022,2375,2374,8.7986965,6.786931991577148,2023-01-14 13:00:00,1
2197,Magaluf / Palmanova_2022,2376,2374,8.263638,7.402961730957031,2023-01-14 14:00:00,1
2198,Magaluf / Palmanova_2022,2377,2374,8.149896,7.096026420593262,2023-01-14 15:00:00,1
2199,Magaluf / Palmanova_2022,2378,2374,8.624579,6.499074935913086,2023-01-14 16:00:00,1
2200,Magaluf / Palmanova_2022,2379,2374,8.618126,8.469953536987305,2023-01-14 17:00:00,1
2201,Magaluf / Palmanova_2022,2380,2374,7.835369,8.812082290649414,2023-01-14 18:00:00,1
2202,Magaluf / Palmanova_2022,2381,2374,6.9887404,6.3575286865234375,2023-01-14 19:00:00,1
2203,Magaluf / Palmanova_2022,2382,2374,6.848129,6.681731224060059,2023-01-14 20:00:00,1
2204,Magaluf / Palmanova_2022,2383,2374,11.624635,10.034160614013672,2023-01-15 08:00:00,1
2205,Magaluf / Palmanova_2022,2384,2374,11.193671,8.988761901855469,2023-01-15 09:00:00,1
2206,Magaluf / Palmanova_2022,2385,2374,10.675149,11.346933364868164,2023-01-15 10:00:00,1
2207,Magaluf / Palmanova_2022,2386,2374,9.938482,9.903685569763184,2023-01-15 11:00:00,1
2208,Magaluf / Palmanova_2022,2387,2374,9.32133,11.327404022216797,2023-01-15 12:00:00,1
2209,Magaluf / Palmanova_2022,2388,2374,8.700428,7.64973783493042,2023-01-15 13:00:00,1
2210,Magaluf / Palmanova_2022,2389,2374,8.010624,6.822490215301514,2023-01-15 14:00:00,1
2211,Magaluf / Palmanova_2022,2390,2374,7.9585714,6.928493976593018,2023-01-15 15:00:00,1
2212,Magaluf / Palmanova_2022,2391,2374,8.576201,7.753645896911621,2023-01-15 16:00:00,1
2213,Magaluf / Palmanova_2022,2392,2374,8.585478,9.107812881469728,2023-01-15 17:00:00,1
2214,Magaluf / Palmanova_2022,2393,2374,7.846929,8.21666145324707,2023-01-15 18:00:00,1
2215,Magaluf / Palmanova_2022,2394,2374,6.971015,7.398318290710449,2023-01-15 19:00:00,1
2216,Magaluf / Palmanova_2022,2395,2374,6.885041,7.141665458679199,2023-01-15 20:00:00,1
2217,Magaluf / Palmanova_2022,2396,2374,11.191389,11.156013488769531,2023-01-16 08:00:00,1
2218,Magaluf / Palmanova_2022,2397,2374,10.287277,7.680803298950195,2023-01-16 09:00:00,1
2219,Magaluf / Palmanova_2022,2398,2374,9.688332,8.20862865447998,2023-01-16 10:00:00,1
2220,Magaluf / Palmanova_2022,2399,2374,9.003269,7.332592487335205,2023-01-16 11:00:00,1
2221,Magaluf / Palmanova_2022,2400,2374,8.494097,6.074706077575684,2023-01-16 12:00:00,1
2222,Magaluf / Palmanova_2022,2401,2374,8.041597,5.700003623962402,2023-01-16 13:00:00,1
2223,Magaluf / Palmanova_2022,2402,2374,7.6713066,5.403031826019287,2023-01-16 14:00:00,1
2224,Magaluf / Palmanova_2022,2403,2374,7.8126936,6.921121597290039,2023-01-16 15:00:00,1
2225,Magaluf / Palmanova_2022,2404,2374,8.258432,5.951768398284912,2023-01-16 16:00:00,1
2226,Magaluf / Palmanova_2022,2405,2374,8.256037,6.861681938171387,2023-01-16 17:00:00,1
2227,Magaluf / Palmanova_2022,2406,2374,7.718211,7.287515163421631,2023-01-16 18:00:00,1
2228,Magaluf / Palmanova_2022,2407,2374,6.9683533,7.1334075927734375,2023-01-16 19:00:00,1
2229,Magaluf / Palmanova_2022,2408,2374,6.892785,6.644876480102539,2023-01-16 20:00:00,1
2230,Magaluf / Palmanova_2022,2409,2374,11.365332,10.485647201538086,2023-01-17 08:00:00,1
2231,Magaluf / Palmanova_2022,2410,2374,10.640964,6.40120792388916,2023-01-17 09:00:00,1
2232,Magaluf / Palmanova_2022,2411,2410,8.020961,9.707311630249023,2023-01-17 10:00:00,1
2233,Magaluf / Palmanova_2022,2412,2410,7.830907,6.181988716125488,2023-01-17 11:00:00,1
2234,Magaluf / Palmanova_2022,2413,2410,7.4911337,6.139461994171143,2023-01-17 12:00:00,1
2235,Magaluf / Palmanova_2022,2414,2410,7.107768,7.002979755401611,2023-01-17 13:00:00,1
2236,Magaluf / Palmanova_2022,2415,2410,6.931401,5.376556396484375,2023-01-17 14:00:00,1
2237,Magaluf / Palmanova_2022,2416,2410,7.0708427,7.1879563331604,2023-01-17 15:00:00,1
2238,Magaluf / Palmanova_2022,2417,2410,7.495344,6.006194114685059,2023-01-17 16:00:00,1
2239,Magaluf / Palmanova_2022,2418,2410,8.030922,7.957664012908936,2023-01-17 17:00:00,1
2240,Magaluf / Palmanova_2022,2419,2410,7.869742,7.847408771514893,2023-01-17 18:00:00,1
2241,Magaluf / Palmanova_2022,2420,2410,6.471611,6.831972122192383,2023-01-17 19:00:00,1
2242,Magaluf / Palmanova_2022,2421,2410,6.492943,6.98839282989502,2023-01-17 20:00:00,1
2243,Magaluf / Palmanova_2022,2422,2410,9.318687,8.028953552246094,2023-01-18 08:00:00,1
2244,Magaluf / Palmanova_2022,2423,2410,7.946078,11.257089614868164,2023-01-18 09:00:00,1
2245,Magaluf / Palmanova_2022,2424,2410,7.8348513,6.216013908386231,2023-01-18 10:00:00,1
2246,Magaluf / Palmanova_2022,2425,2410,7.5592437,9.940160751342772,2023-01-18 11:00:00,1
2247,Magaluf / Palmanova_2022,2426,2410,7.0795746,6.070749759674072,2023-01-18 12:00:00,1
2248,Magaluf / Palmanova_2022,2427,2410,6.6594605,5.996448040008545,2023-01-18 13:00:00,1
2249,Magaluf / Palmanova_2022,2428,2410,6.5842905,6.637359619140625,2023-01-18 14:00:00,1
2250,Magaluf / Palmanova_2022,2429,2410,6.7638454,6.288456439971924,2023-01-18 15:00:00,1
2251,Magaluf / Palmanova_2022,2430,2410,7.182013,6.197575569152832,2023-01-18 16:00:00,1
2252,Magaluf / Palmanova_2022,2431,2410,7.653685,6.386676788330078,2023-01-18 17:00:00,1
2253,Magaluf / Palmanova_2022,2432,2410,7.46442,7.308323860168457,2023-01-18 18:00:00,1
2254,Magaluf / Palmanova_2022,2433,2410,6.4102774,7.227471351623535,2023-01-18 19:00:00,1
2255,Magaluf / Palmanova_2022,2434,2410,6.4721255,8.079209327697754,2023-01-18 20:00:00,1
2256,Magaluf / Palmanova_2022,2435,2410,9.629347,10.585128784179688,2023-01-19 08:00:00,1
2257,Magaluf / Palmanova_2022,2436,2410,8.259857,6.5536789894104,2023-01-19 09:00:00,1
2258,Magaluf / Palmanova_2022,2437,2410,8.232628,8.792572021484375,2023-01-19 10:00:00,1
2259,Magaluf / Palmanova_2022,2438,2410,7.972394,7.371780395507812,2023-01-19 11:00:00,1
2260,Magaluf / Palmanova_2022,2439,2410,7.493496,7.422659397125244,2023-01-19 12:00:00,1
2261,Magaluf / Palmanova_2022,2440,2410,7.0428348,7.271688461303711,2023-01-19 13:00:00,1
2262,Magaluf / Palmanova_2022,2441,2410,6.9486785,5.946042537689209,2023-01-19 14:00:00,1
2263,Magaluf / Palmanova_2022,2442,2410,7.1522174,7.608221054077148,2023-01-19 15:00:00,1
2264,Magaluf / Palmanova_2022,2443,2410,7.5819225,8.146920204162598,2023-01-19 16:00:00,1
2265,Magaluf / Palmanova_2022,2444,2410,8.117117,8.25464153289795,2023-01-19 17:00:00,1
2266,Magaluf / Palmanova_2022,2445,2410,8.23955,10.699909210205078,2023-01-19 18:00:00,1
2267,Magaluf / Palmanova_2022,2446,2410,6.6622953,6.936596393585205,2023-01-19 19:00:00,1
2268,Magaluf / Palmanova_2022,2447,2446,7.1477685,6.762246131896973,2023-01-19 20:00:00,1
2269,Magaluf / Palmanova_2022,2448,2446,8.953101,6.883800029754639,2023-01-20 08:00:00,1
2270,Magaluf / Palmanova_2022,2449,2446,8.629275,9.881216049194336,2023-01-20 09:00:00,1
2271,Magaluf / Palmanova_2022,2450,2446,8.326857,4.757601261138916,2023-01-20 10:00:00,1
2272,Magaluf / Palmanova_2022,2451,2446,7.662555,8.86768913269043,2023-01-20 11:00:00,1
2273,Magaluf / Palmanova_2022,2452,2446,6.856142,8.582723617553711,2023-01-20 12:00:00,1
2274,Magaluf / Palmanova_2022,2453,2446,6.547548,6.936904430389404,2023-01-20 13:00:00,1
2275,Magaluf / Palmanova_2022,2454,2446,6.612055,5.489777565002441,2023-01-20 14:00:00,1
2276,Magaluf / Palmanova_2022,2455,2446,6.813546,6.996585369110107,2023-01-20 15:00:00,1
2277,Magaluf / Palmanova_2022,2456,2446,6.9874735,7.578110694885254,2023-01-20 16:00:00,1
2278,Magaluf / Palmanova_2022,2457,2446,7.555354,6.785740852355957,2023-01-20 17:00:00,1
2279,Magaluf / Palmanova_2022,2458,2446,8.337498,7.05821418762207,2023-01-20 18:00:00,1
2280,Magaluf / Palmanova_2022,2459,2446,7.1617446,6.713508605957031,2023-01-20 19:00:00,1
2281,Magaluf / Palmanova_2022,2460,2446,7.202011,6.862083435058594,2023-01-20 20:00:00,1
2282,Magaluf / Palmanova_2022,2461,2446,9.096402,7.345333576202393,2023-01-21 08:00:00,1
2283,Magaluf / Palmanova_2022,2462,2446,8.774855,9.441498756408691,2023-01-21 09:00:00,1
2284,Magaluf / Palmanova_2022,2463,2446,8.554898,7.174918174743652,2023-01-21 10:00:00,1
2285,Magaluf / Palmanova_2022,2464,2446,7.926673,9.966753959655762,2023-01-21 11:00:00,1
2286,Magaluf / Palmanova_2022,2465,2446,6.894349,9.735458374023438,2023-01-21 12:00:00,1
2287,Magaluf / Palmanova_2022,2466,2446,6.4851484,6.230978012084961,2023-01-21 13:00:00,1
2288,Magaluf / Palmanova_2022,2467,2446,6.5480585,7.351726531982422,2023-01-21 14:00:00,1
2289,Magaluf / Palmanova_2022,2468,2446,6.771854,5.496257781982422,2023-01-21 15:00:00,1
2290,Magaluf / Palmanova_2022,2469,2446,6.9647226,6.404135227203369,2023-01-21 16:00:00,1
2291,Magaluf / Palmanova_2022,2470,2446,7.655045,7.368923187255859,2023-01-21 17:00:00,1
2292,Magaluf / Palmanova_2022,2471,2446,8.343688,5.800473213195801,2023-01-21 18:00:00,1
2293,Magaluf / Palmanova_2022,2472,2446,7.1352606,7.102808475494385,2023-01-21 19:00:00,1
2294,Magaluf / Palmanova_2022,2473,2446,7.1863875,6.48676061630249,2023-01-21 20:00:00,1
2295,Magaluf / Palmanova_2022,2474,2446,8.984613,10.413917541503906,2023-01-22 08:00:00,1
2296,Magaluf / Palmanova_2022,2475,2446,8.69896,5.9135026931762695,2023-01-22 09:00:00,1
2297,Magaluf / Palmanova_2022,2476,2446,8.491566,9.350954055786133,2023-01-22 10:00:00,1
2298,Magaluf / Palmanova_2022,2477,2446,7.853588,6.867538928985596,2023-01-22 11:00:00,1
2299,Magaluf / Palmanova_2022,2478,2446,6.800215,7.265117168426514,2023-01-22 12:00:00,1
2300,Magaluf / Palmanova_2022,2479,2446,6.405801,8.46419620513916,2023-01-22 13:00:00,1
2301,Magaluf / Palmanova_2022,2480,2446,6.4751673,7.129138946533203,2023-01-22 14:00:00,1
2302,Magaluf / Palmanova_2022,2481,2446,6.704522,6.13350772857666,2023-01-22 15:00:00,1
2303,Magaluf / Palmanova_2022,2482,2446,6.9210043,7.636037349700928,2023-01-22 16:00:00,1
2304,Magaluf / Palmanova_2022,2483,2482,7.0684214,7.115359306335449,2023-01-22 17:00:00,1
2305,Magaluf / Palmanova_2022,2484,2482,6.6207185,7.142971515655518,2023-01-22 18:00:00,1
2306,Magaluf / Palmanova_2022,2485,2482,6.797817,6.952378749847412,2023-01-22 19:00:00,1
2307,Magaluf / Palmanova_2022,2486,2482,6.4173083,6.768376350402832,2023-01-22 20:00:00,1
2308,Magaluf / Palmanova_2022,2487,2482,7.8088064,9.389368057250977,2023-01-23 08:00:00,1
2309,Magaluf / Palmanova_2022,2488,2482,7.2566156,13.277643203735352,2023-01-23 09:00:00,1
2310,Magaluf / Palmanova_2022,2489,2482,7.495205,13.144993782043455,2023-01-23 10:00:00,1
2311,Magaluf / Palmanova_2022,2490,2482,7.637534,13.933649063110352,2023-01-23 11:00:00,1
2312,Magaluf / Palmanova_2022,2491,2482,7.4030995,7.42898416519165,2023-01-23 12:00:00,1
2313,Magaluf / Palmanova_2022,2492,2482,7.151598,7.664562225341797,2023-01-23 13:00:00,1
2314,Magaluf / Palmanova_2022,2493,2482,6.9512444,7.524440765380859,2023-01-23 14:00:00,1
2315,Magaluf / Palmanova_2022,2494,2482,6.928171,6.268002510070801,2023-01-23 15:00:00,1
2316,Magaluf / Palmanova_2022,2495,2482,7.0243177,5.084721565246582,2023-01-23 16:00:00,1
2317,Magaluf / Palmanova_2022,2496,2482,6.8736587,6.913376331329346,2023-01-23 17:00:00,1
2318,Magaluf / Palmanova_2022,2497,2482,6.534246,9.860513687133787,2023-01-23 18:00:00,1
2319,Magaluf / Palmanova_2022,2498,2482,6.7538652,6.469974517822266,2023-01-23 19:00:00,1
2320,Magaluf / Palmanova_2022,2499,2482,6.449525,6.814908981323242,2023-01-23 20:00:00,1
2321,Magaluf / Palmanova_2022,2500,2482,7.8566666,8.131805419921875,2023-01-24 08:00:00,1
2322,Magaluf / Palmanova_2022,2501,2482,7.195344,8.651098251342773,2023-01-24 09:00:00,1
2323,Magaluf / Palmanova_2022,2502,2482,7.3256006,7.953861236572266,2023-01-24 10:00:00,1
2324,Magaluf / Palmanova_2022,2503,2482,7.460323,8.60399055480957,2023-01-24 11:00:00,1
2325,Magaluf / Palmanova_2022,2504,2482,7.217304,8.678220748901367,2023-01-24 12:00:00,1
2326,Magaluf / Palmanova_2022,2505,2482,6.981,7.2100934982299805,2023-01-24 13:00:00,1
2327,Magaluf / Palmanova_2022,2506,2482,6.824544,6.382894515991211,2023-01-24 14:00:00,1
2328,Magaluf / Palmanova_2022,2507,2482,6.851077,7.061731338500977,2023-01-24 15:00:00,1
2329,Magaluf / Palmanova_2022,2508,2482,6.9835634,6.6925554275512695,2023-01-24 16:00:00,1
2330,Magaluf / Palmanova_2022,2509,2482,6.9039316,10.240224838256836,2023-01-24 17:00:00,1
2331,Magaluf / Palmanova_2022,2510,2482,6.564508,7.33748722076416,2023-01-24 18:00:00,1
2332,Magaluf / Palmanova_2022,2511,2482,6.8485723,7.009632587432861,2023-01-24 19:00:00,1
2333,Magaluf / Palmanova_2022,2512,2482,6.5560875,7.068039417266846,2023-01-24 20:00:00,1
2334,Magaluf / Palmanova_2022,2513,2482,7.9246836,8.045252799987793,2023-01-25 08:00:00,1
2335,Magaluf / Palmanova_2022,2514,2482,6.979102,8.539212226867676,2023-01-25 13:00:00,1
2336,Magaluf / Palmanova_2022,2515,2482,6.91074,9.200087547302246,2023-01-25 14:00:00,1
2337,Magaluf / Palmanova_2022,2516,2482,7.261995,7.218960762023926,2023-01-25 16:00:00,1
2338,Magaluf / Palmanova_2022,2517,2482,6.675706,7.164212703704834,2023-01-25 20:00:00,1
2339,Magaluf / Palmanova_2022,2518,2482,7.344291,9.18264865875244,2023-01-26 09:00:00,1
2340,Peguera / Cala Fornells_2025,2736,2735,20.841675,27.0,2025-11-19 09:00:00,11
2341,Peguera / Cala Fornells_2025,2737,2735,25.74929,28.0,2025-11-19 10:00:00,11
2342,Peguera / Cala Fornells_2025,2738,2735,27.662962,48.0,2025-11-19 11:00:00,11
2343,Peguera / Cala Fornells_2025,2739,2735,27.323307,20.0,2025-11-19 12:00:00,11
2344,Peguera / Cala Fornells_2025,2740,2735,26.506365,21.0,2025-11-19 13:00:00,11
2345,Peguera / Cala Fornells_2025,2741,2735,24.607971,22.0,2025-11-19 14:00:00,11
2346,Peguera / Cala Fornells_2025,2742,2735,22.695305,44.0,2025-11-19 15:00:00,11
2347,Peguera / Cala Fornells_2025,2743,2735,24.103489,19.0,2025-11-19 16:00:00,11
2348,Peguera / Cala Fornells_2025,2744,2735,30.777271,47.0,2025-11-19 17:00:00,11
2349,Peguera / Cala Fornells_2025,2745,2735,20.675316,13.0,2025-11-19 18:00:00,11
2350,Peguera / Cala Fornells_2025,2746,2735,19.4651,12.0,2025-11-19 19:00:00,11
2351,Peguera / Cala Fornells_2025,2747,2735,19.802118,14.0,2025-11-19 20:00:00,11
2352,Peguera / Cala Fornells_2025,2748,2735,19.030773,24.0,2025-11-20 08:00:00,11
2353,Peguera / Cala Fornells_2025,2749,2735,25.112556,54.0,2025-11-20 09:00:00,11
2354,Peguera / Cala Fornells_2025,2750,2735,28.95287,43.0,2025-11-20 10:00:00,11
2355,Peguera / Cala Fornells_2025,2751,2735,30.486034,25.0,2025-11-20 11:00:00,11
2356,Peguera / Cala Fornells_2025,2752,2735,31.172995,20.0,2025-11-20 12:00:00,11
2357,Peguera / Cala Fornells_2025,2753,2735,30.474758,31.0,2025-11-20 13:00:00,11
2358,Peguera / Cala Fornells_2025,2754,2735,27.70871,68.0,2025-11-20 14:00:00,11
2359,Peguera / Cala Fornells_2025,2755,2735,24.219992,42.0,2025-11-20 15:00:00,11
2360,Peguera / Cala Fornells_2025,2756,2735,25.254047,20.0,2025-11-20 16:00:00,11
2361,Peguera / Cala Fornells_2025,2757,2735,33.801086,42.0,2025-11-20 17:00:00,11
2362,Peguera / Cala Fornells_2025,2758,2735,21.361498,47.0,2025-11-20 18:00:00,11
2363,Peguera / Cala Fornells_2025,2759,2735,19.13884,20.0,2025-11-20 19:00:00,11
2364,Peguera / Cala Fornells_2025,2760,2735,19.238094,14.0,2025-11-20 20:00:00,11
2365,Peguera / Cala Fornells_2025,2761,2735,17.759556,26.0,2025-11-21 08:00:00,11
2366,Peguera / Cala Fornells_2025,2762,2735,22.399529,42.0,2025-11-21 09:00:00,11
2367,Peguera / Cala Fornells_2025,2763,2735,26.70895,85.0,2025-11-21 10:00:00,11
2368,Peguera / Cala Fornells_2025,2764,2735,29.10151,57.0,2025-11-21 11:00:00,11
2369,Peguera / Cala Fornells_2025,2765,2735,30.40681,53.0,2025-11-21 12:00:00,11
2370,Peguera / Cala Fornells_2025,2766,2735,29.602938,59.0,2025-11-21 13:00:00,11
2371,Peguera / Cala Fornells_2025,2767,2735,27.207054,74.0,2025-11-21 14:00:00,11
2372,Peguera / Cala Fornells_2025,2768,2735,23.573189,60.0,2025-11-21 15:00:00,11
2373,Peguera / Cala Fornells_2025,2769,2735,26.057947,47.0,2025-11-21 16:00:00,11
2374,Peguera / Cala Fornells_2025,2770,2735,34.53019,29.0,2025-11-21 17:00:00,11
2375,Peguera / Cala Fornells_2025,2771,2735,21.105364,22.0,2025-11-21 18:00:00,11
2376,Peguera / Cala Fornells_2025,2772,2771,20.288713,15.0,2025-11-21 19:00:00,11
2377,Peguera / Cala Fornells_2025,2773,2771,17.420326,16.0,2025-11-21 20:00:00,11
2378,Peguera / Cala Fornells_2025,2774,2771,32.44901,28.0,2025-11-22 08:00:00,11
2379,Peguera / Cala Fornells_2025,2775,2771,46.547665,73.0,2025-11-22 09:00:00,11
2380,Peguera / Cala Fornells_2025,2776,2771,47.82791,64.0,2025-11-22 10:00:00,11
2381,Peguera / Cala Fornells_2025,2777,2771,46.724815,75.0,2025-11-22 11:00:00,11
2382,Peguera / Cala Fornells_2025,2778,2771,48.537666,47.0,2025-11-22 12:00:00,11
2383,Peguera / Cala Fornells_2025,2779,2771,52.52557,40.0,2025-11-22 13:00:00,11
2384,Peguera / Cala Fornells_2025,2780,2771,53.997734,47.0,2025-11-22 14:00:00,11
2385,Peguera / Cala Fornells_2025,2781,2771,48.389996,57.0,2025-11-22 15:00:00,11
2386,Peguera / Cala Fornells_2025,2782,2771,36.77559,25.0,2025-11-22 16:00:00,11
2387,Peguera / Cala Fornells_2025,2783,2771,31.056862,36.0,2025-11-22 17:00:00,11
2388,Peguera / Cala Fornells_2025,2784,2771,21.628862,14.0,2025-11-22 18:00:00,11
2389,Peguera / Cala Fornells_2025,2785,2771,19.24688,11.0,2025-11-22 19:00:00,11
2390,Peguera / Cala Fornells_2025,2786,2771,15.957704,14.0,2025-11-22 20:00:00,11
2391,Peguera / Cala Fornells_2025,2787,2771,33.314957,15.0,2025-11-23 08:00:00,11
2392,Peguera / Cala Fornells_2025,2788,2771,47.964867,30.0,2025-11-23 09:00:00,11
2393,Peguera / Cala Fornells_2025,2789,2771,48.008766,126.0,2025-11-23 10:00:00,11
2394,Peguera / Cala Fornells_2025,2790,2771,46.617683,45.0,2025-11-23 11:00:00,11
2395,Peguera / Cala Fornells_2025,2791,2771,49.295483,60.0,2025-11-23 12:00:00,11
2396,Peguera / Cala Fornells_2025,2792,2771,53.97888,72.0,2025-11-23 13:00:00,11
2397,Peguera / Cala Fornells_2025,2793,2771,56.0692,28.0,2025-11-23 14:00:00,11
2398,Peguera / Cala Fornells_2025,2794,2771,50.905025,35.0,2025-11-23 15:00:00,11
2399,Peguera / Cala Fornells_2025,2795,2771,38.5083,36.0,2025-11-23 16:00:00,11
2400,Peguera / Cala Fornells_2025,2796,2771,31.94607,25.0,2025-11-23 17:00:00,11
2401,Peguera / Cala Fornells_2025,2797,2771,21.130592,16.0,2025-11-23 18:00:00,11
2402,Peguera / Cala Fornells_2025,2798,2771,18.69761,13.0,2025-11-23 19:00:00,11
2403,Peguera / Cala Fornells_2025,2799,2771,15.263299,18.0,2025-11-23 20:00:00,11
2404,Peguera / Cala Fornells_2025,2800,2771,27.239426,41.0,2025-11-24 08:00:00,11
2405,Peguera / Cala Fornells_2025,2801,2771,38.420654,94.0,2025-11-24 09:00:00,11
2406,Peguera / Cala Fornells_2025,2802,2771,38.924667,75.0,2025-11-24 10:00:00,11
2407,Peguera / Cala Fornells_2025,2803,2771,36.889397,39.0,2025-11-24 11:00:00,11
2408,Peguera / Cala Fornells_2025,2804,2771,37.737473,44.0,2025-11-24 12:00:00,11
2409,Peguera / Cala Fornells_2025,2805,2771,40.91932,24.0,2025-11-24 13:00:00,11
2410,Peguera / Cala Fornells_2025,2806,2771,42.93093,24.0,2025-11-24 14:00:00,11
2411,Peguera / Cala Fornells_2025,2807,2771,39.29933,26.0,2025-11-24 15:00:00,11
2412,Peguera / Cala Fornells_2025,2808,2807,29.44635,25.0,2025-11-24 16:00:00,11
2413,Peguera / Cala Fornells_2025,2809,2807,24.393745,40.0,2025-11-24 17:00:00,11
2414,Peguera / Cala Fornells_2025,2810,2807,18.590275,24.0,2025-11-24 18:00:00,11
2415,Peguera / Cala Fornells_2025,2811,2807,15.094034,35.0,2025-11-24 19:00:00,11
2416,Peguera / Cala Fornells_2025,2812,2807,13.207811,30.0,2025-11-24 20:00:00,11
2417,Peguera / Cala Fornells_2025,2813,2807,26.838188,18.0,2025-11-25 08:00:00,11
2418,Peguera / Cala Fornells_2025,2814,2807,43.495518,66.0,2025-11-25 09:00:00,11
2419,Peguera / Cala Fornells_2025,2815,2807,48.581738,80.0,2025-11-25 10:00:00,11
2420,Peguera / Cala Fornells_2025,2816,2807,41.599503,29.0,2025-11-25 11:00:00,11
2421,Peguera / Cala Fornells_2025,2817,2807,36.425762,44.0,2025-11-25 12:00:00,11
2422,Peguera / Cala Fornells_2025,2818,2807,35.473755,28.0,2025-11-25 13:00:00,11
2423,Peguera / Cala Fornells_2025,2819,2807,35.322174,41.0,2025-11-25 14:00:00,11
2424,Peguera / Cala Fornells_2025,2820,2807,34.218697,26.0,2025-11-25 15:00:00,11
2425,Peguera / Cala Fornells_2025,2821,2807,32.204815,26.0,2025-11-25 16:00:00,11
2426,Peguera / Cala Fornells_2025,2822,2807,24.868797,33.0,2025-11-25 17:00:00,11
2427,Peguera / Cala Fornells_2025,2823,2807,18.308989,12.0,2025-11-25 18:00:00,11
2428,Peguera / Cala Fornells_2025,2824,2807,14.942362,28.0,2025-11-25 19:00:00,11
2429,Peguera / Cala Fornells_2025,2825,2807,14.054918,20.0,2025-11-25 20:00:00,11
2430,Peguera / Cala Fornells_2025,2826,2807,25.510445,19.0,2025-11-26 08:00:00,11
2431,Peguera / Cala Fornells_2025,2827,2807,42.087364,53.0,2025-11-26 09:00:00,11
2432,Peguera / Cala Fornells_2025,2828,2807,47.30208,34.0,2025-11-26 10:00:00,11
2433,Peguera / Cala Fornells_2025,2829,2807,40.696465,58.0,2025-11-26 11:00:00,11
2434,Peguera / Cala Fornells_2025,2830,2807,35.524536,56.0,2025-11-26 12:00:00,11
2435,Peguera / Cala Fornells_2025,2831,2807,33.967514,55.0,2025-11-26 13:00:00,11
2436,Peguera / Cala Fornells_2025,2832,2807,33.906563,61.0,2025-11-26 14:00:00,11
2437,Peguera / Cala Fornells_2025,2833,2807,33.01148,45.0,2025-11-26 15:00:00,11
2438,Peguera / Cala Fornells_2025,2834,2807,31.230635,32.0,2025-11-26 16:00:00,11
2439,Peguera / Cala Fornells_2025,2835,2807,24.832973,34.0,2025-11-26 17:00:00,11
2440,Peguera / Cala Fornells_2025,2836,2807,18.779312,13.0,2025-11-26 18:00:00,11
2441,Peguera / Cala Fornells_2025,2837,2807,15.424273,14.0,2025-11-26 19:00:00,11
2442,Peguera / Cala Fornells_2025,2838,2807,14.409502,20.0,2025-11-26 20:00:00,11
2443,Peguera / Cala Fornells_2025,2839,2807,26.874275,12.0,2025-11-27 08:00:00,11
2444,Peguera / Cala Fornells_2025,2840,2807,44.78761,37.0,2025-11-27 09:00:00,11
2445,Peguera / Cala Fornells_2025,2841,2807,49.300472,58.0,2025-11-27 10:00:00,11
2446,Peguera / Cala Fornells_2025,2842,2807,42.143604,25.0,2025-11-27 11:00:00,11
2447,Peguera / Cala Fornells_2025,2843,2807,38.294075,22.0,2025-11-30 13:00:00,11
2448,Peguera / Cala Fornells_2025,2844,2843,30.40619,34.0,2025-11-30 14:00:00,11
2449,Peguera / Cala Fornells_2025,2845,2843,28.889212,19.0,2025-11-30 15:00:00,11
2450,Peguera / Cala Fornells_2025,2846,2843,27.593647,23.0,2025-11-30 16:00:00,11
2451,Peguera / Cala Fornells_2025,2847,2843,27.146158,46.0,2025-11-30 17:00:00,11
2452,Peguera / Cala Fornells_2025,2848,2843,16.509018,29.0,2025-11-30 18:00:00,11
2453,Peguera / Cala Fornells_2025,2849,2843,15.446779,31.0,2025-11-30 19:00:00,11
2454,Peguera / Cala Fornells_2025,2850,2843,17.10348,28.0,2025-11-30 20:00:00,11
2455,Peguera / Cala Fornells_2025,2851,2843,22.52486,33.0,2025-12-01 08:00:00,12
2456,Peguera / Cala Fornells_2025,2852,2843,41.6633,21.0,2025-12-01 09:00:00,12
2457,Peguera / Cala Fornells_2025,2853,2843,46.558456,65.0,2025-12-01 10:00:00,12
2458,Peguera / Cala Fornells_2025,2854,2843,46.23224,51.0,2025-12-01 11:00:00,12
2459,Peguera / Cala Fornells_2025,2855,2843,45.040382,78.0,2025-12-01 12:00:00,12
2460,Peguera / Cala Fornells_2025,2856,2843,44.19215,66.0,2025-12-01 13:00:00,12
2461,Peguera / Cala Fornells_2025,2857,2843,41.44203,66.0,2025-12-01 14:00:00,12
2462,Peguera / Cala Fornells_2025,2858,2843,35.68695,35.0,2025-12-01 15:00:00,12
2463,Peguera / Cala Fornells_2025,2859,2843,30.391975,18.0,2025-12-01 16:00:00,12
2464,Peguera / Cala Fornells_2025,2860,2843,28.791077,42.0,2025-12-01 17:00:00,12
2465,Peguera / Cala Fornells_2025,2861,2843,15.745953,44.0,2025-12-01 18:00:00,12
2466,Peguera / Cala Fornells_2025,2862,2843,15.115462,48.0,2025-12-01 19:00:00,12
2467,Peguera / Cala Fornells_2025,2863,2843,17.187204,49.0,2025-12-01 20:00:00,12
2468,Peguera / Cala Fornells_2025,2864,2843,27.86673,22.0,2025-12-02 08:00:00,12
2469,Peguera / Cala Fornells_2025,2865,2843,47.790596,31.0,2025-12-02 09:00:00,12
2470,Peguera / Cala Fornells_2025,2866,2843,51.138554,22.0,2025-12-02 10:00:00,12
2471,Peguera / Cala Fornells_2025,2867,2843,49.617504,34.0,2025-12-02 11:00:00,12
2472,Peguera / Cala Fornells_2025,2868,2843,47.747154,28.0,2025-12-02 12:00:00,12
2473,Peguera / Cala Fornells_2025,2869,2843,46.373444,31.0,2025-12-02 13:00:00,12
2474,Peguera / Cala Fornells_2025,2870,2843,43.18856,39.0,2025-12-02 14:00:00,12
2475,Peguera / Cala Fornells_2025,2871,2843,36.79916,40.0,2025-12-02 15:00:00,12
2476,Peguera / Cala Fornells_2025,2872,2843,31.435173,18.0,2025-12-02 16:00:00,12
2477,Peguera / Cala Fornells_2025,2873,2843,30.398668,38.0,2025-12-02 17:00:00,12
2478,Peguera / Cala Fornells_2025,2874,2843,17.036654,48.0,2025-12-02 18:00:00,12
2479,Peguera / Cala Fornells_2025,2875,2843,15.058695,48.0,2025-12-02 19:00:00,12
2480,Peguera / Cala Fornells_2025,2876,2843,17.365826,40.0,2025-12-02 20:00:00,12
2481,Peguera / Cala Fornells_2025,2877,2843,24.230017,21.0,2025-12-03 08:00:00,12
2482,Peguera / Cala Fornells_2025,2878,2843,42.376053,53.0,2025-12-03 09:00:00,12
2483,Peguera / Cala Fornells_2025,2879,2843,45.78753,36.0,2025-12-03 10:00:00,12
2484,Peguera / Cala Fornells_2025,2880,2879,55.35243,47.0,2025-12-03 11:00:00,12
2485,Peguera / Cala Fornells_2025,2881,2879,59.461212,39.0,2025-12-03 12:00:00,12
2486,Peguera / Cala Fornells_2025,2882,2879,57.688263,58.0,2025-12-03 13:00:00,12
2487,Peguera / Cala Fornells_2025,2883,2879,50.09966,27.0,2025-12-03 14:00:00,12
2488,Peguera / Cala Fornells_2025,2884,2879,36.774742,21.0,2025-12-03 15:00:00,12
2489,Peguera / Cala Fornells_2025,2885,2879,25.61688,26.0,2025-12-03 16:00:00,12
2490,Peguera / Cala Fornells_2025,2886,2879,34.99983,51.0,2025-12-03 17:00:00,12
2491,Peguera / Cala Fornells_2025,2887,2879,44.40965,43.0,2025-12-03 18:00:00,12
2492,Peguera / Cala Fornells_2025,2888,2879,39.707027,32.0,2025-12-03 19:00:00,12
2493,Peguera / Cala Fornells_2025,2889,2879,31.588116,30.0,2025-12-03 20:00:00,12
2494,Peguera / Cala Fornells_2025,2890,2879,28.081953,21.0,2025-12-04 08:00:00,12
2495,Peguera / Cala Fornells_2025,2891,2879,48.926163,44.0,2025-12-04 09:00:00,12
2496,Peguera / Cala Fornells_2025,2892,2879,56.52377,60.0,2025-12-04 10:00:00,12
2497,Peguera / Cala Fornells_2025,2893,2879,59.80439,28.0,2025-12-04 11:00:00,12
2498,Peguera / Cala Fornells_2025,2894,2879,61.88358,37.0,2025-12-04 12:00:00,12
2499,Peguera / Cala Fornells_2025,2895,2879,59.71827,71.0,2025-12-04 13:00:00,12
2500,Peguera / Cala Fornells_2025,2896,2879,49.810318,50.0,2025-12-04 14:00:00,12
2501,Peguera / Cala Fornells_2025,2897,2879,36.367645,23.0,2025-12-04 15:00:00,12
2502,Peguera / Cala Fornells_2025,2898,2879,24.93259,48.0,2025-12-04 16:00:00,12
2503,Peguera / Cala Fornells_2025,2899,2879,36.396233,29.0,2025-12-04 17:00:00,12
2504,Peguera / Cala Fornells_2025,2900,2879,44.45808,30.0,2025-12-04 18:00:00,12
2505,Peguera / Cala Fornells_2025,2901,2879,42.807655,44.0,2025-12-04 19:00:00,12
2506,Peguera / Cala Fornells_2025,2902,2879,35.421196,41.0,2025-12-04 20:00:00,12
2507,Peguera / Cala Fornells_2025,2903,2879,27.478975,19.0,2025-12-05 08:00:00,12
2508,Peguera / Cala Fornells_2025,2904,2879,45.11207,36.0,2025-12-05 09:00:00,12
2509,Peguera / Cala Fornells_2025,2905,2879,51.65624,45.0,2025-12-05 10:00:00,12
2510,Peguera / Cala Fornells_2025,2906,2879,54.52783,36.0,2025-12-05 11:00:00,12
2511,Peguera / Cala Fornells_2025,2907,2879,57.091175,39.0,2025-12-05 12:00:00,12
2512,Peguera / Cala Fornells_2025,2908,2879,57.01896,33.0,2025-12-05 13:00:00,12
2513,Peguera / Cala Fornells_2025,2909,2879,50.85934,16.0,2025-12-05 14:00:00,12
2514,Peguera / Cala Fornells_2025,2910,2879,38.570198,33.0,2025-12-05 15:00:00,12
2515,Peguera / Cala Fornells_2025,2911,2879,25.905537,23.0,2025-12-05 16:00:00,12
2516,Peguera / Cala Fornells_2025,2912,2879,32.89161,44.0,2025-12-05 17:00:00,12
2517,Peguera / Cala Fornells_2025,2913,2879,46.669502,35.0,2025-12-05 18:00:00,12
2518,Peguera / Cala Fornells_2025,2914,2879,43.167282,45.0,2025-12-05 19:00:00,12
2519,Peguera / Cala Fornells_2025,2915,2879,34.16624,36.0,2025-12-05 20:00:00,12
2520,Peguera Platja Torà_2025,1671,1670,158.49808,168.0,2025-08-26 10:00:00,8
2521,Peguera Platja Torà_2025,1672,1670,144.24202,166.0,2025-08-26 11:00:00,8
2522,Peguera Platja Torà_2025,1673,1670,138.59738,151.0,2025-08-26 12:00:00,8
2523,Peguera Platja Torà_2025,1674,1670,140.52429,132.0,2025-08-26 13:00:00,8
2524,Peguera Platja Torà_2025,1675,1670,134.68387,136.0,2025-08-26 14:00:00,8
2525,Peguera Platja Torà_2025,1676,1670,111.27351,72.0,2025-08-26 15:00:00,8
2526,Peguera Platja Torà_2025,1677,1670,84.99405,80.0,2025-08-26 16:00:00,8
2527,Peguera Platja Torà_2025,1678,1670,70.00026,59.0,2025-08-26 17:00:00,8
2528,Peguera Platja Torà_2025,1679,1670,54.639683,51.0,2025-08-26 18:00:00,8
2529,Peguera Platja Torà_2025,1680,1670,11.121151,9.0,2025-08-26 19:00:00,8
2530,Peguera Platja Torà_2025,1681,1670,9.058672,10.0,2025-08-26 20:00:00,8
2531,Peguera Platja Torà_2025,1682,1670,117.832794,103.0,2025-08-27 08:00:00,8
2532,Peguera Platja Torà_2025,1683,1670,158.12251,49.0,2025-08-27 09:00:00,8
2533,Peguera Platja Torà_2025,1684,1670,158.76926,94.0,2025-08-27 10:00:00,8
2534,Peguera Platja Torà_2025,1685,1670,146.17581,157.0,2025-08-27 11:00:00,8
2535,Peguera Platja Torà_2025,1686,1670,141.49237,167.0,2025-08-27 12:00:00,8
2536,Peguera Platja Torà_2025,1687,1670,142.31403,129.0,2025-08-27 13:00:00,8
2537,Peguera Platja Torà_2025,1688,1670,137.64641,117.0,2025-08-27 14:00:00,8
2538,Peguera Platja Torà_2025,1689,1670,112.44038,91.0,2025-08-27 15:00:00,8
2539,Peguera Platja Torà_2025,1690,1670,84.76084,89.0,2025-08-27 16:00:00,8
2540,Peguera Platja Torà_2025,1691,1670,69.337616,45.0,2025-08-27 17:00:00,8
2541,Peguera Platja Torà_2025,1692,1670,54.32968,70.0,2025-08-27 18:00:00,8
2542,Peguera Platja Torà_2025,1693,1670,11.029574,11.0,2025-08-27 19:00:00,8
2543,Peguera Platja Torà_2025,1694,1670,9.597817,10.0,2025-08-27 20:00:00,8
2544,Peguera Platja Torà_2025,1695,1670,110.833046,95.0,2025-08-28 08:00:00,8
2545,Peguera Platja Torà_2025,1696,1670,140.96455,139.0,2025-08-28 09:00:00,8
2546,Peguera Platja Torà_2025,1697,1670,148.9657,152.0,2025-08-28 10:00:00,8
2547,Peguera Platja Torà_2025,1698,1670,135.3848,139.0,2025-08-28 11:00:00,8
2548,Peguera Platja Torà_2025,1699,1670,131.1757,139.0,2025-08-28 12:00:00,8
2549,Peguera Platja Torà_2025,1700,1670,129.25945,148.0,2025-08-28 13:00:00,8
2550,Peguera Platja Torà_2025,1701,1670,126.411995,170.0,2025-08-28 14:00:00,8
2551,Peguera Platja Torà_2025,1702,1670,106.195015,125.0,2025-08-28 15:00:00,8
2552,Peguera Platja Torà_2025,1703,1670,81.61406,92.0,2025-08-28 16:00:00,8
2553,Peguera Platja Torà_2025,1704,1670,68.59981,79.0,2025-08-28 17:00:00,8
2554,Peguera Platja Torà_2025,1705,1670,53.585182,103.0,2025-08-28 18:00:00,8
2555,Peguera Platja Torà_2025,1706,1670,10.224121,10.0,2025-08-28 19:00:00,8
2556,Peguera Platja Torà_2025,1707,1706,13.413546,10.0,2025-08-28 20:00:00,8
2557,Peguera Platja Torà_2025,1708,1706,90.18583,104.0,2025-08-29 08:00:00,8
2558,Peguera Platja Torà_2025,1709,1706,124.91505,139.0,2025-08-29 09:00:00,8
2559,Peguera Platja Torà_2025,1710,1706,143.64874,146.0,2025-08-29 10:00:00,8
2560,Peguera Platja Torà_2025,1711,1706,145.9174,103.0,2025-08-29 11:00:00,8
2561,Peguera Platja Torà_2025,1712,1706,144.00687,115.0,2025-08-29 12:00:00,8
2562,Peguera Platja Torà_2025,1713,1706,142.70053,160.0,2025-08-29 13:00:00,8
2563,Peguera Platja Torà_2025,1714,1706,131.93767,85.0,2025-08-29 14:00:00,8
2564,Peguera Platja Torà_2025,1715,1706,110.6109,68.0,2025-08-29 15:00:00,8
2565,Peguera Platja Torà_2025,1716,1706,87.4827,70.0,2025-08-29 16:00:00,8
2566,Peguera Platja Torà_2025,1717,1706,69.313286,79.0,2025-08-29 17:00:00,8
2567,Peguera Platja Torà_2025,1718,1706,67.00607,66.0,2025-08-29 18:00:00,8
2568,Peguera Platja Torà_2025,1719,1706,13.457024,10.0,2025-08-29 19:00:00,8
2569,Peguera Platja Torà_2025,1720,1706,10.027901,9.0,2025-08-29 20:00:00,8
2570,Peguera Platja Torà_2025,1721,1706,102.69323,113.0,2025-08-30 08:00:00,8
2571,Peguera Platja Torà_2025,1722,1706,157.43779,147.0,2025-08-30 09:00:00,8
2572,Peguera Platja Torà_2025,1723,1706,175.26018,148.0,2025-08-30 10:00:00,8
2573,Peguera Platja Torà_2025,1724,1706,176.73079,159.0,2025-08-30 11:00:00,8
2574,Peguera Platja Torà_2025,1725,1706,174.3344,121.0,2025-08-30 12:00:00,8
2575,Peguera Platja Torà_2025,1726,1706,169.11835,184.0,2025-08-30 13:00:00,8
2576,Peguera Platja Torà_2025,1727,1706,157.30006,119.0,2025-08-30 14:00:00,8
2577,Peguera Platja Torà_2025,1728,1706,130.99965,87.0,2025-08-30 15:00:00,8
2578,Peguera Platja Torà_2025,1729,1706,103.14608,88.0,2025-08-30 16:00:00,8
2579,Peguera Platja Torà_2025,1730,1706,78.82657,86.0,2025-08-30 17:00:00,8
2580,Peguera Platja Torà_2025,1731,1706,73.94253,103.0,2025-08-30 18:00:00,8
2581,Peguera Platja Torà_2025,1732,1706,11.45565,10.0,2025-08-30 19:00:00,8
2582,Peguera Platja Torà_2025,1733,1706,9.179397,10.0,2025-08-30 20:00:00,8
2583,Peguera Platja Torà_2025,1734,1706,97.810104,137.0,2025-08-31 08:00:00,8
2584,Peguera Platja Torà_2025,1735,1706,146.37195,148.0,2025-08-31 09:00:00,8
2585,Peguera Platja Torà_2025,1736,1706,164.20836,153.0,2025-08-31 10:00:00,8
2586,Peguera Platja Torà_2025,1737,1706,166.15408,167.0,2025-08-31 11:00:00,8
2587,Peguera Platja Torà_2025,1738,1706,163.3819,182.0,2025-08-31 12:00:00,8
2588,Peguera Platja Torà_2025,1739,1706,159.99751,180.0,2025-08-31 13:00:00,8
2589,Peguera Platja Torà_2025,1740,1706,148.90062,135.0,2025-08-31 14:00:00,8
2590,Peguera Platja Torà_2025,1741,1706,123.735535,103.0,2025-08-31 15:00:00,8
2591,Peguera Platja Torà_2025,1742,1706,97.93517,66.0,2025-08-31 16:00:00,8
2592,Peguera Platja Torà_2025,1743,1742,81.30828,61.0,2025-08-31 17:00:00,8
2593,Peguera Platja Torà_2025,1744,1742,80.071625,79.0,2025-08-31 18:00:00,8
2594,Peguera Platja Torà_2025,1745,1742,11.424337,8.0,2025-08-31 19:00:00,8
2595,Peguera Platja Torà_2025,1746,1742,9.327566,9.0,2025-08-31 20:00:00,8
2596,Peguera Platja Torà_2025,1747,1742,97.723526,153.0,2025-09-01 08:00:00,9
2597,Peguera Platja Torà_2025,1748,1742,125.73707,156.0,2025-09-01 09:00:00,9
2598,Peguera Platja Torà_2025,1749,1742,129.72992,139.0,2025-09-01 10:00:00,9
2599,Peguera Platja Torà_2025,1750,1742,123.96967,171.0,2025-09-01 11:00:00,9
2600,Peguera Platja Torà_2025,1751,1742,122.89346,108.0,2025-09-01 12:00:00,9
2601,Peguera Platja Torà_2025,1752,1742,124.08146,162.0,2025-09-01 13:00:00,9
2602,Peguera Platja Torà_2025,1753,1742,108.32539,138.0,2025-09-01 14:00:00,9
2603,Peguera Platja Torà_2025,1754,1742,83.17137,81.0,2025-09-01 15:00:00,9
2604,Peguera Platja Torà_2025,1755,1742,67.578995,66.0,2025-09-01 16:00:00,9
2605,Peguera Platja Torà_2025,1756,1742,64.074554,64.0,2025-09-01 17:00:00,9
2606,Peguera Platja Torà_2025,1757,1742,62.59486,106.0,2025-09-01 18:00:00,9
2607,Peguera Platja Torà_2025,1758,1742,6.096466,10.0,2025-09-01 19:00:00,9
2608,Peguera Platja Torà_2025,1759,1742,4.937595,9.0,2025-09-01 20:00:00,9
2609,Peguera Platja Torà_2025,1760,1742,97.33114,82.0,2025-09-02 08:00:00,9
2610,Peguera Platja Torà_2025,1761,1742,129.44867,122.0,2025-09-02 09:00:00,9
2611,Peguera Platja Torà_2025,1762,1742,138.84258,107.0,2025-09-02 10:00:00,9
2612,Peguera Platja Torà_2025,1763,1742,138.69038,164.0,2025-09-02 11:00:00,9
2613,Peguera Platja Torà_2025,1764,1742,141.63121,142.0,2025-09-02 12:00:00,9
2614,Peguera Platja Torà_2025,1765,1742,139.5411,103.0,2025-09-02 13:00:00,9
2615,Peguera Platja Torà_2025,1766,1742,121.157845,88.0,2025-09-02 14:00:00,9
2616,Peguera Platja Torà_2025,1767,1742,92.52791,70.0,2025-09-02 15:00:00,9
2617,Peguera Platja Torà_2025,1768,1742,74.89046,60.0,2025-09-02 16:00:00,9
2618,Peguera Platja Torà_2025,1769,1742,71.38591,50.0,2025-09-02 17:00:00,9
2619,Peguera Platja Torà_2025,1770,1742,72.66977,149.0,2025-09-02 18:00:00,9
2620,Peguera Platja Torà_2025,1771,1742,8.437422,9.0,2025-09-02 19:00:00,9
2621,Peguera Platja Torà_2025,1772,1742,7.059556,10.0,2025-09-02 20:00:00,9
2622,Peguera Platja Torà_2025,1773,1742,105.76302,142.0,2025-09-03 08:00:00,9
2623,Peguera Platja Torà_2025,1774,1742,132.53719,156.0,2025-09-03 09:00:00,9
2624,Peguera Platja Torà_2025,1775,1742,137.64622,169.0,2025-09-03 10:00:00,9
2625,Peguera Platja Torà_2025,1776,1742,137.40427,172.0,2025-09-03 11:00:00,9
2626,Peguera Platja Torà_2025,1777,1742,140.59561,191.0,2025-09-03 12:00:00,9
2627,Peguera Platja Torà_2025,1778,1742,139.14995,197.0,2025-09-03 13:00:00,9
2628,Peguera Platja Torà_2025,1779,1778,154.17082,183.0,2025-09-03 14:00:00,9
2629,Peguera Platja Torà_2025,1780,1778,105.58479,109.0,2025-09-03 15:00:00,9
2630,Peguera Platja Torà_2025,1781,1778,76.06161,90.0,2025-09-03 16:00:00,9
2631,Peguera Platja Torà_2025,1782,1778,69.135605,67.0,2025-09-03 17:00:00,9
2632,Peguera Platja Torà_2025,1783,1778,87.981026,102.0,2025-09-03 18:00:00,9
2633,Peguera Platja Torà_2025,1784,1778,10.956345,10.0,2025-09-03 19:00:00,9
2634,Peguera Platja Torà_2025,1785,1778,9.788881,11.0,2025-09-03 20:00:00,9
2635,Peguera Platja Torà_2025,1786,1778,141.23732,141.0,2025-09-04 08:00:00,9
2636,Peguera Platja Torà_2025,1787,1778,174.96278,138.0,2025-09-04 09:00:00,9
2637,Peguera Platja Torà_2025,1788,1778,183.92311,154.0,2025-09-04 10:00:00,9
2638,Peguera Platja Torà_2025,1789,1778,182.18114,160.0,2025-09-04 11:00:00,9
2639,Peguera Platja Torà_2025,1790,1778,176.76744,164.0,2025-09-04 12:00:00,9
2640,Peguera Platja Torà_2025,1791,1778,164.9258,165.0,2025-09-04 13:00:00,9
2641,Peguera Platja Torà_2025,1792,1778,136.43068,150.0,2025-09-04 14:00:00,9
2642,Peguera Platja Torà_2025,1793,1778,91.07768,86.0,2025-09-04 15:00:00,9
2643,Peguera Platja Torà_2025,1794,1778,68.871796,61.0,2025-09-04 16:00:00,9
2644,Peguera Platja Torà_2025,1795,1778,66.3598,67.0,2025-09-04 17:00:00,9
2645,Peguera Platja Torà_2025,1796,1778,86.0982,90.0,2025-09-04 18:00:00,9
2646,Peguera Platja Torà_2025,1797,1778,9.671111,9.0,2025-09-04 19:00:00,9
2647,Peguera Platja Torà_2025,1798,1778,9.548489,11.0,2025-09-04 20:00:00,9
2648,Peguera Platja Torà_2025,1799,1778,137.158,114.0,2025-09-05 08:00:00,9
2649,Peguera Platja Torà_2025,1800,1778,167.11072,157.0,2025-09-05 09:00:00,9
2650,Peguera Platja Torà_2025,1801,1778,175.06458,163.0,2025-09-05 10:00:00,9
2651,Peguera Platja Torà_2025,1802,1778,173.32243,194.0,2025-09-05 11:00:00,9
2652,Peguera Platja Torà_2025,1803,1778,167.89662,195.0,2025-09-05 12:00:00,9
2653,Peguera Platja Torà_2025,1804,1778,158.85062,74.0,2025-09-05 13:00:00,9
2654,Peguera Platja Torà_2025,1805,1778,134.41322,79.0,2025-09-05 14:00:00,9
2655,Peguera Platja Torà_2025,1806,1778,91.51705,66.0,2025-09-05 15:00:00,9
2656,Peguera Platja Torà_2025,1807,1778,68.342026,51.0,2025-09-05 16:00:00,9
2657,Peguera Platja Torà_2025,1808,1778,65.74496,40.0,2025-09-05 17:00:00,9
2658,Peguera Platja Torà_2025,1809,1778,85.896126,112.0,2025-09-05 18:00:00,9
2659,Peguera Platja Torà_2025,1810,1778,9.859258,9.0,2025-09-05 19:00:00,9
2660,Peguera Platja Torà_2025,1811,1778,9.843706,9.0,2025-09-05 20:00:00,9
2661,Peguera Platja Torà_2025,1812,1778,136.06076,194.0,2025-09-06 08:00:00,9
2662,Peguera Platja Torà_2025,1813,1778,167.26205,203.0,2025-09-06 09:00:00,9
2663,Peguera Platja Torà_2025,1814,1778,178.77031,123.0,2025-09-06 10:00:00,9
2664,Peguera Platja Torà_2025,1815,1814,187.49957,129.0,2025-09-06 11:00:00,9
2665,Peguera Platja Torà_2025,1816,1814,188.34564,116.0,2025-09-06 12:00:00,9
2666,Peguera Platja Torà_2025,1817,1814,170.61166,92.0,2025-09-06 13:00:00,9
2667,Peguera Platja Torà_2025,1818,1814,130.22833,105.0,2025-09-06 14:00:00,9
2668,Peguera Platja Torà_2025,1819,1814,88.87947,84.0,2025-09-06 15:00:00,9
2669,Peguera Platja Torà_2025,1820,1814,68.361084,56.0,2025-09-06 16:00:00,9
2670,Peguera Platja Torà_2025,1821,1814,67.40683,57.0,2025-09-06 17:00:00,9
2671,Peguera Platja Torà_2025,1822,1814,95.58926,62.0,2025-09-06 18:00:00,9
2672,Peguera Platja Torà_2025,1823,1814,11.013544,10.0,2025-09-06 19:00:00,9
2673,Peguera Platja Torà_2025,1824,1814,10.540321,10.0,2025-09-06 20:00:00,9
2674,Peguera Platja Torà_2025,1825,1814,135.36746,96.0,2025-09-07 08:00:00,9
2675,Peguera Platja Torà_2025,1826,1814,164.25879,98.0,2025-09-07 09:00:00,9
2676,Peguera Platja Torà_2025,1827,1814,172.02713,141.0,2025-09-07 10:00:00,9
2677,Peguera Platja Torà_2025,1828,1814,173.42671,121.0,2025-09-07 11:00:00,9
2678,Peguera Platja Torà_2025,1829,1814,171.95515,88.0,2025-09-07 12:00:00,9
2679,Peguera Platja Torà_2025,1830,1814,157.00603,110.0,2025-09-07 13:00:00,9
2680,Peguera Platja Torà_2025,1831,1814,118.38962,108.0,2025-09-07 14:00:00,9
2681,Peguera Platja Torà_2025,1832,1814,81.96998,72.0,2025-09-07 15:00:00,9
2682,Peguera Platja Torà_2025,1833,1814,65.13349,59.0,2025-09-07 16:00:00,9
2683,Peguera Platja Torà_2025,1834,1814,66.75041,39.0,2025-09-07 17:00:00,9
2684,Peguera Platja Torà_2025,1835,1814,95.077805,83.0,2025-09-07 18:00:00,9
2685,Peguera Platja Torà_2025,1836,1814,10.725401,10.0,2025-09-07 19:00:00,9
2686,Peguera Platja Torà_2025,1837,1814,10.72234,9.0,2025-09-07 20:00:00,9
2687,Peguera Platja Torà_2025,1838,1814,123.40129,51.0,2025-09-08 08:00:00,9
2688,Peguera Platja Torà_2025,1839,1814,146.67601,53.0,2025-09-08 09:00:00,9
2689,Peguera Platja Torà_2025,1840,1814,150.23427,105.0,2025-09-08 10:00:00,9
2690,Peguera Platja Torà_2025,1841,1814,148.69574,139.0,2025-09-08 11:00:00,9
2691,Peguera Platja Torà_2025,1842,1814,142.99565,145.0,2025-09-08 12:00:00,9
2692,Peguera Platja Torà_2025,1843,1814,127.256966,73.0,2025-09-08 13:00:00,9
2693,Peguera Platja Torà_2025,1844,1814,96.335335,77.0,2025-09-08 14:00:00,9
2694,Peguera Platja Torà_2025,1845,1814,70.51511,87.0,2025-09-08 15:00:00,9
2695,Peguera Platja Torà_2025,1846,1814,59.347584,69.0,2025-09-08 16:00:00,9
2696,Peguera Platja Torà_2025,1847,1814,62.06135,42.0,2025-09-08 17:00:00,9
2697,Peguera Platja Torà_2025,1848,1814,86.01058,118.0,2025-09-08 18:00:00,9
2698,Peguera Platja Torà_2025,1849,1814,11.17598,10.0,2025-09-08 19:00:00,9
2699,Peguera Platja Torà_2025,1850,1814,10.944797,9.0,2025-09-08 20:00:00,9
2700,Peguera Torà Plaça_2025,2736,2735,67.647446,61.0,2025-11-19 09:00:00,11
2701,Peguera Torà Plaça_2025,2737,2735,72.77999,79.0,2025-11-19 10:00:00,11
2702,Peguera Torà Plaça_2025,2738,2735,74.60981,72.0,2025-11-19 11:00:00,11
2703,Peguera Torà Plaça_2025,2739,2735,76.15235,80.0,2025-11-19 12:00:00,11
2704,Peguera Torà Plaça_2025,2740,2735,79.51222,81.0,2025-11-19 13:00:00,11
2705,Peguera Torà Plaça_2025,2741,2735,81.93859,58.0,2025-11-19 14:00:00,11
2706,Peguera Torà Plaça_2025,2742,2735,82.59749,81.0,2025-11-19 15:00:00,11
2707,Peguera Torà Plaça_2025,2743,2735,73.17348,84.0,2025-11-19 16:00:00,11
2708,Peguera Torà Plaça_2025,2744,2735,36.581524,22.0,2025-11-19 17:00:00,11
2709,Peguera Torà Plaça_2025,2745,2735,28.470524,20.0,2025-11-19 18:00:00,11
2710,Peguera Torà Plaça_2025,2746,2735,23.98278,24.0,2025-11-19 19:00:00,11
2711,Peguera Torà Plaça_2025,2747,2735,22.538916,19.0,2025-11-19 20:00:00,11
2712,Peguera Torà Plaça_2025,2748,2735,61.77329,46.0,2025-11-20 08:00:00,11
2713,Peguera Torà Plaça_2025,2749,2735,70.60123,56.0,2025-11-20 09:00:00,11
2714,Peguera Torà Plaça_2025,2750,2735,72.807495,90.0,2025-11-20 10:00:00,11
2715,Peguera Torà Plaça_2025,2751,2735,72.54202,91.0,2025-11-20 11:00:00,11
2716,Peguera Torà Plaça_2025,2752,2735,73.51103,78.0,2025-11-20 12:00:00,11
2717,Peguera Torà Plaça_2025,2753,2735,75.81998,80.0,2025-11-20 13:00:00,11
2718,Peguera Torà Plaça_2025,2754,2735,78.509796,113.0,2025-11-20 14:00:00,11
2719,Peguera Torà Plaça_2025,2755,2735,78.29506,98.0,2025-11-20 15:00:00,11
2720,Peguera Torà Plaça_2025,2756,2735,66.45217,80.0,2025-11-20 16:00:00,11
2721,Peguera Torà Plaça_2025,2757,2735,35.19573,21.0,2025-11-20 17:00:00,11
2722,Peguera Torà Plaça_2025,2758,2735,27.106653,19.0,2025-11-20 18:00:00,11
2723,Peguera Torà Plaça_2025,2759,2735,22.541859,9.0,2025-11-20 19:00:00,11
2724,Peguera Torà Plaça_2025,2760,2735,21.458391,9.0,2025-11-20 20:00:00,11
2725,Peguera Torà Plaça_2025,2761,2735,57.82054,41.0,2025-11-21 08:00:00,11
2726,Peguera Torà Plaça_2025,2762,2735,63.90581,52.0,2025-11-21 09:00:00,11
2727,Peguera Torà Plaça_2025,2763,2735,66.57382,65.0,2025-11-21 10:00:00,11
2728,Peguera Torà Plaça_2025,2764,2735,66.914474,95.0,2025-11-21 11:00:00,11
2729,Peguera Torà Plaça_2025,2765,2735,67.772736,79.0,2025-11-21 12:00:00,11
2730,Peguera Torà Plaça_2025,2766,2735,69.983475,79.0,2025-11-21 13:00:00,11
2731,Peguera Torà Plaça_2025,2767,2735,74.16547,110.0,2025-11-21 14:00:00,11
2732,Peguera Torà Plaça_2025,2768,2735,73.59533,80.0,2025-11-21 15:00:00,11
2733,Peguera Torà Plaça_2025,2769,2735,61.36347,116.0,2025-11-21 16:00:00,11
2734,Peguera Torà Plaça_2025,2770,2735,33.299026,14.0,2025-11-21 17:00:00,11
2735,Peguera Torà Plaça_2025,2771,2735,26.99288,9.0,2025-11-21 18:00:00,11
2736,Peguera Torà Plaça_2025,2772,2771,15.708483,8.0,2025-11-21 19:00:00,11
2737,Peguera Torà Plaça_2025,2773,2771,14.73623,9.0,2025-11-21 20:00:00,11
2738,Peguera Torà Plaça_2025,2774,2771,45.836136,44.0,2025-11-22 08:00:00,11
2739,Peguera Torà Plaça_2025,2775,2771,64.169975,51.0,2025-11-22 09:00:00,11
2740,Peguera Torà Plaça_2025,2776,2771,79.40669,102.0,2025-11-22 10:00:00,11
2741,Peguera Torà Plaça_2025,2777,2771,85.59744,88.0,2025-11-22 11:00:00,11
2742,Peguera Torà Plaça_2025,2778,2771,87.02776,82.0,2025-11-22 12:00:00,11
2743,Peguera Torà Plaça_2025,2779,2771,89.5072,92.0,2025-11-22 13:00:00,11
2744,Peguera Torà Plaça_2025,2780,2771,91.98217,116.0,2025-11-22 14:00:00,11
2745,Peguera Torà Plaça_2025,2781,2771,92.123116,87.0,2025-11-22 15:00:00,11
2746,Peguera Torà Plaça_2025,2782,2771,89.3261,96.0,2025-11-22 16:00:00,11
2747,Peguera Torà Plaça_2025,2783,2771,18.927105,16.0,2025-11-22 17:00:00,11
2748,Peguera Torà Plaça_2025,2784,2771,15.019121,9.0,2025-11-22 18:00:00,11
2749,Peguera Torà Plaça_2025,2785,2771,15.274221,9.0,2025-11-22 19:00:00,11
2750,Peguera Torà Plaça_2025,2786,2771,14.469929,9.0,2025-11-22 20:00:00,11
2751,Peguera Torà Plaça_2025,2787,2771,50.304714,57.0,2025-11-23 08:00:00,11
2752,Peguera Torà Plaça_2025,2788,2771,73.56725,73.0,2025-11-23 09:00:00,11
2753,Peguera Torà Plaça_2025,2789,2771,87.33056,88.0,2025-11-23 10:00:00,11
2754,Peguera Torà Plaça_2025,2790,2771,91.62899,75.0,2025-11-23 11:00:00,11
2755,Peguera Torà Plaça_2025,2791,2771,92.413055,74.0,2025-11-23 12:00:00,11
2756,Peguera Torà Plaça_2025,2792,2771,94.72918,68.0,2025-11-23 13:00:00,11
2757,Peguera Torà Plaça_2025,2793,2771,97.36618,101.0,2025-11-23 14:00:00,11
2758,Peguera Torà Plaça_2025,2794,2771,97.69141,81.0,2025-11-23 15:00:00,11
2759,Peguera Torà Plaça_2025,2795,2771,95.47265,107.0,2025-11-23 16:00:00,11
2760,Peguera Torà Plaça_2025,2796,2771,22.777721,10.0,2025-11-23 17:00:00,11
2761,Peguera Torà Plaça_2025,2797,2771,13.9036045,8.0,2025-11-23 18:00:00,11
2762,Peguera Torà Plaça_2025,2798,2771,13.831711,9.0,2025-11-23 19:00:00,11
2763,Peguera Torà Plaça_2025,2799,2771,12.927765,9.0,2025-11-23 20:00:00,11
2764,Peguera Torà Plaça_2025,2800,2771,43.71604,39.0,2025-11-24 08:00:00,11
2765,Peguera Torà Plaça_2025,2801,2771,59.16634,42.0,2025-11-24 09:00:00,11
2766,Peguera Torà Plaça_2025,2802,2771,71.60477,72.0,2025-11-24 10:00:00,11
2767,Peguera Torà Plaça_2025,2803,2771,75.659164,65.0,2025-11-24 11:00:00,11
2768,Peguera Torà Plaça_2025,2804,2771,75.90254,75.0,2025-11-24 12:00:00,11
2769,Peguera Torà Plaça_2025,2805,2771,77.81408,46.0,2025-11-24 13:00:00,11
2770,Peguera Torà Plaça_2025,2806,2771,81.047035,67.0,2025-11-24 14:00:00,11
2771,Peguera Torà Plaça_2025,2807,2771,83.0581,67.0,2025-11-24 15:00:00,11
2772,Peguera Torà Plaça_2025,2808,2807,82.48264,58.0,2025-11-24 16:00:00,11
2773,Peguera Torà Plaça_2025,2809,2807,11.273689,8.0,2025-11-24 17:00:00,11
2774,Peguera Torà Plaça_2025,2810,2807,9.794146,8.0,2025-11-24 18:00:00,11
2775,Peguera Torà Plaça_2025,2811,2807,9.187515,10.0,2025-11-24 19:00:00,11
2776,Peguera Torà Plaça_2025,2812,2807,8.344318,8.0,2025-11-24 20:00:00,11
2777,Peguera Torà Plaça_2025,2813,2807,44.338818,55.0,2025-11-25 08:00:00,11
2778,Peguera Torà Plaça_2025,2814,2807,55.320396,27.0,2025-11-25 09:00:00,11
2779,Peguera Torà Plaça_2025,2815,2807,65.39339,69.0,2025-11-25 10:00:00,11
2780,Peguera Torà Plaça_2025,2816,2807,66.45241,58.0,2025-11-25 11:00:00,11
2781,Peguera Torà Plaça_2025,2817,2807,65.4488,68.0,2025-11-25 12:00:00,11
2782,Peguera Torà Plaça_2025,2818,2807,68.75282,53.0,2025-11-25 13:00:00,11
2783,Peguera Torà Plaça_2025,2819,2807,72.77616,63.0,2025-11-25 14:00:00,11
2784,Peguera Torà Plaça_2025,2820,2807,76.0413,93.0,2025-11-25 15:00:00,11
2785,Peguera Torà Plaça_2025,2821,2807,80.09495,61.0,2025-11-25 16:00:00,11
2786,Peguera Torà Plaça_2025,2822,2807,10.632227,10.0,2025-11-25 17:00:00,11
2787,Peguera Torà Plaça_2025,2823,2807,9.669662,8.0,2025-11-25 18:00:00,11
2788,Peguera Torà Plaça_2025,2824,2807,9.235655,9.0,2025-11-25 19:00:00,11
2789,Peguera Torà Plaça_2025,2825,2807,9.253368,8.0,2025-11-25 20:00:00,11
2790,Peguera Torà Plaça_2025,2826,2807,42.310246,39.0,2025-11-26 08:00:00,11
2791,Peguera Torà Plaça_2025,2827,2807,53.57238,43.0,2025-11-26 09:00:00,11
2792,Peguera Torà Plaça_2025,2828,2807,62.25722,63.0,2025-11-26 10:00:00,11
2793,Peguera Torà Plaça_2025,2829,2807,63.725906,56.0,2025-11-26 11:00:00,11
2794,Peguera Torà Plaça_2025,2830,2807,63.46128,55.0,2025-11-26 12:00:00,11
2795,Peguera Torà Plaça_2025,2831,2807,65.73482,80.0,2025-11-26 13:00:00,11
2796,Peguera Torà Plaça_2025,2832,2807,70.088455,86.0,2025-11-26 14:00:00,11
2797,Peguera Torà Plaça_2025,2833,2807,73.34846,94.0,2025-11-26 15:00:00,11
2798,Peguera Torà Plaça_2025,2834,2807,76.75803,82.0,2025-11-26 16:00:00,11
2799,Peguera Torà Plaça_2025,2835,2807,10.495923,9.0,2025-11-26 17:00:00,11
2800,Peguera Torà Plaça_2025,2836,2807,10.007001,10.0,2025-11-26 18:00:00,11
2801,Peguera Torà Plaça_2025,2837,2807,9.540804,8.0,2025-11-26 19:00:00,11
2802,Peguera Torà Plaça_2025,2838,2807,9.477343,8.0,2025-11-26 20:00:00,11
2803,Peguera Torà Plaça_2025,2839,2807,43.379635,44.0,2025-11-27 08:00:00,11
2804,Peguera Torà Plaça_2025,2840,2807,55.280766,35.0,2025-11-27 09:00:00,11
2805,Peguera Torà Plaça_2025,2841,2807,64.14166,56.0,2025-11-27 10:00:00,11
2806,Peguera Torà Plaça_2025,2842,2807,65.321655,57.0,2025-11-27 11:00:00,11
2807,Peguera Torà Plaça_2025,2843,2807,76.13809,48.0,2025-11-30 13:00:00,11
2808,Peguera Torà Plaça_2025,2844,2843,70.93758,53.0,2025-11-30 14:00:00,11
2809,Peguera Torà Plaça_2025,2845,2843,74.196175,54.0,2025-11-30 15:00:00,11
2810,Peguera Torà Plaça_2025,2846,2843,72.47767,54.0,2025-11-30 16:00:00,11
2811,Peguera Torà Plaça_2025,2847,2843,9.835365,9.0,2025-11-30 17:00:00,11
2812,Peguera Torà Plaça_2025,2848,2843,10.404416,8.0,2025-11-30 18:00:00,11
2813,Peguera Torà Plaça_2025,2849,2843,10.505185,7.0,2025-11-30 19:00:00,11
2814,Peguera Torà Plaça_2025,2850,2843,9.890608,7.0,2025-11-30 20:00:00,11
2815,Peguera Torà Plaça_2025,2851,2843,37.37902,48.0,2025-12-01 08:00:00,12
2816,Peguera Torà Plaça_2025,2852,2843,44.82003,59.0,2025-12-01 09:00:00,12
2817,Peguera Torà Plaça_2025,2853,2843,54.834618,56.0,2025-12-01 10:00:00,12
2818,Peguera Torà Plaça_2025,2854,2843,59.121696,34.0,2025-12-01 11:00:00,12
2819,Peguera Torà Plaça_2025,2855,2843,60.224586,31.0,2025-12-01 12:00:00,12
2820,Peguera Torà Plaça_2025,2856,2843,62.05386,44.0,2025-12-01 13:00:00,12
2821,Peguera Torà Plaça_2025,2857,2843,64.77719,56.0,2025-12-01 14:00:00,12
2822,Peguera Torà Plaça_2025,2858,2843,67.71704,62.0,2025-12-01 15:00:00,12
2823,Peguera Torà Plaça_2025,2859,2843,64.08588,47.0,2025-12-01 16:00:00,12
2824,Peguera Torà Plaça_2025,2860,2843,9.189419,8.0,2025-12-01 17:00:00,12
2825,Peguera Torà Plaça_2025,2861,2843,9.879895,9.0,2025-12-01 18:00:00,12
2826,Peguera Torà Plaça_2025,2862,2843,9.898449,9.0,2025-12-01 19:00:00,12
2827,Peguera Torà Plaça_2025,2863,2843,9.349383,9.0,2025-12-01 20:00:00,12
2828,Peguera Torà Plaça_2025,2864,2843,41.118805,24.0,2025-12-02 08:00:00,12
2829,Peguera Torà Plaça_2025,2865,2843,49.927826,43.0,2025-12-02 09:00:00,12
2830,Peguera Torà Plaça_2025,2866,2843,58.886833,49.0,2025-12-02 10:00:00,12
2831,Peguera Torà Plaça_2025,2867,2843,61.662376,49.0,2025-12-02 11:00:00,12
2832,Peguera Torà Plaça_2025,2868,2843,61.905193,33.0,2025-12-02 12:00:00,12
2833,Peguera Torà Plaça_2025,2869,2843,63.32054,42.0,2025-12-02 13:00:00,12
2834,Peguera Torà Plaça_2025,2870,2843,65.93092,42.0,2025-12-02 14:00:00,12
2835,Peguera Torà Plaça_2025,2871,2843,68.73828,50.0,2025-12-02 15:00:00,12
2836,Peguera Torà Plaça_2025,2872,2843,66.762955,61.0,2025-12-02 16:00:00,12
2837,Peguera Torà Plaça_2025,2873,2843,10.721293,11.0,2025-12-02 17:00:00,12
2838,Peguera Torà Plaça_2025,2874,2843,9.837114,8.0,2025-12-02 18:00:00,12
2839,Peguera Torà Plaça_2025,2875,2843,9.991658,8.0,2025-12-02 19:00:00,12
2840,Peguera Torà Plaça_2025,2876,2843,9.593385,8.0,2025-12-02 20:00:00,12
2841,Peguera Torà Plaça_2025,2877,2843,39.049057,39.0,2025-12-03 08:00:00,12
2842,Peguera Torà Plaça_2025,2878,2843,44.697247,24.0,2025-12-03 09:00:00,12
2843,Peguera Torà Plaça_2025,2879,2843,52.394466,50.0,2025-12-03 10:00:00,12
2844,Peguera Torà Plaça_2025,2880,2879,39.763844,36.0,2025-12-03 11:00:00,12
2845,Peguera Torà Plaça_2025,2881,2879,40.288673,51.0,2025-12-03 12:00:00,12
2846,Peguera Torà Plaça_2025,2882,2879,43.96392,42.0,2025-12-03 13:00:00,12
2847,Peguera Torà Plaça_2025,2883,2879,48.452427,39.0,2025-12-03 14:00:00,12
2848,Peguera Torà Plaça_2025,2884,2879,50.759468,28.0,2025-12-03 15:00:00,12
2849,Peguera Torà Plaça_2025,2885,2879,49.924282,43.0,2025-12-03 16:00:00,12
2850,Peguera Torà Plaça_2025,2886,2879,8.3815975,11.0,2025-12-03 17:00:00,12
2851,Peguera Torà Plaça_2025,2887,2879,8.18064,8.0,2025-12-03 18:00:00,12
2852,Peguera Torà Plaça_2025,2888,2879,8.683628,9.0,2025-12-03 19:00:00,12
2853,Peguera Torà Plaça_2025,2889,2879,8.92029,8.0,2025-12-03 20:00:00,12
2854,Peguera Torà Plaça_2025,2890,2879,38.287354,37.0,2025-12-04 08:00:00,12
2855,Peguera Torà Plaça_2025,2891,2879,44.80173,26.0,2025-12-04 09:00:00,12
2856,Peguera Torà Plaça_2025,2892,2879,46.86513,31.0,2025-12-04 10:00:00,12
2857,Peguera Torà Plaça_2025,2893,2879,44.424023,45.0,2025-12-04 11:00:00,12
2858,Peguera Torà Plaça_2025,2894,2879,43.15859,40.0,2025-12-04 12:00:00,12
2859,Peguera Torà Plaça_2025,2895,2879,45.701324,42.0,2025-12-04 13:00:00,12
2860,Peguera Torà Plaça_2025,2896,2879,48.517014,26.0,2025-12-04 14:00:00,12
2861,Peguera Torà Plaça_2025,2897,2879,51.285515,30.0,2025-12-04 15:00:00,12
2862,Peguera Torà Plaça_2025,2898,2879,49.730705,49.0,2025-12-04 16:00:00,12
2863,Peguera Torà Plaça_2025,2899,2879,8.425898,10.0,2025-12-04 17:00:00,12
2864,Peguera Torà Plaça_2025,2900,2879,8.329574,9.0,2025-12-04 18:00:00,12
2865,Peguera Torà Plaça_2025,2901,2879,9.38673,10.0,2025-12-04 19:00:00,12
2866,Peguera Torà Plaça_2025,2902,2879,9.3717165,13.0,2025-12-04 20:00:00,12
2867,Peguera Torà Plaça_2025,2903,2879,37.47303,28.0,2025-12-05 08:00:00,12
2868,Peguera Torà Plaça_2025,2904,2879,40.813286,26.0,2025-12-05 09:00:00,12
2869,Peguera Torà Plaça_2025,2905,2879,41.627426,25.0,2025-12-05 10:00:00,12
2870,Peguera Torà Plaça_2025,2906,2879,39.170704,21.0,2025-12-05 11:00:00,12
2871,Peguera Torà Plaça_2025,2907,2879,37.803547,28.0,2025-12-05 12:00:00,12
2872,Peguera Torà Plaça_2025,2908,2879,41.195583,23.0,2025-12-05 13:00:00,12
2873,Peguera Torà Plaça_2025,2909,2879,46.62927,33.0,2025-12-05 14:00:00,12
2874,Peguera Torà Plaça_2025,2910,2879,50.89706,44.0,2025-12-05 15:00:00,12
2875,Peguera Torà Plaça_2025,2911,2879,51.643124,39.0,2025-12-05 16:00:00,12
2876,Peguera Torà Plaça_2025,2912,2879,12.285444,10.0,2025-12-05 17:00:00,12
2877,Peguera Torà Plaça_2025,2913,2879,8.625577,8.0,2025-12-05 18:00:00,12
2878,Peguera Torà Plaça_2025,2914,2879,9.316299,9.0,2025-12-05 19:00:00,12
2879,Peguera Torà Plaça_2025,2915,2879,9.495214,8.0,2025-12-05 20:00:00,12
2880,Platja Palmira 2_2025,2736,2735,33.11455,19.0,2025-11-19 09:00:00,11
2881,Platja Palmira 2_2025,2737,2735,35.39113,37.0,2025-11-19 10:00:00,11
2882,Platja Palmira 2_2025,2738,2735,35.501335,28.0,2025-11-19 11:00:00,11
2883,Platja Palmira 2_2025,2739,2735,35.42283,46.0,2025-11-19 12:00:00,11
2884,Platja Palmira 2_2025,2740,2735,36.30517,35.0,2025-11-19 13:00:00,11
2885,Platja Palmira 2_2025,2741,2735,36.026627,25.0,2025-11-19 14:00:00,11
2886,Platja Palmira 2_2025,2742,2735,35.176018,33.0,2025-11-19 15:00:00,11
2887,Platja Palmira 2_2025,2743,2735,32.25524,33.0,2025-11-19 16:00:00,11
2888,Platja Palmira 2_2025,2744,2735,17.904408,19.0,2025-11-19 17:00:00,11
2889,Platja Palmira 2_2025,2745,2735,14.2280035,11.0,2025-11-19 18:00:00,11
2890,Platja Palmira 2_2025,2746,2735,13.096119,16.0,2025-11-19 19:00:00,11
2891,Platja Palmira 2_2025,2747,2735,12.374584,15.0,2025-11-19 20:00:00,11
2892,Platja Palmira 2_2025,2748,2735,29.595804,29.0,2025-11-20 08:00:00,11
2893,Platja Palmira 2_2025,2749,2735,33.917194,27.0,2025-11-20 09:00:00,11
2894,Platja Palmira 2_2025,2750,2735,35.094482,36.0,2025-11-20 10:00:00,11
2895,Platja Palmira 2_2025,2751,2735,34.47904,37.0,2025-11-20 11:00:00,11
2896,Platja Palmira 2_2025,2752,2735,34.086716,33.0,2025-11-20 12:00:00,11
2897,Platja Palmira 2_2025,2753,2735,34.39115,42.0,2025-11-20 13:00:00,11
2898,Platja Palmira 2_2025,2754,2735,34.126236,45.0,2025-11-20 14:00:00,11
2899,Platja Palmira 2_2025,2755,2735,33.111588,33.0,2025-11-20 15:00:00,11
2900,Platja Palmira 2_2025,2756,2735,29.159737,27.0,2025-11-20 16:00:00,11
2901,Platja Palmira 2_2025,2757,2735,16.976328,21.0,2025-11-20 17:00:00,11
2902,Platja Palmira 2_2025,2758,2735,13.608629,19.0,2025-11-20 18:00:00,11
2903,Platja Palmira 2_2025,2759,2735,12.452201,15.0,2025-11-20 19:00:00,11
2904,Platja Palmira 2_2025,2760,2735,11.925759,13.0,2025-11-20 20:00:00,11
2905,Platja Palmira 2_2025,2761,2735,27.74646,26.0,2025-11-21 08:00:00,11
2906,Platja Palmira 2_2025,2762,2735,30.74965,24.0,2025-11-21 09:00:00,11
2907,Platja Palmira 2_2025,2763,2735,32.18979,33.0,2025-11-21 10:00:00,11
2908,Platja Palmira 2_2025,2764,2735,31.83924,24.0,2025-11-21 11:00:00,11
2909,Platja Palmira 2_2025,2765,2735,31.311584,29.0,2025-11-21 12:00:00,11
2910,Platja Palmira 2_2025,2766,2735,31.499828,38.0,2025-11-21 13:00:00,11
2911,Platja Palmira 2_2025,2767,2735,31.906431,38.0,2025-11-21 14:00:00,11
2912,Platja Palmira 2_2025,2768,2735,31.074379,41.0,2025-11-21 15:00:00,11
2913,Platja Palmira 2_2025,2769,2735,27.03035,36.0,2025-11-21 16:00:00,11
2914,Platja Palmira 2_2025,2770,2735,16.100805,15.0,2025-11-21 17:00:00,11
2915,Platja Palmira 2_2025,2771,2735,13.571243,14.0,2025-11-21 18:00:00,11
2916,Platja Palmira 2_2025,2772,2771,14.282272,13.0,2025-11-21 19:00:00,11
2917,Platja Palmira 2_2025,2773,2771,13.5355015,13.0,2025-11-21 20:00:00,11
2918,Platja Palmira 2_2025,2774,2771,25.474041,23.0,2025-11-22 08:00:00,11
2919,Platja Palmira 2_2025,2775,2771,29.039484,32.0,2025-11-22 09:00:00,11
2920,Platja Palmira 2_2025,2776,2771,32.92478,37.0,2025-11-22 10:00:00,11
2921,Platja Palmira 2_2025,2777,2771,34.842194,34.0,2025-11-22 11:00:00,11
2922,Platja Palmira 2_2025,2778,2771,35.829468,37.0,2025-11-22 12:00:00,11
2923,Platja Palmira 2_2025,2779,2771,37.089188,39.0,2025-11-22 13:00:00,11
2924,Platja Palmira 2_2025,2780,2771,37.697178,43.0,2025-11-22 14:00:00,11
2925,Platja Palmira 2_2025,2781,2771,36.91999,38.0,2025-11-22 15:00:00,11
2926,Platja Palmira 2_2025,2782,2771,34.358547,31.0,2025-11-22 16:00:00,11
2927,Platja Palmira 2_2025,2783,2771,18.051647,13.0,2025-11-22 17:00:00,11
2928,Platja Palmira 2_2025,2784,2771,14.430376,17.0,2025-11-22 18:00:00,11
2929,Platja Palmira 2_2025,2785,2771,14.220974,14.0,2025-11-22 19:00:00,11
2930,Platja Palmira 2_2025,2786,2771,13.3963375,18.0,2025-11-22 20:00:00,11
2931,Platja Palmira 2_2025,2787,2771,27.085037,22.0,2025-11-23 08:00:00,11
2932,Platja Palmira 2_2025,2788,2771,31.821146,17.0,2025-11-23 09:00:00,11
2933,Platja Palmira 2_2025,2789,2771,35.59297,46.0,2025-11-23 10:00:00,11
2934,Platja Palmira 2_2025,2790,2771,37.021713,35.0,2025-11-23 11:00:00,11
2935,Platja Palmira 2_2025,2791,2771,37.824047,32.0,2025-11-23 12:00:00,11
2936,Platja Palmira 2_2025,2792,2771,39.020584,32.0,2025-11-23 13:00:00,11
2937,Platja Palmira 2_2025,2793,2771,39.66987,39.0,2025-11-23 14:00:00,11
2938,Platja Palmira 2_2025,2794,2771,38.994766,36.0,2025-11-23 15:00:00,11
2939,Platja Palmira 2_2025,2795,2771,36.66774,44.0,2025-11-23 16:00:00,11
2940,Platja Palmira 2_2025,2796,2771,19.670647,16.0,2025-11-23 17:00:00,11
2941,Platja Palmira 2_2025,2797,2771,14.252496,11.0,2025-11-23 18:00:00,11
2942,Platja Palmira 2_2025,2798,2771,13.903074,10.0,2025-11-23 19:00:00,11
2943,Platja Palmira 2_2025,2799,2771,13.029943,12.0,2025-11-23 20:00:00,11
2944,Platja Palmira 2_2025,2800,2771,24.800953,23.0,2025-11-24 08:00:00,11
2945,Platja Palmira 2_2025,2801,2771,27.776834,21.0,2025-11-24 09:00:00,11
2946,Platja Palmira 2_2025,2802,2771,30.810152,27.0,2025-11-24 10:00:00,11
2947,Platja Palmira 2_2025,2803,2771,31.989658,23.0,2025-11-24 11:00:00,11
2948,Platja Palmira 2_2025,2804,2771,32.50801,27.0,2025-11-24 12:00:00,11
2949,Platja Palmira 2_2025,2805,2771,33.4431,36.0,2025-11-24 13:00:00,11
2950,Platja Palmira 2_2025,2806,2771,34.213486,36.0,2025-11-24 14:00:00,11
2951,Platja Palmira 2_2025,2807,2771,33.994812,41.0,2025-11-24 15:00:00,11
2952,Platja Palmira 2_2025,2808,2807,39.05903,32.0,2025-11-24 16:00:00,11
2953,Platja Palmira 2_2025,2809,2807,14.1252575,13.0,2025-11-24 17:00:00,11
2954,Platja Palmira 2_2025,2810,2807,12.9152,14.0,2025-11-24 18:00:00,11
2955,Platja Palmira 2_2025,2811,2807,12.246992,15.0,2025-11-24 19:00:00,11
2956,Platja Palmira 2_2025,2812,2807,12.327522,14.0,2025-11-24 20:00:00,11
2957,Platja Palmira 2_2025,2813,2807,23.629812,30.0,2025-11-25 08:00:00,11
2958,Platja Palmira 2_2025,2814,2807,26.228947,24.0,2025-11-25 09:00:00,11
2959,Platja Palmira 2_2025,2815,2807,29.626537,29.0,2025-11-25 10:00:00,11
2960,Platja Palmira 2_2025,2816,2807,30.626862,36.0,2025-11-25 11:00:00,11
2961,Platja Palmira 2_2025,2817,2807,31.51406,36.0,2025-11-25 12:00:00,11
2962,Platja Palmira 2_2025,2818,2807,33.939526,39.0,2025-11-25 13:00:00,11
2963,Platja Palmira 2_2025,2819,2807,36.030148,43.0,2025-11-25 14:00:00,11
2964,Platja Palmira 2_2025,2820,2807,37.0507,42.0,2025-11-25 15:00:00,11
2965,Platja Palmira 2_2025,2821,2807,35.92585,27.0,2025-11-25 16:00:00,11
2966,Platja Palmira 2_2025,2822,2807,13.244055,16.0,2025-11-25 17:00:00,11
2967,Platja Palmira 2_2025,2823,2807,12.5857315,16.0,2025-11-25 18:00:00,11
2968,Platja Palmira 2_2025,2824,2807,12.211666,9.0,2025-11-25 19:00:00,11
2969,Platja Palmira 2_2025,2825,2807,12.51837,13.0,2025-11-25 20:00:00,11
2970,Platja Palmira 2_2025,2826,2807,22.594627,18.0,2025-11-26 08:00:00,11
2971,Platja Palmira 2_2025,2827,2807,25.128098,28.0,2025-11-26 09:00:00,11
2972,Platja Palmira 2_2025,2828,2807,28.139284,33.0,2025-11-26 10:00:00,11
2973,Platja Palmira 2_2025,2829,2807,29.350185,31.0,2025-11-26 11:00:00,11
2974,Platja Palmira 2_2025,2830,2807,30.537983,30.0,2025-11-26 12:00:00,11
2975,Platja Palmira 2_2025,2831,2807,32.604523,34.0,2025-11-26 13:00:00,11
2976,Platja Palmira 2_2025,2832,2807,34.899117,44.0,2025-11-26 14:00:00,11
2977,Platja Palmira 2_2025,2833,2807,35.981037,36.0,2025-11-26 15:00:00,11
2978,Platja Palmira 2_2025,2834,2807,34.661945,42.0,2025-11-26 16:00:00,11
2979,Platja Palmira 2_2025,2835,2807,13.218866,16.0,2025-11-26 17:00:00,11
2980,Platja Palmira 2_2025,2836,2807,12.667198,15.0,2025-11-26 18:00:00,11
2981,Platja Palmira 2_2025,2837,2807,12.297784,15.0,2025-11-26 19:00:00,11
2982,Platja Palmira 2_2025,2838,2807,12.519581,12.0,2025-11-26 20:00:00,11
2983,Platja Palmira 2_2025,2839,2807,22.85284,21.0,2025-11-27 08:00:00,11
2984,Platja Palmira 2_2025,2840,2807,25.5976,21.0,2025-11-27 09:00:00,11
2985,Platja Palmira 2_2025,2841,2807,28.742413,35.0,2025-11-27 10:00:00,11
2986,Platja Palmira 2_2025,2842,2807,29.868143,43.0,2025-11-27 11:00:00,11
2987,Platja Palmira 2_2025,2843,2807,36.30281,30.0,2025-11-30 13:00:00,11
2988,Platja Palmira 2_2025,2844,2843,40.27836,38.0,2025-11-30 14:00:00,11
2989,Platja Palmira 2_2025,2845,2843,40.28932,37.0,2025-11-30 15:00:00,11
2990,Platja Palmira 2_2025,2846,2843,37.760635,30.0,2025-11-30 16:00:00,11
2991,Platja Palmira 2_2025,2847,2843,15.022314,19.0,2025-11-30 17:00:00,11
2992,Platja Palmira 2_2025,2848,2843,14.546112,12.0,2025-11-30 18:00:00,11
2993,Platja Palmira 2_2025,2849,2843,14.2016945,15.0,2025-11-30 19:00:00,11
2994,Platja Palmira 2_2025,2850,2843,12.9811125,12.0,2025-11-30 20:00:00,11
2995,Platja Palmira 2_2025,2851,2843,20.609756,30.0,2025-12-01 08:00:00,12
2996,Platja Palmira 2_2025,2852,2843,24.555752,31.0,2025-12-01 09:00:00,12
2997,Platja Palmira 2_2025,2853,2843,28.75375,38.0,2025-12-01 10:00:00,12
2998,Platja Palmira 2_2025,2854,2843,31.74402,27.0,2025-12-01 11:00:00,12
2999,Platja Palmira 2_2025,2855,2843,33.936405,29.0,2025-12-01 12:00:00,12
3000,Platja Palmira 2_2025,2856,2843,35.84349,34.0,2025-12-01 13:00:00,12
3001,Platja Palmira 2_2025,2857,2843,36.94879,39.0,2025-12-01 14:00:00,12
3002,Platja Palmira 2_2025,2858,2843,36.88739,32.0,2025-12-01 15:00:00,12
3003,Platja Palmira 2_2025,2859,2843,33.37108,29.0,2025-12-01 16:00:00,12
3004,Platja Palmira 2_2025,2860,2843,13.568222,19.0,2025-12-01 17:00:00,12
3005,Platja Palmira 2_2025,2861,2843,13.985428,16.0,2025-12-01 18:00:00,12
3006,Platja Palmira 2_2025,2862,2843,13.608225,12.0,2025-12-01 19:00:00,12
3007,Platja Palmira 2_2025,2863,2843,12.549522,14.0,2025-12-01 20:00:00,12
3008,Platja Palmira 2_2025,2864,2843,21.830986,25.0,2025-12-02 08:00:00,12
3009,Platja Palmira 2_2025,2865,2843,26.089996,31.0,2025-12-02 09:00:00,12
3010,Platja Palmira 2_2025,2866,2843,29.770882,45.0,2025-12-02 10:00:00,12
3011,Platja Palmira 2_2025,2867,2843,32.10609,46.0,2025-12-02 11:00:00,12
3012,Platja Palmira 2_2025,2868,2843,33.88618,36.0,2025-12-02 12:00:00,12
3013,Platja Palmira 2_2025,2869,2843,35.652534,30.0,2025-12-02 13:00:00,12
3014,Platja Palmira 2_2025,2870,2843,36.797943,36.0,2025-12-02 14:00:00,12
3015,Platja Palmira 2_2025,2871,2843,36.76151,30.0,2025-12-02 15:00:00,12
3016,Platja Palmira 2_2025,2872,2843,33.940033,30.0,2025-12-02 16:00:00,12
3017,Platja Palmira 2_2025,2873,2843,14.114054,20.0,2025-12-02 17:00:00,12
3018,Platja Palmira 2_2025,2874,2843,13.982374,23.0,2025-12-02 18:00:00,12
3019,Platja Palmira 2_2025,2875,2843,13.915723,18.0,2025-12-02 19:00:00,12
3020,Platja Palmira 2_2025,2876,2843,12.815379,19.0,2025-12-02 20:00:00,12
3021,Platja Palmira 2_2025,2877,2843,20.867788,31.0,2025-12-03 08:00:00,12
3022,Platja Palmira 2_2025,2878,2843,23.790825,38.0,2025-12-03 09:00:00,12
3023,Platja Palmira 2_2025,2879,2843,26.835327,38.0,2025-12-03 10:00:00,12
3024,Platja Palmira 2_2025,2880,2879,36.362167,38.0,2025-12-03 11:00:00,12
3025,Platja Palmira 2_2025,2881,2879,36.090843,38.0,2025-12-03 12:00:00,12
3026,Platja Palmira 2_2025,2882,2879,36.9276,31.0,2025-12-03 13:00:00,12
3027,Platja Palmira 2_2025,2883,2879,36.989655,33.0,2025-12-03 14:00:00,12
3028,Platja Palmira 2_2025,2884,2879,34.967224,23.0,2025-12-03 15:00:00,12
3029,Platja Palmira 2_2025,2885,2879,31.77086,28.0,2025-12-03 16:00:00,12
3030,Platja Palmira 2_2025,2886,2879,18.9816,20.0,2025-12-03 17:00:00,12
3031,Platja Palmira 2_2025,2887,2879,16.648972,17.0,2025-12-03 18:00:00,12
3032,Platja Palmira 2_2025,2888,2879,14.096479,18.0,2025-12-03 19:00:00,12
3033,Platja Palmira 2_2025,2889,2879,13.594638,20.0,2025-12-03 20:00:00,12
3034,Platja Palmira 2_2025,2890,2879,28.838236,21.0,2025-12-04 08:00:00,12
3035,Platja Palmira 2_2025,2891,2879,35.226223,20.0,2025-12-04 09:00:00,12
3036,Platja Palmira 2_2025,2892,2879,36.7902,32.0,2025-12-04 10:00:00,12
3037,Platja Palmira 2_2025,2893,2879,35.61428,31.0,2025-12-04 11:00:00,12
3038,Platja Palmira 2_2025,2894,2879,35.019295,25.0,2025-12-04 12:00:00,12
3039,Platja Palmira 2_2025,2895,2879,35.893867,28.0,2025-12-04 13:00:00,12
3040,Platja Palmira 2_2025,2896,2879,35.69825,27.0,2025-12-04 14:00:00,12
3041,Platja Palmira 2_2025,2897,2879,34.25289,34.0,2025-12-04 15:00:00,12
3042,Platja Palmira 2_2025,2898,2879,31.22426,36.0,2025-12-04 16:00:00,12
3043,Platja Palmira 2_2025,2899,2879,18.86008,18.0,2025-12-04 17:00:00,12
3044,Platja Palmira 2_2025,2900,2879,16.445187,14.0,2025-12-04 18:00:00,12
3045,Platja Palmira 2_2025,2901,2879,14.570438,18.0,2025-12-04 19:00:00,12
3046,Platja Palmira 2_2025,2902,2879,13.774251,19.0,2025-12-04 20:00:00,12
3047,Platja Palmira 2_2025,2903,2879,28.584127,29.0,2025-12-05 08:00:00,12
3048,Platja Palmira 2_2025,2904,2879,33.579124,31.0,2025-12-05 09:00:00,12
3049,Platja Palmira 2_2025,2905,2879,34.334385,41.0,2025-12-05 10:00:00,12
3050,Platja Palmira 2_2025,2906,2879,32.990494,27.0,2025-12-05 11:00:00,12
3051,Platja Palmira 2_2025,2907,2879,32.51854,37.0,2025-12-05 12:00:00,12
3052,Platja Palmira 2_2025,2908,2879,34.226753,29.0,2025-12-05 13:00:00,12
3053,Platja Palmira 2_2025,2909,2879,35.481667,39.0,2025-12-05 14:00:00,12
3054,Platja Palmira 2_2025,2910,2879,34.699356,32.0,2025-12-05 15:00:00,12
3055,Platja Palmira 2_2025,2911,2879,32.203064,35.0,2025-12-05 16:00:00,12
3056,Platja Palmira 2_2025,2912,2879,20.99843,21.0,2025-12-05 17:00:00,12
3057,Platja Palmira 2_2025,2913,2879,16.998688,21.0,2025-12-05 18:00:00,12
3058,Platja Palmira 2_2025,2914,2879,14.53762,19.0,2025-12-05 19:00:00,12
3059,Platja Palmira 2_2025,2915,2879,13.797591,21.0,2025-12-05 20:00:00,12
3060,Platja Palmira_2025,2736,2735,17.342781,13.0,2025-11-19 09:00:00,11
3061,Platja Palmira_2025,2737,2735,19.048689,21.0,2025-11-19 10:00:00,11
3062,Platja Palmira_2025,2738,2735,20.978754,39.0,2025-11-19 11:00:00,11
3063,Platja Palmira_2025,2739,2735,23.286804,22.0,2025-11-19 12:00:00,11
3064,Platja Palmira_2025,2740,2735,26.13016,17.0,2025-11-19 13:00:00,11
3065,Platja Palmira_2025,2741,2735,27.48449,17.0,2025-11-19 14:00:00,11
3066,Platja Palmira_2025,2742,2735,26.074575,33.0,2025-11-19 15:00:00,11
3067,Platja Palmira_2025,2743,2735,18.94167,14.0,2025-11-19 16:00:00,11
3068,Platja Palmira_2025,2744,2735,10.370511,10.0,2025-11-19 17:00:00,11
3069,Platja Palmira_2025,2745,2735,9.4064865,9.0,2025-11-19 18:00:00,11
3070,Platja Palmira_2025,2746,2735,9.253178,10.0,2025-11-19 19:00:00,11
3071,Platja Palmira_2025,2747,2735,9.047792,9.0,2025-11-19 20:00:00,11
3072,Platja Palmira_2025,2748,2735,16.389645,11.0,2025-11-20 08:00:00,11
3073,Platja Palmira_2025,2749,2735,18.526413,20.0,2025-11-20 09:00:00,11
3074,Platja Palmira_2025,2750,2735,20.007072,15.0,2025-11-20 10:00:00,11
3075,Platja Palmira_2025,2751,2735,21.794209,18.0,2025-11-20 11:00:00,11
3076,Platja Palmira_2025,2752,2735,24.657812,17.0,2025-11-20 12:00:00,11
3077,Platja Palmira_2025,2753,2735,27.290468,24.0,2025-11-20 13:00:00,11
3078,Platja Palmira_2025,2754,2735,28.349274,49.0,2025-11-20 14:00:00,11
3079,Platja Palmira_2025,2755,2735,25.614672,30.0,2025-11-20 15:00:00,11
3080,Platja Palmira_2025,2756,2735,17.595207,17.0,2025-11-20 16:00:00,11
3081,Platja Palmira_2025,2757,2735,10.027361,9.0,2025-11-20 17:00:00,11
3082,Platja Palmira_2025,2758,2735,9.033926,10.0,2025-11-20 18:00:00,11
3083,Platja Palmira_2025,2759,2735,8.895256,11.0,2025-11-20 19:00:00,11
3084,Platja Palmira_2025,2760,2735,8.702793,10.0,2025-11-20 20:00:00,11
3085,Platja Palmira_2025,2761,2735,15.555694,14.0,2025-11-21 08:00:00,11
3086,Platja Palmira_2025,2762,2735,16.936344,13.0,2025-11-21 09:00:00,11
3087,Platja Palmira_2025,2763,2735,18.15334,20.0,2025-11-21 10:00:00,11
3088,Platja Palmira_2025,2764,2735,19.80328,31.0,2025-11-21 11:00:00,11
3089,Platja Palmira_2025,2765,2735,22.4482,33.0,2025-11-21 12:00:00,11
3090,Platja Palmira_2025,2766,2735,24.905584,25.0,2025-11-21 13:00:00,11
3091,Platja Palmira_2025,2767,2735,26.308493,32.0,2025-11-21 14:00:00,11
3092,Platja Palmira_2025,2768,2735,22.924173,31.0,2025-11-21 15:00:00,11
3093,Platja Palmira_2025,2769,2735,15.824097,36.0,2025-11-21 16:00:00,11
3094,Platja Palmira_2025,2770,2735,9.594292,8.0,2025-11-21 17:00:00,11
3095,Platja Palmira_2025,2771,2735,9.026766,10.0,2025-11-21 18:00:00,11
3096,Platja Palmira_2025,2772,2771,10.569664,9.0,2025-11-21 19:00:00,11
3097,Platja Palmira_2025,2773,2771,10.479703,8.0,2025-11-21 20:00:00,11
3098,Platja Palmira_2025,2774,2771,14.233067,12.0,2025-11-22 08:00:00,11
3099,Platja Palmira_2025,2775,2771,15.694727,25.0,2025-11-22 09:00:00,11
3100,Platja Palmira_2025,2776,2771,18.707481,29.0,2025-11-22 10:00:00,11
3101,Platja Palmira_2025,2777,2771,20.439062,36.0,2025-11-22 11:00:00,11
3102,Platja Palmira_2025,2778,2771,21.639423,23.0,2025-11-22 12:00:00,11
3103,Platja Palmira_2025,2779,2771,23.297556,36.0,2025-11-22 13:00:00,11
3104,Platja Palmira_2025,2780,2771,24.742924,33.0,2025-11-22 14:00:00,11
3105,Platja Palmira_2025,2781,2771,25.361025,28.0,2025-11-22 15:00:00,11
3106,Platja Palmira_2025,2782,2771,23.617466,22.0,2025-11-22 16:00:00,11
3107,Platja Palmira_2025,2783,2771,9.689875,12.0,2025-11-22 17:00:00,11
3108,Platja Palmira_2025,2784,2771,9.617413,8.0,2025-11-22 18:00:00,11
3109,Platja Palmira_2025,2785,2771,9.876107,8.0,2025-11-22 19:00:00,11
3110,Platja Palmira_2025,2786,2771,10.060534,9.0,2025-11-22 20:00:00,11
3111,Platja Palmira_2025,2787,2771,13.791377,13.0,2025-11-23 08:00:00,11
3112,Platja Palmira_2025,2788,2771,16.060406,19.0,2025-11-23 09:00:00,11
3113,Platja Palmira_2025,2789,2771,19.769876,28.0,2025-11-23 10:00:00,11
3114,Platja Palmira_2025,2790,2771,21.589361,24.0,2025-11-23 11:00:00,11
3115,Platja Palmira_2025,2791,2771,22.664188,30.0,2025-11-23 12:00:00,11
3116,Platja Palmira_2025,2792,2771,24.316225,26.0,2025-11-23 13:00:00,11
3117,Platja Palmira_2025,2793,2771,25.95388,28.0,2025-11-23 14:00:00,11
3118,Platja Palmira_2025,2794,2771,26.904694,23.0,2025-11-23 15:00:00,11
3119,Platja Palmira_2025,2795,2771,25.717718,18.0,2025-11-23 16:00:00,11
3120,Platja Palmira_2025,2796,2771,9.97792,11.0,2025-11-23 17:00:00,11
3121,Platja Palmira_2025,2797,2771,9.238369,12.0,2025-11-23 18:00:00,11
3122,Platja Palmira_2025,2798,2771,9.457057,10.0,2025-11-23 19:00:00,11
3123,Platja Palmira_2025,2799,2771,9.599876,12.0,2025-11-23 20:00:00,11
3124,Platja Palmira_2025,2800,2771,12.887642,10.0,2025-11-24 08:00:00,11
3125,Platja Palmira_2025,2801,2771,14.640081,15.0,2025-11-24 09:00:00,11
3126,Platja Palmira_2025,2802,2771,17.623558,13.0,2025-11-24 10:00:00,11
3127,Platja Palmira_2025,2803,2771,18.960194,19.0,2025-11-24 11:00:00,11
3128,Platja Palmira_2025,2804,2771,19.551949,14.0,2025-11-24 12:00:00,11
3129,Platja Palmira_2025,2805,2771,20.684708,19.0,2025-11-24 13:00:00,11
3130,Platja Palmira_2025,2806,2771,22.096409,18.0,2025-11-24 14:00:00,11
3131,Platja Palmira_2025,2807,2771,23.049204,23.0,2025-11-24 15:00:00,11
3132,Platja Palmira_2025,2808,2807,23.364574,35.0,2025-11-24 16:00:00,11
3133,Platja Palmira_2025,2809,2807,11.01113,7.0,2025-11-24 17:00:00,11
3134,Platja Palmira_2025,2810,2807,10.257567,9.0,2025-11-24 18:00:00,11
3135,Platja Palmira_2025,2811,2807,9.549411,8.0,2025-11-24 19:00:00,11
3136,Platja Palmira_2025,2812,2807,8.988449,9.0,2025-11-24 20:00:00,11
3137,Platja Palmira_2025,2813,2807,12.98936,17.0,2025-11-25 08:00:00,11
3138,Platja Palmira_2025,2814,2807,16.671843,13.0,2025-11-25 09:00:00,11
3139,Platja Palmira_2025,2815,2807,20.765728,20.0,2025-11-25 10:00:00,11
3140,Platja Palmira_2025,2816,2807,21.816422,21.0,2025-11-25 11:00:00,11
3141,Platja Palmira_2025,2817,2807,22.095297,20.0,2025-11-25 12:00:00,11
3142,Platja Palmira_2025,2818,2807,23.092173,26.0,2025-11-25 13:00:00,11
3143,Platja Palmira_2025,2819,2807,23.854458,42.0,2025-11-25 14:00:00,11
3144,Platja Palmira_2025,2820,2807,24.023035,21.0,2025-11-25 15:00:00,11
3145,Platja Palmira_2025,2821,2807,22.081955,14.0,2025-11-25 16:00:00,11
3146,Platja Palmira_2025,2822,2807,10.301295,10.0,2025-11-25 17:00:00,11
3147,Platja Palmira_2025,2823,2807,9.885506,10.0,2025-11-25 18:00:00,11
3148,Platja Palmira_2025,2824,2807,9.470737,9.0,2025-11-25 19:00:00,11
3149,Platja Palmira_2025,2825,2807,9.06506,9.0,2025-11-25 20:00:00,11
3150,Platja Palmira_2025,2826,2807,12.379023,13.0,2025-11-26 08:00:00,11
3151,Platja Palmira_2025,2827,2807,15.549596,14.0,2025-11-26 09:00:00,11
3152,Platja Palmira_2025,2828,2807,19.432922,27.0,2025-11-26 10:00:00,11
3153,Platja Palmira_2025,2829,2807,20.736088,21.0,2025-11-26 11:00:00,11
3154,Platja Palmira_2025,2830,2807,21.136051,34.0,2025-11-26 12:00:00,11
3155,Platja Palmira_2025,2831,2807,21.824942,29.0,2025-11-26 13:00:00,11
3156,Platja Palmira_2025,2832,2807,22.796633,27.0,2025-11-26 14:00:00,11
3157,Platja Palmira_2025,2833,2807,23.11148,24.0,2025-11-26 15:00:00,11
3158,Platja Palmira_2025,2834,2807,21.201046,25.0,2025-11-26 16:00:00,11
3159,Platja Palmira_2025,2835,2807,10.30075,9.0,2025-11-26 17:00:00,11
3160,Platja Palmira_2025,2836,2807,9.938869,9.0,2025-11-26 18:00:00,11
3161,Platja Palmira_2025,2837,2807,9.6228485,8.0,2025-11-26 19:00:00,11
3162,Platja Palmira_2025,2838,2807,9.167557,8.0,2025-11-26 20:00:00,11
3163,Platja Palmira_2025,2839,2807,12.575144,13.0,2025-11-27 08:00:00,11
3164,Platja Palmira_2025,2840,2807,15.869072,15.0,2025-11-27 09:00:00,11
3165,Platja Palmira_2025,2841,2807,19.849934,24.0,2025-11-27 10:00:00,11
3166,Platja Palmira_2025,2842,2807,21.077541,17.0,2025-11-27 11:00:00,11
3167,Platja Palmira_2025,2843,2807,24.408287,13.0,2025-11-30 13:00:00,11
3168,Platja Palmira_2025,2844,2843,19.220793,17.0,2025-11-30 14:00:00,11
3169,Platja Palmira_2025,2845,2843,19.351257,16.0,2025-11-30 15:00:00,11
3170,Platja Palmira_2025,2846,2843,18.274345,14.0,2025-11-30 16:00:00,11
3171,Platja Palmira_2025,2847,2843,8.64629,10.0,2025-11-30 17:00:00,11
3172,Platja Palmira_2025,2848,2843,8.600094,9.0,2025-11-30 18:00:00,11
3173,Platja Palmira_2025,2849,2843,8.517884,8.0,2025-11-30 19:00:00,11
3174,Platja Palmira_2025,2850,2843,8.418552,8.0,2025-11-30 20:00:00,11
3175,Platja Palmira_2025,2851,2843,12.0921545,11.0,2025-12-01 08:00:00,12
3176,Platja Palmira_2025,2852,2843,14.534625,12.0,2025-12-01 09:00:00,12
3177,Platja Palmira_2025,2853,2843,18.248856,21.0,2025-12-01 10:00:00,12
3178,Platja Palmira_2025,2854,2843,20.140152,18.0,2025-12-01 11:00:00,12
3179,Platja Palmira_2025,2855,2843,20.584154,19.0,2025-12-01 12:00:00,12
3180,Platja Palmira_2025,2856,2843,20.703281,21.0,2025-12-01 13:00:00,12
3181,Platja Palmira_2025,2857,2843,20.188694,19.0,2025-12-01 14:00:00,12
3182,Platja Palmira_2025,2858,2843,19.377857,21.0,2025-12-01 15:00:00,12
3183,Platja Palmira_2025,2859,2843,17.098988,15.0,2025-12-01 16:00:00,12
3184,Platja Palmira_2025,2860,2843,8.5504055,12.0,2025-12-01 17:00:00,12
3185,Platja Palmira_2025,2861,2843,8.365925,8.0,2025-12-01 18:00:00,12
3186,Platja Palmira_2025,2862,2843,8.205744,8.0,2025-12-01 19:00:00,12
3187,Platja Palmira_2025,2863,2843,8.229652,9.0,2025-12-01 20:00:00,12
3188,Platja Palmira_2025,2864,2843,13.035651,10.0,2025-12-02 08:00:00,12
3189,Platja Palmira_2025,2865,2843,15.830887,13.0,2025-12-02 09:00:00,12
3190,Platja Palmira_2025,2866,2843,19.734638,20.0,2025-12-02 10:00:00,12
3191,Platja Palmira_2025,2867,2843,21.235548,22.0,2025-12-02 11:00:00,12
3192,Platja Palmira_2025,2868,2843,21.32178,14.0,2025-12-02 12:00:00,12
3193,Platja Palmira_2025,2869,2843,21.293438,12.0,2025-12-02 13:00:00,12
3194,Platja Palmira_2025,2870,2843,20.72693,15.0,2025-12-02 14:00:00,12
3195,Platja Palmira_2025,2871,2843,19.828997,12.0,2025-12-02 15:00:00,12
3196,Platja Palmira_2025,2872,2843,18.001713,18.0,2025-12-02 16:00:00,12
3197,Platja Palmira_2025,2873,2843,8.915943,9.0,2025-12-02 17:00:00,12
3198,Platja Palmira_2025,2874,2843,8.476558,10.0,2025-12-02 18:00:00,12
3199,Platja Palmira_2025,2875,2843,8.380428,8.0,2025-12-02 19:00:00,12
3200,Platja Palmira_2025,2876,2843,8.334507,9.0,2025-12-02 20:00:00,12
3201,Platja Palmira_2025,2877,2843,12.717604,12.0,2025-12-03 08:00:00,12
3202,Platja Palmira_2025,2878,2843,14.628277,16.0,2025-12-03 09:00:00,12
3203,Platja Palmira_2025,2879,2843,17.814816,16.0,2025-12-03 10:00:00,12
3204,Platja Palmira_2025,2880,2879,16.530094,16.0,2025-12-03 11:00:00,12
3205,Platja Palmira_2025,2881,2879,17.247677,16.0,2025-12-03 12:00:00,12
3206,Platja Palmira_2025,2882,2879,17.568665,12.0,2025-12-03 13:00:00,12
3207,Platja Palmira_2025,2883,2879,17.526382,16.0,2025-12-03 14:00:00,12
3208,Platja Palmira_2025,2884,2879,16.73996,16.0,2025-12-03 15:00:00,12
3209,Platja Palmira_2025,2885,2879,15.366333,24.0,2025-12-03 16:00:00,12
3210,Platja Palmira_2025,2886,2879,10.192668,9.0,2025-12-03 17:00:00,12
3211,Platja Palmira_2025,2887,2879,8.885256,9.0,2025-12-03 18:00:00,12
3212,Platja Palmira_2025,2888,2879,8.265491,9.0,2025-12-03 19:00:00,12
3213,Platja Palmira_2025,2889,2879,8.502519,9.0,2025-12-03 20:00:00,12
3214,Platja Palmira_2025,2890,2879,12.287047,10.0,2025-12-04 08:00:00,12
3215,Platja Palmira_2025,2891,2879,15.397991,14.0,2025-12-04 09:00:00,12
3216,Platja Palmira_2025,2892,2879,17.496712,13.0,2025-12-04 10:00:00,12
3217,Platja Palmira_2025,2893,2879,17.914433,16.0,2025-12-04 11:00:00,12
3218,Platja Palmira_2025,2894,2879,17.952019,11.0,2025-12-04 12:00:00,12
3219,Platja Palmira_2025,2895,2879,17.935352,13.0,2025-12-04 13:00:00,12
3220,Platja Palmira_2025,2896,2879,17.408686,21.0,2025-12-04 14:00:00,12
3221,Platja Palmira_2025,2897,2879,16.675678,12.0,2025-12-04 15:00:00,12
3222,Platja Palmira_2025,2898,2879,15.144035,18.0,2025-12-04 16:00:00,12
3223,Platja Palmira_2025,2899,2879,10.117691,7.0,2025-12-04 17:00:00,12
3224,Platja Palmira_2025,2900,2879,8.7697315,8.0,2025-12-04 18:00:00,12
3225,Platja Palmira_2025,2901,2879,8.435219,8.0,2025-12-04 19:00:00,12
3226,Platja Palmira_2025,2902,2879,8.582978,9.0,2025-12-04 20:00:00,12
3227,Platja Palmira_2025,2903,2879,12.059164,14.0,2025-12-05 08:00:00,12
3228,Platja Palmira_2025,2904,2879,14.15572,17.0,2025-12-05 09:00:00,12
3229,Platja Palmira_2025,2905,2879,15.923925,14.0,2025-12-05 10:00:00,12
3230,Platja Palmira_2025,2906,2879,16.336147,12.0,2025-12-05 11:00:00,12
3231,Platja Palmira_2025,2907,2879,16.350441,18.0,2025-12-05 12:00:00,12
3232,Platja Palmira_2025,2908,2879,16.672836,23.0,2025-12-05 13:00:00,12
3233,Platja Palmira_2025,2909,2879,16.95391,26.0,2025-12-05 14:00:00,12
3234,Platja Palmira_2025,2910,2879,16.69664,24.0,2025-12-05 15:00:00,12
3235,Platja Palmira_2025,2911,2879,15.598663,16.0,2025-12-05 16:00:00,12
3236,Platja Palmira_2025,2912,2879,10.959021,9.0,2025-12-05 17:00:00,12
3237,Platja Palmira_2025,2913,2879,9.209521,8.0,2025-12-05 18:00:00,12
3238,Platja Palmira_2025,2914,2879,8.437687,8.0,2025-12-05 19:00:00,12
3239,Platja Palmira_2025,2915,2879,8.619141,10.0,2025-12-05 20:00:00,12
3240,"Platja d'or (Can Pastilla, desde BonaOna)_2022",2336,2335,20.618324,29.70211410522461,2023-01-11 08:00:00,1
3241,"Platja d'or (Can Pastilla, desde BonaOna)_2022",2337,2335,20.655994,17.80672836303711,2023-01-11 09:00:00,1
3242,"Platja d'or (Can Pastilla, desde BonaOna)_2022",2338,2335,23.606369,21.895435333251957,2023-01-11 10:00:00,1
3243,"Platja d'or (Can Pastilla, desde BonaOna)_2022",2339,2335,25.66109,22.565309524536133,2023-01-11 11:00:00,1
3244,"Platja d'or (Can Pastilla, desde BonaOna)_2022",2340,2335,25.576418,21.113983154296875,2023-01-11 12:00:00,1
3245,"Platja d'or (Can Pastilla, desde BonaOna)_2022",2341,2335,24.718409,21.89191436767578,2023-01-11 13:00:00,1
3246,"Platja d'or (Can Pastilla, desde BonaOna)_2022",2342,2335,23.698668,22.699954986572266,2023-01-11 14:00:00,1
3247,"Platja d'or (Can Pastilla, desde BonaOna)_2022",2343,2335,22.553028,23.23948860168457,2023-01-11 15:00:00,1
3248,"Platja d'or (Can Pastilla, desde BonaOna)_2022",2344,2335,21.479986,19.561782836914062,2023-01-11 16:00:00,1
3249,"Platja d'or (Can Pastilla, desde BonaOna)_2022",2345,2335,21.390207,25.90370178222656,2023-01-11 17:00:00,1
3250,"Platja d'or (Can Pastilla, desde BonaOna)_2022",2346,2335,24.821007,24.434520721435547,2023-01-11 18:00:00,1
3251,"Platja d'or (Can Pastilla, desde BonaOna)_2022",2347,2335,18.307426,15.759969711303713,2023-01-11 19:00:00,1
3252,"Platja d'or (Can Pastilla, desde BonaOna)_2022",2348,2335,17.814949,15.678768157958984,2023-01-11 20:00:00,1
3253,"Platja d'or (Can Pastilla, desde BonaOna)_2022",2349,2335,21.462467,19.226900100708008,2023-01-12 08:00:00,1
3254,"Platja d'or (Can Pastilla, desde BonaOna)_2022",2350,2335,19.833088,17.51533317565918,2023-01-12 09:00:00,1
3255,"Platja d'or (Can Pastilla, desde BonaOna)_2022",2351,2335,22.779148,23.848182678222656,2023-01-12 10:00:00,1
3256,"Platja d'or (Can Pastilla, desde BonaOna)_2022",2352,2335,24.69184,24.350759506225582,2023-01-12 11:00:00,1
3257,"Platja d'or (Can Pastilla, desde BonaOna)_2022",2353,2335,24.707016,23.177919387817383,2023-01-12 12:00:00,1
3258,"Platja d'or (Can Pastilla, desde BonaOna)_2022",2354,2335,23.920921,24.74942398071289,2023-01-12 13:00:00,1
3259,"Platja d'or (Can Pastilla, desde BonaOna)_2022",2355,2335,23.062073,22.253875732421875,2023-01-12 14:00:00,1
3260,"Platja d'or (Can Pastilla, desde BonaOna)_2022",2356,2335,22.110569,23.147693634033203,2023-01-12 15:00:00,1
3261,"Platja d'or (Can Pastilla, desde BonaOna)_2022",2357,2335,21.200592,19.078990936279297,2023-01-12 16:00:00,1
3262,"Platja d'or (Can Pastilla, desde BonaOna)_2022",2358,2335,21.163076,20.98210906982422,2023-01-12 17:00:00,1
3263,"Platja d'or (Can Pastilla, desde BonaOna)_2022",2359,2335,23.53816,26.54638290405273,2023-01-12 18:00:00,1
3264,"Platja d'or (Can Pastilla, desde BonaOna)_2022",2360,2335,18.098639,17.962961196899414,2023-01-12 19:00:00,1
3265,"Platja d'or (Can Pastilla, desde BonaOna)_2022",2361,2335,17.795721,17.690425872802734,2023-01-12 20:00:00,1
3266,"Platja d'or (Can Pastilla, desde BonaOna)_2022",2362,2335,21.428595,25.682750701904297,2023-01-13 08:00:00,1
3267,"Platja d'or (Can Pastilla, desde BonaOna)_2022",2363,2335,20.95945,25.65855407714844,2023-01-13 09:00:00,1
3268,"Platja d'or (Can Pastilla, desde BonaOna)_2022",2364,2335,24.270084,20.882545471191406,2023-01-13 10:00:00,1
3269,"Platja d'or (Can Pastilla, desde BonaOna)_2022",2365,2335,25.750956,22.47036361694336,2023-01-13 11:00:00,1
3270,"Platja d'or (Can Pastilla, desde BonaOna)_2022",2366,2335,25.439522,24.94748306274414,2023-01-13 12:00:00,1
3271,"Platja d'or (Can Pastilla, desde BonaOna)_2022",2367,2335,24.569077,29.29238510131836,2023-01-13 13:00:00,1
3272,"Platja d'or (Can Pastilla, desde BonaOna)_2022",2368,2335,23.586344,26.006162643432617,2023-01-13 14:00:00,1
3273,"Platja d'or (Can Pastilla, desde BonaOna)_2022",2369,2335,22.474983,31.78851318359375,2023-01-13 15:00:00,1
3274,"Platja d'or (Can Pastilla, desde BonaOna)_2022",2370,2335,21.418564,21.80387687683105,2023-01-13 16:00:00,1
3275,"Platja d'or (Can Pastilla, desde BonaOna)_2022",2371,2335,21.359385,20.26655960083008,2023-01-13 17:00:00,1
3276,"Platja d'or (Can Pastilla, desde BonaOna)_2022",2372,2371,24.362457,26.083297729492188,2023-01-13 18:00:00,1
3277,"Platja d'or (Can Pastilla, desde BonaOna)_2022",2373,2371,18.012897,18.46630096435547,2023-01-13 19:00:00,1
3278,"Platja d'or (Can Pastilla, desde BonaOna)_2022",2374,2371,17.19621,18.09638977050781,2023-01-13 20:00:00,1
3279,"Platja d'or (Can Pastilla, desde BonaOna)_2022",2375,2371,22.37962,20.976036071777344,2023-01-14 08:00:00,1
3280,"Platja d'or (Can Pastilla, desde BonaOna)_2022",2376,2371,19.746826,21.638734817504883,2023-01-14 09:00:00,1
3281,"Platja d'or (Can Pastilla, desde BonaOna)_2022",2377,2371,21.976517,21.025962829589844,2023-01-14 10:00:00,1
3282,"Platja d'or (Can Pastilla, desde BonaOna)_2022",2378,2371,23.605618,24.133525848388672,2023-01-14 11:00:00,1
3283,"Platja d'or (Can Pastilla, desde BonaOna)_2022",2379,2371,24.667953,20.621143341064453,2023-01-14 12:00:00,1
3284,"Platja d'or (Can Pastilla, desde BonaOna)_2022",2380,2371,25.283117,20.686338424682617,2023-01-14 13:00:00,1
3285,"Platja d'or (Can Pastilla, desde BonaOna)_2022",2381,2371,25.122643,21.51950454711914,2023-01-14 14:00:00,1
3286,"Platja d'or (Can Pastilla, desde BonaOna)_2022",2382,2371,23.748161,21.501558303833008,2023-01-14 15:00:00,1
3287,"Platja d'or (Can Pastilla, desde BonaOna)_2022",2383,2371,21.671179,23.278514862060547,2023-01-14 16:00:00,1
3288,"Platja d'or (Can Pastilla, desde BonaOna)_2022",2384,2371,21.52065,18.284311294555664,2023-01-14 17:00:00,1
3289,"Platja d'or (Can Pastilla, desde BonaOna)_2022",2385,2371,24.79116,30.271596908569336,2023-01-14 18:00:00,1
3290,"Platja d'or (Can Pastilla, desde BonaOna)_2022",2386,2371,18.339367,13.098966598510742,2023-01-14 19:00:00,1
3291,"Platja d'or (Can Pastilla, desde BonaOna)_2022",2387,2371,17.486893,12.78809928894043,2023-01-14 20:00:00,1
3292,"Platja d'or (Can Pastilla, desde BonaOna)_2022",2388,2371,22.146883,18.893474578857425,2023-01-15 08:00:00,1
3293,"Platja d'or (Can Pastilla, desde BonaOna)_2022",2389,2371,21.047575,17.976423263549805,2023-01-15 09:00:00,1
3294,"Platja d'or (Can Pastilla, desde BonaOna)_2022",2390,2371,23.255676,22.62651824951172,2023-01-15 10:00:00,1
3295,"Platja d'or (Can Pastilla, desde BonaOna)_2022",2391,2371,24.387606,20.61223793029785,2023-01-15 11:00:00,1
3296,"Platja d'or (Can Pastilla, desde BonaOna)_2022",2392,2371,25.097599,25.86087417602539,2023-01-15 12:00:00,1
3297,"Platja d'or (Can Pastilla, desde BonaOna)_2022",2393,2371,25.605366,27.50177001953125,2023-01-15 13:00:00,1
3298,"Platja d'or (Can Pastilla, desde BonaOna)_2022",2394,2371,25.571083,25.220590591430664,2023-01-15 14:00:00,1
3299,"Platja d'or (Can Pastilla, desde BonaOna)_2022",2395,2371,24.337807,25.28656959533691,2023-01-15 15:00:00,1
3300,"Platja d'or (Can Pastilla, desde BonaOna)_2022",2396,2371,22.181705,22.70230293273925,2023-01-15 16:00:00,1
3301,"Platja d'or (Can Pastilla, desde BonaOna)_2022",2397,2371,21.829494,23.963977813720703,2023-01-15 17:00:00,1
3302,"Platja d'or (Can Pastilla, desde BonaOna)_2022",2398,2371,25.069519,26.280128479003903,2023-01-15 18:00:00,1
3303,"Platja d'or (Can Pastilla, desde BonaOna)_2022",2399,2371,18.597242,18.27594375610352,2023-01-15 19:00:00,1
3304,"Platja d'or (Can Pastilla, desde BonaOna)_2022",2400,2371,17.503025,19.188873291015625,2023-01-15 20:00:00,1
3305,"Platja d'or (Can Pastilla, desde BonaOna)_2022",2401,2371,21.88362,27.20589828491211,2023-01-16 08:00:00,1
3306,"Platja d'or (Can Pastilla, desde BonaOna)_2022",2402,2371,19.968239,18.3083438873291,2023-01-16 09:00:00,1
3307,"Platja d'or (Can Pastilla, desde BonaOna)_2022",2403,2371,21.48279,17.873294830322266,2023-01-16 10:00:00,1
3308,"Platja d'or (Can Pastilla, desde BonaOna)_2022",2404,2371,22.426228,22.838720321655277,2023-01-16 11:00:00,1
3309,"Platja d'or (Can Pastilla, desde BonaOna)_2022",2405,2371,22.900007,24.60437774658203,2023-01-16 12:00:00,1
3310,"Platja d'or (Can Pastilla, desde BonaOna)_2022",2406,2371,23.178402,26.27914428710937,2023-01-16 13:00:00,1
3311,"Platja d'or (Can Pastilla, desde BonaOna)_2022",2407,2371,23.03279,23.625741958618164,2023-01-16 14:00:00,1
3312,"Platja d'or (Can Pastilla, desde BonaOna)_2022",2408,2407,24.072868,22.883289337158203,2023-01-16 15:00:00,1
3313,"Platja d'or (Can Pastilla, desde BonaOna)_2022",2409,2407,23.177393,22.584266662597656,2023-01-16 16:00:00,1
3314,"Platja d'or (Can Pastilla, desde BonaOna)_2022",2410,2407,22.405905,19.85794448852539,2023-01-16 17:00:00,1
3315,"Platja d'or (Can Pastilla, desde BonaOna)_2022",2411,2407,24.450113,24.33215713500977,2023-01-16 18:00:00,1
3316,"Platja d'or (Can Pastilla, desde BonaOna)_2022",2412,2407,18.993282,17.97518539428711,2023-01-16 19:00:00,1
3317,"Platja d'or (Can Pastilla, desde BonaOna)_2022",2413,2407,17.46923,16.571189880371094,2023-01-16 20:00:00,1
3318,"Platja d'or (Can Pastilla, desde BonaOna)_2022",2414,2407,22.907812,23.010066986083984,2023-01-17 08:00:00,1
3319,"Platja d'or (Can Pastilla, desde BonaOna)_2022",2415,2407,22.244411,20.29838180541992,2023-01-17 09:00:00,1
3320,"Platja d'or (Can Pastilla, desde BonaOna)_2022",2416,2407,22.565525,21.175071716308597,2023-01-17 10:00:00,1
3321,"Platja d'or (Can Pastilla, desde BonaOna)_2022",2417,2407,23.512596,24.87594985961914,2023-01-17 11:00:00,1
3322,"Platja d'or (Can Pastilla, desde BonaOna)_2022",2418,2407,24.558117,24.14026260375977,2023-01-17 12:00:00,1
3323,"Platja d'or (Can Pastilla, desde BonaOna)_2022",2419,2407,25.067722,24.67339324951172,2023-01-17 13:00:00,1
3324,"Platja d'or (Can Pastilla, desde BonaOna)_2022",2420,2407,24.894733,27.39642906188965,2023-01-17 14:00:00,1
3325,"Platja d'or (Can Pastilla, desde BonaOna)_2022",2421,2407,23.999666,25.25906753540039,2023-01-17 15:00:00,1
3326,"Platja d'or (Can Pastilla, desde BonaOna)_2022",2422,2407,22.411894,29.73803329467773,2023-01-17 16:00:00,1
3327,"Platja d'or (Can Pastilla, desde BonaOna)_2022",2423,2407,22.01322,21.58746910095215,2023-01-17 17:00:00,1
3328,"Platja d'or (Can Pastilla, desde BonaOna)_2022",2424,2407,22.293194,29.634986877441406,2023-01-18 11:00:00,1
3329,"Platja d'or (Can Pastilla, desde BonaOna)_2022",2425,2407,23.702572,31.42193984985352,2023-01-18 12:00:00,1
3330,"Platja d'or (Can Pastilla, desde BonaOna)_2022",2426,2407,24.127144,24.423248291015625,2023-01-18 13:00:00,1
3331,"Platja d'or (Can Pastilla, desde BonaOna)_2022",2427,2407,23.686222,32.68159484863281,2023-01-18 14:00:00,1
3332,"Platja d'or (Can Pastilla, desde BonaOna)_2022",2428,2407,22.46822,22.963247299194336,2023-01-18 15:00:00,1
3333,"Platja d'or (Can Pastilla, desde BonaOna)_2022",2429,2407,21.155983,28.682823181152344,2023-01-18 16:00:00,1
3334,"Platja d'or (Can Pastilla, desde BonaOna)_2022",2430,2407,21.744717,28.87250328063965,2023-01-18 17:00:00,1
3335,"Platja d'or (Can Pastilla, desde BonaOna)_2022",2431,2407,22.743778,29.83854103088379,2023-01-18 18:00:00,1
3336,"Platja d'or (Can Pastilla, desde BonaOna)_2022",2432,2407,17.50498,17.685522079467773,2023-01-18 19:00:00,1
3337,"Platja d'or (Can Pastilla, desde BonaOna)_2022",2433,2407,16.270933,16.988082885742188,2023-01-18 20:00:00,1
3338,"Platja d'or (Can Pastilla, desde BonaOna)_2022",2434,2407,22.24759,18.2878532409668,2023-01-19 08:00:00,1
3339,"Platja d'or (Can Pastilla, desde BonaOna)_2022",2435,2407,21.130383,27.404502868652344,2023-01-19 10:00:00,1
3340,"Platja d'or (Can Pastilla, desde BonaOna)_2022",2436,2407,21.857464,25.09019470214844,2023-01-19 11:00:00,1
3341,"Platja d'or (Can Pastilla, desde BonaOna)_2022",2437,2407,22.772799,26.090801239013672,2023-01-19 12:00:00,1
3342,"Platja d'or (Can Pastilla, desde BonaOna)_2022",2438,2407,23.261093,27.73342514038086,2023-01-19 13:00:00,1
3343,"Platja d'or (Can Pastilla, desde BonaOna)_2022",2439,2407,23.243607,26.07892227172852,2023-01-19 14:00:00,1
3344,"Platja d'or (Can Pastilla, desde BonaOna)_2022",2440,2407,22.765,27.482646942138672,2023-01-19 15:00:00,1
3345,"Platja d'or (Can Pastilla, desde BonaOna)_2022",2441,2407,21.782467,21.459453582763672,2023-01-19 16:00:00,1
3346,"Platja d'or (Can Pastilla, desde BonaOna)_2022",2442,2407,21.55928,20.48610496520996,2023-01-19 17:00:00,1
3347,"Platja d'or (Can Pastilla, desde BonaOna)_2022",2443,2407,24.188442,23.061443328857425,2023-01-19 18:00:00,1
3348,"Platja d'or (Can Pastilla, desde BonaOna)_2022",2444,2443,19.655682,16.666873931884766,2023-01-19 19:00:00,1
3349,"Platja d'or (Can Pastilla, desde BonaOna)_2022",2445,2443,17.969059,19.82268524169922,2023-01-19 20:00:00,1
3350,"Platja d'or (Can Pastilla, desde BonaOna)_2022",2446,2443,22.033594,23.50034713745117,2023-01-20 08:00:00,1
3351,"Platja d'or (Can Pastilla, desde BonaOna)_2022",2447,2443,22.178968,23.7481746673584,2023-01-20 09:00:00,1
3352,"Platja d'or (Can Pastilla, desde BonaOna)_2022",2448,2443,25.46138,22.53653717041016,2023-01-20 10:00:00,1
3353,"Platja d'or (Can Pastilla, desde BonaOna)_2022",2449,2443,27.252409,27.70513153076172,2023-01-20 11:00:00,1
3354,"Platja d'or (Can Pastilla, desde BonaOna)_2022",2450,2443,26.848473,34.699806213378906,2023-01-20 12:00:00,1
3355,"Platja d'or (Can Pastilla, desde BonaOna)_2022",2451,2443,26.043768,23.85537338256836,2023-01-20 13:00:00,1
3356,"Platja d'or (Can Pastilla, desde BonaOna)_2022",2452,2443,25.535557,26.93988609313965,2023-01-20 14:00:00,1
3357,"Platja d'or (Can Pastilla, desde BonaOna)_2022",2453,2443,24.619171,28.940074920654297,2023-01-20 15:00:00,1
3358,"Platja d'or (Can Pastilla, desde BonaOna)_2022",2454,2443,23.31142,21.56964492797852,2023-01-20 16:00:00,1
3359,"Platja d'or (Can Pastilla, desde BonaOna)_2022",2455,2443,22.646053,23.483287811279297,2023-01-20 17:00:00,1
3360,"Platja d'or (Can Pastilla, desde BonaOna)_2022",2456,2443,24.088226,26.7974796295166,2023-01-20 18:00:00,1
3361,"Platja d'or (Can Pastilla, desde BonaOna)_2022",2457,2443,18.237164,18.24580383300781,2023-01-20 19:00:00,1
3362,"Platja d'or (Can Pastilla, desde BonaOna)_2022",2458,2443,17.544493,17.888011932373047,2023-01-20 20:00:00,1
3363,"Platja d'or (Can Pastilla, desde BonaOna)_2022",2459,2443,21.769306,22.15115737915039,2023-01-21 08:00:00,1
3364,"Platja d'or (Can Pastilla, desde BonaOna)_2022",2460,2443,21.226252,21.739734649658203,2023-01-21 09:00:00,1
3365,"Platja d'or (Can Pastilla, desde BonaOna)_2022",2461,2443,24.234062,37.39545822143555,2023-01-21 10:00:00,1
3366,"Platja d'or (Can Pastilla, desde BonaOna)_2022",2462,2443,26.514822,31.221290588378903,2023-01-21 11:00:00,1
3367,"Platja d'or (Can Pastilla, desde BonaOna)_2022",2463,2443,26.435986,25.417865753173828,2023-01-21 12:00:00,1
3368,"Platja d'or (Can Pastilla, desde BonaOna)_2022",2464,2443,25.757809,25.845867156982425,2023-01-21 13:00:00,1
3369,"Platja d'or (Can Pastilla, desde BonaOna)_2022",2465,2443,25.406015,26.88845634460449,2023-01-21 14:00:00,1
3370,"Platja d'or (Can Pastilla, desde BonaOna)_2022",2466,2443,24.564735,25.7490234375,2023-01-21 15:00:00,1
3371,"Platja d'or (Can Pastilla, desde BonaOna)_2022",2467,2443,23.305971,26.442100524902344,2023-01-21 16:00:00,1
3372,"Platja d'or (Can Pastilla, desde BonaOna)_2022",2468,2443,22.759155,28.79268264770508,2023-01-21 17:00:00,1
3373,"Platja d'or (Can Pastilla, desde BonaOna)_2022",2469,2443,24.232224,22.62615966796875,2023-01-21 18:00:00,1
3374,"Platja d'or (Can Pastilla, desde BonaOna)_2022",2470,2443,18.61924,20.37399673461914,2023-01-21 19:00:00,1
3375,"Platja d'or (Can Pastilla, desde BonaOna)_2022",2471,2443,17.50493,19.200931549072266,2023-01-21 20:00:00,1
3376,"Platja d'or (Can Pastilla, desde BonaOna)_2022",2472,2443,21.670198,20.66446876525879,2023-01-22 08:00:00,1
3377,"Platja d'or (Can Pastilla, desde BonaOna)_2022",2473,2443,21.51485,23.55634880065918,2023-01-22 09:00:00,1
3378,"Platja d'or (Can Pastilla, desde BonaOna)_2022",2474,2443,24.927605,24.7397403717041,2023-01-22 10:00:00,1
3379,"Platja d'or (Can Pastilla, desde BonaOna)_2022",2475,2443,27.338428,30.6469783782959,2023-01-22 11:00:00,1
3380,"Platja d'or (Can Pastilla, desde BonaOna)_2022",2476,2443,27.15843,31.00603485107422,2023-01-22 12:00:00,1
3381,"Platja d'or (Can Pastilla, desde BonaOna)_2022",2477,2443,26.378326,31.63583755493164,2023-01-22 13:00:00,1
3382,"Platja d'or (Can Pastilla, desde BonaOna)_2022",2478,2443,25.933475,22.1818962097168,2023-01-22 14:00:00,1
3383,"Platja d'or (Can Pastilla, desde BonaOna)_2022",2479,2443,25.00493,22.68821907043457,2023-01-22 15:00:00,1
3384,"Platja d'or (Can Pastilla, desde BonaOna)_2022",2480,2479,24.245686,22.889896392822266,2023-01-22 16:00:00,1
3385,"Platja d'or (Can Pastilla, desde BonaOna)_2022",2481,2479,24.361544,19.09187698364257,2023-01-22 17:00:00,1
3386,"Platja d'or (Can Pastilla, desde BonaOna)_2022",2482,2479,23.873215,22.679378509521484,2023-01-22 18:00:00,1
3387,"Platja d'or (Can Pastilla, desde BonaOna)_2022",2483,2479,18.752466,20.87892723083496,2023-01-22 19:00:00,1
3388,"Platja d'or (Can Pastilla, desde BonaOna)_2022",2484,2479,18.444092,18.40314102172852,2023-01-22 20:00:00,1
3389,"Platja d'or (Can Pastilla, desde BonaOna)_2022",2485,2479,20.560045,18.936731338500977,2023-01-23 08:00:00,1
3390,"Platja d'or (Can Pastilla, desde BonaOna)_2022",2486,2479,22.98693,21.552753448486328,2023-01-23 09:00:00,1
3391,"Platja d'or (Can Pastilla, desde BonaOna)_2022",2487,2479,25.10156,19.54781150817871,2023-01-23 10:00:00,1
3392,"Platja d'or (Can Pastilla, desde BonaOna)_2022",2488,2479,26.069332,22.08263397216797,2023-01-23 11:00:00,1
3393,"Platja d'or (Can Pastilla, desde BonaOna)_2022",2489,2479,25.775589,27.60659408569336,2023-01-23 12:00:00,1
3394,"Platja d'or (Can Pastilla, desde BonaOna)_2022",2490,2479,25.119242,25.665679931640625,2023-01-23 13:00:00,1
3395,"Platja d'or (Can Pastilla, desde BonaOna)_2022",2491,2479,24.453308,26.024110794067383,2023-01-23 14:00:00,1
3396,"Platja d'or (Can Pastilla, desde BonaOna)_2022",2492,2479,23.741194,21.15095901489257,2023-01-23 15:00:00,1
3397,"Platja d'or (Can Pastilla, desde BonaOna)_2022",2493,2479,23.361126,18.78258895874023,2023-01-23 16:00:00,1
3398,"Platja d'or (Can Pastilla, desde BonaOna)_2022",2494,2479,23.543543,21.34952545166016,2023-01-23 17:00:00,1
3399,"Platja d'or (Can Pastilla, desde BonaOna)_2022",2495,2479,22.919678,23.926803588867188,2023-01-23 18:00:00,1
3400,"Platja d'or (Can Pastilla, desde BonaOna)_2022",2496,2479,18.609507,19.729412078857425,2023-01-23 19:00:00,1
3401,"Platja d'or (Can Pastilla, desde BonaOna)_2022",2497,2479,18.578049,17.863990783691406,2023-01-23 20:00:00,1
3402,"Platja d'or (Can Pastilla, desde BonaOna)_2022",2498,2479,20.842121,19.062843322753903,2023-01-24 08:00:00,1
3403,"Platja d'or (Can Pastilla, desde BonaOna)_2022",2499,2479,23.32999,17.84470558166504,2023-01-24 09:00:00,1
3404,"Platja d'or (Can Pastilla, desde BonaOna)_2022",2500,2479,25.384378,17.213022232055664,2023-01-24 10:00:00,1
3405,"Platja d'or (Can Pastilla, desde BonaOna)_2022",2501,2479,26.157053,20.646385192871097,2023-01-24 11:00:00,1
3406,"Platja d'or (Can Pastilla, desde BonaOna)_2022",2502,2479,25.794945,33.71319580078125,2023-01-24 12:00:00,1
3407,"Platja d'or (Can Pastilla, desde BonaOna)_2022",2503,2479,25.24218,28.633056640625,2023-01-24 13:00:00,1
3408,"Platja d'or (Can Pastilla, desde BonaOna)_2022",2504,2479,24.678825,25.33522224426269,2023-01-24 14:00:00,1
3409,"Platja d'or (Can Pastilla, desde BonaOna)_2022",2505,2479,23.946903,28.0858211517334,2023-01-24 15:00:00,1
3410,"Platja d'or (Can Pastilla, desde BonaOna)_2022",2506,2479,23.535301,19.457172393798828,2023-01-24 16:00:00,1
3411,"Platja d'or (Can Pastilla, desde BonaOna)_2022",2507,2479,23.725712,21.1021728515625,2023-01-24 17:00:00,1
3412,"Platja d'or (Can Pastilla, desde BonaOna)_2022",2508,2479,23.126091,28.48070335388184,2023-01-24 18:00:00,1
3413,"Platja d'or (Can Pastilla, desde BonaOna)_2022",2509,2479,18.641964,16.967113494873047,2023-01-24 19:00:00,1
3414,"Platja d'or (Can Pastilla, desde BonaOna)_2022",2510,2479,18.595366,18.80079841613769,2023-01-24 20:00:00,1
3415,"Platja d'or (Can Pastilla, desde BonaOna)_2022",2511,2479,21.438026,20.49445343017578,2023-01-25 08:00:00,1
3416,"Platja d'or (Can Pastilla, desde BonaOna)_2022",2512,2479,25.114552,20.72723388671875,2023-01-25 13:00:00,1
3417,"Platja d'or (Can Pastilla, desde BonaOna)_2022",2513,2479,24.642368,21.064647674560547,2023-01-25 14:00:00,1
3418,"Platja d'or (Can Pastilla, desde BonaOna)_2022",2514,2479,24.221495,24.35834503173828,2023-01-25 16:00:00,1
3419,"Platja d'or (Can Pastilla, desde BonaOna)_2022",2515,2479,22.926311,15.881681442260742,2023-01-25 20:00:00,1
3420,Platja de Peguera_2025,2736,2735,16.55769,17.0,2025-11-19 09:00:00,11
3421,Platja de Peguera_2025,2737,2735,18.139153,23.0,2025-11-19 10:00:00,11
3422,Platja de Peguera_2025,2738,2735,17.452435,27.0,2025-11-19 11:00:00,11
3423,Platja de Peguera_2025,2739,2735,16.406734,15.0,2025-11-19 12:00:00,11
3424,Platja de Peguera_2025,2740,2735,16.776089,9.0,2025-11-19 13:00:00,11
3425,Platja de Peguera_2025,2741,2735,18.105862,10.0,2025-11-19 14:00:00,11
3426,Platja de Peguera_2025,2742,2735,19.74622,55.0,2025-11-19 15:00:00,11
3427,Platja de Peguera_2025,2743,2735,21.07565,76.0,2025-11-19 16:00:00,11
3428,Platja de Peguera_2025,2744,2735,17.70105,17.0,2025-11-19 17:00:00,11
3429,Platja de Peguera_2025,2745,2735,13.915879,15.0,2025-11-19 18:00:00,11
3430,Platja de Peguera_2025,2746,2735,12.536518,22.0,2025-11-19 19:00:00,11
3431,Platja de Peguera_2025,2747,2735,12.240507,18.0,2025-11-19 20:00:00,11
3432,Platja de Peguera_2025,2748,2735,17.853485,14.0,2025-11-20 08:00:00,11
3433,Platja de Peguera_2025,2749,2735,19.544916,21.0,2025-11-20 09:00:00,11
3434,Platja de Peguera_2025,2750,2735,19.745523,23.0,2025-11-20 10:00:00,11
3435,Platja de Peguera_2025,2751,2735,18.959612,16.0,2025-11-20 11:00:00,11
3436,Platja de Peguera_2025,2752,2735,18.857616,15.0,2025-11-20 12:00:00,11
3437,Platja de Peguera_2025,2753,2735,19.609745,19.0,2025-11-20 13:00:00,11
3438,Platja de Peguera_2025,2754,2735,20.651047,34.0,2025-11-20 14:00:00,11
3439,Platja de Peguera_2025,2755,2735,21.703472,42.0,2025-11-20 15:00:00,11
3440,Platja de Peguera_2025,2756,2735,22.726242,62.0,2025-11-20 16:00:00,11
3441,Platja de Peguera_2025,2757,2735,19.425446,21.0,2025-11-20 17:00:00,11
3442,Platja de Peguera_2025,2758,2735,13.720235,14.0,2025-11-20 18:00:00,11
3443,Platja de Peguera_2025,2759,2735,11.6580925,14.0,2025-11-20 19:00:00,11
3444,Platja de Peguera_2025,2760,2735,11.21591,17.0,2025-11-20 20:00:00,11
3445,Platja de Peguera_2025,2761,2735,16.377327,20.0,2025-11-21 08:00:00,11
3446,Platja de Peguera_2025,2762,2735,17.049255,13.0,2025-11-21 09:00:00,11
3447,Platja de Peguera_2025,2763,2735,17.35748,14.0,2025-11-21 10:00:00,11
3448,Platja de Peguera_2025,2764,2735,17.078259,29.0,2025-11-21 11:00:00,11
3449,Platja de Peguera_2025,2765,2735,17.633034,22.0,2025-11-21 12:00:00,11
3450,Platja de Peguera_2025,2766,2735,18.59118,21.0,2025-11-21 13:00:00,11
3451,Platja de Peguera_2025,2767,2735,20.045101,37.0,2025-11-21 14:00:00,11
3452,Platja de Peguera_2025,2768,2735,20.975212,48.0,2025-11-21 15:00:00,11
3453,Platja de Peguera_2025,2769,2735,22.309128,107.0,2025-11-21 16:00:00,11
3454,Platja de Peguera_2025,2770,2735,17.959587,21.0,2025-11-21 17:00:00,11
3455,Platja de Peguera_2025,2771,2735,13.573395,14.0,2025-11-21 18:00:00,11
3456,Platja de Peguera_2025,2772,2771,14.735889,17.0,2025-11-21 19:00:00,11
3457,Platja de Peguera_2025,2773,2771,16.186882,19.0,2025-11-21 20:00:00,11
3458,Platja de Peguera_2025,2774,2771,18.67219,21.0,2025-11-22 08:00:00,11
3459,Platja de Peguera_2025,2775,2771,19.63392,22.0,2025-11-22 09:00:00,11
3460,Platja de Peguera_2025,2776,2771,21.53796,21.0,2025-11-22 10:00:00,11
3461,Platja de Peguera_2025,2777,2771,21.011158,28.0,2025-11-22 11:00:00,11
3462,Platja de Peguera_2025,2778,2771,20.065239,32.0,2025-11-22 12:00:00,11
3463,Platja de Peguera_2025,2779,2771,21.002369,40.0,2025-11-22 13:00:00,11
3464,Platja de Peguera_2025,2780,2771,25.323687,55.0,2025-11-22 14:00:00,11
3465,Platja de Peguera_2025,2781,2771,36.186028,94.0,2025-11-22 15:00:00,11
3466,Platja de Peguera_2025,2782,2771,49.007576,127.0,2025-11-22 16:00:00,11
3467,Platja de Peguera_2025,2783,2771,19.050201,49.0,2025-11-22 17:00:00,11
3468,Platja de Peguera_2025,2784,2771,14.877135,16.0,2025-11-22 18:00:00,11
3469,Platja de Peguera_2025,2785,2771,14.24135,16.0,2025-11-22 19:00:00,11
3470,Platja de Peguera_2025,2786,2771,15.527424,14.0,2025-11-22 20:00:00,11
3471,Platja de Peguera_2025,2787,2771,17.718346,16.0,2025-11-23 08:00:00,11
3472,Platja de Peguera_2025,2788,2771,19.1072,21.0,2025-11-23 09:00:00,11
3473,Platja de Peguera_2025,2789,2771,21.374584,15.0,2025-11-23 10:00:00,11
3474,Platja de Peguera_2025,2790,2771,20.971666,20.0,2025-11-23 11:00:00,11
3475,Platja de Peguera_2025,2791,2771,20.22705,24.0,2025-11-23 12:00:00,11
3476,Platja de Peguera_2025,2792,2771,21.732183,25.0,2025-11-23 13:00:00,11
3477,Platja de Peguera_2025,2793,2771,27.787386,36.0,2025-11-23 14:00:00,11
3478,Platja de Peguera_2025,2794,2771,42.394974,32.0,2025-11-23 15:00:00,11
3479,Platja de Peguera_2025,2795,2771,59.30686,88.0,2025-11-23 16:00:00,11
3480,Platja de Peguera_2025,2796,2771,19.073215,51.0,2025-11-23 17:00:00,11
3481,Platja de Peguera_2025,2797,2771,13.442191,10.0,2025-11-23 18:00:00,11
3482,Platja de Peguera_2025,2798,2771,13.172382,18.0,2025-11-23 19:00:00,11
3483,Platja de Peguera_2025,2799,2771,14.709756,17.0,2025-11-23 20:00:00,11
3484,Platja de Peguera_2025,2800,2771,16.474607,15.0,2025-11-24 08:00:00,11
3485,Platja de Peguera_2025,2801,2771,17.034527,20.0,2025-11-24 09:00:00,11
3486,Platja de Peguera_2025,2802,2771,19.243015,21.0,2025-11-24 10:00:00,11
3487,Platja de Peguera_2025,2803,2771,18.899414,20.0,2025-11-24 11:00:00,11
3488,Platja de Peguera_2025,2804,2771,18.163391,28.0,2025-11-24 12:00:00,11
3489,Platja de Peguera_2025,2805,2771,19.568264,14.0,2025-11-24 13:00:00,11
3490,Platja de Peguera_2025,2806,2771,24.800648,14.0,2025-11-24 14:00:00,11
3491,Platja de Peguera_2025,2807,2771,36.531616,16.0,2025-11-24 15:00:00,11
3492,Platja de Peguera_2025,2808,2807,23.541264,24.0,2025-11-24 16:00:00,11
3493,Platja de Peguera_2025,2809,2807,21.666378,23.0,2025-11-24 17:00:00,11
3494,Platja de Peguera_2025,2810,2807,15.879818,15.0,2025-11-24 18:00:00,11
3495,Platja de Peguera_2025,2811,2807,15.116907,12.0,2025-11-24 19:00:00,11
3496,Platja de Peguera_2025,2812,2807,15.347322,16.0,2025-11-24 20:00:00,11
3497,Platja de Peguera_2025,2813,2807,14.595091,16.0,2025-11-25 08:00:00,11
3498,Platja de Peguera_2025,2814,2807,16.252628,28.0,2025-11-25 09:00:00,11
3499,Platja de Peguera_2025,2815,2807,18.357822,28.0,2025-11-25 10:00:00,11
3500,Platja de Peguera_2025,2816,2807,19.61266,19.0,2025-11-25 11:00:00,11
3501,Platja de Peguera_2025,2817,2807,20.736153,34.0,2025-11-25 12:00:00,11
3502,Platja de Peguera_2025,2818,2807,22.820364,31.0,2025-11-25 13:00:00,11
3503,Platja de Peguera_2025,2819,2807,25.375956,49.0,2025-11-25 14:00:00,11
3504,Platja de Peguera_2025,2820,2807,27.35486,49.0,2025-11-25 15:00:00,11
3505,Platja de Peguera_2025,2821,2807,29.67046,56.0,2025-11-25 16:00:00,11
3506,Platja de Peguera_2025,2822,2807,27.3344,52.0,2025-11-25 17:00:00,11
3507,Platja de Peguera_2025,2823,2807,14.633629,27.0,2025-11-25 18:00:00,11
3508,Platja de Peguera_2025,2824,2807,14.244667,56.0,2025-11-25 19:00:00,11
3509,Platja de Peguera_2025,2825,2807,14.877882,38.0,2025-11-25 20:00:00,11
3510,Platja de Peguera_2025,2826,2807,15.304214,43.0,2025-11-26 08:00:00,11
3511,Platja de Peguera_2025,2827,2807,16.209694,26.0,2025-11-26 09:00:00,11
3512,Platja de Peguera_2025,2828,2807,18.818459,23.0,2025-11-26 10:00:00,11
3513,Platja de Peguera_2025,2829,2807,20.227123,37.0,2025-11-26 11:00:00,11
3514,Platja de Peguera_2025,2830,2807,20.614855,39.0,2025-11-26 12:00:00,11
3515,Platja de Peguera_2025,2831,2807,22.098381,50.0,2025-11-26 13:00:00,11
3516,Platja de Peguera_2025,2832,2807,24.54607,53.0,2025-11-26 14:00:00,11
3517,Platja de Peguera_2025,2833,2807,26.57745,74.0,2025-11-26 15:00:00,11
3518,Platja de Peguera_2025,2834,2807,28.741987,64.0,2025-11-26 16:00:00,11
3519,Platja de Peguera_2025,2835,2807,27.079887,45.0,2025-11-26 17:00:00,11
3520,Platja de Peguera_2025,2836,2807,15.230025,32.0,2025-11-26 18:00:00,11
3521,Platja de Peguera_2025,2837,2807,14.628568,56.0,2025-11-26 19:00:00,11
3522,Platja de Peguera_2025,2838,2807,15.32641,36.0,2025-11-26 20:00:00,11
3523,Platja de Peguera_2025,2839,2807,16.607183,24.0,2025-11-27 08:00:00,11
3524,Platja de Peguera_2025,2840,2807,17.491228,23.0,2025-11-27 09:00:00,11
3525,Platja de Peguera_2025,2841,2807,20.064682,32.0,2025-11-27 10:00:00,11
3526,Platja de Peguera_2025,2842,2807,21.44719,28.0,2025-11-27 11:00:00,11
3527,Platja de Peguera_2025,2843,2807,24.501797,25.0,2025-11-30 13:00:00,11
3528,Platja de Peguera_2025,2844,2843,37.326675,28.0,2025-11-30 14:00:00,11
3529,Platja de Peguera_2025,2845,2843,41.85677,37.0,2025-11-30 15:00:00,11
3530,Platja de Peguera_2025,2846,2843,46.784668,47.0,2025-11-30 16:00:00,11
3531,Platja de Peguera_2025,2847,2843,46.1288,33.0,2025-11-30 17:00:00,11
3532,Platja de Peguera_2025,2848,2843,35.64151,38.0,2025-11-30 18:00:00,11
3533,Platja de Peguera_2025,2849,2843,41.85192,53.0,2025-11-30 19:00:00,11
3534,Platja de Peguera_2025,2850,2843,36.14335,26.0,2025-11-30 20:00:00,11
3535,Platja de Peguera_2025,2851,2843,25.521858,27.0,2025-12-01 08:00:00,12
3536,Platja de Peguera_2025,2852,2843,24.800354,20.0,2025-12-01 09:00:00,12
3537,Platja de Peguera_2025,2853,2843,27.206898,21.0,2025-12-01 10:00:00,12
3538,Platja de Peguera_2025,2854,2843,31.152988,22.0,2025-12-01 11:00:00,12
3539,Platja de Peguera_2025,2855,2843,35.124027,31.0,2025-12-01 12:00:00,12
3540,Platja de Peguera_2025,2856,2843,39.018017,32.0,2025-12-01 13:00:00,12
3541,Platja de Peguera_2025,2857,2843,41.918556,31.0,2025-12-01 14:00:00,12
3542,Platja de Peguera_2025,2858,2843,44.74423,39.0,2025-12-01 15:00:00,12
3543,Platja de Peguera_2025,2859,2843,47.014366,29.0,2025-12-01 16:00:00,12
3544,Platja de Peguera_2025,2860,2843,43.28366,29.0,2025-12-01 17:00:00,12
3545,Platja de Peguera_2025,2861,2843,31.626331,30.0,2025-12-01 18:00:00,12
3546,Platja de Peguera_2025,2862,2843,39.591736,51.0,2025-12-01 19:00:00,12
3547,Platja de Peguera_2025,2863,2843,29.767105,32.0,2025-12-01 20:00:00,12
3548,Platja de Peguera_2025,2864,2843,28.020683,17.0,2025-12-02 08:00:00,12
3549,Platja de Peguera_2025,2865,2843,26.506413,19.0,2025-12-02 09:00:00,12
3550,Platja de Peguera_2025,2866,2843,28.974537,28.0,2025-12-02 10:00:00,12
3551,Platja de Peguera_2025,2867,2843,32.852715,26.0,2025-12-02 11:00:00,12
3552,Platja de Peguera_2025,2868,2843,36.67882,26.0,2025-12-02 12:00:00,12
3553,Platja de Peguera_2025,2869,2843,40.511,20.0,2025-12-02 13:00:00,12
3554,Platja de Peguera_2025,2870,2843,43.218918,26.0,2025-12-02 14:00:00,12
3555,Platja de Peguera_2025,2871,2843,45.737743,33.0,2025-12-02 15:00:00,12
3556,Platja de Peguera_2025,2872,2843,48.776237,39.0,2025-12-02 16:00:00,12
3557,Platja de Peguera_2025,2873,2843,47.22819,30.0,2025-12-02 17:00:00,12
3558,Platja de Peguera_2025,2874,2843,33.821926,31.0,2025-12-02 18:00:00,12
3559,Platja de Peguera_2025,2875,2843,42.56581,47.0,2025-12-02 19:00:00,12
3560,Platja de Peguera_2025,2876,2843,33.663784,36.0,2025-12-02 20:00:00,12
3561,Platja de Peguera_2025,2877,2843,26.992981,22.0,2025-12-03 08:00:00,12
3562,Platja de Peguera_2025,2878,2843,25.370842,18.0,2025-12-03 09:00:00,12
3563,Platja de Peguera_2025,2879,2843,26.753345,17.0,2025-12-03 10:00:00,12
3564,Platja de Peguera_2025,2880,2879,23.477922,25.0,2025-12-03 11:00:00,12
3565,Platja de Peguera_2025,2881,2879,25.235298,27.0,2025-12-03 12:00:00,12
3566,Platja de Peguera_2025,2882,2879,26.227945,36.0,2025-12-03 13:00:00,12
3567,Platja de Peguera_2025,2883,2879,27.97815,27.0,2025-12-03 14:00:00,12
3568,Platja de Peguera_2025,2884,2879,29.794918,41.0,2025-12-03 15:00:00,12
3569,Platja de Peguera_2025,2885,2879,30.873322,36.0,2025-12-03 16:00:00,12
3570,Platja de Peguera_2025,2886,2879,27.544321,33.0,2025-12-03 17:00:00,12
3571,Platja de Peguera_2025,2887,2879,30.174133,24.0,2025-12-03 18:00:00,12
3572,Platja de Peguera_2025,2888,2879,39.083405,42.0,2025-12-03 19:00:00,12
3573,Platja de Peguera_2025,2889,2879,31.986292,39.0,2025-12-03 20:00:00,12
3574,Platja de Peguera_2025,2890,2879,22.050718,23.0,2025-12-04 08:00:00,12
3575,Platja de Peguera_2025,2891,2879,21.575968,23.0,2025-12-04 09:00:00,12
3576,Platja de Peguera_2025,2892,2879,23.431173,16.0,2025-12-04 10:00:00,12
3577,Platja de Peguera_2025,2893,2879,25.699396,25.0,2025-12-04 11:00:00,12
3578,Platja de Peguera_2025,2894,2879,27.419222,22.0,2025-12-04 12:00:00,12
3579,Platja de Peguera_2025,2895,2879,29.14561,24.0,2025-12-04 13:00:00,12
3580,Platja de Peguera_2025,2896,2879,30.708782,21.0,2025-12-04 14:00:00,12
3581,Platja de Peguera_2025,2897,2879,32.47243,27.0,2025-12-04 15:00:00,12
3582,Platja de Peguera_2025,2898,2879,33.259987,24.0,2025-12-04 16:00:00,12
3583,Platja de Peguera_2025,2899,2879,29.137516,53.0,2025-12-04 17:00:00,12
3584,Platja de Peguera_2025,2900,2879,31.20525,41.0,2025-12-04 18:00:00,12
3585,Platja de Peguera_2025,2901,2879,41.73793,53.0,2025-12-04 19:00:00,12
3586,Platja de Peguera_2025,2902,2879,36.678192,38.0,2025-12-04 20:00:00,12
3587,Platja de Peguera_2025,2903,2879,22.050121,23.0,2025-12-05 08:00:00,12
3588,Platja de Peguera_2025,2904,2879,21.27213,20.0,2025-12-05 09:00:00,12
3589,Platja de Peguera_2025,2905,2879,22.73177,17.0,2025-12-05 10:00:00,12
3590,Platja de Peguera_2025,2906,2879,24.714006,20.0,2025-12-05 11:00:00,12
3591,Platja de Peguera_2025,2907,2879,26.411512,20.0,2025-12-05 12:00:00,12
3592,Platja de Peguera_2025,2908,2879,28.322588,52.0,2025-12-05 13:00:00,12
3593,Platja de Peguera_2025,2909,2879,30.624203,28.0,2025-12-05 14:00:00,12
3594,Platja de Peguera_2025,2910,2879,32.908024,43.0,2025-12-05 15:00:00,12
3595,Platja de Peguera_2025,2911,2879,34.32495,33.0,2025-12-05 16:00:00,12
3596,Platja de Peguera_2025,2912,2879,31.162663,47.0,2025-12-05 17:00:00,12
3597,Platja de Peguera_2025,2913,2879,31.332989,58.0,2025-12-05 18:00:00,12
3598,Platja de Peguera_2025,2914,2879,41.99263,60.0,2025-12-05 19:00:00,12
3599,Platja de Peguera_2025,2915,2879,35.661095,56.0,2025-12-05 20:00:00,12
3600,Portals Vells_2025,2736,2735,17.280487,16.0,2025-11-19 09:00:00,11
3601,Portals Vells_2025,2737,2735,16.709978,22.0,2025-11-19 10:00:00,11
3602,Portals Vells_2025,2738,2735,15.293534,14.0,2025-11-19 11:00:00,11
3603,Portals Vells_2025,2739,2735,13.695538,24.0,2025-11-19 12:00:00,11
3604,Portals Vells_2025,2740,2735,12.507416,33.0,2025-11-19 13:00:00,11
3605,Portals Vells_2025,2741,2735,11.498384,11.0,2025-11-19 14:00:00,11
3606,Portals Vells_2025,2742,2735,11.049803,22.0,2025-11-19 15:00:00,11
3607,Portals Vells_2025,2743,2735,10.6007595,8.0,2025-11-19 16:00:00,11
3608,Portals Vells_2025,2744,2735,7.4544697,6.0,2025-11-19 17:00:00,11
3609,Portals Vells_2025,2745,2735,7.3979917,7.0,2025-11-19 18:00:00,11
3610,Portals Vells_2025,2746,2735,7.9508653,6.0,2025-11-19 19:00:00,11
3611,Portals Vells_2025,2747,2735,7.6377335,7.0,2025-11-19 20:00:00,11
3612,Portals Vells_2025,2748,2735,17.470253,13.0,2025-11-20 08:00:00,11
3613,Portals Vells_2025,2749,2735,17.591103,17.0,2025-11-20 09:00:00,11
3614,Portals Vells_2025,2750,2735,16.521574,14.0,2025-11-20 10:00:00,11
3615,Portals Vells_2025,2751,2735,14.848671,17.0,2025-11-20 11:00:00,11
3616,Portals Vells_2025,2752,2735,13.1164,10.0,2025-11-20 12:00:00,11
3617,Portals Vells_2025,2753,2735,11.812927,12.0,2025-11-20 13:00:00,11
3618,Portals Vells_2025,2754,2735,10.850322,11.0,2025-11-20 14:00:00,11
3619,Portals Vells_2025,2755,2735,10.463238,23.0,2025-11-20 15:00:00,11
3620,Portals Vells_2025,2756,2735,9.782929,16.0,2025-11-20 16:00:00,11
3621,Portals Vells_2025,2757,2735,7.045515,7.0,2025-11-20 17:00:00,11
3622,Portals Vells_2025,2758,2735,7.12882,7.0,2025-11-20 18:00:00,11
3623,Portals Vells_2025,2759,2735,7.6644306,7.0,2025-11-20 19:00:00,11
3624,Portals Vells_2025,2760,2735,7.336129,7.0,2025-11-20 20:00:00,11
3625,Portals Vells_2025,2761,2735,16.442352,26.0,2025-11-21 08:00:00,11
3626,Portals Vells_2025,2762,2735,16.391193,8.0,2025-11-21 09:00:00,11
3627,Portals Vells_2025,2763,2735,15.340661,13.0,2025-11-21 10:00:00,11
3628,Portals Vells_2025,2764,2735,13.834322,21.0,2025-11-21 11:00:00,11
3629,Portals Vells_2025,2765,2735,12.226906,12.0,2025-11-21 12:00:00,11
3630,Portals Vells_2025,2766,2735,11.06287,9.0,2025-11-21 13:00:00,11
3631,Portals Vells_2025,2767,2735,10.376044,9.0,2025-11-21 14:00:00,11
3632,Portals Vells_2025,2768,2735,10.000359,19.0,2025-11-21 15:00:00,11
3633,Portals Vells_2025,2769,2735,9.20368,11.0,2025-11-21 16:00:00,11
3634,Portals Vells_2025,2770,2735,6.7468524,6.0,2025-11-21 17:00:00,11
3635,Portals Vells_2025,2771,2735,7.1407533,8.0,2025-11-21 18:00:00,11
3636,Portals Vells_2025,2772,2771,6.940143,8.0,2025-11-21 19:00:00,11
3637,Portals Vells_2025,2773,2771,7.004503,7.0,2025-11-21 20:00:00,11
3638,Portals Vells_2025,2774,2771,16.658253,20.0,2025-11-22 08:00:00,11
3639,Portals Vells_2025,2775,2771,13.145189,18.0,2025-11-22 09:00:00,11
3640,Portals Vells_2025,2776,2771,13.577012,17.0,2025-11-22 10:00:00,11
3641,Portals Vells_2025,2777,2771,15.097376,13.0,2025-11-22 11:00:00,11
3642,Portals Vells_2025,2778,2771,14.722733,34.0,2025-11-22 12:00:00,11
3643,Portals Vells_2025,2779,2771,13.073088,11.0,2025-11-22 13:00:00,11
3644,Portals Vells_2025,2780,2771,11.960864,16.0,2025-11-22 14:00:00,11
3645,Portals Vells_2025,2781,2771,11.935003,35.0,2025-11-22 15:00:00,11
3646,Portals Vells_2025,2782,2771,10.994808,9.0,2025-11-22 16:00:00,11
3647,Portals Vells_2025,2783,2771,6.789122,7.0,2025-11-22 17:00:00,11
3648,Portals Vells_2025,2784,2771,7.0187454,7.0,2025-11-22 18:00:00,11
3649,Portals Vells_2025,2785,2771,6.9831905,7.0,2025-11-22 19:00:00,11
3650,Portals Vells_2025,2786,2771,7.0371046,7.0,2025-11-22 20:00:00,11
3651,Portals Vells_2025,2787,2771,17.535803,24.0,2025-11-23 08:00:00,11
3652,Portals Vells_2025,2788,2771,13.602436,12.0,2025-11-23 09:00:00,11
3653,Portals Vells_2025,2789,2771,15.317293,19.0,2025-11-23 10:00:00,11
3654,Portals Vells_2025,2790,2771,16.80581,15.0,2025-11-23 11:00:00,11
3655,Portals Vells_2025,2791,2771,15.832789,17.0,2025-11-23 12:00:00,11
3656,Portals Vells_2025,2792,2771,13.83409,10.0,2025-11-23 13:00:00,11
3657,Portals Vells_2025,2793,2771,12.601213,7.0,2025-11-23 14:00:00,11
3658,Portals Vells_2025,2794,2771,12.672563,7.0,2025-11-23 15:00:00,11
3659,Portals Vells_2025,2795,2771,12.064234,9.0,2025-11-23 16:00:00,11
3660,Portals Vells_2025,2796,2771,6.8519483,5.0,2025-11-23 17:00:00,11
3661,Portals Vells_2025,2797,2771,6.8206186,7.0,2025-11-23 18:00:00,11
3662,Portals Vells_2025,2798,2771,6.7590494,6.0,2025-11-23 19:00:00,11
3663,Portals Vells_2025,2799,2771,6.733797,7.0,2025-11-23 20:00:00,11
3664,Portals Vells_2025,2800,2771,16.50232,26.0,2025-11-24 08:00:00,11
3665,Portals Vells_2025,2801,2771,13.282308,15.0,2025-11-24 09:00:00,11
3666,Portals Vells_2025,2802,2771,13.846216,17.0,2025-11-24 10:00:00,11
3667,Portals Vells_2025,2803,2771,14.718142,12.0,2025-11-24 11:00:00,11
3668,Portals Vells_2025,2804,2771,13.828922,10.0,2025-11-24 12:00:00,11
3669,Portals Vells_2025,2805,2771,12.34008,8.0,2025-11-24 13:00:00,11
3670,Portals Vells_2025,2806,2771,11.65099,9.0,2025-11-24 14:00:00,11
3671,Portals Vells_2025,2807,2771,11.822366,9.0,2025-11-24 15:00:00,11
3672,Portals Vells_2025,2808,2807,7.8950353,10.0,2025-11-24 16:00:00,11
3673,Portals Vells_2025,2809,2807,6.3815584,5.0,2025-11-24 17:00:00,11
3674,Portals Vells_2025,2810,2807,6.1974244,6.0,2025-11-24 18:00:00,11
3675,Portals Vells_2025,2811,2807,6.5671725,7.0,2025-11-24 19:00:00,11
3676,Portals Vells_2025,2812,2807,6.290749,6.0,2025-11-24 20:00:00,11
3677,Portals Vells_2025,2813,2807,18.57634,21.0,2025-11-25 08:00:00,11
3678,Portals Vells_2025,2814,2807,14.61371,19.0,2025-11-25 09:00:00,11
3679,Portals Vells_2025,2815,2807,12.795935,13.0,2025-11-25 10:00:00,11
3680,Portals Vells_2025,2816,2807,12.044651,16.0,2025-11-25 11:00:00,11
3681,Portals Vells_2025,2817,2807,10.942399,12.0,2025-11-25 12:00:00,11
3682,Portals Vells_2025,2818,2807,9.897797,8.0,2025-11-25 13:00:00,11
3683,Portals Vells_2025,2819,2807,9.448841,9.0,2025-11-25 14:00:00,11
3684,Portals Vells_2025,2820,2807,9.2274275,7.0,2025-11-25 15:00:00,11
3685,Portals Vells_2025,2821,2807,8.768439,8.0,2025-11-25 16:00:00,11
3686,Portals Vells_2025,2822,2807,6.4399385,6.0,2025-11-25 17:00:00,11
3687,Portals Vells_2025,2823,2807,6.089172,6.0,2025-11-25 18:00:00,11
3688,Portals Vells_2025,2824,2807,6.3983517,6.0,2025-11-25 19:00:00,11
3689,Portals Vells_2025,2825,2807,6.439138,6.0,2025-11-25 20:00:00,11
3690,Portals Vells_2025,2826,2807,18.132065,22.0,2025-11-26 08:00:00,11
3691,Portals Vells_2025,2827,2807,14.331252,15.0,2025-11-26 09:00:00,11
3692,Portals Vells_2025,2828,2807,12.650293,15.0,2025-11-26 10:00:00,11
3693,Portals Vells_2025,2829,2807,11.905196,16.0,2025-11-26 11:00:00,11
3694,Portals Vells_2025,2830,2807,10.704417,52.0,2025-11-26 12:00:00,11
3695,Portals Vells_2025,2831,2807,9.574628,10.0,2025-11-26 13:00:00,11
3696,Portals Vells_2025,2832,2807,9.18467,10.0,2025-11-26 14:00:00,11
3697,Portals Vells_2025,2833,2807,9.021104,11.0,2025-11-26 15:00:00,11
3698,Portals Vells_2025,2834,2807,8.615631,10.0,2025-11-26 16:00:00,11
3699,Portals Vells_2025,2835,2807,6.50517,6.0,2025-11-26 17:00:00,11
3700,Portals Vells_2025,2836,2807,6.1485176,6.0,2025-11-26 18:00:00,11
3701,Portals Vells_2025,2837,2807,6.4820814,6.0,2025-11-26 19:00:00,11
3702,Portals Vells_2025,2838,2807,6.5261745,7.0,2025-11-26 20:00:00,11
3703,Portals Vells_2025,2839,2807,18.580294,19.0,2025-11-27 08:00:00,11
3704,Portals Vells_2025,2840,2807,14.640682,16.0,2025-11-27 09:00:00,11
3705,Portals Vells_2025,2841,2807,13.026211,15.0,2025-11-27 10:00:00,11
3706,Portals Vells_2025,2842,2807,12.274744,13.0,2025-11-27 11:00:00,11
3707,Portals Vells_2025,2843,2807,10.297098,14.0,2025-11-30 13:00:00,11
3708,Portals Vells_2025,2844,2843,10.983593,12.0,2025-11-30 14:00:00,11
3709,Portals Vells_2025,2845,2843,10.353957,13.0,2025-11-30 15:00:00,11
3710,Portals Vells_2025,2846,2843,9.761515,10.0,2025-11-30 16:00:00,11
3711,Portals Vells_2025,2847,2843,7.3218784,6.0,2025-11-30 17:00:00,11
3712,Portals Vells_2025,2848,2843,7.013482,5.0,2025-11-30 18:00:00,11
3713,Portals Vells_2025,2849,2843,6.9942703,5.0,2025-11-30 19:00:00,11
3714,Portals Vells_2025,2850,2843,6.708006,6.0,2025-11-30 20:00:00,11
3715,Portals Vells_2025,2851,2843,17.285831,12.0,2025-12-01 08:00:00,12
3716,Portals Vells_2025,2852,2843,16.117048,12.0,2025-12-01 09:00:00,12
3717,Portals Vells_2025,2853,2843,15.37637,15.0,2025-12-01 10:00:00,12
3718,Portals Vells_2025,2854,2843,14.361194,19.0,2025-12-01 11:00:00,12
3719,Portals Vells_2025,2855,2843,12.497641,23.0,2025-12-01 12:00:00,12
3720,Portals Vells_2025,2856,2843,10.984183,12.0,2025-12-01 13:00:00,12
3721,Portals Vells_2025,2857,2843,10.312595,8.0,2025-12-01 14:00:00,12
3722,Portals Vells_2025,2858,2843,9.919872,6.0,2025-12-01 15:00:00,12
3723,Portals Vells_2025,2859,2843,9.230894,12.0,2025-12-01 16:00:00,12
3724,Portals Vells_2025,2860,2843,6.645022,6.0,2025-12-01 17:00:00,12
3725,Portals Vells_2025,2861,2843,6.0960116,5.0,2025-12-01 18:00:00,12
3726,Portals Vells_2025,2862,2843,6.2025595,6.0,2025-12-01 19:00:00,12
3727,Portals Vells_2025,2863,2843,6.1891866,7.0,2025-12-01 20:00:00,12
3728,Portals Vells_2025,2864,2843,18.720657,13.0,2025-12-02 08:00:00,12
3729,Portals Vells_2025,2865,2843,16.625513,7.0,2025-12-02 09:00:00,12
3730,Portals Vells_2025,2866,2843,15.769308,12.0,2025-12-02 10:00:00,12
3731,Portals Vells_2025,2867,2843,14.622698,10.0,2025-12-02 11:00:00,12
3732,Portals Vells_2025,2868,2843,12.570329,9.0,2025-12-02 12:00:00,12
3733,Portals Vells_2025,2869,2843,10.909393,12.0,2025-12-02 13:00:00,12
3734,Portals Vells_2025,2870,2843,10.224917,6.0,2025-12-02 14:00:00,12
3735,Portals Vells_2025,2871,2843,9.850251,10.0,2025-12-02 15:00:00,12
3736,Portals Vells_2025,2872,2843,9.149101,9.0,2025-12-02 16:00:00,12
3737,Portals Vells_2025,2873,2843,6.668007,6.0,2025-12-02 17:00:00,12
3738,Portals Vells_2025,2874,2843,6.058749,7.0,2025-12-02 18:00:00,12
3739,Portals Vells_2025,2875,2843,6.4224606,5.0,2025-12-02 19:00:00,12
3740,Portals Vells_2025,2876,2843,6.5589657,7.0,2025-12-02 20:00:00,12
3741,Portals Vells_2025,2877,2843,18.503965,13.0,2025-12-03 08:00:00,12
3742,Portals Vells_2025,2878,2843,16.107151,17.0,2025-12-03 09:00:00,12
3743,Portals Vells_2025,2879,2843,14.682594,15.0,2025-12-03 10:00:00,12
3744,Portals Vells_2025,2880,2879,15.142335,17.0,2025-12-03 11:00:00,12
3745,Portals Vells_2025,2881,2879,14.26025,14.0,2025-12-03 12:00:00,12
3746,Portals Vells_2025,2882,2879,12.080023,11.0,2025-12-03 13:00:00,12
3747,Portals Vells_2025,2883,2879,10.26879,10.0,2025-12-03 14:00:00,12
3748,Portals Vells_2025,2884,2879,9.255193,9.0,2025-12-03 15:00:00,12
3749,Portals Vells_2025,2885,2879,8.934775,11.0,2025-12-03 16:00:00,12
3750,Portals Vells_2025,2886,2879,5.741393,6.0,2025-12-03 17:00:00,12
3751,Portals Vells_2025,2887,2879,5.4901695,6.0,2025-12-03 18:00:00,12
3752,Portals Vells_2025,2888,2879,5.89538,6.0,2025-12-03 19:00:00,12
3753,Portals Vells_2025,2889,2879,6.3082547,6.0,2025-12-03 20:00:00,12
3754,Portals Vells_2025,2890,2879,13.392993,9.0,2025-12-04 08:00:00,12
3755,Portals Vells_2025,2891,2879,14.525516,16.0,2025-12-04 09:00:00,12
3756,Portals Vells_2025,2892,2879,14.834026,16.0,2025-12-04 10:00:00,12
3757,Portals Vells_2025,2893,2879,14.638094,12.0,2025-12-04 11:00:00,12
3758,Portals Vells_2025,2894,2879,13.387719,15.0,2025-12-04 12:00:00,12
3759,Portals Vells_2025,2895,2879,11.441149,15.0,2025-12-04 13:00:00,12
3760,Portals Vells_2025,2896,2879,9.720457,10.0,2025-12-04 14:00:00,12
3761,Portals Vells_2025,2897,2879,8.9241295,12.0,2025-12-04 15:00:00,12
3762,Portals Vells_2025,2898,2879,8.646306,17.0,2025-12-04 16:00:00,12
3763,Portals Vells_2025,2899,2879,5.650793,6.0,2025-12-04 17:00:00,12
3764,Portals Vells_2025,2900,2879,5.4389772,6.0,2025-12-04 18:00:00,12
3765,Portals Vells_2025,2901,2879,5.9554114,7.0,2025-12-04 19:00:00,12
3766,Portals Vells_2025,2902,2879,6.374516,6.0,2025-12-04 20:00:00,12
3767,Portals Vells_2025,2903,2879,13.135209,13.0,2025-12-05 08:00:00,12
3768,Portals Vells_2025,2904,2879,13.560365,11.0,2025-12-05 09:00:00,12
3769,Portals Vells_2025,2905,2879,13.304318,13.0,2025-12-05 10:00:00,12
3770,Portals Vells_2025,2906,2879,12.859254,10.0,2025-12-05 11:00:00,12
3771,Portals Vells_2025,2907,2879,11.740243,9.0,2025-12-05 12:00:00,12
3772,Portals Vells_2025,2908,2879,10.383879,9.0,2025-12-05 13:00:00,12
3773,Portals Vells_2025,2909,2879,9.365644,7.0,2025-12-05 14:00:00,12
3774,Portals Vells_2025,2910,2879,8.7946205,9.0,2025-12-05 15:00:00,12
3775,Portals Vells_2025,2911,2879,8.724688,11.0,2025-12-05 16:00:00,12
3776,Portals Vells_2025,2912,2879,6.0153522,6.0,2025-12-05 17:00:00,12
3777,Portals Vells_2025,2913,2879,5.47746,6.0,2025-12-05 18:00:00,12
3778,Portals Vells_2025,2914,2879,5.882254,5.0,2025-12-05 19:00:00,12
3779,Portals Vells_2025,2915,2879,6.4004345,6.0,2025-12-05 20:00:00,12
3780,Sant Antoni de Portmany_2022,1919,1918,20.701149,23.704906463623047,2023-01-11 18:00:00,1
3781,Sant Antoni de Portmany_2022,1920,1918,5.3523088,5.318913459777832,2023-01-11 19:00:00,1
3782,Sant Antoni de Portmany_2022,1921,1918,5.4238567,5.1380157470703125,2023-01-11 20:00:00,1
3783,Sant Antoni de Portmany_2022,1922,1918,19.364723,18.710840225219727,2023-01-12 08:00:00,1
3784,Sant Antoni de Portmany_2022,1923,1918,20.425346,18.54470634460449,2023-01-12 09:00:00,1
3785,Sant Antoni de Portmany_2022,1924,1918,21.398895,20.06421661376953,2023-01-12 10:00:00,1
3786,Sant Antoni de Portmany_2022,1925,1918,22.407846,22.65093994140625,2023-01-12 11:00:00,1
3787,Sant Antoni de Portmany_2022,1926,1918,23.107439,24.150634765625,2023-01-12 12:00:00,1
3788,Sant Antoni de Portmany_2022,1927,1918,23.36634,24.48818588256836,2023-01-12 13:00:00,1
3789,Sant Antoni de Portmany_2022,1928,1918,23.080015,24.669055938720703,2023-01-12 14:00:00,1
3790,Sant Antoni de Portmany_2022,1929,1918,22.41492,22.593536376953125,2023-01-12 15:00:00,1
3791,Sant Antoni de Portmany_2022,1930,1918,21.331903,20.305408477783203,2023-01-12 17:00:00,1
3792,Sant Antoni de Portmany_2022,1931,1918,19.356773,18.803733825683597,2023-01-12 18:00:00,1
3793,Sant Antoni de Portmany_2022,1932,1918,5.304039,5.934262275695801,2023-01-12 19:00:00,1
3794,Sant Antoni de Portmany_2022,1933,1918,5.4810877,5.124956130981445,2023-01-12 20:00:00,1
3795,Sant Antoni de Portmany_2022,1934,1918,19.63361,17.82855224609375,2023-01-13 08:00:00,1
3796,Sant Antoni de Portmany_2022,1935,1918,20.303757,18.45743560791016,2023-01-13 09:00:00,1
3797,Sant Antoni de Portmany_2022,1936,1918,20.85563,19.44983673095703,2023-01-13 10:00:00,1
3798,Sant Antoni de Portmany_2022,1937,1918,21.465439,20.116840362548828,2023-01-13 11:00:00,1
3799,Sant Antoni de Portmany_2022,1938,1918,21.91094,24.932842254638672,2023-01-13 12:00:00,1
3800,Sant Antoni de Portmany_2022,1939,1918,22.230745,22.26244354248047,2023-01-13 13:00:00,1
3801,Sant Antoni de Portmany_2022,1940,1918,22.246675,21.94036102294922,2023-01-13 14:00:00,1
3802,Sant Antoni de Portmany_2022,1941,1918,21.872948,21.928476333618164,2023-01-13 15:00:00,1
3803,Sant Antoni de Portmany_2022,1942,1918,21.4493,21.610885620117188,2023-01-13 16:00:00,1
3804,Sant Antoni de Portmany_2022,1943,1918,20.536196,19.8472900390625,2023-01-13 17:00:00,1
3805,Sant Antoni de Portmany_2022,1944,1918,16.761509,23.364646911621097,2023-01-13 18:00:00,1
3806,Sant Antoni de Portmany_2022,1945,1918,5.417659,5.005358695983887,2023-01-13 19:00:00,1
3807,Sant Antoni de Portmany_2022,1946,1918,5.4919033,5.018467426300049,2023-01-13 20:00:00,1
3808,Sant Antoni de Portmany_2022,1947,1918,19.250835,19.153133392333984,2023-01-14 08:00:00,1
3809,Sant Antoni de Portmany_2022,1948,1918,20.019764,16.768203735351562,2023-01-14 09:00:00,1
3810,Sant Antoni de Portmany_2022,1949,1918,20.799273,19.05259323120117,2023-01-14 10:00:00,1
3811,Sant Antoni de Portmany_2022,1950,1918,22.027882,20.496925354003903,2023-01-14 11:00:00,1
3812,Sant Antoni de Portmany_2022,1951,1918,22.701052,23.82131576538086,2023-01-14 12:00:00,1
3813,Sant Antoni de Portmany_2022,1952,1918,23.100197,23.750185012817383,2023-01-14 13:00:00,1
3814,Sant Antoni de Portmany_2022,1953,1918,23.113121,23.160301208496097,2023-01-14 14:00:00,1
3815,Sant Antoni de Portmany_2022,1954,1918,22.686518,20.716716766357425,2023-01-14 15:00:00,1
3816,Sant Antoni de Portmany_2022,1955,1954,21.64373,17.741443634033203,2023-01-14 17:00:00,1
3817,Sant Antoni de Portmany_2022,1956,1954,21.088371,20.05965614318848,2023-01-14 18:00:00,1
3818,Sant Antoni de Portmany_2022,1957,1954,5.220759,4.735505104064941,2023-01-14 19:00:00,1
3819,Sant Antoni de Portmany_2022,1958,1954,5.1787896,4.900104999542236,2023-01-14 20:00:00,1
3820,Sant Antoni de Portmany_2022,1959,1954,19.605553,18.49081802368164,2023-01-15 08:00:00,1
3821,Sant Antoni de Portmany_2022,1960,1954,20.165148,18.515277862548828,2023-01-15 09:00:00,1
3822,Sant Antoni de Portmany_2022,1961,1954,21.30265,19.789121627807617,2023-01-15 10:00:00,1
3823,Sant Antoni de Portmany_2022,1962,1954,22.503761,21.6229305267334,2023-01-15 11:00:00,1
3824,Sant Antoni de Portmany_2022,1963,1954,23.650509,23.69297790527344,2023-01-15 12:00:00,1
3825,Sant Antoni de Portmany_2022,1964,1954,24.247906,22.23296356201172,2023-01-15 13:00:00,1
3826,Sant Antoni de Portmany_2022,1965,1954,24.11559,22.42804718017578,2023-01-15 14:00:00,1
3827,Sant Antoni de Portmany_2022,1966,1954,23.340595,22.851970672607425,2023-01-15 15:00:00,1
3828,Sant Antoni de Portmany_2022,1967,1954,22.318733,20.940109252929688,2023-01-15 16:00:00,1
3829,Sant Antoni de Portmany_2022,1968,1954,21.640583,20.66890335083008,2023-01-15 17:00:00,1
3830,Sant Antoni de Portmany_2022,1969,1954,20.910555,24.72156524658203,2023-01-15 18:00:00,1
3831,Sant Antoni de Portmany_2022,1970,1954,5.278324,4.7538743019104,2023-01-15 19:00:00,1
3832,Sant Antoni de Portmany_2022,1971,1954,5.209429,4.828481197357178,2023-01-15 20:00:00,1
3833,Sant Antoni de Portmany_2022,1972,1954,17.874504,19.52645874023437,2023-01-16 08:00:00,1
3834,Sant Antoni de Portmany_2022,1973,1954,17.846024,19.089582443237305,2023-01-16 09:00:00,1
3835,Sant Antoni de Portmany_2022,1974,1954,18.24971,22.43254280090332,2023-01-16 10:00:00,1
3836,Sant Antoni de Portmany_2022,1975,1954,18.98727,20.306621551513672,2023-01-16 11:00:00,1
3837,Sant Antoni de Portmany_2022,1976,1954,19.97361,21.72856903076172,2023-01-16 12:00:00,1
3838,Sant Antoni de Portmany_2022,1977,1954,20.666582,21.423274993896484,2023-01-16 13:00:00,1
3839,Sant Antoni de Portmany_2022,1978,1954,20.83493,19.659236907958984,2023-01-16 14:00:00,1
3840,Sant Antoni de Portmany_2022,1979,1954,20.538687,19.349634170532227,2023-01-16 15:00:00,1
3841,Sant Antoni de Portmany_2022,1980,1954,19.8237,18.408912658691406,2023-01-16 17:00:00,1
3842,Sant Antoni de Portmany_2022,1981,1954,20.024975,17.151025772094727,2023-01-16 18:00:00,1
3843,Sant Antoni de Portmany_2022,1982,1954,5.8478775,5.209088802337647,2023-01-16 19:00:00,1
3844,Sant Antoni de Portmany_2022,1983,1954,5.1306973,5.925307273864746,2023-01-16 20:00:00,1
3845,Sant Antoni de Portmany_2022,1984,1954,18.846262,16.638233184814453,2023-01-17 08:00:00,1
3846,Sant Antoni de Portmany_2022,1985,1954,19.2006,16.452556610107422,2023-01-17 09:00:00,1
3847,Sant Antoni de Portmany_2022,1986,1954,19.829418,16.97025489807129,2023-01-17 10:00:00,1
3848,Sant Antoni de Portmany_2022,1987,1954,20.627522,17.75356674194336,2023-01-17 11:00:00,1
3849,Sant Antoni de Portmany_2022,1988,1954,21.466507,17.965736389160156,2023-01-17 12:00:00,1
3850,Sant Antoni de Portmany_2022,1989,1954,21.858795,19.886882781982425,2023-01-17 13:00:00,1
3851,Sant Antoni de Portmany_2022,1990,1954,21.636108,18.593360900878903,2023-01-17 14:00:00,1
3852,Sant Antoni de Portmany_2022,1991,1990,22.082947,19.011476516723636,2023-01-17 15:00:00,1
3853,Sant Antoni de Portmany_2022,1992,1990,21.325817,21.019317626953125,2023-01-17 16:00:00,1
3854,Sant Antoni de Portmany_2022,1993,1990,20.71762,18.444255828857425,2023-01-17 17:00:00,1
3855,Sant Antoni de Portmany_2022,1994,1990,17.50684,17.414066314697266,2023-01-17 18:00:00,1
3856,Sant Antoni de Portmany_2022,1995,1990,5.56417,5.57175350189209,2023-01-17 19:00:00,1
3857,Sant Antoni de Portmany_2022,1996,1990,5.3041406,4.755228042602539,2023-01-17 20:00:00,1
3858,Sant Antoni de Portmany_2022,1997,1990,18.952229,12.482582092285156,2023-01-18 08:00:00,1
3859,Sant Antoni de Portmany_2022,1998,1990,18.708103,13.80321216583252,2023-01-18 09:00:00,1
3860,Sant Antoni de Portmany_2022,1999,1990,18.371498,13.02786350250244,2023-01-18 10:00:00,1
3861,Sant Antoni de Portmany_2022,2000,1990,17.958504,13.360405921936035,2023-01-18 11:00:00,1
3862,Sant Antoni de Portmany_2022,2001,1990,17.85931,13.230703353881836,2023-01-18 12:00:00,1
3863,Sant Antoni de Portmany_2022,2002,1990,18.138315,13.592412948608398,2023-01-18 13:00:00,1
3864,Sant Antoni de Portmany_2022,2003,1990,18.51067,13.670848846435549,2023-01-18 14:00:00,1
3865,Sant Antoni de Portmany_2022,2004,1990,18.697746,13.709075927734377,2023-01-18 15:00:00,1
3866,Sant Antoni de Portmany_2022,2005,1990,18.649614,13.806561470031738,2023-01-18 17:00:00,1
3867,Sant Antoni de Portmany_2022,2006,1990,18.177414,15.59893035888672,2023-01-18 18:00:00,1
3868,Sant Antoni de Portmany_2022,2007,1990,5.314553,4.622570037841797,2023-01-18 19:00:00,1
3869,Sant Antoni de Portmany_2022,2008,1990,5.3928623,4.756875514984131,2023-01-18 20:00:00,1
3870,Sant Antoni de Portmany_2022,2009,1990,19.075844,12.767303466796877,2023-01-19 08:00:00,1
3871,Sant Antoni de Portmany_2022,2010,1990,19.244059,13.456028938293455,2023-01-19 09:00:00,1
3872,Sant Antoni de Portmany_2022,2011,1990,19.183643,12.59173583984375,2023-01-19 10:00:00,1
3873,Sant Antoni de Portmany_2022,2012,1990,19.034336,13.160696029663086,2023-01-19 11:00:00,1
3874,Sant Antoni de Portmany_2022,2013,1990,19.187237,13.135814666748049,2023-01-19 12:00:00,1
3875,Sant Antoni de Portmany_2022,2014,1990,19.605946,13.551019668579102,2023-01-19 13:00:00,1
3876,Sant Antoni de Portmany_2022,2015,1990,19.934696,13.308159828186035,2023-01-19 14:00:00,1
3877,Sant Antoni de Portmany_2022,2016,1990,19.931255,12.49663543701172,2023-01-19 15:00:00,1
3878,Sant Antoni de Portmany_2022,2017,1990,19.661665,12.646684646606444,2023-01-19 16:00:00,1
3879,Sant Antoni de Portmany_2022,2018,1990,19.49659,14.637014389038086,2023-01-19 17:00:00,1
3880,Sant Antoni de Portmany_2022,2019,1990,17.464914,15.059268951416016,2023-01-19 18:00:00,1
3881,Sant Antoni de Portmany_2022,2020,1990,5.5327425,4.421363830566406,2023-01-19 19:00:00,1
3882,Sant Antoni de Portmany_2022,2021,1990,5.4497876,4.477998733520508,2023-01-19 20:00:00,1
3883,Sant Antoni de Portmany_2022,2022,1990,20.275017,13.236716270446776,2023-01-20 08:00:00,1
3884,Sant Antoni de Portmany_2022,2023,1990,20.52538,12.810922622680664,2023-01-20 09:00:00,1
3885,Sant Antoni de Portmany_2022,2024,1990,20.265007,13.866714477539062,2023-01-20 10:00:00,1
3886,Sant Antoni de Portmany_2022,2025,1990,19.727531,13.920076370239258,2023-01-20 11:00:00,1
3887,Sant Antoni de Portmany_2022,2026,1990,19.683685,14.198598861694336,2023-01-20 12:00:00,1
3888,Sant Antoni de Portmany_2022,2027,2026,13.807006,13.60787582397461,2023-01-20 13:00:00,1
3889,Sant Antoni de Portmany_2022,2028,2026,14.573542,13.71786117553711,2023-01-20 14:00:00,1
3890,Sant Antoni de Portmany_2022,2029,2026,14.913515,12.905739784240724,2023-01-20 15:00:00,1
3891,Sant Antoni de Portmany_2022,2030,2026,15.103201,13.329298973083496,2023-01-20 16:00:00,1
3892,Sant Antoni de Portmany_2022,2031,2026,15.525054,12.977265357971191,2023-01-20 17:00:00,1
3893,Sant Antoni de Portmany_2022,2032,2026,14.192483,13.21831512451172,2023-01-20 18:00:00,1
3894,Sant Antoni de Portmany_2022,2033,2026,5.0732174,4.421017169952393,2023-01-20 19:00:00,1
3895,Sant Antoni de Portmany_2022,2034,2026,4.9781294,4.636594772338867,2023-01-20 20:00:00,1
3896,Sant Antoni de Portmany_2022,2035,2026,13.528971,12.410848617553713,2023-01-21 09:00:00,1
3897,Sant Antoni de Portmany_2022,2036,2026,13.885868,12.267457962036133,2023-01-21 10:00:00,1
3898,Sant Antoni de Portmany_2022,2037,2026,14.056313,12.245795249938965,2023-01-21 11:00:00,1
3899,Sant Antoni de Portmany_2022,2038,2026,14.476387,11.666824340820312,2023-01-21 12:00:00,1
3900,Sant Antoni de Portmany_2022,2039,2026,15.126407,13.243305206298828,2023-01-21 13:00:00,1
3901,Sant Antoni de Portmany_2022,2040,2026,15.679661,12.601329803466797,2023-01-21 14:00:00,1
3902,Sant Antoni de Portmany_2022,2041,2026,15.815674,13.380457878112791,2023-01-21 15:00:00,1
3903,Sant Antoni de Portmany_2022,2042,2026,16.232704,12.478919982910156,2023-01-21 17:00:00,1
3904,Sant Antoni de Portmany_2022,2043,2026,15.66246,12.581304550170898,2023-01-21 18:00:00,1
3905,Sant Antoni de Portmany_2022,2044,2026,4.9323425,4.379103183746338,2023-01-21 19:00:00,1
3906,Sant Antoni de Portmany_2022,2045,2026,4.870965,4.447030544281006,2023-01-21 20:00:00,1
3907,Sant Antoni de Portmany_2022,2046,2026,13.088189,12.337236404418944,2023-01-22 08:00:00,1
3908,Sant Antoni de Portmany_2022,2047,2026,13.877104,13.58856964111328,2023-01-22 09:00:00,1
3909,Sant Antoni de Portmany_2022,2048,2026,13.991633,13.406535148620604,2023-01-22 10:00:00,1
3910,Sant Antoni de Portmany_2022,2049,2026,14.105215,12.888147354125977,2023-01-22 11:00:00,1
3911,Sant Antoni de Portmany_2022,2050,2026,14.558602,13.111788749694824,2023-01-22 12:00:00,1
3912,Sant Antoni de Portmany_2022,2051,2026,15.203412,13.915462493896484,2023-01-22 13:00:00,1
3913,Sant Antoni de Portmany_2022,2052,2026,15.741827,12.985137939453123,2023-01-22 14:00:00,1
3914,Sant Antoni de Portmany_2022,2053,2026,15.855142,12.478141784667969,2023-01-22 15:00:00,1
3915,Sant Antoni de Portmany_2022,2054,2026,15.935903,12.299400329589844,2023-01-22 16:00:00,1
3916,Sant Antoni de Portmany_2022,2055,2026,16.245335,12.16374397277832,2023-01-22 17:00:00,1
3917,Sant Antoni de Portmany_2022,2056,2026,13.300507,13.183176040649414,2023-01-22 18:00:00,1
3918,Sant Antoni de Portmany_2022,2057,2026,4.9043536,4.50637674331665,2023-01-22 19:00:00,1
3919,Sant Antoni de Portmany_2022,2058,2026,4.806744,4.425448417663574,2023-01-22 20:00:00,1
3920,Sant Antoni de Portmany_2022,2059,2026,12.67664,14.194849014282228,2023-01-23 08:00:00,1
3921,Sant Antoni de Portmany_2022,2060,2026,13.40216,15.082151412963867,2023-01-23 09:00:00,1
3922,Sant Antoni de Portmany_2022,2061,2026,13.374544,14.731316566467283,2023-01-23 10:00:00,1
3923,Sant Antoni de Portmany_2022,2062,2026,13.380144,19.46028518676757,2023-01-23 11:00:00,1
3924,Sant Antoni de Portmany_2022,2063,2062,14.432976,22.53420639038086,2023-01-23 12:00:00,1
3925,Sant Antoni de Portmany_2022,2064,2062,14.270714,22.05219268798828,2023-01-23 13:00:00,1
3926,Sant Antoni de Portmany_2022,2065,2062,14.040865,22.19271278381348,2023-01-23 14:00:00,1
3927,Sant Antoni de Portmany_2022,2066,2062,13.61668,23.94251251220703,2023-01-23 15:00:00,1
3928,Sant Antoni de Portmany_2022,2067,2062,13.354897,25.178850173950195,2023-01-23 17:00:00,1
3929,Sant Antoni de Portmany_2022,2068,2062,13.373009,23.031475067138672,2023-01-23 18:00:00,1
3930,Sant Antoni de Portmany_2022,2069,2062,4.691666,6.293907165527344,2023-01-23 19:00:00,1
3931,Sant Antoni de Portmany_2022,2070,2062,4.5123115,4.893796443939209,2023-01-23 20:00:00,1
3932,Sant Antoni de Portmany_2022,2071,2062,14.3664,14.765382766723633,2023-01-24 08:00:00,1
3933,Sant Antoni de Portmany_2022,2072,2062,15.0414295,17.457990646362305,2023-01-24 09:00:00,1
3934,Sant Antoni de Portmany_2022,2073,2062,14.689974,16.63936996459961,2023-01-24 10:00:00,1
3935,Sant Antoni de Portmany_2022,2074,2062,14.159708,23.243392944335938,2023-01-24 11:00:00,1
3936,Sant Antoni de Portmany_2022,2075,2062,13.77939,19.99924087524414,2023-01-24 12:00:00,1
3937,Sant Antoni de Portmany_2022,2076,2062,13.773727,23.1833553314209,2023-01-24 13:00:00,1
3938,Sant Antoni de Portmany_2022,2077,2062,13.671377,21.39571189880371,2023-01-24 14:00:00,1
3939,Sant Antoni de Portmany_2022,2078,2062,13.404966,27.632789611816406,2023-01-24 15:00:00,1
3940,Sant Antoni de Portmany_2022,2079,2062,13.173628,25.76868057250977,2023-01-24 16:00:00,1
3941,Sant Antoni de Portmany_2022,2080,2062,13.289066,28.672637939453125,2023-01-24 17:00:00,1
3942,Sant Antoni de Portmany_2022,2081,2062,12.940823,25.899507522583008,2023-01-24 18:00:00,1
3943,Sant Antoni de Portmany_2022,2082,2062,4.600691,4.989558696746826,2023-01-24 19:00:00,1
3944,Sant Antoni de Portmany_2022,2083,2062,4.5974846,4.924227714538574,2023-01-24 20:00:00,1
3945,Sant Antoni de Portmany_2022,2084,2062,14.256115,22.183040618896484,2023-01-25 08:00:00,1
3946,Sant Antoni de Portmany_2022,2085,2062,14.712072,21.89640045166016,2023-01-25 09:00:00,1
3947,Sant Antoni de Portmany_2022,2086,2062,14.265169,20.75263786315918,2023-01-25 10:00:00,1
3948,Sant Antoni de Portmany_2022,2087,2062,13.705933,21.68380546569824,2023-01-25 11:00:00,1
3949,Sant Antoni de Portmany_2022,2088,2062,13.160278,22.86172676086425,2023-01-25 13:00:00,1
3950,Sant Antoni de Portmany_2022,2089,2062,13.300138,21.808656692504883,2023-01-25 14:00:00,1
3951,Sant Antoni de Portmany_2022,2090,2062,13.383356,21.02570343017578,2023-01-25 15:00:00,1
3952,Sant Antoni de Portmany_2022,2091,2062,13.379324,19.22793769836425,2023-01-25 16:00:00,1
3953,Sant Antoni de Portmany_2022,2092,2062,13.516624,23.26763153076172,2023-01-25 17:00:00,1
3954,Sant Antoni de Portmany_2022,2093,2062,13.529079,25.63703155517578,2023-01-25 18:00:00,1
3955,Sant Antoni de Portmany_2022,2094,2062,4.5911703,4.8951826095581055,2023-01-25 19:00:00,1
3956,Sant Antoni de Portmany_2022,2095,2062,4.5701833,4.901819705963135,2023-01-25 20:00:00,1
3957,Sant Antoni de Portmany_2022,2096,2062,12.1357,25.64863586425781,2023-01-26 13:00:00,1
3958,Sant Antoni de Portmany_2022,2097,2062,12.747562,22.858936309814453,2023-01-26 14:00:00,1
3959,Sant Antoni de Portmany_2022,2098,2062,4.295441,4.825689315795898,2023-01-26 20:00:00,1
3960,Sant Antoni de Portmany_2025,3617,3616,4.460181,4.0,2026-01-29 15:00:00,1
3961,Sant Antoni de Portmany_2025,3618,3616,4.201767,4.0,2026-01-29 16:00:00,1
3962,Sant Antoni de Portmany_2025,3619,3616,4.0797367,5.0,2026-01-29 17:00:00,1
3963,Sant Antoni de Portmany_2025,3620,3616,4.178011,5.0,2026-01-29 18:00:00,1
3964,Sant Antoni de Portmany_2025,3621,3616,4.537299,5.0,2026-01-29 19:00:00,1
3965,Sant Antoni de Portmany_2025,3622,3616,4.9298663,5.0,2026-01-29 20:00:00,1
3966,Sant Antoni de Portmany_2025,3623,3616,4.6970677,5.0,2026-01-30 08:00:00,1
3967,Sant Antoni de Portmany_2025,3624,3616,5.03551,6.0,2026-01-30 09:00:00,1
3968,Sant Antoni de Portmany_2025,3625,3616,5.0677996,8.0,2026-01-30 10:00:00,1
3969,Sant Antoni de Portmany_2025,3626,3616,5.169609,6.0,2026-01-30 11:00:00,1
3970,Sant Antoni de Portmany_2025,3627,3616,5.257311,5.0,2026-01-30 12:00:00,1
3971,Sant Antoni de Portmany_2025,3628,3616,5.244557,5.0,2026-01-30 13:00:00,1
3972,Sant Antoni de Portmany_2025,3629,3616,5.094594,7.0,2026-01-30 14:00:00,1
3973,Sant Antoni de Portmany_2025,3630,3616,4.7920003,5.0,2026-01-30 15:00:00,1
3974,Sant Antoni de Portmany_2025,3631,3616,4.272093,6.0,2026-01-30 16:00:00,1
3975,Sant Antoni de Portmany_2025,3632,3616,4.1103215,6.0,2026-01-30 17:00:00,1
3976,Sant Antoni de Portmany_2025,3633,3616,4.235804,5.0,2026-01-30 18:00:00,1
3977,Sant Antoni de Portmany_2025,3634,3616,4.6348705,5.0,2026-01-30 19:00:00,1
3978,Sant Antoni de Portmany_2025,3635,3616,4.98775,5.0,2026-01-30 20:00:00,1
3979,Sant Antoni de Portmany_2025,3636,3616,4.6033764,3.0,2026-01-31 08:00:00,1
3980,Sant Antoni de Portmany_2025,3637,3616,4.8618307,3.0,2026-01-31 09:00:00,1
3981,Sant Antoni de Portmany_2025,3638,3616,4.895884,3.0,2026-01-31 10:00:00,1
3982,Sant Antoni de Portmany_2025,3639,3616,4.999911,3.0,2026-01-31 11:00:00,1
3983,Sant Antoni de Portmany_2025,3640,3616,5.129638,3.0,2026-01-31 12:00:00,1
3984,Sant Antoni de Portmany_2025,3641,3616,5.141975,3.0,2026-01-31 13:00:00,1
3985,Sant Antoni de Portmany_2025,3642,3616,5.0493493,3.0,2026-01-31 14:00:00,1
3986,Sant Antoni de Portmany_2025,3643,3616,4.801896,3.0,2026-01-31 15:00:00,1
3987,Sant Antoni de Portmany_2025,3644,3616,4.287546,3.0,2026-01-31 16:00:00,1
3988,Sant Antoni de Portmany_2025,3645,3616,4.102408,3.0,2026-01-31 17:00:00,1
3989,Sant Antoni de Portmany_2025,3646,3616,4.207474,4.0,2026-01-31 18:00:00,1
3990,Sant Antoni de Portmany_2025,3647,3616,4.602033,4.0,2026-01-31 19:00:00,1
3991,Sant Antoni de Portmany_2025,3648,3616,5.01425,4.0,2026-01-31 20:00:00,1
3992,Sant Antoni de Portmany_2025,3649,3616,4.5699325,3.0,2026-02-01 08:00:00,2
3993,Sant Antoni de Portmany_2025,3650,3616,4.919322,3.0,2026-02-01 09:00:00,2
3994,Sant Antoni de Portmany_2025,3651,3616,4.9759274,4.0,2026-02-01 10:00:00,2
3995,Sant Antoni de Portmany_2025,3652,3616,5.0776696,3.0,2026-02-01 11:00:00,2
3996,Sant Antoni de Portmany_2025,3653,3652,3.9274285,3.0,2026-02-01 12:00:00,2
3997,Sant Antoni de Portmany_2025,3654,3652,3.6452155,4.0,2026-02-01 13:00:00,2
3998,Sant Antoni de Portmany_2025,3655,3652,3.4679432,3.0,2026-02-01 14:00:00,2
3999,Sant Antoni de Portmany_2025,3656,3652,3.385474,3.0,2026-02-01 15:00:00,2
4000,Sant Antoni de Portmany_2025,3657,3652,3.4685557,3.0,2026-02-01 16:00:00,2
4001,Sant Antoni de Portmany_2025,3658,3652,3.9385328,5.0,2026-02-01 17:00:00,2
4002,Sant Antoni de Portmany_2025,3659,3652,4.4823165,4.0,2026-02-01 18:00:00,2
4003,Sant Antoni de Portmany_2025,3660,3652,4.544629,4.0,2026-02-01 19:00:00,2
4004,Sant Antoni de Portmany_2025,3661,3652,4.564098,4.0,2026-02-01 20:00:00,2
4005,Sant Antoni de Portmany_2025,3662,3652,3.9400911,3.0,2026-02-02 08:00:00,2
4006,Sant Antoni de Portmany_2025,3663,3652,4.8721247,4.0,2026-02-02 09:00:00,2
4007,Sant Antoni de Portmany_2025,3664,3652,4.8566318,4.0,2026-02-02 10:00:00,2
4008,Sant Antoni de Portmany_2025,3665,3652,4.3856764,5.0,2026-02-02 11:00:00,2
4009,Sant Antoni de Portmany_2025,3666,3652,3.9963152,4.0,2026-02-02 12:00:00,2
4010,Sant Antoni de Portmany_2025,3667,3652,3.763949,4.0,2026-02-02 13:00:00,2
4011,Sant Antoni de Portmany_2025,3668,3652,3.5875823,4.0,2026-02-02 14:00:00,2
4012,Sant Antoni de Portmany_2025,3669,3652,3.4822764,5.0,2026-02-02 15:00:00,2
4013,Sant Antoni de Portmany_2025,3670,3652,3.5532243,4.0,2026-02-02 16:00:00,2
4014,Sant Antoni de Portmany_2025,3671,3652,4.0102983,6.0,2026-02-02 17:00:00,2
4015,Sant Antoni de Portmany_2025,3672,3652,4.575042,5.0,2026-02-02 18:00:00,2
4016,Sant Antoni de Portmany_2025,3673,3652,4.614875,5.0,2026-02-02 19:00:00,2
4017,Sant Antoni de Portmany_2025,3674,3652,4.618873,5.0,2026-02-02 20:00:00,2
4018,Sant Antoni de Portmany_2025,3675,3652,3.970644,5.0,2026-02-03 08:00:00,2
4019,Sant Antoni de Portmany_2025,3676,3652,4.876051,5.0,2026-02-03 09:00:00,2
4020,Sant Antoni de Portmany_2025,3677,3652,4.8527055,4.0,2026-02-03 10:00:00,2
4021,Sant Antoni de Portmany_2025,3678,3652,4.3709545,4.0,2026-02-03 11:00:00,2
4022,Sant Antoni de Portmany_2025,3679,3652,3.9630136,4.0,2026-02-03 12:00:00,2
4023,Sant Antoni de Portmany_2025,3680,3652,3.691645,4.0,2026-02-03 13:00:00,2
4024,Sant Antoni de Portmany_2025,3681,3652,3.5282362,4.0,2026-02-03 14:00:00,2
4025,Sant Antoni de Portmany_2025,3682,3652,3.4430532,4.0,2026-02-03 15:00:00,2
4026,Sant Antoni de Portmany_2025,3683,3652,3.543521,4.0,2026-02-03 16:00:00,2
4027,Sant Antoni de Portmany_2025,3684,3652,4.0138073,4.0,2026-02-03 17:00:00,2
4028,Sant Antoni de Portmany_2025,3685,3652,4.376073,5.0,2026-02-03 18:00:00,2
4029,Sant Antoni de Portmany_2025,3686,3652,4.434146,5.0,2026-02-03 19:00:00,2
4030,Sant Antoni de Portmany_2025,3687,3652,4.4613647,5.0,2026-02-03 20:00:00,2
4031,Sant Antoni de Portmany_2025,3688,3652,4.32836,4.0,2026-02-04 09:00:00,2
4032,Sant Antoni de Portmany_2025,3689,3688,4.33344,5.0,2026-02-04 10:00:00,2
4033,Sant Antoni de Portmany_2025,3690,3688,4.2152615,5.0,2026-02-04 11:00:00,2
4034,Sant Antoni de Portmany_2025,3691,3688,4.0322375,5.0,2026-02-04 12:00:00,2
4035,Sant Antoni de Portmany_2025,3692,3688,3.9504902,5.0,2026-02-04 13:00:00,2
4036,Sant Antoni de Portmany_2025,3693,3688,3.959329,5.0,2026-02-04 14:00:00,2
4037,Sant Antoni de Portmany_2025,3694,3688,3.9839559,4.0,2026-02-04 15:00:00,2
4038,Sant Antoni de Portmany_2025,3695,3688,4.005199,5.0,2026-02-04 16:00:00,2
4039,Sant Antoni de Portmany_2025,3696,3688,4.1758957,6.0,2026-02-04 17:00:00,2
4040,Sant Antoni de Portmany_2025,3697,3688,4.928596,5.0,2026-02-04 18:00:00,2
4041,Sant Antoni de Portmany_2025,3698,3688,4.682825,5.0,2026-02-04 19:00:00,2
4042,Sant Antoni de Portmany_2025,3699,3688,4.724091,5.0,2026-02-04 20:00:00,2
4043,Sant Antoni de Portmany_2025,3700,3688,4.0372543,6.0,2026-02-05 08:00:00,2
4044,Sant Antoni de Portmany_2025,3701,3688,4.5070496,7.0,2026-02-05 09:00:00,2
4045,Sant Antoni de Portmany_2025,3702,3688,4.5080323,5.0,2026-02-05 10:00:00,2
4046,Sant Antoni de Portmany_2025,3703,3688,4.3533244,5.0,2026-02-05 11:00:00,2
4047,Sant Antoni de Portmany_2025,3704,3688,4.1710243,5.0,2026-02-05 12:00:00,2
4048,Sant Antoni de Portmany_2025,3705,3688,4.0741405,5.0,2026-02-05 13:00:00,2
4049,Sant Antoni de Portmany_2025,3706,3688,4.0762396,4.0,2026-02-05 14:00:00,2
4050,Sant Antoni de Portmany_2025,3707,3688,4.0632267,5.0,2026-02-05 15:00:00,2
4051,Sant Antoni de Portmany_2025,3708,3688,4.046612,5.0,2026-02-05 16:00:00,2
4052,Sant Antoni de Portmany_2025,3709,3688,4.2399664,6.0,2026-02-05 17:00:00,2
4053,Sant Antoni de Portmany_2025,3710,3688,4.988642,5.0,2026-02-05 18:00:00,2
4054,Sant Antoni de Portmany_2025,3711,3688,4.7092285,5.0,2026-02-05 19:00:00,2
4055,Sant Antoni de Portmany_2025,3712,3688,4.7444844,5.0,2026-02-05 20:00:00,2
4056,Sant Antoni de Portmany_2025,3713,3688,3.9669828,5.0,2026-02-06 08:00:00,2
4057,Sant Antoni de Portmany_2025,3714,3688,4.417739,5.0,2026-02-06 09:00:00,2
4058,Sant Antoni de Portmany_2025,3715,3688,4.4139614,5.0,2026-02-06 10:00:00,2
4059,Sant Antoni de Portmany_2025,3716,3688,4.2601833,5.0,2026-02-06 11:00:00,2
4060,Sant Antoni de Portmany_2025,3717,3688,4.0863924,6.0,2026-02-06 12:00:00,2
4061,Sant Antoni de Portmany_2025,3718,3688,3.9945068,5.0,2026-02-06 13:00:00,2
4062,Sant Antoni de Portmany_2025,3719,3688,3.9951282,5.0,2026-02-06 14:00:00,2
4063,Sant Antoni de Portmany_2025,3720,3688,3.9803994,4.0,2026-02-06 15:00:00,2
4064,Sant Antoni de Portmany_2025,3721,3688,3.9777842,6.0,2026-02-06 16:00:00,2
4065,Sant Antoni de Portmany_2025,3722,3688,4.158346,4.0,2026-02-06 17:00:00,2
4066,Sant Antoni de Portmany_2025,3723,3688,4.9021354,5.0,2026-02-06 18:00:00,2
4067,Sant Antoni de Portmany_2025,3724,3688,4.664235,5.0,2026-02-06 19:00:00,2
4068,Sant Antoni de Portmany_2025,3725,3724,4.9808884,5.0,2026-02-06 20:00:00,2
4069,Sant Antoni de Portmany_2025,3726,3724,5.096627,5.0,2026-02-07 08:00:00,2
4070,Sant Antoni de Portmany_2025,3727,3724,5.095569,5.0,2026-02-07 09:00:00,2
4071,Sant Antoni de Portmany_2025,3728,3724,4.928153,5.0,2026-02-07 10:00:00,2
4072,Sant Antoni de Portmany_2025,3729,3724,4.8504024,5.0,2026-02-07 11:00:00,2
4073,Sant Antoni de Portmany_2025,3730,3724,4.8680515,5.0,2026-02-07 12:00:00,2
4074,Sant Antoni de Portmany_2025,3731,3724,4.819521,4.0,2026-02-07 13:00:00,2
4075,Sant Antoni de Portmany_2025,3732,3724,4.71491,5.0,2026-02-07 14:00:00,2
4076,Sant Antoni de Portmany_2025,3733,3724,4.7096343,6.0,2026-02-07 15:00:00,2
4077,Sant Antoni de Portmany_2025,3734,3724,4.8862524,5.0,2026-02-07 16:00:00,2
4078,Sant Antoni de Portmany_2025,3735,3724,4.8971567,6.0,2026-02-07 17:00:00,2
4079,Sant Antoni de Portmany_2025,3736,3724,5.0727944,5.0,2026-02-07 18:00:00,2
4080,Sant Antoni de Portmany_2025,3737,3724,5.1389174,5.0,2026-02-07 19:00:00,2
4081,Sant Antoni de Portmany_2025,3738,3724,5.0431266,5.0,2026-02-07 20:00:00,2
4082,Sant Antoni de Portmany_2025,3739,3724,5.340482,5.0,2026-02-08 08:00:00,2
4083,Sant Antoni de Portmany_2025,3740,3724,5.415093,4.0,2026-02-08 09:00:00,2
4084,Sant Antoni de Portmany_2025,3741,3724,5.1783643,4.0,2026-02-08 10:00:00,2
4085,Sant Antoni de Portmany_2025,3742,3724,5.1137557,4.0,2026-02-08 11:00:00,2
4086,Sant Antoni de Portmany_2025,3743,3724,5.152299,5.0,2026-02-08 12:00:00,2
4087,Sant Antoni de Portmany_2025,3744,3724,5.1061516,5.0,2026-02-08 13:00:00,2
4088,Sant Antoni de Portmany_2025,3745,3724,4.943174,5.0,2026-02-08 14:00:00,2
4089,Sant Antoni de Portmany_2025,3746,3724,4.8997135,5.0,2026-02-08 15:00:00,2
4090,Sant Antoni de Portmany_2025,3747,3724,5.101138,5.0,2026-02-08 16:00:00,2
4091,Sant Antoni de Portmany_2025,3748,3724,5.1403775,4.0,2026-02-08 17:00:00,2
4092,Sant Antoni de Portmany_2025,3749,3724,5.1292543,5.0,2026-02-08 18:00:00,2
4093,Sant Antoni de Portmany_2025,3750,3724,5.2050586,5.0,2026-02-08 19:00:00,2
4094,Sant Antoni de Portmany_2025,3751,3724,5.1096416,5.0,2026-02-08 20:00:00,2
4095,Sant Antoni de Portmany_2025,3752,3724,5.174381,4.0,2026-02-09 08:00:00,2
4096,Sant Antoni de Portmany_2025,3753,3724,5.21442,4.0,2026-02-09 09:00:00,2
4097,Sant Antoni de Portmany_2025,3754,3724,5.03364,5.0,2026-02-09 10:00:00,2
4098,Sant Antoni de Portmany_2025,3755,3724,4.9764485,4.0,2026-02-09 11:00:00,2
4099,Sant Antoni de Portmany_2025,3756,3724,4.9875574,4.0,2026-02-09 12:00:00,2
4100,Sant Antoni de Portmany_2025,3757,3724,4.89915,4.0,2026-02-09 13:00:00,2
4101,Sant Antoni de Portmany_2025,3758,3724,4.7796755,4.0,2026-02-09 14:00:00,2
4102,Sant Antoni de Portmany_2025,3759,3724,4.78401,4.0,2026-02-09 15:00:00,2
4103,Sant Antoni de Portmany_2025,3760,3724,4.965117,5.0,2026-02-09 16:00:00,2
4104,Sant Antoni de Portmany_2025,3761,3760,4.2851477,5.0,2026-02-09 17:00:00,2
4105,Sant Antoni de Portmany_2025,3762,3760,4.7718496,5.0,2026-02-09 18:00:00,2
4106,Sant Antoni de Portmany_2025,3763,3760,4.9551187,5.0,2026-02-09 19:00:00,2
4107,Sant Antoni de Portmany_2025,3764,3760,4.924287,5.0,2026-02-09 20:00:00,2
4108,Sant Antoni de Portmany_2025,3765,3760,4.5531597,6.0,2026-02-10 08:00:00,2
4109,Sant Antoni de Portmany_2025,3766,3760,4.680729,5.0,2026-02-10 09:00:00,2
4110,Sant Antoni de Portmany_2025,3767,3760,4.7140822,4.0,2026-02-10 10:00:00,2
4111,Sant Antoni de Portmany_2025,3768,3760,4.6679554,5.0,2026-02-10 11:00:00,2
4112,Sant Antoni de Portmany_2025,3769,3760,4.570023,5.0,2026-02-10 12:00:00,2
4113,Sant Antoni de Portmany_2025,3770,3760,4.428782,4.0,2026-02-10 13:00:00,2
4114,Sant Antoni de Portmany_2025,3771,3760,4.3259835,5.0,2026-02-10 14:00:00,2
4115,Sant Antoni de Portmany_2025,3772,3760,4.3139124,4.0,2026-02-10 15:00:00,2
4116,Sant Antoni de Portmany_2025,3773,3760,4.424597,4.0,2026-02-10 16:00:00,2
4117,Sant Antoni de Portmany_2025,3774,3760,4.3029027,4.0,2026-02-10 17:00:00,2
4118,Sant Antoni de Portmany_2025,3775,3760,5.0209537,5.0,2026-02-10 18:00:00,2
4119,Sant Antoni de Portmany_2025,3776,3760,5.025005,5.0,2026-02-10 19:00:00,2
4120,Sant Antoni de Portmany_2025,3777,3760,4.954721,4.0,2026-02-10 20:00:00,2
4121,Sant Antoni de Portmany_2025,3778,3760,4.4948683,4.0,2026-02-11 08:00:00,2
4122,Sant Antoni de Portmany_2025,3779,3760,4.6097336,5.0,2026-02-11 09:00:00,2
4123,Sant Antoni de Portmany_2025,3780,3760,4.664781,5.0,2026-02-11 10:00:00,2
4124,Sant Antoni de Portmany_2025,3781,3760,4.6168523,4.0,2026-02-11 11:00:00,2
4125,Sant Antoni de Portmany_2025,3782,3760,4.499906,4.0,2026-02-11 12:00:00,2
4126,Sant Antoni de Portmany_2025,3783,3760,4.3742537,4.0,2026-02-11 13:00:00,2
4127,Sant Antoni de Portmany_2025,3784,3760,4.2951875,4.0,2026-02-11 14:00:00,2
4128,Sant Antoni de Portmany_2025,3785,3760,4.2972198,4.0,2026-02-11 15:00:00,2
4129,Sant Antoni de Portmany_2025,3786,3760,4.4094615,4.0,2026-02-11 16:00:00,2
4130,Sant Antoni de Portmany_2025,3787,3760,4.3034043,6.0,2026-02-11 17:00:00,2
4131,Sant Antoni de Portmany_2025,3788,3760,5.003908,5.0,2026-02-11 18:00:00,2
4132,Sant Antoni de Portmany_2025,3789,3760,5.0358133,5.0,2026-02-11 19:00:00,2
4133,Sant Antoni de Portmany_2025,3790,3760,4.9641576,5.0,2026-02-11 20:00:00,2
4134,Sant Antoni de Portmany_2025,3791,3760,4.493472,3.0,2026-02-12 08:00:00,2
4135,Sant Antoni de Portmany_2025,3792,3760,4.5985427,3.0,2026-02-12 09:00:00,2
4136,Sant Antoni de Portmany_2025,3793,3760,4.650869,3.0,2026-02-12 10:00:00,2
4137,Sant Antoni de Portmany_2025,3794,3760,4.5993958,3.0,2026-02-12 11:00:00,2
4138,Sant Antoni de Portmany_2025,3795,3760,4.4834666,4.0,2026-02-12 12:00:00,2
4139,Sant Antoni de Portmany_2025,3796,3760,4.3576045,4.0,2026-02-12 13:00:00,2
4140,Santa Ponça_2025,29,28,85.17482,70.7747573852539,2025-04-17 15:00:00,4
4141,Santa Ponça_2025,30,28,77.12668,89.06144714355469,2025-04-17 16:00:00,4
4142,Santa Ponça_2025,31,28,77.806435,72.70380401611328,2025-04-17 17:00:00,4
4143,Santa Ponça_2025,32,28,84.34449,105.0160903930664,2025-04-17 18:00:00,4
4144,Santa Ponça_2025,33,28,12.593193,10.187950134277344,2025-04-17 19:00:00,4
4145,Santa Ponça_2025,34,28,11.826036,10.585897445678713,2025-04-17 20:00:00,4
4146,Santa Ponça_2025,35,28,73.16827,55.00798416137695,2025-04-18 08:00:00,4
4147,Santa Ponça_2025,36,28,89.339195,76.30835723876953,2025-04-18 09:00:00,4
4148,Santa Ponça_2025,37,28,96.954605,101.16986846923828,2025-04-18 10:00:00,4
4149,Santa Ponça_2025,38,28,98.630005,111.09894561767578,2025-04-18 11:00:00,4
4150,Santa Ponça_2025,39,28,99.42915,99.535400390625,2025-04-18 12:00:00,4
4151,Santa Ponça_2025,40,28,97.79816,91.45626068115234,2025-04-18 13:00:00,4
4152,Santa Ponça_2025,41,28,91.121605,105.86910247802734,2025-04-18 14:00:00,4
4153,Santa Ponça_2025,42,28,78.44021,93.7379913330078,2025-04-18 15:00:00,4
4154,Santa Ponça_2025,43,28,71.01142,94.09742736816406,2025-04-18 16:00:00,4
4155,Santa Ponça_2025,44,28,74.23529,94.30274963378906,2025-04-18 17:00:00,4
4156,Santa Ponça_2025,45,28,80.932365,79.59886932373047,2025-04-18 18:00:00,4
4157,Santa Ponça_2025,46,28,11.819429,8.167896270751953,2025-04-18 19:00:00,4
4158,Santa Ponça_2025,47,28,11.791561,9.278494834899902,2025-04-18 20:00:00,4
4159,Santa Ponça_2025,48,28,70.44345,77.00247192382812,2025-04-19 08:00:00,4
4160,Santa Ponça_2025,49,28,84.60248,74.27195739746094,2025-04-19 09:00:00,4
4161,Santa Ponça_2025,50,28,92.83397,102.65925598144533,2025-04-19 10:00:00,4
4162,Santa Ponça_2025,51,28,94.97122,102.4320831298828,2025-04-19 11:00:00,4
4163,Santa Ponça_2025,52,28,96.36322,101.80756378173828,2025-04-19 12:00:00,4
4164,Santa Ponça_2025,53,28,96.55348,111.25566864013672,2025-04-19 13:00:00,4
4165,Santa Ponça_2025,54,28,89.41033,92.61131286621094,2025-04-19 14:00:00,4
4166,Santa Ponça_2025,55,28,79.92125,62.53143310546875,2025-04-19 15:00:00,4
4167,Santa Ponça_2025,56,28,72.778435,66.52427673339844,2025-04-19 16:00:00,4
4168,Santa Ponça_2025,57,28,76.221634,93.0086898803711,2025-04-19 17:00:00,4
4169,Santa Ponça_2025,58,28,82.8298,109.54965209960938,2025-04-19 18:00:00,4
4170,Santa Ponça_2025,59,28,11.091202,8.350664138793945,2025-04-19 19:00:00,4
4171,Santa Ponça_2025,60,28,11.091031,9.409581184387209,2025-04-19 20:00:00,4
4172,Santa Ponça_2025,61,28,66.36106,78.17851257324219,2025-04-20 08:00:00,4
4173,Santa Ponça_2025,62,28,81.42966,99.8499984741211,2025-04-20 09:00:00,4
4174,Santa Ponça_2025,63,28,90.39104,125.31340789794922,2025-04-20 10:00:00,4
4175,Santa Ponça_2025,64,28,92.87532,101.27591705322266,2025-04-20 11:00:00,4
4176,Santa Ponça_2025,65,64,105.41016,116.6996841430664,2025-04-20 12:00:00,4
4177,Santa Ponça_2025,66,64,105.55847,96.33648681640624,2025-04-20 13:00:00,4
4178,Santa Ponça_2025,67,64,101.04959,88.21475982666016,2025-04-20 14:00:00,4
4179,Santa Ponça_2025,68,64,96.09839,87.73115539550781,2025-04-20 15:00:00,4
4180,Santa Ponça_2025,69,64,97.70567,93.69780731201172,2025-04-20 16:00:00,4
4181,Santa Ponça_2025,70,64,99.10451,73.8005142211914,2025-04-20 17:00:00,4
4182,Santa Ponça_2025,71,64,102.738754,110.42991638183594,2025-04-20 18:00:00,4
4183,Santa Ponça_2025,72,64,10.031462,12.56655216217041,2025-04-20 19:00:00,4
4184,Santa Ponça_2025,73,64,9.714308,10.534820556640623,2025-04-20 20:00:00,4
4185,Santa Ponça_2025,74,64,69.00733,112.58098602294922,2025-04-21 08:00:00,4
4186,Santa Ponça_2025,75,64,101.32234,162.972412109375,2025-04-24 10:00:00,4
4187,Santa Ponça_2025,76,64,102.06706,139.056396484375,2025-04-24 11:00:00,4
4188,Santa Ponça_2025,77,64,99.91232,150.67823791503906,2025-04-24 12:00:00,4
4189,Santa Ponça_2025,78,64,99.073456,128.10426330566406,2025-04-24 13:00:00,4
4190,Santa Ponça_2025,79,64,95.243,92.58879089355467,2025-04-24 14:00:00,4
4191,Santa Ponça_2025,80,64,90.72215,121.57083129882812,2025-04-24 15:00:00,4
4192,Santa Ponça_2025,81,64,92.53255,88.95445251464844,2025-04-24 16:00:00,4
4193,Santa Ponça_2025,82,64,95.085815,104.05233001708984,2025-04-24 17:00:00,4
4194,Santa Ponça_2025,83,64,100.19859,130.05213928222656,2025-04-24 18:00:00,4
4195,Santa Ponça_2025,84,64,8.912763,14.485782623291016,2025-04-24 19:00:00,4
4196,Santa Ponça_2025,85,64,9.235536,10.439126968383787,2025-04-24 20:00:00,4
4197,Santa Ponça_2025,86,64,70.12918,94.39930725097656,2025-04-25 08:00:00,4
4198,Santa Ponça_2025,87,64,92.36224,110.51292419433594,2025-04-25 09:00:00,4
4199,Santa Ponça_2025,88,64,101.37515,161.28585815429688,2025-04-25 10:00:00,4
4200,Santa Ponça_2025,89,64,100.03917,134.39309692382812,2025-04-25 11:00:00,4
4201,Santa Ponça_2025,90,64,96.867065,116.67448425292967,2025-04-25 12:00:00,4
4202,Santa Ponça_2025,91,64,94.60277,121.4100570678711,2025-04-25 13:00:00,4
4203,Santa Ponça_2025,92,64,91.014114,118.74199676513672,2025-04-25 14:00:00,4
4204,Santa Ponça_2025,93,64,86.4606,122.41741180419922,2025-04-25 15:00:00,4
4205,Santa Ponça_2025,94,64,88.43808,92.21514892578124,2025-04-25 16:00:00,4
4206,Santa Ponça_2025,95,64,91.830185,94.37413024902344,2025-04-25 17:00:00,4
4207,Santa Ponça_2025,96,64,96.44035,115.9500732421875,2025-04-25 18:00:00,4
4208,Santa Ponça_2025,97,64,9.816419,13.936073303222656,2025-04-25 19:00:00,4
4209,Santa Ponça_2025,98,64,9.858001,10.449590682983398,2025-04-25 20:00:00,4
4210,Santa Ponça_2025,99,64,74.387085,74.72509765625,2025-04-26 08:00:00,4
4211,Santa Ponça_2025,100,64,98.551895,88.19756317138672,2025-04-26 09:00:00,4
4212,Santa Ponça_2025,101,100,132.8882,95.12728118896484,2025-04-26 10:00:00,4
4213,Santa Ponça_2025,102,100,127.260826,75.86163330078125,2025-04-26 11:00:00,4
4214,Santa Ponça_2025,103,100,119.223915,123.64085388183594,2025-04-26 12:00:00,4
4215,Santa Ponça_2025,104,100,114.718605,108.12091064453124,2025-04-26 13:00:00,4
4216,Santa Ponça_2025,105,100,112.68169,134.2846221923828,2025-04-26 14:00:00,4
4217,Santa Ponça_2025,106,100,110.43574,133.26296997070312,2025-04-26 15:00:00,4
4218,Santa Ponça_2025,107,100,105.0156,117.3606948852539,2025-04-26 16:00:00,4
4219,Santa Ponça_2025,108,100,108.15335,85.25825500488281,2025-04-26 17:00:00,4
4220,Santa Ponça_2025,109,100,126.50892,102.08753967285156,2025-04-26 18:00:00,4
4221,Santa Ponça_2025,110,100,11.742456,18.48824882507324,2025-04-26 19:00:00,4
4222,Santa Ponça_2025,111,100,10.153223,9.743764877319336,2025-04-26 20:00:00,4
4223,Santa Ponça_2025,112,100,90.37176,107.7462158203125,2025-04-27 08:00:00,4
4224,Santa Ponça_2025,113,100,127.614655,65.9118881225586,2025-04-27 09:00:00,4
4225,Santa Ponça_2025,114,100,144.76727,77.25106048583984,2025-04-27 10:00:00,4
4226,Santa Ponça_2025,115,100,141.05144,138.7972412109375,2025-04-27 11:00:00,4
4227,Santa Ponça_2025,116,100,132.58624,137.61508178710938,2025-04-27 12:00:00,4
4228,Santa Ponça_2025,117,100,127.445755,137.84957885742188,2025-04-27 13:00:00,4
4229,Santa Ponça_2025,118,100,122.77577,122.46636962890624,2025-04-27 14:00:00,4
4230,Santa Ponça_2025,119,100,119.45247,114.59288787841795,2025-04-27 15:00:00,4
4231,Santa Ponça_2025,120,100,112.57417,119.15921020507812,2025-04-27 16:00:00,4
4232,Santa Ponça_2025,121,100,113.39613,88.21678161621094,2025-04-27 17:00:00,4
4233,Santa Ponça_2025,122,100,128.19746,107.44176483154295,2025-04-27 18:00:00,4
4234,Santa Ponça_2025,123,100,11.398018,21.33598899841309,2025-04-27 19:00:00,4
4235,Santa Ponça_2025,124,100,10.407782,10.434104919433594,2025-04-27 20:00:00,4
4236,Santa Ponça_2025,125,100,91.7088,75.17759704589844,2025-04-28 08:00:00,4
4237,Santa Ponça_2025,126,100,123.87644,67.98904418945312,2025-04-28 09:00:00,4
4238,Santa Ponça_2025,127,100,137.56464,96.08135223388672,2025-04-28 10:00:00,4
4239,Santa Ponça_2025,128,100,131.75494,79.4567642211914,2025-04-28 11:00:00,4
4240,Santa Ponça_2025,129,100,123.72122,58.87180709838867,2025-04-28 12:00:00,4
4241,Santa Ponça_2025,130,100,117.46157,99.414794921875,2025-04-28 13:00:00,4
4242,Santa Ponça_2025,131,100,114.77022,109.19367218017578,2025-04-28 14:00:00,4
4243,Santa Ponça_2025,132,100,109.38227,116.6431121826172,2025-04-28 15:00:00,4
4244,Santa Ponça_2025,133,100,102.62469,93.15342712402344,2025-04-28 16:00:00,4
4245,Santa Ponça_2025,134,100,105.52702,73.26578521728516,2025-04-28 17:00:00,4
4246,Santa Ponça_2025,135,100,122.70248,121.91740417480467,2025-04-28 18:00:00,4
4247,Santa Ponça_2025,136,100,11.328765,61.86814880371094,2025-04-28 19:00:00,4
4248,Santa Ponça_2025,137,136,13.343116,12.436249732971191,2025-04-28 20:00:00,4
4249,Santa Ponça_2025,138,136,81.2014,96.89254760742188,2025-04-29 08:00:00,4
4250,Santa Ponça_2025,139,136,88.146416,129.735595703125,2025-04-29 09:00:00,4
4251,Santa Ponça_2025,140,136,97.25956,167.654052734375,2025-04-29 10:00:00,4
4252,Santa Ponça_2025,141,136,104.92802,182.4132232666016,2025-04-29 11:00:00,4
4253,Santa Ponça_2025,142,136,107.80955,139.5513153076172,2025-04-29 12:00:00,4
4254,Santa Ponça_2025,143,136,111.20473,128.26304626464844,2025-04-29 13:00:00,4
4255,Santa Ponça_2025,144,136,115.22714,129.0,2025-04-29 14:00:00,4
4256,Santa Ponça_2025,145,136,114.61069,105.0,2025-04-29 15:00:00,4
4257,Santa Ponça_2025,146,136,102.13843,104.0,2025-04-29 16:00:00,4
4258,Santa Ponça_2025,147,136,94.57563,90.0,2025-04-29 17:00:00,4
4259,Santa Ponça_2025,148,136,106.907,82.0,2025-04-29 18:00:00,4
4260,Santa Ponça_2025,149,136,16.993069,21.0,2025-04-29 19:00:00,4
4261,Santa Ponça_2025,150,136,11.175835,10.0,2025-04-29 20:00:00,4
4262,Santa Ponça_2025,151,136,79.67537,117.0,2025-04-30 08:00:00,4
4263,Santa Ponça_2025,152,136,89.77211,112.0,2025-04-30 09:00:00,4
4264,Santa Ponça_2025,153,136,101.03829,130.0,2025-04-30 10:00:00,4
4265,Santa Ponça_2025,154,136,108.982834,118.0,2025-04-30 11:00:00,4
4266,Santa Ponça_2025,155,136,113.0965,95.0,2025-04-30 12:00:00,4
4267,Santa Ponça_2025,156,136,118.86381,120.0,2025-04-30 13:00:00,4
4268,Santa Ponça_2025,157,136,123.72882,130.0,2025-04-30 14:00:00,4
4269,Santa Ponça_2025,158,136,121.69328,121.0,2025-04-30 15:00:00,4
4270,Santa Ponça_2025,159,136,106.56277,92.0,2025-04-30 16:00:00,4
4271,Santa Ponça_2025,160,136,97.509995,86.0,2025-04-30 17:00:00,4
4272,Santa Ponça_2025,161,136,109.14093,69.0,2025-04-30 18:00:00,4
4273,Santa Ponça_2025,162,136,16.864908,17.0,2025-04-30 19:00:00,4
4274,Santa Ponça_2025,163,136,11.274368,11.0,2025-04-30 20:00:00,4
4275,Santa Ponça_2025,164,136,81.03764,67.0,2025-05-01 08:00:00,5
4276,Santa Ponça_2025,165,136,90.975975,70.0,2025-05-01 09:00:00,5
4277,Santa Ponça_2025,166,136,103.10369,128.0,2025-05-01 10:00:00,5
4278,Santa Ponça_2025,167,136,110.33351,116.0,2025-05-01 11:00:00,5
4279,Santa Ponça_2025,168,136,113.80442,116.0,2025-05-01 12:00:00,5
4280,Santa Ponça_2025,169,136,118.70229,116.0,2025-05-01 13:00:00,5
4281,Santa Ponça_2025,170,136,122.90096,116.0,2025-05-01 14:00:00,5
4282,Santa Ponça_2025,171,136,120.60949,116.0,2025-05-01 15:00:00,5
4283,Santa Ponça_2025,172,136,105.78872,116.0,2025-05-01 16:00:00,5
4284,Son Serra de Marina_2022,2332,2331,27.805107,30.67532730102539,2023-01-11 16:00:00,1
4285,Son Serra de Marina_2022,2333,2331,28.883919,30.572229385375977,2023-01-11 17:00:00,1
4286,Son Serra de Marina_2022,2334,2331,29.270733,27.645984649658203,2023-01-11 18:00:00,1
4287,Son Serra de Marina_2022,2335,2331,15.074931,14.637063026428224,2023-01-11 19:00:00,1
4288,Son Serra de Marina_2022,2336,2331,15.046751,14.715136528015137,2023-01-11 20:00:00,1
4289,Son Serra de Marina_2022,2337,2331,25.568796,22.509801864624023,2023-01-12 08:00:00,1
4290,Son Serra de Marina_2022,2338,2331,25.663433,28.91908073425293,2023-01-12 09:00:00,1
4291,Son Serra de Marina_2022,2339,2331,25.617603,25.32027816772461,2023-01-12 10:00:00,1
4292,Son Serra de Marina_2022,2340,2331,25.692175,26.862117767333984,2023-01-12 11:00:00,1
4293,Son Serra de Marina_2022,2341,2331,26.12239,26.099084854125977,2023-01-12 12:00:00,1
4294,Son Serra de Marina_2022,2342,2331,26.695704,27.68285369873047,2023-01-12 13:00:00,1
4295,Son Serra de Marina_2022,2343,2331,27.096794,25.650279998779297,2023-01-12 14:00:00,1
4296,Son Serra de Marina_2022,2344,2331,27.264816,28.76803398132324,2023-01-12 15:00:00,1
4297,Son Serra de Marina_2022,2345,2331,27.956085,27.537729263305664,2023-01-12 16:00:00,1
4298,Son Serra de Marina_2022,2346,2331,29.306953,32.31880569458008,2023-01-12 17:00:00,1
4299,Son Serra de Marina_2022,2347,2331,28.889318,31.544214248657227,2023-01-12 18:00:00,1
4300,Son Serra de Marina_2022,2348,2331,15.173212,13.971981048583984,2023-01-12 19:00:00,1
4301,Son Serra de Marina_2022,2349,2331,15.037362,13.306612014770508,2023-01-12 20:00:00,1
4302,Son Serra de Marina_2022,2350,2331,25.889652,26.346311569213867,2023-01-13 08:00:00,1
4303,Son Serra de Marina_2022,2351,2331,25.983303,21.35754776000977,2023-01-13 09:00:00,1
4304,Son Serra de Marina_2022,2352,2331,25.964329,24.47141456604004,2023-01-13 10:00:00,1
4305,Son Serra de Marina_2022,2353,2331,25.899708,21.691041946411133,2023-01-13 11:00:00,1
4306,Son Serra de Marina_2022,2354,2331,26.158388,26.906126022338867,2023-01-13 12:00:00,1
4307,Son Serra de Marina_2022,2355,2331,26.648664,25.833919525146484,2023-01-13 13:00:00,1
4308,Son Serra de Marina_2022,2356,2331,26.992668,24.54601669311523,2023-01-13 14:00:00,1
4309,Son Serra de Marina_2022,2357,2331,27.07896,27.10163116455078,2023-01-13 15:00:00,1
4310,Son Serra de Marina_2022,2358,2331,27.710674,24.92544174194336,2023-01-13 16:00:00,1
4311,Son Serra de Marina_2022,2359,2331,29.083244,29.78687858581543,2023-01-13 17:00:00,1
4312,Son Serra de Marina_2022,2360,2331,29.012253,27.776287078857425,2023-01-13 18:00:00,1
4313,Son Serra de Marina_2022,2361,2331,15.217584,15.70547103881836,2023-01-13 19:00:00,1
4314,Son Serra de Marina_2022,2362,2331,15.16137,14.248417854309082,2023-01-13 20:00:00,1
4315,Son Serra de Marina_2022,2363,2331,25.297771,33.18360900878906,2023-01-14 08:00:00,1
4316,Son Serra de Marina_2022,2364,2331,25.383244,28.94924736022949,2023-01-14 09:00:00,1
4317,Son Serra de Marina_2022,2365,2331,25.47819,26.34136199951172,2023-01-14 10:00:00,1
4318,Son Serra de Marina_2022,2366,2331,25.898453,21.45925521850586,2023-01-14 11:00:00,1
4319,Son Serra de Marina_2022,2367,2331,26.556171,27.616987228393555,2023-01-14 12:00:00,1
4320,Son Serra de Marina_2022,2368,2367,27.23008,25.5217399597168,2023-01-14 13:00:00,1
4321,Son Serra de Marina_2022,2369,2367,27.906225,29.647560119628903,2023-01-14 14:00:00,1
4322,Son Serra de Marina_2022,2370,2367,28.31588,29.87313461303711,2023-01-14 15:00:00,1
4323,Son Serra de Marina_2022,2371,2367,29.030418,32.519187927246094,2023-01-14 16:00:00,1
4324,Son Serra de Marina_2022,2372,2367,30.217743,35.53754425048828,2023-01-14 17:00:00,1
4325,Son Serra de Marina_2022,2373,2367,29.293888,27.48803329467773,2023-01-14 18:00:00,1
4326,Son Serra de Marina_2022,2374,2367,14.558065,14.75222396850586,2023-01-14 19:00:00,1
4327,Son Serra de Marina_2022,2375,2367,14.102444,15.094018936157228,2023-01-14 20:00:00,1
4328,Son Serra de Marina_2022,2376,2367,26.399128,25.08308792114257,2023-01-15 08:00:00,1
4329,Son Serra de Marina_2022,2377,2367,26.045647,22.868820190429688,2023-01-15 09:00:00,1
4330,Son Serra de Marina_2022,2378,2367,26.39325,28.80455207824707,2023-01-15 10:00:00,1
4331,Son Serra de Marina_2022,2379,2367,27.009909,25.850357055664062,2023-01-15 11:00:00,1
4332,Son Serra de Marina_2022,2380,2367,28.051235,36.969017028808594,2023-01-15 12:00:00,1
4333,Son Serra de Marina_2022,2381,2367,28.945526,31.328311920166016,2023-01-15 13:00:00,1
4334,Son Serra de Marina_2022,2382,2367,29.244522,34.768611907958984,2023-01-15 14:00:00,1
4335,Son Serra de Marina_2022,2383,2367,29.277428,29.857723236083984,2023-01-15 15:00:00,1
4336,Son Serra de Marina_2022,2384,2367,29.778145,36.79884338378906,2023-01-15 16:00:00,1
4337,Son Serra de Marina_2022,2385,2367,30.735914,34.857635498046875,2023-01-15 17:00:00,1
4338,Son Serra de Marina_2022,2386,2367,29.55253,28.13759994506836,2023-01-15 18:00:00,1
4339,Son Serra de Marina_2022,2387,2367,14.590067,15.780717849731444,2023-01-15 19:00:00,1
4340,Son Serra de Marina_2022,2388,2367,14.081947,17.589340209960938,2023-01-15 20:00:00,1
4341,Son Serra de Marina_2022,2389,2367,24.512432,27.688404083251957,2023-01-16 08:00:00,1
4342,Son Serra de Marina_2022,2390,2367,23.979328,22.760120391845703,2023-01-16 09:00:00,1
4343,Son Serra de Marina_2022,2391,2367,23.84989,26.39234161376953,2023-01-16 10:00:00,1
4344,Son Serra de Marina_2022,2392,2367,24.090235,26.98946762084961,2023-01-16 11:00:00,1
4345,Son Serra de Marina_2022,2393,2367,24.699604,24.83990478515625,2023-01-16 12:00:00,1
4346,Son Serra de Marina_2022,2394,2367,25.381311,26.984790802001957,2023-01-16 13:00:00,1
4347,Son Serra de Marina_2022,2395,2367,25.896637,24.603269577026367,2023-01-16 14:00:00,1
4348,Son Serra de Marina_2022,2396,2367,26.409847,25.08565139770508,2023-01-16 15:00:00,1
4349,Son Serra de Marina_2022,2397,2367,27.510998,28.41136932373047,2023-01-16 16:00:00,1
4350,Son Serra de Marina_2022,2398,2367,28.886742,28.383678436279297,2023-01-16 17:00:00,1
4351,Son Serra de Marina_2022,2399,2367,28.188797,25.1028995513916,2023-01-16 18:00:00,1
4352,Son Serra de Marina_2022,2400,2367,14.630498,15.200315475463867,2023-01-16 19:00:00,1
4353,Son Serra de Marina_2022,2401,2367,14.117932,14.387840270996094,2023-01-16 20:00:00,1
4354,Son Serra de Marina_2022,2402,2367,25.505886,23.477222442626957,2023-01-17 08:00:00,1
4355,Son Serra de Marina_2022,2403,2367,24.792728,26.33798217773437,2023-01-17 09:00:00,1
4356,Son Serra de Marina_2022,2404,2403,27.42833,25.69784545898437,2023-01-17 10:00:00,1
4357,Son Serra de Marina_2022,2405,2403,28.336079,29.05867576599121,2023-01-17 11:00:00,1
4358,Son Serra de Marina_2022,2406,2403,28.653498,22.12516593933105,2023-01-17 12:00:00,1
4359,Son Serra de Marina_2022,2407,2403,28.934776,25.32381820678711,2023-01-17 13:00:00,1
4360,Son Serra de Marina_2022,2408,2403,29.137259,37.534210205078125,2023-01-17 14:00:00,1
4361,Son Serra de Marina_2022,2409,2403,29.48197,26.54331970214844,2023-01-17 15:00:00,1
4362,Son Serra de Marina_2022,2410,2403,29.986526,28.237924575805664,2023-01-17 16:00:00,1
4363,Son Serra de Marina_2022,2411,2403,29.444847,25.360069274902344,2023-01-17 17:00:00,1
4364,Son Serra de Marina_2022,2412,2403,26.623425,29.556968688964844,2023-01-17 18:00:00,1
4365,Son Serra de Marina_2022,2413,2403,15.344201,15.509042739868164,2023-01-17 19:00:00,1
4366,Son Serra de Marina_2022,2414,2403,15.240524,14.92954921722412,2023-01-17 20:00:00,1
4367,Son Serra de Marina_2022,2415,2403,26.250364,23.375036239624023,2023-01-18 08:00:00,1
4368,Son Serra de Marina_2022,2416,2403,24.931686,25.613964080810547,2023-01-18 09:00:00,1
4369,Son Serra de Marina_2022,2417,2403,25.417986,30.74017333984375,2023-01-18 10:00:00,1
4370,Son Serra de Marina_2022,2418,2403,26.055235,30.89261054992676,2023-01-18 11:00:00,1
4371,Son Serra de Marina_2022,2419,2403,26.307243,27.982563018798828,2023-01-18 12:00:00,1
4372,Son Serra de Marina_2022,2420,2403,26.550625,27.30438041687012,2023-01-18 13:00:00,1
4373,Son Serra de Marina_2022,2421,2403,26.804161,25.78252220153809,2023-01-18 14:00:00,1
4374,Son Serra de Marina_2022,2422,2403,27.34928,28.974029541015625,2023-01-18 15:00:00,1
4375,Son Serra de Marina_2022,2423,2403,28.06596,28.27372360229492,2023-01-18 16:00:00,1
4376,Son Serra de Marina_2022,2424,2403,27.474964,24.45185089111328,2023-01-18 17:00:00,1
4377,Son Serra de Marina_2022,2425,2403,24.15617,25.297914505004883,2023-01-18 18:00:00,1
4378,Son Serra de Marina_2022,2426,2403,15.156142,14.640108108520508,2023-01-18 19:00:00,1
4379,Son Serra de Marina_2022,2427,2403,15.077105,14.83250617980957,2023-01-18 20:00:00,1
4380,Son Serra de Marina_2022,2428,2403,26.560303,22.47997665405273,2023-01-19 08:00:00,1
4381,Son Serra de Marina_2022,2429,2403,25.534245,27.460697174072266,2023-01-19 09:00:00,1
4382,Son Serra de Marina_2022,2430,2403,26.160397,26.24654006958008,2023-01-19 10:00:00,1
4383,Son Serra de Marina_2022,2431,2403,26.94814,27.574533462524418,2023-01-19 11:00:00,1
4384,Son Serra de Marina_2022,2432,2403,27.411465,33.34333801269531,2023-01-19 12:00:00,1
4385,Son Serra de Marina_2022,2433,2403,27.763493,30.168701171875,2023-01-19 13:00:00,1
4386,Son Serra de Marina_2022,2434,2403,28.100664,33.16191101074219,2023-01-19 14:00:00,1
4387,Son Serra de Marina_2022,2435,2403,28.710732,32.057979583740234,2023-01-19 15:00:00,1
4388,Son Serra de Marina_2022,2436,2403,29.583672,27.851137161254883,2023-01-19 16:00:00,1
4389,Son Serra de Marina_2022,2437,2403,29.190817,33.55987548828125,2023-01-19 17:00:00,1
4390,Son Serra de Marina_2022,2438,2403,26.686493,24.43192672729492,2023-01-19 18:00:00,1
4391,Son Serra de Marina_2022,2439,2403,15.410583,15.615680694580078,2023-01-19 19:00:00,1
4392,Son Serra de Marina_2022,2440,2439,14.9594345,14.740633964538574,2023-01-19 20:00:00,1
4393,Son Serra de Marina_2022,2441,2439,23.86984,26.44421005249023,2023-01-20 08:00:00,1
4394,Son Serra de Marina_2022,2442,2439,26.402767,26.488815307617188,2023-01-20 09:00:00,1
4395,Son Serra de Marina_2022,2443,2439,27.517208,31.17877578735352,2023-01-20 10:00:00,1
4396,Son Serra de Marina_2022,2444,2439,28.047825,29.61538887023925,2023-01-20 11:00:00,1
4397,Son Serra de Marina_2022,2445,2439,28.489046,31.77520751953125,2023-01-20 12:00:00,1
4398,Son Serra de Marina_2022,2446,2439,28.985008,25.23666381835937,2023-01-20 13:00:00,1
4399,Son Serra de Marina_2022,2447,2439,29.15785,29.243349075317383,2023-01-20 14:00:00,1
4400,Son Serra de Marina_2022,2448,2439,29.154287,24.80390930175781,2023-01-20 15:00:00,1
4401,Son Serra de Marina_2022,2449,2439,29.012789,29.31806945800781,2023-01-20 16:00:00,1
4402,Son Serra de Marina_2022,2450,2439,27.88015,26.404088973999023,2023-01-20 17:00:00,1
4403,Son Serra de Marina_2022,2451,2439,25.448925,27.437612533569336,2023-01-20 18:00:00,1
4404,Son Serra de Marina_2022,2452,2439,15.419339,18.250144958496097,2023-01-20 19:00:00,1
4405,Son Serra de Marina_2022,2453,2439,15.081035,18.707653045654297,2023-01-20 20:00:00,1
4406,Son Serra de Marina_2022,2454,2439,23.971943,27.569692611694336,2023-01-21 08:00:00,1
4407,Son Serra de Marina_2022,2455,2439,26.76476,25.364044189453125,2023-01-21 09:00:00,1
4408,Son Serra de Marina_2022,2456,2439,27.767221,32.69234848022461,2023-01-21 10:00:00,1
4409,Son Serra de Marina_2022,2457,2439,28.15088,32.86749267578125,2023-01-21 11:00:00,1
4410,Son Serra de Marina_2022,2458,2439,28.46891,31.69085693359375,2023-01-21 12:00:00,1
4411,Son Serra de Marina_2022,2459,2439,28.860117,30.876604080200195,2023-01-21 13:00:00,1
4412,Son Serra de Marina_2022,2460,2439,29.14096,39.2915267944336,2023-01-21 14:00:00,1
4413,Son Serra de Marina_2022,2461,2439,29.33154,32.4444580078125,2023-01-21 15:00:00,1
4414,Son Serra de Marina_2022,2462,2439,29.406902,34.65920639038086,2023-01-21 16:00:00,1
4415,Son Serra de Marina_2022,2463,2439,28.480328,33.921730041503906,2023-01-21 17:00:00,1
4416,Son Serra de Marina_2022,2464,2439,26.263943,29.09434127807617,2023-01-21 18:00:00,1
4417,Son Serra de Marina_2022,2465,2439,15.409614,16.530426025390625,2023-01-21 19:00:00,1
4418,Son Serra de Marina_2022,2466,2439,14.995154,16.57596206665039,2023-01-21 20:00:00,1
4419,Son Serra de Marina_2022,2467,2439,23.724495,30.0623836517334,2023-01-22 08:00:00,1
4420,Son Serra de Marina_2022,2468,2439,26.511333,33.44469451904297,2023-01-22 09:00:00,1
4421,Son Serra de Marina_2022,2469,2439,27.562096,31.03904914855957,2023-01-22 10:00:00,1
4422,Son Serra de Marina_2022,2470,2439,28.174671,31.159971237182617,2023-01-22 11:00:00,1
4423,Son Serra de Marina_2022,2471,2439,28.77793,31.662010192871097,2023-01-22 12:00:00,1
4424,Son Serra de Marina_2022,2472,2439,29.451715,30.642581939697266,2023-01-22 13:00:00,1
4425,Son Serra de Marina_2022,2473,2439,29.83877,36.3993034362793,2023-01-22 14:00:00,1
4426,Son Serra de Marina_2022,2474,2439,29.855686,26.532489776611328,2023-01-22 15:00:00,1
4427,Son Serra de Marina_2022,2475,2439,29.749474,29.448951721191406,2023-01-22 16:00:00,1
4428,Son Serra de Marina_2022,2476,2475,29.344883,27.055213928222656,2023-01-22 17:00:00,1
4429,Son Serra de Marina_2022,2477,2475,27.004484,23.86867904663086,2023-01-22 18:00:00,1
4430,Son Serra de Marina_2022,2478,2475,16.2017,15.71151638031006,2023-01-22 19:00:00,1
4431,Son Serra de Marina_2022,2479,2475,15.983765,16.729408264160156,2023-01-22 20:00:00,1
4432,Son Serra de Marina_2022,2480,2475,25.363338,24.621915817260746,2023-01-23 08:00:00,1
4433,Son Serra de Marina_2022,2481,2475,27.362392,25.01021194458008,2023-01-23 09:00:00,1
4434,Son Serra de Marina_2022,2482,2475,28.64246,23.97031784057617,2023-01-23 10:00:00,1
4435,Son Serra de Marina_2022,2483,2475,29.25563,28.233943939208984,2023-01-23 11:00:00,1
4436,Son Serra de Marina_2022,2484,2475,29.576817,23.29857635498047,2023-01-23 12:00:00,1
4437,Son Serra de Marina_2022,2485,2475,29.995787,23.47209930419922,2023-01-23 13:00:00,1
4438,Son Serra de Marina_2022,2486,2475,30.259098,24.299789428710938,2023-01-23 14:00:00,1
4439,Son Serra de Marina_2022,2487,2475,30.159214,26.321102142333984,2023-01-23 15:00:00,1
4440,Son Serra de Marina_2022,2488,2475,29.91745,27.1207275390625,2023-01-23 16:00:00,1
4441,Son Serra de Marina_2022,2489,2475,28.429022,25.52061653137207,2023-01-23 17:00:00,1
4442,Son Serra de Marina_2022,2490,2475,25.74849,24.47472381591797,2023-01-23 18:00:00,1
4443,Son Serra de Marina_2022,2491,2475,16.45974,16.750625610351562,2023-01-23 19:00:00,1
4444,Son Serra de Marina_2022,2492,2475,16.477482,16.344423294067383,2023-01-23 20:00:00,1
4445,Son Serra de Marina_2022,2493,2475,26.400656,28.86003875732422,2023-01-24 08:00:00,1
4446,Son Serra de Marina_2022,2494,2475,28.268959,28.46206283569336,2023-01-24 09:00:00,1
4447,Son Serra de Marina_2022,2495,2475,29.601402,33.237937927246094,2023-01-24 10:00:00,1
4448,Son Serra de Marina_2022,2496,2475,29.90556,30.69287109375,2023-01-24 11:00:00,1
4449,Son Serra de Marina_2022,2497,2475,29.972847,24.42094612121582,2023-01-24 12:00:00,1
4450,Son Serra de Marina_2022,2498,2475,30.229975,27.69845962524414,2023-01-24 13:00:00,1
4451,Son Serra de Marina_2022,2499,2475,30.434025,28.60553550720215,2023-01-24 14:00:00,1
4452,Son Serra de Marina_2022,2500,2475,30.355581,25.665599822998047,2023-01-24 15:00:00,1
4453,Son Serra de Marina_2022,2501,2475,30.198566,25.60391616821289,2023-01-24 16:00:00,1
4454,Son Serra de Marina_2022,2502,2475,28.817337,23.70735549926757,2023-01-24 17:00:00,1
4455,Son Serra de Marina_2022,2503,2475,26.387383,22.048072814941406,2023-01-24 18:00:00,1
4456,Son Serra de Marina_2022,2504,2475,16.423044,17.882061004638672,2023-01-24 19:00:00,1
4457,Son Serra de Marina_2022,2505,2475,16.407217,17.351219177246094,2023-01-24 20:00:00,1
4458,Son Serra de Marina_2022,2506,2475,26.548721,20.918237686157227,2023-01-25 08:00:00,1
4459,Son Serra de Marina_2022,2507,2475,30.13013,24.186199188232425,2023-01-25 13:00:00,1
4460,Son Serra de Marina_2022,2508,2475,30.384434,23.391685485839844,2023-01-25 14:00:00,1
4461,Son Serra de Marina_2022,2509,2475,30.784363,25.344802856445312,2023-01-25 16:00:00,1
4462,Son Serra de Marina_2022,2510,2475,29.667248,28.303543090820312,2023-01-25 17:00:00,1
4463,Son Serra de Marina_2022,2511,2475,17.151161,14.871545791625977,2023-01-25 20:00:00,1
4464,Son Serra de Marina_2025,3587,3586,6.773471,6.0,2026-01-29 16:00:00,1
4465,Son Serra de Marina_2025,3588,3586,5.4211507,7.0,2026-01-29 17:00:00,1
4466,Son Serra de Marina_2025,3589,3586,5.0604973,3.0,2026-01-29 18:00:00,1
4467,Son Serra de Marina_2025,3590,3586,4.974343,2.0,2026-01-29 19:00:00,1
4468,Son Serra de Marina_2025,3591,3586,3.8647563,2.0,2026-01-29 20:00:00,1
4469,Son Serra de Marina_2025,3592,3586,6.1032367,2.0,2026-01-30 08:00:00,1
4470,Son Serra de Marina_2025,3593,3586,9.815077,11.0,2026-01-30 09:00:00,1
4471,Son Serra de Marina_2025,3594,3586,10.318716,9.0,2026-01-30 10:00:00,1
4472,Son Serra de Marina_2025,3595,3586,10.331854,9.0,2026-01-30 11:00:00,1
4473,Son Serra de Marina_2025,3596,3586,10.466027,10.0,2026-01-30 12:00:00,1
4474,Son Serra de Marina_2025,3597,3586,10.011375,8.0,2026-01-30 13:00:00,1
4475,Son Serra de Marina_2025,3598,3586,8.419475,17.0,2026-01-30 14:00:00,1
4476,Son Serra de Marina_2025,3599,3586,6.9740095,9.0,2026-01-30 15:00:00,1
4477,Son Serra de Marina_2025,3600,3586,6.336226,7.0,2026-01-30 16:00:00,1
4478,Son Serra de Marina_2025,3601,3586,5.123207,7.0,2026-01-30 17:00:00,1
4479,Son Serra de Marina_2025,3602,3586,5.082076,6.0,2026-01-30 18:00:00,1
4480,Son Serra de Marina_2025,3603,3586,4.8121843,7.0,2026-01-30 19:00:00,1
4481,Son Serra de Marina_2025,3604,3586,3.8226647,3.0,2026-01-30 20:00:00,1
4482,Son Serra de Marina_2025,3605,3586,4.8356504,6.0,2026-01-31 08:00:00,1
4483,Son Serra de Marina_2025,3606,3586,7.4615855,8.0,2026-01-31 09:00:00,1
4484,Son Serra de Marina_2025,3607,3586,8.392098,6.0,2026-01-31 10:00:00,1
4485,Son Serra de Marina_2025,3608,3586,8.404791,8.0,2026-01-31 11:00:00,1
4486,Son Serra de Marina_2025,3609,3586,8.830696,7.0,2026-01-31 12:00:00,1
4487,Son Serra de Marina_2025,3610,3586,8.595235,12.0,2026-01-31 13:00:00,1
4488,Son Serra de Marina_2025,3611,3586,7.521521,10.0,2026-01-31 14:00:00,1
4489,Son Serra de Marina_2025,3612,3586,6.6466045,7.0,2026-01-31 15:00:00,1
4490,Son Serra de Marina_2025,3613,3586,6.1521063,6.0,2026-01-31 16:00:00,1
4491,Son Serra de Marina_2025,3614,3586,4.9633675,7.0,2026-01-31 17:00:00,1
4492,Son Serra de Marina_2025,3615,3586,4.966238,2.0,2026-01-31 18:00:00,1
4493,Son Serra de Marina_2025,3616,3586,4.674428,4.0,2026-01-31 19:00:00,1
4494,Son Serra de Marina_2025,3617,3586,3.572339,3.0,2026-01-31 20:00:00,1
4495,Son Serra de Marina_2025,3618,3586,5.3309646,2.0,2026-02-01 08:00:00,2
4496,Son Serra de Marina_2025,3619,3586,9.289005,10.0,2026-02-01 09:00:00,2
4497,Son Serra de Marina_2025,3620,3586,10.303126,17.0,2026-02-01 10:00:00,2
4498,Son Serra de Marina_2025,3621,3586,10.606177,24.0,2026-02-01 11:00:00,2
4499,Son Serra de Marina_2025,3622,3586,11.126604,17.0,2026-02-01 12:00:00,2
4500,Son Serra de Marina_2025,3623,3622,14.362502,20.0,2026-02-01 13:00:00,2
4501,Son Serra de Marina_2025,3624,3622,12.99122,17.0,2026-02-01 14:00:00,2
4502,Son Serra de Marina_2025,3625,3622,10.364549,10.0,2026-02-01 15:00:00,2
4503,Son Serra de Marina_2025,3626,3622,7.822425,13.0,2026-02-01 16:00:00,2
4504,Son Serra de Marina_2025,3627,3622,6.97435,8.0,2026-02-01 17:00:00,2
4505,Son Serra de Marina_2025,3628,3622,4.068654,4.0,2026-02-01 18:00:00,2
4506,Son Serra de Marina_2025,3629,3622,3.8905716,4.0,2026-02-01 19:00:00,2
4507,Son Serra de Marina_2025,3630,3622,3.0321336,2.0,2026-02-01 20:00:00,2
4508,Son Serra de Marina_2025,3631,3622,4.3184056,5.0,2026-02-02 08:00:00,2
4509,Son Serra de Marina_2025,3632,3622,7.123642,6.0,2026-02-02 09:00:00,2
4510,Son Serra de Marina_2025,3633,3622,8.654459,5.0,2026-02-02 10:00:00,2
4511,Son Serra de Marina_2025,3634,3622,9.378445,13.0,2026-02-02 11:00:00,2
4512,Son Serra de Marina_2025,3635,3622,9.903114,11.0,2026-02-02 12:00:00,2
4513,Son Serra de Marina_2025,3636,3622,10.076571,10.0,2026-02-02 13:00:00,2
4514,Son Serra de Marina_2025,3637,3622,9.39826,15.0,2026-02-02 14:00:00,2
4515,Son Serra de Marina_2025,3638,3622,7.8842936,8.0,2026-02-02 15:00:00,2
4516,Son Serra de Marina_2025,3639,3622,6.5573444,7.0,2026-02-02 16:00:00,2
4517,Son Serra de Marina_2025,3640,3622,6.246243,15.0,2026-02-02 17:00:00,2
4518,Son Serra de Marina_2025,3641,3622,4.0313396,4.0,2026-02-02 18:00:00,2
4519,Son Serra de Marina_2025,3642,3622,4.042983,5.0,2026-02-02 19:00:00,2
4520,Son Serra de Marina_2025,3643,3622,3.2114992,7.0,2026-02-02 20:00:00,2
4521,Son Serra de Marina_2025,3644,3622,4.2026453,5.0,2026-02-03 08:00:00,2
4522,Son Serra de Marina_2025,3645,3622,6.6644316,14.0,2026-02-03 09:00:00,2
4523,Son Serra de Marina_2025,3646,3622,8.201409,10.0,2026-02-03 10:00:00,2
4524,Son Serra de Marina_2025,3647,3622,8.750238,12.0,2026-02-03 11:00:00,2
4525,Son Serra de Marina_2025,3648,3622,9.119713,13.0,2026-02-03 12:00:00,2
4526,Son Serra de Marina_2025,3649,3622,9.242708,16.0,2026-02-03 13:00:00,2
4527,Son Serra de Marina_2025,3650,3622,8.675841,16.0,2026-02-03 14:00:00,2
4528,Son Serra de Marina_2025,3651,3622,7.3640723,15.0,2026-02-03 15:00:00,2
4529,Son Serra de Marina_2025,3652,3622,6.2459164,4.0,2026-02-03 16:00:00,2
4530,Son Serra de Marina_2025,3653,3622,5.9522815,16.0,2026-02-03 17:00:00,2
4531,Son Serra de Marina_2025,3654,3622,3.9195542,5.0,2026-02-03 18:00:00,2
4532,Son Serra de Marina_2025,3655,3622,4.0065985,3.0,2026-02-03 19:00:00,2
4533,Son Serra de Marina_2025,3656,3622,3.1978786,4.0,2026-02-03 20:00:00,2
4534,Son Serra de Marina_2025,3657,3622,4.33335,6.0,2026-02-04 08:00:00,2
4535,Son Serra de Marina_2025,3658,3622,6.4839635,5.0,2026-02-04 09:00:00,2
4536,Son Serra de Marina_2025,3659,3658,7.3487086,8.0,2026-02-04 10:00:00,2
4537,Son Serra de Marina_2025,3660,3658,9.1314745,6.0,2026-02-04 11:00:00,2
4538,Son Serra de Marina_2025,3661,3658,9.844478,12.0,2026-02-04 12:00:00,2
4539,Son Serra de Marina_2025,3662,3658,10.622079,5.0,2026-02-04 13:00:00,2
4540,Son Serra de Marina_2025,3663,3658,10.287477,5.0,2026-02-04 14:00:00,2
4541,Son Serra de Marina_2025,3664,3658,8.75658,5.0,2026-02-04 15:00:00,2
4542,Son Serra de Marina_2025,3665,3658,7.56234,7.0,2026-02-04 16:00:00,2
4543,Son Serra de Marina_2025,3666,3658,8.2494135,9.0,2026-02-04 17:00:00,2
4544,Son Serra de Marina_2025,3667,3658,4.3722773,4.0,2026-02-04 18:00:00,2
4545,Son Serra de Marina_2025,3668,3658,3.7482371,2.0,2026-02-04 19:00:00,2
4546,Son Serra de Marina_2025,3669,3658,3.828199,4.0,2026-02-04 20:00:00,2
4547,Son Serra de Marina_2025,3670,3658,5.7596135,8.0,2026-02-05 08:00:00,2
4548,Son Serra de Marina_2025,3671,3658,8.600254,6.0,2026-02-05 09:00:00,2
4549,Son Serra de Marina_2025,3672,3658,11.372804,12.0,2026-02-05 10:00:00,2
4550,Son Serra de Marina_2025,3673,3658,12.314358,11.0,2026-02-05 11:00:00,2
4551,Son Serra de Marina_2025,3674,3658,13.149161,10.0,2026-02-05 12:00:00,2
4552,Son Serra de Marina_2025,3675,3658,13.791981,15.0,2026-02-05 13:00:00,2
4553,Son Serra de Marina_2025,3676,3658,13.140916,10.0,2026-02-05 14:00:00,2
4554,Son Serra de Marina_2025,3677,3658,10.645578,8.0,2026-02-05 15:00:00,2
4555,Son Serra de Marina_2025,3678,3658,8.544872,6.0,2026-02-05 16:00:00,2
4556,Son Serra de Marina_2025,3679,3658,9.3673935,8.0,2026-02-05 17:00:00,2
4557,Son Serra de Marina_2025,3680,3658,4.1779413,6.0,2026-02-05 18:00:00,2
4558,Son Serra de Marina_2025,3681,3658,3.555881,7.0,2026-02-05 19:00:00,2
4559,Son Serra de Marina_2025,3682,3658,3.5689864,4.0,2026-02-05 20:00:00,2
4560,Son Serra de Marina_2025,3683,3658,5.346448,6.0,2026-02-06 08:00:00,2
4561,Son Serra de Marina_2025,3684,3658,7.375195,18.0,2026-02-06 09:00:00,2
4562,Son Serra de Marina_2025,3685,3658,10.438588,12.0,2026-02-06 10:00:00,2
4563,Son Serra de Marina_2025,3686,3658,11.499534,11.0,2026-02-06 11:00:00,2
4564,Son Serra de Marina_2025,3687,3658,12.018884,12.0,2026-02-06 12:00:00,2
4565,Son Serra de Marina_2025,3688,3658,12.454695,19.0,2026-02-06 13:00:00,2
4566,Son Serra de Marina_2025,3689,3658,11.985005,15.0,2026-02-06 14:00:00,2
4567,Son Serra de Marina_2025,3690,3658,9.937414,14.0,2026-02-06 15:00:00,2
4568,Son Serra de Marina_2025,3691,3658,8.105112,14.0,2026-02-06 16:00:00,2
4569,Son Serra de Marina_2025,3692,3658,8.843315,12.0,2026-02-06 17:00:00,2
4570,Son Serra de Marina_2025,3693,3658,4.219644,7.0,2026-02-06 18:00:00,2
4571,Son Serra de Marina_2025,3694,3658,3.7016747,4.0,2026-02-06 19:00:00,2
4572,Son Serra de Marina_2025,3695,3694,4.095454,4.0,2026-02-06 20:00:00,2
4573,Son Serra de Marina_2025,3696,3694,6.9433064,4.0,2026-02-07 08:00:00,2
4574,Son Serra de Marina_2025,3697,3694,11.44042,13.0,2026-02-07 09:00:00,2
4575,Son Serra de Marina_2025,3698,3694,13.02214,11.0,2026-02-07 10:00:00,2
4576,Son Serra de Marina_2025,3699,3694,12.5393915,10.0,2026-02-07 11:00:00,2
4577,Son Serra de Marina_2025,3700,3694,13.189276,10.0,2026-02-07 12:00:00,2
4578,Son Serra de Marina_2025,3701,3694,14.484089,13.0,2026-02-07 13:00:00,2
4579,Son Serra de Marina_2025,3702,3694,14.680817,14.0,2026-02-07 14:00:00,2
4580,Son Serra de Marina_2025,3703,3694,12.873985,20.0,2026-02-07 15:00:00,2
4581,Son Serra de Marina_2025,3704,3694,10.185739,16.0,2026-02-07 16:00:00,2
4582,Son Serra de Marina_2025,3705,3694,9.770264,11.0,2026-02-07 17:00:00,2
4583,Son Serra de Marina_2025,3706,3694,6.144297,7.0,2026-02-07 18:00:00,2
4584,Son Serra de Marina_2025,3707,3694,4.5483856,5.0,2026-02-07 19:00:00,2
4585,Son Serra de Marina_2025,3708,3694,3.8455968,5.0,2026-02-07 20:00:00,2
4586,Son Serra de Marina_2025,3709,3694,6.7332335,6.0,2026-02-08 08:00:00,2
4587,Son Serra de Marina_2025,3710,3694,11.156633,7.0,2026-02-08 09:00:00,2
4588,Son Serra de Marina_2025,3711,3694,13.065913,9.0,2026-02-08 10:00:00,2
4589,Son Serra de Marina_2025,3712,3694,12.407827,9.0,2026-02-08 11:00:00,2
4590,Son Serra de Marina_2025,3713,3694,12.444963,16.0,2026-02-08 12:00:00,2
4591,Son Serra de Marina_2025,3714,3694,13.262665,20.0,2026-02-08 13:00:00,2
4592,Son Serra de Marina_2025,3715,3694,13.744012,11.0,2026-02-08 14:00:00,2
4593,Son Serra de Marina_2025,3716,3694,12.573066,27.0,2026-02-08 15:00:00,2
4594,Son Serra de Marina_2025,3717,3694,10.402624,13.0,2026-02-08 16:00:00,2
4595,Son Serra de Marina_2025,3718,3694,9.776442,7.0,2026-02-08 17:00:00,2
4596,Son Serra de Marina_2025,3719,3694,6.282015,5.0,2026-02-08 18:00:00,2
4597,Son Serra de Marina_2025,3720,3694,4.720359,4.0,2026-02-08 19:00:00,2
4598,Son Serra de Marina_2025,3721,3694,3.7953331,7.0,2026-02-08 20:00:00,2
4599,Son Serra de Marina_2025,3722,3694,6.32396,2.0,2026-02-09 08:00:00,2
4600,Son Serra de Marina_2025,3723,3694,9.490261,9.0,2026-02-09 09:00:00,2
4601,Son Serra de Marina_2025,3724,3694,11.559409,12.0,2026-02-09 10:00:00,2
4602,Son Serra de Marina_2025,3725,3694,10.946057,14.0,2026-02-09 11:00:00,2
4603,Son Serra de Marina_2025,3726,3694,11.289658,11.0,2026-02-09 12:00:00,2
4604,Son Serra de Marina_2025,3727,3694,12.251861,14.0,2026-02-09 13:00:00,2
4605,Son Serra de Marina_2025,3728,3694,12.29645,12.0,2026-02-09 14:00:00,2
4606,Son Serra de Marina_2025,3729,3694,10.7105665,12.0,2026-02-09 15:00:00,2
4607,Son Serra de Marina_2025,3730,3694,8.938738,12.0,2026-02-09 16:00:00,2
4608,Son Serra de Marina_2025,3731,3730,9.032833,7.0,2026-02-09 17:00:00,2
4609,Son Serra de Marina_2025,3732,3730,5.723666,4.0,2026-02-09 18:00:00,2
4610,Son Serra de Marina_2025,3733,3730,4.750698,7.0,2026-02-09 19:00:00,2
4611,Son Serra de Marina_2025,3734,3730,4.5375295,6.0,2026-02-09 20:00:00,2
4612,Son Serra de Marina_2025,3735,3730,4.998437,10.0,2026-02-10 08:00:00,2
4613,Son Serra de Marina_2025,3736,3730,9.984259,9.0,2026-02-10 09:00:00,2
4614,Son Serra de Marina_2025,3737,3730,12.41727,18.0,2026-02-10 10:00:00,2
4615,Son Serra de Marina_2025,3738,3730,13.152824,18.0,2026-02-10 11:00:00,2
4616,Son Serra de Marina_2025,3739,3730,13.930492,9.0,2026-02-10 12:00:00,2
4617,Son Serra de Marina_2025,3740,3730,14.646771,10.0,2026-02-10 13:00:00,2
4618,Son Serra de Marina_2025,3741,3730,15.078461,13.0,2026-02-10 14:00:00,2
4619,Son Serra de Marina_2025,3742,3730,14.933703,8.0,2026-02-10 15:00:00,2
4620,Son Serra de Marina_2025,3743,3730,13.328672,15.0,2026-02-10 16:00:00,2
4621,Son Serra de Marina_2025,3744,3730,10.172571,9.0,2026-02-10 17:00:00,2
4622,Son Serra de Marina_2025,3745,3730,6.0291214,5.0,2026-02-10 18:00:00,2
4623,Son Serra de Marina_2025,3746,3730,4.723131,3.0,2026-02-10 19:00:00,2
4624,Son Serra de Marina_2025,3747,3730,4.2294865,4.0,2026-02-10 20:00:00,2
4625,Son Serra de Marina_2025,3748,3730,4.3679304,6.0,2026-02-11 08:00:00,2
4626,Son Serra de Marina_2025,3749,3730,8.711195,7.0,2026-02-11 09:00:00,2
4627,Son Serra de Marina_2025,3750,3730,11.309495,11.0,2026-02-11 10:00:00,2
4628,Son Serra de Marina_2025,3751,3730,12.0883875,15.0,2026-02-11 11:00:00,2
4629,Son Serra de Marina_2025,3752,3730,12.654022,8.0,2026-02-11 12:00:00,2
4630,Son Serra de Marina_2025,3753,3730,13.393362,14.0,2026-02-11 13:00:00,2
4631,Son Serra de Marina_2025,3754,3730,14.094943,9.0,2026-02-11 14:00:00,2
4632,Son Serra de Marina_2025,3755,3730,14.277133,11.0,2026-02-11 15:00:00,2
4633,Son Serra de Marina_2025,3756,3730,13.018204,9.0,2026-02-11 16:00:00,2
4634,Son Serra de Marina_2025,3757,3730,10.053387,8.0,2026-02-11 17:00:00,2
4635,Son Serra de Marina_2025,3758,3730,6.0493045,5.0,2026-02-11 18:00:00,2
4636,Son Serra de Marina_2025,3759,3730,4.7698045,3.0,2026-02-11 19:00:00,2
4637,Son Serra de Marina_2025,3760,3730,4.235176,7.0,2026-02-11 20:00:00,2
4638,Son Serra de Marina_2025,3761,3730,4.3512716,6.0,2026-02-12 08:00:00,2
4639,Son Serra de Marina_2025,3762,3730,8.533413,12.0,2026-02-12 09:00:00,2
4640,Son Serra de Marina_2025,3763,3730,11.063282,10.0,2026-02-12 10:00:00,2
4641,Son Serra de Marina_2025,3764,3730,11.732761,11.0,2026-02-12 11:00:00,2
4642,Son Serra de Marina_2025,3765,3730,12.16142,17.0,2026-02-12 12:00:00,2
4643,Son Serra de Marina_2025,3766,3730,12.8147955,10.0,2026-02-12 13:00:00,2
