unique_id,ds_real,y_pred,y_true,month
cala-vedella-platja,2025-06-14 20:00:00,39.830173,7.0,6
cala-vedella-platja,2025-06-15 08:00:00,43.74428,74.0,6
cala-vedella-platja,2025-06-15 09:00:00,68.44464,157.0,6
cala-vedella-platja,2025-06-15 10:00:00,76.25112,214.0,6
cala-vedella-platja,2025-06-15 11:00:00,103.98278,243.0,6
cala-vedella-platja,2025-06-15 12:00:00,152.6204,215.0,6
cala-vedella-platja,2025-06-15 13:00:00,160.59447,268.0,6
cala-vedella-platja,2025-06-15 14:00:00,160.51338,265.0,6
cala-vedella-platja,2025-06-15 15:00:00,160.40611,218.0,6
cala-vedella-platja,2025-06-15 16:00:00,154.5445,216.0,6
cala-vedella-platja,2025-06-15 17:00:00,133.72237,134.0,6
cala-vedella-platja,2025-06-15 18:00:00,116.29236,96.0,6
cala-vedella-platja,2025-06-15 19:00:00,99.06,44.0,6
cala-vedella-platja,2025-06-15 20:00:00,84.031654,7.0,6
cala-vedella-platja,2025-06-16 08:00:00,40.15569,76.0,6
cala-vedella-platja,2025-06-16 09:00:00,50.422474,122.0,6
cala-vedella-platja,2025-06-16 10:00:00,60.836166,150.0,6
cala-vedella-platja,2025-06-16 11:00:00,97.60281,157.0,6
cala-vedella-platja,2025-06-16 12:00:00,146.06076,152.0,6
cala-vedella-platja,2025-06-16 13:00:00,153.02034,164.0,6
cala-vedella-platja,2025-06-16 14:00:00,152.2013,148.0,6
cala-vedella-platja,2025-06-16 15:00:00,150.75905,138.0,6
cala-vedella-platja,2025-06-16 16:00:00,151.01726,125.0,6
cala-vedella-platja,2025-06-16 17:00:00,118.05784,55.0,6
cala-vedella-platja,2025-06-16 18:00:00,112.7037,49.0,6
cala-vedella-platja,2025-06-16 19:00:00,97.65126,49.0,6
cala-vedella-platja,2025-06-16 20:00:00,82.50194,10.0,6
cala-vedella-platja,2025-06-17 08:00:00,46.48252,74.0,6
cala-vedella-platja,2025-06-17 09:00:00,61.46606,130.0,6
cala-vedella-platja,2025-06-17 10:00:00,68.1201,138.0,6
cala-vedella-platja,2025-06-17 11:00:00,100.738686,137.0,6
cala-vedella-platja,2025-06-17 12:00:00,134.36919,139.0,6
cala-vedella-platja,2025-06-17 13:00:00,146.19052,126.0,6
cala-vedella-platja,2025-06-17 14:00:00,140.8385,170.0,6
cala-vedella-platja,2025-06-17 15:00:00,135.64607,167.0,6
cala-vedella-platja,2025-06-17 16:00:00,122.935135,137.0,6
cala-vedella-platja,2025-06-17 17:00:00,110.4111,81.0,6
cala-vedella-platja,2025-06-17 18:00:00,107.78694,67.0,6
cala-vedella-platja,2025-06-17 19:00:00,90.51662,64.0,6
cala-vedella-platja,2025-06-17 20:00:00,77.115616,6.0,6
cala-vedella-platja,2025-06-18 08:00:00,41.71536,52.0,6
cala-vedella-platja,2025-06-18 09:00:00,60.304832,121.0,6
cala-vedella-platja,2025-06-18 10:00:00,66.05595,149.0,6
cala-vedella-platja,2025-06-18 11:00:00,82.54159,182.0,6
cala-vedella-platja,2025-06-18 12:00:00,122.338295,144.0,6
cala-vedella-platja,2025-06-18 13:00:00,128.94524,156.0,6
cala-vedella-platja,2025-06-18 14:00:00,136.41116,169.0,6
cala-vedella-platja,2025-06-18 15:00:00,141.85942,173.0,6
cala-vedella-platja,2025-06-18 16:00:00,132.36862,148.0,6
cala-vedella-platja,2025-06-18 17:00:00,113.93176,98.0,6
cala-vedella-platja,2025-06-18 18:00:00,109.10262,62.0,6
cala-vedella-platja,2025-06-18 19:00:00,96.29766,43.0,6
cala-vedella-platja,2025-06-18 20:00:00,74.32116,8.0,6
cala-vedella-platja,2025-06-19 08:00:00,42.791023,77.0,6
cala-vedella-platja,2025-06-19 09:00:00,56.805374,138.0,6
cala-vedella-platja,2025-06-19 10:00:00,63.14716,186.0,6
cala-vedella-platja,2025-06-19 11:00:00,87.35623,146.0,6
cala-vedella-platja,2025-06-19 12:00:00,121.866974,155.0,6
cala-vedella-platja,2025-06-19 13:00:00,129.21266,145.0,6
cala-vedella-platja,2025-06-19 14:00:00,139.97765,153.0,6
cala-vedella-platja,2025-06-19 15:00:00,142.33722,161.0,6
cala-vedella-platja,2025-06-19 16:00:00,130.57292,174.0,6
cala-vedella-platja,2025-06-19 17:00:00,112.5892,125.0,6
cala-vedella-platja,2025-06-19 18:00:00,110.45261,108.0,6
cala-vedella-platja,2025-06-19 19:00:00,99.57186,66.0,6
cala-vedella-platja,2025-06-19 20:00:00,76.27473,11.0,6
cala-vedella-platja,2025-06-20 08:00:00,42.63694,50.0,6
cala-vedella-platja,2025-06-20 09:00:00,55.961845,124.0,6
cala-vedella-platja,2025-06-20 10:00:00,62.78388,132.0,6
cala-vedella-platja,2025-06-20 11:00:00,90.34439,181.0,6
cala-vedella-platja,2025-06-20 12:00:00,146.14905,32.0,6
cala-vedella-platja,2025-06-20 13:00:00,147.99434,158.0,6
cala-vedella-platja,2025-06-20 14:00:00,152.9193,150.0,6
cala-vedella-platja,2025-06-20 15:00:00,150.74059,172.0,6
cala-vedella-platja,2025-06-20 16:00:00,141.17206,148.0,6
cala-vedella-platja,2025-06-20 17:00:00,114.110016,117.0,6
cala-vedella-platja,2025-06-20 18:00:00,107.43412,91.0,6
cala-vedella-platja,2025-06-20 19:00:00,98.848946,52.0,6
cala-vedella-platja,2025-06-20 20:00:00,77.31322,15.0,6
cala-vedella-platja,2025-06-21 08:00:00,46.17345,50.0,6
cala-vedella-platja,2025-06-21 09:00:00,58.12012,90.0,6
cala-vedella-platja,2025-06-21 10:00:00,69.2704,171.0,6
cala-vedella-platja,2025-06-21 11:00:00,94.76381,168.0,6
cala-vedella-platja,2025-06-21 12:00:00,135.55435,170.0,6
cala-vedella-platja,2025-06-21 13:00:00,152.78696,155.0,6
cala-vedella-platja,2025-06-21 14:00:00,157.58986,152.0,6
cala-vedella-platja,2025-06-21 15:00:00,157.23322,184.0,6
cala-vedella-platja,2025-06-21 16:00:00,145.96414,174.0,6
cala-vedella-platja,2025-06-21 17:00:00,126.00705,163.0,6
cala-vedella-platja,2025-06-21 18:00:00,117.17238,95.0,6
cala-vedella-platja,2025-06-21 19:00:00,106.68194,65.0,6
cala-vedella-platja,2025-06-21 20:00:00,88.628105,16.0,6
cala-vedella-platja,2025-06-22 08:00:00,53.446835,68.0,6
cala-vedella-platja,2025-06-22 09:00:00,74.65743,120.0,6
cala-vedella-platja,2025-06-22 10:00:00,84.02415,195.0,6
cala-vedella-platja,2025-06-22 11:00:00,108.48844,225.0,6
cala-vedella-platja,2025-06-22 12:00:00,150.97452,199.0,6
cala-vedella-platja,2025-06-22 13:00:00,159.70454,202.0,6
cala-vedella-platja,2025-06-22 14:00:00,160.15512,242.0,6
cala-vedella-platja,2025-06-22 15:00:00,159.72774,231.0,6
cala-vedella-platja,2025-06-22 16:00:00,159.21324,227.0,6
cala-vedella-platja,2025-06-22 17:00:00,137.46709,189.0,6
cala-vedella-platja,2025-06-22 18:00:00,123.66071,110.0,6
cala-vedella-platja,2025-06-22 19:00:00,108.66131,97.0,6
cala-vedella-platja,2025-06-22 20:00:00,89.954956,18.0,6
cala-vedella-platja,2025-06-23 08:00:00,50.44481,54.0,6
cala-vedella-platja,2025-06-23 09:00:00,68.88147,110.0,6
cala-vedella-platja,2025-06-23 10:00:00,76.85534,152.0,6
cala-vedella-platja,2025-06-23 11:00:00,103.676186,228.0,6
cala-vedella-platja,2025-06-23 12:00:00,145.07448,198.0,6
cala-vedella-platja,2025-06-23 13:00:00,152.87733,152.0,6
cala-vedella-platja,2025-06-23 14:00:00,156.44148,212.0,6
cala-vedella-platja,2025-06-23 15:00:00,155.53096,175.0,6
cala-vedella-platja,2025-06-23 16:00:00,153.92024,170.0,6
cala-vedella-platja,2025-06-23 17:00:00,128.92915,115.0,6
cala-vedella-platja,2025-06-23 18:00:00,114.32063,68.0,6
cala-vedella-platja,2025-06-23 19:00:00,104.40658,61.0,6
cala-vedella-platja,2025-06-23 20:00:00,83.82874,31.0,6
cala-vedella-platja,2025-06-24 08:00:00,55.209686,53.0,6
cala-vedella-platja,2025-06-24 09:00:00,70.19809,131.0,6
cala-vedella-platja,2025-06-24 10:00:00,80.01817,183.0,6
cala-vedella-platja,2025-06-24 11:00:00,106.072235,165.0,6
cala-vedella-platja,2025-06-24 12:00:00,142.45767,165.0,6
cala-vedella-platja,2025-06-24 13:00:00,152.70934,187.0,6
cala-vedella-platja,2025-06-24 14:00:00,154.76201,154.0,6
cala-vedella-platja,2025-06-24 15:00:00,153.20352,179.0,6
cala-vedella-platja,2025-06-24 16:00:00,151.63147,127.0,6
cala-vedella-platja,2025-06-24 17:00:00,125.80305,136.0,6
cala-vedella-platja,2025-06-24 20:00:00,79.20385,23.0,6
cala-vedella-platja,2025-06-25 08:00:00,57.004215,54.0,6
cala-vedella-platja,2025-06-25 09:00:00,72.59605,104.0,6
cala-vedella-platja,2025-06-25 10:00:00,80.8723,123.0,6
cala-vedella-platja,2025-06-25 11:00:00,100.893166,138.0,6
cala-vedella-platja,2025-06-25 12:00:00,139.39192,152.0,6
cala-vedella-platja,2025-06-25 13:00:00,145.97995,127.0,6
cala-vedella-platja,2025-06-25 14:00:00,144.19908,166.0,6
cala-vedella-platja,2025-06-25 15:00:00,144.08482,145.0,6
cala-vedella-platja,2025-06-25 16:00:00,144.90135,157.0,6
cala-vedella-platja,2025-06-25 17:00:00,136.5375,117.0,6
cala-vedella-platja,2025-06-25 18:00:00,114.60244,96.0,6
cala-vedella-platja,2025-06-25 19:00:00,98.38435,64.0,6
cala-vedella-platja,2025-06-25 20:00:00,80.35692,15.0,6
cala-vedella-platja,2025-06-26 08:00:00,48.983597,42.0,6
cala-vedella-platja,2025-06-26 09:00:00,60.572086,98.0,6
cala-vedella-platja,2025-06-26 10:00:00,65.057365,147.0,6
cala-vedella-platja,2025-06-26 11:00:00,87.133896,197.0,6
cala-vedella-platja,2025-06-26 12:00:00,126.74395,169.0,6
cala-vedella-platja,2025-06-26 13:00:00,139.30006,163.0,6
cala-vedella-platja,2025-06-26 14:00:00,139.42155,165.0,6
cala-vedella-platja,2025-06-26 15:00:00,138.9379,184.0,6
cala-vedella-platja,2025-06-26 16:00:00,139.67162,159.0,6
cala-vedella-platja,2025-06-26 17:00:00,135.32887,117.0,6
cala-vedella-platja,2025-06-26 18:00:00,108.8042,85.0,6
cala-vedella-platja,2025-06-26 19:00:00,96.78737,85.0,6
cala-vedella-platja,2025-06-26 20:00:00,77.43994,21.0,6
cala-vedella-platja,2025-06-27 08:00:00,57.27943,52.0,6
cala-vedella-platja,2025-06-27 09:00:00,73.3825,115.0,6
cala-vedella-platja,2025-06-27 10:00:00,82.28776,165.0,6
cala-vedella-platja,2025-06-27 11:00:00,104.5659,179.0,6
cala-vedella-platja,2025-06-27 12:00:00,145.7373,210.0,6
cala-vedella-platja,2025-06-27 13:00:00,149.97873,133.0,6
cala-vedella-platja,2025-06-27 14:00:00,147.41159,144.0,6
cala-vedella-platja,2025-06-27 15:00:00,147.01375,148.0,6
cala-vedella-platja,2025-06-27 16:00:00,143.5655,151.0,6
cala-vedella-platja,2025-06-27 17:00:00,134.64265,127.0,6
cala-vedella-platja,2025-06-27 18:00:00,121.42792,67.0,6
cala-vedella-platja,2025-06-27 19:00:00,101.93781,90.0,6
cala-vedella-platja,2025-06-27 20:00:00,81.88426,17.0,6
cala-vedella-platja,2025-06-28 08:00:00,56.33429,56.0,6
cala-vedella-platja,2025-06-28 09:00:00,73.3354,117.0,6
cala-vedella-platja,2025-06-28 10:00:00,83.19455,149.0,6
cala-vedella-platja,2025-06-28 11:00:00,101.99574,184.0,6
cala-vedella-platja,2025-06-28 12:00:00,134.12877,144.0,6
cala-vedella-platja,2025-06-28 13:00:00,142.30733,180.0,6
cala-vedella-platja,2025-06-28 14:00:00,147.66307,200.0,6
cala-vedella-platja,2025-06-28 15:00:00,146.68459,154.0,6
cala-vedella-platja,2025-06-28 16:00:00,149.19359,194.0,6
cala-vedella-platja,2025-06-28 17:00:00,144.29617,155.0,6
cala-vedella-platja,2025-06-28 18:00:00,133.35661,121.0,6
cala-vedella-platja,2025-06-28 19:00:00,105.91459,86.0,6
cala-vedella-platja,2025-06-28 20:00:00,85.64079,32.0,6
cala-vedella-platja,2025-06-29 08:00:00,60.561142,67.0,6
cala-vedella-platja,2025-06-29 09:00:00,72.78616,118.0,6
cala-vedella-platja,2025-06-29 10:00:00,80.03805,168.0,6
cala-vedella-platja,2025-06-29 11:00:00,103.883026,202.0,6
cala-vedella-platja,2025-06-29 12:00:00,150.41884,186.0,6
cala-vedella-platja,2025-06-29 13:00:00,158.8829,172.0,6
cala-vedella-platja,2025-06-29 14:00:00,157.99084,195.0,6
cala-vedella-platja,2025-06-29 15:00:00,156.44867,204.0,6
cala-vedella-platja,2025-06-29 16:00:00,154.16934,181.0,6
cala-vedella-platja,2025-06-29 17:00:00,151.15907,148.0,6
cala-vedella-platja,2025-06-29 18:00:00,151.38387,129.0,6
cala-vedella-platja,2025-06-29 19:00:00,124.420204,100.0,6
cala-vedella-platja,2025-06-29 20:00:00,91.66203,26.0,6
cala-vedella-platja,2025-06-30 08:00:00,54.003784,55.0,6
cala-vedella-platja,2025-06-30 09:00:00,69.783455,82.0,6
cala-vedella-platja,2025-06-30 10:00:00,80.95804,159.0,6
cala-vedella-platja,2025-06-30 11:00:00,106.04076,187.0,6
cala-vedella-platja,2025-06-30 12:00:00,146.64923,172.0,6
cala-vedella-platja,2025-06-30 13:00:00,154.42966,163.0,6
cala-vedella-platja,2025-06-30 14:00:00,153.07611,141.0,6
cala-vedella-platja,2025-06-30 15:00:00,153.08752,167.0,6
cala-vedella-platja,2025-06-30 16:00:00,150.34163,149.0,6
cala-vedella-platja,2025-06-30 17:00:00,146.97093,144.0,6
cala-vedella-platja,2025-06-30 18:00:00,126.69018,87.0,6
cala-vedella-platja,2025-06-30 19:00:00,109.6307,86.0,6
cala-vedella-platja,2025-06-30 20:00:00,80.54757,24.0,6
cala-vedella-platja,2025-07-01 08:00:00,58.98072,70.0,7
cala-vedella-platja,2025-07-01 09:00:00,70.90368,116.0,7
cala-vedella-platja,2025-07-01 10:00:00,79.14639,160.0,7
cala-vedella-platja,2025-07-01 11:00:00,101.30941,152.0,7
cala-vedella-platja,2025-07-01 12:00:00,137.3733,143.0,7
cala-vedella-platja,2025-07-01 13:00:00,144.166,151.0,7
cala-vedella-platja,2025-07-01 14:00:00,144.5683,148.0,7
cala-vedella-platja,2025-07-01 15:00:00,141.88258,141.0,7
cala-vedella-platja,2025-07-01 16:00:00,143.82364,165.0,7
cala-vedella-platja,2025-07-01 17:00:00,147.87233,127.0,7
cala-vedella-platja,2025-07-01 18:00:00,135.03166,86.0,7
cala-vedella-platja,2025-07-01 19:00:00,110.028625,66.0,7
cala-vedella-platja,2025-07-01 20:00:00,85.654015,23.0,7
cala-vedella-platja,2025-07-02 08:00:00,47.10899,57.0,7
cala-vedella-platja,2025-07-02 09:00:00,69.44425,88.0,7
cala-vedella-platja,2025-07-02 10:00:00,79.2078,195.0,7
cala-vedella-platja,2025-07-02 11:00:00,100.683716,180.0,7
cala-vedella-platja,2025-07-02 12:00:00,144.36145,152.0,7
cala-vedella-platja,2025-07-02 13:00:00,154.7858,136.0,7
cala-vedella-platja,2025-07-02 14:00:00,144.87418,148.0,7
cala-vedella-platja,2025-07-02 15:00:00,150.30293,144.0,7
cala-vedella-platja,2025-07-02 16:00:00,148.44489,158.0,7
cala-vedella-platja,2025-07-02 17:00:00,146.68452,150.0,7
cala-vedella-platja,2025-07-02 18:00:00,140.69437,81.0,7
cala-vedella-platja,2025-07-02 19:00:00,105.50727,83.0,7
cala-vedella-platja,2025-07-02 20:00:00,86.85274,20.0,7
cala-vedella-platja,2025-07-03 08:00:00,47.895767,58.0,7
cala-vedella-platja,2025-07-03 09:00:00,60.71527,115.0,7
cala-vedella-platja,2025-07-03 10:00:00,73.79506,209.0,7
cala-vedella-platja,2025-07-03 11:00:00,100.31039,183.0,7
cala-vedella-platja,2025-07-03 12:00:00,141.42256,161.0,7
cala-vedella-platja,2025-07-03 13:00:00,153.89174,168.0,7
cala-vedella-platja,2025-07-03 14:00:00,154.42114,159.0,7
cala-vedella-platja,2025-07-03 15:00:00,150.09848,140.0,7
cala-vedella-platja,2025-07-03 16:00:00,149.42984,132.0,7
cala-vedella-platja,2025-07-03 17:00:00,144.02657,133.0,7
cala-vedella-platja,2025-07-03 18:00:00,147.04889,101.0,7
cala-vedella-platja,2025-07-03 19:00:00,133.56102,66.0,7
cala-vedella-platja,2025-07-03 20:00:00,81.34422,28.0,7
cala-vedella-platja,2025-07-04 08:00:00,48.993496,53.0,7
cala-vedella-platja,2025-07-04 09:00:00,73.16618,119.0,7
cala-vedella-platja,2025-07-04 10:00:00,82.66551,151.0,7
cala-vedella-platja,2025-07-04 11:00:00,108.82797,176.0,7
cala-vedella-platja,2025-07-04 12:00:00,145.97894,165.0,7
cala-vedella-platja,2025-07-04 13:00:00,142.95718,131.0,7
cala-vedella-platja,2025-07-04 14:00:00,154.23473,183.0,7
cala-vedella-platja,2025-07-04 15:00:00,148.86443,135.0,7
cala-vedella-platja,2025-07-04 16:00:00,146.82901,145.0,7
cala-vedella-platja,2025-07-04 17:00:00,146.36633,117.0,7
cala-vedella-platja,2025-07-04 18:00:00,143.28835,63.0,7
cala-vedella-platja,2025-07-04 19:00:00,119.041794,79.0,7
cala-vedella-platja,2025-07-04 20:00:00,86.11494,23.0,7
cala-vedella-platja,2025-07-05 08:00:00,57.657246,87.0,7
cala-vedella-platja,2025-07-05 09:00:00,72.91902,140.0,7
cala-vedella-platja,2025-07-05 10:00:00,84.4943,188.0,7
cala-vedella-platja,2025-07-05 11:00:00,102.17752,197.0,7
cala-vedella-platja,2025-07-05 12:00:00,149.76796,195.0,7
cala-vedella-platja,2025-07-05 13:00:00,157.72813,172.0,7
cala-vedella-platja,2025-07-05 14:00:00,157.71658,192.0,7
cala-vedella-platja,2025-07-05 15:00:00,155.61102,181.0,7
cala-vedella-platja,2025-07-05 16:00:00,151.52551,195.0,7
cala-vedella-platja,2025-07-05 17:00:00,149.1176,155.0,7
cala-vedella-platja,2025-07-05 18:00:00,146.22258,93.0,7
cala-vedella-platja,2025-07-05 19:00:00,134.5738,112.0,7
cala-vedella-platja,2025-07-05 20:00:00,85.083885,25.0,7
cala-vedella-platja,2025-07-06 08:00:00,58.660263,57.0,7
cala-vedella-platja,2025-07-06 09:00:00,72.76393,135.0,7
cala-vedella-platja,2025-07-06 10:00:00,83.99304,176.0,7
cala-vedella-platja,2025-07-06 11:00:00,108.47353,186.0,7
cala-vedella-platja,2025-07-06 12:00:00,150.83778,219.0,7
cala-vedella-platja,2025-07-06 13:00:00,159.65707,211.0,7
cala-vedella-platja,2025-07-06 14:00:00,160.33484,223.0,7
cala-vedella-platja,2025-07-06 15:00:00,158.36888,245.0,7
cala-vedella-platja,2025-07-06 16:00:00,157.8786,221.0,7
cala-vedella-platja,2025-07-06 17:00:00,154.74431,232.0,7
cala-vedella-platja,2025-07-06 18:00:00,149.3646,128.0,7
cala-vedella-platja,2025-07-06 19:00:00,124.26172,111.0,7
cala-vedella-platja,2025-07-06 20:00:00,99.34773,26.0,7
cala-vedella-platja,2025-07-07 08:00:00,52.36359,96.0,7
cala-vedella-platja,2025-07-07 09:00:00,71.34745,147.0,7
cala-vedella-platja,2025-07-07 10:00:00,79.475815,197.0,7
cala-vedella-platja,2025-07-07 11:00:00,106.323265,178.0,7
cala-vedella-platja,2025-07-07 12:00:00,145.8502,192.0,7
cala-vedella-platja,2025-07-07 13:00:00,152.17201,180.0,7
cala-vedella-platja,2025-07-07 14:00:00,151.92384,181.0,7
cala-vedella-platja,2025-07-07 15:00:00,149.15294,194.0,7
cala-vedella-platja,2025-07-07 16:00:00,150.75606,182.0,7
cala-vedella-platja,2025-07-07 17:00:00,147.10184,137.0,7
cala-vedella-platja,2025-07-07 18:00:00,144.09378,112.0,7
cala-vedella-platja,2025-07-07 19:00:00,110.810486,86.0,7
cala-vedella-platja,2025-07-07 20:00:00,89.22008,6.0,7
cala-vedella-platja,2025-07-08 08:00:00,43.587456,36.0,7
cala-vedella-platja,2025-07-08 09:00:00,48.869617,56.0,7
cala-vedella-platja,2025-07-08 10:00:00,58.787254,67.0,7
cala-vedella-platja,2025-07-08 11:00:00,73.723526,67.0,7
cala-vedella-platja,2025-07-08 12:00:00,118.42841,75.0,7
cala-vedella-platja,2025-07-08 13:00:00,117.855255,86.0,7
cala-vedella-platja,2025-07-08 14:00:00,122.1993,104.0,7
cala-vedella-platja,2025-07-08 15:00:00,129.32584,160.0,7
cala-vedella-platja,2025-07-08 16:00:00,125.07283,127.0,7
cala-vedella-platja,2025-07-08 17:00:00,127.329765,91.0,7
cala-vedella-platja,2025-07-08 18:00:00,121.639915,61.0,7
cala-vedella-platja,2025-07-08 19:00:00,96.49263,37.0,7
cala-vedella-platja,2025-07-08 20:00:00,85.166405,8.0,7
cala-vedella-platja,2025-07-09 08:00:00,45.130653,77.0,7
cala-vedella-platja,2025-07-09 09:00:00,58.73539,205.0,7
cala-vedella-platja,2025-07-09 10:00:00,69.1329,196.0,7
cala-vedella-platja,2025-07-09 11:00:00,102.29696,197.0,7
cala-vedella-platja,2025-07-09 12:00:00,147.98215,210.0,7
cala-vedella-platja,2025-07-09 13:00:00,141.9716,207.0,7
cala-vedella-platja,2025-07-09 14:00:00,144.69485,232.0,7
cala-vedella-platja,2025-07-09 15:00:00,138.81313,236.0,7
cala-vedella-platja,2025-07-09 16:00:00,135.45572,209.0,7
cala-vedella-platja,2025-07-09 17:00:00,126.63467,159.0,7
cala-vedella-platja,2025-07-09 18:00:00,113.07848,121.0,7
cala-vedella-platja,2025-07-09 19:00:00,101.31977,82.0,7
cala-vedella-platja,2025-07-09 20:00:00,85.26907,8.0,7
cala-vedella-platja,2025-07-10 08:00:00,47.19668,91.0,7
cala-vedella-platja,2025-07-10 09:00:00,61.936333,152.0,7
cala-vedella-platja,2025-07-10 10:00:00,73.134735,195.0,7
cala-vedella-platja,2025-07-10 11:00:00,103.64187,197.0,7
cala-vedella-platja,2025-07-10 12:00:00,146.66255,189.0,7
cala-vedella-platja,2025-07-10 13:00:00,153.62958,199.0,7
cala-vedella-platja,2025-07-10 14:00:00,151.5238,205.0,7
cala-vedella-platja,2025-07-10 15:00:00,144.01263,228.0,7
cala-vedella-platja,2025-07-10 16:00:00,142.9181,212.0,7
cala-vedella-platja,2025-07-10 17:00:00,122.40688,203.0,7
cala-vedella-platja,2025-07-10 18:00:00,119.40415,129.0,7
cala-vedella-platja,2025-07-10 19:00:00,104.81989,127.0,7
cala-vedella-platja,2025-07-10 20:00:00,86.046906,7.0,7
cala-vedella-platja,2025-07-11 08:00:00,46.5193,115.0,7
cala-vedella-platja,2025-07-11 09:00:00,59.435688,227.0,7
cala-vedella-platja,2025-07-11 10:00:00,67.44094,224.0,7
cala-vedella-platja,2025-07-11 11:00:00,100.832664,181.0,7
cala-vedella-platja,2025-07-11 12:00:00,147.69078,166.0,7
cala-vedella-platja,2025-07-11 13:00:00,157.39905,178.0,7
cala-vedella-platja,2025-07-11 14:00:00,155.65237,200.0,7
cala-vedella-platja,2025-07-11 15:00:00,144.53351,219.0,7
cala-vedella-platja,2025-07-11 16:00:00,142.21555,212.0,7
cala-vedella-platja,2025-07-11 17:00:00,117.16024,134.0,7
cala-vedella-platja,2025-07-11 19:00:00,107.37107,113.0,7
cala-vedella-platja,2025-07-11 20:00:00,86.24955,8.0,7
cala-vedella-platja,2025-07-12 08:00:00,48.452873,76.0,7
cala-vedella-platja,2025-07-12 09:00:00,50.44114,153.0,7
cala-vedella-platja,2025-07-12 10:00:00,60.528934,200.0,7
cala-vedella-platja,2025-07-12 11:00:00,93.98437,204.0,7
cala-vedella-platja,2025-07-12 12:00:00,149.78204,209.0,7
cala-vedella-platja,2025-07-12 13:00:00,156.79738,189.0,7
cala-vedella-platja,2025-07-12 14:00:00,156.61739,225.0,7
cala-vedella-platja,2025-07-12 15:00:00,150.99492,214.0,7
cala-vedella-platja,2025-07-12 16:00:00,136.5991,231.0,7
cala-vedella-platja,2025-07-12 17:00:00,127.53969,172.0,7
cala-vedella-platja,2025-07-12 18:00:00,126.23687,19.0,7
cala-vedella-platja,2025-07-12 19:00:00,105.50485,47.0,7
cala-vedella-platja,2025-07-12 20:00:00,87.96652,7.0,7
cala-vedella-platja,2025-07-13 08:00:00,49.351677,101.0,7
cala-vedella-platja,2025-07-13 09:00:00,61.41119,174.0,7
cala-vedella-platja,2025-07-13 10:00:00,78.26038,236.0,7
cala-vedella-platja,2025-07-13 11:00:00,105.845314,254.0,7
cala-vedella-platja,2025-07-13 12:00:00,150.71086,280.0,7
cala-vedella-platja,2025-07-13 13:00:00,159.77684,268.0,7
cala-vedella-platja,2025-07-13 14:00:00,153.45564,281.31106567382864,7
cala-vedella-platja,2025-07-13 15:00:00,147.98744,281.31106567382864,7
cala-vedella-platja,2025-07-13 16:00:00,147.3966,240.0,7
cala-vedella-platja,2025-07-13 17:00:00,137.16205,227.0,7
cala-vedella-platja,2025-07-13 18:00:00,131.07144,108.0,7
cala-vedella-platja,2025-07-13 19:00:00,111.8018,98.0,7
cala-vedella-platja,2025-07-13 20:00:00,90.728806,7.0,7
cala-vedella-platja,2025-07-14 08:00:00,39.882336,68.0,7
cala-vedella-platja,2025-07-14 09:00:00,50.53434,147.0,7
cala-vedella-platja,2025-07-14 10:00:00,54.245285,245.0,7
cala-vedella-platja,2025-07-14 11:00:00,91.50373,243.0,7
cala-vedella-platja,2025-07-14 12:00:00,139.7703,250.0,7
cala-vedella-platja,2025-07-14 13:00:00,142.47319,247.0,7
cala-vedella-platja,2025-07-14 14:00:00,132.85852,259.0,7
cala-vedella-platja,2025-07-14 15:00:00,137.91571,242.0,7
cala-vedella-platja,2025-07-14 16:00:00,145.12706,187.0,7
cala-vedella-platja,2025-07-14 17:00:00,136.03737,158.0,7
cala-vedella-platja,2025-07-14 18:00:00,119.67286,134.0,7
cala-vedella-platja,2025-07-14 19:00:00,99.88418,133.0,7
cala-vedella-platja,2025-07-14 20:00:00,80.9119,9.0,7
cala-vedella-platja,2025-07-15 08:00:00,44.860023,102.0,7
cala-vedella-platja,2025-07-15 09:00:00,60.485306,221.0,7
cala-vedella-platja,2025-07-15 10:00:00,67.79017,215.0,7
cala-vedella-platja,2025-07-15 11:00:00,97.562706,239.0,7
cala-vedella-platja,2025-07-15 12:00:00,137.36838,211.0,7
cala-vedella-platja,2025-07-15 13:00:00,153.73186,206.0,7
cala-vedella-platja,2025-07-15 14:00:00,154.77075,229.0,7
cala-vedella-platja,2025-07-15 15:00:00,153.6132,251.0,7
cala-vedella-platja,2025-07-15 16:00:00,151.52481,249.0,7
cala-vedella-platja,2025-07-15 17:00:00,151.41359,199.0,7
cala-vedella-platja,2025-07-15 18:00:00,128.93562,130.0,7
cala-vedella-platja,2025-07-15 19:00:00,98.77451,127.0,7
cala-vedella-platja,2025-07-15 20:00:00,77.9192,7.0,7
cala-vedella-platja,2025-07-16 08:00:00,47.989243,109.0,7
cala-vedella-platja,2025-07-16 09:00:00,62.198166,177.0,7
cala-vedella-platja,2025-07-16 10:00:00,73.90553,211.0,7
cala-vedella-platja,2025-07-16 11:00:00,102.84315,249.0,7
cala-vedella-platja,2025-07-16 12:00:00,147.6988,234.0,7
cala-vedella-platja,2025-07-16 13:00:00,155.38562,215.0,7
cala-vedella-platja,2025-07-16 14:00:00,154.72185,262.0,7
cala-vedella-platja,2025-07-16 15:00:00,152.69923,253.0,7
cala-vedella-platja,2025-07-16 16:00:00,147.83405,239.0,7
cala-vedella-platja,2025-07-16 17:00:00,138.4444,185.0,7
cala-vedella-platja,2025-07-16 18:00:00,119.7851,115.0,7
cala-vedella-platja,2025-07-16 19:00:00,107.49982,97.0,7
cala-vedella-platja,2025-07-16 20:00:00,85.48274,7.0,7
cala-vedella-platja,2025-07-17 08:00:00,51.28156,87.0,7
cala-vedella-platja,2025-07-17 09:00:00,67.56953,174.0,7
cala-vedella-platja,2025-07-17 10:00:00,76.23287,212.0,7
cala-vedella-platja,2025-07-17 11:00:00,103.94065,229.0,7
cala-vedella-platja,2025-07-17 12:00:00,146.90047,205.0,7
cala-vedella-platja,2025-07-17 13:00:00,154.1792,200.0,7
cala-vedella-platja,2025-07-17 14:00:00,154.20673,246.0,7
cala-vedella-platja,2025-07-17 15:00:00,156.33928,244.0,7
cala-vedella-platja,2025-07-17 16:00:00,152.65753,221.0,7
cala-vedella-platja,2025-07-17 17:00:00,139.56108,207.0,7
cala-vedella-platja,2025-07-17 18:00:00,125.77001,123.0,7
cala-vedella-platja,2025-07-17 19:00:00,103.73224,122.0,7
cala-vedella-platja,2025-07-17 20:00:00,87.222,7.0,7
cala-vedella-platja,2025-07-18 08:00:00,57.388947,81.0,7
cala-vedella-platja,2025-07-18 09:00:00,71.325806,186.0,7
cala-vedella-platja,2025-07-18 10:00:00,78.69701,216.0,7
cala-vedella-platja,2025-07-18 11:00:00,105.20778,255.0,7
cala-vedella-platja,2025-07-18 12:00:00,147.10876,191.0,7
cala-vedella-platja,2025-07-18 13:00:00,155.84343,206.0,7
cala-vedella-platja,2025-07-18 14:00:00,153.64851,241.0,7
cala-vedella-platja,2025-07-18 15:00:00,155.98161,225.0,7
cala-vedella-platja,2025-07-18 16:00:00,154.42892,198.0,7
cala-vedella-platja,2025-07-18 17:00:00,150.91629,176.0,7
cala-vedella-platja,2025-07-18 18:00:00,121.03508,151.0,7
cala-vedella-platja,2025-07-18 19:00:00,105.5402,115.0,7
cala-vedella-platja,2025-07-18 20:00:00,87.00149,7.0,7
cala-vedella-platja,2025-07-19 08:00:00,55.7482,78.0,7
cala-vedella-platja,2025-07-19 09:00:00,72.42931,137.0,7
cala-vedella-platja,2025-07-19 10:00:00,76.94243,231.0,7
cala-vedella-platja,2025-07-19 11:00:00,105.65505,278.0,7
cala-vedella-platja,2025-07-19 12:00:00,148.51791,215.0,7
cala-vedella-platja,2025-07-19 13:00:00,157.77202,216.0,7
cala-vedella-platja,2025-07-19 14:00:00,157.04164,249.0,7
cala-vedella-platja,2025-07-19 15:00:00,154.81631,222.0,7
cala-vedella-platja,2025-07-19 16:00:00,154.39503,201.0,7
cala-vedella-platja,2025-07-19 17:00:00,151.88751,227.0,7
cala-vedella-platja,2025-07-19 18:00:00,133.07034,131.0,7
cala-vedella-platja,2025-07-19 19:00:00,113.255226,107.0,7
cala-vedella-platja,2025-07-19 20:00:00,87.75321,9.0,7
cala-vedella-platja,2025-07-20 08:00:00,54.08596,95.0,7
cala-vedella-platja,2025-07-20 09:00:00,72.753296,183.0,7
cala-vedella-platja,2025-07-20 10:00:00,80.121025,228.0,7
cala-vedella-platja,2025-07-20 11:00:00,107.54183,243.0,7
cala-vedella-platja,2025-07-20 12:00:00,151.16246,239.0,7
cala-vedella-platja,2025-07-20 13:00:00,161.12308,216.0,7
cala-vedella-platja,2025-07-20 14:00:00,161.43864,242.0,7
cala-vedella-platja,2025-07-20 15:00:00,161.12352,281.31106567382864,7
cala-vedella-platja,2025-07-20 16:00:00,158.59055,230.0,7
cala-vedella-platja,2025-07-20 17:00:00,151.72597,188.0,7
cala-vedella-platja,2025-07-20 18:00:00,135.0818,128.0,7
cala-vedella-platja,2025-07-20 19:00:00,115.15695,132.0,7
cala-vedella-platja,2025-07-20 20:00:00,92.48422,6.0,7
cala-vedella-platja,2025-07-21 08:00:00,49.24038,115.0,7
cala-vedella-platja,2025-07-21 09:00:00,59.127136,187.0,7
cala-vedella-platja,2025-07-21 10:00:00,76.943275,264.0,7
cala-vedella-platja,2025-07-21 11:00:00,105.62076,266.0,7
cala-vedella-platja,2025-07-21 12:00:00,146.76219,257.0,7
cala-vedella-platja,2025-07-21 13:00:00,153.85493,251.0,7
cala-vedella-platja,2025-07-21 14:00:00,153.96095,248.0,7
cala-vedella-platja,2025-07-21 15:00:00,152.06017,263.0,7
cala-vedella-platja,2025-07-21 16:00:00,151.15976,245.0,7
cala-vedella-platja,2025-07-21 17:00:00,151.23491,208.0,7
cala-vedella-platja,2025-07-21 18:00:00,138.27637,163.0,7
cala-vedella-platja,2025-07-21 19:00:00,102.61284,138.0,7
cala-vedella-platja,2025-07-21 20:00:00,80.93145,7.0,7
cala-vedella-platja,2025-07-22 08:00:00,46.812687,102.0,7
cala-vedella-platja,2025-07-22 09:00:00,60.916874,162.0,7
cala-vedella-platja,2025-07-22 10:00:00,76.3168,227.0,7
cala-vedella-platja,2025-07-22 11:00:00,98.33253,228.0,7
cala-vedella-platja,2025-07-22 12:00:00,128.51733,203.0,7
cala-vedella-platja,2025-07-22 13:00:00,135.61911,192.0,7
cala-vedella-platja,2025-07-22 14:00:00,124.06317,203.0,7
cala-vedella-platja,2025-07-22 15:00:00,116.56824,237.0,7
cala-vedella-platja,2025-07-22 16:00:00,110.03747,247.0,7
cala-vedella-platja,2025-07-22 17:00:00,96.22209,173.0,7
cala-vedella-platja,2025-07-22 18:00:00,85.40227,154.0,7
cala-vedella-platja,2025-07-22 19:00:00,77.7479,130.0,7
cala-vedella-platja,2025-07-22 20:00:00,64.285225,6.0,7
cala-vedella-platja,2025-07-23 08:00:00,41.215595,89.0,7
cala-vedella-platja,2025-07-23 09:00:00,49.419823,173.0,7
cala-vedella-platja,2025-07-23 10:00:00,69.24458,207.0,7
cala-vedella-platja,2025-07-23 11:00:00,102.23397,202.0,7
cala-vedella-platja,2025-07-23 12:00:00,145.96054,163.0,7
cala-vedella-platja,2025-07-23 13:00:00,153.2428,234.0,7
cala-vedella-platja,2025-07-23 14:00:00,152.40424,247.0,7
cala-vedella-platja,2025-07-23 15:00:00,146.15376,228.0,7
cala-vedella-platja,2025-07-23 16:00:00,146.16017,212.0,7
cala-vedella-platja,2025-07-23 17:00:00,135.16884,175.0,7
cala-vedella-platja,2025-07-23 18:00:00,127.46035,166.0,7
cala-vedella-platja,2025-07-23 19:00:00,100.15338,115.0,7
cala-vedella-platja,2025-07-23 20:00:00,80.238106,8.0,7
cala-vedella-platja,2025-07-24 08:00:00,38.149456,52.0,7
cala-vedella-platja,2025-07-24 09:00:00,39.72767,130.0,7
cala-vedella-platja,2025-07-24 10:00:00,40.70439,189.0,7
cala-vedella-platja,2025-07-24 11:00:00,83.96123,201.0,7
cala-vedella-platja,2025-07-24 12:00:00,114.06664,145.0,7
cala-vedella-platja,2025-07-24 13:00:00,119.39877,128.0,7
cala-vedella-platja,2025-07-24 14:00:00,117.10005,111.0,7
cala-vedella-platja,2025-07-24 15:00:00,115.40895,82.0,7
cala-vedella-platja,2025-07-24 16:00:00,112.949776,47.0,7
cala-vedella-platja,2025-07-24 17:00:00,110.77788,41.0,7
cala-vedella-platja,2025-07-24 18:00:00,106.1936,42.0,7
cala-vedella-platja,2025-07-24 19:00:00,88.02689,21.0,7
cala-vedella-platja,2025-07-24 20:00:00,70.43308,6.0,7
cala-vedella-platja,2025-07-25 08:00:00,33.4562,54.0,7
cala-vedella-platja,2025-07-25 09:00:00,33.314526,161.0,7
cala-vedella-platja,2025-07-25 10:00:00,37.45048,206.0,7
cala-vedella-platja,2025-07-25 11:00:00,77.41239,223.0,7
cala-vedella-platja,2025-07-25 12:00:00,112.16242,221.0,7
cala-vedella-platja,2025-07-25 13:00:00,129.30727,224.0,7
cala-vedella-platja,2025-07-25 14:00:00,129.51424,281.31106567382864,7
cala-vedella-platja,2025-07-25 15:00:00,128.69342,281.31106567382864,7
cala-vedella-platja,2025-07-25 16:00:00,125.156845,264.0,7
cala-vedella-platja,2025-07-25 17:00:00,120.450035,212.0,7
cala-vedella-platja,2025-07-25 18:00:00,123.57065,117.0,7
cala-vedella-platja,2025-07-25 19:00:00,92.983734,83.0,7
cala-vedella-platja,2025-07-25 20:00:00,80.23973,8.0,7
cala-vedella-platja,2025-07-26 08:00:00,43.737915,76.0,7
cala-vedella-platja,2025-07-26 09:00:00,52.657166,195.0,7
cala-vedella-platja,2025-07-26 10:00:00,62.581253,262.0,7
cala-vedella-platja,2025-07-26 11:00:00,91.54119,281.31106567382864,7
cala-vedella-platja,2025-07-26 12:00:00,132.7897,264.0,7
cala-vedella-platja,2025-07-26 13:00:00,141.39178,265.0,7
cala-vedella-platja,2025-07-26 14:00:00,139.79121,225.0,7
cala-vedella-platja,2025-07-26 15:00:00,135.77937,246.0,7
cala-vedella-platja,2025-07-26 16:00:00,133.23161,219.0,7
cala-vedella-platja,2025-07-26 17:00:00,117.45681,216.0,7
cala-vedella-platja,2025-07-26 18:00:00,115.41933,148.0,7
cala-vedella-platja,2025-07-26 19:00:00,100.485,131.0,7
cala-vedella-platja,2025-07-26 20:00:00,92.70362,7.0,7
cala-vedella-platja,2025-07-27 08:00:00,46.129524,85.0,7
cala-vedella-platja,2025-07-27 09:00:00,55.542862,197.0,7
cala-vedella-platja,2025-07-27 10:00:00,65.11499,281.31106567382864,7
cala-vedella-platja,2025-07-27 11:00:00,93.18066,281.31106567382864,7
cala-vedella-platja,2025-07-27 12:00:00,134.7614,281.31106567382864,7
cala-vedella-platja,2025-07-27 13:00:00,143.65468,281.31106567382864,7
cala-vedella-platja,2025-07-27 14:00:00,143.4004,281.31106567382864,7
cala-vedella-platja,2025-07-27 15:00:00,140.6154,281.31106567382864,7
cala-vedella-platja,2025-07-27 16:00:00,137.9953,281.31106567382864,7
cala-vedella-platja,2025-07-27 17:00:00,132.8318,254.0,7
cala-vedella-platja,2025-07-27 18:00:00,126.97378,149.0,7
cala-vedella-platja,2025-07-27 19:00:00,100.70049,139.0,7
cala-vedella-platja,2025-07-27 20:00:00,91.56482,8.0,7
cala-vedella-platja,2025-07-28 08:00:00,38.12515,62.0,7
cala-vedella-platja,2025-07-28 09:00:00,43.31031,166.0,7
cala-vedella-platja,2025-07-28 11:00:00,86.06682,263.0,7
cala-vedella-platja,2025-07-28 13:00:00,141.62477,220.0,7
cala-vedella-platja,2025-07-28 14:00:00,141.37465,252.0,7
cala-vedella-platja,2025-07-28 15:00:00,139.02998,252.0,7
cala-vedella-platja,2025-07-28 16:00:00,137.48409,227.0,7
cala-vedella-platja,2025-07-28 17:00:00,120.44315,181.0,7
cala-vedella-platja,2025-07-28 18:00:00,112.303635,186.0,7
cala-vedella-platja,2025-07-28 19:00:00,99.96949,106.0,7
cala-vedella-platja,2025-07-28 20:00:00,87.43374,6.0,7
cala-vedella-platja,2025-07-29 08:00:00,43.495953,78.0,7
cala-vedella-platja,2025-07-29 09:00:00,41.83368,161.0,7
cala-vedella-platja,2025-07-29 10:00:00,41.431652,203.0,7
cala-vedella-platja,2025-07-29 11:00:00,67.05889,159.0,7
cala-vedella-platja,2025-07-29 12:00:00,117.19936,172.0,7
cala-vedella-platja,2025-07-29 13:00:00,132.23473,147.0,7
cala-vedella-platja,2025-07-29 14:00:00,128.6147,188.0,7
cala-vedella-platja,2025-07-29 15:00:00,125.16751,193.0,7
cala-vedella-platja,2025-07-29 16:00:00,122.62325,139.0,7
cala-vedella-platja,2025-07-29 17:00:00,120.42142,177.0,7
cala-vedella-platja,2025-07-29 18:00:00,118.082664,117.0,7
cala-vedella-platja,2025-07-29 19:00:00,102.38685,93.0,7
cala-vedella-platja,2025-07-29 20:00:00,88.53949,6.0,7
cala-vedella-platja,2025-07-30 08:00:00,44.531914,64.0,7
cala-vedella-platja,2025-07-30 09:00:00,53.398006,210.0,7
cala-vedella-platja,2025-07-30 10:00:00,61.6609,281.31106567382864,7
cala-vedella-platja,2025-07-30 11:00:00,88.56119,276.0,7
cala-vedella-platja,2025-07-30 12:00:00,124.88136,236.0,7
cala-vedella-platja,2025-07-30 13:00:00,142.16891,231.0,7
cala-vedella-platja,2025-07-30 14:00:00,139.43669,278.0,7
cala-vedella-platja,2025-07-30 15:00:00,132.15916,214.0,7
cala-vedella-platja,2025-07-30 16:00:00,130.58374,226.0,7
cala-vedella-platja,2025-07-30 17:00:00,124.81036,154.0,7
cala-vedella-platja,2025-07-30 18:00:00,120.15387,132.0,7
cala-vedella-platja,2025-07-30 19:00:00,102.10811,22.0,7
cala-vedella-platja,2025-07-30 20:00:00,88.60704,9.0,7
cala-vedella-platja,2025-07-31 08:00:00,44.397106,161.0,7
cala-vedella-platja,2025-07-31 09:00:00,56.36797,204.0,7
cala-vedella-platja,2025-07-31 10:00:00,66.65098,229.0,7
cala-vedella-platja,2025-07-31 11:00:00,94.634895,272.0,7
cala-vedella-platja,2025-07-31 12:00:00,136.37108,218.0,7
cala-vedella-platja,2025-07-31 13:00:00,142.95004,218.0,7
cala-vedella-platja,2025-07-31 14:00:00,135.73463,264.0,7
cala-vedella-platja,2025-07-31 15:00:00,133.64983,206.0,7
cala-vedella-platja,2025-07-31 16:00:00,131.35425,186.0,7
cala-vedella-platja,2025-07-31 17:00:00,124.84057,139.0,7
cala-vedella-platja,2025-07-31 18:00:00,120.05219,111.0,7
cala-vedella-platja,2025-07-31 19:00:00,102.28909,14.0,7
cala-vedella-platja,2025-07-31 20:00:00,88.79364,9.0,7
cala-vedella-platja,2025-08-01 08:00:00,40.39563,126.0,8
cala-vedella-platja,2025-08-01 09:00:00,58.572105,197.0,8
cala-vedella-platja,2025-08-01 10:00:00,71.99253,229.0,8
cala-vedella-platja,2025-08-01 11:00:00,104.39587,232.0,8
cala-vedella-platja,2025-08-01 12:00:00,145.89333,211.0,8
cala-vedella-platja,2025-08-01 13:00:00,153.19005,189.0,8
cala-vedella-platja,2025-08-01 14:00:00,151.52077,210.0,8
cala-vedella-platja,2025-08-01 15:00:00,146.27477,233.0,8
cala-vedella-platja,2025-08-01 16:00:00,139.08456,210.0,8
cala-vedella-platja,2025-08-01 17:00:00,128.89029,136.0,8
cala-vedella-platja,2025-08-01 18:00:00,121.64929,90.0,8
cala-vedella-platja,2025-08-01 19:00:00,101.23257,10.0,8
cala-vedella-platja,2025-08-01 20:00:00,89.147,9.0,8
cala-vedella-platja,2025-08-02 08:00:00,47.724857,140.0,8
cala-vedella-platja,2025-08-02 09:00:00,60.84669,197.0,8
cala-vedella-platja,2025-08-02 10:00:00,68.79301,228.0,8
cala-vedella-platja,2025-08-02 11:00:00,96.60734,213.0,8
cala-vedella-platja,2025-08-02 12:00:00,139.65465,189.0,8
cala-vedella-platja,2025-08-02 13:00:00,148.29465,211.0,8
cala-vedella-platja,2025-08-02 14:00:00,148.35832,224.0,8
cala-vedella-platja,2025-08-02 15:00:00,145.69339,227.0,8
cala-vedella-platja,2025-08-02 16:00:00,137.60272,206.0,8
cala-vedella-platja,2025-08-02 17:00:00,129.03833,146.0,8
cala-vedella-platja,2025-08-02 18:00:00,123.660355,143.0,8
cala-vedella-platja,2025-08-02 19:00:00,106.147545,13.0,8
cala-vedella-platja,2025-08-02 20:00:00,93.11571,10.0,8
cala-vedella-platja,2025-08-03 08:00:00,44.125957,174.0,8
cala-vedella-platja,2025-08-03 09:00:00,55.863575,248.0,8
cala-vedella-platja,2025-08-03 10:00:00,70.21159,281.31106567382864,8
cala-vedella-platja,2025-08-03 11:00:00,101.62226,281.31106567382864,8
cala-vedella-platja,2025-08-03 12:00:00,151.1555,281.31106567382864,8
cala-vedella-platja,2025-08-03 13:00:00,159.81757,281.31106567382864,8
cala-vedella-platja,2025-08-03 14:00:00,150.07608,281.31106567382864,8
cala-vedella-platja,2025-08-03 15:00:00,147.75179,281.31106567382864,8
cala-vedella-platja,2025-08-03 16:00:00,139.69748,239.0,8
cala-vedella-platja,2025-08-03 17:00:00,132.47798,179.0,8
cala-vedella-platja,2025-08-03 18:00:00,126.07903,96.0,8
cala-vedella-platja,2025-08-03 19:00:00,107.92088,9.0,8
cala-vedella-platja,2025-08-03 20:00:00,95.85104,6.0,8
cala-vedella-platja,2025-08-04 08:00:00,44.58763,118.0,8
cala-vedella-platja,2025-08-04 09:00:00,54.566322,180.0,8
cala-vedella-platja,2025-08-04 10:00:00,66.56752,209.0,8
cala-vedella-platja,2025-08-04 11:00:00,94.932205,228.0,8
cala-vedella-platja,2025-08-04 12:00:00,136.1591,219.0,8
cala-vedella-platja,2025-08-04 13:00:00,142.62233,181.0,8
cala-vedella-platja,2025-08-04 14:00:00,142.60222,245.0,8
cala-vedella-platja,2025-08-04 15:00:00,138.44032,225.0,8
cala-vedella-platja,2025-08-04 16:00:00,133.02403,249.0,8
cala-vedella-platja,2025-08-04 17:00:00,124.588486,165.0,8
cala-vedella-platja,2025-08-04 18:00:00,120.0082,147.0,8
cala-vedella-platja,2025-08-04 19:00:00,99.969795,18.0,8
cala-vedella-platja,2025-08-04 20:00:00,89.34013,7.0,8
cala-vedella-platja,2025-08-05 08:00:00,43.094807,109.0,8
cala-vedella-platja,2025-08-05 09:00:00,54.343685,209.0,8
cala-vedella-platja,2025-08-05 10:00:00,66.107666,232.0,8
cala-vedella-platja,2025-08-05 11:00:00,102.57197,242.0,8
cala-vedella-platja,2025-08-05 12:00:00,146.92339,208.0,8
cala-vedella-platja,2025-08-05 13:00:00,153.86757,230.0,8
cala-vedella-platja,2025-08-05 14:00:00,153.95837,232.0,8
cala-vedella-platja,2025-08-05 15:00:00,150.54573,232.0,8
cala-vedella-platja,2025-08-05 16:00:00,144.31053,239.0,8
cala-vedella-platja,2025-08-05 17:00:00,135.09854,193.0,8
cala-vedella-platja,2025-08-05 18:00:00,120.91923,148.0,8
cala-vedella-platja,2025-08-05 19:00:00,99.03208,17.0,8
cala-vedella-platja,2025-08-05 20:00:00,88.41592,6.0,8
cala-vedella-platja,2025-08-06 08:00:00,43.986023,141.0,8
cala-vedella-platja,2025-08-06 09:00:00,65.58501,193.0,8
cala-vedella-platja,2025-08-06 10:00:00,75.27466,235.0,8
cala-vedella-platja,2025-08-06 11:00:00,104.2,233.0,8
cala-vedella-platja,2025-08-06 12:00:00,146.87311,205.0,8
cala-vedella-platja,2025-08-06 13:00:00,154.58775,211.0,8
cala-vedella-platja,2025-08-06 14:00:00,154.09512,232.0,8
cala-vedella-platja,2025-08-06 15:00:00,149.09396,220.0,8
cala-vedella-platja,2025-08-06 16:00:00,139.92993,201.0,8
cala-vedella-platja,2025-08-06 17:00:00,128.17857,155.0,8
cala-vedella-platja,2025-08-06 18:00:00,121.26446,152.0,8
cala-vedella-platja,2025-08-06 19:00:00,98.48919,8.0,8
cala-vedella-platja,2025-08-06 20:00:00,88.87772,9.0,8
cala-vedella-platja,2025-08-07 08:00:00,45.15058,122.0,8
cala-vedella-platja,2025-08-07 09:00:00,63.22927,184.0,8
cala-vedella-platja,2025-08-07 10:00:00,77.9458,231.0,8
cala-vedella-platja,2025-08-07 11:00:00,104.4383,224.0,8
cala-vedella-platja,2025-08-07 12:00:00,147.29643,199.0,8
cala-vedella-platja,2025-08-07 13:00:00,156.1609,223.0,8
cala-vedella-platja,2025-08-07 14:00:00,157.22546,235.0,8
cala-vedella-platja,2025-08-07 15:00:00,154.1988,233.0,8
cala-vedella-platja,2025-08-07 16:00:00,146.67043,216.0,8
cala-vedella-platja,2025-08-07 17:00:00,127.76604,136.0,8
cala-vedella-platja,2025-08-07 18:00:00,107.01142,150.0,8
cala-vedella-platja,2025-08-07 19:00:00,86.86195,9.0,8
cala-vedella-platja,2025-08-07 20:00:00,76.932884,6.0,8
cala-vedella-platja,2025-08-08 08:00:00,43.003895,165.0,8
cala-vedella-platja,2025-08-08 09:00:00,65.365166,195.0,8
cala-vedella-platja,2025-08-08 10:00:00,63.282295,212.0,8
cala-vedella-platja,2025-08-08 11:00:00,85.57805,207.0,8
cala-vedella-platja,2025-08-08 12:00:00,135.95444,181.0,8
cala-vedella-platja,2025-08-08 13:00:00,143.39648,185.0,8
cala-vedella-platja,2025-08-08 14:00:00,153.76546,206.0,8
cala-vedella-platja,2025-08-08 15:00:00,151.95518,207.0,8
cala-vedella-platja,2025-08-08 16:00:00,152.3462,202.0,8
cala-vedella-platja,2025-08-08 17:00:00,131.01662,115.0,8
cala-vedella-platja,2025-08-08 18:00:00,119.23545,110.0,8
cala-vedella-platja,2025-08-08 19:00:00,92.619934,8.0,8
cala-vedella-platja,2025-08-08 20:00:00,81.35072,7.0,8
cala-vedella-platja,2025-08-09 08:00:00,42.173004,128.0,8
cala-vedella-platja,2025-08-09 09:00:00,61.37192,211.0,8
cala-vedella-platja,2025-08-09 10:00:00,76.98419,226.0,8
cala-vedella-platja,2025-08-09 11:00:00,106.17657,212.0,8
cala-vedella-platja,2025-08-09 12:00:00,147.72725,175.0,8
cala-vedella-platja,2025-08-09 13:00:00,156.06557,217.0,8
cala-vedella-platja,2025-08-09 14:00:00,156.29091,238.0,8
cala-vedella-platja,2025-08-09 15:00:00,153.24695,240.0,8
cala-vedella-platja,2025-08-09 16:00:00,153.47252,213.0,8
cala-vedella-platja,2025-08-09 17:00:00,147.66957,134.0,8
cala-vedella-platja,2025-08-09 18:00:00,127.364334,147.0,8
cala-vedella-platja,2025-08-09 19:00:00,93.15344,7.0,8
cala-vedella-platja,2025-08-09 20:00:00,84.2736,6.0,8
cala-vedella-platja,2025-08-10 08:00:00,41.39662,137.0,8
cala-vedella-platja,2025-08-10 09:00:00,60.51102,216.0,8
cala-vedella-platja,2025-08-10 10:00:00,76.599884,210.0,8
cala-vedella-platja,2025-08-10 11:00:00,106.36125,242.0,8
cala-vedella-platja,2025-08-10 12:00:00,149.62209,226.0,8
cala-vedella-platja,2025-08-10 13:00:00,158.32317,218.0,8
cala-vedella-platja,2025-08-10 14:00:00,158.97691,230.0,8
cala-vedella-platja,2025-08-10 15:00:00,154.6641,251.0,8
cala-vedella-platja,2025-08-10 16:00:00,154.93109,273.0,8
cala-vedella-platja,2025-08-10 17:00:00,148.80846,162.0,8
cala-vedella-platja,2025-08-10 18:00:00,135.40494,148.0,8
cala-vedella-platja,2025-08-10 19:00:00,95.66995,11.0,8
cala-vedella-platja,2025-08-10 20:00:00,94.170456,7.0,8
cala-vedella-platja,2025-08-11 08:00:00,44.780354,127.0,8
cala-vedella-platja,2025-08-11 09:00:00,58.81834,208.0,8
cala-vedella-platja,2025-08-11 10:00:00,72.739944,245.0,8
cala-vedella-platja,2025-08-11 11:00:00,103.96579,205.0,8
cala-vedella-platja,2025-08-11 12:00:00,146.47105,203.0,8
cala-vedella-platja,2025-08-11 13:00:00,152.85184,201.0,8
cala-vedella-platja,2025-08-11 14:00:00,153.6174,222.0,8
cala-vedella-platja,2025-08-11 15:00:00,148.79634,214.0,8
cala-vedella-platja,2025-08-11 16:00:00,150.00443,241.0,8
cala-vedella-platja,2025-08-11 17:00:00,143.94965,145.0,8
cala-vedella-platja,2025-08-11 18:00:00,129.5724,137.0,8
cala-vedella-platja,2025-08-11 19:00:00,92.121735,8.0,8
cala-vedella-platja,2025-08-11 20:00:00,84.36898,8.0,8
cala-vedella-platja,2025-08-12 08:00:00,46.03201,116.0,8
cala-vedella-platja,2025-08-12 09:00:00,63.024956,207.0,8
cala-vedella-platja,2025-08-12 10:00:00,73.79412,214.0,8
cala-vedella-platja,2025-08-12 11:00:00,105.181175,219.0,8
cala-vedella-platja,2025-08-12 12:00:00,148.55328,214.0,8
cala-vedella-platja,2025-08-12 13:00:00,154.00296,246.0,8
cala-vedella-platja,2025-08-12 14:00:00,153.6521,251.0,8
cala-vedella-platja,2025-08-12 15:00:00,151.40408,209.0,8
cala-vedella-platja,2025-08-12 16:00:00,150.32123,208.0,8
cala-vedella-platja,2025-08-12 17:00:00,146.62743,195.0,8
cala-vedella-platja,2025-08-12 18:00:00,128.02083,171.0,8
cala-vedella-platja,2025-08-12 19:00:00,86.464714,8.0,8
cala-vedella-platja,2025-08-12 20:00:00,80.80004,6.0,8
cala-vedella-platja,2025-08-13 08:00:00,41.725143,118.0,8
cala-vedella-platja,2025-08-13 09:00:00,60.593067,173.0,8
cala-vedella-platja,2025-08-13 10:00:00,73.56183,217.0,8
cala-vedella-platja,2025-08-13 11:00:00,104.226616,199.0,8
cala-vedella-platja,2025-08-13 12:00:00,146.4936,201.0,8
cala-vedella-platja,2025-08-13 13:00:00,153.28125,210.0,8
cala-vedella-platja,2025-08-13 14:00:00,151.32954,209.0,8
cala-vedella-platja,2025-08-13 15:00:00,148.43964,201.0,8
cala-vedella-platja,2025-08-13 16:00:00,150.96289,224.0,8
cala-vedella-platja,2025-08-13 17:00:00,149.0981,197.0,8
cala-vedella-platja,2025-08-13 18:00:00,117.45698,163.0,8
cala-vedella-platja,2025-08-13 19:00:00,92.93678,23.0,8
cala-vedella-platja,2025-08-13 20:00:00,86.58662,8.0,8
cala-vedella-platja,2025-08-14 08:00:00,36.675903,121.0,8
cala-vedella-platja,2025-08-14 09:00:00,57.279057,190.0,8
cala-vedella-platja,2025-08-14 10:00:00,75.7564,223.0,8
cala-vedella-platja,2025-08-14 11:00:00,107.31828,237.0,8
cala-vedella-platja,2025-08-14 12:00:00,146.01266,243.0,8
cala-vedella-platja,2025-08-14 13:00:00,152.46541,216.0,8
cala-vedella-platja,2025-08-14 14:00:00,151.02867,246.0,8
cala-vedella-platja,2025-08-14 15:00:00,148.86024,211.0,8
cala-vedella-platja,2025-08-14 16:00:00,153.97806,200.0,8
cala-vedella-platja,2025-08-14 17:00:00,146.54039,159.0,8
cala-vedella-platja,2025-08-14 18:00:00,123.58076,117.0,8
cala-vedella-platja,2025-08-14 19:00:00,92.85992,13.0,8
cala-vedella-platja,2025-08-14 20:00:00,82.01892,8.0,8
cala-vedella-platja,2025-08-15 08:00:00,46.545937,97.0,8
cala-vedella-platja,2025-08-15 09:00:00,63.16165,164.0,8
cala-vedella-platja,2025-08-15 10:00:00,74.452415,192.0,8
cala-vedella-platja,2025-08-15 11:00:00,105.92419,220.0,8
cala-vedella-platja,2025-08-15 12:00:00,145.8401,206.0,8
cala-vedella-platja,2025-08-15 13:00:00,153.43896,221.0,8
cala-vedella-platja,2025-08-15 14:00:00,154.40381,225.0,8
cala-vedella-platja,2025-08-15 15:00:00,149.95041,225.0,8
cala-vedella-platja,2025-08-15 16:00:00,152.59291,214.0,8
cala-vedella-platja,2025-08-15 17:00:00,142.987,181.0,8
cala-vedella-platja,2025-08-15 18:00:00,123.69795,165.0,8
cala-vedella-platja,2025-08-15 19:00:00,91.71686,16.0,8
cala-vedella-platja,2025-08-15 20:00:00,89.9504,9.0,8
cala-vedella-platja,2025-08-16 08:00:00,56.191673,97.0,8
cala-vedella-platja,2025-08-16 09:00:00,64.95629,166.0,8
cala-vedella-platja,2025-08-16 10:00:00,76.47357,211.0,8
cala-vedella-platja,2025-08-16 11:00:00,107.77978,194.0,8
cala-vedella-platja,2025-08-16 12:00:00,149.28928,185.0,8
cala-vedella-platja,2025-08-16 13:00:00,157.23543,223.0,8
cala-vedella-platja,2025-08-16 14:00:00,157.24318,222.0,8
cala-vedella-platja,2025-08-16 15:00:00,153.6442,243.0,8
cala-vedella-platja,2025-08-16 16:00:00,156.09515,213.0,8
cala-vedella-platja,2025-08-16 17:00:00,151.25983,187.0,8
cala-vedella-platja,2025-08-16 18:00:00,121.90707,151.0,8
cala-vedella-platja,2025-08-16 19:00:00,95.38455,16.0,8
cala-vedella-platja,2025-08-16 20:00:00,95.62553,8.0,8
cala-vedella-platja,2025-08-17 08:00:00,59.189625,123.0,8
cala-vedella-platja,2025-08-17 09:00:00,68.29491,224.0,8
cala-vedella-platja,2025-08-17 10:00:00,79.070724,281.31106567382864,8
cala-vedella-platja,2025-08-17 11:00:00,109.71103,281.31106567382864,8
cala-vedella-platja,2025-08-17 12:00:00,152.02275,261.0,8
cala-vedella-platja,2025-08-17 13:00:00,161.08192,241.0,8
cala-vedella-platja,2025-08-17 14:00:00,161.11707,279.0,8
cala-vedella-platja,2025-08-17 15:00:00,156.82306,261.0,8
cala-vedella-platja,2025-08-17 16:00:00,156.09117,209.0,8
cala-vedella-platja,2025-08-17 17:00:00,149.53212,195.0,8
cala-vedella-platja,2025-08-17 18:00:00,132.02187,107.0,8
cala-vedella-platja,2025-08-17 19:00:00,104.73146,7.0,8
cala-vedella-platja,2025-08-17 20:00:00,109.74482,7.0,8
cala-vedella-platja,2025-08-18 08:00:00,57.03558,141.0,8
cala-vedella-platja,2025-08-18 09:00:00,64.65202,168.0,8
cala-vedella-platja,2025-08-18 10:00:00,75.068375,281.31106567382864,8
cala-vedella-platja,2025-08-18 11:00:00,105.16946,277.0,8
cala-vedella-platja,2025-08-18 12:00:00,147.31935,263.0,8
cala-vedella-platja,2025-08-18 13:00:00,153.81926,266.0,8
cala-vedella-platja,2025-08-18 14:00:00,153.8327,239.0,8
cala-vedella-platja,2025-08-18 15:00:00,149.57677,252.0,8
cala-vedella-platja,2025-08-18 16:00:00,148.8702,249.0,8
cala-vedella-platja,2025-08-18 17:00:00,147.90582,176.0,8
cala-vedella-platja,2025-08-18 18:00:00,127.0044,111.0,8
cala-vedella-platja,2025-08-18 19:00:00,94.183716,12.0,8
cala-vedella-platja,2025-08-18 20:00:00,93.839874,9.0,8
cala-vedella-platja,2025-08-19 08:00:00,36.726067,46.0,8
cala-vedella-platja,2025-08-19 09:00:00,46.43604,48.0,8
cala-vedella-platja,2025-08-19 10:00:00,67.25566,86.0,8
cala-vedella-platja,2025-08-19 11:00:00,93.46858,135.0,8
cala-vedella-platja,2025-08-19 12:00:00,134.4817,152.0,8
cala-vedella-platja,2025-08-19 13:00:00,152.09692,198.0,8
cala-vedella-platja,2025-08-19 14:00:00,149.51262,198.0,8
cala-vedella-platja,2025-08-19 15:00:00,148.56163,240.0,8
cala-vedella-platja,2025-08-19 16:00:00,150.18227,265.0,8
cala-vedella-platja,2025-08-19 17:00:00,147.31973,185.0,8
cala-vedella-platja,2025-08-19 18:00:00,111.5876,186.0,8
cala-vedella-platja,2025-08-19 19:00:00,87.25065,8.0,8
cala-vedella-platja,2025-08-19 20:00:00,85.281586,7.0,8
cala-vedella-platja,2025-08-20 08:00:00,41.53522,113.0,8
cala-vedella-platja,2025-08-20 09:00:00,40.53827,206.0,8
cala-vedella-platja,2025-08-20 10:00:00,50.443493,281.31106567382864,8
cala-vedella-platja,2025-08-20 11:00:00,90.39342,281.31106567382864,8
cala-vedella-platja,2025-08-20 12:00:00,133.16269,261.0,8
cala-vedella-platja,2025-08-20 13:00:00,151.73204,273.0,8
cala-vedella-platja,2025-08-20 14:00:00,149.74272,281.31106567382864,8
cala-vedella-platja,2025-08-20 15:00:00,136.02565,281.31106567382864,8
cala-vedella-platja,2025-08-20 16:00:00,135.29549,270.0,8
cala-vedella-platja,2025-08-20 17:00:00,125.26684,198.0,8
cala-vedella-platja,2025-08-20 18:00:00,102.348495,108.0,8
cala-vedella-platja,2025-08-20 19:00:00,83.71092,6.0,8
cala-vedella-platja,2025-08-20 20:00:00,81.48384,7.0,8
cala-vedella-platja,2025-08-21 08:00:00,32.03918,102.0,8
cala-vedella-platja,2025-08-21 09:00:00,40.674957,258.0,8
cala-vedella-platja,2025-08-21 10:00:00,56.229313,281.31106567382864,8
cala-vedella-platja,2025-08-21 11:00:00,91.36254,281.31106567382864,8
cala-vedella-platja,2025-08-21 12:00:00,145.73953,252.0,8
cala-vedella-platja,2025-08-21 13:00:00,151.0616,281.0,8
cala-vedella-platja,2025-08-21 14:00:00,151.16469,281.31106567382864,8
cala-vedella-platja,2025-08-21 15:00:00,148.00092,281.31106567382864,8
cala-vedella-platja,2025-08-21 16:00:00,143.54076,281.31106567382864,8
cala-vedella-platja,2025-08-21 17:00:00,127.469574,190.0,8
cala-vedella-platja,2025-08-21 18:00:00,108.99425,128.0,8
cala-vedella-platja,2025-08-21 19:00:00,89.46856,7.0,8
cala-vedella-platja,2025-08-21 20:00:00,85.61881,6.0,8
cala-vedella-platja,2025-08-22 08:00:00,40.774582,104.0,8
cala-vedella-platja,2025-08-22 09:00:00,50.11479,221.0,8
cala-vedella-platja,2025-08-22 10:00:00,66.91439,257.0,8
cala-vedella-platja,2025-08-22 11:00:00,101.86521,272.0,8
cala-vedella-platja,2025-08-22 12:00:00,145.2386,271.0,8
cala-vedella-platja,2025-08-22 13:00:00,146.60341,258.0,8
cala-vedella-platja,2025-08-22 14:00:00,144.5112,255.0,8
cala-vedella-platja,2025-08-22 15:00:00,137.87074,227.0,8
cala-vedella-platja,2025-08-22 16:00:00,137.86789,183.0,8
cala-vedella-platja,2025-08-22 17:00:00,127.715225,136.0,8
cala-vedella-platja,2025-08-22 18:00:00,109.52356,132.0,8
cala-vedella-platja,2025-08-22 19:00:00,86.59863,7.0,8
cala-vedella-platja,2025-08-22 20:00:00,82.60259,7.0,8
cala-vedella-platja,2025-08-23 08:00:00,43.1541,111.0,8
cala-vedella-platja,2025-08-23 09:00:00,55.27341,226.0,8
cala-vedella-platja,2025-08-23 10:00:00,67.964775,261.0,8
cala-vedella-platja,2025-08-23 11:00:00,102.66654,254.0,8
cala-vedella-platja,2025-08-23 12:00:00,148.34244,241.0,8
cala-vedella-platja,2025-08-23 13:00:00,157.77039,261.0,8
cala-vedella-platja,2025-08-23 14:00:00,153.94182,281.31106567382864,8
cala-vedella-platja,2025-08-23 15:00:00,143.04861,281.31106567382864,8
cala-vedella-platja,2025-08-23 16:00:00,140.62032,247.0,8
cala-vedella-platja,2025-08-23 17:00:00,133.25923,155.0,8
cala-vedella-platja,2025-08-23 18:00:00,112.72082,113.0,8
cala-vedella-platja,2025-08-23 19:00:00,94.551,7.0,8
cala-vedella-platja,2025-08-23 20:00:00,94.0545,8.0,8
cala-vedella-platja,2025-08-24 08:00:00,45.10835,97.0,8
cala-vedella-platja,2025-08-24 09:00:00,52.977493,187.0,8
cala-vedella-platja,2025-08-24 10:00:00,69.61759,253.0,8
cala-vedella-platja,2025-08-24 11:00:00,107.62112,243.0,8
cala-vedella-platja,2025-08-24 12:00:00,152.74132,264.0,8
cala-vedella-platja,2025-08-24 13:00:00,161.49504,245.0,8
cala-vedella-platja,2025-08-24 14:00:00,160.94926,281.31106567382864,8
cala-vedella-platja,2025-08-24 15:00:00,157.06934,281.31106567382864,8
cala-vedella-platja,2025-08-24 16:00:00,148.07573,281.31106567382864,8
cala-vedella-platja,2025-08-24 17:00:00,143.41066,226.0,8
cala-vedella-platja,2025-08-24 18:00:00,115.16058,152.0,8
cala-vedella-platja,2025-08-24 19:00:00,97.34592,10.0,8
cala-vedella-platja,2025-08-24 20:00:00,96.53567,16.0,8
cala-vedella-platja,2025-08-25 08:00:00,35.27791,35.0,8
cala-vedella-platja,2025-08-25 09:00:00,50.7619,72.0,8
cala-vedella-platja,2025-08-25 10:00:00,53.730747,111.0,8
cala-vedella-platja,2025-08-25 11:00:00,97.88178,143.0,8
cala-vedella-platja,2025-08-25 12:00:00,142.31038,180.0,8
cala-vedella-platja,2025-08-25 13:00:00,146.33156,158.0,8
cala-vedella-platja,2025-08-25 14:00:00,145.55556,209.0,8
cala-vedella-platja,2025-08-25 15:00:00,139.8629,194.0,8
cala-vedella-platja,2025-08-25 16:00:00,141.52937,190.0,8
cala-vedella-platja,2025-08-25 17:00:00,139.42664,138.0,8
cala-vedella-platja,2025-08-25 18:00:00,104.37539,111.0,8
cala-vedella-platja,2025-08-25 19:00:00,91.41042,7.0,8
cala-vedella-platja,2025-08-25 20:00:00,84.3325,7.0,8
cala-vedella-platja,2025-08-26 08:00:00,43.73167,144.0,8
cala-vedella-platja,2025-08-26 09:00:00,60.330444,272.0,8
cala-vedella-platja,2025-08-26 10:00:00,74.97042,277.0,8
cala-vedella-platja,2025-08-26 11:00:00,104.9468,278.0,8
cala-vedella-platja,2025-08-26 12:00:00,146.72928,268.0,8
cala-vedella-platja,2025-08-26 13:00:00,146.60808,276.0,8
cala-vedella-platja,2025-08-26 14:00:00,147.73709,281.31106567382864,8
cala-vedella-platja,2025-08-26 15:00:00,148.51418,275.0,8
cala-vedella-platja,2025-08-26 16:00:00,148.55988,260.0,8
cala-vedella-platja,2025-08-26 17:00:00,140.5479,193.0,8
cala-vedella-platja,2025-08-26 18:00:00,107.518135,125.0,8
cala-vedella-platja,2025-08-26 19:00:00,85.45408,7.0,8
cala-vedella-platja,2025-08-26 20:00:00,81.97356,6.0,8
cala-vedella-platja,2025-08-27 08:00:00,54.44875,41.0,8
cala-vedella-platja,2025-08-27 09:00:00,57.91736,108.0,8
cala-vedella-platja,2025-08-27 10:00:00,67.29809,196.0,8
cala-vedella-platja,2025-08-27 11:00:00,100.79831,196.0,8
cala-vedella-platja,2025-08-27 12:00:00,145.15355,210.0,8
cala-vedella-platja,2025-08-27 13:00:00,152.24095,205.0,8
cala-vedella-platja,2025-08-27 14:00:00,151.3627,242.0,8
cala-vedella-platja,2025-08-27 15:00:00,148.62068,247.0,8
cala-vedella-platja,2025-08-27 16:00:00,146.33994,193.0,8
cala-vedella-platja,2025-08-27 17:00:00,134.83885,178.0,8
cala-vedella-platja,2025-08-27 18:00:00,108.80351,80.0,8
cala-vedella-platja,2025-08-27 19:00:00,91.38507,9.0,8
cala-vedella-platja,2025-08-27 20:00:00,90.27422,9.0,8
cala-vedella-platja,2025-08-28 08:00:00,40.642326,113.0,8
cala-vedella-platja,2025-08-28 09:00:00,48.39243,185.0,8
cala-vedella-platja,2025-08-28 10:00:00,72.30973,244.0,8
cala-vedella-platja,2025-08-28 11:00:00,99.36011,260.0,8
cala-vedella-platja,2025-08-28 12:00:00,144.7723,259.0,8
cala-vedella-platja,2025-08-28 13:00:00,153.23099,228.0,8
cala-vedella-platja,2025-08-28 14:00:00,149.3381,271.0,8
cala-vedella-platja,2025-08-28 15:00:00,135.55554,280.0,8
cala-vedella-platja,2025-08-28 16:00:00,134.74734,215.0,8
cala-vedella-platja,2025-08-28 17:00:00,120.637695,177.0,8
cala-vedella-platja,2025-08-28 18:00:00,100.25244,129.0,8
cala-vedella-platja,2025-08-28 19:00:00,83.468704,8.0,8
cala-vedella-platja,2025-08-28 20:00:00,79.31455,6.0,8
cala-vedella-platja,2025-08-29 08:00:00,40.54096,68.0,8
cala-vedella-platja,2025-08-29 09:00:00,44.12647,232.0,8
cala-vedella-platja,2025-08-29 10:00:00,63.06383,229.0,8
cala-vedella-platja,2025-08-29 11:00:00,91.95342,229.0,8
cala-vedella-platja,2025-08-29 12:00:00,136.49332,208.0,8
cala-vedella-platja,2025-08-29 13:00:00,151.02568,210.0,8
cala-vedella-platja,2025-08-29 14:00:00,141.49245,235.0,8
cala-vedella-platja,2025-08-29 15:00:00,137.02155,220.0,8
cala-vedella-platja,2025-08-29 16:00:00,135.09235,193.0,8
cala-vedella-platja,2025-08-29 17:00:00,126.712585,160.0,8
cala-vedella-platja,2025-08-29 18:00:00,108.6814,107.0,8
cala-vedella-platja,2025-08-29 19:00:00,90.942505,7.0,8
cala-vedella-platja,2025-08-29 20:00:00,90.494644,7.0,8
cala-vedella-platja,2025-08-30 08:00:00,34.852535,62.0,8
cala-vedella-platja,2025-08-30 09:00:00,50.20999,120.0,8
cala-vedella-platja,2025-08-30 10:00:00,64.513626,195.0,8
cala-vedella-platja,2025-08-30 11:00:00,105.234825,202.0,8
cala-vedella-platja,2025-08-30 12:00:00,149.55708,192.0,8
cala-vedella-platja,2025-08-30 13:00:00,156.52731,198.0,8
cala-vedella-platja,2025-08-30 14:00:00,153.40529,220.0,8
cala-vedella-platja,2025-08-30 15:00:00,151.19427,219.0,8
cala-vedella-platja,2025-08-30 16:00:00,150.33171,221.0,8
cala-vedella-platja,2025-08-30 17:00:00,137.89581,163.0,8
cala-vedella-platja,2025-08-30 18:00:00,111.88685,91.0,8
cala-vedella-platja,2025-08-30 19:00:00,94.60838,8.0,8
cala-vedella-platja,2025-08-30 20:00:00,92.80547,6.0,8
can-pastilla,2025-06-14 20:00:00,26.16049,22.0,6
can-pastilla,2025-06-15 08:00:00,29.18212,87.23047828674316,6
can-pastilla,2025-06-15 09:00:00,31.28545,87.23047828674316,6
can-pastilla,2025-06-15 10:00:00,32.028946,87.23047828674316,6
can-pastilla,2025-06-15 11:00:00,37.46802,87.23047828674316,6
can-pastilla,2025-06-15 12:00:00,39.330227,87.23047828674316,6
can-pastilla,2025-06-15 13:00:00,40.01592,87.23047828674316,6
can-pastilla,2025-06-15 14:00:00,53.06807,87.23047828674316,6
can-pastilla,2025-06-15 15:00:00,41.489624,87.23047828674316,6
can-pastilla,2025-06-15 16:00:00,38.146645,45.0,6
can-pastilla,2025-06-15 17:00:00,47.599094,17.0,6
can-pastilla,2025-06-15 18:00:00,36.63328,23.0,6
can-pastilla,2025-06-15 19:00:00,33.023518,5.0,6
can-pastilla,2025-06-15 20:00:00,29.879541,6.0,6
can-pastilla,2025-06-16 08:00:00,27.514595,87.23047828674316,6
can-pastilla,2025-06-16 09:00:00,33.421394,8.0,6
can-pastilla,2025-06-16 10:00:00,34.15844,25.0,6
can-pastilla,2025-06-16 11:00:00,36.48468,37.0,6
can-pastilla,2025-06-16 12:00:00,39.331615,23.0,6
can-pastilla,2025-06-16 13:00:00,39.139656,18.0,6
can-pastilla,2025-06-16 14:00:00,39.47262,22.0,6
can-pastilla,2025-06-16 15:00:00,37.279507,35.0,6
can-pastilla,2025-06-16 16:00:00,35.639805,87.23047828674316,6
can-pastilla,2025-06-16 17:00:00,34.88429,87.23047828674316,6
can-pastilla,2025-06-16 18:00:00,28.629526,87.23047828674316,6
can-pastilla,2025-06-16 19:00:00,26.086433,16.0,6
can-pastilla,2025-06-16 20:00:00,24.872751,5.0,6
can-pastilla,2025-06-17 08:00:00,24.328535,18.0,6
can-pastilla,2025-06-17 09:00:00,30.877998,23.0,6
can-pastilla,2025-06-17 10:00:00,33.70197,20.0,6
can-pastilla,2025-06-17 11:00:00,37.4185,25.0,6
can-pastilla,2025-06-17 12:00:00,38.175488,24.0,6
can-pastilla,2025-06-17 13:00:00,38.817783,25.0,6
can-pastilla,2025-06-17 14:00:00,38.72907,23.0,6
can-pastilla,2025-06-17 15:00:00,37.253395,21.0,6
can-pastilla,2025-06-17 16:00:00,35.04446,45.0,6
can-pastilla,2025-06-17 17:00:00,33.79899,72.0,6
can-pastilla,2025-06-17 18:00:00,28.414919,87.23047828674316,6
can-pastilla,2025-06-17 19:00:00,25.999186,10.0,6
can-pastilla,2025-06-17 20:00:00,24.897083,12.0,6
can-pastilla,2025-06-18 08:00:00,24.40542,87.23047828674316,6
can-pastilla,2025-06-18 09:00:00,31.35515,87.23047828674316,6
can-pastilla,2025-06-18 10:00:00,33.76875,41.0,6
can-pastilla,2025-06-18 11:00:00,36.825886,37.0,6
can-pastilla,2025-06-18 12:00:00,38.96461,25.0,6
can-pastilla,2025-06-18 13:00:00,39.08693,19.0,6
can-pastilla,2025-06-18 14:00:00,37.165,35.0,6
can-pastilla,2025-06-18 15:00:00,38.420483,21.0,6
can-pastilla,2025-06-18 16:00:00,34.92881,87.23047828674316,6
can-pastilla,2025-06-18 17:00:00,29.339882,87.23047828674316,6
can-pastilla,2025-06-18 18:00:00,32.79254,87.23047828674316,6
can-pastilla,2025-06-18 19:00:00,26.569464,85.0,6
can-pastilla,2025-06-18 20:00:00,32.379803,5.0,6
can-pastilla,2025-06-19 08:00:00,24.804628,87.23047828674316,6
can-pastilla,2025-06-19 09:00:00,31.374695,87.23047828674316,6
can-pastilla,2025-06-19 10:00:00,38.40465,27.0,6
can-pastilla,2025-06-19 11:00:00,37.120335,30.0,6
can-pastilla,2025-06-19 12:00:00,39.67783,17.0,6
can-pastilla,2025-06-19 13:00:00,40.65598,34.0,6
can-pastilla,2025-06-19 14:00:00,36.60187,17.0,6
can-pastilla,2025-06-19 15:00:00,37.89177,25.0,6
can-pastilla,2025-06-19 16:00:00,35.742496,19.0,6
can-pastilla,2025-06-19 17:00:00,29.896343,87.23047828674316,6
can-pastilla,2025-06-19 18:00:00,29.35971,87.23047828674316,6
can-pastilla,2025-06-19 19:00:00,26.40232,33.0,6
can-pastilla,2025-06-19 20:00:00,25.10578,10.0,6
can-pastilla,2025-06-20 08:00:00,26.408604,11.0,6
can-pastilla,2025-06-20 09:00:00,31.78527,30.0,6
can-pastilla,2025-06-20 10:00:00,34.25417,87.23047828674316,6
can-pastilla,2025-06-20 11:00:00,37.08178,40.0,6
can-pastilla,2025-06-20 12:00:00,39.218616,33.0,6
can-pastilla,2025-06-20 13:00:00,38.94533,33.0,6
can-pastilla,2025-06-20 14:00:00,39.281612,46.0,6
can-pastilla,2025-06-20 15:00:00,46.820076,50.0,6
can-pastilla,2025-06-20 16:00:00,47.806248,87.23047828674316,6
can-pastilla,2025-06-20 17:00:00,37.581112,87.23047828674316,6
can-pastilla,2025-06-20 18:00:00,31.836166,87.23047828674316,6
can-pastilla,2025-06-20 19:00:00,29.773144,66.0,6
can-pastilla,2025-06-20 20:00:00,29.515522,9.0,6
can-pastilla,2025-06-21 08:00:00,32.47966,19.0,6
can-pastilla,2025-06-21 09:00:00,42.093845,25.0,6
can-pastilla,2025-06-21 10:00:00,40.995407,87.23047828674316,6
can-pastilla,2025-06-21 11:00:00,44.15554,32.0,6
can-pastilla,2025-06-21 12:00:00,46.75113,30.0,6
can-pastilla,2025-06-21 13:00:00,46.438637,40.0,6
can-pastilla,2025-06-21 14:00:00,45.886013,39.0,6
can-pastilla,2025-06-21 15:00:00,40.271442,33.0,6
can-pastilla,2025-06-21 16:00:00,38.90557,87.23047828674316,6
can-pastilla,2025-06-21 17:00:00,37.450943,52.0,6
can-pastilla,2025-06-21 18:00:00,32.96244,87.23047828674316,6
can-pastilla,2025-06-21 19:00:00,30.497698,19.0,6
can-pastilla,2025-06-21 20:00:00,33.67786,42.0,6
can-pastilla,2025-06-22 08:00:00,28.253609,87.23047828674316,6
can-pastilla,2025-06-22 09:00:00,36.37531,43.0,6
can-pastilla,2025-06-22 10:00:00,37.55952,18.0,6
can-pastilla,2025-06-22 11:00:00,41.2561,50.0,6
can-pastilla,2025-06-22 12:00:00,42.673786,30.0,6
can-pastilla,2025-06-22 13:00:00,42.900772,26.0,6
can-pastilla,2025-06-22 14:00:00,42.413662,32.0,6
can-pastilla,2025-06-22 15:00:00,41.41291,29.0,6
can-pastilla,2025-06-22 16:00:00,39.303486,87.23047828674316,6
can-pastilla,2025-06-22 17:00:00,34.668224,87.23047828674316,6
can-pastilla,2025-06-22 18:00:00,32.738613,23.0,6
can-pastilla,2025-06-22 19:00:00,30.082394,14.0,6
can-pastilla,2025-06-22 20:00:00,33.723732,10.0,6
can-pastilla,2025-06-23 08:00:00,28.392653,87.23047828674316,6
can-pastilla,2025-06-23 09:00:00,35.315372,87.23047828674316,6
can-pastilla,2025-06-23 10:00:00,35.746952,87.23047828674316,6
can-pastilla,2025-06-23 11:00:00,40.06856,50.0,6
can-pastilla,2025-06-23 12:00:00,41.629353,28.0,6
can-pastilla,2025-06-23 13:00:00,42.493176,34.0,6
can-pastilla,2025-06-23 14:00:00,40.299507,41.0,6
can-pastilla,2025-06-23 15:00:00,49.584106,43.0,6
can-pastilla,2025-06-23 16:00:00,46.152645,13.0,6
can-pastilla,2025-06-23 17:00:00,48.645306,18.0,6
can-pastilla,2025-06-23 18:00:00,35.670082,20.0,6
can-pastilla,2025-06-23 19:00:00,32.775394,45.0,6
can-pastilla,2025-06-23 20:00:00,30.647991,9.0,6
can-pastilla,2025-06-24 08:00:00,29.36523,87.23047828674316,6
can-pastilla,2025-06-24 09:00:00,36.349197,87.23047828674316,6
can-pastilla,2025-06-24 10:00:00,36.50674,87.23047828674316,6
can-pastilla,2025-06-24 11:00:00,38.808823,38.0,6
can-pastilla,2025-06-24 12:00:00,40.696114,39.0,6
can-pastilla,2025-06-24 13:00:00,42.323692,28.0,6
can-pastilla,2025-06-24 14:00:00,41.376595,38.0,6
can-pastilla,2025-06-24 15:00:00,49.589542,35.0,6
can-pastilla,2025-06-24 16:00:00,50.244186,87.23047828674316,6
can-pastilla,2025-06-24 17:00:00,38.823715,31.0,6
can-pastilla,2025-06-24 18:00:00,47.91332,29.0,6
can-pastilla,2025-06-24 19:00:00,34.354755,15.0,6
can-pastilla,2025-06-24 20:00:00,33.8823,30.0,6
can-pastilla,2025-06-25 08:00:00,36.263233,65.0,6
can-pastilla,2025-06-25 09:00:00,40.131847,87.23047828674316,6
can-pastilla,2025-06-25 10:00:00,39.817158,87.23047828674316,6
can-pastilla,2025-06-25 11:00:00,43.205853,70.0,6
can-pastilla,2025-06-25 12:00:00,45.278133,51.0,6
can-pastilla,2025-06-25 13:00:00,45.20514,66.0,6
can-pastilla,2025-06-25 14:00:00,43.007713,62.0,6
can-pastilla,2025-06-25 15:00:00,57.02558,42.0,6
can-pastilla,2025-06-25 16:00:00,42.07851,13.0,6
can-pastilla,2025-06-25 17:00:00,37.32553,22.0,6
can-pastilla,2025-06-25 18:00:00,36.666855,33.0,6
can-pastilla,2025-06-25 19:00:00,31.844479,15.0,6
can-pastilla,2025-06-25 20:00:00,38.406998,29.0,6
can-pastilla,2025-06-26 08:00:00,34.567772,50.0,6
can-pastilla,2025-06-26 09:00:00,38.641594,8.0,6
can-pastilla,2025-06-26 10:00:00,39.38134,47.0,6
can-pastilla,2025-06-26 11:00:00,42.299713,50.0,6
can-pastilla,2025-06-26 12:00:00,40.992317,31.0,6
can-pastilla,2025-06-26 13:00:00,40.876335,31.0,6
can-pastilla,2025-06-26 14:00:00,40.662376,55.0,6
can-pastilla,2025-06-26 15:00:00,49.619347,42.0,6
can-pastilla,2025-06-26 16:00:00,46.644867,87.23047828674316,6
can-pastilla,2025-06-26 17:00:00,44.61217,87.23047828674316,6
can-pastilla,2025-06-26 18:00:00,40.15545,87.23047828674316,6
can-pastilla,2025-06-26 19:00:00,33.73021,17.0,6
can-pastilla,2025-06-26 20:00:00,30.907171,11.0,6
can-pastilla,2025-06-27 08:00:00,34.824337,26.0,6
can-pastilla,2025-06-27 09:00:00,40.296303,42.0,6
can-pastilla,2025-06-27 10:00:00,39.50828,35.0,6
can-pastilla,2025-06-27 11:00:00,42.187428,45.0,6
can-pastilla,2025-06-27 12:00:00,41.911182,29.0,6
can-pastilla,2025-06-27 13:00:00,41.681984,26.0,6
can-pastilla,2025-06-27 14:00:00,40.49863,44.0,6
can-pastilla,2025-06-27 15:00:00,49.757908,60.0,6
can-pastilla,2025-06-27 16:00:00,50.045216,87.23047828674316,6
can-pastilla,2025-06-27 17:00:00,38.995197,41.0,6
can-pastilla,2025-06-27 18:00:00,44.7806,79.0,6
can-pastilla,2025-06-27 19:00:00,32.415035,22.0,6
can-pastilla,2025-06-27 20:00:00,39.841267,11.0,6
can-pastilla,2025-06-28 08:00:00,40.155083,25.0,6
can-pastilla,2025-06-28 09:00:00,45.7345,39.0,6
can-pastilla,2025-06-28 10:00:00,45.669827,13.0,6
can-pastilla,2025-06-28 11:00:00,50.879826,52.0,6
can-pastilla,2025-06-28 12:00:00,61.218964,34.0,6
can-pastilla,2025-06-28 13:00:00,62.272556,48.0,6
can-pastilla,2025-06-28 14:00:00,62.332047,54.0,6
can-pastilla,2025-06-28 15:00:00,61.147022,53.0,6
can-pastilla,2025-06-28 16:00:00,63.01698,87.23047828674316,6
can-pastilla,2025-06-28 17:00:00,49.031754,42.0,6
can-pastilla,2025-06-28 18:00:00,47.25039,34.0,6
can-pastilla,2025-06-28 19:00:00,38.812595,20.0,6
can-pastilla,2025-06-28 20:00:00,42.30824,10.0,6
can-pastilla,2025-06-29 08:00:00,38.79651,87.23047828674316,6
can-pastilla,2025-06-29 09:00:00,48.79374,87.23047828674316,6
can-pastilla,2025-06-29 10:00:00,55.06119,87.23047828674316,6
can-pastilla,2025-06-29 11:00:00,62.40988,80.0,6
can-pastilla,2025-06-29 12:00:00,69.82508,78.0,6
can-pastilla,2025-06-29 13:00:00,73.02736,42.0,6
can-pastilla,2025-06-29 14:00:00,72.78661,49.0,6
can-pastilla,2025-06-29 15:00:00,58.569523,50.0,6
can-pastilla,2025-06-29 16:00:00,55.71304,72.0,6
can-pastilla,2025-06-29 17:00:00,46.645817,87.23047828674316,6
can-pastilla,2025-06-29 18:00:00,42.756737,87.23047828674316,6
can-pastilla,2025-06-29 19:00:00,37.4212,35.0,6
can-pastilla,2025-06-29 20:00:00,41.901527,40.0,6
can-pastilla,2025-06-30 08:00:00,33.240803,47.0,6
can-pastilla,2025-06-30 09:00:00,41.238728,45.0,6
can-pastilla,2025-06-30 10:00:00,45.849003,48.0,6
can-pastilla,2025-06-30 11:00:00,46.042534,68.0,6
can-pastilla,2025-06-30 12:00:00,47.627728,37.0,6
can-pastilla,2025-06-30 13:00:00,47.000763,42.0,6
can-pastilla,2025-06-30 14:00:00,46.98075,57.0,6
can-pastilla,2025-06-30 15:00:00,55.33131,33.0,6
can-pastilla,2025-06-30 16:00:00,56.641335,87.23047828674316,6
can-pastilla,2025-06-30 17:00:00,54.31977,87.23047828674316,6
can-pastilla,2025-06-30 18:00:00,40.931087,87.23047828674316,6
can-pastilla,2025-06-30 19:00:00,34.435696,87.23047828674316,6
can-pastilla,2025-06-30 20:00:00,31.982872,37.0,6
can-pastilla,2025-07-01 08:00:00,33.331673,58.0,7
can-pastilla,2025-07-01 09:00:00,39.830208,33.0,7
can-pastilla,2025-07-01 10:00:00,41.414074,50.0,7
can-pastilla,2025-07-01 11:00:00,44.80611,87.23047828674316,7
can-pastilla,2025-07-01 12:00:00,46.87771,53.0,7
can-pastilla,2025-07-01 13:00:00,46.37308,52.0,7
can-pastilla,2025-07-01 14:00:00,44.466187,41.0,7
can-pastilla,2025-07-01 15:00:00,45.56586,54.0,7
can-pastilla,2025-07-01 16:00:00,47.0501,87.23047828674316,7
can-pastilla,2025-07-01 17:00:00,50.93298,24.0,7
can-pastilla,2025-07-01 18:00:00,37.372498,46.0,7
can-pastilla,2025-07-01 19:00:00,33.303577,27.0,7
can-pastilla,2025-07-01 20:00:00,40.036137,30.0,7
can-pastilla,2025-07-02 08:00:00,38.837955,87.23047828674316,7
can-pastilla,2025-07-02 09:00:00,43.464096,87.23047828674316,7
can-pastilla,2025-07-02 10:00:00,41.77235,87.23047828674316,7
can-pastilla,2025-07-02 11:00:00,43.37081,67.0,7
can-pastilla,2025-07-02 12:00:00,46.31035,53.0,7
can-pastilla,2025-07-02 13:00:00,47.647263,43.0,7
can-pastilla,2025-07-02 14:00:00,45.09669,60.0,7
can-pastilla,2025-07-02 15:00:00,55.892647,53.0,7
can-pastilla,2025-07-02 16:00:00,52.97277,87.23047828674316,7
can-pastilla,2025-07-02 17:00:00,54.104168,87.23047828674316,7
can-pastilla,2025-07-02 18:00:00,53.046326,57.0,7
can-pastilla,2025-07-02 19:00:00,36.03377,32.0,7
can-pastilla,2025-07-02 20:00:00,41.49853,36.0,7
can-pastilla,2025-07-03 08:00:00,40.158104,31.0,7
can-pastilla,2025-07-03 09:00:00,43.592804,29.0,7
can-pastilla,2025-07-03 10:00:00,46.49414,36.0,7
can-pastilla,2025-07-03 11:00:00,50.037457,51.0,7
can-pastilla,2025-07-03 12:00:00,53.336544,64.0,7
can-pastilla,2025-07-03 13:00:00,50.20592,40.0,7
can-pastilla,2025-07-03 14:00:00,47.625988,60.0,7
can-pastilla,2025-07-03 15:00:00,42.35169,37.0,7
can-pastilla,2025-07-03 16:00:00,53.765366,29.0,7
can-pastilla,2025-07-03 17:00:00,53.46273,87.23047828674316,7
can-pastilla,2025-07-03 18:00:00,44.75509,87.23047828674316,7
can-pastilla,2025-07-03 19:00:00,36.30544,24.0,7
can-pastilla,2025-07-03 20:00:00,32.572304,10.0,7
can-pastilla,2025-07-04 08:00:00,34.959343,70.0,7
can-pastilla,2025-07-04 09:00:00,44.792793,34.0,7
can-pastilla,2025-07-04 10:00:00,45.001686,46.0,7
can-pastilla,2025-07-04 11:00:00,49.138874,87.23047828674316,7
can-pastilla,2025-07-04 12:00:00,52.205086,70.0,7
can-pastilla,2025-07-04 13:00:00,52.80469,37.0,7
can-pastilla,2025-07-04 14:00:00,52.83453,38.0,7
can-pastilla,2025-07-04 15:00:00,59.84249,53.0,7
can-pastilla,2025-07-04 16:00:00,59.982574,23.0,7
can-pastilla,2025-07-04 17:00:00,54.29253,27.0,7
can-pastilla,2025-07-04 18:00:00,47.05885,57.0,7
can-pastilla,2025-07-04 19:00:00,37.94945,16.0,7
can-pastilla,2025-07-04 20:00:00,35.164993,6.0,7
can-pastilla,2025-07-05 08:00:00,37.065468,66.0,7
can-pastilla,2025-07-05 09:00:00,48.328133,87.23047828674316,7
can-pastilla,2025-07-05 10:00:00,47.2033,41.0,7
can-pastilla,2025-07-05 11:00:00,51.545906,52.0,7
can-pastilla,2025-07-05 12:00:00,54.570187,57.0,7
can-pastilla,2025-07-05 13:00:00,54.253353,56.0,7
can-pastilla,2025-07-05 14:00:00,53.306538,56.0,7
can-pastilla,2025-07-05 15:00:00,61.057735,42.0,7
can-pastilla,2025-07-05 16:00:00,46.674828,30.0,7
can-pastilla,2025-07-05 17:00:00,55.582756,13.0,7
can-pastilla,2025-07-05 18:00:00,42.397633,87.23047828674316,7
can-pastilla,2025-07-05 19:00:00,43.230152,87.23047828674316,7
can-pastilla,2025-07-05 20:00:00,44.939465,5.0,7
can-pastilla,2025-07-06 08:00:00,39.611126,87.23047828674316,7
can-pastilla,2025-07-06 09:00:00,40.209515,87.23047828674316,7
can-pastilla,2025-07-06 10:00:00,46.828697,87.23047828674316,7
can-pastilla,2025-07-06 11:00:00,50.53141,72.0,7
can-pastilla,2025-07-06 12:00:00,52.484676,58.0,7
can-pastilla,2025-07-06 13:00:00,53.61895,42.0,7
can-pastilla,2025-07-06 14:00:00,52.20868,47.0,7
can-pastilla,2025-07-06 15:00:00,61.352505,58.0,7
can-pastilla,2025-07-06 16:00:00,61.559155,61.0,7
can-pastilla,2025-07-06 17:00:00,44.268085,87.23047828674316,7
can-pastilla,2025-07-06 18:00:00,42.037243,87.23047828674316,7
can-pastilla,2025-07-06 19:00:00,34.74596,87.23047828674316,7
can-pastilla,2025-07-06 20:00:00,42.372013,5.0,7
can-pastilla,2025-07-07 08:00:00,38.853256,56.0,7
can-pastilla,2025-07-07 09:00:00,46.331436,87.23047828674316,7
can-pastilla,2025-07-07 10:00:00,46.552425,70.0,7
can-pastilla,2025-07-07 11:00:00,49.327404,34.0,7
can-pastilla,2025-07-07 12:00:00,53.14471,50.0,7
can-pastilla,2025-07-07 13:00:00,52.167072,46.0,7
can-pastilla,2025-07-07 14:00:00,50.712677,47.0,7
can-pastilla,2025-07-07 15:00:00,47.50263,53.0,7
can-pastilla,2025-07-07 16:00:00,42.87005,24.0,7
can-pastilla,2025-07-07 17:00:00,40.906654,24.0,7
can-pastilla,2025-07-07 18:00:00,43.28884,9.0,7
can-pastilla,2025-07-07 19:00:00,35.89889,87.23047828674316,7
can-pastilla,2025-07-07 20:00:00,40.365845,4.0,7
can-pastilla,2025-07-08 08:00:00,35.12218,87.23047828674316,7
can-pastilla,2025-07-08 09:00:00,36.020428,87.23047828674316,7
can-pastilla,2025-07-08 10:00:00,37.21553,39.0,7
can-pastilla,2025-07-08 11:00:00,39.898144,54.0,7
can-pastilla,2025-07-08 12:00:00,40.129528,46.0,7
can-pastilla,2025-07-08 13:00:00,48.537468,50.0,7
can-pastilla,2025-07-08 14:00:00,48.869095,68.0,7
can-pastilla,2025-07-08 15:00:00,54.547276,77.0,7
can-pastilla,2025-07-08 16:00:00,43.13838,66.0,7
can-pastilla,2025-07-08 17:00:00,42.059517,38.0,7
can-pastilla,2025-07-08 18:00:00,38.442593,44.0,7
can-pastilla,2025-07-08 19:00:00,38.565403,44.0,7
can-pastilla,2025-07-08 20:00:00,38.471664,55.0,7
can-pastilla,2025-07-09 08:00:00,37.32078,87.23047828674316,7
can-pastilla,2025-07-09 09:00:00,42.69961,87.23047828674316,7
can-pastilla,2025-07-09 10:00:00,44.1825,53.0,7
can-pastilla,2025-07-09 11:00:00,50.849564,78.0,7
can-pastilla,2025-07-09 12:00:00,53.892456,48.0,7
can-pastilla,2025-07-09 13:00:00,52.47165,57.0,7
can-pastilla,2025-07-09 14:00:00,51.240593,46.0,7
can-pastilla,2025-07-09 15:00:00,48.753952,27.0,7
can-pastilla,2025-07-09 16:00:00,45.05825,87.23047828674316,7
can-pastilla,2025-07-09 17:00:00,44.1514,33.0,7
can-pastilla,2025-07-09 18:00:00,38.971405,19.0,7
can-pastilla,2025-07-09 19:00:00,37.551746,87.23047828674316,7
can-pastilla,2025-07-09 20:00:00,38.108685,6.0,7
can-pastilla,2025-07-10 08:00:00,31.622805,31.0,7
can-pastilla,2025-07-10 09:00:00,39.813663,28.0,7
can-pastilla,2025-07-10 10:00:00,40.475803,21.0,7
can-pastilla,2025-07-10 11:00:00,44.19786,12.0,7
can-pastilla,2025-07-10 12:00:00,46.590816,25.0,7
can-pastilla,2025-07-10 13:00:00,48.66211,28.0,7
can-pastilla,2025-07-10 14:00:00,47.60222,36.0,7
can-pastilla,2025-07-10 15:00:00,56.105732,27.0,7
can-pastilla,2025-07-10 16:00:00,57.724503,87.23047828674316,7
can-pastilla,2025-07-10 17:00:00,50.341114,87.23047828674316,7
can-pastilla,2025-07-10 18:00:00,38.607,87.23047828674316,7
can-pastilla,2025-07-10 19:00:00,35.77922,9.0,7
can-pastilla,2025-07-10 20:00:00,35.760605,7.0,7
can-pastilla,2025-07-11 08:00:00,37.444675,41.0,7
can-pastilla,2025-07-11 09:00:00,42.99573,70.0,7
can-pastilla,2025-07-11 10:00:00,45.479675,47.0,7
can-pastilla,2025-07-11 11:00:00,48.58031,55.0,7
can-pastilla,2025-07-11 12:00:00,49.95322,50.0,7
can-pastilla,2025-07-11 13:00:00,51.408066,59.0,7
can-pastilla,2025-07-11 14:00:00,50.8896,47.0,7
can-pastilla,2025-07-11 15:00:00,58.462128,47.0,7
can-pastilla,2025-07-11 16:00:00,46.543724,87.23047828674316,7
can-pastilla,2025-07-11 17:00:00,44.68192,87.23047828674316,7
can-pastilla,2025-07-11 18:00:00,39.19064,87.23047828674316,7
can-pastilla,2025-07-11 19:00:00,35.372116,56.0,7
can-pastilla,2025-07-11 20:00:00,34.913593,7.0,7
can-pastilla,2025-07-12 08:00:00,37.451874,10.0,7
can-pastilla,2025-07-12 09:00:00,33.31694,23.0,7
can-pastilla,2025-07-12 10:00:00,43.638653,19.0,7
can-pastilla,2025-07-12 11:00:00,48.704258,16.0,7
can-pastilla,2025-07-12 12:00:00,52.470318,41.0,7
can-pastilla,2025-07-12 13:00:00,51.662376,42.0,7
can-pastilla,2025-07-12 14:00:00,48.341415,36.0,7
can-pastilla,2025-07-12 15:00:00,58.492805,13.0,7
can-pastilla,2025-07-12 16:00:00,48.380432,46.0,7
can-pastilla,2025-07-12 17:00:00,44.016834,44.0,7
can-pastilla,2025-07-12 18:00:00,39.020496,87.23047828674316,7
can-pastilla,2025-07-12 19:00:00,35.384586,27.0,7
can-pastilla,2025-07-12 20:00:00,42.12113,7.0,7
can-pastilla,2025-07-13 08:00:00,38.719795,66.0,7
can-pastilla,2025-07-13 09:00:00,47.648457,32.0,7
can-pastilla,2025-07-13 10:00:00,47.90244,61.0,7
can-pastilla,2025-07-13 11:00:00,52.473568,43.0,7
can-pastilla,2025-07-13 12:00:00,55.52542,24.0,7
can-pastilla,2025-07-13 13:00:00,56.561314,33.0,7
can-pastilla,2025-07-13 14:00:00,55.5557,42.0,7
can-pastilla,2025-07-13 15:00:00,54.709156,37.0,7
can-pastilla,2025-07-13 16:00:00,61.27484,87.23047828674316,7
can-pastilla,2025-07-13 17:00:00,56.11792,87.23047828674316,7
can-pastilla,2025-07-13 18:00:00,46.57683,87.23047828674316,7
can-pastilla,2025-07-13 19:00:00,41.43669,32.0,7
can-pastilla,2025-07-13 20:00:00,40.12356,5.0,7
can-pastilla,2025-07-14 08:00:00,38.58875,70.0,7
can-pastilla,2025-07-14 09:00:00,46.013664,87.23047828674316,7
can-pastilla,2025-07-14 10:00:00,46.777576,87.23047828674316,7
can-pastilla,2025-07-14 11:00:00,50.477764,87.23047828674316,7
can-pastilla,2025-07-14 12:00:00,55.57409,87.23047828674316,7
can-pastilla,2025-07-14 13:00:00,56.502132,87.23047828674316,7
can-pastilla,2025-07-14 14:00:00,52.682663,87.23047828674316,7
can-pastilla,2025-07-14 15:00:00,57.602898,87.23047828674316,7
can-pastilla,2025-07-14 16:00:00,56.80788,87.23047828674316,7
can-pastilla,2025-07-14 17:00:00,58.084156,84.0,7
can-pastilla,2025-07-14 18:00:00,56.461807,68.0,7
can-pastilla,2025-07-14 19:00:00,42.55741,63.0,7
can-pastilla,2025-07-14 20:00:00,40.205803,58.0,7
can-pastilla,2025-07-15 08:00:00,38.823315,87.23047828674316,7
can-pastilla,2025-07-15 09:00:00,46.361862,87.23047828674316,7
can-pastilla,2025-07-15 10:00:00,49.950226,87.23047828674316,7
can-pastilla,2025-07-15 11:00:00,52.9309,87.23047828674316,7
can-pastilla,2025-07-15 12:00:00,56.354576,87.23047828674316,7
can-pastilla,2025-07-15 13:00:00,56.68324,87.23047828674316,7
can-pastilla,2025-07-15 14:00:00,57.06547,87.23047828674316,7
can-pastilla,2025-07-15 15:00:00,62.73911,6.0,7
can-pastilla,2025-07-15 16:00:00,51.126713,87.23047828674316,7
can-pastilla,2025-07-15 17:00:00,48.10005,87.23047828674316,7
can-pastilla,2025-07-15 18:00:00,42.74244,20.0,7
can-pastilla,2025-07-15 19:00:00,38.728535,87.23047828674316,7
can-pastilla,2025-07-15 20:00:00,41.562134,4.0,7
can-pastilla,2025-07-16 08:00:00,38.69235,70.0,7
can-pastilla,2025-07-16 09:00:00,46.29743,87.0,7
can-pastilla,2025-07-16 10:00:00,46.960754,53.0,7
can-pastilla,2025-07-16 11:00:00,51.982796,58.0,7
can-pastilla,2025-07-16 12:00:00,55.381874,57.0,7
can-pastilla,2025-07-16 13:00:00,56.84297,40.0,7
can-pastilla,2025-07-16 14:00:00,55.257362,53.0,7
can-pastilla,2025-07-16 15:00:00,61.98172,87.23047828674316,7
can-pastilla,2025-07-16 16:00:00,60.27041,46.0,7
can-pastilla,2025-07-16 17:00:00,47.131554,69.0,7
can-pastilla,2025-07-16 18:00:00,43.179436,47.0,7
can-pastilla,2025-07-16 19:00:00,40.071835,16.0,7
can-pastilla,2025-07-16 20:00:00,37.49351,33.0,7
can-pastilla,2025-07-17 08:00:00,36.500454,87.23047828674316,7
can-pastilla,2025-07-17 09:00:00,43.66494,87.23047828674316,7
can-pastilla,2025-07-17 10:00:00,46.633865,77.0,7
can-pastilla,2025-07-17 11:00:00,52.79283,87.23047828674316,7
can-pastilla,2025-07-17 12:00:00,54.39495,52.0,7
can-pastilla,2025-07-17 13:00:00,55.72837,53.0,7
can-pastilla,2025-07-17 14:00:00,53.99783,35.0,7
can-pastilla,2025-07-17 15:00:00,50.09882,63.0,7
can-pastilla,2025-07-17 16:00:00,60.5108,87.23047828674316,7
can-pastilla,2025-07-17 17:00:00,54.297127,45.0,7
can-pastilla,2025-07-17 18:00:00,39.96734,26.0,7
can-pastilla,2025-07-17 19:00:00,35.876575,36.0,7
can-pastilla,2025-07-17 20:00:00,38.015812,4.0,7
can-pastilla,2025-07-18 08:00:00,37.936512,87.23047828674316,7
can-pastilla,2025-07-18 09:00:00,44.572258,87.23047828674316,7
can-pastilla,2025-07-18 10:00:00,50.596054,79.0,7
can-pastilla,2025-07-18 11:00:00,52.93824,52.0,7
can-pastilla,2025-07-18 12:00:00,55.13414,32.0,7
can-pastilla,2025-07-18 13:00:00,55.860363,20.0,7
can-pastilla,2025-07-18 14:00:00,56.740738,43.0,7
can-pastilla,2025-07-18 15:00:00,50.54634,42.0,7
can-pastilla,2025-07-18 16:00:00,50.082287,85.0,7
can-pastilla,2025-07-18 17:00:00,48.862328,68.0,7
can-pastilla,2025-07-18 18:00:00,42.65693,18.0,7
can-pastilla,2025-07-18 19:00:00,37.162716,87.23047828674316,7
can-pastilla,2025-07-18 20:00:00,38.963013,5.0,7
can-pastilla,2025-07-19 08:00:00,40.507313,75.0,7
can-pastilla,2025-07-19 09:00:00,44.12092,87.23047828674316,7
can-pastilla,2025-07-19 10:00:00,46.289272,73.0,7
can-pastilla,2025-07-19 11:00:00,51.248116,57.0,7
can-pastilla,2025-07-19 12:00:00,53.887875,48.0,7
can-pastilla,2025-07-19 13:00:00,54.222813,52.0,7
can-pastilla,2025-07-19 14:00:00,53.446785,49.0,7
can-pastilla,2025-07-19 15:00:00,51.13523,27.0,7
can-pastilla,2025-07-19 16:00:00,48.193466,87.23047828674316,7
can-pastilla,2025-07-19 17:00:00,55.6335,87.23047828674316,7
can-pastilla,2025-07-19 18:00:00,55.11576,87.23047828674316,7
can-pastilla,2025-07-19 19:00:00,37.346634,46.0,7
can-pastilla,2025-07-19 20:00:00,42.339005,6.0,7
can-pastilla,2025-07-20 08:00:00,39.933422,87.23047828674316,7
can-pastilla,2025-07-20 09:00:00,47.947803,37.0,7
can-pastilla,2025-07-20 10:00:00,47.974155,51.0,7
can-pastilla,2025-07-20 11:00:00,53.37666,61.0,7
can-pastilla,2025-07-20 12:00:00,56.47103,46.0,7
can-pastilla,2025-07-20 13:00:00,57.78295,56.0,7
can-pastilla,2025-07-20 14:00:00,57.75532,43.0,7
can-pastilla,2025-07-20 15:00:00,56.15675,35.0,7
can-pastilla,2025-07-20 16:00:00,64.09472,31.0,7
can-pastilla,2025-07-20 17:00:00,55.688366,48.0,7
can-pastilla,2025-07-20 18:00:00,52.399002,19.0,7
can-pastilla,2025-07-20 19:00:00,37.9061,28.0,7
can-pastilla,2025-07-20 20:00:00,40.563107,7.0,7
can-pastilla,2025-07-21 08:00:00,40.158207,87.23047828674316,7
can-pastilla,2025-07-21 09:00:00,45.316055,87.23047828674316,7
can-pastilla,2025-07-21 10:00:00,46.766357,76.0,7
can-pastilla,2025-07-21 11:00:00,52.900566,66.0,7
can-pastilla,2025-07-21 12:00:00,56.350487,33.0,7
can-pastilla,2025-07-21 13:00:00,57.442543,45.0,7
can-pastilla,2025-07-21 14:00:00,56.35164,67.0,7
can-pastilla,2025-07-21 15:00:00,51.051083,47.0,7
can-pastilla,2025-07-21 16:00:00,47.05969,22.0,7
can-pastilla,2025-07-21 17:00:00,42.184666,11.0,7
can-pastilla,2025-07-21 18:00:00,47.933697,12.0,7
can-pastilla,2025-07-21 19:00:00,36.00119,87.23047828674316,7
can-pastilla,2025-07-21 20:00:00,41.143665,7.0,7
can-pastilla,2025-07-22 08:00:00,37.10809,20.0,7
can-pastilla,2025-07-22 09:00:00,44.20171,44.0,7
can-pastilla,2025-07-22 10:00:00,47.290607,62.0,7
can-pastilla,2025-07-22 11:00:00,51.541626,71.0,7
can-pastilla,2025-07-22 12:00:00,54.540405,66.0,7
can-pastilla,2025-07-22 13:00:00,55.89447,45.0,7
can-pastilla,2025-07-22 14:00:00,56.80246,62.0,7
can-pastilla,2025-07-22 15:00:00,54.852894,53.0,7
can-pastilla,2025-07-22 16:00:00,54.8959,67.0,7
can-pastilla,2025-07-22 17:00:00,48.644436,20.0,7
can-pastilla,2025-07-22 18:00:00,44.620483,83.0,7
can-pastilla,2025-07-22 19:00:00,40.291355,25.0,7
can-pastilla,2025-07-22 20:00:00,41.248363,16.0,7
can-pastilla,2025-07-23 08:00:00,38.081284,87.23047828674316,7
can-pastilla,2025-07-23 09:00:00,45.03672,87.23047828674316,7
can-pastilla,2025-07-23 10:00:00,44.96301,48.0,7
can-pastilla,2025-07-23 11:00:00,52.17826,87.23047828674316,7
can-pastilla,2025-07-23 12:00:00,56.37751,34.0,7
can-pastilla,2025-07-23 13:00:00,57.34513,36.0,7
can-pastilla,2025-07-23 14:00:00,52.35041,36.0,7
can-pastilla,2025-07-23 15:00:00,62.52231,39.0,7
can-pastilla,2025-07-23 16:00:00,48.335213,17.0,7
can-pastilla,2025-07-23 17:00:00,44.242645,7.0,7
can-pastilla,2025-07-23 18:00:00,52.239586,15.0,7
can-pastilla,2025-07-23 19:00:00,36.696465,22.0,7
can-pastilla,2025-07-23 20:00:00,37.699196,6.0,7
can-pastilla,2025-07-24 08:00:00,36.316647,64.0,7
can-pastilla,2025-07-24 09:00:00,33.685444,81.0,7
can-pastilla,2025-07-24 10:00:00,31.340073,17.0,7
can-pastilla,2025-07-24 11:00:00,41.466606,27.0,7
can-pastilla,2025-07-24 12:00:00,38.084194,19.0,7
can-pastilla,2025-07-24 13:00:00,37.95795,9.0,7
can-pastilla,2025-07-24 14:00:00,39.756947,10.0,7
can-pastilla,2025-07-24 15:00:00,43.989124,6.0,7
can-pastilla,2025-07-24 16:00:00,44.864746,43.0,7
can-pastilla,2025-07-24 17:00:00,44.59976,33.0,7
can-pastilla,2025-07-24 18:00:00,33.40393,15.0,7
can-pastilla,2025-07-24 19:00:00,29.691992,87.23047828674316,7
can-pastilla,2025-07-24 20:00:00,31.73769,4.0,7
can-pastilla,2025-07-25 08:00:00,36.36742,11.0,7
can-pastilla,2025-07-25 09:00:00,38.8462,87.23047828674316,7
can-pastilla,2025-07-25 10:00:00,43.45713,9.0,7
can-pastilla,2025-07-25 11:00:00,48.11914,27.0,7
can-pastilla,2025-07-25 12:00:00,51.724712,19.0,7
can-pastilla,2025-07-25 13:00:00,50.9658,24.0,7
can-pastilla,2025-07-25 14:00:00,50.48384,29.0,7
can-pastilla,2025-07-25 15:00:00,55.88947,41.0,7
can-pastilla,2025-07-25 16:00:00,54.58945,87.23047828674316,7
can-pastilla,2025-07-25 17:00:00,50.17206,87.23047828674316,7
can-pastilla,2025-07-25 18:00:00,44.629993,87.23047828674316,7
can-pastilla,2025-07-25 19:00:00,34.43161,31.0,7
can-pastilla,2025-07-25 20:00:00,29.342876,6.0,7
can-pastilla,2025-07-26 08:00:00,34.946915,16.0,7
can-pastilla,2025-07-26 09:00:00,39.92771,29.0,7
can-pastilla,2025-07-26 10:00:00,42.251938,18.0,7
can-pastilla,2025-07-26 11:00:00,47.17152,24.0,7
can-pastilla,2025-07-26 12:00:00,50.367264,28.0,7
can-pastilla,2025-07-26 13:00:00,51.080555,20.0,7
can-pastilla,2025-07-26 14:00:00,44.881336,33.0,7
can-pastilla,2025-07-26 15:00:00,46.73639,36.0,7
can-pastilla,2025-07-26 16:00:00,45.679554,32.0,7
can-pastilla,2025-07-26 17:00:00,47.20733,87.23047828674316,7
can-pastilla,2025-07-26 18:00:00,37.612667,87.23047828674316,7
can-pastilla,2025-07-26 19:00:00,33.191067,8.0,7
can-pastilla,2025-07-26 20:00:00,35.997826,12.0,7
can-pastilla,2025-07-27 08:00:00,34.816097,87.23047828674316,7
can-pastilla,2025-07-27 09:00:00,43.48296,33.0,7
can-pastilla,2025-07-27 10:00:00,45.545845,44.0,7
can-pastilla,2025-07-27 11:00:00,46.993893,37.0,7
can-pastilla,2025-07-27 12:00:00,51.19679,43.0,7
can-pastilla,2025-07-27 13:00:00,51.520294,51.0,7
can-pastilla,2025-07-27 14:00:00,51.19604,41.0,7
can-pastilla,2025-07-27 15:00:00,58.313404,19.0,7
can-pastilla,2025-07-27 16:00:00,55.43761,36.0,7
can-pastilla,2025-07-27 17:00:00,50.05675,31.0,7
can-pastilla,2025-07-27 18:00:00,43.03156,44.0,7
can-pastilla,2025-07-27 19:00:00,35.714874,9.0,7
can-pastilla,2025-07-27 20:00:00,38.980934,17.0,7
can-pastilla,2025-07-28 08:00:00,36.421345,87.23047828674316,7
can-pastilla,2025-07-28 09:00:00,41.68595,87.23047828674316,7
can-pastilla,2025-07-28 10:00:00,46.347622,49.0,7
can-pastilla,2025-07-28 11:00:00,52.969456,57.0,7
can-pastilla,2025-07-28 12:00:00,61.459866,38.0,7
can-pastilla,2025-07-28 13:00:00,56.05481,37.0,7
can-pastilla,2025-07-28 14:00:00,57.99536,27.0,7
can-pastilla,2025-07-28 15:00:00,59.700768,23.0,7
can-pastilla,2025-07-28 16:00:00,53.806454,48.0,7
can-pastilla,2025-07-28 17:00:00,49.016125,87.23047828674316,7
can-pastilla,2025-07-28 18:00:00,47.464664,87.23047828674316,7
can-pastilla,2025-07-28 19:00:00,42.17466,27.0,7
can-pastilla,2025-07-28 20:00:00,40.553593,5.0,7
can-pastilla,2025-07-29 08:00:00,35.060593,12.0,7
can-pastilla,2025-07-29 09:00:00,34.575043,87.23047828674316,7
can-pastilla,2025-07-29 10:00:00,36.119904,22.0,7
can-pastilla,2025-07-29 11:00:00,38.464893,25.0,7
can-pastilla,2025-07-29 12:00:00,47.978683,12.0,7
can-pastilla,2025-07-29 13:00:00,58.93377,23.0,7
can-pastilla,2025-07-29 14:00:00,53.47385,21.0,7
can-pastilla,2025-07-29 15:00:00,60.20866,30.0,7
can-pastilla,2025-07-29 16:00:00,61.594982,76.0,7
can-pastilla,2025-07-29 17:00:00,50.958496,37.0,7
can-pastilla,2025-07-29 18:00:00,59.9333,27.0,7
can-pastilla,2025-07-29 19:00:00,38.1234,7.0,7
can-pastilla,2025-07-29 20:00:00,34.090218,8.0,7
can-pastilla,2025-07-30 08:00:00,33.367092,86.0,7
can-pastilla,2025-07-30 09:00:00,35.0786,87.23047828674316,7
can-pastilla,2025-07-30 10:00:00,44.6247,53.0,7
can-pastilla,2025-07-30 11:00:00,41.44755,43.0,7
can-pastilla,2025-07-30 12:00:00,58.453316,20.0,7
can-pastilla,2025-07-30 13:00:00,62.44955,20.0,7
can-pastilla,2025-07-30 14:00:00,68.90014,21.0,7
can-pastilla,2025-07-30 15:00:00,60.331444,34.0,7
can-pastilla,2025-07-30 16:00:00,54.77438,87.23047828674316,7
can-pastilla,2025-07-30 17:00:00,53.690754,87.23047828674316,7
can-pastilla,2025-07-30 18:00:00,48.60724,87.23047828674316,7
can-pastilla,2025-07-30 19:00:00,43.29247,16.0,7
can-pastilla,2025-07-30 20:00:00,38.586,14.0,7
can-pastilla,2025-07-31 08:00:00,35.869442,34.0,7
can-pastilla,2025-07-31 09:00:00,43.344357,44.0,7
can-pastilla,2025-07-31 10:00:00,49.239597,68.0,7
can-pastilla,2025-07-31 11:00:00,56.73516,55.0,7
can-pastilla,2025-07-31 12:00:00,54.699245,55.0,7
can-pastilla,2025-07-31 13:00:00,54.07019,37.0,7
can-pastilla,2025-07-31 14:00:00,52.544415,27.0,7
can-pastilla,2025-07-31 15:00:00,58.94116,26.0,7
can-pastilla,2025-07-31 16:00:00,50.885784,42.0,7
can-pastilla,2025-07-31 17:00:00,43.604244,21.0,7
can-pastilla,2025-07-31 18:00:00,44.178032,25.0,7
can-pastilla,2025-07-31 19:00:00,35.75966,23.0,7
can-pastilla,2025-07-31 20:00:00,38.909466,5.0,7
can-pastilla,2025-08-01 08:00:00,36.27759,42.0,8
can-pastilla,2025-08-01 09:00:00,43.485947,87.23047828674316,8
can-pastilla,2025-08-01 10:00:00,46.50409,57.0,8
can-pastilla,2025-08-01 11:00:00,52.061047,67.0,8
can-pastilla,2025-08-01 12:00:00,53.26688,34.0,8
can-pastilla,2025-08-01 13:00:00,52.884464,44.0,8
can-pastilla,2025-08-01 14:00:00,52.48467,50.0,8
can-pastilla,2025-08-01 15:00:00,55.851963,18.0,8
can-pastilla,2025-08-01 16:00:00,51.07636,87.23047828674316,8
can-pastilla,2025-08-01 17:00:00,40.681564,87.23047828674316,8
can-pastilla,2025-08-01 18:00:00,49.379658,87.23047828674316,8
can-pastilla,2025-08-01 19:00:00,35.48014,16.0,8
can-pastilla,2025-08-01 20:00:00,37.12188,16.0,8
can-pastilla,2025-08-02 08:00:00,38.16463,60.0,8
can-pastilla,2025-08-02 09:00:00,44.645737,60.0,8
can-pastilla,2025-08-02 10:00:00,47.149323,52.0,8
can-pastilla,2025-08-02 11:00:00,52.448795,49.0,8
can-pastilla,2025-08-02 12:00:00,56.51113,64.0,8
can-pastilla,2025-08-02 13:00:00,57.683636,30.0,8
can-pastilla,2025-08-02 14:00:00,53.493862,36.0,8
can-pastilla,2025-08-02 15:00:00,61.53311,26.0,8
can-pastilla,2025-08-02 16:00:00,59.017063,87.23047828674316,8
can-pastilla,2025-08-02 17:00:00,53.035732,70.0,8
can-pastilla,2025-08-02 18:00:00,45.333645,71.0,8
can-pastilla,2025-08-02 19:00:00,36.983887,23.0,8
can-pastilla,2025-08-02 20:00:00,42.256104,7.0,8
can-pastilla,2025-08-03 08:00:00,38.891556,71.0,8
can-pastilla,2025-08-03 09:00:00,45.466408,23.0,8
can-pastilla,2025-08-03 10:00:00,47.835308,56.0,8
can-pastilla,2025-08-03 11:00:00,51.116146,32.0,8
can-pastilla,2025-08-03 12:00:00,53.327938,38.0,8
can-pastilla,2025-08-03 13:00:00,48.046707,51.0,8
can-pastilla,2025-08-03 14:00:00,54.3624,39.0,8
can-pastilla,2025-08-03 15:00:00,52.223915,27.0,8
can-pastilla,2025-08-03 16:00:00,48.700996,15.0,8
can-pastilla,2025-08-03 17:00:00,40.72251,14.0,8
can-pastilla,2025-08-03 18:00:00,42.03025,18.0,8
can-pastilla,2025-08-03 19:00:00,34.058403,16.0,8
can-pastilla,2025-08-03 20:00:00,42.271652,5.0,8
can-pastilla,2025-08-04 08:00:00,36.405018,87.23047828674316,8
can-pastilla,2025-08-04 09:00:00,42.29964,87.23047828674316,8
can-pastilla,2025-08-04 10:00:00,44.8454,66.0,8
can-pastilla,2025-08-04 11:00:00,50.56481,40.0,8
can-pastilla,2025-08-04 12:00:00,53.515747,28.0,8
can-pastilla,2025-08-04 13:00:00,54.245075,41.0,8
can-pastilla,2025-08-04 14:00:00,53.178608,54.0,8
can-pastilla,2025-08-04 15:00:00,48.21884,33.0,8
can-pastilla,2025-08-04 16:00:00,45.099045,18.0,8
can-pastilla,2025-08-04 17:00:00,39.198776,18.0,8
can-pastilla,2025-08-04 18:00:00,47.572697,15.0,8
can-pastilla,2025-08-04 19:00:00,34.721363,8.0,8
can-pastilla,2025-08-04 20:00:00,32.012142,5.0,8
can-pastilla,2025-08-05 08:00:00,35.45942,87.23047828674316,8
can-pastilla,2025-08-05 09:00:00,40.116585,87.23047828674316,8
can-pastilla,2025-08-05 10:00:00,43.26117,82.0,8
can-pastilla,2025-08-05 11:00:00,49.048527,72.0,8
can-pastilla,2025-08-05 12:00:00,51.340076,49.0,8
can-pastilla,2025-08-05 13:00:00,52.63657,41.0,8
can-pastilla,2025-08-05 14:00:00,51.891903,39.0,8
can-pastilla,2025-08-05 15:00:00,51.02187,34.0,8
can-pastilla,2025-08-05 16:00:00,46.77993,36.0,8
can-pastilla,2025-08-05 17:00:00,51.968597,56.0,8
can-pastilla,2025-08-05 18:00:00,39.666607,87.23047828674316,8
can-pastilla,2025-08-05 19:00:00,35.22688,18.0,8
can-pastilla,2025-08-05 20:00:00,40.97275,10.0,8
can-pastilla,2025-08-06 08:00:00,37.697094,41.0,8
can-pastilla,2025-08-06 09:00:00,44.47727,29.0,8
can-pastilla,2025-08-06 10:00:00,48.401737,80.0,8
can-pastilla,2025-08-06 11:00:00,50.74843,39.0,8
can-pastilla,2025-08-06 12:00:00,53.21915,41.0,8
can-pastilla,2025-08-06 13:00:00,54.09534,50.0,8
can-pastilla,2025-08-06 14:00:00,52.11091,26.0,8
can-pastilla,2025-08-06 15:00:00,48.93345,21.0,8
can-pastilla,2025-08-06 16:00:00,46.384243,87.23047828674316,8
can-pastilla,2025-08-06 17:00:00,40.6526,87.23047828674316,8
can-pastilla,2025-08-06 18:00:00,38.745647,87.23047828674316,8
can-pastilla,2025-08-06 19:00:00,32.967365,21.0,8
can-pastilla,2025-08-06 20:00:00,36.11328,8.0,8
can-pastilla,2025-08-07 08:00:00,36.344837,37.0,8
can-pastilla,2025-08-07 09:00:00,36.88996,87.0,8
can-pastilla,2025-08-07 10:00:00,38.948162,72.0,8
can-pastilla,2025-08-07 11:00:00,43.648792,51.0,8
can-pastilla,2025-08-07 12:00:00,45.860798,47.0,8
can-pastilla,2025-08-07 13:00:00,46.003994,75.0,8
can-pastilla,2025-08-07 14:00:00,45.68755,64.0,8
can-pastilla,2025-08-07 15:00:00,46.112617,27.0,8
can-pastilla,2025-08-07 16:00:00,45.149006,38.0,8
can-pastilla,2025-08-07 17:00:00,38.195118,87.23047828674316,8
can-pastilla,2025-08-07 18:00:00,48.700214,54.0,8
can-pastilla,2025-08-07 19:00:00,33.11842,25.0,8
can-pastilla,2025-08-07 20:00:00,30.7962,8.0,8
can-pastilla,2025-08-08 08:00:00,35.727867,87.23047828674316,8
can-pastilla,2025-08-08 09:00:00,32.91042,49.0,8
can-pastilla,2025-08-08 10:00:00,35.14507,60.0,8
can-pastilla,2025-08-08 11:00:00,39.453514,41.0,8
can-pastilla,2025-08-08 12:00:00,41.65432,45.0,8
can-pastilla,2025-08-08 13:00:00,43.087955,61.0,8
can-pastilla,2025-08-08 14:00:00,43.483383,54.0,8
can-pastilla,2025-08-08 15:00:00,51.075397,30.0,8
can-pastilla,2025-08-08 16:00:00,53.82518,25.0,8
can-pastilla,2025-08-08 17:00:00,49.18023,19.0,8
can-pastilla,2025-08-08 18:00:00,39.02123,12.0,8
can-pastilla,2025-08-08 19:00:00,33.124428,26.0,8
can-pastilla,2025-08-08 20:00:00,30.05065,5.0,8
can-pastilla,2025-08-09 08:00:00,33.990036,87.23047828674316,8
can-pastilla,2025-08-09 09:00:00,35.95692,32.0,8
can-pastilla,2025-08-09 10:00:00,38.029667,64.0,8
can-pastilla,2025-08-09 11:00:00,43.48485,52.0,8
can-pastilla,2025-08-09 12:00:00,44.866077,55.0,8
can-pastilla,2025-08-09 13:00:00,45.670437,68.0,8
can-pastilla,2025-08-09 14:00:00,44.577393,56.0,8
can-pastilla,2025-08-09 15:00:00,42.16862,30.0,8
can-pastilla,2025-08-09 16:00:00,49.428303,40.0,8
can-pastilla,2025-08-09 17:00:00,44.41498,59.0,8
can-pastilla,2025-08-09 18:00:00,32.962788,87.23047828674316,8
can-pastilla,2025-08-09 19:00:00,31.180109,17.0,8
can-pastilla,2025-08-09 20:00:00,38.42079,25.0,8
can-pastilla,2025-08-10 08:00:00,35.639023,87.23047828674316,8
can-pastilla,2025-08-10 09:00:00,39.664642,87.23047828674316,8
can-pastilla,2025-08-10 10:00:00,41.061977,84.0,8
can-pastilla,2025-08-10 11:00:00,49.651108,76.0,8
can-pastilla,2025-08-10 12:00:00,53.23927,31.0,8
can-pastilla,2025-08-10 13:00:00,53.30292,56.0,8
can-pastilla,2025-08-10 14:00:00,49.26173,57.0,8
can-pastilla,2025-08-10 15:00:00,46.573006,41.0,8
can-pastilla,2025-08-10 16:00:00,43.74932,53.0,8
can-pastilla,2025-08-10 17:00:00,45.225903,87.23047828674316,8
can-pastilla,2025-08-10 18:00:00,36.22517,6.0,8
can-pastilla,2025-08-10 19:00:00,32.402325,11.0,8
can-pastilla,2025-08-10 20:00:00,41.595688,5.0,8
can-pastilla,2025-08-11 08:00:00,36.784634,87.23047828674316,8
can-pastilla,2025-08-11 09:00:00,42.4425,87.23047828674316,8
can-pastilla,2025-08-11 10:00:00,44.29814,87.23047828674316,8
can-pastilla,2025-08-11 11:00:00,48.629436,58.0,8
can-pastilla,2025-08-11 12:00:00,50.60723,56.0,8
can-pastilla,2025-08-11 13:00:00,49.40278,57.0,8
can-pastilla,2025-08-11 14:00:00,44.597233,57.0,8
can-pastilla,2025-08-11 15:00:00,48.301487,79.0,8
can-pastilla,2025-08-11 16:00:00,57.343624,87.23047828674316,8
can-pastilla,2025-08-11 17:00:00,53.73166,41.0,8
can-pastilla,2025-08-11 18:00:00,41.70964,7.0,8
can-pastilla,2025-08-11 19:00:00,35.326916,20.0,8
can-pastilla,2025-08-11 20:00:00,34.126923,4.0,8
can-pastilla,2025-08-12 08:00:00,37.428295,87.23047828674316,8
can-pastilla,2025-08-12 09:00:00,39.875454,87.23047828674316,8
can-pastilla,2025-08-12 10:00:00,41.528652,78.0,8
can-pastilla,2025-08-12 11:00:00,44.311543,58.0,8
can-pastilla,2025-08-12 12:00:00,45.802475,44.0,8
can-pastilla,2025-08-12 13:00:00,44.66599,53.0,8
can-pastilla,2025-08-12 14:00:00,45.406673,66.0,8
can-pastilla,2025-08-12 15:00:00,47.01628,52.0,8
can-pastilla,2025-08-12 16:00:00,43.878475,87.23047828674316,8
can-pastilla,2025-08-12 17:00:00,39.695347,87.23047828674316,8
can-pastilla,2025-08-12 18:00:00,36.689415,87.23047828674316,8
can-pastilla,2025-08-12 19:00:00,32.330982,16.0,8
can-pastilla,2025-08-12 20:00:00,40.16871,7.0,8
can-pastilla,2025-08-13 08:00:00,33.993595,28.0,8
can-pastilla,2025-08-13 09:00:00,39.320316,59.0,8
can-pastilla,2025-08-13 10:00:00,43.727867,87.0,8
can-pastilla,2025-08-13 11:00:00,47.071327,75.0,8
can-pastilla,2025-08-13 12:00:00,49.310963,56.0,8
can-pastilla,2025-08-13 13:00:00,47.665794,52.0,8
can-pastilla,2025-08-13 14:00:00,46.224113,44.0,8
can-pastilla,2025-08-13 15:00:00,57.27039,48.0,8
can-pastilla,2025-08-13 16:00:00,54.615124,66.0,8
can-pastilla,2025-08-13 17:00:00,53.65553,87.23047828674316,8
can-pastilla,2025-08-13 18:00:00,41.711838,87.23047828674316,8
can-pastilla,2025-08-13 19:00:00,35.855473,6.0,8
can-pastilla,2025-08-13 20:00:00,38.666527,7.0,8
can-pastilla,2025-08-14 08:00:00,37.79396,87.23047828674316,8
can-pastilla,2025-08-14 09:00:00,42.997112,87.23047828674316,8
can-pastilla,2025-08-14 10:00:00,44.6007,62.0,8
can-pastilla,2025-08-14 11:00:00,49.55413,61.0,8
can-pastilla,2025-08-14 12:00:00,52.13498,51.0,8
can-pastilla,2025-08-14 13:00:00,49.878593,44.0,8
can-pastilla,2025-08-14 14:00:00,47.750343,64.0,8
can-pastilla,2025-08-14 15:00:00,47.305115,51.0,8
can-pastilla,2025-08-14 16:00:00,39.290276,16.0,8
can-pastilla,2025-08-14 17:00:00,39.288418,18.0,8
can-pastilla,2025-08-14 18:00:00,37.831688,28.0,8
can-pastilla,2025-08-14 19:00:00,34.603127,4.0,8
can-pastilla,2025-08-14 20:00:00,37.975212,6.0,8
can-pastilla,2025-08-15 08:00:00,35.815323,87.23047828674316,8
can-pastilla,2025-08-15 09:00:00,40.598946,87.23047828674316,8
can-pastilla,2025-08-15 10:00:00,41.381428,70.0,8
can-pastilla,2025-08-15 11:00:00,45.990456,62.0,8
can-pastilla,2025-08-15 12:00:00,49.08578,50.0,8
can-pastilla,2025-08-15 13:00:00,50.731056,49.0,8
can-pastilla,2025-08-15 14:00:00,45.561325,77.0,8
can-pastilla,2025-08-15 15:00:00,57.481552,69.0,8
can-pastilla,2025-08-15 16:00:00,57.818157,31.0,8
can-pastilla,2025-08-15 17:00:00,56.316936,35.0,8
can-pastilla,2025-08-15 18:00:00,42.84268,19.0,8
can-pastilla,2025-08-15 19:00:00,37.826084,6.0,8
can-pastilla,2025-08-15 20:00:00,39.80169,6.0,8
can-pastilla,2025-08-16 08:00:00,39.939575,70.0,8
can-pastilla,2025-08-16 09:00:00,45.270184,87.23047828674316,8
can-pastilla,2025-08-16 10:00:00,46.793938,80.0,8
can-pastilla,2025-08-16 11:00:00,51.803093,79.0,8
can-pastilla,2025-08-16 12:00:00,53.781063,49.0,8
can-pastilla,2025-08-16 13:00:00,54.71878,43.0,8
can-pastilla,2025-08-16 14:00:00,50.677227,77.0,8
can-pastilla,2025-08-16 15:00:00,59.89297,48.0,8
can-pastilla,2025-08-16 16:00:00,50.836544,23.0,8
can-pastilla,2025-08-16 17:00:00,49.338207,16.0,8
can-pastilla,2025-08-16 18:00:00,43.452034,87.23047828674316,8
can-pastilla,2025-08-16 19:00:00,38.301876,4.0,8
can-pastilla,2025-08-16 20:00:00,40.490833,7.0,8
can-pastilla,2025-08-17 08:00:00,36.269608,87.23047828674316,8
can-pastilla,2025-08-17 09:00:00,44.80935,87.23047828674316,8
can-pastilla,2025-08-17 10:00:00,44.846207,63.0,8
can-pastilla,2025-08-17 11:00:00,50.70951,44.0,8
can-pastilla,2025-08-17 12:00:00,53.545826,56.0,8
can-pastilla,2025-08-17 13:00:00,53.53247,44.0,8
can-pastilla,2025-08-17 14:00:00,51.32349,70.0,8
can-pastilla,2025-08-17 15:00:00,45.893623,39.0,8
can-pastilla,2025-08-17 16:00:00,42.203575,87.23047828674316,8
can-pastilla,2025-08-17 17:00:00,40.487556,12.0,8
can-pastilla,2025-08-17 18:00:00,38.921455,87.23047828674316,8
can-pastilla,2025-08-17 19:00:00,34.355034,19.0,8
can-pastilla,2025-08-17 20:00:00,41.132202,6.0,8
can-pastilla,2025-08-18 08:00:00,35.888622,68.0,8
can-pastilla,2025-08-18 09:00:00,40.343956,87.23047828674316,8
can-pastilla,2025-08-18 10:00:00,41.639404,80.0,8
can-pastilla,2025-08-18 11:00:00,44.791977,18.0,8
can-pastilla,2025-08-18 12:00:00,48.545288,37.0,8
can-pastilla,2025-08-18 13:00:00,48.67152,39.0,8
can-pastilla,2025-08-18 14:00:00,50.143475,27.0,8
can-pastilla,2025-08-18 15:00:00,46.891964,24.0,8
can-pastilla,2025-08-18 16:00:00,42.94006,8.0,8
can-pastilla,2025-08-18 17:00:00,41.49032,16.0,8
can-pastilla,2025-08-18 18:00:00,39.70892,15.0,8
can-pastilla,2025-08-18 19:00:00,30.692654,15.0,8
can-pastilla,2025-08-18 20:00:00,39.937412,5.0,8
can-pastilla,2025-08-19 08:00:00,35.26537,10.0,8
can-pastilla,2025-08-19 09:00:00,36.885544,19.0,8
can-pastilla,2025-08-19 10:00:00,37.10042,29.0,8
can-pastilla,2025-08-19 11:00:00,42.25327,11.0,8
can-pastilla,2025-08-19 12:00:00,44.000202,10.0,8
can-pastilla,2025-08-19 13:00:00,49.75517,10.0,8
can-pastilla,2025-08-19 14:00:00,49.461063,23.0,8
can-pastilla,2025-08-19 15:00:00,48.80135,30.0,8
can-pastilla,2025-08-19 16:00:00,46.084072,30.0,8
can-pastilla,2025-08-19 17:00:00,54.61818,19.0,8
can-pastilla,2025-08-19 18:00:00,40.255795,10.0,8
can-pastilla,2025-08-19 19:00:00,35.155193,4.0,8
can-pastilla,2025-08-19 20:00:00,38.709488,10.0,8
can-pastilla,2025-08-20 08:00:00,36.20327,87.23047828674316,8
can-pastilla,2025-08-20 09:00:00,36.97264,87.23047828674316,8
can-pastilla,2025-08-20 10:00:00,38.605442,36.0,8
can-pastilla,2025-08-20 11:00:00,46.219707,30.0,8
can-pastilla,2025-08-20 12:00:00,43.947414,10.0,8
can-pastilla,2025-08-20 13:00:00,37.40447,11.0,8
can-pastilla,2025-08-20 14:00:00,41.13622,20.0,8
can-pastilla,2025-08-20 15:00:00,56.934982,18.0,8
can-pastilla,2025-08-20 16:00:00,52.291214,87.23047828674316,8
can-pastilla,2025-08-20 17:00:00,50.09389,87.23047828674316,8
can-pastilla,2025-08-20 18:00:00,38.458828,6.0,8
can-pastilla,2025-08-20 19:00:00,34.416824,6.0,8
can-pastilla,2025-08-20 20:00:00,38.304855,5.0,8
can-pastilla,2025-08-21 08:00:00,35.90888,87.23047828674316,8
can-pastilla,2025-08-21 09:00:00,40.7659,34.0,8
can-pastilla,2025-08-21 10:00:00,44.147865,48.0,8
can-pastilla,2025-08-21 11:00:00,49.85411,26.0,8
can-pastilla,2025-08-21 12:00:00,54.056942,27.0,8
can-pastilla,2025-08-21 13:00:00,54.88912,38.0,8
can-pastilla,2025-08-21 14:00:00,51.463345,58.0,8
can-pastilla,2025-08-21 15:00:00,50.14323,23.0,8
can-pastilla,2025-08-21 16:00:00,54.342564,20.0,8
can-pastilla,2025-08-21 17:00:00,45.65848,17.0,8
can-pastilla,2025-08-21 18:00:00,39.242477,21.0,8
can-pastilla,2025-08-21 19:00:00,34.803,5.0,8
can-pastilla,2025-08-21 20:00:00,40.9288,5.0,8
can-pastilla,2025-08-22 08:00:00,37.82037,87.23047828674316,8
can-pastilla,2025-08-22 09:00:00,40.8018,87.23047828674316,8
can-pastilla,2025-08-22 10:00:00,43.15541,52.0,8
can-pastilla,2025-08-22 11:00:00,47.6757,53.0,8
can-pastilla,2025-08-22 12:00:00,51.792194,44.0,8
can-pastilla,2025-08-22 13:00:00,52.135715,44.0,8
can-pastilla,2025-08-22 14:00:00,49.35203,26.0,8
can-pastilla,2025-08-22 15:00:00,46.005363,25.0,8
can-pastilla,2025-08-22 16:00:00,40.366856,19.0,8
can-pastilla,2025-08-22 17:00:00,40.463142,17.0,8
can-pastilla,2025-08-22 18:00:00,39.663506,8.0,8
can-pastilla,2025-08-22 19:00:00,31.958672,6.0,8
can-pastilla,2025-08-22 20:00:00,38.885082,9.0,8
can-pastilla,2025-08-23 08:00:00,35.479637,87.23047828674316,8
can-pastilla,2025-08-23 09:00:00,39.545895,55.0,8
can-pastilla,2025-08-23 10:00:00,42.512856,60.0,8
can-pastilla,2025-08-23 11:00:00,45.562996,48.0,8
can-pastilla,2025-08-23 12:00:00,50.234535,60.0,8
can-pastilla,2025-08-23 13:00:00,51.426136,35.0,8
can-pastilla,2025-08-23 14:00:00,48.361927,18.0,8
can-pastilla,2025-08-23 15:00:00,49.03625,41.0,8
can-pastilla,2025-08-23 16:00:00,44.473225,25.0,8
can-pastilla,2025-08-23 17:00:00,50.710175,43.0,8
can-pastilla,2025-08-23 18:00:00,39.539997,7.0,8
can-pastilla,2025-08-23 19:00:00,36.21889,6.0,8
can-pastilla,2025-08-23 20:00:00,41.970497,5.0,8
can-pastilla,2025-08-24 08:00:00,37.773033,87.23047828674316,8
can-pastilla,2025-08-24 09:00:00,43.321087,87.23047828674316,8
can-pastilla,2025-08-24 10:00:00,45.636894,41.0,8
can-pastilla,2025-08-24 11:00:00,51.091003,57.0,8
can-pastilla,2025-08-24 12:00:00,55.679806,49.0,8
can-pastilla,2025-08-24 13:00:00,56.9557,38.0,8
can-pastilla,2025-08-24 14:00:00,55.76317,75.0,8
can-pastilla,2025-08-24 15:00:00,55.013718,29.0,8
can-pastilla,2025-08-24 16:00:00,58.05311,8.0,8
can-pastilla,2025-08-24 17:00:00,42.5311,23.0,8
can-pastilla,2025-08-24 18:00:00,39.739895,11.0,8
can-pastilla,2025-08-24 19:00:00,35.291515,84.0,8
can-pastilla,2025-08-24 20:00:00,41.993996,4.0,8
can-pastilla,2025-08-25 08:00:00,36.61234,87.0,8
can-pastilla,2025-08-25 09:00:00,42.913246,87.23047828674316,8
can-pastilla,2025-08-25 10:00:00,45.522835,25.0,8
can-pastilla,2025-08-25 11:00:00,50.387104,14.0,8
can-pastilla,2025-08-25 12:00:00,54.615425,26.0,8
can-pastilla,2025-08-25 13:00:00,54.152287,11.0,8
can-pastilla,2025-08-25 14:00:00,55.87977,16.0,8
can-pastilla,2025-08-25 15:00:00,61.951416,15.0,8
can-pastilla,2025-08-25 16:00:00,49.760544,87.23047828674316,8
can-pastilla,2025-08-25 17:00:00,45.408558,87.23047828674316,8
can-pastilla,2025-08-25 18:00:00,43.703064,22.0,8
can-pastilla,2025-08-25 19:00:00,36.299004,5.0,8
can-pastilla,2025-08-25 20:00:00,41.23327,18.0,8
can-pastilla,2025-08-26 08:00:00,39.231716,79.0,8
can-pastilla,2025-08-26 09:00:00,43.707546,70.0,8
can-pastilla,2025-08-26 10:00:00,47.076725,62.0,8
can-pastilla,2025-08-26 11:00:00,52.21774,59.0,8
can-pastilla,2025-08-26 12:00:00,55.73733,42.0,8
can-pastilla,2025-08-26 13:00:00,56.839756,45.0,8
can-pastilla,2025-08-26 14:00:00,53.682713,36.0,8
can-pastilla,2025-08-26 15:00:00,61.848118,26.0,8
can-pastilla,2025-08-26 16:00:00,58.142384,6.0,8
can-pastilla,2025-08-26 17:00:00,56.786205,11.0,8
can-pastilla,2025-08-26 18:00:00,43.8004,9.0,8
can-pastilla,2025-08-26 19:00:00,39.364445,8.0,8
can-pastilla,2025-08-26 20:00:00,38.017254,5.0,8
can-pastilla,2025-08-27 08:00:00,38.8634,72.0,8
can-pastilla,2025-08-27 09:00:00,46.032948,23.0,8
can-pastilla,2025-08-27 10:00:00,47.562965,14.0,8
can-pastilla,2025-08-27 11:00:00,51.199394,26.0,8
can-pastilla,2025-08-27 12:00:00,53.745342,8.0,8
can-pastilla,2025-08-27 13:00:00,55.30943,22.0,8
can-pastilla,2025-08-27 14:00:00,46.79768,24.0,8
can-pastilla,2025-08-27 15:00:00,53.80676,25.0,8
can-pastilla,2025-08-27 16:00:00,55.07536,87.23047828674316,8
can-pastilla,2025-08-27 17:00:00,54.998085,87.23047828674316,8
can-pastilla,2025-08-27 18:00:00,42.18616,87.23047828674316,8
can-pastilla,2025-08-27 19:00:00,37.039536,6.0,8
can-pastilla,2025-08-27 20:00:00,42.792667,17.0,8
can-pastilla,2025-08-28 08:00:00,36.325996,11.0,8
can-pastilla,2025-08-28 09:00:00,38.010025,22.0,8
can-pastilla,2025-08-28 10:00:00,40.451607,15.0,8
can-pastilla,2025-08-28 11:00:00,49.43507,41.0,8
can-pastilla,2025-08-28 12:00:00,53.098755,12.0,8
can-pastilla,2025-08-28 13:00:00,53.66615,21.0,8
can-pastilla,2025-08-28 14:00:00,54.14407,41.0,8
can-pastilla,2025-08-28 15:00:00,51.02975,34.0,8
can-pastilla,2025-08-28 16:00:00,43.215965,61.0,8
can-pastilla,2025-08-28 17:00:00,43.13573,16.0,8
can-pastilla,2025-08-28 18:00:00,37.62222,18.0,8
can-pastilla,2025-08-28 19:00:00,34.649918,19.0,8
can-pastilla,2025-08-28 20:00:00,40.995094,6.0,8
can-pastilla,2025-08-29 08:00:00,36.165134,85.0,8
can-pastilla,2025-08-29 09:00:00,36.655262,87.23047828674316,8
can-pastilla,2025-08-29 10:00:00,37.133644,87.23047828674316,8
can-pastilla,2025-08-29 11:00:00,40.157925,87.23047828674316,8
can-pastilla,2025-08-29 12:00:00,50.886078,16.0,8
can-pastilla,2025-08-29 13:00:00,49.148933,13.0,8
can-pastilla,2025-08-29 14:00:00,51.07146,13.0,8
can-pastilla,2025-08-29 15:00:00,48.6387,17.0,8
can-pastilla,2025-08-29 16:00:00,45.229675,87.23047828674316,8
can-pastilla,2025-08-29 17:00:00,39.88306,87.23047828674316,8
can-pastilla,2025-08-29 18:00:00,38.161045,68.0,8
can-pastilla,2025-08-29 19:00:00,34.358116,6.0,8
can-pastilla,2025-08-29 20:00:00,36.56014,19.0,8
can-pastilla,2025-08-30 08:00:00,37.048874,33.0,8
can-pastilla,2025-08-30 09:00:00,40.70034,40.0,8
can-pastilla,2025-08-30 10:00:00,45.454872,10.0,8
can-pastilla,2025-08-30 11:00:00,51.20498,19.0,8
can-pastilla,2025-08-30 12:00:00,54.232716,19.0,8
can-pastilla,2025-08-30 13:00:00,53.937355,22.0,8
can-pastilla,2025-08-30 14:00:00,52.19082,13.0,8
can-pastilla,2025-08-30 15:00:00,48.523415,10.0,8
can-pastilla,2025-08-30 16:00:00,41.306217,87.23047828674316,8
can-pastilla,2025-08-30 17:00:00,50.765923,87.23047828674316,8
can-pastilla,2025-08-30 18:00:00,39.013084,87.23047828674316,8
can-pastilla,2025-08-30 19:00:00,35.132313,7.0,8
can-pastilla,2025-08-30 20:00:00,41.54374,7.0,8
sant-antoni-de-portmany,2025-06-15 08:00:00,29.395441,47.0,6
sant-antoni-de-portmany,2025-06-15 09:00:00,43.826374,80.0,6
sant-antoni-de-portmany,2025-06-15 10:00:00,47.9645,86.0,6
sant-antoni-de-portmany,2025-06-15 11:00:00,53.633347,88.99798393249512,6
sant-antoni-de-portmany,2025-06-15 12:00:00,57.257854,88.99798393249512,6
sant-antoni-de-portmany,2025-06-15 13:00:00,58.964622,71.0,6
sant-antoni-de-portmany,2025-06-15 14:00:00,60.356415,70.0,6
sant-antoni-de-portmany,2025-06-15 15:00:00,59.38559,65.0,6
sant-antoni-de-portmany,2025-06-15 16:00:00,58.23317,47.0,6
sant-antoni-de-portmany,2025-06-15 17:00:00,46.817112,37.0,6
sant-antoni-de-portmany,2025-06-15 18:00:00,40.96373,38.0,6
sant-antoni-de-portmany,2025-06-15 19:00:00,37.321617,24.0,6
sant-antoni-de-portmany,2025-06-15 20:00:00,34.174515,6.0,6
sant-antoni-de-portmany,2025-06-16 08:00:00,34.03567,31.0,6
sant-antoni-de-portmany,2025-06-16 09:00:00,43.13403,53.0,6
sant-antoni-de-portmany,2025-06-16 10:00:00,45.20632,52.0,6
sant-antoni-de-portmany,2025-06-16 11:00:00,49.545128,60.0,6
sant-antoni-de-portmany,2025-06-16 12:00:00,51.45739,39.0,6
sant-antoni-de-portmany,2025-06-16 13:00:00,48.916107,56.0,6
sant-antoni-de-portmany,2025-06-16 14:00:00,49.2636,45.0,6
sant-antoni-de-portmany,2025-06-16 15:00:00,45.60469,30.0,6
sant-antoni-de-portmany,2025-06-16 16:00:00,42.61605,24.0,6
sant-antoni-de-portmany,2025-06-16 17:00:00,37.526043,26.0,6
sant-antoni-de-portmany,2025-06-16 18:00:00,39.632122,23.0,6
sant-antoni-de-portmany,2025-06-16 19:00:00,32.469063,26.0,6
sant-antoni-de-portmany,2025-06-16 20:00:00,30.583641,5.0,6
sant-antoni-de-portmany,2025-06-17 08:00:00,31.46198,88.99798393249512,6
sant-antoni-de-portmany,2025-06-17 09:00:00,38.3375,88.99798393249512,6
sant-antoni-de-portmany,2025-06-17 10:00:00,40.862213,88.99798393249512,6
sant-antoni-de-portmany,2025-06-17 11:00:00,43.15598,42.0,6
sant-antoni-de-portmany,2025-06-17 12:00:00,45.81212,62.0,6
sant-antoni-de-portmany,2025-06-17 13:00:00,46.6754,39.0,6
sant-antoni-de-portmany,2025-06-17 14:00:00,46.384922,47.0,6
sant-antoni-de-portmany,2025-06-17 15:00:00,42.531006,45.0,6
sant-antoni-de-portmany,2025-06-17 16:00:00,40.35585,27.0,6
sant-antoni-de-portmany,2025-06-17 17:00:00,33.83435,32.0,6
sant-antoni-de-portmany,2025-06-17 18:00:00,31.933935,18.0,6
sant-antoni-de-portmany,2025-06-17 19:00:00,29.91292,15.0,6
sant-antoni-de-portmany,2025-06-17 20:00:00,28.131319,6.0,6
sant-antoni-de-portmany,2025-06-18 08:00:00,28.116049,27.0,6
sant-antoni-de-portmany,2025-06-18 09:00:00,34.331276,41.0,6
sant-antoni-de-portmany,2025-06-18 10:00:00,36.551876,32.0,6
sant-antoni-de-portmany,2025-06-18 11:00:00,39.069412,43.0,6
sant-antoni-de-portmany,2025-06-18 12:00:00,42.141613,43.0,6
sant-antoni-de-portmany,2025-06-18 13:00:00,42.22522,45.0,6
sant-antoni-de-portmany,2025-06-18 14:00:00,41.394924,50.0,6
sant-antoni-de-portmany,2025-06-18 15:00:00,40.22225,48.0,6
sant-antoni-de-portmany,2025-06-18 16:00:00,38.07986,29.0,6
sant-antoni-de-portmany,2025-06-18 17:00:00,33.561768,38.0,6
sant-antoni-de-portmany,2025-06-18 18:00:00,33.92425,35.0,6
sant-antoni-de-portmany,2025-06-18 19:00:00,29.6837,39.0,6
sant-antoni-de-portmany,2025-06-18 20:00:00,27.889755,6.0,6
sant-antoni-de-portmany,2025-06-19 08:00:00,29.197317,88.99798393249512,6
sant-antoni-de-portmany,2025-06-19 09:00:00,34.350574,88.99798393249512,6
sant-antoni-de-portmany,2025-06-19 10:00:00,36.45969,88.99798393249512,6
sant-antoni-de-portmany,2025-06-19 11:00:00,40.09847,44.0,6
sant-antoni-de-portmany,2025-06-19 12:00:00,43.207973,41.0,6
sant-antoni-de-portmany,2025-06-19 13:00:00,43.260826,68.0,6
sant-antoni-de-portmany,2025-06-19 14:00:00,43.403976,88.99798393249512,6
sant-antoni-de-portmany,2025-06-19 15:00:00,41.318504,55.0,6
sant-antoni-de-portmany,2025-06-19 16:00:00,41.100574,59.0,6
sant-antoni-de-portmany,2025-06-19 17:00:00,34.841946,18.0,6
sant-antoni-de-portmany,2025-06-19 18:00:00,37.380264,30.0,6
sant-antoni-de-portmany,2025-06-19 19:00:00,30.747889,32.0,6
sant-antoni-de-portmany,2025-06-19 20:00:00,28.537004,5.0,6
sant-antoni-de-portmany,2025-06-20 08:00:00,31.750814,28.0,6
sant-antoni-de-portmany,2025-06-20 09:00:00,35.251343,48.0,6
sant-antoni-de-portmany,2025-06-20 10:00:00,36.70143,66.0,6
sant-antoni-de-portmany,2025-06-20 11:00:00,40.478813,64.0,6
sant-antoni-de-portmany,2025-06-20 12:00:00,43.051147,60.0,6
sant-antoni-de-portmany,2025-06-20 13:00:00,43.231,64.0,6
sant-antoni-de-portmany,2025-06-20 14:00:00,42.4244,62.0,6
sant-antoni-de-portmany,2025-06-20 15:00:00,40.472504,58.0,6
sant-antoni-de-portmany,2025-06-20 16:00:00,38.681683,44.0,6
sant-antoni-de-portmany,2025-06-20 17:00:00,34.03427,24.0,6
sant-antoni-de-portmany,2025-06-20 18:00:00,32.81834,19.0,6
sant-antoni-de-portmany,2025-06-20 19:00:00,30.089216,37.0,6
sant-antoni-de-portmany,2025-06-20 20:00:00,29.32328,10.0,6
sant-antoni-de-portmany,2025-06-21 08:00:00,32.368107,24.0,6
sant-antoni-de-portmany,2025-06-21 09:00:00,36.5679,35.0,6
sant-antoni-de-portmany,2025-06-21 10:00:00,38.817158,70.0,6
sant-antoni-de-portmany,2025-06-21 11:00:00,41.7422,70.0,6
sant-antoni-de-portmany,2025-06-21 12:00:00,45.566776,51.0,6
sant-antoni-de-portmany,2025-06-21 13:00:00,45.41899,65.0,6
sant-antoni-de-portmany,2025-06-21 14:00:00,45.325123,70.0,6
sant-antoni-de-portmany,2025-06-21 15:00:00,47.64884,88.99798393249512,6
sant-antoni-de-portmany,2025-06-21 16:00:00,43.243347,51.0,6
sant-antoni-de-portmany,2025-06-21 17:00:00,38.24499,41.0,6
sant-antoni-de-portmany,2025-06-21 18:00:00,36.680153,31.0,6
sant-antoni-de-portmany,2025-06-21 19:00:00,33.692482,39.0,6
sant-antoni-de-portmany,2025-06-21 20:00:00,31.89949,8.0,6
sant-antoni-de-portmany,2025-06-22 08:00:00,29.869768,27.0,6
sant-antoni-de-portmany,2025-06-22 09:00:00,37.10281,47.0,6
sant-antoni-de-portmany,2025-06-22 10:00:00,39.959335,74.0,6
sant-antoni-de-portmany,2025-06-22 11:00:00,42.32693,86.0,6
sant-antoni-de-portmany,2025-06-22 12:00:00,44.47211,82.0,6
sant-antoni-de-portmany,2025-06-22 13:00:00,45.823395,88.0,6
sant-antoni-de-portmany,2025-06-22 14:00:00,45.99641,72.0,6
sant-antoni-de-portmany,2025-06-22 15:00:00,43.06644,79.0,6
sant-antoni-de-portmany,2025-06-22 16:00:00,47.15605,66.0,6
sant-antoni-de-portmany,2025-06-22 17:00:00,44.692486,48.0,6
sant-antoni-de-portmany,2025-06-22 18:00:00,43.098267,46.0,6
sant-antoni-de-portmany,2025-06-22 19:00:00,34.00832,38.0,6
sant-antoni-de-portmany,2025-06-22 20:00:00,32.011692,5.0,6
sant-antoni-de-portmany,2025-06-23 08:00:00,33.289616,30.0,6
sant-antoni-de-portmany,2025-06-23 09:00:00,37.642715,48.0,6
sant-antoni-de-portmany,2025-06-23 10:00:00,38.966454,55.0,6
sant-antoni-de-portmany,2025-06-23 11:00:00,40.097023,53.0,6
sant-antoni-de-portmany,2025-06-23 12:00:00,42.58457,43.0,6
sant-antoni-de-portmany,2025-06-23 13:00:00,44.946827,71.0,6
sant-antoni-de-portmany,2025-06-23 15:00:00,47.007698,53.0,6
sant-antoni-de-portmany,2025-06-23 16:00:00,45.241413,39.0,6
sant-antoni-de-portmany,2025-06-23 17:00:00,41.691463,19.0,6
sant-antoni-de-portmany,2025-06-23 18:00:00,38.476494,26.0,6
sant-antoni-de-portmany,2025-06-23 19:00:00,32.983196,35.0,6
sant-antoni-de-portmany,2025-06-23 20:00:00,30.42646,8.0,6
sant-antoni-de-portmany,2025-06-24 08:00:00,28.51722,26.0,6
sant-antoni-de-portmany,2025-06-24 09:00:00,36.56531,32.0,6
sant-antoni-de-portmany,2025-06-24 10:00:00,37.586525,71.0,6
sant-antoni-de-portmany,2025-06-24 11:00:00,42.00587,61.0,6
sant-antoni-de-portmany,2025-06-24 12:00:00,42.631226,55.0,6
sant-antoni-de-portmany,2025-06-24 13:00:00,43.81665,50.0,6
sant-antoni-de-portmany,2025-06-24 14:00:00,43.18321,66.0,6
sant-antoni-de-portmany,2025-06-24 15:00:00,42.65452,88.99798393249512,6
sant-antoni-de-portmany,2025-06-24 16:00:00,40.87311,46.0,6
sant-antoni-de-portmany,2025-06-24 17:00:00,41.57677,42.0,6
sant-antoni-de-portmany,2025-06-24 18:00:00,37.59973,38.0,6
sant-antoni-de-portmany,2025-06-24 19:00:00,36.020325,44.0,6
sant-antoni-de-portmany,2025-06-24 20:00:00,30.01699,22.0,6
sant-antoni-de-portmany,2025-06-25 08:00:00,28.127256,28.0,6
sant-antoni-de-portmany,2025-06-25 09:00:00,33.628735,38.0,6
sant-antoni-de-portmany,2025-06-25 10:00:00,37.018368,66.0,6
sant-antoni-de-portmany,2025-06-25 11:00:00,40.94226,73.0,6
sant-antoni-de-portmany,2025-06-25 12:00:00,41.905838,55.0,6
sant-antoni-de-portmany,2025-06-25 13:00:00,43.11978,50.0,6
sant-antoni-de-portmany,2025-06-25 14:00:00,41.118153,57.0,6
sant-antoni-de-portmany,2025-06-25 15:00:00,41.537792,52.0,6
sant-antoni-de-portmany,2025-06-25 16:00:00,41.74824,60.0,6
sant-antoni-de-portmany,2025-06-25 17:00:00,37.996487,45.0,6
sant-antoni-de-portmany,2025-06-25 18:00:00,35.4456,21.0,6
sant-antoni-de-portmany,2025-06-25 19:00:00,34.010727,40.0,6
sant-antoni-de-portmany,2025-06-25 20:00:00,28.787977,9.0,6
sant-antoni-de-portmany,2025-06-26 08:00:00,29.55771,18.0,6
sant-antoni-de-portmany,2025-06-26 09:00:00,34.748417,49.0,6
sant-antoni-de-portmany,2025-06-26 10:00:00,35.05208,43.0,6
sant-antoni-de-portmany,2025-06-26 11:00:00,40.02049,56.0,6
sant-antoni-de-portmany,2025-06-26 12:00:00,41.207584,67.0,6
sant-antoni-de-portmany,2025-06-26 13:00:00,42.782074,80.0,6
sant-antoni-de-portmany,2025-06-26 14:00:00,45.540108,83.0,6
sant-antoni-de-portmany,2025-06-26 15:00:00,42.84926,73.0,6
sant-antoni-de-portmany,2025-06-26 16:00:00,39.76473,59.0,6
sant-antoni-de-portmany,2025-06-26 17:00:00,36.807922,44.0,6
sant-antoni-de-portmany,2025-06-26 18:00:00,33.9864,22.0,6
sant-antoni-de-portmany,2025-06-26 19:00:00,33.748833,32.0,6
sant-antoni-de-portmany,2025-06-26 20:00:00,29.388306,21.0,6
sant-antoni-de-portmany,2025-06-27 08:00:00,32.395996,21.0,6
sant-antoni-de-portmany,2025-06-27 09:00:00,41.66552,39.0,6
sant-antoni-de-portmany,2025-06-27 10:00:00,40.69857,54.0,6
sant-antoni-de-portmany,2025-06-27 11:00:00,44.87093,64.0,6
sant-antoni-de-portmany,2025-06-27 12:00:00,46.82873,82.0,6
sant-antoni-de-portmany,2025-06-27 13:00:00,51.224667,65.0,6
sant-antoni-de-portmany,2025-06-27 14:00:00,51.986324,57.0,6
sant-antoni-de-portmany,2025-06-27 15:00:00,50.562904,56.0,6
sant-antoni-de-portmany,2025-06-27 16:00:00,46.637096,43.0,6
sant-antoni-de-portmany,2025-06-27 17:00:00,42.655094,38.0,6
sant-antoni-de-portmany,2025-06-27 18:00:00,40.879997,30.0,6
sant-antoni-de-portmany,2025-06-27 19:00:00,39.08758,60.0,6
sant-antoni-de-portmany,2025-06-27 20:00:00,33.165657,25.0,6
sant-antoni-de-portmany,2025-06-28 08:00:00,36.714638,17.0,6
sant-antoni-de-portmany,2025-06-28 09:00:00,44.493088,28.0,6
sant-antoni-de-portmany,2025-06-28 10:00:00,45.983154,51.0,6
sant-antoni-de-portmany,2025-06-28 11:00:00,49.25351,54.0,6
sant-antoni-de-portmany,2025-06-28 12:00:00,51.979427,63.0,6
sant-antoni-de-portmany,2025-06-28 13:00:00,52.201694,46.0,6
sant-antoni-de-portmany,2025-06-28 14:00:00,52.74167,46.0,6
sant-antoni-de-portmany,2025-06-28 15:00:00,52.47641,56.0,6
sant-antoni-de-portmany,2025-06-28 16:00:00,49.253307,58.0,6
sant-antoni-de-portmany,2025-06-28 17:00:00,46.651325,42.0,6
sant-antoni-de-portmany,2025-06-28 18:00:00,43.979492,49.0,6
sant-antoni-de-portmany,2025-06-28 19:00:00,40.223473,41.0,6
sant-antoni-de-portmany,2025-06-28 20:00:00,34.18342,31.0,6
sant-antoni-de-portmany,2025-06-29 08:00:00,39.558727,26.0,6
sant-antoni-de-portmany,2025-06-29 09:00:00,45.15476,34.0,6
sant-antoni-de-portmany,2025-06-29 10:00:00,49.05407,54.0,6
sant-antoni-de-portmany,2025-06-29 11:00:00,55.170624,88.99798393249512,6
sant-antoni-de-portmany,2025-06-29 12:00:00,61.168858,88.99798393249512,6
sant-antoni-de-portmany,2025-06-29 13:00:00,55.26675,88.99798393249512,6
sant-antoni-de-portmany,2025-06-29 14:00:00,55.34651,88.99798393249512,6
sant-antoni-de-portmany,2025-06-29 15:00:00,56.072464,85.0,6
sant-antoni-de-portmany,2025-06-29 16:00:00,54.762745,60.0,6
sant-antoni-de-portmany,2025-06-29 17:00:00,49.01365,48.0,6
sant-antoni-de-portmany,2025-06-29 18:00:00,47.83647,29.0,6
sant-antoni-de-portmany,2025-06-29 19:00:00,40.911903,28.0,6
sant-antoni-de-portmany,2025-06-29 20:00:00,35.326256,10.0,6
sant-antoni-de-portmany,2025-06-30 08:00:00,37.415596,31.0,6
sant-antoni-de-portmany,2025-06-30 09:00:00,44.735443,37.0,6
sant-antoni-de-portmany,2025-06-30 10:00:00,45.95242,48.0,6
sant-antoni-de-portmany,2025-06-30 11:00:00,50.03771,75.0,6
sant-antoni-de-portmany,2025-06-30 12:00:00,50.770798,57.0,6
sant-antoni-de-portmany,2025-06-30 13:00:00,51.50867,84.0,6
sant-antoni-de-portmany,2025-06-30 14:00:00,50.38562,73.0,6
sant-antoni-de-portmany,2025-06-30 15:00:00,46.50015,74.0,6
sant-antoni-de-portmany,2025-06-30 16:00:00,43.52537,41.0,6
sant-antoni-de-portmany,2025-06-30 17:00:00,40.558075,41.0,6
sant-antoni-de-portmany,2025-06-30 18:00:00,38.726513,41.0,6
sant-antoni-de-portmany,2025-06-30 19:00:00,37.162766,37.0,6
sant-antoni-de-portmany,2025-06-30 20:00:00,31.189034,8.0,6
sant-antoni-de-portmany,2025-07-01 08:00:00,38.8894,22.0,7
sant-antoni-de-portmany,2025-07-01 09:00:00,44.967113,52.0,7
sant-antoni-de-portmany,2025-07-01 10:00:00,48.43027,68.0,7
sant-antoni-de-portmany,2025-07-01 11:00:00,50.043217,74.0,7
sant-antoni-de-portmany,2025-07-01 12:00:00,52.93001,77.0,7
sant-antoni-de-portmany,2025-07-01 13:00:00,52.524555,72.0,7
sant-antoni-de-portmany,2025-07-01 14:00:00,51.74461,58.0,7
sant-antoni-de-portmany,2025-07-01 15:00:00,52.575485,79.0,7
sant-antoni-de-portmany,2025-07-01 16:00:00,49.35433,43.0,7
sant-antoni-de-portmany,2025-07-01 17:00:00,46.21821,42.0,7
sant-antoni-de-portmany,2025-07-01 18:00:00,42.565147,33.0,7
sant-antoni-de-portmany,2025-07-01 19:00:00,38.92143,36.0,7
sant-antoni-de-portmany,2025-07-01 20:00:00,34.819664,22.0,7
sant-antoni-de-portmany,2025-07-02 08:00:00,33.535553,22.0,7
sant-antoni-de-portmany,2025-07-02 09:00:00,39.66597,40.0,7
sant-antoni-de-portmany,2025-07-02 10:00:00,40.909878,75.0,7
sant-antoni-de-portmany,2025-07-02 11:00:00,44.908367,70.0,7
sant-antoni-de-portmany,2025-07-02 12:00:00,46.60176,61.0,7
sant-antoni-de-portmany,2025-07-02 13:00:00,47.244705,74.0,7
sant-antoni-de-portmany,2025-07-02 14:00:00,47.694286,75.0,7
sant-antoni-de-portmany,2025-07-02 15:00:00,46.416546,78.0,7
sant-antoni-de-portmany,2025-07-02 16:00:00,44.217075,54.0,7
sant-antoni-de-portmany,2025-07-02 17:00:00,41.916122,25.0,7
sant-antoni-de-portmany,2025-07-02 18:00:00,41.16247,14.0,7
sant-antoni-de-portmany,2025-07-02 19:00:00,39.766697,18.0,7
sant-antoni-de-portmany,2025-07-02 20:00:00,32.488617,10.0,7
sant-antoni-de-portmany,2025-07-03 08:00:00,38.86577,20.0,7
sant-antoni-de-portmany,2025-07-03 09:00:00,44.874302,42.0,7
sant-antoni-de-portmany,2025-07-03 10:00:00,47.37557,51.0,7
sant-antoni-de-portmany,2025-07-03 11:00:00,48.96564,63.0,7
sant-antoni-de-portmany,2025-07-03 12:00:00,52.050865,70.0,7
sant-antoni-de-portmany,2025-07-03 13:00:00,53.906574,88.99798393249512,7
sant-antoni-de-portmany,2025-07-03 14:00:00,62.055336,88.99798393249512,7
sant-antoni-de-portmany,2025-07-03 15:00:00,53.541073,88.0,7
sant-antoni-de-portmany,2025-07-03 16:00:00,53.919632,44.0,7
sant-antoni-de-portmany,2025-07-03 17:00:00,44.32333,24.0,7
sant-antoni-de-portmany,2025-07-03 18:00:00,45.577072,21.0,7
sant-antoni-de-portmany,2025-07-03 19:00:00,42.868618,49.0,7
sant-antoni-de-portmany,2025-07-03 20:00:00,35.20653,19.0,7
sant-antoni-de-portmany,2025-07-04 08:00:00,36.947216,32.0,7
sant-antoni-de-portmany,2025-07-04 09:00:00,43.253742,55.0,7
sant-antoni-de-portmany,2025-07-04 10:00:00,44.77692,65.0,7
sant-antoni-de-portmany,2025-07-04 11:00:00,49.665203,59.0,7
sant-antoni-de-portmany,2025-07-04 12:00:00,52.380775,72.0,7
sant-antoni-de-portmany,2025-07-04 13:00:00,53.615826,63.0,7
sant-antoni-de-portmany,2025-07-04 14:00:00,53.35351,82.0,7
sant-antoni-de-portmany,2025-07-04 15:00:00,51.864204,88.99798393249512,7
sant-antoni-de-portmany,2025-07-04 16:00:00,51.608524,49.0,7
sant-antoni-de-portmany,2025-07-04 17:00:00,43.8258,27.0,7
sant-antoni-de-portmany,2025-07-04 18:00:00,41.613148,19.0,7
sant-antoni-de-portmany,2025-07-04 19:00:00,41.13736,39.0,7
sant-antoni-de-portmany,2025-07-04 20:00:00,34.641823,21.0,7
sant-antoni-de-portmany,2025-07-05 08:00:00,36.65453,23.0,7
sant-antoni-de-portmany,2025-07-05 09:00:00,44.600346,37.0,7
sant-antoni-de-portmany,2025-07-05 10:00:00,46.37734,57.0,7
sant-antoni-de-portmany,2025-07-05 11:00:00,50.628403,54.0,7
sant-antoni-de-portmany,2025-07-05 12:00:00,53.445503,81.0,7
sant-antoni-de-portmany,2025-07-05 13:00:00,54.663097,81.0,7
sant-antoni-de-portmany,2025-07-05 14:00:00,53.084854,83.0,7
sant-antoni-de-portmany,2025-07-05 15:00:00,60.718475,88.99798393249512,7
sant-antoni-de-portmany,2025-07-05 16:00:00,52.825546,77.0,7
sant-antoni-de-portmany,2025-07-05 17:00:00,48.593014,19.0,7
sant-antoni-de-portmany,2025-07-05 18:00:00,45.539043,32.0,7
sant-antoni-de-portmany,2025-07-05 19:00:00,43.97963,43.0,7
sant-antoni-de-portmany,2025-07-05 20:00:00,36.39728,6.0,7
sant-antoni-de-portmany,2025-07-06 08:00:00,36.921577,27.0,7
sant-antoni-de-portmany,2025-07-06 09:00:00,45.010002,30.0,7
sant-antoni-de-portmany,2025-07-06 10:00:00,46.42473,65.0,7
sant-antoni-de-portmany,2025-07-06 11:00:00,55.084087,71.0,7
sant-antoni-de-portmany,2025-07-06 12:00:00,61.159218,88.0,7
sant-antoni-de-portmany,2025-07-06 13:00:00,63.277523,88.99798393249512,7
sant-antoni-de-portmany,2025-07-06 14:00:00,55.671867,88.0,7
sant-antoni-de-portmany,2025-07-06 15:00:00,55.954357,88.0,7
sant-antoni-de-portmany,2025-07-06 16:00:00,55.809563,69.0,7
sant-antoni-de-portmany,2025-07-06 17:00:00,50.870647,42.0,7
sant-antoni-de-portmany,2025-07-06 18:00:00,49.559227,35.0,7
sant-antoni-de-portmany,2025-07-06 19:00:00,43.772877,35.0,7
sant-antoni-de-portmany,2025-07-06 20:00:00,37.476837,24.0,7
sant-antoni-de-portmany,2025-07-07 08:00:00,37.934963,25.0,7
sant-antoni-de-portmany,2025-07-07 09:00:00,44.627632,36.0,7
sant-antoni-de-portmany,2025-07-07 10:00:00,45.81288,60.0,7
sant-antoni-de-portmany,2025-07-07 11:00:00,51.038692,66.0,7
sant-antoni-de-portmany,2025-07-07 12:00:00,51.030605,81.0,7
sant-antoni-de-portmany,2025-07-07 13:00:00,52.390003,59.0,7
sant-antoni-de-portmany,2025-07-07 14:00:00,51.534645,63.0,7
sant-antoni-de-portmany,2025-07-07 15:00:00,51.07973,44.0,7
sant-antoni-de-portmany,2025-07-07 16:00:00,47.244595,25.0,7
sant-antoni-de-portmany,2025-07-07 17:00:00,43.28662,12.0,7
sant-antoni-de-portmany,2025-07-07 18:00:00,43.582466,24.0,7
sant-antoni-de-portmany,2025-07-07 19:00:00,37.758118,34.0,7
sant-antoni-de-portmany,2025-07-07 20:00:00,35.568893,6.0,7
sant-antoni-de-portmany,2025-07-08 08:00:00,33.795475,22.0,7
sant-antoni-de-portmany,2025-07-08 09:00:00,35.654507,31.0,7
sant-antoni-de-portmany,2025-07-08 10:00:00,42.521824,32.0,7
sant-antoni-de-portmany,2025-07-08 11:00:00,41.32287,25.0,7
sant-antoni-de-portmany,2025-07-08 12:00:00,40.82779,30.0,7
sant-antoni-de-portmany,2025-07-08 13:00:00,42.3707,38.0,7
sant-antoni-de-portmany,2025-07-08 14:00:00,47.314137,34.0,7
sant-antoni-de-portmany,2025-07-08 15:00:00,43.830345,47.0,7
sant-antoni-de-portmany,2025-07-08 16:00:00,42.90746,26.0,7
sant-antoni-de-portmany,2025-07-08 17:00:00,42.64587,20.0,7
sant-antoni-de-portmany,2025-07-08 18:00:00,42.474617,14.0,7
sant-antoni-de-portmany,2025-07-08 19:00:00,36.22507,29.0,7
sant-antoni-de-portmany,2025-07-08 20:00:00,36.530468,6.0,7
sant-antoni-de-portmany,2025-07-09 08:00:00,37.05521,32.0,7
sant-antoni-de-portmany,2025-07-09 09:00:00,43.02889,61.0,7
sant-antoni-de-portmany,2025-07-09 10:00:00,45.04174,65.0,7
sant-antoni-de-portmany,2025-07-09 11:00:00,50.065254,74.0,7
sant-antoni-de-portmany,2025-07-09 12:00:00,52.299706,63.0,7
sant-antoni-de-portmany,2025-07-09 13:00:00,52.807053,62.0,7
sant-antoni-de-portmany,2025-07-09 14:00:00,52.176098,64.0,7
sant-antoni-de-portmany,2025-07-09 15:00:00,50.858196,72.0,7
sant-antoni-de-portmany,2025-07-09 16:00:00,49.296925,35.0,7
sant-antoni-de-portmany,2025-07-09 17:00:00,41.088272,39.0,7
sant-antoni-de-portmany,2025-07-09 18:00:00,42.895733,28.0,7
sant-antoni-de-portmany,2025-07-09 19:00:00,36.154453,28.0,7
sant-antoni-de-portmany,2025-07-09 20:00:00,34.16807,6.0,7
sant-antoni-de-portmany,2025-07-10 08:00:00,37.604156,27.0,7
sant-antoni-de-portmany,2025-07-10 09:00:00,42.396408,56.0,7
sant-antoni-de-portmany,2025-07-10 10:00:00,44.074093,86.0,7
sant-antoni-de-portmany,2025-07-10 11:00:00,49.44141,71.0,7
sant-antoni-de-portmany,2025-07-10 12:00:00,53.23101,56.0,7
sant-antoni-de-portmany,2025-07-10 13:00:00,61.4812,62.0,7
sant-antoni-de-portmany,2025-07-10 14:00:00,54.17561,64.0,7
sant-antoni-de-portmany,2025-07-10 15:00:00,51.828644,60.0,7
sant-antoni-de-portmany,2025-07-10 16:00:00,51.980423,57.0,7
sant-antoni-de-portmany,2025-07-10 17:00:00,41.76018,26.0,7
sant-antoni-de-portmany,2025-07-10 18:00:00,43.054203,34.0,7
sant-antoni-de-portmany,2025-07-10 19:00:00,37.131317,42.0,7
sant-antoni-de-portmany,2025-07-10 20:00:00,34.21965,6.0,7
sant-antoni-de-portmany,2025-07-11 08:00:00,37.888546,21.0,7
sant-antoni-de-portmany,2025-07-11 09:00:00,43.893307,67.0,7
sant-antoni-de-portmany,2025-07-11 10:00:00,46.256863,65.0,7
sant-antoni-de-portmany,2025-07-11 11:00:00,54.233696,85.0,7
sant-antoni-de-portmany,2025-07-11 12:00:00,53.51087,73.0,7
sant-antoni-de-portmany,2025-07-11 13:00:00,54.168137,51.0,7
sant-antoni-de-portmany,2025-07-11 14:00:00,53.104218,52.0,7
sant-antoni-de-portmany,2025-07-11 15:00:00,51.35067,53.0,7
sant-antoni-de-portmany,2025-07-11 16:00:00,50.3373,35.0,7
sant-antoni-de-portmany,2025-07-11 17:00:00,43.83116,18.0,7
sant-antoni-de-portmany,2025-07-11 19:00:00,39.97376,37.0,7
sant-antoni-de-portmany,2025-07-11 20:00:00,35.88153,6.0,7
sant-antoni-de-portmany,2025-07-12 08:00:00,34.400776,30.0,7
sant-antoni-de-portmany,2025-07-12 09:00:00,38.074627,40.0,7
sant-antoni-de-portmany,2025-07-12 10:00:00,44.316837,62.0,7
sant-antoni-de-portmany,2025-07-12 11:00:00,48.70683,80.0,7
sant-antoni-de-portmany,2025-07-12 12:00:00,52.96811,57.0,7
sant-antoni-de-portmany,2025-07-12 13:00:00,52.79279,46.0,7
sant-antoni-de-portmany,2025-07-12 14:00:00,52.348175,72.0,7
sant-antoni-de-portmany,2025-07-12 15:00:00,51.655407,44.0,7
sant-antoni-de-portmany,2025-07-12 16:00:00,49.564465,31.0,7
sant-antoni-de-portmany,2025-07-12 17:00:00,44.112114,47.0,7
sant-antoni-de-portmany,2025-07-12 18:00:00,43.10104,6.0,7
sant-antoni-de-portmany,2025-07-12 19:00:00,39.976887,14.0,7
sant-antoni-de-portmany,2025-07-12 20:00:00,37.74076,6.0,7
sant-antoni-de-portmany,2025-07-13 08:00:00,35.750866,25.0,7
sant-antoni-de-portmany,2025-07-13 09:00:00,43.47652,53.0,7
sant-antoni-de-portmany,2025-07-13 10:00:00,45.691746,71.0,7
sant-antoni-de-portmany,2025-07-13 11:00:00,54.61838,84.0,7
sant-antoni-de-portmany,2025-07-13 12:00:00,60.948902,63.0,7
sant-antoni-de-portmany,2025-07-13 13:00:00,63.86577,65.0,7
sant-antoni-de-portmany,2025-07-13 14:00:00,63.857952,81.0,7
sant-antoni-de-portmany,2025-07-13 15:00:00,63.326855,61.0,7
sant-antoni-de-portmany,2025-07-13 16:00:00,56.655575,13.0,7
sant-antoni-de-portmany,2025-07-13 17:00:00,50.70041,33.0,7
sant-antoni-de-portmany,2025-07-13 18:00:00,44.626766,25.0,7
sant-antoni-de-portmany,2025-07-13 19:00:00,40.91614,43.0,7
sant-antoni-de-portmany,2025-07-13 20:00:00,36.31991,6.0,7
sant-antoni-de-portmany,2025-07-14 08:00:00,36.060078,15.0,7
sant-antoni-de-portmany,2025-07-14 09:00:00,42.62371,49.0,7
sant-antoni-de-portmany,2025-07-14 10:00:00,43.39842,58.0,7
sant-antoni-de-portmany,2025-07-14 11:00:00,49.00699,53.0,7
sant-antoni-de-portmany,2025-07-14 12:00:00,53.407745,70.0,7
sant-antoni-de-portmany,2025-07-14 13:00:00,59.767475,63.0,7
sant-antoni-de-portmany,2025-07-14 14:00:00,47.861702,53.0,7
sant-antoni-de-portmany,2025-07-14 15:00:00,53.531967,48.0,7
sant-antoni-de-portmany,2025-07-14 16:00:00,51.815884,31.0,7
sant-antoni-de-portmany,2025-07-14 17:00:00,45.669315,23.0,7
sant-antoni-de-portmany,2025-07-14 18:00:00,43.789013,32.0,7
sant-antoni-de-portmany,2025-07-14 19:00:00,40.420853,38.0,7
sant-antoni-de-portmany,2025-07-14 20:00:00,34.752213,5.0,7
sant-antoni-de-portmany,2025-07-15 08:00:00,35.286068,38.0,7
sant-antoni-de-portmany,2025-07-15 09:00:00,43.94926,37.0,7
sant-antoni-de-portmany,2025-07-15 10:00:00,45.373272,77.0,7
sant-antoni-de-portmany,2025-07-15 11:00:00,51.061123,62.0,7
sant-antoni-de-portmany,2025-07-15 12:00:00,53.922394,63.0,7
sant-antoni-de-portmany,2025-07-15 13:00:00,54.29299,59.0,7
sant-antoni-de-portmany,2025-07-15 14:00:00,54.382572,57.0,7
sant-antoni-de-portmany,2025-07-15 15:00:00,56.30834,52.0,7
sant-antoni-de-portmany,2025-07-15 16:00:00,54.449856,27.0,7
sant-antoni-de-portmany,2025-07-15 17:00:00,49.33912,28.0,7
sant-antoni-de-portmany,2025-07-15 18:00:00,46.930626,30.0,7
sant-antoni-de-portmany,2025-07-15 19:00:00,40.82201,45.0,7
sant-antoni-de-portmany,2025-07-15 20:00:00,35.198505,6.0,7
sant-antoni-de-portmany,2025-07-16 08:00:00,35.832645,18.0,7
sant-antoni-de-portmany,2025-07-16 09:00:00,44.135464,26.0,7
sant-antoni-de-portmany,2025-07-16 10:00:00,46.215996,43.0,7
sant-antoni-de-portmany,2025-07-16 11:00:00,50.241287,46.0,7
sant-antoni-de-portmany,2025-07-16 12:00:00,53.523136,72.0,7
sant-antoni-de-portmany,2025-07-16 13:00:00,54.78701,51.0,7
sant-antoni-de-portmany,2025-07-16 14:00:00,54.4984,48.0,7
sant-antoni-de-portmany,2025-07-16 15:00:00,54.898533,67.0,7
sant-antoni-de-portmany,2025-07-16 16:00:00,53.91084,44.0,7
sant-antoni-de-portmany,2025-07-16 17:00:00,45.158463,32.0,7
sant-antoni-de-portmany,2025-07-16 18:00:00,39.28051,15.0,7
sant-antoni-de-portmany,2025-07-16 19:00:00,36.17628,52.0,7
sant-antoni-de-portmany,2025-07-16 20:00:00,33.94316,6.0,7
sant-antoni-de-portmany,2025-07-17 08:00:00,35.35656,20.0,7
sant-antoni-de-portmany,2025-07-17 09:00:00,44.115574,42.0,7
sant-antoni-de-portmany,2025-07-17 10:00:00,45.145702,78.0,7
sant-antoni-de-portmany,2025-07-17 11:00:00,50.161488,63.0,7
sant-antoni-de-portmany,2025-07-17 12:00:00,52.932877,68.0,7
sant-antoni-de-portmany,2025-07-17 13:00:00,61.014977,71.0,7
sant-antoni-de-portmany,2025-07-17 14:00:00,61.415127,87.0,7
sant-antoni-de-portmany,2025-07-17 15:00:00,61.719864,88.99798393249512,7
sant-antoni-de-portmany,2025-07-17 16:00:00,52.637157,38.0,7
sant-antoni-de-portmany,2025-07-17 17:00:00,44.073837,23.0,7
sant-antoni-de-portmany,2025-07-17 18:00:00,41.03955,21.0,7
sant-antoni-de-portmany,2025-07-17 19:00:00,40.816414,53.0,7
sant-antoni-de-portmany,2025-07-17 20:00:00,35.194267,6.0,7
sant-antoni-de-portmany,2025-07-18 08:00:00,38.798923,40.0,7
sant-antoni-de-portmany,2025-07-18 09:00:00,45.504505,44.0,7
sant-antoni-de-portmany,2025-07-18 10:00:00,47.30736,58.0,7
sant-antoni-de-portmany,2025-07-18 11:00:00,51.775265,59.0,7
sant-antoni-de-portmany,2025-07-18 12:00:00,54.43948,54.0,7
sant-antoni-de-portmany,2025-07-18 13:00:00,54.505978,63.0,7
sant-antoni-de-portmany,2025-07-18 14:00:00,62.052853,75.0,7
sant-antoni-de-portmany,2025-07-18 15:00:00,63.49118,66.0,7
sant-antoni-de-portmany,2025-07-18 16:00:00,54.83734,52.0,7
sant-antoni-de-portmany,2025-07-18 17:00:00,47.158497,20.0,7
sant-antoni-de-portmany,2025-07-18 18:00:00,44.052437,16.0,7
sant-antoni-de-portmany,2025-07-18 19:00:00,40.93088,44.0,7
sant-antoni-de-portmany,2025-07-18 20:00:00,35.760677,6.0,7
sant-antoni-de-portmany,2025-07-19 08:00:00,35.868717,10.0,7
sant-antoni-de-portmany,2025-07-19 09:00:00,44.103977,21.0,7
sant-antoni-de-portmany,2025-07-19 10:00:00,46.214924,36.0,7
sant-antoni-de-portmany,2025-07-19 11:00:00,50.896336,32.0,7
sant-antoni-de-portmany,2025-07-19 12:00:00,60.971703,41.0,7
sant-antoni-de-portmany,2025-07-19 13:00:00,62.04459,73.0,7
sant-antoni-de-portmany,2025-07-19 14:00:00,61.83186,62.0,7
sant-antoni-de-portmany,2025-07-19 15:00:00,61.491978,61.0,7
sant-antoni-de-portmany,2025-07-19 16:00:00,56.606056,21.0,7
sant-antoni-de-portmany,2025-07-19 17:00:00,45.634304,17.0,7
sant-antoni-de-portmany,2025-07-19 18:00:00,47.002876,13.0,7
sant-antoni-de-portmany,2025-07-19 19:00:00,41.365143,32.0,7
sant-antoni-de-portmany,2025-07-19 20:00:00,35.48284,6.0,7
sant-antoni-de-portmany,2025-07-20 08:00:00,37.495144,18.0,7
sant-antoni-de-portmany,2025-07-20 09:00:00,44.435013,44.0,7
sant-antoni-de-portmany,2025-07-20 10:00:00,48.575905,82.0,7
sant-antoni-de-portmany,2025-07-20 11:00:00,51.535786,64.0,7
sant-antoni-de-portmany,2025-07-20 12:00:00,62.560345,49.0,7
sant-antoni-de-portmany,2025-07-20 13:00:00,64.85795,55.0,7
sant-antoni-de-portmany,2025-07-20 14:00:00,65.4867,64.0,7
sant-antoni-de-portmany,2025-07-20 15:00:00,65.16532,76.0,7
sant-antoni-de-portmany,2025-07-20 16:00:00,57.15412,52.0,7
sant-antoni-de-portmany,2025-07-20 17:00:00,51.615585,28.0,7
sant-antoni-de-portmany,2025-07-20 18:00:00,47.3534,27.0,7
sant-antoni-de-portmany,2025-07-20 19:00:00,42.779045,45.0,7
sant-antoni-de-portmany,2025-07-20 20:00:00,37.578278,6.0,7
sant-antoni-de-portmany,2025-07-21 08:00:00,35.89904,16.0,7
sant-antoni-de-portmany,2025-07-21 09:00:00,43.881584,35.0,7
sant-antoni-de-portmany,2025-07-21 10:00:00,46.013603,49.0,7
sant-antoni-de-portmany,2025-07-21 11:00:00,50.683823,66.0,7
sant-antoni-de-portmany,2025-07-21 12:00:00,61.781483,54.0,7
sant-antoni-de-portmany,2025-07-21 13:00:00,55.271614,56.0,7
sant-antoni-de-portmany,2025-07-21 14:00:00,54.50565,50.0,7
sant-antoni-de-portmany,2025-07-21 15:00:00,53.15745,62.0,7
sant-antoni-de-portmany,2025-07-21 16:00:00,48.68264,29.0,7
sant-antoni-de-portmany,2025-07-21 17:00:00,43.278122,15.0,7
sant-antoni-de-portmany,2025-07-21 18:00:00,42.766037,20.0,7
sant-antoni-de-portmany,2025-07-21 19:00:00,40.12723,54.0,7
sant-antoni-de-portmany,2025-07-21 20:00:00,34.918743,5.0,7
sant-antoni-de-portmany,2025-07-22 08:00:00,34.518776,26.0,7
sant-antoni-de-portmany,2025-07-22 09:00:00,39.33243,38.0,7
sant-antoni-de-portmany,2025-07-22 10:00:00,40.415226,65.0,7
sant-antoni-de-portmany,2025-07-22 11:00:00,44.078213,66.0,7
sant-antoni-de-portmany,2025-07-22 12:00:00,47.252254,60.0,7
sant-antoni-de-portmany,2025-07-22 13:00:00,47.923393,66.0,7
sant-antoni-de-portmany,2025-07-22 14:00:00,47.623386,49.0,7
sant-antoni-de-portmany,2025-07-22 15:00:00,46.456177,67.0,7
sant-antoni-de-portmany,2025-07-22 16:00:00,39.388325,55.0,7
sant-antoni-de-portmany,2025-07-22 17:00:00,37.228535,21.0,7
sant-antoni-de-portmany,2025-07-22 18:00:00,35.14378,32.0,7
sant-antoni-de-portmany,2025-07-22 19:00:00,36.000446,45.0,7
sant-antoni-de-portmany,2025-07-22 20:00:00,31.33878,6.0,7
sant-antoni-de-portmany,2025-07-23 08:00:00,33.64322,32.0,7
sant-antoni-de-portmany,2025-07-23 09:00:00,38.978477,71.0,7
sant-antoni-de-portmany,2025-07-23 10:00:00,40.656487,88.99798393249512,7
sant-antoni-de-portmany,2025-07-23 11:00:00,46.363605,86.0,7
sant-antoni-de-portmany,2025-07-23 12:00:00,47.706783,77.0,7
sant-antoni-de-portmany,2025-07-23 13:00:00,50.587864,68.0,7
sant-antoni-de-portmany,2025-07-23 14:00:00,50.954636,69.0,7
sant-antoni-de-portmany,2025-07-23 15:00:00,49.409737,47.0,7
sant-antoni-de-portmany,2025-07-23 16:00:00,45.088852,41.0,7
sant-antoni-de-portmany,2025-07-23 17:00:00,45.230347,31.0,7
sant-antoni-de-portmany,2025-07-23 18:00:00,41.672474,23.0,7
sant-antoni-de-portmany,2025-07-23 19:00:00,38.40531,40.0,7
sant-antoni-de-portmany,2025-07-23 20:00:00,33.739506,6.0,7
sant-antoni-de-portmany,2025-07-24 08:00:00,32.939037,29.0,7
sant-antoni-de-portmany,2025-07-24 09:00:00,35.07454,41.0,7
sant-antoni-de-portmany,2025-07-24 10:00:00,35.385395,40.0,7
sant-antoni-de-portmany,2025-07-24 11:00:00,42.567474,29.0,7
sant-antoni-de-portmany,2025-07-24 12:00:00,41.668552,28.0,7
sant-antoni-de-portmany,2025-07-24 13:00:00,43.75971,33.0,7
sant-antoni-de-portmany,2025-07-24 14:00:00,42.38755,46.0,7
sant-antoni-de-portmany,2025-07-24 15:00:00,42.675663,26.0,7
sant-antoni-de-portmany,2025-07-24 16:00:00,42.07262,11.0,7
sant-antoni-de-portmany,2025-07-24 17:00:00,39.389732,10.0,7
sant-antoni-de-portmany,2025-07-24 18:00:00,40.999718,5.0,7
sant-antoni-de-portmany,2025-07-24 19:00:00,36.33472,6.0,7
sant-antoni-de-portmany,2025-07-24 20:00:00,28.867098,6.0,7
sant-antoni-de-portmany,2025-07-25 08:00:00,34.04252,15.0,7
sant-antoni-de-portmany,2025-07-25 09:00:00,37.363277,27.0,7
sant-antoni-de-portmany,2025-07-25 10:00:00,39.492794,39.0,7
sant-antoni-de-portmany,2025-07-25 11:00:00,48.835182,60.0,7
sant-antoni-de-portmany,2025-07-25 12:00:00,49.23547,47.0,7
sant-antoni-de-portmany,2025-07-25 13:00:00,51.31657,84.0,7
sant-antoni-de-portmany,2025-07-25 14:00:00,51.47962,73.0,7
sant-antoni-de-portmany,2025-07-25 15:00:00,49.867237,54.0,7
sant-antoni-de-portmany,2025-07-25 16:00:00,48.713455,36.0,7
sant-antoni-de-portmany,2025-07-25 17:00:00,39.97352,21.0,7
sant-antoni-de-portmany,2025-07-25 18:00:00,42.99387,11.0,7
sant-antoni-de-portmany,2025-07-25 19:00:00,35.2034,42.0,7
sant-antoni-de-portmany,2025-07-25 20:00:00,34.447372,6.0,7
sant-antoni-de-portmany,2025-07-26 08:00:00,38.0252,14.0,7
sant-antoni-de-portmany,2025-07-26 09:00:00,43.240425,50.0,7
sant-antoni-de-portmany,2025-07-26 10:00:00,44.096867,65.0,7
sant-antoni-de-portmany,2025-07-26 11:00:00,49.059475,70.0,7
sant-antoni-de-portmany,2025-07-26 12:00:00,52.26382,55.0,7
sant-antoni-de-portmany,2025-07-26 13:00:00,53.653976,56.0,7
sant-antoni-de-portmany,2025-07-26 14:00:00,51.978493,79.0,7
sant-antoni-de-portmany,2025-07-26 15:00:00,49.60065,66.0,7
sant-antoni-de-portmany,2025-07-26 16:00:00,47.568623,46.0,7
sant-antoni-de-portmany,2025-07-26 17:00:00,40.397152,19.0,7
sant-antoni-de-portmany,2025-07-26 18:00:00,38.82868,14.0,7
sant-antoni-de-portmany,2025-07-26 19:00:00,35.65371,29.0,7
sant-antoni-de-portmany,2025-07-26 20:00:00,33.74652,6.0,7
sant-antoni-de-portmany,2025-07-27 08:00:00,37.39365,19.0,7
sant-antoni-de-portmany,2025-07-27 09:00:00,40.70729,53.0,7
sant-antoni-de-portmany,2025-07-27 10:00:00,46.424927,70.0,7
sant-antoni-de-portmany,2025-07-27 11:00:00,49.39286,65.0,7
sant-antoni-de-portmany,2025-07-27 12:00:00,52.505844,65.0,7
sant-antoni-de-portmany,2025-07-27 13:00:00,61.801163,64.0,7
sant-antoni-de-portmany,2025-07-27 14:00:00,54.086765,88.99798393249512,7
sant-antoni-de-portmany,2025-07-27 15:00:00,49.881897,78.0,7
sant-antoni-de-portmany,2025-07-27 16:00:00,49.48043,19.0,7
sant-antoni-de-portmany,2025-07-27 17:00:00,41.78259,29.0,7
sant-antoni-de-portmany,2025-07-27 18:00:00,44.547054,19.0,7
sant-antoni-de-portmany,2025-07-27 19:00:00,35.93077,32.0,7
sant-antoni-de-portmany,2025-07-27 20:00:00,34.703064,6.0,7
sant-antoni-de-portmany,2025-07-28 08:00:00,37.34538,18.0,7
sant-antoni-de-portmany,2025-07-28 09:00:00,41.793034,42.0,7
sant-antoni-de-portmany,2025-07-28 10:00:00,43.169014,60.0,7
sant-antoni-de-portmany,2025-07-28 11:00:00,47.06787,73.0,7
sant-antoni-de-portmany,2025-07-28 12:00:00,49.711437,57.0,7
sant-antoni-de-portmany,2025-07-28 13:00:00,49.891823,73.0,7
sant-antoni-de-portmany,2025-07-28 14:00:00,50.3081,53.0,7
sant-antoni-de-portmany,2025-07-28 15:00:00,47.805458,58.0,7
sant-antoni-de-portmany,2025-07-28 16:00:00,44.900887,32.0,7
sant-antoni-de-portmany,2025-07-28 17:00:00,42.35809,25.0,7
sant-antoni-de-portmany,2025-07-28 18:00:00,42.251575,19.0,7
sant-antoni-de-portmany,2025-07-28 19:00:00,34.84964,35.0,7
sant-antoni-de-portmany,2025-07-28 20:00:00,38.096237,5.0,7
sant-antoni-de-portmany,2025-07-29 08:00:00,36.23933,24.0,7
sant-antoni-de-portmany,2025-07-29 09:00:00,35.412018,38.0,7
sant-antoni-de-portmany,2025-07-29 10:00:00,36.48764,44.0,7
sant-antoni-de-portmany,2025-07-29 11:00:00,38.956287,35.0,7
sant-antoni-de-portmany,2025-07-29 12:00:00,45.79607,36.0,7
sant-antoni-de-portmany,2025-07-29 13:00:00,47.839947,38.0,7
sant-antoni-de-portmany,2025-07-29 14:00:00,49.063667,45.0,7
sant-antoni-de-portmany,2025-07-29 15:00:00,39.95082,32.0,7
sant-antoni-de-portmany,2025-07-29 16:00:00,41.173447,30.0,7
sant-antoni-de-portmany,2025-07-29 17:00:00,40.978783,14.0,7
sant-antoni-de-portmany,2025-07-29 18:00:00,42.15574,13.0,7
sant-antoni-de-portmany,2025-07-29 19:00:00,34.883175,35.0,7
sant-antoni-de-portmany,2025-07-29 20:00:00,31.501253,6.0,7
sant-antoni-de-portmany,2025-07-30 08:00:00,33.734653,18.0,7
sant-antoni-de-portmany,2025-07-30 09:00:00,39.25647,59.0,7
sant-antoni-de-portmany,2025-07-30 10:00:00,40.574947,67.0,7
sant-antoni-de-portmany,2025-07-30 11:00:00,44.833664,51.0,7
sant-antoni-de-portmany,2025-07-30 12:00:00,45.31356,49.0,7
sant-antoni-de-portmany,2025-07-30 13:00:00,47.673477,63.0,7
sant-antoni-de-portmany,2025-07-30 14:00:00,48.6552,79.0,7
sant-antoni-de-portmany,2025-07-30 15:00:00,48.523792,52.0,7
sant-antoni-de-portmany,2025-07-30 16:00:00,44.89172,17.0,7
sant-antoni-de-portmany,2025-07-30 17:00:00,36.48759,24.0,7
sant-antoni-de-portmany,2025-07-30 18:00:00,42.093983,45.0,7
sant-antoni-de-portmany,2025-07-30 19:00:00,34.921124,7.0,7
sant-antoni-de-portmany,2025-07-30 20:00:00,32.269238,6.0,7
sant-antoni-de-portmany,2025-07-31 08:00:00,37.059475,27.0,7
sant-antoni-de-portmany,2025-07-31 09:00:00,41.68419,51.0,7
sant-antoni-de-portmany,2025-07-31 10:00:00,43.455673,58.0,7
sant-antoni-de-portmany,2025-07-31 11:00:00,48.694595,64.0,7
sant-antoni-de-portmany,2025-07-31 12:00:00,52.402805,44.0,7
sant-antoni-de-portmany,2025-07-31 13:00:00,60.88681,88.99798393249512,7
sant-antoni-de-portmany,2025-07-31 14:00:00,61.189133,71.0,7
sant-antoni-de-portmany,2025-07-31 15:00:00,51.290607,40.0,7
sant-antoni-de-portmany,2025-07-31 16:00:00,46.749756,20.0,7
sant-antoni-de-portmany,2025-07-31 17:00:00,39.929516,10.0,7
sant-antoni-de-portmany,2025-07-31 18:00:00,43.814053,29.0,7
sant-antoni-de-portmany,2025-07-31 19:00:00,35.954376,7.0,7
sant-antoni-de-portmany,2025-07-31 20:00:00,37.413795,6.0,7
sant-antoni-de-portmany,2025-08-01 08:00:00,37.281548,39.0,8
sant-antoni-de-portmany,2025-08-01 09:00:00,42.96278,64.0,8
sant-antoni-de-portmany,2025-08-01 10:00:00,44.28689,67.0,8
sant-antoni-de-portmany,2025-08-01 11:00:00,49.275684,67.0,8
sant-antoni-de-portmany,2025-08-01 12:00:00,52.90111,53.0,8
sant-antoni-de-portmany,2025-08-01 13:00:00,53.83998,72.0,8
sant-antoni-de-portmany,2025-08-01 14:00:00,53.433918,70.0,8
sant-antoni-de-portmany,2025-08-01 15:00:00,50.650093,46.0,8
sant-antoni-de-portmany,2025-08-01 16:00:00,47.361034,25.0,8
sant-antoni-de-portmany,2025-08-01 17:00:00,41.08243,25.0,8
sant-antoni-de-portmany,2025-08-01 18:00:00,42.725758,29.0,8
sant-antoni-de-portmany,2025-08-01 19:00:00,35.234455,6.0,8
sant-antoni-de-portmany,2025-08-01 20:00:00,34.180737,6.0,8
sant-antoni-de-portmany,2025-08-02 08:00:00,34.374676,31.0,8
sant-antoni-de-portmany,2025-08-02 09:00:00,40.53308,57.0,8
sant-antoni-de-portmany,2025-08-02 10:00:00,40.978313,54.0,8
sant-antoni-de-portmany,2025-08-02 11:00:00,45.957703,86.0,8
sant-antoni-de-portmany,2025-08-02 12:00:00,50.21451,72.0,8
sant-antoni-de-portmany,2025-08-02 13:00:00,50.33935,83.0,8
sant-antoni-de-portmany,2025-08-02 14:00:00,50.03203,82.0,8
sant-antoni-de-portmany,2025-08-02 15:00:00,45.750805,52.0,8
sant-antoni-de-portmany,2025-08-02 16:00:00,44.14697,23.0,8
sant-antoni-de-portmany,2025-08-02 17:00:00,38.73108,24.0,8
sant-antoni-de-portmany,2025-08-02 18:00:00,39.96595,41.0,8
sant-antoni-de-portmany,2025-08-02 19:00:00,33.272392,6.0,8
sant-antoni-de-portmany,2025-08-02 20:00:00,32.169598,6.0,8
sant-antoni-de-portmany,2025-08-03 08:00:00,35.875095,50.0,8
sant-antoni-de-portmany,2025-08-03 09:00:00,42.706726,69.0,8
sant-antoni-de-portmany,2025-08-03 10:00:00,44.926834,62.0,8
sant-antoni-de-portmany,2025-08-03 11:00:00,47.43365,78.0,8
sant-antoni-de-portmany,2025-08-03 12:00:00,50.27876,60.0,8
sant-antoni-de-portmany,2025-08-03 13:00:00,50.71276,65.0,8
sant-antoni-de-portmany,2025-08-03 14:00:00,53.900536,71.0,8
sant-antoni-de-portmany,2025-08-03 15:00:00,51.900326,69.0,8
sant-antoni-de-portmany,2025-08-03 16:00:00,48.828594,33.0,8
sant-antoni-de-portmany,2025-08-03 17:00:00,42.180653,21.0,8
sant-antoni-de-portmany,2025-08-03 18:00:00,43.464973,46.0,8
sant-antoni-de-portmany,2025-08-03 19:00:00,36.11036,7.0,8
sant-antoni-de-portmany,2025-08-03 20:00:00,34.838257,6.0,8
sant-antoni-de-portmany,2025-08-04 08:00:00,36.908,24.0,8
sant-antoni-de-portmany,2025-08-04 09:00:00,42.014565,44.0,8
sant-antoni-de-portmany,2025-08-04 10:00:00,42.755375,54.0,8
sant-antoni-de-portmany,2025-08-04 11:00:00,46.951984,50.0,8
sant-antoni-de-portmany,2025-08-04 12:00:00,49.803806,66.0,8
sant-antoni-de-portmany,2025-08-04 13:00:00,50.428703,68.0,8
sant-antoni-de-portmany,2025-08-04 14:00:00,51.563053,61.0,8
sant-antoni-de-portmany,2025-08-04 15:00:00,47.70052,59.0,8
sant-antoni-de-portmany,2025-08-04 16:00:00,44.25404,35.0,8
sant-antoni-de-portmany,2025-08-04 17:00:00,36.52528,29.0,8
sant-antoni-de-portmany,2025-08-04 18:00:00,42.042503,40.0,8
sant-antoni-de-portmany,2025-08-04 19:00:00,34.696697,5.0,8
sant-antoni-de-portmany,2025-08-04 20:00:00,35.40321,5.0,8
sant-antoni-de-portmany,2025-08-05 08:00:00,35.62455,29.0,8
sant-antoni-de-portmany,2025-08-05 09:00:00,40.84957,56.0,8
sant-antoni-de-portmany,2025-08-05 10:00:00,43.884674,81.0,8
sant-antoni-de-portmany,2025-08-05 11:00:00,48.9001,81.0,8
sant-antoni-de-portmany,2025-08-05 12:00:00,51.90573,76.0,8
sant-antoni-de-portmany,2025-08-05 13:00:00,51.36099,88.99798393249512,8
sant-antoni-de-portmany,2025-08-05 14:00:00,52.48703,81.0,8
sant-antoni-de-portmany,2025-08-05 15:00:00,51.145863,40.0,8
sant-antoni-de-portmany,2025-08-05 16:00:00,47.917847,32.0,8
sant-antoni-de-portmany,2025-08-05 17:00:00,45.076866,28.0,8
sant-antoni-de-portmany,2025-08-05 18:00:00,44.13204,38.0,8
sant-antoni-de-portmany,2025-08-05 19:00:00,34.921013,6.0,8
sant-antoni-de-portmany,2025-08-05 20:00:00,37.093914,6.0,8
sant-antoni-de-portmany,2025-08-06 08:00:00,36.612324,22.0,8
sant-antoni-de-portmany,2025-08-06 09:00:00,44.60976,32.0,8
sant-antoni-de-portmany,2025-08-06 10:00:00,47.741386,55.0,8
sant-antoni-de-portmany,2025-08-06 11:00:00,50.48699,61.0,8
sant-antoni-de-portmany,2025-08-06 12:00:00,53.96834,59.0,8
sant-antoni-de-portmany,2025-08-06 13:00:00,55.14016,79.0,8
sant-antoni-de-portmany,2025-08-06 14:00:00,54.484367,71.0,8
sant-antoni-de-portmany,2025-08-06 15:00:00,53.001663,48.0,8
sant-antoni-de-portmany,2025-08-06 16:00:00,50.610462,26.0,8
sant-antoni-de-portmany,2025-08-06 17:00:00,42.330307,27.0,8
sant-antoni-de-portmany,2025-08-06 18:00:00,43.34052,41.0,8
sant-antoni-de-portmany,2025-08-06 19:00:00,35.732014,6.0,8
sant-antoni-de-portmany,2025-08-06 20:00:00,36.78053,6.0,8
sant-antoni-de-portmany,2025-08-07 08:00:00,37.454494,34.0,8
sant-antoni-de-portmany,2025-08-07 09:00:00,42.719643,66.0,8
sant-antoni-de-portmany,2025-08-07 10:00:00,40.830788,55.0,8
sant-antoni-de-portmany,2025-08-07 11:00:00,43.95989,72.0,8
sant-antoni-de-portmany,2025-08-07 12:00:00,47.5926,71.0,8
sant-antoni-de-portmany,2025-08-07 13:00:00,48.580208,70.0,8
sant-antoni-de-portmany,2025-08-07 14:00:00,46.69095,83.0,8
sant-antoni-de-portmany,2025-08-07 15:00:00,44.008816,51.0,8
sant-antoni-de-portmany,2025-08-07 16:00:00,42.73393,40.0,8
sant-antoni-de-portmany,2025-08-07 17:00:00,38.087,29.0,8
sant-antoni-de-portmany,2025-08-07 18:00:00,36.515705,36.0,8
sant-antoni-de-portmany,2025-08-07 19:00:00,32.50359,9.0,8
sant-antoni-de-portmany,2025-08-07 20:00:00,30.531345,6.0,8
sant-antoni-de-portmany,2025-08-08 08:00:00,29.17739,35.0,8
sant-antoni-de-portmany,2025-08-08 09:00:00,34.83115,65.0,8
sant-antoni-de-portmany,2025-08-08 10:00:00,37.01378,73.0,8
sant-antoni-de-portmany,2025-08-08 11:00:00,41.140617,71.0,8
sant-antoni-de-portmany,2025-08-08 12:00:00,51.365574,57.0,8
sant-antoni-de-portmany,2025-08-08 13:00:00,49.59826,61.0,8
sant-antoni-de-portmany,2025-08-08 14:00:00,48.080505,54.0,8
sant-antoni-de-portmany,2025-08-08 15:00:00,46.98722,55.0,8
sant-antoni-de-portmany,2025-08-08 16:00:00,44.061428,35.0,8
sant-antoni-de-portmany,2025-08-08 17:00:00,39.953896,35.0,8
sant-antoni-de-portmany,2025-08-08 18:00:00,42.700203,40.0,8
sant-antoni-de-portmany,2025-08-08 19:00:00,33.43057,6.0,8
sant-antoni-de-portmany,2025-08-08 20:00:00,31.634943,6.0,8
sant-antoni-de-portmany,2025-08-09 08:00:00,35.75113,25.0,8
sant-antoni-de-portmany,2025-08-09 09:00:00,39.64338,45.0,8
sant-antoni-de-portmany,2025-08-09 10:00:00,40.58305,61.0,8
sant-antoni-de-portmany,2025-08-09 11:00:00,44.794518,70.0,8
sant-antoni-de-portmany,2025-08-09 12:00:00,46.398643,57.0,8
sant-antoni-de-portmany,2025-08-09 13:00:00,49.34044,62.0,8
sant-antoni-de-portmany,2025-08-09 14:00:00,49.737495,86.0,8
sant-antoni-de-portmany,2025-08-09 15:00:00,48.133904,67.0,8
sant-antoni-de-portmany,2025-08-09 16:00:00,44.193012,41.0,8
sant-antoni-de-portmany,2025-08-09 17:00:00,39.771675,22.0,8
sant-antoni-de-portmany,2025-08-09 18:00:00,40.371346,43.0,8
sant-antoni-de-portmany,2025-08-09 19:00:00,34.263824,5.0,8
sant-antoni-de-portmany,2025-08-09 20:00:00,32.88187,5.0,8
sant-antoni-de-portmany,2025-08-10 08:00:00,35.776245,31.0,8
sant-antoni-de-portmany,2025-08-10 09:00:00,38.66183,44.0,8
sant-antoni-de-portmany,2025-08-10 10:00:00,41.128536,79.0,8
sant-antoni-de-portmany,2025-08-10 11:00:00,48.484833,64.0,8
sant-antoni-de-portmany,2025-08-10 12:00:00,52.19323,65.0,8
sant-antoni-de-portmany,2025-08-10 13:00:00,59.74655,70.0,8
sant-antoni-de-portmany,2025-08-10 14:00:00,53.95847,84.0,8
sant-antoni-de-portmany,2025-08-10 15:00:00,49.621807,50.0,8
sant-antoni-de-portmany,2025-08-10 16:00:00,49.050636,32.0,8
sant-antoni-de-portmany,2025-08-10 17:00:00,42.796432,25.0,8
sant-antoni-de-portmany,2025-08-10 18:00:00,43.964783,60.0,8
sant-antoni-de-portmany,2025-08-10 19:00:00,36.842594,6.0,8
sant-antoni-de-portmany,2025-08-10 20:00:00,34.88156,6.0,8
sant-antoni-de-portmany,2025-08-11 08:00:00,36.583954,23.0,8
sant-antoni-de-portmany,2025-08-11 09:00:00,41.832382,35.0,8
sant-antoni-de-portmany,2025-08-11 10:00:00,43.91164,53.0,8
sant-antoni-de-portmany,2025-08-11 11:00:00,48.798626,51.0,8
sant-antoni-de-portmany,2025-08-11 12:00:00,51.994488,50.0,8
sant-antoni-de-portmany,2025-08-11 13:00:00,50.624714,64.0,8
sant-antoni-de-portmany,2025-08-11 14:00:00,52.104584,72.0,8
sant-antoni-de-portmany,2025-08-11 15:00:00,48.84494,48.0,8
sant-antoni-de-portmany,2025-08-11 16:00:00,46.554684,38.0,8
sant-antoni-de-portmany,2025-08-11 17:00:00,42.267757,24.0,8
sant-antoni-de-portmany,2025-08-11 18:00:00,44.61585,40.0,8
sant-antoni-de-portmany,2025-08-11 19:00:00,35.412773,6.0,8
sant-antoni-de-portmany,2025-08-11 20:00:00,34.445927,5.0,8
sant-antoni-de-portmany,2025-08-12 08:00:00,37.287483,36.0,8
sant-antoni-de-portmany,2025-08-12 09:00:00,40.032413,50.0,8
sant-antoni-de-portmany,2025-08-12 10:00:00,41.22975,66.0,8
sant-antoni-de-portmany,2025-08-12 11:00:00,44.71363,43.0,8
sant-antoni-de-portmany,2025-08-12 12:00:00,47.109943,61.0,8
sant-antoni-de-portmany,2025-08-12 13:00:00,47.409077,72.0,8
sant-antoni-de-portmany,2025-08-12 14:00:00,46.279602,76.0,8
sant-antoni-de-portmany,2025-08-12 15:00:00,44.431576,52.0,8
sant-antoni-de-portmany,2025-08-12 16:00:00,41.620113,28.0,8
sant-antoni-de-portmany,2025-08-12 17:00:00,37.414047,15.0,8
sant-antoni-de-portmany,2025-08-12 18:00:00,40.61012,31.0,8
sant-antoni-de-portmany,2025-08-12 19:00:00,33.24055,6.0,8
sant-antoni-de-portmany,2025-08-12 20:00:00,29.516409,6.0,8
sant-antoni-de-portmany,2025-08-13 08:00:00,32.12578,26.0,8
sant-antoni-de-portmany,2025-08-13 09:00:00,34.980076,42.0,8
sant-antoni-de-portmany,2025-08-13 10:00:00,36.96074,76.0,8
sant-antoni-de-portmany,2025-08-13 11:00:00,41.08797,67.0,8
sant-antoni-de-portmany,2025-08-13 12:00:00,44.293182,64.0,8
sant-antoni-de-portmany,2025-08-13 13:00:00,49.474884,72.0,8
sant-antoni-de-portmany,2025-08-13 14:00:00,50.484543,77.0,8
sant-antoni-de-portmany,2025-08-13 15:00:00,46.354248,63.0,8
sant-antoni-de-portmany,2025-08-13 16:00:00,45.46991,66.0,8
sant-antoni-de-portmany,2025-08-13 17:00:00,45.270313,27.0,8
sant-antoni-de-portmany,2025-08-13 18:00:00,39.743977,34.0,8
sant-antoni-de-portmany,2025-08-13 19:00:00,33.28448,6.0,8
sant-antoni-de-portmany,2025-08-13 20:00:00,33.376003,6.0,8
sant-antoni-de-portmany,2025-08-14 08:00:00,33.126244,18.0,8
sant-antoni-de-portmany,2025-08-14 09:00:00,37.308918,35.0,8
sant-antoni-de-portmany,2025-08-14 10:00:00,39.435448,66.0,8
sant-antoni-de-portmany,2025-08-14 11:00:00,42.384487,58.0,8
sant-antoni-de-portmany,2025-08-14 12:00:00,52.468384,73.0,8
sant-antoni-de-portmany,2025-08-14 13:00:00,50.309494,46.0,8
sant-antoni-de-portmany,2025-08-14 14:00:00,50.632042,86.0,8
sant-antoni-de-portmany,2025-08-14 15:00:00,45.71687,69.0,8
sant-antoni-de-portmany,2025-08-14 16:00:00,45.114834,53.0,8
sant-antoni-de-portmany,2025-08-14 17:00:00,43.79972,23.0,8
sant-antoni-de-portmany,2025-08-14 18:00:00,37.87648,37.0,8
sant-antoni-de-portmany,2025-08-14 19:00:00,33.15424,6.0,8
sant-antoni-de-portmany,2025-08-14 20:00:00,35.043823,6.0,8
sant-antoni-de-portmany,2025-08-15 08:00:00,33.43286,21.0,8
sant-antoni-de-portmany,2025-08-15 09:00:00,40.05394,49.0,8
sant-antoni-de-portmany,2025-08-15 10:00:00,43.746227,75.0,8
sant-antoni-de-portmany,2025-08-15 11:00:00,47.21701,73.0,8
sant-antoni-de-portmany,2025-08-15 12:00:00,49.814163,67.0,8
sant-antoni-de-portmany,2025-08-15 13:00:00,52.319485,63.0,8
sant-antoni-de-portmany,2025-08-15 14:00:00,51.36642,69.0,8
sant-antoni-de-portmany,2025-08-15 15:00:00,47.674812,42.0,8
sant-antoni-de-portmany,2025-08-15 16:00:00,46.15398,57.0,8
sant-antoni-de-portmany,2025-08-15 17:00:00,45.1439,34.0,8
sant-antoni-de-portmany,2025-08-15 18:00:00,40.968376,53.0,8
sant-antoni-de-portmany,2025-08-15 19:00:00,35.41708,6.0,8
sant-antoni-de-portmany,2025-08-15 20:00:00,36.868523,6.0,8
sant-antoni-de-portmany,2025-08-16 08:00:00,38.404667,26.0,8
sant-antoni-de-portmany,2025-08-16 09:00:00,41.66443,57.0,8
sant-antoni-de-portmany,2025-08-16 10:00:00,47.623383,51.0,8
sant-antoni-de-portmany,2025-08-16 11:00:00,49.587414,77.0,8
sant-antoni-de-portmany,2025-08-16 12:00:00,59.716515,88.99798393249512,8
sant-antoni-de-portmany,2025-08-16 13:00:00,61.58851,49.0,8
sant-antoni-de-portmany,2025-08-16 14:00:00,53.659954,88.99798393249512,8
sant-antoni-de-portmany,2025-08-16 15:00:00,49.25008,69.0,8
sant-antoni-de-portmany,2025-08-16 16:00:00,48.16447,49.0,8
sant-antoni-de-portmany,2025-08-16 17:00:00,47.66508,41.0,8
sant-antoni-de-portmany,2025-08-16 18:00:00,41.50045,53.0,8
sant-antoni-de-portmany,2025-08-16 19:00:00,36.0976,8.0,8
sant-antoni-de-portmany,2025-08-16 20:00:00,39.84606,6.0,8
sant-antoni-de-portmany,2025-08-17 08:00:00,38.433064,31.0,8
sant-antoni-de-portmany,2025-08-17 09:00:00,43.648888,71.0,8
sant-antoni-de-portmany,2025-08-17 10:00:00,45.85656,88.99798393249512,8
sant-antoni-de-portmany,2025-08-17 11:00:00,50.695267,81.0,8
sant-antoni-de-portmany,2025-08-17 12:00:00,53.536266,79.0,8
sant-antoni-de-portmany,2025-08-17 13:00:00,54.443867,60.0,8
sant-antoni-de-portmany,2025-08-17 14:00:00,54.220318,88.99798393249512,8
sant-antoni-de-portmany,2025-08-17 15:00:00,51.783405,77.0,8
sant-antoni-de-portmany,2025-08-17 16:00:00,47.926247,72.0,8
sant-antoni-de-portmany,2025-08-17 17:00:00,48.908512,41.0,8
sant-antoni-de-portmany,2025-08-17 18:00:00,43.101913,43.0,8
sant-antoni-de-portmany,2025-08-17 19:00:00,37.503986,6.0,8
sant-antoni-de-portmany,2025-08-17 20:00:00,37.271767,6.0,8
sant-antoni-de-portmany,2025-08-18 08:00:00,38.507614,50.0,8
sant-antoni-de-portmany,2025-08-18 09:00:00,42.248447,61.0,8
sant-antoni-de-portmany,2025-08-18 10:00:00,43.82705,67.0,8
sant-antoni-de-portmany,2025-08-18 11:00:00,48.38919,71.0,8
sant-antoni-de-portmany,2025-08-18 12:00:00,51.869637,55.0,8
sant-antoni-de-portmany,2025-08-18 13:00:00,51.279476,64.0,8
sant-antoni-de-portmany,2025-08-18 14:00:00,51.710873,62.0,8
sant-antoni-de-portmany,2025-08-18 15:00:00,49.86405,55.0,8
sant-antoni-de-portmany,2025-08-18 16:00:00,47.38969,23.0,8
sant-antoni-de-portmany,2025-08-18 17:00:00,45.99906,21.0,8
sant-antoni-de-portmany,2025-08-18 18:00:00,40.65058,17.0,8
sant-antoni-de-portmany,2025-08-18 19:00:00,35.16675,5.0,8
sant-antoni-de-portmany,2025-08-18 20:00:00,37.047962,5.0,8
sant-antoni-de-portmany,2025-08-19 08:00:00,37.199467,15.0,8
sant-antoni-de-portmany,2025-08-19 09:00:00,37.89087,35.0,8
sant-antoni-de-portmany,2025-08-19 10:00:00,43.48664,33.0,8
sant-antoni-de-portmany,2025-08-19 11:00:00,44.93636,33.0,8
sant-antoni-de-portmany,2025-08-19 12:00:00,51.23713,35.0,8
sant-antoni-de-portmany,2025-08-19 13:00:00,60.684902,40.0,8
sant-antoni-de-portmany,2025-08-19 14:00:00,51.8051,45.0,8
sant-antoni-de-portmany,2025-08-19 15:00:00,50.16591,67.0,8
sant-antoni-de-portmany,2025-08-19 16:00:00,47.46727,52.0,8
sant-antoni-de-portmany,2025-08-19 17:00:00,47.77523,36.0,8
sant-antoni-de-portmany,2025-08-19 18:00:00,40.463394,28.0,8
sant-antoni-de-portmany,2025-08-19 19:00:00,35.67466,6.0,8
sant-antoni-de-portmany,2025-08-19 20:00:00,34.553707,6.0,8
sant-antoni-de-portmany,2025-08-20 08:00:00,36.17477,30.0,8
sant-antoni-de-portmany,2025-08-20 09:00:00,37.50499,30.0,8
sant-antoni-de-portmany,2025-08-20 10:00:00,41.72293,42.0,8
sant-antoni-de-portmany,2025-08-20 11:00:00,43.529434,57.0,8
sant-antoni-de-portmany,2025-08-20 12:00:00,47.136806,37.0,8
sant-antoni-de-portmany,2025-08-20 13:00:00,50.64947,43.0,8
sant-antoni-de-portmany,2025-08-20 14:00:00,49.288025,38.0,8
sant-antoni-de-portmany,2025-08-20 15:00:00,46.510788,49.0,8
sant-antoni-de-portmany,2025-08-20 16:00:00,42.824436,34.0,8
sant-antoni-de-portmany,2025-08-20 17:00:00,43.40863,21.0,8
sant-antoni-de-portmany,2025-08-20 18:00:00,38.177433,27.0,8
sant-antoni-de-portmany,2025-08-20 19:00:00,34.800255,6.0,8
sant-antoni-de-portmany,2025-08-20 20:00:00,37.99115,6.0,8
sant-antoni-de-portmany,2025-08-21 08:00:00,36.69549,16.0,8
sant-antoni-de-portmany,2025-08-21 09:00:00,39.824467,44.0,8
sant-antoni-de-portmany,2025-08-21 10:00:00,42.757614,48.0,8
sant-antoni-de-portmany,2025-08-21 11:00:00,48.150593,67.0,8
sant-antoni-de-portmany,2025-08-21 12:00:00,51.77742,54.0,8
sant-antoni-de-portmany,2025-08-21 13:00:00,59.000767,57.0,8
sant-antoni-de-portmany,2025-08-21 14:00:00,51.581295,55.0,8
sant-antoni-de-portmany,2025-08-21 15:00:00,50.01751,54.0,8
sant-antoni-de-portmany,2025-08-21 16:00:00,46.575397,25.0,8
sant-antoni-de-portmany,2025-08-21 17:00:00,44.96939,21.0,8
sant-antoni-de-portmany,2025-08-21 18:00:00,38.354828,29.0,8
sant-antoni-de-portmany,2025-08-21 19:00:00,34.419075,6.0,8
sant-antoni-de-portmany,2025-08-21 20:00:00,38.175186,6.0,8
sant-antoni-de-portmany,2025-08-22 08:00:00,36.815212,36.0,8
sant-antoni-de-portmany,2025-08-22 09:00:00,38.24397,65.0,8
sant-antoni-de-portmany,2025-08-22 10:00:00,43.533188,60.0,8
sant-antoni-de-portmany,2025-08-22 11:00:00,47.52189,60.0,8
sant-antoni-de-portmany,2025-08-22 12:00:00,51.556095,54.0,8
sant-antoni-de-portmany,2025-08-22 13:00:00,50.081284,54.0,8
sant-antoni-de-portmany,2025-08-22 14:00:00,49.828125,45.0,8
sant-antoni-de-portmany,2025-08-22 15:00:00,48.688644,23.0,8
sant-antoni-de-portmany,2025-08-22 16:00:00,44.564648,19.0,8
sant-antoni-de-portmany,2025-08-22 17:00:00,44.348564,21.0,8
sant-antoni-de-portmany,2025-08-22 18:00:00,38.232193,30.0,8
sant-antoni-de-portmany,2025-08-22 19:00:00,34.841606,6.0,8
sant-antoni-de-portmany,2025-08-22 20:00:00,35.085377,6.0,8
sant-antoni-de-portmany,2025-08-23 08:00:00,37.865036,20.0,8
sant-antoni-de-portmany,2025-08-23 09:00:00,40.11301,43.0,8
sant-antoni-de-portmany,2025-08-23 10:00:00,43.808483,42.0,8
sant-antoni-de-portmany,2025-08-23 11:00:00,48.91986,61.0,8
sant-antoni-de-portmany,2025-08-23 12:00:00,52.923943,45.0,8
sant-antoni-de-portmany,2025-08-23 13:00:00,61.17067,55.0,8
sant-antoni-de-portmany,2025-08-23 14:00:00,52.88649,63.0,8
sant-antoni-de-portmany,2025-08-23 15:00:00,51.107933,41.0,8
sant-antoni-de-portmany,2025-08-23 16:00:00,42.359688,37.0,8
sant-antoni-de-portmany,2025-08-23 17:00:00,44.952473,22.0,8
sant-antoni-de-portmany,2025-08-23 18:00:00,38.895397,38.0,8
sant-antoni-de-portmany,2025-08-23 19:00:00,35.22288,6.0,8
sant-antoni-de-portmany,2025-08-23 20:00:00,38.02919,6.0,8
sant-antoni-de-portmany,2025-08-24 08:00:00,37.54283,27.0,8
sant-antoni-de-portmany,2025-08-24 09:00:00,38.11381,55.0,8
sant-antoni-de-portmany,2025-08-24 10:00:00,43.303764,65.0,8
sant-antoni-de-portmany,2025-08-24 11:00:00,50.5212,62.0,8
sant-antoni-de-portmany,2025-08-24 12:00:00,53.681366,70.0,8
sant-antoni-de-portmany,2025-08-24 13:00:00,62.437893,71.0,8
sant-antoni-de-portmany,2025-08-24 14:00:00,54.087486,79.0,8
sant-antoni-de-portmany,2025-08-24 15:00:00,51.57289,67.0,8
sant-antoni-de-portmany,2025-08-24 16:00:00,45.181656,49.0,8
sant-antoni-de-portmany,2025-08-24 17:00:00,47.293407,29.0,8
sant-antoni-de-portmany,2025-08-24 18:00:00,39.341496,38.0,8
sant-antoni-de-portmany,2025-08-24 19:00:00,35.704166,6.0,8
sant-antoni-de-portmany,2025-08-24 20:00:00,35.344585,6.0,8
sant-antoni-de-portmany,2025-08-25 08:00:00,36.9717,51.0,8
sant-antoni-de-portmany,2025-08-25 09:00:00,38.334435,65.0,8
sant-antoni-de-portmany,2025-08-25 10:00:00,41.274876,60.0,8
sant-antoni-de-portmany,2025-08-25 11:00:00,45.417576,41.0,8
sant-antoni-de-portmany,2025-08-25 12:00:00,48.560436,79.0,8
sant-antoni-de-portmany,2025-08-25 13:00:00,50.846066,64.0,8
sant-antoni-de-portmany,2025-08-25 14:00:00,50.471684,59.0,8
sant-antoni-de-portmany,2025-08-25 15:00:00,49.658016,58.0,8
sant-antoni-de-portmany,2025-08-25 16:00:00,41.120716,35.0,8
sant-antoni-de-portmany,2025-08-25 17:00:00,46.118683,29.0,8
sant-antoni-de-portmany,2025-08-25 18:00:00,38.35592,32.0,8
sant-antoni-de-portmany,2025-08-25 19:00:00,34.546146,5.0,8
sant-antoni-de-portmany,2025-08-25 20:00:00,38.220623,5.0,8
sant-antoni-de-portmany,2025-08-26 08:00:00,36.853855,28.0,8
sant-antoni-de-portmany,2025-08-26 09:00:00,39.03862,32.0,8
sant-antoni-de-portmany,2025-08-26 10:00:00,44.00288,54.0,8
sant-antoni-de-portmany,2025-08-26 11:00:00,48.676342,64.0,8
sant-antoni-de-portmany,2025-08-26 12:00:00,51.465122,61.0,8
sant-antoni-de-portmany,2025-08-26 13:00:00,51.185287,80.0,8
sant-antoni-de-portmany,2025-08-26 14:00:00,51.747864,69.0,8
sant-antoni-de-portmany,2025-08-26 15:00:00,48.756668,51.0,8
sant-antoni-de-portmany,2025-08-26 16:00:00,42.80485,51.0,8
sant-antoni-de-portmany,2025-08-26 17:00:00,44.677986,36.0,8
sant-antoni-de-portmany,2025-08-26 18:00:00,39.883823,28.0,8
sant-antoni-de-portmany,2025-08-26 19:00:00,35.00288,6.0,8
sant-antoni-de-portmany,2025-08-26 20:00:00,35.598877,6.0,8
sant-antoni-de-portmany,2025-08-27 08:00:00,35.399147,11.0,8
sant-antoni-de-portmany,2025-08-27 09:00:00,36.463398,39.0,8
sant-antoni-de-portmany,2025-08-27 10:00:00,42.415356,33.0,8
sant-antoni-de-portmany,2025-08-27 11:00:00,46.660984,55.0,8
sant-antoni-de-portmany,2025-08-27 12:00:00,50.288853,44.0,8
sant-antoni-de-portmany,2025-08-27 13:00:00,51.629265,65.0,8
sant-antoni-de-portmany,2025-08-27 14:00:00,50.30412,55.0,8
sant-antoni-de-portmany,2025-08-27 15:00:00,50.8569,38.0,8
sant-antoni-de-portmany,2025-08-27 16:00:00,42.973244,25.0,8
sant-antoni-de-portmany,2025-08-27 17:00:00,43.392273,15.0,8
sant-antoni-de-portmany,2025-08-27 18:00:00,37.841835,15.0,8
sant-antoni-de-portmany,2025-08-27 19:00:00,34.252632,6.0,8
sant-antoni-de-portmany,2025-08-27 20:00:00,33.638702,6.0,8
sant-antoni-de-portmany,2025-08-28 08:00:00,35.792816,14.0,8
sant-antoni-de-portmany,2025-08-28 09:00:00,36.176388,21.0,8
sant-antoni-de-portmany,2025-08-28 10:00:00,42.973484,47.0,8
sant-antoni-de-portmany,2025-08-28 11:00:00,46.878593,67.0,8
sant-antoni-de-portmany,2025-08-28 12:00:00,48.528984,34.0,8
sant-antoni-de-portmany,2025-08-28 13:00:00,59.44681,60.0,8
sant-antoni-de-portmany,2025-08-28 14:00:00,50.054134,67.0,8
sant-antoni-de-portmany,2025-08-28 15:00:00,49.08511,60.0,8
sant-antoni-de-portmany,2025-08-28 16:00:00,40.69158,35.0,8
sant-antoni-de-portmany,2025-08-28 17:00:00,43.249104,46.0,8
sant-antoni-de-portmany,2025-08-28 18:00:00,37.94712,36.0,8
sant-antoni-de-portmany,2025-08-28 19:00:00,34.9075,6.0,8
sant-antoni-de-portmany,2025-08-28 20:00:00,34.365444,6.0,8
sant-antoni-de-portmany,2025-08-29 08:00:00,36.76443,17.0,8
sant-antoni-de-portmany,2025-08-29 09:00:00,36.060955,27.0,8
sant-antoni-de-portmany,2025-08-29 10:00:00,43.41742,46.0,8
sant-antoni-de-portmany,2025-08-29 11:00:00,46.53362,64.0,8
sant-antoni-de-portmany,2025-08-29 12:00:00,51.205383,59.0,8
sant-antoni-de-portmany,2025-08-29 13:00:00,51.79586,34.0,8
sant-antoni-de-portmany,2025-08-29 14:00:00,49.457893,42.0,8
sant-antoni-de-portmany,2025-08-29 15:00:00,49.593082,70.0,8
sant-antoni-de-portmany,2025-08-29 16:00:00,44.018253,36.0,8
sant-antoni-de-portmany,2025-08-29 17:00:00,42.947083,22.0,8
sant-antoni-de-portmany,2025-08-29 18:00:00,38.03701,40.0,8
sant-antoni-de-portmany,2025-08-29 19:00:00,35.064507,6.0,8
sant-antoni-de-portmany,2025-08-29 20:00:00,36.142845,6.0,8
sant-antoni-de-portmany,2025-08-30 08:00:00,38.74752,30.0,8
sant-antoni-de-portmany,2025-08-30 09:00:00,40.89911,34.0,8
sant-antoni-de-portmany,2025-08-30 10:00:00,44.54498,43.0,8
sant-antoni-de-portmany,2025-08-30 11:00:00,53.396236,37.0,8
sant-antoni-de-portmany,2025-08-30 12:00:00,53.33119,54.0,8
sant-antoni-de-portmany,2025-08-30 13:00:00,60.165974,60.0,8
sant-antoni-de-portmany,2025-08-30 14:00:00,52.56534,69.0,8
sant-antoni-de-portmany,2025-08-30 15:00:00,52.578533,58.0,8
sant-antoni-de-portmany,2025-08-30 16:00:00,47.022953,46.0,8
sant-antoni-de-portmany,2025-08-30 17:00:00,48.15853,26.0,8
sant-antoni-de-portmany,2025-08-30 18:00:00,39.688988,42.0,8
sant-antoni-de-portmany,2025-08-30 19:00:00,35.82648,6.0,8
sant-antoni-de-portmany,2025-08-30 20:00:00,37.993576,6.0,8
son-serra-de-marina,2025-06-14 20:00:00,33.0772,3.0,6
son-serra-de-marina,2025-06-15 08:00:00,38.063766,63.0,6
son-serra-de-marina,2025-06-15 09:00:00,46.443443,63.0,6
son-serra-de-marina,2025-06-15 10:00:00,47.753338,63.0,6
son-serra-de-marina,2025-06-15 11:00:00,53.19101,48.0,6
son-serra-de-marina,2025-06-15 12:00:00,56.169453,50.0,6
son-serra-de-marina,2025-06-15 13:00:00,57.991776,62.0,6
son-serra-de-marina,2025-06-15 14:00:00,57.62868,48.0,6
son-serra-de-marina,2025-06-15 15:00:00,55.577896,57.0,6
son-serra-de-marina,2025-06-15 16:00:00,54.80766,44.0,6
son-serra-de-marina,2025-06-15 17:00:00,44.293407,49.0,6
son-serra-de-marina,2025-06-15 18:00:00,40.85943,30.0,6
son-serra-de-marina,2025-06-15 19:00:00,35.67809,5.0,6
son-serra-de-marina,2025-06-15 20:00:00,34.062973,2.0,6
son-serra-de-marina,2025-06-16 08:00:00,31.2701,14.0,6
son-serra-de-marina,2025-06-16 09:00:00,39.63901,28.0,6
son-serra-de-marina,2025-06-16 10:00:00,40.157883,30.0,6
son-serra-de-marina,2025-06-16 11:00:00,41.545708,11.0,6
son-serra-de-marina,2025-06-16 12:00:00,44.31031,15.0,6
son-serra-de-marina,2025-06-16 13:00:00,45.090996,32.0,6
son-serra-de-marina,2025-06-16 14:00:00,44.620464,22.0,6
son-serra-de-marina,2025-06-16 15:00:00,40.826756,20.0,6
son-serra-de-marina,2025-06-16 16:00:00,36.59007,25.0,6
son-serra-de-marina,2025-06-16 17:00:00,32.310654,13.0,6
son-serra-de-marina,2025-06-16 18:00:00,31.812025,15.0,6
son-serra-de-marina,2025-06-16 19:00:00,29.454412,15.0,6
son-serra-de-marina,2025-06-16 20:00:00,26.334478,2.0,6
son-serra-de-marina,2025-06-17 08:00:00,26.195183,19.0,6
son-serra-de-marina,2025-06-17 09:00:00,32.368645,29.0,6
son-serra-de-marina,2025-06-17 10:00:00,34.73421,28.0,6
son-serra-de-marina,2025-06-17 11:00:00,37.282776,27.0,6
son-serra-de-marina,2025-06-17 12:00:00,39.600567,19.0,6
son-serra-de-marina,2025-06-17 13:00:00,38.68383,26.0,6
son-serra-de-marina,2025-06-17 14:00:00,39.159454,34.0,6
son-serra-de-marina,2025-06-17 15:00:00,37.38108,29.0,6
son-serra-de-marina,2025-06-17 16:00:00,36.868843,19.0,6
son-serra-de-marina,2025-06-17 17:00:00,32.20147,15.0,6
son-serra-de-marina,2025-06-17 18:00:00,31.013634,20.0,6
son-serra-de-marina,2025-06-17 19:00:00,28.558989,10.0,6
son-serra-de-marina,2025-06-17 20:00:00,27.136969,3.0,6
son-serra-de-marina,2025-06-18 08:00:00,24.526592,22.0,6
son-serra-de-marina,2025-06-18 09:00:00,31.210917,24.0,6
son-serra-de-marina,2025-06-18 10:00:00,31.854576,26.0,6
son-serra-de-marina,2025-06-18 11:00:00,34.57327,25.0,6
son-serra-de-marina,2025-06-18 12:00:00,37.46714,25.0,6
son-serra-de-marina,2025-06-18 13:00:00,38.88517,23.0,6
son-serra-de-marina,2025-06-18 14:00:00,37.424763,20.0,6
son-serra-de-marina,2025-06-18 15:00:00,37.54032,22.0,6
son-serra-de-marina,2025-06-18 16:00:00,35.956955,18.0,6
son-serra-de-marina,2025-06-18 17:00:00,31.001558,24.0,6
son-serra-de-marina,2025-06-18 18:00:00,29.620483,17.0,6
son-serra-de-marina,2025-06-18 19:00:00,26.64193,10.0,6
son-serra-de-marina,2025-06-18 20:00:00,24.974506,3.0,6
son-serra-de-marina,2025-06-19 08:00:00,27.313744,20.0,6
son-serra-de-marina,2025-06-19 09:00:00,32.323338,50.0,6
son-serra-de-marina,2025-06-19 10:00:00,32.45921,32.0,6
son-serra-de-marina,2025-06-19 11:00:00,35.477467,22.0,6
son-serra-de-marina,2025-06-19 12:00:00,36.467228,25.0,6
son-serra-de-marina,2025-06-19 13:00:00,38.858295,26.0,6
son-serra-de-marina,2025-06-19 14:00:00,38.61497,21.0,6
son-serra-de-marina,2025-06-19 15:00:00,36.254948,21.0,6
son-serra-de-marina,2025-06-19 16:00:00,35.896606,20.0,6
son-serra-de-marina,2025-06-19 17:00:00,31.421124,17.0,6
son-serra-de-marina,2025-06-19 18:00:00,30.66492,15.0,6
son-serra-de-marina,2025-06-19 19:00:00,26.793325,6.0,6
son-serra-de-marina,2025-06-19 20:00:00,25.211733,6.0,6
son-serra-de-marina,2025-06-20 08:00:00,27.735832,29.0,6
son-serra-de-marina,2025-06-20 09:00:00,33.015842,49.0,6
son-serra-de-marina,2025-06-20 10:00:00,34.95077,56.0,6
son-serra-de-marina,2025-06-20 11:00:00,35.147343,47.0,6
son-serra-de-marina,2025-06-20 12:00:00,38.137817,14.0,6
son-serra-de-marina,2025-06-20 13:00:00,39.857613,51.0,6
son-serra-de-marina,2025-06-20 14:00:00,38.271805,41.0,6
son-serra-de-marina,2025-06-20 15:00:00,36.1635,55.0,6
son-serra-de-marina,2025-06-20 16:00:00,38.995796,34.0,6
son-serra-de-marina,2025-06-20 17:00:00,32.080555,24.0,6
son-serra-de-marina,2025-06-20 18:00:00,35.045353,19.0,6
son-serra-de-marina,2025-06-20 19:00:00,28.689972,23.0,6
son-serra-de-marina,2025-06-20 20:00:00,27.744247,6.0,6
son-serra-de-marina,2025-06-21 08:00:00,30.121325,16.0,6
son-serra-de-marina,2025-06-21 09:00:00,36.41449,24.0,6
son-serra-de-marina,2025-06-21 10:00:00,38.047478,38.0,6
son-serra-de-marina,2025-06-21 11:00:00,41.08879,39.0,6
son-serra-de-marina,2025-06-21 12:00:00,43.28673,22.0,6
son-serra-de-marina,2025-06-21 13:00:00,43.416927,24.0,6
son-serra-de-marina,2025-06-21 14:00:00,43.199116,31.0,6
son-serra-de-marina,2025-06-21 15:00:00,42.231823,22.0,6
son-serra-de-marina,2025-06-21 16:00:00,39.118114,40.0,6
son-serra-de-marina,2025-06-21 17:00:00,34.41464,63.0,6
son-serra-de-marina,2025-06-21 18:00:00,33.86639,33.0,6
son-serra-de-marina,2025-06-21 19:00:00,30.937567,24.0,6
son-serra-de-marina,2025-06-21 20:00:00,29.248745,6.0,6
son-serra-de-marina,2025-06-22 08:00:00,30.289165,27.0,6
son-serra-de-marina,2025-06-22 09:00:00,36.96034,41.0,6
son-serra-de-marina,2025-06-22 10:00:00,36.902344,28.0,6
son-serra-de-marina,2025-06-22 11:00:00,41.554832,42.0,6
son-serra-de-marina,2025-06-22 12:00:00,41.88197,27.0,6
son-serra-de-marina,2025-06-22 13:00:00,41.85194,47.0,6
son-serra-de-marina,2025-06-22 14:00:00,42.574173,35.0,6
son-serra-de-marina,2025-06-22 15:00:00,40.82754,46.0,6
son-serra-de-marina,2025-06-22 16:00:00,39.1412,39.0,6
son-serra-de-marina,2025-06-22 17:00:00,34.651768,41.0,6
son-serra-de-marina,2025-06-22 18:00:00,33.75292,35.0,6
son-serra-de-marina,2025-06-22 19:00:00,30.08673,31.0,6
son-serra-de-marina,2025-06-22 20:00:00,28.094875,2.0,6
son-serra-de-marina,2025-06-23 08:00:00,29.69242,18.0,6
son-serra-de-marina,2025-06-23 09:00:00,35.512585,19.0,6
son-serra-de-marina,2025-06-23 10:00:00,34.02148,44.0,6
son-serra-de-marina,2025-06-23 11:00:00,36.68949,24.0,6
son-serra-de-marina,2025-06-23 12:00:00,39.175076,17.0,6
son-serra-de-marina,2025-06-23 13:00:00,39.6801,16.0,6
son-serra-de-marina,2025-06-23 14:00:00,39.61868,16.0,6
son-serra-de-marina,2025-06-23 15:00:00,38.416656,22.0,6
son-serra-de-marina,2025-06-23 16:00:00,37.422684,6.0,6
son-serra-de-marina,2025-06-23 17:00:00,32.924393,20.0,6
son-serra-de-marina,2025-06-23 18:00:00,32.275513,16.0,6
son-serra-de-marina,2025-06-23 19:00:00,27.810257,9.0,6
son-serra-de-marina,2025-06-23 20:00:00,25.808147,6.0,6
son-serra-de-marina,2025-06-24 08:00:00,25.219492,12.0,6
son-serra-de-marina,2025-06-24 09:00:00,33.732967,27.0,6
son-serra-de-marina,2025-06-24 10:00:00,33.633926,36.0,6
son-serra-de-marina,2025-06-24 11:00:00,35.954628,34.0,6
son-serra-de-marina,2025-06-24 12:00:00,38.130985,16.0,6
son-serra-de-marina,2025-06-24 13:00:00,38.57533,18.0,6
son-serra-de-marina,2025-06-24 14:00:00,38.317383,24.0,6
son-serra-de-marina,2025-06-24 15:00:00,36.990204,19.0,6
son-serra-de-marina,2025-06-24 16:00:00,35.72686,27.0,6
son-serra-de-marina,2025-06-24 17:00:00,31.265022,35.0,6
son-serra-de-marina,2025-06-24 18:00:00,30.746817,30.0,6
son-serra-de-marina,2025-06-24 19:00:00,27.87136,18.0,6
son-serra-de-marina,2025-06-24 20:00:00,25.33449,6.0,6
son-serra-de-marina,2025-06-25 08:00:00,25.250078,17.0,6
son-serra-de-marina,2025-06-25 09:00:00,33.469707,19.0,6
son-serra-de-marina,2025-06-25 10:00:00,34.694622,26.0,6
son-serra-de-marina,2025-06-25 11:00:00,35.954353,36.0,6
son-serra-de-marina,2025-06-25 12:00:00,38.542618,44.0,6
son-serra-de-marina,2025-06-25 13:00:00,39.080708,30.0,6
son-serra-de-marina,2025-06-25 14:00:00,40.190643,26.0,6
son-serra-de-marina,2025-06-25 15:00:00,39.403557,39.0,6
son-serra-de-marina,2025-06-25 16:00:00,39.46978,37.0,6
son-serra-de-marina,2025-06-25 17:00:00,32.83458,40.0,6
son-serra-de-marina,2025-06-25 18:00:00,31.669739,30.0,6
son-serra-de-marina,2025-06-25 19:00:00,28.094294,26.0,6
son-serra-de-marina,2025-06-25 20:00:00,27.133392,4.0,6
son-serra-de-marina,2025-06-26 08:00:00,28.213253,18.0,6
son-serra-de-marina,2025-06-26 09:00:00,29.961533,29.0,6
son-serra-de-marina,2025-06-26 10:00:00,34.313557,44.0,6
son-serra-de-marina,2025-06-26 11:00:00,34.817657,33.0,6
son-serra-de-marina,2025-06-26 12:00:00,38.49488,31.0,6
son-serra-de-marina,2025-06-26 13:00:00,40.09854,28.0,6
son-serra-de-marina,2025-06-26 14:00:00,40.98229,20.0,6
son-serra-de-marina,2025-06-26 15:00:00,40.25669,7.0,6
son-serra-de-marina,2025-06-26 16:00:00,37.785137,12.0,6
son-serra-de-marina,2025-06-26 17:00:00,33.38537,8.0,6
son-serra-de-marina,2025-06-26 18:00:00,35.1054,5.0,6
son-serra-de-marina,2025-06-26 19:00:00,29.93137,14.0,6
son-serra-de-marina,2025-06-26 20:00:00,29.583488,3.0,6
son-serra-de-marina,2025-06-27 08:00:00,31.369043,10.0,6
son-serra-de-marina,2025-06-27 09:00:00,32.700794,12.0,6
son-serra-de-marina,2025-06-27 10:00:00,35.174812,27.0,6
son-serra-de-marina,2025-06-27 11:00:00,38.67885,8.0,6
son-serra-de-marina,2025-06-27 12:00:00,41.201313,14.0,6
son-serra-de-marina,2025-06-27 13:00:00,41.505142,6.0,6
son-serra-de-marina,2025-06-27 14:00:00,42.453262,8.0,6
son-serra-de-marina,2025-06-27 15:00:00,41.08489,12.0,6
son-serra-de-marina,2025-06-27 16:00:00,40.794228,4.0,6
son-serra-de-marina,2025-06-27 17:00:00,38.07266,21.0,6
son-serra-de-marina,2025-06-27 18:00:00,39.902153,24.0,6
son-serra-de-marina,2025-06-27 19:00:00,31.55373,39.0,6
son-serra-de-marina,2025-06-27 20:00:00,35.011253,10.0,6
son-serra-de-marina,2025-06-28 08:00:00,34.738853,17.0,6
son-serra-de-marina,2025-06-28 09:00:00,40.329376,14.0,6
son-serra-de-marina,2025-06-28 10:00:00,41.991936,16.0,6
son-serra-de-marina,2025-06-28 11:00:00,45.03943,39.0,6
son-serra-de-marina,2025-06-28 12:00:00,48.42626,16.0,6
son-serra-de-marina,2025-06-28 13:00:00,48.19337,22.0,6
son-serra-de-marina,2025-06-28 14:00:00,50.645508,18.0,6
son-serra-de-marina,2025-06-28 15:00:00,50.282845,16.0,6
son-serra-de-marina,2025-06-28 16:00:00,49.66478,23.0,6
son-serra-de-marina,2025-06-28 17:00:00,45.963146,22.0,6
son-serra-de-marina,2025-06-28 18:00:00,40.44428,41.0,6
son-serra-de-marina,2025-06-28 19:00:00,36.095715,18.0,6
son-serra-de-marina,2025-06-28 20:00:00,39.088062,6.0,6
son-serra-de-marina,2025-06-29 08:00:00,38.27617,11.0,6
son-serra-de-marina,2025-06-29 09:00:00,44.88233,14.0,6
son-serra-de-marina,2025-06-29 10:00:00,46.30549,30.0,6
son-serra-de-marina,2025-06-29 11:00:00,49.55884,25.0,6
son-serra-de-marina,2025-06-29 12:00:00,52.115803,21.0,6
son-serra-de-marina,2025-06-29 13:00:00,51.761433,33.0,6
son-serra-de-marina,2025-06-29 14:00:00,51.95367,27.0,6
son-serra-de-marina,2025-06-29 15:00:00,50.733646,26.0,6
son-serra-de-marina,2025-06-29 16:00:00,51.854744,44.0,6
son-serra-de-marina,2025-06-29 17:00:00,45.842316,30.0,6
son-serra-de-marina,2025-06-29 18:00:00,42.108387,63.0,6
son-serra-de-marina,2025-06-29 19:00:00,38.31782,35.0,6
son-serra-de-marina,2025-06-29 20:00:00,32.815113,7.0,6
son-serra-de-marina,2025-06-30 08:00:00,33.26702,15.0,6
son-serra-de-marina,2025-06-30 09:00:00,38.750412,17.0,6
son-serra-de-marina,2025-06-30 10:00:00,39.42649,20.0,6
son-serra-de-marina,2025-06-30 11:00:00,41.96795,26.0,6
son-serra-de-marina,2025-06-30 12:00:00,44.613117,16.0,6
son-serra-de-marina,2025-06-30 13:00:00,43.74451,8.0,6
son-serra-de-marina,2025-06-30 14:00:00,41.532967,14.0,6
son-serra-de-marina,2025-06-30 15:00:00,40.492207,21.0,6
son-serra-de-marina,2025-06-30 16:00:00,39.41925,17.0,6
son-serra-de-marina,2025-06-30 17:00:00,32.596455,13.0,6
son-serra-de-marina,2025-06-30 18:00:00,32.237347,19.0,6
son-serra-de-marina,2025-06-30 19:00:00,30.386072,10.0,6
son-serra-de-marina,2025-06-30 20:00:00,28.086098,9.0,6
son-serra-de-marina,2025-07-01 08:00:00,29.537094,18.0,7
son-serra-de-marina,2025-07-01 09:00:00,33.518246,21.0,7
son-serra-de-marina,2025-07-01 10:00:00,34.575253,24.0,7
son-serra-de-marina,2025-07-01 11:00:00,37.81472,21.0,7
son-serra-de-marina,2025-07-01 12:00:00,40.295578,15.0,7
son-serra-de-marina,2025-07-01 13:00:00,42.460857,14.0,7
son-serra-de-marina,2025-07-01 14:00:00,41.351135,15.0,7
son-serra-de-marina,2025-07-01 15:00:00,39.488026,17.0,7
son-serra-de-marina,2025-07-01 16:00:00,38.471085,12.0,7
son-serra-de-marina,2025-07-01 17:00:00,34.327126,29.0,7
son-serra-de-marina,2025-07-01 18:00:00,33.90089,14.0,7
son-serra-de-marina,2025-07-01 19:00:00,31.968006,29.0,7
son-serra-de-marina,2025-07-01 20:00:00,29.170786,4.0,7
son-serra-de-marina,2025-07-02 08:00:00,27.980438,10.0,7
son-serra-de-marina,2025-07-02 09:00:00,32.54757,20.0,7
son-serra-de-marina,2025-07-02 10:00:00,33.484043,22.0,7
son-serra-de-marina,2025-07-02 11:00:00,36.790714,16.0,7
son-serra-de-marina,2025-07-02 12:00:00,38.84131,12.0,7
son-serra-de-marina,2025-07-02 13:00:00,39.38502,14.0,7
son-serra-de-marina,2025-07-02 14:00:00,38.808975,15.0,7
son-serra-de-marina,2025-07-02 15:00:00,38.027695,7.0,7
son-serra-de-marina,2025-07-02 16:00:00,36.806732,12.0,7
son-serra-de-marina,2025-07-02 17:00:00,32.372086,16.0,7
son-serra-de-marina,2025-07-02 18:00:00,31.934565,26.0,7
son-serra-de-marina,2025-07-02 19:00:00,29.91348,15.0,7
son-serra-de-marina,2025-07-02 20:00:00,26.324858,5.0,7
son-serra-de-marina,2025-07-03 08:00:00,29.075653,13.0,7
son-serra-de-marina,2025-07-03 09:00:00,32.257988,21.0,7
son-serra-de-marina,2025-07-03 10:00:00,31.714542,13.0,7
son-serra-de-marina,2025-07-03 11:00:00,35.821747,17.0,7
son-serra-de-marina,2025-07-03 12:00:00,38.53979,19.0,7
son-serra-de-marina,2025-07-03 13:00:00,38.390644,12.0,7
son-serra-de-marina,2025-07-03 14:00:00,38.34643,12.0,7
son-serra-de-marina,2025-07-03 15:00:00,36.886467,16.0,7
son-serra-de-marina,2025-07-03 16:00:00,36.205563,11.0,7
son-serra-de-marina,2025-07-03 17:00:00,32.0286,37.0,7
son-serra-de-marina,2025-07-03 18:00:00,31.620073,23.0,7
son-serra-de-marina,2025-07-03 19:00:00,28.300528,4.0,7
son-serra-de-marina,2025-07-03 20:00:00,29.26282,2.0,7
son-serra-de-marina,2025-07-04 08:00:00,29.331121,10.0,7
son-serra-de-marina,2025-07-04 09:00:00,34.70704,25.0,7
son-serra-de-marina,2025-07-04 10:00:00,35.568398,17.0,7
son-serra-de-marina,2025-07-04 11:00:00,37.38941,10.0,7
son-serra-de-marina,2025-07-04 12:00:00,41.408085,10.0,7
son-serra-de-marina,2025-07-04 13:00:00,42.4387,27.0,7
son-serra-de-marina,2025-07-04 14:00:00,42.809433,14.0,7
son-serra-de-marina,2025-07-04 15:00:00,40.954792,8.0,7
son-serra-de-marina,2025-07-04 16:00:00,38.438942,14.0,7
son-serra-de-marina,2025-07-04 17:00:00,34.900658,28.0,7
son-serra-de-marina,2025-07-04 18:00:00,35.293743,24.0,7
son-serra-de-marina,2025-07-04 19:00:00,32.189816,14.0,7
son-serra-de-marina,2025-07-04 20:00:00,29.542332,5.0,7
son-serra-de-marina,2025-07-05 08:00:00,29.329042,18.0,7
son-serra-de-marina,2025-07-05 09:00:00,36.908962,31.0,7
son-serra-de-marina,2025-07-05 10:00:00,37.610535,12.0,7
son-serra-de-marina,2025-07-05 11:00:00,38.975998,17.0,7
son-serra-de-marina,2025-07-05 12:00:00,41.138138,27.0,7
son-serra-de-marina,2025-07-05 13:00:00,42.489807,19.0,7
son-serra-de-marina,2025-07-05 14:00:00,40.5506,20.0,7
son-serra-de-marina,2025-07-05 15:00:00,42.75656,23.0,7
son-serra-de-marina,2025-07-05 16:00:00,40.639503,35.0,7
son-serra-de-marina,2025-07-05 17:00:00,38.916397,33.0,7
son-serra-de-marina,2025-07-05 18:00:00,35.86658,34.0,7
son-serra-de-marina,2025-07-05 19:00:00,33.577385,4.0,7
son-serra-de-marina,2025-07-05 20:00:00,33.1789,5.0,7
son-serra-de-marina,2025-07-06 08:00:00,32.718967,24.0,7
son-serra-de-marina,2025-07-06 09:00:00,35.32198,30.0,7
son-serra-de-marina,2025-07-06 10:00:00,37.79062,40.0,7
son-serra-de-marina,2025-07-06 11:00:00,40.78445,45.0,7
son-serra-de-marina,2025-07-06 12:00:00,45.246376,25.0,7
son-serra-de-marina,2025-07-06 13:00:00,44.819332,24.0,7
son-serra-de-marina,2025-07-06 14:00:00,44.41275,25.0,7
son-serra-de-marina,2025-07-06 15:00:00,42.62455,21.0,7
son-serra-de-marina,2025-07-06 16:00:00,41.73817,31.0,7
son-serra-de-marina,2025-07-06 17:00:00,40.06563,34.0,7
son-serra-de-marina,2025-07-06 18:00:00,38.241146,27.0,7
son-serra-de-marina,2025-07-06 19:00:00,33.259792,5.0,7
son-serra-de-marina,2025-07-06 20:00:00,31.084295,2.0,7
son-serra-de-marina,2025-07-07 08:00:00,28.672167,8.0,7
son-serra-de-marina,2025-07-07 09:00:00,35.708538,21.0,7
son-serra-de-marina,2025-07-07 10:00:00,34.34568,39.0,7
son-serra-de-marina,2025-07-07 11:00:00,38.401978,39.0,7
son-serra-de-marina,2025-07-07 12:00:00,41.688686,4.0,7
son-serra-de-marina,2025-07-07 13:00:00,33.01307,3.0,7
son-serra-de-marina,2025-07-07 14:00:00,33.41471,3.0,7
son-serra-de-marina,2025-07-07 15:00:00,37.198925,6.0,7
son-serra-de-marina,2025-07-07 16:00:00,33.367905,11.0,7
son-serra-de-marina,2025-07-07 17:00:00,30.836468,18.0,7
son-serra-de-marina,2025-07-07 18:00:00,31.660532,3.0,7
son-serra-de-marina,2025-07-07 19:00:00,29.7006,15.0,7
son-serra-de-marina,2025-07-07 20:00:00,27.941,2.0,7
son-serra-de-marina,2025-07-08 08:00:00,29.212727,12.0,7
son-serra-de-marina,2025-07-08 09:00:00,31.03037,12.0,7
son-serra-de-marina,2025-07-08 10:00:00,31.037151,10.0,7
son-serra-de-marina,2025-07-08 11:00:00,29.234465,10.0,7
son-serra-de-marina,2025-07-08 12:00:00,31.033802,11.0,7
son-serra-de-marina,2025-07-08 13:00:00,32.04298,6.0,7
son-serra-de-marina,2025-07-08 14:00:00,36.56263,10.0,7
son-serra-de-marina,2025-07-08 15:00:00,38.37088,13.0,7
son-serra-de-marina,2025-07-08 16:00:00,39.786217,10.0,7
son-serra-de-marina,2025-07-08 17:00:00,35.673676,12.0,7
son-serra-de-marina,2025-07-08 18:00:00,32.186275,17.0,7
son-serra-de-marina,2025-07-08 19:00:00,30.213835,11.0,7
son-serra-de-marina,2025-07-08 20:00:00,26.025017,2.0,7
son-serra-de-marina,2025-07-09 08:00:00,25.8495,19.0,7
son-serra-de-marina,2025-07-09 09:00:00,31.598244,21.0,7
son-serra-de-marina,2025-07-09 10:00:00,35.23332,30.0,7
son-serra-de-marina,2025-07-09 11:00:00,39.298874,40.0,7
son-serra-de-marina,2025-07-09 12:00:00,40.33217,23.0,7
son-serra-de-marina,2025-07-09 13:00:00,41.07879,11.0,7
son-serra-de-marina,2025-07-09 14:00:00,42.63269,14.0,7
son-serra-de-marina,2025-07-09 15:00:00,41.04617,17.0,7
son-serra-de-marina,2025-07-09 16:00:00,40.012817,22.0,7
son-serra-de-marina,2025-07-09 17:00:00,36.22899,25.0,7
son-serra-de-marina,2025-07-09 18:00:00,34.814617,16.0,7
son-serra-de-marina,2025-07-09 19:00:00,28.765026,10.0,7
son-serra-de-marina,2025-07-09 20:00:00,27.537777,5.0,7
son-serra-de-marina,2025-07-10 08:00:00,28.989912,2.0,7
son-serra-de-marina,2025-07-10 09:00:00,35.069164,20.0,7
son-serra-de-marina,2025-07-10 10:00:00,36.178528,42.0,7
son-serra-de-marina,2025-07-10 11:00:00,39.126232,35.0,7
son-serra-de-marina,2025-07-10 12:00:00,41.95957,29.0,7
son-serra-de-marina,2025-07-10 13:00:00,40.46943,22.0,7
son-serra-de-marina,2025-07-10 14:00:00,41.155724,35.0,7
son-serra-de-marina,2025-07-10 15:00:00,37.919983,33.0,7
son-serra-de-marina,2025-07-10 16:00:00,34.32186,21.0,7
son-serra-de-marina,2025-07-10 17:00:00,34.049774,13.0,7
son-serra-de-marina,2025-07-10 18:00:00,31.990005,20.0,7
son-serra-de-marina,2025-07-10 19:00:00,28.191189,9.0,7
son-serra-de-marina,2025-07-10 20:00:00,26.528978,2.0,7
son-serra-de-marina,2025-07-11 08:00:00,26.010233,24.0,7
son-serra-de-marina,2025-07-11 09:00:00,31.797924,29.0,7
son-serra-de-marina,2025-07-11 10:00:00,32.57296,29.0,7
son-serra-de-marina,2025-07-11 11:00:00,35.3328,30.0,7
son-serra-de-marina,2025-07-11 12:00:00,36.397404,40.0,7
son-serra-de-marina,2025-07-11 13:00:00,37.324974,37.0,7
son-serra-de-marina,2025-07-11 14:00:00,36.75748,34.0,7
son-serra-de-marina,2025-07-11 15:00:00,31.476143,41.0,7
son-serra-de-marina,2025-07-11 16:00:00,31.543098,21.0,7
son-serra-de-marina,2025-07-11 17:00:00,30.929012,23.0,7
son-serra-de-marina,2025-07-11 18:00:00,34.07276,17.0,7
son-serra-de-marina,2025-07-11 19:00:00,27.476746,15.0,7
son-serra-de-marina,2025-07-11 20:00:00,26.182087,6.0,7
son-serra-de-marina,2025-07-12 08:00:00,25.771532,27.0,7
son-serra-de-marina,2025-07-12 09:00:00,27.025192,36.0,7
son-serra-de-marina,2025-07-12 10:00:00,33.448235,50.0,7
son-serra-de-marina,2025-07-12 11:00:00,35.49454,63.0,7
son-serra-de-marina,2025-07-12 12:00:00,37.940407,54.0,7
son-serra-de-marina,2025-07-12 13:00:00,38.710693,58.0,7
son-serra-de-marina,2025-07-12 14:00:00,39.86396,39.0,7
son-serra-de-marina,2025-07-12 15:00:00,37.093338,49.0,7
son-serra-de-marina,2025-07-12 16:00:00,35.004265,41.0,7
son-serra-de-marina,2025-07-12 17:00:00,35.964703,39.0,7
son-serra-de-marina,2025-07-12 18:00:00,31.105232,29.0,7
son-serra-de-marina,2025-07-12 19:00:00,28.510815,8.0,7
son-serra-de-marina,2025-07-12 20:00:00,26.916157,3.0,7
son-serra-de-marina,2025-07-13 08:00:00,25.479603,24.0,7
son-serra-de-marina,2025-07-13 09:00:00,33.777798,56.0,7
son-serra-de-marina,2025-07-13 10:00:00,33.40152,58.0,7
son-serra-de-marina,2025-07-13 11:00:00,37.611458,54.0,7
son-serra-de-marina,2025-07-13 12:00:00,41.459743,42.0,7
son-serra-de-marina,2025-07-13 13:00:00,41.258636,35.0,7
son-serra-de-marina,2025-07-13 14:00:00,39.568096,34.0,7
son-serra-de-marina,2025-07-13 15:00:00,42.111225,54.0,7
son-serra-de-marina,2025-07-13 16:00:00,36.01205,63.0,7
son-serra-de-marina,2025-07-13 17:00:00,39.09843,54.0,7
son-serra-de-marina,2025-07-13 18:00:00,37.389683,18.0,7
son-serra-de-marina,2025-07-13 19:00:00,29.696386,17.0,7
son-serra-de-marina,2025-07-13 20:00:00,28.02249,2.0,7
son-serra-de-marina,2025-07-14 08:00:00,26.778067,17.0,7
son-serra-de-marina,2025-07-14 09:00:00,31.728495,37.0,7
son-serra-de-marina,2025-07-14 10:00:00,33.616997,23.0,7
son-serra-de-marina,2025-07-14 11:00:00,37.47083,35.0,7
son-serra-de-marina,2025-07-14 12:00:00,40.43399,41.0,7
son-serra-de-marina,2025-07-14 13:00:00,40.672623,29.0,7
son-serra-de-marina,2025-07-14 14:00:00,39.16471,28.0,7
son-serra-de-marina,2025-07-14 15:00:00,35.531605,55.0,7
son-serra-de-marina,2025-07-14 16:00:00,32.37781,40.0,7
son-serra-de-marina,2025-07-14 17:00:00,32.601063,32.0,7
son-serra-de-marina,2025-07-14 18:00:00,31.281687,19.0,7
son-serra-de-marina,2025-07-14 19:00:00,27.971676,16.0,7
son-serra-de-marina,2025-07-14 20:00:00,25.995255,3.0,7
son-serra-de-marina,2025-07-15 08:00:00,25.56944,21.0,7
son-serra-de-marina,2025-07-15 09:00:00,30.330667,26.0,7
son-serra-de-marina,2025-07-15 10:00:00,32.503662,43.0,7
son-serra-de-marina,2025-07-15 11:00:00,36.149643,48.0,7
son-serra-de-marina,2025-07-15 12:00:00,38.358723,61.0,7
son-serra-de-marina,2025-07-15 13:00:00,38.47511,49.0,7
son-serra-de-marina,2025-07-15 14:00:00,38.28067,29.0,7
son-serra-de-marina,2025-07-15 15:00:00,36.993996,25.0,7
son-serra-de-marina,2025-07-15 16:00:00,37.046623,25.0,7
son-serra-de-marina,2025-07-15 17:00:00,31.696712,32.0,7
son-serra-de-marina,2025-07-15 18:00:00,32.45975,30.0,7
son-serra-de-marina,2025-07-15 19:00:00,27.808884,17.0,7
son-serra-de-marina,2025-07-15 20:00:00,26.162415,2.0,7
son-serra-de-marina,2025-07-16 08:00:00,25.551336,16.0,7
son-serra-de-marina,2025-07-16 09:00:00,29.832962,23.0,7
son-serra-de-marina,2025-07-16 10:00:00,31.91144,32.0,7
son-serra-de-marina,2025-07-16 11:00:00,36.068333,47.0,7
son-serra-de-marina,2025-07-16 12:00:00,38.516148,35.0,7
son-serra-de-marina,2025-07-16 13:00:00,38.70343,33.0,7
son-serra-de-marina,2025-07-16 14:00:00,39.708775,40.0,7
son-serra-de-marina,2025-07-16 15:00:00,38.124454,26.0,7
son-serra-de-marina,2025-07-16 16:00:00,36.695564,31.0,7
son-serra-de-marina,2025-07-16 17:00:00,33.443817,43.0,7
son-serra-de-marina,2025-07-16 18:00:00,31.485474,23.0,7
son-serra-de-marina,2025-07-16 19:00:00,27.682962,16.0,7
son-serra-de-marina,2025-07-16 20:00:00,26.15156,3.0,7
son-serra-de-marina,2025-07-17 08:00:00,26.279375,34.0,7
son-serra-de-marina,2025-07-17 09:00:00,31.355713,52.0,7
son-serra-de-marina,2025-07-17 10:00:00,32.97875,43.0,7
son-serra-de-marina,2025-07-17 11:00:00,36.586254,47.0,7
son-serra-de-marina,2025-07-17 12:00:00,39.13469,34.0,7
son-serra-de-marina,2025-07-17 13:00:00,39.988945,40.0,7
son-serra-de-marina,2025-07-17 14:00:00,39.981197,51.0,7
son-serra-de-marina,2025-07-17 15:00:00,38.4569,28.0,7
son-serra-de-marina,2025-07-17 16:00:00,40.073177,22.0,7
son-serra-de-marina,2025-07-17 17:00:00,32.740055,20.0,7
son-serra-de-marina,2025-07-17 18:00:00,32.222504,33.0,7
son-serra-de-marina,2025-07-17 19:00:00,30.190834,18.0,7
son-serra-de-marina,2025-07-17 20:00:00,27.043324,2.0,7
son-serra-de-marina,2025-07-18 08:00:00,26.384474,25.0,7
son-serra-de-marina,2025-07-18 09:00:00,31.624311,46.0,7
son-serra-de-marina,2025-07-18 10:00:00,33.972584,63.0,7
son-serra-de-marina,2025-07-18 11:00:00,37.77153,48.0,7
son-serra-de-marina,2025-07-18 12:00:00,40.159428,28.0,7
son-serra-de-marina,2025-07-18 13:00:00,40.158855,33.0,7
son-serra-de-marina,2025-07-18 14:00:00,40.079296,37.0,7
son-serra-de-marina,2025-07-18 15:00:00,38.687347,29.0,7
son-serra-de-marina,2025-07-18 16:00:00,38.271774,29.0,7
son-serra-de-marina,2025-07-18 17:00:00,33.12897,28.0,7
son-serra-de-marina,2025-07-18 18:00:00,32.491035,34.0,7
son-serra-de-marina,2025-07-18 19:00:00,28.41469,53.0,7
son-serra-de-marina,2025-07-18 20:00:00,27.035622,8.0,7
son-serra-de-marina,2025-07-19 08:00:00,28.447819,25.0,7
son-serra-de-marina,2025-07-19 09:00:00,31.82583,41.0,7
son-serra-de-marina,2025-07-19 10:00:00,34.654972,59.0,7
son-serra-de-marina,2025-07-19 11:00:00,38.555042,44.0,7
son-serra-de-marina,2025-07-19 12:00:00,40.541817,38.0,7
son-serra-de-marina,2025-07-19 13:00:00,40.321392,37.0,7
son-serra-de-marina,2025-07-19 14:00:00,39.540813,41.0,7
son-serra-de-marina,2025-07-19 15:00:00,40.541695,30.0,7
son-serra-de-marina,2025-07-19 16:00:00,39.28042,44.0,7
son-serra-de-marina,2025-07-19 17:00:00,36.628895,31.0,7
son-serra-de-marina,2025-07-19 18:00:00,30.9763,30.0,7
son-serra-de-marina,2025-07-19 19:00:00,28.690323,13.0,7
son-serra-de-marina,2025-07-19 20:00:00,27.856134,2.0,7
son-serra-de-marina,2025-07-20 08:00:00,28.485226,27.0,7
son-serra-de-marina,2025-07-20 09:00:00,34.833363,50.0,7
son-serra-de-marina,2025-07-20 10:00:00,36.64002,63.0,7
son-serra-de-marina,2025-07-20 11:00:00,38.676643,63.0,7
son-serra-de-marina,2025-07-20 12:00:00,40.825687,54.0,7
son-serra-de-marina,2025-07-20 13:00:00,41.140327,31.0,7
son-serra-de-marina,2025-07-20 14:00:00,40.951256,29.0,7
son-serra-de-marina,2025-07-20 15:00:00,40.468037,30.0,7
son-serra-de-marina,2025-07-20 16:00:00,40.87931,61.0,7
son-serra-de-marina,2025-07-20 17:00:00,36.15664,45.0,7
son-serra-de-marina,2025-07-20 18:00:00,33.386215,33.0,7
son-serra-de-marina,2025-07-20 19:00:00,30.540997,36.0,7
son-serra-de-marina,2025-07-20 20:00:00,28.11064,3.0,7
son-serra-de-marina,2025-07-21 08:00:00,25.313227,4.0,7
son-serra-de-marina,2025-07-21 09:00:00,32.51598,18.0,7
son-serra-de-marina,2025-07-21 10:00:00,33.482903,11.0,7
son-serra-de-marina,2025-07-21 11:00:00,35.643593,12.0,7
son-serra-de-marina,2025-07-21 12:00:00,36.6791,16.0,7
son-serra-de-marina,2025-07-21 13:00:00,37.677624,6.0,7
son-serra-de-marina,2025-07-21 14:00:00,37.11547,7.0,7
son-serra-de-marina,2025-07-21 15:00:00,35.59073,12.0,7
son-serra-de-marina,2025-07-21 16:00:00,30.893547,21.0,7
son-serra-de-marina,2025-07-21 17:00:00,30.300737,9.0,7
son-serra-de-marina,2025-07-21 18:00:00,29.763905,20.0,7
son-serra-de-marina,2025-07-21 19:00:00,27.533241,2.0,7
son-serra-de-marina,2025-07-21 20:00:00,26.102245,2.0,7
son-serra-de-marina,2025-07-22 08:00:00,25.160227,10.0,7
son-serra-de-marina,2025-07-22 09:00:00,31.081982,21.0,7
son-serra-de-marina,2025-07-22 10:00:00,33.41381,34.0,7
son-serra-de-marina,2025-07-22 11:00:00,37.563423,21.0,7
son-serra-de-marina,2025-07-22 12:00:00,40.03952,24.0,7
son-serra-de-marina,2025-07-22 13:00:00,40.352978,20.0,7
son-serra-de-marina,2025-07-22 14:00:00,40.20647,21.0,7
son-serra-de-marina,2025-07-22 15:00:00,38.735264,10.0,7
son-serra-de-marina,2025-07-22 16:00:00,37.06367,19.0,7
son-serra-de-marina,2025-07-22 17:00:00,31.820913,13.0,7
son-serra-de-marina,2025-07-22 18:00:00,30.095808,24.0,7
son-serra-de-marina,2025-07-22 19:00:00,27.772984,31.0,7
son-serra-de-marina,2025-07-22 20:00:00,26.149483,3.0,7
son-serra-de-marina,2025-07-23 08:00:00,25.677393,13.0,7
son-serra-de-marina,2025-07-23 09:00:00,32.0546,31.0,7
son-serra-de-marina,2025-07-23 10:00:00,34.28737,20.0,7
son-serra-de-marina,2025-07-23 11:00:00,36.204716,48.0,7
son-serra-de-marina,2025-07-23 12:00:00,39.04188,36.0,7
son-serra-de-marina,2025-07-23 13:00:00,40.150154,21.0,7
son-serra-de-marina,2025-07-23 14:00:00,39.13472,34.0,7
son-serra-de-marina,2025-07-23 15:00:00,36.807953,51.0,7
son-serra-de-marina,2025-07-23 16:00:00,32.554306,34.0,7
son-serra-de-marina,2025-07-23 17:00:00,31.04184,53.0,7
son-serra-de-marina,2025-07-23 18:00:00,30.063364,43.0,7
son-serra-de-marina,2025-07-23 19:00:00,27.922918,27.0,7
son-serra-de-marina,2025-07-23 20:00:00,26.27169,2.0,7
son-serra-de-marina,2025-07-24 08:00:00,25.360725,4.0,7
son-serra-de-marina,2025-07-24 09:00:00,29.2344,8.0,7
son-serra-de-marina,2025-07-24 10:00:00,29.092415,5.0,7
son-serra-de-marina,2025-07-24 11:00:00,29.692389,5.0,7
son-serra-de-marina,2025-07-24 12:00:00,28.878323,2.0,7
son-serra-de-marina,2025-07-24 13:00:00,32.99295,6.0,7
son-serra-de-marina,2025-07-24 14:00:00,33.534397,9.0,7
son-serra-de-marina,2025-07-24 15:00:00,29.193405,1.0,7
son-serra-de-marina,2025-07-24 16:00:00,28.925673,3.0,7
son-serra-de-marina,2025-07-24 17:00:00,25.713846,2.0,7
son-serra-de-marina,2025-07-24 18:00:00,25.575909,5.0,7
son-serra-de-marina,2025-07-24 19:00:00,24.163809,5.0,7
son-serra-de-marina,2025-07-24 20:00:00,22.39488,3.0,7
son-serra-de-marina,2025-07-25 08:00:00,27.428741,8.0,7
son-serra-de-marina,2025-07-25 09:00:00,27.383293,17.0,7
son-serra-de-marina,2025-07-25 10:00:00,31.44536,29.0,7
son-serra-de-marina,2025-07-25 11:00:00,35.800823,9.0,7
son-serra-de-marina,2025-07-25 12:00:00,40.124672,15.0,7
son-serra-de-marina,2025-07-25 13:00:00,38.731632,12.0,7
son-serra-de-marina,2025-07-25 14:00:00,34.3328,17.0,7
son-serra-de-marina,2025-07-25 15:00:00,37.74056,31.0,7
son-serra-de-marina,2025-07-25 16:00:00,34.567417,29.0,7
son-serra-de-marina,2025-07-25 17:00:00,31.261324,27.0,7
son-serra-de-marina,2025-07-25 18:00:00,30.894447,20.0,7
son-serra-de-marina,2025-07-25 19:00:00,26.741034,27.0,7
son-serra-de-marina,2025-07-25 20:00:00,24.57475,6.0,7
son-serra-de-marina,2025-07-26 08:00:00,30.84282,13.0,7
son-serra-de-marina,2025-07-26 09:00:00,35.383236,41.0,7
son-serra-de-marina,2025-07-26 10:00:00,38.136288,62.0,7
son-serra-de-marina,2025-07-26 11:00:00,41.373333,63.0,7
son-serra-de-marina,2025-07-26 12:00:00,44.009945,51.0,7
son-serra-de-marina,2025-07-26 13:00:00,44.409466,62.0,7
son-serra-de-marina,2025-07-26 14:00:00,43.295387,40.0,7
son-serra-de-marina,2025-07-26 15:00:00,42.052853,35.0,7
son-serra-de-marina,2025-07-26 16:00:00,39.828754,46.0,7
son-serra-de-marina,2025-07-26 17:00:00,39.81374,49.0,7
son-serra-de-marina,2025-07-26 18:00:00,36.035816,47.0,7
son-serra-de-marina,2025-07-26 19:00:00,31.511705,28.0,7
son-serra-de-marina,2025-07-26 20:00:00,29.383133,2.0,7
son-serra-de-marina,2025-07-27 08:00:00,33.32014,20.0,7
son-serra-de-marina,2025-07-27 09:00:00,37.62634,56.0,7
son-serra-de-marina,2025-07-27 10:00:00,39.00494,57.0,7
son-serra-de-marina,2025-07-27 11:00:00,42.360317,63.0,7
son-serra-de-marina,2025-07-27 12:00:00,44.651466,59.0,7
son-serra-de-marina,2025-07-27 13:00:00,44.777164,39.0,7
son-serra-de-marina,2025-07-27 14:00:00,44.965687,33.0,7
son-serra-de-marina,2025-07-27 15:00:00,43.797657,58.0,7
son-serra-de-marina,2025-07-27 16:00:00,40.821922,48.0,7
son-serra-de-marina,2025-07-27 17:00:00,36.559715,61.0,7
son-serra-de-marina,2025-07-27 18:00:00,36.22462,37.0,7
son-serra-de-marina,2025-07-27 19:00:00,33.24156,41.0,7
son-serra-de-marina,2025-07-27 20:00:00,30.41467,2.0,7
son-serra-de-marina,2025-07-28 08:00:00,31.465183,16.0,7
son-serra-de-marina,2025-07-28 09:00:00,29.340452,25.0,7
son-serra-de-marina,2025-07-28 10:00:00,37.359325,32.0,7
son-serra-de-marina,2025-07-28 11:00:00,39.600353,17.0,7
son-serra-de-marina,2025-07-28 12:00:00,40.309635,13.0,7
son-serra-de-marina,2025-07-28 13:00:00,34.50035,4.0,7
son-serra-de-marina,2025-07-28 14:00:00,36.548653,11.0,7
son-serra-de-marina,2025-07-28 15:00:00,36.438374,9.0,7
son-serra-de-marina,2025-07-28 16:00:00,35.868492,7.0,7
son-serra-de-marina,2025-07-28 17:00:00,32.521004,13.0,7
son-serra-de-marina,2025-07-28 18:00:00,32.37792,9.0,7
son-serra-de-marina,2025-07-28 19:00:00,30.65341,7.0,7
son-serra-de-marina,2025-07-28 20:00:00,29.668774,2.0,7
son-serra-de-marina,2025-07-29 08:00:00,29.531412,5.0,7
son-serra-de-marina,2025-07-29 09:00:00,30.281122,3.0,7
son-serra-de-marina,2025-07-29 10:00:00,30.845604,12.0,7
son-serra-de-marina,2025-07-29 11:00:00,31.867125,8.0,7
son-serra-de-marina,2025-07-29 12:00:00,35.58941,13.0,7
son-serra-de-marina,2025-07-29 13:00:00,36.65253,7.0,7
son-serra-de-marina,2025-07-29 14:00:00,37.605915,17.0,7
son-serra-de-marina,2025-07-29 15:00:00,36.71478,11.0,7
son-serra-de-marina,2025-07-29 16:00:00,35.626793,19.0,7
son-serra-de-marina,2025-07-29 17:00:00,34.638504,20.0,7
son-serra-de-marina,2025-07-29 18:00:00,29.625324,26.0,7
son-serra-de-marina,2025-07-29 19:00:00,26.029608,7.0,7
son-serra-de-marina,2025-07-29 20:00:00,24.678543,3.0,7
son-serra-de-marina,2025-07-30 08:00:00,29.211985,2.0,7
son-serra-de-marina,2025-07-30 09:00:00,33.76094,10.0,7
son-serra-de-marina,2025-07-30 10:00:00,35.32205,14.0,7
son-serra-de-marina,2025-07-30 11:00:00,38.70991,13.0,7
son-serra-de-marina,2025-07-30 12:00:00,40.19358,2.0,7
son-serra-de-marina,2025-07-30 13:00:00,38.526764,10.0,7
son-serra-de-marina,2025-07-30 14:00:00,38.99963,16.0,7
son-serra-de-marina,2025-07-30 15:00:00,39.287907,13.0,7
son-serra-de-marina,2025-07-30 16:00:00,38.386276,23.0,7
son-serra-de-marina,2025-07-30 17:00:00,33.43994,6.0,7
son-serra-de-marina,2025-07-30 18:00:00,32.44839,5.0,7
son-serra-de-marina,2025-07-30 19:00:00,28.768856,2.0,7
son-serra-de-marina,2025-07-30 20:00:00,29.30576,2.0,7
son-serra-de-marina,2025-07-31 08:00:00,32.765068,14.0,7
son-serra-de-marina,2025-07-31 09:00:00,35.515488,11.0,7
son-serra-de-marina,2025-07-31 10:00:00,36.798744,6.0,7
son-serra-de-marina,2025-07-31 11:00:00,40.20066,15.0,7
son-serra-de-marina,2025-07-31 12:00:00,42.34398,8.0,7
son-serra-de-marina,2025-07-31 13:00:00,42.55504,5.0,7
son-serra-de-marina,2025-07-31 14:00:00,40.77747,10.0,7
son-serra-de-marina,2025-07-31 15:00:00,39.557312,5.0,7
son-serra-de-marina,2025-07-31 16:00:00,34.40545,22.0,7
son-serra-de-marina,2025-07-31 17:00:00,37.49041,2.0,7
son-serra-de-marina,2025-07-31 18:00:00,33.035286,9.0,7
son-serra-de-marina,2025-07-31 19:00:00,30.66415,2.0,7
son-serra-de-marina,2025-07-31 20:00:00,28.458035,2.0,7
son-serra-de-marina,2025-08-01 08:00:00,31.565857,21.0,8
son-serra-de-marina,2025-08-01 09:00:00,36.113605,37.0,8
son-serra-de-marina,2025-08-01 10:00:00,36.86688,29.0,8
son-serra-de-marina,2025-08-01 11:00:00,39.01808,28.0,8
son-serra-de-marina,2025-08-01 12:00:00,42.238075,2.0,8
son-serra-de-marina,2025-08-01 13:00:00,42.58063,12.0,8
son-serra-de-marina,2025-08-01 14:00:00,42.142326,14.0,8
son-serra-de-marina,2025-08-01 15:00:00,41.180992,5.0,8
son-serra-de-marina,2025-08-01 16:00:00,39.674976,3.0,8
son-serra-de-marina,2025-08-01 17:00:00,37.787563,2.0,8
son-serra-de-marina,2025-08-01 18:00:00,37.634617,20.0,8
son-serra-de-marina,2025-08-01 19:00:00,30.79114,3.0,8
son-serra-de-marina,2025-08-01 20:00:00,30.555405,2.0,8
son-serra-de-marina,2025-08-02 08:00:00,32.648075,14.0,8
son-serra-de-marina,2025-08-02 09:00:00,37.106216,5.0,8
son-serra-de-marina,2025-08-02 10:00:00,37.029,7.0,8
son-serra-de-marina,2025-08-02 11:00:00,40.92648,27.0,8
son-serra-de-marina,2025-08-02 12:00:00,43.339325,29.0,8
son-serra-de-marina,2025-08-02 13:00:00,43.6954,14.0,8
son-serra-de-marina,2025-08-02 14:00:00,42.29924,24.0,8
son-serra-de-marina,2025-08-02 15:00:00,43.60239,20.0,8
son-serra-de-marina,2025-08-02 16:00:00,38.7731,31.0,8
son-serra-de-marina,2025-08-02 17:00:00,38.054737,6.0,8
son-serra-de-marina,2025-08-02 18:00:00,33.917362,7.0,8
son-serra-de-marina,2025-08-02 19:00:00,31.44527,2.0,8
son-serra-de-marina,2025-08-02 20:00:00,32.740433,2.0,8
son-serra-de-marina,2025-08-03 08:00:00,33.79509,5.0,8
son-serra-de-marina,2025-08-03 09:00:00,36.208893,17.0,8
son-serra-de-marina,2025-08-03 10:00:00,33.72806,18.0,8
son-serra-de-marina,2025-08-03 11:00:00,41.27433,9.0,8
son-serra-de-marina,2025-08-03 12:00:00,43.78264,19.0,8
son-serra-de-marina,2025-08-03 13:00:00,43.893955,7.0,8
son-serra-de-marina,2025-08-03 14:00:00,43.861595,4.0,8
son-serra-de-marina,2025-08-03 15:00:00,44.881557,12.0,8
son-serra-de-marina,2025-08-03 16:00:00,42.69388,9.0,8
son-serra-de-marina,2025-08-03 17:00:00,41.276634,11.0,8
son-serra-de-marina,2025-08-03 18:00:00,40.850677,13.0,8
son-serra-de-marina,2025-08-03 19:00:00,33.817,2.0,8
son-serra-de-marina,2025-08-03 20:00:00,28.508015,2.0,8
son-serra-de-marina,2025-08-04 08:00:00,27.829247,13.0,8
son-serra-de-marina,2025-08-04 09:00:00,32.64749,14.0,8
son-serra-de-marina,2025-08-04 10:00:00,34.93829,18.0,8
son-serra-de-marina,2025-08-04 11:00:00,38.23489,20.0,8
son-serra-de-marina,2025-08-04 12:00:00,40.145355,12.0,8
son-serra-de-marina,2025-08-04 13:00:00,40.50616,15.0,8
son-serra-de-marina,2025-08-04 14:00:00,41.062138,12.0,8
son-serra-de-marina,2025-08-04 15:00:00,38.879726,14.0,8
son-serra-de-marina,2025-08-04 16:00:00,37.882145,13.0,8
son-serra-de-marina,2025-08-04 17:00:00,33.737713,6.0,8
son-serra-de-marina,2025-08-04 18:00:00,31.267439,42.0,8
son-serra-de-marina,2025-08-04 19:00:00,28.929205,4.0,8
son-serra-de-marina,2025-08-04 20:00:00,27.803585,3.0,8
son-serra-de-marina,2025-08-05 08:00:00,27.097242,11.0,8
son-serra-de-marina,2025-08-05 09:00:00,33.962215,33.0,8
son-serra-de-marina,2025-08-05 10:00:00,34.04042,22.0,8
son-serra-de-marina,2025-08-05 11:00:00,36.879627,36.0,8
son-serra-de-marina,2025-08-05 12:00:00,39.443356,13.0,8
son-serra-de-marina,2025-08-05 13:00:00,39.63203,19.0,8
son-serra-de-marina,2025-08-05 14:00:00,38.445545,14.0,8
son-serra-de-marina,2025-08-05 15:00:00,37.241997,26.0,8
son-serra-de-marina,2025-08-05 16:00:00,35.569656,13.0,8
son-serra-de-marina,2025-08-05 17:00:00,32.258717,9.0,8
son-serra-de-marina,2025-08-05 18:00:00,32.984093,11.0,8
son-serra-de-marina,2025-08-05 19:00:00,27.34021,1.0,8
son-serra-de-marina,2025-08-05 20:00:00,25.780197,2.0,8
son-serra-de-marina,2025-08-06 08:00:00,27.26393,5.0,8
son-serra-de-marina,2025-08-06 09:00:00,30.019556,24.0,8
son-serra-de-marina,2025-08-06 10:00:00,33.465088,7.0,8
son-serra-de-marina,2025-08-06 11:00:00,37.433308,16.0,8
son-serra-de-marina,2025-08-06 12:00:00,38.21667,10.0,8
son-serra-de-marina,2025-08-06 13:00:00,40.564075,6.0,8
son-serra-de-marina,2025-08-06 14:00:00,42.029037,7.0,8
son-serra-de-marina,2025-08-06 15:00:00,40.127556,27.0,8
son-serra-de-marina,2025-08-06 16:00:00,39.930508,27.0,8
son-serra-de-marina,2025-08-06 17:00:00,37.167915,33.0,8
son-serra-de-marina,2025-08-06 18:00:00,33.00852,38.0,8
son-serra-de-marina,2025-08-06 19:00:00,28.559278,2.0,8
son-serra-de-marina,2025-08-06 20:00:00,26.939909,2.0,8
son-serra-de-marina,2025-08-07 08:00:00,26.393476,23.0,8
son-serra-de-marina,2025-08-07 09:00:00,31.461504,27.0,8
son-serra-de-marina,2025-08-07 10:00:00,33.250343,25.0,8
son-serra-de-marina,2025-08-07 11:00:00,37.254223,22.0,8
son-serra-de-marina,2025-08-07 12:00:00,39.58976,13.0,8
son-serra-de-marina,2025-08-07 13:00:00,39.864674,16.0,8
son-serra-de-marina,2025-08-07 14:00:00,39.66026,48.0,8
son-serra-de-marina,2025-08-07 15:00:00,37.795967,30.0,8
son-serra-de-marina,2025-08-07 16:00:00,35.724457,27.0,8
son-serra-de-marina,2025-08-07 17:00:00,32.227898,62.0,8
son-serra-de-marina,2025-08-07 18:00:00,29.868517,62.0,8
son-serra-de-marina,2025-08-07 19:00:00,27.625437,6.0,8
son-serra-de-marina,2025-08-07 20:00:00,26.134455,3.0,8
son-serra-de-marina,2025-08-08 08:00:00,25.922314,17.0,8
son-serra-de-marina,2025-08-08 09:00:00,32.014923,20.0,8
son-serra-de-marina,2025-08-08 10:00:00,33.127937,35.0,8
son-serra-de-marina,2025-08-08 11:00:00,37.64363,19.0,8
son-serra-de-marina,2025-08-08 12:00:00,40.041718,11.0,8
son-serra-de-marina,2025-08-08 13:00:00,40.266396,27.0,8
son-serra-de-marina,2025-08-08 14:00:00,40.626648,14.0,8
son-serra-de-marina,2025-08-08 15:00:00,38.836872,30.0,8
son-serra-de-marina,2025-08-08 16:00:00,37.16999,49.0,8
son-serra-de-marina,2025-08-08 17:00:00,32.355717,51.0,8
son-serra-de-marina,2025-08-08 18:00:00,33.07895,49.0,8
son-serra-de-marina,2025-08-08 19:00:00,27.624786,2.0,8
son-serra-de-marina,2025-08-08 20:00:00,26.273851,3.0,8
son-serra-de-marina,2025-08-09 08:00:00,29.883379,43.0,8
son-serra-de-marina,2025-08-09 09:00:00,34.699287,24.0,8
son-serra-de-marina,2025-08-09 10:00:00,35.38988,38.0,8
son-serra-de-marina,2025-08-09 11:00:00,39.617657,40.0,8
son-serra-de-marina,2025-08-09 12:00:00,42.66005,12.0,8
son-serra-de-marina,2025-08-09 13:00:00,42.6273,3.0,8
son-serra-de-marina,2025-08-09 14:00:00,42.4026,8.0,8
son-serra-de-marina,2025-08-09 15:00:00,41.843704,7.0,8
son-serra-de-marina,2025-08-09 16:00:00,43.553577,16.0,8
son-serra-de-marina,2025-08-09 17:00:00,41.52972,2.0,8
son-serra-de-marina,2025-08-09 18:00:00,37.644917,32.0,8
son-serra-de-marina,2025-08-09 19:00:00,32.31698,2.0,8
son-serra-de-marina,2025-08-09 20:00:00,31.294199,2.0,8
son-serra-de-marina,2025-08-10 08:00:00,34.814083,12.0,8
son-serra-de-marina,2025-08-10 09:00:00,39.54099,58.0,8
son-serra-de-marina,2025-08-10 10:00:00,41.01515,11.0,8
son-serra-de-marina,2025-08-10 11:00:00,45.45558,11.0,8
son-serra-de-marina,2025-08-10 12:00:00,47.462086,5.0,8
son-serra-de-marina,2025-08-10 13:00:00,47.2308,4.0,8
son-serra-de-marina,2025-08-10 14:00:00,48.161453,10.0,8
son-serra-de-marina,2025-08-10 15:00:00,46.791954,1.0,8
son-serra-de-marina,2025-08-10 16:00:00,46.233604,27.0,8
son-serra-de-marina,2025-08-10 17:00:00,43.012993,52.0,8
son-serra-de-marina,2025-08-10 18:00:00,41.149387,8.0,8
son-serra-de-marina,2025-08-10 19:00:00,34.43171,2.0,8
son-serra-de-marina,2025-08-10 20:00:00,32.918793,1.0,8
son-serra-de-marina,2025-08-11 08:00:00,30.864576,14.0,8
son-serra-de-marina,2025-08-11 09:00:00,35.150787,25.0,8
son-serra-de-marina,2025-08-11 10:00:00,34.30917,14.0,8
son-serra-de-marina,2025-08-11 11:00:00,38.340656,15.0,8
son-serra-de-marina,2025-08-11 12:00:00,40.296043,7.0,8
son-serra-de-marina,2025-08-11 13:00:00,40.44903,14.0,8
son-serra-de-marina,2025-08-11 14:00:00,39.641193,5.0,8
son-serra-de-marina,2025-08-11 15:00:00,38.286644,11.0,8
son-serra-de-marina,2025-08-11 16:00:00,35.587082,16.0,8
son-serra-de-marina,2025-08-11 17:00:00,33.61353,5.0,8
son-serra-de-marina,2025-08-11 18:00:00,33.178383,8.0,8
son-serra-de-marina,2025-08-11 19:00:00,30.079422,1.0,8
son-serra-de-marina,2025-08-11 20:00:00,28.708323,1.0,8
son-serra-de-marina,2025-08-12 08:00:00,27.558737,13.0,8
son-serra-de-marina,2025-08-12 09:00:00,31.79613,49.0,8
son-serra-de-marina,2025-08-12 10:00:00,33.3409,12.0,8
son-serra-de-marina,2025-08-12 11:00:00,37.495575,16.0,8
son-serra-de-marina,2025-08-12 12:00:00,39.611645,23.0,8
son-serra-de-marina,2025-08-12 13:00:00,40.09049,10.0,8
son-serra-de-marina,2025-08-12 14:00:00,39.325912,17.0,8
son-serra-de-marina,2025-08-12 15:00:00,37.680588,4.0,8
son-serra-de-marina,2025-08-12 16:00:00,34.91463,4.0,8
son-serra-de-marina,2025-08-12 17:00:00,35.501625,3.0,8
son-serra-de-marina,2025-08-12 18:00:00,31.662027,16.0,8
son-serra-de-marina,2025-08-12 19:00:00,27.784338,2.0,8
son-serra-de-marina,2025-08-12 20:00:00,26.43096,3.0,8
son-serra-de-marina,2025-08-13 08:00:00,25.328691,39.0,8
son-serra-de-marina,2025-08-13 09:00:00,30.625029,16.0,8
son-serra-de-marina,2025-08-13 10:00:00,32.61042,24.0,8
son-serra-de-marina,2025-08-13 11:00:00,36.29505,19.0,8
son-serra-de-marina,2025-08-13 12:00:00,38.25891,4.0,8
son-serra-de-marina,2025-08-13 13:00:00,38.719124,16.0,8
son-serra-de-marina,2025-08-13 14:00:00,36.7167,7.0,8
son-serra-de-marina,2025-08-13 15:00:00,35.159027,3.0,8
son-serra-de-marina,2025-08-13 16:00:00,31.664875,19.0,8
son-serra-de-marina,2025-08-13 17:00:00,31.960037,4.0,8
son-serra-de-marina,2025-08-13 18:00:00,31.62648,16.0,8
son-serra-de-marina,2025-08-13 19:00:00,28.000135,4.0,8
son-serra-de-marina,2025-08-13 20:00:00,26.883669,6.0,8
son-serra-de-marina,2025-08-14 08:00:00,25.478703,11.0,8
son-serra-de-marina,2025-08-14 09:00:00,30.451157,18.0,8
son-serra-de-marina,2025-08-14 10:00:00,32.490597,19.0,8
son-serra-de-marina,2025-08-14 11:00:00,36.369404,8.0,8
son-serra-de-marina,2025-08-14 12:00:00,38.379456,8.0,8
son-serra-de-marina,2025-08-14 13:00:00,36.730743,2.0,8
son-serra-de-marina,2025-08-14 14:00:00,36.367485,8.0,8
son-serra-de-marina,2025-08-14 15:00:00,35.832798,9.0,8
son-serra-de-marina,2025-08-14 16:00:00,33.101124,10.0,8
son-serra-de-marina,2025-08-14 17:00:00,32.157776,18.0,8
son-serra-de-marina,2025-08-14 18:00:00,31.40656,48.0,8
son-serra-de-marina,2025-08-14 19:00:00,27.938734,3.0,8
son-serra-de-marina,2025-08-14 20:00:00,26.646421,2.0,8
son-serra-de-marina,2025-08-15 08:00:00,28.8181,22.0,8
son-serra-de-marina,2025-08-15 09:00:00,31.65808,31.0,8
son-serra-de-marina,2025-08-15 10:00:00,32.528866,36.0,8
son-serra-de-marina,2025-08-15 11:00:00,36.460804,21.0,8
son-serra-de-marina,2025-08-15 12:00:00,38.479275,8.0,8
son-serra-de-marina,2025-08-15 13:00:00,38.67126,6.0,8
son-serra-de-marina,2025-08-15 14:00:00,38.365223,17.0,8
son-serra-de-marina,2025-08-15 15:00:00,36.903854,29.0,8
son-serra-de-marina,2025-08-15 16:00:00,33.822624,45.0,8
son-serra-de-marina,2025-08-15 17:00:00,32.144005,40.0,8
son-serra-de-marina,2025-08-15 18:00:00,31.514626,56.0,8
son-serra-de-marina,2025-08-15 19:00:00,27.869965,10.0,8
son-serra-de-marina,2025-08-15 20:00:00,26.647728,3.0,8
son-serra-de-marina,2025-08-16 08:00:00,26.47659,19.0,8
son-serra-de-marina,2025-08-16 09:00:00,31.293419,37.0,8
son-serra-de-marina,2025-08-16 10:00:00,33.114437,31.0,8
son-serra-de-marina,2025-08-16 11:00:00,38.52681,29.0,8
son-serra-de-marina,2025-08-16 12:00:00,40.503544,35.0,8
son-serra-de-marina,2025-08-16 13:00:00,38.91185,23.0,8
son-serra-de-marina,2025-08-16 14:00:00,39.2504,13.0,8
son-serra-de-marina,2025-08-16 15:00:00,38.861237,13.0,8
son-serra-de-marina,2025-08-16 16:00:00,34.474777,47.0,8
son-serra-de-marina,2025-08-16 17:00:00,32.967926,31.0,8
son-serra-de-marina,2025-08-16 18:00:00,32.296925,27.0,8
son-serra-de-marina,2025-08-16 19:00:00,27.813816,4.0,8
son-serra-de-marina,2025-08-16 20:00:00,27.683102,4.0,8
son-serra-de-marina,2025-08-17 08:00:00,26.3524,27.0,8
son-serra-de-marina,2025-08-17 09:00:00,31.668875,17.0,8
son-serra-de-marina,2025-08-17 10:00:00,33.58252,28.0,8
son-serra-de-marina,2025-08-17 11:00:00,37.66769,22.0,8
son-serra-de-marina,2025-08-17 12:00:00,39.71142,22.0,8
son-serra-de-marina,2025-08-17 13:00:00,39.881115,13.0,8
son-serra-de-marina,2025-08-17 14:00:00,39.64977,16.0,8
son-serra-de-marina,2025-08-17 15:00:00,37.975876,28.0,8
son-serra-de-marina,2025-08-17 16:00:00,34.310104,22.0,8
son-serra-de-marina,2025-08-17 17:00:00,33.147266,30.0,8
son-serra-de-marina,2025-08-17 18:00:00,32.29189,35.0,8
son-serra-de-marina,2025-08-17 19:00:00,28.379236,2.0,8
son-serra-de-marina,2025-08-17 20:00:00,27.580923,5.0,8
son-serra-de-marina,2025-08-18 08:00:00,26.100632,13.0,8
son-serra-de-marina,2025-08-18 09:00:00,30.5805,6.0,8
son-serra-de-marina,2025-08-18 10:00:00,32.040382,18.0,8
son-serra-de-marina,2025-08-18 11:00:00,35.473858,27.0,8
son-serra-de-marina,2025-08-18 12:00:00,38.07885,23.0,8
son-serra-de-marina,2025-08-18 13:00:00,39.46635,9.0,8
son-serra-de-marina,2025-08-18 14:00:00,38.974342,11.0,8
son-serra-de-marina,2025-08-18 15:00:00,37.604355,25.0,8
son-serra-de-marina,2025-08-18 16:00:00,33.050323,47.0,8
son-serra-de-marina,2025-08-18 17:00:00,36.324047,44.0,8
son-serra-de-marina,2025-08-18 18:00:00,31.800907,31.0,8
son-serra-de-marina,2025-08-18 19:00:00,27.495714,3.0,8
son-serra-de-marina,2025-08-18 20:00:00,26.760881,2.0,8
son-serra-de-marina,2025-08-19 08:00:00,28.875135,7.0,8
son-serra-de-marina,2025-08-19 09:00:00,25.543709,4.0,8
son-serra-de-marina,2025-08-19 10:00:00,29.7126,35.0,8
son-serra-de-marina,2025-08-19 11:00:00,28.86647,10.0,8
son-serra-de-marina,2025-08-19 12:00:00,37.71134,21.0,8
son-serra-de-marina,2025-08-19 13:00:00,31.279673,25.0,8
son-serra-de-marina,2025-08-19 14:00:00,33.62823,18.0,8
son-serra-de-marina,2025-08-19 15:00:00,37.299126,20.0,8
son-serra-de-marina,2025-08-19 16:00:00,31.986963,23.0,8
son-serra-de-marina,2025-08-19 17:00:00,32.41369,29.0,8
son-serra-de-marina,2025-08-19 18:00:00,31.603794,21.0,8
son-serra-de-marina,2025-08-19 19:00:00,27.259735,3.0,8
son-serra-de-marina,2025-08-19 20:00:00,26.11234,2.0,8
son-serra-de-marina,2025-08-20 08:00:00,25.680801,5.0,8
son-serra-de-marina,2025-08-20 09:00:00,25.34901,6.0,8
son-serra-de-marina,2025-08-20 10:00:00,25.659613,5.0,8
son-serra-de-marina,2025-08-20 11:00:00,34.021763,14.0,8
son-serra-de-marina,2025-08-20 12:00:00,37.762997,8.0,8
son-serra-de-marina,2025-08-20 13:00:00,37.882957,5.0,8
son-serra-de-marina,2025-08-20 14:00:00,31.116142,6.0,8
son-serra-de-marina,2025-08-20 15:00:00,36.45101,3.0,8
son-serra-de-marina,2025-08-20 16:00:00,33.656185,12.0,8
son-serra-de-marina,2025-08-20 17:00:00,33.88572,11.0,8
son-serra-de-marina,2025-08-20 18:00:00,29.241816,2.0,8
son-serra-de-marina,2025-08-20 19:00:00,26.914133,2.0,8
son-serra-de-marina,2025-08-20 20:00:00,26.354195,2.0,8
son-serra-de-marina,2025-08-21 08:00:00,26.665808,15.0,8
son-serra-de-marina,2025-08-21 09:00:00,29.377045,38.0,8
son-serra-de-marina,2025-08-21 10:00:00,31.271545,42.0,8
son-serra-de-marina,2025-08-21 11:00:00,37.15397,34.0,8
son-serra-de-marina,2025-08-21 12:00:00,37.716396,15.0,8
son-serra-de-marina,2025-08-21 13:00:00,39.232735,25.0,8
son-serra-de-marina,2025-08-21 14:00:00,38.71629,21.0,8
son-serra-de-marina,2025-08-21 15:00:00,37.36095,34.0,8
son-serra-de-marina,2025-08-21 16:00:00,35.00337,43.0,8
son-serra-de-marina,2025-08-21 17:00:00,35.31599,27.0,8
son-serra-de-marina,2025-08-21 18:00:00,30.393738,39.0,8
son-serra-de-marina,2025-08-21 19:00:00,27.237709,2.0,8
son-serra-de-marina,2025-08-21 20:00:00,24.895386,2.0,8
son-serra-de-marina,2025-08-22 08:00:00,25.931423,19.0,8
son-serra-de-marina,2025-08-22 09:00:00,31.222464,24.0,8
son-serra-de-marina,2025-08-22 10:00:00,32.21593,50.0,8
son-serra-de-marina,2025-08-22 11:00:00,35.864223,43.0,8
son-serra-de-marina,2025-08-22 12:00:00,38.067013,20.0,8
son-serra-de-marina,2025-08-22 13:00:00,39.56652,14.0,8
son-serra-de-marina,2025-08-22 14:00:00,35.017113,5.0,8
son-serra-de-marina,2025-08-22 15:00:00,34.836075,23.0,8
son-serra-de-marina,2025-08-22 16:00:00,35.57553,19.0,8
son-serra-de-marina,2025-08-22 17:00:00,37.198013,21.0,8
son-serra-de-marina,2025-08-22 18:00:00,32.037872,23.0,8
son-serra-de-marina,2025-08-22 19:00:00,27.734509,2.0,8
son-serra-de-marina,2025-08-22 20:00:00,31.962208,2.0,8
son-serra-de-marina,2025-08-23 08:00:00,29.33238,10.0,8
son-serra-de-marina,2025-08-23 09:00:00,33.494015,39.0,8
son-serra-de-marina,2025-08-23 10:00:00,37.133705,49.0,8
son-serra-de-marina,2025-08-23 11:00:00,38.357292,41.0,8
son-serra-de-marina,2025-08-23 12:00:00,40.951336,18.0,8
son-serra-de-marina,2025-08-23 13:00:00,41.319584,8.0,8
son-serra-de-marina,2025-08-23 14:00:00,39.52848,10.0,8
son-serra-de-marina,2025-08-23 15:00:00,35.28815,22.0,8
son-serra-de-marina,2025-08-23 16:00:00,33.408302,21.0,8
son-serra-de-marina,2025-08-23 17:00:00,36.373276,14.0,8
son-serra-de-marina,2025-08-23 18:00:00,31.27328,14.0,8
son-serra-de-marina,2025-08-23 19:00:00,27.570084,2.0,8
son-serra-de-marina,2025-08-23 20:00:00,27.43104,2.0,8
son-serra-de-marina,2025-08-24 08:00:00,31.337223,21.0,8
son-serra-de-marina,2025-08-24 09:00:00,30.313274,37.0,8
son-serra-de-marina,2025-08-24 10:00:00,33.203293,28.0,8
son-serra-de-marina,2025-08-24 11:00:00,38.38266,31.0,8
son-serra-de-marina,2025-08-24 12:00:00,41.01916,41.0,8
son-serra-de-marina,2025-08-24 13:00:00,39.4179,18.0,8
son-serra-de-marina,2025-08-24 14:00:00,39.125256,29.0,8
son-serra-de-marina,2025-08-24 15:00:00,38.67449,47.0,8
son-serra-de-marina,2025-08-24 16:00:00,37.036556,56.0,8
son-serra-de-marina,2025-08-24 17:00:00,31.89104,63.0,8
son-serra-de-marina,2025-08-24 18:00:00,30.406109,35.0,8
son-serra-de-marina,2025-08-24 19:00:00,27.330246,2.0,8
son-serra-de-marina,2025-08-24 20:00:00,26.799522,2.0,8
son-serra-de-marina,2025-08-25 08:00:00,25.496296,10.0,8
son-serra-de-marina,2025-08-25 09:00:00,28.565243,10.0,8
son-serra-de-marina,2025-08-25 10:00:00,32.26427,38.0,8
son-serra-de-marina,2025-08-25 11:00:00,36.516243,22.0,8
son-serra-de-marina,2025-08-25 12:00:00,39.49684,27.0,8
son-serra-de-marina,2025-08-25 13:00:00,36.784508,28.0,8
son-serra-de-marina,2025-08-25 14:00:00,37.57184,40.0,8
son-serra-de-marina,2025-08-25 15:00:00,37.059475,41.0,8
son-serra-de-marina,2025-08-25 16:00:00,32.194695,28.0,8
son-serra-de-marina,2025-08-25 17:00:00,32.218616,32.0,8
son-serra-de-marina,2025-08-25 18:00:00,29.870283,32.0,8
son-serra-de-marina,2025-08-25 19:00:00,26.624031,2.0,8
son-serra-de-marina,2025-08-25 20:00:00,26.065393,2.0,8
son-serra-de-marina,2025-08-26 08:00:00,29.051775,9.0,8
son-serra-de-marina,2025-08-26 09:00:00,27.780804,47.0,8
son-serra-de-marina,2025-08-26 10:00:00,32.672153,63.0,8
son-serra-de-marina,2025-08-26 11:00:00,36.049263,63.0,8
son-serra-de-marina,2025-08-26 12:00:00,39.683517,63.0,8
son-serra-de-marina,2025-08-26 13:00:00,39.95039,63.0,8
son-serra-de-marina,2025-08-26 14:00:00,38.454212,48.0,8
son-serra-de-marina,2025-08-26 15:00:00,37.613106,63.0,8
son-serra-de-marina,2025-08-26 16:00:00,32.11447,61.0,8
son-serra-de-marina,2025-08-26 17:00:00,32.176716,63.0,8
son-serra-de-marina,2025-08-26 18:00:00,30.886671,63.0,8
son-serra-de-marina,2025-08-26 19:00:00,27.028969,11.0,8
son-serra-de-marina,2025-08-26 20:00:00,30.542746,10.0,8
son-serra-de-marina,2025-08-27 08:00:00,25.884102,32.0,8
son-serra-de-marina,2025-08-27 09:00:00,29.060795,50.0,8
son-serra-de-marina,2025-08-27 10:00:00,31.520603,32.0,8
son-serra-de-marina,2025-08-27 11:00:00,36.488552,35.0,8
son-serra-de-marina,2025-08-27 12:00:00,37.509686,43.0,8
son-serra-de-marina,2025-08-27 13:00:00,38.413452,50.0,8
son-serra-de-marina,2025-08-27 14:00:00,37.49151,45.0,8
son-serra-de-marina,2025-08-27 15:00:00,37.64409,36.0,8
son-serra-de-marina,2025-08-27 16:00:00,32.101517,48.0,8
son-serra-de-marina,2025-08-27 17:00:00,32.337807,63.0,8
son-serra-de-marina,2025-08-27 18:00:00,31.102057,56.0,8
son-serra-de-marina,2025-08-27 19:00:00,28.046766,7.0,8
son-serra-de-marina,2025-08-27 20:00:00,26.468195,3.0,8
son-serra-de-marina,2025-08-28 08:00:00,24.997736,18.0,8
son-serra-de-marina,2025-08-28 09:00:00,24.829311,22.0,8
son-serra-de-marina,2025-08-28 10:00:00,25.91432,40.0,8
son-serra-de-marina,2025-08-28 11:00:00,34.03469,56.0,8
son-serra-de-marina,2025-08-28 12:00:00,29.528755,12.0,8
son-serra-de-marina,2025-08-28 13:00:00,38.30079,34.0,8
son-serra-de-marina,2025-08-28 14:00:00,37.194218,56.0,8
son-serra-de-marina,2025-08-28 15:00:00,34.00439,32.0,8
son-serra-de-marina,2025-08-28 16:00:00,29.377895,29.0,8
son-serra-de-marina,2025-08-28 17:00:00,33.782654,27.0,8
son-serra-de-marina,2025-08-28 18:00:00,28.55207,21.0,8
son-serra-de-marina,2025-08-28 19:00:00,26.488857,4.0,8
son-serra-de-marina,2025-08-28 20:00:00,26.387596,5.0,8
son-serra-de-marina,2025-08-29 08:00:00,26.111654,23.0,8
son-serra-de-marina,2025-08-29 09:00:00,29.117834,41.0,8
son-serra-de-marina,2025-08-29 10:00:00,31.59877,45.0,8
son-serra-de-marina,2025-08-29 11:00:00,34.688156,63.0,8
son-serra-de-marina,2025-08-29 12:00:00,38.182056,4.0,8
son-serra-de-marina,2025-08-29 13:00:00,37.005486,14.0,8
son-serra-de-marina,2025-08-29 14:00:00,35.84943,16.0,8
son-serra-de-marina,2025-08-29 15:00:00,34.18718,23.0,8
son-serra-de-marina,2025-08-29 16:00:00,33.741493,34.0,8
son-serra-de-marina,2025-08-29 17:00:00,34.918148,31.0,8
son-serra-de-marina,2025-08-29 18:00:00,29.911655,43.0,8
son-serra-de-marina,2025-08-29 19:00:00,27.748913,9.0,8
son-serra-de-marina,2025-08-29 20:00:00,25.31013,8.0,8
son-serra-de-marina,2025-08-30 08:00:00,29.720236,7.0,8
son-serra-de-marina,2025-08-30 09:00:00,32.231155,53.0,8
son-serra-de-marina,2025-08-30 10:00:00,33.87686,37.0,8
son-serra-de-marina,2025-08-30 11:00:00,39.282925,59.0,8
son-serra-de-marina,2025-08-30 12:00:00,39.364044,59.0,8
son-serra-de-marina,2025-08-30 13:00:00,32.927883,46.0,8
son-serra-de-marina,2025-08-30 14:00:00,31.704317,39.0,8
son-serra-de-marina,2025-08-30 15:00:00,40.38316,47.0,8
son-serra-de-marina,2025-08-30 16:00:00,35.17494,63.0,8
son-serra-de-marina,2025-08-30 17:00:00,34.01589,63.0,8
son-serra-de-marina,2025-08-30 18:00:00,30.850554,63.0,8
son-serra-de-marina,2025-08-30 19:00:00,28.023958,5.0,8
son-serra-de-marina,2025-08-30 20:00:00,28.885277,6.0,8
