index,unique_id,ds,cutoff,TFT,y,ds_real,month
0,Badia d'Alcúdia_2022,2353,2352,1.0373521,1.0,2023-01-13 08:00:00,1
1,Badia d'Alcúdia_2022,2354,2352,1.0753312,1.0,2023-01-13 09:00:00,1
2,Badia d'Alcúdia_2022,2355,2352,1.0802836,1.0,2023-01-13 10:00:00,1
3,Badia d'Alcúdia_2022,2356,2352,1.0965354,1.0,2023-01-13 11:00:00,1
4,Badia d'Alcúdia_2022,2357,2352,1.105363,2.0,2023-01-13 12:00:00,1
5,Badia d'Alcúdia_2022,2358,2352,1.1091918,1.0,2023-01-13 13:00:00,1
6,Badia d'Alcúdia_2022,2359,2352,1.1261705,1.0,2023-01-13 14:00:00,1
7,Badia d'Alcúdia_2022,2360,2352,1.1450028,1.0,2023-01-13 15:00:00,1
8,Badia d'Alcúdia_2022,2361,2352,1.1659632,1.0,2023-01-13 16:00:00,1
9,Badia d'Alcúdia_2022,2362,2352,2.0085897,1.0,2023-01-13 17:00:00,1
10,Badia d'Alcúdia_2022,2363,2352,2.3638678,2.0,2023-01-13 18:00:00,1
11,Badia d'Alcúdia_2022,2364,2352,2.0595162,2.0,2023-01-13 19:00:00,1
12,Badia d'Alcúdia_2022,2365,2352,2.0095997,2.0,2023-01-13 20:00:00,1
13,Badia d'Alcúdia_2022,2366,2352,1.0130217,2.0,2023-01-14 08:00:00,1
14,Badia d'Alcúdia_2022,2367,2352,1.0218724,1.0,2023-01-14 09:00:00,1
15,Badia d'Alcúdia_2022,2368,2352,1.01992,1.0,2023-01-14 10:00:00,1
16,Badia d'Alcúdia_2022,2369,2352,1.0578496,1.0,2023-01-14 11:00:00,1
17,Badia d'Alcúdia_2022,2370,2352,1.1062258,5.0,2023-01-14 12:00:00,1
18,Badia d'Alcúdia_2022,2371,2352,1.131993,3.0,2023-01-14 13:00:00,1
19,Badia d'Alcúdia_2022,2372,2352,1.1617029,1.0,2023-01-14 14:00:00,1
20,Badia d'Alcúdia_2022,2373,2352,1.2154429,1.0,2023-01-14 15:00:00,1
21,Badia d'Alcúdia_2022,2374,2352,1.2041769,1.0,2023-01-14 16:00:00,1
22,Badia d'Alcúdia_2022,2375,2352,2.0977545,7.0,2023-01-14 17:00:00,1
23,Badia d'Alcúdia_2022,2376,2352,2.7605882,1.0,2023-01-14 18:00:00,1
24,Badia d'Alcúdia_2022,2377,2352,2.1518114,2.0,2023-01-14 19:00:00,1
25,Badia d'Alcúdia_2022,2378,2352,2.0120492,2.0,2023-01-14 20:00:00,1
26,Badia d'Alcúdia_2022,2379,2352,1.046968,1.0,2023-01-15 08:00:00,1
27,Badia d'Alcúdia_2022,2380,2352,1.0746276,1.0,2023-01-15 09:00:00,1
28,Badia d'Alcúdia_2022,2381,2352,1.0941286,1.0,2023-01-15 10:00:00,1
29,Badia d'Alcúdia_2022,2382,2352,1.1479295,1.0,2023-01-15 11:00:00,1
30,Badia d'Alcúdia_2022,2383,2352,1.1722536,1.0,2023-01-15 12:00:00,1
31,Badia d'Alcúdia_2022,2384,2352,1.1783314,2.0,2023-01-15 13:00:00,1
32,Badia d'Alcúdia_2022,2385,2352,1.1986606,1.0,2023-01-15 14:00:00,1
33,Badia d'Alcúdia_2022,2386,2352,1.207235,4.0,2023-01-15 15:00:00,1
34,Badia d'Alcúdia_2022,2387,2352,1.2151262,4.0,2023-01-15 16:00:00,1
35,Badia d'Alcúdia_2022,2388,2352,2.2786663,2.0,2023-01-15 17:00:00,1
36,Badia d'Alcúdia_2022,2389,2388,1.8885081,1.0,2023-01-15 18:00:00,1
37,Badia d'Alcúdia_2022,2390,2388,1.9811716,2.0,2023-01-15 19:00:00,1
38,Badia d'Alcúdia_2022,2391,2388,1.9247551,2.0,2023-01-15 20:00:00,1
39,Badia d'Alcúdia_2022,2392,2388,1.0506347,1.0,2023-01-16 08:00:00,1
40,Badia d'Alcúdia_2022,2393,2388,1.0463382,1.0,2023-01-16 09:00:00,1
41,Badia d'Alcúdia_2022,2394,2388,1.0278215,1.0,2023-01-16 10:00:00,1
42,Badia d'Alcúdia_2022,2395,2388,1.0255305,1.0,2023-01-16 11:00:00,1
43,Badia d'Alcúdia_2022,2396,2388,1.0631593,2.0,2023-01-16 12:00:00,1
44,Badia d'Alcúdia_2022,2397,2388,1.0942632,1.0,2023-01-16 13:00:00,1
45,Badia d'Alcúdia_2022,2398,2388,1.1136999,2.0,2023-01-16 14:00:00,1
46,Badia d'Alcúdia_2022,2399,2388,1.1297513,1.0,2023-01-16 15:00:00,1
47,Badia d'Alcúdia_2022,2400,2388,1.1811556,1.0,2023-01-16 16:00:00,1
48,Badia d'Alcúdia_2022,2401,2388,1.3037848,2.0,2023-01-16 17:00:00,1
49,Badia d'Alcúdia_2022,2402,2388,1.4637649,2.0,2023-01-16 18:00:00,1
50,Badia d'Alcúdia_2022,2403,2388,1.8400042,2.0,2023-01-16 19:00:00,1
51,Badia d'Alcúdia_2022,2404,2388,1.8333088,2.0,2023-01-16 20:00:00,1
52,Badia d'Alcúdia_2022,2405,2388,1.0653225,2.0,2023-01-17 08:00:00,1
53,Badia d'Alcúdia_2022,2406,2388,1.0497241,1.0,2023-01-17 09:00:00,1
54,Badia d'Alcúdia_2022,2407,2388,1.0370725,1.0,2023-01-17 10:00:00,1
55,Badia d'Alcúdia_2022,2408,2388,1.0779018,4.0,2023-01-17 11:00:00,1
56,Badia d'Alcúdia_2022,2409,2388,1.1605364,1.0,2023-01-17 12:00:00,1
57,Badia d'Alcúdia_2022,2410,2388,1.1925728,1.0,2023-01-17 13:00:00,1
58,Badia d'Alcúdia_2022,2411,2388,1.1910686,1.0,2023-01-17 14:00:00,1
59,Badia d'Alcúdia_2022,2412,2388,1.2036731,7.0,2023-01-17 15:00:00,1
60,Badia d'Alcúdia_2022,2413,2388,1.2412627,1.0,2023-01-17 16:00:00,1
61,Badia d'Alcúdia_2022,2414,2388,1.3399389,1.0,2023-01-17 17:00:00,1
62,Badia d'Alcúdia_2022,2415,2388,1.5054362,1.0,2023-01-17 18:00:00,1
63,Badia d'Alcúdia_2022,2416,2388,1.8742529,2.0,2023-01-17 19:00:00,1
64,Badia d'Alcúdia_2022,2417,2388,1.8258197,2.0,2023-01-17 20:00:00,1
65,Badia d'Alcúdia_2022,2418,2388,1.0708566,1.0,2023-01-18 08:00:00,1
66,Badia d'Alcúdia_2022,2419,2388,1.066774,1.0,2023-01-18 09:00:00,1
67,Badia d'Alcúdia_2022,2420,2388,1.0493972,1.0,2023-01-18 10:00:00,1
68,Badia d'Alcúdia_2022,2421,2388,1.0561763,1.0,2023-01-18 11:00:00,1
69,Badia d'Alcúdia_2022,2422,2388,1.0977341,1.0,2023-01-18 12:00:00,1
70,Badia d'Alcúdia_2022,2423,2388,1.1316588,1.0,2023-01-18 13:00:00,1
71,Badia d'Alcúdia_2022,2424,2388,1.1291472,2.0,2023-01-18 14:00:00,1
72,Badia d'Alcúdia_2022,2425,2424,1.0886434,1.0,2023-01-18 15:00:00,1
73,Badia d'Alcúdia_2022,2426,2424,1.0833071,1.0,2023-01-18 16:00:00,1
74,Badia d'Alcúdia_2022,2427,2424,1.1748514,1.0,2023-01-18 17:00:00,1
75,Badia d'Alcúdia_2022,2428,2424,1.3700193,9.0,2023-01-18 18:00:00,1
76,Badia d'Alcúdia_2022,2429,2424,1.6647803,2.0,2023-01-18 19:00:00,1
77,Badia d'Alcúdia_2022,2430,2424,1.8100097,2.0,2023-01-18 20:00:00,1
78,Badia d'Alcúdia_2022,2431,2424,1.0599287,1.0,2023-01-19 08:00:00,1
79,Badia d'Alcúdia_2022,2432,2424,1.0781265,1.0,2023-01-19 09:00:00,1
80,Badia d'Alcúdia_2022,2433,2424,1.0621808,1.0,2023-01-19 10:00:00,1
81,Badia d'Alcúdia_2022,2434,2424,1.0410274,1.0,2023-01-19 11:00:00,1
82,Badia d'Alcúdia_2022,2435,2424,1.0384564,1.0,2023-01-19 12:00:00,1
83,Badia d'Alcúdia_2022,2436,2424,1.0390941,1.0,2023-01-19 13:00:00,1
84,Badia d'Alcúdia_2022,2437,2424,1.0366172,1.0,2023-01-19 14:00:00,1
85,Badia d'Alcúdia_2022,2438,2424,1.0382578,1.0,2023-01-19 15:00:00,1
86,Badia d'Alcúdia_2022,2439,2424,1.0565019,1.0,2023-01-19 16:00:00,1
87,Badia d'Alcúdia_2022,2440,2424,1.1552044,7.0,2023-01-19 17:00:00,1
88,Badia d'Alcúdia_2022,2441,2424,1.2831746,2.0,2023-01-19 18:00:00,1
89,Badia d'Alcúdia_2022,2442,2424,1.7376125,2.0,2023-01-19 19:00:00,1
90,Badia d'Alcúdia_2022,2443,2424,1.8809028,2.0,2023-01-19 20:00:00,1
91,Badia d'Alcúdia_2022,2444,2424,1.0249841,3.0,2023-01-20 08:00:00,1
92,Badia d'Alcúdia_2022,2445,2424,1.0395459,1.0,2023-01-20 09:00:00,1
93,Badia d'Alcúdia_2022,2446,2424,1.0328529,4.0,2023-01-20 10:00:00,1
94,Badia d'Alcúdia_2022,2447,2424,1.0233896,2.0,2023-01-20 11:00:00,1
95,Badia d'Alcúdia_2022,2448,2424,1.0188948,1.0,2023-01-20 12:00:00,1
96,Badia d'Alcúdia_2022,2449,2424,1.0252067,1.0,2023-01-20 13:00:00,1
97,Badia d'Alcúdia_2022,2450,2424,1.0339681,1.0,2023-01-20 14:00:00,1
98,Badia d'Alcúdia_2022,2451,2424,1.0486553,1.0,2023-01-20 15:00:00,1
99,Badia d'Alcúdia_2022,2452,2424,1.0726931,1.0,2023-01-20 16:00:00,1
100,Badia d'Alcúdia_2022,2453,2424,1.1646456,1.0,2023-01-20 17:00:00,1
101,Badia d'Alcúdia_2022,2454,2424,1.2204243,2.0,2023-01-20 18:00:00,1
102,Badia d'Alcúdia_2022,2455,2424,1.7549202,2.0,2023-01-20 19:00:00,1
103,Badia d'Alcúdia_2022,2456,2424,1.9116056,2.0,2023-01-20 20:00:00,1
104,Badia d'Alcúdia_2022,2457,2424,1.0296007,1.0,2023-01-21 08:00:00,1
105,Badia d'Alcúdia_2022,2458,2424,1.0343016,1.0,2023-01-21 09:00:00,1
106,Badia d'Alcúdia_2022,2459,2424,1.0383571,1.0,2023-01-21 10:00:00,1
107,Badia d'Alcúdia_2022,2460,2424,1.0209129,2.0,2023-01-21 11:00:00,1
108,Badia d'Alcúdia_2022,2461,2460,1.0739821,3.0,2023-01-21 12:00:00,1
109,Badia d'Alcúdia_2022,2462,2460,1.0280167,1.0,2023-01-21 13:00:00,1
110,Badia d'Alcúdia_2022,2463,2460,1.0187755,1.0,2023-01-21 14:00:00,1
111,Badia d'Alcúdia_2022,2464,2460,1.0003272,1.0,2023-01-21 15:00:00,1
112,Badia d'Alcúdia_2022,2465,2460,0.9962207,1.0,2023-01-21 16:00:00,1
113,Badia d'Alcúdia_2022,2466,2460,1.0565867,1.0,2023-01-21 17:00:00,1
114,Badia d'Alcúdia_2022,2467,2460,1.675758,1.0,2023-01-21 18:00:00,1
115,Badia d'Alcúdia_2022,2468,2460,1.949408,2.0,2023-01-21 19:00:00,1
116,Badia d'Alcúdia_2022,2469,2460,1.9526093,2.0,2023-01-21 20:00:00,1
117,Badia d'Alcúdia_2022,2470,2460,1.0551007,1.0,2023-01-22 08:00:00,1
118,Badia d'Alcúdia_2022,2471,2460,1.0382508,1.0,2023-01-22 09:00:00,1
119,Badia d'Alcúdia_2022,2472,2460,1.0515283,1.0,2023-01-22 10:00:00,1
120,Badia d'Alcúdia_2022,2473,2460,1.0358379,1.0,2023-01-22 11:00:00,1
121,Badia d'Alcúdia_2022,2474,2460,1.0099833,2.0,2023-01-22 12:00:00,1
122,Badia d'Alcúdia_2022,2475,2460,1.0096755,1.0,2023-01-22 13:00:00,1
123,Badia d'Alcúdia_2022,2476,2460,1.018797,1.0,2023-01-22 14:00:00,1
124,Badia d'Alcúdia_2022,2477,2460,1.0236746,1.0,2023-01-22 15:00:00,1
125,Badia d'Alcúdia_2022,2478,2460,1.0161005,1.0,2023-01-22 16:00:00,1
126,Badia d'Alcúdia_2022,2479,2460,1.0893236,1.0,2023-01-22 17:00:00,1
127,Badia d'Alcúdia_2022,2480,2460,1.7174368,2.0,2023-01-22 18:00:00,1
128,Badia d'Alcúdia_2022,2481,2460,2.0265365,2.0,2023-01-22 19:00:00,1
129,Badia d'Alcúdia_2022,2482,2460,1.9368186,2.0,2023-01-22 20:00:00,1
130,Badia d'Alcúdia_2022,2483,2460,1.0867927,2.0,2023-01-23 08:00:00,1
131,Badia d'Alcúdia_2022,2484,2460,1.0938858,1.0,2023-01-23 09:00:00,1
132,Badia d'Alcúdia_2022,2485,2460,1.1215801,1.0,2023-01-23 10:00:00,1
133,Badia d'Alcúdia_2022,2486,2460,1.1167705,1.0,2023-01-23 11:00:00,1
134,Badia d'Alcúdia_2022,2487,2460,1.0927076,3.0,2023-01-23 12:00:00,1
135,Badia d'Alcúdia_2022,2488,2460,1.0578505,1.0,2023-01-23 13:00:00,1
136,Badia d'Alcúdia_2022,2489,2460,1.0236527,1.0,2023-01-23 14:00:00,1
137,Badia d'Alcúdia_2022,2490,2460,1.0127774,1.0,2023-01-23 15:00:00,1
138,Badia d'Alcúdia_2022,2491,2460,1.0259483,1.0,2023-01-23 16:00:00,1
139,Badia d'Alcúdia_2022,2492,2460,1.3011872,1.0,2023-01-23 17:00:00,1
140,Badia d'Alcúdia_2022,2493,2460,1.8056452,2.0,2023-01-23 18:00:00,1
141,Badia d'Alcúdia_2022,2494,2460,1.9058846,2.0,2023-01-23 19:00:00,1
142,Badia d'Alcúdia_2022,2495,2460,1.9086114,2.0,2023-01-23 20:00:00,1
143,Badia d'Alcúdia_2022,2496,2460,1.0546862,1.0,2023-01-24 08:00:00,1
144,Badia d'Alcúdia_2022,2497,2496,0.9748513,1.0,2023-01-24 09:00:00,1
145,Badia d'Alcúdia_2022,2498,2496,0.9823924,1.0,2023-01-24 10:00:00,1
146,Badia d'Alcúdia_2022,2499,2496,0.99549884,1.0,2023-01-24 11:00:00,1
147,Badia d'Alcúdia_2022,2500,2496,0.99619156,1.0,2023-01-24 12:00:00,1
148,Badia d'Alcúdia_2022,2501,2496,0.9890854,1.0,2023-01-24 13:00:00,1
149,Badia d'Alcúdia_2022,2502,2496,0.9854585,1.0,2023-01-24 14:00:00,1
150,Badia d'Alcúdia_2022,2503,2496,0.9834815,3.0,2023-01-24 15:00:00,1
151,Badia d'Alcúdia_2022,2504,2496,0.98117423,1.0,2023-01-24 16:00:00,1
152,Badia d'Alcúdia_2022,2505,2496,0.9925005,1.0,2023-01-24 17:00:00,1
153,Badia d'Alcúdia_2022,2506,2496,1.4039074,1.0,2023-01-24 18:00:00,1
154,Badia d'Alcúdia_2022,2507,2496,1.9108825,2.0,2023-01-24 19:00:00,1
155,Badia d'Alcúdia_2022,2508,2496,1.9587098,2.0,2023-01-24 20:00:00,1
156,Badia d'Alcúdia_2022,2509,2496,0.9799436,1.0,2023-01-25 08:00:00,1
157,Badia d'Alcúdia_2022,2510,2496,0.98233414,1.0,2023-01-25 09:00:00,1
158,Badia d'Alcúdia_2022,2511,2496,0.9922393,1.0,2023-01-25 10:00:00,1
159,Badia d'Alcúdia_2022,2512,2496,0.9971217,2.0,2023-01-25 11:00:00,1
160,Badia d'Alcúdia_2022,2513,2496,0.9864608,1.0,2023-01-25 13:00:00,1
161,Badia d'Alcúdia_2022,2514,2496,0.9836744,2.0,2023-01-25 14:00:00,1
162,Badia d'Alcúdia_2022,2515,2496,0.9822,1.0,2023-01-25 15:00:00,1
163,Badia d'Alcúdia_2022,2516,2496,0.9822745,1.0,2023-01-25 16:00:00,1
164,Badia d'Alcúdia_2022,2517,2496,0.995671,1.0,2023-01-25 17:00:00,1
165,Badia d'Alcúdia_2022,2518,2496,1.3614202,1.0,2023-01-25 18:00:00,1
166,Badia d'Alcúdia_2022,2519,2496,1.9106983,2.0,2023-01-25 19:00:00,1
167,Badia d'Alcúdia_2022,2520,2496,1.9499354,2.0,2023-01-25 20:00:00,1
168,Badia d'Alcúdia_2022,2521,2496,0.98262376,1.0,2023-01-26 09:00:00,1
169,Badia d'Alcúdia_2022,2522,2496,0.98416543,1.0,2023-01-26 10:00:00,1
170,Badia d'Alcúdia_2022,2523,2496,0.99520034,1.0,2023-01-26 11:00:00,1
171,Badia d'Alcúdia_2022,2524,2496,0.99291366,1.0,2023-01-26 12:00:00,1
172,Badia d'Alcúdia_2022,2525,2496,0.9869344,3.0,2023-01-26 13:00:00,1
173,Badia d'Alcúdia_2022,2526,2496,0.98287463,1.0,2023-01-26 14:00:00,1
174,Badia d'Alcúdia_2022,2527,2496,0.9816908,1.0,2023-01-26 15:00:00,1
175,Badia d'Alcúdia_2022,2528,2496,0.98123515,1.0,2023-01-26 16:00:00,1
176,Badia d'Alcúdia_2022,2529,2496,0.9938107,1.0,2023-01-26 17:00:00,1
177,Badia d'Alcúdia_2022,2530,2496,1.3414941,1.0,2023-01-26 18:00:00,1
178,Badia d'Alcúdia_2022,2531,2496,1.913317,2.0,2023-01-26 19:00:00,1
179,Badia d'Alcúdia_2022,2532,2496,1.9332206,2.0,2023-01-26 20:00:00,1
180,Brismar_2022,2286,2285,2.1180453,1.0,2023-01-07 15:00:00,1
181,Brismar_2022,2287,2285,2.1755548,2.0,2023-01-07 16:00:00,1
182,Brismar_2022,2288,2285,2.166152,1.0,2023-01-07 17:00:00,1
183,Brismar_2022,2289,2285,2.077681,4.0,2023-01-07 18:00:00,1
184,Brismar_2022,2290,2285,2.1066046,2.0,2023-01-07 19:00:00,1
185,Brismar_2022,2291,2285,2.044624,2.0,2023-01-07 20:00:00,1
186,Brismar_2022,2292,2285,2.3981993,3.0,2023-01-08 08:00:00,1
187,Brismar_2022,2293,2285,2.1914635,1.0,2023-01-08 09:00:00,1
188,Brismar_2022,2294,2285,2.3286612,2.0,2023-01-08 10:00:00,1
189,Brismar_2022,2295,2285,2.4391809,3.0,2023-01-08 11:00:00,1
190,Brismar_2022,2296,2285,2.419838,1.0,2023-01-08 12:00:00,1
191,Brismar_2022,2297,2285,2.3108063,2.0,2023-01-08 13:00:00,1
192,Brismar_2022,2298,2285,2.1913865,1.0,2023-01-08 14:00:00,1
193,Brismar_2022,2299,2285,2.1132565,2.0,2023-01-08 15:00:00,1
194,Brismar_2022,2300,2285,2.111736,2.0,2023-01-08 16:00:00,1
195,Brismar_2022,2301,2285,2.073198,2.0,2023-01-08 17:00:00,1
196,Brismar_2022,2302,2285,2.0777957,4.0,2023-01-08 18:00:00,1
197,Brismar_2022,2303,2285,2.077028,3.0,2023-01-08 19:00:00,1
198,Brismar_2022,2304,2285,2.025873,2.0,2023-01-08 20:00:00,1
199,Brismar_2022,2305,2285,2.3986778,3.0,2023-01-09 08:00:00,1
200,Brismar_2022,2306,2285,2.334611,1.0,2023-01-09 09:00:00,1
201,Brismar_2022,2307,2285,2.3882911,2.0,2023-01-09 10:00:00,1
202,Brismar_2022,2308,2285,2.4958615,3.0,2023-01-09 11:00:00,1
203,Brismar_2022,2309,2285,2.5301557,4.0,2023-01-09 12:00:00,1
204,Brismar_2022,2310,2285,2.3804731,3.0,2023-01-09 13:00:00,1
205,Brismar_2022,2311,2285,2.1868625,1.0,2023-01-09 14:00:00,1
206,Brismar_2022,2312,2285,2.104426,1.0,2023-01-09 15:00:00,1
207,Brismar_2022,2313,2285,2.0730965,1.0,2023-01-09 16:00:00,1
208,Brismar_2022,2314,2285,2.0147724,1.0,2023-01-09 17:00:00,1
209,Brismar_2022,2315,2285,2.0177608,2.0,2023-01-09 18:00:00,1
210,Brismar_2022,2316,2285,2.0291162,2.0,2023-01-09 19:00:00,1
211,Brismar_2022,2317,2285,2.0111265,2.0,2023-01-09 20:00:00,1
212,Brismar_2022,2318,2285,2.6780465,3.0,2023-01-10 08:00:00,1
213,Brismar_2022,2319,2285,2.4838433,2.0,2023-01-10 09:00:00,1
214,Brismar_2022,2320,2285,2.4219031,4.0,2023-01-10 10:00:00,1
215,Brismar_2022,2321,2285,2.4565966,4.0,2023-01-10 11:00:00,1
216,Brismar_2022,2322,2321,3.207683,7.0,2023-01-10 12:00:00,1
217,Brismar_2022,2323,2321,2.6351762,1.0,2023-01-10 13:00:00,1
218,Brismar_2022,2324,2321,1.8513155,1.0,2023-01-10 14:00:00,1
219,Brismar_2022,2325,2321,1.4061007,2.0,2023-01-10 15:00:00,1
220,Brismar_2022,2326,2321,1.2859793,1.0,2023-01-10 16:00:00,1
221,Brismar_2022,2327,2321,1.3163568,1.0,2023-01-10 17:00:00,1
222,Brismar_2022,2328,2321,2.0863292,2.0,2023-01-10 18:00:00,1
223,Brismar_2022,2329,2321,1.9412816,2.0,2023-01-10 19:00:00,1
224,Brismar_2022,2330,2321,1.9204084,2.0,2023-01-10 20:00:00,1
225,Brismar_2022,2331,2321,2.3431666,2.0,2023-01-11 08:00:00,1
226,Brismar_2022,2332,2321,2.5453014,1.0,2023-01-11 09:00:00,1
227,Brismar_2022,2333,2321,3.1126459,2.0,2023-01-11 10:00:00,1
228,Brismar_2022,2334,2321,3.1720517,2.0,2023-01-11 11:00:00,1
229,Brismar_2022,2335,2321,2.8585427,6.0,2023-01-11 12:00:00,1
230,Brismar_2022,2336,2321,2.1425838,1.0,2023-01-11 13:00:00,1
231,Brismar_2022,2337,2321,1.5727127,2.0,2023-01-11 14:00:00,1
232,Brismar_2022,2338,2321,1.3581173,2.0,2023-01-11 15:00:00,1
233,Brismar_2022,2339,2321,1.2492555,2.0,2023-01-11 16:00:00,1
234,Brismar_2022,2340,2321,1.4298508,1.0,2023-01-11 17:00:00,1
235,Brismar_2022,2341,2321,2.03875,2.0,2023-01-11 18:00:00,1
236,Brismar_2022,2342,2321,1.9498007,2.0,2023-01-11 19:00:00,1
237,Brismar_2022,2343,2321,1.9182056,2.0,2023-01-11 20:00:00,1
238,Brismar_2022,2344,2321,2.3200116,4.0,2023-01-12 08:00:00,1
239,Brismar_2022,2345,2321,2.4240046,2.0,2023-01-12 09:00:00,1
240,Brismar_2022,2346,2321,2.7222867,3.0,2023-01-12 10:00:00,1
241,Brismar_2022,2347,2321,2.8971403,4.0,2023-01-12 11:00:00,1
242,Brismar_2022,2348,2321,2.784343,3.0,2023-01-12 12:00:00,1
243,Brismar_2022,2349,2321,2.4082165,5.0,2023-01-12 13:00:00,1
244,Brismar_2022,2350,2321,1.6725514,2.0,2023-01-12 14:00:00,1
245,Brismar_2022,2351,2321,1.3248663,1.0,2023-01-12 15:00:00,1
246,Brismar_2022,2352,2321,1.2357957,1.0,2023-01-12 16:00:00,1
247,Brismar_2022,2353,2321,1.3505697,1.0,2023-01-12 17:00:00,1
248,Brismar_2022,2354,2321,2.0581937,2.0,2023-01-12 18:00:00,1
249,Brismar_2022,2355,2321,1.9265798,2.0,2023-01-12 19:00:00,1
250,Brismar_2022,2356,2321,1.8926744,2.0,2023-01-12 20:00:00,1
251,Brismar_2022,2357,2321,2.357391,3.0,2023-01-13 08:00:00,1
252,Brismar_2022,2358,2357,2.9483716,2.0,2023-01-13 09:00:00,1
253,Brismar_2022,2359,2357,3.1198459,2.0,2023-01-13 10:00:00,1
254,Brismar_2022,2360,2357,3.2753289,3.0,2023-01-13 11:00:00,1
255,Brismar_2022,2361,2357,3.0727918,4.0,2023-01-13 12:00:00,1
256,Brismar_2022,2362,2357,2.637683,2.0,2023-01-13 13:00:00,1
257,Brismar_2022,2363,2357,2.0882056,4.0,2023-01-13 14:00:00,1
258,Brismar_2022,2364,2357,1.7491057,4.0,2023-01-13 15:00:00,1
259,Brismar_2022,2365,2357,1.3947037,1.0,2023-01-13 16:00:00,1
260,Brismar_2022,2366,2357,1.3324593,2.0,2023-01-13 17:00:00,1
261,Brismar_2022,2367,2357,1.9521327,3.0,2023-01-13 18:00:00,1
262,Brismar_2022,2368,2357,2.0195098,2.0,2023-01-13 19:00:00,1
263,Brismar_2022,2369,2357,1.9670818,2.0,2023-01-13 20:00:00,1
264,Brismar_2022,2370,2357,2.3364744,2.0,2023-01-14 08:00:00,1
265,Brismar_2022,2371,2357,2.439211,4.0,2023-01-14 09:00:00,1
266,Brismar_2022,2372,2357,2.6443717,3.0,2023-01-14 10:00:00,1
267,Brismar_2022,2373,2357,2.8743072,8.0,2023-01-14 11:00:00,1
268,Brismar_2022,2374,2357,2.6775105,11.0,2023-01-14 12:00:00,1
269,Brismar_2022,2375,2357,2.3390324,4.0,2023-01-14 13:00:00,1
270,Brismar_2022,2376,2357,1.9303379,3.0,2023-01-14 14:00:00,1
271,Brismar_2022,2377,2357,1.598537,1.0,2023-01-14 15:00:00,1
272,Brismar_2022,2378,2357,1.3234249,3.0,2023-01-14 16:00:00,1
273,Brismar_2022,2379,2357,1.1138433,1.0,2023-01-14 17:00:00,1
274,Brismar_2022,2380,2357,1.7359642,2.0,2023-01-14 18:00:00,1
275,Brismar_2022,2381,2357,2.0313544,2.0,2023-01-14 19:00:00,1
276,Brismar_2022,2382,2357,1.9577817,3.0,2023-01-14 20:00:00,1
277,Brismar_2022,2383,2357,2.4362693,1.0,2023-01-15 08:00:00,1
278,Brismar_2022,2384,2357,2.5886126,2.0,2023-01-15 09:00:00,1
279,Brismar_2022,2385,2357,2.7759342,2.0,2023-01-15 10:00:00,1
280,Brismar_2022,2386,2357,2.891168,2.0,2023-01-15 11:00:00,1
281,Brismar_2022,2387,2357,2.7863736,5.0,2023-01-15 12:00:00,1
282,Brismar_2022,2388,2357,2.4377265,3.0,2023-01-15 13:00:00,1
283,Brismar_2022,2389,2357,1.9772363,1.0,2023-01-15 14:00:00,1
284,Brismar_2022,2390,2357,1.6158806,1.0,2023-01-15 15:00:00,1
285,Brismar_2022,2391,2357,1.2914119,1.0,2023-01-15 16:00:00,1
286,Brismar_2022,2392,2357,1.0928816,1.0,2023-01-15 17:00:00,1
287,Brismar_2022,2393,2357,1.8103673,3.0,2023-01-15 18:00:00,1
288,Brismar_2022,2394,2393,2.2214975,2.0,2023-01-15 19:00:00,1
289,Brismar_2022,2395,2393,2.114306,2.0,2023-01-15 20:00:00,1
290,Brismar_2022,2396,2393,2.0233932,6.0,2023-01-16 08:00:00,1
291,Brismar_2022,2397,2393,2.1772008,2.0,2023-01-16 09:00:00,1
292,Brismar_2022,2398,2393,2.236107,1.0,2023-01-16 10:00:00,1
293,Brismar_2022,2399,2393,2.2406278,1.0,2023-01-16 11:00:00,1
294,Brismar_2022,2400,2393,2.237037,1.0,2023-01-16 12:00:00,1
295,Brismar_2022,2401,2393,2.1974287,1.0,2023-01-16 13:00:00,1
296,Brismar_2022,2402,2393,2.0837057,1.0,2023-01-16 14:00:00,1
297,Brismar_2022,2403,2393,1.8811345,1.0,2023-01-16 15:00:00,1
298,Brismar_2022,2404,2393,1.5871855,2.0,2023-01-16 16:00:00,1
299,Brismar_2022,2405,2393,1.4959277,1.0,2023-01-16 17:00:00,1
300,Brismar_2022,2406,2393,2.0784144,2.0,2023-01-16 18:00:00,1
301,Brismar_2022,2407,2393,2.1547318,2.0,2023-01-16 19:00:00,1
302,Brismar_2022,2408,2393,2.1341538,2.0,2023-01-16 20:00:00,1
303,Brismar_2022,2409,2393,2.1517522,2.0,2023-01-17 08:00:00,1
304,Brismar_2022,2410,2393,2.2930164,2.0,2023-01-17 09:00:00,1
305,Brismar_2022,2411,2393,2.4287472,1.0,2023-01-17 10:00:00,1
306,Brismar_2022,2412,2393,2.366945,1.0,2023-01-17 11:00:00,1
307,Brismar_2022,2413,2393,2.435123,2.0,2023-01-17 12:00:00,1
308,Brismar_2022,2414,2393,2.3245459,2.0,2023-01-17 13:00:00,1
309,Brismar_2022,2415,2393,2.1375904,2.0,2023-01-17 14:00:00,1
310,Brismar_2022,2416,2393,1.8457657,3.0,2023-01-17 15:00:00,1
311,Brismar_2022,2417,2393,1.4478512,4.0,2023-01-17 16:00:00,1
312,Brismar_2022,2418,2393,1.4526954,4.0,2023-01-17 17:00:00,1
313,Brismar_2022,2419,2393,2.135868,3.0,2023-01-17 18:00:00,1
314,Brismar_2022,2420,2393,2.1635451,2.0,2023-01-17 19:00:00,1
315,Brismar_2022,2421,2393,2.1317444,2.0,2023-01-17 20:00:00,1
316,Brismar_2022,2422,2393,2.1055624,5.0,2023-01-18 08:00:00,1
317,Brismar_2022,2423,2393,2.2578034,3.0,2023-01-18 09:00:00,1
318,Brismar_2022,2424,2393,2.3250628,6.0,2023-01-18 10:00:00,1
319,Brismar_2022,2425,2393,2.3128877,4.0,2023-01-18 11:00:00,1
320,Brismar_2022,2426,2393,2.317513,1.0,2023-01-18 12:00:00,1
321,Brismar_2022,2427,2393,2.218851,2.0,2023-01-18 13:00:00,1
322,Brismar_2022,2428,2393,2.0998797,2.0,2023-01-18 14:00:00,1
323,Brismar_2022,2429,2393,1.879938,3.0,2023-01-18 15:00:00,1
324,Brismar_2022,2430,2429,1.7511771,4.0,2023-01-18 16:00:00,1
325,Brismar_2022,2431,2429,1.9085971,4.0,2023-01-18 17:00:00,1
326,Brismar_2022,2432,2429,2.1282883,2.0,2023-01-18 18:00:00,1
327,Brismar_2022,2433,2429,2.0242472,2.0,2023-01-18 19:00:00,1
328,Brismar_2022,2434,2429,1.9462788,2.0,2023-01-18 20:00:00,1
329,Brismar_2022,2435,2429,1.9254777,4.0,2023-01-19 08:00:00,1
330,Brismar_2022,2436,2429,1.8945398,2.0,2023-01-19 09:00:00,1
331,Brismar_2022,2437,2429,1.817841,1.0,2023-01-19 10:00:00,1
332,Brismar_2022,2438,2429,1.7582679,3.0,2023-01-19 11:00:00,1
333,Brismar_2022,2439,2429,1.7216779,2.0,2023-01-19 12:00:00,1
334,Brismar_2022,2440,2429,1.692527,2.0,2023-01-19 13:00:00,1
335,Brismar_2022,2441,2429,1.6472956,1.0,2023-01-19 14:00:00,1
336,Brismar_2022,2442,2429,1.5792164,2.0,2023-01-19 15:00:00,1
337,Brismar_2022,2443,2429,1.4844471,1.0,2023-01-19 16:00:00,1
338,Brismar_2022,2444,2429,1.8347312,2.0,2023-01-19 17:00:00,1
339,Brismar_2022,2445,2429,2.1193376,4.0,2023-01-19 18:00:00,1
340,Brismar_2022,2446,2429,2.0263622,2.0,2023-01-19 19:00:00,1
341,Brismar_2022,2447,2429,1.9730986,2.0,2023-01-19 20:00:00,1
342,Brismar_2022,2448,2429,1.9065578,1.0,2023-01-20 08:00:00,1
343,Brismar_2022,2449,2429,1.8571007,1.0,2023-01-20 09:00:00,1
344,Brismar_2022,2450,2429,1.809134,1.0,2023-01-20 10:00:00,1
345,Brismar_2022,2451,2429,1.7425739,1.0,2023-01-20 11:00:00,1
346,Brismar_2022,2452,2429,1.700803,1.0,2023-01-20 12:00:00,1
347,Brismar_2022,2453,2429,1.6664479,1.0,2023-01-20 13:00:00,1
348,Brismar_2022,2454,2429,1.631347,3.0,2023-01-20 14:00:00,1
349,Brismar_2022,2455,2429,1.5215801,1.0,2023-01-20 15:00:00,1
350,Brismar_2022,2456,2429,1.4559765,1.0,2023-01-20 16:00:00,1
351,Brismar_2022,2457,2429,1.8622466,1.0,2023-01-20 17:00:00,1
352,Brismar_2022,2458,2429,2.1177394,1.0,2023-01-20 18:00:00,1
353,Brismar_2022,2459,2429,2.0190263,2.0,2023-01-20 19:00:00,1
354,Brismar_2022,2460,2429,1.9638057,2.0,2023-01-20 20:00:00,1
355,Brismar_2022,2461,2429,1.8841457,1.0,2023-01-21 08:00:00,1
356,Brismar_2022,2462,2429,1.7830467,1.0,2023-01-21 09:00:00,1
357,Brismar_2022,2463,2429,1.690425,1.0,2023-01-21 10:00:00,1
358,Brismar_2022,2464,2429,2.0037658,2.0,2023-01-21 18:00:00,1
359,Brismar_2022,2465,2429,2.0219269,2.0,2023-01-26 20:00:00,1
360,Cala Major_2022,2161,2160,2.900834,3.0,2023-01-01 18:00:00,1
361,Cala Major_2022,2162,2160,2.8523474,3.0,2023-01-01 19:00:00,1
362,Cala Major_2022,2163,2160,2.7409794,3.0,2023-01-01 20:00:00,1
363,Cala Major_2022,2164,2160,2.5009608,3.0,2023-01-02 08:00:00,1
364,Cala Major_2022,2165,2160,2.5979035,3.0,2023-01-02 09:00:00,1
365,Cala Major_2022,2166,2160,2.6888475,5.0,2023-01-02 10:00:00,1
366,Cala Major_2022,2167,2160,2.7935143,2.0,2023-01-02 11:00:00,1
367,Cala Major_2022,2168,2160,2.8209977,4.0,2023-01-02 12:00:00,1
368,Cala Major_2022,2169,2160,2.8299499,2.0,2023-01-02 13:00:00,1
369,Cala Major_2022,2170,2160,2.8507645,8.0,2023-01-02 14:00:00,1
370,Cala Major_2022,2171,2160,2.881375,4.0,2023-01-02 15:00:00,1
371,Cala Major_2022,2172,2160,2.8569126,3.0,2023-01-02 16:00:00,1
372,Cala Major_2022,2173,2160,2.824514,3.0,2023-01-02 17:00:00,1
373,Cala Major_2022,2174,2160,2.7563589,2.0,2023-01-02 18:00:00,1
374,Cala Major_2022,2175,2160,2.7181497,2.0,2023-01-02 19:00:00,1
375,Cala Major_2022,2176,2160,2.6361518,2.0,2023-01-02 20:00:00,1
376,Cala Major_2022,2177,2160,2.5025463,2.0,2023-01-03 08:00:00,1
377,Cala Major_2022,2178,2160,2.584489,2.0,2023-01-03 09:00:00,1
378,Cala Major_2022,2179,2160,2.6997552,2.0,2023-01-03 10:00:00,1
379,Cala Major_2022,2180,2160,2.788799,3.0,2023-01-03 11:00:00,1
380,Cala Major_2022,2181,2160,2.8383946,2.0,2023-01-03 12:00:00,1
381,Cala Major_2022,2182,2160,2.8558877,2.0,2023-01-03 13:00:00,1
382,Cala Major_2022,2183,2160,2.8660624,3.0,2023-01-03 14:00:00,1
383,Cala Major_2022,2184,2160,2.904635,3.0,2023-01-03 15:00:00,1
384,Cala Major_2022,2185,2160,2.897509,3.0,2023-01-03 16:00:00,1
385,Cala Major_2022,2186,2160,2.869945,3.0,2023-01-03 17:00:00,1
386,Cala Major_2022,2187,2160,2.7353098,2.0,2023-01-03 18:00:00,1
387,Cala Major_2022,2188,2160,2.7048721,2.0,2023-01-03 19:00:00,1
388,Cala Major_2022,2189,2160,2.5485196,3.0,2023-01-03 20:00:00,1
389,Cala Major_2022,2190,2160,2.4901328,3.0,2023-01-04 08:00:00,1
390,Cala Major_2022,2191,2160,2.5777967,8.0,2023-01-04 09:00:00,1
391,Cala Major_2022,2192,2160,2.724926,3.0,2023-01-04 10:00:00,1
392,Cala Major_2022,2193,2160,2.8353693,3.0,2023-01-04 11:00:00,1
393,Cala Major_2022,2194,2160,2.8912063,3.0,2023-01-04 12:00:00,1
394,Cala Major_2022,2195,2160,2.987785,4.0,2023-01-04 13:00:00,1
395,Cala Major_2022,2196,2160,3.0607624,3.0,2023-01-04 14:00:00,1
396,Cala Major_2022,2197,2196,3.0810304,3.0,2023-01-04 15:00:00,1
397,Cala Major_2022,2198,2196,3.0914335,3.0,2023-01-04 16:00:00,1
398,Cala Major_2022,2199,2196,2.882864,4.0,2023-01-04 17:00:00,1
399,Cala Major_2022,2200,2196,2.2272477,3.0,2023-01-04 18:00:00,1
400,Cala Major_2022,2201,2196,2.1112235,3.0,2023-01-04 19:00:00,1
401,Cala Major_2022,2202,2196,2.1061964,4.0,2023-01-04 20:00:00,1
402,Cala Major_2022,2203,2196,2.8001447,3.0,2023-01-05 08:00:00,1
403,Cala Major_2022,2204,2196,2.9697974,3.0,2023-01-05 09:00:00,1
404,Cala Major_2022,2205,2196,2.8730755,3.0,2023-01-05 10:00:00,1
405,Cala Major_2022,2206,2196,3.0732236,8.0,2023-01-05 12:00:00,1
406,Cala Major_2022,2207,2196,3.0680485,4.0,2023-01-05 13:00:00,1
407,Cala Major_2022,2208,2196,3.0652523,3.0,2023-01-05 14:00:00,1
408,Cala Major_2022,2209,2196,3.1117694,3.0,2023-01-05 15:00:00,1
409,Cala Major_2022,2210,2196,3.1572738,3.0,2023-01-05 16:00:00,1
410,Cala Major_2022,2211,2196,2.9166691,4.0,2023-01-05 17:00:00,1
411,Cala Major_2022,2212,2196,2.2127967,3.0,2023-01-05 18:00:00,1
412,Cala Major_2022,2213,2196,2.1020634,3.0,2023-01-05 19:00:00,1
413,Cala Major_2022,2214,2196,2.10363,3.0,2023-01-05 20:00:00,1
414,Cala Major_2022,2215,2196,2.8298783,3.0,2023-01-06 08:00:00,1
415,Cala Major_2022,2216,2196,2.9138758,3.0,2023-01-06 09:00:00,1
416,Cala Major_2022,2217,2196,2.832524,3.0,2023-01-06 10:00:00,1
417,Cala Major_2022,2218,2196,2.9556026,3.0,2023-01-06 11:00:00,1
418,Cala Major_2022,2219,2196,3.000064,3.0,2023-01-06 12:00:00,1
419,Cala Major_2022,2220,2196,2.9789114,9.0,2023-01-06 13:00:00,1
420,Cala Major_2022,2221,2196,2.9801157,3.0,2023-01-06 14:00:00,1
421,Cala Major_2022,2222,2196,2.9973085,3.0,2023-01-06 15:00:00,1
422,Cala Major_2022,2223,2196,3.0031838,3.0,2023-01-06 16:00:00,1
423,Cala Major_2022,2224,2196,2.7318563,3.0,2023-01-06 17:00:00,1
424,Cala Major_2022,2225,2196,2.1512928,3.0,2023-01-06 18:00:00,1
425,Cala Major_2022,2226,2196,2.112424,2.0,2023-01-06 19:00:00,1
426,Cala Major_2022,2227,2196,2.1085382,3.0,2023-01-06 20:00:00,1
427,Cala Major_2022,2228,2196,2.8184764,3.0,2023-01-07 08:00:00,1
428,Cala Major_2022,2229,2196,2.8456373,3.0,2023-01-07 09:00:00,1
429,Cala Major_2022,2230,2196,2.8052309,3.0,2023-01-07 10:00:00,1
430,Cala Major_2022,2231,2196,2.972394,2.0,2023-01-07 11:00:00,1
431,Cala Major_2022,2232,2196,3.0331576,3.0,2023-01-07 12:00:00,1
432,Cala Major_2022,2233,2232,3.1375985,3.0,2023-01-07 13:00:00,1
433,Cala Major_2022,2234,2232,3.1060843,3.0,2023-01-07 14:00:00,1
434,Cala Major_2022,2235,2232,3.0087588,3.0,2023-01-07 15:00:00,1
435,Cala Major_2022,2236,2232,2.9650826,3.0,2023-01-07 16:00:00,1
436,Cala Major_2022,2237,2232,3.044898,4.0,2023-01-07 17:00:00,1
437,Cala Major_2022,2238,2232,2.8556185,3.0,2023-01-07 18:00:00,1
438,Cala Major_2022,2239,2232,2.3627725,3.0,2023-01-07 19:00:00,1
439,Cala Major_2022,2240,2232,2.3529491,2.0,2023-01-07 20:00:00,1
440,Cala Major_2022,2241,2232,2.8222437,2.0,2023-01-08 08:00:00,1
441,Cala Major_2022,2242,2232,2.903154,2.0,2023-01-08 09:00:00,1
442,Cala Major_2022,2243,2232,2.9031842,3.0,2023-01-08 10:00:00,1
443,Cala Major_2022,2244,2232,2.9105866,2.0,2023-01-08 11:00:00,1
444,Cala Major_2022,2245,2232,2.9722486,4.0,2023-01-08 12:00:00,1
445,Cala Major_2022,2246,2232,3.0121598,6.0,2023-01-08 13:00:00,1
446,Cala Major_2022,2247,2232,2.9861233,2.0,2023-01-08 14:00:00,1
447,Cala Major_2022,2248,2232,2.9203966,2.0,2023-01-08 15:00:00,1
448,Cala Major_2022,2249,2232,2.9176824,2.0,2023-01-08 16:00:00,1
449,Cala Major_2022,2250,2232,2.9717507,2.0,2023-01-08 17:00:00,1
450,Cala Major_2022,2251,2232,2.77287,2.0,2023-01-08 18:00:00,1
451,Cala Major_2022,2252,2232,2.4270525,2.0,2023-01-08 19:00:00,1
452,Cala Major_2022,2253,2232,2.3588274,3.0,2023-01-08 20:00:00,1
453,Cala Major_2022,2254,2232,2.712704,3.0,2023-01-09 08:00:00,1
454,Cala Major_2022,2255,2232,2.8266933,2.0,2023-01-09 09:00:00,1
455,Cala Major_2022,2256,2232,2.8315973,4.0,2023-01-09 10:00:00,1
456,Cala Major_2022,2257,2232,2.8217306,3.0,2023-01-09 11:00:00,1
457,Cala Major_2022,2258,2232,2.856732,4.0,2023-01-09 12:00:00,1
458,Cala Major_2022,2259,2232,2.8730094,3.0,2023-01-09 13:00:00,1
459,Cala Major_2022,2260,2232,2.8836424,3.0,2023-01-09 14:00:00,1
460,Cala Major_2022,2261,2232,2.807778,3.0,2023-01-09 15:00:00,1
461,Cala Major_2022,2262,2232,2.8073907,4.0,2023-01-09 16:00:00,1
462,Cala Major_2022,2263,2232,2.8820496,4.0,2023-01-09 17:00:00,1
463,Cala Major_2022,2264,2232,2.7085023,3.0,2023-01-09 18:00:00,1
464,Cala Major_2022,2265,2232,2.3493721,3.0,2023-01-09 19:00:00,1
465,Cala Major_2022,2266,2232,2.3935592,3.0,2023-01-09 20:00:00,1
466,Cala Major_2022,2267,2232,2.7630515,3.0,2023-01-10 08:00:00,1
467,Cala Major_2022,2268,2232,2.8468716,3.0,2023-01-10 09:00:00,1
468,Cala Major_2022,2269,2268,2.5267444,4.0,2023-01-10 10:00:00,1
469,Cala Major_2022,2270,2268,2.7168262,3.0,2023-01-10 11:00:00,1
470,Cala Major_2022,2271,2268,3.027904,3.0,2023-01-10 12:00:00,1
471,Cala Major_2022,2272,2268,3.167923,3.0,2023-01-10 13:00:00,1
472,Cala Major_2022,2273,2268,3.0970812,3.0,2023-01-10 14:00:00,1
473,Cala Major_2022,2274,2268,2.915884,3.0,2023-01-10 15:00:00,1
474,Cala Major_2022,2275,2268,2.8241236,3.0,2023-01-10 16:00:00,1
475,Cala Major_2022,2276,2268,2.4767196,3.0,2023-01-10 17:00:00,1
476,Cala Major_2022,2277,2268,2.2776043,3.0,2023-01-10 18:00:00,1
477,Cala Major_2022,2278,2268,2.277757,3.0,2023-01-10 19:00:00,1
478,Cala Major_2022,2279,2268,2.2074676,3.0,2023-01-10 20:00:00,1
479,Cala Major_2022,2280,2268,2.50753,3.0,2023-01-11 08:00:00,1
480,Cala Major_2022,2281,2268,2.5333126,3.0,2023-01-11 09:00:00,1
481,Cala Major_2022,2282,2268,2.7016149,3.0,2023-01-11 10:00:00,1
482,Cala Major_2022,2283,2268,3.1680808,3.0,2023-01-11 11:00:00,1
483,Cala Major_2022,2284,2268,3.5746903,5.0,2023-01-11 12:00:00,1
484,Cala Major_2022,2285,2268,3.552218,5.0,2023-01-11 13:00:00,1
485,Cala Major_2022,2286,2268,3.3400183,3.0,2023-01-11 14:00:00,1
486,Cala Major_2022,2287,2268,3.0332618,3.0,2023-01-11 15:00:00,1
487,Cala Major_2022,2288,2268,2.73451,3.0,2023-01-11 16:00:00,1
488,Cala Major_2022,2289,2268,2.2817001,4.0,2023-01-11 17:00:00,1
489,Cala Major_2022,2290,2268,2.232549,3.0,2023-01-11 18:00:00,1
490,Cala Major_2022,2291,2268,2.2880187,3.0,2023-01-11 19:00:00,1
491,Cala Major_2022,2292,2268,2.4621782,3.0,2023-01-12 08:00:00,1
492,Cala Major_2022,2293,2268,2.4598284,2.0,2023-01-12 09:00:00,1
493,Cala Major_2022,2294,2268,2.5108428,4.0,2023-01-12 10:00:00,1
494,Cala Major_2022,2295,2268,2.7402074,4.0,2023-01-12 11:00:00,1
495,Cala Major_2022,2296,2268,3.050499,4.0,2023-01-12 12:00:00,1
496,Cala Major_2022,2297,2268,3.1572235,3.0,2023-01-12 13:00:00,1
497,Cala Major_2022,2298,2268,3.243758,3.0,2023-01-12 14:00:00,1
498,Cala Major_2022,2299,2268,2.9439006,4.0,2023-01-12 16:00:00,1
499,Cala Major_2022,2300,2268,2.5153272,3.0,2023-01-12 17:00:00,1
500,Cala Major_2022,2301,2268,2.2820573,3.0,2023-01-12 18:00:00,1
501,Cala Major_2022,2302,2268,2.282004,3.0,2023-01-12 19:00:00,1
502,Cala Major_2022,2303,2268,2.2024274,3.0,2023-01-12 20:00:00,1
503,Cala Major_2022,2304,2268,2.4606805,2.0,2023-01-13 08:00:00,1
504,Cala Major_2022,2305,2304,2.490896,2.0,2023-01-13 09:00:00,1
505,Cala Major_2022,2306,2304,2.9039621,3.0,2023-01-13 10:00:00,1
506,Cala Major_2022,2307,2304,3.1644473,4.0,2023-01-13 11:00:00,1
507,Cala Major_2022,2308,2304,3.123921,3.0,2023-01-13 12:00:00,1
508,Cala Major_2022,2309,2304,3.0326831,3.0,2023-01-13 13:00:00,1
509,Cala Major_2022,2310,2304,3.0103989,3.0,2023-01-13 14:00:00,1
510,Cala Major_2022,2311,2304,2.7400436,3.0,2023-01-16 08:00:00,1
511,Cala Major_2022,2312,2304,2.6925104,2.0,2023-01-16 09:00:00,1
512,Cala Major_2022,2313,2304,2.7014725,2.0,2023-01-16 10:00:00,1
513,Cala Major_2022,2314,2304,2.7822807,2.0,2023-01-16 11:00:00,1
514,Cala Major_2022,2315,2304,2.7942884,2.0,2023-01-16 12:00:00,1
515,Cala Major_2022,2316,2304,2.8074915,2.0,2023-01-16 13:00:00,1
516,Cala Major_2022,2317,2304,2.8015673,3.0,2023-01-16 14:00:00,1
517,Cala Major_2022,2318,2304,2.80634,3.0,2023-01-16 15:00:00,1
518,Cala Major_2022,2319,2304,2.88886,3.0,2023-01-16 16:00:00,1
519,Cala Major_2022,2320,2304,2.8762536,2.0,2023-01-16 17:00:00,1
520,Cala Major_2022,2321,2304,2.816686,6.0,2023-01-16 18:00:00,1
521,Cala Major_2022,2322,2304,2.8291132,3.0,2023-01-16 19:00:00,1
522,Cala Major_2022,2323,2304,2.803799,3.0,2023-01-16 20:00:00,1
523,Cala Major_2022,2324,2304,2.4232256,2.0,2023-01-17 08:00:00,1
524,Cala Major_2022,2325,2304,2.560735,2.0,2023-01-17 09:00:00,1
525,Cala Major_2022,2326,2304,2.8492372,2.0,2023-01-17 10:00:00,1
526,Cala Major_2022,2327,2304,2.9476068,3.0,2023-01-17 11:00:00,1
527,Cala Major_2022,2328,2304,3.0057778,3.0,2023-01-17 12:00:00,1
528,Cala Major_2022,2329,2304,2.7534828,3.0,2023-01-25 13:00:00,1
529,Cala Major_2022,2330,2304,2.7602215,2.0,2023-01-25 14:00:00,1
530,Cala Major_2022,2331,2304,2.766377,3.0,2023-01-25 15:00:00,1
531,Cala Major_2022,2332,2304,2.7974894,3.0,2023-01-25 16:00:00,1
532,Cala Major_2022,2333,2304,2.800768,3.0,2023-01-25 17:00:00,1
533,Cala Major_2022,2334,2304,2.7717686,3.0,2023-01-25 20:00:00,1
534,Cala Major_2022,2335,2304,2.4269092,3.0,2023-01-26 09:00:00,1
535,Cala Major_2022,2336,2304,2.510834,2.0,2023-01-26 10:00:00,1
536,Cala Major_2022,2337,2304,2.71601,3.0,2023-01-26 12:00:00,1
537,Cala Major_2022,2338,2304,2.7878404,3.0,2023-01-26 15:00:00,1
538,Cala Major_2022,2339,2304,2.8542128,2.0,2023-01-26 16:00:00,1
539,Cala Major_2022,2340,2304,2.8175943,2.0,2023-01-26 17:00:00,1
540,Cala Vedella_2022,1852,1851,5.591775,12.0,2023-01-10 18:00:00,1
541,Cala Vedella_2022,1853,1851,2.1255023,2.0,2023-01-10 19:00:00,1
542,Cala Vedella_2022,1854,1851,2.026186,2.0,2023-01-10 20:00:00,1
543,Cala Vedella_2022,1855,1851,3.6301687,4.0,2023-01-11 09:00:00,1
544,Cala Vedella_2022,1856,1851,4.1125755,5.0,2023-01-11 10:00:00,1
545,Cala Vedella_2022,1857,1851,4.07048,5.0,2023-01-11 11:00:00,1
546,Cala Vedella_2022,1858,1851,3.5607886,3.0,2023-01-11 12:00:00,1
547,Cala Vedella_2022,1859,1851,3.5692086,2.0,2023-01-11 13:00:00,1
548,Cala Vedella_2022,1860,1851,3.802001,2.0,2023-01-11 14:00:00,1
549,Cala Vedella_2022,1861,1851,3.8893151,2.0,2023-01-11 15:00:00,1
550,Cala Vedella_2022,1862,1851,6.9459662,7.0,2023-01-11 17:00:00,1
551,Cala Vedella_2022,1863,1851,6.287186,2.0,2023-01-11 18:00:00,1
552,Cala Vedella_2022,1864,1851,2.0525334,2.0,2023-01-11 19:00:00,1
553,Cala Vedella_2022,1865,1851,2.0437489,2.0,2023-01-11 20:00:00,1
554,Cala Vedella_2022,1866,1851,3.3745418,2.0,2023-01-12 09:00:00,1
555,Cala Vedella_2022,1867,1851,3.6972961,2.0,2023-01-12 10:00:00,1
556,Cala Vedella_2022,1868,1851,4.027211,2.0,2023-01-12 11:00:00,1
557,Cala Vedella_2022,1869,1851,3.63034,2.0,2023-01-12 12:00:00,1
558,Cala Vedella_2022,1870,1851,3.8462343,2.0,2023-01-12 13:00:00,1
559,Cala Vedella_2022,1871,1851,4.1018066,2.0,2023-01-12 14:00:00,1
560,Cala Vedella_2022,1872,1851,4.0521574,2.0,2023-01-12 15:00:00,1
561,Cala Vedella_2022,1873,1851,6.8105855,10.0,2023-01-12 17:00:00,1
562,Cala Vedella_2022,1874,1851,5.8598194,7.0,2023-01-12 18:00:00,1
563,Cala Vedella_2022,1875,1851,2.0581865,2.0,2023-01-12 19:00:00,1
564,Cala Vedella_2022,1876,1851,2.0278633,2.0,2023-01-12 20:00:00,1
565,Cala Vedella_2022,1877,1851,2.7369375,2.0,2023-01-13 08:00:00,1
566,Cala Vedella_2022,1878,1851,2.7146823,2.0,2023-01-13 09:00:00,1
567,Cala Vedella_2022,1879,1851,3.1350994,2.0,2023-01-13 10:00:00,1
568,Cala Vedella_2022,1880,1851,3.225767,4.0,2023-01-13 11:00:00,1
569,Cala Vedella_2022,1881,1851,3.2410212,4.0,2023-01-13 12:00:00,1
570,Cala Vedella_2022,1882,1851,3.4362679,4.0,2023-01-13 13:00:00,1
571,Cala Vedella_2022,1883,1851,3.43313,2.0,2023-01-13 14:00:00,1
572,Cala Vedella_2022,1884,1851,3.4642477,2.0,2023-01-13 15:00:00,1
573,Cala Vedella_2022,1885,1851,6.027558,2.0,2023-01-13 17:00:00,1
574,Cala Vedella_2022,1886,1851,3.7122054,23.0,2023-01-13 18:00:00,1
575,Cala Vedella_2022,1887,1851,2.0459714,2.0,2023-01-13 19:00:00,1
576,Cala Vedella_2022,1888,1887,1.9867326,2.0,2023-01-13 20:00:00,1
577,Cala Vedella_2022,1889,1887,2.6141381,2.0,2023-01-14 08:00:00,1
578,Cala Vedella_2022,1890,1887,2.4455073,5.0,2023-01-14 09:00:00,1
579,Cala Vedella_2022,1891,1887,2.3473759,3.0,2023-01-14 10:00:00,1
580,Cala Vedella_2022,1892,1887,2.610609,4.0,2023-01-14 11:00:00,1
581,Cala Vedella_2022,1893,1887,2.6918874,7.0,2023-01-14 12:00:00,1
582,Cala Vedella_2022,1894,1887,2.7392616,4.0,2023-01-14 13:00:00,1
583,Cala Vedella_2022,1895,1887,2.7647057,2.0,2023-01-14 14:00:00,1
584,Cala Vedella_2022,1896,1887,2.774884,7.0,2023-01-14 15:00:00,1
585,Cala Vedella_2022,1897,1887,3.2385106,3.0,2023-01-14 16:00:00,1
586,Cala Vedella_2022,1898,1887,4.8226814,2.0,2023-01-14 17:00:00,1
587,Cala Vedella_2022,1899,1887,6.1266513,4.0,2023-01-14 18:00:00,1
588,Cala Vedella_2022,1900,1887,2.053735,2.0,2023-01-14 19:00:00,1
589,Cala Vedella_2022,1901,1887,1.9959825,2.0,2023-01-14 20:00:00,1
590,Cala Vedella_2022,1902,1887,2.77048,4.0,2023-01-15 09:00:00,1
591,Cala Vedella_2022,1903,1887,2.7748637,2.0,2023-01-15 10:00:00,1
592,Cala Vedella_2022,1904,1887,2.846244,2.0,2023-01-15 11:00:00,1
593,Cala Vedella_2022,1905,1887,2.953096,3.0,2023-01-15 12:00:00,1
594,Cala Vedella_2022,1906,1887,2.6799216,4.0,2023-01-15 13:00:00,1
595,Cala Vedella_2022,1907,1887,2.692358,6.0,2023-01-15 14:00:00,1
596,Cala Vedella_2022,1908,1887,2.672041,5.0,2023-01-15 15:00:00,1
597,Cala Vedella_2022,1909,1887,4.581381,5.0,2023-01-15 17:00:00,1
598,Cala Vedella_2022,1910,1887,6.62176,2.0,2023-01-15 18:00:00,1
599,Cala Vedella_2022,1911,1887,2.0931334,2.0,2023-01-15 19:00:00,1
600,Cala Vedella_2022,1912,1887,2.0390005,2.0,2023-01-15 20:00:00,1
601,Cala Vedella_2022,1913,1887,2.6638596,2.0,2023-01-16 09:00:00,1
602,Cala Vedella_2022,1914,1887,2.5055158,3.0,2023-01-16 10:00:00,1
603,Cala Vedella_2022,1915,1887,2.4896266,2.0,2023-01-16 11:00:00,1
604,Cala Vedella_2022,1916,1887,2.4808707,4.0,2023-01-16 12:00:00,1
605,Cala Vedella_2022,1917,1887,2.4592674,2.0,2023-01-16 13:00:00,1
606,Cala Vedella_2022,1918,1887,2.4163017,3.0,2023-01-16 14:00:00,1
607,Cala Vedella_2022,1919,1887,2.4316776,3.0,2023-01-16 15:00:00,1
608,Cala Vedella_2022,1920,1887,3.9433324,2.0,2023-01-16 17:00:00,1
609,Cala Vedella_2022,1921,1887,3.9626381,2.0,2023-01-16 18:00:00,1
610,Cala Vedella_2022,1922,1887,2.0019999,3.0,2023-01-16 19:00:00,1
611,Cala Vedella_2022,1923,1887,2.000555,2.0,2023-01-16 20:00:00,1
612,Cala Vedella_2022,1924,1923,2.2016988,2.0,2023-01-17 08:00:00,1
613,Cala Vedella_2022,1925,1923,2.3286302,2.0,2023-01-17 09:00:00,1
614,Cala Vedella_2022,1926,1923,2.5711365,3.0,2023-01-17 10:00:00,1
615,Cala Vedella_2022,1927,1923,2.6240969,3.0,2023-01-17 11:00:00,1
616,Cala Vedella_2022,1928,1923,2.7512727,3.0,2023-01-17 12:00:00,1
617,Cala Vedella_2022,1929,1923,2.8883328,3.0,2023-01-17 13:00:00,1
618,Cala Vedella_2022,1930,1923,2.7404509,3.0,2023-01-17 14:00:00,1
619,Cala Vedella_2022,1931,1923,2.6987312,3.0,2023-01-17 15:00:00,1
620,Cala Vedella_2022,1932,1923,2.5128963,3.0,2023-01-17 16:00:00,1
621,Cala Vedella_2022,1933,1923,2.1897926,2.0,2023-01-17 17:00:00,1
622,Cala Vedella_2022,1934,1923,2.158727,2.0,2023-01-17 18:00:00,1
623,Cala Vedella_2022,1935,1923,2.0504637,2.0,2023-01-17 19:00:00,1
624,Cala Vedella_2022,1936,1923,1.9315784,2.0,2023-01-17 20:00:00,1
625,Cala Vedella_2022,1937,1923,2.2848933,2.0,2023-01-18 08:00:00,1
626,Cala Vedella_2022,1938,1923,2.5589142,2.0,2023-01-18 09:00:00,1
627,Cala Vedella_2022,1939,1923,2.6359444,3.0,2023-01-18 10:00:00,1
628,Cala Vedella_2022,1940,1923,2.5658796,3.0,2023-01-18 11:00:00,1
629,Cala Vedella_2022,1941,1923,2.4339895,3.0,2023-01-18 12:00:00,1
630,Cala Vedella_2022,1942,1923,2.4120035,3.0,2023-01-18 13:00:00,1
631,Cala Vedella_2022,1943,1923,2.537536,3.0,2023-01-18 14:00:00,1
632,Cala Vedella_2022,1944,1923,2.408915,3.0,2023-01-18 15:00:00,1
633,Cala Vedella_2022,1945,1923,2.062269,2.0,2023-01-18 17:00:00,1
634,Cala Vedella_2022,1946,1923,2.0453753,2.0,2023-01-18 18:00:00,1
635,Cala Vedella_2022,1947,1923,1.9500352,2.0,2023-01-18 19:00:00,1
636,Cala Vedella_2022,1948,1923,1.9079651,2.0,2023-01-18 20:00:00,1
637,Cala Vedella_2022,1949,1923,2.4575827,2.0,2023-01-19 08:00:00,1
638,Cala Vedella_2022,1950,1923,2.583053,2.0,2023-01-19 09:00:00,1
639,Cala Vedella_2022,1951,1923,2.8540773,3.0,2023-01-19 10:00:00,1
640,Cala Vedella_2022,1952,1923,3.1794572,3.0,2023-01-19 11:00:00,1
641,Cala Vedella_2022,1953,1923,3.3472223,3.0,2023-01-19 12:00:00,1
642,Cala Vedella_2022,1954,1923,3.2370508,3.0,2023-01-19 13:00:00,1
643,Cala Vedella_2022,1955,1923,3.1030953,3.0,2023-01-19 14:00:00,1
644,Cala Vedella_2022,1956,1923,3.0014324,3.0,2023-01-19 15:00:00,1
645,Cala Vedella_2022,1957,1923,2.3285716,2.0,2023-01-19 17:00:00,1
646,Cala Vedella_2022,1958,1923,2.100291,2.0,2023-01-19 18:00:00,1
647,Cala Vedella_2022,1959,1923,2.0009525,2.0,2023-01-19 19:00:00,1
648,Cala Vedella_2022,1960,1959,1.9946994,2.0,2023-01-19 20:00:00,1
649,Cala Vedella_2022,1961,1959,2.0209515,2.0,2023-01-20 08:00:00,1
650,Cala Vedella_2022,1962,1959,2.1276937,3.0,2023-01-20 09:00:00,1
651,Cala Vedella_2022,1963,1959,2.4659343,2.0,2023-01-20 10:00:00,1
652,Cala Vedella_2022,1964,1959,2.6695533,4.0,2023-01-20 11:00:00,1
653,Cala Vedella_2022,1965,1959,2.7737865,2.0,2023-01-20 12:00:00,1
654,Cala Vedella_2022,1966,1959,2.803024,3.0,2023-01-20 13:00:00,1
655,Cala Vedella_2022,1967,1959,2.983692,3.0,2023-01-20 14:00:00,1
656,Cala Vedella_2022,1968,1959,2.9880943,3.0,2023-01-20 15:00:00,1
657,Cala Vedella_2022,1969,1959,2.226701,2.0,2023-01-20 16:00:00,1
658,Cala Vedella_2022,1970,1959,2.0050225,2.0,2023-01-20 17:00:00,1
659,Cala Vedella_2022,1971,1959,1.997967,2.0,2023-01-20 18:00:00,1
660,Cala Vedella_2022,1972,1959,1.9991921,2.0,2023-01-20 19:00:00,1
661,Cala Vedella_2022,1973,1959,2.0021374,2.0,2023-01-20 20:00:00,1
662,Cala Vedella_2022,1974,1959,2.0208495,3.0,2023-01-21 09:00:00,1
663,Cala Vedella_2022,1975,1959,2.0382648,3.0,2023-01-21 10:00:00,1
664,Cala Vedella_2022,1976,1959,2.2270052,3.0,2023-01-21 11:00:00,1
665,Cala Vedella_2022,1977,1959,2.3959136,5.0,2023-01-21 12:00:00,1
666,Cala Vedella_2022,1978,1959,2.4064906,4.0,2023-01-21 13:00:00,1
667,Cala Vedella_2022,1979,1959,2.4632046,3.0,2023-01-21 14:00:00,1
668,Cala Vedella_2022,1980,1959,2.633039,3.0,2023-01-21 15:00:00,1
669,Cala Vedella_2022,1981,1959,1.9951072,2.0,2023-01-21 17:00:00,1
670,Cala Vedella_2022,1982,1959,1.9940891,2.0,2023-01-21 18:00:00,1
671,Cala Vedella_2022,1983,1959,1.9960504,2.0,2023-01-21 19:00:00,1
672,Cala Vedella_2022,1984,1959,1.9933658,2.0,2023-01-21 20:00:00,1
673,Cala Vedella_2022,1985,1959,2.0232658,3.0,2023-01-22 08:00:00,1
674,Cala Vedella_2022,1986,1959,2.0466402,2.0,2023-01-22 09:00:00,1
675,Cala Vedella_2022,1987,1959,2.2943842,2.0,2023-01-22 10:00:00,1
676,Cala Vedella_2022,1988,1959,2.5120277,3.0,2023-01-22 11:00:00,1
677,Cala Vedella_2022,1989,1959,2.6869974,4.0,2023-01-22 12:00:00,1
678,Cala Vedella_2022,1990,1959,2.765871,3.0,2023-01-22 13:00:00,1
679,Cala Vedella_2022,1991,1959,2.930552,6.0,2023-01-22 14:00:00,1
680,Cala Vedella_2022,1992,1959,3.0000997,2.0,2023-01-22 15:00:00,1
681,Cala Vedella_2022,1993,1959,2.3568294,2.0,2023-01-22 16:00:00,1
682,Cala Vedella_2022,1994,1959,2.015687,2.0,2023-01-22 17:00:00,1
683,Cala Vedella_2022,1995,1959,2.0078945,2.0,2023-01-22 18:00:00,1
684,Cala Vedella_2022,1996,1995,1.9680943,2.0,2023-01-22 19:00:00,1
685,Cala Vedella_2022,1997,1995,1.9581304,2.0,2023-01-22 20:00:00,1
686,Cala Vedella_2022,1998,1995,2.183299,3.0,2023-01-23 08:00:00,1
687,Cala Vedella_2022,1999,1995,2.1540086,2.0,2023-01-23 09:00:00,1
688,Cala Vedella_2022,2000,1995,2.2035952,2.0,2023-01-23 10:00:00,1
689,Cala Vedella_2022,2001,1995,2.4241843,3.0,2023-01-23 11:00:00,1
690,Cala Vedella_2022,2002,1995,2.984034,3.0,2023-01-23 12:00:00,1
691,Cala Vedella_2022,2003,1995,3.0109305,3.0,2023-01-23 13:00:00,1
692,Cala Vedella_2022,2004,1995,2.788926,3.0,2023-01-23 14:00:00,1
693,Cala Vedella_2022,2005,1995,2.4316316,2.0,2023-01-23 15:00:00,1
694,Cala Vedella_2022,2006,1995,1.9975568,3.0,2023-01-23 17:00:00,1
695,Cala Vedella_2022,2007,1995,1.9820629,3.0,2023-01-23 18:00:00,1
696,Cala Vedella_2022,2008,1995,1.9834181,2.0,2023-01-23 19:00:00,1
697,Cala Vedella_2022,2009,1995,1.9843451,2.0,2023-01-23 20:00:00,1
698,Cala Vedella_2022,2010,1995,2.4355,2.0,2023-01-24 08:00:00,1
699,Cala Vedella_2022,2011,1995,2.413972,2.0,2023-01-24 09:00:00,1
700,Cala Vedella_2022,2012,1995,3.051703,3.0,2023-01-24 10:00:00,1
701,Cala Vedella_2022,2013,1995,3.6003895,3.0,2023-01-24 11:00:00,1
702,Cala Vedella_2022,2014,1995,3.2855604,2.0,2023-01-24 12:00:00,1
703,Cala Vedella_2022,2015,1995,3.2012234,2.0,2023-01-24 13:00:00,1
704,Cala Vedella_2022,2016,1995,2.9456105,2.0,2023-01-24 14:00:00,1
705,Cala Vedella_2022,2017,1995,2.5093026,3.0,2023-01-24 15:00:00,1
706,Cala Vedella_2022,2018,1995,2.0091596,4.0,2023-01-24 17:00:00,1
707,Cala Vedella_2022,2019,1995,1.987966,5.0,2023-01-24 18:00:00,1
708,Cala Vedella_2022,2020,1995,1.9868766,2.0,2023-01-24 19:00:00,1
709,Cala Vedella_2022,2021,1995,1.9862993,2.0,2023-01-24 20:00:00,1
710,Cala Vedella_2022,2022,1995,2.2077048,3.0,2023-01-25 10:00:00,1
711,Cala Vedella_2022,2023,1995,2.8031151,3.0,2023-01-25 13:00:00,1
712,Cala Vedella_2022,2024,1995,2.779272,3.0,2023-01-25 14:00:00,1
713,Cala Vedella_2022,2025,1995,2.462336,3.0,2023-01-25 15:00:00,1
714,Cala Vedella_2022,2026,1995,2.0149543,3.0,2023-01-25 17:00:00,1
715,Cala Vedella_2022,2027,1995,2.0052774,3.0,2023-01-25 18:00:00,1
716,Cala Vedella_2022,2028,1995,1.9777277,2.0,2023-01-25 20:00:00,1
717,Cala Vedella_2022,2029,1995,2.3758342,2.0,2023-01-26 09:00:00,1
718,Cala Vedella_2022,2030,1995,3.5709996,7.0,2023-01-26 13:00:00,1
719,Cala Vedella_2022,2031,1995,2.0387092,2.0,2023-01-26 17:00:00,1
720,Camp de Mar_2022,988,987,2.9746866,3.0,2022-12-04 20:00:00,12
721,Camp de Mar_2022,989,987,3.031944,3.0,2022-12-05 08:00:00,12
722,Camp de Mar_2022,990,987,3.0801308,6.0,2022-12-05 09:00:00,12
723,Camp de Mar_2022,991,987,3.0389922,3.0,2022-12-05 10:00:00,12
724,Camp de Mar_2022,992,987,3.0269697,3.0,2022-12-05 11:00:00,12
725,Camp de Mar_2022,993,987,3.0520203,3.0,2022-12-05 12:00:00,12
726,Camp de Mar_2022,994,987,3.1005163,3.0,2022-12-05 13:00:00,12
727,Camp de Mar_2022,995,987,3.0979378,3.0,2022-12-05 14:00:00,12
728,Camp de Mar_2022,996,987,3.2344313,3.0,2022-12-05 15:00:00,12
729,Camp de Mar_2022,997,987,3.1459002,3.0,2022-12-05 16:00:00,12
730,Camp de Mar_2022,998,987,3.007262,3.0,2022-12-05 17:00:00,12
731,Camp de Mar_2022,999,987,3.2689223,3.0,2022-12-05 18:00:00,12
732,Camp de Mar_2022,1000,987,3.0017061,3.0,2022-12-05 19:00:00,12
733,Camp de Mar_2022,1001,987,2.9920616,4.0,2022-12-05 20:00:00,12
734,Camp de Mar_2022,1002,987,3.0190675,3.0,2022-12-06 08:00:00,12
735,Camp de Mar_2022,1003,987,3.0446522,3.0,2022-12-06 09:00:00,12
736,Camp de Mar_2022,1004,987,3.0448885,3.0,2022-12-06 10:00:00,12
737,Camp de Mar_2022,1005,987,3.030646,3.0,2022-12-06 11:00:00,12
738,Camp de Mar_2022,1006,987,3.101508,4.0,2022-12-06 12:00:00,12
739,Camp de Mar_2022,1007,987,3.3177521,3.0,2022-12-06 13:00:00,12
740,Camp de Mar_2022,1008,987,3.303481,3.0,2022-12-06 14:00:00,12
741,Camp de Mar_2022,1009,987,3.1377172,3.0,2022-12-06 15:00:00,12
742,Camp de Mar_2022,1010,987,3.0739338,3.0,2022-12-06 16:00:00,12
743,Camp de Mar_2022,1011,987,3.0185785,3.0,2022-12-06 17:00:00,12
744,Camp de Mar_2022,1012,987,3.1353388,3.0,2022-12-06 18:00:00,12
745,Camp de Mar_2022,1013,987,3.0041385,4.0,2022-12-06 19:00:00,12
746,Camp de Mar_2022,1014,987,2.9951751,4.0,2022-12-06 20:00:00,12
747,Camp de Mar_2022,1015,987,3.0127633,3.0,2022-12-07 08:00:00,12
748,Camp de Mar_2022,1016,987,3.0356824,4.0,2022-12-07 09:00:00,12
749,Camp de Mar_2022,1017,987,3.0202801,3.0,2022-12-07 10:00:00,12
750,Camp de Mar_2022,1018,987,3.0098698,4.0,2022-12-07 11:00:00,12
751,Camp de Mar_2022,1019,987,3.0115967,4.0,2022-12-07 12:00:00,12
752,Camp de Mar_2022,1020,987,3.0190775,3.0,2022-12-07 13:00:00,12
753,Camp de Mar_2022,1021,987,3.0172489,3.0,2022-12-07 14:00:00,12
754,Camp de Mar_2022,1022,987,3.0107265,3.0,2022-12-07 15:00:00,12
755,Camp de Mar_2022,1023,987,3.0046163,3.0,2022-12-07 16:00:00,12
756,Camp de Mar_2022,1024,1023,2.9727957,4.0,2022-12-07 17:00:00,12
757,Camp de Mar_2022,1025,1023,3.0075347,3.0,2022-12-08 09:00:00,12
758,Camp de Mar_2022,1026,1023,3.0220594,3.0,2022-12-08 10:00:00,12
759,Camp de Mar_2022,1027,1023,3.0381045,3.0,2022-12-08 11:00:00,12
760,Camp de Mar_2022,1028,1023,3.0411825,3.0,2022-12-08 12:00:00,12
761,Camp de Mar_2022,1029,1023,3.025496,3.0,2022-12-08 13:00:00,12
762,Camp de Mar_2022,1030,1023,3.0092168,3.0,2022-12-08 14:00:00,12
763,Camp de Mar_2022,1031,1023,2.9953861,3.0,2022-12-08 15:00:00,12
764,Camp de Mar_2022,1032,1023,3.0071542,3.0,2022-12-09 14:00:00,12
765,Camp de Mar_2022,1033,1023,2.994967,3.0,2022-12-09 15:00:00,12
766,Camp de Mar_2022,1034,1023,2.9876964,3.0,2022-12-09 16:00:00,12
767,Camp de Mar_2022,1035,1023,2.9863608,3.0,2022-12-09 17:00:00,12
768,Camp de Mar_2022,1036,1023,2.9946568,4.0,2022-12-09 18:00:00,12
769,Camp de Mar_2022,1037,1023,3.025994,3.0,2022-12-09 19:00:00,12
770,Camp de Mar_2022,1038,1023,3.0161903,4.0,2022-12-10 09:00:00,12
771,Camp de Mar_2022,1039,1023,3.0055377,4.0,2022-12-10 10:00:00,12
772,Camp de Mar_2022,1040,1023,3.053244,3.0,2022-12-10 11:00:00,12
773,Camp de Mar_2022,1041,1023,3.0490508,3.0,2022-12-10 12:00:00,12
774,Camp de Mar_2022,1042,1023,3.032398,3.0,2022-12-10 13:00:00,12
775,Camp de Mar_2022,1043,1023,3.023896,3.0,2022-12-10 14:00:00,12
776,Camp de Mar_2022,1044,1023,3.007219,8.0,2022-12-10 15:00:00,12
777,Camp de Mar_2022,1045,1023,2.9856474,12.0,2022-12-10 16:00:00,12
778,Camp de Mar_2022,1046,1023,2.9925504,3.0,2022-12-10 17:00:00,12
779,Camp de Mar_2022,1047,1023,2.9995458,3.0,2022-12-10 18:00:00,12
780,Camp de Mar_2022,1048,1023,3.0227313,4.0,2022-12-10 19:00:00,12
781,Camp de Mar_2022,1049,1023,3.0132086,3.0,2022-12-10 20:00:00,12
782,Camp de Mar_2022,1050,1023,3.0002656,3.0,2022-12-11 08:00:00,12
783,Camp de Mar_2022,1051,1023,3.0142787,4.0,2022-12-11 09:00:00,12
784,Camp de Mar_2022,1052,1023,3.0299864,3.0,2022-12-11 10:00:00,12
785,Camp de Mar_2022,1053,1023,3.0299683,3.0,2022-12-11 11:00:00,12
786,Camp de Mar_2022,1054,1023,3.0167348,3.0,2022-12-11 12:00:00,12
787,Camp de Mar_2022,1055,1023,3.0090995,4.0,2022-12-11 13:00:00,12
788,Camp de Mar_2022,1056,1023,3.0094292,3.0,2022-12-11 14:00:00,12
789,Camp de Mar_2022,1057,1023,2.9980936,5.0,2022-12-11 15:00:00,12
790,Camp de Mar_2022,1058,1023,2.9904494,3.0,2022-12-11 16:00:00,12
791,Camp de Mar_2022,1059,1023,2.9928775,3.0,2022-12-11 17:00:00,12
792,Camp de Mar_2022,1060,1059,3.0604792,3.0,2022-12-11 18:00:00,12
793,Camp de Mar_2022,1061,1059,3.1517408,3.0,2022-12-11 19:00:00,12
794,Camp de Mar_2022,1062,1059,3.1947107,3.0,2022-12-13 10:00:00,12
795,Camp de Mar_2022,1063,1059,3.1536098,3.0,2022-12-13 11:00:00,12
796,Camp de Mar_2022,1064,1059,3.1397417,3.0,2022-12-13 12:00:00,12
797,Camp de Mar_2022,1065,1059,3.114267,3.0,2022-12-13 13:00:00,12
798,Camp de Mar_2022,1066,1059,3.0850155,3.0,2022-12-13 14:00:00,12
799,Camp de Mar_2022,1067,1059,3.0469522,5.0,2022-12-13 15:00:00,12
800,Camp de Mar_2022,1068,1059,2.99375,3.0,2022-12-13 16:00:00,12
801,Camp de Mar_2022,1069,1059,3.005133,5.0,2022-12-13 17:00:00,12
802,Camp de Mar_2022,1070,1059,3.061942,4.0,2022-12-13 18:00:00,12
803,Camp de Mar_2022,1071,1059,3.2897427,3.0,2022-12-13 19:00:00,12
804,Camp de Mar_2022,1072,1059,3.1674633,4.0,2022-12-13 20:00:00,12
805,Camp de Mar_2022,1073,1059,3.3367877,4.0,2022-12-14 08:00:00,12
806,Camp de Mar_2022,1074,1059,3.3104053,5.0,2022-12-14 09:00:00,12
807,Camp de Mar_2022,1075,1059,3.2320669,4.0,2022-12-14 10:00:00,12
808,Camp de Mar_2022,1076,1059,3.1616864,4.0,2022-12-14 11:00:00,12
809,Camp de Mar_2022,1077,1059,3.1188486,4.0,2022-12-14 12:00:00,12
810,Camp de Mar_2022,1078,1059,3.099994,3.0,2022-12-14 13:00:00,12
811,Camp de Mar_2022,1079,1059,3.0840755,3.0,2022-12-14 14:00:00,12
812,Camp de Mar_2022,1080,1059,3.053959,3.0,2022-12-14 15:00:00,12
813,Camp de Mar_2022,1081,1059,3.0054882,3.0,2022-12-14 16:00:00,12
814,Camp de Mar_2022,1082,1059,3.011636,3.0,2022-12-14 17:00:00,12
815,Camp de Mar_2022,1083,1059,3.0516355,3.0,2022-12-14 18:00:00,12
816,Camp de Mar_2022,1084,1059,3.2706237,5.0,2022-12-14 19:00:00,12
817,Camp de Mar_2022,1085,1059,3.1670628,4.0,2022-12-14 20:00:00,12
818,Camp de Mar_2022,1086,1059,3.3048992,4.0,2022-12-15 09:00:00,12
819,Camp de Mar_2022,1087,1059,3.2307224,6.0,2022-12-15 10:00:00,12
820,Camp de Mar_2022,1088,1059,3.2020667,11.0,2022-12-15 11:00:00,12
821,Camp de Mar_2022,1089,1059,3.1820097,3.0,2022-12-15 12:00:00,12
822,Camp de Mar_2022,1090,1059,3.0987563,3.0,2022-12-19 15:00:00,12
823,Camp de Mar_2022,1091,1059,3.0403216,3.0,2022-12-19 16:00:00,12
824,Camp de Mar_2022,1092,1059,3.0352392,3.0,2022-12-19 17:00:00,12
825,Camp de Mar_2022,1093,1059,3.0517328,3.0,2022-12-19 18:00:00,12
826,Camp de Mar_2022,1094,1059,3.311596,3.0,2022-12-19 19:00:00,12
827,Camp de Mar_2022,1095,1059,3.1428266,4.0,2022-12-19 20:00:00,12
828,Camp de Mar_2022,1096,1095,3.7347243,4.0,2022-12-20 08:00:00,12
829,Camp de Mar_2022,1097,1095,3.7197757,3.0,2022-12-20 09:00:00,12
830,Camp de Mar_2022,1098,1095,3.6623273,6.0,2022-12-20 10:00:00,12
831,Camp de Mar_2022,1099,1095,3.5540137,3.0,2022-12-20 11:00:00,12
832,Camp de Mar_2022,1100,1095,3.457736,3.0,2022-12-20 12:00:00,12
833,Camp de Mar_2022,1101,1095,3.3769345,3.0,2022-12-20 13:00:00,12
834,Camp de Mar_2022,1102,1095,3.2763095,3.0,2022-12-20 14:00:00,12
835,Camp de Mar_2022,1103,1095,3.1597772,4.0,2022-12-20 15:00:00,12
836,Camp de Mar_2022,1104,1095,3.060966,9.0,2022-12-20 16:00:00,12
837,Camp de Mar_2022,1105,1095,3.1408224,3.0,2022-12-20 17:00:00,12
838,Camp de Mar_2022,1106,1095,3.2667341,3.0,2022-12-20 18:00:00,12
839,Camp de Mar_2022,1107,1095,3.2262144,4.0,2022-12-20 19:00:00,12
840,Camp de Mar_2022,1108,1095,3.1289122,4.0,2022-12-20 20:00:00,12
841,Camp de Mar_2022,1109,1095,4.1252117,4.0,2022-12-21 08:00:00,12
842,Camp de Mar_2022,1110,1095,4.331318,4.0,2022-12-21 09:00:00,12
843,Camp de Mar_2022,1111,1095,3.8726473,4.0,2022-12-21 10:00:00,12
844,Camp de Mar_2022,1112,1095,3.5653265,3.0,2022-12-21 11:00:00,12
845,Camp de Mar_2022,1113,1095,3.5272517,8.0,2022-12-21 12:00:00,12
846,Camp de Mar_2022,1114,1095,3.3677087,5.0,2022-12-21 13:00:00,12
847,Camp de Mar_2022,1115,1095,3.2543013,3.0,2022-12-21 14:00:00,12
848,Camp de Mar_2022,1116,1095,3.0592632,3.0,2022-12-21 15:00:00,12
849,Camp de Mar_2022,1117,1095,3.0083044,10.0,2022-12-21 16:00:00,12
850,Camp de Mar_2022,1118,1095,3.0422463,3.0,2022-12-21 17:00:00,12
851,Camp de Mar_2022,1119,1095,3.1229372,3.0,2022-12-21 18:00:00,12
852,Camp de Mar_2022,1120,1095,3.16527,4.0,2022-12-21 19:00:00,12
853,Camp de Mar_2022,1121,1095,3.0840137,4.0,2022-12-21 20:00:00,12
854,Camp de Mar_2022,1122,1095,4.116746,3.0,2022-12-22 08:00:00,12
855,Camp de Mar_2022,1123,1095,4.6958804,3.0,2022-12-22 09:00:00,12
856,Camp de Mar_2022,1124,1095,4.1926236,3.0,2022-12-22 10:00:00,12
857,Camp de Mar_2022,1125,1095,3.8553429,8.0,2022-12-22 11:00:00,12
858,Camp de Mar_2022,1126,1095,3.307146,9.0,2022-12-22 13:00:00,12
859,Camp de Mar_2022,1127,1095,3.1292286,4.0,2022-12-22 14:00:00,12
860,Camp de Mar_2022,1128,1095,3.0688565,3.0,2022-12-22 15:00:00,12
861,Camp de Mar_2022,1129,1095,3.0269084,3.0,2022-12-22 16:00:00,12
862,Camp de Mar_2022,1130,1095,3.1350727,4.0,2022-12-22 17:00:00,12
863,Camp de Mar_2022,1131,1095,3.22643,5.0,2022-12-22 18:00:00,12
864,Camp de Mar_2022,1132,1131,4.1033354,3.0,2022-12-22 19:00:00,12
865,Camp de Mar_2022,1133,1131,4.013718,4.0,2022-12-22 20:00:00,12
866,Camp de Mar_2022,1134,1131,3.4135149,3.0,2022-12-23 08:00:00,12
867,Camp de Mar_2022,1135,1131,3.525115,3.0,2022-12-23 09:00:00,12
868,Camp de Mar_2022,1136,1131,3.5302231,8.0,2022-12-23 10:00:00,12
869,Camp de Mar_2022,1137,1131,3.3778327,15.0,2022-12-23 11:00:00,12
870,Camp de Mar_2022,1138,1131,3.25332,8.0,2022-12-23 12:00:00,12
871,Camp de Mar_2022,1139,1131,3.241265,3.0,2022-12-23 13:00:00,12
872,Camp de Mar_2022,1140,1131,3.214937,3.0,2022-12-23 14:00:00,12
873,Camp de Mar_2022,1141,1131,3.1783211,3.0,2022-12-23 15:00:00,12
874,Camp de Mar_2022,1142,1131,3.1432393,8.0,2022-12-23 16:00:00,12
875,Camp de Mar_2022,1143,1131,3.1563265,3.0,2022-12-23 17:00:00,12
876,Camp de Mar_2022,1144,1131,3.2495742,3.0,2022-12-23 18:00:00,12
877,Camp de Mar_2022,1145,1131,3.99088,6.0,2022-12-23 19:00:00,12
878,Camp de Mar_2022,1146,1131,4.0023613,4.0,2022-12-23 20:00:00,12
879,Camp de Mar_2022,1147,1131,3.3798943,4.0,2022-12-24 08:00:00,12
880,Camp de Mar_2022,1148,1131,3.3943024,3.0,2022-12-24 09:00:00,12
881,Camp de Mar_2022,1149,1131,3.3526108,3.0,2022-12-24 10:00:00,12
882,Camp de Mar_2022,1150,1131,3.1383653,5.0,2022-12-24 16:00:00,12
883,Camp de Mar_2022,1151,1131,3.1784358,3.0,2022-12-24 17:00:00,12
884,Camp de Mar_2022,1152,1131,3.2003407,3.0,2022-12-24 18:00:00,12
885,Camp de Mar_2022,1153,1131,3.962397,6.0,2022-12-24 19:00:00,12
886,Camp de Mar_2022,1154,1131,3.9768157,7.0,2022-12-24 20:00:00,12
887,Camp de Mar_2022,1155,1131,3.432603,3.0,2022-12-25 08:00:00,12
888,Camp de Mar_2022,1156,1131,3.6269164,3.0,2022-12-25 09:00:00,12
889,Camp de Mar_2022,1157,1131,3.7826786,3.0,2022-12-25 10:00:00,12
890,Camp de Mar_2022,1158,1131,3.4351735,3.0,2023-01-24 11:00:00,1
891,Camp de Mar_2022,1159,1131,3.315981,3.0,2023-01-24 12:00:00,1
892,Camp de Mar_2022,1160,1131,3.431553,3.0,2023-01-24 18:00:00,1
893,Camp de Mar_2022,1161,1131,3.7770839,4.0,2023-01-24 19:00:00,1
894,Camp de Mar_2022,1162,1131,3.7761972,4.0,2023-01-24 20:00:00,1
895,Camp de Mar_2022,1163,1131,3.2918248,3.0,2023-01-25 08:00:00,1
896,Camp de Mar_2022,1164,1131,3.355408,2.0,2023-01-25 13:00:00,1
897,Camp de Mar_2022,1165,1131,3.2058601,3.0,2023-01-25 14:00:00,1
898,Camp de Mar_2022,1166,1131,3.1519408,3.0,2023-01-25 16:00:00,1
899,Camp de Mar_2022,1167,1131,3.8271632,4.0,2023-01-25 20:00:00,1
900,La Savina_2022,2011,2010,2.0381718,10.0,2023-01-12 08:00:00,1
901,La Savina_2022,2012,2010,2.0589325,4.0,2023-01-12 09:00:00,1
902,La Savina_2022,2013,2010,2.0139108,2.0,2023-01-12 10:00:00,1
903,La Savina_2022,2014,2010,1.9610337,2.0,2023-01-12 11:00:00,1
904,La Savina_2022,2015,2010,1.9175386,3.0,2023-01-12 12:00:00,1
905,La Savina_2022,2016,2010,1.8916469,2.0,2023-01-12 13:00:00,1
906,La Savina_2022,2017,2010,1.8864634,3.0,2023-01-12 14:00:00,1
907,La Savina_2022,2018,2010,1.9186394,5.0,2023-01-12 15:00:00,1
908,La Savina_2022,2019,2010,1.9436505,2.0,2023-01-12 17:00:00,1
909,La Savina_2022,2020,2010,2.1825604,2.0,2023-01-12 18:00:00,1
910,La Savina_2022,2021,2010,2.8304875,3.0,2023-01-12 19:00:00,1
911,La Savina_2022,2022,2010,2.8749151,3.0,2023-01-12 20:00:00,1
912,La Savina_2022,2023,2010,1.9436464,2.0,2023-01-13 08:00:00,1
913,La Savina_2022,2024,2010,2.0306802,4.0,2023-01-13 09:00:00,1
914,La Savina_2022,2025,2010,2.0054617,2.0,2023-01-13 10:00:00,1
915,La Savina_2022,2026,2010,1.942081,2.0,2023-01-13 11:00:00,1
916,La Savina_2022,2027,2010,1.8920058,4.0,2023-01-13 12:00:00,1
917,La Savina_2022,2028,2010,1.8712785,2.0,2023-01-13 13:00:00,1
918,La Savina_2022,2029,2010,1.8639991,5.0,2023-01-13 14:00:00,1
919,La Savina_2022,2030,2010,1.8851051,2.0,2023-01-13 15:00:00,1
920,La Savina_2022,2031,2010,1.9198165,2.0,2023-01-13 16:00:00,1
921,La Savina_2022,2032,2010,1.9285097,2.0,2023-01-13 17:00:00,1
922,La Savina_2022,2033,2010,2.3553658,3.0,2023-01-13 18:00:00,1
923,La Savina_2022,2034,2010,2.7948952,3.0,2023-01-13 19:00:00,1
924,La Savina_2022,2035,2010,2.86874,3.0,2023-01-13 20:00:00,1
925,La Savina_2022,2036,2010,1.9392061,2.0,2023-01-14 08:00:00,1
926,La Savina_2022,2037,2010,2.0003912,2.0,2023-01-14 09:00:00,1
927,La Savina_2022,2038,2010,1.9791951,3.0,2023-01-14 10:00:00,1
928,La Savina_2022,2039,2010,1.9223267,2.0,2023-01-14 11:00:00,1
929,La Savina_2022,2040,2010,1.8836884,2.0,2023-01-14 12:00:00,1
930,La Savina_2022,2041,2010,1.8828669,2.0,2023-01-14 13:00:00,1
931,La Savina_2022,2042,2010,1.8895165,2.0,2023-01-14 14:00:00,1
932,La Savina_2022,2043,2010,1.9192481,2.0,2023-01-14 15:00:00,1
933,La Savina_2022,2044,2010,1.92853,2.0,2023-01-14 16:00:00,1
934,La Savina_2022,2045,2010,1.8953979,2.0,2023-01-14 17:00:00,1
935,La Savina_2022,2046,2010,2.0613334,2.0,2023-01-14 18:00:00,1
936,La Savina_2022,2047,2046,2.5051942,3.0,2023-01-14 19:00:00,1
937,La Savina_2022,2048,2046,2.4816098,3.0,2023-01-14 20:00:00,1
938,La Savina_2022,2049,2046,1.9021263,1.0,2023-01-15 08:00:00,1
939,La Savina_2022,2050,2046,1.9359293,2.0,2023-01-15 09:00:00,1
940,La Savina_2022,2051,2046,1.8739276,2.0,2023-01-15 10:00:00,1
941,La Savina_2022,2052,2046,1.8338085,2.0,2023-01-15 11:00:00,1
942,La Savina_2022,2053,2046,1.8729861,2.0,2023-01-15 12:00:00,1
943,La Savina_2022,2054,2046,1.8167865,2.0,2023-01-15 13:00:00,1
944,La Savina_2022,2055,2046,1.8356028,2.0,2023-01-15 14:00:00,1
945,La Savina_2022,2056,2046,1.8214004,5.0,2023-01-15 15:00:00,1
946,La Savina_2022,2057,2046,1.8150353,2.0,2023-01-15 16:00:00,1
947,La Savina_2022,2058,2046,1.8631811,2.0,2023-01-15 17:00:00,1
948,La Savina_2022,2059,2046,2.0832586,2.0,2023-01-15 18:00:00,1
949,La Savina_2022,2060,2046,2.5454738,3.0,2023-01-15 19:00:00,1
950,La Savina_2022,2061,2046,2.6833606,3.0,2023-01-15 20:00:00,1
951,La Savina_2022,2062,2046,1.828338,2.0,2023-01-16 08:00:00,1
952,La Savina_2022,2063,2046,1.9755516,2.0,2023-01-16 09:00:00,1
953,La Savina_2022,2064,2046,1.9840047,3.0,2023-01-16 10:00:00,1
954,La Savina_2022,2065,2046,1.936093,2.0,2023-01-16 11:00:00,1
955,La Savina_2022,2066,2046,1.8949964,2.0,2023-01-16 12:00:00,1
956,La Savina_2022,2067,2046,1.8596133,2.0,2023-01-16 13:00:00,1
957,La Savina_2022,2068,2046,1.8212471,2.0,2023-01-16 14:00:00,1
958,La Savina_2022,2069,2046,1.7981306,2.0,2023-01-16 15:00:00,1
959,La Savina_2022,2070,2046,1.7781725,2.0,2023-01-16 16:00:00,1
960,La Savina_2022,2071,2046,1.8354518,2.0,2023-01-16 17:00:00,1
961,La Savina_2022,2072,2046,2.094792,1.0,2023-01-16 18:00:00,1
962,La Savina_2022,2073,2046,2.5218377,3.0,2023-01-16 19:00:00,1
963,La Savina_2022,2074,2046,2.591339,3.0,2023-01-16 20:00:00,1
964,La Savina_2022,2075,2046,1.8680601,2.0,2023-01-17 08:00:00,1
965,La Savina_2022,2076,2046,1.9444097,2.0,2023-01-17 09:00:00,1
966,La Savina_2022,2077,2046,1.9066272,2.0,2023-01-17 10:00:00,1
967,La Savina_2022,2078,2046,1.8480678,2.0,2023-01-17 11:00:00,1
968,La Savina_2022,2079,2046,1.8010674,2.0,2023-01-17 12:00:00,1
969,La Savina_2022,2080,2046,1.7952962,2.0,2023-01-17 13:00:00,1
970,La Savina_2022,2081,2046,1.7553958,1.0,2023-01-17 14:00:00,1
971,La Savina_2022,2082,2046,1.7320013,6.0,2023-01-17 15:00:00,1
972,La Savina_2022,2083,2082,1.9600401,2.0,2023-01-17 17:00:00,1
973,La Savina_2022,2084,2082,1.8834088,6.0,2023-01-17 18:00:00,1
974,La Savina_2022,2085,2082,2.4392917,3.0,2023-01-17 19:00:00,1
975,La Savina_2022,2086,2082,2.81609,3.0,2023-01-17 20:00:00,1
976,La Savina_2022,2087,2082,1.7665647,2.0,2023-01-18 08:00:00,1
977,La Savina_2022,2088,2082,1.8928111,2.0,2023-01-18 09:00:00,1
978,La Savina_2022,2089,2082,1.925799,2.0,2023-01-18 10:00:00,1
979,La Savina_2022,2090,2082,1.8771832,2.0,2023-01-18 11:00:00,1
980,La Savina_2022,2091,2082,1.8423078,2.0,2023-01-18 12:00:00,1
981,La Savina_2022,2092,2082,1.8141993,2.0,2023-01-18 13:00:00,1
982,La Savina_2022,2093,2082,1.7857599,2.0,2023-01-18 14:00:00,1
983,La Savina_2022,2094,2082,1.77193,2.0,2023-01-18 15:00:00,1
984,La Savina_2022,2095,2082,1.7832327,2.0,2023-01-18 16:00:00,1
985,La Savina_2022,2096,2082,1.8342271,1.0,2023-01-18 17:00:00,1
986,La Savina_2022,2097,2082,2.036471,2.0,2023-01-18 18:00:00,1
987,La Savina_2022,2098,2082,2.5116425,3.0,2023-01-18 19:00:00,1
988,La Savina_2022,2099,2082,2.7557602,3.0,2023-01-18 20:00:00,1
989,La Savina_2022,2100,2082,1.8270535,2.0,2023-01-19 08:00:00,1
990,La Savina_2022,2101,2082,1.9343174,2.0,2023-01-19 09:00:00,1
991,La Savina_2022,2102,2082,1.9469302,2.0,2023-01-19 10:00:00,1
992,La Savina_2022,2103,2082,1.9073908,2.0,2023-01-19 11:00:00,1
993,La Savina_2022,2104,2082,1.8719324,2.0,2023-01-19 12:00:00,1
994,La Savina_2022,2105,2082,1.8470194,2.0,2023-01-19 13:00:00,1
995,La Savina_2022,2106,2082,1.827193,2.0,2023-01-19 14:00:00,1
996,La Savina_2022,2107,2082,1.8214357,2.0,2023-01-19 15:00:00,1
997,La Savina_2022,2108,2082,1.8225532,2.0,2023-01-19 16:00:00,1
998,La Savina_2022,2109,2082,1.8576443,2.0,2023-01-19 17:00:00,1
999,La Savina_2022,2110,2082,2.0022595,1.0,2023-01-19 18:00:00,1
1000,La Savina_2022,2111,2082,2.5247865,3.0,2023-01-19 19:00:00,1
1001,La Savina_2022,2112,2082,2.7881103,3.0,2023-01-19 20:00:00,1
1002,La Savina_2022,2113,2082,1.9198489,1.0,2023-01-20 08:00:00,1
1003,La Savina_2022,2114,2082,2.0157375,2.0,2023-01-20 09:00:00,1
1004,La Savina_2022,2115,2082,1.9606512,2.0,2023-01-20 10:00:00,1
1005,La Savina_2022,2116,2082,1.9122627,2.0,2023-01-20 11:00:00,1
1006,La Savina_2022,2117,2082,1.8744619,2.0,2023-01-20 12:00:00,1
1007,La Savina_2022,2118,2082,1.8526131,1.0,2023-01-20 13:00:00,1
1008,La Savina_2022,2119,2118,1.7346479,1.0,2023-01-20 14:00:00,1
1009,La Savina_2022,2120,2118,1.7593012,1.0,2023-01-20 15:00:00,1
1010,La Savina_2022,2121,2118,1.8173214,2.0,2023-01-20 16:00:00,1
1011,La Savina_2022,2122,2118,1.9568663,2.0,2023-01-20 17:00:00,1
1012,La Savina_2022,2123,2118,2.23672,2.0,2023-01-20 18:00:00,1
1013,La Savina_2022,2124,2118,2.6334019,3.0,2023-01-20 19:00:00,1
1014,La Savina_2022,2125,2118,2.7217593,3.0,2023-01-20 20:00:00,1
1015,La Savina_2022,2126,2118,1.7748983,2.0,2023-01-21 08:00:00,1
1016,La Savina_2022,2127,2118,1.8333347,2.0,2023-01-21 09:00:00,1
1017,La Savina_2022,2128,2118,1.8600732,2.0,2023-01-21 10:00:00,1
1018,La Savina_2022,2129,2118,1.8549154,2.0,2023-01-21 11:00:00,1
1019,La Savina_2022,2130,2118,1.8282136,2.0,2023-01-21 12:00:00,1
1020,La Savina_2022,2131,2118,1.8205513,2.0,2023-01-21 13:00:00,1
1021,La Savina_2022,2132,2118,1.7933848,2.0,2023-01-21 14:00:00,1
1022,La Savina_2022,2133,2118,1.7775025,2.0,2023-01-21 15:00:00,1
1023,La Savina_2022,2134,2118,1.8747373,2.0,2023-01-21 17:00:00,1
1024,La Savina_2022,2135,2118,1.9876757,1.0,2023-01-21 18:00:00,1
1025,La Savina_2022,2136,2118,2.4590921,3.0,2023-01-21 19:00:00,1
1026,La Savina_2022,2137,2118,2.6639328,3.0,2023-01-21 20:00:00,1
1027,La Savina_2022,2138,2118,1.7941804,2.0,2023-01-22 08:00:00,1
1028,La Savina_2022,2139,2118,1.8766356,1.0,2023-01-22 09:00:00,1
1029,La Savina_2022,2140,2118,1.8793335,1.0,2023-01-22 10:00:00,1
1030,La Savina_2022,2141,2118,1.8785644,1.0,2023-01-22 11:00:00,1
1031,La Savina_2022,2142,2118,1.8590734,2.0,2023-01-22 12:00:00,1
1032,La Savina_2022,2143,2118,1.8363966,1.0,2023-01-22 13:00:00,1
1033,La Savina_2022,2144,2118,1.8413584,2.0,2023-01-22 14:00:00,1
1034,La Savina_2022,2145,2118,1.8288324,2.0,2023-01-22 15:00:00,1
1035,La Savina_2022,2146,2118,1.834517,2.0,2023-01-22 16:00:00,1
1036,La Savina_2022,2147,2118,1.9228141,2.0,2023-01-22 17:00:00,1
1037,La Savina_2022,2148,2118,2.041852,2.0,2023-01-22 18:00:00,1
1038,La Savina_2022,2149,2118,2.5620153,3.0,2023-01-22 19:00:00,1
1039,La Savina_2022,2150,2118,2.7189093,3.0,2023-01-22 20:00:00,1
1040,La Savina_2022,2151,2118,1.788604,2.0,2023-01-23 08:00:00,1
1041,La Savina_2022,2152,2118,1.8549998,3.0,2023-01-23 09:00:00,1
1042,La Savina_2022,2153,2118,1.8717796,2.0,2023-01-23 10:00:00,1
1043,La Savina_2022,2154,2118,1.8652945,3.0,2023-01-23 11:00:00,1
1044,La Savina_2022,2155,2154,2.134205,2.0,2023-01-23 12:00:00,1
1045,La Savina_2022,2156,2154,2.106319,2.0,2023-01-23 13:00:00,1
1046,La Savina_2022,2157,2154,2.04512,2.0,2023-01-23 14:00:00,1
1047,La Savina_2022,2158,2154,1.9792655,2.0,2023-01-23 15:00:00,1
1048,La Savina_2022,2159,2154,1.9441152,2.0,2023-01-23 16:00:00,1
1049,La Savina_2022,2160,2154,1.9551756,2.0,2023-01-23 17:00:00,1
1050,La Savina_2022,2161,2154,2.023081,2.0,2023-01-23 18:00:00,1
1051,La Savina_2022,2162,2154,2.395771,3.0,2023-01-23 19:00:00,1
1052,La Savina_2022,2163,2154,2.6174436,3.0,2023-01-23 20:00:00,1
1053,La Savina_2022,2164,2154,1.9239271,3.0,2023-01-24 08:00:00,1
1054,La Savina_2022,2165,2154,2.0292735,2.0,2023-01-24 09:00:00,1
1055,La Savina_2022,2166,2154,2.0843415,2.0,2023-01-24 10:00:00,1
1056,La Savina_2022,2167,2154,2.0918806,2.0,2023-01-24 11:00:00,1
1057,La Savina_2022,2168,2154,2.0726335,2.0,2023-01-24 12:00:00,1
1058,La Savina_2022,2169,2154,2.0327983,1.0,2023-01-24 13:00:00,1
1059,La Savina_2022,2170,2154,1.9981836,1.0,2023-01-24 14:00:00,1
1060,La Savina_2022,2171,2154,1.9434869,2.0,2023-01-24 15:00:00,1
1061,La Savina_2022,2172,2154,1.9334242,2.0,2023-01-24 16:00:00,1
1062,La Savina_2022,2173,2154,1.9673767,2.0,2023-01-24 17:00:00,1
1063,La Savina_2022,2174,2154,2.1608868,2.0,2023-01-24 18:00:00,1
1064,La Savina_2022,2175,2154,2.498392,3.0,2023-01-24 19:00:00,1
1065,La Savina_2022,2176,2154,2.5772028,3.0,2023-01-24 20:00:00,1
1066,La Savina_2022,2177,2154,1.7303238,2.0,2023-01-25 08:00:00,1
1067,La Savina_2022,2178,2154,1.9385078,2.0,2023-01-25 09:00:00,1
1068,La Savina_2022,2179,2154,2.05867,2.0,2023-01-25 10:00:00,1
1069,La Savina_2022,2180,2154,2.0689254,3.0,2023-01-25 11:00:00,1
1070,La Savina_2022,2181,2154,2.0170894,2.0,2023-01-25 13:00:00,1
1071,La Savina_2022,2182,2154,1.9689445,2.0,2023-01-25 14:00:00,1
1072,La Savina_2022,2183,2154,1.9186444,3.0,2023-01-25 15:00:00,1
1073,La Savina_2022,2184,2154,1.91015,2.0,2023-01-25 16:00:00,1
1074,La Savina_2022,2185,2154,1.9591938,2.0,2023-01-25 17:00:00,1
1075,La Savina_2022,2186,2154,2.189344,2.0,2023-01-25 18:00:00,1
1076,La Savina_2022,2187,2154,2.5489488,3.0,2023-01-25 19:00:00,1
1077,La Savina_2022,2188,2154,2.6245728,3.0,2023-01-25 20:00:00,1
1078,La Savina_2022,2189,2154,1.9108901,7.0,2023-01-26 13:00:00,1
1079,La Savina_2022,2190,2154,2.0586448,2.0,2023-01-26 14:00:00,1
1080,Marina_2022,1911,1910,33.403526,38.0,2023-01-11 18:00:00,1
1081,Marina_2022,1912,1910,31.469624,38.0,2023-01-11 19:00:00,1
1082,Marina_2022,1913,1910,31.421432,38.0,2023-01-11 20:00:00,1
1083,Marina_2022,1914,1910,28.95026,38.0,2023-01-12 08:00:00,1
1084,Marina_2022,1915,1910,26.822205,34.0,2023-01-12 09:00:00,1
1085,Marina_2022,1916,1910,25.162094,34.0,2023-01-12 10:00:00,1
1086,Marina_2022,1917,1910,22.571142,29.0,2023-01-12 11:00:00,1
1087,Marina_2022,1918,1910,22.083435,18.0,2023-01-12 12:00:00,1
1088,Marina_2022,1919,1910,23.691195,33.0,2023-01-12 13:00:00,1
1089,Marina_2022,1920,1910,27.048317,69.0,2023-01-12 14:00:00,1
1090,Marina_2022,1921,1910,29.260674,27.0,2023-01-12 15:00:00,1
1091,Marina_2022,1922,1910,31.189663,19.0,2023-01-12 16:00:00,1
1092,Marina_2022,1923,1910,33.48393,33.0,2023-01-12 17:00:00,1
1093,Marina_2022,1924,1910,34.03344,34.0,2023-01-12 18:00:00,1
1094,Marina_2022,1925,1910,31.643715,34.0,2023-01-12 19:00:00,1
1095,Marina_2022,1926,1910,31.807995,34.0,2023-01-12 20:00:00,1
1096,Marina_2022,1927,1910,27.581837,34.0,2023-01-13 08:00:00,1
1097,Marina_2022,1928,1910,25.775696,29.0,2023-01-13 09:00:00,1
1098,Marina_2022,1929,1910,23.839813,33.0,2023-01-13 10:00:00,1
1099,Marina_2022,1930,1910,22.414791,33.0,2023-01-13 11:00:00,1
1100,Marina_2022,1931,1910,22.635572,31.0,2023-01-13 12:00:00,1
1101,Marina_2022,1932,1910,23.896946,35.0,2023-01-13 13:00:00,1
1102,Marina_2022,1933,1910,25.23509,25.0,2023-01-13 14:00:00,1
1103,Marina_2022,1934,1910,26.72715,30.0,2023-01-13 15:00:00,1
1104,Marina_2022,1935,1910,28.350239,26.0,2023-01-13 16:00:00,1
1105,Marina_2022,1936,1910,30.850922,41.0,2023-01-13 17:00:00,1
1106,Marina_2022,1937,1910,33.522156,39.0,2023-01-13 18:00:00,1
1107,Marina_2022,1938,1910,31.454515,39.0,2023-01-13 19:00:00,1
1108,Marina_2022,1939,1910,31.795135,39.0,2023-01-13 20:00:00,1
1109,Marina_2022,1940,1910,27.45673,39.0,2023-01-14 08:00:00,1
1110,Marina_2022,1941,1910,24.965542,31.0,2023-01-14 09:00:00,1
1111,Marina_2022,1942,1910,23.795536,28.0,2023-01-14 10:00:00,1
1112,Marina_2022,1943,1910,22.685272,27.0,2023-01-14 11:00:00,1
1113,Marina_2022,1944,1910,22.886257,20.0,2023-01-14 12:00:00,1
1114,Marina_2022,1945,1910,23.880909,32.0,2023-01-14 13:00:00,1
1115,Marina_2022,1946,1910,25.391659,31.0,2023-01-14 14:00:00,1
1116,Marina_2022,1947,1946,25.678833,31.0,2023-01-14 15:00:00,1
1117,Marina_2022,1948,1946,26.949574,37.0,2023-01-14 16:00:00,1
1118,Marina_2022,1949,1946,33.898365,48.0,2023-01-14 17:00:00,1
1119,Marina_2022,1950,1946,37.54318,34.0,2023-01-14 18:00:00,1
1120,Marina_2022,1951,1946,34.979965,34.0,2023-01-14 19:00:00,1
1121,Marina_2022,1952,1946,33.593918,34.0,2023-01-14 20:00:00,1
1122,Marina_2022,1953,1946,31.272896,34.0,2023-01-15 08:00:00,1
1123,Marina_2022,1954,1946,28.829021,16.0,2023-01-15 09:00:00,1
1124,Marina_2022,1955,1946,26.68343,28.0,2023-01-15 10:00:00,1
1125,Marina_2022,1956,1946,24.56456,28.0,2023-01-15 11:00:00,1
1126,Marina_2022,1957,1946,24.013617,34.0,2023-01-15 12:00:00,1
1127,Marina_2022,1958,1946,24.29152,28.0,2023-01-15 13:00:00,1
1128,Marina_2022,1959,1946,24.56988,37.0,2023-01-15 14:00:00,1
1129,Marina_2022,1960,1946,24.419271,27.0,2023-01-15 15:00:00,1
1130,Marina_2022,1961,1946,26.003304,33.0,2023-01-15 16:00:00,1
1131,Marina_2022,1962,1946,32.999954,40.0,2023-01-15 17:00:00,1
1132,Marina_2022,1963,1946,36.106613,37.0,2023-01-15 18:00:00,1
1133,Marina_2022,1964,1946,34.398907,37.0,2023-01-15 19:00:00,1
1134,Marina_2022,1965,1946,33.587162,37.0,2023-01-15 20:00:00,1
1135,Marina_2022,1966,1946,29.2747,37.0,2023-01-16 08:00:00,1
1136,Marina_2022,1967,1946,28.051376,15.0,2023-01-16 09:00:00,1
1137,Marina_2022,1968,1946,26.413708,23.0,2023-01-16 10:00:00,1
1138,Marina_2022,1969,1946,24.42273,28.0,2023-01-16 11:00:00,1
1139,Marina_2022,1970,1946,23.657019,27.0,2023-01-16 12:00:00,1
1140,Marina_2022,1971,1946,24.135996,19.0,2023-01-16 13:00:00,1
1141,Marina_2022,1972,1946,24.418867,25.0,2023-01-16 14:00:00,1
1142,Marina_2022,1973,1946,24.346407,24.0,2023-01-16 15:00:00,1
1143,Marina_2022,1974,1946,25.378298,18.0,2023-01-16 16:00:00,1
1144,Marina_2022,1975,1946,32.08458,23.0,2023-01-16 17:00:00,1
1145,Marina_2022,1976,1946,34.659447,39.0,2023-01-16 18:00:00,1
1146,Marina_2022,1977,1946,33.85932,39.0,2023-01-16 19:00:00,1
1147,Marina_2022,1978,1946,33.32373,39.0,2023-01-16 20:00:00,1
1148,Marina_2022,1979,1946,31.906487,39.0,2023-01-17 08:00:00,1
1149,Marina_2022,1980,1946,30.819424,19.0,2023-01-17 09:00:00,1
1150,Marina_2022,1981,1946,26.229084,25.0,2023-01-17 10:00:00,1
1151,Marina_2022,1982,1946,24.38726,23.0,2023-01-17 11:00:00,1
1152,Marina_2022,1983,1982,25.83134,20.0,2023-01-17 12:00:00,1
1153,Marina_2022,1984,1982,25.595646,23.0,2023-01-17 13:00:00,1
1154,Marina_2022,1985,1982,25.378698,23.0,2023-01-17 14:00:00,1
1155,Marina_2022,1986,1982,24.242569,31.0,2023-01-17 15:00:00,1
1156,Marina_2022,1987,1982,24.380707,29.0,2023-01-17 16:00:00,1
1157,Marina_2022,1988,1982,29.709797,27.0,2023-01-17 17:00:00,1
1158,Marina_2022,1989,1982,37.279335,26.0,2023-01-17 18:00:00,1
1159,Marina_2022,1990,1982,37.265186,26.0,2023-01-17 19:00:00,1
1160,Marina_2022,1991,1982,34.435013,26.0,2023-01-17 20:00:00,1
1161,Marina_2022,1992,1982,30.280067,26.0,2023-01-18 08:00:00,1
1162,Marina_2022,1993,1982,26.631512,24.0,2023-01-18 09:00:00,1
1163,Marina_2022,1994,1982,25.814293,26.0,2023-01-18 10:00:00,1
1164,Marina_2022,1995,1982,24.576267,20.0,2023-01-18 11:00:00,1
1165,Marina_2022,1996,1982,24.31814,32.0,2023-01-18 12:00:00,1
1166,Marina_2022,1997,1982,23.932606,26.0,2023-01-18 13:00:00,1
1167,Marina_2022,1998,1982,23.904753,33.0,2023-01-18 14:00:00,1
1168,Marina_2022,1999,1982,23.654392,30.0,2023-01-18 15:00:00,1
1169,Marina_2022,2000,1982,25.120815,21.0,2023-01-18 16:00:00,1
1170,Marina_2022,2001,1982,30.76816,32.0,2023-01-18 17:00:00,1
1171,Marina_2022,2002,1982,35.605843,19.0,2023-01-18 18:00:00,1
1172,Marina_2022,2003,1982,35.62786,19.0,2023-01-18 19:00:00,1
1173,Marina_2022,2004,1982,34.00772,19.0,2023-01-18 20:00:00,1
1174,Marina_2022,2005,1982,29.366623,19.0,2023-01-19 08:00:00,1
1175,Marina_2022,2006,1982,26.558163,20.0,2023-01-19 09:00:00,1
1176,Marina_2022,2007,1982,25.31833,32.0,2023-01-19 10:00:00,1
1177,Marina_2022,2008,1982,24.756012,33.0,2023-01-19 11:00:00,1
1178,Marina_2022,2009,1982,24.702374,20.0,2023-01-19 12:00:00,1
1179,Marina_2022,2010,1982,24.464539,23.0,2023-01-19 13:00:00,1
1180,Marina_2022,2011,1982,24.316933,36.0,2023-01-19 14:00:00,1
1181,Marina_2022,2012,1982,23.958614,33.0,2023-01-19 15:00:00,1
1182,Marina_2022,2013,1982,24.31398,35.0,2023-01-19 16:00:00,1
1183,Marina_2022,2014,1982,30.458454,33.0,2023-01-19 17:00:00,1
1184,Marina_2022,2015,1982,36.896225,34.0,2023-01-19 18:00:00,1
1185,Marina_2022,2016,1982,36.786774,34.0,2023-01-19 19:00:00,1
1186,Marina_2022,2017,1982,34.36698,34.0,2023-01-19 20:00:00,1
1187,Marina_2022,2018,1982,28.726467,34.0,2023-01-20 08:00:00,1
1188,Marina_2022,2019,2018,22.695057,20.0,2023-01-20 09:00:00,1
1189,Marina_2022,2020,2018,24.231802,33.0,2023-01-20 10:00:00,1
1190,Marina_2022,2021,2018,24.623875,33.0,2023-01-20 11:00:00,1
1191,Marina_2022,2022,2018,25.800259,18.0,2023-01-20 12:00:00,1
1192,Marina_2022,2023,2018,29.952318,27.0,2023-01-20 13:00:00,1
1193,Marina_2022,2024,2018,32.001698,19.0,2023-01-20 14:00:00,1
1194,Marina_2022,2025,2018,32.310562,32.0,2023-01-20 15:00:00,1
1195,Marina_2022,2026,2018,32.05616,27.0,2023-01-20 16:00:00,1
1196,Marina_2022,2027,2018,31.281021,27.0,2023-01-20 17:00:00,1
1197,Marina_2022,2028,2018,31.822363,42.0,2023-01-20 18:00:00,1
1198,Marina_2022,2029,2018,31.119884,42.0,2023-01-20 19:00:00,1
1199,Marina_2022,2030,2018,28.299946,42.0,2023-01-20 20:00:00,1
1200,Marina_2022,2031,2018,21.874163,42.0,2023-01-21 08:00:00,1
1201,Marina_2022,2032,2018,21.042397,36.0,2023-01-21 09:00:00,1
1202,Marina_2022,2033,2018,22.95806,13.0,2023-01-21 10:00:00,1
1203,Marina_2022,2034,2018,23.332027,20.0,2023-01-21 11:00:00,1
1204,Marina_2022,2035,2018,26.03506,20.0,2023-01-21 12:00:00,1
1205,Marina_2022,2036,2018,27.378647,23.0,2023-01-21 13:00:00,1
1206,Marina_2022,2037,2018,29.806839,24.0,2023-01-21 14:00:00,1
1207,Marina_2022,2038,2018,28.794285,28.0,2023-01-21 15:00:00,1
1208,Marina_2022,2039,2018,29.342863,28.0,2023-01-21 16:00:00,1
1209,Marina_2022,2040,2018,30.528166,23.0,2023-01-21 17:00:00,1
1210,Marina_2022,2041,2018,30.936672,36.0,2023-01-21 18:00:00,1
1211,Marina_2022,2042,2018,29.366383,36.0,2023-01-21 19:00:00,1
1212,Marina_2022,2043,2018,26.980843,36.0,2023-01-21 20:00:00,1
1213,Marina_2022,2044,2018,21.947613,36.0,2023-01-22 08:00:00,1
1214,Marina_2022,2045,2018,21.894638,28.0,2023-01-22 09:00:00,1
1215,Marina_2022,2046,2018,25.252934,19.0,2023-01-22 10:00:00,1
1216,Marina_2022,2047,2018,27.097107,19.0,2023-01-22 11:00:00,1
1217,Marina_2022,2048,2018,26.263712,20.0,2023-01-22 12:00:00,1
1218,Marina_2022,2049,2018,29.117662,26.0,2023-01-22 13:00:00,1
1219,Marina_2022,2050,2018,30.495358,20.0,2023-01-22 14:00:00,1
1220,Marina_2022,2051,2018,31.9009,24.0,2023-01-22 15:00:00,1
1221,Marina_2022,2052,2018,31.116041,22.0,2023-01-22 16:00:00,1
1222,Marina_2022,2053,2018,32.07252,23.0,2023-01-22 17:00:00,1
1223,Marina_2022,2054,2018,32.669186,24.0,2023-01-22 18:00:00,1
1224,Marina_2022,2055,2054,32.511322,24.0,2023-01-22 19:00:00,1
1225,Marina_2022,2056,2054,32.76218,24.0,2023-01-22 20:00:00,1
1226,Marina_2022,2057,2054,30.099583,24.0,2023-01-23 08:00:00,1
1227,Marina_2022,2058,2054,30.131351,38.0,2023-01-23 09:00:00,1
1228,Marina_2022,2059,2054,29.358313,20.0,2023-01-23 10:00:00,1
1229,Marina_2022,2060,2054,27.100647,22.0,2023-01-23 11:00:00,1
1230,Marina_2022,2061,2054,26.207073,18.0,2023-01-23 12:00:00,1
1231,Marina_2022,2062,2054,26.883753,18.0,2023-01-23 13:00:00,1
1232,Marina_2022,2063,2054,26.91354,23.0,2023-01-23 14:00:00,1
1233,Marina_2022,2064,2054,27.185898,24.0,2023-01-23 15:00:00,1
1234,Marina_2022,2065,2054,26.635387,22.0,2023-01-23 16:00:00,1
1235,Marina_2022,2066,2054,25.893644,24.0,2023-01-23 17:00:00,1
1236,Marina_2022,2067,2054,28.730484,25.0,2023-01-23 18:00:00,1
1237,Marina_2022,2068,2054,31.35694,25.0,2023-01-23 19:00:00,1
1238,Marina_2022,2069,2054,31.460573,25.0,2023-01-23 20:00:00,1
1239,Marina_2022,2070,2054,30.930244,25.0,2023-01-24 08:00:00,1
1240,Marina_2022,2071,2054,31.408606,20.0,2023-01-24 09:00:00,1
1241,Marina_2022,2072,2054,31.095196,18.0,2023-01-24 10:00:00,1
1242,Marina_2022,2073,2054,30.0519,21.0,2023-01-24 11:00:00,1
1243,Marina_2022,2074,2054,28.503048,23.0,2023-01-24 12:00:00,1
1244,Marina_2022,2075,2054,28.639626,23.0,2023-01-24 13:00:00,1
1245,Marina_2022,2076,2054,28.57185,16.0,2023-01-24 14:00:00,1
1246,Marina_2022,2077,2054,28.172848,27.0,2023-01-24 15:00:00,1
1247,Marina_2022,2078,2054,26.7657,22.0,2023-01-24 16:00:00,1
1248,Marina_2022,2079,2054,26.243523,28.0,2023-01-24 17:00:00,1
1249,Marina_2022,2080,2054,29.245838,23.0,2023-01-24 18:00:00,1
1250,Marina_2022,2081,2054,31.972565,23.0,2023-01-24 19:00:00,1
1251,Marina_2022,2082,2054,31.977028,23.0,2023-01-24 20:00:00,1
1252,Marina_2022,2083,2054,30.815212,23.0,2023-01-25 08:00:00,1
1253,Marina_2022,2084,2054,30.177671,19.0,2023-01-25 09:00:00,1
1254,Marina_2022,2085,2054,26.371859,31.0,2023-01-25 13:00:00,1
1255,Marina_2022,2086,2054,26.867819,20.0,2023-01-25 14:00:00,1
1256,Marina_2022,2087,2054,26.848782,30.0,2023-01-25 16:00:00,1
1257,Marina_2022,2088,2054,26.351448,20.0,2023-01-25 17:00:00,1
1258,Marina_2022,2089,2054,31.84636,15.0,2023-01-25 20:00:00,1
1259,Marina_2022,2090,2054,28.098318,20.0,2023-01-26 09:00:00,1
1260,Muro-Sector I_2022,2115,2114,3.5064435,3.0,2023-01-11 17:00:00,1
1261,Muro-Sector I_2022,2116,2114,2.563959,5.0,2023-01-11 18:00:00,1
1262,Muro-Sector I_2022,2117,2114,2.6556027,3.0,2023-01-11 19:00:00,1
1263,Muro-Sector I_2022,2118,2114,2.5854125,15.0,2023-01-11 20:00:00,1
1264,Muro-Sector I_2022,2119,2114,2.7633514,3.0,2023-01-12 08:00:00,1
1265,Muro-Sector I_2022,2120,2114,3.0420628,3.0,2023-01-12 09:00:00,1
1266,Muro-Sector I_2022,2121,2114,3.361443,2.0,2023-01-12 10:00:00,1
1267,Muro-Sector I_2022,2122,2114,3.5711017,3.0,2023-01-12 11:00:00,1
1268,Muro-Sector I_2022,2123,2114,3.5600111,2.0,2023-01-12 12:00:00,1
1269,Muro-Sector I_2022,2124,2114,3.2995734,6.0,2023-01-12 13:00:00,1
1270,Muro-Sector I_2022,2125,2114,3.0137246,3.0,2023-01-12 14:00:00,1
1271,Muro-Sector I_2022,2126,2114,2.8695645,2.0,2023-01-12 15:00:00,1
1272,Muro-Sector I_2022,2127,2114,3.3005638,3.0,2023-01-12 16:00:00,1
1273,Muro-Sector I_2022,2128,2114,4.243449,5.0,2023-01-12 17:00:00,1
1274,Muro-Sector I_2022,2129,2114,2.9268017,6.0,2023-01-12 18:00:00,1
1275,Muro-Sector I_2022,2130,2114,2.848102,4.0,2023-01-12 19:00:00,1
1276,Muro-Sector I_2022,2131,2114,2.6122313,3.0,2023-01-12 20:00:00,1
1277,Muro-Sector I_2022,2132,2114,2.5596347,2.0,2023-01-13 08:00:00,1
1278,Muro-Sector I_2022,2133,2114,3.1209598,3.0,2023-01-13 09:00:00,1
1279,Muro-Sector I_2022,2134,2114,3.448666,3.0,2023-01-13 10:00:00,1
1280,Muro-Sector I_2022,2135,2114,3.6843972,5.0,2023-01-13 11:00:00,1
1281,Muro-Sector I_2022,2136,2114,3.285536,2.0,2023-01-13 12:00:00,1
1282,Muro-Sector I_2022,2137,2114,3.074151,6.0,2023-01-13 13:00:00,1
1283,Muro-Sector I_2022,2138,2114,2.8945258,5.0,2023-01-13 14:00:00,1
1284,Muro-Sector I_2022,2139,2114,2.767587,2.0,2023-01-13 15:00:00,1
1285,Muro-Sector I_2022,2140,2114,2.8578587,3.0,2023-01-13 16:00:00,1
1286,Muro-Sector I_2022,2141,2114,3.0284808,5.0,2023-01-13 17:00:00,1
1287,Muro-Sector I_2022,2142,2114,2.6481376,2.0,2023-01-13 18:00:00,1
1288,Muro-Sector I_2022,2143,2114,2.7864585,3.0,2023-01-13 19:00:00,1
1289,Muro-Sector I_2022,2144,2114,2.6141224,2.0,2023-01-13 20:00:00,1
1290,Muro-Sector I_2022,2145,2114,2.358129,2.0,2023-01-14 08:00:00,1
1291,Muro-Sector I_2022,2146,2114,2.6334584,4.0,2023-01-14 09:00:00,1
1292,Muro-Sector I_2022,2147,2114,2.843101,2.0,2023-01-14 10:00:00,1
1293,Muro-Sector I_2022,2148,2114,3.1261578,48.0,2023-01-14 11:00:00,1
1294,Muro-Sector I_2022,2149,2114,3.3326395,24.0,2023-01-14 12:00:00,1
1295,Muro-Sector I_2022,2150,2114,3.2489364,10.0,2023-01-14 13:00:00,1
1296,Muro-Sector I_2022,2151,2150,3.993694,2.0,2023-01-14 14:00:00,1
1297,Muro-Sector I_2022,2152,2150,3.1865907,3.0,2023-01-14 15:00:00,1
1298,Muro-Sector I_2022,2153,2150,3.1338682,2.0,2023-01-14 16:00:00,1
1299,Muro-Sector I_2022,2154,2150,3.5363097,2.0,2023-01-14 17:00:00,1
1300,Muro-Sector I_2022,2155,2150,3.9123673,2.0,2023-01-14 18:00:00,1
1301,Muro-Sector I_2022,2156,2150,2.8447826,3.0,2023-01-14 19:00:00,1
1302,Muro-Sector I_2022,2157,2150,2.4820054,10.0,2023-01-14 20:00:00,1
1303,Muro-Sector I_2022,2158,2150,2.992712,2.0,2023-01-15 08:00:00,1
1304,Muro-Sector I_2022,2159,2150,2.9734566,7.0,2023-01-15 09:00:00,1
1305,Muro-Sector I_2022,2160,2150,2.92941,2.0,2023-01-15 10:00:00,1
1306,Muro-Sector I_2022,2161,2150,3.1496553,2.0,2023-01-15 11:00:00,1
1307,Muro-Sector I_2022,2162,2150,3.4775481,8.0,2023-01-15 12:00:00,1
1308,Muro-Sector I_2022,2163,2150,3.4646988,4.0,2023-01-15 13:00:00,1
1309,Muro-Sector I_2022,2164,2150,3.2604213,2.0,2023-01-15 14:00:00,1
1310,Muro-Sector I_2022,2165,2150,2.9621496,3.0,2023-01-15 15:00:00,1
1311,Muro-Sector I_2022,2166,2150,3.1735992,2.0,2023-01-15 16:00:00,1
1312,Muro-Sector I_2022,2167,2150,3.615325,2.0,2023-01-15 17:00:00,1
1313,Muro-Sector I_2022,2168,2150,3.847609,2.0,2023-01-15 18:00:00,1
1314,Muro-Sector I_2022,2169,2150,2.8315742,3.0,2023-01-15 19:00:00,1
1315,Muro-Sector I_2022,2170,2150,2.463416,2.0,2023-01-15 20:00:00,1
1316,Muro-Sector I_2022,2171,2150,2.4813206,2.0,2023-01-16 08:00:00,1
1317,Muro-Sector I_2022,2172,2150,2.6128001,5.0,2023-01-16 09:00:00,1
1318,Muro-Sector I_2022,2173,2150,2.7119489,2.0,2023-01-16 10:00:00,1
1319,Muro-Sector I_2022,2174,2150,2.828349,10.0,2023-01-16 11:00:00,1
1320,Muro-Sector I_2022,2175,2150,2.9920843,2.0,2023-01-16 12:00:00,1
1321,Muro-Sector I_2022,2176,2150,3.0245104,6.0,2023-01-16 13:00:00,1
1322,Muro-Sector I_2022,2177,2150,2.9353821,2.0,2023-01-16 14:00:00,1
1323,Muro-Sector I_2022,2178,2150,2.7644048,2.0,2023-01-16 15:00:00,1
1324,Muro-Sector I_2022,2179,2150,2.7938685,2.0,2023-01-16 16:00:00,1
1325,Muro-Sector I_2022,2180,2150,3.1759984,7.0,2023-01-16 17:00:00,1
1326,Muro-Sector I_2022,2181,2150,3.27352,5.0,2023-01-16 18:00:00,1
1327,Muro-Sector I_2022,2182,2150,2.6027339,12.0,2023-01-16 19:00:00,1
1328,Muro-Sector I_2022,2183,2150,2.3727067,2.0,2023-01-16 20:00:00,1
1329,Muro-Sector I_2022,2184,2150,2.855081,3.0,2023-01-17 08:00:00,1
1330,Muro-Sector I_2022,2185,2150,2.880427,3.0,2023-01-17 09:00:00,1
1331,Muro-Sector I_2022,2186,2150,2.8114157,2.0,2023-01-17 10:00:00,1
1332,Muro-Sector I_2022,2187,2186,2.590101,2.0,2023-01-17 11:00:00,1
1333,Muro-Sector I_2022,2188,2186,2.6273823,4.0,2023-01-17 12:00:00,1
1334,Muro-Sector I_2022,2189,2186,2.6253881,3.0,2023-01-17 13:00:00,1
1335,Muro-Sector I_2022,2190,2186,2.5409956,14.0,2023-01-17 14:00:00,1
1336,Muro-Sector I_2022,2191,2186,2.3732178,4.0,2023-01-17 15:00:00,1
1337,Muro-Sector I_2022,2192,2186,2.4911427,5.0,2023-01-17 16:00:00,1
1338,Muro-Sector I_2022,2193,2186,2.826597,2.0,2023-01-17 17:00:00,1
1339,Muro-Sector I_2022,2194,2186,2.6303468,4.0,2023-01-17 18:00:00,1
1340,Muro-Sector I_2022,2195,2186,2.4432158,3.0,2023-01-17 19:00:00,1
1341,Muro-Sector I_2022,2196,2186,2.193678,56.0,2023-01-17 20:00:00,1
1342,Muro-Sector I_2022,2197,2186,2.3938606,2.0,2023-01-18 08:00:00,1
1343,Muro-Sector I_2022,2198,2186,2.6728492,3.0,2023-01-18 09:00:00,1
1344,Muro-Sector I_2022,2199,2186,2.7547889,5.0,2023-01-18 10:00:00,1
1345,Muro-Sector I_2022,2200,2186,2.7353034,4.0,2023-01-18 11:00:00,1
1346,Muro-Sector I_2022,2201,2186,2.7441254,2.0,2023-01-18 12:00:00,1
1347,Muro-Sector I_2022,2202,2186,2.628365,7.0,2023-01-18 13:00:00,1
1348,Muro-Sector I_2022,2203,2186,2.4891355,5.0,2023-01-18 14:00:00,1
1349,Muro-Sector I_2022,2204,2186,2.3351243,2.0,2023-01-18 15:00:00,1
1350,Muro-Sector I_2022,2205,2186,2.4487247,5.0,2023-01-18 16:00:00,1
1351,Muro-Sector I_2022,2206,2186,2.7776473,11.0,2023-01-18 17:00:00,1
1352,Muro-Sector I_2022,2207,2186,2.5612977,3.0,2023-01-18 18:00:00,1
1353,Muro-Sector I_2022,2208,2186,2.30563,2.0,2023-01-18 19:00:00,1
1354,Muro-Sector I_2022,2209,2186,2.139455,3.0,2023-01-18 20:00:00,1
1355,Muro-Sector I_2022,2210,2186,2.4069057,4.0,2023-01-19 08:00:00,1
1356,Muro-Sector I_2022,2211,2186,2.6439016,3.0,2023-01-19 09:00:00,1
1357,Muro-Sector I_2022,2212,2186,2.713629,2.0,2023-01-19 10:00:00,1
1358,Muro-Sector I_2022,2213,2186,2.751109,2.0,2023-01-19 11:00:00,1
1359,Muro-Sector I_2022,2214,2186,2.8407152,2.0,2023-01-19 12:00:00,1
1360,Muro-Sector I_2022,2215,2186,2.7552388,2.0,2023-01-19 13:00:00,1
1361,Muro-Sector I_2022,2216,2186,2.5632389,2.0,2023-01-19 14:00:00,1
1362,Muro-Sector I_2022,2217,2186,2.3900566,3.0,2023-01-19 15:00:00,1
1363,Muro-Sector I_2022,2218,2186,2.3850596,2.0,2023-01-19 16:00:00,1
1364,Muro-Sector I_2022,2219,2186,2.8210332,6.0,2023-01-19 17:00:00,1
1365,Muro-Sector I_2022,2220,2186,2.7598462,2.0,2023-01-19 18:00:00,1
1366,Muro-Sector I_2022,2221,2186,2.4601288,2.0,2023-01-19 19:00:00,1
1367,Muro-Sector I_2022,2222,2186,2.240768,12.0,2023-01-19 20:00:00,1
1368,Muro-Sector I_2022,2223,2222,3.0163822,3.0,2023-01-20 08:00:00,1
1369,Muro-Sector I_2022,2224,2222,2.863158,2.0,2023-01-20 09:00:00,1
1370,Muro-Sector I_2022,2225,2222,2.7135584,4.0,2023-01-20 10:00:00,1
1371,Muro-Sector I_2022,2226,2222,2.4723985,2.0,2023-01-20 11:00:00,1
1372,Muro-Sector I_2022,2227,2222,2.3488772,2.0,2023-01-20 12:00:00,1
1373,Muro-Sector I_2022,2228,2222,2.3947704,6.0,2023-01-20 13:00:00,1
1374,Muro-Sector I_2022,2229,2222,2.4715393,3.0,2023-01-20 14:00:00,1
1375,Muro-Sector I_2022,2230,2222,2.5819893,2.0,2023-01-20 15:00:00,1
1376,Muro-Sector I_2022,2231,2222,2.8460557,8.0,2023-01-20 16:00:00,1
1377,Muro-Sector I_2022,2232,2222,3.134912,3.0,2023-01-20 17:00:00,1
1378,Muro-Sector I_2022,2233,2222,2.9496453,2.0,2023-01-20 18:00:00,1
1379,Muro-Sector I_2022,2234,2222,2.5812948,94.0,2023-01-20 19:00:00,1
1380,Muro-Sector I_2022,2235,2222,2.5685103,33.0,2023-01-20 20:00:00,1
1381,Muro-Sector I_2022,2236,2222,2.5123467,5.0,2023-01-21 08:00:00,1
1382,Muro-Sector I_2022,2237,2222,2.5825589,2.0,2023-01-21 09:00:00,1
1383,Muro-Sector I_2022,2238,2222,2.4949033,3.0,2023-01-21 10:00:00,1
1384,Muro-Sector I_2022,2239,2222,2.2312646,3.0,2023-01-21 11:00:00,1
1385,Muro-Sector I_2022,2240,2222,2.4496737,3.0,2023-01-21 12:00:00,1
1386,Muro-Sector I_2022,2241,2222,2.5126195,6.0,2023-01-21 13:00:00,1
1387,Muro-Sector I_2022,2242,2222,2.6150935,2.0,2023-01-21 14:00:00,1
1388,Muro-Sector I_2022,2243,2222,2.5776975,2.0,2023-01-21 15:00:00,1
1389,Muro-Sector I_2022,2244,2222,2.7528653,4.0,2023-01-21 16:00:00,1
1390,Muro-Sector I_2022,2245,2222,3.060724,4.0,2023-01-21 17:00:00,1
1391,Muro-Sector I_2022,2246,2222,3.0506878,2.0,2023-01-21 18:00:00,1
1392,Muro-Sector I_2022,2247,2222,2.5692048,3.0,2023-01-21 19:00:00,1
1393,Muro-Sector I_2022,2248,2222,2.380794,62.0,2023-01-21 20:00:00,1
1394,Muro-Sector I_2022,2249,2222,2.6930387,9.0,2023-01-22 08:00:00,1
1395,Muro-Sector I_2022,2250,2222,2.5215173,2.0,2023-01-22 09:00:00,1
1396,Muro-Sector I_2022,2251,2222,2.652317,2.0,2023-01-22 10:00:00,1
1397,Muro-Sector I_2022,2252,2222,2.551397,5.0,2023-01-22 11:00:00,1
1398,Muro-Sector I_2022,2253,2222,2.4663591,5.0,2023-01-22 12:00:00,1
1399,Muro-Sector I_2022,2254,2222,2.5507298,7.0,2023-01-22 13:00:00,1
1400,Muro-Sector I_2022,2255,2222,2.7196589,10.0,2023-01-22 14:00:00,1
1401,Muro-Sector I_2022,2256,2222,2.8433633,5.0,2023-01-22 15:00:00,1
1402,Muro-Sector I_2022,2257,2222,3.025268,8.0,2023-01-22 16:00:00,1
1403,Muro-Sector I_2022,2258,2222,3.31446,3.0,2023-01-22 17:00:00,1
1404,Muro-Sector I_2022,2259,2258,2.0176313,3.0,2023-01-22 18:00:00,1
1405,Muro-Sector I_2022,2260,2258,8.350246,2.0,2023-01-22 19:00:00,1
1406,Muro-Sector I_2022,2261,2258,9.239485,2.0,2023-01-22 20:00:00,1
1407,Muro-Sector I_2022,2262,2258,2.5851915,2.0,2023-01-23 08:00:00,1
1408,Muro-Sector I_2022,2263,2258,2.742414,2.0,2023-01-23 09:00:00,1
1409,Muro-Sector I_2022,2264,2258,2.7290962,2.0,2023-01-23 10:00:00,1
1410,Muro-Sector I_2022,2265,2258,2.7692802,2.0,2023-01-23 11:00:00,1
1411,Muro-Sector I_2022,2266,2258,2.8317876,3.0,2023-01-23 12:00:00,1
1412,Muro-Sector I_2022,2267,2258,2.8440063,3.0,2023-01-23 13:00:00,1
1413,Muro-Sector I_2022,2268,2258,2.8031054,2.0,2023-01-23 14:00:00,1
1414,Muro-Sector I_2022,2269,2258,2.6963077,5.0,2023-01-23 15:00:00,1
1415,Muro-Sector I_2022,2270,2258,2.552206,3.0,2023-01-23 16:00:00,1
1416,Muro-Sector I_2022,2271,2258,2.2065415,5.0,2023-01-23 17:00:00,1
1417,Muro-Sector I_2022,2272,2258,2.0749378,2.0,2023-01-23 18:00:00,1
1418,Muro-Sector I_2022,2273,2258,5.452132,2.0,2023-01-23 19:00:00,1
1419,Muro-Sector I_2022,2274,2258,10.6768875,2.0,2023-01-23 20:00:00,1
1420,Muro-Sector I_2022,2275,2258,3.0853949,2.0,2023-01-24 08:00:00,1
1421,Muro-Sector I_2022,2276,2258,2.940808,2.0,2023-01-24 09:00:00,1
1422,Muro-Sector I_2022,2277,2258,2.9161832,2.0,2023-01-24 10:00:00,1
1423,Muro-Sector I_2022,2278,2258,3.2288637,2.0,2023-01-24 11:00:00,1
1424,Muro-Sector I_2022,2279,2258,3.392243,2.0,2023-01-24 12:00:00,1
1425,Muro-Sector I_2022,2280,2258,3.356701,5.0,2023-01-24 13:00:00,1
1426,Muro-Sector I_2022,2281,2258,3.207734,2.0,2023-01-24 14:00:00,1
1427,Muro-Sector I_2022,2282,2258,3.119292,4.0,2023-01-24 15:00:00,1
1428,Muro-Sector I_2022,2283,2258,3.017718,6.0,2023-01-24 16:00:00,1
1429,Muro-Sector I_2022,2284,2258,2.5356317,6.0,2023-01-24 17:00:00,1
1430,Muro-Sector I_2022,2285,2258,2.230675,2.0,2023-01-24 18:00:00,1
1431,Muro-Sector I_2022,2286,2258,7.4245315,3.0,2023-01-24 19:00:00,1
1432,Muro-Sector I_2022,2287,2258,14.635412,2.0,2023-01-24 20:00:00,1
1433,Muro-Sector I_2022,2288,2258,2.9473748,2.0,2023-01-25 08:00:00,1
1434,Muro-Sector I_2022,2289,2258,2.907748,2.0,2023-01-25 09:00:00,1
1435,Muro-Sector I_2022,2290,2258,3.3112168,7.0,2023-01-25 13:00:00,1
1436,Muro-Sector I_2022,2291,2258,3.2397714,2.0,2023-01-25 14:00:00,1
1437,Muro-Sector I_2022,2292,2258,3.0462837,3.0,2023-01-25 16:00:00,1
1438,Muro-Sector I_2022,2293,2258,2.6461022,4.0,2023-01-25 17:00:00,1
1439,Muro-Sector I_2022,2294,2258,6.743193,4.0,2023-01-25 20:00:00,1
1440,Palma_2022,2239,2238,19.654398,27.0,2023-01-10 17:00:00,1
1441,Palma_2022,2240,2238,23.113237,15.0,2023-01-10 18:00:00,1
1442,Palma_2022,2241,2238,3.9268148,7.0,2023-01-10 19:00:00,1
1443,Palma_2022,2242,2238,3.7200432,4.0,2023-01-10 20:00:00,1
1444,Palma_2022,2243,2238,16.795307,16.0,2023-01-11 08:00:00,1
1445,Palma_2022,2244,2238,17.017246,19.0,2023-01-11 09:00:00,1
1446,Palma_2022,2245,2238,16.039421,29.0,2023-01-11 10:00:00,1
1447,Palma_2022,2246,2238,12.043695,22.0,2023-01-11 11:00:00,1
1448,Palma_2022,2247,2238,10.428733,14.0,2023-01-11 12:00:00,1
1449,Palma_2022,2248,2238,9.852047,7.0,2023-01-11 13:00:00,1
1450,Palma_2022,2249,2238,10.52916,21.0,2023-01-11 14:00:00,1
1451,Palma_2022,2250,2238,12.355734,11.0,2023-01-11 15:00:00,1
1452,Palma_2022,2251,2238,21.594751,5.0,2023-01-11 19:00:00,1
1453,Palma_2022,2252,2238,3.6989284,6.0,2023-01-11 20:00:00,1
1454,Palma_2022,2253,2238,16.567078,12.0,2023-01-12 08:00:00,1
1455,Palma_2022,2254,2238,15.992728,20.0,2023-01-12 09:00:00,1
1456,Palma_2022,2255,2238,16.146894,23.0,2023-01-12 10:00:00,1
1457,Palma_2022,2256,2238,14.189974,13.0,2023-01-12 11:00:00,1
1458,Palma_2022,2257,2238,11.439502,12.0,2023-01-12 12:00:00,1
1459,Palma_2022,2258,2238,10.171062,8.0,2023-01-12 13:00:00,1
1460,Palma_2022,2259,2238,10.493701,10.0,2023-01-12 14:00:00,1
1461,Palma_2022,2260,2238,12.389996,10.0,2023-01-12 15:00:00,1
1462,Palma_2022,2261,2238,15.780974,7.0,2023-01-12 16:00:00,1
1463,Palma_2022,2262,2238,20.234331,16.0,2023-01-12 17:00:00,1
1464,Palma_2022,2263,2238,23.440922,16.0,2023-01-12 18:00:00,1
1465,Palma_2022,2264,2238,3.7336683,5.0,2023-01-12 19:00:00,1
1466,Palma_2022,2265,2238,3.7896905,8.0,2023-01-12 20:00:00,1
1467,Palma_2022,2266,2238,16.682272,19.0,2023-01-13 08:00:00,1
1468,Palma_2022,2267,2238,17.03604,13.0,2023-01-13 09:00:00,1
1469,Palma_2022,2268,2238,16.255306,25.0,2023-01-13 10:00:00,1
1470,Palma_2022,2269,2238,12.935836,15.0,2023-01-13 11:00:00,1
1471,Palma_2022,2270,2238,10.099924,14.0,2023-01-13 13:00:00,1
1472,Palma_2022,2271,2238,10.19759,17.0,2023-01-13 14:00:00,1
1473,Palma_2022,2272,2238,11.973439,7.0,2023-01-13 15:00:00,1
1474,Palma_2022,2273,2238,14.619212,7.0,2023-01-13 16:00:00,1
1475,Palma_2022,2274,2238,18.757725,12.0,2023-01-13 17:00:00,1
1476,Palma_2022,2275,2274,15.48571,18.0,2023-01-13 18:00:00,1
1477,Palma_2022,2276,2274,5.3013554,3.0,2023-01-13 19:00:00,1
1478,Palma_2022,2277,2274,4.744502,5.0,2023-01-13 20:00:00,1
1479,Palma_2022,2278,2274,11.25849,16.0,2023-01-14 08:00:00,1
1480,Palma_2022,2279,2274,13.742331,14.0,2023-01-14 09:00:00,1
1481,Palma_2022,2280,2274,14.294915,15.0,2023-01-14 10:00:00,1
1482,Palma_2022,2281,2274,11.899547,14.0,2023-01-14 11:00:00,1
1483,Palma_2022,2282,2274,9.873924,18.0,2023-01-14 12:00:00,1
1484,Palma_2022,2283,2274,9.290234,7.0,2023-01-14 13:00:00,1
1485,Palma_2022,2284,2274,9.075766,10.0,2023-01-14 14:00:00,1
1486,Palma_2022,2285,2274,9.091891,17.0,2023-01-14 15:00:00,1
1487,Palma_2022,2286,2274,9.908311,10.0,2023-01-14 16:00:00,1
1488,Palma_2022,2287,2274,14.91509,12.0,2023-01-14 17:00:00,1
1489,Palma_2022,2288,2274,17.041296,16.0,2023-01-14 18:00:00,1
1490,Palma_2022,2289,2274,5.4976273,5.0,2023-01-14 19:00:00,1
1491,Palma_2022,2290,2274,4.8614593,3.0,2023-01-14 20:00:00,1
1492,Palma_2022,2291,2274,15.449357,16.0,2023-01-15 08:00:00,1
1493,Palma_2022,2292,2274,16.102144,18.0,2023-01-15 09:00:00,1
1494,Palma_2022,2293,2274,15.126151,17.0,2023-01-15 10:00:00,1
1495,Palma_2022,2294,2274,12.465005,16.0,2023-01-15 11:00:00,1
1496,Palma_2022,2295,2274,10.40819,12.0,2023-01-15 12:00:00,1
1497,Palma_2022,2296,2274,9.476997,9.0,2023-01-15 13:00:00,1
1498,Palma_2022,2297,2274,9.289758,13.0,2023-01-15 14:00:00,1
1499,Palma_2022,2298,2274,9.144382,23.0,2023-01-15 15:00:00,1
1500,Palma_2022,2299,2274,9.684755,12.0,2023-01-15 16:00:00,1
1501,Palma_2022,2300,2274,14.866325,13.0,2023-01-15 17:00:00,1
1502,Palma_2022,2301,2274,16.584454,15.0,2023-01-15 18:00:00,1
1503,Palma_2022,2302,2274,5.320835,5.0,2023-01-15 19:00:00,1
1504,Palma_2022,2303,2274,4.9008427,6.0,2023-01-15 20:00:00,1
1505,Palma_2022,2304,2274,14.355476,14.0,2023-01-16 08:00:00,1
1506,Palma_2022,2305,2274,15.531145,10.0,2023-01-16 09:00:00,1
1507,Palma_2022,2306,2274,15.043949,17.0,2023-01-16 10:00:00,1
1508,Palma_2022,2307,2274,11.135343,17.0,2023-01-16 11:00:00,1
1509,Palma_2022,2308,2274,10.456942,17.0,2023-01-16 12:00:00,1
1510,Palma_2022,2309,2274,9.976719,8.0,2023-01-16 13:00:00,1
1511,Palma_2022,2310,2274,9.862262,12.0,2023-01-16 14:00:00,1
1512,Palma_2022,2311,2310,10.153433,13.0,2023-01-16 15:00:00,1
1513,Palma_2022,2312,2310,10.067306,10.0,2023-01-16 16:00:00,1
1514,Palma_2022,2313,2310,11.447517,10.0,2023-01-16 17:00:00,1
1515,Palma_2022,2314,2310,12.74073,12.0,2023-01-16 18:00:00,1
1516,Palma_2022,2315,2310,4.7006574,4.0,2023-01-16 19:00:00,1
1517,Palma_2022,2316,2310,4.0012712,3.0,2023-01-16 20:00:00,1
1518,Palma_2022,2317,2310,13.762815,9.0,2023-01-17 08:00:00,1
1519,Palma_2022,2318,2310,15.330032,13.0,2023-01-17 09:00:00,1
1520,Palma_2022,2319,2310,15.254425,8.0,2023-01-17 10:00:00,1
1521,Palma_2022,2320,2310,10.340706,7.0,2023-01-17 15:00:00,1
1522,Palma_2022,2321,2310,10.2801285,3.0,2023-01-17 16:00:00,1
1523,Palma_2022,2322,2310,13.336894,15.0,2023-01-17 18:00:00,1
1524,Palma_2022,2323,2310,4.163386,4.0,2023-01-17 20:00:00,1
1525,Palma_2022,2324,2310,13.035535,7.0,2023-01-18 08:00:00,1
1526,Palma_2022,2325,2310,14.520571,13.0,2023-01-18 09:00:00,1
1527,Palma_2022,2326,2310,13.9470005,11.0,2023-01-18 10:00:00,1
1528,Palma_2022,2327,2310,10.975714,4.0,2023-01-18 13:00:00,1
1529,Palma_2022,2328,2310,10.351554,7.0,2023-01-18 14:00:00,1
1530,Palma_2022,2329,2310,10.324432,7.0,2023-01-18 15:00:00,1
1531,Palma_2022,2330,2310,10.822959,10.0,2023-01-18 16:00:00,1
1532,Palma_2022,2331,2310,12.589621,10.0,2023-01-18 17:00:00,1
1533,Palma_2022,2332,2310,11.254593,11.0,2023-01-18 18:00:00,1
1534,Palma_2022,2333,2310,4.703007,4.0,2023-01-18 19:00:00,1
1535,Palma_2022,2334,2310,4.1012573,4.0,2023-01-18 20:00:00,1
1536,Palma_2022,2335,2310,14.101986,4.0,2023-01-19 08:00:00,1
1537,Palma_2022,2336,2310,14.559535,10.0,2023-01-19 09:00:00,1
1538,Palma_2022,2337,2310,14.186979,10.0,2023-01-19 10:00:00,1
1539,Palma_2022,2338,2310,13.773841,5.0,2023-01-19 11:00:00,1
1540,Palma_2022,2339,2310,11.964389,8.0,2023-01-19 12:00:00,1
1541,Palma_2022,2340,2310,10.941998,13.0,2023-01-19 13:00:00,1
1542,Palma_2022,2341,2310,10.438099,5.0,2023-01-19 15:00:00,1
1543,Palma_2022,2342,2310,10.048076,11.0,2023-01-19 16:00:00,1
1544,Palma_2022,2343,2310,11.764444,12.0,2023-01-19 17:00:00,1
1545,Palma_2022,2344,2310,12.460896,14.0,2023-01-19 18:00:00,1
1546,Palma_2022,2345,2310,4.8034163,5.0,2023-01-19 19:00:00,1
1547,Palma_2022,2346,2310,4.1111107,3.0,2023-01-19 20:00:00,1
1548,Palma_2022,2347,2346,7.8653536,9.0,2023-01-20 08:00:00,1
1549,Palma_2022,2348,2346,8.507587,11.0,2023-01-20 09:00:00,1
1550,Palma_2022,2349,2346,8.309181,16.0,2023-01-20 10:00:00,1
1551,Palma_2022,2350,2346,7.598944,13.0,2023-01-20 11:00:00,1
1552,Palma_2022,2351,2346,7.001693,22.0,2023-01-20 12:00:00,1
1553,Palma_2022,2352,2346,6.68182,22.0,2023-01-20 13:00:00,1
1554,Palma_2022,2353,2346,7.5021467,19.0,2023-01-20 14:00:00,1
1555,Palma_2022,2354,2346,9.125534,10.0,2023-01-20 15:00:00,1
1556,Palma_2022,2355,2346,10.712881,12.0,2023-01-20 16:00:00,1
1557,Palma_2022,2356,2346,11.977151,12.0,2023-01-20 17:00:00,1
1558,Palma_2022,2357,2346,10.514412,9.0,2023-01-20 18:00:00,1
1559,Palma_2022,2358,2346,3.9415622,4.0,2023-01-20 19:00:00,1
1560,Palma_2022,2359,2346,3.5757399,4.0,2023-01-20 20:00:00,1
1561,Palma_2022,2360,2346,7.0779862,16.0,2023-01-21 08:00:00,1
1562,Palma_2022,2361,2346,8.2260475,21.0,2023-01-21 09:00:00,1
1563,Palma_2022,2362,2346,8.8202305,15.0,2023-01-21 10:00:00,1
1564,Palma_2022,2363,2346,8.199167,17.0,2023-01-21 11:00:00,1
1565,Palma_2022,2364,2346,7.458394,11.0,2023-01-21 12:00:00,1
1566,Palma_2022,2365,2346,8.405924,8.0,2023-01-21 13:00:00,1
1567,Palma_2022,2366,2346,8.514513,6.0,2023-01-21 14:00:00,1
1568,Palma_2022,2367,2346,9.419839,7.0,2023-01-21 15:00:00,1
1569,Palma_2022,2368,2346,10.719082,13.0,2023-01-21 16:00:00,1
1570,Palma_2022,2369,2346,11.879959,4.0,2023-01-21 17:00:00,1
1571,Palma_2022,2370,2346,4.523051,4.0,2023-01-21 19:00:00,1
1572,Palma_2022,2371,2346,3.7157245,4.0,2023-01-21 20:00:00,1
1573,Palma_2022,2372,2346,7.913967,19.0,2023-01-22 08:00:00,1
1574,Palma_2022,2373,2346,8.925477,21.0,2023-01-22 09:00:00,1
1575,Palma_2022,2374,2346,10.387428,12.0,2023-01-22 10:00:00,1
1576,Palma_2022,2375,2346,9.449072,16.0,2023-01-22 11:00:00,1
1577,Palma_2022,2376,2346,9.003386,14.0,2023-01-22 12:00:00,1
1578,Palma_2022,2377,2346,8.57464,17.0,2023-01-22 13:00:00,1
1579,Palma_2022,2378,2346,9.12472,9.0,2023-01-22 14:00:00,1
1580,Palma_2022,2379,2346,9.926573,5.0,2023-01-22 15:00:00,1
1581,Palma_2022,2380,2346,11.665031,10.0,2023-01-22 16:00:00,1
1582,Palma_2022,2381,2346,13.2928705,6.0,2023-01-22 17:00:00,1
1583,Palma_2022,2382,2346,12.464703,18.0,2023-01-22 18:00:00,1
1584,Palma_2022,2383,2382,4.4691997,5.0,2023-01-22 19:00:00,1
1585,Palma_2022,2384,2382,3.7921658,4.0,2023-01-22 20:00:00,1
1586,Palma_2022,2385,2382,12.322502,11.0,2023-01-23 08:00:00,1
1587,Palma_2022,2386,2382,12.489409,8.0,2023-01-23 09:00:00,1
1588,Palma_2022,2387,2382,12.224395,10.0,2023-01-23 10:00:00,1
1589,Palma_2022,2388,2382,11.395744,13.0,2023-01-23 11:00:00,1
1590,Palma_2022,2389,2382,11.2618685,11.0,2023-01-23 12:00:00,1
1591,Palma_2022,2390,2382,10.898182,6.0,2023-01-23 13:00:00,1
1592,Palma_2022,2391,2382,9.635838,9.0,2023-01-23 14:00:00,1
1593,Palma_2022,2392,2382,8.313916,3.0,2023-01-23 15:00:00,1
1594,Palma_2022,2393,2382,7.805181,17.0,2023-01-23 16:00:00,1
1595,Palma_2022,2394,2382,7.466124,12.0,2023-01-23 17:00:00,1
1596,Palma_2022,2395,2382,10.081625,13.0,2023-01-23 18:00:00,1
1597,Palma_2022,2396,2382,3.840769,4.0,2023-01-23 19:00:00,1
1598,Palma_2022,2397,2382,3.6201334,4.0,2023-01-23 20:00:00,1
1599,Palma_2022,2398,2382,14.572842,15.0,2023-01-24 08:00:00,1
1600,Palma_2022,2399,2382,14.519612,9.0,2023-01-24 09:00:00,1
1601,Palma_2022,2400,2382,13.2317505,11.0,2023-01-24 10:00:00,1
1602,Palma_2022,2401,2382,13.581506,15.0,2023-01-24 11:00:00,1
1603,Palma_2022,2402,2382,13.681179,10.0,2023-01-24 12:00:00,1
1604,Palma_2022,2403,2382,12.042769,16.0,2023-01-24 13:00:00,1
1605,Palma_2022,2404,2382,10.073475,10.0,2023-01-24 14:00:00,1
1606,Palma_2022,2405,2382,8.50148,11.0,2023-01-24 15:00:00,1
1607,Palma_2022,2406,2382,8.239822,9.0,2023-01-24 16:00:00,1
1608,Palma_2022,2407,2382,7.299195,17.0,2023-01-24 17:00:00,1
1609,Palma_2022,2408,2382,11.480824,12.0,2023-01-24 18:00:00,1
1610,Palma_2022,2409,2382,3.8859787,4.0,2023-01-24 19:00:00,1
1611,Palma_2022,2410,2382,3.6961982,4.0,2023-01-24 20:00:00,1
1612,Palma_2022,2411,2382,13.114409,13.0,2023-01-25 08:00:00,1
1613,Palma_2022,2412,2382,12.017352,13.0,2023-01-25 09:00:00,1
1614,Palma_2022,2413,2382,10.531859,13.0,2023-01-25 13:00:00,1
1615,Palma_2022,2414,2382,9.20727,17.0,2023-01-25 14:00:00,1
1616,Palma_2022,2415,2382,7.730927,10.0,2023-01-25 16:00:00,1
1617,Palma_2022,2416,2382,7.4509635,9.0,2023-01-25 17:00:00,1
1618,Palma_2022,2417,2382,3.8367853,4.0,2023-01-25 20:00:00,1
1619,Palma_2022,2418,2382,12.48144,11.0,2023-01-26 09:00:00,1
1620,Platja d'or (Can Pastilla)_2022,2364,2363,3.4816852,4.0,2023-01-13 08:00:00,1
1621,Platja d'or (Can Pastilla)_2022,2365,2363,3.4806256,4.0,2023-01-13 09:00:00,1
1622,Platja d'or (Can Pastilla)_2022,2366,2363,3.4922357,3.0,2023-01-13 10:00:00,1
1623,Platja d'or (Can Pastilla)_2022,2367,2363,3.59656,3.0,2023-01-13 11:00:00,1
1624,Platja d'or (Can Pastilla)_2022,2368,2363,3.8024685,7.0,2023-01-13 12:00:00,1
1625,Platja d'or (Can Pastilla)_2022,2369,2363,4.006019,4.0,2023-01-13 13:00:00,1
1626,Platja d'or (Can Pastilla)_2022,2370,2363,4.1877275,6.0,2023-01-13 14:00:00,1
1627,Platja d'or (Can Pastilla)_2022,2371,2363,4.2143307,3.0,2023-01-13 15:00:00,1
1628,Platja d'or (Can Pastilla)_2022,2372,2363,4.2614055,5.0,2023-01-13 16:00:00,1
1629,Platja d'or (Can Pastilla)_2022,2373,2363,4.2362223,3.0,2023-01-13 17:00:00,1
1630,Platja d'or (Can Pastilla)_2022,2374,2363,3.6552453,3.0,2023-01-13 18:00:00,1
1631,Platja d'or (Can Pastilla)_2022,2375,2363,4.1715117,4.0,2023-01-13 19:00:00,1
1632,Platja d'or (Can Pastilla)_2022,2376,2363,4.031177,2.0,2023-01-13 20:00:00,1
1633,Platja d'or (Can Pastilla)_2022,2377,2363,3.56389,3.0,2023-01-14 08:00:00,1
1634,Platja d'or (Can Pastilla)_2022,2378,2363,3.486534,5.0,2023-01-14 09:00:00,1
1635,Platja d'or (Can Pastilla)_2022,2379,2363,3.4731262,3.0,2023-01-14 10:00:00,1
1636,Platja d'or (Can Pastilla)_2022,2380,2363,3.57445,8.0,2023-01-14 11:00:00,1
1637,Platja d'or (Can Pastilla)_2022,2381,2363,3.8079286,5.0,2023-01-14 12:00:00,1
1638,Platja d'or (Can Pastilla)_2022,2382,2363,3.987327,4.0,2023-01-14 13:00:00,1
1639,Platja d'or (Can Pastilla)_2022,2383,2363,4.1211,7.0,2023-01-14 14:00:00,1
1640,Platja d'or (Can Pastilla)_2022,2384,2363,4.3095922,9.0,2023-01-14 15:00:00,1
1641,Platja d'or (Can Pastilla)_2022,2385,2363,4.544899,6.0,2023-01-14 16:00:00,1
1642,Platja d'or (Can Pastilla)_2022,2386,2363,4.591697,29.0,2023-01-14 17:00:00,1
1643,Platja d'or (Can Pastilla)_2022,2387,2363,3.6963613,3.0,2023-01-14 18:00:00,1
1644,Platja d'or (Can Pastilla)_2022,2388,2363,4.1785374,4.0,2023-01-14 19:00:00,1
1645,Platja d'or (Can Pastilla)_2022,2389,2363,4.0912166,4.0,2023-01-14 20:00:00,1
1646,Platja d'or (Can Pastilla)_2022,2390,2363,3.4311833,4.0,2023-01-15 08:00:00,1
1647,Platja d'or (Can Pastilla)_2022,2391,2363,3.4973469,4.0,2023-01-15 09:00:00,1
1648,Platja d'or (Can Pastilla)_2022,2392,2363,3.538723,10.0,2023-01-15 10:00:00,1
1649,Platja d'or (Can Pastilla)_2022,2393,2363,3.668198,13.0,2023-01-15 11:00:00,1
1650,Platja d'or (Can Pastilla)_2022,2394,2363,3.8702478,9.0,2023-01-15 12:00:00,1
1651,Platja d'or (Can Pastilla)_2022,2395,2363,4.08246,14.0,2023-01-15 13:00:00,1
1652,Platja d'or (Can Pastilla)_2022,2396,2363,4.1820364,9.0,2023-01-15 14:00:00,1
1653,Platja d'or (Can Pastilla)_2022,2397,2363,4.300625,9.0,2023-01-15 15:00:00,1
1654,Platja d'or (Can Pastilla)_2022,2398,2363,4.39339,7.0,2023-01-15 16:00:00,1
1655,Platja d'or (Can Pastilla)_2022,2399,2363,4.4470696,3.0,2023-01-15 17:00:00,1
1656,Platja d'or (Can Pastilla)_2022,2400,2399,2.8040533,5.0,2023-01-15 18:00:00,1
1657,Platja d'or (Can Pastilla)_2022,2401,2399,3.344246,7.0,2023-01-15 19:00:00,1
1658,Platja d'or (Can Pastilla)_2022,2402,2399,2.9294355,4.0,2023-01-15 20:00:00,1
1659,Platja d'or (Can Pastilla)_2022,2403,2399,2.9852896,2.0,2023-01-16 08:00:00,1
1660,Platja d'or (Can Pastilla)_2022,2404,2399,3.162928,10.0,2023-01-16 09:00:00,1
1661,Platja d'or (Can Pastilla)_2022,2405,2399,3.3966088,6.0,2023-01-16 10:00:00,1
1662,Platja d'or (Can Pastilla)_2022,2406,2399,3.7134986,4.0,2023-01-16 11:00:00,1
1663,Platja d'or (Can Pastilla)_2022,2407,2399,3.8873394,6.0,2023-01-16 12:00:00,1
1664,Platja d'or (Can Pastilla)_2022,2408,2399,3.982207,5.0,2023-01-16 13:00:00,1
1665,Platja d'or (Can Pastilla)_2022,2409,2399,4.1054325,5.0,2023-01-16 14:00:00,1
1666,Platja d'or (Can Pastilla)_2022,2410,2399,4.2029476,6.0,2023-01-16 15:00:00,1
1667,Platja d'or (Can Pastilla)_2022,2411,2399,4.127253,5.0,2023-01-16 16:00:00,1
1668,Platja d'or (Can Pastilla)_2022,2412,2399,3.371367,4.0,2023-01-16 17:00:00,1
1669,Platja d'or (Can Pastilla)_2022,2413,2399,2.804504,3.0,2023-01-16 18:00:00,1
1670,Platja d'or (Can Pastilla)_2022,2414,2399,3.3417048,4.0,2023-01-16 19:00:00,1
1671,Platja d'or (Can Pastilla)_2022,2415,2399,2.7844748,4.0,2023-01-16 20:00:00,1
1672,Platja d'or (Can Pastilla)_2022,2416,2399,3.0814276,15.0,2023-01-17 08:00:00,1
1673,Platja d'or (Can Pastilla)_2022,2417,2399,3.3912377,4.0,2023-01-17 09:00:00,1
1674,Platja d'or (Can Pastilla)_2022,2418,2399,3.7245026,3.0,2023-01-17 10:00:00,1
1675,Platja d'or (Can Pastilla)_2022,2419,2399,4.210022,4.0,2023-01-17 11:00:00,1
1676,Platja d'or (Can Pastilla)_2022,2420,2399,4.7024326,3.0,2023-01-17 12:00:00,1
1677,Platja d'or (Can Pastilla)_2022,2421,2399,5.0121455,4.0,2023-01-17 13:00:00,1
1678,Platja d'or (Can Pastilla)_2022,2422,2399,5.257509,5.0,2023-01-17 14:00:00,1
1679,Platja d'or (Can Pastilla)_2022,2423,2399,5.2709055,3.0,2023-01-17 15:00:00,1
1680,Platja d'or (Can Pastilla)_2022,2424,2399,4.973589,3.0,2023-01-17 16:00:00,1
1681,Platja d'or (Can Pastilla)_2022,2425,2399,3.7063842,4.0,2023-01-17 17:00:00,1
1682,Platja d'or (Can Pastilla)_2022,2426,2399,2.693616,4.0,2023-01-17 18:00:00,1
1683,Platja d'or (Can Pastilla)_2022,2427,2399,3.2270079,4.0,2023-01-17 19:00:00,1
1684,Platja d'or (Can Pastilla)_2022,2428,2399,2.6067362,4.0,2023-01-17 20:00:00,1
1685,Platja d'or (Can Pastilla)_2022,2429,2399,3.1020117,4.0,2023-01-18 08:00:00,1
1686,Platja d'or (Can Pastilla)_2022,2430,2399,3.4476118,4.0,2023-01-18 09:00:00,1
1687,Platja d'or (Can Pastilla)_2022,2431,2399,3.5481508,3.0,2023-01-18 10:00:00,1
1688,Platja d'or (Can Pastilla)_2022,2432,2399,3.834933,5.0,2023-01-18 11:00:00,1
1689,Platja d'or (Can Pastilla)_2022,2433,2399,4.2873144,11.0,2023-01-18 12:00:00,1
1690,Platja d'or (Can Pastilla)_2022,2434,2399,4.1790323,6.0,2023-01-18 13:00:00,1
1691,Platja d'or (Can Pastilla)_2022,2435,2399,4.2915363,5.0,2023-01-18 14:00:00,1
1692,Platja d'or (Can Pastilla)_2022,2436,2435,4.369185,7.0,2023-01-18 15:00:00,1
1693,Platja d'or (Can Pastilla)_2022,2437,2435,3.6571503,3.0,2023-01-18 16:00:00,1
1694,Platja d'or (Can Pastilla)_2022,2438,2435,3.3231425,8.0,2023-01-18 17:00:00,1
1695,Platja d'or (Can Pastilla)_2022,2439,2435,3.4573996,3.0,2023-01-18 18:00:00,1
1696,Platja d'or (Can Pastilla)_2022,2440,2435,3.9433312,4.0,2023-01-18 19:00:00,1
1697,Platja d'or (Can Pastilla)_2022,2441,2435,3.9560103,4.0,2023-01-18 20:00:00,1
1698,Platja d'or (Can Pastilla)_2022,2442,2435,4.385622,4.0,2023-01-19 08:00:00,1
1699,Platja d'or (Can Pastilla)_2022,2443,2435,4.357771,3.0,2023-01-19 09:00:00,1
1700,Platja d'or (Can Pastilla)_2022,2444,2435,4.3219852,4.0,2023-01-19 10:00:00,1
1701,Platja d'or (Can Pastilla)_2022,2445,2435,4.587014,4.0,2023-01-19 11:00:00,1
1702,Platja d'or (Can Pastilla)_2022,2446,2435,4.6833277,4.0,2023-01-19 12:00:00,1
1703,Platja d'or (Can Pastilla)_2022,2447,2435,4.936699,4.0,2023-01-19 13:00:00,1
1704,Platja d'or (Can Pastilla)_2022,2448,2435,4.70812,5.0,2023-01-19 14:00:00,1
1705,Platja d'or (Can Pastilla)_2022,2449,2435,4.3037653,3.0,2023-01-19 15:00:00,1
1706,Platja d'or (Can Pastilla)_2022,2450,2435,3.774458,3.0,2023-01-19 16:00:00,1
1707,Platja d'or (Can Pastilla)_2022,2451,2435,3.333869,4.0,2023-01-19 17:00:00,1
1708,Platja d'or (Can Pastilla)_2022,2452,2435,3.4395306,4.0,2023-01-19 18:00:00,1
1709,Platja d'or (Can Pastilla)_2022,2453,2435,4.022159,4.0,2023-01-19 19:00:00,1
1710,Platja d'or (Can Pastilla)_2022,2454,2435,4.0832186,4.0,2023-01-19 20:00:00,1
1711,Platja d'or (Can Pastilla)_2022,2455,2435,4.101904,4.0,2023-01-20 08:00:00,1
1712,Platja d'or (Can Pastilla)_2022,2456,2435,4.1736617,4.0,2023-01-20 09:00:00,1
1713,Platja d'or (Can Pastilla)_2022,2457,2435,4.0295806,9.0,2023-01-20 10:00:00,1
1714,Platja d'or (Can Pastilla)_2022,2458,2435,3.9410572,6.0,2023-01-20 11:00:00,1
1715,Platja d'or (Can Pastilla)_2022,2459,2435,3.940438,10.0,2023-01-20 12:00:00,1
1716,Platja d'or (Can Pastilla)_2022,2460,2435,4.1321745,8.0,2023-01-20 13:00:00,1
1717,Platja d'or (Can Pastilla)_2022,2461,2435,4.5173025,6.0,2023-01-20 14:00:00,1
1718,Platja d'or (Can Pastilla)_2022,2462,2435,4.4924207,5.0,2023-01-20 15:00:00,1
1719,Platja d'or (Can Pastilla)_2022,2463,2435,3.7663195,4.0,2023-01-20 16:00:00,1
1720,Platja d'or (Can Pastilla)_2022,2464,2435,3.3451517,6.0,2023-01-20 17:00:00,1
1721,Platja d'or (Can Pastilla)_2022,2465,2435,3.449801,4.0,2023-01-20 18:00:00,1
1722,Platja d'or (Can Pastilla)_2022,2466,2435,4.006666,4.0,2023-01-20 19:00:00,1
1723,Platja d'or (Can Pastilla)_2022,2467,2435,3.9746299,4.0,2023-01-20 20:00:00,1
1724,Platja d'or (Can Pastilla)_2022,2468,2435,3.9245605,4.0,2023-01-21 08:00:00,1
1725,Platja d'or (Can Pastilla)_2022,2469,2435,3.9317472,4.0,2023-01-21 09:00:00,1
1726,Platja d'or (Can Pastilla)_2022,2470,2435,3.9826002,4.0,2023-01-21 10:00:00,1
1727,Platja d'or (Can Pastilla)_2022,2471,2435,4.1109962,4.0,2023-01-21 11:00:00,1
1728,Platja d'or (Can Pastilla)_2022,2472,2471,4.455468,7.0,2023-01-21 12:00:00,1
1729,Platja d'or (Can Pastilla)_2022,2473,2471,5.957403,5.0,2023-01-21 13:00:00,1
1730,Platja d'or (Can Pastilla)_2022,2474,2471,5.583201,9.0,2023-01-21 14:00:00,1
1731,Platja d'or (Can Pastilla)_2022,2475,2471,4.7006693,4.0,2023-01-21 15:00:00,1
1732,Platja d'or (Can Pastilla)_2022,2476,2471,4.009859,3.0,2023-01-21 16:00:00,1
1733,Platja d'or (Can Pastilla)_2022,2477,2471,4.0292397,4.0,2023-01-21 17:00:00,1
1734,Platja d'or (Can Pastilla)_2022,2478,2471,3.8487396,4.0,2023-01-21 18:00:00,1
1735,Platja d'or (Can Pastilla)_2022,2479,2471,3.911489,4.0,2023-01-21 19:00:00,1
1736,Platja d'or (Can Pastilla)_2022,2480,2471,3.8589156,4.0,2023-01-21 20:00:00,1
1737,Platja d'or (Can Pastilla)_2022,2481,2471,3.9627674,4.0,2023-01-22 08:00:00,1
1738,Platja d'or (Can Pastilla)_2022,2482,2471,4.2264247,3.0,2023-01-22 09:00:00,1
1739,Platja d'or (Can Pastilla)_2022,2483,2471,5.132278,4.0,2023-01-22 10:00:00,1
1740,Platja d'or (Can Pastilla)_2022,2484,2471,6.2627316,3.0,2023-01-22 11:00:00,1
1741,Platja d'or (Can Pastilla)_2022,2485,2471,6.5627666,4.0,2023-01-22 12:00:00,1
1742,Platja d'or (Can Pastilla)_2022,2486,2471,5.7915487,3.0,2023-01-22 13:00:00,1
1743,Platja d'or (Can Pastilla)_2022,2487,2471,6.2119474,3.0,2023-01-22 14:00:00,1
1744,Platja d'or (Can Pastilla)_2022,2488,2471,5.1291137,6.0,2023-01-22 15:00:00,1
1745,Platja d'or (Can Pastilla)_2022,2489,2471,4.31475,3.0,2023-01-22 16:00:00,1
1746,Platja d'or (Can Pastilla)_2022,2490,2471,4.4104185,4.0,2023-01-22 17:00:00,1
1747,Platja d'or (Can Pastilla)_2022,2491,2471,3.948852,3.0,2023-01-22 18:00:00,1
1748,Platja d'or (Can Pastilla)_2022,2492,2471,3.9872735,4.0,2023-01-22 19:00:00,1
1749,Platja d'or (Can Pastilla)_2022,2493,2471,3.8906512,4.0,2023-01-22 20:00:00,1
1750,Platja d'or (Can Pastilla)_2022,2494,2471,3.840742,4.0,2023-01-23 08:00:00,1
1751,Platja d'or (Can Pastilla)_2022,2495,2471,4.013722,4.0,2023-01-23 09:00:00,1
1752,Platja d'or (Can Pastilla)_2022,2496,2471,4.5910654,3.0,2023-01-23 10:00:00,1
1753,Platja d'or (Can Pastilla)_2022,2497,2471,5.1059284,3.0,2023-01-23 11:00:00,1
1754,Platja d'or (Can Pastilla)_2022,2498,2471,5.3712025,3.0,2023-01-23 12:00:00,1
1755,Platja d'or (Can Pastilla)_2022,2499,2471,5.3495674,4.0,2023-01-23 13:00:00,1
1756,Platja d'or (Can Pastilla)_2022,2500,2471,4.8152924,4.0,2023-01-23 14:00:00,1
1757,Platja d'or (Can Pastilla)_2022,2501,2471,4.368614,5.0,2023-01-23 15:00:00,1
1758,Platja d'or (Can Pastilla)_2022,2502,2471,3.9815838,3.0,2023-01-23 16:00:00,1
1759,Platja d'or (Can Pastilla)_2022,2503,2471,3.9044766,3.0,2023-01-23 17:00:00,1
1760,Platja d'or (Can Pastilla)_2022,2504,2471,3.7895074,3.0,2023-01-23 18:00:00,1
1761,Platja d'or (Can Pastilla)_2022,2505,2471,3.8527412,4.0,2023-01-23 19:00:00,1
1762,Platja d'or (Can Pastilla)_2022,2506,2471,3.8287919,4.0,2023-01-23 20:00:00,1
1763,Platja d'or (Can Pastilla)_2022,2507,2471,3.983723,4.0,2023-01-24 08:00:00,1
1764,Platja d'or (Can Pastilla)_2022,2508,2507,3.9273527,4.0,2023-01-24 09:00:00,1
1765,Platja d'or (Can Pastilla)_2022,2509,2507,3.908129,3.0,2023-01-24 10:00:00,1
1766,Platja d'or (Can Pastilla)_2022,2510,2507,3.7329192,3.0,2023-01-24 11:00:00,1
1767,Platja d'or (Can Pastilla)_2022,2511,2507,3.7079897,3.0,2023-01-24 12:00:00,1
1768,Platja d'or (Can Pastilla)_2022,2512,2507,3.7914248,3.0,2023-01-24 13:00:00,1
1769,Platja d'or (Can Pastilla)_2022,2513,2507,3.9698074,5.0,2023-01-24 14:00:00,1
1770,Platja d'or (Can Pastilla)_2022,2514,2507,3.8930235,4.0,2023-01-24 15:00:00,1
1771,Platja d'or (Can Pastilla)_2022,2515,2507,3.642457,5.0,2023-01-24 16:00:00,1
1772,Platja d'or (Can Pastilla)_2022,2516,2507,3.5447152,4.0,2023-01-24 17:00:00,1
1773,Platja d'or (Can Pastilla)_2022,2517,2507,3.285357,3.0,2023-01-24 18:00:00,1
1774,Platja d'or (Can Pastilla)_2022,2518,2507,3.7580981,4.0,2023-01-24 19:00:00,1
1775,Platja d'or (Can Pastilla)_2022,2519,2507,3.9542985,4.0,2023-01-24 20:00:00,1
1776,Platja d'or (Can Pastilla)_2022,2520,2507,3.9249046,4.0,2023-01-25 08:00:00,1
1777,Platja d'or (Can Pastilla)_2022,2521,2507,3.9049344,3.0,2023-01-25 09:00:00,1
1778,Platja d'or (Can Pastilla)_2022,2522,2507,3.7882674,4.0,2023-01-25 10:00:00,1
1779,Platja d'or (Can Pastilla)_2022,2523,2507,3.698021,4.0,2023-01-25 11:00:00,1
1780,Platja d'or (Can Pastilla)_2022,2524,2507,3.6409268,4.0,2023-01-25 12:00:00,1
1781,Platja d'or (Can Pastilla)_2022,2525,2507,3.6329505,3.0,2023-01-25 13:00:00,1
1782,Platja d'or (Can Pastilla)_2022,2526,2507,3.7043943,3.0,2023-01-25 14:00:00,1
1783,Platja d'or (Can Pastilla)_2022,2527,2507,3.6734116,3.0,2023-01-25 15:00:00,1
1784,Platja d'or (Can Pastilla)_2022,2528,2507,3.5644412,4.0,2023-01-25 16:00:00,1
1785,Platja d'or (Can Pastilla)_2022,2529,2507,3.4710205,3.0,2023-01-25 17:00:00,1
1786,Platja d'or (Can Pastilla)_2022,2530,2507,3.3166559,5.0,2023-01-25 18:00:00,1
1787,Platja d'or (Can Pastilla)_2022,2531,2507,3.83413,4.0,2023-01-25 19:00:00,1
1788,Platja d'or (Can Pastilla)_2022,2532,2507,3.9803987,4.0,2023-01-25 20:00:00,1
1789,Platja d'or (Can Pastilla)_2022,2533,2507,3.893752,4.0,2023-01-26 09:00:00,1
1790,Platja d'or (Can Pastilla)_2022,2534,2507,3.8795853,3.0,2023-01-26 10:00:00,1
1791,Platja d'or (Can Pastilla)_2022,2535,2507,3.7681956,4.0,2023-01-26 11:00:00,1
1792,Platja d'or (Can Pastilla)_2022,2536,2507,3.7576618,3.0,2023-01-26 12:00:00,1
1793,Platja d'or (Can Pastilla)_2022,2537,2507,3.9471726,7.0,2023-01-26 14:00:00,1
1794,Platja d'or (Can Pastilla)_2022,2538,2507,3.9323628,5.0,2023-01-26 15:00:00,1
1795,Platja d'or (Can Pastilla)_2022,2539,2507,3.7090385,4.0,2023-01-26 16:00:00,1
1796,Platja d'or (Can Pastilla)_2022,2540,2507,3.6177578,4.0,2023-01-26 17:00:00,1
1797,Platja d'or (Can Pastilla)_2022,2541,2507,3.3227708,4.0,2023-01-26 18:00:00,1
1798,Platja d'or (Can Pastilla)_2022,2542,2507,3.8426526,5.0,2023-01-26 19:00:00,1
1799,Platja d'or (Can Pastilla)_2022,2543,2507,3.9487073,4.0,2023-01-26 20:00:00,1
1800,"Platja d'or (Can Pastilla, desde BonaOna)_2022",2336,2335,4.0316877,3.0,2023-01-11 08:00:00,1
1801,"Platja d'or (Can Pastilla, desde BonaOna)_2022",2337,2335,3.954218,3.0,2023-01-11 09:00:00,1
1802,"Platja d'or (Can Pastilla, desde BonaOna)_2022",2338,2335,3.9406247,3.0,2023-01-11 10:00:00,1
1803,"Platja d'or (Can Pastilla, desde BonaOna)_2022",2339,2335,4.045972,4.0,2023-01-11 11:00:00,1
1804,"Platja d'or (Can Pastilla, desde BonaOna)_2022",2340,2335,4.15486,4.0,2023-01-11 12:00:00,1
1805,"Platja d'or (Can Pastilla, desde BonaOna)_2022",2341,2335,4.427047,3.0,2023-01-11 13:00:00,1
1806,"Platja d'or (Can Pastilla, desde BonaOna)_2022",2342,2335,4.725604,4.0,2023-01-11 14:00:00,1
1807,"Platja d'or (Can Pastilla, desde BonaOna)_2022",2343,2335,5.063739,7.0,2023-01-11 15:00:00,1
1808,"Platja d'or (Can Pastilla, desde BonaOna)_2022",2344,2335,5.1135726,5.0,2023-01-11 16:00:00,1
1809,"Platja d'or (Can Pastilla, desde BonaOna)_2022",2345,2335,4.522451,4.0,2023-01-11 17:00:00,1
1810,"Platja d'or (Can Pastilla, desde BonaOna)_2022",2346,2335,4.0972753,4.0,2023-01-11 18:00:00,1
1811,"Platja d'or (Can Pastilla, desde BonaOna)_2022",2347,2335,4.0986066,4.0,2023-01-11 19:00:00,1
1812,"Platja d'or (Can Pastilla, desde BonaOna)_2022",2348,2335,4.0413504,4.0,2023-01-11 20:00:00,1
1813,"Platja d'or (Can Pastilla, desde BonaOna)_2022",2349,2335,3.8483243,4.0,2023-01-12 08:00:00,1
1814,"Platja d'or (Can Pastilla, desde BonaOna)_2022",2350,2335,3.7664015,3.0,2023-01-12 09:00:00,1
1815,"Platja d'or (Can Pastilla, desde BonaOna)_2022",2351,2335,4.0305457,3.0,2023-01-12 10:00:00,1
1816,"Platja d'or (Can Pastilla, desde BonaOna)_2022",2352,2335,4.00819,3.0,2023-01-12 11:00:00,1
1817,"Platja d'or (Can Pastilla, desde BonaOna)_2022",2353,2335,4.1407576,4.0,2023-01-12 12:00:00,1
1818,"Platja d'or (Can Pastilla, desde BonaOna)_2022",2354,2335,4.425784,7.0,2023-01-12 13:00:00,1
1819,"Platja d'or (Can Pastilla, desde BonaOna)_2022",2355,2335,4.6891418,6.0,2023-01-12 14:00:00,1
1820,"Platja d'or (Can Pastilla, desde BonaOna)_2022",2356,2335,5.0300956,10.0,2023-01-12 15:00:00,1
1821,"Platja d'or (Can Pastilla, desde BonaOna)_2022",2357,2335,5.259725,5.0,2023-01-12 16:00:00,1
1822,"Platja d'or (Can Pastilla, desde BonaOna)_2022",2358,2335,4.8069773,10.0,2023-01-12 17:00:00,1
1823,"Platja d'or (Can Pastilla, desde BonaOna)_2022",2359,2335,4.2211857,5.0,2023-01-12 18:00:00,1
1824,"Platja d'or (Can Pastilla, desde BonaOna)_2022",2360,2335,4.0395403,4.0,2023-01-12 19:00:00,1
1825,"Platja d'or (Can Pastilla, desde BonaOna)_2022",2361,2335,4.011824,4.0,2023-01-12 20:00:00,1
1826,"Platja d'or (Can Pastilla, desde BonaOna)_2022",2362,2335,3.7572603,4.0,2023-01-13 08:00:00,1
1827,"Platja d'or (Can Pastilla, desde BonaOna)_2022",2363,2335,3.9610958,4.0,2023-01-13 09:00:00,1
1828,"Platja d'or (Can Pastilla, desde BonaOna)_2022",2364,2335,4.0442557,4.0,2023-01-13 10:00:00,1
1829,"Platja d'or (Can Pastilla, desde BonaOna)_2022",2365,2335,4.031007,3.0,2023-01-13 11:00:00,1
1830,"Platja d'or (Can Pastilla, desde BonaOna)_2022",2366,2335,4.173772,6.0,2023-01-13 12:00:00,1
1831,"Platja d'or (Can Pastilla, desde BonaOna)_2022",2367,2335,4.4751024,4.0,2023-01-13 13:00:00,1
1832,"Platja d'or (Can Pastilla, desde BonaOna)_2022",2368,2335,4.648014,4.0,2023-01-13 14:00:00,1
1833,"Platja d'or (Can Pastilla, desde BonaOna)_2022",2369,2335,5.0153456,3.0,2023-01-13 15:00:00,1
1834,"Platja d'or (Can Pastilla, desde BonaOna)_2022",2370,2335,5.126111,7.0,2023-01-13 16:00:00,1
1835,"Platja d'or (Can Pastilla, desde BonaOna)_2022",2371,2335,4.542794,4.0,2023-01-13 17:00:00,1
1836,"Platja d'or (Can Pastilla, desde BonaOna)_2022",2372,2371,4.0074825,4.0,2023-01-13 18:00:00,1
1837,"Platja d'or (Can Pastilla, desde BonaOna)_2022",2373,2371,3.9457703,4.0,2023-01-13 19:00:00,1
1838,"Platja d'or (Can Pastilla, desde BonaOna)_2022",2374,2371,3.8881264,4.0,2023-01-13 20:00:00,1
1839,"Platja d'or (Can Pastilla, desde BonaOna)_2022",2375,2371,3.346046,4.0,2023-01-14 08:00:00,1
1840,"Platja d'or (Can Pastilla, desde BonaOna)_2022",2376,2371,3.2078311,4.0,2023-01-14 09:00:00,1
1841,"Platja d'or (Can Pastilla, desde BonaOna)_2022",2377,2371,3.2469866,3.0,2023-01-14 10:00:00,1
1842,"Platja d'or (Can Pastilla, desde BonaOna)_2022",2378,2371,3.4844427,4.0,2023-01-14 11:00:00,1
1843,"Platja d'or (Can Pastilla, desde BonaOna)_2022",2379,2371,3.7566895,8.0,2023-01-14 12:00:00,1
1844,"Platja d'or (Can Pastilla, desde BonaOna)_2022",2380,2371,3.928445,5.0,2023-01-14 13:00:00,1
1845,"Platja d'or (Can Pastilla, desde BonaOna)_2022",2381,2371,4.0899096,7.0,2023-01-14 14:00:00,1
1846,"Platja d'or (Can Pastilla, desde BonaOna)_2022",2382,2371,4.8063197,8.0,2023-01-14 15:00:00,1
1847,"Platja d'or (Can Pastilla, desde BonaOna)_2022",2383,2371,5.2868423,9.0,2023-01-14 16:00:00,1
1848,"Platja d'or (Can Pastilla, desde BonaOna)_2022",2384,2371,4.5918465,6.0,2023-01-14 17:00:00,1
1849,"Platja d'or (Can Pastilla, desde BonaOna)_2022",2385,2371,4.173876,4.0,2023-01-14 18:00:00,1
1850,"Platja d'or (Can Pastilla, desde BonaOna)_2022",2386,2371,4.0102324,4.0,2023-01-14 19:00:00,1
1851,"Platja d'or (Can Pastilla, desde BonaOna)_2022",2387,2371,3.9658942,4.0,2023-01-14 20:00:00,1
1852,"Platja d'or (Can Pastilla, desde BonaOna)_2022",2388,2371,3.2258663,4.0,2023-01-15 08:00:00,1
1853,"Platja d'or (Can Pastilla, desde BonaOna)_2022",2389,2371,3.211777,4.0,2023-01-15 09:00:00,1
1854,"Platja d'or (Can Pastilla, desde BonaOna)_2022",2390,2371,3.2894926,5.0,2023-01-15 10:00:00,1
1855,"Platja d'or (Can Pastilla, desde BonaOna)_2022",2391,2371,3.5158944,4.0,2023-01-15 11:00:00,1
1856,"Platja d'or (Can Pastilla, desde BonaOna)_2022",2392,2371,3.752781,6.0,2023-01-15 12:00:00,1
1857,"Platja d'or (Can Pastilla, desde BonaOna)_2022",2393,2371,3.9636753,12.0,2023-01-15 13:00:00,1
1858,"Platja d'or (Can Pastilla, desde BonaOna)_2022",2394,2371,4.103112,5.0,2023-01-15 14:00:00,1
1859,"Platja d'or (Can Pastilla, desde BonaOna)_2022",2395,2371,4.6555185,9.0,2023-01-15 15:00:00,1
1860,"Platja d'or (Can Pastilla, desde BonaOna)_2022",2396,2371,4.91671,6.0,2023-01-15 16:00:00,1
1861,"Platja d'or (Can Pastilla, desde BonaOna)_2022",2397,2371,4.487978,6.0,2023-01-15 17:00:00,1
1862,"Platja d'or (Can Pastilla, desde BonaOna)_2022",2398,2371,4.1699944,4.0,2023-01-15 18:00:00,1
1863,"Platja d'or (Can Pastilla, desde BonaOna)_2022",2399,2371,4.0437617,4.0,2023-01-15 19:00:00,1
1864,"Platja d'or (Can Pastilla, desde BonaOna)_2022",2400,2371,3.959165,4.0,2023-01-15 20:00:00,1
1865,"Platja d'or (Can Pastilla, desde BonaOna)_2022",2401,2371,3.2991471,4.0,2023-01-16 08:00:00,1
1866,"Platja d'or (Can Pastilla, desde BonaOna)_2022",2402,2371,3.2410042,3.0,2023-01-16 09:00:00,1
1867,"Platja d'or (Can Pastilla, desde BonaOna)_2022",2403,2371,3.230779,3.0,2023-01-16 10:00:00,1
1868,"Platja d'or (Can Pastilla, desde BonaOna)_2022",2404,2371,3.3878007,4.0,2023-01-16 11:00:00,1
1869,"Platja d'or (Can Pastilla, desde BonaOna)_2022",2405,2371,3.4586837,11.0,2023-01-16 12:00:00,1
1870,"Platja d'or (Can Pastilla, desde BonaOna)_2022",2406,2371,3.5243351,3.0,2023-01-16 13:00:00,1
1871,"Platja d'or (Can Pastilla, desde BonaOna)_2022",2407,2371,3.5845907,5.0,2023-01-16 14:00:00,1
1872,"Platja d'or (Can Pastilla, desde BonaOna)_2022",2408,2407,4.3806753,7.0,2023-01-16 15:00:00,1
1873,"Platja d'or (Can Pastilla, desde BonaOna)_2022",2409,2407,4.3242054,6.0,2023-01-16 16:00:00,1
1874,"Platja d'or (Can Pastilla, desde BonaOna)_2022",2410,2407,4.2042484,4.0,2023-01-16 17:00:00,1
1875,"Platja d'or (Can Pastilla, desde BonaOna)_2022",2411,2407,3.9569,4.0,2023-01-16 18:00:00,1
1876,"Platja d'or (Can Pastilla, desde BonaOna)_2022",2412,2407,4.0210333,4.0,2023-01-16 19:00:00,1
1877,"Platja d'or (Can Pastilla, desde BonaOna)_2022",2413,2407,3.9785984,4.0,2023-01-16 20:00:00,1
1878,"Platja d'or (Can Pastilla, desde BonaOna)_2022",2414,2407,3.6317813,4.0,2023-01-17 08:00:00,1
1879,"Platja d'or (Can Pastilla, desde BonaOna)_2022",2415,2407,3.5213475,3.0,2023-01-17 09:00:00,1
1880,"Platja d'or (Can Pastilla, desde BonaOna)_2022",2416,2407,3.6034565,3.0,2023-01-17 10:00:00,1
1881,"Platja d'or (Can Pastilla, desde BonaOna)_2022",2417,2407,3.9490855,3.0,2023-01-17 11:00:00,1
1882,"Platja d'or (Can Pastilla, desde BonaOna)_2022",2418,2407,4.460301,3.0,2023-01-17 12:00:00,1
1883,"Platja d'or (Can Pastilla, desde BonaOna)_2022",2419,2407,4.8198404,4.0,2023-01-17 13:00:00,1
1884,"Platja d'or (Can Pastilla, desde BonaOna)_2022",2420,2407,5.0203967,4.0,2023-01-17 14:00:00,1
1885,"Platja d'or (Can Pastilla, desde BonaOna)_2022",2421,2407,5.2361975,3.0,2023-01-17 15:00:00,1
1886,"Platja d'or (Can Pastilla, desde BonaOna)_2022",2422,2407,5.099966,6.0,2023-01-17 16:00:00,1
1887,"Platja d'or (Can Pastilla, desde BonaOna)_2022",2423,2407,4.4686837,5.0,2023-01-17 17:00:00,1
1888,"Platja d'or (Can Pastilla, desde BonaOna)_2022",2424,2407,3.5723627,6.0,2023-01-18 11:00:00,1
1889,"Platja d'or (Can Pastilla, desde BonaOna)_2022",2425,2407,3.7171965,11.0,2023-01-18 12:00:00,1
1890,"Platja d'or (Can Pastilla, desde BonaOna)_2022",2426,2407,3.8524885,5.0,2023-01-18 13:00:00,1
1891,"Platja d'or (Can Pastilla, desde BonaOna)_2022",2427,2407,4.0092077,4.0,2023-01-18 14:00:00,1
1892,"Platja d'or (Can Pastilla, desde BonaOna)_2022",2428,2407,4.2162824,6.0,2023-01-18 15:00:00,1
1893,"Platja d'or (Can Pastilla, desde BonaOna)_2022",2429,2407,4.199105,4.0,2023-01-18 16:00:00,1
1894,"Platja d'or (Can Pastilla, desde BonaOna)_2022",2430,2407,3.947552,7.0,2023-01-18 17:00:00,1
1895,"Platja d'or (Can Pastilla, desde BonaOna)_2022",2431,2407,3.9458575,3.0,2023-01-18 18:00:00,1
1896,"Platja d'or (Can Pastilla, desde BonaOna)_2022",2432,2407,3.9851494,4.0,2023-01-18 19:00:00,1
1897,"Platja d'or (Can Pastilla, desde BonaOna)_2022",2433,2407,3.9527354,4.0,2023-01-18 20:00:00,1
1898,"Platja d'or (Can Pastilla, desde BonaOna)_2022",2434,2407,3.7348247,4.0,2023-01-19 08:00:00,1
1899,"Platja d'or (Can Pastilla, desde BonaOna)_2022",2435,2407,3.549257,4.0,2023-01-19 10:00:00,1
1900,"Platja d'or (Can Pastilla, desde BonaOna)_2022",2436,2407,3.578727,3.0,2023-01-19 11:00:00,1
1901,"Platja d'or (Can Pastilla, desde BonaOna)_2022",2437,2407,3.8082657,5.0,2023-01-19 12:00:00,1
1902,"Platja d'or (Can Pastilla, desde BonaOna)_2022",2438,2407,4.129261,4.0,2023-01-19 13:00:00,1
1903,"Platja d'or (Can Pastilla, desde BonaOna)_2022",2439,2407,4.266293,6.0,2023-01-19 14:00:00,1
1904,"Platja d'or (Can Pastilla, desde BonaOna)_2022",2440,2407,4.440071,4.0,2023-01-19 15:00:00,1
1905,"Platja d'or (Can Pastilla, desde BonaOna)_2022",2441,2407,4.7991204,4.0,2023-01-19 16:00:00,1
1906,"Platja d'or (Can Pastilla, desde BonaOna)_2022",2442,2407,4.2077,3.0,2023-01-19 17:00:00,1
1907,"Platja d'or (Can Pastilla, desde BonaOna)_2022",2443,2407,3.9507551,4.0,2023-01-19 18:00:00,1
1908,"Platja d'or (Can Pastilla, desde BonaOna)_2022",2444,2443,3.7840667,4.0,2023-01-19 19:00:00,1
1909,"Platja d'or (Can Pastilla, desde BonaOna)_2022",2445,2443,3.9453888,4.0,2023-01-19 20:00:00,1
1910,"Platja d'or (Can Pastilla, desde BonaOna)_2022",2446,2443,3.5748277,4.0,2023-01-20 08:00:00,1
1911,"Platja d'or (Can Pastilla, desde BonaOna)_2022",2447,2443,3.5484076,4.0,2023-01-20 09:00:00,1
1912,"Platja d'or (Can Pastilla, desde BonaOna)_2022",2448,2443,3.607512,6.0,2023-01-20 10:00:00,1
1913,"Platja d'or (Can Pastilla, desde BonaOna)_2022",2449,2443,3.709334,8.0,2023-01-20 11:00:00,1
1914,"Platja d'or (Can Pastilla, desde BonaOna)_2022",2450,2443,3.871952,18.0,2023-01-20 12:00:00,1
1915,"Platja d'or (Can Pastilla, desde BonaOna)_2022",2451,2443,4.233469,4.0,2023-01-20 13:00:00,1
1916,"Platja d'or (Can Pastilla, desde BonaOna)_2022",2452,2443,4.801113,6.0,2023-01-20 14:00:00,1
1917,"Platja d'or (Can Pastilla, desde BonaOna)_2022",2453,2443,5.005907,7.0,2023-01-20 15:00:00,1
1918,"Platja d'or (Can Pastilla, desde BonaOna)_2022",2454,2443,4.3323545,4.0,2023-01-20 16:00:00,1
1919,"Platja d'or (Can Pastilla, desde BonaOna)_2022",2455,2443,4.0572925,6.0,2023-01-20 17:00:00,1
1920,"Platja d'or (Can Pastilla, desde BonaOna)_2022",2456,2443,3.76032,4.0,2023-01-20 18:00:00,1
1921,"Platja d'or (Can Pastilla, desde BonaOna)_2022",2457,2443,3.8590841,4.0,2023-01-20 19:00:00,1
1922,"Platja d'or (Can Pastilla, desde BonaOna)_2022",2458,2443,3.9998336,4.0,2023-01-20 20:00:00,1
1923,"Platja d'or (Can Pastilla, desde BonaOna)_2022",2459,2443,3.6338751,4.0,2023-01-21 08:00:00,1
1924,"Platja d'or (Can Pastilla, desde BonaOna)_2022",2460,2443,3.5137756,3.0,2023-01-21 09:00:00,1
1925,"Platja d'or (Can Pastilla, desde BonaOna)_2022",2461,2443,3.5344663,4.0,2023-01-21 10:00:00,1
1926,"Platja d'or (Can Pastilla, desde BonaOna)_2022",2462,2443,3.7516441,4.0,2023-01-21 11:00:00,1
1927,"Platja d'or (Can Pastilla, desde BonaOna)_2022",2463,2443,4.0645084,5.0,2023-01-21 12:00:00,1
1928,"Platja d'or (Can Pastilla, desde BonaOna)_2022",2464,2443,5.2570276,5.0,2023-01-21 13:00:00,1
1929,"Platja d'or (Can Pastilla, desde BonaOna)_2022",2465,2443,5.290762,12.0,2023-01-21 14:00:00,1
1930,"Platja d'or (Can Pastilla, desde BonaOna)_2022",2466,2443,5.006773,3.0,2023-01-21 15:00:00,1
1931,"Platja d'or (Can Pastilla, desde BonaOna)_2022",2467,2443,4.1428185,4.0,2023-01-21 16:00:00,1
1932,"Platja d'or (Can Pastilla, desde BonaOna)_2022",2468,2443,3.9793572,4.0,2023-01-21 17:00:00,1
1933,"Platja d'or (Can Pastilla, desde BonaOna)_2022",2469,2443,3.7597618,4.0,2023-01-21 18:00:00,1
1934,"Platja d'or (Can Pastilla, desde BonaOna)_2022",2470,2443,3.8075886,4.0,2023-01-21 19:00:00,1
1935,"Platja d'or (Can Pastilla, desde BonaOna)_2022",2471,2443,3.9237432,4.0,2023-01-21 20:00:00,1
1936,"Platja d'or (Can Pastilla, desde BonaOna)_2022",2472,2443,3.6958876,4.0,2023-01-22 08:00:00,1
1937,"Platja d'or (Can Pastilla, desde BonaOna)_2022",2473,2443,3.604117,3.0,2023-01-22 09:00:00,1
1938,"Platja d'or (Can Pastilla, desde BonaOna)_2022",2474,2443,3.9178095,4.0,2023-01-22 10:00:00,1
1939,"Platja d'or (Can Pastilla, desde BonaOna)_2022",2475,2443,4.791029,4.0,2023-01-22 11:00:00,1
1940,"Platja d'or (Can Pastilla, desde BonaOna)_2022",2476,2443,5.5290575,3.0,2023-01-22 12:00:00,1
1941,"Platja d'or (Can Pastilla, desde BonaOna)_2022",2477,2443,5.1299453,4.0,2023-01-22 13:00:00,1
1942,"Platja d'or (Can Pastilla, desde BonaOna)_2022",2478,2443,5.764729,4.0,2023-01-22 14:00:00,1
1943,"Platja d'or (Can Pastilla, desde BonaOna)_2022",2479,2443,5.3009777,4.0,2023-01-22 15:00:00,1
1944,"Platja d'or (Can Pastilla, desde BonaOna)_2022",2480,2479,3.9044971,4.0,2023-01-22 16:00:00,1
1945,"Platja d'or (Can Pastilla, desde BonaOna)_2022",2481,2479,3.9974766,5.0,2023-01-22 17:00:00,1
1946,"Platja d'or (Can Pastilla, desde BonaOna)_2022",2482,2479,3.9836025,5.0,2023-01-22 18:00:00,1
1947,"Platja d'or (Can Pastilla, desde BonaOna)_2022",2483,2479,4.0243835,4.0,2023-01-22 19:00:00,1
1948,"Platja d'or (Can Pastilla, desde BonaOna)_2022",2484,2479,3.9668052,4.0,2023-01-22 20:00:00,1
1949,"Platja d'or (Can Pastilla, desde BonaOna)_2022",2485,2479,3.7600217,4.0,2023-01-23 08:00:00,1
1950,"Platja d'or (Can Pastilla, desde BonaOna)_2022",2486,2479,3.841226,4.0,2023-01-23 09:00:00,1
1951,"Platja d'or (Can Pastilla, desde BonaOna)_2022",2487,2479,3.9159677,3.0,2023-01-23 10:00:00,1
1952,"Platja d'or (Can Pastilla, desde BonaOna)_2022",2488,2479,3.9594932,4.0,2023-01-23 11:00:00,1
1953,"Platja d'or (Can Pastilla, desde BonaOna)_2022",2489,2479,4.062083,3.0,2023-01-23 12:00:00,1
1954,"Platja d'or (Can Pastilla, desde BonaOna)_2022",2490,2479,4.2085156,4.0,2023-01-23 13:00:00,1
1955,"Platja d'or (Can Pastilla, desde BonaOna)_2022",2491,2479,4.19819,5.0,2023-01-23 14:00:00,1
1956,"Platja d'or (Can Pastilla, desde BonaOna)_2022",2492,2479,4.1086564,5.0,2023-01-23 15:00:00,1
1957,"Platja d'or (Can Pastilla, desde BonaOna)_2022",2493,2479,3.8801003,3.0,2023-01-23 16:00:00,1
1958,"Platja d'or (Can Pastilla, desde BonaOna)_2022",2494,2479,3.8433774,4.0,2023-01-23 17:00:00,1
1959,"Platja d'or (Can Pastilla, desde BonaOna)_2022",2495,2479,3.873828,3.0,2023-01-23 18:00:00,1
1960,"Platja d'or (Can Pastilla, desde BonaOna)_2022",2496,2479,3.920833,4.0,2023-01-23 19:00:00,1
1961,"Platja d'or (Can Pastilla, desde BonaOna)_2022",2497,2479,3.9000907,4.0,2023-01-23 20:00:00,1
1962,"Platja d'or (Can Pastilla, desde BonaOna)_2022",2498,2479,3.9760892,4.0,2023-01-24 08:00:00,1
1963,"Platja d'or (Can Pastilla, desde BonaOna)_2022",2499,2479,4.033708,4.0,2023-01-24 09:00:00,1
1964,"Platja d'or (Can Pastilla, desde BonaOna)_2022",2500,2479,4.0800443,4.0,2023-01-24 10:00:00,1
1965,"Platja d'or (Can Pastilla, desde BonaOna)_2022",2501,2479,4.345667,3.0,2023-01-24 11:00:00,1
1966,"Platja d'or (Can Pastilla, desde BonaOna)_2022",2502,2479,4.8742366,3.0,2023-01-24 12:00:00,1
1967,"Platja d'or (Can Pastilla, desde BonaOna)_2022",2503,2479,5.092723,3.0,2023-01-24 13:00:00,1
1968,"Platja d'or (Can Pastilla, desde BonaOna)_2022",2504,2479,5.1993656,5.0,2023-01-24 14:00:00,1
1969,"Platja d'or (Can Pastilla, desde BonaOna)_2022",2505,2479,4.659323,4.0,2023-01-24 15:00:00,1
1970,"Platja d'or (Can Pastilla, desde BonaOna)_2022",2506,2479,4.055658,4.0,2023-01-24 16:00:00,1
1971,"Platja d'or (Can Pastilla, desde BonaOna)_2022",2507,2479,4.007865,4.0,2023-01-24 17:00:00,1
1972,"Platja d'or (Can Pastilla, desde BonaOna)_2022",2508,2479,3.9461856,3.0,2023-01-24 18:00:00,1
1973,"Platja d'or (Can Pastilla, desde BonaOna)_2022",2509,2479,4.001376,4.0,2023-01-24 19:00:00,1
1974,"Platja d'or (Can Pastilla, desde BonaOna)_2022",2510,2479,3.9814491,4.0,2023-01-24 20:00:00,1
1975,"Platja d'or (Can Pastilla, desde BonaOna)_2022",2511,2479,3.880058,4.0,2023-01-25 08:00:00,1
1976,"Platja d'or (Can Pastilla, desde BonaOna)_2022",2512,2479,4.1041174,5.0,2023-01-25 13:00:00,1
1977,"Platja d'or (Can Pastilla, desde BonaOna)_2022",2513,2479,4.2769413,3.0,2023-01-25 14:00:00,1
1978,"Platja d'or (Can Pastilla, desde BonaOna)_2022",2514,2479,3.9651802,3.0,2023-01-25 16:00:00,1
1979,"Platja d'or (Can Pastilla, desde BonaOna)_2022",2515,2479,3.9540365,4.0,2023-01-25 20:00:00,1
1980,Playa de Magaluf_2022,2339,2338,3.7111268,9.0,2023-01-11 16:00:00,1
1981,Playa de Magaluf_2022,2340,2338,3.4389617,4.0,2023-01-11 17:00:00,1
1982,Playa de Magaluf_2022,2341,2338,2.3237195,2.0,2023-01-11 18:00:00,1
1983,Playa de Magaluf_2022,2342,2338,1.2938865,2.0,2023-01-11 19:00:00,1
1984,Playa de Magaluf_2022,2343,2338,1.2317542,1.0,2023-01-11 20:00:00,1
1985,Playa de Magaluf_2022,2344,2338,8.600351,6.0,2023-01-12 08:00:00,1
1986,Playa de Magaluf_2022,2345,2338,8.216695,0.0,2023-01-12 09:00:00,1
1987,Playa de Magaluf_2022,2346,2338,7.881362,5.0,2023-01-12 10:00:00,1
1988,Playa de Magaluf_2022,2347,2338,5.9062657,2.0,2023-01-12 11:00:00,1
1989,Playa de Magaluf_2022,2348,2338,3.8599882,4.0,2023-01-12 12:00:00,1
1990,Playa de Magaluf_2022,2349,2338,3.1380017,4.0,2023-01-12 13:00:00,1
1991,Playa de Magaluf_2022,2350,2338,2.7432928,2.0,2023-01-12 14:00:00,1
1992,Playa de Magaluf_2022,2351,2338,2.9120274,3.0,2023-01-12 15:00:00,1
1993,Playa de Magaluf_2022,2352,2338,3.97069,2.0,2023-01-12 16:00:00,1
1994,Playa de Magaluf_2022,2353,2338,3.7471075,1.0,2023-01-12 17:00:00,1
1995,Playa de Magaluf_2022,2354,2338,2.4947102,2.0,2023-01-12 18:00:00,1
1996,Playa de Magaluf_2022,2355,2338,1.2399698,1.0,2023-01-12 19:00:00,1
1997,Playa de Magaluf_2022,2356,2338,1.1753868,1.0,2023-01-12 20:00:00,1
1998,Playa de Magaluf_2022,2357,2338,8.843127,6.0,2023-01-13 08:00:00,1
1999,Playa de Magaluf_2022,2358,2338,8.41447,5.0,2023-01-13 09:00:00,1
2000,Playa de Magaluf_2022,2359,2338,7.149202,7.0,2023-01-13 10:00:00,1
2001,Playa de Magaluf_2022,2360,2338,5.0641794,8.0,2023-01-13 11:00:00,1
2002,Playa de Magaluf_2022,2361,2338,3.6204884,6.0,2023-01-13 12:00:00,1
2003,Playa de Magaluf_2022,2362,2338,3.2422128,5.0,2023-01-13 13:00:00,1
2004,Playa de Magaluf_2022,2363,2338,2.8088665,2.0,2023-01-13 14:00:00,1
2005,Playa de Magaluf_2022,2364,2338,2.9660113,1.0,2023-01-13 15:00:00,1
2006,Playa de Magaluf_2022,2365,2338,3.6020474,8.0,2023-01-13 16:00:00,1
2007,Playa de Magaluf_2022,2366,2338,3.3259234,3.0,2023-01-13 17:00:00,1
2008,Playa de Magaluf_2022,2367,2338,2.1270225,2.0,2023-01-13 18:00:00,1
2009,Playa de Magaluf_2022,2368,2338,1.2240672,2.0,2023-01-13 19:00:00,1
2010,Playa de Magaluf_2022,2369,2338,1.1805805,1.0,2023-01-13 20:00:00,1
2011,Playa de Magaluf_2022,2370,2338,7.626126,17.0,2023-01-14 08:00:00,1
2012,Playa de Magaluf_2022,2371,2338,7.5462275,6.0,2023-01-14 09:00:00,1
2013,Playa de Magaluf_2022,2372,2338,6.723994,10.0,2023-01-14 10:00:00,1
2014,Playa de Magaluf_2022,2373,2338,4.8103595,11.0,2023-01-14 11:00:00,1
2015,Playa de Magaluf_2022,2374,2338,3.704498,6.0,2023-01-14 12:00:00,1
2016,Playa de Magaluf_2022,2375,2374,3.0865312,7.0,2023-01-14 13:00:00,1
2017,Playa de Magaluf_2022,2376,2374,2.7548883,4.0,2023-01-14 14:00:00,1
2018,Playa de Magaluf_2022,2377,2374,2.8416505,6.0,2023-01-14 15:00:00,1
2019,Playa de Magaluf_2022,2378,2374,3.7191112,4.0,2023-01-14 16:00:00,1
2020,Playa de Magaluf_2022,2379,2374,2.6988556,3.0,2023-01-14 17:00:00,1
2021,Playa de Magaluf_2022,2380,2374,2.0583563,8.0,2023-01-14 18:00:00,1
2022,Playa de Magaluf_2022,2381,2374,1.5295068,1.0,2023-01-14 19:00:00,1
2023,Playa de Magaluf_2022,2382,2374,1.1226578,1.0,2023-01-14 20:00:00,1
2024,Playa de Magaluf_2022,2383,2374,5.8100753,17.0,2023-01-15 08:00:00,1
2025,Playa de Magaluf_2022,2384,2374,5.486476,14.0,2023-01-15 09:00:00,1
2026,Playa de Magaluf_2022,2385,2374,5.0544534,3.0,2023-01-15 10:00:00,1
2027,Playa de Magaluf_2022,2386,2374,4.5030804,10.0,2023-01-15 11:00:00,1
2028,Playa de Magaluf_2022,2387,2374,3.704411,15.0,2023-01-15 12:00:00,1
2029,Playa de Magaluf_2022,2388,2374,3.1884067,5.0,2023-01-15 13:00:00,1
2030,Playa de Magaluf_2022,2389,2374,2.842249,7.0,2023-01-15 14:00:00,1
2031,Playa de Magaluf_2022,2390,2374,2.7444634,7.0,2023-01-15 15:00:00,1
2032,Playa de Magaluf_2022,2391,2374,3.2396371,2.0,2023-01-15 16:00:00,1
2033,Playa de Magaluf_2022,2392,2374,2.65165,5.0,2023-01-15 17:00:00,1
2034,Playa de Magaluf_2022,2393,2374,2.0969098,5.0,2023-01-15 18:00:00,1
2035,Playa de Magaluf_2022,2394,2374,1.5135338,1.0,2023-01-15 19:00:00,1
2036,Playa de Magaluf_2022,2395,2374,1.138871,1.0,2023-01-15 20:00:00,1
2037,Playa de Magaluf_2022,2396,2374,4.957174,7.0,2023-01-16 08:00:00,1
2038,Playa de Magaluf_2022,2397,2374,5.8843274,2.0,2023-01-16 09:00:00,1
2039,Playa de Magaluf_2022,2398,2374,5.244825,11.0,2023-01-16 10:00:00,1
2040,Playa de Magaluf_2022,2399,2374,3.453735,5.0,2023-01-16 11:00:00,1
2041,Playa de Magaluf_2022,2400,2374,3.0207949,4.0,2023-01-16 12:00:00,1
2042,Playa de Magaluf_2022,2401,2374,2.7710533,2.0,2023-01-16 13:00:00,1
2043,Playa de Magaluf_2022,2402,2374,2.5876498,0.0,2023-01-16 14:00:00,1
2044,Playa de Magaluf_2022,2403,2374,2.5194025,3.0,2023-01-16 15:00:00,1
2045,Playa de Magaluf_2022,2404,2374,2.630177,1.0,2023-01-16 16:00:00,1
2046,Playa de Magaluf_2022,2405,2374,2.0349205,0.0,2023-01-16 17:00:00,1
2047,Playa de Magaluf_2022,2406,2374,1.7736617,3.0,2023-01-16 18:00:00,1
2048,Playa de Magaluf_2022,2407,2374,1.3662088,1.0,2023-01-16 19:00:00,1
2049,Playa de Magaluf_2022,2408,2374,1.0893849,1.0,2023-01-16 20:00:00,1
2050,Playa de Magaluf_2022,2409,2374,5.884671,18.0,2023-01-17 08:00:00,1
2051,Playa de Magaluf_2022,2410,2374,5.689715,4.0,2023-01-17 09:00:00,1
2052,Playa de Magaluf_2022,2411,2410,9.343981,2.0,2023-01-17 10:00:00,1
2053,Playa de Magaluf_2022,2412,2410,5.3985896,2.0,2023-01-17 11:00:00,1
2054,Playa de Magaluf_2022,2413,2410,5.8540726,1.0,2023-01-17 12:00:00,1
2055,Playa de Magaluf_2022,2414,2410,4.0627007,2.0,2023-01-17 13:00:00,1
2056,Playa de Magaluf_2022,2415,2410,3.0718398,2.0,2023-01-17 14:00:00,1
2057,Playa de Magaluf_2022,2416,2410,2.6177402,8.0,2023-01-17 15:00:00,1
2058,Playa de Magaluf_2022,2417,2410,2.3020058,2.0,2023-01-17 16:00:00,1
2059,Playa de Magaluf_2022,2418,2410,2.0570035,3.0,2023-01-17 17:00:00,1
2060,Playa de Magaluf_2022,2419,2410,2.5409474,1.0,2023-01-17 18:00:00,1
2061,Playa de Magaluf_2022,2420,2410,1.0122017,1.0,2023-01-17 19:00:00,1
2062,Playa de Magaluf_2022,2421,2410,0.89526165,1.0,2023-01-17 20:00:00,1
2063,Playa de Magaluf_2022,2422,2410,8.39291,11.0,2023-01-18 08:00:00,1
2064,Playa de Magaluf_2022,2423,2410,8.97766,6.0,2023-01-18 09:00:00,1
2065,Playa de Magaluf_2022,2424,2410,8.609275,4.0,2023-01-18 10:00:00,1
2066,Playa de Magaluf_2022,2425,2410,6.4439025,1.0,2023-01-18 11:00:00,1
2067,Playa de Magaluf_2022,2426,2410,5.544431,2.0,2023-01-18 12:00:00,1
2068,Playa de Magaluf_2022,2427,2410,3.0153532,3.0,2023-01-18 13:00:00,1
2069,Playa de Magaluf_2022,2428,2410,2.69025,3.0,2023-01-18 14:00:00,1
2070,Playa de Magaluf_2022,2429,2410,2.5600019,1.0,2023-01-18 15:00:00,1
2071,Playa de Magaluf_2022,2430,2410,2.4893374,2.0,2023-01-18 16:00:00,1
2072,Playa de Magaluf_2022,2431,2410,2.59557,2.0,2023-01-18 17:00:00,1
2073,Playa de Magaluf_2022,2432,2410,1.7588102,4.0,2023-01-18 18:00:00,1
2074,Playa de Magaluf_2022,2433,2410,0.9464381,1.0,2023-01-18 19:00:00,1
2075,Playa de Magaluf_2022,2434,2410,0.84856325,1.0,2023-01-18 20:00:00,1
2076,Playa de Magaluf_2022,2435,2410,8.788176,10.0,2023-01-19 08:00:00,1
2077,Playa de Magaluf_2022,2436,2410,9.2645445,4.0,2023-01-19 09:00:00,1
2078,Playa de Magaluf_2022,2437,2410,8.207158,5.0,2023-01-19 10:00:00,1
2079,Playa de Magaluf_2022,2438,2410,6.411913,2.0,2023-01-19 11:00:00,1
2080,Playa de Magaluf_2022,2439,2410,5.5393224,4.0,2023-01-19 12:00:00,1
2081,Playa de Magaluf_2022,2440,2410,3.8009088,4.0,2023-01-19 13:00:00,1
2082,Playa de Magaluf_2022,2441,2410,3.381561,2.0,2023-01-19 14:00:00,1
2083,Playa de Magaluf_2022,2442,2410,2.9455056,0.0,2023-01-19 15:00:00,1
2084,Playa de Magaluf_2022,2443,2410,2.3259943,0.0,2023-01-19 16:00:00,1
2085,Playa de Magaluf_2022,2444,2410,2.2745292,2.0,2023-01-19 17:00:00,1
2086,Playa de Magaluf_2022,2445,2410,2.4250584,4.0,2023-01-19 18:00:00,1
2087,Playa de Magaluf_2022,2446,2410,1.0447729,1.0,2023-01-19 19:00:00,1
2088,Playa de Magaluf_2022,2447,2446,0.8698811,1.0,2023-01-19 20:00:00,1
2089,Playa de Magaluf_2022,2448,2446,8.073706,1.0,2023-01-20 08:00:00,1
2090,Playa de Magaluf_2022,2449,2446,5.7271066,2.0,2023-01-20 09:00:00,1
2091,Playa de Magaluf_2022,2450,2446,3.8393734,0.0,2023-01-20 10:00:00,1
2092,Playa de Magaluf_2022,2451,2446,3.1087155,4.0,2023-01-20 11:00:00,1
2093,Playa de Magaluf_2022,2452,2446,2.676002,3.0,2023-01-20 12:00:00,1
2094,Playa de Magaluf_2022,2453,2446,2.273047,1.0,2023-01-20 13:00:00,1
2095,Playa de Magaluf_2022,2454,2446,1.7295517,1.0,2023-01-20 14:00:00,1
2096,Playa de Magaluf_2022,2455,2446,1.2327859,1.0,2023-01-20 15:00:00,1
2097,Playa de Magaluf_2022,2456,2446,1.4670961,1.0,2023-01-20 16:00:00,1
2098,Playa de Magaluf_2022,2457,2446,2.294218,2.0,2023-01-20 17:00:00,1
2099,Playa de Magaluf_2022,2458,2446,1.8937857,4.0,2023-01-20 18:00:00,1
2100,Playa de Magaluf_2022,2459,2446,0.97110957,1.0,2023-01-20 19:00:00,1
2101,Playa de Magaluf_2022,2460,2446,0.9076654,1.0,2023-01-20 20:00:00,1
2102,Playa de Magaluf_2022,2461,2446,7.237999,2.0,2023-01-21 08:00:00,1
2103,Playa de Magaluf_2022,2462,2446,5.646118,3.0,2023-01-21 09:00:00,1
2104,Playa de Magaluf_2022,2463,2446,3.6869342,1.0,2023-01-21 10:00:00,1
2105,Playa de Magaluf_2022,2464,2446,3.686407,2.0,2023-01-21 11:00:00,1
2106,Playa de Magaluf_2022,2465,2446,2.4994256,9.0,2023-01-21 12:00:00,1
2107,Playa de Magaluf_2022,2466,2446,2.282409,3.0,2023-01-21 13:00:00,1
2108,Playa de Magaluf_2022,2467,2446,1.7182564,5.0,2023-01-21 14:00:00,1
2109,Playa de Magaluf_2022,2468,2446,1.4325353,0.0,2023-01-21 15:00:00,1
2110,Playa de Magaluf_2022,2469,2446,1.7491002,0.0,2023-01-21 16:00:00,1
2111,Playa de Magaluf_2022,2470,2446,2.1916416,1.0,2023-01-21 17:00:00,1
2112,Playa de Magaluf_2022,2471,2446,1.8304839,0.0,2023-01-21 18:00:00,1
2113,Playa de Magaluf_2022,2472,2446,0.9084153,1.0,2023-01-21 19:00:00,1
2114,Playa de Magaluf_2022,2473,2446,0.82250696,1.0,2023-01-21 20:00:00,1
2115,Playa de Magaluf_2022,2474,2446,9.647045,7.0,2023-01-22 08:00:00,1
2116,Playa de Magaluf_2022,2475,2446,6.156104,4.0,2023-01-22 09:00:00,1
2117,Playa de Magaluf_2022,2476,2446,3.8586552,5.0,2023-01-22 10:00:00,1
2118,Playa de Magaluf_2022,2477,2446,2.4184082,8.0,2023-01-22 11:00:00,1
2119,Playa de Magaluf_2022,2478,2446,2.1655974,6.0,2023-01-22 12:00:00,1
2120,Playa de Magaluf_2022,2479,2446,1.9055986,7.0,2023-01-22 13:00:00,1
2121,Playa de Magaluf_2022,2480,2446,1.6302652,12.0,2023-01-22 14:00:00,1
2122,Playa de Magaluf_2022,2481,2446,1.5399086,3.0,2023-01-22 15:00:00,1
2123,Playa de Magaluf_2022,2482,2446,1.6567253,2.0,2023-01-22 16:00:00,1
2124,Playa de Magaluf_2022,2483,2482,1.1729503,3.0,2023-01-22 17:00:00,1
2125,Playa de Magaluf_2022,2484,2482,1.8880234,4.0,2023-01-22 18:00:00,1
2126,Playa de Magaluf_2022,2485,2482,1.1058725,1.0,2023-01-22 19:00:00,1
2127,Playa de Magaluf_2022,2486,2482,1.0315233,1.0,2023-01-22 20:00:00,1
2128,Playa de Magaluf_2022,2487,2482,2.612391,5.0,2023-01-23 08:00:00,1
2129,Playa de Magaluf_2022,2488,2482,2.777262,8.0,2023-01-23 09:00:00,1
2130,Playa de Magaluf_2022,2489,2482,2.7017295,7.0,2023-01-23 10:00:00,1
2131,Playa de Magaluf_2022,2490,2482,2.7280416,7.0,2023-01-23 11:00:00,1
2132,Playa de Magaluf_2022,2491,2482,2.5875232,5.0,2023-01-23 12:00:00,1
2133,Playa de Magaluf_2022,2492,2482,2.2301605,3.0,2023-01-23 13:00:00,1
2134,Playa de Magaluf_2022,2493,2482,2.0509834,6.0,2023-01-23 14:00:00,1
2135,Playa de Magaluf_2022,2494,2482,1.3186164,2.0,2023-01-23 15:00:00,1
2136,Playa de Magaluf_2022,2495,2482,0.712557,1.0,2023-01-23 16:00:00,1
2137,Playa de Magaluf_2022,2496,2482,1.1243997,8.0,2023-01-23 17:00:00,1
2138,Playa de Magaluf_2022,2497,2482,1.4486562,5.0,2023-01-23 18:00:00,1
2139,Playa de Magaluf_2022,2498,2482,0.9756257,1.0,2023-01-23 19:00:00,1
2140,Playa de Magaluf_2022,2499,2482,0.9264102,2.0,2023-01-23 20:00:00,1
2141,Playa de Magaluf_2022,2500,2482,4.405574,7.0,2023-01-24 08:00:00,1
2142,Playa de Magaluf_2022,2501,2482,4.45767,6.0,2023-01-24 09:00:00,1
2143,Playa de Magaluf_2022,2502,2482,3.9217925,3.0,2023-01-24 10:00:00,1
2144,Playa de Magaluf_2022,2503,2482,4.89926,5.0,2023-01-24 11:00:00,1
2145,Playa de Magaluf_2022,2504,2482,4.907612,8.0,2023-01-24 12:00:00,1
2146,Playa de Magaluf_2022,2505,2482,4.6252522,7.0,2023-01-24 13:00:00,1
2147,Playa de Magaluf_2022,2506,2482,2.8226948,4.0,2023-01-24 14:00:00,1
2148,Playa de Magaluf_2022,2507,2482,1.542535,1.0,2023-01-24 15:00:00,1
2149,Playa de Magaluf_2022,2508,2482,0.7289723,6.0,2023-01-24 16:00:00,1
2150,Playa de Magaluf_2022,2509,2482,1.0773807,6.0,2023-01-24 17:00:00,1
2151,Playa de Magaluf_2022,2510,2482,1.704447,2.0,2023-01-24 18:00:00,1
2152,Playa de Magaluf_2022,2511,2482,1.0555692,1.0,2023-01-24 19:00:00,1
2153,Playa de Magaluf_2022,2512,2482,1.0427393,1.0,2023-01-24 20:00:00,1
2154,Playa de Magaluf_2022,2513,2482,3.2900271,5.0,2023-01-25 08:00:00,1
2155,Playa de Magaluf_2022,2514,2482,3.6124012,7.0,2023-01-25 13:00:00,1
2156,Playa de Magaluf_2022,2515,2482,2.3216097,4.0,2023-01-25 14:00:00,1
2157,Playa de Magaluf_2022,2516,2482,0.7673605,3.0,2023-01-25 16:00:00,1
2158,Playa de Magaluf_2022,2517,2482,1.0814369,1.0,2023-01-25 20:00:00,1
2159,Playa de Magaluf_2022,2518,2482,3.7942488,13.0,2023-01-26 09:00:00,1
2160,Port Palma_2022,1177,1176,76.897385,69.0,2023-01-12 09:00:00,1
2161,Port Palma_2022,1178,1176,71.78276,73.0,2023-01-12 10:00:00,1
2162,Port Palma_2022,1179,1176,70.94722,74.0,2023-01-12 11:00:00,1
2163,Port Palma_2022,1180,1176,75.715096,73.0,2023-01-12 12:00:00,1
2164,Port Palma_2022,1181,1176,81.1455,86.0,2023-01-12 13:00:00,1
2165,Port Palma_2022,1182,1176,85.78758,85.0,2023-01-12 14:00:00,1
2166,Port Palma_2022,1183,1176,81.64143,76.0,2023-01-12 15:00:00,1
2167,Port Palma_2022,1184,1176,74.729515,66.0,2023-01-12 16:00:00,1
2168,Port Palma_2022,1185,1176,72.08815,71.0,2023-01-12 17:00:00,1
2169,Port Palma_2022,1186,1176,87.53885,66.0,2023-01-12 18:00:00,1
2170,Port Palma_2022,1187,1176,82.38686,66.0,2023-01-12 19:00:00,1
2171,Port Palma_2022,1188,1176,84.39327,66.0,2023-01-12 20:00:00,1
2172,Port Palma_2022,1189,1176,81.19104,66.0,2023-01-13 08:00:00,1
2173,Port Palma_2022,1190,1176,79.150696,117.0,2023-01-13 09:00:00,1
2174,Port Palma_2022,1191,1176,72.91408,68.0,2023-01-13 10:00:00,1
2175,Port Palma_2022,1192,1176,70.954865,72.0,2023-01-13 11:00:00,1
2176,Port Palma_2022,1193,1176,74.59287,97.0,2023-01-13 12:00:00,1
2177,Port Palma_2022,1194,1176,78.399,81.0,2023-01-13 13:00:00,1
2178,Port Palma_2022,1195,1176,80.58322,105.0,2023-01-13 14:00:00,1
2179,Port Palma_2022,1196,1176,78.03682,87.0,2023-01-13 15:00:00,1
2180,Port Palma_2022,1197,1176,73.09992,100.0,2023-01-13 16:00:00,1
2181,Port Palma_2022,1198,1176,72.65973,76.0,2023-01-13 17:00:00,1
2182,Port Palma_2022,1199,1176,85.36529,81.0,2023-01-13 18:00:00,1
2183,Port Palma_2022,1200,1176,82.61143,81.0,2023-01-13 19:00:00,1
2184,Port Palma_2022,1201,1176,84.03144,81.0,2023-01-13 20:00:00,1
2185,Port Palma_2022,1202,1176,78.9751,81.0,2023-01-14 08:00:00,1
2186,Port Palma_2022,1203,1176,76.75254,107.0,2023-01-14 09:00:00,1
2187,Port Palma_2022,1204,1176,71.58575,81.0,2023-01-14 10:00:00,1
2188,Port Palma_2022,1205,1176,70.73987,92.0,2023-01-14 11:00:00,1
2189,Port Palma_2022,1206,1176,73.92742,77.0,2023-01-14 12:00:00,1
2190,Port Palma_2022,1207,1176,78.26929,82.0,2023-01-14 13:00:00,1
2191,Port Palma_2022,1208,1176,81.19124,82.0,2023-01-14 14:00:00,1
2192,Port Palma_2022,1209,1176,80.817856,70.0,2023-01-14 15:00:00,1
2193,Port Palma_2022,1210,1176,74.95895,64.0,2023-01-14 16:00:00,1
2194,Port Palma_2022,1211,1176,72.09027,69.0,2023-01-14 17:00:00,1
2195,Port Palma_2022,1212,1176,88.49202,51.0,2023-01-14 18:00:00,1
2196,Port Palma_2022,1213,1212,74.10728,51.0,2023-01-14 19:00:00,1
2197,Port Palma_2022,1214,1212,76.80097,51.0,2023-01-14 20:00:00,1
2198,Port Palma_2022,1215,1212,79.65731,51.0,2023-01-15 08:00:00,1
2199,Port Palma_2022,1216,1212,77.55467,70.0,2023-01-15 09:00:00,1
2200,Port Palma_2022,1217,1212,77.27907,99.0,2023-01-15 10:00:00,1
2201,Port Palma_2022,1218,1212,78.05673,109.0,2023-01-15 11:00:00,1
2202,Port Palma_2022,1219,1212,79.40353,90.0,2023-01-15 12:00:00,1
2203,Port Palma_2022,1220,1212,80.14606,95.0,2023-01-15 13:00:00,1
2204,Port Palma_2022,1221,1212,79.4091,99.0,2023-01-15 14:00:00,1
2205,Port Palma_2022,1222,1212,76.64981,81.0,2023-01-15 15:00:00,1
2206,Port Palma_2022,1223,1212,72.30052,61.0,2023-01-15 16:00:00,1
2207,Port Palma_2022,1224,1212,69.11464,73.0,2023-01-15 17:00:00,1
2208,Port Palma_2022,1225,1212,69.238266,88.0,2023-01-15 18:00:00,1
2209,Port Palma_2022,1226,1212,73.90994,88.0,2023-01-15 19:00:00,1
2210,Port Palma_2022,1227,1212,76.49083,88.0,2023-01-15 20:00:00,1
2211,Port Palma_2022,1228,1212,78.7092,88.0,2023-01-16 08:00:00,1
2212,Port Palma_2022,1229,1212,78.749146,73.0,2023-01-16 09:00:00,1
2213,Port Palma_2022,1230,1212,78.88742,62.0,2023-01-16 10:00:00,1
2214,Port Palma_2022,1231,1212,79.6405,72.0,2023-01-16 11:00:00,1
2215,Port Palma_2022,1232,1212,79.467575,72.0,2023-01-16 12:00:00,1
2216,Port Palma_2022,1233,1212,79.92012,69.0,2023-01-16 13:00:00,1
2217,Port Palma_2022,1234,1212,79.29274,97.0,2023-01-16 14:00:00,1
2218,Port Palma_2022,1235,1212,76.60277,78.0,2023-01-16 15:00:00,1
2219,Port Palma_2022,1236,1212,71.56629,69.0,2023-01-16 16:00:00,1
2220,Port Palma_2022,1237,1212,67.97253,43.0,2023-01-16 17:00:00,1
2221,Port Palma_2022,1238,1212,70.777916,56.0,2023-01-16 18:00:00,1
2222,Port Palma_2022,1239,1212,73.238075,56.0,2023-01-16 19:00:00,1
2223,Port Palma_2022,1240,1212,76.43567,56.0,2023-01-16 20:00:00,1
2224,Port Palma_2022,1241,1212,80.08119,56.0,2023-01-17 08:00:00,1
2225,Port Palma_2022,1242,1212,79.46735,63.0,2023-01-17 09:00:00,1
2226,Port Palma_2022,1243,1212,79.460945,60.0,2023-01-17 10:00:00,1
2227,Port Palma_2022,1244,1212,80.46723,58.0,2023-01-17 11:00:00,1
2228,Port Palma_2022,1245,1212,80.813965,53.0,2023-01-17 12:00:00,1
2229,Port Palma_2022,1246,1212,81.001045,68.0,2023-01-17 13:00:00,1
2230,Port Palma_2022,1247,1212,78.98725,104.0,2023-01-17 14:00:00,1
2231,Port Palma_2022,1248,1212,74.96655,71.0,2023-01-17 15:00:00,1
2232,Port Palma_2022,1249,1248,62.266895,80.0,2023-01-17 16:00:00,1
2233,Port Palma_2022,1250,1248,58.94307,76.0,2023-01-17 17:00:00,1
2234,Port Palma_2022,1251,1248,54.797615,76.0,2023-01-17 18:00:00,1
2235,Port Palma_2022,1252,1248,60.39891,76.0,2023-01-17 19:00:00,1
2236,Port Palma_2022,1253,1248,60.53476,76.0,2023-01-17 20:00:00,1
2237,Port Palma_2022,1254,1248,63.898735,76.0,2023-01-18 08:00:00,1
2238,Port Palma_2022,1255,1248,63.722878,96.0,2023-01-18 09:00:00,1
2239,Port Palma_2022,1256,1248,64.22262,55.0,2023-01-18 10:00:00,1
2240,Port Palma_2022,1257,1248,61.851456,81.0,2023-01-18 11:00:00,1
2241,Port Palma_2022,1258,1248,63.01957,92.0,2023-01-18 12:00:00,1
2242,Port Palma_2022,1259,1248,63.28443,89.0,2023-01-18 13:00:00,1
2243,Port Palma_2022,1260,1248,67.65619,94.0,2023-01-18 14:00:00,1
2244,Port Palma_2022,1261,1248,63.61282,81.0,2023-01-18 15:00:00,1
2245,Port Palma_2022,1262,1248,59.378494,71.0,2023-01-18 16:00:00,1
2246,Port Palma_2022,1263,1248,55.103123,77.0,2023-01-18 17:00:00,1
2247,Port Palma_2022,1264,1248,53.824398,79.0,2023-01-18 18:00:00,1
2248,Port Palma_2022,1265,1248,56.871155,79.0,2023-01-18 19:00:00,1
2249,Port Palma_2022,1266,1248,58.69761,79.0,2023-01-18 20:00:00,1
2250,Port Palma_2022,1267,1248,63.5285,79.0,2023-01-19 08:00:00,1
2251,Port Palma_2022,1268,1248,63.481083,77.0,2023-01-19 09:00:00,1
2252,Port Palma_2022,1269,1248,61.420906,79.0,2023-01-19 10:00:00,1
2253,Port Palma_2022,1270,1248,61.163857,81.0,2023-01-19 11:00:00,1
2254,Port Palma_2022,1271,1248,62.010338,73.0,2023-01-19 12:00:00,1
2255,Port Palma_2022,1272,1248,64.40668,70.0,2023-01-19 13:00:00,1
2256,Port Palma_2022,1273,1248,67.28484,79.0,2023-01-19 14:00:00,1
2257,Port Palma_2022,1274,1248,64.57007,84.0,2023-01-19 15:00:00,1
2258,Port Palma_2022,1275,1248,59.71913,79.0,2023-01-19 16:00:00,1
2259,Port Palma_2022,1276,1248,56.811268,69.0,2023-01-19 17:00:00,1
2260,Port Palma_2022,1277,1248,53.904552,78.0,2023-01-19 18:00:00,1
2261,Port Palma_2022,1278,1248,57.809002,78.0,2023-01-19 19:00:00,1
2262,Port Palma_2022,1279,1248,59.50763,78.0,2023-01-19 20:00:00,1
2263,Port Palma_2022,1280,1248,62.4243,78.0,2023-01-20 08:00:00,1
2264,Port Palma_2022,1281,1248,62.426437,75.0,2023-01-20 09:00:00,1
2265,Port Palma_2022,1282,1248,60.801514,71.0,2023-01-20 10:00:00,1
2266,Port Palma_2022,1283,1248,59.61509,90.0,2023-01-20 11:00:00,1
2267,Port Palma_2022,1284,1248,59.34429,71.0,2023-01-20 12:00:00,1
2268,Port Palma_2022,1285,1284,72.83014,86.0,2023-01-20 13:00:00,1
2269,Port Palma_2022,1286,1284,76.3012,85.0,2023-01-20 14:00:00,1
2270,Port Palma_2022,1287,1284,76.03433,67.0,2023-01-20 15:00:00,1
2271,Port Palma_2022,1288,1284,70.744675,65.0,2023-01-20 16:00:00,1
2272,Port Palma_2022,1289,1284,70.18732,75.0,2023-01-20 17:00:00,1
2273,Port Palma_2022,1290,1284,72.0197,92.0,2023-01-20 18:00:00,1
2274,Port Palma_2022,1291,1284,72.33301,92.0,2023-01-20 19:00:00,1
2275,Port Palma_2022,1292,1284,72.58689,92.0,2023-01-20 20:00:00,1
2276,Port Palma_2022,1293,1284,76.15601,92.0,2023-01-21 08:00:00,1
2277,Port Palma_2022,1294,1284,72.68686,91.0,2023-01-21 09:00:00,1
2278,Port Palma_2022,1295,1284,71.18843,84.0,2023-01-21 10:00:00,1
2279,Port Palma_2022,1296,1284,69.63337,78.0,2023-01-21 11:00:00,1
2280,Port Palma_2022,1297,1284,69.75931,79.0,2023-01-21 12:00:00,1
2281,Port Palma_2022,1298,1284,75.72104,79.0,2023-01-21 13:00:00,1
2282,Port Palma_2022,1299,1284,79.72479,110.0,2023-01-21 14:00:00,1
2283,Port Palma_2022,1300,1284,75.2438,83.0,2023-01-21 15:00:00,1
2284,Port Palma_2022,1301,1284,68.45977,70.0,2023-01-21 16:00:00,1
2285,Port Palma_2022,1302,1284,69.287834,65.0,2023-01-21 17:00:00,1
2286,Port Palma_2022,1303,1284,71.06128,57.0,2023-01-21 18:00:00,1
2287,Port Palma_2022,1304,1284,72.1017,57.0,2023-01-21 19:00:00,1
2288,Port Palma_2022,1305,1284,72.671974,57.0,2023-01-21 20:00:00,1
2289,Port Palma_2022,1306,1284,78.82999,57.0,2023-01-22 08:00:00,1
2290,Port Palma_2022,1307,1284,74.26977,88.0,2023-01-22 09:00:00,1
2291,Port Palma_2022,1308,1284,74.16117,97.0,2023-01-22 10:00:00,1
2292,Port Palma_2022,1309,1284,78.15863,94.0,2023-01-22 11:00:00,1
2293,Port Palma_2022,1310,1284,74.726074,83.0,2023-01-22 12:00:00,1
2294,Port Palma_2022,1311,1284,77.33954,95.0,2023-01-22 13:00:00,1
2295,Port Palma_2022,1312,1284,83.679565,110.0,2023-01-22 14:00:00,1
2296,Port Palma_2022,1313,1284,78.83286,90.0,2023-01-22 15:00:00,1
2297,Port Palma_2022,1314,1284,72.6817,71.0,2023-01-22 16:00:00,1
2298,Port Palma_2022,1315,1284,72.35103,64.0,2023-01-22 17:00:00,1
2299,Port Palma_2022,1316,1284,74.82039,81.0,2023-01-22 18:00:00,1
2300,Port Palma_2022,1317,1284,75.96621,81.0,2023-01-22 19:00:00,1
2301,Port Palma_2022,1318,1284,73.73208,81.0,2023-01-22 20:00:00,1
2302,Port Palma_2022,1319,1284,75.257286,81.0,2023-01-23 08:00:00,1
2303,Port Palma_2022,1320,1284,74.781944,71.0,2023-01-23 09:00:00,1
2304,Port Palma_2022,1321,1320,78.14793,87.0,2023-01-23 10:00:00,1
2305,Port Palma_2022,1322,1320,79.744064,56.0,2023-01-23 11:00:00,1
2306,Port Palma_2022,1323,1320,80.13251,66.0,2023-01-23 12:00:00,1
2307,Port Palma_2022,1324,1320,80.5285,68.0,2023-01-23 13:00:00,1
2308,Port Palma_2022,1325,1320,78.198814,83.0,2023-01-23 14:00:00,1
2309,Port Palma_2022,1326,1320,73.194595,83.0,2023-01-23 15:00:00,1
2310,Port Palma_2022,1327,1320,68.580536,54.0,2023-01-23 16:00:00,1
2311,Port Palma_2022,1328,1320,67.35549,70.0,2023-01-23 17:00:00,1
2312,Port Palma_2022,1329,1320,66.67318,84.0,2023-01-23 18:00:00,1
2313,Port Palma_2022,1330,1320,69.42114,84.0,2023-01-23 19:00:00,1
2314,Port Palma_2022,1331,1320,68.829475,84.0,2023-01-23 20:00:00,1
2315,Port Palma_2022,1332,1320,78.73199,84.0,2023-01-24 08:00:00,1
2316,Port Palma_2022,1333,1320,85.43946,76.0,2023-01-24 09:00:00,1
2317,Port Palma_2022,1334,1320,86.2977,40.0,2023-01-24 10:00:00,1
2318,Port Palma_2022,1335,1320,88.401794,66.0,2023-01-24 11:00:00,1
2319,Port Palma_2022,1336,1320,89.11316,63.0,2023-01-24 12:00:00,1
2320,Port Palma_2022,1337,1320,88.645874,78.0,2023-01-24 13:00:00,1
2321,Port Palma_2022,1338,1320,85.21889,89.0,2023-01-24 14:00:00,1
2322,Port Palma_2022,1339,1320,76.21594,81.0,2023-01-24 15:00:00,1
2323,Port Palma_2022,1340,1320,69.90629,69.0,2023-01-24 16:00:00,1
2324,Port Palma_2022,1341,1320,67.22258,81.0,2023-01-24 17:00:00,1
2325,Port Palma_2022,1342,1320,67.94751,52.0,2023-01-24 18:00:00,1
2326,Port Palma_2022,1343,1320,70.4156,52.0,2023-01-24 19:00:00,1
2327,Port Palma_2022,1344,1320,68.93615,52.0,2023-01-24 20:00:00,1
2328,Port Palma_2022,1345,1320,76.89498,52.0,2023-01-25 08:00:00,1
2329,Port Palma_2022,1346,1320,81.279205,84.0,2023-01-25 09:00:00,1
2330,Port Palma_2022,1347,1320,80.68642,75.0,2023-01-25 10:00:00,1
2331,Port Palma_2022,1348,1320,80.479164,87.0,2023-01-25 13:00:00,1
2332,Port Palma_2022,1349,1320,78.34083,64.0,2023-01-25 14:00:00,1
2333,Port Palma_2022,1350,1320,69.13768,65.0,2023-01-25 16:00:00,1
2334,Port Palma_2022,1351,1320,67.400024,57.0,2023-01-25 17:00:00,1
2335,Port Palma_2022,1352,1320,67.00039,61.0,2023-01-25 19:00:00,1
2336,Port Palma_2022,1353,1320,70.16282,61.0,2023-01-25 20:00:00,1
2337,Port Palma_2022,1354,1320,77.3484,62.0,2023-01-26 09:00:00,1
2338,Port Palma_2022,1355,1320,85.18065,59.0,2023-01-26 12:00:00,1
2339,Port Palma_2022,1356,1320,67.96611,74.0,2023-01-26 17:00:00,1
2340,Punta de Sa Galera_2022,1919,1918,3.1705217,3.0,2023-01-11 18:00:00,1
2341,Punta de Sa Galera_2022,1920,1918,3.8188148,4.0,2023-01-11 19:00:00,1
2342,Punta de Sa Galera_2022,1921,1918,3.714285,4.0,2023-01-11 20:00:00,1
2343,Punta de Sa Galera_2022,1922,1918,2.0156147,2.0,2023-01-12 08:00:00,1
2344,Punta de Sa Galera_2022,1923,1918,2.0249505,2.0,2023-01-12 09:00:00,1
2345,Punta de Sa Galera_2022,1924,1918,2.0247333,2.0,2023-01-12 10:00:00,1
2346,Punta de Sa Galera_2022,1925,1918,2.0280645,2.0,2023-01-12 11:00:00,1
2347,Punta de Sa Galera_2022,1926,1918,2.0925968,2.0,2023-01-12 12:00:00,1
2348,Punta de Sa Galera_2022,1927,1918,2.0733912,3.0,2023-01-12 13:00:00,1
2349,Punta de Sa Galera_2022,1928,1918,2.038383,6.0,2023-01-12 14:00:00,1
2350,Punta de Sa Galera_2022,1929,1918,2.0168004,4.0,2023-01-12 15:00:00,1
2351,Punta de Sa Galera_2022,1930,1918,2.021915,3.0,2023-01-12 17:00:00,1
2352,Punta de Sa Galera_2022,1931,1918,2.7459419,2.0,2023-01-12 18:00:00,1
2353,Punta de Sa Galera_2022,1932,1918,3.7876484,4.0,2023-01-12 19:00:00,1
2354,Punta de Sa Galera_2022,1933,1918,3.7414556,4.0,2023-01-12 20:00:00,1
2355,Punta de Sa Galera_2022,1934,1918,2.0019,2.0,2023-01-13 08:00:00,1
2356,Punta de Sa Galera_2022,1935,1918,2.0065775,2.0,2023-01-13 09:00:00,1
2357,Punta de Sa Galera_2022,1936,1918,2.012583,2.0,2023-01-13 10:00:00,1
2358,Punta de Sa Galera_2022,1937,1918,2.0093596,2.0,2023-01-13 11:00:00,1
2359,Punta de Sa Galera_2022,1938,1918,2.0297527,2.0,2023-01-13 12:00:00,1
2360,Punta de Sa Galera_2022,1939,1918,2.042433,2.0,2023-01-13 13:00:00,1
2361,Punta de Sa Galera_2022,1940,1918,2.0196764,2.0,2023-01-13 14:00:00,1
2362,Punta de Sa Galera_2022,1941,1918,2.0084012,2.0,2023-01-13 15:00:00,1
2363,Punta de Sa Galera_2022,1942,1918,2.0058281,2.0,2023-01-13 16:00:00,1
2364,Punta de Sa Galera_2022,1943,1918,2.0062778,2.0,2023-01-13 17:00:00,1
2365,Punta de Sa Galera_2022,1944,1918,3.0892544,5.0,2023-01-13 18:00:00,1
2366,Punta de Sa Galera_2022,1945,1918,3.7612987,4.0,2023-01-13 19:00:00,1
2367,Punta de Sa Galera_2022,1946,1918,3.7071834,4.0,2023-01-13 20:00:00,1
2368,Punta de Sa Galera_2022,1947,1918,1.9975202,2.0,2023-01-14 08:00:00,1
2369,Punta de Sa Galera_2022,1948,1918,2.0058067,2.0,2023-01-14 09:00:00,1
2370,Punta de Sa Galera_2022,1949,1918,1.9987563,2.0,2023-01-14 10:00:00,1
2371,Punta de Sa Galera_2022,1950,1918,1.998652,2.0,2023-01-14 11:00:00,1
2372,Punta de Sa Galera_2022,1951,1918,2.0073862,2.0,2023-01-14 12:00:00,1
2373,Punta de Sa Galera_2022,1952,1918,2.0357552,2.0,2023-01-14 13:00:00,1
2374,Punta de Sa Galera_2022,1953,1918,2.0337389,2.0,2023-01-14 14:00:00,1
2375,Punta de Sa Galera_2022,1954,1918,2.021818,2.0,2023-01-14 15:00:00,1
2376,Punta de Sa Galera_2022,1955,1954,2.199132,2.0,2023-01-14 17:00:00,1
2377,Punta de Sa Galera_2022,1956,1954,3.007627,4.0,2023-01-14 18:00:00,1
2378,Punta de Sa Galera_2022,1957,1954,3.8554177,4.0,2023-01-14 19:00:00,1
2379,Punta de Sa Galera_2022,1958,1954,3.7731447,4.0,2023-01-14 20:00:00,1
2380,Punta de Sa Galera_2022,1959,1954,2.01783,2.0,2023-01-15 08:00:00,1
2381,Punta de Sa Galera_2022,1960,1954,2.0282362,2.0,2023-01-15 09:00:00,1
2382,Punta de Sa Galera_2022,1961,1954,2.0214543,2.0,2023-01-15 10:00:00,1
2383,Punta de Sa Galera_2022,1962,1954,2.0233488,2.0,2023-01-15 11:00:00,1
2384,Punta de Sa Galera_2022,1963,1954,2.033666,3.0,2023-01-15 12:00:00,1
2385,Punta de Sa Galera_2022,1964,1954,2.0325515,2.0,2023-01-15 13:00:00,1
2386,Punta de Sa Galera_2022,1965,1954,2.0493214,2.0,2023-01-15 14:00:00,1
2387,Punta de Sa Galera_2022,1966,1954,2.060899,3.0,2023-01-15 15:00:00,1
2388,Punta de Sa Galera_2022,1967,1954,2.110824,2.0,2023-01-15 16:00:00,1
2389,Punta de Sa Galera_2022,1968,1954,2.1782763,2.0,2023-01-15 17:00:00,1
2390,Punta de Sa Galera_2022,1969,1954,2.6348813,2.0,2023-01-15 18:00:00,1
2391,Punta de Sa Galera_2022,1970,1954,3.8545485,4.0,2023-01-15 19:00:00,1
2392,Punta de Sa Galera_2022,1971,1954,3.8171334,4.0,2023-01-15 20:00:00,1
2393,Punta de Sa Galera_2022,1972,1954,1.9863044,3.0,2023-01-16 08:00:00,1
2394,Punta de Sa Galera_2022,1973,1954,2.0076268,2.0,2023-01-16 09:00:00,1
2395,Punta de Sa Galera_2022,1974,1954,2.0004802,2.0,2023-01-16 10:00:00,1
2396,Punta de Sa Galera_2022,1975,1954,2.0005035,2.0,2023-01-16 11:00:00,1
2397,Punta de Sa Galera_2022,1976,1954,2.0007882,2.0,2023-01-16 12:00:00,1
2398,Punta de Sa Galera_2022,1977,1954,1.9996452,2.0,2023-01-16 13:00:00,1
2399,Punta de Sa Galera_2022,1978,1954,1.99852,2.0,2023-01-16 14:00:00,1
2400,Punta de Sa Galera_2022,1979,1954,2.002576,2.0,2023-01-16 15:00:00,1
2401,Punta de Sa Galera_2022,1980,1954,2.1723256,2.0,2023-01-16 17:00:00,1
2402,Punta de Sa Galera_2022,1981,1954,3.004714,2.0,2023-01-16 18:00:00,1
2403,Punta de Sa Galera_2022,1982,1954,3.710038,4.0,2023-01-16 19:00:00,1
2404,Punta de Sa Galera_2022,1983,1954,3.6883535,4.0,2023-01-16 20:00:00,1
2405,Punta de Sa Galera_2022,1984,1954,1.979463,2.0,2023-01-17 08:00:00,1
2406,Punta de Sa Galera_2022,1985,1954,1.9892985,2.0,2023-01-17 09:00:00,1
2407,Punta de Sa Galera_2022,1986,1954,2.0156367,2.0,2023-01-17 10:00:00,1
2408,Punta de Sa Galera_2022,1987,1954,2.0083687,2.0,2023-01-17 11:00:00,1
2409,Punta de Sa Galera_2022,1988,1954,2.0144484,2.0,2023-01-17 12:00:00,1
2410,Punta de Sa Galera_2022,1989,1954,2.023708,2.0,2023-01-17 13:00:00,1
2411,Punta de Sa Galera_2022,1990,1954,2.0246236,2.0,2023-01-17 14:00:00,1
2412,Punta de Sa Galera_2022,1991,1990,1.9878808,2.0,2023-01-17 15:00:00,1
2413,Punta de Sa Galera_2022,1992,1990,1.9933608,2.0,2023-01-17 16:00:00,1
2414,Punta de Sa Galera_2022,1993,1990,1.9897108,2.0,2023-01-17 17:00:00,1
2415,Punta de Sa Galera_2022,1994,1990,2.794926,2.0,2023-01-17 18:00:00,1
2416,Punta de Sa Galera_2022,1995,1990,3.8392866,4.0,2023-01-17 19:00:00,1
2417,Punta de Sa Galera_2022,1996,1990,3.8354964,4.0,2023-01-17 20:00:00,1
2418,Punta de Sa Galera_2022,1997,1990,2.0428898,2.0,2023-01-18 08:00:00,1
2419,Punta de Sa Galera_2022,1998,1990,2.0520084,2.0,2023-01-18 09:00:00,1
2420,Punta de Sa Galera_2022,1999,1990,2.0361803,2.0,2023-01-18 10:00:00,1
2421,Punta de Sa Galera_2022,2000,1990,2.008616,2.0,2023-01-18 11:00:00,1
2422,Punta de Sa Galera_2022,2001,1990,1.9946681,2.0,2023-01-18 12:00:00,1
2423,Punta de Sa Galera_2022,2002,1990,1.9896451,2.0,2023-01-18 13:00:00,1
2424,Punta de Sa Galera_2022,2003,1990,1.9913435,2.0,2023-01-18 14:00:00,1
2425,Punta de Sa Galera_2022,2004,1990,1.9914713,2.0,2023-01-18 15:00:00,1
2426,Punta de Sa Galera_2022,2005,1990,1.9860299,2.0,2023-01-18 17:00:00,1
2427,Punta de Sa Galera_2022,2006,1990,2.5625653,2.0,2023-01-18 18:00:00,1
2428,Punta de Sa Galera_2022,2007,1990,3.7543745,4.0,2023-01-18 19:00:00,1
2429,Punta de Sa Galera_2022,2008,1990,3.8223,4.0,2023-01-18 20:00:00,1
2430,Punta de Sa Galera_2022,2009,1990,2.033525,2.0,2023-01-19 08:00:00,1
2431,Punta de Sa Galera_2022,2010,1990,2.0320787,2.0,2023-01-19 09:00:00,1
2432,Punta de Sa Galera_2022,2011,1990,2.0288715,2.0,2023-01-19 10:00:00,1
2433,Punta de Sa Galera_2022,2012,1990,2.02533,2.0,2023-01-19 11:00:00,1
2434,Punta de Sa Galera_2022,2013,1990,2.0198195,2.0,2023-01-19 12:00:00,1
2435,Punta de Sa Galera_2022,2014,1990,2.0194983,2.0,2023-01-19 13:00:00,1
2436,Punta de Sa Galera_2022,2015,1990,2.0176768,2.0,2023-01-19 14:00:00,1
2437,Punta de Sa Galera_2022,2016,1990,2.014506,2.0,2023-01-19 15:00:00,1
2438,Punta de Sa Galera_2022,2017,1990,2.0066197,2.0,2023-01-19 16:00:00,1
2439,Punta de Sa Galera_2022,2018,1990,1.9954401,2.0,2023-01-19 17:00:00,1
2440,Punta de Sa Galera_2022,2019,1990,2.3555365,2.0,2023-01-19 18:00:00,1
2441,Punta de Sa Galera_2022,2020,1990,3.7216687,4.0,2023-01-19 19:00:00,1
2442,Punta de Sa Galera_2022,2021,1990,3.8208418,4.0,2023-01-19 20:00:00,1
2443,Punta de Sa Galera_2022,2022,1990,2.0035462,2.0,2023-01-20 08:00:00,1
2444,Punta de Sa Galera_2022,2023,1990,2.0252879,2.0,2023-01-20 09:00:00,1
2445,Punta de Sa Galera_2022,2024,1990,2.0326054,2.0,2023-01-20 10:00:00,1
2446,Punta de Sa Galera_2022,2025,1990,2.0280101,2.0,2023-01-20 11:00:00,1
2447,Punta de Sa Galera_2022,2026,1990,2.0217524,2.0,2023-01-20 12:00:00,1
2448,Punta de Sa Galera_2022,2027,2026,2.0279536,2.0,2023-01-20 13:00:00,1
2449,Punta de Sa Galera_2022,2028,2026,2.026776,2.0,2023-01-20 14:00:00,1
2450,Punta de Sa Galera_2022,2029,2026,2.0202315,2.0,2023-01-20 15:00:00,1
2451,Punta de Sa Galera_2022,2030,2026,2.0110617,2.0,2023-01-20 16:00:00,1
2452,Punta de Sa Galera_2022,2031,2026,2.0000942,2.0,2023-01-20 17:00:00,1
2453,Punta de Sa Galera_2022,2032,2026,2.0323546,2.0,2023-01-20 18:00:00,1
2454,Punta de Sa Galera_2022,2033,2026,3.7519786,4.0,2023-01-20 19:00:00,1
2455,Punta de Sa Galera_2022,2034,2026,3.8554008,4.0,2023-01-20 20:00:00,1
2456,Punta de Sa Galera_2022,2035,2026,2.0136786,2.0,2023-01-21 09:00:00,1
2457,Punta de Sa Galera_2022,2036,2026,2.0225055,2.0,2023-01-21 10:00:00,1
2458,Punta de Sa Galera_2022,2037,2026,2.011141,2.0,2023-01-21 11:00:00,1
2459,Punta de Sa Galera_2022,2038,2026,2.010886,2.0,2023-01-21 12:00:00,1
2460,Punta de Sa Galera_2022,2039,2026,2.0055914,2.0,2023-01-21 13:00:00,1
2461,Punta de Sa Galera_2022,2040,2026,2.003072,2.0,2023-01-21 14:00:00,1
2462,Punta de Sa Galera_2022,2041,2026,2.0057824,2.0,2023-01-21 15:00:00,1
2463,Punta de Sa Galera_2022,2042,2026,1.994199,2.0,2023-01-21 17:00:00,1
2464,Punta de Sa Galera_2022,2043,2026,1.9859979,2.0,2023-01-21 18:00:00,1
2465,Punta de Sa Galera_2022,2044,2026,3.7688522,4.0,2023-01-21 19:00:00,1
2466,Punta de Sa Galera_2022,2045,2026,3.9567146,4.0,2023-01-21 20:00:00,1
2467,Punta de Sa Galera_2022,2046,2026,2.009617,2.0,2023-01-22 08:00:00,1
2468,Punta de Sa Galera_2022,2047,2026,2.0249958,2.0,2023-01-22 09:00:00,1
2469,Punta de Sa Galera_2022,2048,2026,2.022075,2.0,2023-01-22 10:00:00,1
2470,Punta de Sa Galera_2022,2049,2026,2.0156589,2.0,2023-01-22 11:00:00,1
2471,Punta de Sa Galera_2022,2050,2026,2.0328448,2.0,2023-01-22 12:00:00,1
2472,Punta de Sa Galera_2022,2051,2026,2.0371327,2.0,2023-01-22 13:00:00,1
2473,Punta de Sa Galera_2022,2052,2026,2.037676,2.0,2023-01-22 14:00:00,1
2474,Punta de Sa Galera_2022,2053,2026,2.0351262,2.0,2023-01-22 15:00:00,1
2475,Punta de Sa Galera_2022,2054,2026,2.0268633,2.0,2023-01-22 16:00:00,1
2476,Punta de Sa Galera_2022,2055,2026,2.0144348,2.0,2023-01-22 17:00:00,1
2477,Punta de Sa Galera_2022,2056,2026,2.0242827,2.0,2023-01-22 18:00:00,1
2478,Punta de Sa Galera_2022,2057,2026,3.9281423,4.0,2023-01-22 19:00:00,1
2479,Punta de Sa Galera_2022,2058,2026,3.993599,4.0,2023-01-22 20:00:00,1
2480,Punta de Sa Galera_2022,2059,2026,2.0016358,2.0,2023-01-23 08:00:00,1
2481,Punta de Sa Galera_2022,2060,2026,2.0081875,2.0,2023-01-23 09:00:00,1
2482,Punta de Sa Galera_2022,2061,2026,2.0093598,2.0,2023-01-23 10:00:00,1
2483,Punta de Sa Galera_2022,2062,2026,2.0114245,2.0,2023-01-23 11:00:00,1
2484,Punta de Sa Galera_2022,2063,2062,1.976596,2.0,2023-01-23 12:00:00,1
2485,Punta de Sa Galera_2022,2064,2062,1.9855938,2.0,2023-01-23 13:00:00,1
2486,Punta de Sa Galera_2022,2065,2062,1.9882342,2.0,2023-01-23 14:00:00,1
2487,Punta de Sa Galera_2022,2066,2062,1.9883702,2.0,2023-01-23 15:00:00,1
2488,Punta de Sa Galera_2022,2067,2062,1.9828101,2.0,2023-01-23 17:00:00,1
2489,Punta de Sa Galera_2022,2068,2062,1.9775515,2.0,2023-01-23 18:00:00,1
2490,Punta de Sa Galera_2022,2069,2062,3.563808,4.0,2023-01-23 19:00:00,1
2491,Punta de Sa Galera_2022,2070,2062,3.7410235,4.0,2023-01-23 20:00:00,1
2492,Punta de Sa Galera_2022,2071,2062,2.0007575,4.0,2023-01-24 08:00:00,1
2493,Punta de Sa Galera_2022,2072,2062,2.0118473,2.0,2023-01-24 09:00:00,1
2494,Punta de Sa Galera_2022,2073,2062,2.0126748,2.0,2023-01-24 10:00:00,1
2495,Punta de Sa Galera_2022,2074,2062,2.00367,2.0,2023-01-24 11:00:00,1
2496,Punta de Sa Galera_2022,2075,2062,1.9970803,2.0,2023-01-24 12:00:00,1
2497,Punta de Sa Galera_2022,2076,2062,1.9954602,2.0,2023-01-24 13:00:00,1
2498,Punta de Sa Galera_2022,2077,2062,1.9945266,2.0,2023-01-24 14:00:00,1
2499,Punta de Sa Galera_2022,2078,2062,1.9938797,2.0,2023-01-24 15:00:00,1
2500,Punta de Sa Galera_2022,2079,2062,1.9929688,2.0,2023-01-24 16:00:00,1
2501,Punta de Sa Galera_2022,2080,2062,1.9878798,2.0,2023-01-24 17:00:00,1
2502,Punta de Sa Galera_2022,2081,2062,2.000301,3.0,2023-01-24 18:00:00,1
2503,Punta de Sa Galera_2022,2082,2062,3.5381393,4.0,2023-01-24 19:00:00,1
2504,Punta de Sa Galera_2022,2083,2062,3.778925,4.0,2023-01-24 20:00:00,1
2505,Punta de Sa Galera_2022,2084,2062,1.9821036,3.0,2023-01-25 08:00:00,1
2506,Punta de Sa Galera_2022,2085,2062,1.989247,2.0,2023-01-25 09:00:00,1
2507,Punta de Sa Galera_2022,2086,2062,1.987283,3.0,2023-01-25 10:00:00,1
2508,Punta de Sa Galera_2022,2087,2062,1.9895686,2.0,2023-01-25 11:00:00,1
2509,Punta de Sa Galera_2022,2088,2062,1.989929,2.0,2023-01-25 13:00:00,1
2510,Punta de Sa Galera_2022,2089,2062,1.9895843,3.0,2023-01-25 14:00:00,1
2511,Punta de Sa Galera_2022,2090,2062,1.9904362,2.0,2023-01-25 15:00:00,1
2512,Punta de Sa Galera_2022,2091,2062,1.9891131,2.0,2023-01-25 16:00:00,1
2513,Punta de Sa Galera_2022,2092,2062,1.9843659,2.0,2023-01-25 17:00:00,1
2514,Punta de Sa Galera_2022,2093,2062,1.9813933,2.0,2023-01-25 18:00:00,1
2515,Punta de Sa Galera_2022,2094,2062,3.6224618,4.0,2023-01-25 19:00:00,1
2516,Punta de Sa Galera_2022,2095,2062,3.8141587,4.0,2023-01-25 20:00:00,1
2517,Punta de Sa Galera_2022,2096,2062,1.9956379,2.0,2023-01-26 13:00:00,1
2518,Punta de Sa Galera_2022,2097,2062,1.9982318,2.0,2023-01-26 14:00:00,1
2519,Punta de Sa Galera_2022,2098,2062,3.8918538,4.0,2023-01-26 20:00:00,1
2520,Son Serra de Marina_2022,2332,2331,13.679253,16.0,2023-01-11 16:00:00,1
2521,Son Serra de Marina_2022,2333,2331,11.622363,5.0,2023-01-11 17:00:00,1
2522,Son Serra de Marina_2022,2334,2331,5.640527,7.0,2023-01-11 18:00:00,1
2523,Son Serra de Marina_2022,2335,2331,4.4765143,4.0,2023-01-11 19:00:00,1
2524,Son Serra de Marina_2022,2336,2331,4.3410516,4.0,2023-01-11 20:00:00,1
2525,Son Serra de Marina_2022,2337,2331,3.4837937,4.0,2023-01-12 08:00:00,1
2526,Son Serra de Marina_2022,2338,2331,3.5928473,3.0,2023-01-12 09:00:00,1
2527,Son Serra de Marina_2022,2339,2331,3.761704,5.0,2023-01-12 10:00:00,1
2528,Son Serra de Marina_2022,2340,2331,4.5433235,4.0,2023-01-12 11:00:00,1
2529,Son Serra de Marina_2022,2341,2331,6.8134,4.0,2023-01-12 12:00:00,1
2530,Son Serra de Marina_2022,2342,2331,9.812949,9.0,2023-01-12 13:00:00,1
2531,Son Serra de Marina_2022,2343,2331,13.835791,8.0,2023-01-12 14:00:00,1
2532,Son Serra de Marina_2022,2344,2331,16.535187,25.0,2023-01-12 15:00:00,1
2533,Son Serra de Marina_2022,2345,2331,14.804706,12.0,2023-01-12 16:00:00,1
2534,Son Serra de Marina_2022,2346,2331,13.252766,15.0,2023-01-12 17:00:00,1
2535,Son Serra de Marina_2022,2347,2331,6.0616546,10.0,2023-01-12 18:00:00,1
2536,Son Serra de Marina_2022,2348,2331,4.4625,4.0,2023-01-12 19:00:00,1
2537,Son Serra de Marina_2022,2349,2331,4.285397,4.0,2023-01-12 20:00:00,1
2538,Son Serra de Marina_2022,2350,2331,3.3983922,3.0,2023-01-13 08:00:00,1
2539,Son Serra de Marina_2022,2351,2331,3.519423,3.0,2023-01-13 09:00:00,1
2540,Son Serra de Marina_2022,2352,2331,3.756774,6.0,2023-01-13 10:00:00,1
2541,Son Serra de Marina_2022,2353,2331,4.5061603,4.0,2023-01-13 11:00:00,1
2542,Son Serra de Marina_2022,2354,2331,6.500883,6.0,2023-01-13 12:00:00,1
2543,Son Serra de Marina_2022,2355,2331,9.06941,7.0,2023-01-13 13:00:00,1
2544,Son Serra de Marina_2022,2356,2331,11.798036,5.0,2023-01-13 14:00:00,1
2545,Son Serra de Marina_2022,2357,2331,13.004655,9.0,2023-01-13 15:00:00,1
2546,Son Serra de Marina_2022,2358,2331,10.867567,6.0,2023-01-13 16:00:00,1
2547,Son Serra de Marina_2022,2359,2331,8.414612,8.0,2023-01-13 17:00:00,1
2548,Son Serra de Marina_2022,2360,2331,5.104952,9.0,2023-01-13 18:00:00,1
2549,Son Serra de Marina_2022,2361,2331,4.3584633,4.0,2023-01-13 19:00:00,1
2550,Son Serra de Marina_2022,2362,2331,4.275075,4.0,2023-01-13 20:00:00,1
2551,Son Serra de Marina_2022,2363,2331,3.396494,3.0,2023-01-14 08:00:00,1
2552,Son Serra de Marina_2022,2364,2331,3.3988013,3.0,2023-01-14 09:00:00,1
2553,Son Serra de Marina_2022,2365,2331,3.624251,7.0,2023-01-14 10:00:00,1
2554,Son Serra de Marina_2022,2366,2331,4.341854,7.0,2023-01-14 11:00:00,1
2555,Son Serra de Marina_2022,2367,2331,6.2620454,14.0,2023-01-14 12:00:00,1
2556,Son Serra de Marina_2022,2368,2367,10.308233,10.0,2023-01-14 13:00:00,1
2557,Son Serra de Marina_2022,2369,2367,11.762411,8.0,2023-01-14 14:00:00,1
2558,Son Serra de Marina_2022,2370,2367,15.840645,26.0,2023-01-14 15:00:00,1
2559,Son Serra de Marina_2022,2371,2367,15.906145,21.0,2023-01-14 16:00:00,1
2560,Son Serra de Marina_2022,2372,2367,12.127846,30.0,2023-01-14 17:00:00,1
2561,Son Serra de Marina_2022,2373,2367,7.209453,9.0,2023-01-14 18:00:00,1
2562,Son Serra de Marina_2022,2374,2367,4.5149736,4.0,2023-01-14 19:00:00,1
2563,Son Serra de Marina_2022,2375,2367,4.1515923,5.0,2023-01-14 20:00:00,1
2564,Son Serra de Marina_2022,2376,2367,3.0887566,3.0,2023-01-15 08:00:00,1
2565,Son Serra de Marina_2022,2377,2367,3.5919294,7.0,2023-01-15 09:00:00,1
2566,Son Serra de Marina_2022,2378,2367,4.2362394,8.0,2023-01-15 10:00:00,1
2567,Son Serra de Marina_2022,2379,2367,5.1878877,13.0,2023-01-15 11:00:00,1
2568,Son Serra de Marina_2022,2380,2367,6.6238213,19.0,2023-01-15 12:00:00,1
2569,Son Serra de Marina_2022,2381,2367,8.403479,12.0,2023-01-15 13:00:00,1
2570,Son Serra de Marina_2022,2382,2367,10.566278,21.0,2023-01-15 14:00:00,1
2571,Son Serra de Marina_2022,2383,2367,13.366136,32.0,2023-01-15 15:00:00,1
2572,Son Serra de Marina_2022,2384,2367,14.110556,21.0,2023-01-15 16:00:00,1
2573,Son Serra de Marina_2022,2385,2367,10.814507,17.0,2023-01-15 17:00:00,1
2574,Son Serra de Marina_2022,2386,2367,6.5304394,3.0,2023-01-15 18:00:00,1
2575,Son Serra de Marina_2022,2387,2367,4.4391956,5.0,2023-01-15 19:00:00,1
2576,Son Serra de Marina_2022,2388,2367,4.192544,5.0,2023-01-15 20:00:00,1
2577,Son Serra de Marina_2022,2389,2367,2.8488336,2.0,2023-01-16 08:00:00,1
2578,Son Serra de Marina_2022,2390,2367,3.1206965,4.0,2023-01-16 09:00:00,1
2579,Son Serra de Marina_2022,2391,2367,3.554421,3.0,2023-01-16 10:00:00,1
2580,Son Serra de Marina_2022,2392,2367,3.9643712,7.0,2023-01-16 11:00:00,1
2581,Son Serra de Marina_2022,2393,2367,4.507219,7.0,2023-01-16 12:00:00,1
2582,Son Serra de Marina_2022,2394,2367,5.0641766,5.0,2023-01-16 13:00:00,1
2583,Son Serra de Marina_2022,2395,2367,5.803937,7.0,2023-01-16 14:00:00,1
2584,Son Serra de Marina_2022,2396,2367,6.9857907,12.0,2023-01-16 15:00:00,1
2585,Son Serra de Marina_2022,2397,2367,7.6463785,7.0,2023-01-16 16:00:00,1
2586,Son Serra de Marina_2022,2398,2367,6.376565,3.0,2023-01-16 17:00:00,1
2587,Son Serra de Marina_2022,2399,2367,5.2971487,4.0,2023-01-16 18:00:00,1
2588,Son Serra de Marina_2022,2400,2367,4.153597,4.0,2023-01-16 19:00:00,1
2589,Son Serra de Marina_2022,2401,2367,3.9940538,4.0,2023-01-16 20:00:00,1
2590,Son Serra de Marina_2022,2402,2367,2.9368703,3.0,2023-01-17 08:00:00,1
2591,Son Serra de Marina_2022,2403,2367,3.3487573,3.0,2023-01-17 09:00:00,1
2592,Son Serra de Marina_2022,2404,2403,3.4487457,4.0,2023-01-17 10:00:00,1
2593,Son Serra de Marina_2022,2405,2403,5.194399,7.0,2023-01-17 11:00:00,1
2594,Son Serra de Marina_2022,2406,2403,6.308329,2.0,2023-01-17 12:00:00,1
2595,Son Serra de Marina_2022,2407,2403,6.822573,3.0,2023-01-17 13:00:00,1
2596,Son Serra de Marina_2022,2408,2403,7.1256757,10.0,2023-01-17 14:00:00,1
2597,Son Serra de Marina_2022,2409,2403,9.471211,6.0,2023-01-17 15:00:00,1
2598,Son Serra de Marina_2022,2410,2403,7.409621,7.0,2023-01-17 16:00:00,1
2599,Son Serra de Marina_2022,2411,2403,4.6743374,3.0,2023-01-17 17:00:00,1
2600,Son Serra de Marina_2022,2412,2403,4.2234917,11.0,2023-01-17 18:00:00,1
2601,Son Serra de Marina_2022,2413,2403,4.306692,4.0,2023-01-17 19:00:00,1
2602,Son Serra de Marina_2022,2414,2403,4.3219194,4.0,2023-01-17 20:00:00,1
2603,Son Serra de Marina_2022,2415,2403,2.734873,4.0,2023-01-18 08:00:00,1
2604,Son Serra de Marina_2022,2416,2403,3.1706839,3.0,2023-01-18 09:00:00,1
2605,Son Serra de Marina_2022,2417,2403,3.9600477,9.0,2023-01-18 10:00:00,1
2606,Son Serra de Marina_2022,2418,2403,5.3409066,10.0,2023-01-18 11:00:00,1
2607,Son Serra de Marina_2022,2419,2403,6.1243033,7.0,2023-01-18 12:00:00,1
2608,Son Serra de Marina_2022,2420,2403,6.5500526,5.0,2023-01-18 13:00:00,1
2609,Son Serra de Marina_2022,2421,2403,6.1599164,3.0,2023-01-18 14:00:00,1
2610,Son Serra de Marina_2022,2422,2403,6.5093193,3.0,2023-01-18 15:00:00,1
2611,Son Serra de Marina_2022,2423,2403,5.4975123,2.0,2023-01-18 16:00:00,1
2612,Son Serra de Marina_2022,2424,2403,4.0255795,2.0,2023-01-18 17:00:00,1
2613,Son Serra de Marina_2022,2425,2403,3.9033616,6.0,2023-01-18 18:00:00,1
2614,Son Serra de Marina_2022,2426,2403,4.083022,4.0,2023-01-18 19:00:00,1
2615,Son Serra de Marina_2022,2427,2403,4.1767435,4.0,2023-01-18 20:00:00,1
2616,Son Serra de Marina_2022,2428,2403,2.8984685,3.0,2023-01-19 08:00:00,1
2617,Son Serra de Marina_2022,2429,2403,3.3079047,4.0,2023-01-19 09:00:00,1
2618,Son Serra de Marina_2022,2430,2403,4.1350822,3.0,2023-01-19 10:00:00,1
2619,Son Serra de Marina_2022,2431,2403,5.5663257,3.0,2023-01-19 11:00:00,1
2620,Son Serra de Marina_2022,2432,2403,6.5591545,7.0,2023-01-19 12:00:00,1
2621,Son Serra de Marina_2022,2433,2403,7.119335,4.0,2023-01-19 13:00:00,1
2622,Son Serra de Marina_2022,2434,2403,7.822084,7.0,2023-01-19 14:00:00,1
2623,Son Serra de Marina_2022,2435,2403,7.3225846,14.0,2023-01-19 15:00:00,1
2624,Son Serra de Marina_2022,2436,2403,7.9217424,10.0,2023-01-19 16:00:00,1
2625,Son Serra de Marina_2022,2437,2403,5.346451,19.0,2023-01-19 17:00:00,1
2626,Son Serra de Marina_2022,2438,2403,4.2335043,3.0,2023-01-19 18:00:00,1
2627,Son Serra de Marina_2022,2439,2403,4.309579,4.0,2023-01-19 19:00:00,1
2628,Son Serra de Marina_2022,2440,2439,4.2792664,4.0,2023-01-19 20:00:00,1
2629,Son Serra de Marina_2022,2441,2439,3.2529674,3.0,2023-01-20 08:00:00,1
2630,Son Serra de Marina_2022,2442,2439,3.31492,2.0,2023-01-20 09:00:00,1
2631,Son Serra de Marina_2022,2443,2439,3.423465,6.0,2023-01-20 10:00:00,1
2632,Son Serra de Marina_2022,2444,2439,3.549386,6.0,2023-01-20 11:00:00,1
2633,Son Serra de Marina_2022,2445,2439,3.7318482,4.0,2023-01-20 12:00:00,1
2634,Son Serra de Marina_2022,2446,2439,4.0192237,2.0,2023-01-20 13:00:00,1
2635,Son Serra de Marina_2022,2447,2439,4.493012,6.0,2023-01-20 14:00:00,1
2636,Son Serra de Marina_2022,2448,2439,5.2169633,18.0,2023-01-20 15:00:00,1
2637,Son Serra de Marina_2022,2449,2439,6.1300426,18.0,2023-01-20 16:00:00,1
2638,Son Serra de Marina_2022,2450,2439,3.9430504,5.0,2023-01-20 17:00:00,1
2639,Son Serra de Marina_2022,2451,2439,3.526328,4.0,2023-01-20 18:00:00,1
2640,Son Serra de Marina_2022,2452,2439,4.1363,4.0,2023-01-20 19:00:00,1
2641,Son Serra de Marina_2022,2453,2439,4.149783,5.0,2023-01-20 20:00:00,1
2642,Son Serra de Marina_2022,2454,2439,3.0908108,2.0,2023-01-21 08:00:00,1
2643,Son Serra de Marina_2022,2455,2439,3.1256995,3.0,2023-01-21 09:00:00,1
2644,Son Serra de Marina_2022,2456,2439,3.3593178,5.0,2023-01-21 10:00:00,1
2645,Son Serra de Marina_2022,2457,2439,3.5540614,4.0,2023-01-21 11:00:00,1
2646,Son Serra de Marina_2022,2458,2439,3.9919171,2.0,2023-01-21 12:00:00,1
2647,Son Serra de Marina_2022,2459,2439,4.2036047,3.0,2023-01-21 13:00:00,1
2648,Son Serra de Marina_2022,2460,2439,4.5472317,7.0,2023-01-21 14:00:00,1
2649,Son Serra de Marina_2022,2461,2439,5.302356,16.0,2023-01-21 15:00:00,1
2650,Son Serra de Marina_2022,2462,2439,5.7546206,24.0,2023-01-21 16:00:00,1
2651,Son Serra de Marina_2022,2463,2439,3.7599988,6.0,2023-01-21 17:00:00,1
2652,Son Serra de Marina_2022,2464,2439,3.4172482,6.0,2023-01-21 18:00:00,1
2653,Son Serra de Marina_2022,2465,2439,3.8505757,4.0,2023-01-21 19:00:00,1
2654,Son Serra de Marina_2022,2466,2439,3.92598,4.0,2023-01-21 20:00:00,1
2655,Son Serra de Marina_2022,2467,2439,3.095971,3.0,2023-01-22 08:00:00,1
2656,Son Serra de Marina_2022,2468,2439,3.2609525,7.0,2023-01-22 09:00:00,1
2657,Son Serra de Marina_2022,2469,2439,3.457944,3.0,2023-01-22 10:00:00,1
2658,Son Serra de Marina_2022,2470,2439,3.7940516,3.0,2023-01-22 11:00:00,1
2659,Son Serra de Marina_2022,2471,2439,3.9423087,5.0,2023-01-22 12:00:00,1
2660,Son Serra de Marina_2022,2472,2439,4.2178655,4.0,2023-01-22 13:00:00,1
2661,Son Serra de Marina_2022,2473,2439,5.0640574,5.0,2023-01-22 14:00:00,1
2662,Son Serra de Marina_2022,2474,2439,6.2759185,13.0,2023-01-22 15:00:00,1
2663,Son Serra de Marina_2022,2475,2439,6.0776834,8.0,2023-01-22 16:00:00,1
2664,Son Serra de Marina_2022,2476,2475,5.8092985,4.0,2023-01-22 17:00:00,1
2665,Son Serra de Marina_2022,2477,2475,4.165987,6.0,2023-01-22 18:00:00,1
2666,Son Serra de Marina_2022,2478,2475,4.4225163,4.0,2023-01-22 19:00:00,1
2667,Son Serra de Marina_2022,2479,2475,4.33603,4.0,2023-01-22 20:00:00,1
2668,Son Serra de Marina_2022,2480,2475,2.8019571,3.0,2023-01-23 08:00:00,1
2669,Son Serra de Marina_2022,2481,2475,3.207347,4.0,2023-01-23 09:00:00,1
2670,Son Serra de Marina_2022,2482,2475,3.4430919,4.0,2023-01-23 10:00:00,1
2671,Son Serra de Marina_2022,2483,2475,3.841104,5.0,2023-01-23 11:00:00,1
2672,Son Serra de Marina_2022,2484,2475,4.520723,2.0,2023-01-23 12:00:00,1
2673,Son Serra de Marina_2022,2485,2475,5.3096533,4.0,2023-01-23 13:00:00,1
2674,Son Serra de Marina_2022,2486,2475,6.7285776,2.0,2023-01-23 14:00:00,1
2675,Son Serra de Marina_2022,2487,2475,8.082945,7.0,2023-01-23 15:00:00,1
2676,Son Serra de Marina_2022,2488,2475,8.671511,2.0,2023-01-23 16:00:00,1
2677,Son Serra de Marina_2022,2489,2475,6.7909975,2.0,2023-01-23 17:00:00,1
2678,Son Serra de Marina_2022,2490,2475,3.9293761,3.0,2023-01-23 18:00:00,1
2679,Son Serra de Marina_2022,2491,2475,3.7507577,4.0,2023-01-23 19:00:00,1
2680,Son Serra de Marina_2022,2492,2475,4.0412865,4.0,2023-01-23 20:00:00,1
2681,Son Serra de Marina_2022,2493,2475,3.0477805,4.0,2023-01-24 08:00:00,1
2682,Son Serra de Marina_2022,2494,2475,3.3185735,3.0,2023-01-24 09:00:00,1
2683,Son Serra de Marina_2022,2495,2475,3.7170393,3.0,2023-01-24 10:00:00,1
2684,Son Serra de Marina_2022,2496,2475,4.602428,3.0,2023-01-24 11:00:00,1
2685,Son Serra de Marina_2022,2497,2475,6.0230236,4.0,2023-01-24 12:00:00,1
2686,Son Serra de Marina_2022,2498,2475,7.2125263,5.0,2023-01-24 13:00:00,1
2687,Son Serra de Marina_2022,2499,2475,9.232229,6.0,2023-01-24 14:00:00,1
2688,Son Serra de Marina_2022,2500,2475,11.505756,6.0,2023-01-24 15:00:00,1
2689,Son Serra de Marina_2022,2501,2475,11.631963,8.0,2023-01-24 16:00:00,1
2690,Son Serra de Marina_2022,2502,2475,8.392359,3.0,2023-01-24 17:00:00,1
2691,Son Serra de Marina_2022,2503,2475,4.240547,3.0,2023-01-24 18:00:00,1
2692,Son Serra de Marina_2022,2504,2475,4.192605,4.0,2023-01-24 19:00:00,1
2693,Son Serra de Marina_2022,2505,2475,4.258008,4.0,2023-01-24 20:00:00,1
2694,Son Serra de Marina_2022,2506,2475,2.9138079,3.0,2023-01-25 08:00:00,1
2695,Son Serra de Marina_2022,2507,2475,3.94913,2.0,2023-01-25 13:00:00,1
2696,Son Serra de Marina_2022,2508,2475,6.0821633,5.0,2023-01-25 14:00:00,1
2697,Son Serra de Marina_2022,2509,2475,9.085512,4.0,2023-01-25 16:00:00,1
2698,Son Serra de Marina_2022,2510,2475,7.4323134,5.0,2023-01-25 17:00:00,1
2699,Son Serra de Marina_2022,2511,2475,4.0722904,4.0,2023-01-25 20:00:00,1
2700,cala-fornells_1_2025,3525,3524,16.799973,23.0,2026-05-02 15:00:00,5
2701,cala-fornells_1_2025,3526,3524,18.532204,15.0,2026-05-02 16:00:00,5
2702,cala-fornells_1_2025,3527,3524,20.3344,26.0,2026-05-02 17:00:00,5
2703,cala-fornells_1_2025,3528,3524,18.678886,26.0,2026-05-02 18:00:00,5
2704,cala-fornells_1_2025,3529,3524,11.988422,13.0,2026-05-02 19:00:00,5
2705,cala-fornells_1_2025,3530,3524,7.221138,5.0,2026-05-02 20:00:00,5
2706,cala-fornells_1_2025,3531,3524,8.347724,4.0,2026-05-03 08:00:00,5
2707,cala-fornells_1_2025,3532,3524,15.84534,15.0,2026-05-03 09:00:00,5
2708,cala-fornells_1_2025,3533,3524,18.09497,25.0,2026-05-03 10:00:00,5
2709,cala-fornells_1_2025,3534,3524,17.944202,16.0,2026-05-03 11:00:00,5
2710,cala-fornells_1_2025,3535,3524,17.575857,17.0,2026-05-03 12:00:00,5
2711,cala-fornells_1_2025,3536,3524,17.676556,16.0,2026-05-03 13:00:00,5
2712,cala-fornells_1_2025,3537,3524,18.574272,23.0,2026-05-03 14:00:00,5
2713,cala-fornells_1_2025,3538,3524,22.001818,15.0,2026-05-03 15:00:00,5
2714,cala-fornells_1_2025,3539,3524,25.784351,30.0,2026-05-03 16:00:00,5
2715,cala-fornells_1_2025,3540,3524,26.170095,31.0,2026-05-03 17:00:00,5
2716,cala-fornells_1_2025,3541,3524,26.819769,16.0,2026-05-03 18:00:00,5
2717,cala-fornells_1_2025,3542,3524,15.740242,28.0,2026-05-03 19:00:00,5
2718,cala-fornells_1_2025,3543,3524,7.812761,3.0,2026-05-03 20:00:00,5
2719,cala-fornells_1_2025,3544,3524,9.452258,7.0,2026-05-04 08:00:00,5
2720,cala-fornells_1_2025,3545,3524,16.953491,15.0,2026-05-04 09:00:00,5
2721,cala-fornells_1_2025,3546,3524,19.211735,13.0,2026-05-04 10:00:00,5
2722,cala-fornells_1_2025,3547,3524,17.876028,19.0,2026-05-04 11:00:00,5
2723,cala-fornells_1_2025,3548,3524,15.93963,11.0,2026-05-04 12:00:00,5
2724,cala-fornells_1_2025,3549,3524,15.226004,17.0,2026-05-04 13:00:00,5
2725,cala-fornells_1_2025,3550,3524,14.987257,28.0,2026-05-04 14:00:00,5
2726,cala-fornells_1_2025,3551,3524,16.710947,10.0,2026-05-04 15:00:00,5
2727,cala-fornells_1_2025,3552,3524,18.92659,20.0,2026-05-04 16:00:00,5
2728,cala-fornells_1_2025,3553,3524,20.89521,8.0,2026-05-04 17:00:00,5
2729,cala-fornells_1_2025,3554,3524,21.207603,13.0,2026-05-04 18:00:00,5
2730,cala-fornells_1_2025,3555,3524,13.913755,14.0,2026-05-04 19:00:00,5
2731,cala-fornells_1_2025,3556,3524,7.8892984,5.0,2026-05-04 20:00:00,5
2732,cala-fornells_1_2025,3557,3524,9.179789,28.0,2026-05-05 08:00:00,5
2733,cala-fornells_1_2025,3558,3524,17.977257,37.0,2026-05-05 09:00:00,5
2734,cala-fornells_1_2025,3559,3524,20.39449,7.0,2026-05-05 10:00:00,5
2735,cala-fornells_1_2025,3560,3524,16.272707,67.0,2026-05-05 12:00:00,5
2736,cala-fornells_1_2025,3561,3560,22.47258,65.0,2026-05-05 13:00:00,5
2737,cala-fornells_1_2025,3562,3560,20.78201,60.0,2026-05-05 14:00:00,5
2738,cala-fornells_1_2025,3563,3560,19.864002,86.0,2026-05-05 15:00:00,5
2739,cala-fornells_1_2025,3564,3560,18.874681,52.0,2026-05-05 16:00:00,5
2740,cala-fornells_1_2025,3565,3560,20.431898,37.0,2026-05-05 17:00:00,5
2741,cala-fornells_1_2025,3566,3560,20.495146,23.0,2026-05-05 18:00:00,5
2742,cala-fornells_1_2025,3567,3560,10.995827,19.0,2026-05-05 19:00:00,5
2743,cala-fornells_1_2025,3568,3560,4.6752024,4.0,2026-05-05 20:00:00,5
2744,cala-fornells_1_2025,3569,3560,18.30634,51.0,2026-05-06 08:00:00,5
2745,cala-fornells_1_2025,3570,3560,33.64839,52.0,2026-05-06 09:00:00,5
2746,cala-fornells_1_2025,3571,3560,35.56701,78.0,2026-05-06 10:00:00,5
2747,cala-fornells_1_2025,3572,3560,32.863255,110.0,2026-05-06 11:00:00,5
2748,cala-fornells_1_2025,3573,3560,34.133205,82.0,2026-05-06 12:00:00,5
2749,cala-fornells_1_2025,3574,3560,28.472622,73.0,2026-05-06 13:00:00,5
2750,cala-fornells_1_2025,3575,3560,22.86103,96.0,2026-05-06 14:00:00,5
2751,cala-fornells_1_2025,3576,3560,20.215229,57.0,2026-05-06 15:00:00,5
2752,cala-fornells_1_2025,3577,3560,18.839384,36.0,2026-05-06 16:00:00,5
2753,cala-fornells_1_2025,3578,3560,21.193085,33.0,2026-05-06 17:00:00,5
2754,cala-fornells_1_2025,3579,3560,21.04241,22.0,2026-05-06 18:00:00,5
2755,cala-fornells_1_2025,3580,3560,9.33892,36.0,2026-05-06 19:00:00,5
2756,cala-fornells_1_2025,3581,3560,4.652416,6.0,2026-05-06 20:00:00,5
2757,cala-fornells_1_2025,3582,3560,21.532492,49.0,2026-05-07 08:00:00,5
2758,cala-fornells_1_2025,3583,3560,33.365868,85.0,2026-05-07 09:00:00,5
2759,cala-fornells_1_2025,3584,3560,35.168835,82.0,2026-05-07 10:00:00,5
2760,cala-fornells_1_2025,3585,3560,26.11195,75.0,2026-05-07 11:00:00,5
2761,cala-fornells_1_2025,3586,3560,20.557941,63.0,2026-05-07 14:00:00,5
2762,cala-fornells_1_2025,3587,3560,19.020267,22.0,2026-05-07 15:00:00,5
2763,cala-fornells_1_2025,3588,3560,17.37637,14.0,2026-05-07 16:00:00,5
2764,cala-fornells_1_2025,3589,3560,18.337631,23.0,2026-05-07 17:00:00,5
2765,cala-fornells_1_2025,3590,3560,15.986701,28.0,2026-05-07 18:00:00,5
2766,cala-fornells_1_2025,3591,3560,7.970145,13.0,2026-05-07 19:00:00,5
2767,cala-fornells_1_2025,3592,3560,4.7791758,5.0,2026-05-07 20:00:00,5
2768,cala-fornells_1_2025,3593,3560,14.721916,35.0,2026-05-08 08:00:00,5
2769,cala-fornells_1_2025,3594,3560,20.05521,45.0,2026-05-08 09:00:00,5
2770,cala-fornells_1_2025,3595,3560,21.18877,62.0,2026-05-08 10:00:00,5
2771,cala-fornells_1_2025,3596,3560,19.828976,56.0,2026-05-08 11:00:00,5
2772,cala-fornells_1_2025,3597,3596,58.42494,31.0,2026-05-08 12:00:00,5
2773,cala-fornells_1_2025,3598,3596,59.968903,58.0,2026-05-08 13:00:00,5
2774,cala-fornells_1_2025,3599,3596,54.553772,65.0,2026-05-08 14:00:00,5
2775,cala-fornells_1_2025,3600,3596,43.697857,46.0,2026-05-08 15:00:00,5
2776,cala-fornells_1_2025,3601,3596,28.770264,43.0,2026-05-08 16:00:00,5
2777,cala-fornells_1_2025,3602,3596,23.486792,47.0,2026-05-08 17:00:00,5
2778,cala-fornells_1_2025,3603,3596,23.536152,32.0,2026-05-08 18:00:00,5
2779,cala-fornells_1_2025,3604,3596,14.808287,20.0,2026-05-08 19:00:00,5
2780,cala-fornells_1_2025,3605,3596,4.970779,6.0,2026-05-08 20:00:00,5
2781,cala-fornells_1_2025,3606,3596,34.025475,68.0,2026-05-09 08:00:00,5
2782,cala-fornells_1_2025,3607,3596,45.017765,69.0,2026-05-09 09:00:00,5
2783,cala-fornells_1_2025,3608,3596,41.699097,18.0,2026-05-09 10:00:00,5
2784,cala-fornells_1_2025,3609,3596,44.48777,36.0,2026-05-09 11:00:00,5
2785,cala-fornells_1_2025,3610,3596,43.736454,29.0,2026-05-09 12:00:00,5
2786,cala-fornells_1_2025,3611,3596,38.38477,55.0,2026-05-09 13:00:00,5
2787,cala-fornells_1_2025,3612,3596,31.867292,47.0,2026-05-09 14:00:00,5
2788,cala-fornells_1_2025,3613,3596,33.847057,14.0,2026-05-09 15:00:00,5
2789,cala-fornells_1_2025,3614,3596,27.77067,23.0,2026-05-09 16:00:00,5
2790,cala-fornells_1_2025,3615,3596,22.47782,20.0,2026-05-09 17:00:00,5
2791,cala-fornells_1_2025,3616,3596,20.587084,17.0,2026-05-09 18:00:00,5
2792,cala-fornells_1_2025,3617,3596,14.293257,16.0,2026-05-09 19:00:00,5
2793,cala-fornells_1_2025,3618,3596,4.9445057,5.0,2026-05-09 20:00:00,5
2794,cala-fornells_1_2025,3619,3596,36.030598,41.0,2026-05-10 08:00:00,5
2795,cala-fornells_1_2025,3620,3596,43.431843,65.0,2026-05-10 09:00:00,5
2796,cala-fornells_1_2025,3621,3596,46.928104,97.0,2026-05-10 10:00:00,5
2797,cala-fornells_1_2025,3622,3596,65.75633,91.0,2026-05-10 11:00:00,5
2798,cala-fornells_1_2025,3623,3596,74.77082,120.0,2026-05-10 12:00:00,5
2799,cala-fornells_1_2025,3624,3596,76.53262,106.0,2026-05-10 13:00:00,5
2800,cala-fornells_1_2025,3625,3596,76.40978,128.0,2026-05-10 14:00:00,5
2801,cala-fornells_1_2025,3626,3596,69.53711,107.0,2026-05-10 15:00:00,5
2802,cala-fornells_1_2025,3627,3596,33.87619,32.0,2026-05-10 17:00:00,5
2803,cala-fornells_1_2025,3628,3596,27.588547,36.0,2026-05-10 18:00:00,5
2804,cala-fornells_1_2025,3629,3596,24.446016,33.0,2026-05-10 19:00:00,5
2805,cala-fornells_1_2025,3630,3596,4.994752,6.0,2026-05-10 20:00:00,5
2806,cala-fornells_1_2025,3631,3596,39.87776,49.0,2026-05-11 08:00:00,5
2807,cala-fornells_1_2025,3632,3596,51.473984,106.0,2026-05-11 09:00:00,5
2808,cala-fornells_1_2025,3633,3632,89.81586,108.0,2026-05-11 10:00:00,5
2809,cala-fornells_1_2025,3634,3632,86.10477,80.0,2026-05-11 11:00:00,5
2810,cala-fornells_1_2025,3635,3632,91.432976,108.0,2026-05-11 12:00:00,5
2811,cala-fornells_1_2025,3636,3632,93.62646,72.0,2026-05-11 13:00:00,5
2812,cala-fornells_1_2025,3637,3632,95.58817,88.0,2026-05-11 14:00:00,5
2813,cala-fornells_1_2025,3638,3632,94.923935,77.0,2026-05-11 15:00:00,5
2814,cala-fornells_1_2025,3639,3632,71.16133,65.0,2026-05-11 16:00:00,5
2815,cala-fornells_1_2025,3640,3632,30.749979,25.0,2026-05-11 17:00:00,5
2816,cala-fornells_1_2025,3641,3632,32.044518,25.0,2026-05-11 18:00:00,5
2817,cala-fornells_1_2025,3642,3632,21.94838,25.0,2026-05-11 19:00:00,5
2818,cala-fornells_1_2025,3643,3632,6.0760565,4.0,2026-05-11 20:00:00,5
2819,cala-fornells_1_2025,3644,3632,54.67717,57.0,2026-05-12 08:00:00,5
2820,cala-fornells_1_2025,3645,3632,80.28134,59.0,2026-05-12 09:00:00,5
2821,cala-fornells_1_2025,3646,3632,91.3453,73.0,2026-05-12 10:00:00,5
2822,cala-fornells_1_2025,3647,3632,87.23406,57.0,2026-05-12 11:00:00,5
2823,cala-fornells_1_2025,3648,3632,85.142006,30.0,2026-05-12 12:00:00,5
2824,cala-fornells_1_2025,3649,3632,82.58822,28.0,2026-05-12 13:00:00,5
2825,cala-fornells_1_2025,3650,3632,85.73002,62.0,2026-05-12 14:00:00,5
2826,cala-fornells_1_2025,3651,3632,78.30011,62.0,2026-05-12 15:00:00,5
2827,cala-fornells_1_2025,3652,3632,57.008698,46.0,2026-05-12 16:00:00,5
2828,cala-fornells_1_2025,3653,3632,30.159075,21.0,2026-05-12 17:00:00,5
2829,cala-fornells_1_2025,3654,3632,30.916452,36.0,2026-05-12 18:00:00,5
2830,cala-fornells_1_2025,3655,3632,20.923939,19.0,2026-05-12 19:00:00,5
2831,cala-fornells_1_2025,3656,3632,5.7708893,4.0,2026-05-12 20:00:00,5
2832,cala-fornells_1_2025,3657,3632,53.424114,37.0,2026-05-13 08:00:00,5
2833,cala-fornells_1_2025,3658,3632,73.08004,57.0,2026-05-13 09:00:00,5
2834,cala-fornells_1_2025,3659,3632,82.68522,78.0,2026-05-13 10:00:00,5
2835,cala-fornells_1_2025,3660,3632,81.57904,62.0,2026-05-13 11:00:00,5
2836,cala-fornells_1_2025,3661,3632,83.908714,88.0,2026-05-13 12:00:00,5
2837,cala-fornells_1_2025,3662,3632,90.10999,75.0,2026-05-13 13:00:00,5
2838,cala-fornells_1_2025,3663,3632,92.692535,120.0,2026-05-13 14:00:00,5
2839,cala-fornells_1_2025,3664,3632,91.07667,77.0,2026-05-13 15:00:00,5
2840,cala-fornells_1_2025,3665,3632,63.260757,46.0,2026-05-13 16:00:00,5
2841,cala-fornells_1_2025,3666,3632,31.599985,28.0,2026-05-13 17:00:00,5
2842,cala-fornells_1_2025,3667,3632,31.677544,28.0,2026-05-13 18:00:00,5
2843,cala-fornells_1_2025,3668,3632,22.39638,24.0,2026-05-13 19:00:00,5
2844,cala-fornells_1_2025,3669,3668,6.253277,7.0,2026-05-13 20:00:00,5
2845,cala-fornells_1_2025,3670,3668,49.998615,40.0,2026-05-14 08:00:00,5
2846,cala-fornells_1_2025,3671,3668,68.459076,79.0,2026-05-14 09:00:00,5
2847,cala-fornells_1_2025,3672,3668,80.488266,104.0,2026-05-14 10:00:00,5
2848,cala-fornells_1_2025,3673,3668,73.97031,130.0,2026-05-14 11:00:00,5
2849,cala-fornells_1_2025,3674,3668,72.46923,139.0,2026-05-14 12:00:00,5
2850,cala-fornells_1_2025,3675,3668,79.43097,97.0,2026-05-14 13:00:00,5
2851,cala-fornells_1_2025,3676,3668,86.46271,92.0,2026-05-14 14:00:00,5
2852,cala-fornells_1_2025,3677,3668,80.03058,101.0,2026-05-14 15:00:00,5
2853,cala-fornells_1_2025,3678,3668,53.075806,84.0,2026-05-14 16:00:00,5
2854,cala-fornells_1_2025,3679,3668,28.86489,31.0,2026-05-14 17:00:00,5
2855,cala-fornells_1_2025,3680,3668,28.62858,21.0,2026-05-14 18:00:00,5
2856,cala-fornells_1_2025,3681,3668,23.452505,22.0,2026-05-14 19:00:00,5
2857,cala-fornells_1_2025,3682,3668,5.3138266,7.0,2026-05-14 20:00:00,5
2858,cala-fornells_1_2025,3683,3668,41.008785,50.0,2026-05-15 08:00:00,5
2859,cala-fornells_1_2025,3684,3668,53.02844,31.0,2026-05-15 09:00:00,5
2860,cala-fornells_1_2025,3685,3668,49.184696,16.0,2026-05-15 13:00:00,5
2861,cala-fornells_1_2025,3686,3668,35.264168,22.0,2026-05-15 14:00:00,5
2862,cala-fornells_1_2025,3687,3668,23.237682,8.0,2026-05-15 19:00:00,5
2863,cala-fornells_1_2025,3688,3668,14.298144,5.0,2026-05-15 20:00:00,5
2864,cala-fornells_1_2025,3689,3668,39.55084,41.0,2026-05-16 08:00:00,5
2865,cala-fornells_1_2025,3690,3668,52.118225,50.0,2026-05-16 09:00:00,5
2866,cala-fornells_1_2025,3691,3668,58.02138,78.0,2026-05-16 10:00:00,5
2867,cala-fornells_1_2025,3692,3668,61.743343,87.0,2026-05-16 11:00:00,5
2868,cala-fornells_1_2025,3693,3668,68.27583,77.0,2026-05-16 14:00:00,5
2869,cala-fornells_1_2025,3694,3668,62.833942,66.0,2026-05-16 15:00:00,5
2870,cala-fornells_1_2025,3695,3668,25.403517,28.0,2026-05-16 19:00:00,5
2871,cala-fornells_1_2025,3696,3668,70.017975,110.0,2026-05-17 10:00:00,5
2872,cala-fornells_1_2025,3697,3668,70.42505,75.0,2026-05-17 13:00:00,5
2873,cala-fornells_1_2025,3698,3668,24.520338,5.0,2026-05-17 20:00:00,5
2874,cala-fornells_1_2025,3699,3668,55.919773,46.0,2026-05-18 08:00:00,5
2875,cala-fornells_1_2025,3700,3668,59.133297,67.0,2026-05-18 12:00:00,5
2876,cala-fornells_1_2025,3701,3668,72.24948,70.0,2026-05-18 14:00:00,5
2877,cala-fornells_1_2025,3702,3668,64.93631,69.0,2026-05-18 15:00:00,5
2878,cala-fornells_1_2025,3703,3668,27.428152,28.0,2026-05-18 18:00:00,5
2879,cala-fornells_1_2025,3704,3668,24.807795,4.0,2026-05-18 19:00:00,5
2880,cala-fornells_2025,2732,2731,6.800452,8.0,2025-11-19 09:00:00,11
2881,cala-fornells_2025,2733,2731,6.7068324,9.0,2025-11-19 10:00:00,11
2882,cala-fornells_2025,2734,2731,7.020555,32.0,2025-11-19 11:00:00,11
2883,cala-fornells_2025,2735,2731,6.954235,13.0,2025-11-19 12:00:00,11
2884,cala-fornells_2025,2736,2731,6.5146914,10.0,2025-11-19 13:00:00,11
2885,cala-fornells_2025,2737,2731,6.1106825,5.0,2025-11-19 14:00:00,11
2886,cala-fornells_2025,2738,2731,5.590952,3.0,2025-11-19 15:00:00,11
2887,cala-fornells_2025,2739,2731,5.555461,4.0,2025-11-19 16:00:00,11
2888,cala-fornells_2025,2740,2731,5.0623703,24.0,2025-11-19 17:00:00,11
2889,cala-fornells_2025,2741,2731,3.4707582,3.0,2025-11-19 18:00:00,11
2890,cala-fornells_2025,2742,2731,3.4863799,3.0,2025-11-19 19:00:00,11
2891,cala-fornells_2025,2743,2731,3.5033658,4.0,2025-11-19 20:00:00,11
2892,cala-fornells_2025,2744,2731,5.7543926,6.0,2025-11-20 08:00:00,11
2893,cala-fornells_2025,2745,2731,5.967418,21.0,2025-11-20 09:00:00,11
2894,cala-fornells_2025,2746,2731,5.8517747,9.0,2025-11-20 10:00:00,11
2895,cala-fornells_2025,2747,2731,6.1281223,9.0,2025-11-20 11:00:00,11
2896,cala-fornells_2025,2748,2731,5.396125,12.0,2025-11-20 12:00:00,11
2897,cala-fornells_2025,2749,2731,5.3211145,8.0,2025-11-20 13:00:00,11
2898,cala-fornells_2025,2750,2731,5.280057,5.0,2025-11-20 14:00:00,11
2899,cala-fornells_2025,2751,2731,5.2227097,3.0,2025-11-20 15:00:00,11
2900,cala-fornells_2025,2752,2731,5.1692357,6.0,2025-11-20 16:00:00,11
2901,cala-fornells_2025,2753,2731,4.433279,9.0,2025-11-20 17:00:00,11
2902,cala-fornells_2025,2754,2731,3.3919876,4.0,2025-11-20 18:00:00,11
2903,cala-fornells_2025,2755,2731,3.3820517,4.0,2025-11-20 19:00:00,11
2904,cala-fornells_2025,2756,2731,3.4340553,3.0,2025-11-20 20:00:00,11
2905,cala-fornells_2025,2757,2731,6.4701967,16.0,2025-11-21 08:00:00,11
2906,cala-fornells_2025,2758,2731,7.2339296,14.0,2025-11-21 09:00:00,11
2907,cala-fornells_2025,2759,2731,6.5223475,5.0,2025-11-21 10:00:00,11
2908,cala-fornells_2025,2760,2731,6.2009583,14.0,2025-11-21 11:00:00,11
2909,cala-fornells_2025,2761,2731,6.0070457,11.0,2025-11-21 12:00:00,11
2910,cala-fornells_2025,2762,2731,5.906948,5.0,2025-11-21 13:00:00,11
2911,cala-fornells_2025,2763,2731,5.845244,10.0,2025-11-21 14:00:00,11
2912,cala-fornells_2025,2764,2731,5.4884853,4.0,2025-11-21 15:00:00,11
2913,cala-fornells_2025,2765,2731,5.3961,6.0,2025-11-21 16:00:00,11
2914,cala-fornells_2025,2766,2731,4.9038396,4.0,2025-11-21 17:00:00,11
2915,cala-fornells_2025,2767,2731,3.6388514,3.0,2025-11-21 18:00:00,11
2916,cala-fornells_2025,2768,2767,3.3909602,4.0,2025-11-21 19:00:00,11
2917,cala-fornells_2025,2769,2767,3.278321,4.0,2025-11-21 20:00:00,11
2918,cala-fornells_2025,2770,2767,8.43272,16.0,2025-11-22 08:00:00,11
2919,cala-fornells_2025,2771,2767,11.342391,12.0,2025-11-22 09:00:00,11
2920,cala-fornells_2025,2772,2767,8.833504,13.0,2025-11-22 10:00:00,11
2921,cala-fornells_2025,2773,2767,8.845171,7.0,2025-11-22 11:00:00,11
2922,cala-fornells_2025,2774,2767,8.258608,15.0,2025-11-22 12:00:00,11
2923,cala-fornells_2025,2775,2767,6.5476646,4.0,2025-11-22 13:00:00,11
2924,cala-fornells_2025,2776,2767,5.9140224,10.0,2025-11-22 14:00:00,11
2925,cala-fornells_2025,2777,2767,5.2802467,4.0,2025-11-22 15:00:00,11
2926,cala-fornells_2025,2778,2767,4.7856154,6.0,2025-11-22 16:00:00,11
2927,cala-fornells_2025,2779,2767,3.9687858,5.0,2025-11-22 17:00:00,11
2928,cala-fornells_2025,2780,2767,3.2771173,4.0,2025-11-22 18:00:00,11
2929,cala-fornells_2025,2781,2767,3.3267412,4.0,2025-11-22 19:00:00,11
2930,cala-fornells_2025,2782,2767,3.3450952,3.0,2025-11-22 20:00:00,11
2931,cala-fornells_2025,2783,2767,12.182697,16.0,2025-11-23 08:00:00,11
2932,cala-fornells_2025,2784,2767,10.612543,10.0,2025-11-23 09:00:00,11
2933,cala-fornells_2025,2785,2767,12.474539,12.0,2025-11-23 10:00:00,11
2934,cala-fornells_2025,2786,2767,12.439763,12.0,2025-11-23 11:00:00,11
2935,cala-fornells_2025,2787,2767,10.895569,23.0,2025-11-23 12:00:00,11
2936,cala-fornells_2025,2788,2767,8.794951,8.0,2025-11-23 13:00:00,11
2937,cala-fornells_2025,2789,2767,6.688115,4.0,2025-11-23 14:00:00,11
2938,cala-fornells_2025,2790,2767,5.7087708,5.0,2025-11-23 15:00:00,11
2939,cala-fornells_2025,2791,2767,4.959513,6.0,2025-11-23 16:00:00,11
2940,cala-fornells_2025,2792,2767,3.8541155,11.0,2025-11-23 17:00:00,11
2941,cala-fornells_2025,2793,2767,3.2132127,3.0,2025-11-23 18:00:00,11
2942,cala-fornells_2025,2794,2767,3.3047173,3.0,2025-11-23 19:00:00,11
2943,cala-fornells_2025,2795,2767,3.3616412,3.0,2025-11-23 20:00:00,11
2944,cala-fornells_2025,2796,2767,8.666006,13.0,2025-11-24 08:00:00,11
2945,cala-fornells_2025,2797,2767,9.34526,23.0,2025-11-24 09:00:00,11
2946,cala-fornells_2025,2798,2767,9.821159,12.0,2025-11-24 10:00:00,11
2947,cala-fornells_2025,2799,2767,9.244146,42.0,2025-11-24 11:00:00,11
2948,cala-fornells_2025,2800,2767,8.344244,4.0,2025-11-24 12:00:00,11
2949,cala-fornells_2025,2801,2767,6.560955,8.0,2025-11-24 13:00:00,11
2950,cala-fornells_2025,2802,2767,5.8742933,5.0,2025-11-24 14:00:00,11
2951,cala-fornells_2025,2803,2767,5.230526,5.0,2025-11-24 15:00:00,11
2952,cala-fornells_2025,2804,2803,4.348441,5.0,2025-11-24 16:00:00,11
2953,cala-fornells_2025,2805,2803,4.2466097,13.0,2025-11-24 17:00:00,11
2954,cala-fornells_2025,2806,2803,3.37116,3.0,2025-11-24 18:00:00,11
2955,cala-fornells_2025,2807,2803,3.2210808,3.0,2025-11-24 19:00:00,11
2956,cala-fornells_2025,2808,2803,3.06627,3.0,2025-11-24 20:00:00,11
2957,cala-fornells_2025,2809,2803,10.496993,9.0,2025-11-25 08:00:00,11
2958,cala-fornells_2025,2810,2803,9.951433,11.0,2025-11-25 09:00:00,11
2959,cala-fornells_2025,2811,2803,11.754048,7.0,2025-11-25 10:00:00,11
2960,cala-fornells_2025,2812,2803,9.897762,6.0,2025-11-25 11:00:00,11
2961,cala-fornells_2025,2813,2803,7.799923,6.0,2025-11-25 12:00:00,11
2962,cala-fornells_2025,2814,2803,6.589525,4.0,2025-11-25 13:00:00,11
2963,cala-fornells_2025,2815,2803,5.429465,4.0,2025-11-25 14:00:00,11
2964,cala-fornells_2025,2816,2803,4.7018685,3.0,2025-11-25 15:00:00,11
2965,cala-fornells_2025,2817,2803,4.6544113,7.0,2025-11-25 16:00:00,11
2966,cala-fornells_2025,2818,2803,4.3900642,2.0,2025-11-25 17:00:00,11
2967,cala-fornells_2025,2819,2803,3.3641424,3.0,2025-11-25 18:00:00,11
2968,cala-fornells_2025,2820,2803,3.2317715,3.0,2025-11-25 19:00:00,11
2969,cala-fornells_2025,2821,2803,3.1571984,3.0,2025-11-25 20:00:00,11
2970,cala-fornells_2025,2822,2803,11.737131,11.0,2025-11-26 08:00:00,11
2971,cala-fornells_2025,2823,2803,12.868225,11.0,2025-11-26 09:00:00,11
2972,cala-fornells_2025,2824,2803,12.281968,11.0,2025-11-26 10:00:00,11
2973,cala-fornells_2025,2825,2803,9.453114,4.0,2025-11-26 11:00:00,11
2974,cala-fornells_2025,2826,2803,8.488739,5.0,2025-11-26 12:00:00,11
2975,cala-fornells_2025,2827,2803,6.7617354,4.0,2025-11-26 13:00:00,11
2976,cala-fornells_2025,2828,2803,5.4167347,4.0,2025-11-26 14:00:00,11
2977,cala-fornells_2025,2829,2803,4.722101,3.0,2025-11-26 15:00:00,11
2978,cala-fornells_2025,2830,2803,4.625577,10.0,2025-11-26 16:00:00,11
2979,cala-fornells_2025,2831,2803,4.437025,3.0,2025-11-26 17:00:00,11
2980,cala-fornells_2025,2832,2803,3.3533332,39.0,2025-11-26 18:00:00,11
2981,cala-fornells_2025,2833,2803,3.17591,3.0,2025-11-26 19:00:00,11
2982,cala-fornells_2025,2834,2803,3.169976,3.0,2025-11-26 20:00:00,11
2983,cala-fornells_2025,2835,2803,13.132413,8.0,2025-11-27 08:00:00,11
2984,cala-fornells_2025,2836,2803,13.313642,10.0,2025-11-27 09:00:00,11
2985,cala-fornells_2025,2837,2803,12.662743,6.0,2025-11-27 10:00:00,11
2986,cala-fornells_2025,2838,2803,11.004906,7.0,2025-11-27 11:00:00,11
2987,cala-fornells_2025,2839,2803,5.791231,5.0,2025-11-30 13:00:00,11
2988,cala-fornells_2025,2840,2839,3.5255442,3.0,2025-11-30 14:00:00,11
2989,cala-fornells_2025,2841,2839,3.639744,3.0,2025-11-30 15:00:00,11
2990,cala-fornells_2025,2842,2839,4.236602,4.0,2025-11-30 16:00:00,11
2991,cala-fornells_2025,2843,2839,3.6243458,9.0,2025-11-30 17:00:00,11
2992,cala-fornells_2025,2844,2839,2.5981934,3.0,2025-11-30 18:00:00,11
2993,cala-fornells_2025,2845,2839,2.563623,4.0,2025-11-30 19:00:00,11
2994,cala-fornells_2025,2846,2839,2.534946,3.0,2025-11-30 20:00:00,11
2995,cala-fornells_2025,2847,2839,10.367746,5.0,2025-12-01 08:00:00,12
2996,cala-fornells_2025,2848,2839,10.72243,10.0,2025-12-01 09:00:00,12
2997,cala-fornells_2025,2849,2839,8.81819,9.0,2025-12-01 10:00:00,12
2998,cala-fornells_2025,2850,2839,6.846931,7.0,2025-12-01 11:00:00,12
2999,cala-fornells_2025,2851,2839,5.157649,10.0,2025-12-01 12:00:00,12
3000,cala-fornells_2025,2852,2839,4.3403387,20.0,2025-12-01 13:00:00,12
3001,cala-fornells_2025,2853,2839,3.882824,4.0,2025-12-01 14:00:00,12
3002,cala-fornells_2025,2854,2839,3.7491865,3.0,2025-12-01 15:00:00,12
3003,cala-fornells_2025,2855,2839,4.382677,4.0,2025-12-01 16:00:00,12
3004,cala-fornells_2025,2856,2839,3.5715911,4.0,2025-12-01 17:00:00,12
3005,cala-fornells_2025,2857,2839,2.523627,4.0,2025-12-01 18:00:00,12
3006,cala-fornells_2025,2858,2839,2.532501,3.0,2025-12-01 19:00:00,12
3007,cala-fornells_2025,2859,2839,2.5377545,5.0,2025-12-01 20:00:00,12
3008,cala-fornells_2025,2860,2839,10.244534,6.0,2025-12-02 08:00:00,12
3009,cala-fornells_2025,2861,2839,9.6930065,19.0,2025-12-02 09:00:00,12
3010,cala-fornells_2025,2862,2839,7.4174833,7.0,2025-12-02 10:00:00,12
3011,cala-fornells_2025,2863,2839,5.834982,5.0,2025-12-02 11:00:00,12
3012,cala-fornells_2025,2864,2839,4.988774,8.0,2025-12-02 12:00:00,12
3013,cala-fornells_2025,2865,2839,4.4925895,5.0,2025-12-02 13:00:00,12
3014,cala-fornells_2025,2866,2839,4.1498055,3.0,2025-12-02 14:00:00,12
3015,cala-fornells_2025,2867,2839,3.901866,3.0,2025-12-02 15:00:00,12
3016,cala-fornells_2025,2868,2839,3.8265667,5.0,2025-12-02 16:00:00,12
3017,cala-fornells_2025,2869,2839,3.0475945,3.0,2025-12-02 17:00:00,12
3018,cala-fornells_2025,2870,2839,2.4923406,5.0,2025-12-02 18:00:00,12
3019,cala-fornells_2025,2871,2839,2.5498009,4.0,2025-12-02 19:00:00,12
3020,cala-fornells_2025,2872,2839,2.473151,4.0,2025-12-02 20:00:00,12
3021,cala-fornells_2025,2873,2839,10.02191,9.0,2025-12-03 08:00:00,12
3022,cala-fornells_2025,2874,2839,9.928837,10.0,2025-12-03 09:00:00,12
3023,cala-fornells_2025,2875,2839,8.759565,7.0,2025-12-03 10:00:00,12
3024,cala-fornells_2025,2876,2875,6.2936664,7.0,2025-12-03 11:00:00,12
3025,cala-fornells_2025,2877,2875,5.508976,6.0,2025-12-03 12:00:00,12
3026,cala-fornells_2025,2878,2875,4.942211,5.0,2025-12-03 13:00:00,12
3027,cala-fornells_2025,2879,2875,4.3681564,4.0,2025-12-03 14:00:00,12
3028,cala-fornells_2025,2880,2875,4.1755767,3.0,2025-12-03 15:00:00,12
3029,cala-fornells_2025,2881,2875,4.0969925,13.0,2025-12-03 16:00:00,12
3030,cala-fornells_2025,2882,2875,3.7673419,2.0,2025-12-03 17:00:00,12
3031,cala-fornells_2025,2883,2875,3.544246,3.0,2025-12-03 18:00:00,12
3032,cala-fornells_2025,2884,2875,3.3606346,8.0,2025-12-03 19:00:00,12
3033,cala-fornells_2025,2885,2875,3.2688653,6.0,2025-12-03 20:00:00,12
3034,cala-fornells_2025,2886,2875,9.241773,7.0,2025-12-04 08:00:00,12
3035,cala-fornells_2025,2887,2875,10.8946495,6.0,2025-12-04 09:00:00,12
3036,cala-fornells_2025,2888,2875,9.005228,5.0,2025-12-04 10:00:00,12
3037,cala-fornells_2025,2889,2875,6.697727,8.0,2025-12-04 11:00:00,12
3038,cala-fornells_2025,2890,2875,5.3145647,6.0,2025-12-04 12:00:00,12
3039,cala-fornells_2025,2891,2875,4.7408714,5.0,2025-12-04 13:00:00,12
3040,cala-fornells_2025,2892,2875,4.323417,3.0,2025-12-04 14:00:00,12
3041,cala-fornells_2025,2893,2875,4.1085987,4.0,2025-12-04 15:00:00,12
3042,cala-fornells_2025,2894,2875,4.1643214,11.0,2025-12-04 16:00:00,12
3043,cala-fornells_2025,2895,2875,4.0230255,4.0,2025-12-04 17:00:00,12
3044,cala-fornells_2025,2896,2875,3.714465,3.0,2025-12-04 18:00:00,12
3045,cala-fornells_2025,2897,2875,3.4144895,5.0,2025-12-04 19:00:00,12
3046,cala-fornells_2025,2898,2875,3.326687,4.0,2025-12-04 20:00:00,12
3047,cala-fornells_2025,2899,2875,8.215922,10.0,2025-12-05 08:00:00,12
3048,cala-fornells_2025,2900,2875,8.496572,5.0,2025-12-05 09:00:00,12
3049,cala-fornells_2025,2901,2875,6.797305,6.0,2025-12-05 10:00:00,12
3050,cala-fornells_2025,2902,2875,5.9430637,4.0,2025-12-05 11:00:00,12
3051,cala-fornells_2025,2903,2875,5.1554794,5.0,2025-12-05 12:00:00,12
3052,cala-fornells_2025,2904,2875,4.6608553,4.0,2025-12-05 13:00:00,12
3053,cala-fornells_2025,2905,2875,4.257809,5.0,2025-12-05 14:00:00,12
3054,cala-fornells_2025,2906,2875,4.05239,3.0,2025-12-05 15:00:00,12
3055,cala-fornells_2025,2907,2875,3.9781566,4.0,2025-12-05 16:00:00,12
3056,cala-fornells_2025,2908,2875,3.7045805,5.0,2025-12-05 17:00:00,12
3057,cala-fornells_2025,2909,2875,3.455965,3.0,2025-12-05 18:00:00,12
3058,cala-fornells_2025,2910,2875,3.327296,6.0,2025-12-05 19:00:00,12
3059,cala-fornells_2025,2911,2875,3.3073025,5.0,2025-12-05 20:00:00,12
3060,cala-fornells_2_2025,3536,3535,0.3986209,8.0,2026-05-02 20:00:00,5
3061,cala-fornells_2_2025,3537,3535,2.65525,2.0,2026-05-03 08:00:00,5
3062,cala-fornells_2_2025,3538,3535,4.6240673,1.0,2026-05-03 09:00:00,5
3063,cala-fornells_2_2025,3539,3535,3.863031,1.0,2026-05-03 10:00:00,5
3064,cala-fornells_2_2025,3540,3535,3.7133236,1.0,2026-05-03 11:00:00,5
3065,cala-fornells_2_2025,3541,3535,3.6736147,1.0,2026-05-03 12:00:00,5
3066,cala-fornells_2_2025,3542,3535,3.6987886,1.0,2026-05-03 13:00:00,5
3067,cala-fornells_2_2025,3543,3535,3.5333352,1.0,2026-05-03 14:00:00,5
3068,cala-fornells_2_2025,3544,3535,3.2602465,1.0,2026-05-03 15:00:00,5
3069,cala-fornells_2_2025,3545,3535,2.5951023,7.0,2026-05-03 16:00:00,5
3070,cala-fornells_2_2025,3546,3535,1.7579148,4.0,2026-05-03 17:00:00,5
3071,cala-fornells_2_2025,3547,3535,1.5936911,1.0,2026-05-03 18:00:00,5
3072,cala-fornells_2_2025,3548,3535,1.2811184,1.0,2026-05-03 19:00:00,5
3073,cala-fornells_2_2025,3549,3535,0.9789011,7.0,2026-05-03 20:00:00,5
3074,cala-fornells_2_2025,3550,3535,3.562425,11.0,2026-05-04 08:00:00,5
3075,cala-fornells_2_2025,3551,3535,6.2613645,1.0,2026-05-04 09:00:00,5
3076,cala-fornells_2_2025,3552,3535,5.289075,2.0,2026-05-04 10:00:00,5
3077,cala-fornells_2_2025,3553,3535,4.137869,3.0,2026-05-04 11:00:00,5
3078,cala-fornells_2_2025,3554,3535,3.4303477,1.0,2026-05-04 12:00:00,5
3079,cala-fornells_2_2025,3555,3535,2.899354,3.0,2026-05-04 13:00:00,5
3080,cala-fornells_2_2025,3556,3535,2.3516202,2.0,2026-05-04 14:00:00,5
3081,cala-fornells_2_2025,3557,3535,1.7822261,4.0,2026-05-04 15:00:00,5
3082,cala-fornells_2_2025,3558,3535,1.1750921,3.0,2026-05-04 16:00:00,5
3083,cala-fornells_2_2025,3559,3535,0.60493743,10.0,2026-05-04 17:00:00,5
3084,cala-fornells_2_2025,3560,3535,0.59913325,1.0,2026-05-04 18:00:00,5
3085,cala-fornells_2_2025,3561,3535,0.67800105,2.0,2026-05-04 19:00:00,5
3086,cala-fornells_2_2025,3562,3535,0.29478514,1.0,2026-05-04 20:00:00,5
3087,cala-fornells_2_2025,3563,3535,4.679908,1.0,2026-05-05 08:00:00,5
3088,cala-fornells_2_2025,3564,3535,12.838471,15.0,2026-05-05 09:00:00,5
3089,cala-fornells_2_2025,3565,3535,10.889113,4.0,2026-05-05 10:00:00,5
3090,cala-fornells_2_2025,3566,3535,5.053653,4.0,2026-05-05 11:00:00,5
3091,cala-fornells_2_2025,3567,3535,3.8554232,8.0,2026-05-05 12:00:00,5
3092,cala-fornells_2_2025,3568,3535,3.0872343,17.0,2026-05-05 13:00:00,5
3093,cala-fornells_2_2025,3569,3535,2.6114655,7.0,2026-05-05 14:00:00,5
3094,cala-fornells_2_2025,3570,3535,2.0845408,5.0,2026-05-05 15:00:00,5
3095,cala-fornells_2_2025,3571,3535,1.4503618,3.0,2026-05-05 16:00:00,5
3096,cala-fornells_2_2025,3572,3571,1.2797312,1.0,2026-05-05 18:00:00,5
3097,cala-fornells_2_2025,3573,3571,1.5832239,5.0,2026-05-05 19:00:00,5
3098,cala-fornells_2_2025,3574,3571,1.2112094,5.0,2026-05-05 20:00:00,5
3099,cala-fornells_2_2025,3575,3571,3.7424989,2.0,2026-05-06 08:00:00,5
3100,cala-fornells_2_2025,3576,3571,4.4976845,37.0,2026-05-06 09:00:00,5
3101,cala-fornells_2_2025,3577,3571,4.3247814,29.0,2026-05-06 10:00:00,5
3102,cala-fornells_2_2025,3578,3571,3.653146,5.0,2026-05-06 11:00:00,5
3103,cala-fornells_2_2025,3579,3571,3.320527,8.0,2026-05-06 12:00:00,5
3104,cala-fornells_2_2025,3580,3571,3.3237324,9.0,2026-05-06 13:00:00,5
3105,cala-fornells_2_2025,3581,3571,3.2336187,18.0,2026-05-06 14:00:00,5
3106,cala-fornells_2_2025,3582,3571,3.1493638,2.0,2026-05-06 15:00:00,5
3107,cala-fornells_2_2025,3583,3571,2.299995,3.0,2026-05-06 16:00:00,5
3108,cala-fornells_2_2025,3584,3571,1.8890822,1.0,2026-05-06 17:00:00,5
3109,cala-fornells_2_2025,3585,3571,1.1162256,1.0,2026-05-06 18:00:00,5
3110,cala-fornells_2_2025,3586,3571,1.8196388,1.0,2026-05-06 19:00:00,5
3111,cala-fornells_2_2025,3587,3571,1.864856,2.0,2026-05-06 20:00:00,5
3112,cala-fornells_2_2025,3588,3571,3.2735305,26.0,2026-05-07 08:00:00,5
3113,cala-fornells_2_2025,3589,3571,4.368232,102.0,2026-05-07 09:00:00,5
3114,cala-fornells_2_2025,3590,3571,4.3222,1.0,2026-05-07 10:00:00,5
3115,cala-fornells_2_2025,3591,3571,3.1990793,1.0,2026-05-07 11:00:00,5
3116,cala-fornells_2_2025,3592,3571,2.5368328,2.0,2026-05-07 14:00:00,5
3117,cala-fornells_2_2025,3593,3571,2.2528362,1.0,2026-05-07 15:00:00,5
3118,cala-fornells_2_2025,3594,3571,2.018907,1.0,2026-05-07 16:00:00,5
3119,cala-fornells_2_2025,3595,3571,1.6131994,1.0,2026-05-07 17:00:00,5
3120,cala-fornells_2_2025,3596,3571,1.2787935,1.0,2026-05-07 18:00:00,5
3121,cala-fornells_2_2025,3597,3571,1.4832866,1.0,2026-05-07 19:00:00,5
3122,cala-fornells_2_2025,3598,3571,1.5463364,5.0,2026-05-07 20:00:00,5
3123,cala-fornells_2_2025,3599,3571,2.716921,1.0,2026-05-08 08:00:00,5
3124,cala-fornells_2_2025,3600,3571,2.9152288,2.0,2026-05-08 09:00:00,5
3125,cala-fornells_2_2025,3601,3571,2.3972402,64.0,2026-05-08 10:00:00,5
3126,cala-fornells_2_2025,3602,3571,2.119694,31.0,2026-05-08 11:00:00,5
3127,cala-fornells_2_2025,3603,3571,2.1464515,10.0,2026-05-08 12:00:00,5
3128,cala-fornells_2_2025,3604,3571,2.0156188,1.0,2026-05-08 13:00:00,5
3129,cala-fornells_2_2025,3605,3571,1.967036,2.0,2026-05-08 14:00:00,5
3130,cala-fornells_2_2025,3606,3571,1.8623903,1.0,2026-05-08 15:00:00,5
3131,cala-fornells_2_2025,3607,3571,1.6481614,6.0,2026-05-08 16:00:00,5
3132,cala-fornells_2_2025,3608,3607,1.6018157,1.0,2026-05-08 17:00:00,5
3133,cala-fornells_2_2025,3609,3607,1.035462,2.0,2026-05-08 19:00:00,5
3134,cala-fornells_2_2025,3610,3607,1.1252077,7.0,2026-05-08 20:00:00,5
3135,cala-fornells_2_2025,3611,3607,3.73508,1.0,2026-05-09 08:00:00,5
3136,cala-fornells_2_2025,3612,3607,4.1983824,1.0,2026-05-09 09:00:00,5
3137,cala-fornells_2_2025,3613,3607,3.159033,1.0,2026-05-09 10:00:00,5
3138,cala-fornells_2_2025,3614,3607,3.2571678,1.0,2026-05-09 11:00:00,5
3139,cala-fornells_2_2025,3615,3607,3.2561753,3.0,2026-05-09 12:00:00,5
3140,cala-fornells_2_2025,3616,3607,2.9141479,1.0,2026-05-09 13:00:00,5
3141,cala-fornells_2_2025,3617,3607,2.5320187,1.0,2026-05-09 14:00:00,5
3142,cala-fornells_2_2025,3618,3607,2.3039885,1.0,2026-05-09 15:00:00,5
3143,cala-fornells_2_2025,3619,3607,2.063653,1.0,2026-05-09 16:00:00,5
3144,cala-fornells_2_2025,3620,3607,1.8107618,1.0,2026-05-09 17:00:00,5
3145,cala-fornells_2_2025,3621,3607,1.5763862,1.0,2026-05-09 18:00:00,5
3146,cala-fornells_2_2025,3622,3607,1.5682772,1.0,2026-05-09 19:00:00,5
3147,cala-fornells_2_2025,3623,3607,1.4286809,1.0,2026-05-09 20:00:00,5
3148,cala-fornells_2_2025,3624,3607,4.298335,2.0,2026-05-10 08:00:00,5
3149,cala-fornells_2_2025,3625,3607,5.0434465,17.0,2026-05-10 09:00:00,5
3150,cala-fornells_2_2025,3626,3607,4.750804,41.0,2026-05-10 10:00:00,5
3151,cala-fornells_2_2025,3627,3607,6.455672,57.0,2026-05-10 11:00:00,5
3152,cala-fornells_2_2025,3628,3607,5.844452,15.0,2026-05-10 12:00:00,5
3153,cala-fornells_2_2025,3629,3607,5.475724,9.0,2026-05-10 13:00:00,5
3154,cala-fornells_2_2025,3630,3607,5.0014973,7.0,2026-05-10 14:00:00,5
3155,cala-fornells_2_2025,3631,3607,4.154643,8.0,2026-05-10 15:00:00,5
3156,cala-fornells_2_2025,3632,3607,3.3113484,4.0,2026-05-10 16:00:00,5
3157,cala-fornells_2_2025,3633,3607,2.634877,1.0,2026-05-10 17:00:00,5
3158,cala-fornells_2_2025,3634,3607,2.0148249,1.0,2026-05-10 18:00:00,5
3159,cala-fornells_2_2025,3635,3607,1.9469042,2.0,2026-05-10 19:00:00,5
3160,cala-fornells_2_2025,3636,3607,1.5433533,8.0,2026-05-10 20:00:00,5
3161,cala-fornells_2_2025,3637,3607,6.6050735,30.0,2026-05-11 08:00:00,5
3162,cala-fornells_2_2025,3638,3607,10.9807415,41.0,2026-05-11 09:00:00,5
3163,cala-fornells_2_2025,3639,3607,8.800726,46.0,2026-05-11 10:00:00,5
3164,cala-fornells_2_2025,3640,3607,5.9167576,35.0,2026-05-11 11:00:00,5
3165,cala-fornells_2_2025,3641,3607,4.472952,5.0,2026-05-11 12:00:00,5
3166,cala-fornells_2_2025,3642,3607,3.7929964,7.0,2026-05-11 13:00:00,5
3167,cala-fornells_2_2025,3643,3607,3.1891243,6.0,2026-05-11 14:00:00,5
3168,cala-fornells_2_2025,3644,3643,4.35335,2.0,2026-05-11 15:00:00,5
3169,cala-fornells_2_2025,3645,3643,1.5288692,1.0,2026-05-11 17:00:00,5
3170,cala-fornells_2_2025,3646,3643,1.238048,1.0,2026-05-11 18:00:00,5
3171,cala-fornells_2_2025,3647,3643,1.4875026,3.0,2026-05-11 19:00:00,5
3172,cala-fornells_2_2025,3648,3643,1.301878,8.0,2026-05-11 20:00:00,5
3173,cala-fornells_2_2025,3649,3643,11.821411,13.0,2026-05-12 08:00:00,5
3174,cala-fornells_2_2025,3650,3643,23.545334,7.0,2026-05-12 09:00:00,5
3175,cala-fornells_2_2025,3651,3643,25.460434,11.0,2026-05-12 10:00:00,5
3176,cala-fornells_2_2025,3652,3643,13.887209,6.0,2026-05-12 11:00:00,5
3177,cala-fornells_2_2025,3653,3643,6.961071,2.0,2026-05-12 12:00:00,5
3178,cala-fornells_2_2025,3654,3643,5.057776,1.0,2026-05-12 13:00:00,5
3179,cala-fornells_2_2025,3655,3643,4.58502,10.0,2026-05-12 14:00:00,5
3180,cala-fornells_2_2025,3656,3643,3.5371568,2.0,2026-05-12 15:00:00,5
3181,cala-fornells_2_2025,3657,3643,2.1848726,11.0,2026-05-12 16:00:00,5
3182,cala-fornells_2_2025,3658,3643,1.157321,4.0,2026-05-12 17:00:00,5
3183,cala-fornells_2_2025,3659,3643,1.0231215,1.0,2026-05-12 18:00:00,5
3184,cala-fornells_2_2025,3660,3643,1.4061251,2.0,2026-05-12 19:00:00,5
3185,cala-fornells_2_2025,3661,3643,1.350237,13.0,2026-05-12 20:00:00,5
3186,cala-fornells_2_2025,3662,3643,10.472121,17.0,2026-05-13 08:00:00,5
3187,cala-fornells_2_2025,3663,3643,19.99009,91.0,2026-05-13 09:00:00,5
3188,cala-fornells_2_2025,3664,3643,20.55584,57.0,2026-05-13 10:00:00,5
3189,cala-fornells_2_2025,3665,3643,14.432749,52.0,2026-05-13 11:00:00,5
3190,cala-fornells_2_2025,3666,3643,7.9350715,7.0,2026-05-13 12:00:00,5
3191,cala-fornells_2_2025,3667,3643,6.1257844,7.0,2026-05-13 13:00:00,5
3192,cala-fornells_2_2025,3668,3643,5.646924,9.0,2026-05-13 14:00:00,5
3193,cala-fornells_2_2025,3669,3643,4.842143,3.0,2026-05-13 15:00:00,5
3194,cala-fornells_2_2025,3670,3643,2.8283324,7.0,2026-05-13 16:00:00,5
3195,cala-fornells_2_2025,3671,3643,1.3186853,1.0,2026-05-13 17:00:00,5
3196,cala-fornells_2_2025,3672,3643,0.951556,1.0,2026-05-13 18:00:00,5
3197,cala-fornells_2_2025,3673,3643,1.3021929,1.0,2026-05-13 19:00:00,5
3198,cala-fornells_2_2025,3674,3643,1.4033313,3.0,2026-05-13 20:00:00,5
3199,cala-fornells_2_2025,3675,3643,11.800511,19.0,2026-05-14 08:00:00,5
3200,cala-fornells_2_2025,3676,3643,29.143425,27.0,2026-05-14 10:00:00,5
3201,cala-fornells_2_2025,3677,3643,25.276346,23.0,2026-05-14 11:00:00,5
3202,cala-fornells_2_2025,3678,3643,7.588612,13.0,2026-05-14 13:00:00,5
3203,cala-fornells_2_2025,3679,3643,5.9311886,25.0,2026-05-14 14:00:00,5
3204,cala-fornells_2_2025,3680,3679,5.189377,8.0,2026-05-14 15:00:00,5
3205,cala-fornells_2_2025,3681,3679,1.3471757,1.0,2026-05-14 17:00:00,5
3206,cala-fornells_2_2025,3682,3679,0.7237653,1.0,2026-05-14 18:00:00,5
3207,cala-fornells_2_2025,3683,3679,1.1671882,1.0,2026-05-14 19:00:00,5
3208,cala-fornells_2_2025,3684,3679,2.1008806,5.0,2026-05-14 20:00:00,5
3209,cala-fornells_2_2025,3685,3679,19.662888,1.0,2026-05-15 08:00:00,5
3210,cala-fornells_2_2025,3686,3679,26.457851,1.0,2026-05-15 09:00:00,5
3211,cala-fornells_2_2025,3687,3679,19.336586,5.0,2026-05-15 10:00:00,5
3212,cala-fornells_2_2025,3688,3679,13.110275,3.0,2026-05-15 11:00:00,5
3213,cala-fornells_2_2025,3689,3679,10.656812,2.0,2026-05-15 12:00:00,5
3214,cala-fornells_2_2025,3690,3679,6.2907767,3.0,2026-05-15 15:00:00,5
3215,cala-fornells_2_2025,3691,3679,4.45217,6.0,2026-05-15 16:00:00,5
3216,cala-fornells_2_2025,3692,3679,3.1609397,9.0,2026-05-15 17:00:00,5
3217,cala-fornells_2_2025,3693,3679,2.4740984,1.0,2026-05-15 19:00:00,5
3218,cala-fornells_2_2025,3694,3679,2.7730317,1.0,2026-05-15 20:00:00,5
3219,cala-fornells_2_2025,3695,3679,21.119055,38.0,2026-05-16 08:00:00,5
3220,cala-fornells_2_2025,3696,3679,27.167818,23.0,2026-05-16 10:00:00,5
3221,cala-fornells_2_2025,3697,3679,26.044294,26.0,2026-05-16 11:00:00,5
3222,cala-fornells_2_2025,3698,3679,10.898882,26.0,2026-05-16 13:00:00,5
3223,cala-fornells_2_2025,3699,3679,8.126918,9.0,2026-05-16 14:00:00,5
3224,cala-fornells_2_2025,3700,3679,4.7169175,3.0,2026-05-16 16:00:00,5
3225,cala-fornells_2_2025,3701,3679,2.5576468,3.0,2026-05-16 17:00:00,5
3226,cala-fornells_2_2025,3702,3679,1.0449907,2.0,2026-05-16 20:00:00,5
3227,cala-fornells_2_2025,3703,3679,15.983799,14.0,2026-05-17 12:00:00,5
3228,cala-fornells_2_2025,3704,3679,10.64071,14.0,2026-05-17 13:00:00,5
3229,cala-fornells_2_2025,3705,3679,5.2589684,11.0,2026-05-17 16:00:00,5
3230,cala-fornells_2_2025,3706,3679,31.432295,5.0,2026-05-18 08:00:00,5
3231,cala-fornells_2_2025,3707,3679,30.198116,5.0,2026-05-18 09:00:00,5
3232,cala-fornells_2_2025,3708,3679,18.52646,2.0,2026-05-18 10:00:00,5
3233,cala-fornells_2_2025,3709,3679,11.266958,7.0,2026-05-18 11:00:00,5
3234,cala-fornells_2_2025,3710,3679,7.476988,11.0,2026-05-18 14:00:00,5
3235,cala-fornells_2_2025,3711,3679,5.879561,9.0,2026-05-18 15:00:00,5
3236,cala-fornells_2_2025,3712,3679,4.412349,1.0,2026-05-18 16:00:00,5
3237,cala-fornells_2_2025,3713,3679,2.3064423,1.0,2026-05-18 17:00:00,5
3238,cala-fornells_2_2025,3714,3679,1.8490875,1.0,2026-05-18 18:00:00,5
3239,cala-fornells_2_2025,3715,3679,2.262888,12.0,2026-05-18 19:00:00,5
3240,cala-portals-vells_2025,2736,2735,14.10344,13.0,2025-11-19 09:00:00,11
3241,cala-portals-vells_2025,2737,2735,13.311124,21.0,2025-11-19 10:00:00,11
3242,cala-portals-vells_2025,2738,2735,12.931651,10.0,2025-11-19 11:00:00,11
3243,cala-portals-vells_2025,2739,2735,12.20463,21.0,2025-11-19 12:00:00,11
3244,cala-portals-vells_2025,2740,2735,11.7550335,20.0,2025-11-19 13:00:00,11
3245,cala-portals-vells_2025,2741,2735,11.711496,6.0,2025-11-19 14:00:00,11
3246,cala-portals-vells_2025,2742,2735,10.260353,14.0,2025-11-19 15:00:00,11
3247,cala-portals-vells_2025,2743,2735,6.939231,9.0,2025-11-19 16:00:00,11
3248,cala-portals-vells_2025,2744,2735,4.1214514,3.0,2025-11-19 17:00:00,11
3249,cala-portals-vells_2025,2745,2735,3.952988,4.0,2025-11-19 18:00:00,11
3250,cala-portals-vells_2025,2746,2735,4.0373907,4.0,2025-11-19 19:00:00,11
3251,cala-portals-vells_2025,2747,2735,3.9578857,4.0,2025-11-19 20:00:00,11
3252,cala-portals-vells_2025,2748,2735,14.268186,13.0,2025-11-20 08:00:00,11
3253,cala-portals-vells_2025,2749,2735,13.529217,22.0,2025-11-20 09:00:00,11
3254,cala-portals-vells_2025,2750,2735,12.197306,18.0,2025-11-20 10:00:00,11
3255,cala-portals-vells_2025,2751,2735,12.23257,10.0,2025-11-20 11:00:00,11
3256,cala-portals-vells_2025,2752,2735,8.149026,11.0,2025-11-20 12:00:00,11
3257,cala-portals-vells_2025,2753,2735,7.499624,21.0,2025-11-20 13:00:00,11
3258,cala-portals-vells_2025,2754,2735,7.165968,4.0,2025-11-20 14:00:00,11
3259,cala-portals-vells_2025,2755,2735,6.7821903,15.0,2025-11-20 15:00:00,11
3260,cala-portals-vells_2025,2756,2735,5.249854,10.0,2025-11-20 16:00:00,11
3261,cala-portals-vells_2025,2757,2735,3.8947039,3.0,2025-11-20 17:00:00,11
3262,cala-portals-vells_2025,2758,2735,3.8928025,4.0,2025-11-20 18:00:00,11
3263,cala-portals-vells_2025,2759,2735,3.937451,4.0,2025-11-20 19:00:00,11
3264,cala-portals-vells_2025,2760,2735,3.8989835,4.0,2025-11-20 20:00:00,11
3265,cala-portals-vells_2025,2761,2735,14.789284,14.0,2025-11-21 08:00:00,11
3266,cala-portals-vells_2025,2762,2735,14.63341,4.0,2025-11-21 09:00:00,11
3267,cala-portals-vells_2025,2763,2735,13.367575,8.0,2025-11-21 10:00:00,11
3268,cala-portals-vells_2025,2764,2735,12.176105,12.0,2025-11-21 11:00:00,11
3269,cala-portals-vells_2025,2765,2735,10.655626,11.0,2025-11-21 12:00:00,11
3270,cala-portals-vells_2025,2766,2735,9.907706,3.0,2025-11-21 13:00:00,11
3271,cala-portals-vells_2025,2767,2735,10.201721,4.0,2025-11-21 14:00:00,11
3272,cala-portals-vells_2025,2768,2735,9.131514,24.0,2025-11-21 15:00:00,11
3273,cala-portals-vells_2025,2769,2735,6.396777,9.0,2025-11-21 16:00:00,11
3274,cala-portals-vells_2025,2770,2735,4.11549,4.0,2025-11-21 17:00:00,11
3275,cala-portals-vells_2025,2771,2735,4.0071197,4.0,2025-11-21 18:00:00,11
3276,cala-portals-vells_2025,2772,2771,4.056564,4.0,2025-11-21 19:00:00,11
3277,cala-portals-vells_2025,2773,2771,3.9048305,6.0,2025-11-21 20:00:00,11
3278,cala-portals-vells_2025,2774,2771,11.146915,14.0,2025-11-22 08:00:00,11
3279,cala-portals-vells_2025,2775,2771,13.217071,16.0,2025-11-22 09:00:00,11
3280,cala-portals-vells_2025,2776,2771,11.697748,17.0,2025-11-22 10:00:00,11
3281,cala-portals-vells_2025,2777,2771,12.457567,16.0,2025-11-22 11:00:00,11
3282,cala-portals-vells_2025,2778,2771,12.466773,40.0,2025-11-22 12:00:00,11
3283,cala-portals-vells_2025,2779,2771,10.473684,3.0,2025-11-22 13:00:00,11
3284,cala-portals-vells_2025,2780,2771,10.049474,10.0,2025-11-22 14:00:00,11
3285,cala-portals-vells_2025,2781,2771,11.162768,15.0,2025-11-22 15:00:00,11
3286,cala-portals-vells_2025,2782,2771,7.751676,9.0,2025-11-22 16:00:00,11
3287,cala-portals-vells_2025,2783,2771,4.0793276,4.0,2025-11-22 17:00:00,11
3288,cala-portals-vells_2025,2784,2771,3.6746423,4.0,2025-11-22 18:00:00,11
3289,cala-portals-vells_2025,2785,2771,3.9324927,4.0,2025-11-22 19:00:00,11
3290,cala-portals-vells_2025,2786,2771,3.8949144,4.0,2025-11-22 20:00:00,11
3291,cala-portals-vells_2025,2787,2771,14.793779,21.0,2025-11-23 08:00:00,11
3292,cala-portals-vells_2025,2788,2771,13.852195,13.0,2025-11-23 09:00:00,11
3293,cala-portals-vells_2025,2789,2771,16.924786,16.0,2025-11-23 10:00:00,11
3294,cala-portals-vells_2025,2790,2771,17.905695,18.0,2025-11-23 11:00:00,11
3295,cala-portals-vells_2025,2791,2771,17.9897,17.0,2025-11-23 12:00:00,11
3296,cala-portals-vells_2025,2792,2771,16.479137,5.0,2025-11-23 13:00:00,11
3297,cala-portals-vells_2025,2793,2771,13.5700245,12.0,2025-11-23 14:00:00,11
3298,cala-portals-vells_2025,2794,2771,13.192793,7.0,2025-11-23 15:00:00,11
3299,cala-portals-vells_2025,2795,2771,8.950087,11.0,2025-11-23 16:00:00,11
3300,cala-portals-vells_2025,2796,2771,4.164568,3.0,2025-11-23 17:00:00,11
3301,cala-portals-vells_2025,2797,2771,3.7761664,4.0,2025-11-23 18:00:00,11
3302,cala-portals-vells_2025,2798,2771,3.9788888,4.0,2025-11-23 19:00:00,11
3303,cala-portals-vells_2025,2799,2771,3.9565077,4.0,2025-11-23 20:00:00,11
3304,cala-portals-vells_2025,2800,2771,11.292946,22.0,2025-11-24 08:00:00,11
3305,cala-portals-vells_2025,2801,2771,11.483178,15.0,2025-11-24 09:00:00,11
3306,cala-portals-vells_2025,2802,2771,12.283138,17.0,2025-11-24 10:00:00,11
3307,cala-portals-vells_2025,2803,2771,12.283687,11.0,2025-11-24 11:00:00,11
3308,cala-portals-vells_2025,2804,2771,12.601021,6.0,2025-11-24 12:00:00,11
3309,cala-portals-vells_2025,2805,2771,10.267554,3.0,2025-11-24 13:00:00,11
3310,cala-portals-vells_2025,2806,2771,9.887259,3.0,2025-11-24 14:00:00,11
3311,cala-portals-vells_2025,2807,2771,9.498262,9.0,2025-11-24 15:00:00,11
3312,cala-portals-vells_2025,2808,2807,5.815651,7.0,2025-11-24 16:00:00,11
3313,cala-portals-vells_2025,2809,2807,3.7643566,4.0,2025-11-24 17:00:00,11
3314,cala-portals-vells_2025,2810,2807,3.6127684,4.0,2025-11-24 18:00:00,11
3315,cala-portals-vells_2025,2811,2807,3.6728973,5.0,2025-11-24 19:00:00,11
3316,cala-portals-vells_2025,2812,2807,3.4923525,4.0,2025-11-24 20:00:00,11
3317,cala-portals-vells_2025,2813,2807,13.247787,19.0,2025-11-25 08:00:00,11
3318,cala-portals-vells_2025,2814,2807,12.167538,20.0,2025-11-25 09:00:00,11
3319,cala-portals-vells_2025,2815,2807,14.303963,7.0,2025-11-25 10:00:00,11
3320,cala-portals-vells_2025,2816,2807,12.957426,12.0,2025-11-25 11:00:00,11
3321,cala-portals-vells_2025,2817,2807,10.038487,7.0,2025-11-25 12:00:00,11
3322,cala-portals-vells_2025,2818,2807,8.297705,7.0,2025-11-25 13:00:00,11
3323,cala-portals-vells_2025,2819,2807,7.2810397,5.0,2025-11-25 14:00:00,11
3324,cala-portals-vells_2025,2820,2807,6.964555,3.0,2025-11-25 15:00:00,11
3325,cala-portals-vells_2025,2821,2807,5.971695,11.0,2025-11-25 16:00:00,11
3326,cala-portals-vells_2025,2822,2807,3.7738128,3.0,2025-11-25 17:00:00,11
3327,cala-portals-vells_2025,2823,2807,3.4847457,4.0,2025-11-25 18:00:00,11
3328,cala-portals-vells_2025,2824,2807,3.6758473,4.0,2025-11-25 19:00:00,11
3329,cala-portals-vells_2025,2825,2807,3.6241345,5.0,2025-11-25 20:00:00,11
3330,cala-portals-vells_2025,2826,2807,14.226875,16.0,2025-11-26 08:00:00,11
3331,cala-portals-vells_2025,2827,2807,14.496429,15.0,2025-11-26 09:00:00,11
3332,cala-portals-vells_2025,2828,2807,14.529382,12.0,2025-11-26 10:00:00,11
3333,cala-portals-vells_2025,2829,2807,12.130789,11.0,2025-11-26 11:00:00,11
3334,cala-portals-vells_2025,2830,2807,10.952551,55.0,2025-11-26 12:00:00,11
3335,cala-portals-vells_2025,2831,2807,8.579048,3.0,2025-11-26 13:00:00,11
3336,cala-portals-vells_2025,2832,2807,7.3504367,5.0,2025-11-26 14:00:00,11
3337,cala-portals-vells_2025,2833,2807,7.004501,5.0,2025-11-26 15:00:00,11
3338,cala-portals-vells_2025,2834,2807,6.0489273,7.0,2025-11-26 16:00:00,11
3339,cala-portals-vells_2025,2835,2807,3.7379575,5.0,2025-11-26 17:00:00,11
3340,cala-portals-vells_2025,2836,2807,3.4554803,5.0,2025-11-26 18:00:00,11
3341,cala-portals-vells_2025,2837,2807,3.580821,4.0,2025-11-26 19:00:00,11
3342,cala-portals-vells_2025,2838,2807,3.6271834,4.0,2025-11-26 20:00:00,11
3343,cala-portals-vells_2025,2839,2807,15.2231455,20.0,2025-11-27 08:00:00,11
3344,cala-portals-vells_2025,2840,2807,14.87801,18.0,2025-11-27 09:00:00,11
3345,cala-portals-vells_2025,2841,2807,15.465283,14.0,2025-11-27 10:00:00,11
3346,cala-portals-vells_2025,2842,2807,15.145582,9.0,2025-11-27 11:00:00,11
3347,cala-portals-vells_2025,2843,2807,8.522064,10.0,2025-11-30 13:00:00,11
3348,cala-portals-vells_2025,2844,2843,4.4159,8.0,2025-11-30 14:00:00,11
3349,cala-portals-vells_2025,2845,2843,4.705025,12.0,2025-11-30 15:00:00,11
3350,cala-portals-vells_2025,2846,2843,5.251443,10.0,2025-11-30 16:00:00,11
3351,cala-portals-vells_2025,2847,2843,4.153369,3.0,2025-11-30 17:00:00,11
3352,cala-portals-vells_2025,2848,2843,3.954043,4.0,2025-11-30 18:00:00,11
3353,cala-portals-vells_2025,2849,2843,3.900303,4.0,2025-11-30 19:00:00,11
3354,cala-portals-vells_2025,2850,2843,3.786231,4.0,2025-11-30 20:00:00,11
3355,cala-portals-vells_2025,2851,2843,17.924837,12.0,2025-12-01 08:00:00,12
3356,cala-portals-vells_2025,2852,2843,17.105558,7.0,2025-12-01 09:00:00,12
3357,cala-portals-vells_2025,2853,2843,14.417403,11.0,2025-12-01 10:00:00,12
3358,cala-portals-vells_2025,2854,2843,11.90292,16.0,2025-12-01 11:00:00,12
3359,cala-portals-vells_2025,2855,2843,8.734112,9.0,2025-12-01 12:00:00,12
3360,cala-portals-vells_2025,2856,2843,6.3097596,3.0,2025-12-01 13:00:00,12
3361,cala-portals-vells_2025,2857,2843,5.2528296,9.0,2025-12-01 14:00:00,12
3362,cala-portals-vells_2025,2858,2843,5.2389317,3.0,2025-12-01 15:00:00,12
3363,cala-portals-vells_2025,2859,2843,5.736972,7.0,2025-12-01 16:00:00,12
3364,cala-portals-vells_2025,2860,2843,4.2488627,3.0,2025-12-01 17:00:00,12
3365,cala-portals-vells_2025,2861,2843,3.9157872,4.0,2025-12-01 18:00:00,12
3366,cala-portals-vells_2025,2862,2843,3.799662,4.0,2025-12-01 19:00:00,12
3367,cala-portals-vells_2025,2863,2843,3.7435217,4.0,2025-12-01 20:00:00,12
3368,cala-portals-vells_2025,2864,2843,17.544308,14.0,2025-12-02 08:00:00,12
3369,cala-portals-vells_2025,2865,2843,15.665726,6.0,2025-12-02 09:00:00,12
3370,cala-portals-vells_2025,2866,2843,12.669958,15.0,2025-12-02 10:00:00,12
3371,cala-portals-vells_2025,2867,2843,10.196699,6.0,2025-12-02 11:00:00,12
3372,cala-portals-vells_2025,2868,2843,8.330074,10.0,2025-12-02 12:00:00,12
3373,cala-portals-vells_2025,2869,2843,7.035881,16.0,2025-12-02 13:00:00,12
3374,cala-portals-vells_2025,2870,2843,6.121842,6.0,2025-12-02 14:00:00,12
3375,cala-portals-vells_2025,2871,2843,5.717862,5.0,2025-12-02 15:00:00,12
3376,cala-portals-vells_2025,2872,2843,5.466216,8.0,2025-12-02 16:00:00,12
3377,cala-portals-vells_2025,2873,2843,4.05098,3.0,2025-12-02 17:00:00,12
3378,cala-portals-vells_2025,2874,2843,3.9948726,4.0,2025-12-02 18:00:00,12
3379,cala-portals-vells_2025,2875,2843,3.8418765,4.0,2025-12-02 19:00:00,12
3380,cala-portals-vells_2025,2876,2843,3.6556509,4.0,2025-12-02 20:00:00,12
3381,cala-portals-vells_2025,2877,2843,17.284878,11.0,2025-12-03 08:00:00,12
3382,cala-portals-vells_2025,2878,2843,16.002846,18.0,2025-12-03 09:00:00,12
3383,cala-portals-vells_2025,2879,2843,14.170087,16.0,2025-12-03 10:00:00,12
3384,cala-portals-vells_2025,2880,2879,11.582694,7.0,2025-12-03 11:00:00,12
3385,cala-portals-vells_2025,2881,2879,9.9470825,11.0,2025-12-03 12:00:00,12
3386,cala-portals-vells_2025,2882,2879,8.786909,4.0,2025-12-03 13:00:00,12
3387,cala-portals-vells_2025,2883,2879,8.345105,4.0,2025-12-03 14:00:00,12
3388,cala-portals-vells_2025,2884,2879,7.7294345,5.0,2025-12-03 15:00:00,12
3389,cala-portals-vells_2025,2885,2879,7.095026,5.0,2025-12-03 16:00:00,12
3390,cala-portals-vells_2025,2886,2879,3.7143087,3.0,2025-12-03 17:00:00,12
3391,cala-portals-vells_2025,2887,2879,3.8934016,4.0,2025-12-03 18:00:00,12
3392,cala-portals-vells_2025,2888,2879,3.9612684,4.0,2025-12-03 19:00:00,12
3393,cala-portals-vells_2025,2889,2879,3.9384952,4.0,2025-12-03 20:00:00,12
3394,cala-portals-vells_2025,2890,2879,12.956979,11.0,2025-12-04 08:00:00,12
3395,cala-portals-vells_2025,2891,2879,13.842713,11.0,2025-12-04 09:00:00,12
3396,cala-portals-vells_2025,2892,2879,13.851978,15.0,2025-12-04 10:00:00,12
3397,cala-portals-vells_2025,2893,2879,11.550523,13.0,2025-12-04 11:00:00,12
3398,cala-portals-vells_2025,2894,2879,9.425974,10.0,2025-12-04 12:00:00,12
3399,cala-portals-vells_2025,2895,2879,8.65478,10.0,2025-12-04 13:00:00,12
3400,cala-portals-vells_2025,2896,2879,8.076661,8.0,2025-12-04 14:00:00,12
3401,cala-portals-vells_2025,2897,2879,7.6201167,12.0,2025-12-04 15:00:00,12
3402,cala-portals-vells_2025,2898,2879,6.4673977,11.0,2025-12-04 16:00:00,12
3403,cala-portals-vells_2025,2899,2879,4.0138726,4.0,2025-12-04 17:00:00,12
3404,cala-portals-vells_2025,2900,2879,4.0635476,4.0,2025-12-04 18:00:00,12
3405,cala-portals-vells_2025,2901,2879,4.0099716,4.0,2025-12-04 19:00:00,12
3406,cala-portals-vells_2025,2902,2879,3.969894,3.0,2025-12-04 20:00:00,12
3407,cala-portals-vells_2025,2903,2879,11.732954,13.0,2025-12-05 08:00:00,12
3408,cala-portals-vells_2025,2904,2879,12.347958,13.0,2025-12-05 09:00:00,12
3409,cala-portals-vells_2025,2905,2879,11.010884,10.0,2025-12-05 10:00:00,12
3410,cala-portals-vells_2025,2906,2879,9.561258,9.0,2025-12-05 11:00:00,12
3411,cala-portals-vells_2025,2907,2879,7.9019575,8.0,2025-12-05 12:00:00,12
3412,cala-portals-vells_2025,2908,2879,7.0870504,4.0,2025-12-05 13:00:00,12
3413,cala-portals-vells_2025,2909,2879,6.9468403,5.0,2025-12-05 14:00:00,12
3414,cala-portals-vells_2025,2910,2879,6.731427,6.0,2025-12-05 15:00:00,12
3415,cala-portals-vells_2025,2911,2879,6.2752914,12.0,2025-12-05 16:00:00,12
3416,cala-portals-vells_2025,2912,2879,3.7276654,3.0,2025-12-05 17:00:00,12
3417,cala-portals-vells_2025,2913,2879,3.8463209,5.0,2025-12-05 18:00:00,12
3418,cala-portals-vells_2025,2914,2879,3.9317718,4.0,2025-12-05 19:00:00,12
3419,cala-portals-vells_2025,2915,2879,3.9639857,4.0,2025-12-05 20:00:00,12
3420,cala-vedella_1_2025,3677,3676,0.0053635812,1.0,2026-02-03 13:00:00,2
3421,cala-vedella_1_2025,3678,3676,0.004033413,0.0,2026-02-03 14:00:00,2
3422,cala-vedella_1_2025,3679,3676,0.0003784824,0.0,2026-02-03 15:00:00,2
3423,cala-vedella_1_2025,3680,3676,0.0,0.0,2026-02-03 16:00:00,2
3424,cala-vedella_1_2025,3681,3676,0.0,0.0,2026-02-03 17:00:00,2
3425,cala-vedella_1_2025,3682,3676,0.0,0.0,2026-02-03 18:00:00,2
3426,cala-vedella_1_2025,3683,3676,0.0,0.0,2026-02-03 19:00:00,2
3427,cala-vedella_1_2025,3684,3676,0.0,0.0,2026-02-03 20:00:00,2
3428,cala-vedella_1_2025,3685,3676,0.0,0.0,2026-02-04 08:00:00,2
3429,cala-vedella_1_2025,3686,3676,0.0004760404,0.0,2026-02-04 09:00:00,2
3430,cala-vedella_1_2025,3687,3676,0.0,0.0,2026-02-04 10:00:00,2
3431,cala-vedella_1_2025,3688,3676,0.0,1.0,2026-02-04 11:00:00,2
3432,cala-vedella_1_2025,3689,3676,0.0,0.0,2026-02-04 12:00:00,2
3433,cala-vedella_1_2025,3690,3676,0.0,0.0,2026-02-04 13:00:00,2
3434,cala-vedella_1_2025,3691,3676,0.0,0.0,2026-02-04 14:00:00,2
3435,cala-vedella_1_2025,3692,3676,0.0,0.0,2026-02-04 15:00:00,2
3436,cala-vedella_1_2025,3693,3676,0.0,0.0,2026-02-04 16:00:00,2
3437,cala-vedella_1_2025,3694,3676,0.0,0.0,2026-02-04 17:00:00,2
3438,cala-vedella_1_2025,3695,3676,0.0,0.0,2026-02-04 18:00:00,2
3439,cala-vedella_1_2025,3696,3676,0.0,0.0,2026-02-04 19:00:00,2
3440,cala-vedella_1_2025,3697,3676,0.0,0.0,2026-02-04 20:00:00,2
3441,cala-vedella_1_2025,3698,3676,0.0,0.0,2026-02-05 08:00:00,2
3442,cala-vedella_1_2025,3699,3676,0.0,0.0,2026-02-05 09:00:00,2
3443,cala-vedella_1_2025,3700,3676,0.0,0.0,2026-02-05 10:00:00,2
3444,cala-vedella_1_2025,3701,3676,0.0,0.0,2026-02-05 11:00:00,2
3445,cala-vedella_1_2025,3702,3676,0.0,0.0,2026-02-05 12:00:00,2
3446,cala-vedella_1_2025,3703,3676,0.0,0.0,2026-02-05 13:00:00,2
3447,cala-vedella_1_2025,3704,3676,0.0,0.0,2026-02-05 14:00:00,2
3448,cala-vedella_1_2025,3705,3676,0.0,0.0,2026-02-05 15:00:00,2
3449,cala-vedella_1_2025,3706,3676,0.0,0.0,2026-02-05 16:00:00,2
3450,cala-vedella_1_2025,3707,3676,0.0,0.0,2026-02-05 17:00:00,2
3451,cala-vedella_1_2025,3708,3676,0.0,0.0,2026-02-05 18:00:00,2
3452,cala-vedella_1_2025,3709,3676,0.0,0.0,2026-02-05 19:00:00,2
3453,cala-vedella_1_2025,3710,3676,0.0,0.0,2026-02-05 20:00:00,2
3454,cala-vedella_1_2025,3711,3676,0.0,0.0,2026-02-06 08:00:00,2
3455,cala-vedella_1_2025,3712,3676,0.0033946964,0.0,2026-02-06 09:00:00,2
3456,cala-vedella_1_2025,3713,3712,0.0,0.0,2026-02-06 10:00:00,2
3457,cala-vedella_1_2025,3714,3712,0.00058485626,0.0,2026-02-06 11:00:00,2
3458,cala-vedella_1_2025,3715,3712,0.0025953453,0.0,2026-02-06 12:00:00,2
3459,cala-vedella_1_2025,3716,3712,0.0033557,0.0,2026-02-06 13:00:00,2
3460,cala-vedella_1_2025,3717,3712,0.0035543179,0.0,2026-02-06 14:00:00,2
3461,cala-vedella_1_2025,3718,3712,0.0053342707,1.0,2026-02-06 15:00:00,2
3462,cala-vedella_1_2025,3719,3712,0.005723132,0.0,2026-02-06 16:00:00,2
3463,cala-vedella_1_2025,3720,3712,0.0018478724,0.0,2026-02-06 17:00:00,2
3464,cala-vedella_1_2025,3721,3712,0.0,0.0,2026-02-06 18:00:00,2
3465,cala-vedella_1_2025,3722,3712,0.0,0.0,2026-02-06 19:00:00,2
3466,cala-vedella_1_2025,3723,3712,0.0,0.0,2026-02-06 20:00:00,2
3467,cala-vedella_1_2025,3724,3712,0.0032683269,0.0,2026-02-07 08:00:00,2
3468,cala-vedella_1_2025,3725,3712,0.0071472297,0.0,2026-02-07 09:00:00,2
3469,cala-vedella_1_2025,3726,3712,0.0046529667,0.0,2026-02-07 10:00:00,2
3470,cala-vedella_1_2025,3727,3712,0.0,0.0,2026-02-07 11:00:00,2
3471,cala-vedella_1_2025,3728,3712,0.0,0.0,2026-02-07 12:00:00,2
3472,cala-vedella_1_2025,3729,3712,0.0,0.0,2026-02-07 13:00:00,2
3473,cala-vedella_1_2025,3730,3712,0.0,0.0,2026-02-07 14:00:00,2
3474,cala-vedella_1_2025,3731,3712,0.00053467654,0.0,2026-02-07 15:00:00,2
3475,cala-vedella_1_2025,3732,3712,0.002085293,1.0,2026-02-07 16:00:00,2
3476,cala-vedella_1_2025,3733,3712,0.0007127158,0.0,2026-02-07 17:00:00,2
3477,cala-vedella_1_2025,3734,3712,0.0,0.0,2026-02-07 18:00:00,2
3478,cala-vedella_1_2025,3735,3712,0.0,0.0,2026-02-07 19:00:00,2
3479,cala-vedella_1_2025,3736,3712,0.0,0.0,2026-02-07 20:00:00,2
3480,cala-vedella_1_2025,3737,3712,0.0004524742,0.0,2026-02-08 08:00:00,2
3481,cala-vedella_1_2025,3738,3712,0.0034251842,0.0,2026-02-08 09:00:00,2
3482,cala-vedella_1_2025,3739,3712,0.0037967153,0.0,2026-02-08 10:00:00,2
3483,cala-vedella_1_2025,3740,3712,0.0016374454,0.0,2026-02-08 11:00:00,2
3484,cala-vedella_1_2025,3741,3712,0.00012193632,0.0,2026-02-08 12:00:00,2
3485,cala-vedella_1_2025,3742,3712,0.0,0.0,2026-02-08 13:00:00,2
3486,cala-vedella_1_2025,3743,3712,0.0017198937,2.0,2026-02-08 14:00:00,2
3487,cala-vedella_1_2025,3744,3712,0.005590392,0.0,2026-02-08 15:00:00,2
3488,cala-vedella_1_2025,3745,3712,0.0075221355,0.0,2026-02-08 16:00:00,2
3489,cala-vedella_1_2025,3746,3712,0.00526615,0.0,2026-02-08 17:00:00,2
3490,cala-vedella_1_2025,3747,3712,0.0014631613,0.0,2026-02-08 18:00:00,2
3491,cala-vedella_1_2025,3748,3712,0.0,0.0,2026-02-08 19:00:00,2
3492,cala-vedella_1_2025,3749,3748,0.0,0.0,2026-02-08 20:00:00,2
3493,cala-vedella_1_2025,3750,3748,0.0,0.0,2026-02-09 08:00:00,2
3494,cala-vedella_1_2025,3751,3748,0.009853219,0.0,2026-02-09 09:00:00,2
3495,cala-vedella_1_2025,3752,3748,0.008104909,0.0,2026-02-09 10:00:00,2
3496,cala-vedella_1_2025,3753,3748,0.0,0.0,2026-02-09 11:00:00,2
3497,cala-vedella_1_2025,3754,3748,0.0,0.0,2026-02-09 12:00:00,2
3498,cala-vedella_1_2025,3755,3748,0.0,0.0,2026-02-09 13:00:00,2
3499,cala-vedella_1_2025,3756,3748,0.0,0.0,2026-02-09 14:00:00,2
3500,cala-vedella_1_2025,3757,3748,0.0,0.0,2026-02-09 15:00:00,2
3501,cala-vedella_1_2025,3758,3748,0.0,0.0,2026-02-09 16:00:00,2
3502,cala-vedella_1_2025,3759,3748,0.0,0.0,2026-02-09 17:00:00,2
3503,cala-vedella_1_2025,3760,3748,0.0,0.0,2026-02-09 18:00:00,2
3504,cala-vedella_1_2025,3761,3748,0.0,0.0,2026-02-09 19:00:00,2
3505,cala-vedella_1_2025,3762,3748,0.0,0.0,2026-02-09 20:00:00,2
3506,cala-vedella_1_2025,3763,3748,0.0,0.0,2026-02-10 08:00:00,2
3507,cala-vedella_1_2025,3764,3748,0.0,0.0,2026-02-10 09:00:00,2
3508,cala-vedella_1_2025,3765,3748,0.0,0.0,2026-02-10 10:00:00,2
3509,cala-vedella_1_2025,3766,3748,0.0,0.0,2026-02-10 11:00:00,2
3510,cala-vedella_1_2025,3767,3748,0.0,0.0,2026-02-10 12:00:00,2
3511,cala-vedella_1_2025,3768,3748,0.0,0.0,2026-02-10 13:00:00,2
3512,cala-vedella_1_2025,3769,3748,0.0,0.0,2026-02-10 14:00:00,2
3513,cala-vedella_1_2025,3770,3748,0.0,0.0,2026-02-10 15:00:00,2
3514,cala-vedella_1_2025,3771,3748,0.0,0.0,2026-02-10 16:00:00,2
3515,cala-vedella_1_2025,3772,3748,0.0,0.0,2026-02-10 17:00:00,2
3516,cala-vedella_1_2025,3773,3748,0.002148659,0.0,2026-02-10 18:00:00,2
3517,cala-vedella_1_2025,3774,3748,0.00057418674,0.0,2026-02-10 19:00:00,2
3518,cala-vedella_1_2025,3775,3748,0.0,0.0,2026-02-10 20:00:00,2
3519,cala-vedella_1_2025,3776,3748,0.0,0.0,2026-02-11 08:00:00,2
3520,cala-vedella_1_2025,3777,3748,0.0035049783,0.0,2026-02-11 09:00:00,2
3521,cala-vedella_1_2025,3778,3748,0.00094570266,0.0,2026-02-11 10:00:00,2
3522,cala-vedella_1_2025,3779,3748,0.0,0.0,2026-02-11 11:00:00,2
3523,cala-vedella_1_2025,3780,3748,0.0,0.0,2026-02-11 12:00:00,2
3524,cala-vedella_1_2025,3781,3748,0.0,0.0,2026-02-11 13:00:00,2
3525,cala-vedella_1_2025,3782,3748,0.0,0.0,2026-02-11 14:00:00,2
3526,cala-vedella_1_2025,3783,3748,0.0,0.0,2026-02-11 15:00:00,2
3527,cala-vedella_1_2025,3784,3748,0.0,0.0,2026-02-11 16:00:00,2
3528,cala-vedella_1_2025,3785,3784,0.0070709023,0.0,2026-02-11 17:00:00,2
3529,cala-vedella_1_2025,3786,3784,0.004190104,0.0,2026-02-11 18:00:00,2
3530,cala-vedella_1_2025,3787,3784,0.0018624524,0.0,2026-02-11 19:00:00,2
3531,cala-vedella_1_2025,3788,3784,0.00031201556,0.0,2026-02-11 20:00:00,2
3532,cala-vedella_1_2025,3789,3784,0.0055812774,0.0,2026-02-12 08:00:00,2
3533,cala-vedella_1_2025,3790,3784,0.0069250944,0.0,2026-02-12 09:00:00,2
3534,cala-vedella_1_2025,3791,3784,0.0042837877,0.0,2026-02-12 10:00:00,2
3535,cala-vedella_1_2025,3792,3784,6.12438e-05,0.0,2026-02-12 11:00:00,2
3536,cala-vedella_1_2025,3793,3784,0.0,0.0,2026-02-12 12:00:00,2
3537,cala-vedella_1_2025,3794,3784,0.0,0.0,2026-02-12 13:00:00,2
3538,cala-vedella_1_2025,3795,3784,0.0,0.0,2026-02-12 14:00:00,2
3539,cala-vedella_1_2025,3796,3784,0.0,0.0,2026-02-12 15:00:00,2
3540,cala-vedella_1_2025,3797,3784,0.0,2.0,2026-02-12 16:00:00,2
3541,cala-vedella_1_2025,3798,3784,0.0,0.0,2026-02-12 17:00:00,2
3542,cala-vedella_1_2025,3799,3784,0.0,0.0,2026-02-12 18:00:00,2
3543,cala-vedella_1_2025,3800,3784,0.0,0.0,2026-02-12 19:00:00,2
3544,cala-vedella_1_2025,3801,3784,0.0,0.0,2026-02-12 20:00:00,2
3545,cala-vedella_1_2025,3802,3784,0.0,0.0,2026-02-13 08:00:00,2
3546,cala-vedella_1_2025,3803,3784,0.0027172281,0.0,2026-02-13 09:00:00,2
3547,cala-vedella_1_2025,3804,3784,0.000731096,0.0,2026-02-13 10:00:00,2
3548,cala-vedella_1_2025,3805,3784,0.0,0.0,2026-02-13 11:00:00,2
3549,cala-vedella_1_2025,3806,3784,0.0,0.0,2026-02-13 12:00:00,2
3550,cala-vedella_1_2025,3807,3784,0.0,1.0,2026-02-13 13:00:00,2
3551,cala-vedella_1_2025,3808,3784,0.0,0.0,2026-02-13 14:00:00,2
3552,cala-vedella_1_2025,3809,3784,0.0,0.0,2026-02-13 15:00:00,2
3553,cala-vedella_1_2025,3810,3784,0.0,0.0,2026-02-13 16:00:00,2
3554,cala-vedella_1_2025,3811,3784,0.0,0.0,2026-02-13 17:00:00,2
3555,cala-vedella_1_2025,3812,3784,0.0,0.0,2026-02-13 18:00:00,2
3556,cala-vedella_1_2025,3813,3784,0.0,0.0,2026-02-13 19:00:00,2
3557,cala-vedella_1_2025,3814,3784,0.0,0.0,2026-02-13 20:00:00,2
3558,cala-vedella_1_2025,3815,3784,0.0,0.0,2026-02-14 08:00:00,2
3559,cala-vedella_1_2025,3816,3784,0.0,1.0,2026-02-14 09:00:00,2
3560,cala-vedella_1_2025,3817,3784,0.0,0.0,2026-02-14 10:00:00,2
3561,cala-vedella_1_2025,3818,3784,0.0,0.0,2026-02-14 11:00:00,2
3562,cala-vedella_1_2025,3819,3784,0.0,0.0,2026-02-14 12:00:00,2
3563,cala-vedella_1_2025,3820,3784,0.0,0.0,2026-02-14 13:00:00,2
3564,cala-vedella_1_2025,3821,3820,0.0016200402,0.0,2026-02-14 14:00:00,2
3565,cala-vedella_1_2025,3822,3820,0.0006935451,0.0,2026-02-14 15:00:00,2
3566,cala-vedella_1_2025,3823,3820,0.0,0.0,2026-02-14 16:00:00,2
3567,cala-vedella_1_2025,3824,3820,0.0,0.0,2026-02-14 17:00:00,2
3568,cala-vedella_1_2025,3825,3820,0.0031379326,0.0,2026-02-14 18:00:00,2
3569,cala-vedella_1_2025,3826,3820,0.0031730398,0.0,2026-02-14 19:00:00,2
3570,cala-vedella_1_2025,3827,3820,0.0,0.0,2026-02-14 20:00:00,2
3571,cala-vedella_1_2025,3828,3820,0.011025896,0.0,2026-02-15 08:00:00,2
3572,cala-vedella_1_2025,3829,3820,0.01737576,0.0,2026-02-15 09:00:00,2
3573,cala-vedella_1_2025,3830,3820,0.018635476,0.0,2026-02-15 10:00:00,2
3574,cala-vedella_1_2025,3831,3820,0.014943488,0.0,2026-02-15 11:00:00,2
3575,cala-vedella_1_2025,3832,3820,0.010103752,0.0,2026-02-15 12:00:00,2
3576,cala-vedella_1_2025,3833,3820,0.008186597,0.0,2026-02-15 13:00:00,2
3577,cala-vedella_1_2025,3834,3820,0.0072190943,0.0,2026-02-15 14:00:00,2
3578,cala-vedella_1_2025,3835,3820,0.0067112925,0.0,2026-02-15 15:00:00,2
3579,cala-vedella_1_2025,3836,3820,0.003771441,0.0,2026-02-15 16:00:00,2
3580,cala-vedella_1_2025,3837,3820,0.0015778549,0.0,2026-02-15 17:00:00,2
3581,cala-vedella_1_2025,3838,3820,0.002058194,0.0,2026-02-15 18:00:00,2
3582,cala-vedella_1_2025,3839,3820,0.0,0.0,2026-02-15 19:00:00,2
3583,cala-vedella_1_2025,3840,3820,0.0,0.0,2026-02-15 20:00:00,2
3584,cala-vedella_1_2025,3841,3820,0.0,0.0,2026-02-16 08:00:00,2
3585,cala-vedella_1_2025,3842,3820,0.0,0.0,2026-02-16 09:00:00,2
3586,cala-vedella_1_2025,3843,3820,0.0032816397,0.0,2026-02-16 10:00:00,2
3587,cala-vedella_1_2025,3844,3820,0.0036994088,0.0,2026-02-16 11:00:00,2
3588,cala-vedella_1_2025,3845,3820,0.002482937,0.0,2026-02-16 12:00:00,2
3589,cala-vedella_1_2025,3846,3820,0.00065773755,1.0,2026-02-16 13:00:00,2
3590,cala-vedella_1_2025,3847,3820,0.0,0.0,2026-02-16 14:00:00,2
3591,cala-vedella_1_2025,3848,3820,0.0,0.0,2026-02-16 15:00:00,2
3592,cala-vedella_1_2025,3849,3820,0.0,0.0,2026-02-16 16:00:00,2
3593,cala-vedella_1_2025,3850,3820,0.0,0.0,2026-02-16 17:00:00,2
3594,cala-vedella_1_2025,3851,3820,0.0,0.0,2026-02-16 18:00:00,2
3595,cala-vedella_1_2025,3852,3820,0.0,0.0,2026-02-16 19:00:00,2
3596,cala-vedella_1_2025,3853,3820,0.0,0.0,2026-02-16 20:00:00,2
3597,cala-vedella_1_2025,3854,3820,0.0018511126,0.0,2026-02-17 08:00:00,2
3598,cala-vedella_1_2025,3855,3820,0.0052954727,0.0,2026-02-17 09:00:00,2
3599,cala-vedella_1_2025,3856,3820,0.0031283065,0.0,2026-02-17 10:00:00,2
3600,cala-vedella_2025,3655,3654,2.082643,6.0,2026-02-03 12:00:00,2
3601,cala-vedella_2025,3656,3654,2.008068,1.0,2026-02-03 13:00:00,2
3602,cala-vedella_2025,3657,3654,1.6101922,1.0,2026-02-03 14:00:00,2
3603,cala-vedella_2025,3658,3654,1.4304032,6.0,2026-02-03 15:00:00,2
3604,cala-vedella_2025,3659,3654,1.1779648,1.0,2026-02-03 16:00:00,2
3605,cala-vedella_2025,3660,3654,1.0323137,3.0,2026-02-03 17:00:00,2
3606,cala-vedella_2025,3661,3654,1.0044476,1.0,2026-02-03 18:00:00,2
3607,cala-vedella_2025,3662,3654,1.015422,1.0,2026-02-03 19:00:00,2
3608,cala-vedella_2025,3663,3654,1.0269709,1.0,2026-02-03 20:00:00,2
3609,cala-vedella_2025,3664,3654,1.2087909,1.0,2026-02-04 08:00:00,2
3610,cala-vedella_2025,3665,3654,1.281832,2.0,2026-02-04 09:00:00,2
3611,cala-vedella_2025,3666,3654,1.3530601,1.0,2026-02-04 10:00:00,2
3612,cala-vedella_2025,3667,3654,1.4351432,2.0,2026-02-04 11:00:00,2
3613,cala-vedella_2025,3668,3654,1.6472791,1.0,2026-02-04 12:00:00,2
3614,cala-vedella_2025,3669,3654,1.4631895,1.0,2026-02-04 13:00:00,2
3615,cala-vedella_2025,3670,3654,1.2504753,1.0,2026-02-04 15:00:00,2
3616,cala-vedella_2025,3671,3654,1.0955254,2.0,2026-02-04 16:00:00,2
3617,cala-vedella_2025,3672,3654,1.0112071,1.0,2026-02-04 17:00:00,2
3618,cala-vedella_2025,3673,3654,0.9948693,1.0,2026-02-04 18:00:00,2
3619,cala-vedella_2025,3674,3654,1.0061105,1.0,2026-02-04 19:00:00,2
3620,cala-vedella_2025,3675,3654,1.0078591,1.0,2026-02-04 20:00:00,2
3621,cala-vedella_2025,3676,3654,1.2300291,2.0,2026-02-05 08:00:00,2
3622,cala-vedella_2025,3677,3654,1.3970748,2.0,2026-02-05 09:00:00,2
3623,cala-vedella_2025,3678,3654,1.5473707,1.0,2026-02-05 10:00:00,2
3624,cala-vedella_2025,3679,3654,1.6015679,2.0,2026-02-05 11:00:00,2
3625,cala-vedella_2025,3680,3654,1.6618867,3.0,2026-02-05 12:00:00,2
3626,cala-vedella_2025,3681,3654,1.6541843,2.0,2026-02-05 13:00:00,2
3627,cala-vedella_2025,3682,3654,1.658092,2.0,2026-02-05 14:00:00,2
3628,cala-vedella_2025,3683,3654,1.3738303,2.0,2026-02-05 15:00:00,2
3629,cala-vedella_2025,3684,3654,1.1469096,4.0,2026-02-05 16:00:00,2
3630,cala-vedella_2025,3685,3654,1.013302,3.0,2026-02-05 17:00:00,2
3631,cala-vedella_2025,3686,3654,0.9966716,1.0,2026-02-05 18:00:00,2
3632,cala-vedella_2025,3687,3654,1.0077528,1.0,2026-02-05 19:00:00,2
3633,cala-vedella_2025,3688,3654,0.9966698,1.0,2026-02-05 20:00:00,2
3634,cala-vedella_2025,3689,3654,1.2495966,2.0,2026-02-06 08:00:00,2
3635,cala-vedella_2025,3690,3654,1.5784552,3.0,2026-02-06 09:00:00,2
3636,cala-vedella_2025,3691,3690,2.719414,5.0,2026-02-06 10:00:00,2
3637,cala-vedella_2025,3692,3690,2.720584,3.0,2026-02-06 11:00:00,2
3638,cala-vedella_2025,3693,3690,2.6866817,6.0,2026-02-06 12:00:00,2
3639,cala-vedella_2025,3694,3690,2.6323051,2.0,2026-02-06 13:00:00,2
3640,cala-vedella_2025,3695,3690,3.0258505,4.0,2026-02-06 14:00:00,2
3641,cala-vedella_2025,3696,3690,2.822372,3.0,2026-02-06 15:00:00,2
3642,cala-vedella_2025,3697,3690,1.9769527,4.0,2026-02-06 16:00:00,2
3643,cala-vedella_2025,3698,3690,1.4149094,3.0,2026-02-06 17:00:00,2
3644,cala-vedella_2025,3699,3690,0.99237114,1.0,2026-02-06 18:00:00,2
3645,cala-vedella_2025,3700,3690,1.0076897,1.0,2026-02-06 19:00:00,2
3646,cala-vedella_2025,3701,3690,0.99713755,1.0,2026-02-06 20:00:00,2
3647,cala-vedella_2025,3702,3690,1.4542664,3.0,2026-02-07 08:00:00,2
3648,cala-vedella_2025,3703,3690,1.8475728,1.0,2026-02-07 09:00:00,2
3649,cala-vedella_2025,3704,3690,2.119134,2.0,2026-02-07 10:00:00,2
3650,cala-vedella_2025,3705,3690,2.064146,1.0,2026-02-07 11:00:00,2
3651,cala-vedella_2025,3706,3690,2.0041194,1.0,2026-02-07 12:00:00,2
3652,cala-vedella_2025,3707,3690,1.8717158,1.0,2026-02-07 13:00:00,2
3653,cala-vedella_2025,3708,3690,1.854775,2.0,2026-02-07 14:00:00,2
3654,cala-vedella_2025,3709,3690,1.876817,1.0,2026-02-07 15:00:00,2
3655,cala-vedella_2025,3710,3690,1.7518704,1.0,2026-02-07 16:00:00,2
3656,cala-vedella_2025,3711,3690,1.2826707,1.0,2026-02-07 17:00:00,2
3657,cala-vedella_2025,3712,3690,0.9916617,1.0,2026-02-07 18:00:00,2
3658,cala-vedella_2025,3713,3690,1.0013785,1.0,2026-02-07 19:00:00,2
3659,cala-vedella_2025,3714,3690,1.0033407,1.0,2026-02-07 20:00:00,2
3660,cala-vedella_2025,3715,3690,1.5312831,1.0,2026-02-08 08:00:00,2
3661,cala-vedella_2025,3716,3690,1.758712,1.0,2026-02-08 09:00:00,2
3662,cala-vedella_2025,3717,3690,2.0256753,1.0,2026-02-08 10:00:00,2
3663,cala-vedella_2025,3718,3690,1.803519,1.0,2026-02-08 11:00:00,2
3664,cala-vedella_2025,3719,3690,1.776793,1.0,2026-02-08 12:00:00,2
3665,cala-vedella_2025,3720,3690,1.7477703,1.0,2026-02-08 13:00:00,2
3666,cala-vedella_2025,3721,3690,1.9316372,1.0,2026-02-08 14:00:00,2
3667,cala-vedella_2025,3722,3690,2.2315788,2.0,2026-02-08 15:00:00,2
3668,cala-vedella_2025,3723,3690,1.8811318,1.0,2026-02-08 16:00:00,2
3669,cala-vedella_2025,3724,3690,1.4735413,1.0,2026-02-08 17:00:00,2
3670,cala-vedella_2025,3725,3690,1.013868,1.0,2026-02-08 18:00:00,2
3671,cala-vedella_2025,3726,3690,1.0036886,1.0,2026-02-08 19:00:00,2
3672,cala-vedella_2025,3727,3726,0.9181891,1.0,2026-02-08 20:00:00,2
3673,cala-vedella_2025,3728,3726,1.4498229,1.0,2026-02-09 08:00:00,2
3674,cala-vedella_2025,3729,3726,1.2392799,1.0,2026-02-09 09:00:00,2
3675,cala-vedella_2025,3730,3726,1.0738261,2.0,2026-02-09 10:00:00,2
3676,cala-vedella_2025,3731,3726,1.0647943,1.0,2026-02-09 11:00:00,2
3677,cala-vedella_2025,3732,3726,1.0694177,2.0,2026-02-09 12:00:00,2
3678,cala-vedella_2025,3733,3726,1.073837,1.0,2026-02-09 13:00:00,2
3679,cala-vedella_2025,3734,3726,1.1073366,2.0,2026-02-09 14:00:00,2
3680,cala-vedella_2025,3735,3726,1.179723,1.0,2026-02-09 15:00:00,2
3681,cala-vedella_2025,3736,3726,1.0801412,2.0,2026-02-09 16:00:00,2
3682,cala-vedella_2025,3737,3726,1.0055896,1.0,2026-02-09 17:00:00,2
3683,cala-vedella_2025,3738,3726,0.97664124,1.0,2026-02-09 18:00:00,2
3684,cala-vedella_2025,3739,3726,0.9831625,1.0,2026-02-09 19:00:00,2
3685,cala-vedella_2025,3740,3726,0.9658274,1.0,2026-02-09 20:00:00,2
3686,cala-vedella_2025,3741,3726,1.3200858,2.0,2026-02-10 08:00:00,2
3687,cala-vedella_2025,3742,3726,1.1056842,2.0,2026-02-10 09:00:00,2
3688,cala-vedella_2025,3743,3726,1.060985,2.0,2026-02-10 10:00:00,2
3689,cala-vedella_2025,3744,3726,1.0646055,2.0,2026-02-10 11:00:00,2
3690,cala-vedella_2025,3745,3726,1.1175952,1.0,2026-02-10 12:00:00,2
3691,cala-vedella_2025,3746,3726,1.1665341,1.0,2026-02-10 13:00:00,2
3692,cala-vedella_2025,3747,3726,1.2341459,1.0,2026-02-10 14:00:00,2
3693,cala-vedella_2025,3748,3726,1.217107,1.0,2026-02-10 15:00:00,2
3694,cala-vedella_2025,3749,3726,1.0884018,1.0,2026-02-10 16:00:00,2
3695,cala-vedella_2025,3750,3726,1.0242938,1.0,2026-02-10 17:00:00,2
3696,cala-vedella_2025,3751,3726,0.99716324,1.0,2026-02-10 18:00:00,2
3697,cala-vedella_2025,3752,3726,0.99297655,1.0,2026-02-10 19:00:00,2
3698,cala-vedella_2025,3753,3726,0.9686588,1.0,2026-02-10 20:00:00,2
3699,cala-vedella_2025,3754,3726,1.7433007,1.0,2026-02-11 08:00:00,2
3700,cala-vedella_2025,3755,3726,1.1364863,1.0,2026-02-11 09:00:00,2
3701,cala-vedella_2025,3756,3726,1.0755731,1.0,2026-02-11 10:00:00,2
3702,cala-vedella_2025,3757,3726,1.0648519,1.0,2026-02-11 11:00:00,2
3703,cala-vedella_2025,3758,3726,1.0827961,1.0,2026-02-11 12:00:00,2
3704,cala-vedella_2025,3759,3726,1.1281502,1.0,2026-02-11 13:00:00,2
3705,cala-vedella_2025,3760,3726,1.1690824,1.0,2026-02-11 14:00:00,2
3706,cala-vedella_2025,3761,3726,1.1669228,1.0,2026-02-11 15:00:00,2
3707,cala-vedella_2025,3762,3726,1.0648636,1.0,2026-02-11 16:00:00,2
3708,cala-vedella_2025,3763,3762,0.9985524,2.0,2026-02-11 17:00:00,2
3709,cala-vedella_2025,3764,3762,0.9992452,1.0,2026-02-11 18:00:00,2
3710,cala-vedella_2025,3765,3762,1.0019842,1.0,2026-02-11 19:00:00,2
3711,cala-vedella_2025,3766,3762,1.0026486,1.0,2026-02-11 20:00:00,2
3712,cala-vedella_2025,3767,3762,1.1136104,1.0,2026-02-12 08:00:00,2
3713,cala-vedella_2025,3768,3762,1.3259051,1.0,2026-02-12 09:00:00,2
3714,cala-vedella_2025,3769,3762,1.4396365,2.0,2026-02-12 10:00:00,2
3715,cala-vedella_2025,3770,3762,1.190202,2.0,2026-02-12 11:00:00,2
3716,cala-vedella_2025,3771,3762,1.0261576,1.0,2026-02-12 12:00:00,2
3717,cala-vedella_2025,3772,3762,1.0039233,2.0,2026-02-12 13:00:00,2
3718,cala-vedella_2025,3773,3762,1.0046028,2.0,2026-02-12 14:00:00,2
3719,cala-vedella_2025,3774,3762,1.0051441,2.0,2026-02-12 15:00:00,2
3720,cala-vedella_2025,3775,3762,1.0016658,1.0,2026-02-12 16:00:00,2
3721,cala-vedella_2025,3776,3762,1.0012093,1.0,2026-02-12 17:00:00,2
3722,cala-vedella_2025,3777,3762,0.9976371,1.0,2026-02-12 18:00:00,2
3723,cala-vedella_2025,3778,3762,0.99913555,1.0,2026-02-12 19:00:00,2
3724,cala-vedella_2025,3779,3762,1.0003893,1.0,2026-02-12 20:00:00,2
3725,cala-vedella_2025,3780,3762,1.0753042,1.0,2026-02-13 08:00:00,2
3726,cala-vedella_2025,3781,3762,1.2483374,2.0,2026-02-13 09:00:00,2
3727,cala-vedella_2025,3782,3762,1.5100085,2.0,2026-02-13 10:00:00,2
3728,cala-vedella_2025,3783,3762,1.0770261,3.0,2026-02-13 11:00:00,2
3729,cala-vedella_2025,3784,3762,1.0020717,3.0,2026-02-13 12:00:00,2
3730,cala-vedella_2025,3785,3762,0.998799,3.0,2026-02-13 13:00:00,2
3731,cala-vedella_2025,3786,3762,0.9980916,3.0,2026-02-13 14:00:00,2
3732,cala-vedella_2025,3787,3762,0.9975845,1.0,2026-02-13 15:00:00,2
3733,cala-vedella_2025,3788,3762,0.997098,1.0,2026-02-13 16:00:00,2
3734,cala-vedella_2025,3789,3762,0.99830836,1.0,2026-02-13 17:00:00,2
3735,cala-vedella_2025,3790,3762,0.99762625,1.0,2026-02-13 18:00:00,2
3736,cala-vedella_2025,3791,3762,1.0009544,1.0,2026-02-13 19:00:00,2
3737,cala-vedella_2025,3792,3762,1.0025159,1.0,2026-02-13 20:00:00,2
3738,cala-vedella_2025,3793,3762,1.0143257,2.0,2026-02-14 08:00:00,2
3739,cala-vedella_2025,3794,3762,1.0347161,4.0,2026-02-14 09:00:00,2
3740,cala-vedella_2025,3795,3762,1.0107629,2.0,2026-02-14 10:00:00,2
3741,cala-vedella_2025,3796,3762,0.994749,2.0,2026-02-14 11:00:00,2
3742,cala-vedella_2025,3797,3762,0.99164706,1.0,2026-02-14 12:00:00,2
3743,cala-vedella_2025,3798,3762,0.99124825,2.0,2026-02-14 13:00:00,2
3744,cala-vedella_2025,3799,3798,1.7042164,2.0,2026-02-14 14:00:00,2
3745,cala-vedella_2025,3800,3798,1.3469726,2.0,2026-02-14 15:00:00,2
3746,cala-vedella_2025,3801,3798,1.0288485,1.0,2026-02-14 16:00:00,2
3747,cala-vedella_2025,3802,3798,0.9971795,1.0,2026-02-14 17:00:00,2
3748,cala-vedella_2025,3803,3798,0.99651515,1.0,2026-02-14 18:00:00,2
3749,cala-vedella_2025,3804,3798,1.0060843,1.0,2026-02-14 19:00:00,2
3750,cala-vedella_2025,3805,3798,0.9989375,1.0,2026-02-14 20:00:00,2
3751,cala-vedella_2025,3806,3798,1.2122244,1.0,2026-02-15 08:00:00,2
3752,cala-vedella_2025,3807,3798,1.6432617,2.0,2026-02-15 09:00:00,2
3753,cala-vedella_2025,3808,3798,2.0171275,1.0,2026-02-15 10:00:00,2
3754,cala-vedella_2025,3809,3798,2.2187982,2.0,2026-02-15 11:00:00,2
3755,cala-vedella_2025,3810,3798,2.1365385,3.0,2026-02-15 12:00:00,2
3756,cala-vedella_2025,3811,3798,2.2509067,1.0,2026-02-15 13:00:00,2
3757,cala-vedella_2025,3812,3798,2.136954,1.0,2026-02-15 14:00:00,2
3758,cala-vedella_2025,3813,3798,1.6837571,1.0,2026-02-15 15:00:00,2
3759,cala-vedella_2025,3814,3798,1.0604205,2.0,2026-02-15 16:00:00,2
3760,cala-vedella_2025,3815,3798,1.0113791,1.0,2026-02-15 17:00:00,2
3761,cala-vedella_2025,3816,3798,1.0056244,1.0,2026-02-15 18:00:00,2
3762,cala-vedella_2025,3817,3798,1.0055132,1.0,2026-02-15 19:00:00,2
3763,cala-vedella_2025,3818,3798,1.0088519,1.0,2026-02-15 20:00:00,2
3764,cala-vedella_2025,3819,3798,1.2219957,1.0,2026-02-16 08:00:00,2
3765,cala-vedella_2025,3820,3798,1.4010863,1.0,2026-02-16 09:00:00,2
3766,cala-vedella_2025,3821,3798,1.4763805,1.0,2026-02-16 10:00:00,2
3767,cala-vedella_2025,3822,3798,1.4718375,1.0,2026-02-16 11:00:00,2
3768,cala-vedella_2025,3823,3798,1.5232759,1.0,2026-02-16 12:00:00,2
3769,cala-vedella_2025,3824,3798,1.6331098,1.0,2026-02-16 13:00:00,2
3770,cala-vedella_2025,3825,3798,1.6592276,2.0,2026-02-16 14:00:00,2
3771,cala-vedella_2025,3826,3798,1.3767494,1.0,2026-02-16 15:00:00,2
3772,cala-vedella_2025,3827,3798,1.0467529,1.0,2026-02-16 16:00:00,2
3773,cala-vedella_2025,3828,3798,0.9875852,1.0,2026-02-16 17:00:00,2
3774,cala-vedella_2025,3829,3798,0.9860483,1.0,2026-02-16 18:00:00,2
3775,cala-vedella_2025,3830,3798,0.9979281,1.0,2026-02-16 19:00:00,2
3776,cala-vedella_2025,3831,3798,0.9975994,1.0,2026-02-16 20:00:00,2
3777,cala-vedella_2025,3832,3798,1.2461327,1.0,2026-02-17 08:00:00,2
3778,cala-vedella_2025,3833,3798,1.4746273,1.0,2026-02-17 09:00:00,2
3779,cala-vedella_2025,3834,3798,1.7033234,4.0,2026-02-17 10:00:00,2
3780,can-pastilla-bonaona_2025,2475,2474,42.185627,61.0,2026-05-02 11:00:00,5
3781,can-pastilla-bonaona_2025,2476,2474,44.136414,51.0,2026-05-02 12:00:00,5
3782,can-pastilla-bonaona_2025,2477,2474,42.451084,44.0,2026-05-02 13:00:00,5
3783,can-pastilla-bonaona_2025,2478,2474,41.406445,32.0,2026-05-02 14:00:00,5
3784,can-pastilla-bonaona_2025,2479,2474,32.146675,26.0,2026-05-02 15:00:00,5
3785,can-pastilla-bonaona_2025,2480,2474,19.653,17.0,2026-05-02 16:00:00,5
3786,can-pastilla-bonaona_2025,2481,2474,15.586981,10.0,2026-05-02 17:00:00,5
3787,can-pastilla-bonaona_2025,2482,2474,18.326012,15.0,2026-05-02 18:00:00,5
3788,can-pastilla-bonaona_2025,2483,2474,29.68846,41.0,2026-05-02 19:00:00,5
3789,can-pastilla-bonaona_2025,2484,2474,38.125,56.0,2026-05-02 20:00:00,5
3790,can-pastilla-bonaona_2025,2485,2474,13.985355,2.0,2026-05-03 08:00:00,5
3791,can-pastilla-bonaona_2025,2486,2474,21.30883,3.0,2026-05-03 09:00:00,5
3792,can-pastilla-bonaona_2025,2487,2474,27.403114,9.0,2026-05-03 10:00:00,5
3793,can-pastilla-bonaona_2025,2488,2474,33.53958,10.0,2026-05-03 11:00:00,5
3794,can-pastilla-bonaona_2025,2489,2474,40.120575,15.0,2026-05-03 12:00:00,5
3795,can-pastilla-bonaona_2025,2490,2474,48.05855,9.0,2026-05-03 13:00:00,5
3796,can-pastilla-bonaona_2025,2491,2474,46.437187,10.0,2026-05-03 14:00:00,5
3797,can-pastilla-bonaona_2025,2492,2474,42.280476,13.0,2026-05-03 15:00:00,5
3798,can-pastilla-bonaona_2025,2493,2474,28.213028,26.0,2026-05-03 16:00:00,5
3799,can-pastilla-bonaona_2025,2494,2474,19.969353,7.0,2026-05-03 17:00:00,5
3800,can-pastilla-bonaona_2025,2495,2474,18.745483,10.0,2026-05-03 18:00:00,5
3801,can-pastilla-bonaona_2025,2496,2474,32.174,23.0,2026-05-03 19:00:00,5
3802,can-pastilla-bonaona_2025,2497,2474,43.02514,39.0,2026-05-03 20:00:00,5
3803,can-pastilla-bonaona_2025,2498,2474,15.693476,13.0,2026-05-04 08:00:00,5
3804,can-pastilla-bonaona_2025,2499,2474,26.051426,12.0,2026-05-04 09:00:00,5
3805,can-pastilla-bonaona_2025,2500,2474,36.626312,22.0,2026-05-04 10:00:00,5
3806,can-pastilla-bonaona_2025,2501,2474,37.135025,5.0,2026-05-04 11:00:00,5
3807,can-pastilla-bonaona_2025,2502,2474,32.30484,4.0,2026-05-04 12:00:00,5
3808,can-pastilla-bonaona_2025,2503,2474,30.781477,8.0,2026-05-04 13:00:00,5
3809,can-pastilla-bonaona_2025,2504,2474,23.273365,18.0,2026-05-04 14:00:00,5
3810,can-pastilla-bonaona_2025,2505,2474,20.133532,18.0,2026-05-04 15:00:00,5
3811,can-pastilla-bonaona_2025,2506,2474,15.098548,18.0,2026-05-04 16:00:00,5
3812,can-pastilla-bonaona_2025,2507,2474,14.286905,22.0,2026-05-04 17:00:00,5
3813,can-pastilla-bonaona_2025,2508,2474,16.08004,13.0,2026-05-04 18:00:00,5
3814,can-pastilla-bonaona_2025,2509,2474,27.167828,20.0,2026-05-04 19:00:00,5
3815,can-pastilla-bonaona_2025,2510,2474,39.326332,44.0,2026-05-04 20:00:00,5
3816,can-pastilla-bonaona_2025,2511,2510,13.349749,4.0,2026-05-05 08:00:00,5
3817,can-pastilla-bonaona_2025,2512,2510,18.077547,31.0,2026-05-05 09:00:00,5
3818,can-pastilla-bonaona_2025,2513,2510,25.538383,48.0,2026-05-05 10:00:00,5
3819,can-pastilla-bonaona_2025,2514,2510,34.82668,37.0,2026-05-05 11:00:00,5
3820,can-pastilla-bonaona_2025,2515,2510,37.577663,35.0,2026-05-05 12:00:00,5
3821,can-pastilla-bonaona_2025,2516,2510,35.173756,33.0,2026-05-05 13:00:00,5
3822,can-pastilla-bonaona_2025,2517,2510,31.532188,24.0,2026-05-05 14:00:00,5
3823,can-pastilla-bonaona_2025,2518,2510,24.986675,23.0,2026-05-05 15:00:00,5
3824,can-pastilla-bonaona_2025,2519,2510,17.886269,32.0,2026-05-05 16:00:00,5
3825,can-pastilla-bonaona_2025,2520,2510,15.155012,20.0,2026-05-05 17:00:00,5
3826,can-pastilla-bonaona_2025,2521,2510,15.194673,10.0,2026-05-05 18:00:00,5
3827,can-pastilla-bonaona_2025,2522,2510,36.23396,18.0,2026-05-05 19:00:00,5
3828,can-pastilla-bonaona_2025,2523,2510,39.648525,55.0,2026-05-05 20:00:00,5
3829,can-pastilla-bonaona_2025,2524,2510,8.910877,5.0,2026-05-06 08:00:00,5
3830,can-pastilla-bonaona_2025,2525,2510,13.453418,27.0,2026-05-06 09:00:00,5
3831,can-pastilla-bonaona_2025,2526,2510,23.505661,32.0,2026-05-06 10:00:00,5
3832,can-pastilla-bonaona_2025,2527,2510,44.32053,56.0,2026-05-06 11:00:00,5
3833,can-pastilla-bonaona_2025,2528,2510,53.20353,31.0,2026-05-06 12:00:00,5
3834,can-pastilla-bonaona_2025,2529,2510,51.10332,18.0,2026-05-06 13:00:00,5
3835,can-pastilla-bonaona_2025,2530,2510,31.920292,15.0,2026-05-06 14:00:00,5
3836,can-pastilla-bonaona_2025,2531,2510,25.82691,13.0,2026-05-06 15:00:00,5
3837,can-pastilla-bonaona_2025,2532,2510,17.959309,1.0,2026-05-06 16:00:00,5
3838,can-pastilla-bonaona_2025,2533,2510,15.507236,5.0,2026-05-06 17:00:00,5
3839,can-pastilla-bonaona_2025,2534,2510,15.38713,8.0,2026-05-06 18:00:00,5
3840,can-pastilla-bonaona_2025,2535,2510,35.20893,16.0,2026-05-06 19:00:00,5
3841,can-pastilla-bonaona_2025,2536,2510,38.536324,41.0,2026-05-06 20:00:00,5
3842,can-pastilla-bonaona_2025,2537,2510,10.241588,6.0,2026-05-07 08:00:00,5
3843,can-pastilla-bonaona_2025,2538,2510,19.379648,17.0,2026-05-07 09:00:00,5
3844,can-pastilla-bonaona_2025,2539,2510,31.889,15.0,2026-05-07 10:00:00,5
3845,can-pastilla-bonaona_2025,2540,2510,39.19384,13.0,2026-05-07 11:00:00,5
3846,can-pastilla-bonaona_2025,2541,2510,37.902584,3.0,2026-05-07 14:00:00,5
3847,can-pastilla-bonaona_2025,2542,2510,26.69628,2.0,2026-05-07 15:00:00,5
3848,can-pastilla-bonaona_2025,2543,2510,16.561598,2.0,2026-05-07 16:00:00,5
3849,can-pastilla-bonaona_2025,2544,2510,13.822443,5.0,2026-05-07 17:00:00,5
3850,can-pastilla-bonaona_2025,2545,2510,14.794601,1.0,2026-05-07 18:00:00,5
3851,can-pastilla-bonaona_2025,2546,2510,28.531513,17.0,2026-05-07 19:00:00,5
3852,can-pastilla-bonaona_2025,2547,2546,28.490728,51.0,2026-05-07 20:00:00,5
3853,can-pastilla-bonaona_2025,2548,2546,5.656138,7.0,2026-05-08 08:00:00,5
3854,can-pastilla-bonaona_2025,2549,2546,8.024447,5.0,2026-05-08 09:00:00,5
3855,can-pastilla-bonaona_2025,2550,2546,9.841355,2.0,2026-05-08 10:00:00,5
3856,can-pastilla-bonaona_2025,2551,2546,10.969215,4.0,2026-05-08 11:00:00,5
3857,can-pastilla-bonaona_2025,2552,2546,12.270919,5.0,2026-05-08 12:00:00,5
3858,can-pastilla-bonaona_2025,2553,2546,13.522544,3.0,2026-05-08 13:00:00,5
3859,can-pastilla-bonaona_2025,2554,2546,12.25596,2.0,2026-05-08 14:00:00,5
3860,can-pastilla-bonaona_2025,2555,2546,10.362953,1.0,2026-05-08 15:00:00,5
3861,can-pastilla-bonaona_2025,2556,2546,8.741802,7.0,2026-05-08 16:00:00,5
3862,can-pastilla-bonaona_2025,2557,2546,7.5817018,18.0,2026-05-08 17:00:00,5
3863,can-pastilla-bonaona_2025,2558,2546,10.805197,8.0,2026-05-08 18:00:00,5
3864,can-pastilla-bonaona_2025,2559,2546,28.732485,35.0,2026-05-08 20:00:00,5
3865,can-pastilla-bonaona_2025,2560,2546,5.5259852,5.0,2026-05-09 08:00:00,5
3866,can-pastilla-bonaona_2025,2561,2546,8.722024,11.0,2026-05-09 09:00:00,5
3867,can-pastilla-bonaona_2025,2562,2546,8.773275,17.0,2026-05-09 10:00:00,5
3868,can-pastilla-bonaona_2025,2563,2546,10.020243,1.0,2026-05-09 11:00:00,5
3869,can-pastilla-bonaona_2025,2564,2546,10.4112015,16.0,2026-05-09 12:00:00,5
3870,can-pastilla-bonaona_2025,2565,2546,9.851057,7.0,2026-05-09 13:00:00,5
3871,can-pastilla-bonaona_2025,2566,2546,9.748552,7.0,2026-05-09 14:00:00,5
3872,can-pastilla-bonaona_2025,2567,2546,9.336254,6.0,2026-05-09 15:00:00,5
3873,can-pastilla-bonaona_2025,2568,2546,8.319658,1.0,2026-05-09 16:00:00,5
3874,can-pastilla-bonaona_2025,2569,2546,7.7982774,4.0,2026-05-09 17:00:00,5
3875,can-pastilla-bonaona_2025,2570,2546,9.716583,6.0,2026-05-09 18:00:00,5
3876,can-pastilla-bonaona_2025,2571,2546,15.766659,8.0,2026-05-09 19:00:00,5
3877,can-pastilla-bonaona_2025,2572,2546,31.147749,13.0,2026-05-09 20:00:00,5
3878,can-pastilla-bonaona_2025,2573,2546,6.0968027,1.0,2026-05-10 08:00:00,5
3879,can-pastilla-bonaona_2025,2574,2546,10.001011,31.0,2026-05-10 09:00:00,5
3880,can-pastilla-bonaona_2025,2575,2546,12.599592,60.0,2026-05-10 10:00:00,5
3881,can-pastilla-bonaona_2025,2576,2546,21.16291,56.0,2026-05-10 11:00:00,5
3882,can-pastilla-bonaona_2025,2577,2546,27.891357,86.0,2026-05-10 12:00:00,5
3883,can-pastilla-bonaona_2025,2578,2546,29.1523,72.0,2026-05-10 13:00:00,5
3884,can-pastilla-bonaona_2025,2579,2546,23.35382,58.0,2026-05-10 14:00:00,5
3885,can-pastilla-bonaona_2025,2580,2546,19.914005,63.0,2026-05-10 15:00:00,5
3886,can-pastilla-bonaona_2025,2581,2546,17.941765,53.0,2026-05-10 16:00:00,5
3887,can-pastilla-bonaona_2025,2582,2546,13.2299595,38.0,2026-05-10 17:00:00,5
3888,can-pastilla-bonaona_2025,2583,2582,23.844559,12.0,2026-05-10 18:00:00,5
3889,can-pastilla-bonaona_2025,2584,2582,33.494465,62.0,2026-05-10 20:00:00,5
3890,can-pastilla-bonaona_2025,2585,2582,4.5286694,19.0,2026-05-11 08:00:00,5
3891,can-pastilla-bonaona_2025,2586,2582,8.610149,32.0,2026-05-11 09:00:00,5
3892,can-pastilla-bonaona_2025,2587,2582,20.508532,26.0,2026-05-11 10:00:00,5
3893,can-pastilla-bonaona_2025,2588,2582,27.801409,45.0,2026-05-11 11:00:00,5
3894,can-pastilla-bonaona_2025,2589,2582,41.549175,44.0,2026-05-11 12:00:00,5
3895,can-pastilla-bonaona_2025,2590,2582,54.748116,53.0,2026-05-11 13:00:00,5
3896,can-pastilla-bonaona_2025,2591,2582,58.95028,76.0,2026-05-11 14:00:00,5
3897,can-pastilla-bonaona_2025,2592,2582,59.60886,64.0,2026-05-11 15:00:00,5
3898,can-pastilla-bonaona_2025,2593,2582,50.915504,38.0,2026-05-11 16:00:00,5
3899,can-pastilla-bonaona_2025,2594,2582,32.83396,18.0,2026-05-11 17:00:00,5
3900,can-pastilla-bonaona_2025,2595,2582,18.212593,13.0,2026-05-11 18:00:00,5
3901,can-pastilla-bonaona_2025,2596,2582,26.04095,8.0,2026-05-11 19:00:00,5
3902,can-pastilla-bonaona_2025,2597,2582,32.497643,26.0,2026-05-11 20:00:00,5
3903,can-pastilla-bonaona_2025,2598,2582,4.213768,15.0,2026-05-12 08:00:00,5
3904,can-pastilla-bonaona_2025,2599,2582,9.554226,30.0,2026-05-12 09:00:00,5
3905,can-pastilla-bonaona_2025,2600,2582,26.32582,27.0,2026-05-12 10:00:00,5
3906,can-pastilla-bonaona_2025,2601,2582,36.55598,23.0,2026-05-12 11:00:00,5
3907,can-pastilla-bonaona_2025,2602,2582,36.066925,10.0,2026-05-12 12:00:00,5
3908,can-pastilla-bonaona_2025,2603,2582,29.289576,13.0,2026-05-12 13:00:00,5
3909,can-pastilla-bonaona_2025,2604,2582,41.755627,8.0,2026-05-12 14:00:00,5
3910,can-pastilla-bonaona_2025,2605,2582,33.819126,25.0,2026-05-12 15:00:00,5
3911,can-pastilla-bonaona_2025,2606,2582,34.79485,36.0,2026-05-12 16:00:00,5
3912,can-pastilla-bonaona_2025,2607,2582,27.838573,16.0,2026-05-12 17:00:00,5
3913,can-pastilla-bonaona_2025,2608,2582,15.725564,6.0,2026-05-12 18:00:00,5
3914,can-pastilla-bonaona_2025,2609,2582,26.707565,11.0,2026-05-12 19:00:00,5
3915,can-pastilla-bonaona_2025,2610,2582,32.44783,53.0,2026-05-12 20:00:00,5
3916,can-pastilla-bonaona_2025,2611,2582,4.091688,13.0,2026-05-13 08:00:00,5
3917,can-pastilla-bonaona_2025,2612,2582,8.1188135,22.0,2026-05-13 09:00:00,5
3918,can-pastilla-bonaona_2025,2613,2582,19.103777,40.0,2026-05-13 10:00:00,5
3919,can-pastilla-bonaona_2025,2614,2582,31.482891,39.0,2026-05-13 11:00:00,5
3920,can-pastilla-bonaona_2025,2615,2582,45.46327,40.0,2026-05-13 12:00:00,5
3921,can-pastilla-bonaona_2025,2616,2582,55.040012,55.0,2026-05-13 13:00:00,5
3922,can-pastilla-bonaona_2025,2617,2582,55.5623,41.0,2026-05-13 14:00:00,5
3923,can-pastilla-bonaona_2025,2618,2582,57.45101,31.0,2026-05-13 15:00:00,5
3924,can-pastilla-bonaona_2025,2619,2618,31.655218,15.0,2026-05-13 16:00:00,5
3925,can-pastilla-bonaona_2025,2620,2618,21.447536,14.0,2026-05-13 17:00:00,5
3926,can-pastilla-bonaona_2025,2621,2618,11.085635,14.0,2026-05-13 18:00:00,5
3927,can-pastilla-bonaona_2025,2622,2618,16.991728,5.0,2026-05-13 19:00:00,5
3928,can-pastilla-bonaona_2025,2623,2618,32.420567,46.0,2026-05-13 20:00:00,5
3929,can-pastilla-bonaona_2025,2624,2618,13.738394,12.0,2026-05-14 08:00:00,5
3930,can-pastilla-bonaona_2025,2625,2618,24.577963,35.0,2026-05-14 09:00:00,5
3931,can-pastilla-bonaona_2025,2626,2618,30.048939,47.0,2026-05-14 10:00:00,5
3932,can-pastilla-bonaona_2025,2627,2618,32.721085,64.0,2026-05-14 11:00:00,5
3933,can-pastilla-bonaona_2025,2628,2618,34.897556,41.0,2026-05-14 12:00:00,5
3934,can-pastilla-bonaona_2025,2629,2618,41.556225,42.0,2026-05-14 13:00:00,5
3935,can-pastilla-bonaona_2025,2630,2618,45.719265,20.0,2026-05-14 14:00:00,5
3936,can-pastilla-bonaona_2025,2631,2618,44.39873,32.0,2026-05-14 15:00:00,5
3937,can-pastilla-bonaona_2025,2632,2618,38.881687,71.0,2026-05-14 16:00:00,5
3938,can-pastilla-bonaona_2025,2633,2618,14.30206,6.0,2026-05-14 18:00:00,5
3939,can-pastilla-bonaona_2025,2634,2618,12.246567,11.0,2026-05-14 19:00:00,5
3940,can-pastilla-bonaona_2025,2635,2618,32.556267,47.0,2026-05-14 20:00:00,5
3941,can-pastilla-bonaona_2025,2636,2618,13.4919,2.0,2026-05-15 12:00:00,5
3942,can-pastilla-bonaona_2025,2637,2618,18.740625,5.0,2026-05-15 17:00:00,5
3943,can-pastilla-bonaona_2025,2638,2618,18.965712,7.0,2026-05-15 18:00:00,5
3944,can-pastilla-bonaona_2025,2639,2618,25.980967,41.0,2026-05-15 20:00:00,5
3945,can-pastilla-bonaona_2025,2640,2618,12.243607,14.0,2026-05-16 08:00:00,5
3946,can-pastilla-bonaona_2025,2641,2618,21.569006,71.0,2026-05-16 11:00:00,5
3947,can-pastilla-bonaona_2025,2642,2618,30.544418,54.0,2026-05-16 15:00:00,5
3948,can-pastilla-bonaona_2025,2643,2618,20.10389,25.0,2026-05-16 17:00:00,5
3949,can-pastilla-bonaona_2025,2644,2618,10.387466,21.0,2026-05-16 19:00:00,5
3950,can-pastilla-bonaona_2025,2645,2618,22.57147,53.0,2026-05-17 10:00:00,5
3951,can-pastilla-bonaona_2025,2646,2618,25.491499,75.0,2026-05-17 11:00:00,5
3952,can-pastilla-bonaona_2025,2647,2618,28.303246,63.0,2026-05-17 14:00:00,5
3953,can-pastilla-bonaona_2025,2648,2618,10.382476,21.0,2026-05-17 19:00:00,5
3954,can-pastilla-bonaona_2025,2649,2618,20.03889,54.0,2026-05-17 20:00:00,5
3955,can-pastilla-bonaona_2025,2650,2618,19.199608,58.0,2026-05-18 10:00:00,5
3956,can-pastilla-bonaona_2025,2651,2618,27.495949,51.0,2026-05-18 11:00:00,5
3957,can-pastilla-bonaona_2025,2652,2618,30.760262,50.0,2026-05-18 13:00:00,5
3958,can-pastilla-bonaona_2025,2653,2618,35.435493,53.0,2026-05-18 15:00:00,5
3959,can-pastilla-bonaona_2025,2654,2618,14.731625,7.0,2026-05-18 18:00:00,5
3960,can-pastilla_mallorca-pipeline_2025,3903,3902,6.596027,10.0,2026-05-03 16:00:00,5
3961,can-pastilla_mallorca-pipeline_2025,3904,3902,5.679491,5.0,2026-05-03 17:00:00,5
3962,can-pastilla_mallorca-pipeline_2025,3905,3902,5.12139,3.0,2026-05-03 18:00:00,5
3963,can-pastilla_mallorca-pipeline_2025,3906,3902,3.6735342,5.0,2026-05-03 19:00:00,5
3964,can-pastilla_mallorca-pipeline_2025,3907,3902,1.1513698,2.0,2026-05-03 20:00:00,5
3965,can-pastilla_mallorca-pipeline_2025,3908,3902,2.3039536,2.0,2026-05-04 08:00:00,5
3966,can-pastilla_mallorca-pipeline_2025,3909,3902,3.328273,3.0,2026-05-04 09:00:00,5
3967,can-pastilla_mallorca-pipeline_2025,3910,3902,4.468526,3.0,2026-05-04 10:00:00,5
3968,can-pastilla_mallorca-pipeline_2025,3911,3902,4.8970394,4.0,2026-05-04 11:00:00,5
3969,can-pastilla_mallorca-pipeline_2025,3912,3902,5.040553,8.0,2026-05-04 12:00:00,5
3970,can-pastilla_mallorca-pipeline_2025,3913,3902,5.232047,3.0,2026-05-04 13:00:00,5
3971,can-pastilla_mallorca-pipeline_2025,3914,3902,4.5379715,9.0,2026-05-04 14:00:00,5
3972,can-pastilla_mallorca-pipeline_2025,3915,3902,4.4433374,9.0,2026-05-04 15:00:00,5
3973,can-pastilla_mallorca-pipeline_2025,3916,3902,4.313594,4.0,2026-05-04 16:00:00,5
3974,can-pastilla_mallorca-pipeline_2025,3917,3902,4.4374332,5.0,2026-05-04 17:00:00,5
3975,can-pastilla_mallorca-pipeline_2025,3918,3902,4.539769,2.0,2026-05-05 19:00:00,5
3976,can-pastilla_mallorca-pipeline_2025,3919,3902,2.63729,1.0,2026-05-05 20:00:00,5
3977,can-pastilla_mallorca-pipeline_2025,3920,3902,2.2900589,5.0,2026-05-06 08:00:00,5
3978,can-pastilla_mallorca-pipeline_2025,3921,3902,3.2280934,5.0,2026-05-06 09:00:00,5
3979,can-pastilla_mallorca-pipeline_2025,3922,3902,5.0183754,4.0,2026-05-06 10:00:00,5
3980,can-pastilla_mallorca-pipeline_2025,3923,3902,6.6508217,13.0,2026-05-06 11:00:00,5
3981,can-pastilla_mallorca-pipeline_2025,3924,3902,7.9436197,7.0,2026-05-06 12:00:00,5
3982,can-pastilla_mallorca-pipeline_2025,3925,3902,8.038294,7.0,2026-05-06 13:00:00,5
3983,can-pastilla_mallorca-pipeline_2025,3926,3902,5.9045777,3.0,2026-05-06 14:00:00,5
3984,can-pastilla_mallorca-pipeline_2025,3927,3902,5.647788,4.0,2026-05-06 15:00:00,5
3985,can-pastilla_mallorca-pipeline_2025,3928,3902,4.927593,4.0,2026-05-06 16:00:00,5
3986,can-pastilla_mallorca-pipeline_2025,3929,3902,4.9282575,4.0,2026-05-06 17:00:00,5
3987,can-pastilla_mallorca-pipeline_2025,3930,3902,4.6899657,8.0,2026-05-06 18:00:00,5
3988,can-pastilla_mallorca-pipeline_2025,3931,3902,3.8977973,3.0,2026-05-06 19:00:00,5
3989,can-pastilla_mallorca-pipeline_2025,3932,3902,1.0469692,1.0,2026-05-06 20:00:00,5
3990,can-pastilla_mallorca-pipeline_2025,3933,3902,2.6385748,3.0,2026-05-07 08:00:00,5
3991,can-pastilla_mallorca-pipeline_2025,3934,3902,3.8845239,2.0,2026-05-07 09:00:00,5
3992,can-pastilla_mallorca-pipeline_2025,3935,3902,5.9543943,3.0,2026-05-07 10:00:00,5
3993,can-pastilla_mallorca-pipeline_2025,3936,3902,6.5387764,4.0,2026-05-07 11:00:00,5
3994,can-pastilla_mallorca-pipeline_2025,3937,3902,6.152197,8.0,2026-05-07 12:00:00,5
3995,can-pastilla_mallorca-pipeline_2025,3938,3902,5.8192453,4.0,2026-05-07 13:00:00,5
3996,can-pastilla_mallorca-pipeline_2025,3939,3938,4.072344,8.0,2026-05-07 14:00:00,5
3997,can-pastilla_mallorca-pipeline_2025,3940,3938,3.993621,6.0,2026-05-07 15:00:00,5
3998,can-pastilla_mallorca-pipeline_2025,3941,3938,4.468807,4.0,2026-05-07 16:00:00,5
3999,can-pastilla_mallorca-pipeline_2025,3942,3938,4.3719234,2.0,2026-05-07 17:00:00,5
4000,can-pastilla_mallorca-pipeline_2025,3943,3938,2.7258577,2.0,2026-05-07 18:00:00,5
4001,can-pastilla_mallorca-pipeline_2025,3944,3938,1.4807136,2.0,2026-05-07 19:00:00,5
4002,can-pastilla_mallorca-pipeline_2025,3945,3938,1.0484328,2.0,2026-05-07 20:00:00,5
4003,can-pastilla_mallorca-pipeline_2025,3946,3938,2.653758,6.0,2026-05-08 08:00:00,5
4004,can-pastilla_mallorca-pipeline_2025,3947,3938,2.9508457,3.0,2026-05-08 09:00:00,5
4005,can-pastilla_mallorca-pipeline_2025,3948,3938,3.2524102,3.0,2026-05-08 10:00:00,5
4006,can-pastilla_mallorca-pipeline_2025,3949,3938,3.60572,3.0,2026-05-08 11:00:00,5
4007,can-pastilla_mallorca-pipeline_2025,3950,3938,3.720848,3.0,2026-05-08 12:00:00,5
4008,can-pastilla_mallorca-pipeline_2025,3951,3938,4.013609,7.0,2026-05-08 13:00:00,5
4009,can-pastilla_mallorca-pipeline_2025,3952,3938,4.0417953,3.0,2026-05-08 14:00:00,5
4010,can-pastilla_mallorca-pipeline_2025,3953,3938,4.0392942,2.0,2026-05-08 15:00:00,5
4011,can-pastilla_mallorca-pipeline_2025,3954,3938,4.6235666,9.0,2026-05-08 16:00:00,5
4012,can-pastilla_mallorca-pipeline_2025,3955,3938,5.0809493,9.0,2026-05-08 17:00:00,5
4013,can-pastilla_mallorca-pipeline_2025,3956,3938,3.8513486,7.0,2026-05-08 18:00:00,5
4014,can-pastilla_mallorca-pipeline_2025,3957,3938,1.961288,3.0,2026-05-08 19:00:00,5
4015,can-pastilla_mallorca-pipeline_2025,3958,3938,1.0583099,1.0,2026-05-08 20:00:00,5
4016,can-pastilla_mallorca-pipeline_2025,3959,3938,2.9088693,2.0,2026-05-09 08:00:00,5
4017,can-pastilla_mallorca-pipeline_2025,3960,3938,3.4088345,7.0,2026-05-09 09:00:00,5
4018,can-pastilla_mallorca-pipeline_2025,3961,3938,3.80273,16.0,2026-05-09 10:00:00,5
4019,can-pastilla_mallorca-pipeline_2025,3962,3938,4.5336776,2.0,2026-05-09 11:00:00,5
4020,can-pastilla_mallorca-pipeline_2025,3963,3938,4.7071943,5.0,2026-05-09 12:00:00,5
4021,can-pastilla_mallorca-pipeline_2025,3964,3938,4.5320864,10.0,2026-05-09 13:00:00,5
4022,can-pastilla_mallorca-pipeline_2025,3965,3938,4.523965,7.0,2026-05-09 14:00:00,5
4023,can-pastilla_mallorca-pipeline_2025,3966,3938,4.561035,5.0,2026-05-09 15:00:00,5
4024,can-pastilla_mallorca-pipeline_2025,3967,3938,4.9564505,2.0,2026-05-09 16:00:00,5
4025,can-pastilla_mallorca-pipeline_2025,3968,3938,5.451423,2.0,2026-05-09 17:00:00,5
4026,can-pastilla_mallorca-pipeline_2025,3969,3938,4.044425,4.0,2026-05-09 18:00:00,5
4027,can-pastilla_mallorca-pipeline_2025,3970,3938,2.266759,8.0,2026-05-09 19:00:00,5
4028,can-pastilla_mallorca-pipeline_2025,3971,3938,1.1291019,1.0,2026-05-09 20:00:00,5
4029,can-pastilla_mallorca-pipeline_2025,3972,3938,2.9609847,4.0,2026-05-10 08:00:00,5
4030,can-pastilla_mallorca-pipeline_2025,3973,3938,3.452463,5.0,2026-05-10 09:00:00,5
4031,can-pastilla_mallorca-pipeline_2025,3974,3938,3.7278342,5.0,2026-05-10 10:00:00,5
4032,can-pastilla_mallorca-pipeline_2025,3975,3974,6.912031,15.0,2026-05-10 11:00:00,5
4033,can-pastilla_mallorca-pipeline_2025,3976,3974,8.102583,11.0,2026-05-10 12:00:00,5
4034,can-pastilla_mallorca-pipeline_2025,3977,3974,8.898088,10.0,2026-05-10 13:00:00,5
4035,can-pastilla_mallorca-pipeline_2025,3978,3974,8.88275,10.0,2026-05-10 14:00:00,5
4036,can-pastilla_mallorca-pipeline_2025,3979,3974,8.079743,6.0,2026-05-10 15:00:00,5
4037,can-pastilla_mallorca-pipeline_2025,3980,3974,6.224721,20.0,2026-05-10 16:00:00,5
4038,can-pastilla_mallorca-pipeline_2025,3981,3974,6.419096,6.0,2026-05-10 17:00:00,5
4039,can-pastilla_mallorca-pipeline_2025,3982,3974,5.7176094,3.0,2026-05-10 18:00:00,5
4040,can-pastilla_mallorca-pipeline_2025,3983,3974,2.9855702,2.0,2026-05-10 19:00:00,5
4041,can-pastilla_mallorca-pipeline_2025,3984,3974,1.0873827,1.0,2026-05-10 20:00:00,5
4042,can-pastilla_mallorca-pipeline_2025,3985,3974,3.1684306,6.0,2026-05-11 08:00:00,5
4043,can-pastilla_mallorca-pipeline_2025,3986,3974,4.4455805,3.0,2026-05-11 09:00:00,5
4044,can-pastilla_mallorca-pipeline_2025,3987,3974,5.1391783,2.0,2026-05-11 10:00:00,5
4045,can-pastilla_mallorca-pipeline_2025,3988,3974,5.541878,8.0,2026-05-11 11:00:00,5
4046,can-pastilla_mallorca-pipeline_2025,3989,3974,6.517571,5.0,2026-05-11 12:00:00,5
4047,can-pastilla_mallorca-pipeline_2025,3990,3974,7.1356306,19.0,2026-05-11 13:00:00,5
4048,can-pastilla_mallorca-pipeline_2025,3991,3974,7.1540537,12.0,2026-05-11 14:00:00,5
4049,can-pastilla_mallorca-pipeline_2025,3992,3974,6.6340375,4.0,2026-05-11 15:00:00,5
4050,can-pastilla_mallorca-pipeline_2025,3993,3974,5.3980246,6.0,2026-05-11 16:00:00,5
4051,can-pastilla_mallorca-pipeline_2025,3994,3974,5.023221,3.0,2026-05-11 17:00:00,5
4052,can-pastilla_mallorca-pipeline_2025,3995,3974,5.070338,11.0,2026-05-11 18:00:00,5
4053,can-pastilla_mallorca-pipeline_2025,3996,3974,2.4651766,3.0,2026-05-11 19:00:00,5
4054,can-pastilla_mallorca-pipeline_2025,3997,3974,1.0606531,1.0,2026-05-11 20:00:00,5
4055,can-pastilla_mallorca-pipeline_2025,3998,3974,3.2796562,8.0,2026-05-12 08:00:00,5
4056,can-pastilla_mallorca-pipeline_2025,3999,3974,4.9410977,5.0,2026-05-12 09:00:00,5
4057,can-pastilla_mallorca-pipeline_2025,4000,3974,5.5828385,6.0,2026-05-12 10:00:00,5
4058,can-pastilla_mallorca-pipeline_2025,4001,3974,6.030494,5.0,2026-05-12 11:00:00,5
4059,can-pastilla_mallorca-pipeline_2025,4002,3974,6.502905,6.0,2026-05-12 12:00:00,5
4060,can-pastilla_mallorca-pipeline_2025,4003,3974,6.302411,8.0,2026-05-12 13:00:00,5
4061,can-pastilla_mallorca-pipeline_2025,4004,3974,6.3693767,5.0,2026-05-12 14:00:00,5
4062,can-pastilla_mallorca-pipeline_2025,4005,3974,5.48074,4.0,2026-05-12 15:00:00,5
4063,can-pastilla_mallorca-pipeline_2025,4006,3974,4.4187994,6.0,2026-05-12 16:00:00,5
4064,can-pastilla_mallorca-pipeline_2025,4007,3974,4.4820676,3.0,2026-05-12 17:00:00,5
4065,can-pastilla_mallorca-pipeline_2025,4008,3974,4.531497,4.0,2026-05-12 18:00:00,5
4066,can-pastilla_mallorca-pipeline_2025,4009,3974,2.2738743,3.0,2026-05-12 19:00:00,5
4067,can-pastilla_mallorca-pipeline_2025,4010,3974,1.0436276,3.0,2026-05-12 20:00:00,5
4068,can-pastilla_mallorca-pipeline_2025,4011,4010,5.5726194,3.0,2026-05-13 08:00:00,5
4069,can-pastilla_mallorca-pipeline_2025,4012,4010,5.4288177,3.0,2026-05-13 09:00:00,5
4070,can-pastilla_mallorca-pipeline_2025,4013,4010,4.966235,3.0,2026-05-13 10:00:00,5
4071,can-pastilla_mallorca-pipeline_2025,4014,4010,5.7351904,9.0,2026-05-13 11:00:00,5
4072,can-pastilla_mallorca-pipeline_2025,4015,4010,6.9595995,4.0,2026-05-13 12:00:00,5
4073,can-pastilla_mallorca-pipeline_2025,4016,4010,7.9051943,9.0,2026-05-13 13:00:00,5
4074,can-pastilla_mallorca-pipeline_2025,4017,4010,8.032494,11.0,2026-05-13 14:00:00,5
4075,can-pastilla_mallorca-pipeline_2025,4018,4010,7.2096906,10.0,2026-05-13 15:00:00,5
4076,can-pastilla_mallorca-pipeline_2025,4019,4010,5.8360095,8.0,2026-05-13 16:00:00,5
4077,can-pastilla_mallorca-pipeline_2025,4020,4010,4.1458907,10.0,2026-05-13 17:00:00,5
4078,can-pastilla_mallorca-pipeline_2025,4021,4010,4.2086954,10.0,2026-05-13 18:00:00,5
4079,can-pastilla_mallorca-pipeline_2025,4022,4010,2.6254258,3.0,2026-05-13 19:00:00,5
4080,can-pastilla_mallorca-pipeline_2025,4023,4010,3.499801,4.0,2026-05-15 08:00:00,5
4081,can-pastilla_mallorca-pipeline_2025,4024,4010,4.783906,5.0,2026-05-15 09:00:00,5
4082,can-pastilla_mallorca-pipeline_2025,4025,4010,3.8403752,4.0,2026-05-15 10:00:00,5
4083,can-pastilla_mallorca-pipeline_2025,4026,4010,3.7051053,3.0,2026-05-15 11:00:00,5
4084,can-pastilla_mallorca-pipeline_2025,4027,4010,3.6712918,2.0,2026-05-15 12:00:00,5
4085,can-pastilla_mallorca-pipeline_2025,4028,4010,3.641331,2.0,2026-05-15 13:00:00,5
4086,can-pastilla_mallorca-pipeline_2025,4029,4010,3.6209013,4.0,2026-05-15 14:00:00,5
4087,can-pastilla_mallorca-pipeline_2025,4030,4010,3.4081697,3.0,2026-05-15 15:00:00,5
4088,can-pastilla_mallorca-pipeline_2025,4031,4010,3.095281,4.0,2026-05-15 16:00:00,5
4089,can-pastilla_mallorca-pipeline_2025,4032,4010,2.9945064,3.0,2026-05-15 17:00:00,5
4090,can-pastilla_mallorca-pipeline_2025,4033,4010,2.622302,8.0,2026-05-15 18:00:00,5
4091,can-pastilla_mallorca-pipeline_2025,4034,4010,1.9700575,1.0,2026-05-15 19:00:00,5
4092,can-pastilla_mallorca-pipeline_2025,4035,4010,1.4342109,1.0,2026-05-15 20:00:00,5
4093,can-pastilla_mallorca-pipeline_2025,4036,4010,3.3145928,7.0,2026-05-16 08:00:00,5
4094,can-pastilla_mallorca-pipeline_2025,4037,4010,3.5419369,31.0,2026-05-16 09:00:00,5
4095,can-pastilla_mallorca-pipeline_2025,4038,4010,4.371724,19.0,2026-05-16 10:00:00,5
4096,can-pastilla_mallorca-pipeline_2025,4039,4010,4.9211473,12.0,2026-05-16 11:00:00,5
4097,can-pastilla_mallorca-pipeline_2025,4040,4010,6.2434487,7.0,2026-05-16 12:00:00,5
4098,can-pastilla_mallorca-pipeline_2025,4041,4010,7.5075765,4.0,2026-05-16 13:00:00,5
4099,can-pastilla_mallorca-pipeline_2025,4042,4010,9.159583,9.0,2026-05-16 14:00:00,5
4100,can-pastilla_mallorca-pipeline_2025,4043,4010,7.9286194,25.0,2026-05-16 15:00:00,5
4101,can-pastilla_mallorca-pipeline_2025,4044,4010,6.0207505,6.0,2026-05-16 16:00:00,5
4102,can-pastilla_mallorca-pipeline_2025,4045,4010,4.7179675,3.0,2026-05-16 17:00:00,5
4103,can-pastilla_mallorca-pipeline_2025,4046,4010,4.6656485,4.0,2026-05-16 18:00:00,5
4104,can-pastilla_mallorca-pipeline_2025,4047,4046,2.9338644,3.0,2026-05-16 19:00:00,5
4105,can-pastilla_mallorca-pipeline_2025,4048,4046,2.4290376,1.0,2026-05-16 20:00:00,5
4106,can-pastilla_mallorca-pipeline_2025,4049,4046,6.47957,17.0,2026-05-17 09:00:00,5
4107,can-pastilla_mallorca-pipeline_2025,4050,4046,14.075673,6.0,2026-05-17 10:00:00,5
4108,can-pastilla_mallorca-pipeline_2025,4051,4046,12.64286,4.0,2026-05-17 11:00:00,5
4109,can-pastilla_mallorca-pipeline_2025,4052,4046,9.177609,17.0,2026-05-17 12:00:00,5
4110,can-pastilla_mallorca-pipeline_2025,4053,4046,8.512922,22.0,2026-05-17 13:00:00,5
4111,can-pastilla_mallorca-pipeline_2025,4054,4046,8.330161,15.0,2026-05-17 14:00:00,5
4112,can-pastilla_mallorca-pipeline_2025,4055,4046,8.019931,12.0,2026-05-17 15:00:00,5
4113,can-pastilla_mallorca-pipeline_2025,4056,4046,6.3092675,5.0,2026-05-17 16:00:00,5
4114,can-pastilla_mallorca-pipeline_2025,4057,4046,4.642809,7.0,2026-05-17 17:00:00,5
4115,can-pastilla_mallorca-pipeline_2025,4058,4046,2.8903217,8.0,2026-05-17 19:00:00,5
4116,can-pastilla_mallorca-pipeline_2025,4059,4046,2.3492212,1.0,2026-05-17 20:00:00,5
4117,can-pastilla_mallorca-pipeline_2025,4060,4046,4.212376,6.0,2026-05-18 08:00:00,5
4118,can-pastilla_mallorca-pipeline_2025,4061,4046,6.5585933,4.0,2026-05-18 09:00:00,5
4119,can-pastilla_mallorca-pipeline_2025,4062,4046,9.006851,9.0,2026-05-18 10:00:00,5
4120,can-pastilla_mallorca-pipeline_2025,4063,4046,8.460281,14.0,2026-05-18 11:00:00,5
4121,can-pastilla_mallorca-pipeline_2025,4064,4046,7.3135495,7.0,2026-05-18 12:00:00,5
4122,can-pastilla_mallorca-pipeline_2025,4065,4046,7.177132,13.0,2026-05-18 13:00:00,5
4123,can-pastilla_mallorca-pipeline_2025,4066,4046,7.406918,9.0,2026-05-18 14:00:00,5
4124,can-pastilla_mallorca-pipeline_2025,4067,4046,7.3320084,5.0,2026-05-18 15:00:00,5
4125,can-pastilla_mallorca-pipeline_2025,4068,4046,5.299732,4.0,2026-05-18 16:00:00,5
4126,can-pastilla_mallorca-pipeline_2025,4069,4046,3.9152427,8.0,2026-05-18 17:00:00,5
4127,can-pastilla_mallorca-pipeline_2025,4070,4046,3.3190925,6.0,2026-05-18 18:00:00,5
4128,can-pastilla_mallorca-pipeline_2025,4071,4046,1.9989927,1.0,2026-05-18 20:00:00,5
4129,can-pastilla_mallorca-pipeline_2025,4072,4046,6.9222465,7.0,2026-05-19 13:00:00,5
4130,can-pastilla_mallorca-pipeline_2025,4073,4046,4.7999563,8.0,2026-05-19 16:00:00,5
4131,can-pastilla_mallorca-pipeline_2025,4074,4046,3.407176,4.0,2026-05-19 18:00:00,5
4132,can-pastilla_mallorca-pipeline_2025,4075,4046,2.1864295,1.0,2026-05-19 20:00:00,5
4133,can-pastilla_mallorca-pipeline_2025,4076,4046,4.750447,10.0,2026-05-20 08:00:00,5
4134,can-pastilla_mallorca-pipeline_2025,4077,4046,12.903465,12.0,2026-05-20 10:00:00,5
4135,can-pastilla_mallorca-pipeline_2025,4078,4046,10.514382,8.0,2026-05-20 12:00:00,5
4136,can-pastilla_mallorca-pipeline_2025,4079,4046,8.382179,24.0,2026-05-20 14:00:00,5
4137,can-pastilla_mallorca-pipeline_2025,4080,4046,7.489617,5.0,2026-05-20 16:00:00,5
4138,can-pastilla_mallorca-pipeline_2025,4081,4046,4.4983764,4.0,2026-05-20 18:00:00,5
4139,can-pastilla_mallorca-pipeline_2025,4082,4046,2.3804207,1.0,2026-05-20 20:00:00,5
4140,es-pujols_2025,2608,2607,1.2399967,2.0,2025-11-11 13:00:00,11
4141,es-pujols_2025,2609,2607,1.0253178,1.0,2025-11-11 14:00:00,11
4142,es-pujols_2025,2610,2607,0.8571829,1.0,2025-11-11 15:00:00,11
4143,es-pujols_2025,2611,2607,0.76690906,2.0,2025-11-11 16:00:00,11
4144,es-pujols_2025,2612,2607,0.86696106,1.0,2025-11-11 17:00:00,11
4145,es-pujols_2025,2613,2607,0.9634857,1.0,2025-11-11 18:00:00,11
4146,es-pujols_2025,2614,2607,0.9305479,1.0,2025-11-11 19:00:00,11
4147,es-pujols_2025,2615,2607,0.8487721,1.0,2025-11-11 20:00:00,11
4148,es-pujols_2025,2616,2607,1.0795289,1.0,2025-11-12 08:00:00,11
4149,es-pujols_2025,2617,2607,1.2486104,0.0,2025-11-12 09:00:00,11
4150,es-pujols_2025,2618,2607,1.4098804,3.0,2025-11-12 10:00:00,11
4151,es-pujols_2025,2619,2607,1.4944738,3.0,2025-11-12 11:00:00,11
4152,es-pujols_2025,2620,2607,1.4074588,5.0,2025-11-12 12:00:00,11
4153,es-pujols_2025,2621,2607,1.3227717,3.0,2025-11-12 13:00:00,11
4154,es-pujols_2025,2622,2607,1.1875551,1.0,2025-11-12 14:00:00,11
4155,es-pujols_2025,2623,2607,0.9041631,2.0,2025-11-12 15:00:00,11
4156,es-pujols_2025,2624,2607,0.7959524,2.0,2025-11-12 16:00:00,11
4157,es-pujols_2025,2625,2607,0.89458364,1.0,2025-11-12 17:00:00,11
4158,es-pujols_2025,2626,2607,0.9878601,1.0,2025-11-12 18:00:00,11
4159,es-pujols_2025,2627,2607,0.9291726,1.0,2025-11-12 19:00:00,11
4160,es-pujols_2025,2628,2607,0.85148156,1.0,2025-11-12 20:00:00,11
4161,es-pujols_2025,2629,2607,1.1282499,0.0,2025-11-13 08:00:00,11
4162,es-pujols_2025,2630,2607,1.2066268,0.0,2025-11-13 09:00:00,11
4163,es-pujols_2025,2631,2607,1.414402,2.0,2025-11-13 10:00:00,11
4164,es-pujols_2025,2632,2607,1.5140154,2.0,2025-11-13 11:00:00,11
4165,es-pujols_2025,2633,2607,1.4526027,3.0,2025-11-13 12:00:00,11
4166,es-pujols_2025,2634,2607,1.3743049,2.0,2025-11-13 13:00:00,11
4167,es-pujols_2025,2635,2607,1.2300836,1.0,2025-11-13 14:00:00,11
4168,es-pujols_2025,2636,2607,0.9675372,3.0,2025-11-13 15:00:00,11
4169,es-pujols_2025,2637,2607,0.8343953,2.0,2025-11-13 16:00:00,11
4170,es-pujols_2025,2638,2607,0.922332,1.0,2025-11-13 17:00:00,11
4171,es-pujols_2025,2639,2607,1.006982,1.0,2025-11-13 18:00:00,11
4172,es-pujols_2025,2640,2607,0.96961606,1.0,2025-11-13 19:00:00,11
4173,es-pujols_2025,2641,2607,0.87125856,1.0,2025-11-13 20:00:00,11
4174,es-pujols_2025,2642,2607,1.0033677,1.0,2025-11-14 08:00:00,11
4175,es-pujols_2025,2643,2607,1.1130916,1.0,2025-11-14 09:00:00,11
4176,es-pujols_2025,2644,2643,0.97427505,1.0,2025-11-14 10:00:00,11
4177,es-pujols_2025,2645,2643,1.2199988,2.0,2025-11-14 11:00:00,11
4178,es-pujols_2025,2646,2643,1.2967364,1.0,2025-11-14 12:00:00,11
4179,es-pujols_2025,2647,2643,1.1894467,1.0,2025-11-14 13:00:00,11
4180,es-pujols_2025,2648,2643,1.1741253,2.0,2025-11-14 14:00:00,11
4181,es-pujols_2025,2649,2643,1.0361776,0.0,2025-11-14 15:00:00,11
4182,es-pujols_2025,2650,2643,1.033393,1.0,2025-11-14 16:00:00,11
4183,es-pujols_2025,2651,2643,0.94502646,1.0,2025-11-14 17:00:00,11
4184,es-pujols_2025,2652,2643,0.9713229,1.0,2025-11-14 18:00:00,11
4185,es-pujols_2025,2653,2643,0.9827583,1.0,2025-11-14 19:00:00,11
4186,es-pujols_2025,2654,2643,0.9639426,1.0,2025-11-14 20:00:00,11
4187,es-pujols_2025,2655,2643,0.6185739,1.0,2025-11-15 08:00:00,11
4188,es-pujols_2025,2656,2643,0.9041522,1.0,2025-11-15 09:00:00,11
4189,es-pujols_2025,2657,2643,1.7244707,2.0,2025-11-15 10:00:00,11
4190,es-pujols_2025,2658,2643,2.062255,2.0,2025-11-15 11:00:00,11
4191,es-pujols_2025,2659,2643,2.1528208,1.0,2025-11-15 12:00:00,11
4192,es-pujols_2025,2660,2643,2.1110563,3.0,2025-11-15 13:00:00,11
4193,es-pujols_2025,2661,2643,1.7108754,2.0,2025-11-15 14:00:00,11
4194,es-pujols_2025,2662,2643,1.7057482,0.0,2025-11-15 15:00:00,11
4195,es-pujols_2025,2663,2643,1.5777764,0.0,2025-11-15 16:00:00,11
4196,es-pujols_2025,2664,2643,1.1676958,1.0,2025-11-15 17:00:00,11
4197,es-pujols_2025,2665,2643,1.1106745,1.0,2025-11-15 18:00:00,11
4198,es-pujols_2025,2666,2643,1.0895702,1.0,2025-11-15 19:00:00,11
4199,es-pujols_2025,2667,2643,0.9976252,1.0,2025-11-15 20:00:00,11
4200,es-pujols_2025,2668,2643,0.6123679,1.0,2025-11-16 08:00:00,11
4201,es-pujols_2025,2669,2643,0.6319426,1.0,2025-11-16 09:00:00,11
4202,es-pujols_2025,2670,2643,0.89371294,1.0,2025-11-16 10:00:00,11
4203,es-pujols_2025,2671,2643,1.2743443,1.0,2025-11-16 11:00:00,11
4204,es-pujols_2025,2672,2643,1.6730666,1.0,2025-11-16 12:00:00,11
4205,es-pujols_2025,2673,2643,1.8518041,3.0,2025-11-16 13:00:00,11
4206,es-pujols_2025,2674,2643,1.4134704,1.0,2025-11-16 14:00:00,11
4207,es-pujols_2025,2675,2643,1.3269383,0.0,2025-11-16 15:00:00,11
4208,es-pujols_2025,2676,2643,1.3049958,1.0,2025-11-16 16:00:00,11
4209,es-pujols_2025,2677,2643,1.1109732,1.0,2025-11-16 17:00:00,11
4210,es-pujols_2025,2678,2643,1.1143466,1.0,2025-11-16 18:00:00,11
4211,es-pujols_2025,2679,2643,1.1004559,1.0,2025-11-16 19:00:00,11
4212,es-pujols_2025,2680,2679,0.9053398,1.0,2025-11-16 20:00:00,11
4213,es-pujols_2025,2681,2679,0.68080574,1.0,2025-11-17 08:00:00,11
4214,es-pujols_2025,2682,2679,0.8565158,1.0,2025-11-17 09:00:00,11
4215,es-pujols_2025,2683,2679,0.9854118,1.0,2025-11-17 10:00:00,11
4216,es-pujols_2025,2684,2679,1.0779084,1.0,2025-11-17 11:00:00,11
4217,es-pujols_2025,2685,2679,1.1161088,1.0,2025-11-17 12:00:00,11
4218,es-pujols_2025,2686,2679,1.0677282,2.0,2025-11-17 13:00:00,11
4219,es-pujols_2025,2687,2679,1.0064733,2.0,2025-11-17 14:00:00,11
4220,es-pujols_2025,2688,2679,0.89871037,1.0,2025-11-17 15:00:00,11
4221,es-pujols_2025,2689,2679,0.8604279,2.0,2025-11-17 16:00:00,11
4222,es-pujols_2025,2690,2679,0.84785855,1.0,2025-11-17 17:00:00,11
4223,es-pujols_2025,2691,2679,0.818376,1.0,2025-11-17 18:00:00,11
4224,es-pujols_2025,2692,2679,0.76750535,1.0,2025-11-17 19:00:00,11
4225,es-pujols_2025,2693,2679,0.74923944,1.0,2025-11-17 20:00:00,11
4226,es-pujols_2025,2694,2679,0.74605614,1.0,2025-11-18 08:00:00,11
4227,es-pujols_2025,2695,2679,0.9977836,2.0,2025-11-18 09:00:00,11
4228,es-pujols_2025,2696,2679,1.2424883,3.0,2025-11-18 10:00:00,11
4229,es-pujols_2025,2697,2679,1.2738312,2.0,2025-11-18 11:00:00,11
4230,es-pujols_2025,2698,2679,1.3270931,1.0,2025-11-18 12:00:00,11
4231,es-pujols_2025,2699,2679,1.2567462,1.0,2025-11-18 13:00:00,11
4232,es-pujols_2025,2700,2679,1.0856265,1.0,2025-11-18 14:00:00,11
4233,es-pujols_2025,2701,2679,0.8964481,1.0,2025-11-18 15:00:00,11
4234,es-pujols_2025,2702,2679,0.86334765,1.0,2025-11-18 16:00:00,11
4235,es-pujols_2025,2703,2679,0.86999846,1.0,2025-11-18 17:00:00,11
4236,es-pujols_2025,2704,2679,0.83094674,1.0,2025-11-18 18:00:00,11
4237,es-pujols_2025,2705,2679,0.7767238,1.0,2025-11-18 19:00:00,11
4238,es-pujols_2025,2706,2679,0.7546372,1.0,2025-11-18 20:00:00,11
4239,es-pujols_2025,2707,2679,0.79261065,1.0,2025-11-19 08:00:00,11
4240,es-pujols_2025,2708,2679,1.0339134,1.0,2025-11-19 09:00:00,11
4241,es-pujols_2025,2709,2679,1.2395903,2.0,2025-11-19 10:00:00,11
4242,es-pujols_2025,2710,2679,1.320536,1.0,2025-11-19 11:00:00,11
4243,es-pujols_2025,2711,2679,1.3386251,3.0,2025-11-19 12:00:00,11
4244,es-pujols_2025,2712,2679,1.2922937,0.0,2025-11-19 13:00:00,11
4245,es-pujols_2025,2713,2679,1.1078873,1.0,2025-11-19 14:00:00,11
4246,es-pujols_2025,2714,2679,0.938848,1.0,2025-11-19 15:00:00,11
4247,es-pujols_2025,2715,2679,0.89440453,1.0,2025-11-19 16:00:00,11
4248,es-pujols_2025,2716,2715,0.8006012,1.0,2025-11-19 17:00:00,11
4249,es-pujols_2025,2717,2715,0.8033663,1.0,2025-11-19 18:00:00,11
4250,es-pujols_2025,2718,2715,0.84819496,1.0,2025-11-19 19:00:00,11
4251,es-pujols_2025,2719,2715,0.8063468,1.0,2025-11-19 20:00:00,11
4252,es-pujols_2025,2720,2715,0.88658535,1.0,2025-11-20 08:00:00,11
4253,es-pujols_2025,2721,2715,0.97345155,2.0,2025-11-20 09:00:00,11
4254,es-pujols_2025,2722,2715,1.0619911,1.0,2025-11-20 10:00:00,11
4255,es-pujols_2025,2723,2715,1.1004622,1.0,2025-11-20 11:00:00,11
4256,es-pujols_2025,2724,2715,1.0478563,1.0,2025-11-20 12:00:00,11
4257,es-pujols_2025,2725,2715,0.9298229,2.0,2025-11-20 13:00:00,11
4258,es-pujols_2025,2726,2715,0.89665586,2.0,2025-11-20 14:00:00,11
4259,es-pujols_2025,2727,2715,0.82155675,3.0,2025-11-20 15:00:00,11
4260,es-pujols_2025,2728,2715,0.7989057,1.0,2025-11-20 16:00:00,11
4261,es-pujols_2025,2729,2715,0.7909624,1.0,2025-11-20 17:00:00,11
4262,es-pujols_2025,2730,2715,0.83055824,1.0,2025-11-20 18:00:00,11
4263,es-pujols_2025,2731,2715,0.84708285,1.0,2025-11-20 19:00:00,11
4264,es-pujols_2025,2732,2715,0.83187765,1.0,2025-11-20 20:00:00,11
4265,es-pujols_2025,2733,2715,0.9384197,1.0,2025-11-21 08:00:00,11
4266,es-pujols_2025,2734,2715,1.1127336,0.0,2025-11-21 09:00:00,11
4267,es-pujols_2025,2735,2715,1.2311053,1.0,2025-11-21 10:00:00,11
4268,es-pujols_2025,2736,2715,1.18208,1.0,2025-11-21 11:00:00,11
4269,es-pujols_2025,2737,2715,1.1263964,2.0,2025-11-21 12:00:00,11
4270,es-pujols_2025,2738,2715,1.0267432,3.0,2025-11-21 13:00:00,11
4271,es-pujols_2025,2739,2715,0.95766944,1.0,2025-11-21 14:00:00,11
4272,es-pujols_2025,2740,2715,0.8659579,0.0,2025-11-21 15:00:00,11
4273,es-pujols_2025,2741,2715,0.8350847,0.0,2025-11-21 16:00:00,11
4274,es-pujols_2025,2742,2715,0.8335054,1.0,2025-11-21 17:00:00,11
4275,es-pujols_2025,2743,2715,0.85316986,1.0,2025-11-21 18:00:00,11
4276,es-pujols_2025,2744,2715,0.87031406,1.0,2025-11-21 19:00:00,11
4277,es-pujols_2025,2745,2715,0.8483955,1.0,2025-11-21 20:00:00,11
4278,es-pujols_2025,2746,2715,0.9536654,0.0,2025-11-22 08:00:00,11
4279,es-pujols_2025,2747,2715,1.0257823,1.0,2025-11-22 09:00:00,11
4280,es-pujols_2025,2748,2715,0.99201226,1.0,2025-11-22 10:00:00,11
4281,es-pujols_2025,2749,2715,0.9840609,0.0,2025-11-22 11:00:00,11
4282,es-pujols_2025,2750,2715,0.9950605,3.0,2025-11-22 12:00:00,11
4283,es-pujols_2025,2751,2715,0.97667307,3.0,2025-11-22 13:00:00,11
4284,es-pujols_2025,2752,2751,1.5995107,1.0,2025-11-22 14:00:00,11
4285,es-pujols_2025,2753,2751,1.1607541,1.0,2025-11-22 15:00:00,11
4286,es-pujols_2025,2754,2751,0.8715135,1.0,2025-11-22 16:00:00,11
4287,es-pujols_2025,2755,2751,0.8875193,1.0,2025-11-22 17:00:00,11
4288,es-pujols_2025,2756,2751,0.97451526,1.0,2025-11-22 18:00:00,11
4289,es-pujols_2025,2757,2751,0.98401386,1.0,2025-11-22 19:00:00,11
4290,es-pujols_2025,2758,2751,0.9167948,1.0,2025-11-22 20:00:00,11
4291,es-pujols_2025,2759,2751,1.0064031,2.0,2025-11-23 08:00:00,11
4292,es-pujols_2025,2760,2751,1.3532271,2.0,2025-11-23 09:00:00,11
4293,es-pujols_2025,2761,2751,1.8278081,0.0,2025-11-23 10:00:00,11
4294,es-pujols_2025,2762,2751,2.151386,1.0,2025-11-23 11:00:00,11
4295,es-pujols_2025,2763,2751,2.5046787,1.0,2025-11-23 12:00:00,11
4296,es-pujols_2025,2764,2751,2.606948,2.0,2025-11-23 13:00:00,11
4297,es-pujols_2025,2765,2751,2.0121508,1.0,2025-11-23 14:00:00,11
4298,es-pujols_2025,2766,2751,1.4635415,0.0,2025-11-23 15:00:00,11
4299,es-pujols_2025,2767,2751,1.0253346,1.0,2025-11-23 16:00:00,11
4300,es-pujols_2025,2768,2751,0.99963075,1.0,2025-11-23 17:00:00,11
4301,es-pujols_2025,2769,2751,1.1524283,1.0,2025-11-23 18:00:00,11
4302,es-pujols_2025,2770,2751,1.1675793,1.0,2025-11-23 19:00:00,11
4303,es-pujols_2025,2771,2751,1.0888243,1.0,2025-11-23 20:00:00,11
4304,es-pujols_2025,2772,2751,0.7217723,1.0,2025-11-24 08:00:00,11
4305,es-pujols_2025,2773,2751,0.87592787,0.0,2025-11-24 09:00:00,11
4306,es-pujols_2025,2774,2751,0.98916644,1.0,2025-11-24 10:00:00,11
4307,es-pujols_2025,2775,2751,1.2306812,2.0,2025-11-24 11:00:00,11
4308,es-pujols_2025,2776,2751,1.4059718,2.0,2025-11-24 12:00:00,11
4309,es-pujols_2025,2777,2751,1.475258,2.0,2025-11-24 13:00:00,11
4310,es-pujols_2025,2778,2751,1.2157325,2.0,2025-11-24 14:00:00,11
4311,es-pujols_2025,2779,2751,0.86634326,1.0,2025-11-24 15:00:00,11
4312,es-pujols_2025,2780,2751,0.6630415,1.0,2025-11-24 16:00:00,11
4313,es-pujols_2025,2781,2751,0.785864,1.0,2025-11-24 17:00:00,11
4314,es-pujols_2025,2782,2751,0.86001307,1.0,2025-11-24 18:00:00,11
4315,es-pujols_2025,2783,2751,0.8704748,1.0,2025-11-24 19:00:00,11
4316,es-pujols_2025,2784,2751,0.8248614,1.0,2025-11-24 20:00:00,11
4317,es-pujols_2025,2785,2751,0.6434885,1.0,2025-11-25 08:00:00,11
4318,es-pujols_2025,2786,2751,0.80078995,0.0,2025-11-25 09:00:00,11
4319,es-pujols_2025,2787,2751,0.81639576,1.0,2025-11-25 10:00:00,11
4320,golf-camp-de-mar_2025,3512,3511,2.6019716,2.0,2026-05-02 12:00:00,5
4321,golf-camp-de-mar_2025,3513,3511,2.671054,3.0,2026-05-02 13:00:00,5
4322,golf-camp-de-mar_2025,3514,3511,2.721138,6.0,2026-05-02 14:00:00,5
4323,golf-camp-de-mar_2025,3515,3511,2.5016308,3.0,2026-05-02 15:00:00,5
4324,golf-camp-de-mar_2025,3516,3511,2.068427,8.0,2026-05-02 16:00:00,5
4325,golf-camp-de-mar_2025,3517,3511,2.1783895,4.0,2026-05-02 17:00:00,5
4326,golf-camp-de-mar_2025,3518,3511,2.0725527,2.0,2026-05-02 18:00:00,5
4327,golf-camp-de-mar_2025,3519,3511,1.3793025,1.0,2026-05-02 19:00:00,5
4328,golf-camp-de-mar_2025,3520,3511,1.0467323,1.0,2026-05-02 20:00:00,5
4329,golf-camp-de-mar_2025,3521,3511,4.2471657,1.0,2026-05-03 08:00:00,5
4330,golf-camp-de-mar_2025,3522,3511,6.206431,2.0,2026-05-03 09:00:00,5
4331,golf-camp-de-mar_2025,3523,3511,5.0926476,2.0,2026-05-03 10:00:00,5
4332,golf-camp-de-mar_2025,3524,3511,4.332282,5.0,2026-05-03 11:00:00,5
4333,golf-camp-de-mar_2025,3525,3511,3.639502,3.0,2026-05-03 12:00:00,5
4334,golf-camp-de-mar_2025,3526,3511,3.264812,5.0,2026-05-03 13:00:00,5
4335,golf-camp-de-mar_2025,3527,3511,2.9624639,7.0,2026-05-03 14:00:00,5
4336,golf-camp-de-mar_2025,3528,3511,2.6507704,1.0,2026-05-03 15:00:00,5
4337,golf-camp-de-mar_2025,3529,3511,2.1371007,2.0,2026-05-03 16:00:00,5
4338,golf-camp-de-mar_2025,3530,3511,2.1069283,3.0,2026-05-03 17:00:00,5
4339,golf-camp-de-mar_2025,3531,3511,2.0645778,5.0,2026-05-03 18:00:00,5
4340,golf-camp-de-mar_2025,3532,3511,1.3885233,1.0,2026-05-03 19:00:00,5
4341,golf-camp-de-mar_2025,3533,3511,1.0715536,1.0,2026-05-03 20:00:00,5
4342,golf-camp-de-mar_2025,3534,3511,5.1394444,7.0,2026-05-04 08:00:00,5
4343,golf-camp-de-mar_2025,3535,3511,6.7833343,6.0,2026-05-04 09:00:00,5
4344,golf-camp-de-mar_2025,3536,3511,5.488881,1.0,2026-05-04 10:00:00,5
4345,golf-camp-de-mar_2025,3537,3511,4.458367,13.0,2026-05-04 11:00:00,5
4346,golf-camp-de-mar_2025,3538,3511,3.8715527,1.0,2026-05-04 12:00:00,5
4347,golf-camp-de-mar_2025,3539,3511,3.4743676,1.0,2026-05-04 13:00:00,5
4348,golf-camp-de-mar_2025,3540,3511,3.091539,2.0,2026-05-04 14:00:00,5
4349,golf-camp-de-mar_2025,3541,3511,2.775584,1.0,2026-05-04 15:00:00,5
4350,golf-camp-de-mar_2025,3542,3511,2.1983585,1.0,2026-05-04 16:00:00,5
4351,golf-camp-de-mar_2025,3543,3511,1.9396389,3.0,2026-05-04 17:00:00,5
4352,golf-camp-de-mar_2025,3544,3511,1.755358,1.0,2026-05-04 18:00:00,5
4353,golf-camp-de-mar_2025,3545,3511,1.1529205,1.0,2026-05-04 19:00:00,5
4354,golf-camp-de-mar_2025,3546,3511,0.92992544,1.0,2026-05-04 20:00:00,5
4355,golf-camp-de-mar_2025,3547,3511,6.7165256,2.0,2026-05-05 08:00:00,5
4356,golf-camp-de-mar_2025,3548,3547,3.3871562,5.0,2026-05-05 09:00:00,5
4357,golf-camp-de-mar_2025,3549,3547,3.6195035,1.0,2026-05-05 10:00:00,5
4358,golf-camp-de-mar_2025,3550,3547,2.8901489,3.0,2026-05-05 11:00:00,5
4359,golf-camp-de-mar_2025,3551,3547,2.7214425,6.0,2026-05-05 12:00:00,5
4360,golf-camp-de-mar_2025,3552,3547,2.7460294,2.0,2026-05-05 13:00:00,5
4361,golf-camp-de-mar_2025,3553,3547,2.8083177,1.0,2026-05-05 14:00:00,5
4362,golf-camp-de-mar_2025,3554,3547,2.728816,1.0,2026-05-05 15:00:00,5
4363,golf-camp-de-mar_2025,3555,3547,2.6060617,1.0,2026-05-05 16:00:00,5
4364,golf-camp-de-mar_2025,3556,3547,2.3053365,1.0,2026-05-05 17:00:00,5
4365,golf-camp-de-mar_2025,3557,3547,1.5860453,2.0,2026-05-05 18:00:00,5
4366,golf-camp-de-mar_2025,3558,3547,1.0237044,1.0,2026-05-05 19:00:00,5
4367,golf-camp-de-mar_2025,3559,3547,0.9673625,1.0,2026-05-05 20:00:00,5
4368,golf-camp-de-mar_2025,3560,3547,2.7921743,7.0,2026-05-06 08:00:00,5
4369,golf-camp-de-mar_2025,3561,3547,4.1751275,34.0,2026-05-06 09:00:00,5
4370,golf-camp-de-mar_2025,3562,3547,4.542574,15.0,2026-05-06 10:00:00,5
4371,golf-camp-de-mar_2025,3563,3547,3.46261,6.0,2026-05-06 11:00:00,5
4372,golf-camp-de-mar_2025,3564,3547,3.2750764,12.0,2026-05-06 12:00:00,5
4373,golf-camp-de-mar_2025,3565,3547,3.7169428,1.0,2026-05-06 13:00:00,5
4374,golf-camp-de-mar_2025,3566,3547,3.8416693,1.0,2026-05-06 14:00:00,5
4375,golf-camp-de-mar_2025,3567,3547,3.1475618,1.0,2026-05-06 15:00:00,5
4376,golf-camp-de-mar_2025,3568,3547,3.5856621,1.0,2026-05-06 16:00:00,5
4377,golf-camp-de-mar_2025,3569,3547,2.6407933,1.0,2026-05-06 17:00:00,5
4378,golf-camp-de-mar_2025,3570,3547,1.8550137,1.0,2026-05-06 18:00:00,5
4379,golf-camp-de-mar_2025,3571,3547,1.0427042,2.0,2026-05-06 19:00:00,5
4380,golf-camp-de-mar_2025,3572,3547,3.0582795,8.0,2026-05-07 08:00:00,5
4381,golf-camp-de-mar_2025,3573,3547,4.4142284,6.0,2026-05-07 10:00:00,5
4382,golf-camp-de-mar_2025,3574,3547,2.9930751,5.0,2026-05-07 11:00:00,5
4383,golf-camp-de-mar_2025,3575,3547,2.6025758,6.0,2026-05-07 14:00:00,5
4384,golf-camp-de-mar_2025,3576,3547,2.6847725,3.0,2026-05-07 15:00:00,5
4385,golf-camp-de-mar_2025,3577,3547,2.2436135,2.0,2026-05-07 16:00:00,5
4386,golf-camp-de-mar_2025,3578,3547,1.9007761,4.0,2026-05-07 17:00:00,5
4387,golf-camp-de-mar_2025,3579,3547,1.2368832,4.0,2026-05-07 18:00:00,5
4388,golf-camp-de-mar_2025,3580,3547,0.9964427,1.0,2026-05-07 19:00:00,5
4389,golf-camp-de-mar_2025,3581,3547,0.9884179,1.0,2026-05-07 20:00:00,5
4390,golf-camp-de-mar_2025,3582,3547,2.3851461,5.0,2026-05-08 08:00:00,5
4391,golf-camp-de-mar_2025,3583,3547,2.5861988,10.0,2026-05-08 09:00:00,5
4392,golf-camp-de-mar_2025,3584,3583,4.076784,2.0,2026-05-08 10:00:00,5
4393,golf-camp-de-mar_2025,3585,3583,3.700043,5.0,2026-05-08 11:00:00,5
4394,golf-camp-de-mar_2025,3586,3583,3.7330823,3.0,2026-05-08 12:00:00,5
4395,golf-camp-de-mar_2025,3587,3583,3.1771443,1.0,2026-05-08 13:00:00,5
4396,golf-camp-de-mar_2025,3588,3583,2.489084,5.0,2026-05-08 14:00:00,5
4397,golf-camp-de-mar_2025,3589,3583,1.8344413,3.0,2026-05-08 15:00:00,5
4398,golf-camp-de-mar_2025,3590,3583,1.5877833,2.0,2026-05-08 16:00:00,5
4399,golf-camp-de-mar_2025,3591,3583,1.4126191,2.0,2026-05-08 17:00:00,5
4400,golf-camp-de-mar_2025,3592,3583,1.1376675,1.0,2026-05-08 18:00:00,5
4401,golf-camp-de-mar_2025,3593,3583,1.1634786,2.0,2026-05-08 19:00:00,5
4402,golf-camp-de-mar_2025,3594,3583,1.0899421,1.0,2026-05-08 20:00:00,5
4403,golf-camp-de-mar_2025,3595,3583,4.4238214,5.0,2026-05-09 08:00:00,5
4404,golf-camp-de-mar_2025,3596,3583,6.794076,7.0,2026-05-09 09:00:00,5
4405,golf-camp-de-mar_2025,3597,3583,4.628784,5.0,2026-05-09 10:00:00,5
4406,golf-camp-de-mar_2025,3598,3583,3.7054522,2.0,2026-05-09 11:00:00,5
4407,golf-camp-de-mar_2025,3599,3583,3.2984033,2.0,2026-05-09 12:00:00,5
4408,golf-camp-de-mar_2025,3600,3583,2.7556157,6.0,2026-05-09 13:00:00,5
4409,golf-camp-de-mar_2025,3601,3583,2.2918856,1.0,2026-05-09 14:00:00,5
4410,golf-camp-de-mar_2025,3602,3583,1.7974067,2.0,2026-05-09 15:00:00,5
4411,golf-camp-de-mar_2025,3603,3583,1.5489116,1.0,2026-05-09 16:00:00,5
4412,golf-camp-de-mar_2025,3604,3583,1.4422567,2.0,2026-05-09 17:00:00,5
4413,golf-camp-de-mar_2025,3605,3583,1.3027343,1.0,2026-05-09 18:00:00,5
4414,golf-camp-de-mar_2025,3606,3583,1.1290102,3.0,2026-05-09 19:00:00,5
4415,golf-camp-de-mar_2025,3607,3583,1.006532,1.0,2026-05-09 20:00:00,5
4416,golf-camp-de-mar_2025,3608,3583,5.0077395,2.0,2026-05-10 08:00:00,5
4417,golf-camp-de-mar_2025,3609,3583,6.533781,6.0,2026-05-10 09:00:00,5
4418,golf-camp-de-mar_2025,3610,3583,5.301289,14.0,2026-05-10 10:00:00,5
4419,golf-camp-de-mar_2025,3611,3583,6.945191,5.0,2026-05-10 11:00:00,5
4420,golf-camp-de-mar_2025,3612,3583,6.1042466,5.0,2026-05-10 12:00:00,5
4421,golf-camp-de-mar_2025,3613,3583,5.1479783,3.0,2026-05-10 13:00:00,5
4422,golf-camp-de-mar_2025,3614,3583,3.3267875,6.0,2026-05-10 14:00:00,5
4423,golf-camp-de-mar_2025,3615,3583,1.9530733,1.0,2026-05-10 15:00:00,5
4424,golf-camp-de-mar_2025,3616,3583,1.6206205,2.0,2026-05-10 16:00:00,5
4425,golf-camp-de-mar_2025,3617,3583,1.450273,1.0,2026-05-10 17:00:00,5
4426,golf-camp-de-mar_2025,3618,3583,1.2956928,1.0,2026-05-10 18:00:00,5
4427,golf-camp-de-mar_2025,3619,3583,1.1896865,5.0,2026-05-10 19:00:00,5
4428,golf-camp-de-mar_2025,3620,3619,1.0922505,1.0,2026-05-10 20:00:00,5
4429,golf-camp-de-mar_2025,3621,3619,4.4512043,5.0,2026-05-11 08:00:00,5
4430,golf-camp-de-mar_2025,3622,3619,5.8317,13.0,2026-05-11 09:00:00,5
4431,golf-camp-de-mar_2025,3623,3619,5.4667735,25.0,2026-05-11 10:00:00,5
4432,golf-camp-de-mar_2025,3624,3619,4.4253807,7.0,2026-05-11 11:00:00,5
4433,golf-camp-de-mar_2025,3625,3619,4.0160394,6.0,2026-05-11 12:00:00,5
4434,golf-camp-de-mar_2025,3626,3619,3.6653166,1.0,2026-05-11 13:00:00,5
4435,golf-camp-de-mar_2025,3627,3619,3.2117314,1.0,2026-05-11 14:00:00,5
4436,golf-camp-de-mar_2025,3628,3619,2.2083178,1.0,2026-05-11 15:00:00,5
4437,golf-camp-de-mar_2025,3629,3619,1.5491831,1.0,2026-05-11 16:00:00,5
4438,golf-camp-de-mar_2025,3630,3619,1.1363018,1.0,2026-05-11 17:00:00,5
4439,golf-camp-de-mar_2025,3631,3619,1.0753417,2.0,2026-05-11 18:00:00,5
4440,golf-camp-de-mar_2025,3632,3619,1.7455418,1.0,2026-05-11 19:00:00,5
4441,golf-camp-de-mar_2025,3633,3619,0.9771929,3.0,2026-05-11 20:00:00,5
4442,golf-camp-de-mar_2025,3634,3619,5.189617,17.0,2026-05-12 09:00:00,5
4443,golf-camp-de-mar_2025,3635,3619,6.948555,1.0,2026-05-12 10:00:00,5
4444,golf-camp-de-mar_2025,3636,3619,5.83061,6.0,2026-05-12 11:00:00,5
4445,golf-camp-de-mar_2025,3637,3619,4.281024,2.0,2026-05-12 12:00:00,5
4446,golf-camp-de-mar_2025,3638,3619,3.5485485,8.0,2026-05-12 13:00:00,5
4447,golf-camp-de-mar_2025,3639,3619,3.0601037,4.0,2026-05-12 14:00:00,5
4448,golf-camp-de-mar_2025,3640,3619,2.3056288,1.0,2026-05-12 15:00:00,5
4449,golf-camp-de-mar_2025,3641,3619,1.5769587,5.0,2026-05-12 16:00:00,5
4450,golf-camp-de-mar_2025,3642,3619,1.1493521,1.0,2026-05-12 17:00:00,5
4451,golf-camp-de-mar_2025,3643,3619,1.0914176,1.0,2026-05-12 18:00:00,5
4452,golf-camp-de-mar_2025,3644,3619,1.7362452,1.0,2026-05-12 19:00:00,5
4453,golf-camp-de-mar_2025,3645,3619,0.9750785,1.0,2026-05-12 20:00:00,5
4454,golf-camp-de-mar_2025,3646,3619,4.6118054,17.0,2026-05-13 08:00:00,5
4455,golf-camp-de-mar_2025,3647,3619,6.5254235,42.0,2026-05-13 09:00:00,5
4456,golf-camp-de-mar_2025,3648,3619,6.6746116,32.0,2026-05-13 10:00:00,5
4457,golf-camp-de-mar_2025,3649,3619,5.3367853,7.0,2026-05-13 11:00:00,5
4458,golf-camp-de-mar_2025,3650,3619,4.270213,6.0,2026-05-13 12:00:00,5
4459,golf-camp-de-mar_2025,3651,3619,3.812557,5.0,2026-05-13 13:00:00,5
4460,golf-camp-de-mar_2025,3652,3619,3.346912,1.0,2026-05-13 14:00:00,5
4461,golf-camp-de-mar_2025,3653,3619,2.3352318,1.0,2026-05-13 15:00:00,5
4462,golf-camp-de-mar_2025,3654,3619,1.6323334,1.0,2026-05-13 16:00:00,5
4463,golf-camp-de-mar_2025,3655,3619,1.185583,3.0,2026-05-13 17:00:00,5
4464,golf-camp-de-mar_2025,3656,3655,1.5728923,1.0,2026-05-13 18:00:00,5
4465,golf-camp-de-mar_2025,3657,3655,1.4129001,4.0,2026-05-13 19:00:00,5
4466,golf-camp-de-mar_2025,3658,3655,1.1209389,1.0,2026-05-13 20:00:00,5
4467,golf-camp-de-mar_2025,3659,3655,17.96199,20.0,2026-05-14 08:00:00,5
4468,golf-camp-de-mar_2025,3660,3655,23.536568,27.0,2026-05-14 09:00:00,5
4469,golf-camp-de-mar_2025,3661,3655,18.601961,25.0,2026-05-14 10:00:00,5
4470,golf-camp-de-mar_2025,3662,3655,6.6756067,5.0,2026-05-14 11:00:00,5
4471,golf-camp-de-mar_2025,3663,3655,3.084892,4.0,2026-05-14 13:00:00,5
4472,golf-camp-de-mar_2025,3664,3655,2.0436153,1.0,2026-05-14 14:00:00,5
4473,golf-camp-de-mar_2025,3665,3655,1.430623,1.0,2026-05-14 15:00:00,5
4474,golf-camp-de-mar_2025,3666,3655,1.5950935,1.0,2026-05-14 17:00:00,5
4475,golf-camp-de-mar_2025,3667,3655,1.2614706,1.0,2026-05-14 18:00:00,5
4476,golf-camp-de-mar_2025,3668,3655,1.1986856,3.0,2026-05-14 19:00:00,5
4477,golf-camp-de-mar_2025,3669,3655,1.2224362,2.0,2026-05-14 20:00:00,5
4478,golf-camp-de-mar_2025,3670,3655,14.455826,2.0,2026-05-15 09:00:00,5
4479,golf-camp-de-mar_2025,3671,3655,15.002863,2.0,2026-05-15 10:00:00,5
4480,golf-camp-de-mar_2025,3672,3655,8.365408,7.0,2026-05-15 12:00:00,5
4481,golf-camp-de-mar_2025,3673,3655,3.7439277,2.0,2026-05-15 14:00:00,5
4482,golf-camp-de-mar_2025,3674,3655,1.774025,3.0,2026-05-15 17:00:00,5
4483,golf-camp-de-mar_2025,3675,3655,7.3867025,31.0,2026-05-16 08:00:00,5
4484,golf-camp-de-mar_2025,3676,3655,8.2710285,33.0,2026-05-16 10:00:00,5
4485,golf-camp-de-mar_2025,3677,3655,1.1844897,2.0,2026-05-16 16:00:00,5
4486,golf-camp-de-mar_2025,3678,3655,1.1144959,3.0,2026-05-16 18:00:00,5
4487,golf-camp-de-mar_2025,3679,3655,0.99956656,2.0,2026-05-16 19:00:00,5
4488,golf-camp-de-mar_2025,3680,3655,1.0341814,2.0,2026-05-16 20:00:00,5
4489,golf-camp-de-mar_2025,3681,3655,22.049797,18.0,2026-05-17 09:00:00,5
4490,golf-camp-de-mar_2025,3682,3655,22.358326,3.0,2026-05-17 11:00:00,5
4491,golf-camp-de-mar_2025,3683,3655,6.4977183,2.0,2026-05-17 12:00:00,5
4492,golf-camp-de-mar_2025,3684,3655,1.7508335,2.0,2026-05-17 19:00:00,5
4493,golf-camp-de-mar_2025,3685,3655,20.783493,35.0,2026-05-18 09:00:00,5
4494,golf-camp-de-mar_2025,3686,3655,10.069946,18.0,2026-05-18 10:00:00,5
4495,golf-camp-de-mar_2025,3687,3655,5.148464,4.0,2026-05-18 11:00:00,5
4496,golf-camp-de-mar_2025,3688,3655,4.1473827,4.0,2026-05-18 12:00:00,5
4497,golf-camp-de-mar_2025,3689,3655,2.2246718,1.0,2026-05-18 14:00:00,5
4498,golf-camp-de-mar_2025,3690,3655,1.7041137,1.0,2026-05-18 15:00:00,5
4499,golf-camp-de-mar_2025,3691,3655,1.8041568,1.0,2026-05-18 17:00:00,5
4500,muro-sector-i_2025,1521,1520,0.0,1.0,2026-05-02 20:00:00,5
4501,muro-sector-i_2025,1522,1520,12.420492,4.0,2026-05-03 08:00:00,5
4502,muro-sector-i_2025,1523,1520,25.08191,2.0,2026-05-03 09:00:00,5
4503,muro-sector-i_2025,1524,1520,25.559696,3.0,2026-05-03 10:00:00,5
4504,muro-sector-i_2025,1525,1520,14.367106,2.0,2026-05-03 11:00:00,5
4505,muro-sector-i_2025,1526,1520,10.353969,5.0,2026-05-03 12:00:00,5
4506,muro-sector-i_2025,1527,1520,8.000141,7.0,2026-05-03 13:00:00,5
4507,muro-sector-i_2025,1528,1520,6.1874256,2.0,2026-05-03 14:00:00,5
4508,muro-sector-i_2025,1529,1520,5.577274,4.0,2026-05-03 15:00:00,5
4509,muro-sector-i_2025,1530,1520,6.18435,54.0,2026-05-03 16:00:00,5
4510,muro-sector-i_2025,1531,1520,8.309268,16.0,2026-05-03 17:00:00,5
4511,muro-sector-i_2025,1532,1520,5.158252,18.0,2026-05-03 18:00:00,5
4512,muro-sector-i_2025,1533,1520,1.5885813,3.0,2026-05-03 19:00:00,5
4513,muro-sector-i_2025,1534,1520,0.9549271,1.0,2026-05-03 20:00:00,5
4514,muro-sector-i_2025,1535,1520,19.355944,51.0,2026-05-04 08:00:00,5
4515,muro-sector-i_2025,1536,1520,31.572592,85.0,2026-05-04 09:00:00,5
4516,muro-sector-i_2025,1537,1520,24.276754,4.0,2026-05-04 10:00:00,5
4517,muro-sector-i_2025,1538,1520,15.583269,2.0,2026-05-04 11:00:00,5
4518,muro-sector-i_2025,1539,1520,10.647574,3.0,2026-05-04 12:00:00,5
4519,muro-sector-i_2025,1540,1520,7.590234,2.0,2026-05-04 13:00:00,5
4520,muro-sector-i_2025,1541,1520,6.2645364,5.0,2026-05-04 14:00:00,5
4521,muro-sector-i_2025,1542,1520,6.0443816,2.0,2026-05-04 15:00:00,5
4522,muro-sector-i_2025,1543,1520,5.413583,42.0,2026-05-04 16:00:00,5
4523,muro-sector-i_2025,1544,1520,7.145232,34.0,2026-05-04 17:00:00,5
4524,muro-sector-i_2025,1545,1520,4.2252903,15.0,2026-05-04 18:00:00,5
4525,muro-sector-i_2025,1546,1520,1.0526469,3.0,2026-05-04 19:00:00,5
4526,muro-sector-i_2025,1547,1520,0.29016143,1.0,2026-05-04 20:00:00,5
4527,muro-sector-i_2025,1548,1520,24.511806,235.0,2026-05-05 08:00:00,5
4528,muro-sector-i_2025,1549,1520,46.0673,80.0,2026-05-05 09:00:00,5
4529,muro-sector-i_2025,1550,1520,53.46317,5.0,2026-05-05 10:00:00,5
4530,muro-sector-i_2025,1551,1520,39.082924,8.0,2026-05-05 11:00:00,5
4531,muro-sector-i_2025,1552,1520,12.481563,12.0,2026-05-05 12:00:00,5
4532,muro-sector-i_2025,1553,1520,7.092086,11.0,2026-05-05 13:00:00,5
4533,muro-sector-i_2025,1554,1520,5.7683287,66.0,2026-05-05 14:00:00,5
4534,muro-sector-i_2025,1555,1520,5.1186914,20.0,2026-05-05 15:00:00,5
4535,muro-sector-i_2025,1556,1520,4.898386,10.0,2026-05-05 16:00:00,5
4536,muro-sector-i_2025,1557,1556,7.5835466,24.0,2026-05-05 17:00:00,5
4537,muro-sector-i_2025,1558,1556,2.8534832,60.0,2026-05-05 18:00:00,5
4538,muro-sector-i_2025,1559,1556,0.9976237,3.0,2026-05-05 19:00:00,5
4539,muro-sector-i_2025,1560,1556,0.33967888,1.0,2026-05-05 20:00:00,5
4540,muro-sector-i_2025,1561,1556,29.763428,226.0,2026-05-06 08:00:00,5
4541,muro-sector-i_2025,1562,1556,23.137188,45.0,2026-05-06 09:00:00,5
4542,muro-sector-i_2025,1563,1556,20.786888,11.0,2026-05-06 10:00:00,5
4543,muro-sector-i_2025,1564,1556,8.549995,7.0,2026-05-06 11:00:00,5
4544,muro-sector-i_2025,1565,1556,7.5958467,8.0,2026-05-06 12:00:00,5
4545,muro-sector-i_2025,1566,1556,9.055852,11.0,2026-05-06 13:00:00,5
4546,muro-sector-i_2025,1567,1556,9.029097,4.0,2026-05-06 14:00:00,5
4547,muro-sector-i_2025,1568,1556,10.026193,4.0,2026-05-06 15:00:00,5
4548,muro-sector-i_2025,1569,1556,8.9767685,16.0,2026-05-06 16:00:00,5
4549,muro-sector-i_2025,1570,1556,9.300003,76.0,2026-05-06 17:00:00,5
4550,muro-sector-i_2025,1571,1556,3.5524023,47.0,2026-05-06 18:00:00,5
4551,muro-sector-i_2025,1572,1556,1.21215,3.0,2026-05-06 19:00:00,5
4552,muro-sector-i_2025,1573,1556,0.8171711,1.0,2026-05-06 20:00:00,5
4553,muro-sector-i_2025,1574,1556,64.74057,5.0,2026-05-07 08:00:00,5
4554,muro-sector-i_2025,1575,1556,68.630394,268.0,2026-05-07 09:00:00,5
4555,muro-sector-i_2025,1576,1556,24.689598,200.0,2026-05-07 10:00:00,5
4556,muro-sector-i_2025,1577,1556,9.945209,2.0,2026-05-07 11:00:00,5
4557,muro-sector-i_2025,1578,1556,10.086249,2.0,2026-05-07 14:00:00,5
4558,muro-sector-i_2025,1579,1556,9.756287,4.0,2026-05-07 15:00:00,5
4559,muro-sector-i_2025,1580,1556,8.611225,3.0,2026-05-07 16:00:00,5
4560,muro-sector-i_2025,1581,1556,8.398638,9.0,2026-05-07 17:00:00,5
4561,muro-sector-i_2025,1582,1556,3.5693066,3.0,2026-05-07 18:00:00,5
4562,muro-sector-i_2025,1583,1556,0.480083,3.0,2026-05-07 19:00:00,5
4563,muro-sector-i_2025,1584,1556,0.29670495,1.0,2026-05-07 20:00:00,5
4564,muro-sector-i_2025,1585,1556,25.414349,27.0,2026-05-08 08:00:00,5
4565,muro-sector-i_2025,1586,1556,18.039923,28.0,2026-05-08 09:00:00,5
4566,muro-sector-i_2025,1587,1556,9.805129,2.0,2026-05-08 10:00:00,5
4567,muro-sector-i_2025,1588,1556,4.8828773,3.0,2026-05-08 11:00:00,5
4568,muro-sector-i_2025,1589,1556,4.385329,10.0,2026-05-08 12:00:00,5
4569,muro-sector-i_2025,1590,1556,5.6230392,4.0,2026-05-08 13:00:00,5
4570,muro-sector-i_2025,1591,1556,6.113323,15.0,2026-05-08 14:00:00,5
4571,muro-sector-i_2025,1592,1556,7.541198,6.0,2026-05-08 15:00:00,5
4572,muro-sector-i_2025,1593,1592,7.684458,8.0,2026-05-08 16:00:00,5
4573,muro-sector-i_2025,1594,1592,9.825474,14.0,2026-05-08 17:00:00,5
4574,muro-sector-i_2025,1595,1592,3.7756753,4.0,2026-05-08 18:00:00,5
4575,muro-sector-i_2025,1596,1592,2.205123,10.0,2026-05-08 19:00:00,5
4576,muro-sector-i_2025,1597,1592,1.522115,1.0,2026-05-08 20:00:00,5
4577,muro-sector-i_2025,1598,1592,28.371487,18.0,2026-05-09 08:00:00,5
4578,muro-sector-i_2025,1599,1592,21.43783,33.0,2026-05-09 09:00:00,5
4579,muro-sector-i_2025,1600,1592,11.610662,30.0,2026-05-09 10:00:00,5
4580,muro-sector-i_2025,1601,1592,8.719747,2.0,2026-05-09 11:00:00,5
4581,muro-sector-i_2025,1602,1592,8.329309,2.0,2026-05-09 12:00:00,5
4582,muro-sector-i_2025,1603,1592,8.29278,5.0,2026-05-09 13:00:00,5
4583,muro-sector-i_2025,1604,1592,8.049715,2.0,2026-05-09 14:00:00,5
4584,muro-sector-i_2025,1605,1592,8.662936,2.0,2026-05-09 15:00:00,5
4585,muro-sector-i_2025,1606,1592,10.392284,6.0,2026-05-09 16:00:00,5
4586,muro-sector-i_2025,1607,1592,11.571002,17.0,2026-05-09 17:00:00,5
4587,muro-sector-i_2025,1608,1592,4.036489,3.0,2026-05-09 18:00:00,5
4588,muro-sector-i_2025,1609,1592,1.4217665,3.0,2026-05-09 19:00:00,5
4589,muro-sector-i_2025,1610,1592,0.81339127,1.0,2026-05-09 20:00:00,5
4590,muro-sector-i_2025,1611,1592,14.084317,33.0,2026-05-10 08:00:00,5
4591,muro-sector-i_2025,1612,1592,17.6751,86.0,2026-05-10 09:00:00,5
4592,muro-sector-i_2025,1613,1592,11.898696,107.0,2026-05-10 10:00:00,5
4593,muro-sector-i_2025,1614,1592,12.309535,14.0,2026-05-10 11:00:00,5
4594,muro-sector-i_2025,1615,1592,9.121395,143.0,2026-05-10 12:00:00,5
4595,muro-sector-i_2025,1616,1592,9.713105,101.0,2026-05-10 13:00:00,5
4596,muro-sector-i_2025,1617,1592,10.636115,7.0,2026-05-10 14:00:00,5
4597,muro-sector-i_2025,1618,1592,12.113296,10.0,2026-05-10 15:00:00,5
4598,muro-sector-i_2025,1619,1592,13.05983,46.0,2026-05-10 16:00:00,5
4599,muro-sector-i_2025,1620,1592,19.654823,30.0,2026-05-10 17:00:00,5
4600,muro-sector-i_2025,1621,1592,10.711419,32.0,2026-05-10 18:00:00,5
4601,muro-sector-i_2025,1622,1592,2.8121395,6.0,2026-05-10 19:00:00,5
4602,muro-sector-i_2025,1623,1592,1.3345593,1.0,2026-05-10 20:00:00,5
4603,muro-sector-i_2025,1624,1592,69.27778,46.0,2026-05-11 08:00:00,5
4604,muro-sector-i_2025,1625,1592,49.675987,86.0,2026-05-11 09:00:00,5
4605,muro-sector-i_2025,1626,1592,27.371601,117.0,2026-05-11 10:00:00,5
4606,muro-sector-i_2025,1627,1592,6.043905,4.0,2026-05-11 11:00:00,5
4607,muro-sector-i_2025,1628,1592,5.02362,115.0,2026-05-11 12:00:00,5
4608,muro-sector-i_2025,1629,1628,43.7275,145.0,2026-05-11 13:00:00,5
4609,muro-sector-i_2025,1630,1628,21.065794,43.0,2026-05-11 14:00:00,5
4610,muro-sector-i_2025,1631,1628,14.551896,5.0,2026-05-11 15:00:00,5
4611,muro-sector-i_2025,1632,1628,19.427658,30.0,2026-05-11 16:00:00,5
4612,muro-sector-i_2025,1633,1628,19.533821,33.0,2026-05-11 17:00:00,5
4613,muro-sector-i_2025,1634,1628,11.662602,19.0,2026-05-11 18:00:00,5
4614,muro-sector-i_2025,1635,1628,2.8449404,2.0,2026-05-11 19:00:00,5
4615,muro-sector-i_2025,1636,1628,1.0199271,1.0,2026-05-11 20:00:00,5
4616,muro-sector-i_2025,1637,1628,34.64423,12.0,2026-05-12 08:00:00,5
4617,muro-sector-i_2025,1638,1628,67.917274,209.0,2026-05-12 10:00:00,5
4618,muro-sector-i_2025,1639,1628,63.56377,18.0,2026-05-12 11:00:00,5
4619,muro-sector-i_2025,1640,1628,57.347622,44.0,2026-05-12 12:00:00,5
4620,muro-sector-i_2025,1641,1628,23.54002,17.0,2026-05-12 13:00:00,5
4621,muro-sector-i_2025,1642,1628,15.495665,15.0,2026-05-12 14:00:00,5
4622,muro-sector-i_2025,1643,1628,10.601485,7.0,2026-05-12 15:00:00,5
4623,muro-sector-i_2025,1644,1628,11.196655,37.0,2026-05-12 16:00:00,5
4624,muro-sector-i_2025,1645,1628,15.057055,6.0,2026-05-12 17:00:00,5
4625,muro-sector-i_2025,1646,1628,8.223443,34.0,2026-05-12 18:00:00,5
4626,muro-sector-i_2025,1647,1628,2.4370744,3.0,2026-05-12 19:00:00,5
4627,muro-sector-i_2025,1648,1628,0.9176255,1.0,2026-05-12 20:00:00,5
4628,muro-sector-i_2025,1649,1628,36.65642,30.0,2026-05-13 08:00:00,5
4629,muro-sector-i_2025,1650,1628,61.850075,67.0,2026-05-13 09:00:00,5
4630,muro-sector-i_2025,1651,1628,64.68768,189.0,2026-05-13 10:00:00,5
4631,muro-sector-i_2025,1652,1628,46.279694,25.0,2026-05-13 11:00:00,5
4632,muro-sector-i_2025,1653,1628,41.94052,9.0,2026-05-13 12:00:00,5
4633,muro-sector-i_2025,1654,1628,38.558647,18.0,2026-05-13 13:00:00,5
4634,muro-sector-i_2025,1655,1628,13.750604,54.0,2026-05-13 15:00:00,5
4635,muro-sector-i_2025,1656,1628,14.684207,3.0,2026-05-13 16:00:00,5
4636,muro-sector-i_2025,1657,1628,18.091223,6.0,2026-05-13 17:00:00,5
4637,muro-sector-i_2025,1658,1628,11.448438,68.0,2026-05-13 18:00:00,5
4638,muro-sector-i_2025,1659,1628,2.599146,2.0,2026-05-13 19:00:00,5
4639,muro-sector-i_2025,1660,1628,0.9126636,1.0,2026-05-13 20:00:00,5
4640,muro-sector-i_2025,1661,1628,37.71675,148.0,2026-05-14 08:00:00,5
4641,muro-sector-i_2025,1662,1628,69.69846,230.0,2026-05-14 09:00:00,5
4642,muro-sector-i_2025,1663,1628,66.0692,199.0,2026-05-14 10:00:00,5
4643,muro-sector-i_2025,1664,1628,52.507183,9.0,2026-05-14 11:00:00,5
4644,muro-sector-i_2025,1665,1664,25.5372,17.0,2026-05-14 12:00:00,5
4645,muro-sector-i_2025,1666,1664,22.186056,110.0,2026-05-14 13:00:00,5
4646,muro-sector-i_2025,1667,1664,21.300255,161.0,2026-05-14 14:00:00,5
4647,muro-sector-i_2025,1668,1664,17.53532,5.0,2026-05-14 15:00:00,5
4648,muro-sector-i_2025,1669,1664,14.365112,74.0,2026-05-14 16:00:00,5
4649,muro-sector-i_2025,1670,1664,17.74401,47.0,2026-05-14 17:00:00,5
4650,muro-sector-i_2025,1671,1664,10.281655,75.0,2026-05-14 18:00:00,5
4651,muro-sector-i_2025,1672,1664,2.1644955,9.0,2026-05-14 19:00:00,5
4652,muro-sector-i_2025,1673,1664,32.70707,57.0,2026-05-15 08:00:00,5
4653,muro-sector-i_2025,1674,1664,67.89682,29.0,2026-05-15 10:00:00,5
4654,muro-sector-i_2025,1675,1664,11.269242,2.0,2026-05-15 15:00:00,5
4655,muro-sector-i_2025,1676,1664,10.05173,2.0,2026-05-15 16:00:00,5
4656,muro-sector-i_2025,1677,1664,8.569271,34.0,2026-05-15 17:00:00,5
4657,muro-sector-i_2025,1678,1664,2.559105,8.0,2026-05-15 18:00:00,5
4658,muro-sector-i_2025,1679,1664,1.0106704,2.0,2026-05-15 19:00:00,5
4659,muro-sector-i_2025,1680,1664,34.920147,19.0,2026-05-16 08:00:00,5
4660,muro-sector-i_2025,1681,1664,86.2731,57.0,2026-05-16 11:00:00,5
4661,muro-sector-i_2025,1682,1664,44.327747,3.0,2026-05-16 12:00:00,5
4662,muro-sector-i_2025,1683,1664,21.576704,27.0,2026-05-16 13:00:00,5
4663,muro-sector-i_2025,1684,1664,12.930721,57.0,2026-05-16 16:00:00,5
4664,muro-sector-i_2025,1685,1664,15.445224,10.0,2026-05-16 18:00:00,5
4665,muro-sector-i_2025,1686,1664,2.0509114,2.0,2026-05-16 19:00:00,5
4666,muro-sector-i_2025,1687,1664,1.127863,1.0,2026-05-16 20:00:00,5
4667,muro-sector-i_2025,1688,1664,83.04912,106.0,2026-05-17 09:00:00,5
4668,muro-sector-i_2025,1689,1664,141.28563,57.0,2026-05-17 10:00:00,5
4669,muro-sector-i_2025,1690,1664,76.16068,6.0,2026-05-17 11:00:00,5
4670,muro-sector-i_2025,1691,1664,25.712976,12.0,2026-05-17 13:00:00,5
4671,muro-sector-i_2025,1692,1664,23.098183,3.0,2026-05-17 15:00:00,5
4672,muro-sector-i_2025,1693,1664,18.95522,16.0,2026-05-17 16:00:00,5
4673,muro-sector-i_2025,1694,1664,10.343099,3.0,2026-05-17 19:00:00,5
4674,muro-sector-i_2025,1695,1664,70.57622,90.0,2026-05-18 08:00:00,5
4675,muro-sector-i_2025,1696,1664,110.21748,159.0,2026-05-18 09:00:00,5
4676,muro-sector-i_2025,1697,1664,97.76599,227.0,2026-05-18 10:00:00,5
4677,muro-sector-i_2025,1698,1664,25.238653,22.0,2026-05-18 12:00:00,5
4678,muro-sector-i_2025,1699,1664,17.620804,101.0,2026-05-18 15:00:00,5
4679,muro-sector-i_2025,1700,1664,15.7473545,4.0,2026-05-18 17:00:00,5
4680,platja-de-peguera_1_2025,2736,2735,12.248753,7.0,2025-11-19 09:00:00,11
4681,platja-de-peguera_1_2025,2737,2735,11.554924,16.0,2025-11-19 10:00:00,11
4682,platja-de-peguera_1_2025,2738,2735,11.9723215,36.0,2025-11-19 11:00:00,11
4683,platja-de-peguera_1_2025,2739,2735,11.602757,9.0,2025-11-19 12:00:00,11
4684,platja-de-peguera_1_2025,2740,2735,12.447576,5.0,2025-11-19 13:00:00,11
4685,platja-de-peguera_1_2025,2741,2735,17.013428,5.0,2025-11-19 14:00:00,11
4686,platja-de-peguera_1_2025,2742,2735,23.22237,16.0,2025-11-19 15:00:00,11
4687,platja-de-peguera_1_2025,2743,2735,20.809288,31.0,2025-11-19 16:00:00,11
4688,platja-de-peguera_1_2025,2744,2735,10.925007,8.0,2025-11-19 17:00:00,11
4689,platja-de-peguera_1_2025,2745,2735,4.1214685,3.0,2025-11-19 18:00:00,11
4690,platja-de-peguera_1_2025,2746,2735,4.487978,12.0,2025-11-19 19:00:00,11
4691,platja-de-peguera_1_2025,2747,2735,4.3630095,11.0,2025-11-19 20:00:00,11
4692,platja-de-peguera_1_2025,2748,2735,10.475143,6.0,2025-11-20 08:00:00,11
4693,platja-de-peguera_1_2025,2749,2735,10.190131,15.0,2025-11-20 09:00:00,11
4694,platja-de-peguera_1_2025,2750,2735,9.324881,31.0,2025-11-20 10:00:00,11
4695,platja-de-peguera_1_2025,2751,2735,10.09444,12.0,2025-11-20 11:00:00,11
4696,platja-de-peguera_1_2025,2752,2735,8.418769,9.0,2025-11-20 12:00:00,11
4697,platja-de-peguera_1_2025,2753,2735,8.603681,9.0,2025-11-20 13:00:00,11
4698,platja-de-peguera_1_2025,2754,2735,9.440205,18.0,2025-11-20 14:00:00,11
4699,platja-de-peguera_1_2025,2755,2735,11.821152,26.0,2025-11-20 15:00:00,11
4700,platja-de-peguera_1_2025,2756,2735,13.464205,29.0,2025-11-20 16:00:00,11
4701,platja-de-peguera_1_2025,2757,2735,7.0928097,7.0,2025-11-20 17:00:00,11
4702,platja-de-peguera_1_2025,2758,2735,3.9364462,3.0,2025-11-20 18:00:00,11
4703,platja-de-peguera_1_2025,2759,2735,4.2026796,8.0,2025-11-20 19:00:00,11
4704,platja-de-peguera_1_2025,2760,2735,4.210105,3.0,2025-11-20 20:00:00,11
4705,platja-de-peguera_1_2025,2761,2735,11.525878,11.0,2025-11-21 08:00:00,11
4706,platja-de-peguera_1_2025,2762,2735,13.30346,11.0,2025-11-21 09:00:00,11
4707,platja-de-peguera_1_2025,2763,2735,10.738853,8.0,2025-11-21 10:00:00,11
4708,platja-de-peguera_1_2025,2764,2735,9.570984,17.0,2025-11-21 11:00:00,11
4709,platja-de-peguera_1_2025,2765,2735,9.0765915,14.0,2025-11-21 12:00:00,11
4710,platja-de-peguera_1_2025,2766,2735,9.379728,12.0,2025-11-21 13:00:00,11
4711,platja-de-peguera_1_2025,2767,2735,11.933201,14.0,2025-11-21 14:00:00,11
4712,platja-de-peguera_1_2025,2768,2735,16.087343,12.0,2025-11-21 15:00:00,11
4713,platja-de-peguera_1_2025,2769,2735,16.778336,64.0,2025-11-21 16:00:00,11
4714,platja-de-peguera_1_2025,2770,2735,7.5716386,7.0,2025-11-21 17:00:00,11
4715,platja-de-peguera_1_2025,2771,2735,4.294739,9.0,2025-11-21 18:00:00,11
4716,platja-de-peguera_1_2025,2772,2771,6.771248,18.0,2025-11-21 19:00:00,11
4717,platja-de-peguera_1_2025,2773,2771,5.7214785,11.0,2025-11-21 20:00:00,11
4718,platja-de-peguera_1_2025,2774,2771,11.059001,15.0,2025-11-22 08:00:00,11
4719,platja-de-peguera_1_2025,2775,2771,15.291898,29.0,2025-11-22 09:00:00,11
4720,platja-de-peguera_1_2025,2776,2771,14.324355,33.0,2025-11-22 10:00:00,11
4721,platja-de-peguera_1_2025,2777,2771,15.052168,37.0,2025-11-22 11:00:00,11
4722,platja-de-peguera_1_2025,2778,2771,14.406447,31.0,2025-11-22 12:00:00,11
4723,platja-de-peguera_1_2025,2779,2771,12.862368,34.0,2025-11-22 13:00:00,11
4724,platja-de-peguera_1_2025,2780,2771,13.403253,43.0,2025-11-22 14:00:00,11
4725,platja-de-peguera_1_2025,2781,2771,17.946358,41.0,2025-11-22 15:00:00,11
4726,platja-de-peguera_1_2025,2782,2771,26.79392,72.0,2025-11-22 16:00:00,11
4727,platja-de-peguera_1_2025,2783,2771,13.920859,12.0,2025-11-22 17:00:00,11
4728,platja-de-peguera_1_2025,2784,2771,4.7417393,6.0,2025-11-22 18:00:00,11
4729,platja-de-peguera_1_2025,2785,2771,6.957099,17.0,2025-11-22 19:00:00,11
4730,platja-de-peguera_1_2025,2786,2771,5.4420652,16.0,2025-11-22 20:00:00,11
4731,platja-de-peguera_1_2025,2787,2771,15.656666,8.0,2025-11-23 08:00:00,11
4732,platja-de-peguera_1_2025,2788,2771,16.379639,17.0,2025-11-23 09:00:00,11
4733,platja-de-peguera_1_2025,2789,2771,20.513615,28.0,2025-11-23 10:00:00,11
4734,platja-de-peguera_1_2025,2790,2771,22.411459,37.0,2025-11-23 11:00:00,11
4735,platja-de-peguera_1_2025,2791,2771,20.04476,23.0,2025-11-23 12:00:00,11
4736,platja-de-peguera_1_2025,2792,2771,16.531815,20.0,2025-11-23 13:00:00,11
4737,platja-de-peguera_1_2025,2793,2771,16.688656,18.0,2025-11-23 14:00:00,11
4738,platja-de-peguera_1_2025,2794,2771,19.937738,26.0,2025-11-23 15:00:00,11
4739,platja-de-peguera_1_2025,2795,2771,28.221554,40.0,2025-11-23 16:00:00,11
4740,platja-de-peguera_1_2025,2796,2771,14.284377,7.0,2025-11-23 17:00:00,11
4741,platja-de-peguera_1_2025,2797,2771,4.7468214,8.0,2025-11-23 18:00:00,11
4742,platja-de-peguera_1_2025,2798,2771,7.1416154,14.0,2025-11-23 19:00:00,11
4743,platja-de-peguera_1_2025,2799,2771,5.6218996,15.0,2025-11-23 20:00:00,11
4744,platja-de-peguera_1_2025,2800,2771,10.830072,15.0,2025-11-24 08:00:00,11
4745,platja-de-peguera_1_2025,2801,2771,12.749737,11.0,2025-11-24 09:00:00,11
4746,platja-de-peguera_1_2025,2802,2771,14.778804,18.0,2025-11-24 10:00:00,11
4747,platja-de-peguera_1_2025,2803,2771,15.019176,26.0,2025-11-24 11:00:00,11
4748,platja-de-peguera_1_2025,2804,2771,14.082381,19.0,2025-11-24 12:00:00,11
4749,platja-de-peguera_1_2025,2805,2771,13.254924,5.0,2025-11-24 13:00:00,11
4750,platja-de-peguera_1_2025,2806,2771,13.819447,6.0,2025-11-24 14:00:00,11
4751,platja-de-peguera_1_2025,2807,2771,15.769969,8.0,2025-11-24 15:00:00,11
4752,platja-de-peguera_1_2025,2808,2807,9.755064,11.0,2025-11-24 16:00:00,11
4753,platja-de-peguera_1_2025,2809,2807,6.3597374,14.0,2025-11-24 17:00:00,11
4754,platja-de-peguera_1_2025,2810,2807,6.847994,8.0,2025-11-24 18:00:00,11
4755,platja-de-peguera_1_2025,2811,2807,12.152138,7.0,2025-11-24 19:00:00,11
4756,platja-de-peguera_1_2025,2812,2807,12.910499,12.0,2025-11-24 20:00:00,11
4757,platja-de-peguera_1_2025,2813,2807,12.433379,11.0,2025-11-25 08:00:00,11
4758,platja-de-peguera_1_2025,2814,2807,13.344941,19.0,2025-11-25 09:00:00,11
4759,platja-de-peguera_1_2025,2815,2807,18.240408,29.0,2025-11-25 10:00:00,11
4760,platja-de-peguera_1_2025,2816,2807,17.781864,21.0,2025-11-25 11:00:00,11
4761,platja-de-peguera_1_2025,2817,2807,15.11458,30.0,2025-11-25 12:00:00,11
4762,platja-de-peguera_1_2025,2818,2807,13.8057375,19.0,2025-11-25 13:00:00,11
4763,platja-de-peguera_1_2025,2819,2807,12.126953,88.0,2025-11-25 14:00:00,11
4764,platja-de-peguera_1_2025,2820,2807,11.698894,88.0,2025-11-25 15:00:00,11
4765,platja-de-peguera_1_2025,2821,2807,12.265631,89.0,2025-11-25 16:00:00,11
4766,platja-de-peguera_1_2025,2822,2807,6.9508133,82.0,2025-11-25 17:00:00,11
4767,platja-de-peguera_1_2025,2823,2807,6.328125,93.0,2025-11-25 18:00:00,11
4768,platja-de-peguera_1_2025,2824,2807,11.803673,94.0,2025-11-25 19:00:00,11
4769,platja-de-peguera_1_2025,2825,2807,13.2498045,99.0,2025-11-25 20:00:00,11
4770,platja-de-peguera_1_2025,2826,2807,12.812855,77.0,2025-11-26 08:00:00,11
4771,platja-de-peguera_1_2025,2827,2807,15.326563,60.0,2025-11-26 09:00:00,11
4772,platja-de-peguera_1_2025,2828,2807,17.647839,61.0,2025-11-26 10:00:00,11
4773,platja-de-peguera_1_2025,2829,2807,15.852867,70.0,2025-11-26 11:00:00,11
4774,platja-de-peguera_1_2025,2830,2807,15.883169,73.0,2025-11-26 12:00:00,11
4775,platja-de-peguera_1_2025,2831,2807,14.168847,123.0,2025-11-26 13:00:00,11
4776,platja-de-peguera_1_2025,2832,2807,12.128445,135.0,2025-11-26 14:00:00,11
4777,platja-de-peguera_1_2025,2833,2807,11.691982,142.0,2025-11-26 15:00:00,11
4778,platja-de-peguera_1_2025,2834,2807,13.812272,204.0,2025-11-26 16:00:00,11
4779,platja-de-peguera_1_2025,2835,2807,7.140624,64.0,2025-11-26 17:00:00,11
4780,platja-de-peguera_1_2025,2836,2807,6.237886,91.0,2025-11-26 18:00:00,11
4781,platja-de-peguera_1_2025,2837,2807,11.613356,109.0,2025-11-26 19:00:00,11
4782,platja-de-peguera_1_2025,2838,2807,13.529445,113.0,2025-11-26 20:00:00,11
4783,platja-de-peguera_1_2025,2839,2807,13.739755,51.0,2025-11-27 08:00:00,11
4784,platja-de-peguera_1_2025,2840,2807,16.101707,66.0,2025-11-27 09:00:00,11
4785,platja-de-peguera_1_2025,2841,2807,19.435236,68.0,2025-11-27 10:00:00,11
4786,platja-de-peguera_1_2025,2842,2807,20.982246,70.0,2025-11-27 11:00:00,11
4787,platja-de-peguera_1_2025,2843,2807,14.283752,87.0,2025-11-30 13:00:00,11
4788,platja-de-peguera_1_2025,2844,2843,130.62123,99.0,2025-11-30 14:00:00,11
4789,platja-de-peguera_1_2025,2845,2843,148.2493,106.0,2025-11-30 15:00:00,11
4790,platja-de-peguera_1_2025,2846,2843,151.63939,123.0,2025-11-30 16:00:00,11
4791,platja-de-peguera_1_2025,2847,2843,86.31919,52.0,2025-11-30 17:00:00,11
4792,platja-de-peguera_1_2025,2848,2843,69.23417,103.0,2025-11-30 18:00:00,11
4793,platja-de-peguera_1_2025,2849,2843,76.89995,78.0,2025-11-30 19:00:00,11
4794,platja-de-peguera_1_2025,2850,2843,81.69055,90.0,2025-11-30 20:00:00,11
4795,platja-de-peguera_1_2025,2851,2843,59.68072,88.0,2025-12-01 08:00:00,12
4796,platja-de-peguera_1_2025,2852,2843,59.99156,95.0,2025-12-01 09:00:00,12
4797,platja-de-peguera_1_2025,2853,2843,54.96555,67.0,2025-12-01 10:00:00,12
4798,platja-de-peguera_1_2025,2854,2843,55.857277,61.0,2025-12-01 11:00:00,12
4799,platja-de-peguera_1_2025,2855,2843,68.23009,70.0,2025-12-01 12:00:00,12
4800,platja-de-peguera_1_2025,2856,2843,90.3535,88.0,2025-12-01 13:00:00,12
4801,platja-de-peguera_1_2025,2857,2843,115.48759,128.0,2025-12-01 14:00:00,12
4802,platja-de-peguera_1_2025,2858,2843,137.9652,138.0,2025-12-01 15:00:00,12
4803,platja-de-peguera_1_2025,2859,2843,150.29024,94.0,2025-12-01 16:00:00,12
4804,platja-de-peguera_1_2025,2860,2843,84.973015,49.0,2025-12-01 17:00:00,12
4805,platja-de-peguera_1_2025,2861,2843,68.90086,92.0,2025-12-01 18:00:00,12
4806,platja-de-peguera_1_2025,2862,2843,80.75363,94.0,2025-12-01 19:00:00,12
4807,platja-de-peguera_1_2025,2863,2843,82.10192,75.0,2025-12-01 20:00:00,12
4808,platja-de-peguera_1_2025,2864,2843,54.55764,60.0,2025-12-02 08:00:00,12
4809,platja-de-peguera_1_2025,2865,2843,49.263237,59.0,2025-12-02 09:00:00,12
4810,platja-de-peguera_1_2025,2866,2843,45.171776,74.0,2025-12-02 10:00:00,12
4811,platja-de-peguera_1_2025,2867,2843,46.04492,88.0,2025-12-02 11:00:00,12
4812,platja-de-peguera_1_2025,2868,2843,51.491177,67.0,2025-12-02 12:00:00,12
4813,platja-de-peguera_1_2025,2869,2843,61.15011,64.0,2025-12-02 13:00:00,12
4814,platja-de-peguera_1_2025,2870,2843,75.48139,79.0,2025-12-02 14:00:00,12
4815,platja-de-peguera_1_2025,2871,2843,90.21748,104.0,2025-12-02 15:00:00,12
4816,platja-de-peguera_1_2025,2872,2843,90.605125,105.0,2025-12-02 16:00:00,12
4817,platja-de-peguera_1_2025,2873,2843,65.90082,62.0,2025-12-02 17:00:00,12
4818,platja-de-peguera_1_2025,2874,2843,63.454052,33.0,2025-12-02 18:00:00,12
4819,platja-de-peguera_1_2025,2875,2843,75.04988,89.0,2025-12-02 19:00:00,12
4820,platja-de-peguera_1_2025,2876,2843,81.5455,97.0,2025-12-02 20:00:00,12
4821,platja-de-peguera_1_2025,2877,2843,52.452515,59.0,2025-12-03 08:00:00,12
4822,platja-de-peguera_1_2025,2878,2843,47.968704,48.0,2025-12-03 09:00:00,12
4823,platja-de-peguera_1_2025,2879,2843,51.627098,85.0,2025-12-03 10:00:00,12
4824,platja-de-peguera_1_2025,2880,2879,72.1448,84.0,2025-12-03 11:00:00,12
4825,platja-de-peguera_1_2025,2881,2879,78.15907,69.0,2025-12-03 12:00:00,12
4826,platja-de-peguera_1_2025,2882,2879,83.90828,56.0,2025-12-03 13:00:00,12
4827,platja-de-peguera_1_2025,2883,2879,99.08574,53.0,2025-12-03 14:00:00,12
4828,platja-de-peguera_1_2025,2884,2879,100.73394,65.0,2025-12-03 15:00:00,12
4829,platja-de-peguera_1_2025,2885,2879,98.9035,61.0,2025-12-03 16:00:00,12
4830,platja-de-peguera_1_2025,2886,2879,62.007004,50.0,2025-12-03 17:00:00,12
4831,platja-de-peguera_1_2025,2887,2879,67.89067,46.0,2025-12-03 18:00:00,12
4832,platja-de-peguera_1_2025,2888,2879,84.06363,75.0,2025-12-03 19:00:00,12
4833,platja-de-peguera_1_2025,2889,2879,86.65935,69.0,2025-12-03 20:00:00,12
4834,platja-de-peguera_1_2025,2890,2879,77.334694,62.0,2025-12-04 08:00:00,12
4835,platja-de-peguera_1_2025,2891,2879,79.73112,61.0,2025-12-04 09:00:00,12
4836,platja-de-peguera_1_2025,2892,2879,79.694725,56.0,2025-12-04 10:00:00,12
4837,platja-de-peguera_1_2025,2893,2879,83.16594,68.0,2025-12-04 11:00:00,12
4838,platja-de-peguera_1_2025,2894,2879,91.93326,49.0,2025-12-04 12:00:00,12
4839,platja-de-peguera_1_2025,2895,2879,98.46475,61.0,2025-12-04 13:00:00,12
4840,platja-de-peguera_1_2025,2896,2879,103.71742,57.0,2025-12-04 14:00:00,12
4841,platja-de-peguera_1_2025,2897,2879,108.25918,41.0,2025-12-04 15:00:00,12
4842,platja-de-peguera_1_2025,2898,2879,93.85485,51.0,2025-12-04 16:00:00,12
4843,platja-de-peguera_1_2025,2899,2879,61.970352,103.0,2025-12-04 17:00:00,12
4844,platja-de-peguera_1_2025,2900,2879,66.44827,57.0,2025-12-04 18:00:00,12
4845,platja-de-peguera_1_2025,2901,2879,82.29792,100.0,2025-12-04 19:00:00,12
4846,platja-de-peguera_1_2025,2902,2879,85.78098,79.0,2025-12-04 20:00:00,12
4847,platja-de-peguera_1_2025,2903,2879,64.430275,64.0,2025-12-05 08:00:00,12
4848,platja-de-peguera_1_2025,2904,2879,67.88357,86.0,2025-12-05 09:00:00,12
4849,platja-de-peguera_1_2025,2905,2879,69.94479,63.0,2025-12-05 10:00:00,12
4850,platja-de-peguera_1_2025,2906,2879,71.034355,60.0,2025-12-05 11:00:00,12
4851,platja-de-peguera_1_2025,2907,2879,72.44806,36.0,2025-12-05 12:00:00,12
4852,platja-de-peguera_1_2025,2908,2879,75.78049,105.0,2025-12-05 13:00:00,12
4853,platja-de-peguera_1_2025,2909,2879,85.051865,93.0,2025-12-05 14:00:00,12
4854,platja-de-peguera_1_2025,2910,2879,91.000885,103.0,2025-12-05 15:00:00,12
4855,platja-de-peguera_1_2025,2911,2879,88.65582,92.0,2025-12-05 16:00:00,12
4856,platja-de-peguera_1_2025,2912,2879,60.80341,52.0,2025-12-05 17:00:00,12
4857,platja-de-peguera_1_2025,2913,2879,68.16979,134.0,2025-12-05 18:00:00,12
4858,platja-de-peguera_1_2025,2914,2879,87.11073,109.0,2025-12-05 19:00:00,12
4859,platja-de-peguera_1_2025,2915,2879,87.86695,98.0,2025-12-05 20:00:00,12
4860,platja-marina_2025,3685,3684,1.6279597,5.0,2026-02-03 12:00:00,2
4861,platja-marina_2025,3686,3684,1.662733,5.0,2026-02-03 13:00:00,2
4862,platja-marina_2025,3687,3684,1.7000089,4.0,2026-02-03 14:00:00,2
4863,platja-marina_2025,3688,3684,1.5100352,4.0,2026-02-03 15:00:00,2
4864,platja-marina_2025,3689,3684,1.0641608,4.0,2026-02-03 16:00:00,2
4865,platja-marina_2025,3690,3684,0.8002668,1.0,2026-02-03 17:00:00,2
4866,platja-marina_2025,3691,3684,0.8830286,2.0,2026-02-03 18:00:00,2
4867,platja-marina_2025,3692,3684,1.0176528,1.0,2026-02-03 19:00:00,2
4868,platja-marina_2025,3693,3684,1.0473484,1.0,2026-02-03 20:00:00,2
4869,platja-marina_2025,3694,3684,1.1454244,1.0,2026-02-04 08:00:00,2
4870,platja-marina_2025,3695,3684,1.3501146,1.0,2026-02-04 09:00:00,2
4871,platja-marina_2025,3696,3684,1.3628107,1.0,2026-02-04 10:00:00,2
4872,platja-marina_2025,3697,3684,1.3403314,1.0,2026-02-04 11:00:00,2
4873,platja-marina_2025,3698,3684,1.3215771,1.0,2026-02-04 12:00:00,2
4874,platja-marina_2025,3699,3684,1.3803585,1.0,2026-02-04 13:00:00,2
4875,platja-marina_2025,3700,3684,1.4262358,2.0,2026-02-04 14:00:00,2
4876,platja-marina_2025,3701,3684,1.3903531,4.0,2026-02-04 15:00:00,2
4877,platja-marina_2025,3702,3684,1.00273,3.0,2026-02-04 16:00:00,2
4878,platja-marina_2025,3703,3684,0.7414982,0.0,2026-02-04 17:00:00,2
4879,platja-marina_2025,3704,3684,0.85207266,1.0,2026-02-04 18:00:00,2
4880,platja-marina_2025,3705,3684,1.0299975,1.0,2026-02-04 19:00:00,2
4881,platja-marina_2025,3706,3684,1.0617819,1.0,2026-02-04 20:00:00,2
4882,platja-marina_2025,3707,3684,1.3086461,1.0,2026-02-05 08:00:00,2
4883,platja-marina_2025,3708,3684,1.4456109,2.0,2026-02-05 09:00:00,2
4884,platja-marina_2025,3709,3684,1.4348211,1.0,2026-02-05 10:00:00,2
4885,platja-marina_2025,3710,3684,1.4542246,1.0,2026-02-05 11:00:00,2
4886,platja-marina_2025,3711,3684,1.4605538,1.0,2026-02-05 12:00:00,2
4887,platja-marina_2025,3712,3684,1.4679531,2.0,2026-02-05 13:00:00,2
4888,platja-marina_2025,3713,3684,1.4847246,2.0,2026-02-05 14:00:00,2
4889,platja-marina_2025,3714,3684,1.3770485,2.0,2026-02-05 15:00:00,2
4890,platja-marina_2025,3715,3684,0.96534944,1.0,2026-02-05 16:00:00,2
4891,platja-marina_2025,3716,3684,0.75382274,1.0,2026-02-05 17:00:00,2
4892,platja-marina_2025,3717,3684,0.86766297,1.0,2026-02-05 18:00:00,2
4893,platja-marina_2025,3718,3684,1.0661371,2.0,2026-02-05 19:00:00,2
4894,platja-marina_2025,3719,3684,1.111276,1.0,2026-02-05 20:00:00,2
4895,platja-marina_2025,3720,3684,1.4216427,2.0,2026-02-06 08:00:00,2
4896,platja-marina_2025,3721,3720,2.0803623,2.0,2026-02-06 09:00:00,2
4897,platja-marina_2025,3722,3720,2.2007015,4.0,2026-02-06 10:00:00,2
4898,platja-marina_2025,3723,3720,2.595138,3.0,2026-02-06 11:00:00,2
4899,platja-marina_2025,3724,3720,2.7880578,3.0,2026-02-06 12:00:00,2
4900,platja-marina_2025,3725,3720,2.7619762,6.0,2026-02-06 13:00:00,2
4901,platja-marina_2025,3726,3720,2.6645248,6.0,2026-02-06 14:00:00,2
4902,platja-marina_2025,3727,3720,2.3432884,4.0,2026-02-06 15:00:00,2
4903,platja-marina_2025,3728,3720,1.5687077,1.0,2026-02-06 16:00:00,2
4904,platja-marina_2025,3729,3720,1.0477298,4.0,2026-02-06 17:00:00,2
4905,platja-marina_2025,3730,3720,1.2320664,1.0,2026-02-06 18:00:00,2
4906,platja-marina_2025,3731,3720,1.0026511,1.0,2026-02-06 19:00:00,2
4907,platja-marina_2025,3732,3720,0.95273125,1.0,2026-02-06 20:00:00,2
4908,platja-marina_2025,3733,3720,1.8360392,1.0,2026-02-07 08:00:00,2
4909,platja-marina_2025,3734,3720,1.9037538,1.0,2026-02-07 09:00:00,2
4910,platja-marina_2025,3735,3720,1.9689028,1.0,2026-02-07 10:00:00,2
4911,platja-marina_2025,3736,3720,2.456977,3.0,2026-02-07 11:00:00,2
4912,platja-marina_2025,3737,3720,2.7092843,7.0,2026-02-07 12:00:00,2
4913,platja-marina_2025,3738,3720,2.8199255,5.0,2026-02-07 13:00:00,2
4914,platja-marina_2025,3739,3720,2.7411222,3.0,2026-02-07 14:00:00,2
4915,platja-marina_2025,3740,3720,2.4765663,2.0,2026-02-07 15:00:00,2
4916,platja-marina_2025,3741,3720,1.6837416,2.0,2026-02-07 16:00:00,2
4917,platja-marina_2025,3742,3720,1.0876181,1.0,2026-02-07 17:00:00,2
4918,platja-marina_2025,3743,3720,1.1905054,1.0,2026-02-07 18:00:00,2
4919,platja-marina_2025,3744,3720,0.9613123,1.0,2026-02-07 19:00:00,2
4920,platja-marina_2025,3745,3720,0.8797272,1.0,2026-02-07 20:00:00,2
4921,platja-marina_2025,3746,3720,1.7224427,2.0,2026-02-08 08:00:00,2
4922,platja-marina_2025,3747,3720,1.836724,4.0,2026-02-08 09:00:00,2
4923,platja-marina_2025,3748,3720,1.7807835,5.0,2026-02-08 10:00:00,2
4924,platja-marina_2025,3749,3720,2.1899905,3.0,2026-02-08 11:00:00,2
4925,platja-marina_2025,3750,3720,2.5024333,5.0,2026-02-08 12:00:00,2
4926,platja-marina_2025,3751,3720,2.7644424,5.0,2026-02-08 13:00:00,2
4927,platja-marina_2025,3752,3720,2.5490015,5.0,2026-02-08 14:00:00,2
4928,platja-marina_2025,3753,3720,2.2820714,4.0,2026-02-08 15:00:00,2
4929,platja-marina_2025,3754,3720,1.5925107,2.0,2026-02-08 16:00:00,2
4930,platja-marina_2025,3755,3720,1.1299332,2.0,2026-02-08 17:00:00,2
4931,platja-marina_2025,3756,3720,1.2212399,1.0,2026-02-08 18:00:00,2
4932,platja-marina_2025,3757,3756,1.0565993,1.0,2026-02-08 19:00:00,2
4933,platja-marina_2025,3758,3756,1.0312649,1.0,2026-02-08 20:00:00,2
4934,platja-marina_2025,3759,3756,1.4683263,3.0,2026-02-09 08:00:00,2
4935,platja-marina_2025,3760,3756,1.6985986,2.0,2026-02-09 09:00:00,2
4936,platja-marina_2025,3761,3756,2.0026445,3.0,2026-02-09 10:00:00,2
4937,platja-marina_2025,3762,3756,2.4329698,4.0,2026-02-09 11:00:00,2
4938,platja-marina_2025,3763,3756,2.860508,6.0,2026-02-09 12:00:00,2
4939,platja-marina_2025,3764,3756,2.9423227,5.0,2026-02-09 13:00:00,2
4940,platja-marina_2025,3765,3756,2.7162662,6.0,2026-02-09 14:00:00,2
4941,platja-marina_2025,3766,3756,2.1950185,5.0,2026-02-09 15:00:00,2
4942,platja-marina_2025,3767,3756,1.7041818,3.0,2026-02-09 16:00:00,2
4943,platja-marina_2025,3768,3756,1.3774643,3.0,2026-02-09 17:00:00,2
4944,platja-marina_2025,3769,3756,1.0421534,1.0,2026-02-09 18:00:00,2
4945,platja-marina_2025,3770,3756,1.0297195,1.0,2026-02-09 19:00:00,2
4946,platja-marina_2025,3771,3756,1.019343,1.0,2026-02-09 20:00:00,2
4947,platja-marina_2025,3772,3756,1.6396303,4.0,2026-02-10 08:00:00,2
4948,platja-marina_2025,3773,3756,1.9735117,3.0,2026-02-10 09:00:00,2
4949,platja-marina_2025,3774,3756,2.4345284,5.0,2026-02-10 10:00:00,2
4950,platja-marina_2025,3775,3756,2.8844523,5.0,2026-02-10 11:00:00,2
4951,platja-marina_2025,3776,3756,3.0124614,5.0,2026-02-10 12:00:00,2
4952,platja-marina_2025,3777,3756,2.925781,3.0,2026-02-10 13:00:00,2
4953,platja-marina_2025,3778,3756,2.5807142,3.0,2026-02-10 14:00:00,2
4954,platja-marina_2025,3779,3756,2.0354657,3.0,2026-02-10 15:00:00,2
4955,platja-marina_2025,3780,3756,1.5965383,5.0,2026-02-10 16:00:00,2
4956,platja-marina_2025,3781,3756,1.3120834,0.0,2026-02-10 17:00:00,2
4957,platja-marina_2025,3782,3756,1.0389758,1.0,2026-02-10 18:00:00,2
4958,platja-marina_2025,3783,3756,1.0251304,1.0,2026-02-10 19:00:00,2
4959,platja-marina_2025,3784,3756,0.9891949,1.0,2026-02-10 20:00:00,2
4960,platja-marina_2025,3785,3756,1.5911615,1.0,2026-02-11 08:00:00,2
4961,platja-marina_2025,3786,3756,1.8871307,3.0,2026-02-11 09:00:00,2
4962,platja-marina_2025,3787,3756,2.2389226,3.0,2026-02-11 10:00:00,2
4963,platja-marina_2025,3788,3756,2.5395896,1.0,2026-02-11 11:00:00,2
4964,platja-marina_2025,3789,3756,2.7494144,1.0,2026-02-11 12:00:00,2
4965,platja-marina_2025,3790,3756,2.7077987,6.0,2026-02-11 13:00:00,2
4966,platja-marina_2025,3791,3756,2.4685564,3.0,2026-02-11 14:00:00,2
4967,platja-marina_2025,3792,3756,1.9820387,4.0,2026-02-11 15:00:00,2
4968,platja-marina_2025,3793,3792,2.526614,1.0,2026-02-11 16:00:00,2
4969,platja-marina_2025,3794,3792,1.5296868,2.0,2026-02-11 17:00:00,2
4970,platja-marina_2025,3795,3792,0.9197369,1.0,2026-02-11 18:00:00,2
4971,platja-marina_2025,3796,3792,0.9849548,1.0,2026-02-11 19:00:00,2
4972,platja-marina_2025,3797,3792,0.9673138,1.0,2026-02-11 20:00:00,2
4973,platja-marina_2025,3798,3792,1.7409902,4.0,2026-02-12 08:00:00,2
4974,platja-marina_2025,3799,3792,2.6017797,3.0,2026-02-12 09:00:00,2
4975,platja-marina_2025,3800,3792,2.826005,2.0,2026-02-12 10:00:00,2
4976,platja-marina_2025,3801,3792,2.8704798,2.0,2026-02-12 11:00:00,2
4977,platja-marina_2025,3802,3792,2.9902694,1.0,2026-02-12 12:00:00,2
4978,platja-marina_2025,3803,3792,3.1197994,5.0,2026-02-12 13:00:00,2
4979,platja-marina_2025,3804,3792,3.1403348,4.0,2026-02-12 14:00:00,2
4980,platja-marina_2025,3805,3792,2.8945322,3.0,2026-02-12 15:00:00,2
4981,platja-marina_2025,3806,3792,2.2942698,1.0,2026-02-12 16:00:00,2
4982,platja-marina_2025,3807,3792,1.2869009,4.0,2026-02-12 17:00:00,2
4983,platja-marina_2025,3808,3792,0.8140691,1.0,2026-02-12 18:00:00,2
4984,platja-marina_2025,3809,3792,0.9237023,1.0,2026-02-12 19:00:00,2
4985,platja-marina_2025,3810,3792,0.9356179,1.0,2026-02-12 20:00:00,2
4986,platja-marina_2025,3811,3792,1.5826719,10.0,2026-02-13 08:00:00,2
4987,platja-marina_2025,3812,3792,2.3372066,3.0,2026-02-13 09:00:00,2
4988,platja-marina_2025,3813,3792,2.6452396,3.0,2026-02-13 10:00:00,2
4989,platja-marina_2025,3814,3792,2.701261,2.0,2026-02-13 11:00:00,2
4990,platja-marina_2025,3815,3792,2.829857,2.0,2026-02-13 12:00:00,2
4991,platja-marina_2025,3816,3792,2.9339068,1.0,2026-02-13 13:00:00,2
4992,platja-marina_2025,3817,3792,2.8002274,2.0,2026-02-13 14:00:00,2
4993,platja-marina_2025,3818,3792,2.6764333,1.0,2026-02-13 15:00:00,2
4994,platja-marina_2025,3819,3792,2.1435084,2.0,2026-02-13 16:00:00,2
4995,platja-marina_2025,3820,3792,1.154551,1.0,2026-02-13 17:00:00,2
4996,platja-marina_2025,3821,3792,0.8605164,1.0,2026-02-13 18:00:00,2
4997,platja-marina_2025,3822,3792,0.9140165,1.0,2026-02-13 19:00:00,2
4998,platja-marina_2025,3823,3792,0.95693314,1.0,2026-02-13 20:00:00,2
4999,platja-marina_2025,3824,3792,1.550652,2.0,2026-02-14 08:00:00,2
5000,platja-marina_2025,3825,3792,2.1965191,1.0,2026-02-14 09:00:00,2
5001,platja-marina_2025,3826,3792,2.4016235,1.0,2026-02-14 10:00:00,2
5002,platja-marina_2025,3827,3792,2.3848476,3.0,2026-02-14 11:00:00,2
5003,platja-marina_2025,3828,3792,2.3946142,3.0,2026-02-14 12:00:00,2
5004,platja-marina_2025,3829,3828,2.1203666,4.0,2026-02-14 13:00:00,2
5005,platja-marina_2025,3830,3828,2.3057725,5.0,2026-02-14 14:00:00,2
5006,platja-marina_2025,3831,3828,2.3669767,2.0,2026-02-14 15:00:00,2
5007,platja-marina_2025,3832,3828,1.8051578,1.0,2026-02-14 16:00:00,2
5008,platja-marina_2025,3833,3828,1.5430181,2.0,2026-02-14 17:00:00,2
5009,platja-marina_2025,3834,3828,1.1392381,1.0,2026-02-14 18:00:00,2
5010,platja-marina_2025,3835,3828,1.0328974,1.0,2026-02-14 19:00:00,2
5011,platja-marina_2025,3836,3828,1.0402013,1.0,2026-02-14 20:00:00,2
5012,platja-marina_2025,3837,3828,2.5292552,1.0,2026-02-15 08:00:00,2
5013,platja-marina_2025,3838,3828,2.5433557,1.0,2026-02-15 09:00:00,2
5014,platja-marina_2025,3839,3828,2.4821692,4.0,2026-02-15 10:00:00,2
5015,platja-marina_2025,3840,3828,2.3524227,3.0,2026-02-15 11:00:00,2
5016,platja-marina_2025,3841,3828,2.4252064,2.0,2026-02-15 12:00:00,2
5017,platja-marina_2025,3842,3828,2.735734,3.0,2026-02-15 13:00:00,2
5018,platja-marina_2025,3843,3828,3.1290252,3.0,2026-02-15 14:00:00,2
5019,platja-marina_2025,3844,3828,3.3193767,1.0,2026-02-15 15:00:00,2
5020,platja-marina_2025,3845,3828,2.2772534,1.0,2026-02-15 16:00:00,2
5021,platja-marina_2025,3846,3828,1.9597888,0.0,2026-02-15 17:00:00,2
5022,platja-marina_2025,3847,3828,1.3249232,1.0,2026-02-15 18:00:00,2
5023,platja-marina_2025,3848,3828,1.1916335,1.0,2026-02-15 19:00:00,2
5024,platja-marina_2025,3849,3828,1.1187794,1.0,2026-02-15 20:00:00,2
5025,platja-marina_2025,3850,3828,2.3790915,0.0,2026-02-16 08:00:00,2
5026,platja-marina_2025,3851,3828,2.3387485,1.0,2026-02-16 09:00:00,2
5027,platja-marina_2025,3852,3828,2.2815204,1.0,2026-02-16 10:00:00,2
5028,platja-marina_2025,3853,3828,2.2113006,2.0,2026-02-16 11:00:00,2
5029,platja-marina_2025,3854,3828,2.3425584,2.0,2026-02-16 12:00:00,2
5030,platja-marina_2025,3855,3828,2.698921,2.0,2026-02-16 13:00:00,2
5031,platja-marina_2025,3856,3828,3.0160847,1.0,2026-02-16 14:00:00,2
5032,platja-marina_2025,3857,3828,2.9556797,1.0,2026-02-16 15:00:00,2
5033,platja-marina_2025,3858,3828,2.1889713,1.0,2026-02-16 16:00:00,2
5034,platja-marina_2025,3859,3828,1.6177111,1.0,2026-02-16 17:00:00,2
5035,platja-marina_2025,3860,3828,1.1320997,1.0,2026-02-16 18:00:00,2
5036,platja-marina_2025,3861,3828,1.093578,1.0,2026-02-16 19:00:00,2
5037,platja-marina_2025,3862,3828,1.0817345,1.0,2026-02-16 20:00:00,2
5038,platja-marina_2025,3863,3828,2.3247893,3.0,2026-02-17 08:00:00,2
5039,platja-marina_2025,3864,3828,2.2673347,2.0,2026-02-17 10:00:00,2
5040,playa-de-palmira_1_2025,3545,3544,32.278954,14.0,2026-05-03 08:00:00,5
5041,playa-de-palmira_1_2025,3546,3544,44.514324,17.0,2026-05-03 09:00:00,5
5042,playa-de-palmira_1_2025,3547,3544,48.80859,42.0,2026-05-03 10:00:00,5
5043,playa-de-palmira_1_2025,3548,3544,58.25928,37.0,2026-05-03 11:00:00,5
5044,playa-de-palmira_1_2025,3549,3544,63.06232,38.0,2026-05-03 12:00:00,5
5045,playa-de-palmira_1_2025,3550,3544,64.832375,62.0,2026-05-03 13:00:00,5
5046,playa-de-palmira_1_2025,3551,3544,66.27387,58.0,2026-05-03 14:00:00,5
5047,playa-de-palmira_1_2025,3552,3544,62.58806,67.0,2026-05-03 15:00:00,5
5048,playa-de-palmira_1_2025,3553,3544,43.119755,71.0,2026-05-03 16:00:00,5
5049,playa-de-palmira_1_2025,3554,3544,25.882782,18.0,2026-05-03 17:00:00,5
5050,playa-de-palmira_1_2025,3555,3544,25.10912,30.0,2026-05-03 18:00:00,5
5051,playa-de-palmira_1_2025,3556,3544,15.565603,37.0,2026-05-03 19:00:00,5
5052,playa-de-palmira_1_2025,3557,3544,11.27041,9.0,2026-05-03 20:00:00,5
5053,playa-de-palmira_1_2025,3558,3544,34.44544,36.0,2026-05-04 08:00:00,5
5054,playa-de-palmira_1_2025,3559,3544,48.623272,54.0,2026-05-04 09:00:00,5
5055,playa-de-palmira_1_2025,3560,3544,55.185463,53.0,2026-05-04 10:00:00,5
5056,playa-de-palmira_1_2025,3561,3544,57.89221,53.0,2026-05-04 11:00:00,5
5057,playa-de-palmira_1_2025,3562,3544,57.808624,35.0,2026-05-04 12:00:00,5
5058,playa-de-palmira_1_2025,3563,3544,57.1929,38.0,2026-05-04 13:00:00,5
5059,playa-de-palmira_1_2025,3564,3544,44.982502,52.0,2026-05-04 14:00:00,5
5060,playa-de-palmira_1_2025,3565,3544,41.349125,56.0,2026-05-04 15:00:00,5
5061,playa-de-palmira_1_2025,3566,3544,28.520313,27.0,2026-05-04 16:00:00,5
5062,playa-de-palmira_1_2025,3567,3544,21.523685,32.0,2026-05-04 17:00:00,5
5063,playa-de-palmira_1_2025,3568,3544,21.26652,24.0,2026-05-04 18:00:00,5
5064,playa-de-palmira_1_2025,3569,3544,14.791122,33.0,2026-05-04 19:00:00,5
5065,playa-de-palmira_1_2025,3570,3544,9.926861,8.0,2026-05-04 20:00:00,5
5066,playa-de-palmira_1_2025,3571,3544,40.75656,38.0,2026-05-05 08:00:00,5
5067,playa-de-palmira_1_2025,3572,3544,58.770313,90.0,2026-05-05 09:00:00,5
5068,playa-de-palmira_1_2025,3573,3544,73.202324,100.0,2026-05-05 10:00:00,5
5069,playa-de-palmira_1_2025,3574,3544,76.73946,96.0,2026-05-05 11:00:00,5
5070,playa-de-palmira_1_2025,3575,3544,75.672585,119.0,2026-05-05 12:00:00,5
5071,playa-de-palmira_1_2025,3576,3544,71.588165,91.0,2026-05-05 13:00:00,5
5072,playa-de-palmira_1_2025,3577,3544,67.315506,89.0,2026-05-05 14:00:00,5
5073,playa-de-palmira_1_2025,3578,3544,56.871452,74.0,2026-05-05 15:00:00,5
5074,playa-de-palmira_1_2025,3579,3544,35.33218,62.0,2026-05-05 16:00:00,5
5075,playa-de-palmira_1_2025,3580,3544,22.893154,39.0,2026-05-05 17:00:00,5
5076,playa-de-palmira_1_2025,3581,3580,23.12408,33.0,2026-05-05 18:00:00,5
5077,playa-de-palmira_1_2025,3582,3580,14.913989,17.0,2026-05-05 19:00:00,5
5078,playa-de-palmira_1_2025,3583,3580,9.382399,16.0,2026-05-05 20:00:00,5
5079,playa-de-palmira_1_2025,3584,3580,35.34809,37.0,2026-05-06 08:00:00,5
5080,playa-de-palmira_1_2025,3585,3580,70.57318,94.0,2026-05-06 09:00:00,5
5081,playa-de-palmira_1_2025,3586,3580,95.780235,117.0,2026-05-06 10:00:00,5
5082,playa-de-palmira_1_2025,3587,3580,106.96361,111.0,2026-05-06 11:00:00,5
5083,playa-de-palmira_1_2025,3588,3580,107.823616,129.0,2026-05-06 12:00:00,5
5084,playa-de-palmira_1_2025,3589,3580,103.563805,118.0,2026-05-06 13:00:00,5
5085,playa-de-palmira_1_2025,3590,3580,94.96392,153.0,2026-05-06 14:00:00,5
5086,playa-de-palmira_1_2025,3591,3580,77.98384,37.0,2026-05-06 15:00:00,5
5087,playa-de-palmira_1_2025,3592,3580,55.52972,21.0,2026-05-06 16:00:00,5
5088,playa-de-palmira_1_2025,3593,3580,35.434036,20.0,2026-05-06 17:00:00,5
5089,playa-de-palmira_1_2025,3594,3580,23.846031,39.0,2026-05-06 18:00:00,5
5090,playa-de-palmira_1_2025,3595,3580,16.034527,48.0,2026-05-06 19:00:00,5
5091,playa-de-palmira_1_2025,3596,3580,9.744426,7.0,2026-05-06 20:00:00,5
5092,playa-de-palmira_1_2025,3597,3580,40.473766,53.0,2026-05-07 08:00:00,5
5093,playa-de-palmira_1_2025,3598,3580,76.24696,98.0,2026-05-07 09:00:00,5
5094,playa-de-palmira_1_2025,3599,3580,101.072296,125.0,2026-05-07 10:00:00,5
5095,playa-de-palmira_1_2025,3600,3580,102.20316,64.0,2026-05-07 11:00:00,5
5096,playa-de-palmira_1_2025,3601,3580,86.35925,44.0,2026-05-07 14:00:00,5
5097,playa-de-palmira_1_2025,3602,3580,78.05057,12.0,2026-05-07 15:00:00,5
5098,playa-de-palmira_1_2025,3603,3580,47.373886,14.0,2026-05-07 16:00:00,5
5099,playa-de-palmira_1_2025,3604,3580,29.3735,11.0,2026-05-07 17:00:00,5
5100,playa-de-palmira_1_2025,3605,3580,20.374151,16.0,2026-05-07 18:00:00,5
5101,playa-de-palmira_1_2025,3606,3580,14.107792,22.0,2026-05-07 19:00:00,5
5102,playa-de-palmira_1_2025,3607,3580,9.919489,6.0,2026-05-07 20:00:00,5
5103,playa-de-palmira_1_2025,3608,3580,30.829952,14.0,2026-05-08 08:00:00,5
5104,playa-de-palmira_1_2025,3609,3580,47.721672,47.0,2026-05-08 09:00:00,5
5105,playa-de-palmira_1_2025,3610,3580,65.870575,71.0,2026-05-08 10:00:00,5
5106,playa-de-palmira_1_2025,3611,3580,67.70305,72.0,2026-05-08 11:00:00,5
5107,playa-de-palmira_1_2025,3612,3580,79.9624,42.0,2026-05-08 12:00:00,5
5108,playa-de-palmira_1_2025,3613,3580,81.375404,22.0,2026-05-08 14:00:00,5
5109,playa-de-palmira_1_2025,3614,3580,69.615845,26.0,2026-05-08 15:00:00,5
5110,playa-de-palmira_1_2025,3615,3580,41.781235,26.0,2026-05-08 16:00:00,5
5111,playa-de-palmira_1_2025,3616,3580,27.956364,28.0,2026-05-08 17:00:00,5
5112,playa-de-palmira_1_2025,3617,3616,27.919273,24.0,2026-05-08 18:00:00,5
5113,playa-de-palmira_1_2025,3618,3616,21.364403,27.0,2026-05-08 19:00:00,5
5114,playa-de-palmira_1_2025,3619,3616,9.381749,10.0,2026-05-08 20:00:00,5
5115,playa-de-palmira_1_2025,3620,3616,29.066395,22.0,2026-05-09 08:00:00,5
5116,playa-de-palmira_1_2025,3621,3616,50.323277,19.0,2026-05-09 09:00:00,5
5117,playa-de-palmira_1_2025,3622,3616,46.363983,5.0,2026-05-09 10:00:00,5
5118,playa-de-palmira_1_2025,3623,3616,48.01406,13.0,2026-05-09 11:00:00,5
5119,playa-de-palmira_1_2025,3624,3616,46.3678,34.0,2026-05-09 12:00:00,5
5120,playa-de-palmira_1_2025,3625,3616,40.028984,35.0,2026-05-09 13:00:00,5
5121,playa-de-palmira_1_2025,3626,3616,32.87035,43.0,2026-05-09 14:00:00,5
5122,playa-de-palmira_1_2025,3627,3616,34.60212,14.0,2026-05-09 15:00:00,5
5123,playa-de-palmira_1_2025,3628,3616,27.787586,11.0,2026-05-09 16:00:00,5
5124,playa-de-palmira_1_2025,3629,3616,24.196783,27.0,2026-05-09 17:00:00,5
5125,playa-de-palmira_1_2025,3630,3616,26.512617,32.0,2026-05-09 18:00:00,5
5126,playa-de-palmira_1_2025,3631,3616,18.274715,28.0,2026-05-09 19:00:00,5
5127,playa-de-palmira_1_2025,3632,3616,9.543699,7.0,2026-05-09 20:00:00,5
5128,playa-de-palmira_1_2025,3633,3616,31.897718,41.0,2026-05-10 08:00:00,5
5129,playa-de-palmira_1_2025,3634,3616,50.671337,76.0,2026-05-10 09:00:00,5
5130,playa-de-palmira_1_2025,3635,3616,55.747135,156.0,2026-05-10 10:00:00,5
5131,playa-de-palmira_1_2025,3636,3616,81.89367,126.0,2026-05-10 11:00:00,5
5132,playa-de-palmira_1_2025,3637,3616,89.031685,125.0,2026-05-10 12:00:00,5
5133,playa-de-palmira_1_2025,3638,3616,96.30373,134.0,2026-05-10 13:00:00,5
5134,playa-de-palmira_1_2025,3639,3616,95.72632,143.0,2026-05-10 14:00:00,5
5135,playa-de-palmira_1_2025,3640,3616,78.133804,126.0,2026-05-10 15:00:00,5
5136,playa-de-palmira_1_2025,3641,3616,40.23482,68.0,2026-05-10 16:00:00,5
5137,playa-de-palmira_1_2025,3642,3616,29.641747,36.0,2026-05-10 17:00:00,5
5138,playa-de-palmira_1_2025,3643,3616,34.767647,40.0,2026-05-10 18:00:00,5
5139,playa-de-palmira_1_2025,3644,3616,24.460585,42.0,2026-05-10 19:00:00,5
5140,playa-de-palmira_1_2025,3645,3616,9.696701,11.0,2026-05-10 20:00:00,5
5141,playa-de-palmira_1_2025,3646,3616,40.593296,37.0,2026-05-11 08:00:00,5
5142,playa-de-palmira_1_2025,3647,3616,73.532135,109.0,2026-05-11 09:00:00,5
5143,playa-de-palmira_1_2025,3648,3616,80.25742,116.0,2026-05-11 10:00:00,5
5144,playa-de-palmira_1_2025,3649,3616,76.52885,117.0,2026-05-11 11:00:00,5
5145,playa-de-palmira_1_2025,3650,3616,78.801575,100.0,2026-05-11 12:00:00,5
5146,playa-de-palmira_1_2025,3651,3616,81.06564,92.0,2026-05-11 13:00:00,5
5147,playa-de-palmira_1_2025,3652,3616,80.43646,159.0,2026-05-11 14:00:00,5
5148,playa-de-palmira_1_2025,3653,3652,123.817894,124.0,2026-05-11 15:00:00,5
5149,playa-de-palmira_1_2025,3654,3652,69.02446,67.0,2026-05-11 16:00:00,5
5150,playa-de-palmira_1_2025,3655,3652,33.60691,38.0,2026-05-11 17:00:00,5
5151,playa-de-palmira_1_2025,3656,3652,38.819874,35.0,2026-05-11 18:00:00,5
5152,playa-de-palmira_1_2025,3657,3652,40.045677,57.0,2026-05-11 19:00:00,5
5153,playa-de-palmira_1_2025,3658,3652,9.742491,8.0,2026-05-11 20:00:00,5
5154,playa-de-palmira_1_2025,3659,3652,46.64411,45.0,2026-05-12 08:00:00,5
5155,playa-de-palmira_1_2025,3660,3652,108.91207,108.0,2026-05-12 09:00:00,5
5156,playa-de-palmira_1_2025,3661,3652,120.25498,122.0,2026-05-12 10:00:00,5
5157,playa-de-palmira_1_2025,3662,3652,112.75809,83.0,2026-05-12 11:00:00,5
5158,playa-de-palmira_1_2025,3663,3652,105.52272,39.0,2026-05-12 12:00:00,5
5159,playa-de-palmira_1_2025,3664,3652,106.28017,21.0,2026-05-12 13:00:00,5
5160,playa-de-palmira_1_2025,3665,3652,115.36111,64.0,2026-05-12 14:00:00,5
5161,playa-de-palmira_1_2025,3666,3652,105.00377,86.0,2026-05-12 15:00:00,5
5162,playa-de-palmira_1_2025,3667,3652,60.907722,72.0,2026-05-12 16:00:00,5
5163,playa-de-palmira_1_2025,3668,3652,31.49621,29.0,2026-05-12 17:00:00,5
5164,playa-de-palmira_1_2025,3669,3652,37.00621,47.0,2026-05-12 18:00:00,5
5165,playa-de-palmira_1_2025,3670,3652,37.79379,44.0,2026-05-12 19:00:00,5
5166,playa-de-palmira_1_2025,3671,3652,9.552599,5.0,2026-05-12 20:00:00,5
5167,playa-de-palmira_1_2025,3672,3652,43.911648,58.0,2026-05-13 08:00:00,5
5168,playa-de-palmira_1_2025,3673,3652,100.0508,123.0,2026-05-13 09:00:00,5
5169,playa-de-palmira_1_2025,3674,3652,109.27083,135.0,2026-05-13 10:00:00,5
5170,playa-de-palmira_1_2025,3675,3652,106.783936,117.0,2026-05-13 11:00:00,5
5171,playa-de-palmira_1_2025,3676,3652,103.676674,113.0,2026-05-13 12:00:00,5
5172,playa-de-palmira_1_2025,3677,3652,112.33086,140.0,2026-05-13 13:00:00,5
5173,playa-de-palmira_1_2025,3678,3652,122.554115,145.0,2026-05-13 14:00:00,5
5174,playa-de-palmira_1_2025,3679,3652,117.76928,141.0,2026-05-13 15:00:00,5
5175,playa-de-palmira_1_2025,3680,3652,65.41446,81.0,2026-05-13 16:00:00,5
5176,playa-de-palmira_1_2025,3681,3652,32.592457,48.0,2026-05-13 17:00:00,5
5177,playa-de-palmira_1_2025,3682,3652,37.228035,37.0,2026-05-13 18:00:00,5
5178,playa-de-palmira_1_2025,3683,3652,38.862595,38.0,2026-05-13 19:00:00,5
5179,playa-de-palmira_1_2025,3684,3652,9.6868515,15.0,2026-05-13 20:00:00,5
5180,playa-de-palmira_1_2025,3685,3652,45.384575,34.0,2026-05-14 08:00:00,5
5181,playa-de-palmira_1_2025,3686,3652,103.35049,113.0,2026-05-14 09:00:00,5
5182,playa-de-palmira_1_2025,3687,3652,117.622185,137.0,2026-05-14 10:00:00,5
5183,playa-de-palmira_1_2025,3688,3652,111.38399,145.0,2026-05-14 11:00:00,5
5184,playa-de-palmira_1_2025,3689,3688,121.3257,143.0,2026-05-14 12:00:00,5
5185,playa-de-palmira_1_2025,3690,3688,126.93057,158.0,2026-05-14 13:00:00,5
5186,playa-de-palmira_1_2025,3691,3688,133.45906,182.0,2026-05-14 14:00:00,5
5187,playa-de-palmira_1_2025,3692,3688,126.6548,134.0,2026-05-14 15:00:00,5
5188,playa-de-palmira_1_2025,3693,3688,87.90013,88.0,2026-05-14 16:00:00,5
5189,playa-de-palmira_1_2025,3694,3688,44.51545,42.0,2026-05-14 17:00:00,5
5190,playa-de-palmira_1_2025,3695,3688,39.205547,31.0,2026-05-14 18:00:00,5
5191,playa-de-palmira_1_2025,3696,3688,43.455276,31.0,2026-05-14 19:00:00,5
5192,playa-de-palmira_1_2025,3697,3688,10.6063385,18.0,2026-05-14 20:00:00,5
5193,playa-de-palmira_1_2025,3698,3688,48.007954,44.0,2026-05-15 09:00:00,5
5194,playa-de-palmira_1_2025,3699,3688,64.660065,28.0,2026-05-15 10:00:00,5
5195,playa-de-palmira_1_2025,3700,3688,63.440254,31.0,2026-05-15 11:00:00,5
5196,playa-de-palmira_1_2025,3701,3688,48.26981,18.0,2026-05-15 12:00:00,5
5197,playa-de-palmira_1_2025,3702,3688,35.076122,13.0,2026-05-15 16:00:00,5
5198,playa-de-palmira_1_2025,3703,3688,51.569714,45.0,2026-05-16 08:00:00,5
5199,playa-de-palmira_1_2025,3704,3688,71.74839,115.0,2026-05-16 10:00:00,5
5200,playa-de-palmira_1_2025,3705,3688,94.7446,131.0,2026-05-16 14:00:00,5
5201,playa-de-palmira_1_2025,3706,3688,84.9615,121.0,2026-05-16 15:00:00,5
5202,playa-de-palmira_1_2025,3707,3688,56.951992,52.0,2026-05-16 16:00:00,5
5203,playa-de-palmira_1_2025,3708,3688,34.114418,36.0,2026-05-16 17:00:00,5
5204,playa-de-palmira_1_2025,3709,3688,33.53431,49.0,2026-05-16 18:00:00,5
5205,playa-de-palmira_1_2025,3710,3688,21.942112,11.0,2026-05-16 20:00:00,5
5206,playa-de-palmira_1_2025,3711,3688,91.21101,113.0,2026-05-17 09:00:00,5
5207,playa-de-palmira_1_2025,3712,3688,126.27024,136.0,2026-05-17 10:00:00,5
5208,playa-de-palmira_1_2025,3713,3688,119.90349,131.0,2026-05-17 12:00:00,5
5209,playa-de-palmira_1_2025,3714,3688,138.42262,161.0,2026-05-17 14:00:00,5
5210,playa-de-palmira_1_2025,3715,3688,129.30774,124.0,2026-05-17 15:00:00,5
5211,playa-de-palmira_1_2025,3716,3688,90.12991,109.0,2026-05-17 16:00:00,5
5212,playa-de-palmira_1_2025,3717,3688,102.738014,35.0,2026-05-18 08:00:00,5
5213,playa-de-palmira_1_2025,3718,3688,113.8628,112.0,2026-05-18 09:00:00,5
5214,playa-de-palmira_1_2025,3719,3688,104.68827,152.0,2026-05-18 10:00:00,5
5215,playa-de-palmira_1_2025,3720,3688,92.86596,141.0,2026-05-18 11:00:00,5
5216,playa-de-palmira_1_2025,3721,3688,92.90808,134.0,2026-05-18 12:00:00,5
5217,playa-de-palmira_1_2025,3722,3688,98.43298,116.0,2026-05-18 15:00:00,5
5218,playa-de-palmira_1_2025,3723,3688,58.11397,68.0,2026-05-18 16:00:00,5
5219,playa-de-palmira_1_2025,3724,3688,39.70546,28.0,2026-05-18 19:00:00,5
5220,playa-de-palmira_2025,3545,3544,6.811538,9.0,2026-05-02 19:00:00,5
5221,playa-de-palmira_2025,3546,3544,2.6103604,1.0,2026-05-02 20:00:00,5
5222,playa-de-palmira_2025,3547,3544,9.290733,1.0,2026-05-03 08:00:00,5
5223,playa-de-palmira_2025,3548,3544,15.041012,2.0,2026-05-03 09:00:00,5
5224,playa-de-palmira_2025,3549,3544,16.566788,13.0,2026-05-03 10:00:00,5
5225,playa-de-palmira_2025,3550,3544,21.302515,4.0,2026-05-03 11:00:00,5
5226,playa-de-palmira_2025,3551,3544,24.070835,7.0,2026-05-03 12:00:00,5
5227,playa-de-palmira_2025,3552,3544,25.759441,16.0,2026-05-03 13:00:00,5
5228,playa-de-palmira_2025,3553,3544,27.259314,18.0,2026-05-03 14:00:00,5
5229,playa-de-palmira_2025,3554,3544,24.9681,38.0,2026-05-03 15:00:00,5
5230,playa-de-palmira_2025,3555,3544,15.092895,25.0,2026-05-03 16:00:00,5
5231,playa-de-palmira_2025,3556,3544,7.988124,7.0,2026-05-03 17:00:00,5
5232,playa-de-palmira_2025,3557,3544,8.112732,7.0,2026-05-03 18:00:00,5
5233,playa-de-palmira_2025,3558,3544,8.292377,6.0,2026-05-03 19:00:00,5
5234,playa-de-palmira_2025,3559,3544,2.1249561,1.0,2026-05-03 20:00:00,5
5235,playa-de-palmira_2025,3560,3544,11.842872,14.0,2026-05-04 08:00:00,5
5236,playa-de-palmira_2025,3561,3544,21.180954,35.0,2026-05-04 09:00:00,5
5237,playa-de-palmira_2025,3562,3544,24.115326,29.0,2026-05-04 10:00:00,5
5238,playa-de-palmira_2025,3563,3544,23.461351,18.0,2026-05-04 11:00:00,5
5239,playa-de-palmira_2025,3564,3544,22.784065,20.0,2026-05-04 12:00:00,5
5240,playa-de-palmira_2025,3565,3544,22.023409,6.0,2026-05-04 13:00:00,5
5241,playa-de-palmira_2025,3566,3544,14.232699,23.0,2026-05-04 14:00:00,5
5242,playa-de-palmira_2025,3567,3544,12.682369,39.0,2026-05-04 15:00:00,5
5243,playa-de-palmira_2025,3568,3544,8.525547,7.0,2026-05-04 16:00:00,5
5244,playa-de-palmira_2025,3569,3544,6.2672844,13.0,2026-05-04 17:00:00,5
5245,playa-de-palmira_2025,3570,3544,7.0187445,11.0,2026-05-04 18:00:00,5
5246,playa-de-palmira_2025,3571,3544,7.5905576,15.0,2026-05-04 19:00:00,5
5247,playa-de-palmira_2025,3572,3544,1.3312447,1.0,2026-05-04 20:00:00,5
5248,playa-de-palmira_2025,3573,3544,15.309235,22.0,2026-05-05 08:00:00,5
5249,playa-de-palmira_2025,3574,3544,34.326183,51.0,2026-05-05 09:00:00,5
5250,playa-de-palmira_2025,3575,3544,48.089314,67.0,2026-05-05 10:00:00,5
5251,playa-de-palmira_2025,3576,3544,47.671516,41.0,2026-05-05 11:00:00,5
5252,playa-de-palmira_2025,3577,3544,44.416016,69.0,2026-05-05 12:00:00,5
5253,playa-de-palmira_2025,3578,3544,37.150173,51.0,2026-05-05 13:00:00,5
5254,playa-de-palmira_2025,3579,3544,31.908035,67.0,2026-05-05 14:00:00,5
5255,playa-de-palmira_2025,3580,3544,23.079983,44.0,2026-05-05 15:00:00,5
5256,playa-de-palmira_2025,3581,3580,22.861235,43.0,2026-05-05 16:00:00,5
5257,playa-de-palmira_2025,3582,3580,9.598575,14.0,2026-05-05 17:00:00,5
5258,playa-de-palmira_2025,3583,3580,7.9441133,9.0,2026-05-05 18:00:00,5
5259,playa-de-palmira_2025,3584,3580,4.0159636,6.0,2026-05-05 19:00:00,5
5260,playa-de-palmira_2025,3585,3580,1.44356,1.0,2026-05-05 20:00:00,5
5261,playa-de-palmira_2025,3586,3580,17.827185,30.0,2026-05-06 08:00:00,5
5262,playa-de-palmira_2025,3587,3580,42.958046,64.0,2026-05-06 09:00:00,5
5263,playa-de-palmira_2025,3588,3580,64.44627,76.0,2026-05-06 11:00:00,5
5264,playa-de-palmira_2025,3589,3580,66.39653,89.0,2026-05-06 12:00:00,5
5265,playa-de-palmira_2025,3590,3580,66.16981,89.0,2026-05-06 13:00:00,5
5266,playa-de-palmira_2025,3591,3580,62.536686,103.0,2026-05-06 14:00:00,5
5267,playa-de-palmira_2025,3592,3580,49.270565,24.0,2026-05-06 15:00:00,5
5268,playa-de-palmira_2025,3593,3580,25.995367,6.0,2026-05-06 16:00:00,5
5269,playa-de-palmira_2025,3594,3580,8.941688,12.0,2026-05-06 17:00:00,5
5270,playa-de-palmira_2025,3595,3580,7.612123,14.0,2026-05-06 18:00:00,5
5271,playa-de-palmira_2025,3596,3580,4.839554,18.0,2026-05-06 19:00:00,5
5272,playa-de-palmira_2025,3597,3580,1.6234558,1.0,2026-05-06 20:00:00,5
5273,playa-de-palmira_2025,3598,3580,21.95953,28.0,2026-05-07 08:00:00,5
5274,playa-de-palmira_2025,3599,3580,46.103123,62.0,2026-05-07 09:00:00,5
5275,playa-de-palmira_2025,3600,3580,62.56575,81.0,2026-05-07 10:00:00,5
5276,playa-de-palmira_2025,3601,3580,61.580875,47.0,2026-05-07 11:00:00,5
5277,playa-de-palmira_2025,3602,3580,55.081444,17.0,2026-05-07 14:00:00,5
5278,playa-de-palmira_2025,3603,3580,48.482876,4.0,2026-05-07 15:00:00,5
5279,playa-de-palmira_2025,3604,3580,20.551798,4.0,2026-05-07 16:00:00,5
5280,playa-de-palmira_2025,3605,3580,8.43733,3.0,2026-05-07 17:00:00,5
5281,playa-de-palmira_2025,3606,3580,6.904882,4.0,2026-05-07 18:00:00,5
5282,playa-de-palmira_2025,3607,3580,3.3736148,5.0,2026-05-07 19:00:00,5
5283,playa-de-palmira_2025,3608,3580,1.4979917,1.0,2026-05-07 20:00:00,5
5284,playa-de-palmira_2025,3609,3580,13.085172,2.0,2026-05-08 08:00:00,5
5285,playa-de-palmira_2025,3610,3580,21.633015,15.0,2026-05-08 09:00:00,5
5286,playa-de-palmira_2025,3611,3580,32.664494,29.0,2026-05-08 10:00:00,5
5287,playa-de-palmira_2025,3612,3580,32.75316,23.0,2026-05-08 11:00:00,5
5288,playa-de-palmira_2025,3613,3580,43.654526,19.0,2026-05-08 12:00:00,5
5289,playa-de-palmira_2025,3614,3580,47.82884,19.0,2026-05-08 14:00:00,5
5290,playa-de-palmira_2025,3615,3580,37.711784,10.0,2026-05-08 15:00:00,5
5291,playa-de-palmira_2025,3616,3580,14.482712,13.0,2026-05-08 16:00:00,5
5292,playa-de-palmira_2025,3617,3616,8.809707,8.0,2026-05-08 18:00:00,5
5293,playa-de-palmira_2025,3618,3616,6.0634904,6.0,2026-05-08 19:00:00,5
5294,playa-de-palmira_2025,3619,3616,1.6813612,3.0,2026-05-08 20:00:00,5
5295,playa-de-palmira_2025,3620,3616,12.603259,11.0,2026-05-09 08:00:00,5
5296,playa-de-palmira_2025,3621,3616,19.406755,3.0,2026-05-09 09:00:00,5
5297,playa-de-palmira_2025,3622,3616,15.844433,2.0,2026-05-09 10:00:00,5
5298,playa-de-palmira_2025,3623,3616,19.705767,10.0,2026-05-09 11:00:00,5
5299,playa-de-palmira_2025,3624,3616,20.640705,9.0,2026-05-09 12:00:00,5
5300,playa-de-palmira_2025,3625,3616,17.710077,5.0,2026-05-09 13:00:00,5
5301,playa-de-palmira_2025,3626,3616,13.752152,17.0,2026-05-09 14:00:00,5
5302,playa-de-palmira_2025,3627,3616,15.140545,4.0,2026-05-09 15:00:00,5
5303,playa-de-palmira_2025,3628,3616,11.41532,3.0,2026-05-09 16:00:00,5
5304,playa-de-palmira_2025,3629,3616,9.4496155,5.0,2026-05-09 17:00:00,5
5305,playa-de-palmira_2025,3630,3616,8.5813675,11.0,2026-05-09 18:00:00,5
5306,playa-de-palmira_2025,3631,3616,4.6930256,8.0,2026-05-09 19:00:00,5
5307,playa-de-palmira_2025,3632,3616,1.7813878,1.0,2026-05-09 20:00:00,5
5308,playa-de-palmira_2025,3633,3616,14.521553,29.0,2026-05-10 08:00:00,5
5309,playa-de-palmira_2025,3634,3616,20.450855,64.0,2026-05-10 09:00:00,5
5310,playa-de-palmira_2025,3635,3616,21.50748,110.0,2026-05-10 10:00:00,5
5311,playa-de-palmira_2025,3636,3616,41.975258,82.0,2026-05-10 11:00:00,5
5312,playa-de-palmira_2025,3637,3616,53.64091,80.0,2026-05-10 12:00:00,5
5313,playa-de-palmira_2025,3638,3616,60.99122,109.0,2026-05-10 13:00:00,5
5314,playa-de-palmira_2025,3639,3616,61.102146,87.0,2026-05-10 14:00:00,5
5315,playa-de-palmira_2025,3640,3616,49.995064,107.0,2026-05-10 15:00:00,5
5316,playa-de-palmira_2025,3641,3616,23.018696,50.0,2026-05-10 16:00:00,5
5317,playa-de-palmira_2025,3642,3616,12.978491,14.0,2026-05-10 17:00:00,5
5318,playa-de-palmira_2025,3643,3616,12.025891,24.0,2026-05-10 18:00:00,5
5319,playa-de-palmira_2025,3644,3616,7.005783,18.0,2026-05-10 19:00:00,5
5320,playa-de-palmira_2025,3645,3616,1.8539319,1.0,2026-05-10 20:00:00,5
5321,playa-de-palmira_2025,3646,3616,21.505777,19.0,2026-05-11 08:00:00,5
5322,playa-de-palmira_2025,3647,3616,40.055553,66.0,2026-05-11 09:00:00,5
5323,playa-de-palmira_2025,3648,3616,39.13044,99.0,2026-05-11 10:00:00,5
5324,playa-de-palmira_2025,3649,3616,37.04759,99.0,2026-05-11 11:00:00,5
5325,playa-de-palmira_2025,3650,3616,44.816586,68.0,2026-05-11 12:00:00,5
5326,playa-de-palmira_2025,3651,3616,47.2966,94.0,2026-05-11 13:00:00,5
5327,playa-de-palmira_2025,3652,3616,47.66517,109.0,2026-05-11 14:00:00,5
5328,playa-de-palmira_2025,3653,3652,98.881516,107.0,2026-05-11 15:00:00,5
5329,playa-de-palmira_2025,3654,3652,59.0225,48.0,2026-05-11 16:00:00,5
5330,playa-de-palmira_2025,3655,3652,18.702608,19.0,2026-05-11 17:00:00,5
5331,playa-de-palmira_2025,3656,3652,20.911377,11.0,2026-05-11 18:00:00,5
5332,playa-de-palmira_2025,3657,3652,14.721141,25.0,2026-05-11 19:00:00,5
5333,playa-de-palmira_2025,3658,3652,1.7432599,1.0,2026-05-11 20:00:00,5
5334,playa-de-palmira_2025,3659,3652,23.486887,16.0,2026-05-12 08:00:00,5
5335,playa-de-palmira_2025,3660,3652,70.00513,84.0,2026-05-12 09:00:00,5
5336,playa-de-palmira_2025,3661,3652,89.35418,80.0,2026-05-12 10:00:00,5
5337,playa-de-palmira_2025,3662,3652,89.376945,64.0,2026-05-12 11:00:00,5
5338,playa-de-palmira_2025,3663,3652,85.5246,13.0,2026-05-12 12:00:00,5
5339,playa-de-palmira_2025,3664,3652,86.288925,3.0,2026-05-12 13:00:00,5
5340,playa-de-palmira_2025,3665,3652,90.68355,24.0,2026-05-12 14:00:00,5
5341,playa-de-palmira_2025,3666,3652,81.29848,58.0,2026-05-12 15:00:00,5
5342,playa-de-palmira_2025,3667,3652,47.29635,43.0,2026-05-12 16:00:00,5
5343,playa-de-palmira_2025,3668,3652,15.451201,19.0,2026-05-12 17:00:00,5
5344,playa-de-palmira_2025,3669,3652,18.752192,15.0,2026-05-12 18:00:00,5
5345,playa-de-palmira_2025,3670,3652,12.915381,14.0,2026-05-12 19:00:00,5
5346,playa-de-palmira_2025,3671,3652,1.5461527,2.0,2026-05-12 20:00:00,5
5347,playa-de-palmira_2025,3672,3652,22.219517,43.0,2026-05-13 08:00:00,5
5348,playa-de-palmira_2025,3673,3652,62.346317,108.0,2026-05-13 09:00:00,5
5349,playa-de-palmira_2025,3674,3652,76.843346,123.0,2026-05-13 10:00:00,5
5350,playa-de-palmira_2025,3675,3652,83.876175,92.0,2026-05-13 11:00:00,5
5351,playa-de-palmira_2025,3676,3652,84.40452,74.0,2026-05-13 12:00:00,5
5352,playa-de-palmira_2025,3677,3652,90.99772,94.0,2026-05-13 13:00:00,5
5353,playa-de-palmira_2025,3678,3652,95.16653,103.0,2026-05-13 14:00:00,5
5354,playa-de-palmira_2025,3679,3652,91.18519,111.0,2026-05-13 15:00:00,5
5355,playa-de-palmira_2025,3680,3652,53.416946,63.0,2026-05-13 16:00:00,5
5356,playa-de-palmira_2025,3681,3652,16.74311,27.0,2026-05-13 17:00:00,5
5357,playa-de-palmira_2025,3682,3652,19.017307,16.0,2026-05-13 18:00:00,5
5358,playa-de-palmira_2025,3683,3652,14.222309,14.0,2026-05-13 19:00:00,5
5359,playa-de-palmira_2025,3684,3652,1.6082404,1.0,2026-05-13 20:00:00,5
5360,playa-de-palmira_2025,3685,3652,23.150892,13.0,2026-05-14 08:00:00,5
5361,playa-de-palmira_2025,3686,3652,66.498856,94.0,2026-05-14 09:00:00,5
5362,playa-de-palmira_2025,3687,3652,87.860504,117.0,2026-05-14 10:00:00,5
5363,playa-de-palmira_2025,3688,3652,89.028175,94.0,2026-05-14 11:00:00,5
5364,playa-de-palmira_2025,3689,3688,86.77326,113.0,2026-05-14 12:00:00,5
5365,playa-de-palmira_2025,3690,3688,92.30055,155.0,2026-05-14 13:00:00,5
5366,playa-de-palmira_2025,3691,3688,100.30038,169.0,2026-05-14 14:00:00,5
5367,playa-de-palmira_2025,3692,3688,96.28572,114.0,2026-05-14 15:00:00,5
5368,playa-de-palmira_2025,3693,3688,62.932545,86.0,2026-05-14 16:00:00,5
5369,playa-de-palmira_2025,3694,3688,24.046894,36.0,2026-05-14 17:00:00,5
5370,playa-de-palmira_2025,3695,3688,16.059929,13.0,2026-05-14 18:00:00,5
5371,playa-de-palmira_2025,3696,3688,14.978381,5.0,2026-05-14 19:00:00,5
5372,playa-de-palmira_2025,3697,3688,1.9014255,1.0,2026-05-14 20:00:00,5
5373,playa-de-palmira_2025,3698,3688,22.238754,16.0,2026-05-15 08:00:00,5
5374,playa-de-palmira_2025,3699,3688,53.094288,27.0,2026-05-15 09:00:00,5
5375,playa-de-palmira_2025,3700,3688,39.28451,6.0,2026-05-15 12:00:00,5
5376,playa-de-palmira_2025,3701,3688,24.259792,3.0,2026-05-15 13:00:00,5
5377,playa-de-palmira_2025,3702,3688,16.573565,3.0,2026-05-15 16:00:00,5
5378,playa-de-palmira_2025,3703,3688,12.542352,11.0,2026-05-15 18:00:00,5
5379,playa-de-palmira_2025,3704,3688,28.78645,21.0,2026-05-16 08:00:00,5
5380,playa-de-palmira_2025,3705,3688,55.511314,68.0,2026-05-16 10:00:00,5
5381,playa-de-palmira_2025,3706,3688,76.65994,70.0,2026-05-16 11:00:00,5
5382,playa-de-palmira_2025,3707,3688,71.96349,73.0,2026-05-16 12:00:00,5
5383,playa-de-palmira_2025,3708,3688,71.73839,67.0,2026-05-16 13:00:00,5
5384,playa-de-palmira_2025,3709,3688,70.838806,104.0,2026-05-16 15:00:00,5
5385,playa-de-palmira_2025,3710,3688,89.90582,88.0,2026-05-17 10:00:00,5
5386,playa-de-palmira_2025,3711,3688,84.0607,88.0,2026-05-17 11:00:00,5
5387,playa-de-palmira_2025,3712,3688,77.706535,100.0,2026-05-17 12:00:00,5
5388,playa-de-palmira_2025,3713,3688,88.023834,108.0,2026-05-17 13:00:00,5
5389,playa-de-palmira_2025,3714,3688,96.671486,105.0,2026-05-17 14:00:00,5
5390,playa-de-palmira_2025,3715,3688,80.972206,78.0,2026-05-17 15:00:00,5
5391,playa-de-palmira_2025,3716,3688,41.61273,62.0,2026-05-17 16:00:00,5
5392,playa-de-palmira_2025,3717,3688,14.728984,6.0,2026-05-17 19:00:00,5
5393,playa-de-palmira_2025,3718,3688,61.359795,92.0,2026-05-18 11:00:00,5
5394,playa-de-palmira_2025,3719,3688,61.87662,73.0,2026-05-18 12:00:00,5
5395,playa-de-palmira_2025,3720,3688,57.914665,84.0,2026-05-18 13:00:00,5
5396,playa-de-palmira_2025,3721,3688,57.10072,72.0,2026-05-18 15:00:00,5
5397,playa-de-palmira_2025,3722,3688,29.059969,39.0,2026-05-18 16:00:00,5
5398,playa-de-palmira_2025,3723,3688,17.00048,12.0,2026-05-18 17:00:00,5
5399,playa-de-palmira_2025,3724,3688,15.065687,8.0,2026-05-18 18:00:00,5
5400,playa-de-ses-penyes-roges_2025,3535,3534,18.54089,10.0,2026-05-02 20:00:00,5
5401,playa-de-ses-penyes-roges_2025,3536,3534,72.18526,19.0,2026-05-03 08:00:00,5
5402,playa-de-ses-penyes-roges_2025,3537,3534,85.27343,81.0,2026-05-03 09:00:00,5
5403,playa-de-ses-penyes-roges_2025,3538,3534,84.556625,78.0,2026-05-03 10:00:00,5
5404,playa-de-ses-penyes-roges_2025,3539,3534,85.03294,81.0,2026-05-03 11:00:00,5
5405,playa-de-ses-penyes-roges_2025,3540,3534,86.387856,83.0,2026-05-03 12:00:00,5
5406,playa-de-ses-penyes-roges_2025,3541,3534,87.910904,88.0,2026-05-03 13:00:00,5
5407,playa-de-ses-penyes-roges_2025,3542,3534,90.56086,80.0,2026-05-03 14:00:00,5
5408,playa-de-ses-penyes-roges_2025,3543,3534,94.37423,60.0,2026-05-03 15:00:00,5
5409,playa-de-ses-penyes-roges_2025,3544,3534,92.27611,79.0,2026-05-03 16:00:00,5
5410,playa-de-ses-penyes-roges_2025,3545,3534,62.916927,94.0,2026-05-03 17:00:00,5
5411,playa-de-ses-penyes-roges_2025,3546,3534,21.553633,22.0,2026-05-03 18:00:00,5
5412,playa-de-ses-penyes-roges_2025,3547,3534,24.102325,29.0,2026-05-03 19:00:00,5
5413,playa-de-ses-penyes-roges_2025,3548,3534,15.19157,10.0,2026-05-03 20:00:00,5
5414,playa-de-ses-penyes-roges_2025,3549,3534,83.034515,88.0,2026-05-04 08:00:00,5
5415,playa-de-ses-penyes-roges_2025,3550,3534,95.85624,77.0,2026-05-04 09:00:00,5
5416,playa-de-ses-penyes-roges_2025,3551,3534,96.61818,54.0,2026-05-04 10:00:00,5
5417,playa-de-ses-penyes-roges_2025,3552,3534,90.558846,72.0,2026-05-04 11:00:00,5
5418,playa-de-ses-penyes-roges_2025,3553,3534,87.3882,92.0,2026-05-04 12:00:00,5
5419,playa-de-ses-penyes-roges_2025,3554,3534,85.782845,67.0,2026-05-04 13:00:00,5
5420,playa-de-ses-penyes-roges_2025,3555,3534,79.12334,57.0,2026-05-04 14:00:00,5
5421,playa-de-ses-penyes-roges_2025,3556,3534,78.71943,84.0,2026-05-04 15:00:00,5
5422,playa-de-ses-penyes-roges_2025,3557,3534,71.5784,59.0,2026-05-04 16:00:00,5
5423,playa-de-ses-penyes-roges_2025,3558,3534,53.486816,90.0,2026-05-04 17:00:00,5
5424,playa-de-ses-penyes-roges_2025,3559,3534,18.847061,17.0,2026-05-04 18:00:00,5
5425,playa-de-ses-penyes-roges_2025,3560,3534,21.121052,23.0,2026-05-04 19:00:00,5
5426,playa-de-ses-penyes-roges_2025,3561,3534,15.492896,8.0,2026-05-04 20:00:00,5
5427,playa-de-ses-penyes-roges_2025,3562,3534,84.49259,64.0,2026-05-05 08:00:00,5
5428,playa-de-ses-penyes-roges_2025,3563,3534,98.26378,112.0,2026-05-05 09:00:00,5
5429,playa-de-ses-penyes-roges_2025,3564,3534,99.292854,87.0,2026-05-05 10:00:00,5
5430,playa-de-ses-penyes-roges_2025,3565,3534,92.42305,91.0,2026-05-05 11:00:00,5
5431,playa-de-ses-penyes-roges_2025,3566,3534,89.193245,72.0,2026-05-05 12:00:00,5
5432,playa-de-ses-penyes-roges_2025,3567,3534,87.836685,62.0,2026-05-05 13:00:00,5
5433,playa-de-ses-penyes-roges_2025,3568,3534,86.4539,80.0,2026-05-05 14:00:00,5
5434,playa-de-ses-penyes-roges_2025,3569,3534,84.476715,53.0,2026-05-05 15:00:00,5
5435,playa-de-ses-penyes-roges_2025,3570,3534,78.031235,51.0,2026-05-05 16:00:00,5
5436,playa-de-ses-penyes-roges_2025,3571,3570,61.27488,68.0,2026-05-05 17:00:00,5
5437,playa-de-ses-penyes-roges_2025,3572,3570,19.884354,19.0,2026-05-05 18:00:00,5
5438,playa-de-ses-penyes-roges_2025,3573,3570,16.107609,29.0,2026-05-05 19:00:00,5
5439,playa-de-ses-penyes-roges_2025,3574,3570,8.869351,7.0,2026-05-05 20:00:00,5
5440,playa-de-ses-penyes-roges_2025,3575,3570,61.79584,125.0,2026-05-06 08:00:00,5
5441,playa-de-ses-penyes-roges_2025,3576,3570,82.190125,154.0,2026-05-06 09:00:00,5
5442,playa-de-ses-penyes-roges_2025,3577,3570,89.77822,120.0,2026-05-06 10:00:00,5
5443,playa-de-ses-penyes-roges_2025,3578,3570,83.19805,128.0,2026-05-06 11:00:00,5
5444,playa-de-ses-penyes-roges_2025,3579,3570,74.82143,128.0,2026-05-06 12:00:00,5
5445,playa-de-ses-penyes-roges_2025,3580,3570,72.77755,95.0,2026-05-06 13:00:00,5
5446,playa-de-ses-penyes-roges_2025,3581,3570,71.56604,104.0,2026-05-06 14:00:00,5
5447,playa-de-ses-penyes-roges_2025,3582,3570,66.22557,80.0,2026-05-06 15:00:00,5
5448,playa-de-ses-penyes-roges_2025,3583,3570,65.32341,3.0,2026-05-06 16:00:00,5
5449,playa-de-ses-penyes-roges_2025,3584,3570,68.577194,118.0,2026-05-06 17:00:00,5
5450,playa-de-ses-penyes-roges_2025,3585,3570,21.078371,42.0,2026-05-06 18:00:00,5
5451,playa-de-ses-penyes-roges_2025,3586,3570,17.662724,32.0,2026-05-06 19:00:00,5
5452,playa-de-ses-penyes-roges_2025,3587,3570,9.445559,11.0,2026-05-06 20:00:00,5
5453,playa-de-ses-penyes-roges_2025,3588,3570,65.07199,139.0,2026-05-07 08:00:00,5
5454,playa-de-ses-penyes-roges_2025,3589,3570,85.15958,119.0,2026-05-07 09:00:00,5
5455,playa-de-ses-penyes-roges_2025,3590,3570,91.43874,127.0,2026-05-07 10:00:00,5
5456,playa-de-ses-penyes-roges_2025,3591,3570,80.65664,111.0,2026-05-07 11:00:00,5
5457,playa-de-ses-penyes-roges_2025,3592,3570,69.54979,108.0,2026-05-07 14:00:00,5
5458,playa-de-ses-penyes-roges_2025,3593,3570,65.90619,12.0,2026-05-07 15:00:00,5
5459,playa-de-ses-penyes-roges_2025,3594,3570,62.037476,3.0,2026-05-07 16:00:00,5
5460,playa-de-ses-penyes-roges_2025,3595,3570,48.393814,112.0,2026-05-07 17:00:00,5
5461,playa-de-ses-penyes-roges_2025,3596,3570,19.387861,35.0,2026-05-07 18:00:00,5
5462,playa-de-ses-penyes-roges_2025,3597,3570,15.932447,26.0,2026-05-07 19:00:00,5
5463,playa-de-ses-penyes-roges_2025,3598,3570,9.638066,14.0,2026-05-07 20:00:00,5
5464,playa-de-ses-penyes-roges_2025,3599,3570,59.93707,111.0,2026-05-08 08:00:00,5
5465,playa-de-ses-penyes-roges_2025,3600,3570,72.58285,137.0,2026-05-08 09:00:00,5
5466,playa-de-ses-penyes-roges_2025,3601,3570,76.27978,120.0,2026-05-08 10:00:00,5
5467,playa-de-ses-penyes-roges_2025,3602,3570,72.78698,101.0,2026-05-08 11:00:00,5
5468,playa-de-ses-penyes-roges_2025,3603,3570,71.24832,79.0,2026-05-08 12:00:00,5
5469,playa-de-ses-penyes-roges_2025,3604,3570,70.5314,90.0,2026-05-08 13:00:00,5
5470,playa-de-ses-penyes-roges_2025,3605,3570,68.506424,60.0,2026-05-08 14:00:00,5
5471,playa-de-ses-penyes-roges_2025,3606,3570,64.784424,90.0,2026-05-08 15:00:00,5
5472,playa-de-ses-penyes-roges_2025,3607,3606,91.39038,118.0,2026-05-08 16:00:00,5
5473,playa-de-ses-penyes-roges_2025,3608,3606,87.65418,84.0,2026-05-08 17:00:00,5
5474,playa-de-ses-penyes-roges_2025,3609,3606,45.41088,32.0,2026-05-08 18:00:00,5
5475,playa-de-ses-penyes-roges_2025,3610,3606,29.583843,42.0,2026-05-08 19:00:00,5
5476,playa-de-ses-penyes-roges_2025,3611,3606,10.412116,11.0,2026-05-08 20:00:00,5
5477,playa-de-ses-penyes-roges_2025,3612,3606,103.769226,112.0,2026-05-09 08:00:00,5
5478,playa-de-ses-penyes-roges_2025,3613,3606,121.59014,72.0,2026-05-09 09:00:00,5
5479,playa-de-ses-penyes-roges_2025,3614,3606,115.41568,122.0,2026-05-09 10:00:00,5
5480,playa-de-ses-penyes-roges_2025,3615,3606,109.43913,94.0,2026-05-09 11:00:00,5
5481,playa-de-ses-penyes-roges_2025,3616,3606,104.36924,74.0,2026-05-09 12:00:00,5
5482,playa-de-ses-penyes-roges_2025,3617,3606,97.90679,110.0,2026-05-09 13:00:00,5
5483,playa-de-ses-penyes-roges_2025,3618,3606,91.147766,119.0,2026-05-09 14:00:00,5
5484,playa-de-ses-penyes-roges_2025,3619,3606,92.24298,30.0,2026-05-09 15:00:00,5
5485,playa-de-ses-penyes-roges_2025,3620,3606,90.169914,132.0,2026-05-09 16:00:00,5
5486,playa-de-ses-penyes-roges_2025,3621,3606,64.197685,103.0,2026-05-09 17:00:00,5
5487,playa-de-ses-penyes-roges_2025,3622,3606,31.946886,39.0,2026-05-09 18:00:00,5
5488,playa-de-ses-penyes-roges_2025,3623,3606,23.849895,40.0,2026-05-09 19:00:00,5
5489,playa-de-ses-penyes-roges_2025,3624,3606,10.268929,14.0,2026-05-09 20:00:00,5
5490,playa-de-ses-penyes-roges_2025,3625,3606,111.46887,124.0,2026-05-10 08:00:00,5
5491,playa-de-ses-penyes-roges_2025,3626,3606,123.887596,137.0,2026-05-10 09:00:00,5
5492,playa-de-ses-penyes-roges_2025,3627,3606,120.088005,159.0,2026-05-10 10:00:00,5
5493,playa-de-ses-penyes-roges_2025,3628,3606,121.70292,163.0,2026-05-10 11:00:00,5
5494,playa-de-ses-penyes-roges_2025,3629,3606,120.79252,164.0,2026-05-10 12:00:00,5
5495,playa-de-ses-penyes-roges_2025,3630,3606,118.923294,148.0,2026-05-10 13:00:00,5
5496,playa-de-ses-penyes-roges_2025,3631,3606,114.38711,134.0,2026-05-10 14:00:00,5
5497,playa-de-ses-penyes-roges_2025,3632,3606,103.764824,96.0,2026-05-10 15:00:00,5
5498,playa-de-ses-penyes-roges_2025,3633,3606,105.62717,80.0,2026-05-10 16:00:00,5
5499,playa-de-ses-penyes-roges_2025,3634,3606,99.234604,99.0,2026-05-10 17:00:00,5
5500,playa-de-ses-penyes-roges_2025,3635,3606,47.57843,32.0,2026-05-10 18:00:00,5
5501,playa-de-ses-penyes-roges_2025,3636,3606,31.92694,25.0,2026-05-10 19:00:00,5
5502,playa-de-ses-penyes-roges_2025,3637,3606,9.479549,10.0,2026-05-10 20:00:00,5
5503,playa-de-ses-penyes-roges_2025,3638,3606,115.354935,144.0,2026-05-11 08:00:00,5
5504,playa-de-ses-penyes-roges_2025,3639,3606,126.30928,182.0,2026-05-11 09:00:00,5
5505,playa-de-ses-penyes-roges_2025,3640,3606,122.56568,157.0,2026-05-11 10:00:00,5
5506,playa-de-ses-penyes-roges_2025,3641,3606,111.07019,112.0,2026-05-11 11:00:00,5
5507,playa-de-ses-penyes-roges_2025,3642,3606,105.20441,106.0,2026-05-11 12:00:00,5
5508,playa-de-ses-penyes-roges_2025,3643,3642,108.43712,83.0,2026-05-11 13:00:00,5
5509,playa-de-ses-penyes-roges_2025,3644,3642,104.70292,117.0,2026-05-11 14:00:00,5
5510,playa-de-ses-penyes-roges_2025,3645,3642,93.43959,91.0,2026-05-11 15:00:00,5
5511,playa-de-ses-penyes-roges_2025,3646,3642,78.49912,143.0,2026-05-11 16:00:00,5
5512,playa-de-ses-penyes-roges_2025,3647,3642,79.42626,102.0,2026-05-11 17:00:00,5
5513,playa-de-ses-penyes-roges_2025,3648,3642,42.603226,32.0,2026-05-11 18:00:00,5
5514,playa-de-ses-penyes-roges_2025,3649,3642,28.863579,26.0,2026-05-11 19:00:00,5
5515,playa-de-ses-penyes-roges_2025,3650,3642,13.150328,12.0,2026-05-11 20:00:00,5
5516,playa-de-ses-penyes-roges_2025,3651,3642,126.52297,127.0,2026-05-12 08:00:00,5
5517,playa-de-ses-penyes-roges_2025,3652,3642,148.26576,84.0,2026-05-12 09:00:00,5
5518,playa-de-ses-penyes-roges_2025,3653,3642,143.3488,101.0,2026-05-12 10:00:00,5
5519,playa-de-ses-penyes-roges_2025,3654,3642,120.98407,102.0,2026-05-12 11:00:00,5
5520,playa-de-ses-penyes-roges_2025,3655,3642,110.12751,80.0,2026-05-12 12:00:00,5
5521,playa-de-ses-penyes-roges_2025,3656,3642,105.17894,75.0,2026-05-12 13:00:00,5
5522,playa-de-ses-penyes-roges_2025,3657,3642,101.844124,81.0,2026-05-12 14:00:00,5
5523,playa-de-ses-penyes-roges_2025,3658,3642,93.8854,92.0,2026-05-12 15:00:00,5
5524,playa-de-ses-penyes-roges_2025,3659,3642,79.091934,78.0,2026-05-12 16:00:00,5
5525,playa-de-ses-penyes-roges_2025,3660,3642,78.5136,104.0,2026-05-12 17:00:00,5
5526,playa-de-ses-penyes-roges_2025,3661,3642,40.814835,21.0,2026-05-12 18:00:00,5
5527,playa-de-ses-penyes-roges_2025,3662,3642,27.990578,23.0,2026-05-12 19:00:00,5
5528,playa-de-ses-penyes-roges_2025,3663,3642,12.843527,10.0,2026-05-12 20:00:00,5
5529,playa-de-ses-penyes-roges_2025,3664,3642,125.73631,124.0,2026-05-13 08:00:00,5
5530,playa-de-ses-penyes-roges_2025,3665,3642,143.70316,140.0,2026-05-13 09:00:00,5
5531,playa-de-ses-penyes-roges_2025,3666,3642,142.17809,137.0,2026-05-13 10:00:00,5
5532,playa-de-ses-penyes-roges_2025,3667,3642,121.98198,136.0,2026-05-13 11:00:00,5
5533,playa-de-ses-penyes-roges_2025,3668,3642,110.804695,108.0,2026-05-13 12:00:00,5
5534,playa-de-ses-penyes-roges_2025,3669,3642,109.69957,92.0,2026-05-13 13:00:00,5
5535,playa-de-ses-penyes-roges_2025,3670,3642,106.65584,112.0,2026-05-13 14:00:00,5
5536,playa-de-ses-penyes-roges_2025,3671,3642,95.59585,99.0,2026-05-13 15:00:00,5
5537,playa-de-ses-penyes-roges_2025,3672,3642,80.88743,121.0,2026-05-13 16:00:00,5
5538,playa-de-ses-penyes-roges_2025,3673,3642,80.146095,129.0,2026-05-13 17:00:00,5
5539,playa-de-ses-penyes-roges_2025,3674,3642,42.33855,30.0,2026-05-13 18:00:00,5
5540,playa-de-ses-penyes-roges_2025,3675,3642,28.615852,28.0,2026-05-13 19:00:00,5
5541,playa-de-ses-penyes-roges_2025,3676,3642,13.066693,11.0,2026-05-13 20:00:00,5
5542,playa-de-ses-penyes-roges_2025,3677,3642,125.624916,149.0,2026-05-14 08:00:00,5
5543,playa-de-ses-penyes-roges_2025,3678,3642,145.43756,156.0,2026-05-14 09:00:00,5
5544,playa-de-ses-penyes-roges_2025,3679,3678,135.64981,128.0,2026-05-14 10:00:00,5
5545,playa-de-ses-penyes-roges_2025,3680,3678,103.98893,121.0,2026-05-14 12:00:00,5
5546,playa-de-ses-penyes-roges_2025,3681,3678,102.28237,93.0,2026-05-14 13:00:00,5
5547,playa-de-ses-penyes-roges_2025,3682,3678,109.66465,84.0,2026-05-14 14:00:00,5
5548,playa-de-ses-penyes-roges_2025,3683,3678,115.27879,62.0,2026-05-14 15:00:00,5
5549,playa-de-ses-penyes-roges_2025,3684,3678,121.64666,89.0,2026-05-14 16:00:00,5
5550,playa-de-ses-penyes-roges_2025,3685,3678,106.47165,76.0,2026-05-14 17:00:00,5
5551,playa-de-ses-penyes-roges_2025,3686,3678,40.080254,43.0,2026-05-14 18:00:00,5
5552,playa-de-ses-penyes-roges_2025,3687,3678,25.94913,36.0,2026-05-14 19:00:00,5
5553,playa-de-ses-penyes-roges_2025,3688,3678,12.067236,14.0,2026-05-14 20:00:00,5
5554,playa-de-ses-penyes-roges_2025,3689,3678,118.50233,96.0,2026-05-15 08:00:00,5
5555,playa-de-ses-penyes-roges_2025,3690,3678,137.38284,123.0,2026-05-15 10:00:00,5
5556,playa-de-ses-penyes-roges_2025,3691,3678,123.11862,123.0,2026-05-15 11:00:00,5
5557,playa-de-ses-penyes-roges_2025,3692,3678,93.16598,120.0,2026-05-15 12:00:00,5
5558,playa-de-ses-penyes-roges_2025,3693,3678,66.91783,122.0,2026-05-15 15:00:00,5
5559,playa-de-ses-penyes-roges_2025,3694,3678,55.108242,110.0,2026-05-15 16:00:00,5
5560,playa-de-ses-penyes-roges_2025,3695,3678,37.023277,154.0,2026-05-15 17:00:00,5
5561,playa-de-ses-penyes-roges_2025,3696,3678,23.306767,22.0,2026-05-15 19:00:00,5
5562,playa-de-ses-penyes-roges_2025,3697,3678,12.738778,15.0,2026-05-15 20:00:00,5
5563,playa-de-ses-penyes-roges_2025,3698,3678,129.1004,194.0,2026-05-16 08:00:00,5
5564,playa-de-ses-penyes-roges_2025,3699,3678,140.50368,131.0,2026-05-16 09:00:00,5
5565,playa-de-ses-penyes-roges_2025,3700,3678,140.78328,102.0,2026-05-16 10:00:00,5
5566,playa-de-ses-penyes-roges_2025,3701,3678,129.82176,108.0,2026-05-16 11:00:00,5
5567,playa-de-ses-penyes-roges_2025,3702,3678,101.68505,96.0,2026-05-16 13:00:00,5
5568,playa-de-ses-penyes-roges_2025,3703,3678,106.467026,108.0,2026-05-16 15:00:00,5
5569,playa-de-ses-penyes-roges_2025,3704,3678,142.38441,118.0,2026-05-17 09:00:00,5
5570,playa-de-ses-penyes-roges_2025,3705,3678,115.23787,101.0,2026-05-17 13:00:00,5
5571,playa-de-ses-penyes-roges_2025,3706,3678,129.65324,132.0,2026-05-17 14:00:00,5
5572,playa-de-ses-penyes-roges_2025,3707,3678,126.835625,163.0,2026-05-17 15:00:00,5
5573,playa-de-ses-penyes-roges_2025,3708,3678,127.89575,122.0,2026-05-17 16:00:00,5
5574,playa-de-ses-penyes-roges_2025,3709,3678,98.87649,109.0,2026-05-17 17:00:00,5
5575,playa-de-ses-penyes-roges_2025,3710,3678,109.5913,135.0,2026-05-18 12:00:00,5
5576,playa-de-ses-penyes-roges_2025,3711,3678,98.34793,150.0,2026-05-18 13:00:00,5
5577,playa-de-ses-penyes-roges_2025,3712,3678,101.095,137.0,2026-05-18 14:00:00,5
5578,playa-de-ses-penyes-roges_2025,3713,3678,103.50972,119.0,2026-05-18 15:00:00,5
5579,playa-de-ses-penyes-roges_2025,3714,3678,105.31218,105.0,2026-05-18 16:00:00,5
5580,playa-de-tora_2025,2736,2735,10.044523,4.0,2025-11-19 09:00:00,11
5581,playa-de-tora_2025,2737,2735,10.23947,10.0,2025-11-19 10:00:00,11
5582,playa-de-tora_2025,2738,2735,11.80638,9.0,2025-11-19 11:00:00,11
5583,playa-de-tora_2025,2739,2735,12.37054,26.0,2025-11-19 12:00:00,11
5584,playa-de-tora_2025,2740,2735,13.156751,20.0,2025-11-19 13:00:00,11
5585,playa-de-tora_2025,2741,2735,16.258984,10.0,2025-11-19 14:00:00,11
5586,playa-de-tora_2025,2742,2735,16.458893,19.0,2025-11-19 15:00:00,11
5587,playa-de-tora_2025,2743,2735,14.904815,19.0,2025-11-19 16:00:00,11
5588,playa-de-tora_2025,2744,2735,11.764097,12.0,2025-11-19 17:00:00,11
5589,playa-de-tora_2025,2745,2735,9.989744,12.0,2025-11-19 18:00:00,11
5590,playa-de-tora_2025,2746,2735,11.480497,14.0,2025-11-19 19:00:00,11
5591,playa-de-tora_2025,2747,2735,10.74062,12.0,2025-11-19 20:00:00,11
5592,playa-de-tora_2025,2748,2735,12.040635,28.0,2025-11-20 08:00:00,11
5593,playa-de-tora_2025,2749,2735,10.379301,16.0,2025-11-20 09:00:00,11
5594,playa-de-tora_2025,2750,2735,9.619296,16.0,2025-11-20 10:00:00,11
5595,playa-de-tora_2025,2751,2735,10.302372,21.0,2025-11-20 11:00:00,11
5596,playa-de-tora_2025,2752,2735,9.118045,15.0,2025-11-20 12:00:00,11
5597,playa-de-tora_2025,2753,2735,9.115808,17.0,2025-11-20 13:00:00,11
5598,playa-de-tora_2025,2754,2735,9.498377,26.0,2025-11-20 14:00:00,11
5599,playa-de-tora_2025,2755,2735,10.253766,21.0,2025-11-20 15:00:00,11
5600,playa-de-tora_2025,2756,2735,11.642651,17.0,2025-11-20 16:00:00,11
5601,playa-de-tora_2025,2757,2735,9.810823,1.0,2025-11-20 17:00:00,11
5602,playa-de-tora_2025,2758,2735,9.766222,0.0,2025-11-20 18:00:00,11
5603,playa-de-tora_2025,2759,2735,11.493221,1.0,2025-11-20 19:00:00,11
5604,playa-de-tora_2025,2760,2735,10.66518,1.0,2025-11-20 20:00:00,11
5605,playa-de-tora_2025,2761,2735,12.074676,11.0,2025-11-21 08:00:00,11
5606,playa-de-tora_2025,2762,2735,11.570015,10.0,2025-11-21 09:00:00,11
5607,playa-de-tora_2025,2763,2735,10.095354,18.0,2025-11-21 10:00:00,11
5608,playa-de-tora_2025,2764,2735,9.792037,6.0,2025-11-21 11:00:00,11
5609,playa-de-tora_2025,2765,2735,9.580091,8.0,2025-11-21 12:00:00,11
5610,playa-de-tora_2025,2766,2735,9.66768,8.0,2025-11-21 13:00:00,11
5611,playa-de-tora_2025,2767,2735,11.5958,19.0,2025-11-21 14:00:00,11
5612,playa-de-tora_2025,2768,2735,12.280759,27.0,2025-11-21 15:00:00,11
5613,playa-de-tora_2025,2769,2735,13.078407,41.0,2025-11-21 16:00:00,11
5614,playa-de-tora_2025,2770,2735,10.1291685,0.0,2025-11-21 17:00:00,11
5615,playa-de-tora_2025,2771,2735,10.073307,0.0,2025-11-21 18:00:00,11
5616,playa-de-tora_2025,2772,2771,4.2271276,0.0,2025-11-21 19:00:00,11
5617,playa-de-tora_2025,2773,2771,4.70857,0.0,2025-11-21 20:00:00,11
5618,playa-de-tora_2025,2774,2771,13.3494,10.0,2025-11-22 08:00:00,11
5619,playa-de-tora_2025,2775,2771,14.304872,7.0,2025-11-22 09:00:00,11
5620,playa-de-tora_2025,2776,2771,13.135006,13.0,2025-11-22 10:00:00,11
5621,playa-de-tora_2025,2777,2771,13.597719,18.0,2025-11-22 11:00:00,11
5622,playa-de-tora_2025,2778,2771,14.780374,16.0,2025-11-22 12:00:00,11
5623,playa-de-tora_2025,2779,2771,14.72841,22.0,2025-11-22 13:00:00,11
5624,playa-de-tora_2025,2780,2771,15.702486,38.0,2025-11-22 14:00:00,11
5625,playa-de-tora_2025,2781,2771,19.853617,41.0,2025-11-22 15:00:00,11
5626,playa-de-tora_2025,2782,2771,18.634367,36.0,2025-11-22 16:00:00,11
5627,playa-de-tora_2025,2783,2771,10.471862,1.0,2025-11-22 17:00:00,11
5628,playa-de-tora_2025,2784,2771,6.0411525,0.0,2025-11-22 18:00:00,11
5629,playa-de-tora_2025,2785,2771,6.663602,0.0,2025-11-22 19:00:00,11
5630,playa-de-tora_2025,2786,2771,5.8735795,0.0,2025-11-22 20:00:00,11
5631,playa-de-tora_2025,2787,2771,16.561945,11.0,2025-11-23 08:00:00,11
5632,playa-de-tora_2025,2788,2771,16.020561,10.0,2025-11-23 09:00:00,11
5633,playa-de-tora_2025,2789,2771,19.587612,19.0,2025-11-23 10:00:00,11
5634,playa-de-tora_2025,2790,2771,21.539505,15.0,2025-11-23 11:00:00,11
5635,playa-de-tora_2025,2791,2771,25.19642,13.0,2025-11-23 12:00:00,11
5636,playa-de-tora_2025,2792,2771,27.224043,5.0,2025-11-23 13:00:00,11
5637,playa-de-tora_2025,2793,2771,26.15531,35.0,2025-11-23 14:00:00,11
5638,playa-de-tora_2025,2794,2771,25.83684,36.0,2025-11-23 15:00:00,11
5639,playa-de-tora_2025,2795,2771,22.71727,39.0,2025-11-23 16:00:00,11
5640,playa-de-tora_2025,2796,2771,12.122987,1.0,2025-11-23 17:00:00,11
5641,playa-de-tora_2025,2797,2771,5.3618126,0.0,2025-11-23 18:00:00,11
5642,playa-de-tora_2025,2798,2771,6.452439,0.0,2025-11-23 19:00:00,11
5643,playa-de-tora_2025,2799,2771,5.5780306,0.0,2025-11-23 20:00:00,11
5644,playa-de-tora_2025,2800,2771,13.58899,5.0,2025-11-24 08:00:00,11
5645,playa-de-tora_2025,2801,2771,13.447302,5.0,2025-11-24 09:00:00,11
5646,playa-de-tora_2025,2802,2771,13.699972,4.0,2025-11-24 10:00:00,11
5647,playa-de-tora_2025,2803,2771,13.591377,6.0,2025-11-24 11:00:00,11
5648,playa-de-tora_2025,2804,2771,16.257547,0.0,2025-11-24 12:00:00,11
5649,playa-de-tora_2025,2805,2771,14.451911,6.0,2025-11-24 13:00:00,11
5650,playa-de-tora_2025,2806,2771,15.185686,22.0,2025-11-24 14:00:00,11
5651,playa-de-tora_2025,2807,2771,15.510648,39.0,2025-11-24 15:00:00,11
5652,playa-de-tora_2025,2808,2807,26.144045,23.0,2025-11-24 16:00:00,11
5653,playa-de-tora_2025,2809,2807,2.30575,0.0,2025-11-24 17:00:00,11
5654,playa-de-tora_2025,2810,2807,0.7157708,0.0,2025-11-24 18:00:00,11
5655,playa-de-tora_2025,2811,2807,0.45088363,0.0,2025-11-24 19:00:00,11
5656,playa-de-tora_2025,2812,2807,0.006103672,0.0,2025-11-24 20:00:00,11
5657,playa-de-tora_2025,2813,2807,5.6658354,7.0,2025-11-25 08:00:00,11
5658,playa-de-tora_2025,2814,2807,5.9955673,7.0,2025-11-25 09:00:00,11
5659,playa-de-tora_2025,2815,2807,8.120006,9.0,2025-11-25 10:00:00,11
5660,playa-de-tora_2025,2816,2807,7.672776,6.0,2025-11-25 11:00:00,11
5661,playa-de-tora_2025,2817,2807,7.9782767,0.0,2025-11-25 12:00:00,11
5662,playa-de-tora_2025,2818,2807,10.092759,3.0,2025-11-25 13:00:00,11
5663,playa-de-tora_2025,2819,2807,13.932868,4.0,2025-11-25 14:00:00,11
5664,playa-de-tora_2025,2820,2807,20.771578,10.0,2025-11-25 15:00:00,11
5665,playa-de-tora_2025,2821,2807,24.353039,14.0,2025-11-25 16:00:00,11
5666,playa-de-tora_2025,2822,2807,2.4960299,0.0,2025-11-25 17:00:00,11
5667,playa-de-tora_2025,2823,2807,0.13008755,0.0,2025-11-25 18:00:00,11
5668,playa-de-tora_2025,2824,2807,0.2888884,0.0,2025-11-25 19:00:00,11
5669,playa-de-tora_2025,2825,2807,0.23592138,0.0,2025-11-25 20:00:00,11
5670,playa-de-tora_2025,2826,2807,6.2876973,21.0,2025-11-26 08:00:00,11
5671,playa-de-tora_2025,2827,2807,7.261787,10.0,2025-11-26 09:00:00,11
5672,playa-de-tora_2025,2828,2807,7.934805,11.0,2025-11-26 10:00:00,11
5673,playa-de-tora_2025,2829,2807,6.973692,8.0,2025-11-26 11:00:00,11
5674,playa-de-tora_2025,2830,2807,7.592946,3.0,2025-11-26 12:00:00,11
5675,playa-de-tora_2025,2831,2807,9.915232,4.0,2025-11-26 13:00:00,11
5676,playa-de-tora_2025,2832,2807,13.247381,15.0,2025-11-26 14:00:00,11
5677,playa-de-tora_2025,2833,2807,19.786797,47.0,2025-11-26 15:00:00,11
5678,playa-de-tora_2025,2834,2807,25.502007,45.0,2025-11-26 16:00:00,11
5679,playa-de-tora_2025,2835,2807,2.8771882,0.0,2025-11-26 17:00:00,11
5680,playa-de-tora_2025,2836,2807,0.09669193,0.0,2025-11-26 18:00:00,11
5681,playa-de-tora_2025,2837,2807,0.16724508,0.0,2025-11-26 19:00:00,11
5682,playa-de-tora_2025,2838,2807,0.21986324,0.0,2025-11-26 20:00:00,11
5683,playa-de-tora_2025,2839,2807,7.189152,17.0,2025-11-27 08:00:00,11
5684,playa-de-tora_2025,2840,2807,7.521303,15.0,2025-11-27 09:00:00,11
5685,playa-de-tora_2025,2841,2807,8.51943,7.0,2025-11-27 10:00:00,11
5686,playa-de-tora_2025,2842,2807,8.743181,3.0,2025-11-27 11:00:00,11
5687,playa-de-tora_2025,2843,2807,13.012223,6.0,2025-11-30 13:00:00,11
5688,playa-de-tora_2025,2844,2843,11.102614,6.0,2025-11-30 14:00:00,11
5689,playa-de-tora_2025,2845,2843,19.348763,13.0,2025-11-30 15:00:00,11
5690,playa-de-tora_2025,2846,2843,22.448263,10.0,2025-11-30 16:00:00,11
5691,playa-de-tora_2025,2847,2843,1.7908705,1.0,2025-11-30 17:00:00,11
5692,playa-de-tora_2025,2848,2843,0.14049043,1.0,2025-11-30 18:00:00,11
5693,playa-de-tora_2025,2849,2843,0.27427426,1.0,2025-11-30 19:00:00,11
5694,playa-de-tora_2025,2850,2843,0.27757257,0.0,2025-11-30 20:00:00,11
5695,playa-de-tora_2025,2851,2843,14.674232,32.0,2025-12-01 08:00:00,12
5696,playa-de-tora_2025,2852,2843,11.583411,30.0,2025-12-01 09:00:00,12
5697,playa-de-tora_2025,2853,2843,8.173938,13.0,2025-12-01 10:00:00,12
5698,playa-de-tora_2025,2854,2843,6.238421,9.0,2025-12-01 11:00:00,12
5699,playa-de-tora_2025,2855,2843,5.267101,4.0,2025-12-01 12:00:00,12
5700,playa-de-tora_2025,2856,2843,5.99823,8.0,2025-12-01 13:00:00,12
5701,playa-de-tora_2025,2857,2843,9.793572,11.0,2025-12-01 14:00:00,12
5702,playa-de-tora_2025,2858,2843,19.384584,41.0,2025-12-01 15:00:00,12
5703,playa-de-tora_2025,2859,2843,23.649696,17.0,2025-12-01 16:00:00,12
5704,playa-de-tora_2025,2860,2843,2.7994208,3.0,2025-12-01 17:00:00,12
5705,playa-de-tora_2025,2861,2843,0.0741742,1.0,2025-12-01 18:00:00,12
5706,playa-de-tora_2025,2862,2843,0.18402761,0.0,2025-12-01 19:00:00,12
5707,playa-de-tora_2025,2863,2843,0.23630664,0.0,2025-12-01 20:00:00,12
5708,playa-de-tora_2025,2864,2843,13.524348,27.0,2025-12-02 08:00:00,12
5709,playa-de-tora_2025,2865,2843,9.393034,19.0,2025-12-02 09:00:00,12
5710,playa-de-tora_2025,2866,2843,7.068267,25.0,2025-12-02 10:00:00,12
5711,playa-de-tora_2025,2867,2843,5.97881,22.0,2025-12-02 11:00:00,12
5712,playa-de-tora_2025,2868,2843,5.6887693,1.0,2025-12-02 12:00:00,12
5713,playa-de-tora_2025,2869,2843,6.027043,8.0,2025-12-02 13:00:00,12
5714,playa-de-tora_2025,2870,2843,7.1734653,4.0,2025-12-02 14:00:00,12
5715,playa-de-tora_2025,2871,2843,9.861906,18.0,2025-12-02 15:00:00,12
5716,playa-de-tora_2025,2872,2843,10.4473715,22.0,2025-12-02 16:00:00,12
5717,playa-de-tora_2025,2873,2843,0.36924934,0.0,2025-12-02 17:00:00,12
5718,playa-de-tora_2025,2874,2843,0.2252911,0.0,2025-12-02 18:00:00,12
5719,playa-de-tora_2025,2875,2843,0.26333576,0.0,2025-12-02 19:00:00,12
5720,playa-de-tora_2025,2876,2843,0.15062562,0.0,2025-12-02 20:00:00,12
5721,playa-de-tora_2025,2877,2843,13.263068,18.0,2025-12-03 08:00:00,12
5722,playa-de-tora_2025,2878,2843,9.74904,8.0,2025-12-03 09:00:00,12
5723,playa-de-tora_2025,2879,2843,7.8910923,18.0,2025-12-03 10:00:00,12
5724,playa-de-tora_2025,2880,2879,11.884838,16.0,2025-12-03 11:00:00,12
5725,playa-de-tora_2025,2881,2879,11.03376,6.0,2025-12-03 12:00:00,12
5726,playa-de-tora_2025,2882,2879,12.249955,11.0,2025-12-03 13:00:00,12
5727,playa-de-tora_2025,2883,2879,16.97916,10.0,2025-12-03 14:00:00,12
5728,playa-de-tora_2025,2884,2879,20.537428,15.0,2025-12-03 15:00:00,12
5729,playa-de-tora_2025,2885,2879,18.378113,20.0,2025-12-03 16:00:00,12
5730,playa-de-tora_2025,2886,2879,2.4509335,0.0,2025-12-03 17:00:00,12
5731,playa-de-tora_2025,2887,2879,0.4087234,0.0,2025-12-03 18:00:00,12
5732,playa-de-tora_2025,2888,2879,0.3618263,0.0,2025-12-03 19:00:00,12
5733,playa-de-tora_2025,2889,2879,0.3108156,0.0,2025-12-03 20:00:00,12
5734,playa-de-tora_2025,2890,2879,22.387403,12.0,2025-12-04 08:00:00,12
5735,playa-de-tora_2025,2891,2879,20.208889,7.0,2025-12-04 09:00:00,12
5736,playa-de-tora_2025,2892,2879,15.210548,5.0,2025-12-04 10:00:00,12
5737,playa-de-tora_2025,2893,2879,11.964108,13.0,2025-12-04 11:00:00,12
5738,playa-de-tora_2025,2894,2879,12.421951,12.0,2025-12-04 12:00:00,12
5739,playa-de-tora_2025,2895,2879,14.705811,20.0,2025-12-04 13:00:00,12
5740,playa-de-tora_2025,2896,2879,18.078203,14.0,2025-12-04 14:00:00,12
5741,playa-de-tora_2025,2897,2879,21.335056,5.0,2025-12-04 15:00:00,12
5742,playa-de-tora_2025,2898,2879,16.483177,12.0,2025-12-04 16:00:00,12
5743,playa-de-tora_2025,2899,2879,2.4466166,2.0,2025-12-04 17:00:00,12
5744,playa-de-tora_2025,2900,2879,0.5278296,0.0,2025-12-04 18:00:00,12
5745,playa-de-tora_2025,2901,2879,0.37784374,0.0,2025-12-04 19:00:00,12
5746,playa-de-tora_2025,2902,2879,0.4036252,0.0,2025-12-04 20:00:00,12
5747,playa-de-tora_2025,2903,2879,20.451126,10.0,2025-12-05 08:00:00,12
5748,playa-de-tora_2025,2904,2879,17.740948,14.0,2025-12-05 09:00:00,12
5749,playa-de-tora_2025,2905,2879,13.346335,15.0,2025-12-05 10:00:00,12
5750,playa-de-tora_2025,2906,2879,11.223337,2.0,2025-12-05 11:00:00,12
5751,playa-de-tora_2025,2907,2879,10.022931,2.0,2025-12-05 12:00:00,12
5752,playa-de-tora_2025,2908,2879,10.907874,4.0,2025-12-05 13:00:00,12
5753,playa-de-tora_2025,2909,2879,14.755087,11.0,2025-12-05 14:00:00,12
5754,playa-de-tora_2025,2910,2879,18.086386,22.0,2025-12-05 15:00:00,12
5755,playa-de-tora_2025,2911,2879,15.9440565,19.0,2025-12-05 16:00:00,12
5756,playa-de-tora_2025,2912,2879,2.148963,1.0,2025-12-05 17:00:00,12
5757,playa-de-tora_2025,2913,2879,0.33436292,0.0,2025-12-05 18:00:00,12
5758,playa-de-tora_2025,2914,2879,0.28183705,0.0,2025-12-05 19:00:00,12
5759,playa-de-tora_2025,2915,2879,0.37133184,0.0,2025-12-05 20:00:00,12
5760,port_2025,4302,4301,2.856564,3.0,2026-05-05 18:00:00,5
5761,port_2025,4303,4301,2.0941722,3.0,2026-05-05 19:00:00,5
5762,port_2025,4304,4301,2.018279,2.0,2026-05-05 20:00:00,5
5763,port_2025,4305,4301,3.2268991,3.0,2026-05-06 08:00:00,5
5764,port_2025,4306,4301,3.7222002,3.0,2026-05-06 09:00:00,5
5765,port_2025,4307,4301,3.8716416,3.0,2026-05-06 10:00:00,5
5766,port_2025,4308,4301,3.9171655,2.0,2026-05-06 11:00:00,5
5767,port_2025,4309,4301,3.8366222,6.0,2026-05-06 12:00:00,5
5768,port_2025,4310,4301,3.6990974,3.0,2026-05-06 13:00:00,5
5769,port_2025,4311,4301,3.581936,3.0,2026-05-06 14:00:00,5
5770,port_2025,4312,4301,3.4225879,5.0,2026-05-06 15:00:00,5
5771,port_2025,4313,4301,3.1456141,2.0,2026-05-06 16:00:00,5
5772,port_2025,4314,4301,2.9999356,12.0,2026-05-06 17:00:00,5
5773,port_2025,4315,4301,2.9234035,3.0,2026-05-06 18:00:00,5
5774,port_2025,4316,4301,2.1781328,3.0,2026-05-06 19:00:00,5
5775,port_2025,4317,4301,2.0335126,2.0,2026-05-06 20:00:00,5
5776,port_2025,4318,4301,3.219965,3.0,2026-05-07 08:00:00,5
5777,port_2025,4319,4301,3.6367378,3.0,2026-05-07 09:00:00,5
5778,port_2025,4320,4301,3.8395422,4.0,2026-05-07 10:00:00,5
5779,port_2025,4321,4301,3.8265066,3.0,2026-05-07 11:00:00,5
5780,port_2025,4322,4301,3.753325,3.0,2026-05-07 12:00:00,5
5781,port_2025,4323,4301,3.6377978,3.0,2026-05-07 13:00:00,5
5782,port_2025,4324,4301,3.4542713,3.0,2026-05-07 14:00:00,5
5783,port_2025,4325,4301,3.2969422,3.0,2026-05-07 15:00:00,5
5784,port_2025,4326,4301,3.0622497,3.0,2026-05-07 16:00:00,5
5785,port_2025,4327,4301,2.987597,3.0,2026-05-07 17:00:00,5
5786,port_2025,4328,4301,2.9225006,3.0,2026-05-07 18:00:00,5
5787,port_2025,4329,4301,2.164096,3.0,2026-05-07 19:00:00,5
5788,port_2025,4330,4301,2.0270236,3.0,2026-05-07 20:00:00,5
5789,port_2025,4331,4301,3.0773563,3.0,2026-05-08 08:00:00,5
5790,port_2025,4332,4301,3.310448,3.0,2026-05-08 09:00:00,5
5791,port_2025,4333,4301,3.4873967,3.0,2026-05-08 10:00:00,5
5792,port_2025,4334,4301,3.5281897,3.0,2026-05-08 11:00:00,5
5793,port_2025,4335,4301,3.4900956,3.0,2026-05-08 12:00:00,5
5794,port_2025,4336,4301,3.471824,3.0,2026-05-08 13:00:00,5
5795,port_2025,4337,4301,3.3916538,3.0,2026-05-08 14:00:00,5
5796,port_2025,4338,4337,2.8795507,3.0,2026-05-08 15:00:00,5
5797,port_2025,4339,4337,2.8586817,3.0,2026-05-08 16:00:00,5
5798,port_2025,4340,4337,2.9499066,3.0,2026-05-08 17:00:00,5
5799,port_2025,4341,4337,3.0081675,3.0,2026-05-08 18:00:00,5
5800,port_2025,4342,4337,2.7737396,3.0,2026-05-08 19:00:00,5
5801,port_2025,4343,4337,2.161439,3.0,2026-05-08 20:00:00,5
5802,port_2025,4344,4337,2.9962006,3.0,2026-05-09 08:00:00,5
5803,port_2025,4345,4337,3.0113082,3.0,2026-05-09 09:00:00,5
5804,port_2025,4346,4337,2.9592538,3.0,2026-05-09 10:00:00,5
5805,port_2025,4347,4337,2.9398062,3.0,2026-05-09 11:00:00,5
5806,port_2025,4348,4337,2.9647179,2.0,2026-05-09 12:00:00,5
5807,port_2025,4349,4337,2.972516,2.0,2026-05-09 13:00:00,5
5808,port_2025,4350,4337,2.9270067,4.0,2026-05-09 14:00:00,5
5809,port_2025,4351,4337,2.9210875,6.0,2026-05-09 15:00:00,5
5810,port_2025,4352,4337,2.9122586,3.0,2026-05-09 16:00:00,5
5811,port_2025,4353,4337,2.9484272,3.0,2026-05-09 17:00:00,5
5812,port_2025,4354,4337,3.001649,2.0,2026-05-09 18:00:00,5
5813,port_2025,4355,4337,2.7522268,3.0,2026-05-09 19:00:00,5
5814,port_2025,4356,4337,2.2483325,2.0,2026-05-09 20:00:00,5
5815,port_2025,4357,4337,2.9550676,3.0,2026-05-10 08:00:00,5
5816,port_2025,4358,4337,2.9740858,4.0,2026-05-10 09:00:00,5
5817,port_2025,4359,4337,2.9707747,4.0,2026-05-10 10:00:00,5
5818,port_2025,4360,4337,2.9913735,5.0,2026-05-10 11:00:00,5
5819,port_2025,4361,4337,2.990892,3.0,2026-05-10 12:00:00,5
5820,port_2025,4362,4337,3.0551512,4.0,2026-05-10 13:00:00,5
5821,port_2025,4363,4337,3.167735,6.0,2026-05-10 14:00:00,5
5822,port_2025,4364,4337,3.2912493,13.0,2026-05-10 15:00:00,5
5823,port_2025,4365,4337,3.131123,26.0,2026-05-10 16:00:00,5
5824,port_2025,4366,4337,3.1239088,11.0,2026-05-10 17:00:00,5
5825,port_2025,4367,4337,3.127743,3.0,2026-05-10 18:00:00,5
5826,port_2025,4368,4337,2.8405733,3.0,2026-05-10 19:00:00,5
5827,port_2025,4369,4337,2.089642,2.0,2026-05-10 20:00:00,5
5828,port_2025,4370,4337,3.0464888,3.0,2026-05-11 08:00:00,5
5829,port_2025,4371,4337,3.0744467,3.0,2026-05-11 09:00:00,5
5830,port_2025,4372,4337,3.0288224,3.0,2026-05-11 10:00:00,5
5831,port_2025,4373,4337,2.9607046,3.0,2026-05-11 11:00:00,5
5832,port_2025,4374,4373,2.7227771,5.0,2026-05-11 12:00:00,5
5833,port_2025,4375,4373,2.8735151,4.0,2026-05-11 13:00:00,5
5834,port_2025,4376,4373,3.0462515,5.0,2026-05-11 14:00:00,5
5835,port_2025,4377,4373,3.2457087,5.0,2026-05-11 15:00:00,5
5836,port_2025,4378,4373,3.3932805,34.0,2026-05-11 16:00:00,5
5837,port_2025,4379,4373,2.929478,18.0,2026-05-11 17:00:00,5
5838,port_2025,4380,4373,2.5282276,12.0,2026-05-11 18:00:00,5
5839,port_2025,4381,4373,2.3406947,4.0,2026-05-11 19:00:00,5
5840,port_2025,4382,4373,2.1565557,2.0,2026-05-11 20:00:00,5
5841,port_2025,4383,4373,2.700845,3.0,2026-05-12 08:00:00,5
5842,port_2025,4384,4373,2.867718,4.0,2026-05-12 09:00:00,5
5843,port_2025,4385,4373,2.9727,4.0,2026-05-12 10:00:00,5
5844,port_2025,4386,4373,2.9527712,3.0,2026-05-12 11:00:00,5
5845,port_2025,4387,4373,3.011774,4.0,2026-05-12 12:00:00,5
5846,port_2025,4388,4373,3.0598,2.0,2026-05-12 13:00:00,5
5847,port_2025,4389,4373,3.1362896,3.0,2026-05-12 14:00:00,5
5848,port_2025,4390,4373,3.2096572,3.0,2026-05-12 15:00:00,5
5849,port_2025,4391,4373,3.4253235,10.0,2026-05-12 16:00:00,5
5850,port_2025,4392,4373,2.8715472,13.0,2026-05-12 17:00:00,5
5851,port_2025,4393,4373,2.5062227,3.0,2026-05-12 18:00:00,5
5852,port_2025,4394,4373,2.3114336,3.0,2026-05-12 19:00:00,5
5853,port_2025,4395,4373,2.1548095,2.0,2026-05-12 20:00:00,5
5854,port_2025,4396,4373,2.7381034,5.0,2026-05-13 08:00:00,5
5855,port_2025,4397,4373,2.8484476,6.0,2026-05-13 09:00:00,5
5856,port_2025,4398,4373,2.929072,11.0,2026-05-13 10:00:00,5
5857,port_2025,4399,4373,2.9010131,19.0,2026-05-13 11:00:00,5
5858,port_2025,4400,4373,2.8884163,11.0,2026-05-13 12:00:00,5
5859,port_2025,4401,4373,2.976047,37.0,2026-05-13 13:00:00,5
5860,port_2025,4402,4373,3.1582763,34.0,2026-05-13 14:00:00,5
5861,port_2025,4403,4373,3.353948,56.0,2026-05-13 15:00:00,5
5862,port_2025,4404,4373,3.4579215,61.0,2026-05-13 16:00:00,5
5863,port_2025,4405,4373,2.9858992,35.0,2026-05-13 17:00:00,5
5864,port_2025,4406,4373,2.510617,7.0,2026-05-13 18:00:00,5
5865,port_2025,4407,4373,2.3175282,3.0,2026-05-13 19:00:00,5
5866,port_2025,4408,4373,2.169563,2.0,2026-05-13 20:00:00,5
5867,port_2025,4409,4373,2.6612277,4.0,2026-05-14 08:00:00,5
5868,port_2025,4410,4409,3.7515512,5.0,2026-05-14 09:00:00,5
5869,port_2025,4411,4409,4.2879066,10.0,2026-05-14 10:00:00,5
5870,port_2025,4412,4409,4.4943504,19.0,2026-05-14 11:00:00,5
5871,port_2025,4413,4409,4.443807,19.0,2026-05-14 12:00:00,5
5872,port_2025,4414,4409,4.4836235,26.0,2026-05-14 13:00:00,5
5873,port_2025,4415,4409,4.7359123,71.0,2026-05-14 14:00:00,5
5874,port_2025,4416,4409,5.564517,62.0,2026-05-14 15:00:00,5
5875,port_2025,4417,4409,8.885891,54.0,2026-05-14 16:00:00,5
5876,port_2025,4418,4409,8.569957,34.0,2026-05-14 17:00:00,5
5877,port_2025,4419,4409,3.5957642,28.0,2026-05-14 18:00:00,5
5878,port_2025,4420,4409,2.4467983,3.0,2026-05-14 19:00:00,5
5879,port_2025,4421,4409,2.21232,2.0,2026-05-14 20:00:00,5
5880,port_2025,4422,4409,3.1486921,4.0,2026-05-15 08:00:00,5
5881,port_2025,4423,4409,3.494503,2.0,2026-05-15 09:00:00,5
5882,port_2025,4424,4409,3.6432104,3.0,2026-05-15 10:00:00,5
5883,port_2025,4425,4409,3.5975752,3.0,2026-05-15 11:00:00,5
5884,port_2025,4426,4409,3.5165904,3.0,2026-05-15 12:00:00,5
5885,port_2025,4427,4409,3.436099,2.0,2026-05-15 13:00:00,5
5886,port_2025,4428,4409,3.379056,2.0,2026-05-15 14:00:00,5
5887,port_2025,4429,4409,3.4463415,3.0,2026-05-15 15:00:00,5
5888,port_2025,4430,4409,3.9980407,3.0,2026-05-15 16:00:00,5
5889,port_2025,4431,4409,3.6694827,2.0,2026-05-15 17:00:00,5
5890,port_2025,4432,4409,2.5895638,2.0,2026-05-15 18:00:00,5
5891,port_2025,4433,4409,2.2055526,2.0,2026-05-15 19:00:00,5
5892,port_2025,4434,4409,2.0478227,2.0,2026-05-15 20:00:00,5
5893,port_2025,4435,4409,3.2213664,4.0,2026-05-16 08:00:00,5
5894,port_2025,4436,4409,3.5977855,10.0,2026-05-16 09:00:00,5
5895,port_2025,4437,4409,4.001945,6.0,2026-05-16 10:00:00,5
5896,port_2025,4438,4409,4.315081,16.0,2026-05-16 11:00:00,5
5897,port_2025,4439,4409,4.49664,15.0,2026-05-16 12:00:00,5
5898,port_2025,4440,4409,4.6445775,45.0,2026-05-16 13:00:00,5
5899,port_2025,4441,4409,5.00431,43.0,2026-05-16 14:00:00,5
5900,port_2025,4442,4409,5.8791313,49.0,2026-05-16 15:00:00,5
5901,port_2025,4443,4409,9.540832,46.0,2026-05-16 16:00:00,5
5902,port_2025,4444,4409,9.925034,34.0,2026-05-16 17:00:00,5
5903,port_2025,4445,4409,4.892617,15.0,2026-05-16 18:00:00,5
5904,port_2025,4446,4445,3.8853383,3.0,2026-05-16 19:00:00,5
5905,port_2025,4447,4445,2.749516,2.0,2026-05-16 20:00:00,5
5906,port_2025,4448,4445,4.5470467,6.0,2026-05-17 09:00:00,5
5907,port_2025,4449,4445,7.601016,5.0,2026-05-17 10:00:00,5
5908,port_2025,4450,4445,13.227869,5.0,2026-05-17 11:00:00,5
5909,port_2025,4451,4445,20.22952,5.0,2026-05-17 12:00:00,5
5910,port_2025,4452,4445,28.693886,4.0,2026-05-17 13:00:00,5
5911,port_2025,4453,4445,39.738476,5.0,2026-05-17 14:00:00,5
5912,port_2025,4454,4445,45.845016,5.0,2026-05-17 15:00:00,5
5913,port_2025,4455,4445,41.06248,5.0,2026-05-17 16:00:00,5
5914,port_2025,4456,4445,16.032347,6.0,2026-05-17 18:00:00,5
5915,port_2025,4457,4445,2.7925773,7.0,2026-05-17 19:00:00,5
5916,port_2025,4458,4445,2.0732265,2.0,2026-05-17 20:00:00,5
5917,port_2025,4459,4445,3.0097928,5.0,2026-05-18 08:00:00,5
5918,port_2025,4460,4445,4.037755,4.0,2026-05-18 09:00:00,5
5919,port_2025,4461,4445,5.495886,3.0,2026-05-18 10:00:00,5
5920,port_2025,4462,4445,8.164691,4.0,2026-05-18 11:00:00,5
5921,port_2025,4463,4445,12.6396055,5.0,2026-05-18 12:00:00,5
5922,port_2025,4464,4445,18.317589,4.0,2026-05-18 13:00:00,5
5923,port_2025,4465,4445,26.187622,5.0,2026-05-18 14:00:00,5
5924,port_2025,4466,4445,31.30153,10.0,2026-05-18 15:00:00,5
5925,port_2025,4467,4445,29.413149,3.0,2026-05-18 16:00:00,5
5926,port_2025,4468,4445,17.102013,8.0,2026-05-18 17:00:00,5
5927,port_2025,4469,4445,6.3183103,6.0,2026-05-18 18:00:00,5
5928,port_2025,4470,4445,1.9747463,2.0,2026-05-18 20:00:00,5
5929,port_2025,4471,4445,4.8572836,5.0,2026-05-19 14:00:00,5
5930,port_2025,4472,4445,18.993614,13.0,2026-05-19 16:00:00,5
5931,port_2025,4473,4445,4.6243114,3.0,2026-05-19 18:00:00,5
5932,port_2025,4474,4445,2.070288,2.0,2026-05-19 20:00:00,5
5933,port_2025,4475,4445,3.3576424,4.0,2026-05-20 08:00:00,5
5934,port_2025,4476,4445,5.973217,3.0,2026-05-20 10:00:00,5
5935,port_2025,4477,4445,14.449735,5.0,2026-05-20 12:00:00,5
5936,port_2025,4478,4445,29.594507,4.0,2026-05-20 14:00:00,5
5937,port_2025,4479,4445,40.18469,3.0,2026-05-20 16:00:00,5
5938,port_2025,4480,4445,16.607304,5.0,2026-05-20 18:00:00,5
5939,port_2025,4481,4445,2.0754175,2.0,2026-05-20 20:00:00,5
5940,punta-de-sa-galera_2025,3678,3677,0.102603726,0.0,2026-02-03 11:00:00,2
5941,punta-de-sa-galera_2025,3679,3677,0.0718563,1.0,2026-02-03 12:00:00,2
5942,punta-de-sa-galera_2025,3680,3677,0.049496613,1.0,2026-02-03 13:00:00,2
5943,punta-de-sa-galera_2025,3681,3677,0.034781516,1.0,2026-02-03 14:00:00,2
5944,punta-de-sa-galera_2025,3682,3677,0.03213723,0.0,2026-02-03 15:00:00,2
5945,punta-de-sa-galera_2025,3683,3677,0.109682195,0.0,2026-02-03 16:00:00,2
5946,punta-de-sa-galera_2025,3684,3677,0.6734552,1.0,2026-02-03 17:00:00,2
5947,punta-de-sa-galera_2025,3685,3677,0.8950513,1.0,2026-02-03 18:00:00,2
5948,punta-de-sa-galera_2025,3686,3677,0.877343,1.0,2026-02-03 19:00:00,2
5949,punta-de-sa-galera_2025,3687,3677,0.83923256,1.0,2026-02-03 20:00:00,2
5950,punta-de-sa-galera_2025,3688,3677,0.0,1.0,2026-02-04 09:00:00,2
5951,punta-de-sa-galera_2025,3689,3677,0.00070683693,0.0,2026-02-04 10:00:00,2
5952,punta-de-sa-galera_2025,3690,3677,0.0,0.0,2026-02-04 11:00:00,2
5953,punta-de-sa-galera_2025,3691,3677,0.0,0.0,2026-02-04 12:00:00,2
5954,punta-de-sa-galera_2025,3692,3677,0.0,0.0,2026-02-04 13:00:00,2
5955,punta-de-sa-galera_2025,3693,3677,0.0,0.0,2026-02-04 14:00:00,2
5956,punta-de-sa-galera_2025,3694,3677,0.0041898955,0.0,2026-02-04 15:00:00,2
5957,punta-de-sa-galera_2025,3695,3677,0.0979452,0.0,2026-02-04 16:00:00,2
5958,punta-de-sa-galera_2025,3696,3677,0.6802446,2.0,2026-02-04 17:00:00,2
5959,punta-de-sa-galera_2025,3697,3677,0.89399153,1.0,2026-02-04 18:00:00,2
5960,punta-de-sa-galera_2025,3698,3677,0.88232595,1.0,2026-02-04 19:00:00,2
5961,punta-de-sa-galera_2025,3699,3677,0.883645,1.0,2026-02-04 20:00:00,2
5962,punta-de-sa-galera_2025,3700,3677,0.0,1.0,2026-02-05 08:00:00,2
5963,punta-de-sa-galera_2025,3701,3677,0.0,1.0,2026-02-05 09:00:00,2
5964,punta-de-sa-galera_2025,3702,3677,0.0,0.0,2026-02-05 10:00:00,2
5965,punta-de-sa-galera_2025,3703,3677,0.0,1.0,2026-02-05 11:00:00,2
5966,punta-de-sa-galera_2025,3704,3677,0.0,1.0,2026-02-05 12:00:00,2
5967,punta-de-sa-galera_2025,3705,3677,0.0,2.0,2026-02-05 13:00:00,2
5968,punta-de-sa-galera_2025,3706,3677,0.0,0.0,2026-02-05 14:00:00,2
5969,punta-de-sa-galera_2025,3707,3677,0.0010565524,1.0,2026-02-05 15:00:00,2
5970,punta-de-sa-galera_2025,3708,3677,0.1030726,0.0,2026-02-05 16:00:00,2
5971,punta-de-sa-galera_2025,3709,3677,0.7527934,1.0,2026-02-05 17:00:00,2
5972,punta-de-sa-galera_2025,3710,3677,0.9215603,1.0,2026-02-05 18:00:00,2
5973,punta-de-sa-galera_2025,3711,3677,0.9012018,1.0,2026-02-05 19:00:00,2
5974,punta-de-sa-galera_2025,3712,3677,0.898876,1.0,2026-02-05 20:00:00,2
5975,punta-de-sa-galera_2025,3713,3677,0.0,0.0,2026-02-06 08:00:00,2
5976,punta-de-sa-galera_2025,3714,3713,0.43249717,0.0,2026-02-06 09:00:00,2
5977,punta-de-sa-galera_2025,3715,3713,0.57390404,0.0,2026-02-06 10:00:00,2
5978,punta-de-sa-galera_2025,3716,3713,0.76488936,0.0,2026-02-06 11:00:00,2
5979,punta-de-sa-galera_2025,3717,3713,0.9060586,1.0,2026-02-06 12:00:00,2
5980,punta-de-sa-galera_2025,3718,3713,0.93042636,0.0,2026-02-06 13:00:00,2
5981,punta-de-sa-galera_2025,3719,3713,0.81653696,0.0,2026-02-06 14:00:00,2
5982,punta-de-sa-galera_2025,3720,3713,0.32460967,0.0,2026-02-06 15:00:00,2
5983,punta-de-sa-galera_2025,3721,3713,0.20163041,0.0,2026-02-06 16:00:00,2
5984,punta-de-sa-galera_2025,3722,3713,0.74834406,0.0,2026-02-06 17:00:00,2
5985,punta-de-sa-galera_2025,3723,3713,0.92722493,1.0,2026-02-06 18:00:00,2
5986,punta-de-sa-galera_2025,3724,3713,0.8735519,1.0,2026-02-06 19:00:00,2
5987,punta-de-sa-galera_2025,3725,3713,0.86663896,1.0,2026-02-06 20:00:00,2
5988,punta-de-sa-galera_2025,3726,3713,0.095091775,0.0,2026-02-07 08:00:00,2
5989,punta-de-sa-galera_2025,3727,3713,0.4466215,0.0,2026-02-07 09:00:00,2
5990,punta-de-sa-galera_2025,3728,3713,0.6862628,0.0,2026-02-07 10:00:00,2
5991,punta-de-sa-galera_2025,3729,3713,0.7512814,0.0,2026-02-07 11:00:00,2
5992,punta-de-sa-galera_2025,3730,3713,0.87950236,1.0,2026-02-07 12:00:00,2
5993,punta-de-sa-galera_2025,3731,3713,0.8485562,0.0,2026-02-07 13:00:00,2
5994,punta-de-sa-galera_2025,3732,3713,0.6800035,0.0,2026-02-07 14:00:00,2
5995,punta-de-sa-galera_2025,3733,3713,0.4238008,1.0,2026-02-07 15:00:00,2
5996,punta-de-sa-galera_2025,3734,3713,0.20926833,0.0,2026-02-07 16:00:00,2
5997,punta-de-sa-galera_2025,3735,3713,0.6132834,2.0,2026-02-07 17:00:00,2
5998,punta-de-sa-galera_2025,3736,3713,0.9274548,1.0,2026-02-07 18:00:00,2
5999,punta-de-sa-galera_2025,3737,3713,0.87694126,1.0,2026-02-07 19:00:00,2
6000,punta-de-sa-galera_2025,3738,3713,0.8612382,1.0,2026-02-07 20:00:00,2
6001,punta-de-sa-galera_2025,3739,3713,0.24247245,0.0,2026-02-08 08:00:00,2
6002,punta-de-sa-galera_2025,3740,3713,0.47159553,0.0,2026-02-08 09:00:00,2
6003,punta-de-sa-galera_2025,3741,3713,0.5658841,0.0,2026-02-08 10:00:00,2
6004,punta-de-sa-galera_2025,3742,3713,0.61914295,0.0,2026-02-08 11:00:00,2
6005,punta-de-sa-galera_2025,3743,3713,0.6883656,1.0,2026-02-08 12:00:00,2
6006,punta-de-sa-galera_2025,3744,3713,0.78314376,1.0,2026-02-08 13:00:00,2
6007,punta-de-sa-galera_2025,3745,3713,0.7807579,0.0,2026-02-08 14:00:00,2
6008,punta-de-sa-galera_2025,3746,3713,0.4871639,1.0,2026-02-08 15:00:00,2
6009,punta-de-sa-galera_2025,3747,3713,0.21210115,0.0,2026-02-08 16:00:00,2
6010,punta-de-sa-galera_2025,3748,3713,0.69509465,0.0,2026-02-08 17:00:00,2
6011,punta-de-sa-galera_2025,3749,3713,1.050324,1.0,2026-02-08 18:00:00,2
6012,punta-de-sa-galera_2025,3750,3749,1.0262821,1.0,2026-02-08 19:00:00,2
6013,punta-de-sa-galera_2025,3751,3749,0.9747652,1.0,2026-02-08 20:00:00,2
6014,punta-de-sa-galera_2025,3752,3749,0.0,0.0,2026-02-09 08:00:00,2
6015,punta-de-sa-galera_2025,3753,3749,0.0039026607,1.0,2026-02-09 09:00:00,2
6016,punta-de-sa-galera_2025,3754,3749,0.0011791146,1.0,2026-02-09 10:00:00,2
6017,punta-de-sa-galera_2025,3755,3749,0.020749355,1.0,2026-02-09 11:00:00,2
6018,punta-de-sa-galera_2025,3756,3749,0.05895181,0.0,2026-02-09 12:00:00,2
6019,punta-de-sa-galera_2025,3757,3749,0.047966458,0.0,2026-02-09 13:00:00,2
6020,punta-de-sa-galera_2025,3758,3749,0.033506095,1.0,2026-02-09 14:00:00,2
6021,punta-de-sa-galera_2025,3759,3749,0.022730049,0.0,2026-02-09 15:00:00,2
6022,punta-de-sa-galera_2025,3760,3749,0.01973609,0.0,2026-02-09 16:00:00,2
6023,punta-de-sa-galera_2025,3761,3749,0.19172366,1.0,2026-02-09 17:00:00,2
6024,punta-de-sa-galera_2025,3762,3749,0.8869482,1.0,2026-02-09 18:00:00,2
6025,punta-de-sa-galera_2025,3763,3749,0.90453273,1.0,2026-02-09 19:00:00,2
6026,punta-de-sa-galera_2025,3764,3749,0.8951207,1.0,2026-02-09 20:00:00,2
6027,punta-de-sa-galera_2025,3765,3749,0.0,1.0,2026-02-10 08:00:00,2
6028,punta-de-sa-galera_2025,3766,3749,0.0,0.0,2026-02-10 09:00:00,2
6029,punta-de-sa-galera_2025,3767,3749,0.00034330803,0.0,2026-02-10 10:00:00,2
6030,punta-de-sa-galera_2025,3768,3749,0.033833012,0.0,2026-02-10 11:00:00,2
6031,punta-de-sa-galera_2025,3769,3749,0.04284044,0.0,2026-02-10 12:00:00,2
6032,punta-de-sa-galera_2025,3770,3749,0.028745053,0.0,2026-02-10 13:00:00,2
6033,punta-de-sa-galera_2025,3771,3749,0.01786963,0.0,2026-02-10 14:00:00,2
6034,punta-de-sa-galera_2025,3772,3749,0.015021853,0.0,2026-02-10 15:00:00,2
6035,punta-de-sa-galera_2025,3773,3749,0.01799559,0.0,2026-02-10 16:00:00,2
6036,punta-de-sa-galera_2025,3774,3749,0.34707072,0.0,2026-02-10 17:00:00,2
6037,punta-de-sa-galera_2025,3775,3749,0.9478372,1.0,2026-02-10 18:00:00,2
6038,punta-de-sa-galera_2025,3776,3749,0.9444724,1.0,2026-02-10 19:00:00,2
6039,punta-de-sa-galera_2025,3777,3749,0.9242324,1.0,2026-02-10 20:00:00,2
6040,punta-de-sa-galera_2025,3778,3749,0.0,0.0,2026-02-11 08:00:00,2
6041,punta-de-sa-galera_2025,3779,3749,0.0,0.0,2026-02-11 09:00:00,2
6042,punta-de-sa-galera_2025,3780,3749,0.0010632132,0.0,2026-02-11 10:00:00,2
6043,punta-de-sa-galera_2025,3781,3749,0.017465018,0.0,2026-02-11 11:00:00,2
6044,punta-de-sa-galera_2025,3782,3749,0.03259012,0.0,2026-02-11 12:00:00,2
6045,punta-de-sa-galera_2025,3783,3749,0.027012764,0.0,2026-02-11 13:00:00,2
6046,punta-de-sa-galera_2025,3784,3749,0.017218672,0.0,2026-02-11 14:00:00,2
6047,punta-de-sa-galera_2025,3785,3749,0.008200873,0.0,2026-02-11 15:00:00,2
6048,punta-de-sa-galera_2025,3786,3785,0.0,1.0,2026-02-11 16:00:00,2
6049,punta-de-sa-galera_2025,3787,3785,0.3236289,1.0,2026-02-11 17:00:00,2
6050,punta-de-sa-galera_2025,3788,3785,0.8729444,1.0,2026-02-11 18:00:00,2
6051,punta-de-sa-galera_2025,3789,3785,0.9116348,1.0,2026-02-11 19:00:00,2
6052,punta-de-sa-galera_2025,3790,3785,0.9080053,1.0,2026-02-11 20:00:00,2
6053,punta-de-sa-galera_2025,3791,3785,0.0012069952,0.0,2026-02-12 08:00:00,2
6054,punta-de-sa-galera_2025,3792,3785,0.0025502765,0.0,2026-02-12 09:00:00,2
6055,punta-de-sa-galera_2025,3793,3785,0.0,0.0,2026-02-12 10:00:00,2
6056,punta-de-sa-galera_2025,3794,3785,0.0,0.0,2026-02-12 11:00:00,2
6057,punta-de-sa-galera_2025,3795,3785,0.0,0.0,2026-02-12 12:00:00,2
6058,punta-de-sa-galera_2025,3796,3785,0.0,0.0,2026-02-12 13:00:00,2
6059,punta-de-sa-galera_2025,3797,3785,0.0,0.0,2026-02-12 14:00:00,2
6060,punta-de-sa-galera_2025,3798,3785,0.0,0.0,2026-02-12 15:00:00,2
6061,punta-de-sa-galera_2025,3799,3785,0.0,0.0,2026-02-12 16:00:00,2
6062,punta-de-sa-galera_2025,3800,3785,0.12258857,1.0,2026-02-12 17:00:00,2
6063,punta-de-sa-galera_2025,3801,3785,0.87609166,1.0,2026-02-12 18:00:00,2
6064,punta-de-sa-galera_2025,3802,3785,0.92779076,1.0,2026-02-12 19:00:00,2
6065,punta-de-sa-galera_2025,3803,3785,0.914606,1.0,2026-02-12 20:00:00,2
6066,punta-de-sa-galera_2025,3804,3785,0.0009736428,0.0,2026-02-13 08:00:00,2
6067,punta-de-sa-galera_2025,3805,3785,0.0011377718,0.0,2026-02-13 09:00:00,2
6068,punta-de-sa-galera_2025,3806,3785,0.0,0.0,2026-02-13 10:00:00,2
6069,punta-de-sa-galera_2025,3807,3785,0.0,0.0,2026-02-13 11:00:00,2
6070,punta-de-sa-galera_2025,3808,3785,0.0,0.0,2026-02-13 12:00:00,2
6071,punta-de-sa-galera_2025,3809,3785,0.0,0.0,2026-02-13 13:00:00,2
6072,punta-de-sa-galera_2025,3810,3785,0.0,0.0,2026-02-13 14:00:00,2
6073,punta-de-sa-galera_2025,3811,3785,0.0,0.0,2026-02-13 15:00:00,2
6074,punta-de-sa-galera_2025,3812,3785,0.0,0.0,2026-02-13 16:00:00,2
6075,punta-de-sa-galera_2025,3813,3785,0.25971287,1.0,2026-02-13 17:00:00,2
6076,punta-de-sa-galera_2025,3814,3785,0.87707084,1.0,2026-02-13 18:00:00,2
6077,punta-de-sa-galera_2025,3815,3785,0.9187144,1.0,2026-02-13 19:00:00,2
6078,punta-de-sa-galera_2025,3816,3785,0.9012508,1.0,2026-02-13 20:00:00,2
6079,punta-de-sa-galera_2025,3817,3785,0.0,0.0,2026-02-14 08:00:00,2
6080,punta-de-sa-galera_2025,3818,3785,0.0,1.0,2026-02-14 09:00:00,2
6081,punta-de-sa-galera_2025,3819,3785,0.0,0.0,2026-02-14 10:00:00,2
6082,punta-de-sa-galera_2025,3820,3785,0.0,0.0,2026-02-14 11:00:00,2
6083,punta-de-sa-galera_2025,3821,3785,0.0,0.0,2026-02-14 12:00:00,2
6084,punta-de-sa-galera_2025,3822,3821,0.0,0.0,2026-02-14 13:00:00,2
6085,punta-de-sa-galera_2025,3823,3821,0.0,0.0,2026-02-14 14:00:00,2
6086,punta-de-sa-galera_2025,3824,3821,0.0,0.0,2026-02-14 15:00:00,2
6087,punta-de-sa-galera_2025,3825,3821,0.0,0.0,2026-02-14 16:00:00,2
6088,punta-de-sa-galera_2025,3826,3821,0.7349161,1.0,2026-02-14 17:00:00,2
6089,punta-de-sa-galera_2025,3827,3821,0.98278546,1.0,2026-02-14 18:00:00,2
6090,punta-de-sa-galera_2025,3828,3821,0.97707224,1.0,2026-02-14 19:00:00,2
6091,punta-de-sa-galera_2025,3829,3821,0.9656961,1.0,2026-02-14 20:00:00,2
6092,punta-de-sa-galera_2025,3830,3821,0.008253172,0.0,2026-02-15 08:00:00,2
6093,punta-de-sa-galera_2025,3831,3821,0.013336865,0.0,2026-02-15 09:00:00,2
6094,punta-de-sa-galera_2025,3832,3821,0.01820069,0.0,2026-02-15 10:00:00,2
6095,punta-de-sa-galera_2025,3833,3821,0.015054776,0.0,2026-02-15 11:00:00,2
6096,punta-de-sa-galera_2025,3834,3821,0.011888016,0.0,2026-02-15 12:00:00,2
6097,punta-de-sa-galera_2025,3835,3821,0.010904114,0.0,2026-02-15 13:00:00,2
6098,punta-de-sa-galera_2025,3836,3821,0.009962009,0.0,2026-02-15 14:00:00,2
6099,punta-de-sa-galera_2025,3837,3821,0.009862253,0.0,2026-02-15 15:00:00,2
6100,punta-de-sa-galera_2025,3838,3821,0.0097783,1.0,2026-02-15 16:00:00,2
6101,punta-de-sa-galera_2025,3839,3821,0.85155565,0.0,2026-02-15 17:00:00,2
6102,punta-de-sa-galera_2025,3840,3821,1.0520356,1.0,2026-02-15 18:00:00,2
6103,punta-de-sa-galera_2025,3841,3821,1.0153574,1.0,2026-02-15 19:00:00,2
6104,punta-de-sa-galera_2025,3842,3821,0.99197143,1.0,2026-02-15 20:00:00,2
6105,punta-de-sa-galera_2025,3843,3821,0.00053978764,0.0,2026-02-16 08:00:00,2
6106,punta-de-sa-galera_2025,3844,3821,0.0028072398,0.0,2026-02-16 09:00:00,2
6107,punta-de-sa-galera_2025,3845,3821,0.0021788573,0.0,2026-02-16 10:00:00,2
6108,punta-de-sa-galera_2025,3846,3821,0.001701528,0.0,2026-02-16 11:00:00,2
6109,punta-de-sa-galera_2025,3847,3821,0.0017359497,0.0,2026-02-16 12:00:00,2
6110,punta-de-sa-galera_2025,3848,3821,0.0012135368,0.0,2026-02-16 13:00:00,2
6111,punta-de-sa-galera_2025,3849,3821,0.0,0.0,2026-02-16 14:00:00,2
6112,punta-de-sa-galera_2025,3850,3821,0.0,0.0,2026-02-16 15:00:00,2
6113,punta-de-sa-galera_2025,3851,3821,0.0072427387,0.0,2026-02-16 16:00:00,2
6114,punta-de-sa-galera_2025,3852,3821,0.5686389,1.0,2026-02-16 17:00:00,2
6115,punta-de-sa-galera_2025,3853,3821,0.90534914,1.0,2026-02-16 18:00:00,2
6116,punta-de-sa-galera_2025,3854,3821,0.9130379,1.0,2026-02-16 20:00:00,2
6117,punta-de-sa-galera_2025,3855,3821,0.0,0.0,2026-02-17 08:00:00,2
6118,punta-de-sa-galera_2025,3856,3821,0.0,0.0,2026-02-17 09:00:00,2
6119,punta-de-sa-galera_2025,3857,3821,0.0,0.0,2026-02-17 10:00:00,2
6120,son-serra-de-marina_2025,4295,4294,56.37937,52.0,2026-04-19 16:00:00,4
6121,son-serra-de-marina_2025,4296,4294,38.849945,39.0,2026-04-19 17:00:00,4
6122,son-serra-de-marina_2025,4297,4294,16.525726,11.0,2026-04-19 18:00:00,4
6123,son-serra-de-marina_2025,4298,4294,10.92758,6.0,2026-04-19 19:00:00,4
6124,son-serra-de-marina_2025,4299,4294,6.557813,3.0,2026-04-19 20:00:00,4
6125,son-serra-de-marina_2025,4300,4294,12.483891,12.0,2026-04-20 08:00:00,4
6126,son-serra-de-marina_2025,4301,4294,20.791925,20.0,2026-04-20 09:00:00,4
6127,son-serra-de-marina_2025,4302,4294,32.617645,18.0,2026-04-20 10:00:00,4
6128,son-serra-de-marina_2025,4303,4294,38.65094,32.0,2026-04-20 11:00:00,4
6129,son-serra-de-marina_2025,4304,4294,41.38492,22.0,2026-04-20 12:00:00,4
6130,son-serra-de-marina_2025,4305,4294,43.832474,22.0,2026-04-20 13:00:00,4
6131,son-serra-de-marina_2025,4306,4294,44.295006,41.0,2026-04-20 14:00:00,4
6132,son-serra-de-marina_2025,4307,4294,45.45824,59.0,2026-04-20 15:00:00,4
6133,son-serra-de-marina_2025,4308,4294,42.723484,34.0,2026-04-20 16:00:00,4
6134,son-serra-de-marina_2025,4309,4294,28.06367,35.0,2026-04-20 17:00:00,4
6135,son-serra-de-marina_2025,4310,4294,12.882469,11.0,2026-04-20 18:00:00,4
6136,son-serra-de-marina_2025,4311,4294,9.517267,11.0,2026-04-20 19:00:00,4
6137,son-serra-de-marina_2025,4312,4294,6.0760636,2.0,2026-04-20 20:00:00,4
6138,son-serra-de-marina_2025,4313,4294,12.539737,20.0,2026-04-21 08:00:00,4
6139,son-serra-de-marina_2025,4314,4294,22.044567,24.0,2026-04-21 09:00:00,4
6140,son-serra-de-marina_2025,4315,4294,35.71392,34.0,2026-04-21 10:00:00,4
6141,son-serra-de-marina_2025,4316,4294,40.677975,45.0,2026-04-21 11:00:00,4
6142,son-serra-de-marina_2025,4317,4294,43.478176,37.0,2026-04-21 12:00:00,4
6143,son-serra-de-marina_2025,4318,4294,45.292336,35.0,2026-04-21 13:00:00,4
6144,son-serra-de-marina_2025,4319,4294,46.467728,31.0,2026-04-21 14:00:00,4
6145,son-serra-de-marina_2025,4320,4294,47.492508,41.0,2026-04-21 15:00:00,4
6146,son-serra-de-marina_2025,4321,4294,43.645832,50.0,2026-04-21 16:00:00,4
6147,son-serra-de-marina_2025,4322,4294,28.625568,33.0,2026-04-21 17:00:00,4
6148,son-serra-de-marina_2025,4323,4294,12.174848,19.0,2026-04-21 18:00:00,4
6149,son-serra-de-marina_2025,4324,4294,9.323156,14.0,2026-04-21 19:00:00,4
6150,son-serra-de-marina_2025,4325,4294,6.0886374,4.0,2026-04-21 20:00:00,4
6151,son-serra-de-marina_2025,4326,4294,9.593502,15.0,2026-04-22 08:00:00,4
6152,son-serra-de-marina_2025,4327,4294,15.423024,27.0,2026-04-22 09:00:00,4
6153,son-serra-de-marina_2025,4328,4294,25.175299,22.0,2026-04-22 10:00:00,4
6154,son-serra-de-marina_2025,4329,4294,28.656092,31.0,2026-04-22 11:00:00,4
6155,son-serra-de-marina_2025,4330,4294,30.34355,39.0,2026-04-22 12:00:00,4
6156,son-serra-de-marina_2025,4331,4330,31.897644,34.0,2026-04-22 13:00:00,4
6157,son-serra-de-marina_2025,4332,4330,39.45624,31.0,2026-04-22 14:00:00,4
6158,son-serra-de-marina_2025,4333,4330,45.478153,34.0,2026-04-22 15:00:00,4
6159,son-serra-de-marina_2025,4334,4330,41.806313,38.0,2026-04-22 16:00:00,4
6160,son-serra-de-marina_2025,4335,4330,31.386377,25.0,2026-04-22 17:00:00,4
6161,son-serra-de-marina_2025,4336,4330,15.310715,23.0,2026-04-22 18:00:00,4
6162,son-serra-de-marina_2025,4337,4330,9.696394,13.0,2026-04-22 19:00:00,4
6163,son-serra-de-marina_2025,4338,4330,3.2618484,6.0,2026-04-22 20:00:00,4
6164,son-serra-de-marina_2025,4339,4330,16.897625,1.0,2026-04-23 08:00:00,4
6165,son-serra-de-marina_2025,4340,4330,21.634878,3.0,2026-04-23 09:00:00,4
6166,son-serra-de-marina_2025,4341,4330,25.317972,15.0,2026-04-23 10:00:00,4
6167,son-serra-de-marina_2025,4342,4330,26.40121,16.0,2026-04-23 11:00:00,4
6168,son-serra-de-marina_2025,4343,4330,27.277695,13.0,2026-04-23 12:00:00,4
6169,son-serra-de-marina_2025,4344,4330,29.163898,20.0,2026-04-23 13:00:00,4
6170,son-serra-de-marina_2025,4345,4330,33.131466,4.0,2026-04-23 14:00:00,4
6171,son-serra-de-marina_2025,4346,4330,37.97345,15.0,2026-04-23 15:00:00,4
6172,son-serra-de-marina_2025,4347,4330,38.41334,36.0,2026-04-23 16:00:00,4
6173,son-serra-de-marina_2025,4348,4330,27.954193,23.0,2026-04-23 17:00:00,4
6174,son-serra-de-marina_2025,4349,4330,13.723093,14.0,2026-04-23 18:00:00,4
6175,son-serra-de-marina_2025,4350,4330,9.022999,20.0,2026-04-23 19:00:00,4
6176,son-serra-de-marina_2025,4351,4330,3.2303972,7.0,2026-04-23 20:00:00,4
6177,son-serra-de-marina_2025,4352,4330,15.160037,3.0,2026-04-24 08:00:00,4
6178,son-serra-de-marina_2025,4353,4330,22.004225,18.0,2026-04-24 09:00:00,4
6179,son-serra-de-marina_2025,4354,4330,27.411173,13.0,2026-04-24 10:00:00,4
6180,son-serra-de-marina_2025,4355,4330,29.600965,24.0,2026-04-24 11:00:00,4
6181,son-serra-de-marina_2025,4356,4330,29.411161,31.0,2026-04-24 12:00:00,4
6182,son-serra-de-marina_2025,4357,4330,31.998152,23.0,2026-04-24 13:00:00,4
6183,son-serra-de-marina_2025,4358,4330,35.77088,37.0,2026-04-24 14:00:00,4
6184,son-serra-de-marina_2025,4359,4330,41.001503,49.0,2026-04-24 15:00:00,4
6185,son-serra-de-marina_2025,4360,4330,38.395287,48.0,2026-04-24 16:00:00,4
6186,son-serra-de-marina_2025,4361,4330,25.811033,30.0,2026-04-24 17:00:00,4
6187,son-serra-de-marina_2025,4362,4330,13.133668,14.0,2026-04-24 18:00:00,4
6188,son-serra-de-marina_2025,4363,4330,8.32609,3.0,2026-04-24 19:00:00,4
6189,son-serra-de-marina_2025,4364,4330,3.024249,3.0,2026-04-24 20:00:00,4
6190,son-serra-de-marina_2025,4365,4330,16.843452,6.0,2026-04-25 08:00:00,4
6191,son-serra-de-marina_2025,4366,4330,24.229706,14.0,2026-04-25 09:00:00,4
6192,son-serra-de-marina_2025,4367,4366,24.77788,45.0,2026-04-25 10:00:00,4
6193,son-serra-de-marina_2025,4368,4366,30.894781,57.0,2026-04-25 11:00:00,4
6194,son-serra-de-marina_2025,4369,4366,34.637436,43.0,2026-04-25 12:00:00,4
6195,son-serra-de-marina_2025,4370,4366,36.75269,63.0,2026-04-25 13:00:00,4
6196,son-serra-de-marina_2025,4371,4366,39.353046,71.0,2026-04-25 14:00:00,4
6197,son-serra-de-marina_2025,4372,4366,43.201763,76.0,2026-04-25 15:00:00,4
6198,son-serra-de-marina_2025,4373,4366,42.05343,64.0,2026-04-25 16:00:00,4
6199,son-serra-de-marina_2025,4374,4366,30.41709,43.0,2026-04-25 17:00:00,4
6200,son-serra-de-marina_2025,4375,4366,17.333828,17.0,2026-04-25 18:00:00,4
6201,son-serra-de-marina_2025,4376,4366,6.0010552,16.0,2026-04-25 19:00:00,4
6202,son-serra-de-marina_2025,4377,4366,3.240839,4.0,2026-04-25 20:00:00,4
6203,son-serra-de-marina_2025,4378,4366,4.466549,23.0,2026-04-26 08:00:00,4
6204,son-serra-de-marina_2025,4379,4366,9.2529545,33.0,2026-04-26 09:00:00,4
6205,son-serra-de-marina_2025,4380,4366,21.79436,51.0,2026-04-26 10:00:00,4
6206,son-serra-de-marina_2025,4381,4366,31.236614,69.0,2026-04-26 11:00:00,4
6207,son-serra-de-marina_2025,4382,4366,38.245495,47.0,2026-04-26 12:00:00,4
6208,son-serra-de-marina_2025,4383,4366,40.734283,53.0,2026-04-26 13:00:00,4
6209,son-serra-de-marina_2025,4384,4366,43.093895,61.0,2026-04-26 14:00:00,4
6210,son-serra-de-marina_2025,4385,4366,46.1862,95.0,2026-04-26 15:00:00,4
6211,son-serra-de-marina_2025,4386,4366,45.508564,54.0,2026-04-26 16:00:00,4
6212,son-serra-de-marina_2025,4387,4366,33.70124,55.0,2026-04-26 17:00:00,4
6213,son-serra-de-marina_2025,4388,4366,19.233137,23.0,2026-04-26 18:00:00,4
6214,son-serra-de-marina_2025,4389,4366,6.489988,26.0,2026-04-26 19:00:00,4
6215,son-serra-de-marina_2025,4390,4366,3.4089508,10.0,2026-04-26 20:00:00,4
6216,son-serra-de-marina_2025,4391,4366,5.3033547,16.0,2026-04-27 08:00:00,4
6217,son-serra-de-marina_2025,4392,4366,10.982271,9.0,2026-04-27 09:00:00,4
6218,son-serra-de-marina_2025,4393,4366,19.776682,25.0,2026-04-27 10:00:00,4
6219,son-serra-de-marina_2025,4394,4366,27.148195,24.0,2026-04-27 11:00:00,4
6220,son-serra-de-marina_2025,4395,4366,30.041594,13.0,2026-04-27 12:00:00,4
6221,son-serra-de-marina_2025,4396,4366,31.353867,25.0,2026-04-27 13:00:00,4
6222,son-serra-de-marina_2025,4397,4366,34.188362,42.0,2026-04-27 14:00:00,4
6223,son-serra-de-marina_2025,4398,4366,38.230377,52.0,2026-04-27 15:00:00,4
6224,son-serra-de-marina_2025,4399,4366,38.736958,52.0,2026-04-27 16:00:00,4
6225,son-serra-de-marina_2025,4400,4366,28.928799,31.0,2026-04-27 17:00:00,4
6226,son-serra-de-marina_2025,4401,4366,16.917997,18.0,2026-04-27 18:00:00,4
6227,son-serra-de-marina_2025,4402,4366,6.2244954,23.0,2026-04-27 19:00:00,4
6228,son-serra-de-marina_2025,4403,4402,5.797219,10.0,2026-04-27 20:00:00,4
6229,son-serra-de-marina_2025,4404,4402,14.306637,15.0,2026-04-28 08:00:00,4
6230,son-serra-de-marina_2025,4405,4402,18.511093,14.0,2026-04-28 09:00:00,4
6231,son-serra-de-marina_2025,4406,4402,29.111216,14.0,2026-04-28 10:00:00,4
6232,son-serra-de-marina_2025,4407,4402,32.258003,26.0,2026-04-28 11:00:00,4
6233,son-serra-de-marina_2025,4408,4402,30.70185,38.0,2026-04-28 12:00:00,4
6234,son-serra-de-marina_2025,4409,4402,34.475998,40.0,2026-04-28 13:00:00,4
6235,son-serra-de-marina_2025,4410,4402,40.86811,43.0,2026-04-28 14:00:00,4
6236,son-serra-de-marina_2025,4411,4402,48.285465,52.0,2026-04-28 15:00:00,4
6237,son-serra-de-marina_2025,4412,4402,45.287758,59.0,2026-04-28 16:00:00,4
6238,son-serra-de-marina_2025,4413,4402,30.919893,23.0,2026-04-28 17:00:00,4
6239,son-serra-de-marina_2025,4414,4402,19.534647,22.0,2026-04-28 18:00:00,4
6240,son-serra-de-marina_2025,4415,4402,14.175601,25.0,2026-04-28 19:00:00,4
6241,son-serra-de-marina_2025,4416,4402,5.715669,11.0,2026-04-28 20:00:00,4
6242,son-serra-de-marina_2025,4417,4402,14.615702,6.0,2026-04-29 08:00:00,4
6243,son-serra-de-marina_2025,4418,4402,18.017023,9.0,2026-04-29 09:00:00,4
6244,son-serra-de-marina_2025,4419,4402,22.49303,19.0,2026-04-29 10:00:00,4
6245,son-serra-de-marina_2025,4420,4402,24.382812,28.0,2026-04-29 11:00:00,4
6246,son-serra-de-marina_2025,4421,4402,26.040892,9.0,2026-04-29 12:00:00,4
6247,son-serra-de-marina_2025,4422,4402,28.618675,12.0,2026-04-29 13:00:00,4
6248,son-serra-de-marina_2025,4423,4402,33.878212,17.0,2026-04-29 14:00:00,4
6249,son-serra-de-marina_2025,4424,4402,43.744312,42.0,2026-04-29 15:00:00,4
6250,son-serra-de-marina_2025,4425,4402,42.78167,31.0,2026-04-29 16:00:00,4
6251,son-serra-de-marina_2025,4426,4402,29.74807,21.0,2026-04-29 17:00:00,4
6252,son-serra-de-marina_2025,4427,4402,19.401024,25.0,2026-04-29 18:00:00,4
6253,son-serra-de-marina_2025,4428,4402,15.303526,27.0,2026-04-29 19:00:00,4
6254,son-serra-de-marina_2025,4429,4402,5.4443645,6.0,2026-04-29 20:00:00,4
6255,son-serra-de-marina_2025,4430,4402,14.542252,1.0,2026-04-30 08:00:00,4
6256,son-serra-de-marina_2025,4431,4402,19.061495,5.0,2026-04-30 09:00:00,4
6257,son-serra-de-marina_2025,4432,4402,23.943476,10.0,2026-04-30 10:00:00,4
6258,son-serra-de-marina_2025,4433,4402,25.694891,23.0,2026-04-30 11:00:00,4
6259,son-serra-de-marina_2025,4434,4402,27.296469,30.0,2026-04-30 12:00:00,4
6260,son-serra-de-marina_2025,4435,4402,30.440073,19.0,2026-04-30 13:00:00,4
6261,son-serra-de-marina_2025,4436,4402,37.479065,32.0,2026-04-30 14:00:00,4
6262,son-serra-de-marina_2025,4437,4402,46.57876,42.0,2026-04-30 15:00:00,4
6263,son-serra-de-marina_2025,4438,4402,44.712093,10.0,2026-04-30 16:00:00,4
6264,son-serra-de-marina_2025,4439,4438,18.641975,17.0,2026-04-30 17:00:00,4
6265,son-serra-de-marina_2025,4440,4438,18.840542,6.0,2026-04-30 18:00:00,4
6266,son-serra-de-marina_2025,4441,4438,21.270868,5.0,2026-04-30 19:00:00,4
6267,son-serra-de-marina_2025,4442,4438,8.643487,6.0,2026-04-30 20:00:00,4
6268,son-serra-de-marina_2025,4443,4438,5.7944355,4.0,2026-05-01 08:00:00,5
6269,son-serra-de-marina_2025,4444,4438,8.64288,9.0,2026-05-01 09:00:00,5
6270,son-serra-de-marina_2025,4445,4438,11.902606,15.0,2026-05-01 10:00:00,5
6271,son-serra-de-marina_2025,4446,4438,15.387901,22.0,2026-05-01 11:00:00,5
6272,son-serra-de-marina_2025,4447,4438,16.645258,18.0,2026-05-01 12:00:00,5
6273,son-serra-de-marina_2025,4448,4438,16.909756,33.0,2026-05-01 13:00:00,5
6274,son-serra-de-marina_2025,4449,4438,17.877296,18.0,2026-05-01 14:00:00,5
6275,son-serra-de-marina_2025,4450,4438,19.240292,12.0,2026-05-01 15:00:00,5
6276,son-serra-de-marina_2025,4451,4438,18.426003,20.0,2026-05-01 16:00:00,5
6277,son-serra-de-marina_2025,4452,4438,16.878738,24.0,2026-05-01 17:00:00,5
6278,son-serra-de-marina_2025,4453,4438,19.56462,23.0,2026-05-01 18:00:00,5
6279,son-serra-de-marina_2025,4454,4438,17.341433,19.0,2026-05-01 19:00:00,5
6280,son-serra-de-marina_2025,4455,4438,8.442154,12.0,2026-05-01 20:00:00,5
6281,son-serra-de-marina_2025,4456,4438,5.8039694,23.0,2026-05-02 08:00:00,5
6282,son-serra-de-marina_2025,4457,4438,9.068435,25.0,2026-05-02 09:00:00,5
6283,son-serra-de-marina_2025,4458,4438,12.726428,30.0,2026-05-02 10:00:00,5
6284,son-serra-de-marina_2025,4459,4438,17.650564,31.0,2026-05-02 11:00:00,5
6285,son-serra-de-marina_2025,4460,4438,22.07156,33.0,2026-05-02 12:00:00,5
6286,son-serra-de-marina_2025,4461,4438,23.198734,25.0,2026-05-02 13:00:00,5
6287,son-serra-de-marina_2025,4462,4438,23.381441,42.0,2026-05-02 14:00:00,5
6288,son-serra-de-marina_2025,4463,4438,23.805332,32.0,2026-05-02 15:00:00,5
6289,son-serra-de-marina_2025,4464,4438,21.446995,27.0,2026-05-02 16:00:00,5
6290,son-serra-de-marina_2025,4465,4438,17.737894,22.0,2026-05-02 17:00:00,5
6291,son-serra-de-marina_2025,4466,4438,19.529377,19.0,2026-05-02 18:00:00,5
6292,son-serra-de-marina_2025,4467,4438,16.093204,23.0,2026-05-02 19:00:00,5
6293,son-serra-de-marina_2025,4468,4438,8.721741,8.0,2026-05-02 20:00:00,5
6294,son-serra-de-marina_2025,4469,4438,6.2705135,9.0,2026-05-03 08:00:00,5
6295,son-serra-de-marina_2025,4470,4438,8.871949,4.0,2026-05-03 09:00:00,5
6296,son-serra-de-marina_2025,4471,4438,11.147618,27.0,2026-05-03 10:00:00,5
6297,son-serra-de-marina_2025,4472,4438,13.17277,28.0,2026-05-03 11:00:00,5
6298,son-serra-de-marina_2025,4473,4438,15.473296,21.0,2026-05-03 12:00:00,5
6299,son-serra-de-marina_2025,4474,4438,18.790268,23.0,2026-05-03 13:00:00,5
