unique_id,ds,y_target,y_pred
Badia de Pollença,2025-09-01 08:00:00,11.0,11.896378
Badia de Pollença,2025-09-01 09:00:00,6.0,4.013834
Badia de Pollença,2025-09-01 10:00:00,5.0,4.8961635
Badia de Pollença,2025-09-01 11:00:00,15.0,12.198297
Badia de Pollença,2025-09-01 12:00:00,19.0,21.167799
Badia de Pollença,2025-09-01 13:00:00,11.0,21.002905
Badia de Pollença,2025-09-01 14:00:00,11.0,19.67672
Badia de Pollença,2025-09-01 15:00:00,12.0,18.55853
Badia de Pollença,2025-09-01 16:00:00,12.0,17.545795
Badia de Pollença,2025-09-01 17:00:00,7.0,14.705872
Badia de Pollença,2025-09-01 18:00:00,7.0,14.1623125
Badia de Pollença,2025-09-01 19:00:00,7.0,13.261596
Badia de Pollença,2025-09-01 20:00:00,6.0,12.298693
Badia de Pollença,2025-09-02 08:00:00,9.0,9.569955
Badia de Pollença,2025-09-02 09:00:00,6.0,2.7990875
Badia de Pollença,2025-09-02 10:00:00,7.0,5.0216756
Badia de Pollença,2025-09-02 11:00:00,7.0,8.55144
Badia de Pollença,2025-09-02 12:00:00,11.0,13.272882
Badia de Pollença,2025-09-02 13:00:00,12.0,12.255345
Badia de Pollença,2025-09-02 14:00:00,12.0,13.40174
Badia de Pollença,2025-09-02 15:00:00,12.0,13.545445
Badia de Pollença,2025-09-02 16:00:00,7.0,12.539278
Badia de Pollença,2025-09-02 17:00:00,15.0,12.476768
Badia de Pollença,2025-09-02 18:00:00,6.0,11.928173
Badia de Pollença,2025-09-02 19:00:00,4.0,11.84451
Badia de Pollença,2025-09-02 20:00:00,5.0,10.390158
Badia de Pollença,2025-09-03 08:00:00,5.0,9.682276
Badia de Pollença,2025-09-03 09:00:00,5.0,2.8616395
Badia de Pollença,2025-09-03 10:00:00,5.0,4.294238
Badia de Pollença,2025-09-03 11:00:00,8.0,10.862791
Badia de Pollença,2025-09-03 12:00:00,15.0,19.647802
Badia de Pollença,2025-09-03 13:00:00,22.0,23.300066
Badia de Pollença,2025-09-03 14:00:00,16.0,22.009367
Badia de Pollença,2025-09-03 15:00:00,10.0,20.704136
Badia de Pollença,2025-09-03 16:00:00,13.0,18.56237
Badia de Pollença,2025-09-03 17:00:00,8.0,17.971361
Badia de Pollença,2025-09-03 18:00:00,7.0,16.395874
Badia de Pollença,2025-09-03 19:00:00,5.0,14.907396
Badia de Pollença,2025-09-03 20:00:00,6.0,13.696623
Badia de Pollença,2025-09-04 08:00:00,9.0,11.583422
Badia de Pollença,2025-09-04 09:00:00,5.0,4.1320124
Badia de Pollença,2025-09-04 10:00:00,5.0,5.479151
Badia de Pollença,2025-09-04 11:00:00,7.0,12.5902405
Badia de Pollença,2025-09-04 12:00:00,7.0,16.399397
Badia de Pollença,2025-09-04 13:00:00,12.0,18.484915
Badia de Pollença,2025-09-04 14:00:00,9.0,16.956945
Badia de Pollença,2025-09-04 15:00:00,4.0,15.664402
Badia de Pollença,2025-09-04 16:00:00,9.0,15.892884
Badia de Pollença,2025-09-04 17:00:00,5.0,16.008667
Badia de Pollença,2025-09-04 18:00:00,9.0,11.6776905
Badia de Pollença,2025-09-04 19:00:00,7.0,12.183375
Badia de Pollença,2025-09-04 20:00:00,5.0,12.067997
Badia de Pollença,2025-09-05 08:00:00,7.0,5.070892
Badia de Pollença,2025-09-05 09:00:00,5.0,0.9910468
Badia de Pollença,2025-09-05 10:00:00,5.0,3.3394842
Badia de Pollença,2025-09-05 11:00:00,12.0,8.461261
Badia de Pollença,2025-09-05 12:00:00,7.0,11.4372835
Badia de Pollença,2025-09-05 13:00:00,6.0,10.868186
Badia de Pollença,2025-09-05 14:00:00,12.0,12.736366
Badia de Pollença,2025-09-05 15:00:00,7.0,14.525257
Badia de Pollença,2025-09-05 16:00:00,6.0,11.181116
Badia de Pollença,2025-09-05 17:00:00,5.0,10.042925
Badia de Pollença,2025-09-05 18:00:00,4.0,10.704674
Badia de Pollença,2025-09-05 19:00:00,4.0,9.80447
Badia de Pollença,2025-09-05 20:00:00,3.0,9.290594
Badia de Pollença,2025-09-06 08:00:00,4.0,8.492064
Badia de Pollença,2025-09-06 09:00:00,5.0,0.79872656
Badia de Pollença,2025-09-06 10:00:00,5.0,5.239336
Badia de Pollença,2025-09-06 11:00:00,9.0,8.595776
Badia de Pollença,2025-09-06 12:00:00,14.0,12.266123
Badia de Pollença,2025-09-06 13:00:00,10.0,11.035962
Badia de Pollença,2025-09-06 14:00:00,9.0,10.456456
Badia de Pollença,2025-09-06 15:00:00,9.0,15.449906
Badia de Pollença,2025-09-06 16:00:00,11.0,10.25151
Badia de Pollença,2025-09-06 17:00:00,10.0,8.562435
Badia de Pollença,2025-09-06 18:00:00,8.0,10.387081
Badia de Pollença,2025-09-06 19:00:00,9.0,10.557251
Badia de Pollença,2025-09-06 20:00:00,7.0,9.413059
Badia de Pollença,2025-09-07 08:00:00,13.0,6.094102
Badia de Pollença,2025-09-07 09:00:00,6.0,3.725479
Badia de Pollença,2025-09-07 10:00:00,6.0,3.9314325
Badia de Pollença,2025-09-07 11:00:00,20.0,8.448627
Badia de Pollença,2025-09-07 12:00:00,21.0,14.460655
Badia de Pollença,2025-09-07 13:00:00,22.0,15.171629
Badia de Pollença,2025-09-07 14:00:00,9.0,14.270472
Badia de Pollença,2025-09-07 15:00:00,9.0,13.891825
Badia de Pollença,2025-09-07 16:00:00,18.0,12.9463625
Badia de Pollença,2025-09-07 17:00:00,13.0,11.983657
Badia de Pollença,2025-09-07 18:00:00,7.0,11.007339
Badia de Pollença,2025-09-07 19:00:00,8.0,9.65511
Badia de Pollença,2025-09-07 20:00:00,7.0,8.982061
Badia de Pollença,2025-09-08 08:00:00,9.0,8.493622
Badia de Pollença,2025-09-08 09:00:00,7.0,4.335641
Badia de Pollença,2025-09-08 10:00:00,8.0,3.8541498
Badia de Pollença,2025-09-08 11:00:00,16.0,10.061197
Badia de Pollença,2025-09-08 12:00:00,20.0,16.817915
Badia de Pollença,2025-09-08 13:00:00,15.0,13.478039
Badia de Pollença,2025-09-08 14:00:00,17.0,12.49167
Badia de Pollença,2025-09-08 15:00:00,15.0,13.417897
Badia de Pollença,2025-09-08 16:00:00,11.0,13.679042
Badia de Pollença,2025-09-08 17:00:00,19.0,13.513634
Badia de Pollença,2025-09-08 18:00:00,10.0,11.832588
Badia de Pollença,2025-09-08 19:00:00,10.0,11.503222
Badia de Pollença,2025-09-08 20:00:00,10.0,8.935358
Badia de Pollença,2025-09-09 08:00:00,8.0,6.5077295
Badia de Pollença,2025-09-09 09:00:00,6.0,1.5005506
Badia de Pollença,2025-09-09 10:00:00,7.0,4.9603086
Badia de Pollença,2025-09-09 11:00:00,14.0,8.08427
Badia de Pollença,2025-09-09 12:00:00,19.0,14.60691
Badia de Pollença,2025-09-09 13:00:00,18.0,16.964409
Badia de Pollença,2025-09-09 14:00:00,14.0,15.525284
Badia de Pollença,2025-09-09 15:00:00,19.0,15.523616
Badia de Pollença,2025-09-09 16:00:00,9.0,14.604374
Badia de Pollença,2025-09-09 17:00:00,14.0,10.675831
Badia de Pollença,2025-09-09 18:00:00,14.0,12.578528
Badia de Pollença,2025-09-09 19:00:00,8.0,11.600591
Badia de Pollença,2025-09-09 20:00:00,6.0,10.740027
Badia de Pollença,2025-09-10 08:00:00,9.0,6.8297887
Badia de Pollença,2025-09-10 09:00:00,7.0,3.5092576
Badia de Pollença,2025-09-10 10:00:00,11.0,4.8450336
Badia de Pollença,2025-09-10 11:00:00,21.0,11.285047
Badia de Pollença,2025-09-10 12:00:00,25.0,16.996193
Badia de Pollença,2025-09-10 13:00:00,11.0,18.683998
Badia de Pollença,2025-09-10 14:00:00,15.0,18.25051
Badia de Pollença,2025-09-10 15:00:00,20.0,18.641623
Badia de Pollença,2025-09-10 16:00:00,17.0,16.40312
Badia de Pollença,2025-09-10 17:00:00,9.0,16.290499
Badia de Pollença,2025-09-10 18:00:00,17.0,11.707255
Badia de Pollença,2025-09-10 19:00:00,11.0,12.08369
Badia de Pollença,2025-09-10 20:00:00,8.0,12.280827
Badia de Pollença,2025-09-11 08:00:00,9.0,7.9732184
Badia de Pollença,2025-09-11 09:00:00,7.0,3.673268
Badia de Pollença,2025-09-11 10:00:00,6.0,4.998863
Badia de Pollença,2025-09-11 11:00:00,16.0,9.873353
Badia de Pollença,2025-09-11 12:00:00,22.0,15.84206
Badia de Pollença,2025-09-11 13:00:00,29.0,13.657157
Badia de Pollença,2025-09-11 14:00:00,24.0,15.771444
Badia de Pollença,2025-09-11 15:00:00,20.0,18.903866
Badia de Pollença,2025-09-11 16:00:00,22.0,17.960108
Badia de Pollença,2025-09-11 17:00:00,11.0,17.071693
Badia de Pollença,2025-09-11 18:00:00,8.0,15.242024
Badia de Pollença,2025-09-11 19:00:00,6.0,14.122373
Badia de Pollença,2025-09-11 20:00:00,9.0,12.419558
Badia de Pollença,2025-09-12 08:00:00,11.0,8.833018
Badia de Pollença,2025-09-12 09:00:00,10.0,4.2420306
Badia de Pollença,2025-09-12 10:00:00,7.0,5.487942
Badia de Pollença,2025-09-12 11:00:00,24.0,12.224322
Badia de Pollença,2025-09-12 12:00:00,19.0,18.89875
Badia de Pollença,2025-09-12 13:00:00,15.0,19.801811
Badia de Pollença,2025-09-12 14:00:00,16.0,17.450285
Badia de Pollença,2025-09-12 15:00:00,16.0,19.983536
Badia de Pollença,2025-09-12 16:00:00,15.0,17.281734
Badia de Pollença,2025-09-12 17:00:00,12.0,14.391424
Badia de Pollença,2025-09-12 18:00:00,7.0,14.152602
Badia de Pollença,2025-09-12 19:00:00,8.0,13.447921
Badia de Pollença,2025-09-12 20:00:00,6.0,12.235807
Badia de Pollença,2025-09-13 08:00:00,5.0,9.402261
Badia de Pollença,2025-09-13 09:00:00,7.0,3.9033744
Badia de Pollença,2025-09-13 10:00:00,8.0,5.5255218
Badia de Pollença,2025-09-13 11:00:00,24.0,10.871757
Badia de Pollença,2025-09-13 12:00:00,24.0,15.780506
Badia de Pollença,2025-09-13 13:00:00,17.0,15.268516
Badia de Pollença,2025-09-13 14:00:00,24.0,16.702915
Badia de Pollença,2025-09-13 15:00:00,18.0,14.982868
Badia de Pollença,2025-09-13 16:00:00,23.0,16.578102
Badia de Pollença,2025-09-13 17:00:00,8.0,14.768343
Badia de Pollença,2025-09-13 18:00:00,11.0,13.492245
Badia de Pollença,2025-09-13 19:00:00,7.0,12.816145
Badia de Pollença,2025-09-13 20:00:00,10.0,11.750245
Badia de Pollença,2025-09-14 08:00:00,6.0,7.230427
Badia de Pollença,2025-09-14 09:00:00,6.0,4.112749
Badia de Pollença,2025-09-14 10:00:00,6.0,6.3143435
Badia de Pollença,2025-09-14 11:00:00,24.0,12.837465
Badia de Pollença,2025-09-14 12:00:00,16.0,19.16738
Badia de Pollença,2025-09-14 13:00:00,13.0,16.507587
Badia de Pollença,2025-09-14 14:00:00,14.0,17.28078
Badia de Pollença,2025-09-14 15:00:00,15.0,15.6335
Badia de Pollença,2025-09-14 16:00:00,17.0,15.286215
Badia de Pollença,2025-09-14 17:00:00,15.0,13.98981
Badia de Pollença,2025-09-14 18:00:00,6.0,14.447312
Badia de Pollença,2025-09-14 19:00:00,7.0,13.538343
Badia de Pollença,2025-09-14 20:00:00,12.0,12.033804
Badia de Pollença,2025-09-15 08:00:00,5.0,7.6681037
Badia de Pollença,2025-09-15 09:00:00,6.0,4.959286
Badia de Pollença,2025-09-15 10:00:00,7.0,6.5282407
Badia de Pollença,2025-09-15 11:00:00,22.0,13.73964
Badia de Pollença,2025-09-15 12:00:00,16.0,18.01901
Badia de Pollença,2025-09-15 13:00:00,17.0,18.230358
Badia de Pollença,2025-09-15 14:00:00,24.0,16.362131
Badia de Pollença,2025-09-15 15:00:00,17.0,15.851743
Badia de Pollença,2025-09-15 16:00:00,13.0,14.866609
Badia de Pollença,2025-09-15 17:00:00,6.0,14.2076025
Badia de Pollença,2025-09-15 18:00:00,6.0,14.121254
Badia de Pollença,2025-09-15 19:00:00,6.0,12.199147
Badia de Pollença,2025-09-15 20:00:00,6.0,11.420817
Badia de Pollença,2025-09-16 08:00:00,5.0,8.43351
Badia de Pollença,2025-09-16 09:00:00,6.0,5.718157
Badia de Pollença,2025-09-16 10:00:00,6.0,6.022895
Badia de Pollença,2025-09-16 11:00:00,17.0,12.495004
Badia de Pollença,2025-09-16 12:00:00,20.0,19.180706
Badia de Pollença,2025-09-16 13:00:00,20.0,17.617655
Badia de Pollença,2025-09-16 14:00:00,14.0,19.385723
Badia de Pollença,2025-09-16 15:00:00,10.0,18.163992
Badia de Pollença,2025-09-16 16:00:00,7.0,18.461721
Badia de Pollença,2025-09-16 17:00:00,12.0,17.24141
Badia de Pollença,2025-09-16 18:00:00,10.0,16.026222
Badia de Pollença,2025-09-16 19:00:00,6.0,14.346005
Badia de Pollença,2025-09-16 20:00:00,8.0,13.011014
Badia de Pollença,2025-09-17 08:00:00,7.0,6.909321
Badia de Pollença,2025-09-17 09:00:00,6.0,4.5610194
Badia de Pollença,2025-09-17 10:00:00,6.0,6.0339584
Badia de Pollença,2025-09-17 11:00:00,17.0,12.0586815
Badia de Pollença,2025-09-17 12:00:00,17.0,20.322199
Badia de Pollença,2025-09-17 13:00:00,22.0,18.239214
Badia de Pollença,2025-09-17 14:00:00,16.0,21.863186
Badia de Pollença,2025-09-17 15:00:00,15.0,20.232737
Badia de Pollença,2025-09-17 16:00:00,11.0,16.12594
Badia de Pollença,2025-09-17 17:00:00,9.0,15.250602
Badia de Pollença,2025-09-17 18:00:00,8.0,14.802729
Badia de Pollença,2025-09-17 19:00:00,10.0,14.306702
Badia de Pollença,2025-09-17 20:00:00,14.0,13.710735
Badia de Pollença,2025-09-18 08:00:00,7.0,7.489206
Badia de Pollença,2025-09-18 09:00:00,8.0,3.7327883
Badia de Pollença,2025-09-18 10:00:00,6.0,5.969954
Badia de Pollença,2025-09-18 11:00:00,22.0,12.5974245
Badia de Pollença,2025-09-18 12:00:00,18.0,20.866198
Badia de Pollença,2025-09-18 13:00:00,17.0,20.802177
Badia de Pollença,2025-09-18 14:00:00,16.0,18.860842
Badia de Pollença,2025-09-18 15:00:00,14.0,17.468746
Badia de Pollença,2025-09-18 16:00:00,11.0,16.16548
Badia de Pollença,2025-09-18 17:00:00,8.0,16.341097
Badia de Pollença,2025-09-18 18:00:00,10.0,14.373172
Badia de Pollença,2025-09-18 19:00:00,14.0,12.419848
Badia de Pollença,2025-09-18 20:00:00,12.0,10.769083
Badia de Pollença,2025-09-19 08:00:00,6.0,7.5603075
Badia de Pollença,2025-09-19 09:00:00,7.0,5.8198066
Badia de Pollença,2025-09-19 10:00:00,7.0,5.6477914
Badia de Pollença,2025-09-19 11:00:00,10.0,10.366373
Badia de Pollença,2025-09-19 12:00:00,28.0,10.62143
Badia de Pollença,2025-09-19 13:00:00,20.0,10.179832
Badia de Pollença,2025-09-19 14:00:00,18.0,11.598521
Badia de Pollença,2025-09-19 15:00:00,12.0,15.206479
Badia de Pollença,2025-09-19 16:00:00,15.0,15.038919
Badia de Pollença,2025-09-19 17:00:00,16.0,14.729921
Badia de Pollença,2025-09-19 18:00:00,11.0,12.662988
Badia de Pollença,2025-09-19 19:00:00,9.0,11.6802635
Badia de Pollença,2025-09-19 20:00:00,9.0,10.936744
Badia de Pollença,2025-09-20 08:00:00,7.0,6.6701612
Badia de Pollença,2025-09-20 09:00:00,5.0,4.991674
Badia de Pollença,2025-09-20 10:00:00,8.0,5.2083063
Badia de Pollença,2025-09-20 11:00:00,10.0,11.40104
Badia de Pollença,2025-09-20 12:00:00,10.0,10.698731
Badia de Pollença,2025-09-20 13:00:00,11.0,10.665361
Badia de Pollença,2025-09-20 14:00:00,9.0,11.369365
Badia de Pollença,2025-09-20 15:00:00,17.0,10.943984
Badia de Pollença,2025-09-20 16:00:00,10.0,17.601955
Badia de Pollença,2025-09-20 17:00:00,10.0,10.935887
Badia de Pollença,2025-09-20 18:00:00,12.0,12.109496
Badia de Pollença,2025-09-20 19:00:00,8.0,11.010923
Badia de Pollença,2025-09-20 20:00:00,12.0,11.141484
Badia de Pollença,2025-09-21 08:00:00,7.0,6.9858413
Badia de Pollença,2025-09-21 09:00:00,6.0,5.2008376
Badia de Pollença,2025-09-21 10:00:00,5.0,5.0673194
Badia de Pollença,2025-09-21 11:00:00,13.0,10.937168
Badia de Pollença,2025-09-21 12:00:00,19.0,17.772627
Badia de Pollença,2025-09-21 13:00:00,14.0,18.459242
Badia de Pollença,2025-09-21 14:00:00,14.0,17.043121
Badia de Pollença,2025-09-21 15:00:00,18.0,18.133074
Badia de Pollença,2025-09-21 16:00:00,19.0,17.957014
Badia de Pollença,2025-09-21 17:00:00,16.0,19.128899
Badia de Pollença,2025-09-21 18:00:00,10.0,16.87161
Badia de Pollença,2025-09-21 19:00:00,8.0,13.368177
Badia de Pollença,2025-09-21 20:00:00,11.0,11.58536
Badia de Pollença,2025-09-22 08:00:00,6.0,7.421963
Badia de Pollença,2025-09-22 09:00:00,6.0,3.9886386
Badia de Pollença,2025-09-22 10:00:00,7.0,6.225703
Badia de Pollença,2025-09-22 11:00:00,18.0,11.56022
Badia de Pollença,2025-09-22 12:00:00,13.0,17.678608
Badia de Pollença,2025-09-22 13:00:00,20.0,16.478865
Badia de Pollença,2025-09-22 14:00:00,17.0,15.987894
Badia de Pollença,2025-09-22 15:00:00,16.0,16.634333
Badia de Pollença,2025-09-22 16:00:00,16.0,15.74188
Badia de Pollença,2025-09-22 17:00:00,9.0,14.706659
Badia de Pollença,2025-09-22 18:00:00,8.0,12.596134
Badia de Pollença,2025-09-22 19:00:00,9.0,12.093078
Badia de Pollença,2025-09-22 20:00:00,14.0,11.348326
Badia de Pollença,2025-09-23 08:00:00,6.0,8.621771
Badia de Pollença,2025-09-23 09:00:00,6.0,4.5255394
Badia de Pollença,2025-09-23 10:00:00,6.0,4.7534328
Badia de Pollença,2025-09-23 11:00:00,26.0,11.98934
Badia de Pollença,2025-09-23 12:00:00,15.0,17.819534
Badia de Pollença,2025-09-23 13:00:00,17.0,17.665726
Badia de Pollença,2025-09-23 14:00:00,15.0,15.0476265
Badia de Pollença,2025-09-23 15:00:00,13.0,14.240807
Badia de Pollença,2025-09-23 16:00:00,13.0,16.184834
Badia de Pollença,2025-09-23 17:00:00,13.0,12.247849
Badia de Pollença,2025-09-23 18:00:00,7.0,12.820976
Badia de Pollença,2025-09-23 19:00:00,7.0,11.978596
Badia de Pollença,2025-09-23 20:00:00,16.0,11.04456
Badia de Pollença,2025-09-24 08:00:00,8.0,5.9179935
Badia de Pollença,2025-09-24 09:00:00,6.0,5.1138678
Badia de Pollença,2025-09-24 10:00:00,6.0,5.4418097
Badia de Pollença,2025-09-24 11:00:00,24.0,11.937068
Badia de Pollença,2025-09-24 12:00:00,19.0,18.325052
Badia de Pollença,2025-09-24 13:00:00,27.0,20.37953
Badia de Pollença,2025-09-24 14:00:00,17.0,20.770102
Badia de Pollença,2025-09-24 15:00:00,10.0,20.573444
Badia de Pollença,2025-09-24 16:00:00,17.0,20.517239
Badia de Pollença,2025-09-24 17:00:00,11.0,16.534735
Badia de Pollença,2025-09-24 18:00:00,8.0,14.749735
Badia de Pollença,2025-09-24 19:00:00,7.0,14.646991
Badia de Pollença,2025-09-24 20:00:00,9.0,13.561461
Badia de Pollença,2025-09-25 08:00:00,5.0,7.4430647
Badia de Pollença,2025-09-25 09:00:00,7.0,5.267403
Badia de Pollença,2025-09-25 10:00:00,6.0,5.710464
Badia de Pollença,2025-09-25 11:00:00,26.0,11.76507
Badia de Pollença,2025-09-25 12:00:00,15.0,12.500776
Badia de Pollença,2025-09-25 13:00:00,20.0,12.068968
Badia de Pollença,2025-09-25 14:00:00,14.0,14.146355
Badia de Pollença,2025-09-25 15:00:00,12.0,18.096941
Badia de Pollença,2025-09-25 16:00:00,9.0,19.301085
Badia de Pollença,2025-09-25 17:00:00,8.0,15.83671
Badia de Pollença,2025-09-25 18:00:00,7.0,14.186219
Badia de Pollença,2025-09-25 19:00:00,6.0,13.049713
Badia de Pollença,2025-09-25 20:00:00,8.0,12.464494
Badia de Pollença,2025-09-26 08:00:00,7.0,8.565855
Badia de Pollença,2025-09-26 09:00:00,7.0,5.525797
Badia de Pollença,2025-09-26 10:00:00,7.0,6.0689507
Badia de Pollença,2025-09-26 11:00:00,15.0,11.59065
Badia de Pollença,2025-09-26 12:00:00,14.0,15.650237
Badia de Pollença,2025-09-26 13:00:00,11.0,14.950489
Badia de Pollença,2025-09-26 14:00:00,13.0,15.62801
Badia de Pollença,2025-09-26 15:00:00,12.0,14.989626
Badia de Pollença,2025-09-26 16:00:00,10.0,15.184664
Badia de Pollença,2025-09-26 17:00:00,12.0,11.886129
Badia de Pollença,2025-09-26 18:00:00,14.0,13.232707
Badia de Pollença,2025-09-26 19:00:00,15.0,12.685045
Badia de Pollença,2025-09-26 20:00:00,8.0,11.592311
Badia de Pollença,2025-09-27 08:00:00,6.0,7.234104
Badia de Pollença,2025-09-27 09:00:00,6.0,5.267058
Badia de Pollença,2025-09-27 10:00:00,6.0,5.4922886
Badia de Pollença,2025-09-27 11:00:00,12.0,12.47411
Badia de Pollença,2025-09-27 12:00:00,9.0,13.543794
Badia de Pollença,2025-09-27 13:00:00,16.0,12.654637
Badia de Pollença,2025-09-27 14:00:00,14.0,15.276934
Badia de Pollença,2025-09-27 15:00:00,10.0,14.326235
Badia de Pollença,2025-09-27 16:00:00,12.0,13.815513
Badia de Pollença,2025-09-27 17:00:00,9.0,13.145525
Badia de Pollença,2025-09-27 18:00:00,7.0,12.622125
Badia de Pollença,2025-09-27 19:00:00,6.0,12.389522
Badia de Pollença,2025-09-27 20:00:00,10.0,11.578381
Badia de Pollença,2025-09-28 08:00:00,8.0,7.515328
Badia de Pollença,2025-09-28 09:00:00,6.0,5.2018523
Badia de Pollença,2025-09-28 10:00:00,5.0,5.664425
Badia de Pollença,2025-09-28 11:00:00,15.0,12.159171
Badia de Pollença,2025-09-28 12:00:00,20.0,15.799137
Badia de Pollença,2025-09-28 13:00:00,12.0,15.323066
Badia de Pollença,2025-09-28 14:00:00,9.0,11.637452
Badia de Pollença,2025-09-28 15:00:00,12.0,12.623856
Badia de Pollença,2025-09-28 16:00:00,12.0,16.470276
Badia de Pollença,2025-09-28 17:00:00,11.0,14.60629
Badia de Pollença,2025-09-28 18:00:00,7.0,13.18914
Badia de Pollença,2025-09-28 19:00:00,6.0,12.161761
Badia de Pollença,2025-09-28 20:00:00,8.0,11.345571
Badia de Pollença,2025-09-29 08:00:00,6.0,6.7788267
Badia de Pollença,2025-09-29 09:00:00,7.0,6.273474
Badia de Pollença,2025-09-29 10:00:00,9.0,6.534285
Badia de Pollença,2025-09-29 11:00:00,14.0,10.796952
Badia de Pollença,2025-09-29 12:00:00,19.0,11.7172365
Badia de Pollença,2025-09-29 13:00:00,12.0,13.192145
Badia de Pollença,2025-09-29 14:00:00,11.0,16.690544
Badia de Pollença,2025-09-29 15:00:00,11.0,17.027168
Badia de Pollença,2025-09-29 16:00:00,11.0,18.230648
Badia de Pollença,2025-09-29 17:00:00,15.0,16.378471
Badia de Pollença,2025-09-29 18:00:00,11.0,13.114384
Badia de Pollença,2025-09-29 19:00:00,15.0,11.395529
Badia de Pollença,2025-09-29 20:00:00,15.0,10.635721
Cala Vedella (platja),2025-09-01 08:00:00,59.0,81.69209
Cala Vedella (platja),2025-09-01 09:00:00,5.0,46.35272
Cala Vedella (platja),2025-09-01 10:00:00,6.0,39.05758
Cala Vedella (platja),2025-09-01 11:00:00,67.0,113.41084
Cala Vedella (platja),2025-09-01 12:00:00,133.0,172.79811
Cala Vedella (platja),2025-09-01 13:00:00,203.0,183.66937
Cala Vedella (platja),2025-09-01 14:00:00,200.0,182.72383
Cala Vedella (platja),2025-09-01 15:00:00,216.0,190.0448
Cala Vedella (platja),2025-09-01 16:00:00,188.0,220.55963
Cala Vedella (platja),2025-09-01 17:00:00,232.0,222.38782
Cala Vedella (platja),2025-09-01 18:00:00,188.0,188.94765
Cala Vedella (platja),2025-09-01 19:00:00,163.0,134.83955
Cala Vedella (platja),2025-09-01 20:00:00,95.0,99.10874
Cala Vedella (platja),2025-09-02 08:00:00,40.0,78.67827
Cala Vedella (platja),2025-09-02 09:00:00,7.0,34.530823
Cala Vedella (platja),2025-09-02 10:00:00,6.0,38.23198
Cala Vedella (platja),2025-09-02 11:00:00,55.0,75.878654
Cala Vedella (platja),2025-09-02 12:00:00,174.0,107.34601
Cala Vedella (platja),2025-09-02 13:00:00,203.0,130.143
Cala Vedella (platja),2025-09-02 14:00:00,193.0,127.54112
Cala Vedella (platja),2025-09-02 15:00:00,231.0,134.41849
Cala Vedella (platja),2025-09-02 16:00:00,207.0,129.47655
Cala Vedella (platja),2025-09-02 17:00:00,264.0,134.52777
Cala Vedella (platja),2025-09-02 18:00:00,232.0,109.891266
Cala Vedella (platja),2025-09-02 19:00:00,183.0,104.65719
Cala Vedella (platja),2025-09-02 20:00:00,125.0,93.23342
Cala Vedella (platja),2025-09-03 08:00:00,69.0,73.02721
Cala Vedella (platja),2025-09-03 09:00:00,6.0,43.20826
Cala Vedella (platja),2025-09-03 10:00:00,8.0,41.782883
Cala Vedella (platja),2025-09-03 11:00:00,71.0,76.38222
Cala Vedella (platja),2025-09-03 12:00:00,147.0,124.25803
Cala Vedella (platja),2025-09-03 13:00:00,184.0,142.14844
Cala Vedella (platja),2025-09-03 14:00:00,216.0,131.7426
Cala Vedella (platja),2025-09-03 15:00:00,207.0,157.88164
Cala Vedella (platja),2025-09-03 16:00:00,229.0,166.46565
Cala Vedella (platja),2025-09-03 17:00:00,213.0,164.11618
Cala Vedella (platja),2025-09-03 18:00:00,213.0,126.66332
Cala Vedella (platja),2025-09-03 19:00:00,131.0,96.729744
Cala Vedella (platja),2025-09-03 20:00:00,64.0,90.711555
Cala Vedella (platja),2025-09-04 08:00:00,42.0,41.392002
Cala Vedella (platja),2025-09-04 09:00:00,6.0,44.73527
Cala Vedella (platja),2025-09-04 10:00:00,8.0,58.60118
Cala Vedella (platja),2025-09-04 11:00:00,66.0,106.37939
Cala Vedella (platja),2025-09-04 12:00:00,159.0,147.29723
Cala Vedella (platja),2025-09-04 13:00:00,241.0,179.01825
Cala Vedella (platja),2025-09-04 14:00:00,273.0,181.92871
Cala Vedella (platja),2025-09-04 15:00:00,260.0,160.78513
Cala Vedella (platja),2025-09-04 16:00:00,232.0,151.46002
Cala Vedella (platja),2025-09-04 17:00:00,172.0,180.73322
Cala Vedella (platja),2025-09-04 18:00:00,195.0,134.26547
Cala Vedella (platja),2025-09-04 19:00:00,161.0,107.69725
Cala Vedella (platja),2025-09-04 20:00:00,76.0,88.48214
Cala Vedella (platja),2025-09-05 08:00:00,41.0,76.06246
Cala Vedella (platja),2025-09-05 09:00:00,7.0,53.29794
Cala Vedella (platja),2025-09-05 10:00:00,6.0,51.09021
Cala Vedella (platja),2025-09-05 11:00:00,26.0,107.132645
Cala Vedella (platja),2025-09-05 12:00:00,23.0,109.15302
Cala Vedella (platja),2025-09-05 13:00:00,103.0,155.92128
Cala Vedella (platja),2025-09-05 14:00:00,143.0,152.53856
Cala Vedella (platja),2025-09-05 15:00:00,190.0,185.03264
Cala Vedella (platja),2025-09-05 16:00:00,184.0,180.55971
Cala Vedella (platja),2025-09-05 17:00:00,215.0,162.41153
Cala Vedella (platja),2025-09-05 18:00:00,217.0,135.98846
Cala Vedella (platja),2025-09-05 19:00:00,153.0,104.39826
Cala Vedella (platja),2025-09-05 20:00:00,102.0,102.17868
Cala Vedella (platja),2025-09-06 08:00:00,70.0,77.19201
Cala Vedella (platja),2025-09-06 09:00:00,7.0,36.190666
Cala Vedella (platja),2025-09-06 10:00:00,8.0,38.906322
Cala Vedella (platja),2025-09-06 11:00:00,18.0,90.66567
Cala Vedella (platja),2025-09-06 12:00:00,67.0,105.37126
Cala Vedella (platja),2025-09-06 13:00:00,95.0,90.31565
Cala Vedella (platja),2025-09-06 14:00:00,77.0,94.24157
Cala Vedella (platja),2025-09-06 15:00:00,48.0,93.397995
Cala Vedella (platja),2025-09-06 16:00:00,28.0,94.25448
Cala Vedella (platja),2025-09-06 17:00:00,16.0,117.539925
Cala Vedella (platja),2025-09-06 18:00:00,22.0,84.79225
Cala Vedella (platja),2025-09-06 19:00:00,32.0,80.663734
Cala Vedella (platja),2025-09-06 20:00:00,23.0,70.13293
Cala Vedella (platja),2025-09-07 08:00:00,38.0,48.411114
Cala Vedella (platja),2025-09-07 09:00:00,6.0,47.33923
Cala Vedella (platja),2025-09-07 10:00:00,5.0,52.805122
Cala Vedella (platja),2025-09-07 11:00:00,64.0,104.20737
Cala Vedella (platja),2025-09-07 12:00:00,149.0,166.71579
Cala Vedella (platja),2025-09-07 13:00:00,209.0,198.46747
Cala Vedella (platja),2025-09-07 14:00:00,253.0,179.08484
Cala Vedella (platja),2025-09-07 15:00:00,219.0,176.19162
Cala Vedella (platja),2025-09-07 16:00:00,269.0,169.95166
Cala Vedella (platja),2025-09-07 17:00:00,214.0,164.71785
Cala Vedella (platja),2025-09-07 18:00:00,222.0,142.71364
Cala Vedella (platja),2025-09-07 19:00:00,155.0,121.580925
Cala Vedella (platja),2025-09-07 20:00:00,63.0,95.009636
Cala Vedella (platja),2025-09-08 08:00:00,34.0,79.818886
Cala Vedella (platja),2025-09-08 09:00:00,6.0,34.423504
Cala Vedella (platja),2025-09-08 10:00:00,8.0,54.57635
Cala Vedella (platja),2025-09-08 11:00:00,55.0,83.58361
Cala Vedella (platja),2025-09-08 12:00:00,135.0,156.3958
Cala Vedella (platja),2025-09-08 13:00:00,207.0,165.00739
Cala Vedella (platja),2025-09-08 14:00:00,217.0,158.86917
Cala Vedella (platja),2025-09-08 15:00:00,243.0,142.86047
Cala Vedella (platja),2025-09-08 16:00:00,223.0,169.99374
Cala Vedella (platja),2025-09-08 17:00:00,245.0,150.16618
Cala Vedella (platja),2025-09-08 18:00:00,193.0,139.25284
Cala Vedella (platja),2025-09-08 19:00:00,176.0,110.51854
Cala Vedella (platja),2025-09-08 20:00:00,91.0,87.53368
Cala Vedella (platja),2025-09-09 08:00:00,36.0,78.99361
Cala Vedella (platja),2025-09-09 09:00:00,9.0,41.38702
Cala Vedella (platja),2025-09-09 10:00:00,9.0,43.835308
Cala Vedella (platja),2025-09-09 11:00:00,77.0,91.98301
Cala Vedella (platja),2025-09-09 12:00:00,140.0,130.23093
Cala Vedella (platja),2025-09-09 13:00:00,176.0,131.2773
Cala Vedella (platja),2025-09-09 14:00:00,176.0,106.85467
Cala Vedella (platja),2025-09-09 15:00:00,188.0,115.53856
Cala Vedella (platja),2025-09-09 16:00:00,174.0,115.378525
Cala Vedella (platja),2025-09-09 17:00:00,198.0,121.56728
Cala Vedella (platja),2025-09-09 18:00:00,206.0,108.55503
Cala Vedella (platja),2025-09-09 19:00:00,148.0,91.82717
Cala Vedella (platja),2025-09-09 20:00:00,79.0,70.079636
Cala Vedella (platja),2025-09-10 08:00:00,25.0,57.9554
Cala Vedella (platja),2025-09-10 09:00:00,6.0,20.214031
Cala Vedella (platja),2025-09-10 10:00:00,7.0,20.905972
Cala Vedella (platja),2025-09-10 11:00:00,63.0,90.26698
Cala Vedella (platja),2025-09-10 12:00:00,165.0,139.75064
Cala Vedella (platja),2025-09-10 13:00:00,170.0,140.77597
Cala Vedella (platja),2025-09-10 14:00:00,186.0,117.92622
Cala Vedella (platja),2025-09-10 15:00:00,180.0,135.12128
Cala Vedella (platja),2025-09-10 16:00:00,247.0,149.13028
Cala Vedella (platja),2025-09-10 17:00:00,216.0,145.15927
Cala Vedella (platja),2025-09-10 18:00:00,187.0,93.27103
Cala Vedella (platja),2025-09-10 19:00:00,123.0,67.74779
Cala Vedella (platja),2025-09-10 20:00:00,73.0,60.581055
Cala Vedella (platja),2025-09-11 08:00:00,25.0,53.48839
Cala Vedella (platja),2025-09-11 09:00:00,10.0,29.908482
Cala Vedella (platja),2025-09-11 10:00:00,6.0,51.049763
Cala Vedella (platja),2025-09-11 11:00:00,65.0,103.59629
Cala Vedella (platja),2025-09-11 12:00:00,152.0,152.276
Cala Vedella (platja),2025-09-11 13:00:00,231.0,169.55286
Cala Vedella (platja),2025-09-11 14:00:00,214.0,158.45844
Cala Vedella (platja),2025-09-11 15:00:00,242.0,159.6233
Cala Vedella (platja),2025-09-11 16:00:00,238.0,174.33653
Cala Vedella (platja),2025-09-11 17:00:00,220.0,169.83905
Cala Vedella (platja),2025-09-11 18:00:00,238.0,127.08696
Cala Vedella (platja),2025-09-11 19:00:00,192.0,93.75819
Cala Vedella (platja),2025-09-11 20:00:00,90.0,72.65393
Cala Vedella (platja),2025-09-12 08:00:00,18.0,55.35207
Cala Vedella (platja),2025-09-12 09:00:00,6.0,35.498943
Cala Vedella (platja),2025-09-12 10:00:00,7.0,40.604618
Cala Vedella (platja),2025-09-12 11:00:00,68.0,98.686714
Cala Vedella (platja),2025-09-12 12:00:00,118.0,126.581924
Cala Vedella (platja),2025-09-12 13:00:00,135.0,153.01859
Cala Vedella (platja),2025-09-12 14:00:00,185.0,149.09421
Cala Vedella (platja),2025-09-12 15:00:00,197.0,173.32904
Cala Vedella (platja),2025-09-12 16:00:00,173.0,175.67941
Cala Vedella (platja),2025-09-12 17:00:00,205.0,149.66475
Cala Vedella (platja),2025-09-12 18:00:00,185.0,120.3229
Cala Vedella (platja),2025-09-12 19:00:00,178.0,90.240776
Cala Vedella (platja),2025-09-12 20:00:00,63.0,87.13998
Cala Vedella (platja),2025-09-13 08:00:00,22.0,74.079346
Cala Vedella (platja),2025-09-13 09:00:00,7.0,49.85948
Cala Vedella (platja),2025-09-13 10:00:00,6.0,48.52569
Cala Vedella (platja),2025-09-13 11:00:00,50.0,98.68335
Cala Vedella (platja),2025-09-13 12:00:00,116.0,128.98927
Cala Vedella (platja),2025-09-13 13:00:00,161.0,147.05319
Cala Vedella (platja),2025-09-13 14:00:00,163.0,154.20593
Cala Vedella (platja),2025-09-13 15:00:00,183.0,154.02977
Cala Vedella (platja),2025-09-13 16:00:00,165.0,162.70497
Cala Vedella (platja),2025-09-13 17:00:00,202.0,143.51707
Cala Vedella (platja),2025-09-13 18:00:00,143.0,126.29934
Cala Vedella (platja),2025-09-13 19:00:00,125.0,86.381905
Cala Vedella (platja),2025-09-13 20:00:00,65.0,80.59833
Cala Vedella (platja),2025-09-14 08:00:00,22.0,70.576965
Cala Vedella (platja),2025-09-14 09:00:00,5.0,52.971375
Cala Vedella (platja),2025-09-14 10:00:00,7.0,48.116756
Cala Vedella (platja),2025-09-14 11:00:00,58.0,97.28593
Cala Vedella (platja),2025-09-14 12:00:00,96.0,141.38852
Cala Vedella (platja),2025-09-14 13:00:00,160.0,167.64859
Cala Vedella (platja),2025-09-14 14:00:00,137.0,157.5474
Cala Vedella (platja),2025-09-14 15:00:00,132.0,162.41183
Cala Vedella (platja),2025-09-14 16:00:00,189.0,180.71352
Cala Vedella (platja),2025-09-14 17:00:00,171.0,161.61177
Cala Vedella (platja),2025-09-14 18:00:00,150.0,126.77948
Cala Vedella (platja),2025-09-14 19:00:00,94.0,85.059944
Cala Vedella (platja),2025-09-14 20:00:00,58.0,84.8863
Cala Vedella (platja),2025-09-15 08:00:00,15.0,55.892765
Cala Vedella (platja),2025-09-15 09:00:00,7.0,39.122913
Cala Vedella (platja),2025-09-15 10:00:00,6.0,41.837765
Cala Vedella (platja),2025-09-15 11:00:00,71.0,101.531044
Cala Vedella (platja),2025-09-15 12:00:00,117.0,136.82234
Cala Vedella (platja),2025-09-15 13:00:00,159.0,155.6865
Cala Vedella (platja),2025-09-15 14:00:00,164.0,143.26634
Cala Vedella (platja),2025-09-15 15:00:00,147.0,150.8117
Cala Vedella (platja),2025-09-15 16:00:00,182.0,161.61841
Cala Vedella (platja),2025-09-15 17:00:00,179.0,153.64746
Cala Vedella (platja),2025-09-15 18:00:00,143.0,112.11837
Cala Vedella (platja),2025-09-15 19:00:00,157.0,84.18818
Cala Vedella (platja),2025-09-15 20:00:00,99.0,86.813286
Cala Vedella (platja),2025-09-16 08:00:00,15.0,59.94244
Cala Vedella (platja),2025-09-16 09:00:00,7.0,47.0499
Cala Vedella (platja),2025-09-16 10:00:00,6.0,45.95444
Cala Vedella (platja),2025-09-16 11:00:00,54.0,90.43865
Cala Vedella (platja),2025-09-16 12:00:00,130.0,123.029045
Cala Vedella (platja),2025-09-16 13:00:00,135.0,152.03693
Cala Vedella (platja),2025-09-16 14:00:00,189.0,141.45888
Cala Vedella (platja),2025-09-16 15:00:00,190.0,149.46005
Cala Vedella (platja),2025-09-16 16:00:00,203.0,147.72684
Cala Vedella (platja),2025-09-16 17:00:00,183.0,143.45056
Cala Vedella (platja),2025-09-16 18:00:00,199.0,121.07305
Cala Vedella (platja),2025-09-16 19:00:00,113.0,88.301834
Cala Vedella (platja),2025-09-16 20:00:00,75.0,81.318665
Cala Vedella (platja),2025-09-17 08:00:00,14.0,52.010876
Cala Vedella (platja),2025-09-17 09:00:00,7.0,40.88038
Cala Vedella (platja),2025-09-17 10:00:00,6.0,41.814873
Cala Vedella (platja),2025-09-17 11:00:00,70.0,98.714294
Cala Vedella (platja),2025-09-17 12:00:00,117.0,138.86703
Cala Vedella (platja),2025-09-17 13:00:00,148.0,139.45871
Cala Vedella (platja),2025-09-17 14:00:00,180.0,145.58858
Cala Vedella (platja),2025-09-17 15:00:00,142.0,140.0966
Cala Vedella (platja),2025-09-17 16:00:00,173.0,140.40918
Cala Vedella (platja),2025-09-17 17:00:00,197.0,129.20258
Cala Vedella (platja),2025-09-17 18:00:00,165.0,107.13153
Cala Vedella (platja),2025-09-17 19:00:00,132.0,78.83021
Cala Vedella (platja),2025-09-17 20:00:00,57.0,79.20907
Cala Vedella (platja),2025-09-18 08:00:00,13.0,46.072628
Cala Vedella (platja),2025-09-18 09:00:00,6.0,38.768677
Cala Vedella (platja),2025-09-18 10:00:00,6.0,35.74587
Cala Vedella (platja),2025-09-18 11:00:00,66.0,92.69093
Cala Vedella (platja),2025-09-18 12:00:00,123.0,137.44434
Cala Vedella (platja),2025-09-18 13:00:00,162.0,150.57896
Cala Vedella (platja),2025-09-18 14:00:00,155.0,156.3283
Cala Vedella (platja),2025-09-18 15:00:00,132.0,137.36269
Cala Vedella (platja),2025-09-18 16:00:00,139.0,142.71075
Cala Vedella (platja),2025-09-18 17:00:00,159.0,146.01381
Cala Vedella (platja),2025-09-18 18:00:00,115.0,122.170105
Cala Vedella (platja),2025-09-18 19:00:00,58.0,80.00895
Cala Vedella (platja),2025-09-18 20:00:00,38.0,77.48302
Cala Vedella (platja),2025-09-19 08:00:00,9.0,41.15902
Cala Vedella (platja),2025-09-19 09:00:00,6.0,35.619923
Cala Vedella (platja),2025-09-19 10:00:00,6.0,33.267044
Cala Vedella (platja),2025-09-19 11:00:00,45.0,68.336494
Cala Vedella (platja),2025-09-19 12:00:00,111.0,103.4344
Cala Vedella (platja),2025-09-19 13:00:00,183.0,130.51682
Cala Vedella (platja),2025-09-19 14:00:00,236.0,132.12239
Cala Vedella (platja),2025-09-19 15:00:00,238.0,136.25024
Cala Vedella (platja),2025-09-19 16:00:00,220.0,145.39691
Cala Vedella (platja),2025-09-19 17:00:00,201.0,121.0422
Cala Vedella (platja),2025-09-19 18:00:00,120.0,103.619934
Cala Vedella (platja),2025-09-19 19:00:00,56.0,70.21715
Cala Vedella (platja),2025-09-19 20:00:00,10.0,52.213963
Cala Vedella (platja),2025-09-20 08:00:00,7.0,26.255346
Cala Vedella (platja),2025-09-20 09:00:00,7.0,34.69585
Cala Vedella (platja),2025-09-20 10:00:00,37.0,70.83503
Cala Vedella (platja),2025-09-20 11:00:00,79.0,76.38775
Cala Vedella (platja),2025-09-20 12:00:00,108.0,82.42874
Cala Vedella (platja),2025-09-20 13:00:00,146.0,84.23604
Cala Vedella (platja),2025-09-20 14:00:00,156.0,81.428635
Cala Vedella (platja),2025-09-20 15:00:00,192.0,141.885
Cala Vedella (platja),2025-09-20 16:00:00,204.0,128.20541
Cala Vedella (platja),2025-09-20 17:00:00,223.0,122.49139
Cala Vedella (platja),2025-09-20 18:00:00,137.0,88.69853
Cala Vedella (platja),2025-09-20 19:00:00,48.0,69.84548
Cala Vedella (platja),2025-09-20 20:00:00,13.0,44.19743
Cala Vedella (platja),2025-09-21 08:00:00,9.0,22.293453
Cala Vedella (platja),2025-09-21 09:00:00,6.0,30.7363
Cala Vedella (platja),2025-09-21 10:00:00,55.0,72.581
Cala Vedella (platja),2025-09-21 11:00:00,128.0,118.04065
Cala Vedella (platja),2025-09-21 12:00:00,161.0,140.64789
Cala Vedella (platja),2025-09-21 13:00:00,157.0,138.17241
Cala Vedella (platja),2025-09-21 14:00:00,170.0,136.95865
Cala Vedella (platja),2025-09-21 15:00:00,179.0,143.67645
Cala Vedella (platja),2025-09-21 16:00:00,139.0,133.14716
Cala Vedella (platja),2025-09-21 17:00:00,117.0,109.57553
Cala Vedella (platja),2025-09-21 18:00:00,70.0,73.65855
Cala Vedella (platja),2025-09-21 19:00:00,41.0,67.07786
Cala Vedella (platja),2025-09-21 20:00:00,6.0,34.752754
Cala Vedella (platja),2025-09-22 08:00:00,6.0,22.01483
Cala Vedella (platja),2025-09-22 09:00:00,6.0,26.796103
Cala Vedella (platja),2025-09-22 10:00:00,115.0,114.661804
Cala Vedella (platja),2025-09-22 11:00:00,127.0,143.6417
Cala Vedella (platja),2025-09-22 13:00:00,180.0,133.52449
Cala Vedella (platja),2025-09-22 14:00:00,181.0,110.89139
Cala Vedella (platja),2025-09-22 15:00:00,182.0,136.16176
Cala Vedella (platja),2025-09-22 16:00:00,191.0,132.42592
Cala Vedella (platja),2025-09-22 17:00:00,149.0,119.08852
Cala Vedella (platja),2025-09-22 18:00:00,98.0,88.63431
Cala Vedella (platja),2025-09-22 19:00:00,57.0,69.21513
Cala Vedella (platja),2025-09-22 20:00:00,6.0,48.19282
Cala Vedella (platja),2025-09-23 08:00:00,6.0,31.726105
Cala Vedella (platja),2025-09-23 09:00:00,6.0,38.282196
Cala Vedella (platja),2025-09-23 10:00:00,60.0,76.78837
Cala Vedella (platja),2025-09-23 11:00:00,118.0,114.59091
Cala Vedella (platja),2025-09-23 12:00:00,184.0,141.0064
Cala Vedella (platja),2025-09-23 13:00:00,184.0,126.8102
Cala Vedella (platja),2025-09-23 14:00:00,193.0,119.75828
Cala Vedella (platja),2025-09-23 15:00:00,190.0,132.36049
Cala Vedella (platja),2025-09-23 16:00:00,203.0,135.4203
Cala Vedella (platja),2025-09-23 17:00:00,210.0,125.92792
Cala Vedella (platja),2025-09-23 18:00:00,78.0,83.96467
Cala Vedella (platja),2025-09-23 19:00:00,70.0,63.034668
Cala Vedella (platja),2025-09-23 20:00:00,5.0,44.634438
Cala Vedella (platja),2025-09-24 08:00:00,6.0,22.364672
Cala Vedella (platja),2025-09-24 09:00:00,6.0,30.497883
Cala Vedella (platja),2025-09-24 10:00:00,51.0,83.47485
Cala Vedella (platja),2025-09-24 11:00:00,72.0,126.94499
Cala Vedella (platja),2025-09-24 12:00:00,117.0,131.48137
Cala Vedella (platja),2025-09-24 13:00:00,156.0,134.32806
Cala Vedella (platja),2025-09-24 14:00:00,130.0,134.23987
Cala Vedella (platja),2025-09-24 15:00:00,149.0,139.3366
Cala Vedella (platja),2025-09-24 16:00:00,143.0,138.59787
Cala Vedella (platja),2025-09-24 17:00:00,149.0,117.42797
Cala Vedella (platja),2025-09-24 18:00:00,85.0,88.7079
Cala Vedella (platja),2025-09-24 19:00:00,37.0,73.95473
Cala Vedella (platja),2025-09-24 20:00:00,6.0,47.804718
Cala Vedella (platja),2025-09-25 09:00:00,5.0,27.387897
Cala Vedella (platja),2025-09-25 10:00:00,6.0,37.128708
Cala Vedella (platja),2025-09-25 11:00:00,33.0,76.652176
Cala Vedella (platja),2025-09-25 12:00:00,75.0,93.13371
Cala Vedella (platja),2025-09-25 13:00:00,110.0,117.383934
Cala Vedella (platja),2025-09-25 14:00:00,150.0,150.42703
Cala Vedella (platja),2025-09-25 15:00:00,160.0,153.97661
Cala Vedella (platja),2025-09-25 16:00:00,166.0,154.98415
Cala Vedella (platja),2025-09-25 17:00:00,180.0,146.12276
Cala Vedella (platja),2025-09-25 18:00:00,189.0,121.47049
Cala Vedella (platja),2025-09-25 19:00:00,115.0,72.631165
Cala Vedella (platja),2025-09-25 20:00:00,52.0,67.56962
Cala Vedella (platja),2025-09-26 08:00:00,7.0,39.609158
Cala Vedella (platja),2025-09-26 09:00:00,9.0,37.701736
Cala Vedella (platja),2025-09-26 10:00:00,7.0,33.82009
Cala Vedella (platja),2025-09-26 11:00:00,26.0,73.1758
Cala Vedella (platja),2025-09-26 12:00:00,45.0,92.686165
Cala Vedella (platja),2025-09-26 13:00:00,98.0,78.92483
Cala Vedella (platja),2025-09-26 14:00:00,95.0,100.49354
Cala Vedella (platja),2025-09-26 15:00:00,127.0,119.716606
Cala Vedella (platja),2025-09-26 16:00:00,144.0,143.81886
Cala Vedella (platja),2025-09-26 17:00:00,198.0,120.85144
Cala Vedella (platja),2025-09-26 18:00:00,171.0,95.84243
Cala Vedella (platja),2025-09-26 19:00:00,88.0,65.5363
Cala Vedella (platja),2025-09-26 20:00:00,30.0,66.60351
Cala Vedella (platja),2025-09-27 08:00:00,6.0,45.212776
Cala Vedella (platja),2025-09-27 09:00:00,6.0,39.001255
Cala Vedella (platja),2025-09-27 10:00:00,6.0,29.153582
Cala Vedella (platja),2025-09-27 11:00:00,26.0,49.090687
Cala Vedella (platja),2025-09-27 12:00:00,28.0,55.58331
Cala Vedella (platja),2025-09-27 13:00:00,29.0,62.60979
Cala Vedella (platja),2025-09-27 14:00:00,27.0,62.61366
Cala Vedella (platja),2025-09-27 15:00:00,20.0,84.3157
Cala Vedella (platja),2025-09-27 16:00:00,33.0,83.79608
Cala Vedella (platja),2025-09-27 17:00:00,41.0,85.282745
Cala Vedella (platja),2025-09-27 18:00:00,24.0,72.79339
Cala Vedella (platja),2025-09-27 19:00:00,26.0,59.271713
Cala Vedella (platja),2025-09-27 20:00:00,30.0,57.409954
Cala Vedella (platja),2025-09-28 08:00:00,8.0,28.719025
Cala Vedella (platja),2025-09-28 09:00:00,8.0,32.437088
Cala Vedella (platja),2025-09-28 10:00:00,11.0,22.06977
Cala Vedella (platja),2025-09-28 11:00:00,50.0,77.21852
Cala Vedella (platja),2025-09-28 12:00:00,100.0,119.743546
Cala Vedella (platja),2025-09-28 13:00:00,123.0,147.43977
Cala Vedella (platja),2025-09-28 14:00:00,149.0,140.58472
Cala Vedella (platja),2025-09-28 15:00:00,139.0,134.26501
Cala Vedella (platja),2025-09-28 16:00:00,172.0,126.00687
Cala Vedella (platja),2025-09-28 17:00:00,182.0,127.241554
Cala Vedella (platja),2025-09-28 18:00:00,146.0,100.01731
Cala Vedella (platja),2025-09-28 19:00:00,56.0,63.058445
Cala Vedella (platja),2025-09-28 20:00:00,43.0,61.012474
Cala Vedella (platja),2025-09-29 08:00:00,6.0,34.875317
Cala Vedella (platja),2025-09-29 09:00:00,6.0,23.95785
Cala Vedella (platja),2025-09-29 10:00:00,6.0,25.183187
Cala Vedella (platja),2025-09-29 11:00:00,44.0,79.27661
Cala Vedella (platja),2025-09-29 12:00:00,98.0,125.99108
Cala Vedella (platja),2025-09-29 13:00:00,159.0,127.016655
Cala Vedella (platja),2025-09-29 14:00:00,142.0,117.67703
Cala Vedella (platja),2025-09-29 15:00:00,157.0,112.13689
Cala Vedella (platja),2025-09-29 16:00:00,162.0,122.50449
Cala Vedella (platja),2025-09-29 17:00:00,136.0,103.465935
Cala Vedella (platja),2025-09-29 18:00:00,62.0,76.71617
Cala Vedella (platja),2025-09-29 19:00:00,31.0,60.236294
Cala Vedella (platja),2025-09-29 20:00:00,8.0,32.795673
Cala Vedella (port),2025-09-01 08:00:00,26.0,18.806013
Cala Vedella (port),2025-09-01 09:00:00,4.0,8.26355
Cala Vedella (port),2025-09-01 10:00:00,4.0,12.873033
Cala Vedella (port),2025-09-01 11:00:00,10.0,17.658138
Cala Vedella (port),2025-09-01 12:00:00,27.0,26.364376
Cala Vedella (port),2025-09-01 13:00:00,29.0,31.178688
Cala Vedella (port),2025-09-01 14:00:00,49.0,37.341022
Cala Vedella (port),2025-09-01 15:00:00,39.0,35.010246
Cala Vedella (port),2025-09-01 16:00:00,33.0,31.769335
Cala Vedella (port),2025-09-01 17:00:00,32.0,32.182983
Cala Vedella (port),2025-09-01 18:00:00,15.0,27.484026
Cala Vedella (port),2025-09-01 19:00:00,12.0,24.244173
Cala Vedella (port),2025-09-01 20:00:00,12.0,19.154753
Cala Vedella (port),2025-09-02 08:00:00,13.0,16.311258
Cala Vedella (port),2025-09-02 09:00:00,5.0,13.560087
Cala Vedella (port),2025-09-02 10:00:00,5.0,12.831034
Cala Vedella (port),2025-09-02 11:00:00,10.0,14.519365
Cala Vedella (port),2025-09-02 12:00:00,30.0,21.305513
Cala Vedella (port),2025-09-02 13:00:00,34.0,20.644938
Cala Vedella (port),2025-09-02 14:00:00,34.0,20.145042
Cala Vedella (port),2025-09-02 15:00:00,46.0,21.132416
Cala Vedella (port),2025-09-02 16:00:00,50.0,19.505596
Cala Vedella (port),2025-09-02 17:00:00,35.0,18.727835
Cala Vedella (port),2025-09-02 18:00:00,28.0,17.830048
Cala Vedella (port),2025-09-02 19:00:00,18.0,18.037413
Cala Vedella (port),2025-09-02 20:00:00,12.0,15.749649
Cala Vedella (port),2025-09-03 08:00:00,17.0,14.184477
Cala Vedella (port),2025-09-03 09:00:00,4.0,6.0803347
Cala Vedella (port),2025-09-03 10:00:00,5.0,12.296684
Cala Vedella (port),2025-09-03 11:00:00,12.0,15.984838
Cala Vedella (port),2025-09-03 12:00:00,18.0,23.019888
Cala Vedella (port),2025-09-03 13:00:00,46.0,22.116947
Cala Vedella (port),2025-09-03 14:00:00,41.0,23.47472
Cala Vedella (port),2025-09-03 15:00:00,42.0,29.430893
Cala Vedella (port),2025-09-03 16:00:00,35.0,26.940283
Cala Vedella (port),2025-09-03 17:00:00,36.0,24.284092
Cala Vedella (port),2025-09-03 18:00:00,19.0,22.938341
Cala Vedella (port),2025-09-03 19:00:00,9.0,22.968443
Cala Vedella (port),2025-09-03 20:00:00,10.0,18.673225
Cala Vedella (port),2025-09-04 08:00:00,13.0,8.971771
Cala Vedella (port),2025-09-04 09:00:00,5.0,8.012459
Cala Vedella (port),2025-09-04 10:00:00,4.0,12.721536
Cala Vedella (port),2025-09-04 11:00:00,9.0,16.287891
Cala Vedella (port),2025-09-04 12:00:00,8.0,28.55805
Cala Vedella (port),2025-09-04 13:00:00,32.0,33.681133
Cala Vedella (port),2025-09-04 14:00:00,60.0,34.529114
Cala Vedella (port),2025-09-04 15:00:00,30.0,26.04574
Cala Vedella (port),2025-09-04 16:00:00,25.0,26.376755
Cala Vedella (port),2025-09-04 17:00:00,19.0,34.41084
Cala Vedella (port),2025-09-04 18:00:00,33.0,28.035728
Cala Vedella (port),2025-09-04 19:00:00,23.0,22.561506
Cala Vedella (port),2025-09-04 20:00:00,8.0,20.505232
Cala Vedella (port),2025-09-05 08:00:00,6.0,16.806244
Cala Vedella (port),2025-09-05 09:00:00,4.0,6.8644056
Cala Vedella (port),2025-09-05 10:00:00,4.0,13.24534
Cala Vedella (port),2025-09-05 11:00:00,9.0,16.626577
Cala Vedella (port),2025-09-05 12:00:00,4.0,20.413109
Cala Vedella (port),2025-09-05 13:00:00,14.0,20.12905
Cala Vedella (port),2025-09-05 14:00:00,16.0,32.251923
Cala Vedella (port),2025-09-05 15:00:00,34.0,35.523354
Cala Vedella (port),2025-09-05 16:00:00,34.0,35.547146
Cala Vedella (port),2025-09-05 17:00:00,30.0,33.825706
Cala Vedella (port),2025-09-05 18:00:00,20.0,28.02105
Cala Vedella (port),2025-09-05 19:00:00,16.0,25.991203
Cala Vedella (port),2025-09-05 20:00:00,13.0,20.985415
Cala Vedella (port),2025-09-06 08:00:00,7.0,18.061615
Cala Vedella (port),2025-09-06 09:00:00,4.0,6.176663
Cala Vedella (port),2025-09-06 10:00:00,4.0,13.333827
Cala Vedella (port),2025-09-06 11:00:00,5.0,18.917181
Cala Vedella (port),2025-09-06 12:00:00,12.0,19.58776
Cala Vedella (port),2025-09-06 13:00:00,12.0,18.36386
Cala Vedella (port),2025-09-06 14:00:00,9.0,23.937778
Cala Vedella (port),2025-09-06 15:00:00,9.0,24.186548
Cala Vedella (port),2025-09-06 16:00:00,4.0,22.5406
Cala Vedella (port),2025-09-06 17:00:00,4.0,19.11738
Cala Vedella (port),2025-09-06 18:00:00,6.0,20.527012
Cala Vedella (port),2025-09-06 19:00:00,6.0,21.806711
Cala Vedella (port),2025-09-06 20:00:00,5.0,19.092634
Cala Vedella (port),2025-09-07 08:00:00,12.0,12.945615
Cala Vedella (port),2025-09-07 09:00:00,5.0,7.0751195
Cala Vedella (port),2025-09-07 10:00:00,5.0,8.002834
Cala Vedella (port),2025-09-07 11:00:00,5.0,17.33197
Cala Vedella (port),2025-09-07 12:00:00,20.0,27.248434
Cala Vedella (port),2025-09-07 13:00:00,35.0,30.442055
Cala Vedella (port),2025-09-07 14:00:00,35.0,29.289843
Cala Vedella (port),2025-09-07 15:00:00,18.0,31.626621
Cala Vedella (port),2025-09-07 16:00:00,49.0,31.592407
Cala Vedella (port),2025-09-07 17:00:00,10.0,29.387348
Cala Vedella (port),2025-09-07 18:00:00,7.0,25.692904
Cala Vedella (port),2025-09-07 19:00:00,16.0,20.412216
Cala Vedella (port),2025-09-07 20:00:00,20.0,19.567774
Cala Vedella (port),2025-09-08 08:00:00,7.0,15.9478445
Cala Vedella (port),2025-09-08 09:00:00,5.0,6.131275
Cala Vedella (port),2025-09-08 10:00:00,5.0,7.047686
Cala Vedella (port),2025-09-08 11:00:00,11.0,13.970929
Cala Vedella (port),2025-09-08 12:00:00,17.0,20.421627
Cala Vedella (port),2025-09-08 13:00:00,26.0,27.190638
Cala Vedella (port),2025-09-08 14:00:00,27.0,27.189528
Cala Vedella (port),2025-09-08 15:00:00,44.0,22.789202
Cala Vedella (port),2025-09-08 16:00:00,28.0,31.782387
Cala Vedella (port),2025-09-08 17:00:00,10.0,18.082859
Cala Vedella (port),2025-09-08 18:00:00,6.0,21.209084
Cala Vedella (port),2025-09-08 19:00:00,7.0,16.358812
Cala Vedella (port),2025-09-08 20:00:00,10.0,16.701962
Cala Vedella (port),2025-09-09 08:00:00,14.0,14.329555
Cala Vedella (port),2025-09-09 09:00:00,4.0,6.419495
Cala Vedella (port),2025-09-09 10:00:00,4.0,9.323223
Cala Vedella (port),2025-09-09 11:00:00,10.0,14.924865
Cala Vedella (port),2025-09-09 12:00:00,18.0,19.274637
Cala Vedella (port),2025-09-09 13:00:00,30.0,18.590166
Cala Vedella (port),2025-09-09 14:00:00,19.0,18.765574
Cala Vedella (port),2025-09-09 15:00:00,39.0,18.729116
Cala Vedella (port),2025-09-09 16:00:00,43.0,18.064054
Cala Vedella (port),2025-09-09 17:00:00,26.0,17.04249
Cala Vedella (port),2025-09-09 18:00:00,19.0,15.576163
Cala Vedella (port),2025-09-09 19:00:00,10.0,14.391618
Cala Vedella (port),2025-09-09 20:00:00,12.0,12.3982725
Cala Vedella (port),2025-09-10 08:00:00,11.0,11.419726
Cala Vedella (port),2025-09-10 09:00:00,5.0,2.9867077
Cala Vedella (port),2025-09-10 10:00:00,4.0,5.0754323
Cala Vedella (port),2025-09-10 11:00:00,15.0,14.568641
Cala Vedella (port),2025-09-10 12:00:00,36.0,21.867666
Cala Vedella (port),2025-09-10 13:00:00,29.0,21.581154
Cala Vedella (port),2025-09-10 14:00:00,43.0,26.559101
Cala Vedella (port),2025-09-10 15:00:00,39.0,22.569675
Cala Vedella (port),2025-09-10 16:00:00,42.0,21.187212
Cala Vedella (port),2025-09-10 17:00:00,34.0,21.768496
Cala Vedella (port),2025-09-10 18:00:00,38.0,16.764677
Cala Vedella (port),2025-09-10 19:00:00,14.0,15.261918
Cala Vedella (port),2025-09-10 20:00:00,12.0,14.150522
Cala Vedella (port),2025-09-11 08:00:00,12.0,12.980655
Cala Vedella (port),2025-09-11 09:00:00,5.0,3.5861673
Cala Vedella (port),2025-09-11 10:00:00,5.0,6.953107
Cala Vedella (port),2025-09-11 11:00:00,6.0,13.925739
Cala Vedella (port),2025-09-11 12:00:00,4.0,20.221718
Cala Vedella (port),2025-09-11 13:00:00,22.0,21.13755
Cala Vedella (port),2025-09-11 14:00:00,17.0,22.771894
Cala Vedella (port),2025-09-11 15:00:00,23.0,21.167736
Cala Vedella (port),2025-09-11 16:00:00,24.0,21.083935
Cala Vedella (port),2025-09-11 17:00:00,38.0,22.182268
Cala Vedella (port),2025-09-11 18:00:00,10.0,17.993456
Cala Vedella (port),2025-09-11 19:00:00,15.0,15.797356
Cala Vedella (port),2025-09-11 20:00:00,17.0,13.621376
Cala Vedella (port),2025-09-12 08:00:00,10.0,12.1961775
Cala Vedella (port),2025-09-12 09:00:00,5.0,2.9943745
Cala Vedella (port),2025-09-12 10:00:00,5.0,5.726809
Cala Vedella (port),2025-09-12 11:00:00,12.0,12.826805
Cala Vedella (port),2025-09-12 12:00:00,7.0,16.875927
Cala Vedella (port),2025-09-12 13:00:00,14.0,21.299215
Cala Vedella (port),2025-09-12 14:00:00,15.0,25.111088
Cala Vedella (port),2025-09-12 15:00:00,11.0,26.232397
Cala Vedella (port),2025-09-12 16:00:00,23.0,26.702234
Cala Vedella (port),2025-09-12 17:00:00,19.0,24.141973
Cala Vedella (port),2025-09-12 18:00:00,6.0,20.654837
Cala Vedella (port),2025-09-12 19:00:00,6.0,17.514812
Cala Vedella (port),2025-09-12 20:00:00,12.0,15.803966
Cala Vedella (port),2025-09-13 08:00:00,8.0,14.060682
Cala Vedella (port),2025-09-13 09:00:00,5.0,11.898576
Cala Vedella (port),2025-09-13 10:00:00,4.0,13.447508
Cala Vedella (port),2025-09-13 11:00:00,4.0,16.127638
Cala Vedella (port),2025-09-13 12:00:00,18.0,22.231508
Cala Vedella (port),2025-09-13 13:00:00,19.0,20.11943
Cala Vedella (port),2025-09-13 14:00:00,16.0,26.832434
Cala Vedella (port),2025-09-13 15:00:00,37.0,31.52067
Cala Vedella (port),2025-09-13 16:00:00,34.0,32.964375
Cala Vedella (port),2025-09-13 17:00:00,31.0,28.918266
Cala Vedella (port),2025-09-13 18:00:00,6.0,24.560957
Cala Vedella (port),2025-09-13 19:00:00,4.0,20.1015
Cala Vedella (port),2025-09-13 20:00:00,12.0,17.685682
Cala Vedella (port),2025-09-14 08:00:00,9.0,15.094724
Cala Vedella (port),2025-09-14 09:00:00,5.0,6.6659937
Cala Vedella (port),2025-09-14 10:00:00,4.0,7.796793
Cala Vedella (port),2025-09-14 11:00:00,8.0,15.218569
Cala Vedella (port),2025-09-14 12:00:00,14.0,21.102312
Cala Vedella (port),2025-09-14 13:00:00,22.0,24.591532
Cala Vedella (port),2025-09-14 14:00:00,17.0,25.562214
Cala Vedella (port),2025-09-14 15:00:00,23.0,32.75922
Cala Vedella (port),2025-09-14 16:00:00,37.0,26.940872
Cala Vedella (port),2025-09-14 17:00:00,26.0,27.21276
Cala Vedella (port),2025-09-14 18:00:00,7.0,23.523834
Cala Vedella (port),2025-09-14 19:00:00,5.0,18.272886
Cala Vedella (port),2025-09-14 20:00:00,8.0,16.606243
Cala Vedella (port),2025-09-15 08:00:00,6.0,12.791052
Cala Vedella (port),2025-09-15 09:00:00,4.0,8.1043825
Cala Vedella (port),2025-09-15 10:00:00,4.0,8.218158
Cala Vedella (port),2025-09-15 11:00:00,13.0,14.627433
Cala Vedella (port),2025-09-15 12:00:00,18.0,21.031878
Cala Vedella (port),2025-09-15 13:00:00,22.0,19.690739
Cala Vedella (port),2025-09-15 14:00:00,29.0,21.719784
Cala Vedella (port),2025-09-15 15:00:00,32.0,22.509829
Cala Vedella (port),2025-09-15 16:00:00,38.0,20.77643
Cala Vedella (port),2025-09-15 17:00:00,25.0,20.427847
Cala Vedella (port),2025-09-15 18:00:00,11.0,18.763762
Cala Vedella (port),2025-09-15 19:00:00,6.0,16.416134
Cala Vedella (port),2025-09-15 20:00:00,9.0,15.107574
Cala Vedella (port),2025-09-16 08:00:00,5.0,11.489413
Cala Vedella (port),2025-09-16 09:00:00,4.0,2.1812298
Cala Vedella (port),2025-09-16 10:00:00,5.0,5.5812645
Cala Vedella (port),2025-09-16 11:00:00,7.0,11.67977
Cala Vedella (port),2025-09-16 12:00:00,10.0,16.44344
Cala Vedella (port),2025-09-16 13:00:00,19.0,18.317766
Cala Vedella (port),2025-09-16 14:00:00,30.0,19.675241
Cala Vedella (port),2025-09-16 15:00:00,19.0,21.329338
Cala Vedella (port),2025-09-16 16:00:00,26.0,16.914665
Cala Vedella (port),2025-09-16 17:00:00,16.0,15.607898
Cala Vedella (port),2025-09-16 18:00:00,15.0,17.064688
Cala Vedella (port),2025-09-16 19:00:00,13.0,14.150298
Cala Vedella (port),2025-09-16 20:00:00,20.0,12.165365
Cala Vedella (port),2025-09-17 08:00:00,5.0,9.063092
Cala Vedella (port),2025-09-17 09:00:00,4.0,2.3748953
Cala Vedella (port),2025-09-17 10:00:00,4.0,5.487496
Cala Vedella (port),2025-09-17 11:00:00,6.0,13.062644
Cala Vedella (port),2025-09-17 12:00:00,13.0,19.446413
Cala Vedella (port),2025-09-17 13:00:00,14.0,18.60369
Cala Vedella (port),2025-09-17 14:00:00,21.0,23.252163
Cala Vedella (port),2025-09-17 15:00:00,18.0,22.838034
Cala Vedella (port),2025-09-17 16:00:00,10.0,20.315449
Cala Vedella (port),2025-09-17 17:00:00,14.0,18.82891
Cala Vedella (port),2025-09-17 18:00:00,15.0,15.507387
Cala Vedella (port),2025-09-17 19:00:00,10.0,15.483928
Cala Vedella (port),2025-09-17 20:00:00,13.0,15.065585
Cala Vedella (port),2025-09-18 08:00:00,4.0,10.853265
Cala Vedella (port),2025-09-18 09:00:00,4.0,4.3500304
Cala Vedella (port),2025-09-18 10:00:00,4.0,5.7392964
Cala Vedella (port),2025-09-18 11:00:00,9.0,13.433552
Cala Vedella (port),2025-09-18 12:00:00,11.0,20.274822
Cala Vedella (port),2025-09-18 13:00:00,21.0,20.110426
Cala Vedella (port),2025-09-18 14:00:00,11.0,26.670656
Cala Vedella (port),2025-09-18 15:00:00,19.0,22.887285
Cala Vedella (port),2025-09-18 16:00:00,25.0,20.63736
Cala Vedella (port),2025-09-18 17:00:00,22.0,22.420116
Cala Vedella (port),2025-09-18 18:00:00,13.0,20.754515
Cala Vedella (port),2025-09-18 19:00:00,11.0,17.536873
Cala Vedella (port),2025-09-18 20:00:00,9.0,15.561546
Cala Vedella (port),2025-09-19 08:00:00,4.0,8.454853
Cala Vedella (port),2025-09-19 09:00:00,5.0,3.5886312
Cala Vedella (port),2025-09-19 10:00:00,4.0,4.8686376
Cala Vedella (port),2025-09-19 11:00:00,6.0,11.270126
Cala Vedella (port),2025-09-19 12:00:00,17.0,16.738506
Cala Vedella (port),2025-09-19 13:00:00,21.0,17.174192
Cala Vedella (port),2025-09-19 14:00:00,22.0,17.114273
Cala Vedella (port),2025-09-19 15:00:00,30.0,16.878056
Cala Vedella (port),2025-09-19 16:00:00,27.0,15.644013
Cala Vedella (port),2025-09-19 17:00:00,21.0,17.609013
Cala Vedella (port),2025-09-19 18:00:00,5.0,17.577692
Cala Vedella (port),2025-09-19 19:00:00,7.0,13.767659
Cala Vedella (port),2025-09-19 20:00:00,13.0,12.099566
Cala Vedella (port),2025-09-20 08:00:00,4.0,9.522863
Cala Vedella (port),2025-09-20 09:00:00,5.0,4.264962
Cala Vedella (port),2025-09-20 10:00:00,4.0,6.475842
Cala Vedella (port),2025-09-20 11:00:00,10.0,11.714097
Cala Vedella (port),2025-09-20 12:00:00,10.0,12.57229
Cala Vedella (port),2025-09-20 13:00:00,12.0,12.515033
Cala Vedella (port),2025-09-20 14:00:00,21.0,10.797716
Cala Vedella (port),2025-09-20 15:00:00,23.0,12.26117
Cala Vedella (port),2025-09-20 16:00:00,23.0,15.971429
Cala Vedella (port),2025-09-20 17:00:00,20.0,15.209766
Cala Vedella (port),2025-09-20 18:00:00,9.0,15.435723
Cala Vedella (port),2025-09-20 19:00:00,6.0,12.440728
Cala Vedella (port),2025-09-20 20:00:00,8.0,11.659667
Cala Vedella (port),2025-09-21 08:00:00,5.0,9.277585
Cala Vedella (port),2025-09-21 09:00:00,4.0,4.38606
Cala Vedella (port),2025-09-21 10:00:00,4.0,5.035289
Cala Vedella (port),2025-09-21 11:00:00,13.0,11.197763
Cala Vedella (port),2025-09-21 12:00:00,20.0,13.511473
Cala Vedella (port),2025-09-21 13:00:00,31.0,15.72727
Cala Vedella (port),2025-09-21 14:00:00,16.0,19.219543
Cala Vedella (port),2025-09-21 15:00:00,26.0,19.876204
Cala Vedella (port),2025-09-21 16:00:00,14.0,19.21367
Cala Vedella (port),2025-09-21 17:00:00,10.0,19.325298
Cala Vedella (port),2025-09-21 18:00:00,3.0,17.932337
Cala Vedella (port),2025-09-21 19:00:00,5.0,13.039731
Cala Vedella (port),2025-09-21 20:00:00,12.0,11.639993
Cala Vedella (port),2025-09-22 08:00:00,4.0,9.388629
Cala Vedella (port),2025-09-22 09:00:00,4.0,3.7507648
Cala Vedella (port),2025-09-22 10:00:00,4.0,5.4187236
Cala Vedella (port),2025-09-22 11:00:00,15.0,11.8924055
Cala Vedella (port),2025-09-22 12:00:00,25.0,16.78937
Cala Vedella (port),2025-09-22 13:00:00,11.0,18.794151
Cala Vedella (port),2025-09-22 14:00:00,27.0,17.545496
Cala Vedella (port),2025-09-22 15:00:00,23.0,18.098885
Cala Vedella (port),2025-09-22 16:00:00,42.0,18.917902
Cala Vedella (port),2025-09-22 17:00:00,15.0,17.636875
Cala Vedella (port),2025-09-22 18:00:00,9.0,18.027498
Cala Vedella (port),2025-09-22 19:00:00,4.0,13.858497
Cala Vedella (port),2025-09-22 20:00:00,11.0,11.724239
Cala Vedella (port),2025-09-23 08:00:00,5.0,8.98742
Cala Vedella (port),2025-09-23 09:00:00,4.0,3.9115527
Cala Vedella (port),2025-09-23 10:00:00,4.0,4.096132
Cala Vedella (port),2025-09-23 11:00:00,7.0,11.169753
Cala Vedella (port),2025-09-23 12:00:00,16.0,18.483173
Cala Vedella (port),2025-09-23 13:00:00,31.0,19.439013
Cala Vedella (port),2025-09-23 14:00:00,36.0,19.269258
Cala Vedella (port),2025-09-23 15:00:00,23.0,19.267939
Cala Vedella (port),2025-09-23 16:00:00,23.0,18.853184
Cala Vedella (port),2025-09-23 17:00:00,29.0,17.346355
Cala Vedella (port),2025-09-23 18:00:00,15.0,16.311329
Cala Vedella (port),2025-09-23 19:00:00,4.0,14.345966
Cala Vedella (port),2025-09-23 20:00:00,8.0,13.11324
Cala Vedella (port),2025-09-24 08:00:00,4.0,9.405551
Cala Vedella (port),2025-09-24 09:00:00,5.0,5.9088354
Cala Vedella (port),2025-09-24 10:00:00,4.0,6.3336515
Cala Vedella (port),2025-09-24 11:00:00,5.0,14.436398
Cala Vedella (port),2025-09-24 12:00:00,10.0,18.334969
Cala Vedella (port),2025-09-24 13:00:00,17.0,18.53988
Cala Vedella (port),2025-09-24 14:00:00,21.0,20.989296
Cala Vedella (port),2025-09-24 15:00:00,15.0,21.450844
Cala Vedella (port),2025-09-24 16:00:00,20.0,20.99468
Cala Vedella (port),2025-09-24 17:00:00,20.0,20.394522
Cala Vedella (port),2025-09-24 18:00:00,8.0,17.95503
Cala Vedella (port),2025-09-24 19:00:00,5.0,15.412678
Cala Vedella (port),2025-09-24 20:00:00,13.0,13.9791565
Cala Vedella (port),2025-09-25 08:00:00,4.0,10.066036
Cala Vedella (port),2025-09-25 09:00:00,4.0,5.1728077
Cala Vedella (port),2025-09-25 10:00:00,4.0,5.3720427
Cala Vedella (port),2025-09-25 11:00:00,17.0,12.230459
Cala Vedella (port),2025-09-25 12:00:00,10.0,13.50576
Cala Vedella (port),2025-09-25 13:00:00,16.0,14.813257
Cala Vedella (port),2025-09-25 14:00:00,20.0,22.58028
Cala Vedella (port),2025-09-25 15:00:00,28.0,22.631601
Cala Vedella (port),2025-09-25 16:00:00,28.0,22.63946
Cala Vedella (port),2025-09-25 17:00:00,25.0,21.257027
Cala Vedella (port),2025-09-25 18:00:00,10.0,20.229834
Cala Vedella (port),2025-09-25 19:00:00,9.0,15.9011345
Cala Vedella (port),2025-09-25 20:00:00,10.0,15.1777115
Cala Vedella (port),2025-09-26 08:00:00,5.0,9.822996
Cala Vedella (port),2025-09-26 09:00:00,5.0,4.885716
Cala Vedella (port),2025-09-26 10:00:00,4.0,6.840089
Cala Vedella (port),2025-09-26 11:00:00,8.0,12.53599
Cala Vedella (port),2025-09-26 12:00:00,6.0,13.539775
Cala Vedella (port),2025-09-26 13:00:00,16.0,13.2642565
Cala Vedella (port),2025-09-26 14:00:00,10.0,14.226214
Cala Vedella (port),2025-09-26 15:00:00,16.0,18.529484
Cala Vedella (port),2025-09-26 16:00:00,17.0,20.54041
Cala Vedella (port),2025-09-26 17:00:00,8.0,18.51651
Cala Vedella (port),2025-09-26 18:00:00,6.0,14.817942
Cala Vedella (port),2025-09-26 19:00:00,9.0,16.006077
Cala Vedella (port),2025-09-26 20:00:00,11.0,12.158866
Cala Vedella (port),2025-09-27 08:00:00,5.0,8.600955
Cala Vedella (port),2025-09-27 09:00:00,5.0,4.1183434
Cala Vedella (port),2025-09-27 10:00:00,4.0,4.552678
Cala Vedella (port),2025-09-27 11:00:00,10.0,12.168767
Cala Vedella (port),2025-09-27 12:00:00,9.0,12.422799
Cala Vedella (port),2025-09-27 13:00:00,9.0,15.14701
Cala Vedella (port),2025-09-27 14:00:00,12.0,11.930704
Cala Vedella (port),2025-09-27 15:00:00,14.0,12.939054
Cala Vedella (port),2025-09-27 16:00:00,10.0,11.481697
Cala Vedella (port),2025-09-27 17:00:00,6.0,11.124717
Cala Vedella (port),2025-09-27 18:00:00,14.0,12.438333
Cala Vedella (port),2025-09-27 19:00:00,10.0,11.72326
Cala Vedella (port),2025-09-27 20:00:00,10.0,11.294885
Cala Vedella (port),2025-09-28 08:00:00,4.0,7.976476
Cala Vedella (port),2025-09-28 09:00:00,4.0,5.9017835
Cala Vedella (port),2025-09-28 10:00:00,3.0,4.3629947
Cala Vedella (port),2025-09-28 11:00:00,6.0,11.84378
Cala Vedella (port),2025-09-28 12:00:00,23.0,17.605158
Cala Vedella (port),2025-09-28 13:00:00,13.0,21.424276
Cala Vedella (port),2025-09-28 14:00:00,17.0,24.621254
Cala Vedella (port),2025-09-28 15:00:00,19.0,26.060242
Cala Vedella (port),2025-09-28 16:00:00,27.0,20.827194
Cala Vedella (port),2025-09-28 17:00:00,14.0,20.86885
Cala Vedella (port),2025-09-28 18:00:00,9.0,17.379393
Cala Vedella (port),2025-09-28 19:00:00,6.0,13.916195
Cala Vedella (port),2025-09-28 20:00:00,13.0,12.971497
Cala Vedella (port),2025-09-29 08:00:00,4.0,8.861624
Cala Vedella (port),2025-09-29 09:00:00,4.0,5.5912037
Cala Vedella (port),2025-09-29 10:00:00,4.0,5.009261
Cala Vedella (port),2025-09-29 11:00:00,13.0,12.772373
Cala Vedella (port),2025-09-29 12:00:00,11.0,17.561686
Cala Vedella (port),2025-09-29 13:00:00,20.0,19.480051
Cala Vedella (port),2025-09-29 14:00:00,15.0,23.271336
Cala Vedella (port),2025-09-29 15:00:00,23.0,21.72893
Cala Vedella (port),2025-09-29 16:00:00,17.0,16.84141
Cala Vedella (port),2025-09-29 17:00:00,6.0,14.555264
Cala Vedella (port),2025-09-29 18:00:00,5.0,14.093137
Cala Vedella (port),2025-09-29 19:00:00,15.0,12.3504715
Cala Vedella (port),2025-09-29 20:00:00,4.0,7.8066516
Can Pastilla,2025-09-01 08:00:00,77.0,26.198627
Can Pastilla,2025-09-01 09:00:00,8.0,15.7683325
Can Pastilla,2025-09-01 10:00:00,9.0,17.77628
Can Pastilla,2025-09-01 11:00:00,66.0,32.650368
Can Pastilla,2025-09-01 12:00:00,11.0,46.131004
Can Pastilla,2025-09-01 13:00:00,20.0,43.3177
Can Pastilla,2025-09-01 14:00:00,40.0,40.539173
Can Pastilla,2025-09-01 15:00:00,13.0,39.386845
Can Pastilla,2025-09-01 16:00:00,25.0,39.361176
Can Pastilla,2025-09-01 17:00:00,28.0,48.446476
Can Pastilla,2025-09-01 18:00:00,14.0,43.17807
Can Pastilla,2025-09-01 19:00:00,11.0,49.386917
Can Pastilla,2025-09-01 20:00:00,16.0,31.469732
Can Pastilla,2025-09-02 08:00:00,8.0,27.57324
Can Pastilla,2025-09-02 09:00:00,6.0,14.140735
Can Pastilla,2025-09-02 10:00:00,15.0,15.659175
Can Pastilla,2025-09-02 11:00:00,91.0,24.158112
Can Pastilla,2025-09-02 12:00:00,197.0,36.241634
Can Pastilla,2025-09-02 13:00:00,19.0,31.124018
Can Pastilla,2025-09-02 14:00:00,26.0,32.773514
Can Pastilla,2025-09-02 15:00:00,14.0,31.656853
Can Pastilla,2025-09-02 16:00:00,25.0,26.706566
Can Pastilla,2025-09-02 17:00:00,16.0,31.7442
Can Pastilla,2025-09-02 18:00:00,11.0,32.144524
Can Pastilla,2025-09-02 19:00:00,138.0,39.342827
Can Pastilla,2025-09-02 20:00:00,101.0,29.441452
Can Pastilla,2025-09-03 08:00:00,87.0,26.588964
Can Pastilla,2025-09-03 09:00:00,10.0,13.457307
Can Pastilla,2025-09-03 10:00:00,8.0,16.43672
Can Pastilla,2025-09-03 11:00:00,12.0,27.80543
Can Pastilla,2025-09-03 12:00:00,19.0,46.10243
Can Pastilla,2025-09-03 13:00:00,27.0,57.133312
Can Pastilla,2025-09-03 14:00:00,36.0,51.720642
Can Pastilla,2025-09-03 15:00:00,29.0,52.20995
Can Pastilla,2025-09-03 16:00:00,21.0,53.256733
Can Pastilla,2025-09-03 17:00:00,16.0,38.922115
Can Pastilla,2025-09-03 18:00:00,11.0,55.08459
Can Pastilla,2025-09-03 19:00:00,13.0,55.774815
Can Pastilla,2025-09-03 20:00:00,42.0,36.297688
Can Pastilla,2025-09-04 08:00:00,28.0,33.264572
Can Pastilla,2025-09-04 09:00:00,4.0,16.494177
Can Pastilla,2025-09-04 10:00:00,14.0,10.998606
Can Pastilla,2025-09-04 11:00:00,15.0,31.007908
Can Pastilla,2025-09-04 12:00:00,41.0,45.45414
Can Pastilla,2025-09-04 13:00:00,18.0,46.608276
Can Pastilla,2025-09-04 14:00:00,10.0,43.242798
Can Pastilla,2025-09-04 15:00:00,5.0,57.35631
Can Pastilla,2025-09-04 16:00:00,10.0,40.82762
Can Pastilla,2025-09-04 17:00:00,6.0,30.465424
Can Pastilla,2025-09-04 18:00:00,165.0,33.348866
Can Pastilla,2025-09-04 19:00:00,71.0,30.638903
Can Pastilla,2025-09-04 20:00:00,54.0,24.79951
Can Pastilla,2025-09-05 08:00:00,5.0,12.742586
Can Pastilla,2025-09-05 09:00:00,7.0,14.7650385
Can Pastilla,2025-09-05 10:00:00,18.0,36.008667
Can Pastilla,2025-09-05 11:00:00,39.0,47.92649
Can Pastilla,2025-09-05 12:00:00,96.0,42.551476
Can Pastilla,2025-09-05 13:00:00,162.0,45.71769
Can Pastilla,2025-09-05 14:00:00,62.0,48.20323
Can Pastilla,2025-09-05 15:00:00,70.0,41.149586
Can Pastilla,2025-09-05 16:00:00,43.0,37.870193
Can Pastilla,2025-09-05 17:00:00,61.0,40.320892
Can Pastilla,2025-09-05 18:00:00,86.0,49.069862
Can Pastilla,2025-09-05 19:00:00,22.0,45.241116
Can Pastilla,2025-09-05 20:00:00,16.0,26.492468
Can Pastilla,2025-09-06 08:00:00,25.0,4.6396093
Can Pastilla,2025-09-06 09:00:00,4.0,14.53261
Can Pastilla,2025-09-06 10:00:00,12.0,27.923355
Can Pastilla,2025-09-06 11:00:00,12.0,34.785748
Can Pastilla,2025-09-06 12:00:00,4.0,32.833614
Can Pastilla,2025-09-06 13:00:00,10.0,32.269722
Can Pastilla,2025-09-06 14:00:00,5.0,33.731636
Can Pastilla,2025-09-06 15:00:00,9.0,26.430477
Can Pastilla,2025-09-06 16:00:00,28.0,22.79781
Can Pastilla,2025-09-06 17:00:00,7.0,26.028744
Can Pastilla,2025-09-06 18:00:00,6.0,38.126747
Can Pastilla,2025-09-06 19:00:00,10.0,30.322083
Can Pastilla,2025-09-06 20:00:00,70.0,20.810295
Can Pastilla,2025-09-07 08:00:00,22.0,16.366737
Can Pastilla,2025-09-07 09:00:00,4.0,19.333786
Can Pastilla,2025-09-07 10:00:00,36.0,29.144821
Can Pastilla,2025-09-07 11:00:00,43.0,41.25163
Can Pastilla,2025-09-07 13:00:00,67.0,40.629284
Can Pastilla,2025-09-07 14:00:00,57.0,36.149433
Can Pastilla,2025-09-07 15:00:00,132.0,38.030796
Can Pastilla,2025-09-07 16:00:00,41.0,37.653156
Can Pastilla,2025-09-07 17:00:00,73.0,32.231743
Can Pastilla,2025-09-07 18:00:00,51.0,45.06742
Can Pastilla,2025-09-07 19:00:00,20.0,41.542595
Can Pastilla,2025-09-07 20:00:00,13.0,29.851992
Can Pastilla,2025-09-08 08:00:00,10.0,22.785194
Can Pastilla,2025-09-08 09:00:00,28.0,12.985753
Can Pastilla,2025-09-08 10:00:00,5.0,15.130131
Can Pastilla,2025-09-08 11:00:00,44.0,30.945211
Can Pastilla,2025-09-08 12:00:00,180.0,61.84547
Can Pastilla,2025-09-08 13:00:00,60.0,55.13515
Can Pastilla,2025-09-08 14:00:00,91.0,50.90532
Can Pastilla,2025-09-08 15:00:00,71.0,44.51979
Can Pastilla,2025-09-08 16:00:00,73.0,50.497505
Can Pastilla,2025-09-08 17:00:00,154.0,51.882256
Can Pastilla,2025-09-08 18:00:00,83.0,42.830616
Can Pastilla,2025-09-08 19:00:00,49.0,36.445408
Can Pastilla,2025-09-08 20:00:00,17.0,31.358913
Can Pastilla,2025-09-09 08:00:00,9.0,25.95567
Can Pastilla,2025-09-09 09:00:00,5.0,9.210459
Can Pastilla,2025-09-09 10:00:00,23.0,10.385547
Can Pastilla,2025-09-09 11:00:00,52.0,25.059494
Can Pastilla,2025-09-09 12:00:00,75.0,45.015305
Can Pastilla,2025-09-09 13:00:00,86.0,38.326748
Can Pastilla,2025-09-09 14:00:00,45.0,39.46476
Can Pastilla,2025-09-09 15:00:00,68.0,46.95915
Can Pastilla,2025-09-09 16:00:00,48.0,32.588158
Can Pastilla,2025-09-09 17:00:00,92.0,36.247494
Can Pastilla,2025-09-09 18:00:00,46.0,32.93516
Can Pastilla,2025-09-09 19:00:00,30.0,38.291115
Can Pastilla,2025-09-09 20:00:00,53.0,30.618944
Can Pastilla,2025-09-10 08:00:00,5.0,20.350655
Can Pastilla,2025-09-10 09:00:00,7.0,16.652483
Can Pastilla,2025-09-10 10:00:00,7.0,18.99863
Can Pastilla,2025-09-10 11:00:00,18.0,37.712532
Can Pastilla,2025-09-10 12:00:00,47.0,51.1219
Can Pastilla,2025-09-10 13:00:00,83.0,60.763985
Can Pastilla,2025-09-10 14:00:00,103.0,51.583256
Can Pastilla,2025-09-10 15:00:00,62.0,63.46271
Can Pastilla,2025-09-10 16:00:00,49.0,61.02686
Can Pastilla,2025-09-10 17:00:00,37.0,52.8
Can Pastilla,2025-09-10 18:00:00,18.0,37.905525
Can Pastilla,2025-09-10 19:00:00,68.0,35.289783
Can Pastilla,2025-09-10 20:00:00,121.0,38.12226
Can Pastilla,2025-09-11 08:00:00,10.0,24.303682
Can Pastilla,2025-09-11 09:00:00,19.0,13.559818
Can Pastilla,2025-09-11 10:00:00,25.0,9.057414
Can Pastilla,2025-09-11 11:00:00,86.0,31.532097
Can Pastilla,2025-09-11 12:00:00,237.0,55.766613
Can Pastilla,2025-09-11 13:00:00,99.0,52.219418
Can Pastilla,2025-09-11 14:00:00,80.0,58.636467
Can Pastilla,2025-09-11 15:00:00,52.0,64.9364
Can Pastilla,2025-09-11 16:00:00,61.0,67.710785
Can Pastilla,2025-09-11 17:00:00,68.0,60.811317
Can Pastilla,2025-09-11 18:00:00,59.0,50.075474
Can Pastilla,2025-09-11 19:00:00,170.0,44.806293
Can Pastilla,2025-09-11 20:00:00,148.0,37.825035
Can Pastilla,2025-09-12 08:00:00,15.0,40.269756
Can Pastilla,2025-09-12 09:00:00,21.0,16.218752
Can Pastilla,2025-09-12 10:00:00,16.0,18.152727
Can Pastilla,2025-09-12 11:00:00,36.0,45.36479
Can Pastilla,2025-09-12 12:00:00,102.0,60.46261
Can Pastilla,2025-09-12 13:00:00,58.0,60.0147
Can Pastilla,2025-09-12 14:00:00,106.0,58.178455
Can Pastilla,2025-09-12 15:00:00,49.0,68.56882
Can Pastilla,2025-09-12 16:00:00,43.0,60.579353
Can Pastilla,2025-09-12 17:00:00,69.0,57.45117
Can Pastilla,2025-09-12 18:00:00,46.0,65.88362
Can Pastilla,2025-09-12 19:00:00,55.0,49.87043
Can Pastilla,2025-09-12 20:00:00,28.0,42.66146
Can Pastilla,2025-09-13 08:00:00,6.0,34.923588
Can Pastilla,2025-09-13 09:00:00,5.0,18.078648
Can Pastilla,2025-09-13 10:00:00,5.0,21.149847
Can Pastilla,2025-09-13 11:00:00,37.0,45.656193
Can Pastilla,2025-09-13 12:00:00,97.0,67.82578
Can Pastilla,2025-09-13 13:00:00,54.0,53.130154
Can Pastilla,2025-09-13 14:00:00,64.0,59.4584
Can Pastilla,2025-09-13 15:00:00,68.0,56.19392
Can Pastilla,2025-09-13 16:00:00,58.0,55.17531
Can Pastilla,2025-09-13 17:00:00,33.0,63.045895
Can Pastilla,2025-09-13 18:00:00,31.0,73.46353
Can Pastilla,2025-09-13 19:00:00,10.0,45.73008
Can Pastilla,2025-09-13 20:00:00,6.0,35.482887
Can Pastilla,2025-09-14 08:00:00,5.0,16.8595
Can Pastilla,2025-09-14 09:00:00,6.0,22.7425
Can Pastilla,2025-09-14 10:00:00,126.0,57.63312
Can Pastilla,2025-09-14 11:00:00,36.0,90.13171
Can Pastilla,2025-09-14 12:00:00,84.0,77.16681
Can Pastilla,2025-09-14 13:00:00,102.0,59.69437
Can Pastilla,2025-09-14 14:00:00,66.0,63.174797
Can Pastilla,2025-09-14 15:00:00,56.0,74.65259
Can Pastilla,2025-09-14 16:00:00,64.0,81.624115
Can Pastilla,2025-09-14 17:00:00,62.0,86.55164
Can Pastilla,2025-09-14 18:00:00,12.0,81.83564
Can Pastilla,2025-09-14 19:00:00,15.0,47.871227
Can Pastilla,2025-09-14 20:00:00,5.0,37.67925
Can Pastilla,2025-09-15 08:00:00,8.0,25.076427
Can Pastilla,2025-09-15 09:00:00,6.0,19.052305
Can Pastilla,2025-09-15 10:00:00,79.0,64.596214
Can Pastilla,2025-09-15 11:00:00,214.0,100.35014
Can Pastilla,2025-09-15 12:00:00,92.0,103.2691
Can Pastilla,2025-09-15 13:00:00,74.0,72.726974
Can Pastilla,2025-09-15 14:00:00,38.0,63.2794
Can Pastilla,2025-09-15 15:00:00,61.0,78.81851
Can Pastilla,2025-09-15 16:00:00,86.0,70.206566
Can Pastilla,2025-09-15 17:00:00,73.0,73.643295
Can Pastilla,2025-09-15 18:00:00,135.0,62.014385
Can Pastilla,2025-09-15 19:00:00,50.0,44.5559
Can Pastilla,2025-09-15 20:00:00,5.0,27.907248
Can Pastilla,2025-09-16 08:00:00,9.0,5.5220547
Can Pastilla,2025-09-16 09:00:00,6.0,18.339542
Can Pastilla,2025-09-16 10:00:00,18.0,51.993282
Can Pastilla,2025-09-17 12:00:00,10.0,114.463486
Can Pastilla,2025-09-17 13:00:00,57.0,98.09219
Can Pastilla,2025-09-17 14:00:00,85.0,75.30996
Can Pastilla,2025-09-17 15:00:00,41.0,75.08658
Can Pastilla,2025-09-17 16:00:00,69.0,67.001144
Can Pastilla,2025-09-17 17:00:00,51.0,62.64437
Can Pastilla,2025-09-17 18:00:00,44.0,51.527084
Can Pastilla,2025-09-17 19:00:00,15.0,51.65997
Can Pastilla,2025-09-17 20:00:00,16.0,46.592903
Can Pastilla,2025-09-18 08:00:00,5.0,30.298872
Can Pastilla,2025-09-18 09:00:00,6.0,17.428988
Can Pastilla,2025-09-18 10:00:00,5.0,20.914541
Can Pastilla,2025-09-18 11:00:00,36.0,42.83328
Can Pastilla,2025-09-18 12:00:00,114.0,76.67291
Can Pastilla,2025-09-18 13:00:00,88.0,63.980644
Can Pastilla,2025-09-18 14:00:00,105.0,62.31644
Can Pastilla,2025-09-18 15:00:00,31.0,63.44856
Can Pastilla,2025-09-18 16:00:00,51.0,63.28196
Can Pastilla,2025-09-18 17:00:00,45.0,54.23621
Can Pastilla,2025-09-18 18:00:00,31.0,56.511692
Can Pastilla,2025-09-18 19:00:00,10.0,43.225708
Can Pastilla,2025-09-18 20:00:00,7.0,40.022472
Can Pastilla,2025-09-19 08:00:00,7.0,27.141144
Can Pastilla,2025-09-19 09:00:00,7.0,10.032603
Can Pastilla,2025-09-19 10:00:00,5.0,3.097585
Can Pastilla,2025-09-19 11:00:00,41.0,39.53641
Can Pastilla,2025-09-19 12:00:00,81.0,39.69911
Can Pastilla,2025-09-19 13:00:00,36.0,40.714012
Can Pastilla,2025-09-19 14:00:00,22.0,52.55526
Can Pastilla,2025-09-19 15:00:00,21.0,59.555508
Can Pastilla,2025-09-19 16:00:00,34.0,53.993507
Can Pastilla,2025-09-19 17:00:00,22.0,74.15238
Can Pastilla,2025-09-19 18:00:00,23.0,70.8409
Can Pastilla,2025-09-19 19:00:00,51.0,54.437595
Can Pastilla,2025-09-19 20:00:00,44.0,45.593254
Can Pastilla,2025-09-20 08:00:00,24.0,24.366371
Can Pastilla,2025-09-20 09:00:00,15.0,20.530647
Can Pastilla,2025-09-20 10:00:00,6.0,11.109654
Can Pastilla,2025-09-20 11:00:00,31.0,36.989326
Can Pastilla,2025-09-20 12:00:00,14.0,37.442665
Can Pastilla,2025-09-20 13:00:00,8.0,33.164356
Can Pastilla,2025-09-20 14:00:00,20.0,54.333492
Can Pastilla,2025-09-20 15:00:00,14.0,37.02913
Can Pastilla,2025-09-20 16:00:00,6.0,56.40994
Can Pastilla,2025-09-20 17:00:00,15.0,52.660435
Can Pastilla,2025-09-20 18:00:00,9.0,45.75091
Can Pastilla,2025-09-20 19:00:00,6.0,44.442146
Can Pastilla,2025-09-20 20:00:00,14.0,43.838078
Can Pastilla,2025-09-21 08:00:00,5.0,33.004673
Can Pastilla,2025-09-21 09:00:00,5.0,21.436314
Can Pastilla,2025-09-21 10:00:00,6.0,21.066422
Can Pastilla,2025-09-21 11:00:00,53.0,46.45902
Can Pastilla,2025-09-21 12:00:00,163.0,66.65753
Can Pastilla,2025-09-21 13:00:00,42.0,52.488014
Can Pastilla,2025-09-21 14:00:00,25.0,61.716305
Can Pastilla,2025-09-21 15:00:00,25.0,64.05334
Can Pastilla,2025-09-21 16:00:00,26.0,64.96267
Can Pastilla,2025-09-21 17:00:00,23.0,63.80929
Can Pastilla,2025-09-21 18:00:00,15.0,58.229206
Can Pastilla,2025-09-21 19:00:00,33.0,45.631054
Can Pastilla,2025-09-21 20:00:00,17.0,34.19932
Can Pastilla,2025-09-22 08:00:00,5.0,27.626503
Can Pastilla,2025-09-22 09:00:00,6.0,21.127071
Can Pastilla,2025-09-22 10:00:00,9.0,22.906933
Can Pastilla,2025-09-22 11:00:00,16.0,31.992579
Can Pastilla,2025-09-22 12:00:00,47.0,45.31966
Can Pastilla,2025-09-22 13:00:00,47.0,44.101612
Can Pastilla,2025-09-22 14:00:00,33.0,42.06539
Can Pastilla,2025-09-22 15:00:00,26.0,40.6677
Can Pastilla,2025-09-22 16:00:00,36.0,40.452236
Can Pastilla,2025-09-22 17:00:00,34.0,40.879723
Can Pastilla,2025-09-22 18:00:00,18.0,36.538082
Can Pastilla,2025-09-22 19:00:00,21.0,33.962387
Can Pastilla,2025-09-22 20:00:00,11.0,30.891891
Can Pastilla,2025-09-23 08:00:00,6.0,18.915005
Can Pastilla,2025-09-23 09:00:00,5.0,14.942881
Can Pastilla,2025-09-23 10:00:00,5.0,13.060347
Can Pastilla,2025-09-23 11:00:00,88.0,21.375196
Can Pastilla,2025-09-23 12:00:00,237.0,28.7878
Can Pastilla,2025-09-23 13:00:00,37.0,33.882656
Can Pastilla,2025-09-23 14:00:00,65.0,32.56963
Can Pastilla,2025-09-23 15:00:00,28.0,34.170536
Can Pastilla,2025-09-23 16:00:00,39.0,32.383614
Can Pastilla,2025-09-23 17:00:00,37.0,26.807655
Can Pastilla,2025-09-23 18:00:00,25.0,25.59888
Can Pastilla,2025-09-23 19:00:00,127.0,22.664747
Can Pastilla,2025-09-23 20:00:00,44.0,20.08919
Can Pastilla,2025-09-24 08:00:00,14.0,12.709861
Can Pastilla,2025-09-24 09:00:00,24.0,10.631959
Can Pastilla,2025-09-24 10:00:00,8.0,15.776558
Can Pastilla,2025-09-24 11:00:00,106.0,22.989513
Can Pastilla,2025-09-24 12:00:00,126.0,29.264277
Can Pastilla,2025-09-24 13:00:00,40.0,30.491879
Can Pastilla,2025-09-24 14:00:00,23.0,35.04322
Can Pastilla,2025-09-24 15:00:00,39.0,37.91652
Can Pastilla,2025-09-24 16:00:00,73.0,34.620937
Can Pastilla,2025-09-24 17:00:00,43.0,36.779995
Can Pastilla,2025-09-24 18:00:00,16.0,27.118309
Can Pastilla,2025-09-24 19:00:00,6.0,25.251823
Can Pastilla,2025-09-24 20:00:00,10.0,24.403603
Can Pastilla,2025-09-25 08:00:00,5.0,17.769642
Can Pastilla,2025-09-25 09:00:00,5.0,12.3034935
Can Pastilla,2025-09-25 10:00:00,5.0,11.418359
Can Pastilla,2025-09-25 11:00:00,12.0,22.613811
Can Pastilla,2025-09-25 12:00:00,19.0,21.764992
Can Pastilla,2025-09-25 13:00:00,32.0,22.154099
Can Pastilla,2025-09-25 14:00:00,28.0,25.913866
Can Pastilla,2025-09-25 15:00:00,28.0,38.734665
Can Pastilla,2025-09-25 16:00:00,30.0,32.26004
Can Pastilla,2025-09-25 17:00:00,31.0,32.52829
Can Pastilla,2025-09-25 18:00:00,17.0,27.775654
Can Pastilla,2025-09-25 19:00:00,131.0,24.785889
Can Pastilla,2025-09-25 20:00:00,16.0,22.879396
Can Pastilla,2025-09-26 08:00:00,15.0,14.777189
Can Pastilla,2025-09-26 09:00:00,4.0,12.334535
Can Pastilla,2025-09-26 10:00:00,7.0,14.876072
Can Pastilla,2025-09-26 11:00:00,48.0,26.223345
Can Pastilla,2025-09-26 12:00:00,100.0,34.160748
Can Pastilla,2025-09-26 13:00:00,20.0,34.46354
Can Pastilla,2025-09-26 14:00:00,26.0,36.200066
Can Pastilla,2025-09-26 15:00:00,51.0,39.518837
Can Pastilla,2025-09-26 16:00:00,17.0,37.475426
Can Pastilla,2025-09-26 17:00:00,10.0,46.38941
Can Pastilla,2025-09-26 18:00:00,12.0,37.50977
Can Pastilla,2025-09-26 19:00:00,60.0,29.8224
Can Pastilla,2025-09-26 20:00:00,82.0,28.425163
Can Pastilla,2025-09-27 08:00:00,29.0,12.072951
Can Pastilla,2025-09-27 09:00:00,14.0,18.532967
Can Pastilla,2025-09-27 10:00:00,9.0,20.039677
Can Pastilla,2025-09-27 11:00:00,6.0,34.782013
Can Pastilla,2025-09-27 12:00:00,10.0,32.576153
Can Pastilla,2025-09-27 13:00:00,17.0,32.549988
Can Pastilla,2025-09-27 14:00:00,12.0,47.48221
Can Pastilla,2025-09-27 15:00:00,9.0,43.555172
Can Pastilla,2025-09-27 16:00:00,7.0,43.867104
Can Pastilla,2025-09-27 17:00:00,5.0,36.826393
Can Pastilla,2025-09-27 18:00:00,6.0,34.19542
Can Pastilla,2025-09-27 19:00:00,11.0,31.915693
Can Pastilla,2025-09-27 20:00:00,6.0,15.509562
Can Pastilla,2025-09-28 08:00:00,5.0,10.707954
Can Pastilla,2025-09-28 09:00:00,6.0,21.156065
Can Pastilla,2025-09-28 10:00:00,57.0,34.59434
Can Pastilla,2025-09-28 11:00:00,82.0,50.114716
Can Pastilla,2025-09-28 12:00:00,31.0,57.240215
Can Pastilla,2025-09-28 13:00:00,25.0,58.286537
Can Pastilla,2025-09-28 14:00:00,25.0,61.288105
Can Pastilla,2025-09-28 15:00:00,12.0,64.14925
Can Pastilla,2025-09-28 16:00:00,14.0,51.78107
Can Pastilla,2025-09-28 17:00:00,9.0,61.329796
Can Pastilla,2025-09-28 18:00:00,119.0,44.90002
Can Pastilla,2025-09-28 19:00:00,76.0,35.307552
Can Pastilla,2025-09-28 20:00:00,15.0,16.884169
Can Pastilla,2025-09-29 08:00:00,18.0,9.173063
Can Pastilla,2025-09-29 09:00:00,7.0,18.234493
Can Pastilla,2025-09-29 10:00:00,102.0,37.8187
Can Pastilla,2025-09-29 11:00:00,214.0,35.20754
Can Pastilla,2025-09-29 12:00:00,51.0,50.93983
Can Pastilla,2025-09-29 13:00:00,54.0,52.740723
Can Pastilla,2025-09-29 14:00:00,31.0,46.86215
Can Pastilla,2025-09-29 15:00:00,25.0,45.442917
Can Pastilla,2025-09-29 16:00:00,29.0,39.778267
Can Pastilla,2025-09-29 17:00:00,7.0,42.86652
Can Pastilla,2025-09-29 18:00:00,148.0,43.697697
Can Pastilla,2025-09-29 19:00:00,67.0,34.152466
Can Pastilla,2025-09-29 20:00:00,21.0,18.922
Can Pastilla 2,2025-09-01 08:00:00,38.0,98.087875
Can Pastilla 2,2025-09-01 09:00:00,52.0,47.580948
Can Pastilla 2,2025-09-01 10:00:00,44.0,38.539616
Can Pastilla 2,2025-09-01 11:00:00,132.0,101.44684
Can Pastilla 2,2025-09-01 12:00:00,151.0,136.49968
Can Pastilla 2,2025-09-01 13:00:00,182.0,139.86974
Can Pastilla 2,2025-09-01 14:00:00,166.0,132.53104
Can Pastilla 2,2025-09-01 15:00:00,137.0,143.38655
Can Pastilla 2,2025-09-01 16:00:00,161.0,139.43623
Can Pastilla 2,2025-09-01 17:00:00,162.0,135.16557
Can Pastilla 2,2025-09-01 18:00:00,153.0,129.60695
Can Pastilla 2,2025-09-01 19:00:00,105.0,100.71082
Can Pastilla 2,2025-09-01 20:00:00,79.0,102.42629
Can Pastilla 2,2025-09-02 08:00:00,55.0,83.76131
Can Pastilla 2,2025-09-02 09:00:00,30.0,43.171467
Can Pastilla 2,2025-09-02 10:00:00,21.0,40.607166
Can Pastilla 2,2025-09-02 11:00:00,97.0,76.345985
Can Pastilla 2,2025-09-02 12:00:00,120.0,135.82674
Can Pastilla 2,2025-09-02 13:00:00,138.0,108.99067
Can Pastilla 2,2025-09-02 14:00:00,125.0,108.52323
Can Pastilla 2,2025-09-02 15:00:00,119.0,107.241875
Can Pastilla 2,2025-09-02 16:00:00,150.0,113.23569
Can Pastilla 2,2025-09-02 17:00:00,147.0,112.40431
Can Pastilla 2,2025-09-02 18:00:00,125.0,103.79212
Can Pastilla 2,2025-09-02 19:00:00,100.0,85.939896
Can Pastilla 2,2025-09-02 20:00:00,36.0,72.47886
Can Pastilla 2,2025-09-03 08:00:00,43.0,75.77021
Can Pastilla 2,2025-09-03 09:00:00,42.0,36.422184
Can Pastilla 2,2025-09-03 10:00:00,19.0,25.69759
Can Pastilla 2,2025-09-03 11:00:00,78.0,88.55289
Can Pastilla 2,2025-09-03 12:00:00,119.0,147.28493
Can Pastilla 2,2025-09-03 13:00:00,162.0,147.76752
Can Pastilla 2,2025-09-03 14:00:00,143.0,146.66216
Can Pastilla 2,2025-09-03 15:00:00,145.0,138.36981
Can Pastilla 2,2025-09-03 16:00:00,132.0,138.33276
Can Pastilla 2,2025-09-03 17:00:00,136.0,125.042145
Can Pastilla 2,2025-09-03 18:00:00,127.0,114.56207
Can Pastilla 2,2025-09-03 19:00:00,87.0,83.96601
Can Pastilla 2,2025-09-03 20:00:00,42.0,93.08318
Can Pastilla 2,2025-09-04 08:00:00,80.0,85.889915
Can Pastilla 2,2025-09-04 09:00:00,84.0,48.209568
Can Pastilla 2,2025-09-04 10:00:00,32.0,39.249184
Can Pastilla 2,2025-09-04 11:00:00,60.0,99.544785
Can Pastilla 2,2025-09-04 12:00:00,135.0,95.74925
Can Pastilla 2,2025-09-04 13:00:00,124.0,127.563965
Can Pastilla 2,2025-09-04 14:00:00,163.0,131.7124
Can Pastilla 2,2025-09-04 15:00:00,116.0,144.21718
Can Pastilla 2,2025-09-04 16:00:00,81.0,146.56783
Can Pastilla 2,2025-09-04 17:00:00,129.0,119.71619
Can Pastilla 2,2025-09-04 18:00:00,91.0,96.11118
Can Pastilla 2,2025-09-04 19:00:00,70.0,95.64867
Can Pastilla 2,2025-09-04 20:00:00,57.0,87.85261
Can Pastilla 2,2025-09-05 08:00:00,76.0,79.84509
Can Pastilla 2,2025-09-05 09:00:00,24.0,47.008625
Can Pastilla 2,2025-09-05 10:00:00,31.0,38.785744
Can Pastilla 2,2025-09-05 11:00:00,50.0,99.645775
Can Pastilla 2,2025-09-05 12:00:00,52.0,122.38376
Can Pastilla 2,2025-09-05 13:00:00,96.0,122.661125
Can Pastilla 2,2025-09-05 14:00:00,127.0,135.53355
Can Pastilla 2,2025-09-05 15:00:00,103.0,134.54117
Can Pastilla 2,2025-09-05 16:00:00,119.0,119.12767
Can Pastilla 2,2025-09-05 17:00:00,118.0,122.05898
Can Pastilla 2,2025-09-05 18:00:00,131.0,93.36318
Can Pastilla 2,2025-09-05 19:00:00,97.0,90.268326
Can Pastilla 2,2025-09-05 20:00:00,55.0,84.66258
Can Pastilla 2,2025-09-06 08:00:00,64.0,72.0124
Can Pastilla 2,2025-09-06 09:00:00,35.0,39.911533
Can Pastilla 2,2025-09-06 10:00:00,54.0,38.31954
Can Pastilla 2,2025-09-06 11:00:00,40.0,62.868958
Can Pastilla 2,2025-09-06 12:00:00,27.0,89.61683
Can Pastilla 2,2025-09-06 13:00:00,22.0,77.710556
Can Pastilla 2,2025-09-06 14:00:00,17.0,78.86504
Can Pastilla 2,2025-09-06 15:00:00,17.0,87.42292
Can Pastilla 2,2025-09-06 16:00:00,23.0,68.73932
Can Pastilla 2,2025-09-06 17:00:00,24.0,66.93197
Can Pastilla 2,2025-09-06 18:00:00,24.0,68.257675
Can Pastilla 2,2025-09-06 19:00:00,24.0,85.286354
Can Pastilla 2,2025-09-06 20:00:00,24.0,85.89122
Can Pastilla 2,2025-09-07 08:00:00,24.0,55.141907
Can Pastilla 2,2025-09-07 09:00:00,24.0,37.110676
Es Pujols,2025-09-01 08:00:00,17.0,31.362532
Es Pujols,2025-09-01 09:00:00,8.0,15.316632
Es Pujols,2025-09-01 10:00:00,10.0,15.483425
Es Pujols,2025-09-01 11:00:00,22.0,35.490097
Es Pujols,2025-09-01 12:00:00,40.0,49.288685
Es Pujols,2025-09-01 13:00:00,82.0,53.33777
Es Pujols,2025-09-01 14:00:00,75.0,57.227444
Es Pujols,2025-09-01 15:00:00,72.0,58.69097
Es Pujols,2025-09-01 16:00:00,81.0,59.21694
Es Pujols,2025-09-01 17:00:00,73.0,59.219967
Es Pujols,2025-09-01 18:00:00,63.0,48.684303
Es Pujols,2025-09-01 19:00:00,42.0,46.669178
Es Pujols,2025-09-01 20:00:00,39.0,34.168003
Es Pujols,2025-09-02 08:00:00,15.0,31.547775
Es Pujols,2025-09-02 09:00:00,7.0,16.369947
Es Pujols,2025-09-02 10:00:00,7.0,17.457314
Es Pujols,2025-09-02 11:00:00,16.0,28.35302
Es Pujols,2025-09-02 12:00:00,31.0,39.12611
Es Pujols,2025-09-02 13:00:00,27.0,43.90085
Es Pujols,2025-09-02 14:00:00,36.0,48.954285
Es Pujols,2025-09-02 15:00:00,34.0,47.216663
Es Pujols,2025-09-02 16:00:00,39.0,45.919693
Es Pujols,2025-09-02 17:00:00,25.0,42.327168
Es Pujols,2025-09-02 18:00:00,18.0,37.8987
Es Pujols,2025-09-02 19:00:00,19.0,35.782993
Es Pujols,2025-09-02 20:00:00,20.0,29.369183
Es Pujols,2025-09-03 08:00:00,30.0,28.945717
Es Pujols,2025-09-03 09:00:00,7.0,15.067531
Es Pujols,2025-09-03 10:00:00,6.0,15.764352
Es Pujols,2025-09-03 11:00:00,13.0,30.251348
Es Pujols,2025-09-03 12:00:00,9.0,41.39858
Es Pujols,2025-09-03 13:00:00,20.0,39.258408
Es Pujols,2025-09-03 14:00:00,19.0,48.545967
Es Pujols,2025-09-03 15:00:00,21.0,61.7111
Es Pujols,2025-09-03 16:00:00,27.0,50.29792
Es Pujols,2025-09-03 17:00:00,22.0,48.222366
Es Pujols,2025-09-03 18:00:00,29.0,44.865997
Es Pujols,2025-09-03 19:00:00,19.0,38.542873
Es Pujols,2025-09-03 20:00:00,19.0,35.03158
Es Pujols,2025-09-04 08:00:00,8.0,19.239996
Es Pujols,2025-09-04 09:00:00,5.0,13.243772
Es Pujols,2025-09-04 10:00:00,5.0,16.43846
Es Pujols,2025-09-04 11:00:00,14.0,40.06386
Es Pujols,2025-09-04 12:00:00,21.0,59.1398
Es Pujols,2025-09-04 13:00:00,22.0,64.09639
Es Pujols,2025-09-04 14:00:00,23.0,62.843857
Es Pujols,2025-09-04 15:00:00,24.0,64.98609
Es Pujols,2025-09-04 16:00:00,41.0,60.722775
Es Pujols,2025-09-04 17:00:00,22.0,63.72988
Es Pujols,2025-09-04 18:00:00,42.0,58.394634
Es Pujols,2025-09-04 19:00:00,35.0,46.936428
Es Pujols,2025-09-04 20:00:00,34.0,38.77559
Es Pujols,2025-09-05 08:00:00,35.0,35.224995
Es Pujols,2025-09-05 09:00:00,6.0,15.04056
Es Pujols,2025-09-05 10:00:00,7.0,18.297382
Es Pujols,2025-09-05 11:00:00,15.0,30.431818
Es Pujols,2025-09-05 12:00:00,22.0,44.933502
Es Pujols,2025-09-05 13:00:00,31.0,42.395035
Es Pujols,2025-09-05 14:00:00,40.0,45.936527
Es Pujols,2025-09-05 15:00:00,27.0,49.580814
Es Pujols,2025-09-05 16:00:00,16.0,50.537422
Es Pujols,2025-09-05 17:00:00,27.0,47.539074
Es Pujols,2025-09-05 18:00:00,29.0,45.78369
Es Pujols,2025-09-05 19:00:00,17.0,43.534855
Es Pujols,2025-09-05 20:00:00,15.0,31.916748
Es Pujols,2025-09-06 08:00:00,16.0,27.706123
Es Pujols,2025-09-06 09:00:00,10.0,14.955488
Es Pujols,2025-09-06 10:00:00,8.0,17.775122
Es Pujols,2025-09-06 11:00:00,21.0,22.07288
Es Pujols,2025-09-06 12:00:00,34.0,26.140106
Es Pujols,2025-09-06 13:00:00,27.0,24.146482
Es Pujols,2025-09-06 14:00:00,6.0,24.894106
Es Pujols,2025-09-06 15:00:00,15.0,24.625374
Es Pujols,2025-09-06 16:00:00,19.0,25.74867
Es Pujols,2025-09-06 17:00:00,28.0,25.90244
Es Pujols,2025-09-06 18:00:00,34.0,26.216503
Es Pujols,2025-09-06 19:00:00,39.0,23.713545
Es Pujols,2025-09-06 20:00:00,37.0,20.737185
Es Pujols,2025-09-07 08:00:00,43.0,13.630631
Es Pujols,2025-09-07 09:00:00,6.0,9.683978
Es Pujols,2025-09-07 10:00:00,16.0,14.20306
Es Pujols,2025-09-07 11:00:00,38.0,18.262955
Es Pujols,2025-09-07 12:00:00,48.0,21.677404
Es Pujols,2025-09-07 13:00:00,54.0,27.47445
Es Pujols,2025-09-07 14:00:00,36.0,30.45886
Es Pujols,2025-09-07 15:00:00,51.0,26.684498
Es Pujols,2025-09-07 16:00:00,48.0,28.181635
Es Pujols,2025-09-07 17:00:00,74.0,26.9264
Es Pujols,2025-09-07 18:00:00,60.0,26.545334
Es Pujols,2025-09-07 19:00:00,34.0,25.507605
Es Pujols,2025-09-07 20:00:00,31.0,19.041197
Es Pujols,2025-09-08 08:00:00,18.0,16.264742
Es Pujols,2025-09-08 09:00:00,10.0,10.968384
Es Pujols,2025-09-08 10:00:00,7.0,12.658899
Es Pujols,2025-09-08 11:00:00,30.0,17.738808
Es Pujols,2025-09-08 12:00:00,36.0,23.416504
Es Pujols,2025-09-08 13:00:00,91.0,32.65273
Es Pujols,2025-09-08 14:00:00,77.0,24.432999
Es Pujols,2025-09-08 15:00:00,69.0,24.993216
Es Pujols,2025-09-08 16:00:00,52.0,22.308853
Es Pujols,2025-09-08 17:00:00,41.0,19.416103
Es Pujols,2025-09-08 18:00:00,25.0,19.545279
Es Pujols,2025-09-08 19:00:00,16.0,18.400558
Es Pujols,2025-09-08 20:00:00,9.0,5.041606
Es Pujols,2025-09-09 08:00:00,8.0,7.0116706
Es Pujols,2025-09-09 09:00:00,38.0,16.731428
Es Pujols,2025-09-09 10:00:00,62.0,25.06643
Es Pujols,2025-09-09 11:00:00,66.0,30.640432
Es Pujols,2025-09-09 12:00:00,48.0,27.791319
Es Pujols,2025-09-09 13:00:00,43.0,31.67807
Es Pujols,2025-09-09 14:00:00,69.0,32.27146
Es Pujols,2025-09-09 15:00:00,58.0,31.391644
Es Pujols,2025-09-09 16:00:00,46.0,27.264389
Es Pujols,2025-09-09 17:00:00,49.0,25.731503
Es Pujols,2025-09-09 18:00:00,23.0,26.041105
Es Pujols,2025-09-09 19:00:00,17.0,24.289684
Es Pujols,2025-09-09 20:00:00,8.0,4.9325495
Es Pujols,2025-09-10 08:00:00,9.0,10.823452
Es Pujols,2025-09-10 09:00:00,21.0,22.491594
Es Pujols,2025-09-10 10:00:00,47.0,32.660095
Es Pujols,2025-09-10 11:00:00,63.0,42.369076
Es Pujols,2025-09-10 12:00:00,38.0,47.545162
Es Pujols,2025-09-10 13:00:00,29.0,52.224514
Es Pujols,2025-09-10 14:00:00,35.0,49.020145
Es Pujols,2025-09-10 15:00:00,41.0,48.275394
Es Pujols,2025-09-10 16:00:00,32.0,35.32592
Es Pujols,2025-09-10 17:00:00,31.0,31.21811
Es Pujols,2025-09-10 18:00:00,16.0,29.859396
Es Pujols,2025-09-10 19:00:00,17.0,23.702198
Es Pujols,2025-09-10 20:00:00,12.0,5.882347
Es Pujols,2025-09-11 08:00:00,11.0,7.798627
Es Pujols,2025-09-11 09:00:00,24.0,22.970255
Es Pujols,2025-09-11 12:00:00,34.0,30.780209
Es Pujols,2025-09-11 13:00:00,41.0,45.366108
Es Pujols,2025-09-11 14:00:00,27.0,49.860565
Es Pujols,2025-09-11 15:00:00,30.0,49.942856
Es Pujols,2025-09-11 16:00:00,40.0,51.390736
Es Pujols,2025-09-11 17:00:00,42.0,47.54387
Es Pujols,2025-09-11 18:00:00,30.0,37.98619
Es Pujols,2025-09-11 19:00:00,20.0,30.586855
Es Pujols,2025-09-11 20:00:00,21.0,29.43484
Es Pujols,2025-09-12 08:00:00,13.0,22.1223
Es Pujols,2025-09-12 09:00:00,8.0,12.922761
Es Pujols,2025-09-12 10:00:00,11.0,14.513232
Es Pujols,2025-09-12 11:00:00,24.0,31.024277
Es Pujols,2025-09-12 12:00:00,27.0,39.804634
Es Pujols,2025-09-12 13:00:00,40.0,42.553055
Es Pujols,2025-09-12 14:00:00,35.0,50.790627
Es Pujols,2025-09-12 15:00:00,26.0,56.748512
Es Pujols,2025-09-12 16:00:00,42.0,57.65891
Es Pujols,2025-09-12 17:00:00,46.0,51.271164
Es Pujols,2025-09-12 18:00:00,30.0,44.265823
Es Pujols,2025-09-12 19:00:00,22.0,39.828236
Es Pujols,2025-09-12 20:00:00,24.0,32.93071
Es Pujols,2025-09-13 08:00:00,9.0,27.806337
Es Pujols,2025-09-13 09:00:00,10.0,14.618259
Es Pujols,2025-09-13 10:00:00,12.0,16.921015
Es Pujols,2025-09-13 11:00:00,31.0,28.806002
Es Pujols,2025-09-13 12:00:00,47.0,41.890556
Es Pujols,2025-09-13 13:00:00,42.0,42.009567
Es Pujols,2025-09-13 14:00:00,34.0,40.824818
Es Pujols,2025-09-13 15:00:00,36.0,46.352646
Es Pujols,2025-09-13 16:00:00,42.0,43.1115
Es Pujols,2025-09-13 17:00:00,43.0,43.588856
Es Pujols,2025-09-13 18:00:00,37.0,39.970016
Es Pujols,2025-09-13 19:00:00,19.0,34.54421
Es Pujols,2025-09-13 20:00:00,23.0,30.900293
Es Pujols,2025-09-14 08:00:00,7.0,25.462496
Es Pujols,2025-09-14 09:00:00,12.0,12.970054
Es Pujols,2025-09-14 10:00:00,10.0,18.246456
Es Pujols,2025-09-14 11:00:00,24.0,26.549547
Es Pujols,2025-09-14 12:00:00,36.0,35.19313
Es Pujols,2025-09-14 13:00:00,44.0,35.840805
Es Pujols,2025-09-14 14:00:00,41.0,37.617363
Es Pujols,2025-09-14 15:00:00,57.0,42.919994
Es Pujols,2025-09-14 16:00:00,49.0,43.079826
Es Pujols,2025-09-14 17:00:00,55.0,41.57196
Es Pujols,2025-09-14 18:00:00,54.0,36.483463
Es Pujols,2025-09-14 19:00:00,34.0,29.451885
Es Pujols,2025-09-14 20:00:00,26.0,26.667065
Es Pujols,2025-09-15 08:00:00,6.0,18.907906
Es Pujols,2025-09-15 09:00:00,18.0,10.358357
Es Pujols,2025-09-15 10:00:00,10.0,11.769821
Es Pujols,2025-09-15 11:00:00,33.0,21.426752
Es Pujols,2025-09-15 12:00:00,40.0,27.145664
Es Pujols,2025-09-15 13:00:00,50.0,30.416351
Es Pujols,2025-09-15 14:00:00,50.0,32.788425
Es Pujols,2025-09-15 15:00:00,42.0,36.203465
Es Pujols,2025-09-15 16:00:00,33.0,36.75622
Es Pujols,2025-09-15 17:00:00,46.0,34.64147
Es Pujols,2025-09-15 18:00:00,34.0,30.863493
Es Pujols,2025-09-15 19:00:00,23.0,25.199387
Es Pujols,2025-09-15 20:00:00,26.0,22.866182
Es Pujols,2025-09-16 08:00:00,5.0,16.392723
Es Pujols,2025-09-16 09:00:00,14.0,8.483263
Es Pujols,2025-09-16 10:00:00,8.0,10.236936
Es Pujols,2025-09-16 11:00:00,20.0,20.611572
Es Pujols,2025-09-16 12:00:00,36.0,25.70168
Es Pujols,2025-09-16 13:00:00,52.0,30.473503
Es Pujols,2025-09-16 14:00:00,59.0,31.726122
Es Pujols,2025-09-16 15:00:00,47.0,34.83375
Es Pujols,2025-09-16 16:00:00,41.0,33.212227
Es Pujols,2025-09-16 17:00:00,31.0,30.807337
Es Pujols,2025-09-16 18:00:00,25.0,28.877195
Es Pujols,2025-09-16 19:00:00,22.0,23.888317
Es Pujols,2025-09-16 20:00:00,24.0,22.270887
Es Pujols,2025-09-17 08:00:00,8.0,17.21716
Es Pujols,2025-09-17 09:00:00,9.0,8.468822
Es Pujols,2025-09-17 10:00:00,8.0,10.990019
Es Pujols,2025-09-17 11:00:00,19.0,22.133886
Es Pujols,2025-09-17 12:00:00,20.0,27.62008
Es Pujols,2025-09-17 13:00:00,39.0,34.166603
Es Pujols,2025-09-17 14:00:00,39.0,37.629013
Es Pujols,2025-09-17 15:00:00,36.0,40.47527
Es Pujols,2025-09-17 16:00:00,41.0,41.76541
Es Pujols,2025-09-17 17:00:00,38.0,38.464767
Es Pujols,2025-09-17 18:00:00,23.0,34.747498
Es Pujols,2025-09-17 19:00:00,16.0,26.88977
Es Pujols,2025-09-17 20:00:00,20.0,28.186764
Es Pujols,2025-09-18 08:00:00,6.0,19.907837
Es Pujols,2025-09-18 09:00:00,9.0,10.41333
Es Pujols,2025-09-18 10:00:00,7.0,12.559971
Es Pujols,2025-09-18 11:00:00,25.0,26.533133
Es Pujols,2025-09-18 12:00:00,38.0,34.438496
Es Pujols,2025-09-18 13:00:00,42.0,37.234653
Es Pujols,2025-09-18 14:00:00,32.0,46.127735
Es Pujols,2025-09-18 15:00:00,33.0,48.08854
Es Pujols,2025-09-18 16:00:00,22.0,44.902508
Es Pujols,2025-09-18 17:00:00,33.0,36.633812
Es Pujols,2025-09-18 18:00:00,16.0,32.708176
Es Pujols,2025-09-18 19:00:00,23.0,30.290806
Es Pujols,2025-09-18 20:00:00,34.0,28.82504
Es Pujols,2025-09-19 08:00:00,7.0,18.084558
Es Pujols,2025-09-19 09:00:00,11.0,9.926122
Es Pujols,2025-09-19 10:00:00,14.0,13.54739
Es Pujols,2025-09-19 11:00:00,13.0,21.742973
Es Pujols,2025-09-19 12:00:00,16.0,28.73452
Es Pujols,2025-09-19 13:00:00,15.0,31.508533
Es Pujols,2025-09-19 14:00:00,15.0,31.356499
Es Pujols,2025-09-19 15:00:00,21.0,31.15075
Es Pujols,2025-09-19 16:00:00,20.0,33.22633
Es Pujols,2025-09-19 17:00:00,18.0,32.2319
Es Pujols,2025-09-19 18:00:00,16.0,30.74503
Es Pujols,2025-09-19 19:00:00,10.0,25.570557
Es Pujols,2025-09-19 20:00:00,21.0,24.71166
Es Pujols,2025-09-20 08:00:00,5.0,16.04908
Es Pujols,2025-09-20 09:00:00,6.0,10.343044
Es Pujols,2025-09-20 10:00:00,7.0,12.063347
Es Pujols,2025-09-20 11:00:00,16.0,20.212172
Es Pujols,2025-09-20 12:00:00,16.0,20.857592
Es Pujols,2025-09-20 13:00:00,9.0,22.412313
Es Pujols,2025-09-20 14:00:00,11.0,22.491272
Es Pujols,2025-09-20 15:00:00,12.0,23.370277
Es Pujols,2025-09-20 16:00:00,12.0,28.21851
Es Pujols,2025-09-20 17:00:00,10.0,26.64512
Es Pujols,2025-09-20 18:00:00,11.0,26.664116
Es Pujols,2025-09-20 19:00:00,9.0,21.728958
Es Pujols,2025-09-20 20:00:00,9.0,20.66033
Es Pujols,2025-09-21 08:00:00,5.0,13.973472
Es Pujols,2025-09-21 09:00:00,5.0,10.7861395
Es Pujols,2025-09-21 10:00:00,6.0,11.412387
Es Pujols,2025-09-21 11:00:00,7.0,18.639635
Es Pujols,2025-09-21 12:00:00,10.0,25.150833
Es Pujols,2025-09-21 13:00:00,16.0,27.246675
Es Pujols,2025-09-21 14:00:00,22.0,27.535645
Es Pujols,2025-09-21 15:00:00,18.0,30.460798
Es Pujols,2025-09-21 16:00:00,18.0,36.73147
Es Pujols,2025-09-21 17:00:00,13.0,37.642403
Es Pujols,2025-09-21 18:00:00,13.0,30.972115
Es Pujols,2025-09-21 19:00:00,10.0,22.50478
Es Pujols,2025-09-21 20:00:00,6.0,21.468643
Es Pujols,2025-09-22 08:00:00,5.0,18.428083
Es Pujols,2025-09-22 09:00:00,5.0,10.200101
Es Pujols,2025-09-22 10:00:00,6.0,11.781534
Es Pujols,2025-09-22 11:00:00,9.0,16.37494
Es Pujols,2025-09-22 12:00:00,10.0,19.806467
Es Pujols,2025-09-22 13:00:00,16.0,21.31483
Es Pujols,2025-09-22 14:00:00,16.0,21.153286
Es Pujols,2025-09-22 15:00:00,18.0,22.651646
Es Pujols,2025-09-22 16:00:00,17.0,23.079353
Es Pujols,2025-09-22 17:00:00,27.0,21.262323
Es Pujols,2025-09-22 18:00:00,23.0,21.834194
Es Pujols,2025-09-22 19:00:00,9.0,17.201092
Es Pujols,2025-09-22 20:00:00,13.0,16.070705
Es Pujols,2025-09-23 08:00:00,5.0,10.371967
Es Pujols,2025-09-23 09:00:00,6.0,10.2880745
Es Pujols,2025-09-23 10:00:00,5.0,11.385324
Es Pujols,2025-09-23 11:00:00,8.0,13.575164
Es Pujols,2025-09-23 12:00:00,14.0,18.496386
Es Pujols,2025-09-23 13:00:00,25.0,19.41104
Es Pujols,2025-09-23 14:00:00,24.0,19.04107
Es Pujols,2025-09-23 15:00:00,20.0,22.628662
Es Pujols,2025-09-23 16:00:00,23.0,24.688616
Es Pujols,2025-09-23 17:00:00,24.0,24.375254
Es Pujols,2025-09-23 18:00:00,27.0,19.34819
Es Pujols,2025-09-23 19:00:00,11.0,16.669788
Es Pujols,2025-09-23 20:00:00,18.0,13.534578
Es Pujols,2025-09-24 08:00:00,4.0,8.28026
Es Pujols,2025-09-24 09:00:00,5.0,3.0323024
Es Pujols,2025-09-24 10:00:00,7.0,4.526584
Es Pujols,2025-09-24 11:00:00,11.0,12.927125
Es Pujols,2025-09-24 12:00:00,21.0,18.675594
Es Pujols,2025-09-24 13:00:00,30.0,17.945328
Es Pujols,2025-09-24 14:00:00,37.0,20.393366
Es Pujols,2025-09-24 15:00:00,23.0,20.566889
Es Pujols,2025-09-24 16:00:00,23.0,20.927338
Es Pujols,2025-09-24 17:00:00,11.0,19.682695
Es Pujols,2025-09-24 18:00:00,10.0,15.9651575
Es Pujols,2025-09-24 19:00:00,11.0,14.308913
Es Pujols,2025-09-24 20:00:00,10.0,13.242086
Es Pujols,2025-09-25 08:00:00,7.0,7.7703524
Es Pujols,2025-09-25 09:00:00,6.0,4.680677
Es Pujols,2025-09-25 10:00:00,11.0,10.80513
Es Pujols,2025-09-25 11:00:00,12.0,10.89767
Es Pujols,2025-09-25 12:00:00,20.0,11.612055
Es Pujols,2025-09-25 13:00:00,26.0,15.667042
Es Pujols,2025-09-25 14:00:00,45.0,19.56951
Es Pujols,2025-09-25 15:00:00,51.0,22.231104
Es Pujols,2025-09-25 16:00:00,45.0,21.171036
Es Pujols,2025-09-25 17:00:00,23.0,18.093449
Es Pujols,2025-09-25 18:00:00,14.0,16.363134
Es Pujols,2025-09-25 19:00:00,12.0,14.57906
Es Pujols,2025-09-25 20:00:00,4.0,8.033814
Es Pujols,2025-09-26 08:00:00,6.0,3.6862662
Es Pujols,2025-09-26 09:00:00,6.0,5.0174413
Es Pujols,2025-09-26 10:00:00,11.0,11.128989
Es Pujols,2025-09-26 11:00:00,16.0,12.271162
Es Pujols,2025-09-26 12:00:00,24.0,12.80117
Es Pujols,2025-09-26 13:00:00,33.0,13.044121
Es Pujols,2025-09-26 14:00:00,18.0,16.896202
Es Pujols,2025-09-26 15:00:00,21.0,21.46129
Es Pujols,2025-09-26 16:00:00,38.0,22.869263
Es Pujols,2025-09-26 17:00:00,25.0,15.974667
Es Pujols,2025-09-26 18:00:00,9.0,15.576453
Es Pujols,2025-09-26 19:00:00,8.0,12.688405
Es Pujols,2025-09-26 20:00:00,7.0,8.674636
Es Pujols,2025-09-27 08:00:00,6.0,3.8266973
Es Pujols,2025-09-27 09:00:00,5.0,4.9347305
Es Pujols,2025-09-27 10:00:00,19.0,12.726279
Es Pujols,2025-09-27 11:00:00,25.0,13.580248
Es Pujols,2025-09-27 12:00:00,14.0,14.209496
Es Pujols,2025-09-27 13:00:00,19.0,14.480235
Es Pujols,2025-09-27 14:00:00,10.0,15.4676285
Es Pujols,2025-09-27 15:00:00,20.0,14.308303
Es Pujols,2025-09-27 16:00:00,12.0,13.275879
Es Pujols,2025-09-27 17:00:00,11.0,13.178048
Es Pujols,2025-09-27 18:00:00,14.0,13.687893
Es Pujols,2025-09-27 20:00:00,16.0,11.641782
Es Pujols,2025-09-28 08:00:00,6.0,8.162631
Es Pujols,2025-09-28 09:00:00,9.0,4.852141
Es Pujols,2025-09-28 10:00:00,6.0,4.900878
Es Pujols,2025-09-28 11:00:00,27.0,13.083853
Es Pujols,2025-09-28 12:00:00,31.0,18.313942
Es Pujols,2025-09-28 13:00:00,36.0,22.93014
Es Pujols,2025-09-28 14:00:00,41.0,23.705605
Es Pujols,2025-09-28 15:00:00,44.0,25.331757
Es Pujols,2025-09-28 16:00:00,36.0,24.467329
Es Pujols,2025-09-28 17:00:00,43.0,23.94009
Es Pujols,2025-09-28 18:00:00,37.0,19.12573
Es Pujols,2025-09-28 19:00:00,23.0,16.039162
Es Pujols,2025-09-28 20:00:00,23.0,15.707815
Es Pujols,2025-09-29 08:00:00,6.0,9.062933
Es Pujols,2025-09-29 09:00:00,6.0,9.094111
Es Pujols,2025-09-29 10:00:00,5.0,14.745874
Es Pujols,2025-09-29 11:00:00,24.0,17.2495
Es Pujols,2025-09-29 12:00:00,36.0,23.272667
Es Pujols,2025-09-29 13:00:00,46.0,24.54366
Es Pujols,2025-09-29 14:00:00,38.0,26.918753
Es Pujols,2025-09-29 15:00:00,35.0,31.24581
Es Pujols,2025-09-29 16:00:00,34.0,28.571983
Es Pujols,2025-09-29 17:00:00,35.0,24.543137
Es Pujols,2025-09-29 18:00:00,42.0,18.174265
Es Pujols,2025-09-29 19:00:00,27.0,16.037476
Es Pujols,2025-09-29 20:00:00,21.0,15.512836
Peguera / Cala Fornells,2025-09-01 08:00:00,34.0,59.000202
Peguera / Cala Fornells,2025-09-01 09:00:00,5.0,27.70726
Peguera / Cala Fornells,2025-09-01 10:00:00,5.0,21.920017
Peguera / Cala Fornells,2025-09-01 11:00:00,188.0,90.72141
Peguera / Cala Fornells,2025-09-01 12:00:00,306.0,138.61691
Peguera / Cala Fornells,2025-09-01 13:00:00,323.0,124.35118
Peguera / Cala Fornells,2025-09-01 14:00:00,146.0,131.53352
Peguera / Cala Fornells,2025-09-01 15:00:00,130.0,135.03314
Peguera / Cala Fornells,2025-09-01 16:00:00,91.0,140.28902
Peguera / Cala Fornells,2025-09-01 17:00:00,126.0,136.78665
Peguera / Cala Fornells,2025-09-01 18:00:00,100.0,127.214745
Peguera / Cala Fornells,2025-09-01 19:00:00,74.0,87.278336
Peguera / Cala Fornells,2025-09-01 20:00:00,40.0,63.513493
Peguera / Cala Fornells,2025-09-02 08:00:00,45.0,58.676853
Peguera / Cala Fornells,2025-09-02 09:00:00,8.0,24.68349
Peguera / Cala Fornells,2025-09-02 10:00:00,5.0,24.24317
Peguera / Cala Fornells,2025-09-02 11:00:00,111.0,89.61832
Peguera / Cala Fornells,2025-09-02 12:00:00,369.0,143.05687
Peguera / Cala Fornells,2025-09-02 13:00:00,458.0,108.98533
Peguera / Cala Fornells,2025-09-02 14:00:00,133.0,85.62105
Peguera / Cala Fornells,2025-09-02 15:00:00,57.0,90.89587
Peguera / Cala Fornells,2025-09-02 16:00:00,47.0,79.79783
Peguera / Cala Fornells,2025-09-02 17:00:00,71.0,99.003044
Peguera / Cala Fornells,2025-09-02 18:00:00,69.0,88.82971
Peguera / Cala Fornells,2025-09-02 19:00:00,57.0,76.168755
Peguera / Cala Fornells,2025-09-02 20:00:00,30.0,47.519737
Peguera / Cala Fornells,2025-09-03 08:00:00,36.0,43.833027
Peguera / Cala Fornells,2025-09-03 09:00:00,6.0,18.991142
Peguera / Cala Fornells,2025-09-03 10:00:00,10.0,8.61661
Peguera / Cala Fornells,2025-09-03 11:00:00,152.0,81.688034
Peguera / Cala Fornells,2025-09-03 12:00:00,271.0,141.0528
Peguera / Cala Fornells,2025-09-03 13:00:00,255.0,135.17326
Peguera / Cala Fornells,2025-09-03 14:00:00,92.0,100.869415
Peguera / Cala Fornells,2025-09-03 15:00:00,49.0,101.93783
Peguera / Cala Fornells,2025-09-03 16:00:00,66.0,108.77578
Peguera / Cala Fornells,2025-09-03 17:00:00,68.0,115.55079
Peguera / Cala Fornells,2025-09-03 18:00:00,58.0,102.41938
Peguera / Cala Fornells,2025-09-03 19:00:00,55.0,71.07204
Peguera / Cala Fornells,2025-09-03 20:00:00,28.0,48.888073
Peguera / Cala Fornells,2025-09-04 08:00:00,28.0,45.57622
Peguera / Cala Fornells,2025-09-04 09:00:00,7.0,10.772687
Peguera / Cala Fornells,2025-09-04 10:00:00,5.0,13.456472
Peguera / Cala Fornells,2025-09-04 11:00:00,22.0,90.50077
Peguera / Cala Fornells,2025-09-04 12:00:00,50.0,82.57798
Peguera / Cala Fornells,2025-09-04 13:00:00,68.0,118.26156
Peguera / Cala Fornells,2025-09-04 14:00:00,41.0,121.41211
Peguera / Cala Fornells,2025-09-04 15:00:00,51.0,131.64262
Peguera / Cala Fornells,2025-09-04 16:00:00,40.0,128.28926
Peguera / Cala Fornells,2025-09-04 17:00:00,53.0,104.198456
Peguera / Cala Fornells,2025-09-04 18:00:00,34.0,92.45349
Peguera / Cala Fornells,2025-09-04 19:00:00,51.0,82.08126
Peguera / Cala Fornells,2025-09-04 20:00:00,26.0,68.12354
Peguera / Cala Fornells,2025-09-05 08:00:00,26.0,60.38993
Peguera / Cala Fornells,2025-09-05 09:00:00,6.0,37.578133
Peguera / Cala Fornells,2025-09-05 10:00:00,5.0,21.964447
Peguera / Cala Fornells,2025-09-05 11:00:00,29.0,124.27958
Peguera / Cala Fornells,2025-09-05 12:00:00,38.0,130.84193
Peguera / Cala Fornells,2025-09-05 13:00:00,39.0,108.40266
Peguera / Cala Fornells,2025-09-05 14:00:00,35.0,98.93483
Peguera / Cala Fornells,2025-09-05 15:00:00,28.0,121.06701
Peguera / Cala Fornells,2025-09-05 16:00:00,48.0,117.71389
Peguera / Cala Fornells,2025-09-05 17:00:00,89.0,114.20112
Peguera / Cala Fornells,2025-09-05 18:00:00,68.0,96.25146
Peguera / Cala Fornells,2025-09-05 19:00:00,46.0,88.91965
Peguera / Cala Fornells,2025-09-05 20:00:00,37.0,70.52398
Peguera / Cala Fornells,2025-09-06 08:00:00,33.0,64.23905
Peguera / Cala Fornells,2025-09-06 09:00:00,5.0,33.714935
Peguera / Cala Fornells,2025-09-06 10:00:00,7.0,14.587771
Peguera / Cala Fornells,2025-09-06 11:00:00,25.0,75.049164
Peguera / Cala Fornells,2025-09-06 12:00:00,21.0,88.26926
Peguera / Cala Fornells,2025-09-06 13:00:00,30.0,59.757256
Peguera / Cala Fornells,2025-09-06 14:00:00,28.0,73.890816
Peguera / Cala Fornells,2025-09-06 15:00:00,25.0,84.57317
Peguera / Cala Fornells,2025-09-06 16:00:00,15.0,71.31826
Peguera / Cala Fornells,2025-09-06 17:00:00,26.0,81.20562
Peguera / Cala Fornells,2025-09-06 18:00:00,26.0,68.96486
Peguera / Cala Fornells,2025-09-06 19:00:00,20.0,72.17507
Peguera / Cala Fornells,2025-09-06 20:00:00,29.0,58.249363
Peguera / Cala Fornells,2025-09-07 08:00:00,27.0,34.6723
Peguera / Cala Fornells,2025-09-07 09:00:00,6.0,33.76982
Peguera / Cala Fornells,2025-09-07 10:00:00,7.0,27.298857
Peguera / Cala Fornells,2025-09-07 11:00:00,175.0,64.62355
Peguera / Cala Fornells,2025-09-07 12:00:00,146.0,134.39479
Peguera / Cala Fornells,2025-09-07 13:00:00,134.0,102.53461
Peguera / Cala Fornells,2025-09-07 14:00:00,83.0,76.18662
Peguera / Cala Fornells,2025-09-07 15:00:00,68.0,77.678
Peguera / Cala Fornells,2025-09-07 16:00:00,57.0,83.84001
Peguera / Cala Fornells,2025-09-07 17:00:00,46.0,87.00624
Peguera / Cala Fornells,2025-09-07 18:00:00,71.0,81.29128
Peguera / Cala Fornells,2025-09-07 19:00:00,45.0,77.11581
Peguera / Cala Fornells,2025-09-07 20:00:00,56.0,48.439644
Peguera / Cala Fornells,2025-09-08 08:00:00,19.0,39.75646
Peguera / Cala Fornells,2025-09-08 09:00:00,6.0,17.267586
Peguera / Cala Fornells,2025-09-08 10:00:00,8.0,26.641924
Peguera / Cala Fornells,2025-09-08 11:00:00,227.0,45.025772
Peguera / Cala Fornells,2025-09-08 12:00:00,321.0,86.978806
Peguera / Cala Fornells,2025-09-08 13:00:00,218.0,60.388416
Peguera / Cala Fornells,2025-09-08 14:00:00,85.0,59.587677
Peguera / Cala Fornells,2025-09-08 15:00:00,85.0,67.39904
Peguera / Cala Fornells,2025-09-08 16:00:00,55.0,67.55425
Peguera / Cala Fornells,2025-09-08 17:00:00,76.0,62.654774
Peguera / Cala Fornells,2025-09-08 18:00:00,58.0,66.58895
Peguera / Cala Fornells,2025-09-08 19:00:00,61.0,51.838524
Peguera / Cala Fornells,2025-09-08 20:00:00,35.0,36.500664
Peguera / Cala Fornells,2025-09-09 08:00:00,32.0,27.551035
Peguera / Cala Fornells,2025-09-09 09:00:00,6.0,12.361674
Peguera / Cala Fornells,2025-09-09 10:00:00,6.0,14.723475
Peguera / Cala Fornells,2025-09-09 11:00:00,162.0,27.284813
Peguera / Cala Fornells,2025-09-09 12:00:00,192.0,41.591816
Peguera / Cala Fornells,2025-09-09 13:00:00,78.0,40.94958
Peguera / Cala Fornells,2025-09-09 14:00:00,85.0,39.646824
Peguera / Cala Fornells,2025-09-09 15:00:00,117.0,41.098335
Peguera / Cala Fornells,2025-09-09 16:00:00,120.0,39.564228
Peguera / Cala Fornells,2025-09-09 17:00:00,117.0,39.066334
Peguera / Cala Fornells,2025-09-09 18:00:00,71.0,36.4182
Peguera / Cala Fornells,2025-09-09 19:00:00,66.0,32.386143
Peguera / Cala Fornells,2025-09-09 20:00:00,33.0,26.828295
Peguera / Cala Fornells,2025-09-10 08:00:00,28.0,18.335985
Peguera / Cala Fornells,2025-09-10 09:00:00,6.0,8.394207
Peguera / Cala Fornells,2025-09-10 10:00:00,6.0,16.409523
Peguera / Cala Fornells,2025-09-10 11:00:00,202.0,50.046192
Peguera / Cala Fornells,2025-09-10 12:00:00,434.0,62.11884
Peguera / Cala Fornells,2025-09-10 13:00:00,271.0,66.408394
Peguera / Cala Fornells,2025-09-10 14:00:00,146.0,63.49894
Peguera / Cala Fornells,2025-09-10 15:00:00,77.0,57.723984
Peguera / Cala Fornells,2025-09-10 16:00:00,79.0,71.44254
Peguera / Cala Fornells,2025-09-10 17:00:00,55.0,58.654366
Peguera / Cala Fornells,2025-09-10 18:00:00,52.0,57.862015
Peguera / Cala Fornells,2025-09-10 19:00:00,48.0,45.535587
Peguera / Cala Fornells,2025-09-10 20:00:00,55.0,41.90193
Peguera / Cala Fornells,2025-09-11 08:00:00,20.0,30.305183
Peguera / Cala Fornells,2025-09-11 09:00:00,7.0,20.56459
Peguera / Cala Fornells,2025-09-11 10:00:00,8.0,12.987848
Peguera / Cala Fornells,2025-09-11 11:00:00,36.0,89.20987
Peguera / Cala Fornells,2025-09-11 12:00:00,75.0,130.36462
Peguera / Cala Fornells,2025-09-11 13:00:00,130.0,107.9522
Peguera / Cala Fornells,2025-09-11 14:00:00,72.0,69.97695
Peguera / Cala Fornells,2025-09-11 15:00:00,106.0,81.507935
Peguera / Cala Fornells,2025-09-11 16:00:00,103.0,95.53481
Peguera / Cala Fornells,2025-09-11 17:00:00,102.0,103.96826
Peguera / Cala Fornells,2025-09-11 18:00:00,64.0,87.92496
Peguera / Cala Fornells,2025-09-11 19:00:00,92.0,71.98468
Peguera / Cala Fornells,2025-09-11 20:00:00,25.0,46.118954
Peguera / Cala Fornells,2025-09-12 08:00:00,22.0,35.593876
Peguera / Cala Fornells,2025-09-12 09:00:00,6.0,18.255405
Peguera / Cala Fornells,2025-09-12 10:00:00,7.0,21.133047
Peguera / Cala Fornells,2025-09-12 11:00:00,80.0,81.981995
Peguera / Cala Fornells,2025-09-12 12:00:00,91.0,136.60405
Peguera / Cala Fornells,2025-09-12 13:00:00,199.0,129.1365
Peguera / Cala Fornells,2025-09-12 14:00:00,81.0,95.77194
Peguera / Cala Fornells,2025-09-12 15:00:00,78.0,100.15028
Peguera / Cala Fornells,2025-09-12 16:00:00,121.0,95.64867
Peguera / Cala Fornells,2025-09-12 17:00:00,106.0,99.916405
Peguera / Cala Fornells,2025-09-12 18:00:00,70.0,89.67246
Peguera / Cala Fornells,2025-09-12 19:00:00,52.0,72.5275
Peguera / Cala Fornells,2025-09-12 20:00:00,33.0,50.48528
Peguera / Cala Fornells,2025-09-13 08:00:00,22.0,37.10933
Peguera / Cala Fornells,2025-09-13 09:00:00,11.0,8.124593
Peguera / Cala Fornells,2025-09-13 10:00:00,14.0,12.650838
Peguera / Cala Fornells,2025-09-13 11:00:00,114.0,81.213326
Peguera / Cala Fornells,2025-09-13 12:00:00,211.0,137.86447
Peguera / Cala Fornells,2025-09-13 13:00:00,115.0,120.307236
Peguera / Cala Fornells,2025-09-13 14:00:00,82.0,105.607155
Peguera / Cala Fornells,2025-09-13 15:00:00,110.0,96.87727
Peguera / Cala Fornells,2025-09-13 16:00:00,103.0,106.835815
Peguera / Cala Fornells,2025-09-13 17:00:00,112.0,103.07369
Peguera / Cala Fornells,2025-09-13 18:00:00,92.0,100.54
Peguera / Cala Fornells,2025-09-13 19:00:00,47.0,72.02024
Peguera / Cala Fornells,2025-09-13 20:00:00,35.0,63.366188
Peguera / Cala Fornells,2025-09-14 08:00:00,18.0,36.980766
Peguera / Cala Fornells,2025-09-14 09:00:00,6.0,20.415413
Peguera / Cala Fornells,2025-09-14 10:00:00,17.0,28.872248
Peguera / Cala Fornells,2025-09-14 11:00:00,41.0,70.80097
Peguera / Cala Fornells,2025-09-14 12:00:00,103.0,137.58502
Peguera / Cala Fornells,2025-09-14 13:00:00,97.0,124.87513
Peguera / Cala Fornells,2025-09-14 14:00:00,60.0,92.67045
Peguera / Cala Fornells,2025-09-14 15:00:00,102.0,97.47104
Peguera / Cala Fornells,2025-09-14 16:00:00,124.0,95.37243
Peguera / Cala Fornells,2025-09-14 17:00:00,103.0,112.94791
Peguera / Cala Fornells,2025-09-14 18:00:00,55.0,100.139786
Peguera / Cala Fornells,2025-09-14 19:00:00,46.0,78.34634
Peguera / Cala Fornells,2025-09-14 20:00:00,36.0,50.594215
Peguera / Cala Fornells,2025-09-15 08:00:00,14.0,34.16906
Peguera / Cala Fornells,2025-09-15 09:00:00,7.0,23.436115
Peguera / Cala Fornells,2025-09-15 10:00:00,16.0,25.532425
Peguera / Cala Fornells,2025-09-15 11:00:00,34.0,72.736305
Peguera / Cala Fornells,2025-09-15 12:00:00,172.0,141.95973
Peguera / Cala Fornells,2025-09-15 13:00:00,68.0,130.46416
Peguera / Cala Fornells,2025-09-15 14:00:00,87.0,92.49322
Peguera / Cala Fornells,2025-09-15 15:00:00,98.0,93.80222
Peguera / Cala Fornells,2025-09-15 16:00:00,129.0,91.56529
Peguera / Cala Fornells,2025-09-15 17:00:00,167.0,97.43337
Peguera / Cala Fornells,2025-09-15 18:00:00,81.0,93.16893
Peguera / Cala Fornells,2025-09-15 19:00:00,64.0,69.76099
Peguera / Cala Fornells,2025-09-15 20:00:00,32.0,54.644497
Peguera / Cala Fornells,2025-09-16 08:00:00,16.0,36.811527
Peguera / Cala Fornells,2025-09-16 09:00:00,7.0,24.286655
Peguera / Cala Fornells,2025-09-16 10:00:00,7.0,15.895431
Peguera / Cala Fornells,2025-09-16 11:00:00,181.0,77.59673
Peguera / Cala Fornells,2025-09-16 12:00:00,297.0,135.15741
Peguera / Cala Fornells,2025-09-16 13:00:00,66.0,118.45046
Peguera / Cala Fornells,2025-09-16 14:00:00,121.0,96.90419
Peguera / Cala Fornells,2025-09-16 15:00:00,99.0,87.30943
Peguera / Cala Fornells,2025-09-16 16:00:00,139.0,94.30301
Peguera / Cala Fornells,2025-09-16 17:00:00,126.0,80.72339
Peguera / Cala Fornells,2025-09-16 18:00:00,74.0,75.03938
Peguera / Cala Fornells,2025-09-16 19:00:00,52.0,67.30634
Peguera / Cala Fornells,2025-09-16 20:00:00,44.0,51.570538
Peguera / Cala Fornells,2025-09-17 08:00:00,8.0,34.575943
Peguera / Cala Fornells,2025-09-17 09:00:00,16.0,17.480103
Peguera / Cala Fornells,2025-09-17 10:00:00,8.0,22.285604
Peguera / Cala Fornells,2025-09-17 11:00:00,118.0,69.97571
Peguera / Cala Fornells,2025-09-17 12:00:00,259.0,132.81882
Peguera / Cala Fornells,2025-09-17 13:00:00,276.0,124.07152
Peguera / Cala Fornells,2025-09-17 14:00:00,103.0,92.61392
Peguera / Cala Fornells,2025-09-17 15:00:00,96.0,93.242966
Peguera / Cala Fornells,2025-09-17 16:00:00,153.0,89.96792
Peguera / Cala Fornells,2025-09-17 17:00:00,72.0,89.88541
Peguera / Cala Fornells,2025-09-17 18:00:00,78.0,77.94146
Peguera / Cala Fornells,2025-09-17 19:00:00,89.0,65.611855
Peguera / Cala Fornells,2025-09-17 20:00:00,46.0,49.171024
Peguera / Cala Fornells,2025-09-18 08:00:00,15.0,35.489166
Peguera / Cala Fornells,2025-09-18 09:00:00,21.0,18.267372
Peguera / Cala Fornells,2025-09-18 10:00:00,20.0,19.458904
Peguera / Cala Fornells,2025-09-18 11:00:00,44.0,67.28339
Peguera / Cala Fornells,2025-09-18 12:00:00,80.0,118.90504
Peguera / Cala Fornells,2025-09-18 13:00:00,69.0,124.57855
Peguera / Cala Fornells,2025-09-18 14:00:00,86.0,99.61077
Peguera / Cala Fornells,2025-09-18 15:00:00,90.0,105.33642
Peguera / Cala Fornells,2025-09-18 16:00:00,59.0,112.3595
Peguera / Cala Fornells,2025-09-18 17:00:00,48.0,111.14289
Peguera / Cala Fornells,2025-09-18 18:00:00,50.0,85.14386
Peguera / Cala Fornells,2025-09-18 19:00:00,43.0,69.987495
Peguera / Cala Fornells,2025-09-18 20:00:00,27.0,49.926563
Peguera / Cala Fornells,2025-09-19 08:00:00,22.0,28.243769
Peguera / Cala Fornells,2025-09-19 09:00:00,17.0,-4.8550787
Peguera / Cala Fornells,2025-09-19 10:00:00,11.0,3.945744
Peguera / Cala Fornells,2025-09-19 11:00:00,92.0,56.720722
Peguera / Cala Fornells,2025-09-19 12:00:00,140.0,78.4001
Peguera / Cala Fornells,2025-09-19 13:00:00,144.0,92.20759
Peguera / Cala Fornells,2025-09-19 14:00:00,61.0,96.20445
Peguera / Cala Fornells,2025-09-19 15:00:00,80.0,94.084175
Peguera / Cala Fornells,2025-09-19 16:00:00,116.0,100.17314
Peguera / Cala Fornells,2025-09-19 17:00:00,102.0,93.339264
Peguera / Cala Fornells,2025-09-19 18:00:00,42.0,86.20316
Peguera / Cala Fornells,2025-09-19 19:00:00,34.0,67.14633
Peguera / Cala Fornells,2025-09-19 20:00:00,37.0,49.981087
Peguera / Cala Fornells,2025-09-20 08:00:00,12.0,32.048252
Peguera / Cala Fornells,2025-09-20 09:00:00,19.0,20.745415
Peguera / Cala Fornells,2025-09-20 10:00:00,12.0,8.372014
Peguera / Cala Fornells,2025-09-20 11:00:00,18.0,46.0583
Peguera / Cala Fornells,2025-09-20 12:00:00,82.0,64.19046
Peguera / Cala Fornells,2025-09-20 13:00:00,88.0,62.34493
Peguera / Cala Fornells,2025-09-20 14:00:00,62.0,118.52254
Peguera / Cala Fornells,2025-09-20 15:00:00,40.0,94.462746
Peguera / Cala Fornells,2025-09-20 16:00:00,107.0,103.67559
Peguera / Cala Fornells,2025-09-20 17:00:00,76.0,109.70954
Peguera / Cala Fornells,2025-09-20 18:00:00,72.0,92.80864
Peguera / Cala Fornells,2025-09-20 19:00:00,71.0,64.00703
Peguera / Cala Fornells,2025-09-20 20:00:00,39.0,52.317383
Peguera / Cala Fornells,2025-09-21 08:00:00,6.0,43.607906
Peguera / Cala Fornells,2025-09-21 09:00:00,13.0,23.293053
Peguera / Cala Fornells,2025-09-21 10:00:00,15.0,19.990633
Peguera / Cala Fornells,2025-09-21 11:00:00,32.0,63.099724
Peguera / Cala Fornells,2025-09-21 12:00:00,67.0,116.25293
Peguera / Cala Fornells,2025-09-21 13:00:00,70.0,108.68003
Peguera / Cala Fornells,2025-09-21 14:00:00,35.0,98.149345
Peguera / Cala Fornells,2025-09-21 15:00:00,50.0,83.144905
Peguera / Cala Fornells,2025-09-21 16:00:00,61.0,97.84621
Peguera / Cala Fornells,2025-09-21 17:00:00,61.0,102.711845
Peguera / Cala Fornells,2025-09-21 18:00:00,31.0,104.27642
Peguera / Cala Fornells,2025-09-21 19:00:00,26.0,72.15212
Peguera / Cala Fornells,2025-09-21 20:00:00,16.0,51.159786
Peguera / Cala Fornells,2025-09-22 08:00:00,9.0,31.362852
Peguera / Cala Fornells,2025-09-22 09:00:00,9.0,18.650341
Peguera / Cala Fornells,2025-09-22 10:00:00,9.0,20.841093
Peguera / Cala Fornells,2025-09-22 11:00:00,28.0,63.79242
Peguera / Cala Fornells,2025-09-22 12:00:00,45.0,121.2032
Peguera / Cala Fornells,2025-09-22 13:00:00,40.0,101.91331
Peguera / Cala Fornells,2025-09-22 14:00:00,82.0,92.986916
Peguera / Cala Fornells,2025-09-22 15:00:00,60.0,98.20115
Peguera / Cala Fornells,2025-09-22 16:00:00,51.0,100.47542
Peguera / Cala Fornells,2025-09-22 17:00:00,46.0,94.542625
Peguera / Cala Fornells,2025-09-22 18:00:00,36.0,85.25151
Peguera / Cala Fornells,2025-09-22 19:00:00,20.0,62.154297
Peguera / Cala Fornells,2025-09-22 20:00:00,32.0,49.706074
Peguera / Cala Fornells,2025-09-23 08:00:00,10.0,28.015938
Peguera / Cala Fornells,2025-09-23 09:00:00,10.0,18.628117
Peguera / Cala Fornells,2025-09-23 10:00:00,11.0,20.139833
Peguera / Cala Fornells,2025-09-23 11:00:00,21.0,48.42879
Peguera / Cala Fornells,2025-09-23 12:00:00,27.0,70.6756
Peguera / Cala Fornells,2025-09-23 13:00:00,49.0,65.190315
Peguera / Cala Fornells,2025-09-23 14:00:00,53.0,75.586174
Peguera / Cala Fornells,2025-09-23 15:00:00,52.0,77.08149
Peguera / Cala Fornells,2025-09-23 16:00:00,40.0,81.452614
Peguera / Cala Fornells,2025-09-23 17:00:00,45.0,88.291145
Peguera / Cala Fornells,2025-09-23 18:00:00,29.0,84.48038
Peguera / Cala Fornells,2025-09-23 19:00:00,27.0,59.702114
Peguera / Cala Fornells,2025-09-23 20:00:00,14.0,48.289658
Peguera / Cala Fornells,2025-09-24 08:00:00,11.0,35.4709
Peguera / Cala Fornells,2025-09-24 09:00:00,11.0,22.026123
Peguera / Cala Fornells,2025-09-24 10:00:00,10.0,21.684418
Peguera / Cala Fornells,2025-09-24 11:00:00,22.0,45.31551
Peguera / Cala Fornells,2025-09-24 12:00:00,31.0,50.80067
Peguera / Cala Fornells,2025-09-24 13:00:00,31.0,61.940872
Peguera / Cala Fornells,2025-09-24 14:00:00,44.0,60.730114
Peguera / Cala Fornells,2025-09-24 15:00:00,52.0,65.88829
Peguera / Cala Fornells,2025-09-24 16:00:00,64.0,70.35189
Peguera / Cala Fornells,2025-09-24 17:00:00,90.0,65.47449
Peguera / Cala Fornells,2025-09-24 18:00:00,76.0,65.68852
Peguera / Cala Fornells,2025-09-24 19:00:00,44.0,48.103813
Peguera / Cala Fornells,2025-09-24 20:00:00,39.0,43.8627
Peguera / Cala Fornells,2025-09-25 08:00:00,35.0,27.935452
Peguera / Cala Fornells,2025-09-25 09:00:00,53.0,19.732157
Peguera / Cala Fornells,2025-09-25 10:00:00,24.0,20.284405
Peguera / Cala Fornells,2025-09-25 11:00:00,40.0,33.303776
Peguera / Cala Fornells,2025-09-25 12:00:00,38.0,42.981407
Peguera / Cala Fornells,2025-09-25 13:00:00,140.0,42.51483
Peguera / Cala Fornells,2025-09-25 14:00:00,70.0,51.739372
Peguera / Cala Fornells,2025-09-25 15:00:00,52.0,58.35182
Peguera / Cala Fornells,2025-09-25 16:00:00,132.0,60.02024
Peguera / Cala Fornells,2025-09-25 17:00:00,138.0,55.24091
Peguera / Cala Fornells,2025-09-25 18:00:00,69.0,53.884277
Peguera / Cala Fornells,2025-09-25 19:00:00,31.0,43.376034
Peguera / Cala Fornells,2025-09-25 20:00:00,31.0,35.52575
Peguera / Cala Fornells,2025-09-26 08:00:00,26.0,26.197853
Peguera / Cala Fornells,2025-09-26 09:00:00,22.0,17.645424
Peguera / Cala Fornells,2025-09-26 10:00:00,18.0,17.843046
Peguera / Cala Fornells,2025-09-26 11:00:00,205.0,28.309849
Peguera / Cala Fornells,2025-09-26 12:00:00,28.0,31.640642
Peguera / Cala Fornells,2025-09-26 13:00:00,330.0,36.29334
Peguera / Cala Fornells,2025-09-26 14:00:00,144.0,35.507633
Peguera / Cala Fornells,2025-09-26 15:00:00,81.0,41.50648
Peguera / Cala Fornells,2025-09-26 16:00:00,103.0,39.896297
Peguera / Cala Fornells,2025-09-26 17:00:00,45.0,37.99977
Peguera / Cala Fornells,2025-09-26 18:00:00,75.0,31.527983
Peguera / Cala Fornells,2025-09-26 19:00:00,48.0,28.834635
Peguera / Cala Fornells,2025-09-26 20:00:00,46.0,27.837742
Peguera / Cala Fornells,2025-09-27 08:00:00,34.0,16.56997
Peguera / Cala Fornells,2025-09-27 09:00:00,23.0,14.640663
Peguera / Cala Fornells,2025-09-27 10:00:00,19.0,14.032163
Peguera / Cala Fornells,2025-09-27 11:00:00,43.0,21.59066
Peguera / Cala Fornells,2025-09-27 12:00:00,34.0,23.4049
Peguera / Cala Fornells,2025-09-27 13:00:00,25.0,25.391146
Peguera / Cala Fornells,2025-09-27 14:00:00,33.0,28.72559
Peguera / Cala Fornells,2025-09-27 15:00:00,17.0,37.311096
Peguera / Cala Fornells,2025-09-27 16:00:00,60.0,42.78549
Peguera / Cala Fornells,2025-09-27 17:00:00,37.0,34.363956
Peguera / Cala Fornells,2025-09-27 18:00:00,40.0,35.370487
Peguera / Cala Fornells,2025-09-27 19:00:00,34.0,35.536648
Peguera / Cala Fornells,2025-09-27 20:00:00,33.0,35.151745
Peguera / Cala Fornells,2025-09-28 08:00:00,36.0,27.409899
Peguera / Cala Fornells,2025-09-28 09:00:00,28.0,17.047043
Peguera / Cala Fornells,2025-09-28 10:00:00,18.0,16.668432
Peguera / Cala Fornells,2025-09-28 11:00:00,48.0,44.23803
Peguera / Cala Fornells,2025-09-28 12:00:00,145.0,58.119846
Peguera / Cala Fornells,2025-09-28 13:00:00,83.0,73.37424
Peguera / Cala Fornells,2025-09-28 14:00:00,55.0,78.47229
Peguera / Cala Fornells,2025-09-28 15:00:00,75.0,73.522156
Peguera / Cala Fornells,2025-09-28 16:00:00,105.0,69.75202
Peguera / Cala Fornells,2025-09-28 17:00:00,79.0,66.07032
Peguera / Cala Fornells,2025-09-28 18:00:00,67.0,53.49111
Peguera / Cala Fornells,2025-09-28 19:00:00,39.0,46.204994
Peguera / Cala Fornells,2025-09-28 20:00:00,27.0,41.79187
Peguera / Cala Fornells,2025-09-29 08:00:00,51.0,31.414968
Peguera / Cala Fornells,2025-09-29 09:00:00,36.0,17.89135
Peguera / Cala Fornells,2025-09-29 10:00:00,32.0,20.360697
Peguera / Cala Fornells,2025-09-29 11:00:00,38.0,51.892696
Peguera / Cala Fornells,2025-09-29 12:00:00,76.0,113.7831
Peguera / Cala Fornells,2025-09-29 13:00:00,87.0,114.44273
Peguera / Cala Fornells,2025-09-29 14:00:00,60.0,106.48939
Peguera / Cala Fornells,2025-09-29 15:00:00,34.0,92.44073
Peguera / Cala Fornells,2025-09-29 16:00:00,85.0,111.349365
Peguera / Cala Fornells,2025-09-29 17:00:00,60.0,96.68046
Peguera / Cala Fornells,2025-09-29 18:00:00,66.0,75.3252
Peguera / Cala Fornells,2025-09-29 19:00:00,42.0,58.653423
Peguera / Cala Fornells,2025-09-29 20:00:00,26.0,51.758335
Peguera Platja Torà,2025-09-01 08:00:00,102.0,63.582775
Peguera Platja Torà,2025-09-01 09:00:00,10.0,35.39862
Peguera Platja Torà,2025-09-01 10:00:00,11.0,32.331818
Peguera Platja Torà,2025-09-01 11:00:00,141.0,100.20552
Peguera Platja Torà,2025-09-01 12:00:00,138.0,149.75568
Peguera Platja Torà,2025-09-01 13:00:00,154.0,132.72563
Peguera Platja Torà,2025-09-01 14:00:00,160.0,147.35849
Peguera Platja Torà,2025-09-01 15:00:00,164.0,131.56056
Peguera Platja Torà,2025-09-01 16:00:00,165.0,126.10198
Peguera Platja Torà,2025-09-01 17:00:00,150.0,130.2777
Peguera Platja Torà,2025-09-01 18:00:00,86.0,120.935
Peguera Platja Torà,2025-09-01 19:00:00,61.0,108.18728
Peguera Platja Torà,2025-09-01 20:00:00,67.0,67.426506
Peguera Platja Torà,2025-09-02 08:00:00,90.0,66.02315
Peguera Platja Torà,2025-09-02 09:00:00,9.0,38.975857
Peguera Platja Torà,2025-09-02 10:00:00,11.0,35.369667
Peguera Platja Torà,2025-09-02 11:00:00,114.0,88.687965
Peguera Platja Torà,2025-09-02 12:00:00,157.0,146.32959
Peguera Platja Torà,2025-09-02 13:00:00,163.0,137.18704
Peguera Platja Torà,2025-09-02 14:00:00,194.0,118.596344
Peguera Platja Torà,2025-09-02 15:00:00,195.0,117.57937
Peguera Platja Torà,2025-09-02 16:00:00,74.0,114.47432
Peguera Platja Torà,2025-09-02 17:00:00,79.0,114.833435
Peguera Platja Torà,2025-09-02 18:00:00,66.0,109.84897
Peguera Platja Torà,2025-09-02 19:00:00,51.0,119.23049
Peguera Platja Torà,2025-09-02 20:00:00,40.0,66.262024
Peguera Platja Torà,2025-09-03 08:00:00,112.0,63.138718
Peguera Platja Torà,2025-09-03 09:00:00,9.0,32.12437
Peguera Platja Torà,2025-09-03 10:00:00,9.0,22.149012
Peguera Platja Torà,2025-09-03 11:00:00,194.0,91.68288
Peguera Platja Torà,2025-09-03 12:00:00,203.0,142.70699
Peguera Platja Torà,2025-09-03 13:00:00,123.0,152.90569
Peguera Platja Torà,2025-09-03 14:00:00,129.0,137.50139
Peguera Platja Torà,2025-09-03 15:00:00,116.0,140.71434
Peguera Platja Torà,2025-09-03 16:00:00,92.0,120.79876
Peguera Platja Torà,2025-09-03 17:00:00,105.0,119.9087
Peguera Platja Torà,2025-09-03 18:00:00,84.0,112.33305
Peguera Platja Torà,2025-09-03 19:00:00,56.0,95.08402
Peguera Platja Torà,2025-09-03 20:00:00,57.0,71.657455
Peguera Platja Torà,2025-09-04 08:00:00,62.0,66.03889
Peguera Platja Torà,2025-09-04 09:00:00,10.0,43.94703
Peguera Platja Torà,2025-09-04 10:00:00,10.0,42.092697
Peguera Platja Torà,2025-09-04 11:00:00,96.0,94.54771
Peguera Platja Torà,2025-09-04 12:00:00,98.0,83.48675
Peguera Platja Torà,2025-09-04 13:00:00,141.0,136.97078
Peguera Platja Torà,2025-09-04 14:00:00,121.0,159.0266
Peguera Platja Torà,2025-09-04 15:00:00,88.0,145.92824
Peguera Platja Torà,2025-09-04 16:00:00,110.0,129.51974
Peguera Platja Torà,2025-09-04 17:00:00,108.0,98.43835
Peguera Platja Torà,2025-09-04 18:00:00,72.0,104.96003
Peguera Platja Torà,2025-09-04 19:00:00,59.0,95.86506
Peguera Platja Torà,2025-09-04 20:00:00,39.0,71.84526
Peguera Platja Torà,2025-09-05 08:00:00,83.0,68.89391
Peguera Platja Torà,2025-09-05 09:00:00,10.0,41.497528
Peguera Platja Torà,2025-09-05 10:00:00,9.0,35.339336
Peguera Platja Torà,2025-09-05 11:00:00,51.0,93.12311
Peguera Platja Torà,2025-09-05 12:00:00,53.0,137.43384
Peguera Platja Torà,2025-09-05 13:00:00,105.0,154.05435
Peguera Platja Torà,2025-09-05 14:00:00,139.0,115.85058
Peguera Platja Torà,2025-09-05 15:00:00,145.0,123.03231
Peguera Platja Torà,2025-09-05 16:00:00,73.0,111.50854
Peguera Platja Torà,2025-09-05 17:00:00,77.0,109.229324
Peguera Platja Torà,2025-09-05 18:00:00,87.0,104.29302
Peguera Platja Torà,2025-09-05 19:00:00,69.0,106.736206
Peguera Platja Torà,2025-09-05 20:00:00,42.0,69.471054
Peguera Platja Torà,2025-09-06 08:00:00,118.0,66.31001
Peguera Platja Torà,2025-09-06 09:00:00,10.0,21.596357
Peguera Platja Torà,2025-09-06 10:00:00,9.0,24.317652
Peguera Torà Plaça,2025-09-01 08:00:00,155.0,99.07813
Peguera Torà Plaça,2025-09-01 09:00:00,47.0,46.27469
Peguera Torà Plaça,2025-09-01 10:00:00,52.0,45.900036
Peguera Torà Plaça,2025-09-01 11:00:00,140.0,101.02267
Peguera Torà Plaça,2025-09-01 12:00:00,144.0,148.26344
Peguera Torà Plaça,2025-09-01 13:00:00,154.0,143.91614
Peguera Torà Plaça,2025-09-01 14:00:00,141.0,148.60832
Peguera Torà Plaça,2025-09-01 15:00:00,127.0,122.334175
Peguera Torà Plaça,2025-09-01 16:00:00,142.0,141.29976
Peguera Torà Plaça,2025-09-01 17:00:00,113.0,155.26874
Peguera Torà Plaça,2025-09-01 18:00:00,113.0,145.84721
Peguera Torà Plaça,2025-09-01 19:00:00,111.0,130.66425
Peguera Torà Plaça,2025-09-01 20:00:00,119.0,114.07184
Peguera Torà Plaça,2025-09-02 08:00:00,140.0,103.21796
Peguera Torà Plaça,2025-09-02 09:00:00,37.0,50.73009
Peguera Torà Plaça,2025-09-02 10:00:00,30.0,48.2653
Peguera Torà Plaça,2025-09-02 11:00:00,121.0,92.65261
Peguera Torà Plaça,2025-09-02 12:00:00,136.0,149.93893
Peguera Torà Plaça,2025-09-02 13:00:00,166.0,111.88221
Peguera Torà Plaça,2025-09-02 14:00:00,152.0,114.30545
Peguera Torà Plaça,2025-09-02 15:00:00,150.0,118.33885
Peguera Torà Plaça,2025-09-02 16:00:00,138.0,134.76773
Peguera Torà Plaça,2025-09-02 17:00:00,128.0,129.0848
Peguera Torà Plaça,2025-09-02 18:00:00,159.0,133.55487
Peguera Torà Plaça,2025-09-02 19:00:00,137.0,125.9049
Peguera Torà Plaça,2025-09-02 20:00:00,152.0,111.62202
Peguera Torà Plaça,2025-09-03 08:00:00,160.0,105.57658
Peguera Torà Plaça,2025-09-03 09:00:00,45.0,53.9498
Peguera Torà Plaça,2025-09-03 10:00:00,44.0,49.213703
Peguera Torà Plaça,2025-09-03 11:00:00,134.0,94.47286
Peguera Torà Plaça,2025-09-03 12:00:00,200.0,141.64758
Peguera Torà Plaça,2025-09-03 13:00:00,161.0,134.38522
Peguera Torà Plaça,2025-09-03 14:00:00,160.0,134.58401
Peguera Torà Plaça,2025-09-03 15:00:00,140.0,139.8473
Peguera Torà Plaça,2025-09-03 16:00:00,141.0,136.57077
Peguera Torà Plaça,2025-09-03 17:00:00,114.0,134.65001
Peguera Torà Plaça,2025-09-03 18:00:00,135.0,132.62009
Peguera Torà Plaça,2025-09-03 19:00:00,107.0,124.52462
Peguera Torà Plaça,2025-09-03 20:00:00,135.0,106.5373
Peguera Torà Plaça,2025-09-04 08:00:00,168.0,106.84342
Peguera Torà Plaça,2025-09-04 09:00:00,30.0,55.01507
Peguera Torà Plaça,2025-09-04 10:00:00,36.0,49.826096
Peguera Torà Plaça,2025-09-04 11:00:00,114.0,100.89681
Peguera Torà Plaça,2025-09-04 12:00:00,135.0,87.38262
Peguera Torà Plaça,2025-09-04 13:00:00,157.0,115.21157
Peguera Torà Plaça,2025-09-04 14:00:00,140.0,159.10359
Peguera Torà Plaça,2025-09-04 15:00:00,116.0,133.81927
Peguera Torà Plaça,2025-09-04 16:00:00,130.0,134.70128
Peguera Torà Plaça,2025-09-04 17:00:00,117.0,117.43565
Peguera Torà Plaça,2025-09-04 18:00:00,139.0,123.3519
Peguera Torà Plaça,2025-09-04 19:00:00,111.0,128.19356
Peguera Torà Plaça,2025-09-04 20:00:00,103.0,97.144646
Peguera Torà Plaça,2025-09-05 08:00:00,153.0,87.17404
Peguera Torà Plaça,2025-09-05 09:00:00,27.0,44.941013
Peguera Torà Plaça,2025-09-05 10:00:00,36.0,43.67384
Peguera Torà Plaça,2025-09-05 11:00:00,117.0,97.77955
Peguera Torà Plaça,2025-09-05 12:00:00,109.0,133.56136
Peguera Torà Plaça,2025-09-05 13:00:00,156.0,144.85783
Peguera Torà Plaça,2025-09-05 14:00:00,109.0,135.1772
Peguera Torà Plaça,2025-09-05 15:00:00,136.0,126.42492
Peguera Torà Plaça,2025-09-05 16:00:00,119.0,132.33905
Peguera Torà Plaça,2025-09-05 17:00:00,113.0,132.5521
Peguera Torà Plaça,2025-09-05 18:00:00,121.0,131.00235
Peguera Torà Plaça,2025-09-05 19:00:00,111.0,126.5461
Peguera Torà Plaça,2025-09-05 20:00:00,107.0,96.11614
Peguera Torà Plaça,2025-09-06 08:00:00,161.0,92.51528
Peguera Torà Plaça,2025-09-06 09:00:00,48.0,57.60067
Peguera Torà Plaça,2025-09-06 10:00:00,31.0,42.6407
Peguera Torà Plaça,2025-09-06 11:00:00,123.0,92.1113
Peguera Torà Plaça,2025-09-06 12:00:00,122.0,94.003075
Peguera Torà Plaça,2025-09-06 13:00:00,151.0,91.29054
Peguera Torà Plaça,2025-09-06 14:00:00,123.0,96.487236
Peguera Torà Plaça,2025-09-06 15:00:00,123.0,89.56444
Peguera Torà Plaça,2025-09-06 16:00:00,124.0,101.24929
Peguera Torà Plaça,2025-09-06 17:00:00,76.0,89.329865
Peguera Torà Plaça,2025-09-06 18:00:00,128.0,110.16968
Peguera Torà Plaça,2025-09-06 19:00:00,123.0,120.30727
Peguera Torà Plaça,2025-09-06 20:00:00,101.0,77.4264
Peguera Torà Plaça,2025-09-07 08:00:00,167.0,65.637596
Peguera Torà Plaça,2025-09-07 09:00:00,19.0,53.615147
Peguera Torà Plaça,2025-09-07 10:00:00,19.0,51.2439
Peguera Torà Plaça,2025-09-07 11:00:00,177.0,95.31127
Peguera Torà Plaça,2025-09-07 12:00:00,169.0,136.66867
Peguera Torà Plaça,2025-09-07 13:00:00,146.0,137.31621
Peguera Torà Plaça,2025-09-07 14:00:00,146.0,142.21701
Peguera Torà Plaça,2025-09-07 15:00:00,113.0,138.46352
Peguera Torà Plaça,2025-09-07 16:00:00,114.0,150.5997
Peguera Torà Plaça,2025-09-07 17:00:00,117.0,138.06142
Peguera Torà Plaça,2025-09-07 18:00:00,129.0,120.57486
Peguera Torà Plaça,2025-09-07 19:00:00,149.0,129.95917
Peguera Torà Plaça,2025-09-07 20:00:00,137.0,91.2834
Peguera Torà Plaça,2025-09-08 08:00:00,177.0,83.87169
Peguera Torà Plaça,2025-09-08 09:00:00,34.0,48.583565
Peguera Torà Plaça,2025-09-08 10:00:00,20.0,44.12386
Peguera Torà Plaça,2025-09-08 11:00:00,147.0,101.03237
Peguera Torà Plaça,2025-09-08 12:00:00,158.0,154.02307
Peguera Torà Plaça,2025-09-08 13:00:00,159.0,150.4771
Peguera Torà Plaça,2025-09-08 14:00:00,155.0,132.81749
Peguera Torà Plaça,2025-09-08 15:00:00,136.0,125.59663
Peguera Torà Plaça,2025-09-08 16:00:00,174.0,129.23383
Peguera Torà Plaça,2025-09-08 17:00:00,163.0,127.54957
Peguera Torà Plaça,2025-09-08 18:00:00,162.0,128.02043
Peguera Torà Plaça,2025-09-08 19:00:00,163.0,139.6242
Peguera Torà Plaça,2025-09-08 20:00:00,157.0,103.18175
Peguera Torà Plaça,2025-09-09 08:00:00,197.0,78.501595
Peguera Torà Plaça,2025-09-09 09:00:00,44.0,48.93729
Peguera Torà Plaça,2025-09-09 10:00:00,30.0,43.58573
Peguera Torà Plaça,2025-09-09 11:00:00,155.0,93.11669
Peguera Torà Plaça,2025-09-09 12:00:00,165.0,138.20378
Peguera Torà Plaça,2025-09-09 13:00:00,140.0,136.59743
Peguera Torà Plaça,2025-09-09 14:00:00,96.0,125.26825
Peguera Torà Plaça,2025-09-09 15:00:00,118.0,130.44292
Peguera Torà Plaça,2025-09-09 16:00:00,138.0,131.29901
Peguera Torà Plaça,2025-09-09 17:00:00,151.0,131.0377
Peguera Torà Plaça,2025-09-09 18:00:00,125.0,115.64628
Peguera Torà Plaça,2025-09-09 19:00:00,144.0,128.61394
Peguera Torà Plaça,2025-09-09 20:00:00,141.0,74.130135
Peguera Torà Plaça,2025-09-10 08:00:00,152.0,67.20929
Peguera Torà Plaça,2025-09-10 09:00:00,37.0,36.99288
Peguera Torà Plaça,2025-09-10 10:00:00,20.0,39.098557
Peguera Torà Plaça,2025-09-10 11:00:00,172.0,95.6894
Peguera Torà Plaça,2025-09-10 12:00:00,155.0,137.98836
Peguera Torà Plaça,2025-09-10 13:00:00,167.0,138.55487
Peguera Torà Plaça,2025-09-10 14:00:00,166.0,146.13501
Peguera Torà Plaça,2025-09-10 15:00:00,133.0,132.32834
Peguera Torà Plaça,2025-09-10 16:00:00,131.0,138.07552
Peguera Torà Plaça,2025-09-10 17:00:00,121.0,140.43668
Peguera Torà Plaça,2025-09-10 18:00:00,138.0,122.53957
Peguera Torà Plaça,2025-09-10 19:00:00,105.0,124.02512
Peguera Torà Plaça,2025-09-10 20:00:00,123.0,88.75565
Peguera Torà Plaça,2025-09-11 08:00:00,61.0,70.70747
Peguera Torà Plaça,2025-09-11 09:00:00,39.0,54.446964
Peguera Torà Plaça,2025-09-11 10:00:00,24.0,47.97995
Peguera Torà Plaça,2025-09-11 11:00:00,130.0,102.661674
Peguera Torà Plaça,2025-09-11 12:00:00,209.0,145.68602
Peguera Torà Plaça,2025-09-11 13:00:00,136.0,163.97865
Peguera Torà Plaça,2025-09-11 14:00:00,136.0,163.86359
Peguera Torà Plaça,2025-09-11 15:00:00,129.0,164.09282
Peguera Torà Plaça,2025-09-11 16:00:00,131.0,164.86221
Peguera Torà Plaça,2025-09-11 17:00:00,129.0,170.75266
Peguera Torà Plaça,2025-09-11 18:00:00,157.0,153.44421
Peguera Torà Plaça,2025-09-11 19:00:00,136.0,136.96541
Peguera Torà Plaça,2025-09-11 20:00:00,137.0,95.45978
Peguera Torà Plaça,2025-09-12 08:00:00,169.0,70.472046
Peguera Torà Plaça,2025-09-12 09:00:00,46.0,44.174397
Peguera Torà Plaça,2025-09-12 10:00:00,27.0,39.086704
Peguera Torà Plaça,2025-09-12 11:00:00,161.0,91.01736
Peguera Torà Plaça,2025-09-12 12:00:00,158.0,118.07113
Peguera Torà Plaça,2025-09-12 13:00:00,156.0,145.58649
Peguera Torà Plaça,2025-09-12 14:00:00,149.0,146.462
Peguera Torà Plaça,2025-09-12 15:00:00,134.0,155.88538
Peguera Torà Plaça,2025-09-12 16:00:00,154.0,149.272
Peguera Torà Plaça,2025-09-12 17:00:00,135.0,142.74341
Peguera Torà Plaça,2025-09-12 18:00:00,135.0,138.70789
Peguera Torà Plaça,2025-09-12 19:00:00,115.0,131.19238
Peguera Torà Plaça,2025-09-12 20:00:00,115.0,93.58569
Peguera Torà Plaça,2025-09-13 08:00:00,168.0,71.671364
Peguera Torà Plaça,2025-09-13 09:00:00,54.0,49.302734
Peguera Torà Plaça,2025-09-13 10:00:00,28.0,51.75235
Peguera Torà Plaça,2025-09-13 11:00:00,184.0,95.645226
Peguera Torà Plaça,2025-09-13 12:00:00,167.0,133.95296
Peguera Torà Plaça,2025-09-13 13:00:00,155.0,151.20187
Peguera Torà Plaça,2025-09-13 14:00:00,150.0,145.78253
Peguera Torà Plaça,2025-09-13 15:00:00,117.0,138.04988
Peguera Torà Plaça,2025-09-13 16:00:00,130.0,148.967
Peguera Torà Plaça,2025-09-13 17:00:00,129.0,140.21628
Peguera Torà Plaça,2025-09-13 18:00:00,136.0,131.93396
Peguera Torà Plaça,2025-09-13 19:00:00,123.0,100.76626
Peguera Torà Plaça,2025-09-13 20:00:00,132.0,92.63743
Peguera Torà Plaça,2025-09-14 08:00:00,109.0,60.055874
Peguera Torà Plaça,2025-09-14 09:00:00,41.0,42.49824
Peguera Torà Plaça,2025-09-14 10:00:00,33.0,32.79442
Peguera Torà Plaça,2025-09-14 11:00:00,162.0,93.045204
Peguera Torà Plaça,2025-09-14 12:00:00,149.0,133.3731
Peguera Torà Plaça,2025-09-14 13:00:00,138.0,137.27684
Peguera Torà Plaça,2025-09-14 14:00:00,133.0,138.22058
Peguera Torà Plaça,2025-09-14 15:00:00,118.0,127.237526
Peguera Torà Plaça,2025-09-14 16:00:00,121.0,138.64629
Peguera Torà Plaça,2025-09-14 17:00:00,101.0,137.25635
Peguera Torà Plaça,2025-09-14 18:00:00,100.0,132.06743
Peguera Torà Plaça,2025-09-14 19:00:00,108.0,126.8708
Peguera Torà Plaça,2025-09-14 20:00:00,126.0,95.00929
Peguera Torà Plaça,2025-09-15 08:00:00,52.0,63.802986
Peguera Torà Plaça,2025-09-15 09:00:00,22.0,51.868324
Peguera Torà Plaça,2025-09-15 10:00:00,18.0,51.221268
Peguera Torà Plaça,2025-09-15 11:00:00,158.0,91.941925
Peguera Torà Plaça,2025-09-15 12:00:00,159.0,134.10266
Peguera Torà Plaça,2025-09-15 13:00:00,145.0,151.04642
Peguera Torà Plaça,2025-09-15 14:00:00,139.0,143.50798
Peguera Torà Plaça,2025-09-15 15:00:00,128.0,144.94643
Peguera Torà Plaça,2025-09-15 16:00:00,124.0,146.42885
Peguera Torà Plaça,2025-09-15 17:00:00,122.0,131.99545
Peguera Torà Plaça,2025-09-15 18:00:00,126.0,117.936676
Peguera Torà Plaça,2025-09-15 19:00:00,125.0,127.86938
Peguera Torà Plaça,2025-09-15 20:00:00,116.0,99.18229
Peguera Torà Plaça,2025-09-16 08:00:00,127.0,60.087654
Peguera Torà Plaça,2025-09-16 09:00:00,235.0,45.83254
Peguera Torà Plaça,2025-09-16 10:00:00,227.0,46.61143
Peguera Torà Plaça,2025-09-16 11:00:00,167.0,90.77621
Peguera Torà Plaça,2025-09-16 12:00:00,186.0,129.07254
Peguera Torà Plaça,2025-09-16 13:00:00,157.0,132.96434
Peguera Torà Plaça,2025-09-16 14:00:00,114.0,131.51389
Peguera Torà Plaça,2025-09-16 15:00:00,119.0,131.4262
Peguera Torà Plaça,2025-09-16 16:00:00,114.0,140.84843
Peguera Torà Plaça,2025-09-16 17:00:00,132.0,141.94156
Peguera Torà Plaça,2025-09-16 18:00:00,131.0,131.51712
Peguera Torà Plaça,2025-09-16 19:00:00,135.0,109.14166
Peguera Torà Plaça,2025-09-16 20:00:00,89.0,96.74502
Peguera Torà Plaça,2025-09-17 08:00:00,18.0,59.463863
Peguera Torà Plaça,2025-09-17 09:00:00,18.0,48.304096
Peguera Torà Plaça,2025-09-17 10:00:00,14.0,48.334198
Peguera Torà Plaça,2025-09-17 11:00:00,152.0,88.322876
Peguera Torà Plaça,2025-09-17 12:00:00,174.0,134.052
Peguera Torà Plaça,2025-09-17 13:00:00,153.0,143.31653
Peguera Torà Plaça,2025-09-17 14:00:00,140.0,127.20676
Peguera Torà Plaça,2025-09-17 15:00:00,119.0,125.10555
Peguera Torà Plaça,2025-09-17 16:00:00,118.0,130.96683
Peguera Torà Plaça,2025-09-17 17:00:00,100.0,122.31945
Peguera Torà Plaça,2025-09-17 18:00:00,108.0,113.85505
Peguera Torà Plaça,2025-09-17 19:00:00,109.0,98.677864
Peguera Torà Plaça,2025-09-17 20:00:00,115.0,83.19941
Peguera Torà Plaça,2025-09-18 08:00:00,42.0,49.22155
Peguera Torà Plaça,2025-09-18 09:00:00,28.0,39.38931
Peguera Torà Plaça,2025-09-18 10:00:00,21.0,38.003777
Peguera Torà Plaça,2025-09-18 11:00:00,110.0,100.00438
Peguera Torà Plaça,2025-09-18 12:00:00,130.0,139.18555
Peguera Torà Plaça,2025-09-18 13:00:00,139.0,144.84744
Peguera Torà Plaça,2025-09-18 14:00:00,91.0,140.90701
Peguera Torà Plaça,2025-09-18 15:00:00,112.0,144.15132
Peguera Torà Plaça,2025-09-18 16:00:00,108.0,149.06157
Peguera Torà Plaça,2025-09-18 17:00:00,115.0,148.0113
Peguera Torà Plaça,2025-09-18 18:00:00,113.0,120.454475
Peguera Torà Plaça,2025-09-18 19:00:00,105.0,121.056564
Peguera Torà Plaça,2025-09-18 20:00:00,89.0,129.93465
Peguera Torà Plaça,2025-09-19 08:00:00,13.0,42.786373
Peguera Torà Plaça,2025-09-19 09:00:00,15.0,29.725224
Peguera Torà Plaça,2025-09-19 10:00:00,19.0,31.824316
Peguera Torà Plaça,2025-09-19 11:00:00,101.0,81.42388
Peguera Torà Plaça,2025-09-19 12:00:00,141.0,79.4365
Peguera Torà Plaça,2025-09-19 13:00:00,93.0,103.1741
Peguera Torà Plaça,2025-09-19 14:00:00,125.0,122.34448
Peguera Torà Plaça,2025-09-19 15:00:00,108.0,149.48819
Peguera Torà Plaça,2025-09-19 16:00:00,168.0,139.7318
Peguera Torà Plaça,2025-09-19 17:00:00,151.0,145.3246
Peguera Torà Plaça,2025-09-19 18:00:00,116.0,111.04161
Peguera Torà Plaça,2025-09-19 19:00:00,96.0,78.74214
Peguera Torà Plaça,2025-09-19 20:00:00,113.0,76.56096
Peguera Torà Plaça,2025-09-20 08:00:00,40.0,44.87174
Peguera Torà Plaça,2025-09-20 09:00:00,43.0,36.57671
Peguera Torà Plaça,2025-09-20 10:00:00,41.0,28.961796
Peguera Torà Plaça,2025-09-20 11:00:00,80.0,77.57417
Peguera Torà Plaça,2025-09-20 12:00:00,142.0,88.567
Peguera Torà Plaça,2025-09-20 13:00:00,102.0,81.32865
Peguera Torà Plaça,2025-09-20 14:00:00,98.0,117.41969
Peguera Torà Plaça,2025-09-20 15:00:00,128.0,92.99919
Peguera Torà Plaça,2025-09-20 16:00:00,90.0,124.2245
Peguera Torà Plaça,2025-09-20 17:00:00,86.0,116.144875
Peguera Torà Plaça,2025-09-20 18:00:00,127.0,115.93781
Peguera Torà Plaça,2025-09-20 19:00:00,130.0,83.567276
Peguera Torà Plaça,2025-09-20 20:00:00,119.0,69.745224
Peguera Torà Plaça,2025-09-21 08:00:00,36.0,49.89109
Peguera Torà Plaça,2025-09-21 09:00:00,35.0,36.4444
Peguera Torà Plaça,2025-09-21 10:00:00,31.0,32.721523
Peguera Torà Plaça,2025-09-21 11:00:00,137.0,99.48854
Peguera Torà Plaça,2025-09-21 12:00:00,172.0,126.117195
Peguera Torà Plaça,2025-09-21 13:00:00,165.0,134.47714
Peguera Torà Plaça,2025-09-21 14:00:00,151.0,132.63419
Peguera Torà Plaça,2025-09-21 15:00:00,137.0,133.83354
Peguera Torà Plaça,2025-09-21 16:00:00,115.0,136.84392
Peguera Torà Plaça,2025-09-21 17:00:00,135.0,132.21011
Peguera Torà Plaça,2025-09-21 18:00:00,147.0,109.18519
Peguera Torà Plaça,2025-09-21 19:00:00,124.0,67.57663
Peguera Torà Plaça,2025-09-21 20:00:00,114.0,63.17789
Peguera Torà Plaça,2025-09-22 08:00:00,26.0,46.604614
Peguera Torà Plaça,2025-09-22 09:00:00,23.0,28.397696
Peguera Torà Plaça,2025-09-22 10:00:00,23.0,18.00677
Peguera Torà Plaça,2025-09-22 11:00:00,138.0,74.86459
Peguera Torà Plaça,2025-09-22 12:00:00,165.0,123.836205
Peguera Torà Plaça,2025-09-22 13:00:00,162.0,122.37162
Peguera Torà Plaça,2025-09-22 14:00:00,109.0,133.35207
Peguera Torà Plaça,2025-09-22 15:00:00,119.0,133.35132
Peguera Torà Plaça,2025-09-22 16:00:00,160.0,128.47298
Peguera Torà Plaça,2025-09-22 17:00:00,146.0,123.06349
Peguera Torà Plaça,2025-09-22 18:00:00,146.0,100.05168
Peguera Torà Plaça,2025-09-22 19:00:00,160.0,72.25682
Peguera Torà Plaça,2025-09-22 20:00:00,108.0,70.00125
Peguera Torà Plaça,2025-09-23 08:00:00,28.0,48.46858
Peguera Torà Plaça,2025-09-23 09:00:00,24.0,27.379766
Peguera Torà Plaça,2025-09-23 10:00:00,19.0,20.916763
Peguera Torà Plaça,2025-09-23 11:00:00,128.0,75.12061
Peguera Torà Plaça,2025-09-23 12:00:00,148.0,120.89336
Peguera Torà Plaça,2025-09-23 13:00:00,120.0,120.09122
Peguera Torà Plaça,2025-09-23 14:00:00,114.0,119.414314
Peguera Torà Plaça,2025-09-23 15:00:00,117.0,116.732185
Peguera Torà Plaça,2025-09-23 16:00:00,107.0,123.15326
Peguera Torà Plaça,2025-09-23 17:00:00,131.0,123.65128
Peguera Torà Plaça,2025-09-23 18:00:00,133.0,115.60134
Peguera Torà Plaça,2025-09-23 19:00:00,120.0,74.442184
Peguera Torà Plaça,2025-09-23 20:00:00,99.0,68.042564
Peguera Torà Plaça,2025-09-24 08:00:00,25.0,47.185795
Peguera Torà Plaça,2025-09-24 09:00:00,28.0,27.521048
Peguera Torà Plaça,2025-09-24 10:00:00,22.0,17.77731
Peguera Torà Plaça,2025-09-24 11:00:00,135.0,87.69373
Peguera Torà Plaça,2025-09-24 12:00:00,83.0,120.13949
Peguera Torà Plaça,2025-09-24 13:00:00,113.0,134.01985
Peguera Torà Plaça,2025-09-24 14:00:00,129.0,120.54556
Peguera Torà Plaça,2025-09-24 15:00:00,113.0,130.93762
Peguera Torà Plaça,2025-09-24 16:00:00,103.0,137.3958
Peguera Torà Plaça,2025-09-24 17:00:00,107.0,128.32707
Peguera Torà Plaça,2025-09-24 18:00:00,94.0,108.44513
Peguera Torà Plaça,2025-09-24 19:00:00,74.0,76.96924
Peguera Torà Plaça,2025-09-24 20:00:00,83.0,74.71185
Peguera Torà Plaça,2025-09-25 08:00:00,22.0,50.434277
Peguera Torà Plaça,2025-09-25 09:00:00,19.0,39.886112
Peguera Torà Plaça,2025-09-25 10:00:00,18.0,32.57295
Peguera Torà Plaça,2025-09-25 11:00:00,96.0,87.03814
Peguera Torà Plaça,2025-09-25 12:00:00,101.0,79.92929
Peguera Torà Plaça,2025-09-25 13:00:00,118.0,90.6833
Peguera Torà Plaça,2025-09-25 14:00:00,111.0,136.76863
Peguera Torà Plaça,2025-09-25 15:00:00,120.0,152.44763
Peguera Torà Plaça,2025-09-25 16:00:00,121.0,159.14896
Peguera Torà Plaça,2025-09-25 17:00:00,136.0,151.03183
Peguera Torà Plaça,2025-09-25 18:00:00,116.0,110.77995
Peguera Torà Plaça,2025-09-25 19:00:00,107.0,86.07934
Peguera Torà Plaça,2025-09-25 20:00:00,103.0,78.18564
Peguera Torà Plaça,2025-09-26 08:00:00,27.0,54.15441
Peguera Torà Plaça,2025-09-26 09:00:00,28.0,40.549675
Peguera Torà Plaça,2025-09-26 10:00:00,22.0,36.14891
Peguera Torà Plaça,2025-09-26 11:00:00,115.0,78.353806
Peguera Torà Plaça,2025-09-26 12:00:00,107.0,97.1117
Peguera Torà Plaça,2025-09-26 13:00:00,162.0,116.07973
Peguera Torà Plaça,2025-09-26 14:00:00,141.0,109.674995
Peguera Torà Plaça,2025-09-26 15:00:00,129.0,127.69274
Peguera Torà Plaça,2025-09-26 16:00:00,110.0,132.56784
Peguera Torà Plaça,2025-09-26 17:00:00,77.0,112.585785
Peguera Torà Plaça,2025-09-26 18:00:00,80.0,98.79075
Peguera Torà Plaça,2025-09-26 19:00:00,69.0,67.88067
Peguera Torà Plaça,2025-09-26 20:00:00,108.0,68.16683
Peguera Torà Plaça,2025-09-27 08:00:00,24.0,41.673573
Peguera Torà Plaça,2025-09-27 09:00:00,24.0,35.317204
Peguera Torà Plaça,2025-09-27 10:00:00,22.0,29.773857
Peguera Torà Plaça,2025-09-27 11:00:00,68.0,66.22726
Peguera Torà Plaça,2025-09-27 12:00:00,69.0,87.90583
Peguera Torà Plaça,2025-09-27 13:00:00,93.0,82.21802
Peguera Torà Plaça,2025-09-27 14:00:00,103.0,80.67005
Peguera Torà Plaça,2025-09-27 15:00:00,92.0,87.626976
Peguera Torà Plaça,2025-09-27 16:00:00,98.0,112.27975
Peguera Torà Plaça,2025-09-27 17:00:00,106.0,99.54166
Peguera Torà Plaça,2025-09-27 18:00:00,109.0,90.41335
Peguera Torà Plaça,2025-09-27 19:00:00,95.0,69.6378
Peguera Torà Plaça,2025-09-27 20:00:00,75.0,67.57887
Peguera Torà Plaça,2025-09-28 08:00:00,22.0,39.713215
Peguera Torà Plaça,2025-09-28 09:00:00,26.0,27.139307
Peguera Torà Plaça,2025-09-28 10:00:00,33.0,22.631632
Peguera Torà Plaça,2025-09-28 11:00:00,154.0,80.96407
Peguera Torà Plaça,2025-09-28 12:00:00,152.0,121.66001
Peguera Torà Plaça,2025-09-28 13:00:00,113.0,141.4205
Peguera Torà Plaça,2025-09-28 14:00:00,100.0,121.39192
Peguera Torà Plaça,2025-09-28 15:00:00,118.0,122.33179
Peguera Torà Plaça,2025-09-28 16:00:00,120.0,126.139465
Peguera Torà Plaça,2025-09-28 17:00:00,105.0,115.32579
Peguera Torà Plaça,2025-09-28 18:00:00,129.0,96.86083
Peguera Torà Plaça,2025-09-28 19:00:00,107.0,65.69786
Peguera Torà Plaça,2025-09-28 20:00:00,85.0,65.0243
Peguera Torà Plaça,2025-09-29 08:00:00,30.0,35.52591
Peguera Torà Plaça,2025-09-29 09:00:00,27.0,26.216152
Peguera Torà Plaça,2025-09-29 10:00:00,27.0,21.599277
Peguera Torà Plaça,2025-09-29 11:00:00,130.0,79.66672
Peguera Torà Plaça,2025-09-29 12:00:00,149.0,129.39774
Peguera Torà Plaça,2025-09-29 13:00:00,146.0,131.21118
Peguera Torà Plaça,2025-09-29 14:00:00,114.0,120.941505
Peguera Torà Plaça,2025-09-29 15:00:00,107.0,122.82149
Peguera Torà Plaça,2025-09-29 16:00:00,106.0,127.57313
Peguera Torà Plaça,2025-09-29 17:00:00,113.0,114.97867
Peguera Torà Plaça,2025-09-29 18:00:00,98.0,96.05688
Peguera Torà Plaça,2025-09-29 19:00:00,104.0,67.84007
Peguera Torà Plaça,2025-09-29 20:00:00,87.0,63.79349
Platja Palmira,2025-09-01 08:00:00,40.0,70.880264
Platja Palmira,2025-09-01 09:00:00,11.0,47.24601
Platja Palmira,2025-09-01 10:00:00,11.0,37.241127
Platja Palmira,2025-09-01 11:00:00,125.0,92.972496
Platja Palmira,2025-09-01 12:00:00,259.0,156.85173
Platja Palmira,2025-09-01 13:00:00,208.0,154.59003
Platja Palmira,2025-09-01 14:00:00,158.0,131.11606
Platja Palmira,2025-09-01 15:00:00,178.0,145.05455
Platja Palmira,2025-09-01 16:00:00,189.0,147.14154
Platja Palmira,2025-09-01 17:00:00,149.0,140.26057
Platja Palmira,2025-09-01 18:00:00,121.0,131.8628
Platja Palmira,2025-09-01 19:00:00,81.0,84.91272
Platja Palmira,2025-09-01 20:00:00,57.0,78.036285
Platja Palmira,2025-09-02 08:00:00,29.0,67.41628
Platja Palmira,2025-09-02 09:00:00,12.0,40.365017
Platja Palmira,2025-09-02 10:00:00,10.0,37.9808
Platja Palmira,2025-09-02 11:00:00,76.0,93.73103
Platja Palmira,2025-09-02 12:00:00,227.0,144.40161
Platja Palmira,2025-09-02 13:00:00,185.0,127.34869
Platja Palmira,2025-09-02 14:00:00,148.0,129.11578
Platja Palmira,2025-09-02 15:00:00,151.0,129.51996
Platja Palmira,2025-09-02 16:00:00,123.0,133.88564
Platja Palmira,2025-09-02 17:00:00,134.0,121.28605
Platja Palmira,2025-09-02 18:00:00,90.0,102.4325
Platja Palmira,2025-09-02 19:00:00,53.0,95.8744
Platja Palmira,2025-09-02 20:00:00,30.0,66.00157
Platja Palmira,2025-09-03 08:00:00,68.0,63.87922
Platja Palmira,2025-09-03 09:00:00,13.0,35.834816
Platja Palmira,2025-09-03 10:00:00,12.0,19.350203
Platja Palmira,2025-09-03 11:00:00,90.0,90.880264
Platja Palmira,2025-09-03 12:00:00,174.0,142.67805
Platja Palmira,2025-09-03 13:00:00,185.0,152.57124
Platja Palmira,2025-09-03 14:00:00,149.0,145.1891
Platja Palmira,2025-09-03 15:00:00,151.0,144.26637
Platja Palmira,2025-09-03 16:00:00,171.0,148.94127
Platja Palmira,2025-09-03 17:00:00,159.0,122.78151
Platja Palmira,2025-09-03 18:00:00,132.0,115.154816
Platja Palmira,2025-09-03 19:00:00,57.0,81.17336
Platja Palmira,2025-09-03 20:00:00,30.0,74.15502
Platja Palmira,2025-09-04 08:00:00,127.0,65.94491
Platja Palmira,2025-09-04 09:00:00,16.0,49.62145
Platja Palmira,2025-09-04 10:00:00,17.0,17.460995
Platja Palmira,2025-09-04 11:00:00,102.0,110.78712
Platja Palmira,2025-09-04 12:00:00,154.0,90.07026
Platja Palmira,2025-09-04 13:00:00,192.0,141.0021
Platja Palmira,2025-09-04 14:00:00,136.0,162.9416
Platja Palmira,2025-09-04 15:00:00,121.0,145.43745
Platja Palmira,2025-09-04 16:00:00,149.0,141.85487
Platja Palmira,2025-09-04 17:00:00,145.0,117.01113
Platja Palmira,2025-09-04 18:00:00,94.0,108.49486
Platja Palmira,2025-09-04 19:00:00,62.0,90.408356
Platja Palmira,2025-09-04 20:00:00,44.0,81.71208
Platja Palmira,2025-09-05 08:00:00,46.0,80.95485
Platja Palmira,2025-09-05 09:00:00,12.0,47.24258
Platja Palmira,2025-09-05 10:00:00,10.0,24.591967
Platja Palmira,2025-09-05 11:00:00,65.0,95.72505
Platja Palmira,2025-09-05 12:00:00,124.0,132.26991
Platja Palmira,2025-09-05 13:00:00,191.0,147.17972
Platja Palmira,2025-09-05 14:00:00,170.0,125.11481
Platja Palmira,2025-09-05 15:00:00,143.0,138.54764
Platja Palmira,2025-09-05 16:00:00,147.0,123.222725
Platja Palmira,2025-09-05 17:00:00,176.0,118.6242
Platja Palmira,2025-09-05 18:00:00,144.0,97.788376
Platja Palmira,2025-09-05 19:00:00,61.0,105.20392
Platja Palmira,2025-09-05 20:00:00,42.0,76.209785
Platja Palmira,2025-09-06 08:00:00,70.0,71.34475
Platja Palmira,2025-09-06 09:00:00,12.0,39.93716
Platja Palmira,2025-09-06 10:00:00,18.0,29.664337
Platja Palmira,2025-09-06 11:00:00,36.0,77.599106
Platja Palmira,2025-09-06 12:00:00,15.0,92.641396
Platja Palmira,2025-09-06 13:00:00,25.0,77.23352
Platja Palmira,2025-09-06 14:00:00,14.0,84.63103
Platja Palmira,2025-09-06 15:00:00,13.0,94.97644
Platja Palmira,2025-09-06 16:00:00,9.0,86.95244
Platja Palmira,2025-09-06 17:00:00,13.0,78.820435
Platja Palmira,2025-09-06 18:00:00,16.0,67.26599
Platja Palmira,2025-09-06 19:00:00,21.0,103.85261
Platja Palmira,2025-09-06 20:00:00,20.0,64.32112
Platja Palmira,2025-09-07 08:00:00,96.0,47.749924
Platja Palmira,2025-09-07 09:00:00,12.0,39.66283
Platja Palmira,2025-09-07 10:00:00,13.0,33.729115
Platja Palmira,2025-09-07 11:00:00,88.0,89.30107
Platja Palmira,2025-09-07 12:00:00,140.0,134.77623
Platja Palmira,2025-09-07 13:00:00,175.0,128.197
Platja Palmira,2025-09-07 14:00:00,168.0,139.62968
Platja Palmira,2025-09-07 15:00:00,106.0,134.89452
Platja Palmira,2025-09-07 16:00:00,125.0,123.15859
Platja Palmira,2025-09-07 17:00:00,145.0,121.79105
Platja Palmira,2025-09-07 18:00:00,99.0,100.61257
Platja Palmira,2025-09-07 19:00:00,61.0,90.57918
Platja Palmira,2025-09-07 20:00:00,38.0,64.52168
Platja Palmira,2025-09-08 08:00:00,56.0,60.778004
Platja Palmira,2025-09-08 09:00:00,12.0,27.502542
Platja Palmira,2025-09-08 10:00:00,11.0,26.263231
Platja Palmira,2025-09-08 11:00:00,102.0,99.043465
Platja Palmira,2025-09-08 12:00:00,160.0,158.07173
Platja Palmira,2025-09-08 13:00:00,179.0,144.8823
Platja Palmira,2025-09-08 14:00:00,145.0,142.11221
Platja Palmira,2025-09-08 15:00:00,165.0,143.30322
Platja Palmira,2025-09-08 16:00:00,162.0,134.8212
Platja Palmira,2025-09-08 17:00:00,166.0,114.62831
Platja Palmira,2025-09-08 18:00:00,136.0,110.9939
Platja Palmira,2025-09-08 19:00:00,81.0,103.20315
Platja Palmira,2025-09-08 20:00:00,54.0,67.94122
Platja Palmira,2025-09-09 08:00:00,51.0,65.17993
Platja Palmira,2025-09-09 09:00:00,13.0,32.339794
Platja Palmira,2025-09-09 10:00:00,10.0,23.453257
Platja Palmira,2025-09-09 11:00:00,74.0,60.571556
Platja Palmira,2025-09-09 12:00:00,171.0,129.92622
Platja Palmira,2025-09-09 13:00:00,118.0,111.32092
Platja Palmira,2025-09-09 14:00:00,132.0,73.7126
Platja Palmira,2025-09-09 15:00:00,159.0,73.54432
Platja Palmira,2025-09-09 16:00:00,177.0,80.52457
Platja Palmira,2025-09-09 17:00:00,132.0,83.06566
Platja Palmira,2025-09-09 18:00:00,124.0,79.09144
Platja Palmira,2025-09-09 19:00:00,73.0,90.747505
Platja Palmira,2025-09-09 20:00:00,54.0,51.708942
Platja Palmira,2025-09-10 08:00:00,71.0,41.757584
Platja Palmira,2025-09-10 09:00:00,11.0,20.373297
Platja Palmira,2025-09-10 10:00:00,12.0,20.433205
Platja Palmira,2025-09-10 11:00:00,93.0,65.555885
Platja Palmira,2025-09-10 12:00:00,151.0,129.18527
Platja Palmira,2025-09-10 13:00:00,171.0,123.505875
Platja Palmira,2025-09-10 14:00:00,151.0,104.74287
Platja Palmira,2025-09-10 15:00:00,126.0,102.94506
Platja Palmira,2025-09-10 16:00:00,116.0,103.49015
Platja Palmira,2025-09-10 17:00:00,147.0,99.744804
Platja Palmira,2025-09-10 18:00:00,106.0,77.877
Platja Palmira,2025-09-10 19:00:00,44.0,68.09221
Platja Palmira,2025-09-10 20:00:00,38.0,52.535686
Platja Palmira,2025-09-11 08:00:00,26.0,38.507416
Platja Palmira,2025-09-11 09:00:00,15.0,20.701393
Platja Palmira,2025-09-11 10:00:00,10.0,17.955486
Platja Palmira,2025-09-11 11:00:00,77.0,81.83989
Platja Palmira,2025-09-11 12:00:00,177.0,153.88643
Platja Palmira,2025-09-11 13:00:00,173.0,132.89548
Platja Palmira,2025-09-11 14:00:00,166.0,106.62875
Platja Palmira,2025-09-11 15:00:00,166.0,104.94366
Platja Palmira,2025-09-11 16:00:00,173.0,112.41585
Platja Palmira,2025-09-11 17:00:00,200.0,102.644615
Platja Palmira,2025-09-11 18:00:00,174.0,100.20823
Platja Palmira,2025-09-11 19:00:00,74.0,85.08722
Platja Palmira,2025-09-11 20:00:00,34.0,55.373646
Platja Palmira,2025-09-12 08:00:00,57.0,39.950447
Platja Palmira,2025-09-12 09:00:00,11.0,23.082808
Platja Palmira,2025-09-12 10:00:00,9.0,19.160725
Platja Palmira,2025-09-12 11:00:00,98.0,85.35628
Platja Palmira,2025-09-12 12:00:00,157.0,135.10875
Platja Palmira,2025-09-12 13:00:00,185.0,140.78639
Platja Palmira,2025-09-12 14:00:00,165.0,134.62523
Platja Palmira,2025-09-12 15:00:00,138.0,127.15738
Platja Palmira,2025-09-12 16:00:00,197.0,123.277176
Platja Palmira,2025-09-12 17:00:00,149.0,117.22217
Platja Palmira,2025-09-12 18:00:00,128.0,102.427216
Platja Palmira,2025-09-12 19:00:00,66.0,92.39435
Platja Palmira,2025-09-12 20:00:00,46.0,65.59111
Platja Palmira,2025-09-13 08:00:00,35.0,52.093616
Platja Palmira,2025-09-13 09:00:00,16.0,35.01655
Platja Palmira,2025-09-13 10:00:00,13.0,28.23864
Platja Palmira,2025-09-13 11:00:00,106.0,88.95899
Platja Palmira,2025-09-13 12:00:00,165.0,134.82292
Platja Palmira,2025-09-13 13:00:00,192.0,132.3455
Platja Palmira,2025-09-13 14:00:00,167.0,116.60952
Platja Palmira,2025-09-13 15:00:00,174.0,130.2253
Platja Palmira,2025-09-13 16:00:00,138.0,118.94224
Platja Palmira,2025-09-13 17:00:00,142.0,108.605965
Platja Palmira,2025-09-13 18:00:00,92.0,93.77537
Platja Palmira,2025-09-13 19:00:00,75.0,75.843254
Platja Palmira,2025-09-13 20:00:00,42.0,71.14833
Platja Palmira,2025-09-14 08:00:00,13.0,46.336594
Platja Palmira,2025-09-14 09:00:00,11.0,30.457722
Platja Palmira,2025-09-14 10:00:00,9.0,19.747793
Platja Palmira,2025-09-14 11:00:00,104.0,84.08377
Platja Palmira,2025-09-14 12:00:00,158.0,136.39433
Platja Palmira,2025-09-14 13:00:00,142.0,143.3427
Platja Palmira,2025-09-14 14:00:00,133.0,131.57718
Platja Palmira,2025-09-14 15:00:00,122.0,131.91061
Platja Palmira,2025-09-14 16:00:00,161.0,134.63753
Platja Palmira,2025-09-14 17:00:00,159.0,117.79759
Platja Palmira,2025-09-14 18:00:00,117.0,95.5474
Platja Palmira,2025-09-14 19:00:00,71.0,90.18111
Platja Palmira,2025-09-14 20:00:00,30.0,67.19865
Platja Palmira,2025-09-15 08:00:00,9.0,50.61112
Platja Palmira,2025-09-15 09:00:00,12.0,40.200485
Platja Palmira,2025-09-15 10:00:00,10.0,35.692142
Platja Palmira,2025-09-15 11:00:00,117.0,88.36521
Platja Palmira,2025-09-15 12:00:00,157.0,137.05347
Platja Palmira,2025-09-15 13:00:00,167.0,144.8208
Platja Palmira,2025-09-15 14:00:00,170.0,141.86679
Platja Palmira,2025-09-15 15:00:00,171.0,133.78459
Platja Palmira,2025-09-15 16:00:00,191.0,123.988884
Platja Palmira,2025-09-15 17:00:00,139.0,119.64289
Platja Palmira,2025-09-15 18:00:00,129.0,99.52661
Platja Palmira,2025-09-15 19:00:00,65.0,74.712975
Platja Palmira,2025-09-15 20:00:00,34.0,69.48551
Platja Palmira,2025-09-16 08:00:00,10.0,49.254845
Platja Palmira,2025-09-16 09:00:00,13.0,40.463154
Platja Palmira,2025-09-16 10:00:00,11.0,28.060593
Platja Palmira,2025-09-16 11:00:00,123.0,88.00165
Platja Palmira,2025-09-16 12:00:00,174.0,127.59288
Platja Palmira,2025-09-16 13:00:00,166.0,148.96576
Platja Palmira,2025-09-16 14:00:00,133.0,139.87642
Platja Palmira,2025-09-16 15:00:00,129.0,132.40538
Platja Palmira,2025-09-16 16:00:00,132.0,125.346085
Platja Palmira,2025-09-16 17:00:00,146.0,124.9662
Platja Palmira,2025-09-16 18:00:00,145.0,102.69007
Platja Palmira,2025-09-16 19:00:00,85.0,73.08687
Platja Palmira,2025-09-16 20:00:00,35.0,70.88729
Platja Palmira,2025-09-17 08:00:00,10.0,40.314465
Platja Palmira,2025-09-17 09:00:00,11.0,36.211777
Platja Palmira,2025-09-17 10:00:00,9.0,27.835558
Platja Palmira,2025-09-17 11:00:00,107.0,87.15017
Platja Palmira,2025-09-17 12:00:00,170.0,137.21039
Platja Palmira,2025-09-17 13:00:00,198.0,144.16557
Platja Palmira,2025-09-17 14:00:00,172.0,141.5409
Platja Palmira,2025-09-17 15:00:00,158.0,137.23154
Platja Palmira,2025-09-17 16:00:00,161.0,132.22551
Platja Palmira,2025-09-17 17:00:00,126.0,114.64225
Platja Palmira,2025-09-17 18:00:00,84.0,84.186
Platja Palmira,2025-09-17 19:00:00,39.0,71.369095
Platja Palmira,2025-09-17 20:00:00,20.0,66.69675
Platja Palmira,2025-09-18 08:00:00,11.0,43.330265
Platja Palmira,2025-09-18 09:00:00,10.0,31.882448
Platja Palmira,2025-09-18 10:00:00,10.0,29.961174
Platja Palmira,2025-09-18 11:00:00,93.0,87.77888
Platja Palmira,2025-09-18 12:00:00,157.0,137.97069
Platja Palmira,2025-09-18 13:00:00,154.0,157.86641
Platja Palmira,2025-09-18 14:00:00,133.0,155.43233
Platja Palmira,2025-09-18 15:00:00,125.0,148.39418
Platja Palmira,2025-09-18 16:00:00,131.0,147.32205
Platja Palmira,2025-09-18 17:00:00,144.0,151.714
Platja Palmira,2025-09-18 18:00:00,86.0,84.662834
Platja Palmira,2025-09-18 19:00:00,39.0,70.74207
Platja Palmira,2025-09-18 20:00:00,30.0,64.05505
Platja Palmira,2025-09-19 08:00:00,9.0,35.518635
Platja Palmira,2025-09-19 09:00:00,15.0,7.452788
Platja Palmira,2025-09-19 10:00:00,11.0,5.508272
Platja Palmira,2025-09-19 11:00:00,66.0,73.51737
Platja Palmira,2025-09-19 12:00:00,109.0,88.972435
Platja Palmira,2025-09-19 13:00:00,111.0,102.67806
Platja Palmira,2025-09-19 14:00:00,134.0,113.34135
Platja Palmira,2025-09-19 15:00:00,130.0,131.45984
Platja Palmira,2025-09-19 16:00:00,107.0,127.38266
Platja Palmira,2025-09-19 17:00:00,156.0,121.79943
Platja Palmira,2025-09-19 18:00:00,105.0,89.45306
Platja Palmira,2025-09-19 19:00:00,28.0,66.59419
Platja Palmira,2025-09-19 20:00:00,32.0,62.250164
Platja Palmira,2025-09-20 08:00:00,12.0,38.075645
Platja Palmira,2025-09-20 09:00:00,10.0,27.144732
Platja Palmira,2025-09-20 10:00:00,9.0,19.454817
Platja Palmira,2025-09-20 11:00:00,17.0,66.78699
Platja Palmira,2025-09-20 12:00:00,41.0,84.36451
Platja Palmira,2025-09-20 13:00:00,55.0,74.090485
Platja Palmira,2025-09-20 14:00:00,75.0,122.44874
Platja Palmira,2025-09-20 15:00:00,91.0,93.06987
Platja Palmira,2025-09-20 16:00:00,144.0,112.66748
Platja Palmira,2025-09-20 17:00:00,122.0,96.251236
Platja Palmira,2025-09-20 18:00:00,58.0,85.36882
Platja Palmira,2025-09-20 19:00:00,55.0,64.4643
Platja Palmira,2025-09-20 20:00:00,32.0,50.29957
Platja Palmira,2025-09-21 08:00:00,11.0,38.630882
Platja Palmira,2025-09-21 09:00:00,11.0,26.965584
Platja Palmira,2025-09-21 10:00:00,9.0,15.922357
Platja Palmira,2025-09-21 11:00:00,73.0,76.37772
Platja Palmira,2025-09-21 12:00:00,134.0,114.28317
Platja Palmira,2025-09-21 13:00:00,146.0,114.68374
Platja Palmira,2025-09-21 14:00:00,109.0,119.479256
Platja Palmira,2025-09-21 15:00:00,137.0,126.73871
Platja Palmira,2025-09-21 16:00:00,149.0,121.259895
Platja Palmira,2025-09-21 17:00:00,140.0,115.94456
Platja Palmira,2025-09-21 18:00:00,91.0,93.2719
Platja Palmira,2025-09-21 19:00:00,36.0,68.22286
Platja Palmira,2025-09-21 20:00:00,20.0,63.440163
Platja Palmira,2025-09-22 08:00:00,10.0,38.161766
Platja Palmira,2025-09-22 09:00:00,9.0,24.72991
Platja Palmira,2025-09-22 10:00:00,9.0,21.810417
Platja Palmira,2025-09-22 11:00:00,57.0,68.86488
Platja Palmira,2025-09-22 12:00:00,170.0,126.98724
Platja Palmira,2025-09-22 13:00:00,137.0,115.20425
Platja Palmira,2025-09-22 14:00:00,172.0,100.543045
Platja Palmira,2025-09-22 15:00:00,154.0,125.80736
Platja Palmira,2025-09-22 16:00:00,151.0,124.91346
Platja Palmira,2025-09-22 17:00:00,162.0,110.77039
Platja Palmira,2025-09-22 18:00:00,87.0,86.53713
Platja Palmira,2025-09-22 19:00:00,53.0,67.58147
Platja Palmira,2025-09-22 20:00:00,24.0,56.924484
Platja Palmira,2025-09-23 08:00:00,15.0,30.387896
Platja Palmira,2025-09-23 09:00:00,14.0,17.895575
Platja Palmira,2025-09-23 10:00:00,9.0,20.392937
Platja Palmira,2025-09-23 11:00:00,69.0,58.84571
Platja Palmira,2025-09-23 12:00:00,168.0,119.82231
Platja Palmira,2025-09-23 13:00:00,144.0,105.05235
Platja Palmira,2025-09-23 14:00:00,139.0,107.280594
Platja Palmira,2025-09-23 15:00:00,126.0,101.28735
Platja Palmira,2025-09-23 16:00:00,144.0,104.74721
Platja Palmira,2025-09-23 17:00:00,136.0,98.76869
Platja Palmira,2025-09-23 18:00:00,92.0,95.41671
Platja Palmira,2025-09-23 19:00:00,56.0,65.82744
Platja Palmira,2025-09-23 20:00:00,23.0,49.67703
Platja Palmira,2025-09-24 08:00:00,10.0,30.169632
Platja Palmira,2025-09-24 09:00:00,15.0,22.210993
Platja Palmira,2025-09-24 10:00:00,12.0,21.846016
Platja Palmira,2025-09-24 11:00:00,70.0,67.29331
Platja Palmira,2025-09-24 12:00:00,85.0,105.53612
Platja Palmira,2025-09-24 13:00:00,74.0,110.7457
Platja Palmira,2025-09-24 14:00:00,114.0,98.99308
Platja Palmira,2025-09-24 15:00:00,110.0,96.229836
Platja Palmira,2025-09-24 16:00:00,83.0,105.43113
Platja Palmira,2025-09-24 17:00:00,120.0,87.85554
Platja Palmira,2025-09-24 18:00:00,81.0,82.860504
Platja Palmira,2025-09-24 19:00:00,34.0,62.658733
Platja Palmira,2025-09-24 20:00:00,26.0,52.00549
Platja Palmira,2025-09-25 08:00:00,12.0,26.372461
Platja Palmira,2025-09-25 09:00:00,10.0,21.690386
Platja Palmira,2025-09-25 10:00:00,12.0,18.976938
Platja Palmira,2025-09-25 11:00:00,39.0,67.78388
Platja Palmira,2025-09-25 12:00:00,53.0,71.55916
Platja Palmira,2025-09-25 13:00:00,100.0,87.56485
Platja Palmira,2025-09-25 14:00:00,102.0,108.6636
Platja Palmira,2025-09-25 15:00:00,128.0,114.82418
Platja Palmira,2025-09-25 16:00:00,145.0,116.6489
Platja Palmira,2025-09-25 17:00:00,139.0,102.380066
Platja Palmira,2025-09-25 18:00:00,89.0,89.06367
Platja Palmira,2025-09-25 19:00:00,42.0,68.31266
Platja Palmira,2025-09-25 20:00:00,15.0,52.52231
Platja Palmira,2025-09-26 08:00:00,15.0,28.00152
Platja Palmira,2025-09-26 09:00:00,11.0,26.89043
Platja Palmira,2025-09-26 10:00:00,10.0,18.86783
Platja Palmira,2025-09-26 11:00:00,59.0,63.32826
Platja Palmira,2025-09-26 12:00:00,83.0,97.39552
Platja Palmira,2025-09-26 13:00:00,156.0,106.56117
Platja Palmira,2025-09-26 14:00:00,103.0,93.59024
Platja Palmira,2025-09-26 15:00:00,126.0,106.29983
Platja Palmira,2025-09-26 16:00:00,134.0,108.30272
Platja Palmira,2025-09-26 17:00:00,97.0,95.650475
Platja Palmira,2025-09-26 18:00:00,58.0,77.10288
Platja Palmira,2025-09-26 19:00:00,26.0,60.154743
Platja Palmira,2025-09-26 20:00:00,17.0,60.857864
Platja Palmira,2025-09-27 08:00:00,16.0,29.696781
Platja Palmira,2025-09-27 09:00:00,12.0,20.57252
Platja Palmira,2025-09-27 10:00:00,13.0,16.646933
Platja Palmira,2025-09-27 11:00:00,12.0,54.715553
Platja Palmira,2025-09-27 12:00:00,19.0,77.36516
Platja Palmira,2025-09-27 13:00:00,21.0,79.63119
Platja Palmira,2025-09-27 14:00:00,24.0,72.76085
Platja Palmira,2025-09-27 15:00:00,48.0,83.26433
Platja Palmira,2025-09-27 16:00:00,35.0,92.9046
Platja Palmira,2025-09-27 17:00:00,58.0,79.609825
Platja Palmira,2025-09-27 18:00:00,25.0,65.89607
Platja Palmira,2025-09-27 19:00:00,51.0,60.7134
Platja Palmira,2025-09-27 20:00:00,22.0,49.468353
Platja Palmira,2025-09-28 08:00:00,8.0,23.776567
Platja Palmira,2025-09-28 09:00:00,9.0,20.153276
Platja Palmira,2025-09-28 10:00:00,9.0,20.200588
Platja Palmira,2025-09-28 11:00:00,48.0,62.503643
Platja Palmira,2025-09-28 12:00:00,108.0,103.55447
Platja Palmira,2025-09-28 13:00:00,105.0,127.107086
Platja Palmira,2025-09-28 14:00:00,104.0,109.46834
Platja Palmira,2025-09-28 15:00:00,84.0,104.89418
Platja Palmira,2025-09-28 16:00:00,103.0,113.51757
Platja Palmira,2025-09-28 17:00:00,117.0,104.22645
Platja Palmira,2025-09-28 18:00:00,94.0,77.9467
Platja Palmira,2025-09-28 19:00:00,61.0,59.523598
Platja Palmira,2025-09-28 20:00:00,16.0,50.417027
Platja Palmira,2025-09-29 08:00:00,11.0,19.808311
Platja Palmira,2025-09-29 09:00:00,7.0,22.719095
Platja Palmira,2025-09-29 10:00:00,8.0,21.089628
Platja Palmira,2025-09-29 11:00:00,67.0,65.369415
Platja Palmira,2025-09-29 12:00:00,120.0,114.133316
Platja Palmira,2025-09-29 13:00:00,94.0,115.70224
Platja Palmira,2025-09-29 14:00:00,98.0,113.02504
Platja Palmira,2025-09-29 15:00:00,70.0,115.105286
Platja Palmira,2025-09-29 16:00:00,124.0,111.97689
Platja Palmira,2025-09-29 17:00:00,118.0,96.06201
Platja Palmira,2025-09-29 18:00:00,51.0,74.96422
Platja Palmira,2025-09-29 19:00:00,53.0,58.43316
Platja Palmira,2025-09-29 20:00:00,13.0,48.413967
Platja Palmira 2,2025-09-01 08:00:00,101.0,72.93525
Platja Palmira 2,2025-09-01 09:00:00,53.0,36.127388
Platja Palmira 2,2025-09-01 10:00:00,44.0,32.67118
Platja Palmira 2,2025-09-01 11:00:00,87.0,96.99614
Platja Palmira 2,2025-09-01 12:00:00,120.0,139.97488
Platja Palmira 2,2025-09-01 13:00:00,108.0,133.8573
Platja Palmira 2,2025-09-01 14:00:00,113.0,116.35402
Platja Palmira 2,2025-09-01 15:00:00,105.0,113.78936
Platja Palmira 2,2025-09-01 16:00:00,92.0,121.15918
Platja Palmira 2,2025-09-01 17:00:00,140.0,120.39
Platja Palmira 2,2025-09-01 18:00:00,140.0,118.60443
Platja Palmira 2,2025-09-01 19:00:00,111.0,106.77304
Platja Palmira 2,2025-09-01 20:00:00,72.0,83.25879
Platja Palmira 2,2025-09-02 08:00:00,110.0,77.74029
Platja Palmira 2,2025-09-02 09:00:00,58.0,30.46953
Platja Palmira 2,2025-09-02 10:00:00,53.0,27.933893
Platja Palmira 2,2025-09-02 11:00:00,76.0,91.14527
Platja Palmira 2,2025-09-02 12:00:00,114.0,143.49127
Platja Palmira 2,2025-09-02 13:00:00,134.0,117.44761
Platja Palmira 2,2025-09-02 14:00:00,127.0,107.62884
Platja Palmira 2,2025-09-02 15:00:00,107.0,107.16696
Platja Palmira 2,2025-09-02 16:00:00,115.0,118.69104
Platja Palmira 2,2025-09-02 17:00:00,128.0,109.9014
Platja Palmira 2,2025-09-02 18:00:00,111.0,104.250206
Platja Palmira 2,2025-09-02 19:00:00,90.0,105.53689
Platja Palmira 2,2025-09-02 20:00:00,79.0,82.54564
Platja Palmira 2,2025-09-03 08:00:00,130.0,74.725105
Platja Palmira 2,2025-09-03 09:00:00,38.0,28.422272
Platja Palmira 2,2025-09-03 10:00:00,42.0,26.970472
Platja Palmira 2,2025-09-03 11:00:00,95.0,93.00287
Platja Palmira 2,2025-09-03 12:00:00,125.0,143.7043
Platja Palmira 2,2025-09-03 13:00:00,128.0,136.65594
Platja Palmira 2,2025-09-03 14:00:00,130.0,105.28274
Platja Palmira 2,2025-09-03 15:00:00,119.0,123.597824
Platja Palmira 2,2025-09-03 16:00:00,120.0,126.40592
Platja Palmira 2,2025-09-03 17:00:00,132.0,120.01672
Platja Palmira 2,2025-09-03 18:00:00,116.0,113.94233
Platja Palmira 2,2025-09-03 19:00:00,101.0,95.24231
Platja Palmira 2,2025-09-03 20:00:00,70.0,84.36773
Platja Palmira 2,2025-09-04 08:00:00,116.0,77.26686
Platja Palmira 2,2025-09-04 09:00:00,57.0,31.535706
Platja Palmira 2,2025-09-04 10:00:00,34.0,26.061249
Platja Palmira 2,2025-09-04 11:00:00,82.0,74.07778
Platja Palmira 2,2025-09-04 12:00:00,127.0,73.478294
Platja Palmira 2,2025-09-04 13:00:00,142.0,118.148186
Platja Palmira 2,2025-09-04 14:00:00,113.0,132.47144
Platja Palmira 2,2025-09-04 15:00:00,130.0,145.542
Platja Palmira 2,2025-09-04 16:00:00,125.0,138.77333
Platja Palmira 2,2025-09-04 17:00:00,129.0,106.755554
Platja Palmira 2,2025-09-04 18:00:00,137.0,106.979965
Platja Palmira 2,2025-09-04 19:00:00,78.0,91.74132
Platja Palmira 2,2025-09-04 20:00:00,81.0,87.75483
Platja Palmira 2,2025-09-05 08:00:00,117.0,83.52258
Platja Palmira 2,2025-09-05 09:00:00,42.0,39.410297
Platja Palmira 2,2025-09-05 10:00:00,52.0,35.46602
Platja Palmira 2,2025-09-05 11:00:00,72.0,93.39165
Platja Palmira 2,2025-09-05 12:00:00,133.0,127.498886
Platja Palmira 2,2025-09-05 13:00:00,136.0,120.698814
Platja Palmira 2,2025-09-05 14:00:00,128.0,110.86404
Platja Palmira 2,2025-09-05 15:00:00,114.0,115.2615
Platja Palmira 2,2025-09-05 16:00:00,121.0,106.68408
Platja Palmira 2,2025-09-05 17:00:00,137.0,104.223045
Platja Palmira 2,2025-09-05 18:00:00,163.0,103.42319
Platja Palmira 2,2025-09-05 19:00:00,95.0,110.08826
Platja Palmira 2,2025-09-05 20:00:00,96.0,74.57441
Platja Palmira 2,2025-09-06 08:00:00,105.0,73.85523
Platja Palmira 2,2025-09-06 09:00:00,30.0,34.44261
Platja Palmira 2,2025-09-06 10:00:00,33.0,37.494125
Platja Palmira 2,2025-09-06 11:00:00,72.0,67.219795
Platja Palmira 2,2025-09-06 12:00:00,46.0,81.94539
Platja Palmira 2,2025-09-06 13:00:00,46.0,61.779263
Platja Palmira 2,2025-09-06 14:00:00,19.0,69.03874
Platja Palmira 2,2025-09-06 15:00:00,22.0,80.02186
Platja Palmira 2,2025-09-06 16:00:00,22.0,67.19557
Platja Palmira 2,2025-09-06 17:00:00,23.0,80.377396
Platja Palmira 2,2025-09-06 18:00:00,35.0,76.48049
Platja Palmira 2,2025-09-06 19:00:00,42.0,96.15548
Platja Palmira 2,2025-09-06 20:00:00,35.0,75.70424
Platja Palmira 2,2025-09-07 08:00:00,64.0,49.94156
Platja Palmira 2,2025-09-07 09:00:00,25.0,38.106316
Platja Palmira 2,2025-09-07 10:00:00,19.0,34.074524
Platja Palmira 2,2025-09-07 11:00:00,87.0,87.44276
Platja Palmira 2,2025-09-07 12:00:00,120.0,123.10528
Platja Palmira 2,2025-09-07 13:00:00,139.0,127.903625
Platja Palmira 2,2025-09-07 14:00:00,124.0,121.419945
Platja Palmira 2,2025-09-07 15:00:00,113.0,120.3071
Platja Palmira 2,2025-09-07 16:00:00,122.0,129.89555
Platja Palmira 2,2025-09-07 17:00:00,107.0,120.841095
Platja Palmira 2,2025-09-07 18:00:00,145.0,109.03736
Platja Palmira 2,2025-09-07 19:00:00,76.0,109.66314
Platja Palmira 2,2025-09-07 20:00:00,67.0,77.232086
Platja Palmira 2,2025-09-08 08:00:00,78.0,75.73074
Platja Palmira 2,2025-09-08 09:00:00,54.0,34.492165
Platja Palmira 2,2025-09-08 10:00:00,39.0,34.833477
Platja Palmira 2,2025-09-08 11:00:00,110.0,99.790695
Platja Palmira 2,2025-09-08 12:00:00,151.0,145.64458
Platja Palmira 2,2025-09-08 13:00:00,151.0,128.48952
Platja Palmira 2,2025-09-08 14:00:00,119.0,122.80834
Platja Palmira 2,2025-09-08 15:00:00,108.0,132.98174
Platja Palmira 2,2025-09-08 16:00:00,114.0,135.82803
Platja Palmira 2,2025-09-08 17:00:00,135.0,118.872826
Platja Palmira 2,2025-09-08 18:00:00,131.0,121.71992
Platja Palmira 2,2025-09-08 19:00:00,103.0,107.65905
Platja Palmira 2,2025-09-08 20:00:00,59.0,74.93447
Platja Palmira 2,2025-09-09 08:00:00,100.0,68.783134
Platja Palmira 2,2025-09-09 09:00:00,51.0,34.250286
Platja Palmira 2,2025-09-09 10:00:00,39.0,31.72043
Platja Palmira 2,2025-09-09 11:00:00,97.0,68.29475
Platja Palmira 2,2025-09-09 12:00:00,116.0,122.61461
Platja Palmira 2,2025-09-09 13:00:00,130.0,105.48736
Platja Palmira 2,2025-09-09 14:00:00,109.0,80.00833
Platja Palmira 2,2025-09-09 15:00:00,100.0,96.39015
Platja Palmira 2,2025-09-09 16:00:00,99.0,90.19189
Platja Palmira 2,2025-09-09 17:00:00,131.0,89.64001
Platja Palmira 2,2025-09-09 18:00:00,131.0,88.616714
Platja Palmira 2,2025-09-09 19:00:00,105.0,87.41429
Platja Palmira 2,2025-09-09 20:00:00,60.0,54.430428
Platja Palmira 2,2025-09-10 08:00:00,89.0,49.16665
Platja Palmira 2,2025-09-10 09:00:00,46.0,23.286572
Platja Palmira 2,2025-09-10 10:00:00,36.0,23.651295
Platja Palmira 2,2025-09-10 11:00:00,78.0,73.4788
Platja Palmira 2,2025-09-10 12:00:00,119.0,130.48792
Platja Palmira 2,2025-09-10 13:00:00,102.0,125.246544
Platja Palmira 2,2025-09-10 14:00:00,90.0,107.459015
Platja Palmira 2,2025-09-10 15:00:00,97.0,104.85337
Platja Palmira 2,2025-09-10 16:00:00,118.0,107.750435
Platja Palmira 2,2025-09-10 17:00:00,128.0,103.96771
Platja Palmira 2,2025-09-10 18:00:00,123.0,95.859764
Platja Palmira 2,2025-09-10 19:00:00,60.0,76.27238
Platja Palmira 2,2025-09-10 20:00:00,70.0,67.49067
Platja Palmira 2,2025-09-11 08:00:00,89.0,50.69048
Platja Palmira 2,2025-09-11 09:00:00,61.0,23.60216
Platja Palmira 2,2025-09-11 10:00:00,34.0,19.960657
Platja Palmira 2,2025-09-11 11:00:00,86.0,88.23227
Platja Palmira 2,2025-09-11 12:00:00,117.0,151.86844
Platja Palmira 2,2025-09-11 13:00:00,130.0,132.59093
Platja Palmira 2,2025-09-11 14:00:00,117.0,102.30956
Platja Palmira 2,2025-09-11 15:00:00,104.0,115.49293
Platja Palmira 2,2025-09-11 16:00:00,104.0,109.941086
Platja Palmira 2,2025-09-11 17:00:00,132.0,109.49427
Platja Palmira 2,2025-09-11 18:00:00,150.0,111.68031
Platja Palmira 2,2025-09-11 19:00:00,84.0,94.59067
Platja Palmira 2,2025-09-11 20:00:00,73.0,68.3694
Platja Palmira 2,2025-09-12 08:00:00,52.0,54.34146
Platja Palmira 2,2025-09-12 09:00:00,33.0,22.877876
Platja Palmira 2,2025-09-12 10:00:00,30.0,23.687845
Platja Palmira 2,2025-09-12 11:00:00,97.0,81.89773
Platja Palmira 2,2025-09-12 12:00:00,128.0,126.456406
Platja Palmira 2,2025-09-12 13:00:00,126.0,127.91119
Platja Palmira 2,2025-09-12 14:00:00,134.0,110.468414
Platja Palmira 2,2025-09-12 15:00:00,93.0,122.22685
Platja Palmira 2,2025-09-12 16:00:00,105.0,124.68505
Platja Palmira 2,2025-09-12 17:00:00,153.0,118.719376
Platja Palmira 2,2025-09-12 18:00:00,127.0,102.7288
Platja Palmira 2,2025-09-12 19:00:00,86.0,98.67853
Platja Palmira 2,2025-09-12 20:00:00,58.0,79.756584
Platja Palmira 2,2025-09-13 08:00:00,77.0,60.63318
Platja Palmira 2,2025-09-13 09:00:00,52.0,34.35983
Platja Palmira 2,2025-09-13 10:00:00,42.0,32.83374
Platja Palmira 2,2025-09-13 11:00:00,94.0,83.08953
Platja Palmira 2,2025-09-13 12:00:00,135.0,130.49194
Platja Palmira 2,2025-09-13 13:00:00,143.0,127.48125
Platja Palmira 2,2025-09-13 14:00:00,109.0,112.88123
Platja Palmira 2,2025-09-13 15:00:00,94.0,115.2932
Platja Palmira 2,2025-09-13 16:00:00,122.0,118.090675
Platja Palmira 2,2025-09-13 17:00:00,132.0,107.658295
Platja Palmira 2,2025-09-13 18:00:00,111.0,105.185616
Platja Palmira 2,2025-09-13 19:00:00,97.0,95.56581
Platja Palmira 2,2025-09-13 20:00:00,70.0,85.882645
Platja Palmira 2,2025-09-14 08:00:00,55.0,51.336155
Platja Palmira 2,2025-09-14 09:00:00,45.0,31.169628
Platja Palmira 2,2025-09-14 10:00:00,19.0,28.63607
Platja Palmira 2,2025-09-14 11:00:00,107.0,79.90318
Platja Palmira 2,2025-09-14 12:00:00,105.0,130.23132
Platja Palmira 2,2025-09-14 13:00:00,109.0,123.16108
Platja Palmira 2,2025-09-14 14:00:00,98.0,111.2284
Platja Palmira 2,2025-09-14 15:00:00,87.0,114.93724
Platja Palmira 2,2025-09-14 16:00:00,100.0,123.545074
Platja Palmira 2,2025-09-14 17:00:00,141.0,112.73092
Platja Palmira 2,2025-09-14 18:00:00,122.0,103.40217
Platja Palmira 2,2025-09-14 19:00:00,77.0,83.18109
Platja Palmira 2,2025-09-14 20:00:00,57.0,69.70076
Platja Palmira 2,2025-09-15 08:00:00,64.0,50.225853
Platja Palmira 2,2025-09-15 09:00:00,47.0,30.624493
Platja Palmira 2,2025-09-15 10:00:00,21.0,28.651627
Platja Palmira 2,2025-09-15 11:00:00,80.0,78.87222
Platja Palmira 2,2025-09-15 12:00:00,127.0,140.74443
Platja Palmira 2,2025-09-15 13:00:00,106.0,129.26483
Platja Palmira 2,2025-09-15 14:00:00,102.0,110.32649
Platja Palmira 2,2025-09-15 15:00:00,121.0,123.44317
Platja Palmira 2,2025-09-15 16:00:00,114.0,114.49413
Platja Palmira 2,2025-09-15 17:00:00,138.0,113.38808
Platja Palmira 2,2025-09-15 18:00:00,124.0,100.840515
Platja Palmira 2,2025-09-15 19:00:00,90.0,95.65392
Platja Palmira 2,2025-09-15 20:00:00,66.0,82.044464
Platja Palmira 2,2025-09-16 08:00:00,67.0,47.49502
Platja Palmira 2,2025-09-16 09:00:00,49.0,32.758347
Platja Palmira 2,2025-09-16 10:00:00,47.0,32.302372
Platja Palmira 2,2025-09-16 11:00:00,92.0,85.54901
Platja Palmira 2,2025-09-16 12:00:00,124.0,123.33654
Platja Palmira 2,2025-09-16 13:00:00,122.0,124.66002
Platja Palmira 2,2025-09-16 14:00:00,97.0,117.49981
Platja Palmira 2,2025-09-16 15:00:00,99.0,117.25821
Platja Palmira 2,2025-09-16 16:00:00,86.0,115.84396
Platja Palmira 2,2025-09-16 17:00:00,134.0,118.30275
Platja Palmira 2,2025-09-16 18:00:00,129.0,104.14934
Platja Palmira 2,2025-09-16 19:00:00,82.0,86.633316
Platja Palmira 2,2025-09-16 20:00:00,57.0,80.501305
Platja Palmira 2,2025-09-17 08:00:00,53.0,41.70598
Platja Palmira 2,2025-09-17 09:00:00,53.0,30.118279
Platja Palmira 2,2025-09-17 10:00:00,32.0,28.08848
Platja Palmira 2,2025-09-17 11:00:00,100.0,79.09958
Platja Palmira 2,2025-09-17 12:00:00,101.0,133.5652
Platja Palmira 2,2025-09-17 13:00:00,147.0,138.7756
Platja Palmira 2,2025-09-17 14:00:00,117.0,122.665924
Platja Palmira 2,2025-09-17 15:00:00,106.0,129.59549
Platja Palmira 2,2025-09-17 16:00:00,108.0,130.12772
Platja Palmira 2,2025-09-17 17:00:00,113.0,119.781105
Platja Palmira 2,2025-09-17 18:00:00,107.0,95.273705
Platja Palmira 2,2025-09-17 19:00:00,52.0,86.01238
Platja Palmira 2,2025-09-17 20:00:00,63.0,78.98878
Platja Palmira 2,2025-09-18 08:00:00,57.0,47.665115
Platja Palmira 2,2025-09-18 09:00:00,65.0,25.418657
Platja Palmira 2,2025-09-18 10:00:00,31.0,29.520065
Platja Palmira 2,2025-09-18 11:00:00,98.0,87.25347
Platja Palmira 2,2025-09-18 12:00:00,116.0,135.05052
Platja Palmira 2,2025-09-18 13:00:00,122.0,148.38588
Platja Palmira 2,2025-09-18 14:00:00,121.0,127.45354
Platja Palmira 2,2025-09-18 15:00:00,105.0,142.2471
Platja Palmira 2,2025-09-18 16:00:00,114.0,144.10732
Platja Palmira 2,2025-09-18 17:00:00,139.0,139.97263
Platja Palmira 2,2025-09-18 18:00:00,100.0,104.11654
Platja Palmira 2,2025-09-18 19:00:00,61.0,95.74983
Platja Palmira 2,2025-09-18 20:00:00,57.0,80.33425
Platja Palmira 2,2025-09-19 08:00:00,33.0,45.091064
Platja Palmira 2,2025-09-19 09:00:00,27.0,7.6159806
Platja Palmira 2,2025-09-19 10:00:00,16.0,13.54535
Platja Palmira 2,2025-09-19 11:00:00,81.0,64.74815
Platja Palmira 2,2025-09-19 12:00:00,91.0,85.95666
Platja Palmira 2,2025-09-19 13:00:00,106.0,99.77102
Platja Palmira 2,2025-09-19 14:00:00,110.0,100.559715
Platja Palmira 2,2025-09-19 15:00:00,100.0,117.07464
Platja Palmira 2,2025-09-19 16:00:00,114.0,110.41281
Platja Palmira 2,2025-09-19 17:00:00,114.0,113.73872
Platja Palmira 2,2025-09-19 18:00:00,117.0,98.11412
Platja Palmira 2,2025-09-19 19:00:00,73.0,82.703255
Platja Palmira 2,2025-09-19 20:00:00,69.0,74.62548
Platja Palmira 2,2025-09-20 08:00:00,57.0,44.587273
Platja Palmira 2,2025-09-20 09:00:00,49.0,23.969147
Platja Palmira 2,2025-09-20 10:00:00,28.0,20.221977
Platja Palmira 2,2025-09-20 11:00:00,37.0,69.18636
Platja Palmira 2,2025-09-20 12:00:00,56.0,73.432205
Platja Palmira 2,2025-09-20 13:00:00,101.0,63.889267
Platja Palmira 2,2025-09-20 14:00:00,80.0,104.2951
Platja Palmira 2,2025-09-20 15:00:00,90.0,95.080376
Platja Palmira 2,2025-09-20 16:00:00,118.0,102.793434
Platja Palmira 2,2025-09-20 17:00:00,133.0,99.92947
Platja Palmira 2,2025-09-20 18:00:00,81.0,100.8049
Platja Palmira 2,2025-09-20 19:00:00,61.0,80.49069
Platja Palmira 2,2025-09-20 20:00:00,63.0,61.359108
Platja Palmira 2,2025-09-21 08:00:00,35.0,42.816223
Platja Palmira 2,2025-09-21 09:00:00,34.0,22.596134
Platja Palmira 2,2025-09-21 10:00:00,18.0,19.429934
Platja Palmira 2,2025-09-21 11:00:00,99.0,74.74346
Platja Palmira 2,2025-09-21 12:00:00,113.0,116.448746
Platja Palmira 2,2025-09-21 13:00:00,117.0,109.0745
Platja Palmira 2,2025-09-21 14:00:00,121.0,107.06741
Platja Palmira 2,2025-09-21 15:00:00,108.0,125.82953
Platja Palmira 2,2025-09-21 16:00:00,129.0,117.468094
Platja Palmira 2,2025-09-21 17:00:00,148.0,116.45114
Platja Palmira 2,2025-09-21 18:00:00,124.0,103.31385
Platja Palmira 2,2025-09-21 19:00:00,56.0,76.507774
Platja Palmira 2,2025-09-21 20:00:00,57.0,65.4277
Platja Palmira 2,2025-09-22 08:00:00,41.0,43.48536
Platja Palmira 2,2025-09-22 09:00:00,34.0,22.62895
Platja Palmira 2,2025-09-22 10:00:00,18.0,21.947645
Platja Palmira 2,2025-09-22 11:00:00,93.0,71.960884
Platja Palmira 2,2025-09-22 12:00:00,138.0,122.805916
Platja Palmira 2,2025-09-22 13:00:00,132.0,115.680115
Platja Palmira 2,2025-09-22 14:00:00,126.0,100.27947
Platja Palmira 2,2025-09-22 15:00:00,112.0,101.32809
Platja Palmira 2,2025-09-22 16:00:00,133.0,122.040726
Platja Palmira 2,2025-09-22 17:00:00,129.0,113.90667
Platja Palmira 2,2025-09-22 18:00:00,109.0,99.97419
Platja Palmira 2,2025-09-22 19:00:00,59.0,77.74988
Platja Palmira 2,2025-09-22 20:00:00,63.0,67.83161
Platja Palmira 2,2025-09-23 08:00:00,57.0,38.24337
Platja Palmira 2,2025-09-23 09:00:00,26.0,20.66532
Platja Palmira 2,2025-09-23 10:00:00,21.0,19.011654
Platja Palmira 2,2025-09-23 11:00:00,86.0,73.84923
Platja Palmira 2,2025-09-23 12:00:00,157.0,133.79321
Platja Palmira 2,2025-09-23 13:00:00,109.0,112.75276
Platja Palmira 2,2025-09-23 14:00:00,113.0,108.64099
Platja Palmira 2,2025-09-23 15:00:00,111.0,103.99537
Platja Palmira 2,2025-09-23 16:00:00,107.0,108.52396
Platja Palmira 2,2025-09-23 17:00:00,168.0,106.85501
Platja Palmira 2,2025-09-23 18:00:00,117.0,105.575775
Platja Palmira 2,2025-09-23 19:00:00,73.0,73.39353
Platja Palmira 2,2025-09-23 20:00:00,65.0,58.511932
Platja Palmira 2,2025-09-24 08:00:00,55.0,37.060814
Platja Palmira 2,2025-09-24 09:00:00,45.0,23.450745
Platja Palmira 2,2025-09-24 10:00:00,21.0,22.791283
Platja Palmira 2,2025-09-24 11:00:00,90.0,77.13588
Platja Palmira 2,2025-09-24 12:00:00,147.0,117.3156
Platja Palmira 2,2025-09-24 13:00:00,132.0,117.77544
Platja Palmira 2,2025-09-24 14:00:00,115.0,103.10531
Platja Palmira 2,2025-09-24 15:00:00,115.0,99.83278
Platja Palmira 2,2025-09-24 16:00:00,128.0,108.735115
Platja Palmira 2,2025-09-24 17:00:00,139.0,98.651886
Platja Palmira 2,2025-09-24 18:00:00,86.0,94.22676
Platja Palmira 2,2025-09-24 19:00:00,52.0,72.07298
Platja Palmira 2,2025-09-24 20:00:00,59.0,58.792896
Platja Palmira 2,2025-09-25 08:00:00,43.0,36.62475
Platja Palmira 2,2025-09-25 09:00:00,27.0,26.327274
Platja Palmira 2,2025-09-25 10:00:00,24.0,24.091738
Platja Palmira 2,2025-09-25 11:00:00,73.0,64.95218
Platja Palmira 2,2025-09-25 12:00:00,89.0,74.174225
Platja Palmira 2,2025-09-25 13:00:00,118.0,84.557434
Platja Palmira 2,2025-09-25 14:00:00,89.0,110.95088
Platja Palmira 2,2025-09-25 15:00:00,97.0,116.615715
Platja Palmira 2,2025-09-25 16:00:00,106.0,121.644646
Platja Palmira 2,2025-09-25 17:00:00,143.0,114.45573
Platja Palmira 2,2025-09-25 18:00:00,148.0,107.21653
Platja Palmira 2,2025-09-25 19:00:00,61.0,86.313774
Platja Palmira 2,2025-09-25 20:00:00,56.0,67.11817
Platja Palmira 2,2025-09-26 08:00:00,28.0,46.588215
Platja Palmira 2,2025-09-26 09:00:00,20.0,25.80659
Platja Palmira 2,2025-09-26 10:00:00,22.0,19.212704
Platja Palmira 2,2025-09-26 11:00:00,79.0,67.468025
Platja Palmira 2,2025-09-26 12:00:00,133.0,98.92213
Platja Palmira 2,2025-09-26 13:00:00,142.0,106.24757
Platja Palmira 2,2025-09-26 14:00:00,160.0,99.73433
Platja Palmira 2,2025-09-26 15:00:00,120.0,112.66794
Platja Palmira 2,2025-09-26 16:00:00,125.0,112.839775
Platja Palmira 2,2025-09-26 17:00:00,104.0,99.415245
Platja Palmira 2,2025-09-26 18:00:00,73.0,87.91902
Platja Palmira 2,2025-09-26 19:00:00,57.0,70.2857
Platja Palmira 2,2025-09-26 20:00:00,58.0,72.432686
Platja Palmira 2,2025-09-27 08:00:00,50.0,32.97015
Platja Palmira 2,2025-09-27 09:00:00,35.0,21.681622
Platja Palmira 2,2025-09-27 10:00:00,23.0,16.034893
Platja Palmira 2,2025-09-27 11:00:00,35.0,67.30913
Platja Palmira 2,2025-09-27 12:00:00,62.0,87.056274
Platja Palmira 2,2025-09-27 13:00:00,84.0,86.90862
Platja Palmira 2,2025-09-27 14:00:00,84.0,84.772285
Platja Palmira 2,2025-09-27 15:00:00,89.0,92.575645
Platja Palmira 2,2025-09-27 16:00:00,90.0,105.72812
Platja Palmira 2,2025-09-27 17:00:00,82.0,83.83809
Platja Palmira 2,2025-09-27 18:00:00,60.0,80.20493
Platja Palmira 2,2025-09-27 19:00:00,50.0,68.402985
Platja Palmira 2,2025-09-27 20:00:00,51.0,65.56964
Platja Palmira 2,2025-09-28 08:00:00,26.0,36.019115
Platja Palmira 2,2025-09-28 09:00:00,21.0,23.945993
Platja Palmira 2,2025-09-28 10:00:00,19.0,22.059072
Platja Palmira 2,2025-09-28 11:00:00,109.0,74.837265
Platja Palmira 2,2025-09-28 12:00:00,105.0,121.46449
Platja Palmira 2,2025-09-28 13:00:00,113.0,130.59764
Platja Palmira 2,2025-09-28 14:00:00,130.0,112.55325
Platja Palmira 2,2025-09-28 15:00:00,119.0,122.2743
Platja Palmira 2,2025-09-28 16:00:00,145.0,132.86043
Platja Palmira 2,2025-09-28 17:00:00,160.0,116.49818
Platja Palmira 2,2025-09-28 18:00:00,93.0,92.289
Platja Palmira 2,2025-09-28 19:00:00,66.0,70.9001
Platja Palmira 2,2025-09-28 20:00:00,74.0,69.17712
Platja Palmira 2,2025-09-29 08:00:00,56.0,34.523197
Platja Palmira 2,2025-09-29 09:00:00,33.0,25.41659
Platja Palmira 2,2025-09-29 10:00:00,20.0,20.655418
Platja Palmira 2,2025-09-29 11:00:00,78.0,78.010345
Platja Palmira 2,2025-09-29 12:00:00,96.0,126.194244
Platja Palmira 2,2025-09-29 13:00:00,123.0,125.748695
Platja Palmira 2,2025-09-29 14:00:00,114.0,116.32192
Platja Palmira 2,2025-09-29 15:00:00,122.0,124.181564
Platja Palmira 2,2025-09-29 16:00:00,125.0,121.30153
Platja Palmira 2,2025-09-29 17:00:00,130.0,111.01493
Platja Palmira 2,2025-09-29 18:00:00,75.0,91.2099
Platja Palmira 2,2025-09-29 19:00:00,55.0,72.79255
Platja Palmira 2,2025-09-29 20:00:00,57.0,58.930653
Platja de Peguera,2025-09-01 08:00:00,60.0,98.96562
Platja de Peguera,2025-09-01 09:00:00,35.0,44.561
Platja de Peguera,2025-09-01 10:00:00,31.0,28.676365
Platja de Peguera,2025-09-01 11:00:00,187.0,140.60912
Platja de Peguera,2025-09-01 12:00:00,285.0,211.14427
Platja de Peguera,2025-09-01 13:00:00,260.0,244.61171
Platja de Peguera,2025-09-01 14:00:00,273.0,240.82227
Platja de Peguera,2025-09-01 15:00:00,275.0,242.8874
Platja de Peguera,2025-09-01 16:00:00,289.0,245.02867
Platja de Peguera,2025-09-01 17:00:00,252.0,253.04419
Platja de Peguera,2025-09-01 18:00:00,209.0,207.03989
Platja de Peguera,2025-09-01 19:00:00,138.0,157.94893
Platja de Peguera,2025-09-01 20:00:00,74.0,112.13224
Platja de Peguera,2025-09-02 08:00:00,95.0,98.15338
Platja de Peguera,2025-09-02 09:00:00,33.0,28.48075
Platja de Peguera,2025-09-02 10:00:00,30.0,18.828556
Platja de Peguera,2025-09-02 11:00:00,147.0,128.95117
Platja de Peguera,2025-09-02 12:00:00,249.0,185.64459
Platja de Peguera,2025-09-02 13:00:00,277.0,206.39824
Platja de Peguera,2025-09-02 14:00:00,273.0,218.8586
Platja de Peguera,2025-09-02 15:00:00,259.0,219.58208
Platja de Peguera,2025-09-02 16:00:00,254.0,219.8128
Platja de Peguera,2025-09-02 17:00:00,223.0,223.97583
Platja de Peguera,2025-09-02 18:00:00,181.0,176.03598
Platja de Peguera,2025-09-02 19:00:00,117.0,157.97049
Platja de Peguera,2025-09-02 20:00:00,55.0,107.797585
Platja de Peguera,2025-09-03 08:00:00,104.0,94.28365
Platja de Peguera,2025-09-03 09:00:00,28.0,23.825256
Platja de Peguera,2025-09-03 10:00:00,27.0,14.41565
Platja de Peguera,2025-09-03 11:00:00,201.0,133.84395
Platja de Peguera,2025-09-03 12:00:00,272.0,199.3901
Platja de Peguera,2025-09-03 13:00:00,289.0,236.17798
Platja de Peguera,2025-09-03 14:00:00,297.0,231.48071
Platja de Peguera,2025-09-03 15:00:00,302.0,236.73314
Platja de Peguera,2025-09-03 16:00:00,272.0,242.39192
Platja de Peguera,2025-09-03 17:00:00,283.0,225.61827
Platja de Peguera,2025-09-03 18:00:00,193.0,179.55098
Platja de Peguera,2025-09-03 19:00:00,120.0,133.03369
Platja de Peguera,2025-09-03 20:00:00,90.0,118.34747
Platja de Peguera,2025-09-04 08:00:00,119.0,104.35448
Platja de Peguera,2025-09-04 09:00:00,25.0,27.75742
Platja de Peguera,2025-09-04 10:00:00,13.0,11.2096
Platja de Peguera,2025-09-04 11:00:00,198.0,160.02286
Platja de Peguera,2025-09-04 12:00:00,192.0,148.56871
Platja de Peguera,2025-09-04 13:00:00,309.0,216.83041
Platja de Peguera,2025-09-04 14:00:00,240.0,260.91016
Platja de Peguera,2025-09-04 15:00:00,172.0,255.80043
Platja de Peguera,2025-09-04 16:00:00,242.0,260.08145
Platja de Peguera,2025-09-04 17:00:00,277.0,171.66862
Platja de Peguera,2025-09-04 18:00:00,184.0,145.71443
Platja de Peguera,2025-09-04 19:00:00,108.0,143.31612
Platja de Peguera,2025-09-04 20:00:00,78.0,121.53747
Platja de Peguera,2025-09-05 08:00:00,127.0,108.099045
Platja de Peguera,2025-09-05 09:00:00,30.0,29.546803
Platja de Peguera,2025-09-05 10:00:00,31.0,21.123243
Platja de Peguera,2025-09-05 11:00:00,104.0,151.44954
Platja de Peguera,2025-09-05 12:00:00,114.0,210.37048
Platja de Peguera,2025-09-05 13:00:00,200.0,243.5409
Platja de Peguera,2025-09-05 14:00:00,243.0,220.76614
Platja de Peguera,2025-09-05 15:00:00,215.0,220.8381
Platja de Peguera,2025-09-05 16:00:00,182.0,196.27974
Platja de Peguera,2025-09-05 17:00:00,261.0,191.80763
Platja de Peguera,2025-09-05 18:00:00,169.0,150.19778
Platja de Peguera,2025-09-05 19:00:00,101.0,137.92468
Platja de Peguera,2025-09-05 20:00:00,55.0,110.325226
Platja de Peguera,2025-09-06 08:00:00,112.0,98.93903
Platja de Peguera,2025-09-06 09:00:00,13.0,24.061842
Platja de Peguera,2025-09-06 10:00:00,18.0,21.23634
Platja de Peguera,2025-09-06 11:00:00,67.0,142.4598
Platja de Peguera,2025-09-06 12:00:00,37.0,162.81671
Platja de Peguera,2025-09-06 13:00:00,58.0,149.92357
Platja de Peguera,2025-09-06 14:00:00,26.0,145.47606
Platja de Peguera,2025-09-06 15:00:00,30.0,158.80482
Platja de Peguera,2025-09-06 16:00:00,43.0,153.7487
Platja de Peguera,2025-09-06 17:00:00,29.0,134.8567
Platja de Peguera,2025-09-06 18:00:00,38.0,131.44939
Platja de Peguera,2025-09-06 19:00:00,34.0,139.0385
Platja de Peguera,2025-09-06 20:00:00,33.0,108.37284
Platja de Peguera,2025-09-07 08:00:00,77.0,62.580654
Platja de Peguera,2025-09-07 09:00:00,31.0,64.38026
Platja de Peguera,2025-09-07 10:00:00,22.0,84.53063
Platja de Peguera,2025-09-07 11:00:00,161.0,154.82658
Platja de Peguera,2025-09-07 12:00:00,253.0,199.65343
Platja de Peguera,2025-09-07 13:00:00,222.0,207.0356
Platja de Peguera,2025-09-07 14:00:00,251.0,229.55672
Platja de Peguera,2025-09-07 15:00:00,250.0,230.21559
Platja de Peguera,2025-09-07 16:00:00,174.0,220.58116
Platja de Peguera,2025-09-07 17:00:00,160.0,193.65997
Platja de Peguera,2025-09-07 18:00:00,168.0,152.2612
Platja de Peguera,2025-09-07 19:00:00,92.0,147.60979
Platja de Peguera,2025-09-07 20:00:00,83.0,108.52858
Platja de Peguera,2025-09-08 08:00:00,213.0,94.81915
Platja de Peguera,2025-09-08 09:00:00,52.0,29.032036
Platja de Peguera,2025-09-08 10:00:00,37.0,29.99532
Platja de Peguera,2025-09-08 11:00:00,206.0,129.63614
Platja de Peguera,2025-09-08 12:00:00,261.0,209.15608
Platja de Peguera,2025-09-08 13:00:00,226.0,227.57333
Platja de Peguera,2025-09-08 14:00:00,274.0,234.1726
Platja de Peguera,2025-09-08 15:00:00,230.0,245.72592
Platja de Peguera,2025-09-08 16:00:00,318.0,224.04477
Platja de Peguera,2025-09-08 17:00:00,240.0,198.66156
Platja de Peguera,2025-09-08 18:00:00,195.0,172.43228
Platja de Peguera,2025-09-08 19:00:00,128.0,148.92166
Platja de Peguera,2025-09-08 20:00:00,105.0,116.3764
Platja de Peguera,2025-09-09 08:00:00,262.0,86.99152
Platja de Peguera,2025-09-09 09:00:00,36.0,36.744553
Platja de Peguera,2025-09-09 10:00:00,33.0,49.11894
Platja de Peguera,2025-09-09 11:00:00,128.0,92.415565
Platja de Peguera,2025-09-09 12:00:00,244.0,126.93817
Platja de Peguera,2025-09-09 13:00:00,260.0,134.11134
Platja de Peguera,2025-09-09 14:00:00,157.0,139.82611
Platja de Peguera,2025-09-09 15:00:00,233.0,148.3729
Platja de Peguera,2025-09-09 16:00:00,301.0,134.14664
Platja de Peguera,2025-09-09 17:00:00,232.0,137.34554
Platja de Peguera,2025-09-09 18:00:00,205.0,119.046295
Platja de Peguera,2025-09-09 19:00:00,103.0,109.27271
Platja de Peguera,2025-09-09 20:00:00,89.0,80.55966
Platja de Peguera,2025-09-10 08:00:00,278.0,69.59213
Platja de Peguera,2025-09-10 09:00:00,35.0,31.8797
Platja de Peguera,2025-09-10 10:00:00,40.0,13.514889
Platja de Peguera,2025-09-10 11:00:00,193.0,95.654144
Platja de Peguera,2025-09-10 12:00:00,196.0,130.87001
Platja de Peguera,2025-09-10 13:00:00,278.0,154.5415
Platja de Peguera,2025-09-10 14:00:00,242.0,151.37267
Platja de Peguera,2025-09-10 15:00:00,279.0,158.45355
Platja de Peguera,2025-09-10 16:00:00,204.0,160.85313
Platja de Peguera,2025-09-10 17:00:00,179.0,133.42964
Platja de Peguera,2025-09-10 18:00:00,123.0,103.29258
Platja de Peguera,2025-09-10 19:00:00,75.0,123.35489
Platja de Peguera,2025-09-10 20:00:00,68.0,86.492
Platja de Peguera,2025-09-11 08:00:00,173.0,59.386013
Platja de Peguera,2025-09-11 09:00:00,62.0,24.3844
Platja de Peguera,2025-09-11 10:00:00,47.0,9.396534
Platja de Peguera,2025-09-11 11:00:00,165.0,103.99542
Platja de Peguera,2025-09-11 12:00:00,254.0,170.3083
Platja de Peguera,2025-09-11 13:00:00,304.0,198.59106
Platja de Peguera,2025-09-11 14:00:00,303.0,201.86472
Platja de Peguera,2025-09-11 15:00:00,287.0,209.5868
Platja de Peguera,2025-09-11 16:00:00,416.0,200.32114
Platja de Peguera,2025-09-11 17:00:00,268.0,175.23785
Platja de Peguera,2025-09-11 18:00:00,180.0,136.5413
Platja de Peguera,2025-09-11 19:00:00,126.0,173.99425
Platja de Peguera,2025-09-11 20:00:00,79.0,93.614555
Platja de Peguera,2025-09-12 08:00:00,124.0,69.86884
Platja de Peguera,2025-09-12 09:00:00,36.0,43.698353
Platja de Peguera,2025-09-12 10:00:00,24.0,19.74789
Platja de Peguera,2025-09-12 11:00:00,190.0,140.91454
Platja de Peguera,2025-09-12 12:00:00,279.0,159.44455
Platja de Peguera,2025-09-12 13:00:00,256.0,227.29515
Platja de Peguera,2025-09-12 14:00:00,223.0,243.77136
Platja de Peguera,2025-09-12 15:00:00,250.0,227.59502
Platja de Peguera,2025-09-12 16:00:00,337.0,228.942
Platja de Peguera,2025-09-12 17:00:00,237.0,194.5419
Platja de Peguera,2025-09-12 18:00:00,151.0,163.1987
Platja de Peguera,2025-09-12 19:00:00,90.0,183.56432
Platja de Peguera,2025-09-12 20:00:00,71.0,111.473785
Platja de Peguera,2025-09-13 08:00:00,115.0,52.486065
Platja de Peguera,2025-09-13 09:00:00,36.0,30.834206
Platja de Peguera,2025-09-13 10:00:00,31.0,33.745697
Platja de Peguera,2025-09-13 11:00:00,193.0,144.47884
Platja de Peguera,2025-09-13 12:00:00,230.0,207.34412
Platja de Peguera,2025-09-13 13:00:00,266.0,246.79652
Platja de Peguera,2025-09-13 14:00:00,218.0,222.74443
Platja de Peguera,2025-09-13 15:00:00,213.0,219.16904
Platja de Peguera,2025-09-13 16:00:00,347.0,215.78865
Platja de Peguera,2025-09-13 17:00:00,232.0,193.67308
Platja de Peguera,2025-09-13 18:00:00,173.0,153.70984
Platja de Peguera,2025-09-13 19:00:00,86.0,151.21654
Platja de Peguera,2025-09-13 20:00:00,83.0,111.1206
Platja de Peguera,2025-09-14 08:00:00,129.0,45.838707
Platja de Peguera,2025-09-14 09:00:00,23.0,35.009907
Platja de Peguera,2025-09-14 10:00:00,33.0,27.70551
Platja de Peguera,2025-09-14 11:00:00,177.0,150.50978
Platja de Peguera,2025-09-14 12:00:00,188.0,218.62318
Platja de Peguera,2025-09-14 13:00:00,212.0,246.168
Platja de Peguera,2025-09-14 14:00:00,240.0,258.34842
Platja de Peguera,2025-09-14 15:00:00,205.0,267.241
Platja de Peguera,2025-09-14 16:00:00,219.0,239.53531
Platja de Peguera,2025-09-14 17:00:00,214.0,210.48651
Platja de Peguera,2025-09-14 18:00:00,132.0,167.99165
Platja de Peguera,2025-09-14 19:00:00,61.0,143.26247
Platja de Peguera,2025-09-14 20:00:00,73.0,112.7149
Platja de Peguera,2025-09-15 08:00:00,120.0,41.92519
Platja de Peguera,2025-09-15 09:00:00,22.0,44.52304
Platja de Peguera,2025-09-15 10:00:00,36.0,39.36212
Platja de Peguera,2025-09-15 11:00:00,183.0,145.42168
Platja de Peguera,2025-09-15 12:00:00,266.0,200.60963
Platja de Peguera,2025-09-15 13:00:00,270.0,239.96426
Platja de Peguera,2025-09-15 14:00:00,255.0,259.09653
Platja de Peguera,2025-09-15 15:00:00,244.0,243.59575
Platja de Peguera,2025-09-15 16:00:00,248.0,225.49823
Platja de Peguera,2025-09-15 17:00:00,220.0,212.45728
Platja de Peguera,2025-09-15 18:00:00,135.0,159.5938
Platja de Peguera,2025-09-15 19:00:00,73.0,144.60449
Platja de Peguera,2025-09-15 20:00:00,62.0,115.614006
Platja de Peguera,2025-09-16 08:00:00,92.0,38.88609
Platja de Peguera,2025-09-16 09:00:00,42.0,30.98893
Platja de Peguera,2025-09-16 10:00:00,40.0,15.594104
Platja de Peguera,2025-09-16 11:00:00,186.0,138.38089
Platja de Peguera,2025-09-16 12:00:00,222.0,187.19923
Platja de Peguera,2025-09-16 13:00:00,156.0,217.85548
Platja de Peguera,2025-09-16 14:00:00,248.0,248.48999
Platja de Peguera,2025-09-16 15:00:00,227.0,235.64256
Platja de Peguera,2025-09-16 16:00:00,209.0,230.0606
Platja de Peguera,2025-09-16 17:00:00,223.0,208.06258
Platja de Peguera,2025-09-16 18:00:00,137.0,161.91524
Platja de Peguera,2025-09-16 19:00:00,99.0,147.51395
Platja de Peguera,2025-09-16 20:00:00,99.0,113.059105
Platja de Peguera,2025-09-17 08:00:00,39.0,40.777363
Platja de Peguera,2025-09-17 09:00:00,28.0,32.463665
Platja de Peguera,2025-09-17 10:00:00,26.0,28.390984
Platja de Peguera,2025-09-17 11:00:00,191.0,128.5555
Platja de Peguera,2025-09-17 12:00:00,262.0,195.47064
Platja de Peguera,2025-09-17 13:00:00,266.0,240.56026
Platja de Peguera,2025-09-17 14:00:00,214.0,229.1641
Platja de Peguera,2025-09-17 15:00:00,225.0,226.17184
Platja de Peguera,2025-09-17 16:00:00,263.0,230.86581
Platja de Peguera,2025-09-17 17:00:00,132.0,161.57683
Platja de Peguera,2025-09-17 18:00:00,105.0,128.4477
Platja de Peguera,2025-09-17 19:00:00,90.0,139.74544
Platja de Peguera,2025-09-17 20:00:00,67.0,103.773476
Platja de Peguera,2025-09-18 08:00:00,36.0,50.619335
Platja de Peguera,2025-09-18 09:00:00,20.0,24.519918
Platja de Peguera,2025-09-18 10:00:00,31.0,19.775194
Platja de Peguera,2025-09-18 11:00:00,167.0,148.76079
Platja de Peguera,2025-09-18 12:00:00,194.0,205.8492
Platja de Peguera,2025-09-18 13:00:00,253.0,257.36124
Platja de Peguera,2025-09-18 14:00:00,232.0,253.98665
Platja de Peguera,2025-09-18 15:00:00,223.0,249.47282
Platja de Peguera,2025-09-18 16:00:00,167.0,282.74814
Platja de Peguera,2025-09-18 17:00:00,198.0,231.35661
Platja de Peguera,2025-09-18 18:00:00,131.0,140.56955
Platja de Peguera,2025-09-18 19:00:00,73.0,142.00162
Platja de Peguera,2025-09-18 20:00:00,46.0,117.908936
Platja de Peguera,2025-09-19 08:00:00,23.0,52.181923
Platja de Peguera,2025-09-19 09:00:00,22.0,38.5316
Platja de Peguera,2025-09-19 10:00:00,26.0,26.808405
Platja de Peguera,2025-09-19 11:00:00,83.0,89.71773
Platja de Peguera,2025-09-19 12:00:00,190.0,86.87447
Platja de Peguera,2025-09-19 13:00:00,211.0,135.08841
Platja de Peguera,2025-09-19 14:00:00,206.0,184.07292
Platja de Peguera,2025-09-19 15:00:00,123.0,209.84021
Platja de Peguera,2025-09-19 16:00:00,199.0,174.27206
Platja de Peguera,2025-09-19 17:00:00,182.0,165.9585
Platja de Peguera,2025-09-19 18:00:00,187.0,129.95789
Platja de Peguera,2025-09-19 19:00:00,59.0,103.64515
Platja de Peguera,2025-09-19 20:00:00,109.0,90.42995
Platja de Peguera,2025-09-20 08:00:00,48.0,41.75566
Platja de Peguera,2025-09-20 09:00:00,29.0,35.654682
Platja de Peguera,2025-09-20 10:00:00,20.0,14.154767
Platja de Peguera,2025-09-20 11:00:00,24.0,108.82545
Platja de Peguera,2025-09-20 12:00:00,56.0,108.94579
Platja de Peguera,2025-09-20 13:00:00,75.0,129.8169
Platja de Peguera,2025-09-20 14:00:00,143.0,204.61394
Platja de Peguera,2025-09-20 15:00:00,167.0,164.13536
Platja de Peguera,2025-09-20 16:00:00,238.0,157.15419
Platja de Peguera,2025-09-20 17:00:00,133.0,134.89287
Platja de Peguera,2025-09-20 18:00:00,81.0,123.153885
Platja de Peguera,2025-09-20 19:00:00,86.0,103.27294
Platja de Peguera,2025-09-20 20:00:00,97.0,68.9374
Platja de Peguera,2025-09-21 08:00:00,37.0,49.33861
Platja de Peguera,2025-09-21 09:00:00,55.0,49.748516
Platja de Peguera,2025-09-21 10:00:00,40.0,39.252106
Platja de Peguera,2025-09-21 11:00:00,146.0,102.952705
Platja de Peguera,2025-09-21 12:00:00,221.0,140.1361
Platja de Peguera,2025-09-21 13:00:00,227.0,162.34843
Platja de Peguera,2025-09-21 14:00:00,235.0,176.08044
Platja de Peguera,2025-09-21 15:00:00,224.0,182.19788
Platja de Peguera,2025-09-21 16:00:00,220.0,175.8289
Platja de Peguera,2025-09-21 17:00:00,195.0,150.03824
Platja de Peguera,2025-09-21 18:00:00,116.0,109.22749
Platja de Peguera,2025-09-21 19:00:00,81.0,78.32296
Platja de Peguera,2025-09-21 20:00:00,82.0,73.534355
Platja de Peguera,2025-09-22 08:00:00,19.0,60.290047
Platja de Peguera,2025-09-22 09:00:00,37.0,55.569332
Platja de Peguera,2025-09-22 10:00:00,21.0,48.859318
Platja de Peguera,2025-09-22 11:00:00,149.0,97.86007
Platja de Peguera,2025-09-22 12:00:00,232.0,127.45076
Platja de Peguera,2025-09-22 13:00:00,282.0,146.95285
Platja de Peguera,2025-09-22 14:00:00,245.0,166.26747
Platja de Peguera,2025-09-22 15:00:00,252.0,159.48247
Platja de Peguera,2025-09-22 16:00:00,261.0,167.32736
Platja de Peguera,2025-09-22 17:00:00,214.0,145.45503
Platja de Peguera,2025-09-22 18:00:00,126.0,110.41656
Platja de Peguera,2025-09-22 19:00:00,84.0,80.19384
Platja de Peguera,2025-09-22 20:00:00,86.0,74.2757
Platja de Peguera,2025-09-23 08:00:00,18.0,57.391304
Platja de Peguera,2025-09-23 09:00:00,28.0,42.138405
Platja de Peguera,2025-09-23 10:00:00,22.0,33.136578
Platja de Peguera,2025-09-23 11:00:00,119.0,84.3815
Platja de Peguera,2025-09-23 12:00:00,206.0,133.21649
Platja de Peguera,2025-09-23 13:00:00,244.0,144.28168
Platja de Peguera,2025-09-23 14:00:00,246.0,155.16505
Platja de Peguera,2025-09-23 15:00:00,258.0,140.15614
Platja de Peguera,2025-09-23 16:00:00,228.0,146.62392
Platja de Peguera,2025-09-23 17:00:00,224.0,148.57849
Platja de Peguera,2025-09-23 18:00:00,121.0,124.5782
Platja de Peguera,2025-09-23 19:00:00,62.0,77.26268
Platja de Peguera,2025-09-23 20:00:00,51.0,88.55012
Platja de Peguera,2025-09-24 08:00:00,20.0,54.199593
Platja de Peguera,2025-09-24 09:00:00,17.0,39.83558
Platja de Peguera,2025-09-24 10:00:00,17.0,21.023155
Platja de Peguera,2025-09-24 11:00:00,131.0,102.03951
Platja de Peguera,2025-09-24 12:00:00,129.0,138.34134
Platja de Peguera,2025-09-24 13:00:00,163.0,152.41629
Platja de Peguera,2025-09-24 14:00:00,127.0,163.66618
Platja de Peguera,2025-09-24 15:00:00,155.0,159.91487
Platja de Peguera,2025-09-24 16:00:00,105.0,153.37712
Platja de Peguera,2025-09-24 17:00:00,174.0,142.84012
Platja de Peguera,2025-09-24 18:00:00,173.0,119.56745
Platja de Peguera,2025-09-24 19:00:00,70.0,84.26685
Platja de Peguera,2025-09-24 20:00:00,75.0,86.772446
Platja de Peguera,2025-09-25 08:00:00,764.0,53.70905
Platja de Peguera,2025-09-25 09:00:00,624.0,53.643402
Platja de Peguera,2025-09-25 10:00:00,270.0,25.658768
Platja de Peguera,2025-09-25 11:00:00,79.0,98.0496
Platja de Peguera,2025-09-25 12:00:00,120.0,104.58455
Platja de Peguera,2025-09-25 13:00:00,102.0,115.014626
Platja de Peguera,2025-09-25 14:00:00,171.0,175.74594
Platja de Peguera,2025-09-25 15:00:00,183.0,210.59186
Platja de Peguera,2025-09-25 16:00:00,195.0,190.11458
Platja de Peguera,2025-09-25 17:00:00,183.0,172.52452
Platja de Peguera,2025-09-25 18:00:00,135.0,119.57967
Platja de Peguera,2025-09-25 19:00:00,52.0,89.41962
Platja de Peguera,2025-09-25 20:00:00,35.0,79.46223
Platja de Peguera,2025-09-26 08:00:00,16.0,55.145035
Platja de Peguera,2025-09-26 09:00:00,18.0,47.35156
Platja de Peguera,2025-09-26 10:00:00,14.0,37.023262
Platja de Peguera,2025-09-26 11:00:00,111.0,88.39533
Platja de Peguera,2025-09-26 12:00:00,124.0,121.5624
Platja de Peguera,2025-09-26 13:00:00,199.0,149.44598
Platja de Peguera,2025-09-26 14:00:00,190.0,145.9717
Platja de Peguera,2025-09-26 15:00:00,189.0,163.47664
Platja de Peguera,2025-09-26 16:00:00,165.0,178.21812
Platja de Peguera,2025-09-26 17:00:00,92.0,119.79566
Platja de Peguera,2025-09-26 18:00:00,75.0,110.05398
Platja de Peguera,2025-09-26 19:00:00,44.0,66.648575
Platja de Peguera,2025-09-26 20:00:00,37.0,66.781555
Platja de Peguera,2025-09-27 08:00:00,23.0,43.96297
Platja de Peguera,2025-09-27 09:00:00,17.0,64.471176
Platja de Peguera,2025-09-27 10:00:00,14.0,52.37256
Platja de Peguera,2025-09-27 11:00:00,26.0,82.02397
Platja de Peguera,2025-09-27 12:00:00,27.0,92.60899
Platja de Peguera,2025-09-27 13:00:00,36.0,89.743996
Platja de Peguera,2025-09-27 14:00:00,40.0,96.82375
Platja de Peguera,2025-09-27 15:00:00,39.0,112.67754
Platja de Peguera,2025-09-27 16:00:00,41.0,144.05093
Platja de Peguera,2025-09-27 17:00:00,58.0,111.00601
Platja de Peguera,2025-09-27 18:00:00,44.0,97.47882
Platja de Peguera,2025-09-27 19:00:00,30.0,195.01778
Platja de Peguera,2025-09-27 20:00:00,27.0,227.35165
Platja de Peguera,2025-09-28 08:00:00,16.0,179.66118
Platja de Peguera,2025-09-28 09:00:00,19.0,148.10657
Platja de Peguera,2025-09-28 10:00:00,14.0,131.90216
Platja de Peguera,2025-09-28 11:00:00,121.0,139.17024
Platja de Peguera,2025-09-28 12:00:00,166.0,171.56052
Platja de Peguera,2025-09-28 13:00:00,188.0,202.41884
Platja de Peguera,2025-09-28 14:00:00,118.0,225.5157
Platja de Peguera,2025-09-28 15:00:00,195.0,212.56535
Platja de Peguera,2025-09-28 16:00:00,199.0,237.76808
Platja de Peguera,2025-09-28 17:00:00,90.0,162.3769
Platja de Peguera,2025-09-28 18:00:00,104.0,119.906265
Platja de Peguera,2025-09-28 19:00:00,63.0,117.8448
Platja de Peguera,2025-09-28 20:00:00,44.0,100.32034
Platja de Peguera,2025-09-29 08:00:00,20.0,66.76725
Platja de Peguera,2025-09-29 09:00:00,18.0,34.27857
Platja de Peguera,2025-09-29 10:00:00,17.0,36.18605
Platja de Peguera,2025-09-29 11:00:00,97.0,98.89442
Platja de Peguera,2025-09-29 12:00:00,194.0,134.01724
Platja de Peguera,2025-09-29 13:00:00,172.0,167.71507
Platja de Peguera,2025-09-29 14:00:00,169.0,178.81386
Platja de Peguera,2025-09-29 15:00:00,108.0,180.52235
Platja de Peguera,2025-09-29 16:00:00,179.0,174.969
Platja de Peguera,2025-09-29 17:00:00,126.0,132.0616
Platja de Peguera,2025-09-29 18:00:00,75.0,102.18462
Platja de Peguera,2025-09-29 19:00:00,47.0,92.716576
Platja de Peguera,2025-09-29 20:00:00,20.0,83.678085
Portals Vells,2025-09-01 08:00:00,10.0,39.755337
Portals Vells,2025-09-01 09:00:00,7.0,17.227064
Portals Vells,2025-09-01 10:00:00,7.0,16.757168
Portals Vells,2025-09-01 11:00:00,33.0,40.767467
Portals Vells,2025-09-01 12:00:00,47.0,57.898888
Portals Vells,2025-09-01 13:00:00,66.0,55.25059
Portals Vells,2025-09-01 14:00:00,56.0,57.27527
Portals Vells,2025-09-01 15:00:00,155.0,59.847263
Portals Vells,2025-09-01 16:00:00,182.0,62.621357
Portals Vells,2025-09-01 17:00:00,106.0,65.91592
Portals Vells,2025-09-01 18:00:00,63.0,62.703583
Portals Vells,2025-09-01 19:00:00,43.0,56.704216
Portals Vells,2025-09-01 20:00:00,28.0,43.225937
Portals Vells,2025-09-02 08:00:00,16.0,34.592533
Portals Vells,2025-09-02 09:00:00,6.0,17.161129
Portals Vells,2025-09-02 10:00:00,7.0,18.692314
Portals Vells,2025-09-02 11:00:00,29.0,36.384655
Portals Vells,2025-09-02 12:00:00,40.0,53.589676
Portals Vells,2025-09-02 13:00:00,42.0,43.134613
Portals Vells,2025-09-02 14:00:00,34.0,50.461678
Portals Vells,2025-09-02 15:00:00,30.0,51.367985
Portals Vells,2025-09-02 16:00:00,31.0,52.721275
Portals Vells,2025-09-02 17:00:00,18.0,49.91714
Portals Vells,2025-09-02 18:00:00,19.0,47.649803
Portals Vells,2025-09-02 19:00:00,29.0,42.70342
Portals Vells,2025-09-02 20:00:00,13.0,32.284794
Portals Vells,2025-09-03 08:00:00,15.0,29.965754
Portals Vells,2025-09-03 09:00:00,5.0,16.474918
Portals Vells,2025-09-03 10:00:00,5.0,17.711405
Portals Vells,2025-09-03 11:00:00,22.0,39.358013
Portals Vells,2025-09-03 12:00:00,35.0,40.67019
Portals Vells,2025-09-03 13:00:00,56.0,51.513664
Portals Vells,2025-09-03 14:00:00,25.0,60.05574
Portals Vells,2025-09-03 15:00:00,26.0,66.92313
Portals Vells,2025-09-03 16:00:00,40.0,60.77432
Portals Vells,2025-09-03 17:00:00,23.0,53.875885
Portals Vells,2025-09-03 18:00:00,27.0,49.72845
Portals Vells,2025-09-03 19:00:00,29.0,38.148346
Portals Vells,2025-09-03 20:00:00,22.0,32.333576
Portals Vells,2025-09-04 08:00:00,14.0,27.942049
Portals Vells,2025-09-04 09:00:00,6.0,12.689377
Portals Vells,2025-09-04 10:00:00,7.0,14.669769
Portals Vells,2025-09-04 11:00:00,30.0,34.473175
Portals Vells,2025-09-04 12:00:00,40.0,34.045563
Portals Vells,2025-09-04 13:00:00,57.0,60.47772
Portals Vells,2025-09-04 14:00:00,42.0,66.81001
Portals Vells,2025-09-04 15:00:00,42.0,69.730125
Portals Vells,2025-09-04 16:00:00,59.0,64.478226
Portals Vells,2025-09-04 17:00:00,54.0,49.17078
Portals Vells,2025-09-04 18:00:00,42.0,48.27203
Portals Vells,2025-09-04 19:00:00,42.0,44.62345
Portals Vells,2025-09-04 20:00:00,23.0,37.00366
Portals Vells,2025-09-05 08:00:00,19.0,34.89321
Portals Vells,2025-09-05 09:00:00,6.0,18.97923
Portals Vells,2025-09-05 10:00:00,6.0,20.141039
Portals Vells,2025-09-05 11:00:00,14.0,34.17802
Portals Vells,2025-09-05 12:00:00,27.0,46.72196
Portals Vells,2025-09-05 13:00:00,24.0,47.80592
Portals Vells,2025-09-05 14:00:00,42.0,52.125435
Portals Vells,2025-09-05 15:00:00,52.0,60.01593
Portals Vells,2025-09-05 16:00:00,25.0,62.97614
Portals Vells,2025-09-05 17:00:00,41.0,68.107216
Portals Vells,2025-09-05 18:00:00,37.0,58.001205
Portals Vells,2025-09-05 19:00:00,27.0,50.465954
Portals Vells,2025-09-05 20:00:00,14.0,40.917034
Portals Vells,2025-09-06 08:00:00,18.0,37.41018
Portals Vells,2025-09-06 09:00:00,7.0,23.057129
Portals Vells,2025-09-06 10:00:00,6.0,27.899185
Portals Vells,2025-09-06 11:00:00,17.0,35.522495
Portals Vells,2025-09-06 12:00:00,22.0,45.402412
Portals Vells,2025-09-06 13:00:00,9.0,36.597755
Portals Vells,2025-09-06 14:00:00,6.0,34.18634
Portals Vells,2025-09-06 15:00:00,15.0,34.401134
Portals Vells,2025-09-06 16:00:00,10.0,33.806004
Portals Vells,2025-09-06 17:00:00,17.0,38.167168
Portals Vells,2025-09-06 18:00:00,16.0,39.130047
Portals Vells,2025-09-06 19:00:00,18.0,37.56183
Portals Vells,2025-09-06 20:00:00,21.0,30.265852
Portals Vells,2025-09-07 08:00:00,8.0,21.163445
Portals Vells,2025-09-07 09:00:00,6.0,17.584032
Portals Vells,2025-09-07 10:00:00,7.0,15.821026
Portals Vells,2025-09-07 11:00:00,45.0,23.538637
Portals Vells,2025-09-07 12:00:00,34.0,30.647455
Portals Vells,2025-09-07 13:00:00,33.0,31.967165
Portals Vells,2025-09-07 14:00:00,31.0,36.372993
Portals Vells,2025-09-07 15:00:00,42.0,39.508297
Portals Vells,2025-09-07 16:00:00,21.0,41.80236
Portals Vells,2025-09-07 17:00:00,29.0,36.617405
Portals Vells,2025-09-07 18:00:00,44.0,30.918095
Portals Vells,2025-09-07 19:00:00,19.0,28.111115
Portals Vells,2025-09-07 20:00:00,14.0,23.916115
Portals Vells,2025-09-08 08:00:00,12.0,20.705164
Portals Vells,2025-09-08 09:00:00,7.0,9.504932
Portals Vells,2025-09-08 10:00:00,6.0,12.401028
Portals Vells,2025-09-08 11:00:00,33.0,20.359684
Portals Vells,2025-09-08 12:00:00,59.0,34.459286
Portals Vells,2025-09-08 13:00:00,56.0,35.363132
Portals Vells,2025-09-08 14:00:00,47.0,34.65621
Portals Vells,2025-09-08 15:00:00,60.0,39.25164
Portals Vells,2025-09-08 16:00:00,91.0,40.568497
Portals Vells,2025-09-08 17:00:00,99.0,35.8255
Portals Vells,2025-09-08 18:00:00,35.0,31.769735
Portals Vells,2025-09-08 19:00:00,38.0,26.551434
Portals Vells,2025-09-08 20:00:00,17.0,23.005072
Portals Vells,2025-09-09 08:00:00,9.0,18.8181
Portals Vells,2025-09-09 09:00:00,8.0,9.842215
Portals Vells,2025-09-09 10:00:00,8.0,11.432133
Portals Vells,2025-09-09 11:00:00,41.0,18.331041
Portals Vells,2025-09-09 12:00:00,64.0,26.08865
Portals Vells,2025-09-09 13:00:00,36.0,31.619753
Portals Vells,2025-09-09 14:00:00,117.0,32.607178
Portals Vells,2025-09-09 15:00:00,158.0,33.41685
Portals Vells,2025-09-09 16:00:00,192.0,31.117458
Portals Vells,2025-09-09 17:00:00,72.0,31.01507
Portals Vells,2025-09-09 18:00:00,80.0,26.64243
Portals Vells,2025-09-09 19:00:00,27.0,22.16213
Portals Vells,2025-09-09 20:00:00,18.0,20.384987
Portals Vells,2025-09-10 08:00:00,9.0,15.68475
Portals Vells,2025-09-10 09:00:00,7.0,9.516288
Portals Vells,2025-09-10 10:00:00,7.0,12.234506
Portals Vells,2025-09-10 11:00:00,35.0,20.506668
Portals Vells,2025-09-10 12:00:00,50.0,26.169355
Portals Vells,2025-09-10 13:00:00,65.0,37.348305
Portals Vells,2025-09-10 14:00:00,103.0,34.82828
Portals Vells,2025-09-10 15:00:00,140.0,38.925926
Portals Vells,2025-09-10 16:00:00,42.0,43.192226
Portals Vells,2025-09-10 17:00:00,29.0,34.229637
Portals Vells,2025-09-10 18:00:00,36.0,25.017448
Portals Vells,2025-09-10 19:00:00,37.0,23.394432
Portals Vells,2025-09-10 20:00:00,11.0,22.484524
Portals Vells,2025-09-11 08:00:00,7.0,16.260052
Portals Vells,2025-09-11 09:00:00,8.0,11.959914
Portals Vells,2025-09-11 10:00:00,6.0,12.890375
Portals Vells,2025-09-11 11:00:00,29.0,22.635757
Portals Vells,2025-09-11 12:00:00,65.0,30.645123
Portals Vells,2025-09-11 13:00:00,75.0,41.739227
Portals Vells,2025-09-11 14:00:00,68.0,54.776577
Portals Vells,2025-09-11 15:00:00,115.0,64.19679
Portals Vells,2025-09-11 16:00:00,127.0,57.519096
Portals Vells,2025-09-11 17:00:00,64.0,45.10161
Portals Vells,2025-09-11 18:00:00,37.0,32.21316
Portals Vells,2025-09-11 19:00:00,35.0,28.14103
Portals Vells,2025-09-11 20:00:00,14.0,26.922436
Portals Vells,2025-09-12 08:00:00,9.0,23.663723
Portals Vells,2025-09-12 09:00:00,8.0,12.507796
Portals Vells,2025-09-12 10:00:00,8.0,13.681608
Portals Vells,2025-09-12 11:00:00,45.0,23.584703
Portals Vells,2025-09-12 12:00:00,39.0,46.854023
Portals Vells,2025-09-12 13:00:00,48.0,43.834652
Portals Vells,2025-09-12 14:00:00,50.0,51.382767
Portals Vells,2025-09-12 15:00:00,64.0,58.80843
Portals Vells,2025-09-12 16:00:00,91.0,59.99787
Portals Vells,2025-09-12 17:00:00,91.0,51.08285
Portals Vells,2025-09-12 18:00:00,35.0,50.047806
Portals Vells,2025-09-12 19:00:00,34.0,42.504387
Portals Vells,2025-09-12 20:00:00,16.0,37.026234
Portals Vells,2025-09-13 08:00:00,7.0,27.973394
Portals Vells,2025-09-13 09:00:00,8.0,14.179979
Portals Vells,2025-09-13 10:00:00,7.0,18.676262
Portals Vells,2025-09-13 11:00:00,46.0,37.9167
Portals Vells,2025-09-13 12:00:00,39.0,59.379383
Portals Vells,2025-09-13 13:00:00,67.0,67.2806
Portals Vells,2025-09-13 14:00:00,45.0,54.960785
Portals Vells,2025-09-13 15:00:00,104.0,55.838936
Portals Vells,2025-09-13 16:00:00,164.0,58.47415
Portals Vells,2025-09-13 17:00:00,74.0,56.15075
Portals Vells,2025-09-13 18:00:00,55.0,56.29025
Portals Vells,2025-09-13 19:00:00,36.0,48.455414
Portals Vells,2025-09-13 20:00:00,21.0,42.23088
Portals Vells,2025-09-14 08:00:00,7.0,32.056583
Portals Vells,2025-09-14 09:00:00,8.0,18.090445
Portals Vells,2025-09-14 10:00:00,10.0,21.439005
Portals Vells,2025-09-14 11:00:00,30.0,50.913857
Portals Vells,2025-09-14 12:00:00,47.0,58.79292
Portals Vells,2025-09-14 13:00:00,40.0,67.38109
Portals Vells,2025-09-14 14:00:00,34.0,65.96032
Portals Vells,2025-09-14 15:00:00,47.0,61.156715
Portals Vells,2025-09-14 16:00:00,78.0,63.203606
Portals Vells,2025-09-14 17:00:00,45.0,64.17924
Portals Vells,2025-09-14 18:00:00,28.0,64.0617
Portals Vells,2025-09-14 19:00:00,24.0,50.81971
Portals Vells,2025-09-14 20:00:00,11.0,41.0944
Portals Vells,2025-09-15 08:00:00,6.0,34.003086
Portals Vells,2025-09-15 09:00:00,8.0,18.35915
Portals Vells,2025-09-15 10:00:00,8.0,24.554487
Portals Vells,2025-09-15 11:00:00,42.0,33.415833
Portals Vells,2025-09-15 12:00:00,36.0,51.45008
Portals Vells,2025-09-15 13:00:00,47.0,53.61705
Portals Vells,2025-09-15 14:00:00,35.0,59.06438
Portals Vells,2025-09-15 15:00:00,64.0,60.818653
Portals Vells,2025-09-15 16:00:00,55.0,52.870296
Portals Vells,2025-09-15 17:00:00,58.0,50.649105
Portals Vells,2025-09-15 18:00:00,32.0,50.691498
Portals Vells,2025-09-15 19:00:00,21.0,42.355263
Portals Vells,2025-09-15 20:00:00,20.0,38.242134
Portals Vells,2025-09-16 08:00:00,7.0,30.849411
Portals Vells,2025-09-16 09:00:00,7.0,20.55171
Portals Vells,2025-09-16 10:00:00,8.0,18.038504
Portals Vells,2025-09-16 11:00:00,35.0,36.01176
Portals Vells,2025-09-16 12:00:00,42.0,45.97655
Portals Vells,2025-09-16 13:00:00,60.0,57.037876
Portals Vells,2025-09-16 14:00:00,38.0,53.023636
Portals Vells,2025-09-16 15:00:00,200.0,56.00509
Portals Vells,2025-09-16 16:00:00,125.0,61.928303
Portals Vells,2025-09-16 17:00:00,140.0,58.50008
Portals Vells,2025-09-16 18:00:00,93.0,57.278217
Portals Vells,2025-09-16 19:00:00,32.0,42.8369
Portals Vells,2025-09-16 20:00:00,13.0,37.369137
Portals Vells,2025-09-17 08:00:00,7.0,27.179934
Portals Vells,2025-09-17 09:00:00,9.0,16.934555
Portals Vells,2025-09-17 10:00:00,7.0,18.638378
Portals Vells,2025-09-17 11:00:00,47.0,33.8909
Portals Vells,2025-09-17 12:00:00,68.0,48.58076
Portals Vells,2025-09-17 13:00:00,48.0,50.401695
Portals Vells,2025-09-17 14:00:00,74.0,57.621864
Portals Vells,2025-09-17 15:00:00,101.0,52.153107
Portals Vells,2025-09-17 16:00:00,48.0,51.607082
Portals Vells,2025-09-17 17:00:00,33.0,52.466957
Portals Vells,2025-09-17 18:00:00,22.0,46.153133
Portals Vells,2025-09-17 19:00:00,25.0,37.63897
Portals Vells,2025-09-17 20:00:00,28.0,34.889862
Portals Vells,2025-09-18 08:00:00,6.0,26.541357
Portals Vells,2025-09-18 09:00:00,8.0,16.422358
Portals Vells,2025-09-18 10:00:00,9.0,18.358421
Portals Vells,2025-09-18 11:00:00,34.0,38.231213
Portals Vells,2025-09-18 12:00:00,45.0,40.88674
Portals Vells,2025-09-18 13:00:00,67.0,48.965244
Portals Vells,2025-09-18 14:00:00,49.0,53.31918
Portals Vells,2025-09-18 15:00:00,39.0,56.875385
Portals Vells,2025-09-18 16:00:00,40.0,55.5706
Portals Vells,2025-09-18 17:00:00,51.0,48.957977
Portals Vells,2025-09-18 18:00:00,32.0,41.519123
Portals Vells,2025-09-18 19:00:00,32.0,37.29901
Portals Vells,2025-09-18 20:00:00,22.0,34.14715
Portals Vells,2025-09-19 08:00:00,7.0,24.375158
Portals Vells,2025-09-19 09:00:00,9.0,11.4621315
Portals Vells,2025-09-19 10:00:00,7.0,17.24253
Portals Vells,2025-09-19 11:00:00,31.0,23.0612
Portals Vells,2025-09-19 12:00:00,26.0,26.932974
Portals Vells,2025-09-19 13:00:00,23.0,36.74893
Portals Vells,2025-09-19 14:00:00,33.0,37.561962
Portals Vells,2025-09-19 15:00:00,77.0,53.33832
Portals Vells,2025-09-19 16:00:00,66.0,54.633324
Portals Vells,2025-09-19 17:00:00,29.0,51.747696
Portals Vells,2025-09-19 18:00:00,13.0,48.205803
Portals Vells,2025-09-19 19:00:00,10.0,39.601265
Portals Vells,2025-09-19 20:00:00,16.0,31.412775
Portals Vells,2025-09-20 08:00:00,8.0,22.07702
Portals Vells,2025-09-20 09:00:00,7.0,17.845362
Portals Vells,2025-09-20 10:00:00,8.0,18.060127
Portals Vells,2025-09-20 11:00:00,28.0,34.651905
Portals Vells,2025-09-20 12:00:00,21.0,33.30681
Portals Vells,2025-09-20 13:00:00,16.0,39.251858
Portals Vells,2025-09-20 14:00:00,19.0,50.815327
Portals Vells,2025-09-20 15:00:00,23.0,43.114197
Portals Vells,2025-09-20 16:00:00,17.0,48.682316
Portals Vells,2025-09-20 17:00:00,33.0,50.68143
Portals Vells,2025-09-20 18:00:00,42.0,49.252506
Portals Vells,2025-09-20 19:00:00,14.0,37.54091
Portals Vells,2025-09-20 20:00:00,16.0,33.985115
Portals Vells,2025-09-21 08:00:00,9.0,28.468159
Portals Vells,2025-09-21 09:00:00,8.0,21.030771
Portals Vells,2025-09-21 10:00:00,7.0,21.337389
Portals Vells,2025-09-21 11:00:00,39.0,39.11352
Portals Vells,2025-09-21 12:00:00,42.0,53.985783
Portals Vells,2025-09-21 13:00:00,40.0,53.900272
Portals Vells,2025-09-21 14:00:00,53.0,56.844692
Portals Vells,2025-09-21 15:00:00,65.0,60.743847
Portals Vells,2025-09-21 16:00:00,39.0,60.138435
Portals Vells,2025-09-21 17:00:00,52.0,58.80585
Portals Vells,2025-09-21 18:00:00,20.0,52.779686
Portals Vells,2025-09-21 19:00:00,21.0,43.651367
Portals Vells,2025-09-21 20:00:00,14.0,37.87158
Portals Vells,2025-09-22 08:00:00,6.0,31.504618
Portals Vells,2025-09-22 09:00:00,7.0,21.647152
Portals Vells,2025-09-22 10:00:00,8.0,19.908033
Portals Vells,2025-09-22 11:00:00,43.0,29.775373
Portals Vells,2025-09-22 12:00:00,48.0,35.7103
Portals Vells,2025-09-22 13:00:00,47.0,40.849895
Portals Vells,2025-09-22 14:00:00,51.0,38.737778
Portals Vells,2025-09-22 15:00:00,105.0,38.12375
Portals Vells,2025-09-22 16:00:00,115.0,42.04852
Portals Vells,2025-09-22 17:00:00,46.0,38.60547
Portals Vells,2025-09-22 18:00:00,27.0,33.155155
Portals Vells,2025-09-22 19:00:00,26.0,26.44321
Portals Vells,2025-09-22 20:00:00,13.0,24.906853
Portals Vells,2025-09-23 08:00:00,6.0,16.481413
Portals Vells,2025-09-23 09:00:00,6.0,13.384913
Portals Vells,2025-09-23 10:00:00,8.0,12.354503
Portals Vells,2025-09-23 11:00:00,37.0,19.611063
Portals Vells,2025-09-23 12:00:00,53.0,25.85535
Portals Vells,2025-09-23 13:00:00,45.0,27.429483
Portals Vells,2025-09-23 14:00:00,62.0,32.505722
Portals Vells,2025-09-23 15:00:00,50.0,35.190918
Portals Vells,2025-09-23 16:00:00,79.0,36.81727
Portals Vells,2025-09-23 17:00:00,48.0,32.652355
Portals Vells,2025-09-23 18:00:00,49.0,27.558973
Portals Vells,2025-09-23 19:00:00,29.0,23.080805
Portals Vells,2025-09-23 20:00:00,16.0,20.92327
Portals Vells,2025-09-24 08:00:00,8.0,13.116649
Portals Vells,2025-09-24 09:00:00,7.0,12.547052
Portals Vells,2025-09-24 10:00:00,8.0,12.992776
Portals Vells,2025-09-24 11:00:00,31.0,22.234344
Portals Vells,2025-09-24 12:00:00,46.0,29.138388
Portals Vells,2025-09-24 13:00:00,40.0,34.334213
Portals Vells,2025-09-24 14:00:00,55.0,37.42697
Portals Vells,2025-09-24 15:00:00,58.0,40.489697
Portals Vells,2025-09-24 16:00:00,72.0,39.710293
Portals Vells,2025-09-24 17:00:00,54.0,34.31554
Portals Vells,2025-09-24 18:00:00,48.0,29.548054
Portals Vells,2025-09-24 19:00:00,24.0,24.765265
Portals Vells,2025-09-24 20:00:00,16.0,25.15802
Portals Vells,2025-09-25 08:00:00,6.0,18.056993
Portals Vells,2025-09-25 09:00:00,7.0,12.920711
Portals Vells,2025-09-25 10:00:00,7.0,12.710696
Portals Vells,2025-09-25 11:00:00,19.0,24.27529
Portals Vells,2025-09-25 12:00:00,47.0,25.370619
Portals Vells,2025-09-25 13:00:00,44.0,34.137653
Portals Vells,2025-09-25 14:00:00,49.0,43.37118
Portals Vells,2025-09-25 15:00:00,69.0,53.0781
Portals Vells,2025-09-25 16:00:00,76.0,51.527344
Portals Vells,2025-09-25 17:00:00,75.0,45.141617
Portals Vells,2025-09-25 18:00:00,46.0,36.94247
Portals Vells,2025-09-25 19:00:00,27.0,30.291769
Portals Vells,2025-09-25 20:00:00,18.0,30.397116
Portals Vells,2025-09-26 08:00:00,7.0,21.529202
Portals Vells,2025-09-26 09:00:00,7.0,15.632971
Portals Vells,2025-09-26 10:00:00,7.0,15.219949
Portals Vells,2025-09-26 11:00:00,35.0,25.740385
Portals Vells,2025-09-26 12:00:00,25.0,30.931145
Portals Vells,2025-09-26 13:00:00,23.0,34.430744
Portals Vells,2025-09-26 14:00:00,77.0,45.42035
Portals Vells,2025-09-26 15:00:00,40.0,44.846912
Portals Vells,2025-09-26 16:00:00,18.0,43.786583
Portals Vells,2025-09-26 17:00:00,27.0,42.55179
Portals Vells,2025-09-26 18:00:00,19.0,35.731094
Portals Vells,2025-09-26 19:00:00,22.0,29.621449
Portals Vells,2025-09-26 20:00:00,23.0,28.934877
Portals Vells,2025-09-27 08:00:00,6.0,16.958317
Portals Vells,2025-09-27 09:00:00,8.0,16.125748
Portals Vells,2025-09-27 10:00:00,8.0,16.243628
Portals Vells,2025-09-27 11:00:00,14.0,27.16369
Portals Vells,2025-09-27 12:00:00,16.0,29.678417
Portals Vells,2025-09-27 13:00:00,22.0,31.509329
Portals Vells,2025-09-27 14:00:00,15.0,38.797153
Portals Vells,2025-09-27 15:00:00,16.0,38.307697
Portals Vells,2025-09-27 16:00:00,15.0,43.693317
Portals Vells,2025-09-27 17:00:00,31.0,38.922813
Portals Vells,2025-09-27 18:00:00,33.0,35.53179
Portals Vells,2025-09-27 19:00:00,22.0,31.423704
Portals Vells,2025-09-27 20:00:00,15.0,30.08756
Portals Vells,2025-09-28 08:00:00,7.0,17.529753
Portals Vells,2025-09-28 09:00:00,6.0,16.318157
Portals Vells,2025-09-28 10:00:00,6.0,16.091219
Portals Vells,2025-09-28 11:00:00,34.0,28.99026
Portals Vells,2025-09-28 12:00:00,49.0,40.135975
Portals Vells,2025-09-28 13:00:00,66.0,62.001312
Portals Vells,2025-09-28 14:00:00,30.0,54.696873
Portals Vells,2025-09-28 15:00:00,52.0,57.317192
Portals Vells,2025-09-28 16:00:00,51.0,53.12366
Portals Vells,2025-09-28 17:00:00,66.0,50.63483
Portals Vells,2025-09-28 18:00:00,30.0,40.918343
Portals Vells,2025-09-28 19:00:00,18.0,33.590115
Portals Vells,2025-09-28 20:00:00,17.0,30.368265
Portals Vells,2025-09-29 08:00:00,7.0,21.266224
Portals Vells,2025-09-29 09:00:00,7.0,19.463255
Portals Vells,2025-09-29 10:00:00,6.0,18.298832
Portals Vells,2025-09-29 11:00:00,45.0,26.709389
Portals Vells,2025-09-29 12:00:00,55.0,56.99354
Portals Vells,2025-09-29 13:00:00,52.0,48.272278
Portals Vells,2025-09-29 14:00:00,47.0,40.717068
Portals Vells,2025-09-29 15:00:00,19.0,43.971878
Portals Vells,2025-09-29 16:00:00,34.0,42.88558
Portals Vells,2025-09-29 17:00:00,21.0,39.948803
Portals Vells,2025-09-29 18:00:00,14.0,33.528667
Portals Vells,2025-09-29 19:00:00,23.0,28.115957
Portals Vells,2025-09-29 20:00:00,11.0,27.209366
Sant Antoni de Portmany,2025-09-01 08:00:00,32.0,31.542362
Sant Antoni de Portmany,2025-09-01 09:00:00,6.0,13.1228895
Sant Antoni de Portmany,2025-09-01 10:00:00,6.0,15.406962
Sant Antoni de Portmany,2025-09-01 11:00:00,15.0,27.929127
Sant Antoni de Portmany,2025-09-01 12:00:00,31.0,42.027557
Sant Antoni de Portmany,2025-09-01 13:00:00,53.0,43.740788
Sant Antoni de Portmany,2025-09-01 14:00:00,35.0,43.03207
Sant Antoni de Portmany,2025-09-01 15:00:00,49.0,48.19713
Sant Antoni de Portmany,2025-09-01 16:00:00,41.0,44.754475
Sant Antoni de Portmany,2025-09-01 17:00:00,59.0,43.03672
Sant Antoni de Portmany,2025-09-01 18:00:00,53.0,38.962265
Sant Antoni de Portmany,2025-09-01 19:00:00,29.0,38.002182
Sant Antoni de Portmany,2025-09-01 20:00:00,16.0,29.084667
Sant Antoni de Portmany,2025-09-02 08:00:00,33.0,25.664938
Sant Antoni de Portmany,2025-09-02 09:00:00,6.0,14.647166
Sant Antoni de Portmany,2025-09-02 10:00:00,6.0,14.326631
Sant Antoni de Portmany,2025-09-02 11:00:00,19.0,23.55682
Sant Antoni de Portmany,2025-09-02 12:00:00,38.0,35.016766
Sant Antoni de Portmany,2025-09-02 13:00:00,36.0,30.459219
Sant Antoni de Portmany,2025-09-02 14:00:00,55.0,29.86167
Sant Antoni de Portmany,2025-09-02 15:00:00,36.0,31.21169
Sant Antoni de Portmany,2025-09-02 16:00:00,70.0,30.56481
Sant Antoni de Portmany,2025-09-02 17:00:00,47.0,31.552992
Sant Antoni de Portmany,2025-09-02 18:00:00,44.0,31.338955
Sant Antoni de Portmany,2025-09-02 19:00:00,40.0,31.194647
Sant Antoni de Portmany,2025-09-02 20:00:00,25.0,23.932734
Sant Antoni de Portmany,2025-09-03 08:00:00,26.0,21.397324
Sant Antoni de Portmany,2025-09-03 09:00:00,6.0,9.733869
Sant Antoni de Portmany,2025-09-03 10:00:00,6.0,11.167136
Sant Antoni de Portmany,2025-09-03 11:00:00,18.0,21.60005
Sant Antoni de Portmany,2025-09-03 12:00:00,33.0,31.553635
Sant Antoni de Portmany,2025-09-03 13:00:00,46.0,31.066742
Sant Antoni de Portmany,2025-09-03 14:00:00,49.0,31.000286
Sant Antoni de Portmany,2025-09-03 15:00:00,49.0,47.182484
Sant Antoni de Portmany,2025-09-03 16:00:00,42.0,41.423977
Sant Antoni de Portmany,2025-09-03 17:00:00,40.0,35.99216
Sant Antoni de Portmany,2025-09-03 18:00:00,48.0,30.271292
Sant Antoni de Portmany,2025-09-03 19:00:00,46.0,29.66196
Sant Antoni de Portmany,2025-09-03 20:00:00,27.0,25.35993
Sant Antoni de Portmany,2025-09-04 08:00:00,31.0,15.065274
Sant Antoni de Portmany,2025-09-04 09:00:00,6.0,9.109793
Sant Antoni de Portmany,2025-09-04 10:00:00,6.0,11.208285
Sant Antoni de Portmany,2025-09-04 11:00:00,27.0,23.877266
Sant Antoni de Portmany,2025-09-04 12:00:00,50.0,28.292936
Sant Antoni de Portmany,2025-09-04 13:00:00,48.0,40.912216
Sant Antoni de Portmany,2025-09-04 14:00:00,30.0,42.594925
Sant Antoni de Portmany,2025-09-04 15:00:00,37.0,33.424084
Sant Antoni de Portmany,2025-09-04 16:00:00,41.0,33.034454
Sant Antoni de Portmany,2025-09-04 17:00:00,74.0,41.54661
Sant Antoni de Portmany,2025-09-04 18:00:00,46.0,38.379574
Sant Antoni de Portmany,2025-09-04 19:00:00,37.0,34.699738
Sant Antoni de Portmany,2025-09-04 20:00:00,27.0,29.109306
Sant Antoni de Portmany,2025-09-05 08:00:00,41.0,21.885439
Sant Antoni de Portmany,2025-09-05 09:00:00,6.0,10.300312
Sant Antoni de Portmany,2025-09-05 10:00:00,6.0,14.350974
Sant Antoni de Portmany,2025-09-05 11:00:00,19.0,22.758219
Sant Antoni de Portmany,2025-09-05 12:00:00,9.0,27.203789
Sant Antoni de Portmany,2025-09-05 13:00:00,37.0,27.140785
Sant Antoni de Portmany,2025-09-05 14:00:00,42.0,42.765278
Sant Antoni de Portmany,2025-09-05 15:00:00,53.0,44.49362
Sant Antoni de Portmany,2025-09-05 16:00:00,43.0,39.822453
Sant Antoni de Portmany,2025-09-05 17:00:00,58.0,40.663803
Sant Antoni de Portmany,2025-09-05 18:00:00,47.0,34.86892
Sant Antoni de Portmany,2025-09-05 19:00:00,32.0,34.264557
Sant Antoni de Portmany,2025-09-05 20:00:00,17.0,28.78079
Sant Antoni de Portmany,2025-09-06 08:00:00,4.0,24.273317
Sant Antoni de Portmany,2025-09-06 09:00:00,5.0,10.3877945
Sant Antoni de Portmany,2025-09-06 10:00:00,5.0,14.077073
Sant Antoni de Portmany,2025-09-06 11:00:00,14.0,25.03592
Sant Antoni de Portmany,2025-09-06 12:00:00,30.0,27.006687
Sant Antoni de Portmany,2025-09-06 13:00:00,35.0,26.728765
Sant Antoni de Portmany,2025-09-06 14:00:00,24.0,31.685196
Sant Antoni de Portmany,2025-09-06 15:00:00,15.0,30.944149
Sant Antoni de Portmany,2025-09-06 16:00:00,5.0,30.03747
Sant Antoni de Portmany,2025-09-06 17:00:00,5.0,31.961176
Sant Antoni de Portmany,2025-09-06 18:00:00,7.0,32.07051
Sant Antoni de Portmany,2025-09-06 19:00:00,9.0,32.509502
Sant Antoni de Portmany,2025-09-06 20:00:00,5.0,27.358507
Sant Antoni de Portmany,2025-09-07 08:00:00,5.0,19.77885
Sant Antoni de Portmany,2025-09-07 09:00:00,6.0,13.652048
Sant Antoni de Portmany,2025-09-07 10:00:00,5.0,15.396103
Sant Antoni de Portmany,2025-09-07 11:00:00,23.0,27.644613
Sant Antoni de Portmany,2025-09-07 12:00:00,35.0,36.765457
Sant Antoni de Portmany,2025-09-07 13:00:00,50.0,41.494427
Sant Antoni de Portmany,2025-09-07 14:00:00,34.0,38.437237
Sant Antoni de Portmany,2025-09-07 15:00:00,47.0,45.376263
Sant Antoni de Portmany,2025-09-07 16:00:00,41.0,41.396526
Sant Antoni de Portmany,2025-09-07 17:00:00,58.0,39.723835
Sant Antoni de Portmany,2025-09-07 18:00:00,29.0,38.7441
Sant Antoni de Portmany,2025-09-07 19:00:00,23.0,35.428432
Sant Antoni de Portmany,2025-09-07 20:00:00,15.0,29.94829
Sant Antoni de Portmany,2025-09-08 08:00:00,31.0,25.225315
Sant Antoni de Portmany,2025-09-08 09:00:00,6.0,12.678171
Sant Antoni de Portmany,2025-09-08 10:00:00,6.0,9.296066
Sant Antoni de Portmany,2025-09-08 11:00:00,30.0,25.043179
Sant Antoni de Portmany,2025-09-08 12:00:00,41.0,36.670666
Sant Antoni de Portmany,2025-09-08 13:00:00,42.0,44.410175
Sant Antoni de Portmany,2025-09-08 14:00:00,42.0,31.677834
Sant Antoni de Portmany,2025-09-08 15:00:00,29.0,37.961994
Sant Antoni de Portmany,2025-09-08 16:00:00,30.0,37.522575
Sant Antoni de Portmany,2025-09-08 17:00:00,38.0,36.74777
Sant Antoni de Portmany,2025-09-08 18:00:00,31.0,34.16472
Sant Antoni de Portmany,2025-09-08 19:00:00,18.0,28.861668
Sant Antoni de Portmany,2025-09-08 20:00:00,11.0,26.68019
Sant Antoni de Portmany,2025-09-09 08:00:00,28.0,22.057465
Sant Antoni de Portmany,2025-09-09 09:00:00,6.0,10.3158045
Sant Antoni de Portmany,2025-09-09 10:00:00,6.0,12.931455
Sant Antoni de Portmany,2025-09-09 11:00:00,18.0,23.489408
Sant Antoni de Portmany,2025-09-09 12:00:00,23.0,32.48659
Sant Antoni de Portmany,2025-09-09 13:00:00,36.0,33.842476
Sant Antoni de Portmany,2025-09-09 14:00:00,64.0,34.337967
Sant Antoni de Portmany,2025-09-09 15:00:00,42.0,38.170963
Sant Antoni de Portmany,2025-09-09 16:00:00,27.0,33.491577
Sant Antoni de Portmany,2025-09-09 17:00:00,43.0,32.290276
Sant Antoni de Portmany,2025-09-09 18:00:00,59.0,26.385317
Sant Antoni de Portmany,2025-09-09 19:00:00,16.0,22.533302
Sant Antoni de Portmany,2025-09-09 20:00:00,13.0,20.588516
Sant Antoni de Portmany,2025-09-10 08:00:00,26.0,17.060835
Sant Antoni de Portmany,2025-09-10 09:00:00,6.0,7.8925076
Sant Antoni de Portmany,2025-09-10 10:00:00,6.0,9.865316
Sant Antoni de Portmany,2025-09-10 11:00:00,22.0,22.830744
Sant Antoni de Portmany,2025-09-10 12:00:00,30.0,27.513254
Sant Antoni de Portmany,2025-09-10 13:00:00,43.0,35.582676
Sant Antoni de Portmany,2025-09-10 14:00:00,30.0,41.988388
Sant Antoni de Portmany,2025-09-10 15:00:00,48.0,50.042606
Sant Antoni de Portmany,2025-09-10 16:00:00,35.0,45.94121
Sant Antoni de Portmany,2025-09-10 17:00:00,50.0,38.511677
Sant Antoni de Portmany,2025-09-10 18:00:00,46.0,26.931108
Sant Antoni de Portmany,2025-09-10 19:00:00,37.0,28.467903
Sant Antoni de Portmany,2025-09-10 20:00:00,21.0,24.753935
Sant Antoni de Portmany,2025-09-11 08:00:00,19.0,19.588047
Sant Antoni de Portmany,2025-09-11 09:00:00,5.0,10.777039
Sant Antoni de Portmany,2025-09-11 10:00:00,6.0,12.412289
Sant Antoni de Portmany,2025-09-11 11:00:00,33.0,21.161283
Sant Antoni de Portmany,2025-09-11 12:00:00,35.0,27.615805
Sant Antoni de Portmany,2025-09-11 13:00:00,64.0,29.72209
Sant Antoni de Portmany,2025-09-11 14:00:00,52.0,31.426247
Sant Antoni de Portmany,2025-09-11 15:00:00,31.0,40.812042
Sant Antoni de Portmany,2025-09-11 16:00:00,45.0,38.658768
Sant Antoni de Portmany,2025-09-11 17:00:00,60.0,31.436415
Sant Antoni de Portmany,2025-09-11 18:00:00,63.0,29.60449
Sant Antoni de Portmany,2025-09-11 19:00:00,28.0,28.718643
Sant Antoni de Portmany,2025-09-11 20:00:00,12.0,22.477217
Sant Antoni de Portmany,2025-09-12 08:00:00,24.0,18.655895
Sant Antoni de Portmany,2025-09-12 09:00:00,6.0,10.345274
Sant Antoni de Portmany,2025-09-12 10:00:00,6.0,11.697097
Sant Antoni de Portmany,2025-09-12 11:00:00,24.0,19.62232
Sant Antoni de Portmany,2025-09-12 12:00:00,25.0,29.510674
Sant Antoni de Portmany,2025-09-12 13:00:00,35.0,29.877485
Sant Antoni de Portmany,2025-09-12 14:00:00,32.0,34.532997
Sant Antoni de Portmany,2025-09-12 15:00:00,25.0,39.857838
Sant Antoni de Portmany,2025-09-12 16:00:00,44.0,42.841362
Sant Antoni de Portmany,2025-09-12 17:00:00,38.0,35.91148
Sant Antoni de Portmany,2025-09-12 18:00:00,30.0,29.71108
Sant Antoni de Portmany,2025-09-12 19:00:00,26.0,28.916681
Sant Antoni de Portmany,2025-09-12 20:00:00,8.0,23.791622
Sant Antoni de Portmany,2025-09-13 08:00:00,20.0,18.596317
Sant Antoni de Portmany,2025-09-13 09:00:00,5.0,10.715492
Sant Antoni de Portmany,2025-09-13 10:00:00,5.0,11.657466
Sant Antoni de Portmany,2025-09-13 11:00:00,24.0,21.34796
Sant Antoni de Portmany,2025-09-13 12:00:00,24.0,28.048012
Sant Antoni de Portmany,2025-09-13 13:00:00,48.0,29.292164
Sant Antoni de Portmany,2025-09-13 14:00:00,51.0,31.657244
Sant Antoni de Portmany,2025-09-13 15:00:00,33.0,38.6963
Sant Antoni de Portmany,2025-09-13 16:00:00,46.0,40.32173
Sant Antoni de Portmany,2025-09-13 17:00:00,43.0,36.78483
Sant Antoni de Portmany,2025-09-13 18:00:00,34.0,31.32441
Sant Antoni de Portmany,2025-09-13 19:00:00,24.0,27.83608
Sant Antoni de Portmany,2025-09-13 20:00:00,18.0,24.012157
Sant Antoni de Portmany,2025-09-14 08:00:00,28.0,18.316256
Sant Antoni de Portmany,2025-09-14 09:00:00,6.0,10.720858
Sant Antoni de Portmany,2025-09-14 10:00:00,6.0,12.123738
Sant Antoni de Portmany,2025-09-14 11:00:00,30.0,22.598633
Sant Antoni de Portmany,2025-09-14 12:00:00,21.0,34.575912
Sant Antoni de Portmany,2025-09-14 13:00:00,46.0,33.367805
Sant Antoni de Portmany,2025-09-14 14:00:00,33.0,36.41602
Sant Antoni de Portmany,2025-09-14 15:00:00,41.0,44.062813
Sant Antoni de Portmany,2025-09-14 16:00:00,38.0,41.770256
Sant Antoni de Portmany,2025-09-14 17:00:00,32.0,36.918213
Sant Antoni de Portmany,2025-09-14 18:00:00,36.0,34.527256
Sant Antoni de Portmany,2025-09-14 19:00:00,16.0,31.75978
Sant Antoni de Portmany,2025-09-14 20:00:00,22.0,27.820614
Sant Antoni de Portmany,2025-09-15 08:00:00,19.0,20.094131
Sant Antoni de Portmany,2025-09-15 09:00:00,6.0,11.594553
Sant Antoni de Portmany,2025-09-15 10:00:00,6.0,13.048421
Sant Antoni de Portmany,2025-09-15 11:00:00,28.0,22.366722
Sant Antoni de Portmany,2025-09-15 12:00:00,28.0,29.581764
Sant Antoni de Portmany,2025-09-15 13:00:00,37.0,36.39642
Sant Antoni de Portmany,2025-09-15 14:00:00,28.0,39.739216
Sant Antoni de Portmany,2025-09-15 15:00:00,45.0,38.253784
Sant Antoni de Portmany,2025-09-15 16:00:00,37.0,36.515312
Sant Antoni de Portmany,2025-09-15 17:00:00,38.0,34.234295
Sant Antoni de Portmany,2025-09-15 18:00:00,32.0,25.946726
Sant Antoni de Portmany,2025-09-15 19:00:00,23.0,28.613255
Sant Antoni de Portmany,2025-09-15 20:00:00,20.0,17.13174
Sant Antoni de Portmany,2025-09-16 08:00:00,6.0,6.0506763
Sant Antoni de Portmany,2025-09-16 09:00:00,6.0,12.254034
Sant Antoni de Portmany,2025-09-16 10:00:00,22.0,20.132545
Sant Antoni de Portmany,2025-09-16 11:00:00,25.0,28.947405
Sant Antoni de Portmany,2025-09-16 12:00:00,32.0,30.7858
Sant Antoni de Portmany,2025-09-16 13:00:00,26.0,30.699818
Sant Antoni de Portmany,2025-09-16 14:00:00,22.0,35.26037
Sant Antoni de Portmany,2025-09-16 15:00:00,53.0,34.586597
Sant Antoni de Portmany,2025-09-16 16:00:00,50.0,33.829613
Sant Antoni de Portmany,2025-09-16 17:00:00,34.0,31.919456
Sant Antoni de Portmany,2025-09-16 18:00:00,55.0,27.971964
Sant Antoni de Portmany,2025-09-16 19:00:00,28.0,28.908077
Sant Antoni de Portmany,2025-09-16 20:00:00,11.0,17.598543
Sant Antoni de Portmany,2025-09-17 08:00:00,6.0,5.3416567
Sant Antoni de Portmany,2025-09-17 09:00:00,6.0,11.527513
Sant Antoni de Portmany,2025-09-17 10:00:00,18.0,21.537169
Sant Antoni de Portmany,2025-09-17 11:00:00,26.0,24.880224
Sant Antoni de Portmany,2025-09-17 12:00:00,53.0,30.902788
Sant Antoni de Portmany,2025-09-17 13:00:00,45.0,35.722702
Sant Antoni de Portmany,2025-09-17 14:00:00,24.0,36.919544
Sant Antoni de Portmany,2025-09-17 15:00:00,40.0,39.820965
Sant Antoni de Portmany,2025-09-17 16:00:00,33.0,35.23701
Sant Antoni de Portmany,2025-09-17 17:00:00,27.0,26.768984
Sant Antoni de Portmany,2025-09-17 18:00:00,32.0,28.687107
Sant Antoni de Portmany,2025-09-17 19:00:00,39.0,27.546555
Sant Antoni de Portmany,2025-09-17 20:00:00,5.0,19.099909
Sant Antoni de Portmany,2025-09-18 08:00:00,6.0,5.4921684
Sant Antoni de Portmany,2025-09-18 09:00:00,6.0,10.919343
Sant Antoni de Portmany,2025-09-18 11:00:00,17.0,21.745707
Sant Antoni de Portmany,2025-09-18 12:00:00,41.0,29.148373
Sant Antoni de Portmany,2025-09-18 13:00:00,44.0,32.551888
Sant Antoni de Portmany,2025-09-18 14:00:00,33.0,40.342926
Sant Antoni de Portmany,2025-09-18 15:00:00,32.0,35.16852
Sant Antoni de Portmany,2025-09-18 16:00:00,40.0,35.00136
Sant Antoni de Portmany,2025-09-18 17:00:00,50.0,35.62378
Sant Antoni de Portmany,2025-09-18 18:00:00,28.0,32.292526
Sant Antoni de Portmany,2025-09-18 19:00:00,18.0,28.30229
Sant Antoni de Portmany,2025-09-18 20:00:00,8.0,25.043194
Sant Antoni de Portmany,2025-09-19 08:00:00,6.0,15.864115
Sant Antoni de Portmany,2025-09-19 09:00:00,6.0,9.64911
Sant Antoni de Portmany,2025-09-19 10:00:00,6.0,11.0954
Sant Antoni de Portmany,2025-09-19 11:00:00,9.0,19.476553
Sant Antoni de Portmany,2025-09-19 12:00:00,11.0,24.345968
Sant Antoni de Portmany,2025-09-19 13:00:00,17.0,26.82426
Sant Antoni de Portmany,2025-09-19 14:00:00,23.0,28.313944
Sant Antoni de Portmany,2025-09-19 15:00:00,25.0,31.379034
Sant Antoni de Portmany,2025-09-19 16:00:00,26.0,32.508156
Sant Antoni de Portmany,2025-09-19 17:00:00,33.0,32.6463
Sant Antoni de Portmany,2025-09-19 18:00:00,20.0,29.627499
Sant Antoni de Portmany,2025-09-19 19:00:00,20.0,24.943233
Sant Antoni de Portmany,2025-09-19 20:00:00,19.0,22.093676
Sant Antoni de Portmany,2025-09-20 08:00:00,7.0,16.824354
Sant Antoni de Portmany,2025-09-20 09:00:00,5.0,12.576232
Sant Antoni de Portmany,2025-09-20 10:00:00,5.0,12.100582
Sant Antoni de Portmany,2025-09-20 11:00:00,6.0,20.773472
Sant Antoni de Portmany,2025-09-20 12:00:00,14.0,22.303274
Sant Antoni de Portmany,2025-09-20 13:00:00,27.0,23.065956
Sant Antoni de Portmany,2025-09-20 14:00:00,30.0,24.495699
Sant Antoni de Portmany,2025-09-20 15:00:00,17.0,25.404354
Sant Antoni de Portmany,2025-09-20 16:00:00,20.0,29.67245
Sant Antoni de Portmany,2025-09-20 17:00:00,24.0,29.301178
Sant Antoni de Portmany,2025-09-20 18:00:00,39.0,30.454903
Sant Antoni de Portmany,2025-09-20 19:00:00,18.0,23.4874
Sant Antoni de Portmany,2025-09-20 20:00:00,17.0,21.250038
Sant Antoni de Portmany,2025-09-21 08:00:00,7.0,16.683035
Sant Antoni de Portmany,2025-09-21 09:00:00,6.0,12.461932
Sant Antoni de Portmany,2025-09-21 10:00:00,5.0,13.047502
Sant Antoni de Portmany,2025-09-21 11:00:00,12.0,19.624348
Sant Antoni de Portmany,2025-09-21 12:00:00,22.0,26.308321
Sant Antoni de Portmany,2025-09-21 13:00:00,24.0,28.132929
Sant Antoni de Portmany,2025-09-21 14:00:00,20.0,33.99645
Sant Antoni de Portmany,2025-09-21 15:00:00,18.0,38.164562
Sant Antoni de Portmany,2025-09-21 16:00:00,21.0,36.87687
Sant Antoni de Portmany,2025-09-21 17:00:00,27.0,33.58464
Sant Antoni de Portmany,2025-09-21 18:00:00,24.0,28.02486
Sant Antoni de Portmany,2025-09-21 19:00:00,16.0,22.166342
Sant Antoni de Portmany,2025-09-21 20:00:00,29.0,20.61277
Sant Antoni de Portmany,2025-09-22 08:00:00,6.0,15.241773
Sant Antoni de Portmany,2025-09-22 09:00:00,6.0,6.8550196
Sant Antoni de Portmany,2025-09-22 10:00:00,5.0,7.5822005
Sant Antoni de Portmany,2025-09-22 11:00:00,20.0,18.14749
Sant Antoni de Portmany,2025-09-22 12:00:00,40.0,23.279509
Sant Antoni de Portmany,2025-09-22 13:00:00,37.0,26.34783
Sant Antoni de Portmany,2025-09-22 14:00:00,25.0,24.272675
Sant Antoni de Portmany,2025-09-22 15:00:00,35.0,25.3938
Sant Antoni de Portmany,2025-09-22 16:00:00,38.0,25.341608
Sant Antoni de Portmany,2025-09-22 17:00:00,36.0,25.923935
Sant Antoni de Portmany,2025-09-22 18:00:00,24.0,23.978584
Sant Antoni de Portmany,2025-09-22 19:00:00,19.0,19.425337
Sant Antoni de Portmany,2025-09-22 20:00:00,35.0,17.977562
Sant Antoni de Portmany,2025-09-23 08:00:00,6.0,11.7557745
Sant Antoni de Portmany,2025-09-23 09:00:00,6.0,7.0074096
Sant Antoni de Portmany,2025-09-23 10:00:00,6.0,12.491214
Sant Antoni de Portmany,2025-09-23 11:00:00,30.0,17.175858
Sant Antoni de Portmany,2025-09-23 12:00:00,26.0,24.281233
Sant Antoni de Portmany,2025-09-23 13:00:00,19.0,26.203773
Sant Antoni de Portmany,2025-09-23 14:00:00,23.0,27.329021
Sant Antoni de Portmany,2025-09-23 15:00:00,35.0,27.726898
Sant Antoni de Portmany,2025-09-23 16:00:00,31.0,30.447498
Sant Antoni de Portmany,2025-09-23 17:00:00,44.0,27.389225
Sant Antoni de Portmany,2025-09-23 18:00:00,20.0,23.44092
Sant Antoni de Portmany,2025-09-23 19:00:00,23.0,18.377092
Sant Antoni de Portmany,2025-09-23 20:00:00,19.0,16.86593
Sant Antoni de Portmany,2025-09-24 08:00:00,6.0,10.521635
Sant Antoni de Portmany,2025-09-24 09:00:00,6.0,9.584309
Sant Antoni de Portmany,2025-09-24 10:00:00,5.0,13.607816
Sant Antoni de Portmany,2025-09-24 11:00:00,14.0,17.24107
Sant Antoni de Portmany,2025-09-24 12:00:00,27.0,22.158571
Sant Antoni de Portmany,2025-09-24 13:00:00,50.0,21.479387
Sant Antoni de Portmany,2025-09-24 14:00:00,34.0,26.044756
Sant Antoni de Portmany,2025-09-24 15:00:00,31.0,27.053112
Sant Antoni de Portmany,2025-09-24 16:00:00,48.0,27.590633
Sant Antoni de Portmany,2025-09-24 17:00:00,45.0,24.995348
Sant Antoni de Portmany,2025-09-24 18:00:00,30.0,25.696342
Sant Antoni de Portmany,2025-09-24 19:00:00,13.0,18.68573
Sant Antoni de Portmany,2025-09-24 20:00:00,15.0,17.449219
Sant Antoni de Portmany,2025-09-25 08:00:00,6.0,12.128427
Sant Antoni de Portmany,2025-09-25 09:00:00,6.0,13.319137
Sant Antoni de Portmany,2025-09-25 10:00:00,5.0,15.748849
Sant Antoni de Portmany,2025-09-25 11:00:00,24.0,19.079222
Sant Antoni de Portmany,2025-09-25 12:00:00,22.0,17.583132
Sant Antoni de Portmany,2025-09-25 13:00:00,21.0,22.188171
Sant Antoni de Portmany,2025-09-25 14:00:00,33.0,30.325602
Sant Antoni de Portmany,2025-09-25 15:00:00,34.0,36.89457
Sant Antoni de Portmany,2025-09-25 16:00:00,40.0,35.753025
Sant Antoni de Portmany,2025-09-25 17:00:00,48.0,33.275375
Sant Antoni de Portmany,2025-09-25 18:00:00,43.0,30.383678
Sant Antoni de Portmany,2025-09-25 19:00:00,18.0,22.664707
Sant Antoni de Portmany,2025-09-25 20:00:00,31.0,21.127604
Sant Antoni de Portmany,2025-09-26 08:00:00,6.0,14.406668
Sant Antoni de Portmany,2025-09-26 09:00:00,6.0,13.809172
Sant Antoni de Portmany,2025-09-26 10:00:00,5.0,13.592458
Sant Antoni de Portmany,2025-09-26 11:00:00,20.0,16.32073
Sant Antoni de Portmany,2025-09-26 12:00:00,17.0,16.92807
Sant Antoni de Portmany,2025-09-26 13:00:00,24.0,18.42027
Sant Antoni de Portmany,2025-09-26 14:00:00,20.0,19.593441
Sant Antoni de Portmany,2025-09-26 15:00:00,43.0,24.108355
Sant Antoni de Portmany,2025-09-26 16:00:00,43.0,29.229425
Sant Antoni de Portmany,2025-09-26 17:00:00,38.0,27.032816
Sant Antoni de Portmany,2025-09-26 18:00:00,28.0,22.816292
Sant Antoni de Portmany,2025-09-26 19:00:00,32.0,23.484783
Sant Antoni de Portmany,2025-09-26 20:00:00,14.0,17.629366
Sant Antoni de Portmany,2025-09-27 08:00:00,5.0,11.09201
Sant Antoni de Portmany,2025-09-27 09:00:00,5.0,12.19297
Sant Antoni de Portmany,2025-09-27 10:00:00,5.0,12.492146
Sant Antoni de Portmany,2025-09-27 11:00:00,16.0,19.744036
Sant Antoni de Portmany,2025-09-27 12:00:00,23.0,18.108198
Sant Antoni de Portmany,2025-09-27 13:00:00,23.0,23.156422
Sant Antoni de Portmany,2025-09-27 14:00:00,25.0,24.284054
Sant Antoni de Portmany,2025-09-27 15:00:00,18.0,22.65852
Sant Antoni de Portmany,2025-09-27 16:00:00,26.0,22.707867
Sant Antoni de Portmany,2025-09-27 17:00:00,19.0,20.7609
Sant Antoni de Portmany,2025-09-27 18:00:00,14.0,21.62247
Sant Antoni de Portmany,2025-09-27 19:00:00,12.0,19.21163
Sant Antoni de Portmany,2025-09-27 20:00:00,18.0,18.952856
Sant Antoni de Portmany,2025-09-28 08:00:00,6.0,12.877974
Sant Antoni de Portmany,2025-09-28 09:00:00,6.0,12.616625
Sant Antoni de Portmany,2025-09-28 10:00:00,5.0,12.53067
Sant Antoni de Portmany,2025-09-28 11:00:00,22.0,18.997082
Sant Antoni de Portmany,2025-09-28 12:00:00,47.0,26.130024
Sant Antoni de Portmany,2025-09-28 13:00:00,54.0,28.498621
Sant Antoni de Portmany,2025-09-28 14:00:00,35.0,27.278559
Sant Antoni de Portmany,2025-09-28 15:00:00,56.0,40.035755
Sant Antoni de Portmany,2025-09-28 16:00:00,57.0,34.94065
Sant Antoni de Portmany,2025-09-28 17:00:00,65.0,30.827085
Sant Antoni de Portmany,2025-09-28 18:00:00,53.0,29.454767
Sant Antoni de Portmany,2025-09-28 19:00:00,49.0,22.226387
Sant Antoni de Portmany,2025-09-28 20:00:00,37.0,21.237614
Sant Antoni de Portmany,2025-09-29 08:00:00,6.0,14.194857
Sant Antoni de Portmany,2025-09-29 09:00:00,5.0,14.0779705
Sant Antoni de Portmany,2025-09-29 10:00:00,5.0,13.715042
Sant Antoni de Portmany,2025-09-29 11:00:00,26.0,20.14306
Sant Antoni de Portmany,2025-09-29 12:00:00,42.0,25.405588
Sant Antoni de Portmany,2025-09-29 13:00:00,43.0,31.845173
Sant Antoni de Portmany,2025-09-29 14:00:00,51.0,34.645123
Sant Antoni de Portmany,2025-09-29 15:00:00,52.0,37.531612
Sant Antoni de Portmany,2025-09-29 16:00:00,58.0,35.12863
Sant Antoni de Portmany,2025-09-29 17:00:00,68.0,31.132267
Sant Antoni de Portmany,2025-09-29 18:00:00,54.0,25.975868
Sant Antoni de Portmany,2025-09-29 19:00:00,39.0,21.60806
Sant Antoni de Portmany,2025-09-29 20:00:00,34.0,20.885485
Son Serra de Marina,2025-09-01 08:00:00,38.0,26.370754
Son Serra de Marina,2025-09-01 09:00:00,5.0,12.901435
Son Serra de Marina,2025-09-01 10:00:00,4.0,15.819797
Son Serra de Marina,2025-09-01 11:00:00,20.0,28.472307
Son Serra de Marina,2025-09-01 12:00:00,43.0,43.9435
Son Serra de Marina,2025-09-01 13:00:00,48.0,44.41723
Son Serra de Marina,2025-09-01 14:00:00,60.0,45.94602
Son Serra de Marina,2025-09-01 15:00:00,62.0,46.499992
Son Serra de Marina,2025-09-01 16:00:00,51.0,43.03287
Son Serra de Marina,2025-09-01 17:00:00,67.0,41.251064
Son Serra de Marina,2025-09-01 18:00:00,38.0,39.406475
Son Serra de Marina,2025-09-01 19:00:00,26.0,35.667522
Son Serra de Marina,2025-09-01 20:00:00,28.0,29.654255
Son Serra de Marina,2025-09-02 08:00:00,41.0,25.157194
Son Serra de Marina,2025-09-02 09:00:00,5.0,12.955806
Son Serra de Marina,2025-09-02 10:00:00,3.0,14.256501
Son Serra de Marina,2025-09-02 11:00:00,12.0,23.534052
Son Serra de Marina,2025-09-02 12:00:00,18.0,34.072884
Son Serra de Marina,2025-09-02 13:00:00,27.0,30.238537
Son Serra de Marina,2025-09-02 14:00:00,21.0,33.098976
Son Serra de Marina,2025-09-02 15:00:00,18.0,33.246532
Son Serra de Marina,2025-09-02 16:00:00,20.0,32.76977
Son Serra de Marina,2025-09-02 17:00:00,31.0,34.37143
Son Serra de Marina,2025-09-02 18:00:00,21.0,33.752304
Son Serra de Marina,2025-09-02 19:00:00,17.0,33.003014
Son Serra de Marina,2025-09-02 20:00:00,30.0,25.757214
Son Serra de Marina,2025-09-03 08:00:00,17.0,21.973913
Son Serra de Marina,2025-09-03 09:00:00,8.0,8.73946
Son Serra de Marina,2025-09-03 10:00:00,6.0,12.891721
Son Serra de Marina,2025-09-03 11:00:00,11.0,29.641283
Son Serra de Marina,2025-09-03 12:00:00,37.0,42.69794
Son Serra de Marina,2025-09-03 13:00:00,28.0,46.864307
Son Serra de Marina,2025-09-03 14:00:00,42.0,50.82146
Son Serra de Marina,2025-09-03 15:00:00,38.0,52.349377
Son Serra de Marina,2025-09-03 16:00:00,36.0,49.622475
Son Serra de Marina,2025-09-03 17:00:00,25.0,42.205437
Son Serra de Marina,2025-09-03 18:00:00,35.0,39.300083
Son Serra de Marina,2025-09-03 19:00:00,41.0,35.320465
Son Serra de Marina,2025-09-03 20:00:00,48.0,29.954285
Son Serra de Marina,2025-09-04 08:00:00,28.0,24.590576
Son Serra de Marina,2025-09-04 09:00:00,5.0,10.26817
Son Serra de Marina,2025-09-04 10:00:00,2.0,14.506017
Son Serra de Marina,2025-09-04 11:00:00,13.0,27.403027
Son Serra de Marina,2025-09-04 12:00:00,34.0,34.80225
Son Serra de Marina,2025-09-04 13:00:00,62.0,49.965904
Son Serra de Marina,2025-09-04 14:00:00,45.0,58.28158
Son Serra de Marina,2025-09-04 15:00:00,37.0,64.98979
Son Serra de Marina,2025-09-04 16:00:00,30.0,52.797382
Son Serra de Marina,2025-09-04 17:00:00,65.0,45.543617
Son Serra de Marina,2025-09-04 18:00:00,58.0,36.213165
Son Serra de Marina,2025-09-04 19:00:00,35.0,37.04191
Son Serra de Marina,2025-09-04 20:00:00,40.0,32.053097
Son Serra de Marina,2025-09-05 08:00:00,30.0,18.278944
Son Serra de Marina,2025-09-05 09:00:00,2.0,8.425444
Son Serra de Marina,2025-09-05 10:00:00,2.0,14.710856
Son Serra de Marina,2025-09-05 11:00:00,12.0,24.053946
Son Serra de Marina,2025-09-05 12:00:00,12.0,29.617615
Son Serra de Marina,2025-09-05 13:00:00,16.0,28.808414
Son Serra de Marina,2025-09-05 14:00:00,13.0,36.541786
Son Serra de Marina,2025-09-05 15:00:00,7.0,36.462204
Son Serra de Marina,2025-09-05 16:00:00,9.0,28.412687
Son Serra de Marina,2025-09-05 17:00:00,23.0,24.875607
Son Serra de Marina,2025-09-05 18:00:00,14.0,34.07084
Son Serra de Marina,2025-09-05 19:00:00,8.0,29.331142
Son Serra de Marina,2025-09-05 20:00:00,14.0,23.318203
Son Serra de Marina,2025-09-06 08:00:00,13.0,18.439981
Son Serra de Marina,2025-09-06 09:00:00,2.0,6.163558
Son Serra de Marina,2025-09-06 10:00:00,2.0,12.417885
Son Serra de Marina,2025-09-06 11:00:00,3.0,19.504816
Son Serra de Marina,2025-09-06 12:00:00,5.0,21.685272
Son Serra de Marina,2025-09-06 13:00:00,7.0,22.547882
Son Serra de Marina,2025-09-06 14:00:00,5.0,21.870548
Son Serra de Marina,2025-09-06 15:00:00,5.0,25.77772
Son Serra de Marina,2025-09-06 16:00:00,5.0,27.71885
Son Serra de Marina,2025-09-06 17:00:00,4.0,25.795351
Son Serra de Marina,2025-09-06 18:00:00,4.0,28.80726
Son Serra de Marina,2025-09-06 19:00:00,4.0,27.006897
Son Serra de Marina,2025-09-06 20:00:00,8.0,20.808538
Son Serra de Marina,2025-09-07 08:00:00,4.0,15.736856
Son Serra de Marina,2025-09-07 09:00:00,2.0,10.297586
Son Serra de Marina,2025-09-07 10:00:00,2.0,12.749112
Son Serra de Marina,2025-09-07 11:00:00,5.0,22.98086
Son Serra de Marina,2025-09-07 12:00:00,20.0,31.498835
Son Serra de Marina,2025-09-07 13:00:00,43.0,32.29321
Son Serra de Marina,2025-09-07 14:00:00,4.0,30.831924
Son Serra de Marina,2025-09-07 15:00:00,26.0,33.87287
Son Serra de Marina,2025-09-07 16:00:00,37.0,32.488678
Son Serra de Marina,2025-09-07 17:00:00,32.0,29.53211
Son Serra de Marina,2025-09-07 18:00:00,25.0,28.386885
Son Serra de Marina,2025-09-07 19:00:00,16.0,27.560122
Son Serra de Marina,2025-09-07 20:00:00,6.0,21.520142
Son Serra de Marina,2025-09-08 08:00:00,4.0,7.249398
Son Serra de Marina,2025-09-08 09:00:00,3.0,9.288259
Son Serra de Marina,2025-09-08 10:00:00,27.0,19.230127
Son Serra de Marina,2025-09-08 11:00:00,39.0,30.56974
Son Serra de Marina,2025-09-08 12:00:00,62.0,29.427534
Son Serra de Marina,2025-09-08 13:00:00,55.0,25.868416
Son Serra de Marina,2025-09-08 14:00:00,32.0,25.825897
Son Serra de Marina,2025-09-08 15:00:00,32.0,33.83148
Son Serra de Marina,2025-09-08 16:00:00,43.0,28.573128
Son Serra de Marina,2025-09-08 17:00:00,47.0,23.243095
Son Serra de Marina,2025-09-08 18:00:00,29.0,22.211124
Son Serra de Marina,2025-09-08 19:00:00,22.0,20.487122
Son Serra de Marina,2025-09-08 20:00:00,7.0,15.070156
Son Serra de Marina,2025-09-09 08:00:00,8.0,4.544986
Son Serra de Marina,2025-09-09 09:00:00,3.0,6.3365984
Son Serra de Marina,2025-09-09 10:00:00,26.0,16.961147
Son Serra de Marina,2025-09-09 11:00:00,48.0,22.935726
Son Serra de Marina,2025-09-09 12:00:00,85.0,27.790945
Son Serra de Marina,2025-09-09 13:00:00,70.0,26.064968
Son Serra de Marina,2025-09-09 14:00:00,51.0,26.549286
Son Serra de Marina,2025-09-09 15:00:00,43.0,22.420675
Son Serra de Marina,2025-09-09 16:00:00,24.0,15.732534
Son Serra de Marina,2025-09-09 17:00:00,26.0,17.413893
Son Serra de Marina,2025-09-09 18:00:00,31.0,15.754385
Son Serra de Marina,2025-09-09 19:00:00,25.0,15.533558
Son Serra de Marina,2025-09-09 20:00:00,31.0,13.615497
Son Serra de Marina,2025-09-10 08:00:00,16.0,4.2723727
Son Serra de Marina,2025-09-10 10:00:00,17.0,4.3982534
Son Serra de Marina,2025-09-10 11:00:00,38.0,12.991659
Son Serra de Marina,2025-09-10 12:00:00,55.0,21.858343
Son Serra de Marina,2025-09-10 13:00:00,63.0,20.40846
Son Serra de Marina,2025-09-10 14:00:00,80.0,21.66467
Son Serra de Marina,2025-09-10 15:00:00,54.0,24.522715
Son Serra de Marina,2025-09-10 16:00:00,49.0,22.143764
Son Serra de Marina,2025-09-10 17:00:00,63.0,22.25617
Son Serra de Marina,2025-09-10 18:00:00,54.0,15.305071
Son Serra de Marina,2025-09-10 19:00:00,45.0,14.509538
Son Serra de Marina,2025-09-10 20:00:00,41.0,14.601883
Son Serra de Marina,2025-09-11 08:00:00,19.0,11.123455
Son Serra de Marina,2025-09-11 09:00:00,12.0,5.931619
Son Serra de Marina,2025-09-11 10:00:00,7.0,8.264829
Son Serra de Marina,2025-09-11 11:00:00,22.0,15.695994
Son Serra de Marina,2025-09-11 12:00:00,38.0,25.44179
Son Serra de Marina,2025-09-11 13:00:00,56.0,24.976942
Son Serra de Marina,2025-09-11 14:00:00,65.0,25.885258
Son Serra de Marina,2025-09-11 15:00:00,49.0,28.456099
Son Serra de Marina,2025-09-11 16:00:00,39.0,29.704973
Son Serra de Marina,2025-09-11 17:00:00,50.0,27.332426
Son Serra de Marina,2025-09-11 18:00:00,53.0,25.348043
Son Serra de Marina,2025-09-11 19:00:00,46.0,21.155663
Son Serra de Marina,2025-09-11 20:00:00,42.0,20.776909
Son Serra de Marina,2025-09-12 08:00:00,11.0,15.937396
Son Serra de Marina,2025-09-12 09:00:00,7.0,12.4901085
Son Serra de Marina,2025-09-12 10:00:00,4.0,14.109571
Son Serra de Marina,2025-09-12 11:00:00,16.0,24.576258
Son Serra de Marina,2025-09-12 12:00:00,42.0,36.54669
Son Serra de Marina,2025-09-12 13:00:00,44.0,34.33716
Son Serra de Marina,2025-09-12 14:00:00,40.0,36.893353
Son Serra de Marina,2025-09-12 15:00:00,44.0,39.70348
Son Serra de Marina,2025-09-12 16:00:00,64.0,39.233856
Son Serra de Marina,2025-09-12 17:00:00,44.0,35.233814
Son Serra de Marina,2025-09-12 18:00:00,44.0,29.551384
Son Serra de Marina,2025-09-12 19:00:00,20.0,29.48075
Son Serra de Marina,2025-09-12 20:00:00,21.0,26.925201
Son Serra de Marina,2025-09-13 08:00:00,7.0,22.233524
Son Serra de Marina,2025-09-13 09:00:00,7.0,12.337545
Son Serra de Marina,2025-09-13 10:00:00,7.0,14.424096
Son Serra de Marina,2025-09-13 11:00:00,11.0,26.032972
Son Serra de Marina,2025-09-13 12:00:00,25.0,40.868336
Son Serra de Marina,2025-09-13 13:00:00,38.0,36.065956
Son Serra de Marina,2025-09-13 14:00:00,25.0,37.400253
Son Serra de Marina,2025-09-13 15:00:00,30.0,39.977283
Son Serra de Marina,2025-09-13 16:00:00,50.0,41.251015
Son Serra de Marina,2025-09-13 17:00:00,25.0,42.49642
Son Serra de Marina,2025-09-13 18:00:00,24.0,42.16414
Son Serra de Marina,2025-09-13 19:00:00,22.0,36.733803
Son Serra de Marina,2025-09-13 20:00:00,19.0,31.305983
Son Serra de Marina,2025-09-14 08:00:00,6.0,22.345848
Son Serra de Marina,2025-09-14 09:00:00,6.0,13.596284
Son Serra de Marina,2025-09-14 10:00:00,5.0,19.921354
Son Serra de Marina,2025-09-14 11:00:00,19.0,35.440315
Son Serra de Marina,2025-09-14 12:00:00,40.0,47.838097
Son Serra de Marina,2025-09-14 13:00:00,38.0,42.219612
Son Serra de Marina,2025-09-14 14:00:00,53.0,38.93238
Son Serra de Marina,2025-09-14 15:00:00,38.0,44.081394
Son Serra de Marina,2025-09-14 16:00:00,65.0,42.05162
Son Serra de Marina,2025-09-14 17:00:00,39.0,44.04114
Son Serra de Marina,2025-09-14 18:00:00,28.0,45.58457
Son Serra de Marina,2025-09-14 19:00:00,25.0,37.40272
Son Serra de Marina,2025-09-14 20:00:00,18.0,31.444096
Son Serra de Marina,2025-09-15 08:00:00,6.0,23.199831
Son Serra de Marina,2025-09-15 09:00:00,4.0,13.681096
Son Serra de Marina,2025-09-15 10:00:00,3.0,16.259806
Son Serra de Marina,2025-09-15 11:00:00,18.0,28.805851
Son Serra de Marina,2025-09-15 12:00:00,37.0,44.64977
Son Serra de Marina,2025-09-15 13:00:00,44.0,40.28398
Son Serra de Marina,2025-09-15 14:00:00,55.0,44.98886
Son Serra de Marina,2025-09-15 15:00:00,53.0,46.56413
Son Serra de Marina,2025-09-15 16:00:00,52.0,46.121025
Son Serra de Marina,2025-09-15 17:00:00,54.0,40.327957
Son Serra de Marina,2025-09-15 18:00:00,50.0,40.65679
Son Serra de Marina,2025-09-15 19:00:00,37.0,34.411205
Son Serra de Marina,2025-09-15 20:00:00,17.0,29.872541
Son Serra de Marina,2025-09-16 08:00:00,3.0,21.51419
Son Serra de Marina,2025-09-16 09:00:00,4.0,8.696137
Son Serra de Marina,2025-09-16 10:00:00,6.0,14.277368
Son Serra de Marina,2025-09-16 11:00:00,15.0,26.807241
Son Serra de Marina,2025-09-16 12:00:00,29.0,32.748184
Son Serra de Marina,2025-09-16 13:00:00,37.0,32.47889
Son Serra de Marina,2025-09-16 14:00:00,28.0,40.227295
Son Serra de Marina,2025-09-16 15:00:00,39.0,36.246773
Son Serra de Marina,2025-09-16 16:00:00,29.0,37.312813
Son Serra de Marina,2025-09-16 17:00:00,39.0,36.68946
Son Serra de Marina,2025-09-16 18:00:00,55.0,33.1133
Son Serra de Marina,2025-09-16 19:00:00,23.0,26.172993
Son Serra de Marina,2025-09-16 20:00:00,33.0,23.640852
Son Serra de Marina,2025-09-17 08:00:00,14.0,14.494798
Son Serra de Marina,2025-09-17 09:00:00,8.0,10.349375
Son Serra de Marina,2025-09-17 10:00:00,7.0,11.866407
Son Serra de Marina,2025-09-17 11:00:00,17.0,21.84862
Son Serra de Marina,2025-09-17 12:00:00,28.0,32.080444
Son Serra de Marina,2025-09-17 13:00:00,48.0,29.847513
Son Serra de Marina,2025-09-17 14:00:00,63.0,37.34659
Son Serra de Marina,2025-09-17 15:00:00,64.0,37.891068
Son Serra de Marina,2025-09-17 16:00:00,51.0,29.665474
Son Serra de Marina,2025-09-17 17:00:00,67.0,30.266323
Son Serra de Marina,2025-09-17 18:00:00,55.0,27.738794
Son Serra de Marina,2025-09-17 19:00:00,33.0,26.307169
Son Serra de Marina,2025-09-17 20:00:00,30.0,25.181513
Son Serra de Marina,2025-09-18 08:00:00,13.0,16.977098
Son Serra de Marina,2025-09-18 09:00:00,11.0,9.96714
Son Serra de Marina,2025-09-18 10:00:00,5.0,12.150224
Son Serra de Marina,2025-09-18 11:00:00,30.0,21.83761
Son Serra de Marina,2025-09-18 12:00:00,37.0,34.43382
Son Serra de Marina,2025-09-18 13:00:00,58.0,34.272324
Son Serra de Marina,2025-09-18 14:00:00,89.0,43.76807
Son Serra de Marina,2025-09-18 15:00:00,62.0,46.125114
Son Serra de Marina,2025-09-18 16:00:00,59.0,44.44186
Son Serra de Marina,2025-09-18 17:00:00,75.0,34.71702
Son Serra de Marina,2025-09-18 18:00:00,88.0,30.841286
Son Serra de Marina,2025-09-18 19:00:00,25.0,23.681974
Son Serra de Marina,2025-09-18 20:00:00,12.0,24.814253
Son Serra de Marina,2025-09-19 08:00:00,4.0,15.742562
Son Serra de Marina,2025-09-19 09:00:00,4.0,11.648959
Son Serra de Marina,2025-09-19 10:00:00,3.0,13.01616
Son Serra de Marina,2025-09-19 11:00:00,10.0,20.66064
Son Serra de Marina,2025-09-19 12:00:00,6.0,20.817589
Son Serra de Marina,2025-09-19 13:00:00,11.0,22.153614
Son Serra de Marina,2025-09-19 14:00:00,13.0,23.915377
Son Serra de Marina,2025-09-19 15:00:00,14.0,30.809147
Son Serra de Marina,2025-09-19 16:00:00,20.0,31.301445
Son Serra de Marina,2025-09-19 17:00:00,47.0,30.858587
Son Serra de Marina,2025-09-19 18:00:00,12.0,30.85041
Son Serra de Marina,2025-09-19 19:00:00,21.0,25.727825
Son Serra de Marina,2025-09-19 20:00:00,13.0,23.836367
Son Serra de Marina,2025-09-20 08:00:00,3.0,15.829479
Son Serra de Marina,2025-09-20 09:00:00,3.0,12.247306
Son Serra de Marina,2025-09-20 10:00:00,4.0,12.543372
Son Serra de Marina,2025-09-20 11:00:00,4.0,22.58234
Son Serra de Marina,2025-09-20 12:00:00,16.0,23.792688
Son Serra de Marina,2025-09-20 13:00:00,17.0,22.610853
Son Serra de Marina,2025-09-20 14:00:00,14.0,26.50222
Son Serra de Marina,2025-09-20 15:00:00,5.0,27.643719
Son Serra de Marina,2025-09-20 16:00:00,12.0,34.635094
Son Serra de Marina,2025-09-20 17:00:00,18.0,33.648804
Son Serra de Marina,2025-09-20 18:00:00,11.0,31.382025
Son Serra de Marina,2025-09-20 19:00:00,12.0,28.653194
Son Serra de Marina,2025-09-20 20:00:00,11.0,26.821032
Son Serra de Marina,2025-09-21 08:00:00,4.0,18.844404
Son Serra de Marina,2025-09-21 09:00:00,4.0,15.384906
Son Serra de Marina,2025-09-21 10:00:00,2.0,14.706135
Son Serra de Marina,2025-09-21 11:00:00,8.0,24.96311
Son Serra de Marina,2025-09-21 12:00:00,16.0,46.49567
Son Serra de Marina,2025-09-21 13:00:00,15.0,44.554455
Son Serra de Marina,2025-09-21 14:00:00,20.0,41.813652
Son Serra de Marina,2025-09-21 15:00:00,32.0,47.733788
Son Serra de Marina,2025-09-21 16:00:00,57.0,50.048573
Son Serra de Marina,2025-09-21 17:00:00,31.0,36.52747
Son Serra de Marina,2025-09-21 18:00:00,27.0,33.32855
Son Serra de Marina,2025-09-21 19:00:00,11.0,30.958548
Son Serra de Marina,2025-09-21 20:00:00,19.0,29.3705
Son Serra de Marina,2025-09-22 08:00:00,5.0,19.54633
Son Serra de Marina,2025-09-22 09:00:00,11.0,8.9311695
Son Serra de Marina,2025-09-22 10:00:00,5.0,8.152892
Son Serra de Marina,2025-09-22 11:00:00,14.0,25.061064
Son Serra de Marina,2025-09-22 12:00:00,30.0,35.643536
Son Serra de Marina,2025-09-22 13:00:00,57.0,39.910564
Son Serra de Marina,2025-09-22 14:00:00,54.0,41.033188
Son Serra de Marina,2025-09-22 15:00:00,44.0,43.331882
Son Serra de Marina,2025-09-22 16:00:00,41.0,39.492092
Son Serra de Marina,2025-09-22 17:00:00,34.0,32.04348
Son Serra de Marina,2025-09-22 18:00:00,19.0,27.451633
Son Serra de Marina,2025-09-22 19:00:00,19.0,26.497858
Son Serra de Marina,2025-09-22 20:00:00,9.0,25.816992
Son Serra de Marina,2025-09-23 08:00:00,5.0,14.502538
Son Serra de Marina,2025-09-23 09:00:00,3.0,7.2188306
Son Serra de Marina,2025-09-23 10:00:00,3.0,11.121572
Son Serra de Marina,2025-09-23 11:00:00,9.0,19.860415
Son Serra de Marina,2025-09-23 12:00:00,21.0,19.382587
Son Serra de Marina,2025-09-23 13:00:00,73.0,19.988565
Son Serra de Marina,2025-09-23 14:00:00,57.0,22.179909
Son Serra de Marina,2025-09-23 15:00:00,30.0,26.128107
Son Serra de Marina,2025-09-23 16:00:00,30.0,23.086868
Son Serra de Marina,2025-09-23 17:00:00,45.0,23.920332
Son Serra de Marina,2025-09-23 18:00:00,35.0,20.958
Son Serra de Marina,2025-09-23 19:00:00,41.0,21.958946
Son Serra de Marina,2025-09-23 20:00:00,16.0,20.192675
Son Serra de Marina,2025-09-26 08:00:00,4.0,12.770623
Son Serra de Marina,2025-09-26 09:00:00,3.0,8.694833
Son Serra de Marina,2025-09-26 10:00:00,4.0,12.450991
Son Serra de Marina,2025-09-26 11:00:00,13.0,12.520319
Son Serra de Marina,2025-09-26 12:00:00,15.0,17.680586
Son Serra de Marina,2025-09-26 13:00:00,22.0,16.054064
Son Serra de Marina,2025-09-26 14:00:00,23.0,18.81146
Son Serra de Marina,2025-09-26 15:00:00,30.0,17.44512
Son Serra de Marina,2025-09-26 16:00:00,20.0,18.48703
Son Serra de Marina,2025-09-26 17:00:00,12.0,13.295528
Son Serra de Marina,2025-09-26 18:00:00,8.0,14.430076
Son Serra de Marina,2025-09-26 19:00:00,16.0,13.043662
Son Serra de Marina,2025-09-26 20:00:00,8.0,12.901057
Son Serra de Marina,2025-09-27 08:00:00,3.0,8.198704
Son Serra de Marina,2025-09-27 09:00:00,3.0,7.566664
Son Serra de Marina,2025-09-27 10:00:00,3.0,8.000757
Son Serra de Marina,2025-09-27 11:00:00,8.0,17.23502
Son Serra de Marina,2025-09-27 12:00:00,15.0,20.223307
Son Serra de Marina,2025-09-27 13:00:00,21.0,19.823975
Son Serra de Marina,2025-09-27 14:00:00,24.0,21.472807
Son Serra de Marina,2025-09-27 15:00:00,35.0,21.36305
Son Serra de Marina,2025-09-27 16:00:00,26.0,22.113611
Son Serra de Marina,2025-09-27 17:00:00,27.0,21.111347
Son Serra de Marina,2025-09-27 18:00:00,21.0,18.47312
Son Serra de Marina,2025-09-27 19:00:00,17.0,16.972345
Son Serra de Marina,2025-09-27 20:00:00,16.0,15.41454
Son Serra de Marina,2025-09-28 08:00:00,3.0,10.915017
Son Serra de Marina,2025-09-28 09:00:00,4.0,8.898111
Son Serra de Marina,2025-09-28 10:00:00,3.0,13.752635
Son Serra de Marina,2025-09-28 11:00:00,13.0,21.545307
Son Serra de Marina,2025-09-28 12:00:00,11.0,26.844265
Son Serra de Marina,2025-09-28 13:00:00,25.0,25.754969
Son Serra de Marina,2025-09-28 14:00:00,24.0,22.449762
Son Serra de Marina,2025-09-28 15:00:00,24.0,24.839266
Son Serra de Marina,2025-09-28 16:00:00,37.0,29.141094
Son Serra de Marina,2025-09-28 17:00:00,27.0,31.59962
Son Serra de Marina,2025-09-28 18:00:00,19.0,25.545748
Son Serra de Marina,2025-09-28 19:00:00,19.0,21.403278
Son Serra de Marina,2025-09-28 20:00:00,10.0,20.687328
Son Serra de Marina,2025-09-29 08:00:00,3.0,12.4675665
Son Serra de Marina,2025-09-29 09:00:00,3.0,10.577525
Son Serra de Marina,2025-09-29 10:00:00,5.0,12.6422825
Son Serra de Marina,2025-09-29 11:00:00,13.0,19.65776
Son Serra de Marina,2025-09-29 12:00:00,35.0,22.474703
Son Serra de Marina,2025-09-29 13:00:00,35.0,24.978865
Son Serra de Marina,2025-09-29 14:00:00,37.0,26.37982
Son Serra de Marina,2025-09-29 15:00:00,45.0,24.690966
Son Serra de Marina,2025-09-29 16:00:00,47.0,24.874758
Son Serra de Marina,2025-09-29 17:00:00,41.0,21.468346
Son Serra de Marina,2025-09-29 18:00:00,18.0,19.712515
Son Serra de Marina,2025-09-29 19:00:00,21.0,18.294865
Son Serra de Marina,2025-09-29 20:00:00,22.0,17.643433
