unique_id,ds,y_target,y_pred
Badia de Pollença,2025-06-01 08:00:00,21.0,19.111078
Badia de Pollença,2025-06-01 09:00:00,14.0,16.424112
Badia de Pollença,2025-06-01 10:00:00,18.0,14.965733
Badia de Pollença,2025-06-01 11:00:00,12.0,18.407032
Badia de Pollença,2025-06-01 12:00:00,5.0,14.768801
Badia de Pollença,2025-06-01 13:00:00,7.0,13.162028
Badia de Pollença,2025-06-01 14:00:00,4.0,9.817264
Badia de Pollença,2025-06-01 15:00:00,6.0,9.4892435
Badia de Pollença,2025-06-01 16:00:00,5.0,8.39641
Badia de Pollença,2025-06-01 17:00:00,5.0,-0.21478821
Badia de Pollença,2025-06-01 18:00:00,16.0,15.506367
Badia de Pollença,2025-06-01 19:00:00,19.0,22.294716
Badia de Pollença,2025-06-01 20:00:00,16.0,20.714722
Badia de Pollença,2025-06-02 08:00:00,11.0,20.554518
Badia de Pollença,2025-06-02 09:00:00,12.0,17.273762
Badia de Pollença,2025-06-02 10:00:00,11.0,18.262272
Badia de Pollença,2025-06-02 11:00:00,17.0,21.782602
Badia de Pollença,2025-06-02 12:00:00,10.0,17.298265
Badia de Pollença,2025-06-02 13:00:00,10.0,18.316727
Badia de Pollença,2025-06-02 14:00:00,5.0,15.448844
Badia de Pollença,2025-06-02 15:00:00,9.0,12.179766
Badia de Pollença,2025-06-02 16:00:00,9.0,10.616171
Badia de Pollença,2025-06-02 17:00:00,6.0,1.3913972
Badia de Pollença,2025-06-02 18:00:00,14.0,17.527872
Badia de Pollença,2025-06-02 19:00:00,15.0,29.995052
Badia de Pollença,2025-06-02 20:00:00,15.0,37.518642
Badia de Pollença,2025-06-03 08:00:00,13.0,37.392986
Badia de Pollença,2025-06-03 09:00:00,11.0,33.197823
Badia de Pollença,2025-06-03 10:00:00,9.0,30.246616
Badia de Pollença,2025-06-03 11:00:00,11.0,31.915323
Badia de Pollença,2025-06-03 12:00:00,10.0,26.874056
Badia de Pollença,2025-06-03 13:00:00,8.0,20.75582
Badia de Pollença,2025-06-03 14:00:00,10.0,17.675526
Badia de Pollença,2025-06-03 15:00:00,5.0,14.398834
Badia de Pollença,2025-06-03 16:00:00,5.0,11.242064
Badia de Pollença,2025-06-03 17:00:00,6.0,1.4576863
Badia de Pollença,2025-06-03 18:00:00,14.0,16.818707
Badia de Pollença,2025-06-03 19:00:00,15.0,36.425243
Badia de Pollença,2025-06-03 20:00:00,18.0,35.108505
Badia de Pollença,2025-06-04 08:00:00,14.0,35.065514
Badia de Pollença,2025-06-04 09:00:00,13.0,23.324617
Badia de Pollença,2025-06-04 10:00:00,11.0,28.252705
Badia de Pollença,2025-06-04 11:00:00,13.0,31.818077
Badia de Pollença,2025-06-04 12:00:00,13.0,19.640703
Badia de Pollença,2025-06-04 13:00:00,11.0,17.719286
Badia de Pollença,2025-06-04 14:00:00,8.0,17.071718
Badia de Pollença,2025-06-04 15:00:00,7.0,12.400555
Badia de Pollença,2025-06-04 16:00:00,10.0,11.1262045
Badia de Pollença,2025-06-04 17:00:00,5.0,0.86703837
Badia de Pollença,2025-06-04 18:00:00,14.0,15.607553
Badia de Pollença,2025-06-04 19:00:00,15.0,30.808495
Badia de Pollença,2025-06-04 20:00:00,19.0,34.56067
Badia de Pollença,2025-06-05 08:00:00,24.0,36.957027
Badia de Pollença,2025-06-05 09:00:00,15.0,31.685356
Badia de Pollença,2025-06-05 10:00:00,10.0,31.575953
Badia de Pollença,2025-06-05 11:00:00,9.0,29.346678
Badia de Pollença,2025-06-05 12:00:00,7.0,29.386965
Badia de Pollença,2025-06-05 13:00:00,5.0,25.764729
Badia de Pollença,2025-06-05 14:00:00,10.0,22.783062
Badia de Pollença,2025-06-05 15:00:00,10.0,15.7923355
Badia de Pollença,2025-06-05 16:00:00,9.0,12.6414385
Badia de Pollença,2025-06-05 17:00:00,5.0,4.2588177
Badia de Pollença,2025-06-05 18:00:00,17.0,21.411503
Badia de Pollença,2025-06-05 19:00:00,25.0,28.072096
Badia de Pollença,2025-06-05 20:00:00,34.0,24.278507
Badia de Pollença,2025-06-06 08:00:00,24.0,32.46176
Badia de Pollença,2025-06-06 09:00:00,19.0,27.659805
Badia de Pollença,2025-06-06 10:00:00,26.0,29.693142
Badia de Pollença,2025-06-06 11:00:00,14.0,31.460022
Badia de Pollença,2025-06-06 12:00:00,13.0,28.868948
Badia de Pollença,2025-06-06 13:00:00,5.0,23.985683
Badia de Pollença,2025-06-06 14:00:00,5.0,17.42388
Badia de Pollença,2025-06-06 15:00:00,4.0,17.012535
Badia de Pollença,2025-06-06 16:00:00,7.0,13.89364
Badia de Pollença,2025-06-06 17:00:00,5.0,3.018002
Badia de Pollença,2025-06-06 18:00:00,14.0,17.610956
Badia de Pollença,2025-06-06 19:00:00,20.0,22.218847
Badia de Pollença,2025-06-06 20:00:00,29.0,17.652512
Badia de Pollença,2025-06-07 08:00:00,28.0,12.984312
Badia de Pollença,2025-06-07 09:00:00,22.0,18.36959
Badia de Pollença,2025-06-07 10:00:00,18.0,8.99422
Badia de Pollença,2025-06-07 11:00:00,24.0,16.481312
Badia de Pollença,2025-06-07 12:00:00,12.0,19.522915
Badia de Pollença,2025-06-07 13:00:00,8.0,15.957106
Badia de Pollença,2025-06-07 14:00:00,5.0,10.568924
Badia de Pollença,2025-06-07 15:00:00,6.0,9.712322
Badia de Pollença,2025-06-07 16:00:00,5.0,9.649435
Badia de Pollença,2025-06-07 17:00:00,6.0,0.5449201
Badia de Pollença,2025-06-07 18:00:00,17.0,18.056353
Badia de Pollença,2025-06-07 19:00:00,14.0,28.06857
Badia de Pollença,2025-06-07 20:00:00,17.0,25.647398
Badia de Pollença,2025-06-08 08:00:00,10.0,20.30231
Badia de Pollença,2025-06-08 09:00:00,20.0,16.087164
Badia de Pollença,2025-06-08 10:00:00,13.0,18.02903
Badia de Pollença,2025-06-08 11:00:00,12.0,23.481363
Badia de Pollença,2025-06-08 12:00:00,8.0,19.263237
Badia de Pollença,2025-06-08 13:00:00,5.0,23.151222
Badia de Pollença,2025-06-08 14:00:00,5.0,18.258411
Badia de Pollença,2025-06-08 15:00:00,6.0,15.795717
Badia de Pollença,2025-06-08 16:00:00,4.0,13.828446
Badia de Pollença,2025-06-08 17:00:00,6.0,6.968771
Badia de Pollença,2025-06-08 18:00:00,15.0,24.912521
Badia de Pollença,2025-06-08 19:00:00,20.0,42.77551
Badia de Pollença,2025-06-08 20:00:00,13.0,30.475723
Badia de Pollença,2025-06-09 08:00:00,12.0,27.416283
Badia de Pollença,2025-06-09 09:00:00,20.0,19.777082
Badia de Pollença,2025-06-09 10:00:00,18.0,22.895546
Badia de Pollença,2025-06-09 11:00:00,17.0,26.245796
Badia de Pollença,2025-06-09 12:00:00,10.0,25.027323
Badia de Pollença,2025-06-09 13:00:00,7.0,21.20067
Badia de Pollença,2025-06-09 14:00:00,5.0,14.575652
Badia de Pollença,2025-06-09 15:00:00,5.0,14.468624
Badia de Pollença,2025-06-09 16:00:00,4.0,12.3552065
Badia de Pollença,2025-06-09 17:00:00,4.0,3.6391733
Badia de Pollença,2025-06-09 18:00:00,17.0,20.355726
Badia de Pollença,2025-06-09 19:00:00,12.0,34.386208
Badia de Pollença,2025-06-09 20:00:00,15.0,27.125042
Badia de Pollença,2025-06-10 08:00:00,18.0,20.86889
Badia de Pollença,2025-06-10 09:00:00,15.0,26.206282
Badia de Pollença,2025-06-10 10:00:00,17.0,23.63099
Badia de Pollença,2025-06-10 11:00:00,16.0,19.650381
Badia de Pollença,2025-06-10 12:00:00,7.0,20.337215
Badia de Pollença,2025-06-10 13:00:00,11.0,20.559988
Badia de Pollença,2025-06-10 14:00:00,7.0,12.3473015
Badia de Pollença,2025-06-10 15:00:00,5.0,12.696852
Badia de Pollença,2025-06-10 16:00:00,6.0,10.446304
Badia de Pollença,2025-06-10 17:00:00,5.0,6.3511252
Badia de Pollença,2025-06-10 18:00:00,23.0,19.965687
Badia de Pollença,2025-06-10 19:00:00,16.0,36.776276
Badia de Pollença,2025-06-10 20:00:00,10.0,29.58957
Badia de Pollença,2025-06-11 08:00:00,14.0,31.625675
Badia de Pollença,2025-06-11 09:00:00,20.0,29.703066
Badia de Pollença,2025-06-11 10:00:00,19.0,19.047457
Badia de Pollença,2025-06-11 11:00:00,18.0,21.325167
Badia de Pollença,2025-06-11 12:00:00,14.0,22.45711
Badia de Pollença,2025-06-11 13:00:00,13.0,23.181194
Badia de Pollença,2025-06-11 14:00:00,5.0,17.466158
Badia de Pollença,2025-06-11 15:00:00,5.0,12.683173
Badia de Pollença,2025-06-11 16:00:00,8.0,10.122984
Badia de Pollença,2025-06-11 17:00:00,5.0,5.6262994
Badia de Pollença,2025-06-11 18:00:00,15.0,21.042196
Badia de Pollença,2025-06-11 19:00:00,18.0,37.779762
Badia de Pollença,2025-06-11 20:00:00,12.0,34.932438
Badia de Pollença,2025-06-12 08:00:00,20.0,31.792543
Badia de Pollença,2025-06-12 09:00:00,21.0,31.03736
Badia de Pollença,2025-06-12 10:00:00,19.0,26.649654
Badia de Pollença,2025-06-12 11:00:00,19.0,27.58402
Badia de Pollença,2025-06-12 12:00:00,9.0,27.219572
Badia de Pollença,2025-06-12 13:00:00,5.0,20.634602
Badia de Pollença,2025-06-12 14:00:00,6.0,14.900427
Badia de Pollença,2025-06-12 15:00:00,6.0,14.131892
Badia de Pollença,2025-06-12 16:00:00,8.0,13.113542
Badia de Pollença,2025-06-12 17:00:00,6.0,6.888817
Badia de Pollença,2025-06-12 18:00:00,18.0,19.57165
Badia de Pollença,2025-06-12 19:00:00,22.0,40.332695
Badia de Pollença,2025-06-12 20:00:00,18.0,37.28621
Badia de Pollença,2025-06-13 08:00:00,29.0,39.542892
Badia de Pollença,2025-06-13 09:00:00,29.0,39.565792
Badia de Pollença,2025-06-13 10:00:00,27.0,28.772707
Badia de Pollença,2025-06-13 11:00:00,20.0,28.15311
Badia de Pollença,2025-06-13 12:00:00,18.0,30.67834
Badia de Pollença,2025-06-13 13:00:00,21.0,33.886063
Badia de Pollença,2025-06-13 14:00:00,6.0,19.723185
Badia de Pollença,2025-06-13 15:00:00,5.0,25.267103
Badia de Pollença,2025-06-13 16:00:00,8.0,22.30841
Badia de Pollença,2025-06-13 17:00:00,4.0,7.695251
Badia de Pollença,2025-06-13 18:00:00,12.0,16.132809
Badia de Pollença,2025-06-13 19:00:00,20.0,29.520538
Badia de Pollença,2025-06-13 20:00:00,17.0,27.821207
Badia de Pollença,2025-06-14 08:00:00,15.0,27.503395
Badia de Pollença,2025-06-14 09:00:00,25.0,27.32787
Badia de Pollença,2025-06-14 10:00:00,25.0,19.169033
Badia de Pollença,2025-06-14 11:00:00,21.0,21.017658
Badia de Pollença,2025-06-14 12:00:00,7.0,19.629423
Badia de Pollença,2025-06-14 13:00:00,5.0,17.445808
Badia de Pollença,2025-06-14 14:00:00,6.0,12.333694
Badia de Pollença,2025-06-14 15:00:00,5.0,11.835323
Badia de Pollença,2025-06-14 16:00:00,7.0,11.063191
Badia de Pollença,2025-06-14 17:00:00,7.0,6.82335
Badia de Pollença,2025-06-14 18:00:00,19.0,16.30824
Badia de Pollença,2025-06-14 19:00:00,20.0,32.340057
Badia de Pollença,2025-06-14 20:00:00,20.0,27.711176
Badia de Pollença,2025-06-15 08:00:00,20.0,26.377157
Badia de Pollença,2025-06-15 09:00:00,21.0,24.72606
Badia de Pollença,2025-06-15 10:00:00,28.0,18.71498
Badia de Pollença,2025-06-15 11:00:00,18.0,22.69129
Badia de Pollença,2025-06-15 12:00:00,11.0,15.13856
Badia de Pollença,2025-06-15 13:00:00,8.0,17.8801
Badia de Pollença,2025-06-15 14:00:00,7.0,14.931525
Badia de Pollença,2025-06-15 15:00:00,5.0,16.670107
Badia de Pollença,2025-06-15 16:00:00,11.0,14.087645
Badia de Pollença,2025-06-15 17:00:00,8.0,8.691735
Badia de Pollença,2025-06-15 18:00:00,13.0,17.535305
Badia de Pollença,2025-06-15 19:00:00,20.0,43.33577
Badia de Pollença,2025-06-15 20:00:00,26.0,30.546516
Badia de Pollença,2025-06-16 08:00:00,19.0,29.186853
Badia de Pollença,2025-06-16 09:00:00,12.0,30.489094
Badia de Pollença,2025-06-16 10:00:00,13.0,29.28963
Badia de Pollença,2025-06-16 11:00:00,13.0,25.70737
Badia de Pollença,2025-06-16 12:00:00,11.0,23.59431
Badia de Pollença,2025-06-16 13:00:00,10.0,17.706207
Badia de Pollença,2025-06-16 14:00:00,7.0,12.764368
Badia de Pollença,2025-06-16 15:00:00,7.0,13.56988
Badia de Pollença,2025-06-16 16:00:00,10.0,13.305444
Badia de Pollença,2025-06-16 17:00:00,6.0,9.249305
Badia de Pollença,2025-06-16 18:00:00,8.0,18.103313
Badia de Pollença,2025-06-16 19:00:00,13.0,28.048382
Badia de Pollença,2025-06-16 20:00:00,17.0,25.614017
Badia de Pollença,2025-06-17 08:00:00,19.0,16.506226
Badia de Pollença,2025-06-17 09:00:00,29.0,18.354769
Badia de Pollença,2025-06-17 10:00:00,15.0,20.60277
Badia de Pollença,2025-06-17 11:00:00,18.0,18.485819
Badia de Pollença,2025-06-17 12:00:00,14.0,20.461737
Badia de Pollença,2025-06-17 13:00:00,11.0,18.907503
Badia de Pollença,2025-06-17 14:00:00,5.0,13.360161
Badia de Pollença,2025-06-17 15:00:00,4.0,14.20263
Badia de Pollença,2025-06-17 16:00:00,4.0,10.7745
Badia de Pollença,2025-06-17 17:00:00,6.0,7.184644
Badia de Pollença,2025-06-17 18:00:00,13.0,22.006454
Badia de Pollença,2025-06-17 19:00:00,18.0,33.934647
Badia de Pollença,2025-06-17 20:00:00,13.0,28.538082
Badia de Pollença,2025-06-18 08:00:00,16.0,23.656565
Badia de Pollença,2025-06-18 09:00:00,11.0,18.786478
Badia de Pollença,2025-06-18 10:00:00,13.0,18.728565
Badia de Pollença,2025-06-18 11:00:00,12.0,23.574978
Badia de Pollença,2025-06-18 12:00:00,9.0,22.075748
Badia de Pollença,2025-06-18 13:00:00,9.0,20.076212
Badia de Pollença,2025-06-18 14:00:00,5.0,14.326946
Badia de Pollença,2025-06-18 15:00:00,6.0,11.990539
Badia de Pollença,2025-06-18 16:00:00,8.0,12.199065
Badia de Pollença,2025-06-18 17:00:00,8.0,6.2446084
Badia de Pollença,2025-06-18 18:00:00,19.0,18.725983
Badia de Pollença,2025-06-18 19:00:00,14.0,37.139748
Badia de Pollença,2025-06-18 20:00:00,20.0,36.84296
Badia de Pollença,2025-06-19 08:00:00,22.0,32.318687
Badia de Pollença,2025-06-19 09:00:00,24.0,26.04562
Badia de Pollença,2025-06-19 10:00:00,11.0,28.022552
Badia de Pollença,2025-06-19 11:00:00,11.0,27.356361
Badia de Pollença,2025-06-19 12:00:00,9.0,25.230183
Badia de Pollença,2025-06-19 13:00:00,6.0,25.931581
Badia de Pollença,2025-06-19 14:00:00,7.0,16.630478
Badia de Pollença,2025-06-19 15:00:00,6.0,13.601163
Badia de Pollença,2025-06-19 16:00:00,13.0,12.149
Badia de Pollença,2025-06-19 17:00:00,6.0,6.3825097
Badia de Pollença,2025-06-19 18:00:00,16.0,19.940008
Badia de Pollença,2025-06-19 19:00:00,21.0,41.926018
Badia de Pollença,2025-06-19 20:00:00,19.0,43.65324
Badia de Pollença,2025-06-20 08:00:00,26.0,39.094296
Badia de Pollença,2025-06-20 09:00:00,16.0,33.21265
Badia de Pollença,2025-06-20 10:00:00,13.0,34.298733
Badia de Pollença,2025-06-20 11:00:00,15.0,37.514614
Badia de Pollença,2025-06-20 12:00:00,9.0,31.92733
Badia de Pollença,2025-06-20 13:00:00,6.0,24.584845
Badia de Pollença,2025-06-20 14:00:00,6.0,16.900467
Badia de Pollença,2025-06-20 15:00:00,6.0,15.442744
Badia de Pollença,2025-06-20 16:00:00,5.0,14.820618
Badia de Pollença,2025-06-20 17:00:00,5.0,18.319366
Badia de Pollença,2025-06-20 18:00:00,22.0,17.515112
Badia de Pollença,2025-06-20 19:00:00,14.0,27.871672
Badia de Pollença,2025-06-20 20:00:00,13.0,23.153238
Badia de Pollença,2025-06-21 08:00:00,12.0,25.791458
Badia de Pollença,2025-06-21 09:00:00,21.0,21.85747
Badia de Pollença,2025-06-21 10:00:00,12.0,17.077435
Badia de Pollença,2025-06-21 11:00:00,11.0,21.631256
Badia de Pollença,2025-06-21 12:00:00,8.0,17.287575
Badia de Pollença,2025-06-21 13:00:00,9.0,13.796739
Badia de Pollença,2025-06-21 14:00:00,10.0,15.651046
Badia de Pollença,2025-06-21 15:00:00,7.0,14.65397
Badia de Pollença,2025-06-21 16:00:00,7.0,12.442304
Badia de Pollença,2025-06-21 17:00:00,5.0,7.7667823
Badia de Pollença,2025-06-21 18:00:00,13.0,13.538634
Badia de Pollença,2025-06-21 19:00:00,19.0,27.84928
Badia de Pollença,2025-06-21 20:00:00,16.0,23.549734
Badia de Pollença,2025-06-22 08:00:00,14.0,23.172398
Badia de Pollença,2025-06-22 09:00:00,14.0,17.041012
Badia de Pollença,2025-06-22 10:00:00,18.0,12.901174
Badia de Pollença,2025-06-22 11:00:00,17.0,14.095099
Badia de Pollença,2025-06-22 12:00:00,11.0,14.619498
Badia de Pollença,2025-06-22 13:00:00,8.0,15.150094
Badia de Pollença,2025-06-22 14:00:00,6.0,14.40611
Badia de Pollença,2025-06-22 15:00:00,6.0,13.678004
Badia de Pollença,2025-06-22 16:00:00,6.0,12.9629135
Badia de Pollença,2025-06-22 17:00:00,6.0,7.2312336
Badia de Pollença,2025-06-22 18:00:00,14.0,11.980642
Badia de Pollença,2025-06-22 19:00:00,14.0,28.02058
Badia de Pollença,2025-06-22 20:00:00,14.0,23.716621
Badia de Pollença,2025-06-23 08:00:00,15.0,25.728878
Badia de Pollença,2025-06-23 09:00:00,18.0,16.814234
Badia de Pollença,2025-06-23 10:00:00,15.0,12.466009
Badia de Pollença,2025-06-23 11:00:00,18.0,15.637537
Badia de Pollença,2025-06-23 12:00:00,7.0,15.836841
Badia de Pollença,2025-06-23 13:00:00,8.0,14.911426
Badia de Pollença,2025-06-23 14:00:00,7.0,12.976707
Badia de Pollença,2025-06-23 15:00:00,8.0,13.163568
Badia de Pollença,2025-06-23 16:00:00,8.0,13.573982
Badia de Pollença,2025-06-23 17:00:00,6.0,7.7416077
Badia de Pollença,2025-06-23 18:00:00,12.0,12.073206
Badia de Pollença,2025-06-23 19:00:00,13.0,21.039938
Badia de Pollença,2025-06-23 20:00:00,14.0,21.186628
Badia de Pollença,2025-06-24 08:00:00,18.0,22.996857
Badia de Pollença,2025-06-24 09:00:00,7.0,15.109872
Badia de Pollença,2025-06-24 10:00:00,11.0,16.276943
Badia de Pollença,2025-06-24 11:00:00,8.0,16.160395
Badia de Pollença,2025-06-24 12:00:00,6.0,17.44689
Badia de Pollença,2025-06-24 13:00:00,6.0,15.719085
Badia de Pollença,2025-06-24 14:00:00,5.0,14.551273
Badia de Pollença,2025-06-24 15:00:00,5.0,13.1062975
Badia de Pollença,2025-06-24 16:00:00,6.0,14.596067
Badia de Pollença,2025-06-24 17:00:00,4.0,10.596003
Badia de Pollença,2025-06-24 18:00:00,14.0,13.750319
Badia de Pollença,2025-06-24 19:00:00,19.0,23.94921
Badia de Pollença,2025-06-24 20:00:00,16.0,21.60116
Badia de Pollença,2025-06-25 08:00:00,15.0,24.167606
Badia de Pollença,2025-06-25 09:00:00,22.0,19.683989
Badia de Pollença,2025-06-25 10:00:00,12.0,16.4969
Badia de Pollença,2025-06-25 11:00:00,12.0,17.3312
Badia de Pollença,2025-06-25 12:00:00,7.0,15.668725
Badia de Pollença,2025-06-25 13:00:00,6.0,19.832333
Badia de Pollença,2025-06-25 14:00:00,8.0,15.296173
Badia de Pollença,2025-06-25 15:00:00,5.0,14.504125
Badia de Pollença,2025-06-25 16:00:00,6.0,12.151712
Badia de Pollença,2025-06-25 17:00:00,7.0,7.7568483
Badia de Pollença,2025-06-25 18:00:00,17.0,13.005857
Badia de Pollença,2025-06-25 19:00:00,17.0,25.709507
Badia de Pollença,2025-06-25 20:00:00,22.0,25.721746
Badia de Pollença,2025-06-26 08:00:00,25.0,28.462551
Badia de Pollença,2025-06-26 09:00:00,18.0,24.74552
Badia de Pollença,2025-06-26 10:00:00,10.0,25.881884
Badia de Pollença,2025-06-26 11:00:00,9.0,20.885704
Badia de Pollença,2025-06-26 12:00:00,6.0,18.901674
Badia de Pollença,2025-06-26 13:00:00,5.0,14.199389
Badia de Pollença,2025-06-26 14:00:00,4.0,15.9014845
Badia de Pollença,2025-06-26 15:00:00,5.0,15.261489
Badia de Pollença,2025-06-26 16:00:00,10.0,14.96116
Badia de Pollença,2025-06-26 17:00:00,5.0,10.309168
Badia de Pollença,2025-06-26 18:00:00,14.0,12.278735
Badia de Pollença,2025-06-26 19:00:00,24.0,23.36394
Badia de Pollença,2025-06-26 20:00:00,23.0,27.21425
Badia de Pollença,2025-06-27 08:00:00,23.0,34.53761
Badia de Pollença,2025-06-27 09:00:00,16.0,37.57388
Badia de Pollença,2025-06-27 10:00:00,8.0,24.513714
Badia de Pollença,2025-06-27 11:00:00,11.0,33.04028
Badia de Pollença,2025-06-27 12:00:00,11.0,18.32798
Badia de Pollença,2025-06-27 13:00:00,7.0,19.624117
Badia de Pollença,2025-06-27 14:00:00,6.0,24.323154
Badia de Pollença,2025-06-27 15:00:00,5.0,18.331963
Badia de Pollença,2025-06-27 16:00:00,12.0,16.803663
Badia de Pollença,2025-06-27 17:00:00,4.0,2.331252
Badia de Pollença,2025-06-27 18:00:00,23.0,8.906702
Badia de Pollença,2025-06-27 19:00:00,12.0,17.736488
Badia de Pollença,2025-06-27 20:00:00,22.0,16.256542
Badia de Pollença,2025-06-28 08:00:00,17.0,19.540535
Badia de Pollença,2025-06-28 09:00:00,19.0,15.278758
Badia de Pollença,2025-06-28 10:00:00,14.0,10.3438635
Badia de Pollença,2025-06-28 11:00:00,14.0,11.6712675
Badia de Pollença,2025-06-28 12:00:00,16.0,15.778022
Badia de Pollença,2025-06-28 13:00:00,12.0,9.5896845
Badia de Pollença,2025-06-28 14:00:00,7.0,11.61359
Badia de Pollença,2025-06-28 15:00:00,9.0,10.243143
Badia de Pollença,2025-06-28 16:00:00,6.0,11.644869
Badia de Pollença,2025-06-28 17:00:00,5.0,0.98335505
Badia de Pollença,2025-06-28 18:00:00,6.0,9.072596
Badia de Pollença,2025-06-28 19:00:00,9.0,9.637848
Badia de Pollença,2025-06-28 20:00:00,11.0,8.277118
Badia de Pollença,2025-06-29 08:00:00,9.0,5.577182
Badia de Pollença,2025-06-29 09:00:00,8.0,6.2992177
Badia de Pollença,2025-06-29 10:00:00,6.0,6.9225764
Badia de Pollença,2025-06-29 11:00:00,4.0,13.787791
Badia de Pollença,2025-06-29 12:00:00,6.0,14.014173
Badia de Pollença,2025-06-29 13:00:00,5.0,11.517918
Badia de Pollença,2025-06-29 14:00:00,4.0,9.64131
Badia de Pollença,2025-06-29 15:00:00,3.0,10.802781
Badia de Pollença,2025-06-29 16:00:00,3.0,10.556957
Badia de Pollença,2025-06-29 17:00:00,5.0,0.654151
Badia de Pollença,2025-06-29 18:00:00,11.0,11.001807
Badia de Pollença,2025-06-29 19:00:00,12.0,20.010918
Badia de Pollença,2025-06-29 20:00:00,11.0,14.934012
Badia de Pollença,2025-06-30 08:00:00,13.0,14.67762
Badia de Pollença,2025-06-30 09:00:00,15.0,11.608001
Badia de Pollença,2025-06-30 10:00:00,16.0,10.596937
Badia de Pollença,2025-06-30 11:00:00,12.0,15.672952
Badia de Pollença,2025-06-30 12:00:00,8.0,16.095922
Badia de Pollença,2025-06-30 13:00:00,5.0,13.162682
Badia de Pollença,2025-06-30 14:00:00,5.0,12.5876665
Badia de Pollença,2025-06-30 15:00:00,6.0,14.662195
Badia de Pollença,2025-06-30 16:00:00,15.0,10.803525
Badia de Pollença,2025-06-30 17:00:00,6.0,1.3749006
Badia de Pollença,2025-06-30 18:00:00,22.0,13.314105
Badia de Pollença,2025-06-30 19:00:00,19.0,22.053446
Badia de Pollença,2025-06-30 20:00:00,15.0,17.885687
Badia de Pollença,2025-07-01 08:00:00,20.0,15.580539
Badia de Pollença,2025-07-01 09:00:00,31.0,19.607128
Badia de Pollença,2025-07-01 10:00:00,14.0,11.161726
Badia de Pollença,2025-07-01 11:00:00,20.0,12.591007
Badia de Pollença,2025-07-01 12:00:00,13.0,16.684086
Badia de Pollença,2025-07-01 13:00:00,7.0,14.392395
Badia de Pollença,2025-07-01 14:00:00,7.0,11.085397
Badia de Pollença,2025-07-01 15:00:00,7.0,11.295677
Badia de Pollença,2025-07-01 16:00:00,12.0,11.854378
Badia de Pollença,2025-07-01 17:00:00,9.0,1.6833526
Badia de Pollença,2025-07-01 18:00:00,30.0,8.952772
Badia de Pollença,2025-07-01 19:00:00,22.0,14.0936985
Badia de Pollença,2025-07-01 20:00:00,27.0,18.265415
Badia de Pollença,2025-07-02 08:00:00,21.0,19.36427
Badia de Pollença,2025-07-02 09:00:00,14.0,19.120546
Badia de Pollença,2025-07-02 10:00:00,24.0,22.41678
Badia de Pollença,2025-07-02 11:00:00,16.0,19.101904
Badia de Pollença,2025-07-02 12:00:00,17.0,14.403298
Badia de Pollença,2025-07-02 13:00:00,20.0,13.264044
Badia de Pollença,2025-07-02 14:00:00,17.0,14.977236
Badia de Pollença,2025-07-02 15:00:00,11.0,10.50269
Badia de Pollença,2025-07-02 16:00:00,7.0,1.8831834
Badia de Pollença,2025-07-02 17:00:00,20.0,12.473284
Badia de Pollença,2025-07-02 18:00:00,13.0,11.34601
Badia de Pollença,2025-07-02 19:00:00,24.0,12.91701
Badia de Pollença,2025-07-02 20:00:00,28.0,20.132137
Badia de Pollença,2025-07-03 08:00:00,21.0,27.392637
Badia de Pollença,2025-07-03 09:00:00,25.0,21.741152
Badia de Pollença,2025-07-03 10:00:00,15.0,22.450037
Badia de Pollença,2025-07-03 11:00:00,13.0,19.773779
Badia de Pollença,2025-07-03 12:00:00,12.0,13.487709
Badia de Pollença,2025-07-03 13:00:00,13.0,18.371145
Badia de Pollença,2025-07-03 14:00:00,11.0,14.335458
Badia de Pollença,2025-07-03 15:00:00,14.0,14.774062
Badia de Pollença,2025-07-03 16:00:00,7.0,4.789147
Badia de Pollença,2025-07-03 17:00:00,10.0,15.749369
Badia de Pollença,2025-07-03 18:00:00,20.0,28.231178
Badia de Pollença,2025-07-03 19:00:00,20.0,24.943275
Badia de Pollença,2025-07-03 20:00:00,26.0,20.953768
Badia de Pollença,2025-07-04 08:00:00,24.0,21.6072
Badia de Pollença,2025-07-04 09:00:00,25.0,23.815569
Badia de Pollença,2025-07-04 10:00:00,14.0,22.649761
Badia de Pollença,2025-07-04 11:00:00,11.0,21.583654
Badia de Pollença,2025-07-04 12:00:00,10.0,16.8838
Badia de Pollença,2025-07-04 13:00:00,6.0,16.05333
Badia de Pollença,2025-07-04 14:00:00,7.0,15.960469
Badia de Pollença,2025-07-04 15:00:00,8.0,12.497895
Badia de Pollença,2025-07-04 16:00:00,6.0,4.6720405
Badia de Pollença,2025-07-04 17:00:00,14.0,9.288456
Badia de Pollença,2025-07-04 18:00:00,23.0,18.20333
Badia de Pollença,2025-07-04 19:00:00,20.0,23.174816
Badia de Pollença,2025-07-04 20:00:00,23.0,21.0716
Badia de Pollença,2025-07-05 08:00:00,22.0,22.992954
Badia de Pollença,2025-07-05 09:00:00,19.0,17.866625
Badia de Pollença,2025-07-05 10:00:00,21.0,14.70489
Badia de Pollença,2025-07-05 11:00:00,20.0,11.624289
Badia de Pollença,2025-07-05 12:00:00,9.0,9.914447
Badia de Pollença,2025-07-05 13:00:00,9.0,10.861215
Badia de Pollença,2025-07-05 14:00:00,8.0,11.037899
Badia de Pollença,2025-07-05 15:00:00,16.0,12.007904
Badia de Pollença,2025-07-05 16:00:00,8.0,1.4590114
Badia de Pollença,2025-07-05 17:00:00,22.0,11.428565
Badia de Pollença,2025-07-05 18:00:00,37.0,21.598202
Badia de Pollença,2025-07-05 19:00:00,36.0,21.039557
Badia de Pollença,2025-07-05 20:00:00,23.0,18.988417
Badia de Pollença,2025-07-06 08:00:00,22.0,18.529531
Badia de Pollença,2025-07-06 09:00:00,21.0,14.245684
Badia de Pollença,2025-07-06 10:00:00,26.0,14.858571
Badia de Pollença,2025-07-06 11:00:00,20.0,15.682473
Badia de Pollença,2025-07-06 12:00:00,11.0,15.080411
Badia de Pollença,2025-07-06 13:00:00,7.0,10.67404
Badia de Pollença,2025-07-06 14:00:00,8.0,10.931165
Badia de Pollença,2025-07-06 15:00:00,7.0,10.2955885
Badia de Pollença,2025-07-06 16:00:00,6.0,0.27068797
Badia de Pollença,2025-07-06 17:00:00,20.0,11.517225
Badia de Pollença,2025-07-06 18:00:00,17.0,21.073948
Badia de Pollença,2025-07-06 19:00:00,19.0,17.09171
Badia de Pollença,2025-07-06 20:00:00,21.0,14.984502
Badia de Pollença,2025-07-07 08:00:00,21.0,12.38798
Badia de Pollença,2025-07-07 09:00:00,25.0,12.134308
Badia de Pollença,2025-07-07 10:00:00,19.0,18.96468
Badia de Pollença,2025-07-07 11:00:00,10.0,12.659065
Badia de Pollença,2025-07-07 12:00:00,12.0,11.990551
Badia de Pollença,2025-07-07 13:00:00,8.0,10.586854
Badia de Pollença,2025-07-07 14:00:00,8.0,11.581266
Badia de Pollença,2025-07-07 15:00:00,6.0,10.347207
Badia de Pollença,2025-07-07 16:00:00,6.0,0.6193785
Badia de Pollença,2025-07-07 17:00:00,21.0,10.003309
Badia de Pollença,2025-07-07 18:00:00,23.0,22.435225
Badia de Pollença,2025-07-07 19:00:00,27.0,20.956972
Badia de Pollença,2025-07-07 20:00:00,16.0,23.815681
Badia de Pollença,2025-07-08 08:00:00,19.0,18.484425
Badia de Pollença,2025-07-08 09:00:00,18.0,17.99268
Badia de Pollença,2025-07-08 10:00:00,21.0,18.537481
Badia de Pollença,2025-07-08 11:00:00,12.0,17.082167
Badia de Pollença,2025-07-08 12:00:00,7.0,16.830647
Badia de Pollença,2025-07-08 13:00:00,10.0,15.192783
Badia de Pollença,2025-07-08 14:00:00,6.0,16.0505
Badia de Pollença,2025-07-08 15:00:00,14.0,15.843179
Badia de Pollença,2025-07-08 16:00:00,8.0,5.480138
Badia de Pollença,2025-07-08 17:00:00,25.0,9.886381
Badia de Pollença,2025-07-08 18:00:00,24.0,22.669613
Badia de Pollença,2025-07-08 19:00:00,27.0,27.401775
Badia de Pollença,2025-07-08 20:00:00,20.0,32.168888
Badia de Pollença,2025-07-09 08:00:00,22.0,26.691422
Badia de Pollença,2025-07-09 09:00:00,19.0,25.14659
Badia de Pollença,2025-07-09 10:00:00,11.0,25.450678
Badia de Pollença,2025-07-09 11:00:00,12.0,31.080847
Badia de Pollença,2025-07-09 12:00:00,12.0,26.570074
Badia de Pollença,2025-07-09 13:00:00,9.0,24.15284
Badia de Pollença,2025-07-09 14:00:00,6.0,15.758061
Badia de Pollença,2025-07-09 15:00:00,21.0,15.867038
Badia de Pollença,2025-07-09 16:00:00,7.0,5.713961
Badia de Pollença,2025-07-09 17:00:00,20.0,8.761763
Badia de Pollença,2025-07-09 18:00:00,32.0,23.518806
Badia de Pollença,2025-07-09 19:00:00,22.0,29.534218
Badia de Pollença,2025-07-09 20:00:00,25.0,25.233809
Badia de Pollença,2025-07-10 08:00:00,29.0,23.322865
Badia de Pollença,2025-07-10 09:00:00,16.0,17.628935
Badia de Pollença,2025-07-10 10:00:00,16.0,19.95487
Badia de Pollença,2025-07-10 11:00:00,17.0,16.203989
Badia de Pollença,2025-07-10 12:00:00,9.0,14.117831
Badia de Pollença,2025-07-10 13:00:00,8.0,13.604858
Badia de Pollença,2025-07-10 14:00:00,6.0,16.221867
Badia de Pollença,2025-07-10 15:00:00,6.0,11.734467
Badia de Pollença,2025-07-10 16:00:00,5.0,3.6737812
Badia de Pollença,2025-07-10 17:00:00,18.0,10.504563
Badia de Pollença,2025-07-10 18:00:00,33.0,23.555616
Badia de Pollença,2025-07-10 19:00:00,23.0,30.050875
Badia de Pollença,2025-07-10 20:00:00,18.0,33.242645
Badia de Pollença,2025-07-11 08:00:00,12.0,33.82469
Badia de Pollença,2025-07-11 09:00:00,13.0,25.318018
Badia de Pollença,2025-07-11 10:00:00,8.0,21.85631
Badia de Pollença,2025-07-11 11:00:00,9.0,23.401976
Badia de Pollença,2025-07-11 12:00:00,6.0,16.411009
Badia de Pollença,2025-07-11 13:00:00,6.0,18.076395
Badia de Pollença,2025-07-11 14:00:00,7.0,17.721245
Badia de Pollença,2025-07-11 15:00:00,10.0,14.560321
Badia de Pollença,2025-07-11 16:00:00,7.0,5.058328
Badia de Pollença,2025-07-11 17:00:00,12.0,11.026396
Badia de Pollença,2025-07-11 19:00:00,19.0,19.748137
Badia de Pollença,2025-07-11 20:00:00,13.0,17.577293
Badia de Pollença,2025-07-12 08:00:00,13.0,18.264694
Badia de Pollença,2025-07-12 09:00:00,9.0,15.592451
Badia de Pollença,2025-07-12 10:00:00,7.0,17.90352
Badia de Pollença,2025-07-12 11:00:00,11.0,17.09392
Badia de Pollença,2025-07-12 12:00:00,7.0,15.954109
Badia de Pollença,2025-07-12 13:00:00,5.0,15.89223
Badia de Pollença,2025-07-12 14:00:00,7.0,14.768859
Badia de Pollença,2025-07-12 15:00:00,5.0,16.358046
Badia de Pollença,2025-07-12 16:00:00,10.0,15.208612
Badia de Pollença,2025-07-12 17:00:00,6.0,5.7040153
Badia de Pollença,2025-07-12 18:00:00,11.0,17.588198
Badia de Pollença,2025-07-12 19:00:00,17.0,26.752617
Badia de Pollença,2025-07-12 20:00:00,14.0,25.963205
Badia de Pollença,2025-07-13 08:00:00,15.0,28.724583
Badia de Pollença,2025-07-13 09:00:00,13.0,24.486374
Badia de Pollença,2025-07-13 10:00:00,15.0,20.150389
Badia de Pollença,2025-07-13 11:00:00,11.0,21.058407
Badia de Pollença,2025-07-13 12:00:00,7.0,19.602808
Badia de Pollença,2025-07-13 13:00:00,9.0,18.493252
Badia de Pollença,2025-07-13 14:00:00,6.0,19.28169
Badia de Pollença,2025-07-13 15:00:00,10.0,18.780813
Badia de Pollença,2025-07-13 16:00:00,5.0,16.142056
Badia de Pollença,2025-07-13 17:00:00,5.0,7.219515
Badia de Pollença,2025-07-13 18:00:00,19.0,13.474426
Badia de Pollença,2025-07-13 19:00:00,12.0,23.54293
Badia de Pollença,2025-07-13 20:00:00,13.0,21.857086
Badia de Pollença,2025-07-14 08:00:00,16.0,32.005096
Badia de Pollença,2025-07-14 09:00:00,11.0,24.762207
Badia de Pollença,2025-07-14 10:00:00,9.0,19.641853
Badia de Pollença,2025-07-14 11:00:00,8.0,17.963549
Badia de Pollença,2025-07-14 12:00:00,9.0,17.19798
Badia de Pollença,2025-07-14 13:00:00,5.0,15.960516
Badia de Pollença,2025-07-14 14:00:00,5.0,16.090677
Badia de Pollença,2025-07-14 15:00:00,8.0,15.209017
Badia de Pollença,2025-07-14 16:00:00,7.0,14.168746
Badia de Pollença,2025-07-14 17:00:00,6.0,7.3227034
Badia de Pollença,2025-07-14 18:00:00,6.0,14.704692
Badia de Pollença,2025-07-14 19:00:00,10.0,12.781408
Badia de Pollença,2025-07-14 20:00:00,4.0,10.334732
Badia de Pollença,2025-07-15 08:00:00,3.0,10.834378
Badia de Pollença,2025-07-15 09:00:00,4.0,6.8310995
Badia de Pollença,2025-07-15 10:00:00,5.0,9.961226
Badia de Pollença,2025-07-15 11:00:00,26.0,11.368074
Badia de Pollença,2025-07-15 12:00:00,12.0,11.003463
Badia de Pollença,2025-07-15 13:00:00,10.0,12.022987
Badia de Pollença,2025-07-15 14:00:00,11.0,10.6882515
Badia de Pollença,2025-07-15 15:00:00,14.0,11.751636
Badia de Pollença,2025-07-15 16:00:00,10.0,11.934856
Badia de Pollença,2025-07-15 17:00:00,7.0,4.2210593
Badia de Pollença,2025-07-15 18:00:00,8.0,16.161217
Badia de Pollença,2025-07-15 19:00:00,15.0,21.124674
Badia de Pollença,2025-07-15 20:00:00,12.0,18.190891
Badia de Pollença,2025-07-16 08:00:00,13.0,16.090836
Badia de Pollença,2025-07-16 09:00:00,11.0,13.95278
Badia de Pollença,2025-07-16 10:00:00,10.0,15.590653
Badia de Pollença,2025-07-16 11:00:00,12.0,14.891266
Badia de Pollença,2025-07-16 12:00:00,7.0,16.417433
Badia de Pollença,2025-07-16 13:00:00,5.0,16.54917
Badia de Pollença,2025-07-16 14:00:00,5.0,16.015192
Badia de Pollença,2025-07-16 15:00:00,4.0,14.075727
Badia de Pollença,2025-07-16 16:00:00,8.0,14.844649
Badia de Pollença,2025-07-16 17:00:00,5.0,5.7631936
Badia de Pollença,2025-07-16 18:00:00,13.0,18.27767
Badia de Pollença,2025-07-16 19:00:00,7.0,29.27906
Badia de Pollença,2025-07-16 20:00:00,8.0,28.670742
Badia de Pollença,2025-07-17 08:00:00,10.0,30.447504
Badia de Pollença,2025-07-17 09:00:00,9.0,26.86896
Badia de Pollença,2025-07-17 10:00:00,12.0,27.824532
Badia de Pollença,2025-07-17 11:00:00,6.0,21.03512
Badia de Pollença,2025-07-17 12:00:00,15.0,23.361847
Badia de Pollença,2025-07-17 13:00:00,6.0,19.434147
Badia de Pollença,2025-07-17 14:00:00,5.0,19.574646
Badia de Pollença,2025-07-17 15:00:00,6.0,16.171535
Badia de Pollença,2025-07-17 16:00:00,6.0,17.346373
Badia de Pollença,2025-07-17 17:00:00,5.0,7.2271814
Badia de Pollença,2025-07-17 18:00:00,28.0,18.38322
Badia de Pollença,2025-07-17 19:00:00,13.0,27.55826
Badia de Pollença,2025-07-17 20:00:00,9.0,32.659237
Badia de Pollença,2025-07-18 08:00:00,14.0,35.815582
Badia de Pollença,2025-07-18 09:00:00,14.0,28.560259
Badia de Pollença,2025-07-18 10:00:00,6.0,24.974926
Badia de Pollença,2025-07-18 11:00:00,8.0,27.674837
Badia de Pollença,2025-07-18 12:00:00,8.0,21.400175
Badia de Pollença,2025-07-18 13:00:00,7.0,17.637999
Badia de Pollença,2025-07-18 14:00:00,7.0,17.379932
Badia de Pollença,2025-07-18 15:00:00,5.0,17.13917
Badia de Pollença,2025-07-18 16:00:00,5.0,15.181215
Badia de Pollença,2025-07-18 17:00:00,5.0,7.754127
Badia de Pollença,2025-07-18 18:00:00,12.0,12.562025
Badia de Pollença,2025-07-18 19:00:00,7.0,18.116308
Badia de Pollença,2025-07-18 20:00:00,7.0,16.538746
Badia de Pollença,2025-07-19 08:00:00,7.0,12.931453
Badia de Pollença,2025-07-19 09:00:00,4.0,10.088541
Badia de Pollença,2025-07-19 10:00:00,4.0,8.7060995
Badia de Pollença,2025-07-19 11:00:00,7.0,9.087442
Badia de Pollença,2025-07-19 12:00:00,4.0,11.585083
Badia de Pollença,2025-07-19 13:00:00,4.0,13.226701
Badia de Pollença,2025-07-19 14:00:00,4.0,12.960269
Badia de Pollença,2025-07-19 15:00:00,3.0,13.551765
Badia de Pollença,2025-07-19 16:00:00,5.0,13.440455
Badia de Pollença,2025-07-19 17:00:00,5.0,6.1294255
Badia de Pollença,2025-07-19 18:00:00,7.0,13.896045
Badia de Pollença,2025-07-19 19:00:00,14.0,10.229107
Badia de Pollença,2025-07-19 20:00:00,18.0,9.857063
Badia de Pollença,2025-07-20 08:00:00,12.0,8.556528
Badia de Pollença,2025-07-20 09:00:00,15.0,9.056447
Badia de Pollença,2025-07-20 10:00:00,13.0,17.269196
Badia de Pollença,2025-07-20 11:00:00,17.0,19.001072
Badia de Pollença,2025-07-20 12:00:00,11.0,17.135649
Badia de Pollença,2025-07-20 13:00:00,16.0,11.733663
Badia de Pollença,2025-07-20 14:00:00,15.0,12.738731
Badia de Pollença,2025-07-20 15:00:00,19.0,12.096804
Badia de Pollença,2025-07-20 16:00:00,16.0,12.441084
Badia de Pollença,2025-07-20 17:00:00,6.0,0.77465665
Badia de Pollença,2025-07-20 18:00:00,19.0,12.437582
Badia de Pollença,2025-07-20 19:00:00,24.0,11.111897
Badia de Pollença,2025-07-20 20:00:00,13.0,16.525904
Badia de Pollença,2025-07-21 08:00:00,12.0,14.983946
Badia de Pollença,2025-07-21 09:00:00,19.0,14.279961
Badia de Pollença,2025-07-21 10:00:00,19.0,10.754081
Badia de Pollença,2025-07-21 11:00:00,16.0,14.055647
Badia de Pollença,2025-07-21 12:00:00,9.0,12.8322
Badia de Pollença,2025-07-21 13:00:00,8.0,11.509242
Badia de Pollença,2025-07-21 14:00:00,8.0,9.807817
Badia de Pollença,2025-07-21 15:00:00,18.0,9.2539015
Badia de Pollença,2025-07-21 16:00:00,8.0,7.65883
Badia de Pollença,2025-07-21 17:00:00,9.0,-1.5028042
Badia de Pollença,2025-07-21 18:00:00,21.0,12.281171
Badia de Pollença,2025-07-21 19:00:00,20.0,24.390846
Badia de Pollença,2025-07-21 20:00:00,23.0,19.868193
Badia de Pollença,2025-07-22 08:00:00,20.0,15.586675
Badia de Pollença,2025-07-22 09:00:00,19.0,16.575754
Badia de Pollença,2025-07-22 10:00:00,24.0,13.51228
Badia de Pollença,2025-07-22 11:00:00,23.0,12.373816
Badia de Pollença,2025-07-22 12:00:00,17.0,13.970952
Badia de Pollença,2025-07-22 13:00:00,11.0,12.185723
Badia de Pollença,2025-07-22 14:00:00,10.0,10.92096
Badia de Pollença,2025-07-22 15:00:00,16.0,10.271609
Badia de Pollença,2025-07-22 16:00:00,7.0,9.162553
Badia de Pollença,2025-07-22 17:00:00,7.0,0.51673955
Badia de Pollença,2025-07-22 18:00:00,20.0,11.396049
Badia de Pollença,2025-07-22 19:00:00,28.0,23.31893
Badia de Pollença,2025-07-22 20:00:00,29.0,20.397293
Badia de Pollença,2025-07-23 08:00:00,22.0,14.253146
Badia de Pollença,2025-07-23 09:00:00,28.0,13.385512
Badia de Pollença,2025-07-23 10:00:00,26.0,17.099625
Badia de Pollença,2025-07-23 11:00:00,16.0,16.69348
Badia de Pollença,2025-07-23 12:00:00,22.0,15.758156
Badia de Pollença,2025-07-23 13:00:00,6.0,16.20641
Badia de Pollença,2025-07-23 14:00:00,6.0,12.560586
Badia de Pollença,2025-07-23 15:00:00,14.0,12.110538
Badia de Pollença,2025-07-23 16:00:00,8.0,9.136378
Badia de Pollença,2025-07-23 17:00:00,6.0,0.34735936
Badia de Pollença,2025-07-23 18:00:00,20.0,11.945345
Badia de Pollença,2025-07-23 19:00:00,30.0,22.901482
Badia de Pollença,2025-07-23 20:00:00,25.0,23.477879
Badia de Pollença,2025-07-24 08:00:00,15.0,21.577137
Badia de Pollença,2025-07-24 09:00:00,15.0,22.07313
Badia de Pollença,2025-07-24 10:00:00,18.0,32.53914
Badia de Pollença,2025-07-24 11:00:00,18.0,24.762192
Badia de Pollença,2025-07-24 12:00:00,15.0,28.192163
Badia de Pollença,2025-07-24 13:00:00,14.0,18.274307
Badia de Pollença,2025-07-24 14:00:00,14.0,18.210558
Badia de Pollença,2025-07-24 15:00:00,21.0,14.395441
Badia de Pollença,2025-07-24 16:00:00,7.0,13.694388
Badia de Pollença,2025-07-24 17:00:00,6.0,3.6365445
Badia de Pollença,2025-07-24 18:00:00,19.0,14.727791
Badia de Pollença,2025-07-24 19:00:00,30.0,19.83992
Badia de Pollença,2025-07-24 20:00:00,27.0,15.854521
Badia de Pollença,2025-07-25 08:00:00,29.0,20.468725
Badia de Pollença,2025-07-25 09:00:00,26.0,20.586857
Badia de Pollença,2025-07-25 10:00:00,22.0,19.863285
Badia de Pollença,2025-07-25 11:00:00,22.0,22.211607
Badia de Pollença,2025-07-25 12:00:00,14.0,25.727087
Badia de Pollença,2025-07-25 13:00:00,13.0,16.691206
Badia de Pollença,2025-07-25 14:00:00,7.0,14.16876
Badia de Pollença,2025-07-25 15:00:00,12.0,13.135349
Badia de Pollença,2025-07-25 16:00:00,7.0,10.903461
Badia de Pollença,2025-07-25 17:00:00,6.0,-0.7873043
Badia de Pollença,2025-07-25 18:00:00,25.0,9.708603
Badia de Pollença,2025-07-25 19:00:00,23.0,19.480972
Badia de Pollença,2025-07-25 20:00:00,14.0,19.140371
Badia de Pollença,2025-07-26 08:00:00,20.0,12.058708
Badia de Pollença,2025-07-26 09:00:00,20.0,13.135542
Badia de Pollença,2025-07-26 10:00:00,17.0,17.843943
Badia de Pollença,2025-07-26 11:00:00,13.0,17.417305
Badia de Pollença,2025-07-26 12:00:00,9.0,17.31555
Badia de Pollença,2025-07-26 13:00:00,9.0,14.763477
Badia de Pollença,2025-07-26 14:00:00,6.0,12.791442
Badia de Pollença,2025-07-26 15:00:00,15.0,11.406459
Badia de Pollença,2025-07-26 16:00:00,8.0,6.8993287
Badia de Pollença,2025-07-26 17:00:00,7.0,0.5788834
Badia de Pollença,2025-07-26 18:00:00,30.0,8.528638
Badia de Pollença,2025-07-26 19:00:00,15.0,18.7961
Badia de Pollença,2025-07-26 20:00:00,23.0,21.175837
Badia de Pollença,2025-07-27 08:00:00,22.0,21.255558
Badia de Pollença,2025-07-27 09:00:00,20.0,14.506903
Badia de Pollença,2025-07-27 10:00:00,23.0,16.542097
Badia de Pollença,2025-07-27 11:00:00,16.0,15.335323
Badia de Pollença,2025-07-27 12:00:00,15.0,14.609857
Badia de Pollença,2025-07-27 13:00:00,9.0,14.980289
Badia de Pollença,2025-07-27 14:00:00,11.0,12.785728
Badia de Pollença,2025-07-27 15:00:00,15.0,11.754015
Badia de Pollença,2025-07-27 16:00:00,6.0,8.165811
Badia de Pollença,2025-07-27 17:00:00,6.0,-0.3985051
Badia de Pollença,2025-07-27 18:00:00,29.0,9.49528
Badia de Pollença,2025-07-27 19:00:00,22.0,16.713087
Badia de Pollença,2025-07-27 20:00:00,26.0,14.772573
Badia de Pollença,2025-07-28 08:00:00,16.0,21.606888
Badia de Pollença,2025-07-28 09:00:00,16.0,18.614943
Badia de Pollença,2025-07-28 10:00:00,16.0,18.307316
Badia de Pollença,2025-07-28 11:00:00,10.0,17.577545
Badia de Pollença,2025-07-28 12:00:00,9.0,18.143784
Badia de Pollença,2025-07-28 13:00:00,8.0,17.086475
Badia de Pollença,2025-07-28 14:00:00,11.0,16.760017
Badia de Pollença,2025-07-28 15:00:00,15.0,14.314117
Badia de Pollença,2025-07-28 16:00:00,6.0,10.054466
Badia de Pollença,2025-07-28 17:00:00,6.0,0.6440741
Badia de Pollença,2025-07-28 18:00:00,28.0,7.664522
Badia de Pollença,2025-07-28 19:00:00,24.0,18.784346
Badia de Pollença,2025-07-28 20:00:00,28.0,24.533213
Badia de Pollença,2025-07-29 08:00:00,20.0,25.35132
Badia de Pollença,2025-07-29 09:00:00,14.0,25.409966
Badia de Pollença,2025-07-29 10:00:00,12.0,25.235117
Badia de Pollença,2025-07-29 11:00:00,16.0,19.725811
Badia de Pollença,2025-07-29 12:00:00,11.0,20.496788
Badia de Pollença,2025-07-29 13:00:00,6.0,18.199917
Badia de Pollença,2025-07-29 14:00:00,6.0,16.402115
Badia de Pollença,2025-07-29 15:00:00,17.0,12.8518505
Badia de Pollença,2025-07-29 16:00:00,6.0,11.183214
Badia de Pollença,2025-07-29 17:00:00,7.0,1.0712247
Badia de Pollença,2025-07-29 18:00:00,25.0,8.7544985
Badia de Pollença,2025-07-29 19:00:00,33.0,14.024785
Badia de Pollença,2025-07-29 20:00:00,34.0,16.435776
Badia de Pollença,2025-07-30 08:00:00,15.0,23.771456
Badia de Pollença,2025-07-30 09:00:00,17.0,12.76724
Badia de Pollença,2025-07-30 10:00:00,19.0,14.328398
Badia de Pollença,2025-07-30 11:00:00,16.0,19.00745
Badia de Pollença,2025-07-30 12:00:00,9.0,16.826445
Badia de Pollença,2025-07-30 13:00:00,8.0,12.080669
Badia de Pollença,2025-07-30 14:00:00,5.0,13.771877
Badia de Pollença,2025-07-30 15:00:00,8.0,13.346163
Badia de Pollença,2025-07-30 16:00:00,5.0,10.798231
Badia de Pollença,2025-07-30 17:00:00,5.0,0.8670432
Badia de Pollença,2025-07-30 18:00:00,26.0,12.720826
Badia de Pollença,2025-07-30 19:00:00,22.0,22.205835
Badia de Pollença,2025-07-30 20:00:00,23.0,22.046425
Badia de Pollença,2025-07-31 08:00:00,25.0,23.028522
Badia de Pollença,2025-07-31 09:00:00,20.0,20.369917
Badia de Pollença,2025-07-31 10:00:00,18.0,19.964577
Badia de Pollença,2025-07-31 11:00:00,22.0,21.49778
Badia de Pollença,2025-07-31 12:00:00,15.0,21.510109
Badia de Pollença,2025-07-31 13:00:00,5.0,17.15893
Badia de Pollença,2025-07-31 14:00:00,8.0,14.189014
Badia de Pollença,2025-07-31 15:00:00,7.0,12.848059
Badia de Pollença,2025-07-31 16:00:00,5.0,11.796743
Badia de Pollença,2025-07-31 17:00:00,6.0,1.8933789
Badia de Pollença,2025-07-31 18:00:00,29.0,13.553057
Badia de Pollença,2025-07-31 19:00:00,15.0,19.473516
Badia de Pollença,2025-07-31 20:00:00,22.0,26.257263
Badia de Pollença,2025-08-01 08:00:00,16.0,32.47294
Badia de Pollença,2025-08-01 09:00:00,20.0,25.827623
Badia de Pollença,2025-08-01 10:00:00,32.0,24.453348
Badia de Pollença,2025-08-01 11:00:00,23.0,28.4372
Badia de Pollença,2025-08-01 12:00:00,11.0,24.149914
Badia de Pollença,2025-08-01 13:00:00,6.0,22.403013
Badia de Pollença,2025-08-01 14:00:00,8.0,21.929945
Badia de Pollença,2025-08-01 15:00:00,15.0,17.256763
Badia de Pollença,2025-08-01 16:00:00,7.0,17.289318
Badia de Pollença,2025-08-01 17:00:00,6.0,7.4425564
Badia de Pollença,2025-08-01 18:00:00,17.0,9.383754
Badia de Pollença,2025-08-01 19:00:00,24.0,22.008902
Badia de Pollença,2025-08-01 20:00:00,23.0,26.058867
Badia de Pollença,2025-08-02 08:00:00,24.0,25.66127
Badia de Pollença,2025-08-02 09:00:00,22.0,22.80661
Badia de Pollença,2025-08-02 10:00:00,8.0,23.605106
Badia de Pollença,2025-08-02 11:00:00,15.0,22.08751
Badia de Pollença,2025-08-02 12:00:00,7.0,23.080498
Badia de Pollença,2025-08-02 13:00:00,9.0,18.174667
Badia de Pollença,2025-08-02 14:00:00,8.0,18.27745
Badia de Pollença,2025-08-02 15:00:00,7.0,15.807129
Badia de Pollença,2025-08-02 16:00:00,5.0,15.487151
Badia de Pollença,2025-08-02 17:00:00,5.0,7.5153637
Badia de Pollença,2025-08-02 18:00:00,14.0,13.535082
Badia de Pollença,2025-08-02 19:00:00,14.0,17.856928
Badia de Pollença,2025-08-02 20:00:00,15.0,27.433685
Badia de Pollença,2025-08-03 08:00:00,18.0,30.790976
Badia de Pollença,2025-08-03 09:00:00,23.0,24.312908
Badia de Pollença,2025-08-03 10:00:00,16.0,23.949333
Badia de Pollença,2025-08-03 11:00:00,20.0,22.02574
Badia de Pollença,2025-08-03 12:00:00,11.0,19.966772
Badia de Pollença,2025-08-03 13:00:00,6.0,19.293732
Badia de Pollença,2025-08-03 14:00:00,7.0,19.00611
Badia de Pollença,2025-08-03 15:00:00,8.0,16.739475
Badia de Pollença,2025-08-03 16:00:00,5.0,16.333626
Badia de Pollença,2025-08-03 17:00:00,6.0,8.231781
Badia de Pollença,2025-08-03 18:00:00,25.0,13.18359
Badia de Pollença,2025-08-03 19:00:00,21.0,22.645987
Badia de Pollença,2025-08-03 20:00:00,13.0,24.692204
Badia de Pollença,2025-08-04 08:00:00,10.0,29.59325
Badia de Pollença,2025-08-04 09:00:00,8.0,22.369425
Badia de Pollença,2025-08-04 10:00:00,10.0,21.742926
Badia de Pollença,2025-08-04 11:00:00,13.0,21.639997
Badia de Pollença,2025-08-04 12:00:00,13.0,15.757004
Badia de Pollença,2025-08-04 13:00:00,10.0,15.091743
Badia de Pollença,2025-08-04 14:00:00,7.0,17.266918
Badia de Pollença,2025-08-04 15:00:00,14.0,16.237799
Badia de Pollença,2025-08-04 16:00:00,6.0,14.425625
Badia de Pollença,2025-08-04 17:00:00,7.0,6.6816773
Badia de Pollença,2025-08-04 18:00:00,20.0,13.70242
Badia de Pollença,2025-08-04 19:00:00,17.0,20.103868
Badia de Pollença,2025-08-04 20:00:00,17.0,23.815603
Badia de Pollença,2025-08-05 08:00:00,18.0,22.711233
Badia de Pollença,2025-08-05 09:00:00,16.0,21.505287
Badia de Pollença,2025-08-05 10:00:00,13.0,21.894499
Badia de Pollença,2025-08-05 11:00:00,10.0,18.874693
Badia de Pollença,2025-08-05 12:00:00,6.0,17.128208
Badia de Pollença,2025-08-05 13:00:00,6.0,16.239445
Badia de Pollença,2025-08-05 14:00:00,7.0,17.714836
Badia de Pollença,2025-08-05 15:00:00,13.0,16.23508
Badia de Pollença,2025-08-05 16:00:00,7.0,14.922334
Badia de Pollença,2025-08-05 17:00:00,6.0,5.644553
Badia de Pollença,2025-08-05 18:00:00,23.0,14.581595
Badia de Pollença,2025-08-05 19:00:00,20.0,21.380388
Badia de Pollença,2025-08-05 20:00:00,21.0,27.01289
Badia de Pollença,2025-08-06 08:00:00,22.0,23.957914
Badia de Pollença,2025-08-06 09:00:00,25.0,19.381401
Badia de Pollença,2025-08-06 10:00:00,22.0,17.999151
Badia de Pollença,2025-08-06 11:00:00,18.0,17.713606
Badia de Pollença,2025-08-06 12:00:00,14.0,20.905266
Badia de Pollença,2025-08-06 13:00:00,8.0,15.556615
Badia de Pollença,2025-08-06 14:00:00,8.0,14.515672
Badia de Pollença,2025-08-06 15:00:00,14.0,13.656238
Badia de Pollença,2025-08-06 16:00:00,7.0,11.146312
Badia de Pollença,2025-08-06 17:00:00,7.0,1.888796
Badia de Pollença,2025-08-06 18:00:00,36.0,9.498953
Badia de Pollença,2025-08-06 19:00:00,28.0,20.008692
Badia de Pollença,2025-08-06 20:00:00,28.0,23.535427
Badia de Pollença,2025-08-07 08:00:00,16.0,28.308195
Badia de Pollença,2025-08-07 09:00:00,18.0,20.254284
Badia de Pollença,2025-08-07 10:00:00,18.0,20.327759
Badia de Pollença,2025-08-07 11:00:00,10.0,19.521011
Badia de Pollença,2025-08-07 12:00:00,8.0,17.57798
Badia de Pollença,2025-08-07 13:00:00,7.0,17.100069
Badia de Pollença,2025-08-07 14:00:00,6.0,19.188025
Badia de Pollença,2025-08-07 15:00:00,14.0,15.181141
Badia de Pollença,2025-08-07 16:00:00,6.0,11.410801
Badia de Pollença,2025-08-07 17:00:00,7.0,5.298449
Badia de Pollença,2025-08-07 18:00:00,17.0,10.097717
Badia de Pollença,2025-08-07 19:00:00,24.0,23.489897
Badia de Pollença,2025-08-07 20:00:00,26.0,28.011654
Badia de Pollença,2025-08-08 08:00:00,15.0,30.659319
Badia de Pollença,2025-08-08 09:00:00,21.0,21.607708
Badia de Pollença,2025-08-08 10:00:00,16.0,24.8634
Badia de Pollença,2025-08-08 11:00:00,12.0,24.359465
Badia de Pollença,2025-08-08 12:00:00,9.0,22.367023
Badia de Pollença,2025-08-08 13:00:00,8.0,17.710558
Badia de Pollença,2025-08-08 14:00:00,21.0,16.476423
Badia de Pollença,2025-08-08 15:00:00,11.0,14.990472
Badia de Pollença,2025-08-08 16:00:00,8.0,11.831155
Badia de Pollença,2025-08-08 17:00:00,8.0,4.9812627
Badia de Pollença,2025-08-08 18:00:00,13.0,8.2419615
Badia de Pollença,2025-08-08 19:00:00,10.0,16.239262
Badia de Pollença,2025-08-08 20:00:00,9.0,22.012869
Badia de Pollença,2025-08-09 08:00:00,11.0,21.36756
Badia de Pollença,2025-08-09 09:00:00,9.0,15.4651785
Badia de Pollença,2025-08-09 10:00:00,7.0,19.079569
Badia de Pollença,2025-08-09 11:00:00,9.0,17.171026
Badia de Pollença,2025-08-09 12:00:00,5.0,16.530287
Badia de Pollença,2025-08-09 13:00:00,7.0,11.94501
Badia de Pollença,2025-08-09 14:00:00,7.0,13.650557
Badia de Pollença,2025-08-09 15:00:00,5.0,14.846135
Badia de Pollença,2025-08-09 16:00:00,6.0,15.5769205
Badia de Pollença,2025-08-09 17:00:00,5.0,7.5036035
Badia de Pollença,2025-08-09 18:00:00,18.0,14.405677
Badia de Pollença,2025-08-09 19:00:00,8.0,6.956472
Badia de Pollença,2025-08-09 20:00:00,23.0,8.811548
Badia de Pollença,2025-08-10 08:00:00,9.0,11.505307
Badia de Pollença,2025-08-10 09:00:00,16.0,15.727266
Badia de Pollença,2025-08-10 10:00:00,15.0,13.801071
Badia de Pollença,2025-08-10 11:00:00,16.0,12.115012
Badia de Pollença,2025-08-10 12:00:00,7.0,21.133038
Badia de Pollença,2025-08-10 13:00:00,6.0,12.780252
Badia de Pollença,2025-08-10 14:00:00,10.0,17.574427
Badia de Pollença,2025-08-10 15:00:00,10.0,15.516252
Badia de Pollença,2025-08-10 16:00:00,6.0,16.329393
Badia de Pollença,2025-08-10 17:00:00,6.0,7.364432
Badia de Pollença,2025-08-10 18:00:00,11.0,15.526438
Badia de Pollença,2025-08-10 19:00:00,32.0,17.801022
Badia de Pollença,2025-08-10 20:00:00,30.0,10.364026
Badia de Pollença,2025-08-11 08:00:00,33.0,13.693921
Badia de Pollença,2025-08-11 09:00:00,25.0,11.401282
Badia de Pollença,2025-08-11 10:00:00,19.0,16.153803
Badia de Pollença,2025-08-11 11:00:00,21.0,9.123255
Badia de Pollença,2025-08-11 12:00:00,7.0,13.478231
Badia de Pollença,2025-08-11 13:00:00,5.0,13.428539
Badia de Pollença,2025-08-11 14:00:00,6.0,10.79657
Badia de Pollença,2025-08-11 15:00:00,15.0,9.366708
Badia de Pollença,2025-08-11 16:00:00,5.0,7.5322485
Badia de Pollença,2025-08-11 17:00:00,7.0,0.6653606
Badia de Pollença,2025-08-11 18:00:00,32.0,14.502334
Badia de Pollença,2025-08-11 19:00:00,21.0,22.72176
Badia de Pollença,2025-08-11 20:00:00,20.0,15.523526
Badia de Pollença,2025-08-12 08:00:00,20.0,20.586277
Badia de Pollença,2025-08-12 09:00:00,26.0,22.200113
Badia de Pollença,2025-08-12 10:00:00,23.0,20.508307
Badia de Pollença,2025-08-12 11:00:00,25.0,16.924803
Badia de Pollença,2025-08-12 12:00:00,10.0,20.430063
Badia de Pollença,2025-08-12 13:00:00,9.0,14.492354
Badia de Pollença,2025-08-12 14:00:00,7.0,11.142791
Badia de Pollença,2025-08-12 15:00:00,11.0,10.189047
Badia de Pollença,2025-08-12 16:00:00,7.0,8.028999
Badia de Pollença,2025-08-12 17:00:00,7.0,-0.7403233
Badia de Pollença,2025-08-12 18:00:00,21.0,12.333441
Badia de Pollença,2025-08-12 19:00:00,16.0,16.938454
Badia de Pollença,2025-08-12 20:00:00,32.0,16.95456
Badia de Pollença,2025-08-13 08:00:00,16.0,21.750164
Badia de Pollença,2025-08-13 09:00:00,18.0,17.222971
Badia de Pollença,2025-08-13 10:00:00,17.0,16.036074
Badia de Pollença,2025-08-13 11:00:00,19.0,13.697986
Badia de Pollença,2025-08-13 12:00:00,16.0,13.79001
Badia de Pollença,2025-08-13 13:00:00,8.0,12.438973
Badia de Pollença,2025-08-13 14:00:00,7.0,13.468137
Badia de Pollença,2025-08-13 15:00:00,11.0,12.45943
Badia de Pollença,2025-08-13 16:00:00,8.0,8.240422
Badia de Pollença,2025-08-13 17:00:00,9.0,1.0521255
Badia de Pollença,2025-08-13 18:00:00,31.0,13.113172
Badia de Pollença,2025-08-13 19:00:00,25.0,20.85341
Badia de Pollença,2025-08-13 20:00:00,16.0,18.254251
Badia de Pollença,2025-08-14 08:00:00,30.0,20.393476
Badia de Pollença,2025-08-14 09:00:00,28.0,18.163275
Badia de Pollença,2025-08-14 10:00:00,25.0,26.534134
Badia de Pollença,2025-08-14 11:00:00,18.0,18.72613
Badia de Pollença,2025-08-14 12:00:00,20.0,13.493594
Badia de Pollença,2025-08-14 13:00:00,17.0,12.405441
Badia de Pollença,2025-08-14 14:00:00,25.0,13.765013
Badia de Pollença,2025-08-14 15:00:00,50.0,12.148543
Badia de Pollença,2025-08-14 16:00:00,6.0,8.40599
Badia de Pollença,2025-08-14 17:00:00,8.0,2.9688528
Badia de Pollença,2025-08-14 18:00:00,22.0,14.514512
Badia de Pollença,2025-08-14 19:00:00,22.0,24.296127
Badia de Pollença,2025-08-14 20:00:00,24.0,25.968445
Badia de Pollença,2025-08-15 08:00:00,18.0,28.168785
Badia de Pollença,2025-08-15 09:00:00,21.0,22.029129
Badia de Pollença,2025-08-15 10:00:00,17.0,22.011698
Badia de Pollença,2025-08-15 11:00:00,9.0,22.017334
Badia de Pollença,2025-08-15 12:00:00,7.0,19.910704
Badia de Pollença,2025-08-15 13:00:00,6.0,15.771682
Badia de Pollença,2025-08-15 14:00:00,7.0,15.467782
Badia de Pollença,2025-08-15 15:00:00,23.0,15.486384
Badia de Pollença,2025-08-15 16:00:00,7.0,13.085937
Badia de Pollença,2025-08-15 17:00:00,8.0,5.509356
Badia de Pollença,2025-08-15 18:00:00,19.0,9.893653
Badia de Pollença,2025-08-15 19:00:00,18.0,16.07917
Badia de Pollença,2025-08-15 20:00:00,17.0,20.88315
Badia de Pollença,2025-08-16 08:00:00,22.0,21.786789
Badia de Pollença,2025-08-16 09:00:00,14.0,18.338215
Badia de Pollença,2025-08-16 10:00:00,10.0,15.756124
Badia de Pollença,2025-08-16 11:00:00,9.0,17.25363
Badia de Pollença,2025-08-16 12:00:00,6.0,17.70355
Badia de Pollença,2025-08-16 13:00:00,8.0,13.035462
Badia de Pollença,2025-08-16 14:00:00,8.0,13.911864
Badia de Pollença,2025-08-16 15:00:00,11.0,13.256281
Badia de Pollença,2025-08-16 16:00:00,9.0,8.403801
Badia de Pollença,2025-08-16 17:00:00,8.0,2.434378
Badia de Pollença,2025-08-16 18:00:00,16.0,7.0536814
Badia de Pollença,2025-08-16 19:00:00,18.0,17.019554
Badia de Pollença,2025-08-16 20:00:00,21.0,24.51958
Badia de Pollença,2025-08-17 08:00:00,21.0,23.398157
Badia de Pollença,2025-08-17 09:00:00,12.0,19.511707
Badia de Pollença,2025-08-17 10:00:00,14.0,15.785338
Badia de Pollença,2025-08-17 11:00:00,9.0,14.773959
Badia de Pollença,2025-08-17 12:00:00,10.0,17.741655
Badia de Pollença,2025-08-17 13:00:00,7.0,12.803576
Badia de Pollença,2025-08-17 14:00:00,16.0,13.20102
Badia de Pollença,2025-08-17 15:00:00,21.0,15.028116
Badia de Pollença,2025-08-17 16:00:00,8.0,8.225883
Badia de Pollença,2025-08-17 17:00:00,7.0,1.5437583
Badia de Pollença,2025-08-17 18:00:00,20.0,9.538577
Badia de Pollença,2025-08-17 19:00:00,9.0,13.774018
Badia de Pollença,2025-08-17 20:00:00,14.0,18.686243
Badia de Pollença,2025-08-18 08:00:00,9.0,20.814602
Badia de Pollença,2025-08-18 09:00:00,8.0,20.03371
Badia de Pollença,2025-08-18 10:00:00,6.0,17.84963
Badia de Pollença,2025-08-18 11:00:00,6.0,18.718409
Badia de Pollença,2025-08-18 12:00:00,6.0,16.892487
Badia de Pollença,2025-08-18 13:00:00,9.0,14.069719
Badia de Pollença,2025-08-18 14:00:00,5.0,15.338185
Badia de Pollença,2025-08-18 15:00:00,14.0,12.774244
Badia de Pollença,2025-08-18 16:00:00,6.0,10.190516
Badia de Pollença,2025-08-18 17:00:00,7.0,2.927157
Badia de Pollença,2025-08-18 18:00:00,13.0,7.114193
Badia de Pollença,2025-08-18 19:00:00,10.0,11.34042
Badia de Pollença,2025-08-18 20:00:00,10.0,13.5984335
Badia de Pollença,2025-08-19 08:00:00,10.0,13.209314
Badia de Pollença,2025-08-19 09:00:00,9.0,11.082925
Badia de Pollença,2025-08-19 10:00:00,15.0,10.775323
Badia de Pollença,2025-08-19 11:00:00,9.0,15.30641
Badia de Pollença,2025-08-19 12:00:00,11.0,14.37885
Badia de Pollença,2025-08-19 13:00:00,13.0,6.6814666
Badia de Pollença,2025-08-19 14:00:00,8.0,6.8451123
Badia de Pollença,2025-08-19 15:00:00,7.0,6.9779363
Badia de Pollença,2025-08-19 16:00:00,6.0,5.0069056
Badia de Pollença,2025-08-19 17:00:00,5.0,-0.14419131
Badia de Pollença,2025-08-19 18:00:00,21.0,13.599969
Badia de Pollença,2025-08-19 19:00:00,12.0,10.453458
Badia de Pollença,2025-08-19 20:00:00,17.0,15.351482
Badia de Pollença,2025-08-20 08:00:00,15.0,16.857634
Badia de Pollença,2025-08-20 09:00:00,10.0,18.958874
Badia de Pollença,2025-08-20 10:00:00,10.0,15.8855505
Badia de Pollença,2025-08-20 11:00:00,9.0,16.874489
Badia de Pollença,2025-08-20 12:00:00,13.0,13.6777725
Badia de Pollença,2025-08-20 13:00:00,9.0,12.416182
Badia de Pollença,2025-08-20 14:00:00,6.0,8.238387
Badia de Pollença,2025-08-20 15:00:00,10.0,6.8640237
Badia de Pollença,2025-08-20 16:00:00,6.0,8.513116
Badia de Pollença,2025-08-20 17:00:00,6.0,0.91976297
Badia de Pollença,2025-08-20 18:00:00,21.0,12.799041
Badia de Pollença,2025-08-20 19:00:00,18.0,18.799952
Badia de Pollença,2025-08-20 20:00:00,21.0,21.791458
Badia de Pollença,2025-08-21 08:00:00,18.0,19.981834
Badia de Pollença,2025-08-21 09:00:00,13.0,21.502811
Badia de Pollença,2025-08-21 10:00:00,14.0,13.961781
Badia de Pollença,2025-08-21 11:00:00,9.0,16.185963
Badia de Pollença,2025-08-21 12:00:00,10.0,19.778788
Badia de Pollença,2025-08-21 13:00:00,8.0,14.772007
Badia de Pollença,2025-08-21 14:00:00,6.0,13.782123
Badia de Pollença,2025-08-21 15:00:00,10.0,11.875165
Badia de Pollença,2025-08-21 16:00:00,7.0,8.605369
Badia de Pollença,2025-08-21 17:00:00,6.0,0.39000916
Badia de Pollença,2025-08-21 18:00:00,16.0,16.160618
Badia de Pollença,2025-08-21 19:00:00,24.0,21.370031
Badia de Pollença,2025-08-21 20:00:00,21.0,29.627676
Badia de Pollença,2025-08-22 08:00:00,23.0,34.95956
Badia de Pollença,2025-08-22 09:00:00,13.0,27.185415
Badia de Pollença,2025-08-22 10:00:00,11.0,31.61405
Badia de Pollença,2025-08-22 11:00:00,13.0,25.334412
Badia de Pollença,2025-08-22 12:00:00,10.0,22.496477
Badia de Pollença,2025-08-22 13:00:00,7.0,15.948204
Badia de Pollença,2025-08-22 14:00:00,15.0,18.222929
Badia de Pollença,2025-08-22 15:00:00,6.0,17.081846
Badia de Pollença,2025-08-22 16:00:00,7.0,16.153883
Badia de Pollença,2025-08-22 17:00:00,7.0,9.268503
Badia de Pollença,2025-08-22 18:00:00,16.0,13.745818
Badia de Pollença,2025-08-22 19:00:00,11.0,23.694496
Badia de Pollença,2025-08-22 20:00:00,12.0,19.922762
Badia de Pollença,2025-08-23 08:00:00,8.0,21.573277
Badia de Pollença,2025-08-23 09:00:00,12.0,16.665483
Badia de Pollença,2025-08-23 10:00:00,4.0,19.80077
Badia de Pollença,2025-08-23 11:00:00,7.0,21.655975
Badia de Pollença,2025-08-23 12:00:00,10.0,14.948112
Badia de Pollença,2025-08-23 13:00:00,6.0,19.010109
Badia de Pollença,2025-08-23 14:00:00,6.0,17.18938
Badia de Pollença,2025-08-23 15:00:00,6.0,15.195145
Badia de Pollença,2025-08-23 16:00:00,6.0,10.976578
Badia de Pollença,2025-08-23 17:00:00,5.0,5.0218945
Badia de Pollença,2025-08-23 18:00:00,15.0,18.470644
Badia de Pollença,2025-08-23 19:00:00,16.0,27.766876
Badia de Pollença,2025-08-23 20:00:00,13.0,24.411966
Badia de Pollença,2025-08-24 08:00:00,17.0,36.644104
Badia de Pollença,2025-08-24 09:00:00,19.0,33.495007
Badia de Pollença,2025-08-24 10:00:00,19.0,30.072496
Badia de Pollença,2025-08-24 11:00:00,12.0,20.646267
Badia de Pollença,2025-08-24 12:00:00,7.0,21.321846
Badia de Pollença,2025-08-24 13:00:00,11.0,18.929966
Badia de Pollença,2025-08-24 14:00:00,9.0,17.792227
Badia de Pollença,2025-08-24 15:00:00,10.0,17.230297
Badia de Pollença,2025-08-24 16:00:00,5.0,13.058499
Badia de Pollença,2025-08-24 17:00:00,8.0,6.634945
Badia de Pollença,2025-08-24 18:00:00,17.0,17.760254
Badia de Pollença,2025-08-24 19:00:00,17.0,24.942408
Badia de Pollença,2025-08-24 20:00:00,20.0,27.095348
Badia de Pollença,2025-08-25 08:00:00,14.0,30.3575
Badia de Pollença,2025-08-25 09:00:00,22.0,26.175804
Badia de Pollença,2025-08-25 10:00:00,22.0,19.81019
Badia de Pollença,2025-08-25 11:00:00,12.0,16.954607
Badia de Pollença,2025-08-25 12:00:00,6.0,17.00572
Badia de Pollença,2025-08-25 13:00:00,8.0,16.52168
Badia de Pollença,2025-08-25 14:00:00,6.0,17.109415
Badia de Pollença,2025-08-25 15:00:00,11.0,13.995734
Badia de Pollença,2025-08-25 16:00:00,6.0,5.331442
Badia de Pollença,2025-08-25 17:00:00,5.0,4.8210278
Badia de Pollença,2025-08-25 18:00:00,15.0,18.206463
Badia de Pollença,2025-08-25 19:00:00,19.0,24.572517
Badia de Pollença,2025-08-25 20:00:00,11.0,25.585579
Badia de Pollença,2025-08-26 08:00:00,11.0,32.105515
Badia de Pollença,2025-08-26 09:00:00,12.0,27.48859
Badia de Pollença,2025-08-26 10:00:00,12.0,21.32524
Badia de Pollença,2025-08-26 11:00:00,7.0,14.376205
Badia de Pollença,2025-08-26 12:00:00,7.0,14.694732
Badia de Pollença,2025-08-26 13:00:00,7.0,15.353202
Badia de Pollença,2025-08-26 14:00:00,6.0,13.490537
Badia de Pollença,2025-08-26 15:00:00,9.0,12.650745
Badia de Pollença,2025-08-26 16:00:00,6.0,1.4281132
Badia de Pollença,2025-08-26 17:00:00,7.0,2.0549417
Badia de Pollença,2025-08-26 18:00:00,7.0,12.131787
Badia de Pollença,2025-08-26 19:00:00,11.0,20.457375
Badia de Pollença,2025-08-26 20:00:00,12.0,14.753561
Badia de Pollença,2025-08-27 08:00:00,12.0,13.069468
Badia de Pollença,2025-08-27 09:00:00,12.0,14.487081
Badia de Pollença,2025-08-27 10:00:00,7.0,15.615743
Badia de Pollença,2025-08-27 11:00:00,15.0,14.18961
Badia de Pollença,2025-08-27 12:00:00,6.0,12.079507
Badia de Pollença,2025-08-27 13:00:00,4.0,10.404295
Badia de Pollença,2025-08-27 14:00:00,5.0,9.978266
Badia de Pollença,2025-08-27 15:00:00,5.0,11.543318
Badia de Pollença,2025-08-27 16:00:00,5.0,-0.3519218
Badia de Pollença,2025-08-27 17:00:00,5.0,-0.42358458
Badia de Pollença,2025-08-27 18:00:00,8.0,15.156306
Badia de Pollença,2025-08-27 19:00:00,15.0,22.26762
Badia de Pollença,2025-08-27 20:00:00,22.0,24.49127
Badia de Pollença,2025-08-28 08:00:00,16.0,28.182392
Badia de Pollença,2025-08-28 09:00:00,10.0,27.388918
Badia de Pollença,2025-08-28 10:00:00,13.0,24.019793
Badia de Pollença,2025-08-28 11:00:00,8.0,25.235327
Badia de Pollença,2025-08-28 12:00:00,7.0,21.138252
Badia de Pollença,2025-08-28 13:00:00,5.0,18.080664
Badia de Pollença,2025-08-28 14:00:00,6.0,15.030475
Badia de Pollença,2025-08-28 15:00:00,9.0,12.359083
Badia de Pollença,2025-08-28 16:00:00,5.0,1.2173711
Badia de Pollença,2025-08-28 17:00:00,5.0,1.629601
Badia de Pollença,2025-08-28 18:00:00,7.0,12.778171
Badia de Pollença,2025-08-28 19:00:00,7.0,17.014528
Badia de Pollença,2025-08-28 20:00:00,12.0,23.892801
Badia de Pollença,2025-08-29 08:00:00,9.0,22.976349
Badia de Pollença,2025-08-29 09:00:00,4.0,15.997808
Badia de Pollença,2025-08-29 10:00:00,9.0,20.775043
Badia de Pollença,2025-08-29 11:00:00,5.0,18.64185
Badia de Pollença,2025-08-29 12:00:00,9.0,13.831468
Badia de Pollença,2025-08-29 13:00:00,7.0,14.266695
Badia de Pollença,2025-08-29 14:00:00,5.0,13.138509
Badia de Pollença,2025-08-29 15:00:00,7.0,9.032437
Badia de Pollença,2025-08-29 16:00:00,5.0,3.3436344
Badia de Pollença,2025-08-29 17:00:00,5.0,1.886431
Badia de Pollença,2025-08-29 18:00:00,12.0,9.783786
Badia de Pollença,2025-08-29 19:00:00,7.0,13.173552
Badia de Pollença,2025-08-29 20:00:00,6.0,11.184404
Badia de Pollença,2025-08-30 08:00:00,12.0,17.173994
Badia de Pollença,2025-08-30 09:00:00,7.0,16.440214
Badia de Pollença,2025-08-30 10:00:00,6.0,12.981882
Badia de Pollença,2025-08-30 11:00:00,5.0,11.46149
Badia de Pollença,2025-08-30 12:00:00,4.0,10.828736
Badia de Pollença,2025-08-30 13:00:00,4.0,10.815898
Badia de Pollença,2025-08-30 14:00:00,3.0,9.930429
Badia de Pollença,2025-08-30 15:00:00,4.0,8.941219
Badia de Pollença,2025-08-30 16:00:00,5.0,0.53520185
Badia de Pollença,2025-08-30 17:00:00,5.0,-0.0382448
Badia de Pollença,2025-08-30 18:00:00,9.0,9.5551
Badia de Pollença,2025-08-30 19:00:00,14.0,12.552591
Badia de Pollença,2025-08-30 20:00:00,10.0,10.528438
Cala Vedella (platja),2025-06-01 08:00:00,163.0,150.89586
Cala Vedella (platja),2025-06-01 09:00:00,155.0,141.5061
Cala Vedella (platja),2025-06-01 10:00:00,152.0,166.61502
Cala Vedella (platja),2025-06-01 11:00:00,170.0,210.75493
Cala Vedella (platja),2025-06-01 12:00:00,142.0,170.40053
Cala Vedella (platja),2025-06-01 13:00:00,158.0,146.4577
Cala Vedella (platja),2025-06-01 14:00:00,106.0,102.96503
Cala Vedella (platja),2025-06-01 15:00:00,59.0,57.18602
Cala Vedella (platja),2025-06-01 16:00:00,58.0,67.552826
Cala Vedella (platja),2025-06-01 17:00:00,11.0,34.718456
Cala Vedella (platja),2025-06-01 18:00:00,34.0,103.31441
Cala Vedella (platja),2025-06-01 19:00:00,105.0,131.25247
Cala Vedella (platja),2025-06-01 20:00:00,135.0,157.2363
Cala Vedella (platja),2025-06-02 08:00:00,145.0,171.39064
Cala Vedella (platja),2025-06-02 09:00:00,127.0,168.70915
Cala Vedella (platja),2025-06-02 10:00:00,151.0,140.68935
Cala Vedella (platja),2025-06-02 11:00:00,153.0,172.82101
Cala Vedella (platja),2025-06-02 12:00:00,140.0,158.1159
Cala Vedella (platja),2025-06-02 13:00:00,120.0,120.54075
Cala Vedella (platja),2025-06-02 14:00:00,87.0,85.05975
Cala Vedella (platja),2025-06-02 15:00:00,43.0,77.55888
Cala Vedella (platja),2025-06-02 16:00:00,49.0,70.803894
Cala Vedella (platja),2025-06-02 17:00:00,6.0,41.59022
Cala Vedella (platja),2025-06-02 18:00:00,63.0,96.9991
Cala Vedella (platja),2025-06-02 19:00:00,153.0,111.10325
Cala Vedella (platja),2025-06-02 20:00:00,188.0,141.51164
Cala Vedella (platja),2025-06-03 08:00:00,203.0,164.37857
Cala Vedella (platja),2025-06-03 09:00:00,180.0,160.27498
Cala Vedella (platja),2025-06-03 10:00:00,192.0,150.45387
Cala Vedella (platja),2025-06-03 11:00:00,174.0,161.23799
Cala Vedella (platja),2025-06-03 12:00:00,158.0,148.24303
Cala Vedella (platja),2025-06-03 13:00:00,114.0,142.46169
Cala Vedella (platja),2025-06-03 14:00:00,68.0,124.91384
Cala Vedella (platja),2025-06-03 15:00:00,55.0,86.23878
Cala Vedella (platja),2025-06-03 16:00:00,49.0,71.137215
Cala Vedella (platja),2025-06-03 17:00:00,8.0,45.75889
Cala Vedella (platja),2025-06-03 18:00:00,56.0,98.68298
Cala Vedella (platja),2025-06-03 19:00:00,129.0,127.07785
Cala Vedella (platja),2025-06-03 20:00:00,166.0,136.71692
Cala Vedella (platja),2025-06-04 08:00:00,167.0,148.01674
Cala Vedella (platja),2025-06-04 09:00:00,130.0,126.320625
Cala Vedella (platja),2025-06-04 10:00:00,150.0,166.63867
Cala Vedella (platja),2025-06-04 11:00:00,153.0,179.27745
Cala Vedella (platja),2025-06-04 12:00:00,151.0,156.66039
Cala Vedella (platja),2025-06-04 13:00:00,111.0,136.2561
Cala Vedella (platja),2025-06-04 14:00:00,96.0,93.84538
Cala Vedella (platja),2025-06-04 15:00:00,59.0,64.65689
Cala Vedella (platja),2025-06-04 16:00:00,31.0,71.52482
Cala Vedella (platja),2025-06-04 17:00:00,7.0,43.139885
Cala Vedella (platja),2025-06-04 18:00:00,76.0,96.954155
Cala Vedella (platja),2025-06-04 19:00:00,110.0,137.59766
Cala Vedella (platja),2025-06-04 20:00:00,152.0,143.10022
Cala Vedella (platja),2025-06-05 08:00:00,121.0,167.35547
Cala Vedella (platja),2025-06-05 09:00:00,133.0,149.15562
Cala Vedella (platja),2025-06-05 10:00:00,148.0,147.8686
Cala Vedella (platja),2025-06-05 11:00:00,156.0,157.16927
Cala Vedella (platja),2025-06-05 12:00:00,147.0,165.66185
Cala Vedella (platja),2025-06-05 13:00:00,135.0,143.69437
Cala Vedella (platja),2025-06-05 14:00:00,107.0,127.91472
Cala Vedella (platja),2025-06-05 15:00:00,75.0,93.99783
Cala Vedella (platja),2025-06-05 16:00:00,37.0,78.02514
Cala Vedella (platja),2025-06-05 17:00:00,7.0,49.74048
Cala Vedella (platja),2025-06-05 18:00:00,74.0,98.250534
Cala Vedella (platja),2025-06-05 19:00:00,157.0,118.8743
Cala Vedella (platja),2025-06-05 20:00:00,214.0,139.18927
Cala Vedella (platja),2025-06-06 08:00:00,243.0,172.30038
Cala Vedella (platja),2025-06-06 09:00:00,215.0,165.15765
Cala Vedella (platja),2025-06-06 10:00:00,268.0,178.65735
Cala Vedella (platja),2025-06-06 11:00:00,265.0,182.53848
Cala Vedella (platja),2025-06-06 12:00:00,218.0,169.92802
Cala Vedella (platja),2025-06-06 13:00:00,216.0,155.0645
Cala Vedella (platja),2025-06-06 14:00:00,134.0,142.54619
Cala Vedella (platja),2025-06-06 15:00:00,96.0,133.28465
Cala Vedella (platja),2025-06-06 16:00:00,44.0,110.93899
Cala Vedella (platja),2025-06-06 17:00:00,7.0,59.478466
Cala Vedella (platja),2025-06-06 18:00:00,76.0,78.28182
Cala Vedella (platja),2025-06-06 19:00:00,122.0,115.54933
Cala Vedella (platja),2025-06-06 20:00:00,150.0,114.843216
Cala Vedella (platja),2025-06-07 08:00:00,157.0,157.58986
Cala Vedella (platja),2025-06-07 09:00:00,152.0,157.8862
Cala Vedella (platja),2025-06-07 10:00:00,164.0,152.46646
Cala Vedella (platja),2025-06-07 11:00:00,148.0,149.02753
Cala Vedella (platja),2025-06-07 12:00:00,138.0,142.45808
Cala Vedella (platja),2025-06-07 13:00:00,125.0,133.08046
Cala Vedella (platja),2025-06-07 14:00:00,55.0,118.37474
Cala Vedella (platja),2025-06-07 15:00:00,49.0,106.24961
Cala Vedella (platja),2025-06-07 16:00:00,49.0,75.109344
Cala Vedella (platja),2025-06-07 17:00:00,10.0,38.876606
Cala Vedella (platja),2025-06-07 18:00:00,74.0,84.78278
Cala Vedella (platja),2025-06-07 19:00:00,130.0,116.47068
Cala Vedella (platja),2025-06-07 20:00:00,138.0,147.3255
Cala Vedella (platja),2025-06-08 08:00:00,137.0,169.40794
Cala Vedella (platja),2025-06-08 09:00:00,139.0,154.87744
Cala Vedella (platja),2025-06-08 10:00:00,126.0,161.23561
Cala Vedella (platja),2025-06-08 11:00:00,170.0,191.23026
Cala Vedella (platja),2025-06-08 12:00:00,167.0,169.80365
Cala Vedella (platja),2025-06-08 13:00:00,137.0,153.8323
Cala Vedella (platja),2025-06-08 14:00:00,81.0,136.92813
Cala Vedella (platja),2025-06-08 15:00:00,67.0,86.42422
Cala Vedella (platja),2025-06-08 16:00:00,64.0,51.974564
Cala Vedella (platja),2025-06-08 17:00:00,6.0,42.839993
Cala Vedella (platja),2025-06-08 18:00:00,52.0,106.056244
Cala Vedella (platja),2025-06-08 19:00:00,121.0,131.23193
Cala Vedella (platja),2025-06-08 20:00:00,149.0,180.21538
Cala Vedella (platja),2025-06-09 08:00:00,182.0,180.37866
Cala Vedella (platja),2025-06-09 09:00:00,144.0,198.39189
Cala Vedella (platja),2025-06-09 10:00:00,156.0,188.74107
Cala Vedella (platja),2025-06-09 11:00:00,169.0,196.47424
Cala Vedella (platja),2025-06-09 12:00:00,173.0,171.44128
Cala Vedella (platja),2025-06-09 13:00:00,148.0,149.56166
Cala Vedella (platja),2025-06-09 14:00:00,98.0,133.17531
Cala Vedella (platja),2025-06-09 15:00:00,62.0,79.07355
Cala Vedella (platja),2025-06-09 16:00:00,43.0,82.934296
Cala Vedella (platja),2025-06-09 17:00:00,8.0,50.51176
Cala Vedella (platja),2025-06-09 18:00:00,77.0,101.02471
Cala Vedella (platja),2025-06-09 19:00:00,138.0,145.34138
Cala Vedella (platja),2025-06-09 20:00:00,186.0,152.37743
Cala Vedella (platja),2025-06-10 08:00:00,146.0,170.66173
Cala Vedella (platja),2025-06-10 09:00:00,155.0,163.24652
Cala Vedella (platja),2025-06-10 10:00:00,145.0,168.75739
Cala Vedella (platja),2025-06-10 11:00:00,153.0,163.76607
Cala Vedella (platja),2025-06-10 12:00:00,161.0,159.51404
Cala Vedella (platja),2025-06-10 13:00:00,174.0,148.76292
Cala Vedella (platja),2025-06-10 14:00:00,125.0,130.81175
Cala Vedella (platja),2025-06-10 15:00:00,108.0,101.01699
Cala Vedella (platja),2025-06-10 16:00:00,66.0,82.275764
Cala Vedella (platja),2025-06-10 17:00:00,11.0,38.546505
Cala Vedella (platja),2025-06-10 18:00:00,50.0,98.738976
Cala Vedella (platja),2025-06-10 19:00:00,124.0,140.82318
Cala Vedella (platja),2025-06-10 20:00:00,132.0,149.24495
Cala Vedella (platja),2025-06-11 08:00:00,181.0,151.3962
Cala Vedella (platja),2025-06-11 09:00:00,32.0,162.48776
Cala Vedella (platja),2025-06-11 10:00:00,158.0,158.28096
Cala Vedella (platja),2025-06-11 11:00:00,150.0,159.51178
Cala Vedella (platja),2025-06-11 12:00:00,172.0,147.25296
Cala Vedella (platja),2025-06-11 13:00:00,148.0,152.38487
Cala Vedella (platja),2025-06-11 14:00:00,117.0,119.206245
Cala Vedella (platja),2025-06-11 15:00:00,91.0,84.33437
Cala Vedella (platja),2025-06-11 16:00:00,52.0,78.03657
Cala Vedella (platja),2025-06-11 17:00:00,15.0,43.5456
Cala Vedella (platja),2025-06-11 18:00:00,50.0,99.54363
Cala Vedella (platja),2025-06-11 19:00:00,90.0,130.40352
Cala Vedella (platja),2025-06-11 20:00:00,171.0,146.90865
Cala Vedella (platja),2025-06-12 08:00:00,168.0,162.85516
Cala Vedella (platja),2025-06-12 09:00:00,170.0,153.51678
Cala Vedella (platja),2025-06-12 10:00:00,155.0,158.15343
Cala Vedella (platja),2025-06-12 11:00:00,152.0,183.08455
Cala Vedella (platja),2025-06-12 12:00:00,184.0,164.56987
Cala Vedella (platja),2025-06-12 13:00:00,174.0,157.51118
Cala Vedella (platja),2025-06-12 14:00:00,163.0,147.49713
Cala Vedella (platja),2025-06-12 15:00:00,95.0,114.474655
Cala Vedella (platja),2025-06-12 16:00:00,65.0,87.66398
Cala Vedella (platja),2025-06-12 17:00:00,16.0,56.96048
Cala Vedella (platja),2025-06-12 18:00:00,68.0,92.6687
Cala Vedella (platja),2025-06-12 19:00:00,120.0,111.212555
Cala Vedella (platja),2025-06-12 20:00:00,195.0,155.97841
Cala Vedella (platja),2025-06-13 08:00:00,225.0,172.66208
Cala Vedella (platja),2025-06-13 09:00:00,199.0,166.15018
Cala Vedella (platja),2025-06-13 10:00:00,202.0,173.33473
Cala Vedella (platja),2025-06-13 11:00:00,242.0,175.52837
Cala Vedella (platja),2025-06-13 12:00:00,231.0,162.80542
Cala Vedella (platja),2025-06-13 13:00:00,227.0,158.04808
Cala Vedella (platja),2025-06-13 14:00:00,189.0,137.86783
Cala Vedella (platja),2025-06-13 15:00:00,110.0,117.019585
Cala Vedella (platja),2025-06-13 16:00:00,97.0,85.76013
Cala Vedella (platja),2025-06-13 17:00:00,18.0,52.96806
Cala Vedella (platja),2025-06-13 18:00:00,54.0,63.764343
Cala Vedella (platja),2025-06-13 19:00:00,110.0,105.96074
Cala Vedella (platja),2025-06-13 20:00:00,152.0,126.95266
Cala Vedella (platja),2025-06-14 08:00:00,228.0,153.05547
Cala Vedella (platja),2025-06-14 09:00:00,198.0,126.50974
Cala Vedella (platja),2025-06-14 10:00:00,152.0,138.17651
Cala Vedella (platja),2025-06-14 11:00:00,212.0,152.03984
Cala Vedella (platja),2025-06-14 12:00:00,175.0,144.26408
Cala Vedella (platja),2025-06-14 13:00:00,170.0,140.90497
Cala Vedella (platja),2025-06-14 14:00:00,115.0,123.18858
Cala Vedella (platja),2025-06-14 15:00:00,68.0,101.006836
Cala Vedella (platja),2025-06-14 16:00:00,61.0,74.76517
Cala Vedella (platja),2025-06-14 17:00:00,31.0,45.896397
Cala Vedella (platja),2025-06-14 18:00:00,53.0,64.719666
Cala Vedella (platja),2025-06-14 19:00:00,131.0,102.773056
Cala Vedella (platja),2025-06-14 20:00:00,183.0,130.27924
Cala Vedella (platja),2025-06-15 08:00:00,165.0,156.18524
Cala Vedella (platja),2025-06-15 09:00:00,165.0,137.30504
Cala Vedella (platja),2025-06-15 10:00:00,187.0,161.07065
Cala Vedella (platja),2025-06-15 11:00:00,154.0,188.39876
Cala Vedella (platja),2025-06-15 12:00:00,179.0,151.09064
Cala Vedella (platja),2025-06-15 13:00:00,127.0,148.55692
Cala Vedella (platja),2025-06-15 14:00:00,136.0,146.19046
Cala Vedella (platja),2025-06-15 15:00:00,23.0,80.72289
Cala Vedella (platja),2025-06-15 16:00:00,54.0,88.66105
Cala Vedella (platja),2025-06-15 17:00:00,104.0,137.80104
Cala Vedella (platja),2025-06-15 18:00:00,123.0,200.57748
Cala Vedella (platja),2025-06-15 19:00:00,138.0,174.32191
Cala Vedella (platja),2025-06-15 20:00:00,152.0,193.69421
Cala Vedella (platja),2025-06-16 08:00:00,127.0,219.00125
Cala Vedella (platja),2025-06-16 09:00:00,166.0,176.8999
Cala Vedella (platja),2025-06-16 10:00:00,145.0,153.53519
Cala Vedella (platja),2025-06-16 11:00:00,157.0,156.25603
Cala Vedella (platja),2025-06-16 12:00:00,117.0,155.89906
Cala Vedella (platja),2025-06-16 13:00:00,96.0,131.51561
Cala Vedella (platja),2025-06-16 14:00:00,64.0,86.75967
Cala Vedella (platja),2025-06-16 15:00:00,15.0,46.160862
Cala Vedella (platja),2025-06-16 16:00:00,42.0,58.233307
Cala Vedella (platja),2025-06-16 17:00:00,98.0,135.33823
Cala Vedella (platja),2025-06-16 18:00:00,147.0,141.38991
Cala Vedella (platja),2025-06-16 19:00:00,197.0,135.84166
Cala Vedella (platja),2025-06-16 20:00:00,169.0,124.8617
Cala Vedella (platja),2025-06-17 08:00:00,163.0,166.08519
Cala Vedella (platja),2025-06-17 09:00:00,165.0,149.08304
Cala Vedella (platja),2025-06-17 10:00:00,184.0,160.82065
Cala Vedella (platja),2025-06-17 11:00:00,159.0,163.37477
Cala Vedella (platja),2025-06-17 12:00:00,117.0,147.91794
Cala Vedella (platja),2025-06-17 13:00:00,85.0,122.841286
Cala Vedella (platja),2025-06-17 14:00:00,85.0,81.14677
Cala Vedella (platja),2025-06-17 15:00:00,21.0,32.285973
Cala Vedella (platja),2025-06-17 16:00:00,52.0,58.56206
Cala Vedella (platja),2025-06-17 17:00:00,115.0,93.938576
Cala Vedella (platja),2025-06-17 18:00:00,165.0,117.888985
Cala Vedella (platja),2025-06-17 19:00:00,179.0,138.32887
Cala Vedella (platja),2025-06-17 20:00:00,210.0,144.26137
Cala Vedella (platja),2025-06-18 08:00:00,133.0,169.19783
Cala Vedella (platja),2025-06-18 09:00:00,144.0,163.21994
Cala Vedella (platja),2025-06-18 10:00:00,148.0,156.55463
Cala Vedella (platja),2025-06-18 11:00:00,151.0,150.03865
Cala Vedella (platja),2025-06-18 12:00:00,127.0,133.01797
Cala Vedella (platja),2025-06-18 13:00:00,67.0,111.15545
Cala Vedella (platja),2025-06-18 14:00:00,90.0,72.97409
Cala Vedella (platja),2025-06-18 15:00:00,17.0,34.201763
Cala Vedella (platja),2025-06-18 16:00:00,56.0,51.182575
Cala Vedella (platja),2025-06-18 17:00:00,117.0,83.03707
Cala Vedella (platja),2025-06-18 18:00:00,149.0,109.62368
Cala Vedella (platja),2025-06-18 19:00:00,184.0,138.82927
Cala Vedella (platja),2025-06-18 20:00:00,144.0,157.11244
Cala Vedella (platja),2025-06-19 08:00:00,180.0,179.93126
Cala Vedella (platja),2025-06-19 09:00:00,200.0,152.8114
Cala Vedella (platja),2025-06-19 10:00:00,154.0,156.3208
Cala Vedella (platja),2025-06-19 11:00:00,194.0,142.54341
Cala Vedella (platja),2025-06-19 12:00:00,155.0,141.09537
Cala Vedella (platja),2025-06-19 13:00:00,121.0,113.53642
Cala Vedella (platja),2025-06-19 14:00:00,86.0,90.09938
Cala Vedella (platja),2025-06-19 15:00:00,32.0,44.847836
Cala Vedella (platja),2025-06-19 16:00:00,67.0,55.216927
Cala Vedella (platja),2025-06-19 17:00:00,118.0,91.10509
Cala Vedella (platja),2025-06-19 18:00:00,168.0,115.84027
Cala Vedella (platja),2025-06-19 19:00:00,202.0,135.00967
Cala Vedella (platja),2025-06-19 20:00:00,186.0,183.99826
Cala Vedella (platja),2025-06-20 08:00:00,172.0,190.19647
Cala Vedella (platja),2025-06-20 09:00:00,195.0,162.24103
Cala Vedella (platja),2025-06-20 10:00:00,204.0,163.98242
Cala Vedella (platja),2025-06-20 11:00:00,181.0,153.80716
Cala Vedella (platja),2025-06-20 12:00:00,148.0,149.15102
Cala Vedella (platja),2025-06-20 13:00:00,129.0,113.05574
Cala Vedella (platja),2025-06-20 14:00:00,100.0,114.95222
Cala Vedella (platja),2025-06-20 15:00:00,26.0,57.760193
Cala Vedella (platja),2025-06-20 16:00:00,55.0,48.079304
Cala Vedella (platja),2025-06-20 17:00:00,82.0,77.99167
Cala Vedella (platja),2025-06-20 18:00:00,159.0,96.71753
Cala Vedella (platja),2025-06-20 19:00:00,187.0,112.57388
Cala Vedella (platja),2025-06-20 20:00:00,172.0,142.6448
Cala Vedella (platja),2025-06-21 08:00:00,163.0,166.01558
Cala Vedella (platja),2025-06-21 09:00:00,141.0,158.16199
Cala Vedella (platja),2025-06-21 10:00:00,167.0,145.08284
Cala Vedella (platja),2025-06-21 11:00:00,149.0,133.07513
Cala Vedella (platja),2025-06-21 12:00:00,144.0,144.02885
Cala Vedella (platja),2025-06-21 13:00:00,87.0,118.76765
Cala Vedella (platja),2025-06-21 14:00:00,86.0,114.44224
Cala Vedella (platja),2025-06-21 15:00:00,24.0,66.27177
Cala Vedella (platja),2025-06-21 16:00:00,70.0,40.684326
Cala Vedella (platja),2025-06-21 17:00:00,116.0,74.817184
Cala Vedella (platja),2025-06-21 18:00:00,160.0,89.23712
Cala Vedella (platja),2025-06-21 19:00:00,152.0,121.40551
Cala Vedella (platja),2025-06-21 20:00:00,143.0,140.18094
Cala Vedella (platja),2025-06-22 08:00:00,151.0,173.96979
Cala Vedella (platja),2025-06-22 09:00:00,148.0,152.87173
Cala Vedella (platja),2025-06-22 10:00:00,141.0,149.36685
Cala Vedella (platja),2025-06-22 11:00:00,165.0,141.4734
Cala Vedella (platja),2025-06-22 12:00:00,127.0,156.30026
Cala Vedella (platja),2025-06-22 13:00:00,86.0,139.00761
Cala Vedella (platja),2025-06-22 14:00:00,66.0,119.291725
Cala Vedella (platja),2025-06-22 15:00:00,23.0,77.746315
Cala Vedella (platja),2025-06-22 16:00:00,57.0,129.22597
Cala Vedella (platja),2025-06-22 17:00:00,88.0,112.77286
Cala Vedella (platja),2025-06-22 18:00:00,195.0,168.20801
Cala Vedella (platja),2025-06-22 19:00:00,180.0,150.81006
Cala Vedella (platja),2025-06-22 20:00:00,152.0,158.16776
Cala Vedella (platja),2025-06-23 08:00:00,136.0,184.82823
Cala Vedella (platja),2025-06-23 09:00:00,148.0,177.20721
Cala Vedella (platja),2025-06-23 10:00:00,144.0,166.46938
Cala Vedella (platja),2025-06-23 11:00:00,158.0,174.42888
Cala Vedella (platja),2025-06-23 12:00:00,150.0,187.08362
Cala Vedella (platja),2025-06-23 13:00:00,81.0,147.89703
Cala Vedella (platja),2025-06-23 14:00:00,83.0,125.078255
Cala Vedella (platja),2025-06-23 15:00:00,20.0,74.660645
Cala Vedella (platja),2025-06-23 16:00:00,58.0,68.61627
Cala Vedella (platja),2025-06-23 17:00:00,115.0,96.75392
Cala Vedella (platja),2025-06-23 18:00:00,209.0,139.17714
Cala Vedella (platja),2025-06-23 19:00:00,183.0,156.97119
Cala Vedella (platja),2025-06-23 20:00:00,161.0,170.53665
Cala Vedella (platja),2025-06-24 08:00:00,168.0,188.60904
Cala Vedella (platja),2025-06-24 09:00:00,159.0,168.91602
Cala Vedella (platja),2025-06-24 10:00:00,140.0,182.54385
Cala Vedella (platja),2025-06-24 11:00:00,132.0,154.65134
Cala Vedella (platja),2025-06-24 12:00:00,133.0,165.96582
Cala Vedella (platja),2025-06-24 13:00:00,101.0,140.16359
Cala Vedella (platja),2025-06-24 14:00:00,66.0,134.7844
Cala Vedella (platja),2025-06-24 15:00:00,28.0,81.08423
Cala Vedella (platja),2025-06-24 16:00:00,53.0,71.487656
Cala Vedella (platja),2025-06-24 17:00:00,119.0,91.56902
Cala Vedella (platja),2025-06-24 20:00:00,151.0,139.85423
Cala Vedella (platja),2025-06-25 08:00:00,176.0,150.13205
Cala Vedella (platja),2025-06-25 09:00:00,165.0,144.76526
Cala Vedella (platja),2025-06-25 10:00:00,131.0,173.2618
Cala Vedella (platja),2025-06-25 11:00:00,183.0,184.78651
Cala Vedella (platja),2025-06-25 12:00:00,135.0,161.87625
Cala Vedella (platja),2025-06-25 13:00:00,145.0,174.14462
Cala Vedella (platja),2025-06-25 14:00:00,117.0,167.76016
Cala Vedella (platja),2025-06-25 15:00:00,63.0,135.06467
Cala Vedella (platja),2025-06-25 16:00:00,79.0,122.70203
Cala Vedella (platja),2025-06-25 17:00:00,23.0,73.049484
Cala Vedella (platja),2025-06-25 18:00:00,87.0,54.2296
Cala Vedella (platja),2025-06-25 19:00:00,140.0,77.132805
Cala Vedella (platja),2025-06-25 20:00:00,188.0,103.215355
Cala Vedella (platja),2025-06-26 08:00:00,197.0,139.94505
Cala Vedella (platja),2025-06-26 09:00:00,195.0,127.217834
Cala Vedella (platja),2025-06-26 10:00:00,172.0,144.7768
Cala Vedella (platja),2025-06-26 11:00:00,192.0,150.94093
Cala Vedella (platja),2025-06-26 12:00:00,181.0,164.03938
Cala Vedella (platja),2025-06-26 13:00:00,195.0,139.85628
Cala Vedella (platja),2025-06-26 14:00:00,155.0,148.30171
Cala Vedella (platja),2025-06-26 15:00:00,93.0,133.4757
Cala Vedella (platja),2025-06-26 16:00:00,112.0,112.71161
Cala Vedella (platja),2025-06-26 17:00:00,25.0,89.76431
Cala Vedella (platja),2025-06-26 18:00:00,57.0,44.85707
Cala Vedella (platja),2025-06-26 19:00:00,135.0,65.63953
Cala Vedella (platja),2025-06-26 20:00:00,176.0,128.58432
Cala Vedella (platja),2025-06-27 08:00:00,186.0,153.96304
Cala Vedella (platja),2025-06-27 09:00:00,219.0,137.15663
Cala Vedella (platja),2025-06-27 10:00:00,211.0,152.51122
Cala Vedella (platja),2025-06-27 11:00:00,223.0,172.22487
Cala Vedella (platja),2025-06-27 12:00:00,245.0,161.4515
Cala Vedella (platja),2025-06-27 13:00:00,221.0,150.4591
Cala Vedella (platja),2025-06-27 14:00:00,232.0,178.70296
Cala Vedella (platja),2025-06-27 15:00:00,128.0,144.29654
Cala Vedella (platja),2025-06-27 16:00:00,111.0,121.41619
Cala Vedella (platja),2025-06-27 17:00:00,26.0,77.968704
Cala Vedella (platja),2025-06-27 18:00:00,96.0,51.904938
Cala Vedella (platja),2025-06-27 19:00:00,147.0,85.690735
Cala Vedella (platja),2025-06-27 20:00:00,197.0,94.077515
Cala Vedella (platja),2025-06-28 08:00:00,178.0,130.5501
Cala Vedella (platja),2025-06-28 09:00:00,192.0,131.79788
Cala Vedella (platja),2025-06-28 10:00:00,180.0,144.16469
Cala Vedella (platja),2025-06-28 11:00:00,181.0,141.80644
Cala Vedella (platja),2025-06-28 12:00:00,194.0,147.08522
Cala Vedella (platja),2025-06-28 13:00:00,182.0,135.74942
Cala Vedella (platja),2025-06-28 14:00:00,137.0,139.78667
Cala Vedella (platja),2025-06-28 15:00:00,112.0,128.82048
Cala Vedella (platja),2025-06-28 16:00:00,86.0,115.12373
Cala Vedella (platja),2025-06-28 17:00:00,6.0,75.30406
Cala Vedella (platja),2025-06-28 18:00:00,36.0,61.133667
Cala Vedella (platja),2025-06-28 19:00:00,56.0,78.30277
Cala Vedella (platja),2025-06-28 20:00:00,67.0,114.943146
Cala Vedella (platja),2025-06-29 08:00:00,67.0,95.61752
Cala Vedella (platja),2025-06-29 09:00:00,75.0,109.60415
Cala Vedella (platja),2025-06-29 10:00:00,86.0,106.36797
Cala Vedella (platja),2025-06-29 11:00:00,104.0,124.46828
Cala Vedella (platja),2025-06-29 12:00:00,160.0,120.49282
Cala Vedella (platja),2025-06-29 13:00:00,127.0,111.62962
Cala Vedella (platja),2025-06-29 14:00:00,91.0,111.5201
Cala Vedella (platja),2025-06-29 15:00:00,61.0,101.05625
Cala Vedella (platja),2025-06-29 16:00:00,37.0,102.9503
Cala Vedella (platja),2025-06-29 17:00:00,8.0,63.624207
Cala Vedella (platja),2025-06-29 18:00:00,77.0,87.51436
Cala Vedella (platja),2025-06-29 19:00:00,205.0,138.07355
Cala Vedella (platja),2025-06-29 20:00:00,196.0,153.15479
Cala Vedella (platja),2025-06-30 08:00:00,197.0,162.3951
Cala Vedella (platja),2025-06-30 09:00:00,210.0,156.42226
Cala Vedella (platja),2025-06-30 10:00:00,207.0,179.66254
Cala Vedella (platja),2025-06-30 11:00:00,232.0,194.64317
Cala Vedella (platja),2025-06-30 12:00:00,236.0,188.12985
Cala Vedella (platja),2025-06-30 13:00:00,209.0,180.95953
Cala Vedella (platja),2025-06-30 14:00:00,159.0,166.62213
Cala Vedella (platja),2025-06-30 15:00:00,121.0,125.50271
Cala Vedella (platja),2025-06-30 16:00:00,82.0,99.291725
Cala Vedella (platja),2025-06-30 17:00:00,8.0,61.27714
Cala Vedella (platja),2025-06-30 18:00:00,91.0,77.38408
Cala Vedella (platja),2025-06-30 19:00:00,152.0,115.86927
Cala Vedella (platja),2025-06-30 20:00:00,195.0,137.84274
Cala Vedella (platja),2025-07-01 08:00:00,197.0,144.0817
Cala Vedella (platja),2025-07-01 09:00:00,189.0,129.25139
Cala Vedella (platja),2025-07-01 10:00:00,199.0,158.92567
Cala Vedella (platja),2025-07-01 11:00:00,205.0,179.75047
Cala Vedella (platja),2025-07-01 12:00:00,228.0,162.36743
Cala Vedella (platja),2025-07-01 13:00:00,212.0,154.98715
Cala Vedella (platja),2025-07-01 14:00:00,203.0,141.91412
Cala Vedella (platja),2025-07-01 15:00:00,129.0,114.50269
Cala Vedella (platja),2025-07-01 16:00:00,127.0,100.104225
Cala Vedella (platja),2025-07-01 17:00:00,7.0,58.833046
Cala Vedella (platja),2025-07-01 18:00:00,115.0,80.32672
Cala Vedella (platja),2025-07-01 19:00:00,227.0,113.596375
Cala Vedella (platja),2025-07-01 20:00:00,224.0,131.98534
Cala Vedella (platja),2025-07-02 08:00:00,181.0,140.87202
Cala Vedella (platja),2025-07-02 09:00:00,166.0,141.27313
Cala Vedella (platja),2025-07-02 10:00:00,178.0,161.98143
Cala Vedella (platja),2025-07-02 11:00:00,200.0,177.79874
Cala Vedella (platja),2025-07-02 12:00:00,219.0,166.84422
Cala Vedella (platja),2025-07-02 13:00:00,212.0,150.24596
Cala Vedella (platja),2025-07-02 14:00:00,134.0,147.7444
Cala Vedella (platja),2025-07-02 15:00:00,113.0,96.563286
Cala Vedella (platja),2025-07-02 16:00:00,8.0,65.23751
Cala Vedella (platja),2025-07-02 17:00:00,76.0,51.850475
Cala Vedella (platja),2025-07-02 18:00:00,153.0,89.23874
Cala Vedella (platja),2025-07-02 19:00:00,200.0,87.49546
Cala Vedella (platja),2025-07-02 20:00:00,204.0,112.66966
Cala Vedella (platja),2025-07-03 08:00:00,209.0,130.25754
Cala Vedella (platja),2025-07-03 09:00:00,189.0,165.18315
Cala Vedella (platja),2025-07-03 10:00:00,225.0,158.99454
Cala Vedella (platja),2025-07-03 11:00:00,214.0,167.36057
Cala Vedella (platja),2025-07-03 12:00:00,231.0,141.51894
Cala Vedella (platja),2025-07-03 13:00:00,172.0,114.9256
Cala Vedella (platja),2025-07-03 14:00:00,19.0,102.027405
Cala Vedella (platja),2025-07-03 15:00:00,47.0,89.58044
Cala Vedella (platja),2025-07-03 16:00:00,7.0,66.51622
Cala Vedella (platja),2025-07-03 17:00:00,101.0,77.03014
Cala Vedella (platja),2025-07-03 18:00:00,174.0,114.41343
Cala Vedella (platja),2025-07-03 19:00:00,236.0,121.805
Cala Vedella (platja),2025-07-03 20:00:00,254.0,170.94719
Cala Vedella (platja),2025-07-04 08:00:00,280.0,178.68367
Cala Vedella (platja),2025-07-04 09:00:00,268.0,175.49414
Cala Vedella (platja),2025-07-04 10:00:00,296.0,188.02829
Cala Vedella (platja),2025-07-04 11:00:00,287.0,182.51639
Cala Vedella (platja),2025-07-04 12:00:00,240.0,170.58679
Cala Vedella (platja),2025-07-04 13:00:00,227.0,158.04916
Cala Vedella (platja),2025-07-04 14:00:00,108.0,130.22061
Cala Vedella (platja),2025-07-04 15:00:00,98.0,86.09821
Cala Vedella (platja),2025-07-04 16:00:00,7.0,71.903244
Cala Vedella (platja),2025-07-04 17:00:00,68.0,50.98968
Cala Vedella (platja),2025-07-04 18:00:00,147.0,73.20598
Cala Vedella (platja),2025-07-04 19:00:00,245.0,79.08634
Cala Vedella (platja),2025-07-04 20:00:00,243.0,103.067314
Cala Vedella (platja),2025-07-05 08:00:00,250.0,133.66798
Cala Vedella (platja),2025-07-05 09:00:00,247.0,141.5778
Cala Vedella (platja),2025-07-05 10:00:00,259.0,132.97609
Cala Vedella (platja),2025-07-05 11:00:00,242.0,155.5472
Cala Vedella (platja),2025-07-05 12:00:00,187.0,167.17627
Cala Vedella (platja),2025-07-05 13:00:00,158.0,152.88496
Cala Vedella (platja),2025-07-05 14:00:00,134.0,117.84043
Cala Vedella (platja),2025-07-05 15:00:00,133.0,103.25694
Cala Vedella (platja),2025-07-05 16:00:00,9.0,66.229645
Cala Vedella (platja),2025-07-05 17:00:00,102.0,43.671265
Cala Vedella (platja),2025-07-05 18:00:00,221.0,115.926674
Cala Vedella (platja),2025-07-05 19:00:00,215.0,118.00634
Cala Vedella (platja),2025-07-05 20:00:00,239.0,137.73865
Cala Vedella (platja),2025-07-06 08:00:00,211.0,151.62654
Cala Vedella (platja),2025-07-06 09:00:00,206.0,176.8397
Cala Vedella (platja),2025-07-06 10:00:00,229.0,175.0862
Cala Vedella (platja),2025-07-06 11:00:00,251.0,152.1872
Cala Vedella (platja),2025-07-06 12:00:00,249.0,144.21295
Cala Vedella (platja),2025-07-06 13:00:00,199.0,158.52217
Cala Vedella (platja),2025-07-06 14:00:00,130.0,141.91972
Cala Vedella (platja),2025-07-06 15:00:00,127.0,125.75268
Cala Vedella (platja),2025-07-06 16:00:00,7.0,72.508995
Cala Vedella (platja),2025-07-06 17:00:00,109.0,98.27035
Cala Vedella (platja),2025-07-06 18:00:00,177.0,169.67566
Cala Vedella (platja),2025-07-06 19:00:00,211.0,178.51273
Cala Vedella (platja),2025-07-06 20:00:00,249.0,179.20013
Cala Vedella (platja),2025-07-07 08:00:00,234.0,200.02188
Cala Vedella (platja),2025-07-07 09:00:00,215.0,214.0799
Cala Vedella (platja),2025-07-07 10:00:00,262.0,233.84508
Cala Vedella (platja),2025-07-07 11:00:00,253.0,244.14761
Cala Vedella (platja),2025-07-07 12:00:00,239.0,216.16109
Cala Vedella (platja),2025-07-07 13:00:00,185.0,192.5314
Cala Vedella (platja),2025-07-07 14:00:00,115.0,152.79909
Cala Vedella (platja),2025-07-07 15:00:00,97.0,100.22627
Cala Vedella (platja),2025-07-07 16:00:00,7.0,66.323044
Cala Vedella (platja),2025-07-07 17:00:00,87.0,89.533485
Cala Vedella (platja),2025-07-07 18:00:00,174.0,121.769394
Cala Vedella (platja),2025-07-07 19:00:00,212.0,150.00093
Cala Vedella (platja),2025-07-07 20:00:00,229.0,158.21057
Cala Vedella (platja),2025-07-08 08:00:00,205.0,198.04895
Cala Vedella (platja),2025-07-08 09:00:00,200.0,199.63211
Cala Vedella (platja),2025-07-08 10:00:00,246.0,176.45145
Cala Vedella (platja),2025-07-08 11:00:00,244.0,173.38666
Cala Vedella (platja),2025-07-08 12:00:00,221.0,155.3241
Cala Vedella (platja),2025-07-08 13:00:00,207.0,127.46571
Cala Vedella (platja),2025-07-08 14:00:00,123.0,114.00946
Cala Vedella (platja),2025-07-08 15:00:00,122.0,105.27046
Cala Vedella (platja),2025-07-08 16:00:00,7.0,53.867264
Cala Vedella (platja),2025-07-08 17:00:00,81.0,98.930626
Cala Vedella (platja),2025-07-08 18:00:00,186.0,122.05291
Cala Vedella (platja),2025-07-08 19:00:00,216.0,156.1339
Cala Vedella (platja),2025-07-08 20:00:00,255.0,169.74747
Cala Vedella (platja),2025-07-09 08:00:00,191.0,175.77075
Cala Vedella (platja),2025-07-09 09:00:00,206.0,164.40944
Cala Vedella (platja),2025-07-09 10:00:00,241.0,188.77614
Cala Vedella (platja),2025-07-09 11:00:00,225.0,149.74936
Cala Vedella (platja),2025-07-09 12:00:00,198.0,155.40753
Cala Vedella (platja),2025-07-09 13:00:00,176.0,159.74962
Cala Vedella (platja),2025-07-09 14:00:00,151.0,136.64323
Cala Vedella (platja),2025-07-09 15:00:00,115.0,122.31466
Cala Vedella (platja),2025-07-09 16:00:00,7.0,32.156994
Cala Vedella (platja),2025-07-09 17:00:00,78.0,59.72169
Cala Vedella (platja),2025-07-09 18:00:00,137.0,133.11195
Cala Vedella (platja),2025-07-09 19:00:00,231.0,192.88428
Cala Vedella (platja),2025-07-09 20:00:00,278.0,172.23776
Cala Vedella (platja),2025-07-10 08:00:00,215.0,216.62172
Cala Vedella (platja),2025-07-10 09:00:00,216.0,186.20638
Cala Vedella (platja),2025-07-10 10:00:00,249.0,179.4972
Cala Vedella (platja),2025-07-10 11:00:00,222.0,172.56317
Cala Vedella (platja),2025-07-10 12:00:00,201.0,159.94794
Cala Vedella (platja),2025-07-10 13:00:00,227.0,165.03076
Cala Vedella (platja),2025-07-10 14:00:00,131.0,152.64929
Cala Vedella (platja),2025-07-10 15:00:00,107.0,110.83015
Cala Vedella (platja),2025-07-10 16:00:00,9.0,16.853777
Cala Vedella (platja),2025-07-10 17:00:00,95.0,92.7033
Cala Vedella (platja),2025-07-10 18:00:00,183.0,145.7609
Cala Vedella (platja),2025-07-10 19:00:00,228.0,200.36577
Cala Vedella (platja),2025-07-10 20:00:00,243.0,214.93018
Cala Vedella (platja),2025-07-11 08:00:00,239.0,209.60808
Cala Vedella (platja),2025-07-11 09:00:00,216.0,222.60779
Cala Vedella (platja),2025-07-11 10:00:00,242.0,265.77985
Cala Vedella (platja),2025-07-11 11:00:00,302.0,246.31827
Cala Vedella (platja),2025-07-11 12:00:00,230.0,224.06908
Cala Vedella (platja),2025-07-11 13:00:00,188.0,229.51978
Cala Vedella (platja),2025-07-11 14:00:00,128.0,188.88858
Cala Vedella (platja),2025-07-11 15:00:00,132.0,140.2483
Cala Vedella (platja),2025-07-11 16:00:00,6.0,75.07567
Cala Vedella (platja),2025-07-11 17:00:00,115.0,159.43022
Cala Vedella (platja),2025-07-11 19:00:00,187.0,222.49522
Cala Vedella (platja),2025-07-11 20:00:00,264.0,207.24901
Cala Vedella (platja),2025-07-12 08:00:00,266.0,249.3141
Cala Vedella (platja),2025-07-12 09:00:00,257.0,163.90158
Cala Vedella (platja),2025-07-12 10:00:00,251.0,205.19489
Cala Vedella (platja),2025-07-12 11:00:00,248.0,226.47142
Cala Vedella (platja),2025-07-12 12:00:00,263.0,189.53032
Cala Vedella (platja),2025-07-12 13:00:00,245.0,174.74286
Cala Vedella (platja),2025-07-12 14:00:00,208.0,172.96085
Cala Vedella (platja),2025-07-12 15:00:00,163.0,180.5874
Cala Vedella (platja),2025-07-12 16:00:00,138.0,138.02919
Cala Vedella (platja),2025-07-12 17:00:00,7.0,111.55509
Cala Vedella (platja),2025-07-12 18:00:00,102.0,140.2078
Cala Vedella (platja),2025-07-12 19:00:00,162.0,161.89859
Cala Vedella (platja),2025-07-12 20:00:00,227.0,192.5224
Cala Vedella (platja),2025-07-13 08:00:00,228.0,178.82156
Cala Vedella (platja),2025-07-13 09:00:00,203.0,182.2246
Cala Vedella (platja),2025-07-13 10:00:00,192.0,239.72562
Cala Vedella (platja),2025-07-13 11:00:00,203.0,250.41104
Cala Vedella (platja),2025-07-13 12:00:00,237.0,207.10738
Cala Vedella (platja),2025-07-13 13:00:00,247.0,212.81589
Cala Vedella (platja),2025-07-13 14:00:00,173.0,212.08313
Cala Vedella (platja),2025-07-13 15:00:00,154.0,170.08727
Cala Vedella (platja),2025-07-13 16:00:00,130.0,129.78673
Cala Vedella (platja),2025-07-13 17:00:00,6.0,87.07721
Cala Vedella (platja),2025-07-13 18:00:00,89.0,167.54976
Cala Vedella (platja),2025-07-13 19:00:00,173.0,171.71286
Cala Vedella (platja),2025-07-13 20:00:00,207.0,223.36482
Cala Vedella (platja),2025-07-14 08:00:00,202.0,266.86996
Cala Vedella (platja),2025-07-14 09:00:00,163.0,247.58275
Cala Vedella (platja),2025-07-14 10:00:00,234.0,266.89395
Cala Vedella (platja),2025-07-14 11:00:00,247.0,257.71884
Cala Vedella (platja),2025-07-14 12:00:00,228.0,222.071
Cala Vedella (platja),2025-07-14 13:00:00,212.0,201.41216
Cala Vedella (platja),2025-07-14 14:00:00,175.0,200.48286
Cala Vedella (platja),2025-07-14 15:00:00,166.0,179.46832
Cala Vedella (platja),2025-07-14 16:00:00,115.0,138.86655
Cala Vedella (platja),2025-07-14 17:00:00,8.0,77.8653
Cala Vedella (platja),2025-07-14 18:00:00,52.0,143.23636
Cala Vedella (platja),2025-07-14 19:00:00,130.0,163.02763
Cala Vedella (platja),2025-07-14 20:00:00,189.0,186.88463
Cala Vedella (platja),2025-07-15 08:00:00,201.0,215.26892
Cala Vedella (platja),2025-07-15 09:00:00,145.0,156.94894
Cala Vedella (platja),2025-07-15 10:00:00,128.0,155.13385
Cala Vedella (platja),2025-07-15 11:00:00,111.0,141.04816
Cala Vedella (platja),2025-07-15 12:00:00,82.0,122.048744
Cala Vedella (platja),2025-07-15 13:00:00,47.0,126.46587
Cala Vedella (platja),2025-07-15 14:00:00,41.0,141.6174
Cala Vedella (platja),2025-07-15 15:00:00,42.0,127.47439
Cala Vedella (platja),2025-07-15 16:00:00,21.0,116.43809
Cala Vedella (platja),2025-07-15 17:00:00,6.0,86.44796
Cala Vedella (platja),2025-07-15 18:00:00,54.0,149.78276
Cala Vedella (platja),2025-07-15 19:00:00,161.0,172.39238
Cala Vedella (platja),2025-07-15 20:00:00,206.0,189.7214
Cala Vedella (platja),2025-07-16 08:00:00,223.0,225.2347
Cala Vedella (platja),2025-07-16 09:00:00,221.0,190.65053
Cala Vedella (platja),2025-07-16 10:00:00,224.0,246.70866
Cala Vedella (platja),2025-07-16 11:00:00,324.0,262.44717
Cala Vedella (platja),2025-07-16 12:00:00,310.0,232.55399
Cala Vedella (platja),2025-07-16 13:00:00,264.0,193.90872
Cala Vedella (platja),2025-07-16 14:00:00,212.0,152.28145
Cala Vedella (platja),2025-07-16 15:00:00,117.0,131.09631
Cala Vedella (platja),2025-07-16 16:00:00,83.0,113.0704
Cala Vedella (platja),2025-07-16 17:00:00,8.0,45.677742
Cala Vedella (platja),2025-07-16 18:00:00,76.0,146.72752
Cala Vedella (platja),2025-07-16 19:00:00,195.0,208.49873
Cala Vedella (platja),2025-07-16 20:00:00,262.0,279.5791
Cala Vedella (platja),2025-07-17 08:00:00,288.0,274.91208
Cala Vedella (platja),2025-07-17 09:00:00,264.0,253.69856
Cala Vedella (platja),2025-07-17 10:00:00,265.0,257.5738
Cala Vedella (platja),2025-07-17 11:00:00,225.0,297.1601
Cala Vedella (platja),2025-07-17 12:00:00,246.0,254.22433
Cala Vedella (platja),2025-07-17 13:00:00,219.0,207.74805
Cala Vedella (platja),2025-07-17 14:00:00,216.0,196.85165
Cala Vedella (platja),2025-07-17 15:00:00,148.0,153.27075
Cala Vedella (platja),2025-07-17 16:00:00,131.0,145.93123
Cala Vedella (platja),2025-07-17 17:00:00,7.0,143.39081
Cala Vedella (platja),2025-07-17 18:00:00,85.0,141.52264
Cala Vedella (platja),2025-07-17 19:00:00,197.0,229.92876
Cala Vedella (platja),2025-07-17 20:00:00,315.0,271.58942
Cala Vedella (platja),2025-07-18 08:00:00,335.0,283.57294
Cala Vedella (platja),2025-07-18 09:00:00,311.0,261.69583
Cala Vedella (platja),2025-07-18 10:00:00,312.0,312.91956
Cala Vedella (platja),2025-07-18 11:00:00,289.0,328.954
Cala Vedella (platja),2025-07-18 12:00:00,305.0,276.79694
Cala Vedella (platja),2025-07-18 13:00:00,313.0,225.91467
Cala Vedella (platja),2025-07-18 14:00:00,254.0,215.59148
Cala Vedella (platja),2025-07-18 15:00:00,149.0,167.79214
Cala Vedella (platja),2025-07-18 16:00:00,139.0,173.8359
Cala Vedella (platja),2025-07-18 17:00:00,8.0,129.72409
Cala Vedella (platja),2025-07-18 18:00:00,62.0,130.55186
Cala Vedella (platja),2025-07-18 19:00:00,166.0,180.06105
Cala Vedella (platja),2025-07-18 20:00:00,263.0,247.5557
Cala Vedella (platja),2025-07-19 08:00:00,220.0,295.97528
Cala Vedella (platja),2025-07-19 09:00:00,252.0,262.76434
Cala Vedella (platja),2025-07-19 10:00:00,252.0,275.71445
Cala Vedella (platja),2025-07-19 11:00:00,227.0,235.0648
Cala Vedella (platja),2025-07-19 12:00:00,181.0,194.21
Cala Vedella (platja),2025-07-19 13:00:00,186.0,157.37172
Cala Vedella (platja),2025-07-19 14:00:00,106.0,184.41055
Cala Vedella (platja),2025-07-19 15:00:00,6.0,127.46954
Cala Vedella (platja),2025-07-19 16:00:00,78.0,139.16833
Cala Vedella (platja),2025-07-19 17:00:00,161.0,131.57309
Cala Vedella (platja),2025-07-19 18:00:00,203.0,117.31689
Cala Vedella (platja),2025-07-19 19:00:00,159.0,131.36697
Cala Vedella (platja),2025-07-19 20:00:00,172.0,151.44717
Cala Vedella (platja),2025-07-20 08:00:00,147.0,235.45815
Cala Vedella (platja),2025-07-20 09:00:00,188.0,209.16833
Cala Vedella (platja),2025-07-20 10:00:00,193.0,156.53453
Cala Vedella (platja),2025-07-20 11:00:00,139.0,160.9391
Cala Vedella (platja),2025-07-20 12:00:00,177.0,130.05634
Cala Vedella (platja),2025-07-20 13:00:00,117.0,129.84445
Cala Vedella (platja),2025-07-20 14:00:00,93.0,145.96637
Cala Vedella (platja),2025-07-20 15:00:00,6.0,92.70499
Cala Vedella (platja),2025-07-20 16:00:00,64.0,143.56267
Cala Vedella (platja),2025-07-20 17:00:00,210.0,179.90727
Cala Vedella (platja),2025-07-20 18:00:00,287.0,216.21628
Cala Vedella (platja),2025-07-20 19:00:00,276.0,240.02968
Cala Vedella (platja),2025-07-20 20:00:00,236.0,245.31111
Cala Vedella (platja),2025-07-21 08:00:00,231.0,270.4288
Cala Vedella (platja),2025-07-21 09:00:00,278.0,250.18292
Cala Vedella (platja),2025-07-21 10:00:00,214.0,239.87985
Cala Vedella (platja),2025-07-21 11:00:00,226.0,167.20819
Cala Vedella (platja),2025-07-21 12:00:00,154.0,137.19019
Cala Vedella (platja),2025-07-21 13:00:00,132.0,122.30849
Cala Vedella (platja),2025-07-21 14:00:00,22.0,158.25298
Cala Vedella (platja),2025-07-21 15:00:00,9.0,51.200584
Cala Vedella (platja),2025-07-21 16:00:00,161.0,140.1575
Cala Vedella (platja),2025-07-21 17:00:00,204.0,217.91396
Cala Vedella (platja),2025-07-21 18:00:00,229.0,254.19188
Cala Vedella (platja),2025-07-21 19:00:00,272.0,264.84027
Cala Vedella (platja),2025-07-21 20:00:00,218.0,275.3207
Cala Vedella (platja),2025-07-22 08:00:00,218.0,298.58606
Cala Vedella (platja),2025-07-22 09:00:00,264.0,264.97098
Cala Vedella (platja),2025-07-22 10:00:00,206.0,251.08238
Cala Vedella (platja),2025-07-22 11:00:00,186.0,200.45667
Cala Vedella (platja),2025-07-22 12:00:00,139.0,152.45891
Cala Vedella (platja),2025-07-22 13:00:00,111.0,151.20204
Cala Vedella (platja),2025-07-22 14:00:00,14.0,145.64726
Cala Vedella (platja),2025-07-22 15:00:00,9.0,103.439674
Cala Vedella (platja),2025-07-22 16:00:00,126.0,155.14188
Cala Vedella (platja),2025-07-22 17:00:00,197.0,214.29932
Cala Vedella (platja),2025-07-22 18:00:00,229.0,220.31895
Cala Vedella (platja),2025-07-22 19:00:00,232.0,230.78065
Cala Vedella (platja),2025-07-22 20:00:00,211.0,264.5964
Cala Vedella (platja),2025-07-23 08:00:00,189.0,287.37772
Cala Vedella (platja),2025-07-23 09:00:00,210.0,257.6145
Cala Vedella (platja),2025-07-23 10:00:00,233.0,273.16864
Cala Vedella (platja),2025-07-23 11:00:00,210.0,232.08885
Cala Vedella (platja),2025-07-23 12:00:00,136.0,189.6474
Cala Vedella (platja),2025-07-23 13:00:00,90.0,167.91121
Cala Vedella (platja),2025-07-23 14:00:00,10.0,158.73442
Cala Vedella (platja),2025-07-23 15:00:00,9.0,115.6974
Cala Vedella (platja),2025-07-23 16:00:00,140.0,170.06358
Cala Vedella (platja),2025-07-23 17:00:00,197.0,204.66838
Cala Vedella (platja),2025-07-23 18:00:00,228.0,235.12708
Cala Vedella (platja),2025-07-23 19:00:00,213.0,244.75179
Cala Vedella (platja),2025-07-23 20:00:00,189.0,265.01663
Cala Vedella (platja),2025-07-24 08:00:00,211.0,279.47968
Cala Vedella (platja),2025-07-24 09:00:00,224.0,255.43611
Cala Vedella (platja),2025-07-24 10:00:00,227.0,261.8403
Cala Vedella (platja),2025-07-24 11:00:00,206.0,222.46303
Cala Vedella (platja),2025-07-24 12:00:00,146.0,200.0567
Cala Vedella (platja),2025-07-24 13:00:00,143.0,157.48769
Cala Vedella (platja),2025-07-24 14:00:00,13.0,96.12881
Cala Vedella (platja),2025-07-24 15:00:00,10.0,30.989838
Cala Vedella (platja),2025-07-24 16:00:00,174.0,80.23598
Cala Vedella (platja),2025-07-24 17:00:00,248.0,121.11324
Cala Vedella (platja),2025-07-24 18:00:00,294.0,151.57198
Cala Vedella (platja),2025-07-24 19:00:00,292.0,156.87125
Cala Vedella (platja),2025-07-24 20:00:00,318.0,173.60933
Cala Vedella (platja),2025-07-25 08:00:00,298.0,213.97139
Cala Vedella (platja),2025-07-25 09:00:00,329.0,192.17355
Cala Vedella (platja),2025-07-25 10:00:00,304.0,206.67078
Cala Vedella (platja),2025-07-25 11:00:00,239.0,188.0574
Cala Vedella (platja),2025-07-25 12:00:00,179.0,135.02138
Cala Vedella (platja),2025-07-25 13:00:00,96.0,102.570526
Cala Vedella (platja),2025-07-25 14:00:00,9.0,84.60673
Cala Vedella (platja),2025-07-25 15:00:00,6.0,25.882153
Cala Vedella (platja),2025-07-25 16:00:00,118.0,136.72112
Cala Vedella (platja),2025-07-25 17:00:00,180.0,177.49466
Cala Vedella (platja),2025-07-25 18:00:00,209.0,202.74088
Cala Vedella (platja),2025-07-25 19:00:00,228.0,200.65297
Cala Vedella (platja),2025-07-25 20:00:00,219.0,208.97134
Cala Vedella (platja),2025-07-26 08:00:00,181.0,230.50276
Cala Vedella (platja),2025-07-26 09:00:00,245.0,209.00322
Cala Vedella (platja),2025-07-26 10:00:00,225.0,231.1003
Cala Vedella (platja),2025-07-26 11:00:00,249.0,202.0209
Cala Vedella (platja),2025-07-26 12:00:00,165.0,188.0103
Cala Vedella (platja),2025-07-26 13:00:00,147.0,138.18561
Cala Vedella (platja),2025-07-26 14:00:00,18.0,128.71964
Cala Vedella (platja),2025-07-26 15:00:00,7.0,37.319275
Cala Vedella (platja),2025-07-26 16:00:00,109.0,114.25113
Cala Vedella (platja),2025-07-26 17:00:00,209.0,164.99788
Cala Vedella (platja),2025-07-26 18:00:00,232.0,207.3325
Cala Vedella (platja),2025-07-26 19:00:00,242.0,229.10896
Cala Vedella (platja),2025-07-26 20:00:00,208.0,245.51581
Cala Vedella (platja),2025-07-27 08:00:00,230.0,225.20387
Cala Vedella (platja),2025-07-27 09:00:00,232.0,206.27977
Cala Vedella (platja),2025-07-27 10:00:00,232.0,224.94885
Cala Vedella (platja),2025-07-27 11:00:00,239.0,219.1744
Cala Vedella (platja),2025-07-27 12:00:00,193.0,232.24945
Cala Vedella (platja),2025-07-27 13:00:00,148.0,178.20102
Cala Vedella (platja),2025-07-27 14:00:00,17.0,154.25386
Cala Vedella (platja),2025-07-27 15:00:00,6.0,131.4074
Cala Vedella (platja),2025-07-27 16:00:00,141.0,201.52736
Cala Vedella (platja),2025-07-27 17:00:00,193.0,218.76009
Cala Vedella (platja),2025-07-27 18:00:00,235.0,254.69406
Cala Vedella (platja),2025-07-27 19:00:00,233.0,246.99615
Cala Vedella (platja),2025-07-27 20:00:00,205.0,285.72586
Cala Vedella (platja),2025-07-28 08:00:00,211.0,305.40375
Cala Vedella (platja),2025-07-28 09:00:00,232.0,258.82462
Cala Vedella (platja),2025-07-28 11:00:00,220.0,271.43176
Cala Vedella (platja),2025-07-28 13:00:00,201.0,259.46017
Cala Vedella (platja),2025-07-28 14:00:00,155.0,233.39609
Cala Vedella (platja),2025-07-28 15:00:00,152.0,218.77435
Cala Vedella (platja),2025-07-28 16:00:00,8.0,200.10379
Cala Vedella (platja),2025-07-28 17:00:00,9.0,86.94238
Cala Vedella (platja),2025-07-28 18:00:00,122.0,158.17717
Cala Vedella (platja),2025-07-28 19:00:00,184.0,184.54033
Cala Vedella (platja),2025-07-28 20:00:00,231.0,218.14532
Cala Vedella (platja),2025-07-29 08:00:00,224.0,235.16524
Cala Vedella (platja),2025-07-29 09:00:00,199.0,230.69157
Cala Vedella (platja),2025-07-29 10:00:00,223.0,265.96417
Cala Vedella (platja),2025-07-29 11:00:00,235.0,272.0558
Cala Vedella (platja),2025-07-29 12:00:00,233.0,253.57442
Cala Vedella (platja),2025-07-29 13:00:00,216.0,221.2915
Cala Vedella (platja),2025-07-29 14:00:00,136.0,212.36765
Cala Vedella (platja),2025-07-29 15:00:00,150.0,175.00714
Cala Vedella (platja),2025-07-29 16:00:00,9.0,152.6101
Cala Vedella (platja),2025-07-29 17:00:00,6.0,52.308407
Cala Vedella (platja),2025-07-29 18:00:00,165.0,109.30809
Cala Vedella (platja),2025-07-29 19:00:00,195.0,145.23361
Cala Vedella (platja),2025-07-29 20:00:00,212.0,191.45737
Cala Vedella (platja),2025-07-30 08:00:00,207.0,226.80933
Cala Vedella (platja),2025-07-30 09:00:00,181.0,218.18088
Cala Vedella (platja),2025-07-30 10:00:00,185.0,262.58572
Cala Vedella (platja),2025-07-30 11:00:00,206.0,230.7723
Cala Vedella (platja),2025-07-30 12:00:00,207.0,236.72034
Cala Vedella (platja),2025-07-30 13:00:00,202.0,238.12315
Cala Vedella (platja),2025-07-30 14:00:00,115.0,243.26686
Cala Vedella (platja),2025-07-30 15:00:00,110.0,171.24243
Cala Vedella (platja),2025-07-30 16:00:00,8.0,156.03036
Cala Vedella (platja),2025-07-30 17:00:00,7.0,81.76821
Cala Vedella (platja),2025-07-30 18:00:00,128.0,148.02632
Cala Vedella (platja),2025-07-30 19:00:00,211.0,214.29672
Cala Vedella (platja),2025-07-30 20:00:00,226.0,246.81128
Cala Vedella (platja),2025-07-31 08:00:00,212.0,259.23077
Cala Vedella (platja),2025-07-31 09:00:00,175.0,265.7381
Cala Vedella (platja),2025-07-31 10:00:00,217.0,291.91254
Cala Vedella (platja),2025-07-31 11:00:00,238.0,275.17004
Cala Vedella (platja),2025-07-31 12:00:00,240.0,251.17537
Cala Vedella (platja),2025-07-31 13:00:00,213.0,227.68173
Cala Vedella (platja),2025-07-31 14:00:00,134.0,240.5348
Cala Vedella (platja),2025-07-31 15:00:00,147.0,190.12657
Cala Vedella (platja),2025-07-31 16:00:00,7.0,178.05875
Cala Vedella (platja),2025-07-31 17:00:00,6.0,114.97282
Cala Vedella (platja),2025-07-31 18:00:00,137.0,176.09756
Cala Vedella (platja),2025-07-31 19:00:00,216.0,203.81233
Cala Vedella (platja),2025-07-31 20:00:00,210.0,255.36238
Cala Vedella (platja),2025-08-01 08:00:00,242.0,252.6839
Cala Vedella (platja),2025-08-01 09:00:00,226.0,234.96152
Cala Vedella (platja),2025-08-01 10:00:00,218.0,295.12384
Cala Vedella (platja),2025-08-01 11:00:00,230.0,266.65863
Cala Vedella (platja),2025-08-01 12:00:00,251.0,271.96457
Cala Vedella (platja),2025-08-01 13:00:00,273.0,217.20496
Cala Vedella (platja),2025-08-01 14:00:00,162.0,205.75717
Cala Vedella (platja),2025-08-01 15:00:00,148.0,202.69177
Cala Vedella (platja),2025-08-01 16:00:00,11.0,152.07407
Cala Vedella (platja),2025-08-01 17:00:00,7.0,74.18019
Cala Vedella (platja),2025-08-01 18:00:00,127.0,172.3348
Cala Vedella (platja),2025-08-01 19:00:00,208.0,158.35529
Cala Vedella (platja),2025-08-01 20:00:00,245.0,218.75108
Cala Vedella (platja),2025-08-02 08:00:00,205.0,217.63614
Cala Vedella (platja),2025-08-02 09:00:00,203.0,205.31651
Cala Vedella (platja),2025-08-02 10:00:00,201.0,249.89243
Cala Vedella (platja),2025-08-02 11:00:00,222.0,247.57397
Cala Vedella (platja),2025-08-02 12:00:00,214.0,201.70457
Cala Vedella (platja),2025-08-02 13:00:00,241.0,166.20119
Cala Vedella (platja),2025-08-02 14:00:00,145.0,160.90907
Cala Vedella (platja),2025-08-02 15:00:00,137.0,193.84192
Cala Vedella (platja),2025-08-02 16:00:00,8.0,132.42426
Cala Vedella (platja),2025-08-02 17:00:00,8.0,101.68418
Cala Vedella (platja),2025-08-02 18:00:00,116.0,143.55377
Cala Vedella (platja),2025-08-02 19:00:00,207.0,167.04875
Cala Vedella (platja),2025-08-02 20:00:00,214.0,225.08134
Cala Vedella (platja),2025-08-03 08:00:00,219.0,221.90704
Cala Vedella (platja),2025-08-03 09:00:00,214.0,199.53459
Cala Vedella (platja),2025-08-03 10:00:00,246.0,255.80394
Cala Vedella (platja),2025-08-03 11:00:00,251.0,245.22183
Cala Vedella (platja),2025-08-03 12:00:00,209.0,252.61427
Cala Vedella (platja),2025-08-03 13:00:00,208.0,208.74937
Cala Vedella (platja),2025-08-03 14:00:00,195.0,238.22678
Cala Vedella (platja),2025-08-03 15:00:00,171.0,221.09439
Cala Vedella (platja),2025-08-03 16:00:00,8.0,167.8098
Cala Vedella (platja),2025-08-03 17:00:00,6.0,91.51248
Cala Vedella (platja),2025-08-03 18:00:00,118.0,164.71472
Cala Vedella (platja),2025-08-03 19:00:00,173.0,194.61496
Cala Vedella (platja),2025-08-03 20:00:00,217.0,252.32173
Cala Vedella (platja),2025-08-04 08:00:00,199.0,269.55212
Cala Vedella (platja),2025-08-04 09:00:00,201.0,254.6902
Cala Vedella (platja),2025-08-04 10:00:00,210.0,292.72067
Cala Vedella (platja),2025-08-04 11:00:00,209.0,258.28934
Cala Vedella (platja),2025-08-04 12:00:00,201.0,249.27237
Cala Vedella (platja),2025-08-04 13:00:00,224.0,197.40869
Cala Vedella (platja),2025-08-04 14:00:00,197.0,210.37485
Cala Vedella (platja),2025-08-04 15:00:00,163.0,190.43973
Cala Vedella (platja),2025-08-04 16:00:00,23.0,123.97876
Cala Vedella (platja),2025-08-04 17:00:00,8.0,108.72478
Cala Vedella (platja),2025-08-04 18:00:00,121.0,161.00697
Cala Vedella (platja),2025-08-04 19:00:00,190.0,166.4096
Cala Vedella (platja),2025-08-04 20:00:00,223.0,227.0498
Cala Vedella (platja),2025-08-05 08:00:00,237.0,249.56854
Cala Vedella (platja),2025-08-05 09:00:00,243.0,231.02109
Cala Vedella (platja),2025-08-05 10:00:00,216.0,296.4481
Cala Vedella (platja),2025-08-05 11:00:00,246.0,274.46228
Cala Vedella (platja),2025-08-05 12:00:00,211.0,242.70207
Cala Vedella (platja),2025-08-05 13:00:00,200.0,189.457
Cala Vedella (platja),2025-08-05 14:00:00,159.0,212.3047
Cala Vedella (platja),2025-08-05 15:00:00,117.0,199.15974
Cala Vedella (platja),2025-08-05 16:00:00,13.0,172.86395
Cala Vedella (platja),2025-08-05 17:00:00,8.0,87.23703
Cala Vedella (platja),2025-08-05 18:00:00,97.0,147.84479
Cala Vedella (platja),2025-08-05 19:00:00,164.0,152.69435
Cala Vedella (platja),2025-08-05 20:00:00,192.0,230.88066
Cala Vedella (platja),2025-08-06 08:00:00,220.0,260.05396
Cala Vedella (platja),2025-08-06 09:00:00,206.0,232.24799
Cala Vedella (platja),2025-08-06 10:00:00,221.0,277.64307
Cala Vedella (platja),2025-08-06 11:00:00,225.0,277.55475
Cala Vedella (platja),2025-08-06 12:00:00,225.0,263.40576
Cala Vedella (platja),2025-08-06 13:00:00,214.0,213.63942
Cala Vedella (platja),2025-08-06 14:00:00,181.0,219.80261
Cala Vedella (platja),2025-08-06 15:00:00,165.0,224.18025
Cala Vedella (platja),2025-08-06 16:00:00,16.0,198.18315
Cala Vedella (platja),2025-08-06 17:00:00,9.0,100.66722
Cala Vedella (platja),2025-08-06 18:00:00,97.0,134.12277
Cala Vedella (platja),2025-08-06 19:00:00,166.0,148.10867
Cala Vedella (platja),2025-08-06 20:00:00,211.0,245.09128
Cala Vedella (platja),2025-08-07 08:00:00,194.0,252.70145
Cala Vedella (platja),2025-08-07 09:00:00,185.0,238.44308
Cala Vedella (platja),2025-08-07 10:00:00,223.0,249.19038
Cala Vedella (platja),2025-08-07 11:00:00,222.0,262.20453
Cala Vedella (platja),2025-08-07 12:00:00,243.0,272.29962
Cala Vedella (platja),2025-08-07 13:00:00,213.0,189.19675
Cala Vedella (platja),2025-08-07 14:00:00,187.0,212.36046
Cala Vedella (platja),2025-08-07 15:00:00,151.0,223.99127
Cala Vedella (platja),2025-08-07 16:00:00,16.0,179.18146
Cala Vedella (platja),2025-08-07 17:00:00,8.0,161.07579
Cala Vedella (platja),2025-08-07 18:00:00,123.0,198.14667
Cala Vedella (platja),2025-08-07 19:00:00,224.0,145.91391
Cala Vedella (platja),2025-08-07 20:00:00,285.0,249.53998
Cala Vedella (platja),2025-08-08 08:00:00,319.0,268.6428
Cala Vedella (platja),2025-08-08 09:00:00,261.0,267.6602
Cala Vedella (platja),2025-08-08 10:00:00,241.0,291.48285
Cala Vedella (platja),2025-08-08 11:00:00,279.0,278.5469
Cala Vedella (platja),2025-08-08 12:00:00,261.0,265.16467
Cala Vedella (platja),2025-08-08 13:00:00,209.0,213.25339
Cala Vedella (platja),2025-08-08 14:00:00,195.0,200.76784
Cala Vedella (platja),2025-08-08 15:00:00,107.0,192.5062
Cala Vedella (platja),2025-08-08 16:00:00,7.0,186.66649
Cala Vedella (platja),2025-08-08 17:00:00,7.0,148.38399
Cala Vedella (platja),2025-08-08 18:00:00,141.0,88.948364
Cala Vedella (platja),2025-08-08 19:00:00,168.0,125.32601
Cala Vedella (platja),2025-08-08 20:00:00,282.0,210.78111
Cala Vedella (platja),2025-08-09 08:00:00,277.0,173.62442
Cala Vedella (platja),2025-08-09 09:00:00,263.0,156.70757
Cala Vedella (platja),2025-08-09 10:00:00,266.0,207.99286
Cala Vedella (platja),2025-08-09 11:00:00,239.0,214.74028
Cala Vedella (platja),2025-08-09 12:00:00,252.0,194.08937
Cala Vedella (platja),2025-08-09 13:00:00,249.0,163.86894
Cala Vedella (platja),2025-08-09 14:00:00,176.0,152.5333
Cala Vedella (platja),2025-08-09 15:00:00,111.0,154.72691
Cala Vedella (platja),2025-08-09 16:00:00,12.0,117.10437
Cala Vedella (platja),2025-08-09 17:00:00,9.0,134.72258
Cala Vedella (platja),2025-08-09 18:00:00,46.0,188.87486
Cala Vedella (platja),2025-08-09 19:00:00,48.0,133.26549
Cala Vedella (platja),2025-08-09 20:00:00,86.0,195.06384
Cala Vedella (platja),2025-08-10 08:00:00,135.0,130.09084
Cala Vedella (platja),2025-08-10 09:00:00,152.0,148.14383
Cala Vedella (platja),2025-08-10 10:00:00,198.0,248.67859
Cala Vedella (platja),2025-08-10 11:00:00,198.0,191.74481
Cala Vedella (platja),2025-08-10 12:00:00,240.0,227.09879
Cala Vedella (platja),2025-08-10 13:00:00,265.0,210.77016
Cala Vedella (platja),2025-08-10 14:00:00,185.0,184.5517
Cala Vedella (platja),2025-08-10 15:00:00,186.0,163.54312
Cala Vedella (platja),2025-08-10 16:00:00,8.0,191.54892
Cala Vedella (platja),2025-08-10 17:00:00,7.0,83.68448
Cala Vedella (platja),2025-08-10 18:00:00,113.0,149.62788
Cala Vedella (platja),2025-08-10 19:00:00,206.0,199.44235
Cala Vedella (platja),2025-08-10 20:00:00,293.0,248.42699
Cala Vedella (platja),2025-08-11 08:00:00,291.0,265.53394
Cala Vedella (platja),2025-08-11 09:00:00,261.0,209.9406
Cala Vedella (platja),2025-08-11 10:00:00,273.0,214.34743
Cala Vedella (platja),2025-08-11 11:00:00,312.0,273.95355
Cala Vedella (platja),2025-08-11 12:00:00,308.0,265.37027
Cala Vedella (platja),2025-08-11 13:00:00,270.0,215.50764
Cala Vedella (platja),2025-08-11 14:00:00,198.0,217.31982
Cala Vedella (platja),2025-08-11 15:00:00,108.0,188.11803
Cala Vedella (platja),2025-08-11 16:00:00,6.0,180.3526
Cala Vedella (platja),2025-08-11 17:00:00,7.0,110.762856
Cala Vedella (platja),2025-08-11 18:00:00,102.0,154.25304
Cala Vedella (platja),2025-08-11 19:00:00,258.0,169.97034
Cala Vedella (platja),2025-08-11 20:00:00,282.0,257.53485
Cala Vedella (platja),2025-08-12 08:00:00,291.0,266.3019
Cala Vedella (platja),2025-08-12 09:00:00,252.0,234.59283
Cala Vedella (platja),2025-08-12 10:00:00,281.0,253.68414
Cala Vedella (platja),2025-08-12 11:00:00,328.0,258.39694
Cala Vedella (platja),2025-08-12 12:00:00,344.0,250.04916
Cala Vedella (platja),2025-08-12 13:00:00,297.0,220.0235
Cala Vedella (platja),2025-08-12 14:00:00,190.0,208.20183
Cala Vedella (platja),2025-08-12 15:00:00,128.0,166.61281
Cala Vedella (platja),2025-08-12 16:00:00,7.0,182.48972
Cala Vedella (platja),2025-08-12 17:00:00,6.0,111.018295
Cala Vedella (platja),2025-08-12 18:00:00,104.0,151.71173
Cala Vedella (platja),2025-08-12 19:00:00,221.0,167.93681
Cala Vedella (platja),2025-08-12 20:00:00,257.0,250.29247
Cala Vedella (platja),2025-08-13 08:00:00,272.0,270.3221
Cala Vedella (platja),2025-08-13 09:00:00,271.0,267.6713
Cala Vedella (platja),2025-08-13 10:00:00,258.0,265.2058
Cala Vedella (platja),2025-08-13 11:00:00,255.0,275.0141
Cala Vedella (platja),2025-08-13 12:00:00,227.0,223.27525
Cala Vedella (platja),2025-08-13 13:00:00,183.0,210.64703
Cala Vedella (platja),2025-08-13 14:00:00,136.0,193.579
Cala Vedella (platja),2025-08-13 15:00:00,132.0,157.16808
Cala Vedella (platja),2025-08-13 16:00:00,7.0,122.74203
Cala Vedella (platja),2025-08-13 17:00:00,7.0,78.82025
Cala Vedella (platja),2025-08-13 18:00:00,111.0,161.231
Cala Vedella (platja),2025-08-13 19:00:00,226.0,173.45587
Cala Vedella (platja),2025-08-13 20:00:00,261.0,235.38672
Cala Vedella (platja),2025-08-14 08:00:00,254.0,247.1384
Cala Vedella (platja),2025-08-14 09:00:00,241.0,250.19781
Cala Vedella (platja),2025-08-14 10:00:00,261.0,294.2843
Cala Vedella (platja),2025-08-14 11:00:00,315.0,307.4328
Cala Vedella (platja),2025-08-14 12:00:00,295.0,292.90427
Cala Vedella (platja),2025-08-14 13:00:00,247.0,225.55534
Cala Vedella (platja),2025-08-14 14:00:00,155.0,209.39398
Cala Vedella (platja),2025-08-14 15:00:00,113.0,147.34383
Cala Vedella (platja),2025-08-14 16:00:00,7.0,199.97552
Cala Vedella (platja),2025-08-14 17:00:00,8.0,141.30536
Cala Vedella (platja),2025-08-14 18:00:00,97.0,154.67184
Cala Vedella (platja),2025-08-14 19:00:00,187.0,163.63913
Cala Vedella (platja),2025-08-14 20:00:00,253.0,230.13905
Cala Vedella (platja),2025-08-15 08:00:00,243.0,268.08844
Cala Vedella (platja),2025-08-15 09:00:00,264.0,238.61084
Cala Vedella (platja),2025-08-15 10:00:00,245.0,277.0205
Cala Vedella (platja),2025-08-15 11:00:00,298.0,229.18677
Cala Vedella (platja),2025-08-15 12:00:00,302.0,231.46356
Cala Vedella (platja),2025-08-15 13:00:00,289.0,194.2972
Cala Vedella (platja),2025-08-15 14:00:00,226.0,178.49463
Cala Vedella (platja),2025-08-15 15:00:00,152.0,133.01245
Cala Vedella (platja),2025-08-15 16:00:00,10.0,157.58337
Cala Vedella (platja),2025-08-15 17:00:00,16.0,101.03712
Cala Vedella (platja),2025-08-15 18:00:00,35.0,136.68977
Cala Vedella (platja),2025-08-15 19:00:00,72.0,155.84221
Cala Vedella (platja),2025-08-15 20:00:00,111.0,141.9549
Cala Vedella (platja),2025-08-16 08:00:00,143.0,205.3562
Cala Vedella (platja),2025-08-16 09:00:00,180.0,152.29121
Cala Vedella (platja),2025-08-16 10:00:00,158.0,213.87704
Cala Vedella (platja),2025-08-16 11:00:00,209.0,199.25256
Cala Vedella (platja),2025-08-16 12:00:00,194.0,174.15819
Cala Vedella (platja),2025-08-16 13:00:00,190.0,170.62743
Cala Vedella (platja),2025-08-16 14:00:00,138.0,166.16164
Cala Vedella (platja),2025-08-16 15:00:00,111.0,139.42502
Cala Vedella (platja),2025-08-16 16:00:00,7.0,136.4253
Cala Vedella (platja),2025-08-16 17:00:00,7.0,125.39794
Cala Vedella (platja),2025-08-16 18:00:00,144.0,137.40063
Cala Vedella (platja),2025-08-16 19:00:00,272.0,160.63983
Cala Vedella (platja),2025-08-16 20:00:00,277.0,199.77324
Cala Vedella (platja),2025-08-17 08:00:00,278.0,234.6599
Cala Vedella (platja),2025-08-17 09:00:00,268.0,188.61708
Cala Vedella (platja),2025-08-17 10:00:00,276.0,239.2491
Cala Vedella (platja),2025-08-17 11:00:00,304.0,216.8545
Cala Vedella (platja),2025-08-17 12:00:00,275.0,242.2288
Cala Vedella (platja),2025-08-17 13:00:00,260.0,218.54305
Cala Vedella (platja),2025-08-17 14:00:00,193.0,204.69098
Cala Vedella (platja),2025-08-17 15:00:00,125.0,196.58633
Cala Vedella (platja),2025-08-17 16:00:00,7.0,180.99295
Cala Vedella (platja),2025-08-17 17:00:00,6.0,93.83463
Cala Vedella (platja),2025-08-17 18:00:00,41.0,148.06259
Cala Vedella (platja),2025-08-17 19:00:00,108.0,166.90334
Cala Vedella (platja),2025-08-17 20:00:00,196.0,213.21059
Cala Vedella (platja),2025-08-18 08:00:00,196.0,254.4807
Cala Vedella (platja),2025-08-18 09:00:00,210.0,240.70807
Cala Vedella (platja),2025-08-18 10:00:00,205.0,253.79614
Cala Vedella (platja),2025-08-18 11:00:00,242.0,233.70633
Cala Vedella (platja),2025-08-18 12:00:00,247.0,225.54024
Cala Vedella (platja),2025-08-18 13:00:00,193.0,190.22519
Cala Vedella (platja),2025-08-18 14:00:00,178.0,194.8982
Cala Vedella (platja),2025-08-18 15:00:00,80.0,157.69809
Cala Vedella (platja),2025-08-18 16:00:00,9.0,139.8461
Cala Vedella (platja),2025-08-18 17:00:00,9.0,85.355774
Cala Vedella (platja),2025-08-18 18:00:00,113.0,165.81941
Cala Vedella (platja),2025-08-18 19:00:00,185.0,171.66992
Cala Vedella (platja),2025-08-18 20:00:00,244.0,248.60207
Cala Vedella (platja),2025-08-19 08:00:00,260.0,244.64732
Cala Vedella (platja),2025-08-19 09:00:00,259.0,223.48827
Cala Vedella (platja),2025-08-19 10:00:00,228.0,244.16026
Cala Vedella (platja),2025-08-19 11:00:00,271.0,202.72656
Cala Vedella (platja),2025-08-19 12:00:00,280.0,253.204
Cala Vedella (platja),2025-08-19 13:00:00,215.0,187.71063
Cala Vedella (platja),2025-08-19 14:00:00,177.0,174.52873
Cala Vedella (platja),2025-08-19 15:00:00,129.0,134.95045
Cala Vedella (platja),2025-08-19 16:00:00,8.0,107.8692
Cala Vedella (platja),2025-08-19 17:00:00,6.0,66.17468
Cala Vedella (platja),2025-08-19 18:00:00,68.0,120.19417
Cala Vedella (platja),2025-08-19 19:00:00,232.0,140.1495
Cala Vedella (platja),2025-08-19 20:00:00,229.0,210.58571
Cala Vedella (platja),2025-08-20 08:00:00,229.0,230.38501
Cala Vedella (platja),2025-08-20 09:00:00,208.0,214.60794
Cala Vedella (platja),2025-08-20 10:00:00,210.0,210.53514
Cala Vedella (platja),2025-08-20 11:00:00,235.0,257.78992
Cala Vedella (platja),2025-08-20 12:00:00,220.0,245.19075
Cala Vedella (platja),2025-08-20 13:00:00,193.0,216.12567
Cala Vedella (platja),2025-08-20 14:00:00,160.0,221.79848
Cala Vedella (platja),2025-08-20 15:00:00,107.0,194.06017
Cala Vedella (platja),2025-08-20 16:00:00,7.0,180.30605
Cala Vedella (platja),2025-08-20 17:00:00,7.0,124.28755
Cala Vedella (platja),2025-08-20 18:00:00,62.0,166.20334
Cala Vedella (platja),2025-08-20 19:00:00,120.0,198.7194
Cala Vedella (platja),2025-08-20 20:00:00,195.0,274.54852
Cala Vedella (platja),2025-08-21 08:00:00,202.0,278.0782
Cala Vedella (platja),2025-08-21 09:00:00,192.0,263.36395
Cala Vedella (platja),2025-08-21 10:00:00,198.0,285.4713
Cala Vedella (platja),2025-08-21 11:00:00,220.0,289.56445
Cala Vedella (platja),2025-08-21 12:00:00,219.0,288.1123
Cala Vedella (platja),2025-08-21 13:00:00,221.0,246.3658
Cala Vedella (platja),2025-08-21 14:00:00,163.0,229.42545
Cala Vedella (platja),2025-08-21 15:00:00,91.0,175.73026
Cala Vedella (platja),2025-08-21 16:00:00,8.0,145.73363
Cala Vedella (platja),2025-08-21 17:00:00,6.0,136.39085
Cala Vedella (platja),2025-08-21 18:00:00,8.0,172.49762
Cala Vedella (platja),2025-08-21 19:00:00,6.0,124.919266
Cala Vedella (platja),2025-08-21 20:00:00,49.0,184.8242
Cala Vedella (platja),2025-08-22 08:00:00,120.0,210.74434
Cala Vedella (platja),2025-08-22 09:00:00,204.0,234.69254
Cala Vedella (platja),2025-08-22 10:00:00,241.0,250.76979
Cala Vedella (platja),2025-08-22 11:00:00,223.0,258.42856
Cala Vedella (platja),2025-08-22 12:00:00,218.0,271.44324
Cala Vedella (platja),2025-08-22 13:00:00,226.0,261.71317
Cala Vedella (platja),2025-08-22 14:00:00,266.0,260.6844
Cala Vedella (platja),2025-08-22 15:00:00,233.0,203.24493
Cala Vedella (platja),2025-08-22 16:00:00,177.0,191.7312
Cala Vedella (platja),2025-08-22 17:00:00,79.0,142.87924
Cala Vedella (platja),2025-08-22 18:00:00,6.0,146.7485
Cala Vedella (platja),2025-08-22 19:00:00,6.0,54.037457
Cala Vedella (platja),2025-08-22 20:00:00,67.0,166.17203
Cala Vedella (platja),2025-08-23 08:00:00,123.0,181.57861
Cala Vedella (platja),2025-08-23 09:00:00,144.0,221.0934
Cala Vedella (platja),2025-08-23 10:00:00,145.0,230.33928
Cala Vedella (platja),2025-08-23 11:00:00,152.0,236.3224
Cala Vedella (platja),2025-08-23 12:00:00,135.0,269.3075
Cala Vedella (platja),2025-08-23 13:00:00,153.0,252.99786
Cala Vedella (platja),2025-08-23 14:00:00,178.0,201.18863
Cala Vedella (platja),2025-08-23 15:00:00,166.0,153.58754
Cala Vedella (platja),2025-08-23 16:00:00,103.0,142.67984
Cala Vedella (platja),2025-08-23 17:00:00,58.0,176.68263
Cala Vedella (platja),2025-08-23 18:00:00,6.0,119.68104
Cala Vedella (platja),2025-08-23 19:00:00,6.0,44.85073
Cala Vedella (platja),2025-08-23 20:00:00,55.0,186.11897
Cala Vedella (platja),2025-08-24 08:00:00,117.0,231.33008
Cala Vedella (platja),2025-08-24 09:00:00,214.0,238.25728
Cala Vedella (platja),2025-08-24 10:00:00,211.0,233.79106
Cala Vedella (platja),2025-08-24 11:00:00,221.0,250.57886
Cala Vedella (platja),2025-08-24 12:00:00,172.0,262.0996
Cala Vedella (platja),2025-08-24 13:00:00,206.0,231.18057
Cala Vedella (platja),2025-08-24 14:00:00,204.0,237.6354
Cala Vedella (platja),2025-08-24 15:00:00,181.0,145.7823
Cala Vedella (platja),2025-08-24 16:00:00,140.0,117.60994
Cala Vedella (platja),2025-08-24 17:00:00,59.0,132.62222
Cala Vedella (platja),2025-08-24 18:00:00,5.0,155.67903
Cala Vedella (platja),2025-08-24 19:00:00,6.0,79.46321
Cala Vedella (platja),2025-08-24 20:00:00,67.0,186.37233
Cala Vedella (platja),2025-08-25 08:00:00,133.0,225.9887
Cala Vedella (platja),2025-08-25 09:00:00,203.0,263.52054
Cala Vedella (platja),2025-08-25 10:00:00,200.0,258.42166
Cala Vedella (platja),2025-08-25 11:00:00,216.0,256.2713
Cala Vedella (platja),2025-08-25 12:00:00,188.0,246.59462
Cala Vedella (platja),2025-08-25 13:00:00,232.0,250.6708
Cala Vedella (platja),2025-08-25 14:00:00,188.0,214.8032
Cala Vedella (platja),2025-08-25 15:00:00,163.0,166.6548
Cala Vedella (platja),2025-08-25 16:00:00,95.0,143.22388
Cala Vedella (platja),2025-08-25 17:00:00,40.0,106.89047
Cala Vedella (platja),2025-08-25 18:00:00,7.0,94.27957
Cala Vedella (platja),2025-08-25 19:00:00,6.0,42.25454
Cala Vedella (platja),2025-08-25 20:00:00,55.0,145.37962
Cala Vedella (platja),2025-08-26 08:00:00,174.0,183.15886
Cala Vedella (platja),2025-08-26 09:00:00,203.0,200.0777
Cala Vedella (platja),2025-08-26 10:00:00,193.0,205.67656
Cala Vedella (platja),2025-08-26 11:00:00,231.0,237.8219
Cala Vedella (platja),2025-08-26 12:00:00,207.0,269.72296
Cala Vedella (platja),2025-08-26 13:00:00,264.0,229.49825
Cala Vedella (platja),2025-08-26 14:00:00,232.0,203.43628
Cala Vedella (platja),2025-08-26 15:00:00,183.0,171.63828
Cala Vedella (platja),2025-08-26 16:00:00,125.0,173.97809
Cala Vedella (platja),2025-08-26 17:00:00,69.0,142.82451
Cala Vedella (platja),2025-08-26 18:00:00,6.0,121.68494
Cala Vedella (platja),2025-08-26 19:00:00,8.0,60.32731
Cala Vedella (platja),2025-08-26 20:00:00,71.0,174.79076
Cala Vedella (platja),2025-08-27 08:00:00,147.0,215.49864
Cala Vedella (platja),2025-08-27 09:00:00,184.0,199.99977
Cala Vedella (platja),2025-08-27 10:00:00,216.0,217.79004
Cala Vedella (platja),2025-08-27 11:00:00,207.0,269.66867
Cala Vedella (platja),2025-08-27 12:00:00,229.0,214.25145
Cala Vedella (platja),2025-08-27 13:00:00,213.0,202.06505
Cala Vedella (platja),2025-08-27 14:00:00,213.0,179.15788
Cala Vedella (platja),2025-08-27 15:00:00,131.0,138.33379
Cala Vedella (platja),2025-08-27 16:00:00,64.0,104.71931
Cala Vedella (platja),2025-08-27 17:00:00,42.0,122.13913
Cala Vedella (platja),2025-08-27 18:00:00,6.0,88.009735
Cala Vedella (platja),2025-08-27 19:00:00,8.0,60.401287
Cala Vedella (platja),2025-08-27 20:00:00,66.0,150.94191
Cala Vedella (platja),2025-08-28 08:00:00,159.0,178.62253
Cala Vedella (platja),2025-08-28 09:00:00,241.0,182.50804
Cala Vedella (platja),2025-08-28 10:00:00,273.0,211.32242
Cala Vedella (platja),2025-08-28 11:00:00,260.0,193.43558
Cala Vedella (platja),2025-08-28 12:00:00,232.0,204.0442
Cala Vedella (platja),2025-08-28 13:00:00,172.0,271.64532
Cala Vedella (platja),2025-08-28 14:00:00,195.0,231.49287
Cala Vedella (platja),2025-08-28 15:00:00,161.0,206.1406
Cala Vedella (platja),2025-08-28 16:00:00,76.0,115.48165
Cala Vedella (platja),2025-08-28 17:00:00,41.0,134.16504
Cala Vedella (platja),2025-08-28 18:00:00,7.0,80.67623
Cala Vedella (platja),2025-08-28 19:00:00,6.0,104.31243
Cala Vedella (platja),2025-08-28 20:00:00,26.0,132.68906
Cala Vedella (platja),2025-08-29 08:00:00,23.0,173.84418
Cala Vedella (platja),2025-08-29 09:00:00,103.0,179.25052
Cala Vedella (platja),2025-08-29 10:00:00,143.0,233.28793
Cala Vedella (platja),2025-08-29 11:00:00,190.0,245.4818
Cala Vedella (platja),2025-08-29 12:00:00,184.0,268.23514
Cala Vedella (platja),2025-08-29 13:00:00,215.0,191.69704
Cala Vedella (platja),2025-08-29 14:00:00,217.0,181.24013
Cala Vedella (platja),2025-08-29 15:00:00,153.0,174.77644
Cala Vedella (platja),2025-08-29 16:00:00,102.0,200.359
Cala Vedella (platja),2025-08-29 17:00:00,70.0,173.39417
Cala Vedella (platja),2025-08-29 18:00:00,7.0,128.08171
Cala Vedella (platja),2025-08-29 19:00:00,8.0,71.218956
Cala Vedella (platja),2025-08-29 20:00:00,18.0,130.14099
Cala Vedella (platja),2025-08-30 08:00:00,67.0,130.54305
Cala Vedella (platja),2025-08-30 09:00:00,95.0,125.77674
Cala Vedella (platja),2025-08-30 10:00:00,77.0,74.15894
Cala Vedella (platja),2025-08-30 11:00:00,48.0,63.27891
Cala Vedella (platja),2025-08-30 12:00:00,28.0,61.14082
Cala Vedella (platja),2025-08-30 13:00:00,16.0,61.57643
Cala Vedella (platja),2025-08-30 14:00:00,22.0,71.515335
Cala Vedella (platja),2025-08-30 15:00:00,32.0,44.35719
Cala Vedella (platja),2025-08-30 16:00:00,23.0,98.066986
Cala Vedella (platja),2025-08-30 17:00:00,38.0,91.41506
Cala Vedella (platja),2025-08-30 18:00:00,6.0,68.20876
Cala Vedella (platja),2025-08-30 19:00:00,5.0,41.42979
Cala Vedella (platja),2025-08-30 20:00:00,64.0,140.96704
Cala Vedella (port),2025-06-01 08:00:00,30.0,38.668465
Cala Vedella (port),2025-06-01 09:00:00,28.0,37.854664
Cala Vedella (port),2025-06-01 10:00:00,34.0,41.291523
Cala Vedella (port),2025-06-01 11:00:00,43.0,40.628956
Cala Vedella (port),2025-06-01 12:00:00,31.0,41.915535
Cala Vedella (port),2025-06-01 13:00:00,21.0,31.650686
Cala Vedella (port),2025-06-01 14:00:00,18.0,23.806492
Cala Vedella (port),2025-06-01 15:00:00,20.0,17.990482
Cala Vedella (port),2025-06-01 16:00:00,8.0,17.470068
Cala Vedella (port),2025-06-01 17:00:00,4.0,15.56843
Cala Vedella (port),2025-06-01 18:00:00,8.0,22.746412
Cala Vedella (port),2025-06-01 19:00:00,11.0,35.984856
Cala Vedella (port),2025-06-01 20:00:00,20.0,56.13537
Cala Vedella (port),2025-06-02 08:00:00,20.0,43.027855
Cala Vedella (port),2025-06-02 09:00:00,25.0,42.06501
Cala Vedella (port),2025-06-02 10:00:00,27.0,38.13114
Cala Vedella (port),2025-06-02 11:00:00,15.0,38.816505
Cala Vedella (port),2025-06-02 12:00:00,17.0,33.198265
Cala Vedella (port),2025-06-02 13:00:00,17.0,23.132784
Cala Vedella (port),2025-06-02 14:00:00,11.0,16.70184
Cala Vedella (port),2025-06-02 15:00:00,8.0,15.30304
Cala Vedella (port),2025-06-02 16:00:00,6.0,16.311592
Cala Vedella (port),2025-06-02 17:00:00,4.0,11.160931
Cala Vedella (port),2025-06-02 18:00:00,9.0,24.80358
Cala Vedella (port),2025-06-02 19:00:00,16.0,36.800613
Cala Vedella (port),2025-06-02 20:00:00,18.0,41.415985
Cala Vedella (port),2025-06-03 08:00:00,11.0,36.43066
Cala Vedella (port),2025-06-03 09:00:00,21.0,34.514477
Cala Vedella (port),2025-06-03 10:00:00,40.0,33.933586
Cala Vedella (port),2025-06-03 11:00:00,28.0,35.68745
Cala Vedella (port),2025-06-03 12:00:00,11.0,33.481743
Cala Vedella (port),2025-06-03 13:00:00,11.0,23.13922
Cala Vedella (port),2025-06-03 14:00:00,14.0,21.016996
Cala Vedella (port),2025-06-03 15:00:00,11.0,19.016012
Cala Vedella (port),2025-06-03 16:00:00,7.0,17.727516
Cala Vedella (port),2025-06-03 17:00:00,5.0,13.95112
Cala Vedella (port),2025-06-03 18:00:00,6.0,21.931107
Cala Vedella (port),2025-06-03 19:00:00,12.0,34.853764
Cala Vedella (port),2025-06-03 20:00:00,18.0,33.001568
Cala Vedella (port),2025-06-04 08:00:00,22.0,31.873217
Cala Vedella (port),2025-06-04 09:00:00,24.0,25.8269
Cala Vedella (port),2025-06-04 10:00:00,34.0,35.831635
Cala Vedella (port),2025-06-04 11:00:00,40.0,34.515064
Cala Vedella (port),2025-06-04 12:00:00,25.0,35.773697
Cala Vedella (port),2025-06-04 13:00:00,12.0,24.702063
Cala Vedella (port),2025-06-04 14:00:00,9.0,18.718523
Cala Vedella (port),2025-06-04 15:00:00,12.0,17.03521
Cala Vedella (port),2025-06-04 16:00:00,10.0,14.900822
Cala Vedella (port),2025-06-04 17:00:00,5.0,12.281783
Cala Vedella (port),2025-06-04 18:00:00,11.0,20.414614
Cala Vedella (port),2025-06-04 19:00:00,18.0,43.923325
Cala Vedella (port),2025-06-04 20:00:00,20.0,38.617207
Cala Vedella (port),2025-06-05 08:00:00,27.0,38.007145
Cala Vedella (port),2025-06-05 09:00:00,30.0,40.371765
Cala Vedella (port),2025-06-05 10:00:00,19.0,37.904564
Cala Vedella (port),2025-06-05 11:00:00,37.0,33.590054
Cala Vedella (port),2025-06-05 12:00:00,57.0,44.34679
Cala Vedella (port),2025-06-05 13:00:00,16.0,25.579693
Cala Vedella (port),2025-06-05 14:00:00,31.0,22.014189
Cala Vedella (port),2025-06-05 15:00:00,10.0,18.503963
Cala Vedella (port),2025-06-05 16:00:00,10.0,15.867047
Cala Vedella (port),2025-06-05 17:00:00,5.0,13.961802
Cala Vedella (port),2025-06-05 18:00:00,15.0,32.032265
Cala Vedella (port),2025-06-05 19:00:00,27.0,47.557423
Cala Vedella (port),2025-06-05 20:00:00,36.0,49.761444
Cala Vedella (port),2025-06-06 08:00:00,59.0,46.48843
Cala Vedella (port),2025-06-06 09:00:00,24.0,45.440323
Cala Vedella (port),2025-06-06 10:00:00,31.0,42.538647
Cala Vedella (port),2025-06-06 11:00:00,51.0,40.205425
Cala Vedella (port),2025-06-06 12:00:00,53.0,32.470478
Cala Vedella (port),2025-06-06 13:00:00,35.0,23.55057
Cala Vedella (port),2025-06-06 14:00:00,26.0,17.151037
Cala Vedella (port),2025-06-06 15:00:00,12.0,21.35813
Cala Vedella (port),2025-06-06 16:00:00,12.0,18.947853
Cala Vedella (port),2025-06-06 17:00:00,4.0,14.64625
Cala Vedella (port),2025-06-06 18:00:00,12.0,18.097103
Cala Vedella (port),2025-06-06 19:00:00,12.0,32.36691
Cala Vedella (port),2025-06-06 20:00:00,31.0,29.16071
Cala Vedella (port),2025-06-07 08:00:00,29.0,26.501036
Cala Vedella (port),2025-06-07 09:00:00,19.0,30.661806
Cala Vedella (port),2025-06-07 10:00:00,38.0,27.459923
Cala Vedella (port),2025-06-07 11:00:00,34.0,22.704742
Cala Vedella (port),2025-06-07 12:00:00,21.0,29.524252
Cala Vedella (port),2025-06-07 13:00:00,31.0,22.612766
Cala Vedella (port),2025-06-07 14:00:00,12.0,20.53802
Cala Vedella (port),2025-06-07 15:00:00,11.0,19.824337
Cala Vedella (port),2025-06-07 16:00:00,12.0,18.930841
Cala Vedella (port),2025-06-07 17:00:00,5.0,14.759911
Cala Vedella (port),2025-06-07 18:00:00,12.0,20.355118
Cala Vedella (port),2025-06-07 19:00:00,24.0,34.434772
Cala Vedella (port),2025-06-07 20:00:00,38.0,37.366764
Cala Vedella (port),2025-06-08 08:00:00,34.0,35.836258
Cala Vedella (port),2025-06-08 09:00:00,43.0,34.725437
Cala Vedella (port),2025-06-08 10:00:00,53.0,33.790096
Cala Vedella (port),2025-06-08 11:00:00,57.0,36.853024
Cala Vedella (port),2025-06-08 12:00:00,37.0,38.58313
Cala Vedella (port),2025-06-08 13:00:00,27.0,30.014963
Cala Vedella (port),2025-06-08 14:00:00,17.0,21.017458
Cala Vedella (port),2025-06-08 15:00:00,17.0,18.183254
Cala Vedella (port),2025-06-08 16:00:00,6.0,19.022028
Cala Vedella (port),2025-06-08 17:00:00,5.0,15.018421
Cala Vedella (port),2025-06-08 18:00:00,9.0,22.911108
Cala Vedella (port),2025-06-08 19:00:00,18.0,39.128498
Cala Vedella (port),2025-06-08 20:00:00,26.0,42.852505
Cala Vedella (port),2025-06-09 08:00:00,52.0,39.809402
Cala Vedella (port),2025-06-09 09:00:00,30.0,38.71446
Cala Vedella (port),2025-06-09 10:00:00,43.0,38.08323
Cala Vedella (port),2025-06-09 11:00:00,41.0,39.825283
Cala Vedella (port),2025-06-09 12:00:00,33.0,38.716324
Cala Vedella (port),2025-06-09 13:00:00,36.0,31.852715
Cala Vedella (port),2025-06-09 14:00:00,15.0,23.294434
Cala Vedella (port),2025-06-09 15:00:00,8.0,20.330486
Cala Vedella (port),2025-06-09 16:00:00,9.0,16.858067
Cala Vedella (port),2025-06-09 17:00:00,5.0,13.7475815
Cala Vedella (port),2025-06-09 18:00:00,14.0,26.39308
Cala Vedella (port),2025-06-09 19:00:00,14.0,40.34298
Cala Vedella (port),2025-06-09 20:00:00,44.0,43.895775
Cala Vedella (port),2025-06-10 08:00:00,25.0,39.00161
Cala Vedella (port),2025-06-10 09:00:00,39.0,37.14023
Cala Vedella (port),2025-06-10 10:00:00,42.0,41.448402
Cala Vedella (port),2025-06-10 11:00:00,36.0,40.8586
Cala Vedella (port),2025-06-10 12:00:00,15.0,40.196144
Cala Vedella (port),2025-06-10 13:00:00,24.0,33.026276
Cala Vedella (port),2025-06-10 14:00:00,21.0,25.479406
Cala Vedella (port),2025-06-10 15:00:00,13.0,22.48118
Cala Vedella (port),2025-06-10 16:00:00,10.0,18.650839
Cala Vedella (port),2025-06-10 17:00:00,4.0,14.887551
Cala Vedella (port),2025-06-10 18:00:00,6.0,25.25207
Cala Vedella (port),2025-06-10 19:00:00,15.0,39.022587
Cala Vedella (port),2025-06-10 20:00:00,23.0,42.488556
Cala Vedella (port),2025-06-11 08:00:00,35.0,39.530296
Cala Vedella (port),2025-06-11 09:00:00,27.0,35.775063
Cala Vedella (port),2025-06-11 10:00:00,33.0,37.311172
Cala Vedella (port),2025-06-11 11:00:00,39.0,35.835403
Cala Vedella (port),2025-06-11 12:00:00,41.0,33.99436
Cala Vedella (port),2025-06-11 13:00:00,35.0,29.827387
Cala Vedella (port),2025-06-11 14:00:00,25.0,21.691711
Cala Vedella (port),2025-06-11 15:00:00,20.0,19.52446
Cala Vedella (port),2025-06-11 16:00:00,10.0,17.135363
Cala Vedella (port),2025-06-11 17:00:00,3.0,14.112814
Cala Vedella (port),2025-06-11 18:00:00,7.0,24.699745
Cala Vedella (port),2025-06-11 19:00:00,18.0,36.920677
Cala Vedella (port),2025-06-11 20:00:00,32.0,44.692513
Cala Vedella (port),2025-06-12 08:00:00,32.0,41.558155
Cala Vedella (port),2025-06-12 09:00:00,46.0,41.392845
Cala Vedella (port),2025-06-12 10:00:00,49.0,40.141163
Cala Vedella (port),2025-06-12 11:00:00,53.0,39.526077
Cala Vedella (port),2025-06-12 12:00:00,45.0,38.135426
Cala Vedella (port),2025-06-12 13:00:00,47.0,33.105766
Cala Vedella (port),2025-06-12 14:00:00,29.0,23.064014
Cala Vedella (port),2025-06-12 15:00:00,15.0,21.217258
Cala Vedella (port),2025-06-12 16:00:00,13.0,18.774097
Cala Vedella (port),2025-06-12 17:00:00,3.0,15.659849
Cala Vedella (port),2025-06-12 18:00:00,9.0,26.163269
Cala Vedella (port),2025-06-12 19:00:00,28.0,39.58993
Cala Vedella (port),2025-06-12 20:00:00,33.0,51.344814
Cala Vedella (port),2025-06-13 08:00:00,45.0,52.00489
Cala Vedella (port),2025-06-13 09:00:00,34.0,53.434288
Cala Vedella (port),2025-06-13 10:00:00,64.0,46.85797
Cala Vedella (port),2025-06-13 11:00:00,73.0,40.612553
Cala Vedella (port),2025-06-13 12:00:00,66.0,31.032644
Cala Vedella (port),2025-06-13 13:00:00,48.0,28.231264
Cala Vedella (port),2025-06-13 14:00:00,28.0,22.671232
Cala Vedella (port),2025-06-13 15:00:00,17.0,24.176966
Cala Vedella (port),2025-06-13 16:00:00,9.0,21.009455
Cala Vedella (port),2025-06-13 17:00:00,4.0,14.7933655
Cala Vedella (port),2025-06-13 18:00:00,10.0,20.130518
Cala Vedella (port),2025-06-13 19:00:00,13.0,31.309414
Cala Vedella (port),2025-06-13 20:00:00,31.0,35.68376
Cala Vedella (port),2025-06-14 08:00:00,51.0,35.945873
Cala Vedella (port),2025-06-14 09:00:00,53.0,29.115618
Cala Vedella (port),2025-06-14 10:00:00,41.0,23.780542
Cala Vedella (port),2025-06-14 11:00:00,42.0,25.506416
Cala Vedella (port),2025-06-14 12:00:00,37.0,26.269804
Cala Vedella (port),2025-06-14 13:00:00,34.0,25.831392
Cala Vedella (port),2025-06-14 14:00:00,23.0,17.450075
Cala Vedella (port),2025-06-14 15:00:00,15.0,19.731611
Cala Vedella (port),2025-06-14 16:00:00,9.0,16.446537
Cala Vedella (port),2025-06-14 17:00:00,4.0,15.260251
Cala Vedella (port),2025-06-14 18:00:00,8.0,22.385904
Cala Vedella (port),2025-06-14 19:00:00,14.0,36.883823
Cala Vedella (port),2025-06-14 20:00:00,20.0,40.05268
Cala Vedella (port),2025-06-15 08:00:00,37.0,37.888924
Cala Vedella (port),2025-06-15 09:00:00,28.0,37.224876
Cala Vedella (port),2025-06-15 10:00:00,35.0,35.293205
Cala Vedella (port),2025-06-15 11:00:00,43.0,34.754948
Cala Vedella (port),2025-06-15 12:00:00,32.0,33.443966
Cala Vedella (port),2025-06-15 13:00:00,22.0,30.14454
Cala Vedella (port),2025-06-15 14:00:00,17.0,22.652775
Cala Vedella (port),2025-06-15 15:00:00,15.0,20.119446
Cala Vedella (port),2025-06-15 16:00:00,15.0,20.48168
Cala Vedella (port),2025-06-15 17:00:00,3.0,15.362123
Cala Vedella (port),2025-06-15 18:00:00,9.0,27.098186
Cala Vedella (port),2025-06-15 19:00:00,6.0,44.57693
Cala Vedella (port),2025-06-15 20:00:00,16.0,43.958492
Cala Vedella (port),2025-06-16 08:00:00,25.0,42.475548
Cala Vedella (port),2025-06-16 09:00:00,27.0,40.62895
Cala Vedella (port),2025-06-16 10:00:00,24.0,42.815136
Cala Vedella (port),2025-06-16 11:00:00,29.0,34.49465
Cala Vedella (port),2025-06-16 12:00:00,23.0,30.545132
Cala Vedella (port),2025-06-16 13:00:00,20.0,24.009274
Cala Vedella (port),2025-06-16 14:00:00,16.0,21.001446
Cala Vedella (port),2025-06-16 15:00:00,12.0,20.45244
Cala Vedella (port),2025-06-16 16:00:00,4.0,14.005506
Cala Vedella (port),2025-06-16 17:00:00,7.0,24.381964
Cala Vedella (port),2025-06-16 18:00:00,16.0,40.382687
Cala Vedella (port),2025-06-16 19:00:00,23.0,38.848125
Cala Vedella (port),2025-06-16 20:00:00,36.0,39.024876
Cala Vedella (port),2025-06-17 08:00:00,36.0,34.884666
Cala Vedella (port),2025-06-17 09:00:00,26.0,34.514435
Cala Vedella (port),2025-06-17 10:00:00,50.0,32.19747
Cala Vedella (port),2025-06-17 11:00:00,42.0,33.700043
Cala Vedella (port),2025-06-17 12:00:00,21.0,30.226547
Cala Vedella (port),2025-06-17 13:00:00,18.0,26.528759
Cala Vedella (port),2025-06-17 14:00:00,17.0,22.973759
Cala Vedella (port),2025-06-17 15:00:00,14.0,17.143747
Cala Vedella (port),2025-06-17 16:00:00,7.0,15.593499
Cala Vedella (port),2025-06-17 17:00:00,9.0,28.072535
Cala Vedella (port),2025-06-17 18:00:00,14.0,42.668552
Cala Vedella (port),2025-06-17 19:00:00,33.0,46.760193
Cala Vedella (port),2025-06-17 20:00:00,36.0,48.763386
Cala Vedella (port),2025-06-18 08:00:00,40.0,46.422077
Cala Vedella (port),2025-06-18 09:00:00,35.0,44.735085
Cala Vedella (port),2025-06-18 10:00:00,42.0,44.09862
Cala Vedella (port),2025-06-18 11:00:00,41.0,42.51301
Cala Vedella (port),2025-06-18 12:00:00,38.0,38.555977
Cala Vedella (port),2025-06-18 13:00:00,29.0,27.562927
Cala Vedella (port),2025-06-18 14:00:00,17.0,23.98068
Cala Vedella (port),2025-06-18 15:00:00,14.0,21.88073
Cala Vedella (port),2025-06-18 16:00:00,8.0,16.134325
Cala Vedella (port),2025-06-18 17:00:00,9.0,26.875576
Cala Vedella (port),2025-06-18 18:00:00,26.0,38.955605
Cala Vedella (port),2025-06-18 19:00:00,25.0,49.85752
Cala Vedella (port),2025-06-18 20:00:00,39.0,51.951027
Cala Vedella (port),2025-06-19 08:00:00,38.0,50.0072
Cala Vedella (port),2025-06-19 09:00:00,37.0,46.73972
Cala Vedella (port),2025-06-19 10:00:00,39.0,48.78136
Cala Vedella (port),2025-06-19 11:00:00,39.0,41.57363
Cala Vedella (port),2025-06-19 12:00:00,46.0,37.616905
Cala Vedella (port),2025-06-19 13:00:00,23.0,28.5634
Cala Vedella (port),2025-06-19 14:00:00,16.0,24.532484
Cala Vedella (port),2025-06-19 15:00:00,10.0,22.736057
Cala Vedella (port),2025-06-19 16:00:00,5.0,17.618914
Cala Vedella (port),2025-06-19 17:00:00,9.0,27.468924
Cala Vedella (port),2025-06-19 18:00:00,22.0,41.666233
Cala Vedella (port),2025-06-19 19:00:00,31.0,64.9571
Cala Vedella (port),2025-06-19 20:00:00,45.0,62.140133
Cala Vedella (port),2025-06-20 08:00:00,49.0,62.15962
Cala Vedella (port),2025-06-20 09:00:00,48.0,56.798218
Cala Vedella (port),2025-06-20 10:00:00,59.0,52.55886
Cala Vedella (port),2025-06-20 11:00:00,52.0,40.4362
Cala Vedella (port),2025-06-20 12:00:00,39.0,30.765476
Cala Vedella (port),2025-06-20 13:00:00,36.0,25.338045
Cala Vedella (port),2025-06-20 14:00:00,14.0,22.867865
Cala Vedella (port),2025-06-20 15:00:00,15.0,23.844006
Cala Vedella (port),2025-06-20 16:00:00,5.0,21.122196
Cala Vedella (port),2025-06-20 17:00:00,12.0,23.35459
Cala Vedella (port),2025-06-20 18:00:00,15.0,31.778204
Cala Vedella (port),2025-06-20 19:00:00,22.0,36.4588
Cala Vedella (port),2025-06-20 20:00:00,41.0,44.416546
Cala Vedella (port),2025-06-21 08:00:00,22.0,42.813957
Cala Vedella (port),2025-06-21 09:00:00,32.0,40.951653
Cala Vedella (port),2025-06-21 10:00:00,43.0,40.488503
Cala Vedella (port),2025-06-21 11:00:00,30.0,32.761818
Cala Vedella (port),2025-06-21 12:00:00,32.0,28.042137
Cala Vedella (port),2025-06-21 13:00:00,29.0,22.648388
Cala Vedella (port),2025-06-21 14:00:00,16.0,21.280704
Cala Vedella (port),2025-06-21 15:00:00,12.0,18.621235
Cala Vedella (port),2025-06-21 16:00:00,6.0,16.08348
Cala Vedella (port),2025-06-21 17:00:00,10.0,16.52234
Cala Vedella (port),2025-06-21 18:00:00,23.0,29.552702
Cala Vedella (port),2025-06-21 19:00:00,26.0,38.332787
Cala Vedella (port),2025-06-21 20:00:00,47.0,43.640873
Cala Vedella (port),2025-06-22 08:00:00,16.0,37.851784
Cala Vedella (port),2025-06-22 09:00:00,37.0,36.265488
Cala Vedella (port),2025-06-22 10:00:00,33.0,35.078026
Cala Vedella (port),2025-06-22 11:00:00,43.0,33.31574
Cala Vedella (port),2025-06-22 12:00:00,31.0,28.642628
Cala Vedella (port),2025-06-22 13:00:00,21.0,25.96529
Cala Vedella (port),2025-06-22 14:00:00,22.0,20.559582
Cala Vedella (port),2025-06-22 15:00:00,13.0,22.64599
Cala Vedella (port),2025-06-22 16:00:00,6.0,14.4689045
Cala Vedella (port),2025-06-22 17:00:00,7.0,24.827951
Cala Vedella (port),2025-06-22 18:00:00,14.0,30.775812
Cala Vedella (port),2025-06-22 19:00:00,21.0,40.828587
Cala Vedella (port),2025-06-22 20:00:00,16.0,49.180717
Cala Vedella (port),2025-06-23 08:00:00,23.0,45.947586
Cala Vedella (port),2025-06-23 09:00:00,15.0,49.1231
Cala Vedella (port),2025-06-23 10:00:00,26.0,49.349533
Cala Vedella (port),2025-06-23 11:00:00,36.0,40.287415
Cala Vedella (port),2025-06-23 12:00:00,37.0,32.720707
Cala Vedella (port),2025-06-23 13:00:00,16.0,28.511848
Cala Vedella (port),2025-06-23 14:00:00,20.0,24.954731
Cala Vedella (port),2025-06-23 15:00:00,13.0,24.193726
Cala Vedella (port),2025-06-23 16:00:00,5.0,18.474936
Cala Vedella (port),2025-06-23 17:00:00,10.0,22.955976
Cala Vedella (port),2025-06-23 18:00:00,22.0,34.094673
Cala Vedella (port),2025-06-23 19:00:00,31.0,40.44011
Cala Vedella (port),2025-06-23 20:00:00,41.0,46.689342
Cala Vedella (port),2025-06-24 08:00:00,35.0,44.90133
Cala Vedella (port),2025-06-24 09:00:00,40.0,49.244904
Cala Vedella (port),2025-06-24 10:00:00,23.0,45.721584
Cala Vedella (port),2025-06-24 11:00:00,30.0,36.43111
Cala Vedella (port),2025-06-24 12:00:00,38.0,31.699036
Cala Vedella (port),2025-06-24 13:00:00,29.0,26.211187
Cala Vedella (port),2025-06-24 14:00:00,18.0,23.967308
Cala Vedella (port),2025-06-24 15:00:00,15.0,22.843767
Cala Vedella (port),2025-06-24 16:00:00,5.0,18.714838
Cala Vedella (port),2025-06-24 17:00:00,11.0,20.408876
Cala Vedella (port),2025-06-24 18:00:00,16.0,24.590298
Cala Vedella (port),2025-06-24 19:00:00,17.0,30.427467
Cala Vedella (port),2025-06-24 20:00:00,23.0,41.708305
Cala Vedella (port),2025-06-25 08:00:00,16.0,44.757637
Cala Vedella (port),2025-06-25 09:00:00,31.0,42.258003
Cala Vedella (port),2025-06-25 10:00:00,43.0,44.37774
Cala Vedella (port),2025-06-25 11:00:00,45.0,34.583263
Cala Vedella (port),2025-06-25 12:00:00,37.0,27.41856
Cala Vedella (port),2025-06-25 13:00:00,39.0,22.565512
Cala Vedella (port),2025-06-25 15:00:00,17.0,19.517359
Cala Vedella (port),2025-06-25 16:00:00,14.0,18.379211
Cala Vedella (port),2025-06-25 17:00:00,5.0,15.101409
Cala Vedella (port),2025-06-25 18:00:00,7.0,13.7643795
Cala Vedella (port),2025-06-25 19:00:00,10.0,27.718102
Cala Vedella (port),2025-06-25 20:00:00,29.0,40.77628
Cala Vedella (port),2025-06-26 08:00:00,39.0,44.645153
Cala Vedella (port),2025-06-26 09:00:00,63.0,42.177307
Cala Vedella (port),2025-06-26 10:00:00,50.0,36.4196
Cala Vedella (port),2025-06-26 11:00:00,40.0,33.59809
Cala Vedella (port),2025-06-26 12:00:00,45.0,30.258797
Cala Vedella (port),2025-06-26 13:00:00,40.0,23.735935
Cala Vedella (port),2025-06-26 14:00:00,36.0,23.36143
Cala Vedella (port),2025-06-26 15:00:00,32.0,20.903852
Cala Vedella (port),2025-06-26 16:00:00,21.0,18.125505
Cala Vedella (port),2025-06-26 17:00:00,4.0,17.406809
Cala Vedella (port),2025-06-26 18:00:00,12.0,15.456308
Cala Vedella (port),2025-06-26 19:00:00,15.0,23.36827
Cala Vedella (port),2025-06-26 20:00:00,35.0,42.25559
Cala Vedella (port),2025-06-27 08:00:00,38.0,50.080635
Cala Vedella (port),2025-06-27 09:00:00,42.0,47.257862
Cala Vedella (port),2025-06-27 10:00:00,60.0,47.372135
Cala Vedella (port),2025-06-27 11:00:00,61.0,40.877327
Cala Vedella (port),2025-06-27 12:00:00,61.0,38.885765
Cala Vedella (port),2025-06-27 13:00:00,56.0,30.294016
Cala Vedella (port),2025-06-27 14:00:00,31.0,27.682793
Cala Vedella (port),2025-06-27 15:00:00,31.0,24.80687
Cala Vedella (port),2025-06-27 16:00:00,31.0,24.045385
Cala Vedella (port),2025-06-27 17:00:00,6.0,19.66899
Cala Vedella (port),2025-06-27 18:00:00,16.0,16.871712
Cala Vedella (port),2025-06-27 19:00:00,23.0,26.237822
Cala Vedella (port),2025-06-27 20:00:00,33.0,38.745758
Cala Vedella (port),2025-06-28 08:00:00,25.0,41.19766
Cala Vedella (port),2025-06-28 09:00:00,47.0,40.324955
Cala Vedella (port),2025-06-28 10:00:00,46.0,33.39958
Cala Vedella (port),2025-06-28 11:00:00,48.0,31.585196
Cala Vedella (port),2025-06-28 12:00:00,60.0,26.231112
Cala Vedella (port),2025-06-28 13:00:00,42.0,26.706049
Cala Vedella (port),2025-06-28 14:00:00,19.0,24.695536
Cala Vedella (port),2025-06-28 15:00:00,25.0,22.680037
Cala Vedella (port),2025-06-28 16:00:00,10.0,20.94785
Cala Vedella (port),2025-06-28 17:00:00,5.0,16.159061
Cala Vedella (port),2025-06-28 18:00:00,5.0,19.313242
Cala Vedella (port),2025-06-28 19:00:00,18.0,22.86768
Cala Vedella (port),2025-06-28 20:00:00,16.0,29.220581
Cala Vedella (port),2025-06-29 08:00:00,19.0,25.807617
Cala Vedella (port),2025-06-29 09:00:00,18.0,24.53801
Cala Vedella (port),2025-06-29 10:00:00,20.0,18.240746
Cala Vedella (port),2025-06-29 11:00:00,23.0,19.890835
Cala Vedella (port),2025-06-29 12:00:00,24.0,21.120949
Cala Vedella (port),2025-06-29 13:00:00,20.0,20.923664
Cala Vedella (port),2025-06-29 14:00:00,20.0,21.346647
Cala Vedella (port),2025-06-29 15:00:00,13.0,17.929352
Cala Vedella (port),2025-06-29 16:00:00,8.0,19.559809
Cala Vedella (port),2025-06-29 17:00:00,4.0,17.364576
Cala Vedella (port),2025-06-29 18:00:00,10.0,22.988049
Cala Vedella (port),2025-06-29 19:00:00,32.0,39.332813
Cala Vedella (port),2025-06-29 20:00:00,59.0,40.709915
Cala Vedella (port),2025-06-30 08:00:00,38.0,40.392647
Cala Vedella (port),2025-06-30 09:00:00,44.0,45.95649
Cala Vedella (port),2025-06-30 10:00:00,62.0,41.612797
Cala Vedella (port),2025-06-30 11:00:00,65.0,40.19558
Cala Vedella (port),2025-06-30 12:00:00,40.0,40.827568
Cala Vedella (port),2025-06-30 13:00:00,42.0,33.315083
Cala Vedella (port),2025-06-30 14:00:00,32.0,25.531998
Cala Vedella (port),2025-06-30 15:00:00,22.0,23.06715
Cala Vedella (port),2025-06-30 16:00:00,13.0,21.232872
Cala Vedella (port),2025-06-30 17:00:00,4.0,16.967196
Cala Vedella (port),2025-06-30 18:00:00,11.0,23.686777
Cala Vedella (port),2025-06-30 19:00:00,27.0,36.20245
Cala Vedella (port),2025-06-30 20:00:00,45.0,46.813828
Cala Vedella (port),2025-07-01 08:00:00,51.0,40.549744
Cala Vedella (port),2025-07-01 09:00:00,62.0,39.9627
Cala Vedella (port),2025-07-01 10:00:00,55.0,35.619286
Cala Vedella (port),2025-07-01 11:00:00,61.0,36.83304
Cala Vedella (port),2025-07-01 12:00:00,64.0,37.448875
Cala Vedella (port),2025-07-01 13:00:00,50.0,34.438213
Cala Vedella (port),2025-07-01 14:00:00,32.0,24.47933
Cala Vedella (port),2025-07-01 15:00:00,23.0,23.264063
Cala Vedella (port),2025-07-01 16:00:00,19.0,21.30805
Cala Vedella (port),2025-07-01 17:00:00,4.0,16.91211
Cala Vedella (port),2025-07-01 18:00:00,17.0,21.97335
Cala Vedella (port),2025-07-01 19:00:00,34.0,35.28989
Cala Vedella (port),2025-07-01 20:00:00,40.0,47.384167
Cala Vedella (port),2025-07-02 08:00:00,53.0,40.67115
Cala Vedella (port),2025-07-02 09:00:00,33.0,41.322716
Cala Vedella (port),2025-07-02 10:00:00,41.0,41.342712
Cala Vedella (port),2025-07-02 11:00:00,29.0,36.4597
Cala Vedella (port),2025-07-02 12:00:00,48.0,34.144653
Cala Vedella (port),2025-07-02 13:00:00,28.0,28.78374
Cala Vedella (port),2025-07-02 14:00:00,26.0,21.12761
Cala Vedella (port),2025-07-02 15:00:00,9.0,16.083305
Cala Vedella (port),2025-07-02 16:00:00,5.0,15.622136
Cala Vedella (port),2025-07-02 17:00:00,10.0,16.814589
Cala Vedella (port),2025-07-02 18:00:00,25.0,26.198648
Cala Vedella (port),2025-07-02 19:00:00,46.0,22.467045
Cala Vedella (port),2025-07-02 20:00:00,28.0,35.321484
Cala Vedella (port),2025-07-03 08:00:00,21.0,34.745018
Cala Vedella (port),2025-07-03 09:00:00,35.0,38.883156
Cala Vedella (port),2025-07-03 10:00:00,61.0,33.077797
Cala Vedella (port),2025-07-03 11:00:00,43.0,32.46359
Cala Vedella (port),2025-07-03 12:00:00,49.0,28.817326
Cala Vedella (port),2025-07-03 13:00:00,21.0,26.026888
Cala Vedella (port),2025-07-03 14:00:00,4.0,23.77684
Cala Vedella (port),2025-07-03 15:00:00,7.0,20.072668
Cala Vedella (port),2025-07-03 16:00:00,4.0,16.367453
Cala Vedella (port),2025-07-03 17:00:00,16.0,20.989395
Cala Vedella (port),2025-07-03 18:00:00,27.0,31.012074
Cala Vedella (port),2025-07-03 19:00:00,27.0,42.03893
Cala Vedella (port),2025-07-03 20:00:00,37.0,45.1612
Cala Vedella (port),2025-07-04 08:00:00,47.0,42.32618
Cala Vedella (port),2025-07-04 09:00:00,48.0,48.472942
Cala Vedella (port),2025-07-04 10:00:00,66.0,44.689026
Cala Vedella (port),2025-07-04 11:00:00,53.0,44.32397
Cala Vedella (port),2025-07-04 12:00:00,46.0,34.753494
Cala Vedella (port),2025-07-04 13:00:00,23.0,24.425486
Cala Vedella (port),2025-07-04 14:00:00,27.0,23.804203
Cala Vedella (port),2025-07-04 15:00:00,17.0,21.81984
Cala Vedella (port),2025-07-04 16:00:00,4.0,17.50914
Cala Vedella (port),2025-07-04 17:00:00,8.0,16.307775
Cala Vedella (port),2025-07-04 18:00:00,20.0,24.2061
Cala Vedella (port),2025-07-04 19:00:00,38.0,21.8466
Cala Vedella (port),2025-07-04 20:00:00,31.0,27.489618
Cala Vedella (port),2025-07-05 08:00:00,55.0,34.309406
Cala Vedella (port),2025-07-05 09:00:00,74.0,31.690722
Cala Vedella (port),2025-07-05 10:00:00,78.0,25.31982
Cala Vedella (port),2025-07-05 11:00:00,46.0,24.218964
Cala Vedella (port),2025-07-05 12:00:00,38.0,29.320177
Cala Vedella (port),2025-07-05 13:00:00,39.0,22.352173
Cala Vedella (port),2025-07-05 14:00:00,29.0,19.665981
Cala Vedella (port),2025-07-05 15:00:00,20.0,19.178915
Cala Vedella (port),2025-07-05 16:00:00,4.0,14.616284
Cala Vedella (port),2025-07-05 17:00:00,10.0,18.072721
Cala Vedella (port),2025-07-05 18:00:00,36.0,30.199926
Cala Vedella (port),2025-07-05 19:00:00,54.0,37.54812
Cala Vedella (port),2025-07-05 20:00:00,55.0,35.149063
Cala Vedella (port),2025-07-06 08:00:00,49.0,36.106647
Cala Vedella (port),2025-07-06 09:00:00,52.0,39.502167
Cala Vedella (port),2025-07-06 10:00:00,60.0,40.19817
Cala Vedella (port),2025-07-06 11:00:00,44.0,35.03001
Cala Vedella (port),2025-07-06 12:00:00,49.0,30.628632
Cala Vedella (port),2025-07-06 13:00:00,40.0,26.620583
Cala Vedella (port),2025-07-06 14:00:00,19.0,20.679617
Cala Vedella (port),2025-07-06 15:00:00,21.0,21.691729
Cala Vedella (port),2025-07-06 16:00:00,5.0,12.240605
Cala Vedella (port),2025-07-06 17:00:00,17.0,20.325342
Cala Vedella (port),2025-07-06 18:00:00,28.0,35.895008
Cala Vedella (port),2025-07-06 19:00:00,47.0,38.750896
Cala Vedella (port),2025-07-06 20:00:00,73.0,40.318024
Cala Vedella (port),2025-07-07 08:00:00,65.0,43.240696
Cala Vedella (port),2025-07-07 09:00:00,47.0,42.95788
Cala Vedella (port),2025-07-07 10:00:00,99.0,40.29248
Cala Vedella (port),2025-07-07 11:00:00,94.0,40.78798
Cala Vedella (port),2025-07-07 12:00:00,60.0,36.5843
Cala Vedella (port),2025-07-07 13:00:00,38.0,29.859509
Cala Vedella (port),2025-07-07 14:00:00,23.0,25.902685
Cala Vedella (port),2025-07-07 15:00:00,20.0,25.543287
Cala Vedella (port),2025-07-07 16:00:00,4.0,16.105518
Cala Vedella (port),2025-07-07 17:00:00,14.0,24.070314
Cala Vedella (port),2025-07-07 18:00:00,36.0,37.841503
Cala Vedella (port),2025-07-07 19:00:00,46.0,42.940758
Cala Vedella (port),2025-07-07 20:00:00,48.0,50.240337
Cala Vedella (port),2025-07-08 08:00:00,43.0,48.536457
Cala Vedella (port),2025-07-08 09:00:00,49.0,47.45445
Cala Vedella (port),2025-07-08 10:00:00,82.0,40.9902
Cala Vedella (port),2025-07-08 11:00:00,66.0,41.133747
Cala Vedella (port),2025-07-08 12:00:00,49.0,36.66844
Cala Vedella (port),2025-07-08 13:00:00,40.0,28.225561
Cala Vedella (port),2025-07-08 14:00:00,29.0,24.452824
Cala Vedella (port),2025-07-08 15:00:00,14.0,20.75001
Cala Vedella (port),2025-07-08 16:00:00,4.0,15.83627
Cala Vedella (port),2025-07-08 17:00:00,12.0,18.2646
Cala Vedella (port),2025-07-08 18:00:00,43.0,29.143362
Cala Vedella (port),2025-07-08 19:00:00,42.0,46.06451
Cala Vedella (port),2025-07-08 20:00:00,49.0,50.798653
Cala Vedella (port),2025-07-09 08:00:00,37.0,42.926373
Cala Vedella (port),2025-07-09 09:00:00,55.0,37.487858
Cala Vedella (port),2025-07-09 10:00:00,71.0,34.466164
Cala Vedella (port),2025-07-09 11:00:00,56.0,33.038612
Cala Vedella (port),2025-07-09 12:00:00,47.0,32.724434
Cala Vedella (port),2025-07-09 13:00:00,30.0,26.55962
Cala Vedella (port),2025-07-09 14:00:00,29.0,22.036816
Cala Vedella (port),2025-07-09 15:00:00,19.0,20.77273
Cala Vedella (port),2025-07-09 16:00:00,4.0,12.891003
Cala Vedella (port),2025-07-09 17:00:00,20.0,21.729628
Cala Vedella (port),2025-07-09 18:00:00,22.0,33.377266
Cala Vedella (port),2025-07-09 19:00:00,34.0,39.681694
Cala Vedella (port),2025-07-09 20:00:00,42.0,48.06339
Cala Vedella (port),2025-07-10 08:00:00,50.0,51.38061
Cala Vedella (port),2025-07-10 09:00:00,47.0,53.42793
Cala Vedella (port),2025-07-10 10:00:00,63.0,43.757347
Cala Vedella (port),2025-07-10 11:00:00,62.0,38.42957
Cala Vedella (port),2025-07-10 12:00:00,55.0,32.72509
Cala Vedella (port),2025-07-10 13:00:00,47.0,29.34763
Cala Vedella (port),2025-07-10 14:00:00,28.0,25.213264
Cala Vedella (port),2025-07-10 15:00:00,15.0,23.51671
Cala Vedella (port),2025-07-10 16:00:00,4.0,6.0131106
Cala Vedella (port),2025-07-10 17:00:00,12.0,20.89439
Cala Vedella (port),2025-07-10 18:00:00,23.0,36.4857
Cala Vedella (port),2025-07-10 19:00:00,48.0,44.975967
Cala Vedella (port),2025-07-10 20:00:00,41.0,48.903305
Cala Vedella (port),2025-07-11 08:00:00,52.0,57.991177
Cala Vedella (port),2025-07-11 09:00:00,59.0,52.40074
Cala Vedella (port),2025-07-11 10:00:00,66.0,51.907887
Cala Vedella (port),2025-07-11 11:00:00,56.0,47.350082
Cala Vedella (port),2025-07-11 12:00:00,51.0,43.35813
Cala Vedella (port),2025-07-11 13:00:00,34.0,37.97455
Cala Vedella (port),2025-07-11 14:00:00,27.0,34.258915
Cala Vedella (port),2025-07-11 15:00:00,22.0,29.891014
Cala Vedella (port),2025-07-11 16:00:00,4.0,15.3823395
Cala Vedella (port),2025-07-11 17:00:00,14.0,23.4141
Cala Vedella (port),2025-07-11 19:00:00,25.0,37.862778
Cala Vedella (port),2025-07-11 20:00:00,42.0,40.55679
Cala Vedella (port),2025-07-12 08:00:00,47.0,48.18234
Cala Vedella (port),2025-07-12 09:00:00,48.0,46.50691
Cala Vedella (port),2025-07-12 10:00:00,48.0,46.153156
Cala Vedella (port),2025-07-12 11:00:00,66.0,41.0716
Cala Vedella (port),2025-07-12 12:00:00,40.0,36.106373
Cala Vedella (port),2025-07-12 13:00:00,70.0,31.761047
Cala Vedella (port),2025-07-12 14:00:00,49.0,30.549887
Cala Vedella (port),2025-07-12 15:00:00,34.0,23.673172
Cala Vedella (port),2025-07-12 16:00:00,15.0,25.545519
Cala Vedella (port),2025-07-12 17:00:00,4.0,9.776276
Cala Vedella (port),2025-07-12 18:00:00,20.0,22.959175
Cala Vedella (port),2025-07-12 19:00:00,41.0,43.68003
Cala Vedella (port),2025-07-12 20:00:00,58.0,42.88775
Cala Vedella (port),2025-07-13 08:00:00,54.0,44.621937
Cala Vedella (port),2025-07-13 09:00:00,46.0,39.496994
Cala Vedella (port),2025-07-13 10:00:00,67.0,39.634483
Cala Vedella (port),2025-07-13 11:00:00,69.0,39.542633
Cala Vedella (port),2025-07-13 12:00:00,59.0,35.495926
Cala Vedella (port),2025-07-13 13:00:00,75.0,31.777065
Cala Vedella (port),2025-07-13 14:00:00,43.0,26.760685
Cala Vedella (port),2025-07-13 15:00:00,26.0,22.08137
Cala Vedella (port),2025-07-13 16:00:00,17.0,20.706175
Cala Vedella (port),2025-07-13 17:00:00,4.0,10.943138
Cala Vedella (port),2025-07-13 18:00:00,13.0,23.123968
Cala Vedella (port),2025-07-13 19:00:00,34.0,31.459879
Cala Vedella (port),2025-07-13 20:00:00,31.0,38.455708
Cala Vedella (port),2025-07-14 08:00:00,35.0,42.136414
Cala Vedella (port),2025-07-14 09:00:00,29.0,46.462933
Cala Vedella (port),2025-07-14 10:00:00,41.0,42.847107
Cala Vedella (port),2025-07-14 11:00:00,29.0,41.39965
Cala Vedella (port),2025-07-14 12:00:00,48.0,31.978514
Cala Vedella (port),2025-07-14 13:00:00,60.0,30.176132
Cala Vedella (port),2025-07-14 14:00:00,37.0,25.236792
Cala Vedella (port),2025-07-14 15:00:00,23.0,24.505579
Cala Vedella (port),2025-07-14 16:00:00,17.0,22.628927
Cala Vedella (port),2025-07-14 17:00:00,4.0,11.312698
Cala Vedella (port),2025-07-14 18:00:00,12.0,24.454634
Cala Vedella (port),2025-07-14 19:00:00,30.0,24.350706
Cala Vedella (port),2025-07-14 20:00:00,44.0,33.252453
Cala Vedella (port),2025-07-15 08:00:00,22.0,33.840828
Cala Vedella (port),2025-07-15 09:00:00,41.0,29.990517
Cala Vedella (port),2025-07-15 10:00:00,27.0,23.370485
Cala Vedella (port),2025-07-15 11:00:00,38.0,22.220081
Cala Vedella (port),2025-07-15 12:00:00,27.0,23.482006
Cala Vedella (port),2025-07-15 13:00:00,14.0,29.738977
Cala Vedella (port),2025-07-15 14:00:00,14.0,20.994919
Cala Vedella (port),2025-07-15 15:00:00,8.0,22.547827
Cala Vedella (port),2025-07-15 16:00:00,4.0,21.26089
Cala Vedella (port),2025-07-15 17:00:00,5.0,7.212152
Cala Vedella (port),2025-07-15 18:00:00,10.0,27.973112
Cala Vedella (port),2025-07-15 19:00:00,12.0,41.358566
Cala Vedella (port),2025-07-15 20:00:00,30.0,36.405167
Cala Vedella (port),2025-07-16 08:00:00,45.0,32.575634
Cala Vedella (port),2025-07-16 09:00:00,38.0,35.975082
Cala Vedella (port),2025-07-16 10:00:00,59.0,40.56546
Cala Vedella (port),2025-07-16 11:00:00,27.0,42.645695
Cala Vedella (port),2025-07-16 12:00:00,20.0,44.015938
Cala Vedella (port),2025-07-16 13:00:00,29.0,43.043087
Cala Vedella (port),2025-07-16 14:00:00,31.0,33.701363
Cala Vedella (port),2025-07-16 15:00:00,16.0,36.012783
Cala Vedella (port),2025-07-16 16:00:00,13.0,32.765327
Cala Vedella (port),2025-07-16 17:00:00,5.0,10.732137
Cala Vedella (port),2025-07-16 18:00:00,13.0,33.691257
Cala Vedella (port),2025-07-16 19:00:00,27.0,48.260754
Cala Vedella (port),2025-07-16 20:00:00,64.0,55.453835
Cala Vedella (port),2025-07-17 08:00:00,68.0,56.71976
Cala Vedella (port),2025-07-17 09:00:00,61.0,63.355972
Cala Vedella (port),2025-07-17 10:00:00,69.0,56.53895
Cala Vedella (port),2025-07-17 11:00:00,67.0,54.940895
Cala Vedella (port),2025-07-17 12:00:00,61.0,54.71572
Cala Vedella (port),2025-07-17 13:00:00,45.0,47.599586
Cala Vedella (port),2025-07-17 14:00:00,34.0,41.63723
Cala Vedella (port),2025-07-17 15:00:00,30.0,31.73515
Cala Vedella (port),2025-07-17 16:00:00,19.0,35.147713
Cala Vedella (port),2025-07-17 17:00:00,4.0,17.36389
Cala Vedella (port),2025-07-17 18:00:00,13.0,39.1969
Cala Vedella (port),2025-07-17 19:00:00,37.0,55.619514
Cala Vedella (port),2025-07-17 20:00:00,53.0,65.73541
Cala Vedella (port),2025-07-18 08:00:00,57.0,62.380795
Cala Vedella (port),2025-07-18 09:00:00,57.0,63.888252
Cala Vedella (port),2025-07-18 10:00:00,68.0,64.96686
Cala Vedella (port),2025-07-18 11:00:00,48.0,62.45357
Cala Vedella (port),2025-07-18 12:00:00,64.0,59.178207
Cala Vedella (port),2025-07-18 13:00:00,43.0,49.102013
Cala Vedella (port),2025-07-18 14:00:00,42.0,42.113174
Cala Vedella (port),2025-07-18 15:00:00,29.0,34.91579
Cala Vedella (port),2025-07-18 16:00:00,13.0,36.929577
Cala Vedella (port),2025-07-18 17:00:00,4.0,17.042196
Cala Vedella (port),2025-07-18 18:00:00,12.0,29.583559
Cala Vedella (port),2025-07-18 19:00:00,29.0,50.168392
Cala Vedella (port),2025-07-18 20:00:00,33.0,47.112152
Cala Vedella (port),2025-07-19 08:00:00,48.0,47.68995
Cala Vedella (port),2025-07-19 09:00:00,47.0,41.88414
Cala Vedella (port),2025-07-19 10:00:00,55.0,45.294743
Cala Vedella (port),2025-07-19 11:00:00,46.0,41.66334
Cala Vedella (port),2025-07-19 12:00:00,55.0,40.33067
Cala Vedella (port),2025-07-19 13:00:00,29.0,40.103405
Cala Vedella (port),2025-07-19 14:00:00,30.0,35.4563
Cala Vedella (port),2025-07-19 15:00:00,22.0,25.90924
Cala Vedella (port),2025-07-19 16:00:00,11.0,24.063553
Cala Vedella (port),2025-07-19 17:00:00,4.0,10.382561
Cala Vedella (port),2025-07-19 18:00:00,10.0,25.978027
Cala Vedella (port),2025-07-19 19:00:00,11.0,30.148977
Cala Vedella (port),2025-07-19 20:00:00,33.0,28.122217
Cala Vedella (port),2025-07-20 08:00:00,33.0,26.706654
Cala Vedella (port),2025-07-20 09:00:00,24.0,41.720066
Cala Vedella (port),2025-07-20 10:00:00,34.0,46.60308
Cala Vedella (port),2025-07-20 11:00:00,33.0,46.638866
Cala Vedella (port),2025-07-20 12:00:00,27.0,37.95413
Cala Vedella (port),2025-07-20 13:00:00,19.0,37.66105
Cala Vedella (port),2025-07-20 14:00:00,26.0,30.502165
Cala Vedella (port),2025-07-20 15:00:00,17.0,26.463474
Cala Vedella (port),2025-07-20 16:00:00,14.0,26.149895
Cala Vedella (port),2025-07-20 17:00:00,5.0,9.991642
Cala Vedella (port),2025-07-20 18:00:00,21.0,30.95978
Cala Vedella (port),2025-07-20 19:00:00,27.0,45.398335
Cala Vedella (port),2025-07-20 20:00:00,34.0,48.61022
Cala Vedella (port),2025-07-21 08:00:00,61.0,48.65174
Cala Vedella (port),2025-07-21 09:00:00,57.0,50.89812
Cala Vedella (port),2025-07-21 10:00:00,63.0,48.9938
Cala Vedella (port),2025-07-21 11:00:00,65.0,49.08399
Cala Vedella (port),2025-07-21 12:00:00,37.0,44.15812
Cala Vedella (port),2025-07-21 13:00:00,26.0,38.88741
Cala Vedella (port),2025-07-21 14:00:00,22.0,31.911762
Cala Vedella (port),2025-07-21 15:00:00,12.0,27.622908
Cala Vedella (port),2025-07-21 16:00:00,4.0,27.466297
Cala Vedella (port),2025-07-21 17:00:00,5.0,7.913384
Cala Vedella (port),2025-07-21 18:00:00,29.0,32.497528
Cala Vedella (port),2025-07-21 19:00:00,35.0,46.91486
Cala Vedella (port),2025-07-21 20:00:00,41.0,48.672123
Cala Vedella (port),2025-07-22 08:00:00,32.0,47.413578
Cala Vedella (port),2025-07-22 09:00:00,50.0,44.692963
Cala Vedella (port),2025-07-22 10:00:00,62.0,47.7183
Cala Vedella (port),2025-07-22 11:00:00,52.0,49.009117
Cala Vedella (port),2025-07-22 12:00:00,39.0,45.938457
Cala Vedella (port),2025-07-22 13:00:00,28.0,42.553146
Cala Vedella (port),2025-07-22 14:00:00,21.0,36.658802
Cala Vedella (port),2025-07-22 15:00:00,14.0,31.06762
Cala Vedella (port),2025-07-22 16:00:00,4.0,29.364119
Cala Vedella (port),2025-07-22 17:00:00,5.0,9.808217
Cala Vedella (port),2025-07-22 18:00:00,29.0,34.473236
Cala Vedella (port),2025-07-22 19:00:00,51.0,53.817318
Cala Vedella (port),2025-07-22 20:00:00,34.0,52.756966
Cala Vedella (port),2025-07-23 08:00:00,44.0,48.180954
Cala Vedella (port),2025-07-23 09:00:00,40.0,51.24455
Cala Vedella (port),2025-07-23 10:00:00,46.0,46.906223
Cala Vedella (port),2025-07-23 11:00:00,37.0,50.413498
Cala Vedella (port),2025-07-23 12:00:00,46.0,47.49463
Cala Vedella (port),2025-07-23 13:00:00,40.0,44.27589
Cala Vedella (port),2025-07-23 14:00:00,25.0,37.751854
Cala Vedella (port),2025-07-23 15:00:00,13.0,30.319761
Cala Vedella (port),2025-07-23 16:00:00,5.0,26.808878
Cala Vedella (port),2025-07-23 17:00:00,5.0,11.90015
Cala Vedella (port),2025-07-23 18:00:00,22.0,35.31083
Cala Vedella (port),2025-07-23 19:00:00,39.0,52.10934
Cala Vedella (port),2025-07-23 20:00:00,40.0,56.361526
Cala Vedella (port),2025-07-24 08:00:00,54.0,59.527473
Cala Vedella (port),2025-07-24 09:00:00,56.0,58.009354
Cala Vedella (port),2025-07-24 10:00:00,52.0,55.995922
Cala Vedella (port),2025-07-24 11:00:00,68.0,55.585064
Cala Vedella (port),2025-07-24 12:00:00,64.0,51.286747
Cala Vedella (port),2025-07-24 13:00:00,33.0,44.260193
Cala Vedella (port),2025-07-24 14:00:00,37.0,34.733
Cala Vedella (port),2025-07-24 15:00:00,26.0,30.057926
Cala Vedella (port),2025-07-24 16:00:00,4.0,26.563757
Cala Vedella (port),2025-07-24 17:00:00,5.0,15.677086
Cala Vedella (port),2025-07-24 18:00:00,27.0,38.874126
Cala Vedella (port),2025-07-24 19:00:00,50.0,57.83234
Cala Vedella (port),2025-07-24 20:00:00,50.0,49.719215
Cala Vedella (port),2025-07-25 08:00:00,65.0,48.214027
Cala Vedella (port),2025-07-25 09:00:00,38.0,53.73825
Cala Vedella (port),2025-07-25 10:00:00,48.0,50.755157
Cala Vedella (port),2025-07-25 11:00:00,57.0,44.04754
Cala Vedella (port),2025-07-25 12:00:00,63.0,41.88569
Cala Vedella (port),2025-07-25 13:00:00,35.0,34.330166
Cala Vedella (port),2025-07-25 14:00:00,24.0,28.878675
Cala Vedella (port),2025-07-25 15:00:00,19.0,24.825562
Cala Vedella (port),2025-07-25 16:00:00,4.0,20.94535
Cala Vedella (port),2025-07-25 17:00:00,4.0,11.22844
Cala Vedella (port),2025-07-25 18:00:00,16.0,21.058182
Cala Vedella (port),2025-07-25 19:00:00,47.0,32.97093
Cala Vedella (port),2025-07-25 20:00:00,51.0,38.716114
Cala Vedella (port),2025-07-26 08:00:00,39.0,34.132195
Cala Vedella (port),2025-07-26 09:00:00,51.0,37.769302
Cala Vedella (port),2025-07-26 10:00:00,46.0,36.43009
Cala Vedella (port),2025-07-26 11:00:00,54.0,37.726276
Cala Vedella (port),2025-07-26 12:00:00,40.0,39.085297
Cala Vedella (port),2025-07-26 13:00:00,44.0,31.510681
Cala Vedella (port),2025-07-26 14:00:00,29.0,25.08237
Cala Vedella (port),2025-07-26 15:00:00,17.0,19.680298
Cala Vedella (port),2025-07-26 16:00:00,4.0,18.43087
Cala Vedella (port),2025-07-26 17:00:00,5.0,8.207057
Cala Vedella (port),2025-07-26 18:00:00,31.0,23.669897
Cala Vedella (port),2025-07-26 19:00:00,41.0,34.00232
Cala Vedella (port),2025-07-26 20:00:00,63.0,38.16738
Cala Vedella (port),2025-07-27 08:00:00,41.0,40.605362
Cala Vedella (port),2025-07-27 09:00:00,57.0,45.328114
Cala Vedella (port),2025-07-27 10:00:00,56.0,40.29827
Cala Vedella (port),2025-07-27 11:00:00,67.0,39.290226
Cala Vedella (port),2025-07-27 12:00:00,60.0,39.180233
Cala Vedella (port),2025-07-27 13:00:00,50.0,35.52222
Cala Vedella (port),2025-07-27 14:00:00,26.0,32.70172
Cala Vedella (port),2025-07-27 15:00:00,16.0,27.649088
Cala Vedella (port),2025-07-27 16:00:00,5.0,25.809172
Cala Vedella (port),2025-07-27 17:00:00,5.0,11.195623
Cala Vedella (port),2025-07-27 18:00:00,18.0,29.1308
Cala Vedella (port),2025-07-27 19:00:00,33.0,42.26275
Cala Vedella (port),2025-07-27 20:00:00,55.0,51.073128
Cala Vedella (port),2025-07-28 08:00:00,55.0,52.384323
Cala Vedella (port),2025-07-28 09:00:00,54.0,50.293766
Cala Vedella (port),2025-07-28 10:00:00,54.0,45.236042
Cala Vedella (port),2025-07-28 11:00:00,50.0,45.877045
Cala Vedella (port),2025-07-28 12:00:00,36.0,45.18588
Cala Vedella (port),2025-07-28 13:00:00,24.0,44.01708
Cala Vedella (port),2025-07-28 14:00:00,22.0,35.61395
Cala Vedella (port),2025-07-28 15:00:00,31.0,30.519604
Cala Vedella (port),2025-07-28 16:00:00,5.0,28.998558
Cala Vedella (port),2025-07-28 17:00:00,5.0,12.570438
Cala Vedella (port),2025-07-28 18:00:00,22.0,30.872812
Cala Vedella (port),2025-07-28 19:00:00,34.0,47.22399
Cala Vedella (port),2025-07-28 20:00:00,51.0,50.94309
Cala Vedella (port),2025-07-29 08:00:00,46.0,50.593098
Cala Vedella (port),2025-07-29 09:00:00,64.0,52.131004
Cala Vedella (port),2025-07-29 10:00:00,42.0,47.632694
Cala Vedella (port),2025-07-29 11:00:00,54.0,42.224983
Cala Vedella (port),2025-07-29 12:00:00,43.0,37.718338
Cala Vedella (port),2025-07-29 13:00:00,32.0,34.9346
Cala Vedella (port),2025-07-29 14:00:00,25.0,31.460726
Cala Vedella (port),2025-07-29 15:00:00,16.0,26.737385
Cala Vedella (port),2025-07-29 16:00:00,5.0,22.91286
Cala Vedella (port),2025-07-29 17:00:00,5.0,10.397114
Cala Vedella (port),2025-07-29 18:00:00,39.0,24.316593
Cala Vedella (port),2025-07-29 19:00:00,59.0,36.543602
Cala Vedella (port),2025-07-29 20:00:00,57.0,44.12844
Cala Vedella (port),2025-07-30 08:00:00,55.0,46.56377
Cala Vedella (port),2025-07-30 09:00:00,45.0,38.202633
Cala Vedella (port),2025-07-30 10:00:00,52.0,38.930645
Cala Vedella (port),2025-07-30 11:00:00,37.0,37.57181
Cala Vedella (port),2025-07-30 12:00:00,50.0,36.866627
Cala Vedella (port),2025-07-30 13:00:00,24.0,31.718735
Cala Vedella (port),2025-07-30 14:00:00,22.0,28.061089
Cala Vedella (port),2025-07-30 15:00:00,21.0,24.519255
Cala Vedella (port),2025-07-30 16:00:00,5.0,25.114702
Cala Vedella (port),2025-07-30 17:00:00,5.0,9.79455
Cala Vedella (port),2025-07-30 18:00:00,17.0,26.305628
Cala Vedella (port),2025-07-30 19:00:00,38.0,43.32011
Cala Vedella (port),2025-07-30 20:00:00,31.0,45.810253
Cala Vedella (port),2025-07-31 08:00:00,42.0,50.392662
Cala Vedella (port),2025-07-31 09:00:00,34.0,47.356964
Cala Vedella (port),2025-07-31 10:00:00,44.0,48.7233
Cala Vedella (port),2025-07-31 11:00:00,42.0,45.49419
Cala Vedella (port),2025-07-31 12:00:00,27.0,39.158154
Cala Vedella (port),2025-07-31 13:00:00,31.0,34.110516
Cala Vedella (port),2025-07-31 14:00:00,16.0,29.203583
Cala Vedella (port),2025-07-31 15:00:00,16.0,23.824484
Cala Vedella (port),2025-07-31 16:00:00,4.0,26.183517
Cala Vedella (port),2025-07-31 17:00:00,5.0,12.903382
Cala Vedella (port),2025-07-31 18:00:00,28.0,30.727695
Cala Vedella (port),2025-07-31 19:00:00,50.0,44.14674
Cala Vedella (port),2025-07-31 20:00:00,50.0,46.095856
Cala Vedella (port),2025-08-01 08:00:00,51.0,53.164932
Cala Vedella (port),2025-08-01 09:00:00,47.0,53.347866
Cala Vedella (port),2025-08-01 10:00:00,49.0,50.855545
Cala Vedella (port),2025-08-01 11:00:00,26.0,50.457016
Cala Vedella (port),2025-08-01 12:00:00,40.0,43.034748
Cala Vedella (port),2025-08-01 13:00:00,35.0,37.452686
Cala Vedella (port),2025-08-01 14:00:00,27.0,31.848728
Cala Vedella (port),2025-08-01 15:00:00,19.0,28.4721
Cala Vedella (port),2025-08-01 16:00:00,4.0,27.612398
Cala Vedella (port),2025-08-01 17:00:00,5.0,11.611663
Cala Vedella (port),2025-08-01 18:00:00,20.0,24.568352
Cala Vedella (port),2025-08-01 19:00:00,41.0,42.485916
Cala Vedella (port),2025-08-01 20:00:00,60.0,37.76396
Cala Vedella (port),2025-08-02 08:00:00,68.0,44.400654
Cala Vedella (port),2025-08-02 09:00:00,57.0,40.045277
Cala Vedella (port),2025-08-02 10:00:00,44.0,38.795143
Cala Vedella (port),2025-08-02 11:00:00,35.0,39.237114
Cala Vedella (port),2025-08-02 12:00:00,38.0,32.43746
Cala Vedella (port),2025-08-02 13:00:00,40.0,31.28571
Cala Vedella (port),2025-08-02 14:00:00,21.0,28.450838
Cala Vedella (port),2025-08-02 15:00:00,9.0,25.225084
Cala Vedella (port),2025-08-02 16:00:00,4.0,25.040743
Cala Vedella (port),2025-08-02 17:00:00,4.0,12.130112
Cala Vedella (port),2025-08-02 18:00:00,14.0,24.43987
Cala Vedella (port),2025-08-02 19:00:00,51.0,34.992638
Cala Vedella (port),2025-08-02 20:00:00,41.0,44.616463
Cala Vedella (port),2025-08-03 08:00:00,55.0,49.03733
Cala Vedella (port),2025-08-03 09:00:00,58.0,42.120945
Cala Vedella (port),2025-08-03 10:00:00,61.0,43.291786
Cala Vedella (port),2025-08-03 11:00:00,68.0,40.101624
Cala Vedella (port),2025-08-03 12:00:00,37.0,39.427322
Cala Vedella (port),2025-08-03 13:00:00,48.0,35.01464
Cala Vedella (port),2025-08-03 14:00:00,34.0,31.924706
Cala Vedella (port),2025-08-03 15:00:00,13.0,27.363586
Cala Vedella (port),2025-08-03 16:00:00,5.0,27.023632
Cala Vedella (port),2025-08-03 17:00:00,5.0,11.703699
Cala Vedella (port),2025-08-03 18:00:00,21.0,25.913866
Cala Vedella (port),2025-08-03 19:00:00,32.0,40.089844
Cala Vedella (port),2025-08-03 20:00:00,46.0,44.96523
Cala Vedella (port),2025-08-04 08:00:00,49.0,49.816547
Cala Vedella (port),2025-08-04 09:00:00,47.0,47.42107
Cala Vedella (port),2025-08-04 10:00:00,47.0,42.175865
Cala Vedella (port),2025-08-04 11:00:00,57.0,40.64082
Cala Vedella (port),2025-08-04 12:00:00,50.0,40.39459
Cala Vedella (port),2025-08-04 13:00:00,30.0,35.466362
Cala Vedella (port),2025-08-04 14:00:00,21.0,32.237392
Cala Vedella (port),2025-08-04 15:00:00,11.0,38.628605
Cala Vedella (port),2025-08-04 16:00:00,4.0,27.782816
Cala Vedella (port),2025-08-04 17:00:00,4.0,10.659041
Cala Vedella (port),2025-08-04 18:00:00,15.0,29.638796
Cala Vedella (port),2025-08-04 19:00:00,31.0,39.45193
Cala Vedella (port),2025-08-04 20:00:00,43.0,48.61814
Cala Vedella (port),2025-08-05 08:00:00,32.0,50.961964
Cala Vedella (port),2025-08-05 09:00:00,62.0,43.99021
Cala Vedella (port),2025-08-05 10:00:00,57.0,44.04406
Cala Vedella (port),2025-08-05 11:00:00,65.0,40.48515
Cala Vedella (port),2025-08-05 12:00:00,35.0,36.40615
Cala Vedella (port),2025-08-05 13:00:00,32.0,33.497852
Cala Vedella (port),2025-08-05 14:00:00,16.0,33.155285
Cala Vedella (port),2025-08-05 15:00:00,27.0,30.068645
Cala Vedella (port),2025-08-05 16:00:00,4.0,26.87022
Cala Vedella (port),2025-08-05 17:00:00,4.0,9.864816
Cala Vedella (port),2025-08-05 18:00:00,35.0,28.47759
Cala Vedella (port),2025-08-05 19:00:00,35.0,37.42157
Cala Vedella (port),2025-08-05 20:00:00,71.0,43.487053
Cala Vedella (port),2025-08-06 08:00:00,52.0,45.33525
Cala Vedella (port),2025-08-06 09:00:00,68.0,37.104153
Cala Vedella (port),2025-08-06 10:00:00,57.0,41.300777
Cala Vedella (port),2025-08-06 11:00:00,48.0,40.166878
Cala Vedella (port),2025-08-06 12:00:00,48.0,40.33507
Cala Vedella (port),2025-08-06 13:00:00,36.0,36.789932
Cala Vedella (port),2025-08-06 14:00:00,25.0,34.23175
Cala Vedella (port),2025-08-06 15:00:00,21.0,30.288836
Cala Vedella (port),2025-08-06 16:00:00,4.0,29.107782
Cala Vedella (port),2025-08-06 17:00:00,4.0,11.206192
Cala Vedella (port),2025-08-06 18:00:00,13.0,25.9333
Cala Vedella (port),2025-08-06 19:00:00,35.0,36.286514
Cala Vedella (port),2025-08-06 20:00:00,51.0,47.44832
Cala Vedella (port),2025-08-07 08:00:00,78.0,53.022724
Cala Vedella (port),2025-08-07 09:00:00,43.0,45.409416
Cala Vedella (port),2025-08-07 10:00:00,39.0,47.032265
Cala Vedella (port),2025-08-07 11:00:00,65.0,47.00204
Cala Vedella (port),2025-08-07 12:00:00,33.0,42.413567
Cala Vedella (port),2025-08-07 13:00:00,38.0,39.643333
Cala Vedella (port),2025-08-07 14:00:00,30.0,35.408436
Cala Vedella (port),2025-08-07 15:00:00,19.0,30.195251
Cala Vedella (port),2025-08-07 16:00:00,4.0,30.825356
Cala Vedella (port),2025-08-07 17:00:00,4.0,15.554482
Cala Vedella (port),2025-08-07 18:00:00,23.0,26.205034
Cala Vedella (port),2025-08-07 19:00:00,50.0,39.99061
Cala Vedella (port),2025-08-07 20:00:00,62.0,50.72771
Cala Vedella (port),2025-08-08 08:00:00,72.0,54.712326
Cala Vedella (port),2025-08-08 09:00:00,50.0,50.41066
Cala Vedella (port),2025-08-08 10:00:00,34.0,50.496296
Cala Vedella (port),2025-08-08 11:00:00,62.0,46.614395
Cala Vedella (port),2025-08-08 12:00:00,46.0,42.745865
Cala Vedella (port),2025-08-08 13:00:00,42.0,39.52454
Cala Vedella (port),2025-08-08 14:00:00,32.0,36.27789
Cala Vedella (port),2025-08-08 15:00:00,19.0,31.375715
Cala Vedella (port),2025-08-08 16:00:00,4.0,30.577835
Cala Vedella (port),2025-08-08 17:00:00,5.0,17.197933
Cala Vedella (port),2025-08-08 18:00:00,28.0,23.08927
Cala Vedella (port),2025-08-08 19:00:00,37.0,34.205982
Cala Vedella (port),2025-08-08 20:00:00,53.0,46.412827
Cala Vedella (port),2025-08-09 08:00:00,43.0,49.831608
Cala Vedella (port),2025-08-09 09:00:00,58.0,46.862907
Cala Vedella (port),2025-08-09 10:00:00,71.0,41.07497
Cala Vedella (port),2025-08-09 11:00:00,45.0,40.87777
Cala Vedella (port),2025-08-09 12:00:00,35.0,36.97572
Cala Vedella (port),2025-08-09 13:00:00,49.0,32.224335
Cala Vedella (port),2025-08-09 14:00:00,24.0,30.62664
Cala Vedella (port),2025-08-09 15:00:00,14.0,26.405092
Cala Vedella (port),2025-08-09 16:00:00,4.0,24.73325
Cala Vedella (port),2025-08-09 17:00:00,4.0,11.503453
Cala Vedella (port),2025-08-09 18:00:00,8.0,22.810696
Cala Vedella (port),2025-08-09 19:00:00,10.0,21.33004
Cala Vedella (port),2025-08-09 20:00:00,20.0,37.306686
Cala Vedella (port),2025-08-10 08:00:00,19.0,32.607086
Cala Vedella (port),2025-08-10 09:00:00,25.0,27.522156
Cala Vedella (port),2025-08-10 10:00:00,42.0,41.82022
Cala Vedella (port),2025-08-10 11:00:00,42.0,37.0045
Cala Vedella (port),2025-08-10 12:00:00,33.0,34.79014
Cala Vedella (port),2025-08-10 13:00:00,38.0,32.92631
Cala Vedella (port),2025-08-10 14:00:00,32.0,28.742643
Cala Vedella (port),2025-08-10 15:00:00,21.0,24.31659
Cala Vedella (port),2025-08-10 16:00:00,5.0,24.969847
Cala Vedella (port),2025-08-10 17:00:00,5.0,11.120417
Cala Vedella (port),2025-08-10 18:00:00,21.0,22.556004
Cala Vedella (port),2025-08-10 19:00:00,19.0,34.380825
Cala Vedella (port),2025-08-10 20:00:00,30.0,34.823524
Cala Vedella (port),2025-08-11 08:00:00,53.0,36.35432
Cala Vedella (port),2025-08-11 09:00:00,48.0,35.577286
Cala Vedella (port),2025-08-11 10:00:00,55.0,34.27225
Cala Vedella (port),2025-08-11 11:00:00,51.0,27.998356
Cala Vedella (port),2025-08-11 12:00:00,40.0,30.621067
Cala Vedella (port),2025-08-11 13:00:00,19.0,29.493315
Cala Vedella (port),2025-08-11 14:00:00,27.0,30.33543
Cala Vedella (port),2025-08-11 15:00:00,12.0,24.416565
Cala Vedella (port),2025-08-11 16:00:00,4.0,22.53375
Cala Vedella (port),2025-08-11 17:00:00,4.0,10.770596
Cala Vedella (port),2025-08-11 18:00:00,16.0,25.830572
Cala Vedella (port),2025-08-11 19:00:00,44.0,38.77601
Cala Vedella (port),2025-08-11 20:00:00,54.0,41.785145
Cala Vedella (port),2025-08-12 08:00:00,58.0,37.720253
Cala Vedella (port),2025-08-12 09:00:00,28.0,39.609806
Cala Vedella (port),2025-08-12 10:00:00,73.0,36.06957
Cala Vedella (port),2025-08-12 11:00:00,59.0,37.39826
Cala Vedella (port),2025-08-12 12:00:00,40.0,35.487938
Cala Vedella (port),2025-08-12 13:00:00,24.0,33.91942
Cala Vedella (port),2025-08-12 14:00:00,27.0,30.452024
Cala Vedella (port),2025-08-12 15:00:00,16.0,25.723375
Cala Vedella (port),2025-08-12 16:00:00,5.0,25.303211
Cala Vedella (port),2025-08-12 17:00:00,5.0,11.44202
Cala Vedella (port),2025-08-12 18:00:00,20.0,31.118301
Cala Vedella (port),2025-08-12 19:00:00,35.0,48.558556
Cala Vedella (port),2025-08-12 20:00:00,69.0,44.224342
Cala Vedella (port),2025-08-13 08:00:00,44.0,45.788635
Cala Vedella (port),2025-08-13 09:00:00,38.0,43.643276
Cala Vedella (port),2025-08-13 10:00:00,30.0,43.497
Cala Vedella (port),2025-08-13 11:00:00,25.0,41.612503
Cala Vedella (port),2025-08-13 12:00:00,20.0,40.47988
Cala Vedella (port),2025-08-13 13:00:00,41.0,37.227848
Cala Vedella (port),2025-08-13 14:00:00,31.0,32.24487
Cala Vedella (port),2025-08-13 15:00:00,16.0,26.560081
Cala Vedella (port),2025-08-13 16:00:00,4.0,25.170368
Cala Vedella (port),2025-08-13 17:00:00,4.0,11.439302
Cala Vedella (port),2025-08-13 18:00:00,19.0,33.31282
Cala Vedella (port),2025-08-13 19:00:00,50.0,49.760834
Cala Vedella (port),2025-08-13 20:00:00,56.0,52.23316
Cala Vedella (port),2025-08-14 08:00:00,51.0,55.168297
Cala Vedella (port),2025-08-14 09:00:00,48.0,49.339947
Cala Vedella (port),2025-08-14 10:00:00,45.0,48.327995
Cala Vedella (port),2025-08-14 11:00:00,65.0,49.88888
Cala Vedella (port),2025-08-14 12:00:00,66.0,44.418446
Cala Vedella (port),2025-08-14 13:00:00,32.0,35.44061
Cala Vedella (port),2025-08-14 14:00:00,38.0,30.743692
Cala Vedella (port),2025-08-14 15:00:00,26.0,26.499887
Cala Vedella (port),2025-08-14 16:00:00,5.0,25.90009
Cala Vedella (port),2025-08-14 17:00:00,5.0,15.798635
Cala Vedella (port),2025-08-14 18:00:00,22.0,28.976221
Cala Vedella (port),2025-08-14 19:00:00,37.0,32.553947
Cala Vedella (port),2025-08-14 20:00:00,63.0,40.795296
Cala Vedella (port),2025-08-15 08:00:00,75.0,58.447323
Cala Vedella (port),2025-08-15 09:00:00,72.0,51.934464
Cala Vedella (port),2025-08-15 10:00:00,61.0,52.775185
Cala Vedella (port),2025-08-15 11:00:00,83.0,49.89587
Cala Vedella (port),2025-08-15 12:00:00,46.0,47.368073
Cala Vedella (port),2025-08-15 13:00:00,33.0,42.06648
Cala Vedella (port),2025-08-15 14:00:00,28.0,35.2413
Cala Vedella (port),2025-08-15 15:00:00,18.0,29.786509
Cala Vedella (port),2025-08-15 16:00:00,4.0,27.074755
Cala Vedella (port),2025-08-15 17:00:00,4.0,14.959832
Cala Vedella (port),2025-08-15 18:00:00,22.0,23.402943
Cala Vedella (port),2025-08-15 19:00:00,15.0,35.21924
Cala Vedella (port),2025-08-15 20:00:00,16.0,33.06235
Cala Vedella (port),2025-08-16 08:00:00,35.0,46.473515
Cala Vedella (port),2025-08-16 09:00:00,48.0,46.76978
Cala Vedella (port),2025-08-16 10:00:00,55.0,39.233963
Cala Vedella (port),2025-08-16 11:00:00,31.0,36.275383
Cala Vedella (port),2025-08-16 12:00:00,29.0,35.051888
Cala Vedella (port),2025-08-16 13:00:00,38.0,32.459816
Cala Vedella (port),2025-08-16 14:00:00,28.0,31.903372
Cala Vedella (port),2025-08-16 15:00:00,25.0,25.681168
Cala Vedella (port),2025-08-16 16:00:00,5.0,24.481186
Cala Vedella (port),2025-08-16 17:00:00,5.0,11.997194
Cala Vedella (port),2025-08-16 18:00:00,22.0,24.069223
Cala Vedella (port),2025-08-16 19:00:00,45.0,36.299477
Cala Vedella (port),2025-08-16 20:00:00,70.0,48.989216
Cala Vedella (port),2025-08-17 08:00:00,82.0,49.981857
Cala Vedella (port),2025-08-17 09:00:00,65.0,44.780945
Cala Vedella (port),2025-08-17 10:00:00,51.0,39.00231
Cala Vedella (port),2025-08-17 11:00:00,65.0,37.908073
Cala Vedella (port),2025-08-17 12:00:00,53.0,39.470684
Cala Vedella (port),2025-08-17 13:00:00,33.0,36.53559
Cala Vedella (port),2025-08-17 14:00:00,17.0,30.981041
Cala Vedella (port),2025-08-17 15:00:00,14.0,26.579908
Cala Vedella (port),2025-08-17 16:00:00,4.0,25.892923
Cala Vedella (port),2025-08-17 17:00:00,5.0,11.860676
Cala Vedella (port),2025-08-17 18:00:00,9.0,21.711214
Cala Vedella (port),2025-08-17 19:00:00,23.0,32.231636
Cala Vedella (port),2025-08-17 20:00:00,47.0,38.840435
Cala Vedella (port),2025-08-18 08:00:00,40.0,47.28781
Cala Vedella (port),2025-08-18 09:00:00,45.0,41.88857
Cala Vedella (port),2025-08-18 10:00:00,40.0,42.799114
Cala Vedella (port),2025-08-18 11:00:00,49.0,36.4164
Cala Vedella (port),2025-08-18 12:00:00,37.0,37.383133
Cala Vedella (port),2025-08-18 13:00:00,32.0,34.57558
Cala Vedella (port),2025-08-18 14:00:00,18.0,30.754206
Cala Vedella (port),2025-08-18 15:00:00,13.0,28.204021
Cala Vedella (port),2025-08-18 16:00:00,4.0,25.151646
Cala Vedella (port),2025-08-18 17:00:00,4.0,11.251139
Cala Vedella (port),2025-08-18 18:00:00,8.0,24.31571
Cala Vedella (port),2025-08-18 19:00:00,23.0,38.319225
Cala Vedella (port),2025-08-18 20:00:00,50.0,43.653122
Cala Vedella (port),2025-08-19 08:00:00,44.0,44.85508
Cala Vedella (port),2025-08-19 09:00:00,37.0,46.99327
Cala Vedella (port),2025-08-19 10:00:00,53.0,51.332123
Cala Vedella (port),2025-08-19 11:00:00,29.0,29.015314
Cala Vedella (port),2025-08-19 12:00:00,12.0,30.398947
Cala Vedella (port),2025-08-19 13:00:00,12.0,31.34402
Cala Vedella (port),2025-08-19 14:00:00,20.0,27.392836
Cala Vedella (port),2025-08-19 15:00:00,19.0,24.137049
Cala Vedella (port),2025-08-19 16:00:00,5.0,19.488646
Cala Vedella (port),2025-08-19 17:00:00,4.0,10.550104
Cala Vedella (port),2025-08-19 18:00:00,10.0,28.689268
Cala Vedella (port),2025-08-19 19:00:00,31.0,41.842228
Cala Vedella (port),2025-08-19 20:00:00,35.0,42.68275
Cala Vedella (port),2025-08-20 08:00:00,35.0,41.67096
Cala Vedella (port),2025-08-20 09:00:00,35.0,39.438168
Cala Vedella (port),2025-08-20 10:00:00,18.0,38.87677
Cala Vedella (port),2025-08-20 11:00:00,35.0,36.695366
Cala Vedella (port),2025-08-20 12:00:00,26.0,34.58522
Cala Vedella (port),2025-08-20 13:00:00,19.0,32.27435
Cala Vedella (port),2025-08-20 14:00:00,11.0,26.13254
Cala Vedella (port),2025-08-20 15:00:00,12.0,21.987236
Cala Vedella (port),2025-08-20 16:00:00,5.0,19.629707
Cala Vedella (port),2025-08-20 17:00:00,5.0,12.289505
Cala Vedella (port),2025-08-20 18:00:00,7.0,25.171755
Cala Vedella (port),2025-08-20 19:00:00,24.0,35.08969
Cala Vedella (port),2025-08-20 20:00:00,32.0,43.33789
Cala Vedella (port),2025-08-21 08:00:00,31.0,50.88451
Cala Vedella (port),2025-08-21 09:00:00,26.0,49.10777
Cala Vedella (port),2025-08-21 10:00:00,40.0,44.29665
Cala Vedella (port),2025-08-21 11:00:00,38.0,43.949368
Cala Vedella (port),2025-08-21 12:00:00,30.0,37.92613
Cala Vedella (port),2025-08-21 13:00:00,22.0,32.842762
Cala Vedella (port),2025-08-21 14:00:00,21.0,26.909945
Cala Vedella (port),2025-08-21 15:00:00,25.0,22.787582
Cala Vedella (port),2025-08-21 16:00:00,4.0,21.27085
Cala Vedella (port),2025-08-21 17:00:00,4.0,12.005325
Cala Vedella (port),2025-08-21 18:00:00,11.0,27.914135
Cala Vedella (port),2025-08-21 19:00:00,32.0,39.659176
Cala Vedella (port),2025-08-21 20:00:00,38.0,49.208546
Cala Vedella (port),2025-08-22 08:00:00,47.0,53.59177
Cala Vedella (port),2025-08-22 09:00:00,39.0,51.98587
Cala Vedella (port),2025-08-22 10:00:00,50.0,54.15165
Cala Vedella (port),2025-08-22 11:00:00,30.0,48.237343
Cala Vedella (port),2025-08-22 12:00:00,28.0,45.881336
Cala Vedella (port),2025-08-22 13:00:00,16.0,36.976665
Cala Vedella (port),2025-08-22 14:00:00,21.0,30.355928
Cala Vedella (port),2025-08-22 15:00:00,15.0,27.013992
Cala Vedella (port),2025-08-22 16:00:00,4.0,23.686642
Cala Vedella (port),2025-08-22 17:00:00,4.0,13.938949
Cala Vedella (port),2025-08-22 18:00:00,6.0,21.749195
Cala Vedella (port),2025-08-22 19:00:00,16.0,33.354126
Cala Vedella (port),2025-08-22 20:00:00,14.0,41.942097
Cala Vedella (port),2025-08-23 08:00:00,30.0,44.636295
Cala Vedella (port),2025-08-23 09:00:00,19.0,40.68188
Cala Vedella (port),2025-08-23 10:00:00,47.0,42.341347
Cala Vedella (port),2025-08-23 11:00:00,13.0,38.208218
Cala Vedella (port),2025-08-23 12:00:00,9.0,37.904606
Cala Vedella (port),2025-08-23 13:00:00,11.0,33.499905
Cala Vedella (port),2025-08-23 14:00:00,14.0,27.130058
Cala Vedella (port),2025-08-23 15:00:00,22.0,21.530237
Cala Vedella (port),2025-08-23 16:00:00,5.0,17.642715
Cala Vedella (port),2025-08-23 17:00:00,5.0,10.530609
Cala Vedella (port),2025-08-23 18:00:00,14.0,25.175167
Cala Vedella (port),2025-08-23 19:00:00,15.0,41.86482
Cala Vedella (port),2025-08-23 20:00:00,23.0,47.030552
Cala Vedella (port),2025-08-24 08:00:00,36.0,44.32562
Cala Vedella (port),2025-08-24 09:00:00,25.0,41.720592
Cala Vedella (port),2025-08-24 10:00:00,16.0,45.57979
Cala Vedella (port),2025-08-24 11:00:00,24.0,45.136555
Cala Vedella (port),2025-08-24 12:00:00,19.0,38.98957
Cala Vedella (port),2025-08-24 13:00:00,15.0,33.188305
Cala Vedella (port),2025-08-24 14:00:00,9.0,27.939173
Cala Vedella (port),2025-08-24 15:00:00,16.0,23.431137
Cala Vedella (port),2025-08-24 16:00:00,4.0,19.232664
Cala Vedella (port),2025-08-24 17:00:00,4.0,11.917455
Cala Vedella (port),2025-08-24 18:00:00,9.0,34.815365
Cala Vedella (port),2025-08-24 19:00:00,23.0,51.107334
Cala Vedella (port),2025-08-24 20:00:00,30.0,49.27884
Cala Vedella (port),2025-08-25 08:00:00,48.0,47.991653
Cala Vedella (port),2025-08-25 09:00:00,49.0,46.814766
Cala Vedella (port),2025-08-25 10:00:00,32.0,47.097065
Cala Vedella (port),2025-08-25 11:00:00,35.0,46.44541
Cala Vedella (port),2025-08-25 12:00:00,13.0,43.68072
Cala Vedella (port),2025-08-25 13:00:00,9.0,38.55286
Cala Vedella (port),2025-08-25 14:00:00,19.0,29.490744
Cala Vedella (port),2025-08-25 15:00:00,26.0,26.24278
Cala Vedella (port),2025-08-25 16:00:00,4.0,20.494398
Cala Vedella (port),2025-08-25 17:00:00,4.0,11.6719675
Cala Vedella (port),2025-08-25 18:00:00,10.0,37.53223
Cala Vedella (port),2025-08-25 19:00:00,27.0,53.680725
Cala Vedella (port),2025-08-25 20:00:00,29.0,53.223946
Cala Vedella (port),2025-08-26 08:00:00,49.0,49.617714
Cala Vedella (port),2025-08-26 09:00:00,39.0,47.885124
Cala Vedella (port),2025-08-26 10:00:00,33.0,44.427425
Cala Vedella (port),2025-08-26 11:00:00,32.0,46.45742
Cala Vedella (port),2025-08-26 12:00:00,15.0,46.299675
Cala Vedella (port),2025-08-26 13:00:00,12.0,40.744106
Cala Vedella (port),2025-08-26 14:00:00,12.0,31.06031
Cala Vedella (port),2025-08-26 15:00:00,13.0,26.464973
Cala Vedella (port),2025-08-26 16:00:00,5.0,20.865658
Cala Vedella (port),2025-08-26 17:00:00,5.0,12.718763
Cala Vedella (port),2025-08-26 18:00:00,10.0,32.865967
Cala Vedella (port),2025-08-26 19:00:00,30.0,54.851364
Cala Vedella (port),2025-08-26 20:00:00,34.0,44.11085
Cala Vedella (port),2025-08-27 08:00:00,34.0,43.235584
Cala Vedella (port),2025-08-27 09:00:00,46.0,44.74633
Cala Vedella (port),2025-08-27 10:00:00,50.0,38.033287
Cala Vedella (port),2025-08-27 11:00:00,35.0,38.923756
Cala Vedella (port),2025-08-27 12:00:00,28.0,31.747969
Cala Vedella (port),2025-08-27 13:00:00,18.0,27.146862
Cala Vedella (port),2025-08-27 14:00:00,12.0,24.206959
Cala Vedella (port),2025-08-27 15:00:00,17.0,22.418243
Cala Vedella (port),2025-08-27 16:00:00,4.0,17.611055
Cala Vedella (port),2025-08-27 17:00:00,5.0,9.784665
Cala Vedella (port),2025-08-27 18:00:00,12.0,28.30386
Cala Vedella (port),2025-08-27 19:00:00,18.0,43.210415
Cala Vedella (port),2025-08-27 20:00:00,46.0,35.593708
Cala Vedella (port),2025-08-28 08:00:00,41.0,43.983047
Cala Vedella (port),2025-08-28 09:00:00,42.0,48.947998
Cala Vedella (port),2025-08-28 10:00:00,35.0,44.47401
Cala Vedella (port),2025-08-28 11:00:00,36.0,42.783997
Cala Vedella (port),2025-08-28 12:00:00,19.0,37.96692
Cala Vedella (port),2025-08-28 13:00:00,9.0,28.25567
Cala Vedella (port),2025-08-28 14:00:00,10.0,25.244368
Cala Vedella (port),2025-08-28 15:00:00,13.0,21.215055
Cala Vedella (port),2025-08-28 16:00:00,5.0,14.169277
Cala Vedella (port),2025-08-28 17:00:00,4.0,10.809947
Cala Vedella (port),2025-08-28 18:00:00,9.0,27.294773
Cala Vedella (port),2025-08-28 19:00:00,8.0,38.620426
Cala Vedella (port),2025-08-28 20:00:00,32.0,46.347736
Cala Vedella (port),2025-08-29 08:00:00,60.0,51.426647
Cala Vedella (port),2025-08-29 09:00:00,30.0,33.623363
Cala Vedella (port),2025-08-29 10:00:00,25.0,34.36498
Cala Vedella (port),2025-08-29 11:00:00,19.0,42.01855
Cala Vedella (port),2025-08-29 12:00:00,33.0,33.212597
Cala Vedella (port),2025-08-29 13:00:00,23.0,26.85608
Cala Vedella (port),2025-08-29 14:00:00,8.0,22.316145
Cala Vedella (port),2025-08-29 15:00:00,6.0,20.851965
Cala Vedella (port),2025-08-29 16:00:00,4.0,10.182412
Cala Vedella (port),2025-08-29 17:00:00,4.0,10.154838
Cala Vedella (port),2025-08-29 18:00:00,9.0,18.82234
Cala Vedella (port),2025-08-29 19:00:00,4.0,22.254623
Cala Vedella (port),2025-08-29 20:00:00,14.0,29.641281
Cala Vedella (port),2025-08-30 08:00:00,16.0,38.102055
Cala Vedella (port),2025-08-30 09:00:00,34.0,39.267185
Cala Vedella (port),2025-08-30 10:00:00,34.0,34.380478
Cala Vedella (port),2025-08-30 11:00:00,30.0,25.21174
Cala Vedella (port),2025-08-30 12:00:00,20.0,21.864618
Cala Vedella (port),2025-08-30 13:00:00,16.0,20.179808
Cala Vedella (port),2025-08-30 14:00:00,13.0,19.395254
Cala Vedella (port),2025-08-30 15:00:00,7.0,18.155922
Cala Vedella (port),2025-08-30 16:00:00,4.0,9.910728
Cala Vedella (port),2025-08-30 17:00:00,4.0,10.382951
Cala Vedella (port),2025-08-30 18:00:00,5.0,21.412207
Cala Vedella (port),2025-08-30 19:00:00,12.0,22.91829
Cala Vedella (port),2025-08-30 20:00:00,12.0,11.851661
Can Pastilla,2025-06-01 08:00:00,25.0,50.62807
Can Pastilla,2025-06-01 09:00:00,24.0,56.868793
Can Pastilla,2025-06-01 10:00:00,32.0,47.313465
Can Pastilla,2025-06-01 11:00:00,28.0,47.72973
Can Pastilla,2025-06-01 12:00:00,92.0,39.026054
Can Pastilla,2025-06-01 13:00:00,87.0,35.60608
Can Pastilla,2025-06-01 14:00:00,60.0,27.006098
Can Pastilla,2025-06-01 15:00:00,99.0,27.511715
Can Pastilla,2025-06-01 16:00:00,5.0,-1.2556272
Can Pastilla,2025-06-01 17:00:00,28.0,45.951046
Can Pastilla,2025-06-01 18:00:00,104.0,63.000412
Can Pastilla,2025-06-01 19:00:00,37.0,42.820244
Can Pastilla,2025-06-01 20:00:00,18.0,57.09284
Can Pastilla,2025-06-02 08:00:00,15.0,54.3263
Can Pastilla,2025-06-02 09:00:00,19.0,52.1818
Can Pastilla,2025-06-02 10:00:00,14.0,56.44203
Can Pastilla,2025-06-02 11:00:00,23.0,47.86528
Can Pastilla,2025-06-02 12:00:00,123.0,40.36234
Can Pastilla,2025-06-02 13:00:00,17.0,29.220015
Can Pastilla,2025-06-02 14:00:00,12.0,30.67061
Can Pastilla,2025-06-02 15:00:00,17.0,21.457302
Can Pastilla,2025-06-02 16:00:00,5.0,8.203663
Can Pastilla,2025-06-02 17:00:00,248.0,36.234673
Can Pastilla,2025-06-02 18:00:00,261.0,39.603516
Can Pastilla,2025-06-02 19:00:00,32.0,45.80901
Can Pastilla,2025-06-02 20:00:00,15.0,51.617413
Can Pastilla,2025-06-03 08:00:00,22.0,51.154533
Can Pastilla,2025-06-03 09:00:00,27.0,53.49446
Can Pastilla,2025-06-03 10:00:00,18.0,47.379196
Can Pastilla,2025-06-03 11:00:00,17.0,44.42466
Can Pastilla,2025-06-03 12:00:00,114.0,33.807354
Can Pastilla,2025-06-03 13:00:00,74.0,27.25359
Can Pastilla,2025-06-03 14:00:00,61.0,20.325895
Can Pastilla,2025-06-03 15:00:00,18.0,15.859881
Can Pastilla,2025-06-03 16:00:00,5.0,6.2966356
Can Pastilla,2025-06-03 17:00:00,20.0,28.076862
Can Pastilla,2025-06-03 18:00:00,48.0,50.05839
Can Pastilla,2025-06-03 19:00:00,39.0,37.348362
Can Pastilla,2025-06-03 20:00:00,23.0,39.143875
Can Pastilla,2025-06-04 08:00:00,21.0,27.984081
Can Pastilla,2025-06-04 09:00:00,29.0,40.288624
Can Pastilla,2025-06-04 10:00:00,16.0,38.142033
Can Pastilla,2025-06-04 11:00:00,23.0,35.568737
Can Pastilla,2025-06-04 12:00:00,153.0,26.23458
Can Pastilla,2025-06-04 13:00:00,131.0,21.279627
Can Pastilla,2025-06-04 14:00:00,71.0,18.917948
Can Pastilla,2025-06-04 15:00:00,120.0,15.644246
Can Pastilla,2025-06-04 16:00:00,11.0,1.3851787
Can Pastilla,2025-06-04 17:00:00,226.0,25.829628
Can Pastilla,2025-06-04 18:00:00,217.0,36.576458
Can Pastilla,2025-06-04 19:00:00,38.0,37.5473
Can Pastilla,2025-06-04 20:00:00,27.0,35.104183
Can Pastilla,2025-06-05 08:00:00,34.0,47.670425
Can Pastilla,2025-06-05 09:00:00,45.0,51.46411
Can Pastilla,2025-06-05 10:00:00,17.0,32.062153
Can Pastilla,2025-06-05 11:00:00,23.0,29.699402
Can Pastilla,2025-06-05 12:00:00,5.0,29.672413
Can Pastilla,2025-06-05 13:00:00,6.0,13.646326
Can Pastilla,2025-06-05 14:00:00,262.0,26.22455
Can Pastilla,2025-06-05 15:00:00,8.0,41.636467
Can Pastilla,2025-06-05 16:00:00,25.0,39.37693
Can Pastilla,2025-06-05 17:00:00,37.0,37.281754
Can Pastilla,2025-06-05 18:00:00,23.0,28.42391
Can Pastilla,2025-06-05 19:00:00,18.0,30.802792
Can Pastilla,2025-06-05 20:00:00,22.0,40.981575
Can Pastilla,2025-06-06 08:00:00,35.0,38.481594
Can Pastilla,2025-06-06 09:00:00,161.0,30.567842
Can Pastilla,2025-06-06 10:00:00,96.0,22.314304
Can Pastilla,2025-06-06 11:00:00,97.0,16.638813
Can Pastilla,2025-06-06 12:00:00,16.0,16.183746
Can Pastilla,2025-06-06 13:00:00,5.0,13.17793
Can Pastilla,2025-06-06 14:00:00,18.0,20.656914
Can Pastilla,2025-06-06 15:00:00,23.0,36.161674
Can Pastilla,2025-06-06 16:00:00,20.0,34.824867
Can Pastilla,2025-06-06 17:00:00,25.0,40.168636
Can Pastilla,2025-06-06 18:00:00,24.0,26.003407
Can Pastilla,2025-06-06 19:00:00,25.0,40.45066
Can Pastilla,2025-06-06 20:00:00,23.0,44.186314
Can Pastilla,2025-06-07 08:00:00,21.0,43.800518
Can Pastilla,2025-06-07 09:00:00,45.0,32.913315
Can Pastilla,2025-06-07 10:00:00,72.0,29.071095
Can Pastilla,2025-06-07 11:00:00,221.0,39.154705
Can Pastilla,2025-06-07 12:00:00,10.0,36.456398
Can Pastilla,2025-06-07 13:00:00,12.0,43.04942
Can Pastilla,2025-06-07 14:00:00,176.0,70.13991
Can Pastilla,2025-06-07 15:00:00,157.0,95.37011
Can Pastilla,2025-06-07 16:00:00,41.0,56.637825
Can Pastilla,2025-06-07 17:00:00,37.0,53.482708
Can Pastilla,2025-06-07 18:00:00,25.0,47.853024
Can Pastilla,2025-06-07 19:00:00,19.0,49.630997
Can Pastilla,2025-06-07 20:00:00,35.0,52.591793
Can Pastilla,2025-06-08 09:00:00,21.0,52.09978
Can Pastilla,2025-06-08 10:00:00,162.0,30.130812
Can Pastilla,2025-06-08 11:00:00,104.0,26.669556
Can Pastilla,2025-06-08 12:00:00,85.0,24.103392
Can Pastilla,2025-06-08 13:00:00,5.0,19.57239
Can Pastilla,2025-06-08 14:00:00,343.0,41.12819
Can Pastilla,2025-06-08 15:00:00,420.0,55.1047
Can Pastilla,2025-06-08 16:00:00,27.0,52.41272
Can Pastilla,2025-06-08 17:00:00,30.0,50.007572
Can Pastilla,2025-06-08 18:00:00,17.0,51.61461
Can Pastilla,2025-06-08 19:00:00,34.0,60.181168
Can Pastilla,2025-06-08 20:00:00,17.0,55.46368
Can Pastilla,2025-06-09 08:00:00,25.0,49.487602
Can Pastilla,2025-06-09 09:00:00,19.0,50.12663
Can Pastilla,2025-06-09 10:00:00,118.0,38.35975
Can Pastilla,2025-06-09 11:00:00,114.0,30.59855
Can Pastilla,2025-06-09 12:00:00,33.0,27.256159
Can Pastilla,2025-06-09 13:00:00,10.0,20.769588
Can Pastilla,2025-06-09 14:00:00,11.0,47.92063
Can Pastilla,2025-06-09 15:00:00,30.0,56.59757
Can Pastilla,2025-06-09 16:00:00,188.0,54.85581
Can Pastilla,2025-06-09 17:00:00,40.0,62.444424
Can Pastilla,2025-06-09 18:00:00,33.0,36.76517
Can Pastilla,2025-06-09 19:00:00,33.0,53.309456
Can Pastilla,2025-06-09 20:00:00,46.0,59.148083
Can Pastilla,2025-06-10 08:00:00,50.0,62.843372
Can Pastilla,2025-06-10 09:00:00,168.0,41.135365
Can Pastilla,2025-06-10 10:00:00,173.0,34.97
Can Pastilla,2025-06-10 11:00:00,132.0,26.538084
Can Pastilla,2025-06-10 12:00:00,66.0,24.222801
Can Pastilla,2025-06-10 13:00:00,9.0,16.841625
Can Pastilla,2025-06-10 14:00:00,19.0,37.525658
Can Pastilla,2025-06-10 15:00:00,25.0,54.034977
Can Pastilla,2025-06-10 16:00:00,190.0,55.35701
Can Pastilla,2025-06-10 17:00:00,32.0,47.690395
Can Pastilla,2025-06-10 18:00:00,30.0,40.667
Can Pastilla,2025-06-10 19:00:00,40.0,54.60823
Can Pastilla,2025-06-10 20:00:00,39.0,64.48803
Can Pastilla,2025-06-11 08:00:00,33.0,62.305553
Can Pastilla,2025-06-11 09:00:00,125.0,52.699226
Can Pastilla,2025-06-11 10:00:00,52.0,55.715527
Can Pastilla,2025-06-11 11:00:00,130.0,34.72242
Can Pastilla,2025-06-11 12:00:00,19.0,32.75492
Can Pastilla,2025-06-11 13:00:00,42.0,29.133059
Can Pastilla,2025-06-11 14:00:00,211.0,53.384678
Can Pastilla,2025-06-11 15:00:00,43.0,81.139
Can Pastilla,2025-06-11 16:00:00,18.0,69.43033
Can Pastilla,2025-06-11 17:00:00,50.0,69.16952
Can Pastilla,2025-06-11 18:00:00,30.0,78.61315
Can Pastilla,2025-06-11 19:00:00,26.0,81.29803
Can Pastilla,2025-06-11 20:00:00,32.0,73.32564
Can Pastilla,2025-06-12 08:00:00,29.0,69.17573
Can Pastilla,2025-06-12 09:00:00,270.0,87.22279
Can Pastilla,2025-06-12 10:00:00,23.0,60.662754
Can Pastilla,2025-06-12 11:00:00,14.0,53.489674
Can Pastilla,2025-06-12 12:00:00,10.0,23.557419
Can Pastilla,2025-06-12 13:00:00,134.0,56.336273
Can Pastilla,2025-06-12 14:00:00,268.0,63.6275
Can Pastilla,2025-06-12 15:00:00,300.0,69.80019
Can Pastilla,2025-06-12 16:00:00,50.0,70.338104
Can Pastilla,2025-06-12 17:00:00,28.0,55.9003
Can Pastilla,2025-06-12 18:00:00,34.0,72.457825
Can Pastilla,2025-06-12 19:00:00,41.0,90.540794
Can Pastilla,2025-06-12 20:00:00,43.0,86.458595
Can Pastilla,2025-06-13 08:00:00,13.0,62.942703
Can Pastilla,2025-06-13 09:00:00,18.0,48.04692
Can Pastilla,2025-06-13 10:00:00,20.0,45.945175
Can Pastilla,2025-06-13 11:00:00,45.0,42.76589
Can Pastilla,2025-06-13 12:00:00,9.0,27.139894
Can Pastilla,2025-06-13 13:00:00,155.0,51.44442
Can Pastilla,2025-06-13 14:00:00,279.0,66.84742
Can Pastilla,2025-06-13 15:00:00,354.0,63.95948
Can Pastilla,2025-06-13 16:00:00,38.0,61.380947
Can Pastilla,2025-06-13 17:00:00,39.0,70.33551
Can Pastilla,2025-06-13 18:00:00,28.0,70.246895
Can Pastilla,2025-06-13 19:00:00,38.0,77.5866
Can Pastilla,2025-06-13 20:00:00,35.0,80.07349
Can Pastilla,2025-06-14 08:00:00,202.0,73.08341
Can Pastilla,2025-06-14 09:00:00,31.0,81.7052
Can Pastilla,2025-06-14 10:00:00,29.0,77.15377
Can Pastilla,2025-06-14 11:00:00,15.0,57.462517
Can Pastilla,2025-06-14 12:00:00,30.0,30.836712
Can Pastilla,2025-06-15 16:00:00,65.0,67.11427
Can Pastilla,2025-06-15 17:00:00,199.0,96.25124
Can Pastilla,2025-06-15 18:00:00,307.0,98.34182
Can Pastilla,2025-06-15 19:00:00,70.0,92.17599
Can Pastilla,2025-06-15 20:00:00,51.0,93.73834
Can Pastilla,2025-06-16 08:00:00,66.0,102.08143
Can Pastilla,2025-06-16 09:00:00,62.0,134.13548
Can Pastilla,2025-06-16 10:00:00,42.0,95.14028
Can Pastilla,2025-06-16 11:00:00,13.0,70.747284
Can Pastilla,2025-06-16 12:00:00,22.0,57.862217
Can Pastilla,2025-06-16 13:00:00,33.0,49.69438
Can Pastilla,2025-06-16 14:00:00,15.0,45.120644
Can Pastilla,2025-06-16 15:00:00,29.0,32.079117
Can Pastilla,2025-06-16 16:00:00,50.0,63.52769
Can Pastilla,2025-06-16 17:00:00,8.0,64.43738
Can Pastilla,2025-06-16 18:00:00,47.0,60.04215
Can Pastilla,2025-06-16 19:00:00,50.0,65.00556
Can Pastilla,2025-06-16 20:00:00,31.0,85.32431
Can Pastilla,2025-06-17 08:00:00,31.0,88.298164
Can Pastilla,2025-06-17 09:00:00,55.0,81.6055
Can Pastilla,2025-06-17 10:00:00,42.0,69.39667
Can Pastilla,2025-06-17 11:00:00,125.0,64.598564
Can Pastilla,2025-06-17 12:00:00,107.0,58.82714
Can Pastilla,2025-06-17 13:00:00,112.0,50.176445
Can Pastilla,2025-06-17 14:00:00,17.0,45.39419
Can Pastilla,2025-06-17 15:00:00,11.0,28.919962
Can Pastilla,2025-06-17 16:00:00,26.0,73.40477
Can Pastilla,2025-06-17 17:00:00,42.0,89.99265
Can Pastilla,2025-06-17 18:00:00,35.0,97.873924
Can Pastilla,2025-06-17 19:00:00,45.0,116.80327
Can Pastilla,2025-06-17 20:00:00,29.0,82.66351
Can Pastilla,2025-06-18 08:00:00,26.0,84.88986
Can Pastilla,2025-06-18 09:00:00,44.0,91.300804
Can Pastilla,2025-06-18 10:00:00,60.0,88.24995
Can Pastilla,2025-06-18 11:00:00,192.0,76.0367
Can Pastilla,2025-06-18 12:00:00,41.0,58.846222
Can Pastilla,2025-06-18 13:00:00,79.0,51.19705
Can Pastilla,2025-06-18 14:00:00,22.0,46.607845
Can Pastilla,2025-06-18 15:00:00,11.0,20.670536
Can Pastilla,2025-06-18 17:00:00,25.0,58.557953
Can Pastilla,2025-06-18 18:00:00,39.0,64.314606
Can Pastilla,2025-06-18 19:00:00,13.0,72.03049
Can Pastilla,2025-06-18 20:00:00,52.0,80.024345
Can Pastilla,2025-06-19 08:00:00,34.0,98.18896
Can Pastilla,2025-06-19 09:00:00,48.0,128.58725
Can Pastilla,2025-06-19 10:00:00,54.0,130.35397
Can Pastilla,2025-06-19 11:00:00,53.0,101.44858
Can Pastilla,2025-06-19 12:00:00,223.0,109.81805
Can Pastilla,2025-06-19 13:00:00,42.0,89.69164
Can Pastilla,2025-06-19 14:00:00,34.0,76.393005
Can Pastilla,2025-06-19 15:00:00,20.0,54.46663
Can Pastilla,2025-06-19 16:00:00,10.0,27.436335
Can Pastilla,2025-06-19 17:00:00,211.0,72.938484
Can Pastilla,2025-06-19 18:00:00,317.0,89.994286
Can Pastilla,2025-06-19 19:00:00,407.0,101.48463
Can Pastilla,2025-06-19 20:00:00,80.0,116.99629
Can Pastilla,2025-06-20 08:00:00,78.0,111.04449
Can Pastilla,2025-06-20 09:00:00,42.0,148.04321
Can Pastilla,2025-06-20 10:00:00,49.0,137.49294
Can Pastilla,2025-06-20 11:00:00,50.0,153.43524
Can Pastilla,2025-06-20 12:00:00,72.0,113.09844
Can Pastilla,2025-06-20 13:00:00,188.0,91.57501
Can Pastilla,2025-06-20 14:00:00,130.0,68.06553
Can Pastilla,2025-06-20 15:00:00,35.0,61.894196
Can Pastilla,2025-06-20 16:00:00,40.0,39.05395
Can Pastilla,2025-06-20 17:00:00,47.0,61.80908
Can Pastilla,2025-06-20 18:00:00,45.0,71.928215
Can Pastilla,2025-06-20 19:00:00,48.0,83.66501
Can Pastilla,2025-06-20 20:00:00,68.0,106.939674
Can Pastilla,2025-06-21 08:00:00,37.0,111.34798
Can Pastilla,2025-06-21 09:00:00,42.0,107.26526
Can Pastilla,2025-06-21 10:00:00,57.0,102.19883
Can Pastilla,2025-06-21 11:00:00,33.0,112.66714
Can Pastilla,2025-06-21 12:00:00,208.0,92.15817
Can Pastilla,2025-06-21 13:00:00,140.0,80.889565
Can Pastilla,2025-06-21 14:00:00,93.0,69.876274
Can Pastilla,2025-06-21 15:00:00,123.0,58.97704
Can Pastilla,2025-06-21 16:00:00,37.0,29.6367
Can Pastilla,2025-06-21 17:00:00,58.0,45.24288
Can Pastilla,2025-06-21 18:00:00,33.0,91.87904
Can Pastilla,2025-06-21 19:00:00,50.0,63.923275
Can Pastilla,2025-06-21 20:00:00,103.0,66.708824
Can Pastilla,2025-06-22 08:00:00,53.0,66.904686
Can Pastilla,2025-06-22 09:00:00,52.0,141.03763
Can Pastilla,2025-06-22 10:00:00,41.0,93.61553
Can Pastilla,2025-06-22 11:00:00,54.0,83.74028
Can Pastilla,2025-06-22 12:00:00,211.0,76.49837
Can Pastilla,2025-06-22 13:00:00,24.0,65.596596
Can Pastilla,2025-06-22 14:00:00,46.0,52.95018
Can Pastilla,2025-06-22 15:00:00,27.0,46.817585
Can Pastilla,2025-06-22 16:00:00,30.0,18.270893
Can Pastilla,2025-06-22 18:00:00,108.0,62.683414
Can Pastilla,2025-06-22 19:00:00,231.0,79.81602
Can Pastilla,2025-06-22 20:00:00,272.0,95.20687
Can Pastilla,2025-06-23 08:00:00,67.0,96.20577
Can Pastilla,2025-06-23 09:00:00,53.0,87.05538
Can Pastilla,2025-06-23 10:00:00,43.0,125.262405
Can Pastilla,2025-06-23 11:00:00,60.0,99.06295
Can Pastilla,2025-06-23 12:00:00,53.0,94.400894
Can Pastilla,2025-06-23 13:00:00,248.0,82.74365
Can Pastilla,2025-06-23 14:00:00,98.0,79.77861
Can Pastilla,2025-06-23 15:00:00,57.0,67.316216
Can Pastilla,2025-06-23 16:00:00,32.0,49.579178
Can Pastilla,2025-06-23 17:00:00,36.0,18.170984
Can Pastilla,2025-06-23 18:00:00,31.0,38.15502
Can Pastilla,2025-06-23 19:00:00,29.0,72.74249
Can Pastilla,2025-06-23 20:00:00,36.0,78.02089
Can Pastilla,2025-06-24 08:00:00,51.0,82.06987
Can Pastilla,2025-06-24 09:00:00,64.0,73.16702
Can Pastilla,2025-06-24 10:00:00,40.0,109.451706
Can Pastilla,2025-06-24 11:00:00,60.0,116.99589
Can Pastilla,2025-06-24 12:00:00,37.0,88.195816
Can Pastilla,2025-06-24 13:00:00,29.0,84.099594
Can Pastilla,2025-06-24 14:00:00,134.0,88.431786
Can Pastilla,2025-06-24 15:00:00,122.0,76.798325
Can Pastilla,2025-06-24 16:00:00,24.0,68.54958
Can Pastilla,2025-06-24 17:00:00,10.0,53.559975
Can Pastilla,2025-06-24 18:00:00,70.0,50.85584
Can Pastilla,2025-06-24 19:00:00,34.0,91.77186
Can Pastilla,2025-06-24 20:00:00,46.0,112.15325
Can Pastilla,2025-06-25 08:00:00,99.0,99.88653
Can Pastilla,2025-06-25 09:00:00,70.0,84.53416
Can Pastilla,2025-06-25 10:00:00,37.0,154.04852
Can Pastilla,2025-06-25 11:00:00,38.0,132.402
Can Pastilla,2025-06-25 12:00:00,53.0,114.05692
Can Pastilla,2025-06-25 13:00:00,23.0,100.81409
Can Pastilla,2025-06-25 14:00:00,27.0,86.9705
Can Pastilla,2025-06-25 15:00:00,57.0,79.80942
Can Pastilla,2025-06-25 16:00:00,16.0,71.8731
Can Pastilla,2025-06-25 17:00:00,6.0,44.184093
Can Pastilla,2025-06-25 18:00:00,66.0,40.871346
Can Pastilla,2025-06-25 19:00:00,132.0,74.21506
Can Pastilla,2025-06-25 20:00:00,41.0,87.32877
Can Pastilla,2025-06-26 08:00:00,52.0,83.94346
Can Pastilla,2025-06-26 09:00:00,57.0,84.768196
Can Pastilla,2025-06-26 10:00:00,56.0,119.48111
Can Pastilla,2025-06-26 11:00:00,56.0,119.26596
Can Pastilla,2025-06-26 12:00:00,42.0,111.64179
Can Pastilla,2025-06-26 13:00:00,30.0,75.837494
Can Pastilla,2025-06-26 14:00:00,13.0,94.50551
Can Pastilla,2025-06-26 15:00:00,153.0,59.15112
Can Pastilla,2025-06-26 16:00:00,109.0,47.778248
Can Pastilla,2025-06-26 17:00:00,5.0,38.993378
Can Pastilla,2025-06-26 18:00:00,115.0,64.685875
Can Pastilla,2025-06-26 19:00:00,184.0,72.09542
Can Pastilla,2025-06-26 20:00:00,340.0,98.21746
Can Pastilla,2025-06-27 08:00:00,72.0,85.51608
Can Pastilla,2025-06-27 09:00:00,58.0,72.015495
Can Pastilla,2025-06-27 10:00:00,42.0,72.83359
Can Pastilla,2025-06-27 11:00:00,47.0,79.07454
Can Pastilla,2025-06-27 12:00:00,58.0,72.10804
Can Pastilla,2025-06-27 13:00:00,61.0,65.87352
Can Pastilla,2025-06-27 14:00:00,144.0,55.671425
Can Pastilla,2025-06-27 15:00:00,115.0,48.275402
Can Pastilla,2025-06-27 16:00:00,169.0,42.24427
Can Pastilla,2025-06-27 17:00:00,5.0,24.39584
Can Pastilla,2025-06-27 18:00:00,56.0,49.41616
Can Pastilla,2025-06-27 19:00:00,112.0,57.56329
Can Pastilla,2025-06-27 20:00:00,70.0,56.21907
Can Pastilla,2025-06-28 08:00:00,34.0,63.642307
Can Pastilla,2025-06-28 09:00:00,50.0,54.36735
Can Pastilla,2025-06-28 10:00:00,46.0,50.265392
Can Pastilla,2025-06-28 11:00:00,47.0,58.662518
Can Pastilla,2025-06-28 12:00:00,53.0,51.64539
Can Pastilla,2025-06-28 13:00:00,24.0,47.845608
Can Pastilla,2025-06-28 14:00:00,24.0,45.67997
Can Pastilla,2025-06-28 15:00:00,9.0,41.95801
Can Pastilla,2025-06-28 16:00:00,91.0,37.336464
Can Pastilla,2025-06-28 17:00:00,4.0,31.574562
Can Pastilla,2025-06-28 18:00:00,123.0,30.388075
Can Pastilla,2025-06-28 19:00:00,108.0,32.631203
Can Pastilla,2025-06-28 20:00:00,53.0,60.48424
Can Pastilla,2025-06-29 08:00:00,78.0,68.88771
Can Pastilla,2025-06-29 09:00:00,48.0,117.64403
Can Pastilla,2025-06-29 10:00:00,57.0,133.0103
Can Pastilla,2025-06-29 11:00:00,46.0,152.00052
Can Pastilla,2025-06-29 12:00:00,27.0,137.4217
Can Pastilla,2025-06-29 13:00:00,113.0,124.61987
Can Pastilla,2025-06-29 14:00:00,33.0,96.69289
Can Pastilla,2025-06-29 15:00:00,19.0,74.49111
Can Pastilla,2025-06-29 16:00:00,106.0,67.762596
Can Pastilla,2025-06-29 17:00:00,6.0,37.499863
Can Pastilla,2025-06-29 18:00:00,31.0,83.506905
Can Pastilla,2025-06-29 19:00:00,28.0,119.41106
Can Pastilla,2025-06-29 20:00:00,21.0,140.75856
Can Pastilla,2025-06-30 08:00:00,12.0,131.2253
Can Pastilla,2025-06-30 09:00:00,25.0,98.52756
Can Pastilla,2025-06-30 10:00:00,28.0,104.093185
Can Pastilla,2025-06-30 11:00:00,36.0,107.986824
Can Pastilla,2025-06-30 12:00:00,27.0,104.74659
Can Pastilla,2025-06-30 13:00:00,260.0,93.29388
Can Pastilla,2025-06-30 14:00:00,177.0,78.43235
Can Pastilla,2025-06-30 15:00:00,133.0,66.054634
Can Pastilla,2025-06-30 16:00:00,9.0,52.56684
Can Pastilla,2025-06-30 17:00:00,7.0,9.3672495
Can Pastilla,2025-06-30 18:00:00,41.0,63.69325
Can Pastilla,2025-06-30 19:00:00,70.0,79.76251
Can Pastilla,2025-06-30 20:00:00,47.0,80.66348
Can Pastilla,2025-07-01 08:00:00,55.0,102.3234
Can Pastilla,2025-07-01 09:00:00,50.0,97.50502
Can Pastilla,2025-07-01 10:00:00,59.0,113.99336
Can Pastilla,2025-07-01 11:00:00,47.0,115.27889
Can Pastilla,2025-07-01 12:00:00,47.0,126.30114
Can Pastilla,2025-07-01 13:00:00,181.0,110.76019
Can Pastilla,2025-07-01 14:00:00,161.0,92.10501
Can Pastilla,2025-07-01 15:00:00,331.0,80.0718
Can Pastilla,2025-07-01 16:00:00,56.0,66.63184
Can Pastilla,2025-07-01 17:00:00,7.0,21.817444
Can Pastilla,2025-07-01 18:00:00,10.0,53.030735
Can Pastilla,2025-07-01 19:00:00,23.0,63.97802
Can Pastilla,2025-07-01 20:00:00,19.0,78.839424
Can Pastilla,2025-07-02 08:00:00,16.0,90.6682
Can Pastilla,2025-07-02 09:00:00,41.0,87.465935
Can Pastilla,2025-07-02 10:00:00,42.0,133.99677
Can Pastilla,2025-07-02 11:00:00,36.0,123.068665
Can Pastilla,2025-07-02 12:00:00,13.0,101.313866
Can Pastilla,2025-07-02 13:00:00,46.0,90.771805
Can Pastilla,2025-07-02 14:00:00,44.0,81.67091
Can Pastilla,2025-07-02 15:00:00,113.0,64.08775
Can Pastilla,2025-07-02 16:00:00,27.0,56.815594
Can Pastilla,2025-07-02 17:00:00,7.0,20.748976
Can Pastilla,2025-07-02 18:00:00,66.0,51.222908
Can Pastilla,2025-07-02 19:00:00,32.0,73.652756
Can Pastilla,2025-07-02 20:00:00,61.0,109.66583
Can Pastilla,2025-07-03 08:00:00,43.0,112.1214
Can Pastilla,2025-07-03 09:00:00,24.0,116.606544
Can Pastilla,2025-07-03 10:00:00,33.0,124.31825
Can Pastilla,2025-07-03 11:00:00,42.0,112.949486
Can Pastilla,2025-07-03 12:00:00,37.0,115.58087
Can Pastilla,2025-07-03 13:00:00,131.0,110.88224
Can Pastilla,2025-07-03 14:00:00,157.0,82.79524
Can Pastilla,2025-07-03 15:00:00,183.0,63.417557
Can Pastilla,2025-07-03 16:00:00,32.0,47.081524
Can Pastilla,2025-07-03 17:00:00,5.0,18.891579
Can Pastilla,2025-07-03 18:00:00,6.0,114.519775
Can Pastilla,2025-07-03 19:00:00,134.0,106.353874
Can Pastilla,2025-07-03 20:00:00,139.0,75.14029
Can Pastilla,2025-07-04 08:00:00,20.0,58.436188
Can Pastilla,2025-07-04 09:00:00,113.0,45.92153
Can Pastilla,2025-07-04 10:00:00,4.0,16.153713
Can Pastilla,2025-07-04 11:00:00,70.0,60.473633
Can Pastilla,2025-07-04 12:00:00,87.0,64.441895
Can Pastilla,2025-07-04 13:00:00,53.0,81.10345
Can Pastilla,2025-07-04 14:00:00,58.0,92.619095
Can Pastilla,2025-07-04 15:00:00,57.0,92.521164
Can Pastilla,2025-07-04 16:00:00,40.0,100.98715
Can Pastilla,2025-07-04 17:00:00,53.0,102.77835
Can Pastilla,2025-07-04 18:00:00,46.0,86.71169
Can Pastilla,2025-07-04 19:00:00,69.0,71.315475
Can Pastilla,2025-07-04 20:00:00,47.0,38.167328
Can Pastilla,2025-07-05 08:00:00,16.0,37.841457
Can Pastilla,2025-07-05 09:00:00,33.0,9.923077
Can Pastilla,2025-07-05 10:00:00,154.0,33.90227
Can Pastilla,2025-07-05 11:00:00,332.0,57.590168
Can Pastilla,2025-07-05 12:00:00,77.0,59.094284
Can Pastilla,2025-07-05 13:00:00,88.0,59.005375
Can Pastilla,2025-07-05 14:00:00,52.0,56.35337
Can Pastilla,2025-07-05 15:00:00,53.0,54.143574
Can Pastilla,2025-07-05 16:00:00,35.0,58.4198
Can Pastilla,2025-07-05 17:00:00,63.0,55.402905
Can Pastilla,2025-07-05 18:00:00,251.0,53.65927
Can Pastilla,2025-07-05 19:00:00,45.0,58.763664
Can Pastilla,2025-07-05 20:00:00,26.0,51.054253
Can Pastilla,2025-07-06 08:00:00,36.0,37.977783
Can Pastilla,2025-07-06 09:00:00,4.0,11.162215
Can Pastilla,2025-07-06 10:00:00,200.0,23.678667
Can Pastilla,2025-07-06 11:00:00,324.0,74.87346
Can Pastilla,2025-07-06 12:00:00,79.0,79.32563
Can Pastilla,2025-07-06 13:00:00,52.0,87.66931
Can Pastilla,2025-07-06 14:00:00,32.0,87.819786
Can Pastilla,2025-07-06 15:00:00,20.0,89.039696
Can Pastilla,2025-07-06 16:00:00,43.0,92.09352
Can Pastilla,2025-07-06 17:00:00,42.0,105.05274
Can Pastilla,2025-07-06 18:00:00,85.0,102.08705
Can Pastilla,2025-07-06 19:00:00,68.0,90.186554
Can Pastilla,2025-07-06 20:00:00,18.0,110.86685
Can Pastilla,2025-07-07 08:00:00,107.0,65.39317
Can Pastilla,2025-07-07 09:00:00,5.0,16.135944
Can Pastilla,2025-07-07 10:00:00,75.0,19.750015
Can Pastilla,2025-07-07 11:00:00,106.0,73.014824
Can Pastilla,2025-07-07 12:00:00,73.0,89.88558
Can Pastilla,2025-07-07 13:00:00,57.0,89.21527
Can Pastilla,2025-07-07 14:00:00,48.0,87.72498
Can Pastilla,2025-07-07 15:00:00,52.0,99.29278
Can Pastilla,2025-07-07 16:00:00,49.0,97.10415
Can Pastilla,2025-07-07 17:00:00,27.0,89.37249
Can Pastilla,2025-07-07 18:00:00,114.0,88.45761
Can Pastilla,2025-07-07 19:00:00,156.0,92.06284
Can Pastilla,2025-07-07 20:00:00,129.0,61.48414
Can Pastilla,2025-07-08 08:00:00,46.0,46.55897
Can Pastilla,2025-07-08 09:00:00,6.0,29.994331
Can Pastilla,2025-07-09 10:00:00,132.0,59.207207
Can Pastilla,2025-07-09 11:00:00,37.0,96.01292
Can Pastilla,2025-07-09 12:00:00,51.0,102.69593
Can Pastilla,2025-07-09 13:00:00,61.0,110.14212
Can Pastilla,2025-07-09 14:00:00,46.0,114.90493
Can Pastilla,2025-07-09 15:00:00,56.0,118.416214
Can Pastilla,2025-07-09 16:00:00,43.0,108.2837
Can Pastilla,2025-07-09 17:00:00,35.0,120.72403
Can Pastilla,2025-07-09 18:00:00,31.0,101.77458
Can Pastilla,2025-07-09 19:00:00,48.0,77.783554
Can Pastilla,2025-07-09 20:00:00,19.0,65.90668
Can Pastilla,2025-07-10 08:00:00,28.0,42.53804
Can Pastilla,2025-07-10 09:00:00,7.0,13.838804
Can Pastilla,2025-07-10 10:00:00,112.0,43.93306
Can Pastilla,2025-07-10 11:00:00,115.0,54.803883
Can Pastilla,2025-07-10 12:00:00,76.0,72.16974
Can Pastilla,2025-07-10 13:00:00,66.0,64.981834
Can Pastilla,2025-07-10 14:00:00,33.0,70.31307
Can Pastilla,2025-07-10 15:00:00,45.0,64.22957
Can Pastilla,2025-07-10 16:00:00,67.0,56.287605
Can Pastilla,2025-07-10 17:00:00,47.0,81.30381
Can Pastilla,2025-07-10 18:00:00,22.0,59.110733
Can Pastilla,2025-07-10 19:00:00,11.0,77.657394
Can Pastilla,2025-07-10 20:00:00,12.0,44.48416
Can Pastilla,2025-07-11 08:00:00,126.0,41.334038
Can Pastilla,2025-07-11 09:00:00,7.0,9.237872
Can Pastilla,2025-07-11 10:00:00,20.0,37.472332
Can Pastilla,2025-07-11 11:00:00,44.0,62.433968
Can Pastilla,2025-07-11 12:00:00,62.0,70.24424
Can Pastilla,2025-07-11 13:00:00,71.0,75.53498
Can Pastilla,2025-07-11 14:00:00,66.0,66.437355
Can Pastilla,2025-07-11 15:00:00,45.0,81.82669
Can Pastilla,2025-07-11 16:00:00,62.0,72.96151
Can Pastilla,2025-07-11 17:00:00,53.0,93.75616
Can Pastilla,2025-07-11 18:00:00,67.0,92.83573
Can Pastilla,2025-07-11 19:00:00,20.0,94.35762
Can Pastilla,2025-07-11 20:00:00,83.0,52.991417
Can Pastilla,2025-07-12 08:00:00,25.0,54.010815
Can Pastilla,2025-07-12 09:00:00,16.0,9.276711
Can Pastilla,2025-07-12 10:00:00,123.0,49.39892
Can Pastilla,2025-07-12 11:00:00,206.0,79.1041
Can Pastilla,2025-07-12 12:00:00,48.0,65.42274
Can Pastilla,2025-07-12 13:00:00,102.0,68.73686
Can Pastilla,2025-07-12 14:00:00,34.0,69.398964
Can Pastilla,2025-07-12 15:00:00,36.0,83.76891
Can Pastilla,2025-07-12 16:00:00,36.0,80.12461
Can Pastilla,2025-07-12 17:00:00,39.0,70.433266
Can Pastilla,2025-07-12 18:00:00,17.0,72.99909
Can Pastilla,2025-07-12 19:00:00,7.0,77.64489
Can Pastilla,2025-07-12 20:00:00,15.0,45.525696
Can Pastilla,2025-07-13 08:00:00,22.0,47.423473
Can Pastilla,2025-07-13 09:00:00,6.0,19.12735
Can Pastilla,2025-07-13 10:00:00,64.0,61.684654
Can Pastilla,2025-07-13 11:00:00,81.0,73.487144
Can Pastilla,2025-07-13 12:00:00,17.0,78.94496
Can Pastilla,2025-07-13 13:00:00,27.0,90.7866
Can Pastilla,2025-07-13 14:00:00,19.0,54.82938
Can Pastilla,2025-07-13 15:00:00,9.0,32.30187
Can Pastilla,2025-07-13 16:00:00,10.0,51.639236
Can Pastilla,2025-07-13 17:00:00,6.0,54.239197
Can Pastilla,2025-07-13 18:00:00,33.0,34.717644
Can Pastilla,2025-07-13 19:00:00,15.0,18.701124
Can Pastilla,2025-07-13 20:00:00,102.0,32.8475
Can Pastilla,2025-07-15 15:00:00,4.0,-3.7399025
Can Pastilla,2025-07-15 16:00:00,11.0,29.613234
Can Pastilla,2025-07-15 17:00:00,90.0,83.95376
Can Pastilla,2025-07-15 18:00:00,9.0,80.656044
Can Pastilla,2025-07-15 19:00:00,27.0,83.06991
Can Pastilla,2025-07-15 20:00:00,19.0,92.511536
Can Pastilla,2025-07-16 08:00:00,24.0,81.61338
Can Pastilla,2025-07-16 09:00:00,29.0,87.1624
Can Pastilla,2025-07-16 10:00:00,41.0,75.78389
Can Pastilla,2025-07-16 11:00:00,279.0,64.25701
Can Pastilla,2025-07-16 12:00:00,210.0,49.691975
Can Pastilla,2025-07-16 13:00:00,152.0,40.36677
Can Pastilla,2025-07-16 14:00:00,31.0,36.946266
Can Pastilla,2025-07-16 16:00:00,6.0,9.874384
Can Pastilla,2025-07-16 17:00:00,16.0,37.867752
Can Pastilla,2025-07-16 18:00:00,29.0,62.644554
Can Pastilla,2025-07-16 19:00:00,18.0,64.00475
Can Pastilla,2025-07-16 20:00:00,24.0,67.18748
Can Pastilla,2025-07-17 08:00:00,28.0,72.4242
Can Pastilla,2025-07-17 09:00:00,20.0,85.7833
Can Pastilla,2025-07-17 10:00:00,33.0,118.71947
Can Pastilla,2025-07-17 11:00:00,36.0,102.05566
Can Pastilla,2025-07-17 12:00:00,32.0,94.484505
Can Pastilla,2025-07-17 13:00:00,139.0,68.84487
Can Pastilla,2025-07-17 14:00:00,114.0,53.078728
Can Pastilla,2025-07-17 15:00:00,8.0,47.279922
Can Pastilla,2025-07-17 16:00:00,12.0,14.946771
Can Pastilla,2025-07-17 17:00:00,92.0,56.933876
Can Pastilla,2025-07-17 18:00:00,33.0,90.965866
Can Pastilla,2025-07-17 19:00:00,44.0,116.04839
Can Pastilla,2025-07-17 20:00:00,37.0,122.11348
Can Pastilla,2025-07-18 08:00:00,43.0,115.94004
Can Pastilla,2025-07-18 09:00:00,51.0,157.71518
Can Pastilla,2025-07-18 10:00:00,41.0,164.2785
Can Pastilla,2025-07-18 11:00:00,19.0,115.08381
Can Pastilla,2025-07-18 12:00:00,36.0,88.829056
Can Pastilla,2025-07-18 13:00:00,31.0,76.76084
Can Pastilla,2025-07-18 14:00:00,44.0,72.458176
Can Pastilla,2025-07-18 15:00:00,9.0,62.70802
Can Pastilla,2025-07-18 16:00:00,17.0,20.806389
Can Pastilla,2025-07-18 17:00:00,175.0,44.229702
Can Pastilla,2025-07-18 18:00:00,219.0,69.048256
Can Pastilla,2025-07-18 19:00:00,49.0,82.07539
Can Pastilla,2025-07-18 20:00:00,57.0,80.09471
Can Pastilla,2025-07-19 08:00:00,38.0,90.09467
Can Pastilla,2025-07-19 09:00:00,37.0,88.13751
Can Pastilla,2025-07-19 10:00:00,27.0,106.949196
Can Pastilla,2025-07-19 11:00:00,23.0,98.668106
Can Pastilla,2025-07-19 12:00:00,48.0,87.60016
Can Pastilla,2025-07-19 13:00:00,127.0,59.95796
Can Pastilla,2025-07-19 14:00:00,107.0,49.12477
Can Pastilla,2025-07-19 15:00:00,27.0,43.574844
Can Pastilla,2025-07-19 16:00:00,5.0,19.395613
Can Pastilla,2025-07-19 17:00:00,12.0,61.971123
Can Pastilla,2025-07-19 18:00:00,148.0,48.201916
Can Pastilla,2025-07-19 19:00:00,22.0,55.440784
Can Pastilla,2025-07-19 20:00:00,25.0,49.736797
Can Pastilla,2025-07-20 08:00:00,12.0,51.914223
Can Pastilla,2025-07-20 09:00:00,23.0,95.13039
Can Pastilla,2025-07-20 10:00:00,21.0,82.27446
Can Pastilla,2025-07-20 11:00:00,30.0,95.16361
Can Pastilla,2025-07-20 12:00:00,76.0,66.020454
Can Pastilla,2025-07-20 13:00:00,37.0,57.806797
Can Pastilla,2025-07-20 14:00:00,27.0,47.728424
Can Pastilla,2025-07-20 15:00:00,7.0,42.10252
Can Pastilla,2025-07-20 16:00:00,8.0,12.137179
Can Pastilla,2025-07-20 17:00:00,86.0,56.643734
Can Pastilla,2025-07-20 18:00:00,119.0,90.679726
Can Pastilla,2025-07-20 19:00:00,53.0,88.79729
Can Pastilla,2025-07-20 20:00:00,43.0,55.683723
Can Pastilla,2025-07-21 08:00:00,20.0,65.62878
Can Pastilla,2025-07-21 09:00:00,20.0,78.85337
Can Pastilla,2025-07-21 10:00:00,21.0,81.59244
Can Pastilla,2025-07-21 11:00:00,34.0,75.448105
Can Pastilla,2025-07-21 12:00:00,201.0,71.30365
Can Pastilla,2025-07-21 13:00:00,107.0,55.244137
Can Pastilla,2025-07-21 14:00:00,130.0,39.369553
Can Pastilla,2025-07-21 15:00:00,16.0,40.183197
Can Pastilla,2025-07-21 16:00:00,14.0,12.717397
Can Pastilla,2025-07-21 17:00:00,34.0,49.95927
Can Pastilla,2025-07-21 18:00:00,44.0,72.39209
Can Pastilla,2025-07-21 19:00:00,68.0,74.838486
Can Pastilla,2025-07-21 20:00:00,55.0,55.566227
Can Pastilla,2025-07-22 08:00:00,55.0,68.22456
Can Pastilla,2025-07-22 09:00:00,37.0,64.08891
Can Pastilla,2025-07-22 10:00:00,27.0,61.959286
Can Pastilla,2025-07-22 11:00:00,26.0,65.88612
Can Pastilla,2025-07-22 12:00:00,42.0,57.870533
Can Pastilla,2025-07-22 13:00:00,21.0,52.234623
Can Pastilla,2025-07-22 14:00:00,25.0,41.396473
Can Pastilla,2025-07-22 15:00:00,23.0,38.93145
Can Pastilla,2025-07-22 16:00:00,5.0,13.259512
Can Pastilla,2025-07-22 17:00:00,42.0,36.053406
Can Pastilla,2025-07-22 18:00:00,156.0,54.915928
Can Pastilla,2025-07-22 19:00:00,57.0,44.90805
Can Pastilla,2025-07-22 20:00:00,67.0,55.719727
Can Pastilla,2025-07-23 08:00:00,34.0,57.06022
Can Pastilla,2025-07-23 09:00:00,44.0,70.59556
Can Pastilla,2025-07-23 10:00:00,50.0,104.83525
Can Pastilla,2025-07-23 11:00:00,18.0,72.58864
Can Pastilla,2025-07-23 12:00:00,193.0,69.4849
Can Pastilla,2025-07-23 13:00:00,116.0,49.348465
Can Pastilla,2025-07-23 14:00:00,140.0,42.040627
Can Pastilla,2025-07-23 15:00:00,16.0,38.71711
Can Pastilla,2025-07-23 16:00:00,16.0,10.906329
Can Pastilla,2025-07-23 17:00:00,60.0,37.32134
Can Pastilla,2025-07-23 18:00:00,60.0,70.63294
Can Pastilla,2025-07-23 19:00:00,52.0,65.69124
Can Pastilla,2025-07-23 20:00:00,49.0,64.08947
Can Pastilla,2025-07-24 08:00:00,64.0,60.068867
Can Pastilla,2025-07-24 09:00:00,30.0,67.115166
Can Pastilla,2025-07-24 10:00:00,36.0,67.32239
Can Pastilla,2025-07-24 11:00:00,26.0,68.13419
Can Pastilla,2025-07-24 12:00:00,236.0,58.46088
Can Pastilla,2025-07-24 13:00:00,70.0,53.255005
Can Pastilla,2025-07-24 14:00:00,71.0,47.555866
Can Pastilla,2025-07-24 15:00:00,23.0,41.758736
Can Pastilla,2025-07-24 17:00:00,7.0,24.415731
Can Pastilla,2025-07-24 18:00:00,71.0,46.133278
Can Pastilla,2025-07-24 19:00:00,23.0,71.56785
Can Pastilla,2025-07-24 20:00:00,56.0,59.83658
Can Pastilla,2025-07-25 08:00:00,32.0,66.31895
Can Pastilla,2025-07-25 09:00:00,38.0,65.57209
Can Pastilla,2025-07-25 10:00:00,51.0,62.58552
Can Pastilla,2025-07-25 11:00:00,39.0,68.11367
Can Pastilla,2025-07-25 12:00:00,27.0,59.105076
Can Pastilla,2025-07-25 13:00:00,15.0,47.253647
Can Pastilla,2025-07-25 14:00:00,14.0,42.13773
Can Pastilla,2025-07-25 15:00:00,18.0,32.84544
Can Pastilla,2025-07-25 16:00:00,16.0,33.526382
Can Pastilla,2025-07-25 17:00:00,5.0,-0.741269
Can Pastilla,2025-07-25 18:00:00,217.0,23.179268
Can Pastilla,2025-07-25 19:00:00,366.0,57.29542
Can Pastilla,2025-07-25 20:00:00,66.0,70.13959
Can Pastilla,2025-07-26 08:00:00,40.0,90.77137
Can Pastilla,2025-07-26 09:00:00,28.0,68.463844
Can Pastilla,2025-07-26 10:00:00,41.0,81.608696
Can Pastilla,2025-07-26 11:00:00,54.0,82.49483
Can Pastilla,2025-07-26 12:00:00,33.0,80.488014
Can Pastilla,2025-07-26 13:00:00,18.0,70.570694
Can Pastilla,2025-07-26 14:00:00,18.0,65.540764
Can Pastilla,2025-07-26 15:00:00,15.0,44.02938
Can Pastilla,2025-07-26 16:00:00,8.0,33.02276
Can Pastilla,2025-07-26 17:00:00,5.0,12.863303
Can Pastilla,2025-07-26 18:00:00,288.0,56.49748
Can Pastilla,2025-07-26 19:00:00,144.0,53.479755
Can Pastilla,2025-07-26 20:00:00,82.0,58.365673
Can Pastilla,2025-07-27 08:00:00,72.0,58.736977
Can Pastilla,2025-07-27 09:00:00,49.0,44.524017
Can Pastilla,2025-07-27 10:00:00,41.0,54.503983
Can Pastilla,2025-07-27 11:00:00,39.0,55.91824
Can Pastilla,2025-07-27 12:00:00,34.0,52.693535
Can Pastilla,2025-07-27 13:00:00,36.0,54.121006
Can Pastilla,2025-07-27 14:00:00,56.0,47.948433
Can Pastilla,2025-07-27 15:00:00,161.0,41.51344
Can Pastilla,2025-07-27 16:00:00,18.0,32.942856
Can Pastilla,2025-07-27 17:00:00,10.0,11.983067
Can Pastilla,2025-07-27 18:00:00,41.0,36.065037
Can Pastilla,2025-07-27 19:00:00,29.0,50.481163
Can Pastilla,2025-07-27 20:00:00,80.0,57.54023
Can Pastilla,2025-07-28 08:00:00,39.0,58.167484
Can Pastilla,2025-07-28 09:00:00,41.0,83.15901
Can Pastilla,2025-07-28 10:00:00,50.0,123.192955
Can Pastilla,2025-07-28 11:00:00,26.0,78.36536
Can Pastilla,2025-07-28 12:00:00,21.0,69.603195
Can Pastilla,2025-07-28 13:00:00,207.0,71.38018
Can Pastilla,2025-07-28 14:00:00,217.0,49.928574
Can Pastilla,2025-07-28 15:00:00,274.0,39.475372
Can Pastilla,2025-07-28 16:00:00,21.0,36.651665
Can Pastilla,2025-07-28 17:00:00,8.0,13.589893
Can Pastilla,2025-07-28 18:00:00,37.0,26.365454
Can Pastilla,2025-07-28 19:00:00,87.0,50.772034
Can Pastilla,2025-07-28 20:00:00,72.0,54.459984
Can Pastilla,2025-07-29 08:00:00,51.0,60.27329
Can Pastilla,2025-07-29 09:00:00,47.0,66.99123
Can Pastilla,2025-07-29 10:00:00,75.0,79.82941
Can Pastilla,2025-07-29 11:00:00,64.0,65.244
Can Pastilla,2025-07-29 12:00:00,27.0,61.319225
Can Pastilla,2025-07-29 13:00:00,38.0,62.232315
Can Pastilla,2025-07-29 14:00:00,120.0,50.04645
Can Pastilla,2025-07-29 15:00:00,54.0,41.692696
Can Pastilla,2025-07-29 16:00:00,25.0,37.55698
Can Pastilla,2025-07-29 17:00:00,8.0,13.069494
Can Pastilla,2025-07-29 18:00:00,329.0,41.392178
Can Pastilla,2025-07-29 19:00:00,49.0,50.48853
Can Pastilla,2025-07-29 20:00:00,60.0,62.54636
Can Pastilla,2025-07-30 08:00:00,41.0,65.06286
Can Pastilla,2025-07-30 09:00:00,45.0,50.210655
Can Pastilla,2025-07-30 10:00:00,61.0,69.965996
Can Pastilla,2025-07-30 11:00:00,54.0,57.53559
Can Pastilla,2025-07-30 12:00:00,30.0,51.74058
Can Pastilla,2025-07-30 13:00:00,25.0,47.59495
Can Pastilla,2025-07-30 14:00:00,19.0,46.00426
Can Pastilla,2025-07-30 15:00:00,12.0,39.58369
Can Pastilla,2025-07-30 16:00:00,26.0,39.27908
Can Pastilla,2025-07-30 17:00:00,5.0,19.338757
Can Pastilla,2025-07-30 18:00:00,95.0,42.055298
Can Pastilla,2025-07-30 19:00:00,32.0,52.463062
Can Pastilla,2025-07-30 20:00:00,64.0,65.03013
Can Pastilla,2025-07-31 08:00:00,52.0,67.55123
Can Pastilla,2025-07-31 09:00:00,55.0,65.921005
Can Pastilla,2025-07-31 10:00:00,68.0,65.21987
Can Pastilla,2025-07-31 11:00:00,56.0,68.103424
Can Pastilla,2025-07-31 12:00:00,30.0,63.9971
Can Pastilla,2025-07-31 13:00:00,40.0,63.34151
Can Pastilla,2025-07-31 14:00:00,59.0,50.731102
Can Pastilla,2025-07-31 15:00:00,118.0,39.862125
Can Pastilla,2025-07-31 16:00:00,17.0,34.63255
Can Pastilla,2025-07-31 17:00:00,25.0,14.715292
Can Pastilla,2025-07-31 18:00:00,229.0,41.342033
Can Pastilla,2025-07-31 19:00:00,341.0,55.968143
Can Pastilla,2025-07-31 20:00:00,84.0,55.877983
Can Pastilla,2025-08-01 08:00:00,76.0,64.09589
Can Pastilla,2025-08-01 09:00:00,31.0,65.18659
Can Pastilla,2025-08-01 10:00:00,56.0,96.658424
Can Pastilla,2025-08-01 11:00:00,57.0,54.61689
Can Pastilla,2025-08-01 12:00:00,41.0,60.160606
Can Pastilla,2025-08-01 13:00:00,53.0,51.571854
Can Pastilla,2025-08-01 14:00:00,6.0,40.054432
Can Pastilla,2025-08-01 15:00:00,11.0,38.75359
Can Pastilla,2025-08-01 16:00:00,5.0,17.813448
Can Pastilla,2025-08-01 17:00:00,305.0,22.052635
Can Pastilla,2025-08-01 18:00:00,382.0,49.64279
Can Pastilla,2025-08-01 19:00:00,89.0,51.54044
Can Pastilla,2025-08-01 20:00:00,58.0,69.02971
Can Pastilla,2025-08-02 08:00:00,56.0,78.84652
Can Pastilla,2025-08-02 09:00:00,57.0,73.90868
Can Pastilla,2025-08-02 10:00:00,57.0,73.599495
Can Pastilla,2025-08-02 11:00:00,79.0,68.96955
Can Pastilla,2025-08-02 12:00:00,229.0,61.906055
Can Pastilla,2025-08-02 13:00:00,41.0,60.71224
Can Pastilla,2025-08-02 14:00:00,7.0,43.764072
Can Pastilla,2025-08-02 15:00:00,20.0,33.79201
Can Pastilla,2025-08-02 16:00:00,4.0,11.567032
Can Pastilla,2025-08-02 17:00:00,126.0,28.480145
Can Pastilla,2025-08-02 18:00:00,216.0,52.117565
Can Pastilla,2025-08-02 19:00:00,78.0,52.138927
Can Pastilla,2025-08-02 20:00:00,58.0,64.838554
Can Pastilla,2025-08-03 08:00:00,44.0,73.36238
Can Pastilla,2025-08-03 09:00:00,53.0,65.41898
Can Pastilla,2025-08-03 10:00:00,66.0,66.67335
Can Pastilla,2025-08-03 11:00:00,52.0,62.95326
Can Pastilla,2025-08-03 12:00:00,240.0,56.61915
Can Pastilla,2025-08-03 13:00:00,203.0,47.290894
Can Pastilla,2025-08-03 14:00:00,172.0,39.48228
Can Pastilla,2025-08-03 15:00:00,16.0,34.72564
Can Pastilla,2025-08-03 16:00:00,7.0,16.345459
Can Pastilla,2025-08-03 17:00:00,28.0,39.01331
Can Pastilla,2025-08-03 18:00:00,59.0,62.91619
Can Pastilla,2025-08-03 19:00:00,87.0,66.94244
Can Pastilla,2025-08-03 20:00:00,75.0,74.0669
Can Pastilla,2025-08-04 08:00:00,56.0,78.69296
Can Pastilla,2025-08-04 09:00:00,52.0,90.39588
Can Pastilla,2025-08-04 10:00:00,44.0,105.98113
Can Pastilla,2025-08-04 11:00:00,48.0,84.15375
Can Pastilla,2025-08-04 12:00:00,66.0,66.490234
Can Pastilla,2025-08-04 13:00:00,132.0,51.662987
Can Pastilla,2025-08-04 14:00:00,191.0,41.212944
Can Pastilla,2025-08-04 15:00:00,6.0,41.892036
Can Pastilla,2025-08-04 16:00:00,7.0,10.813033
Can Pastilla,2025-08-04 17:00:00,172.0,36.78297
Can Pastilla,2025-08-04 18:00:00,332.0,54.313457
Can Pastilla,2025-08-04 19:00:00,62.0,65.05193
Can Pastilla,2025-08-04 20:00:00,61.0,77.37108
Can Pastilla,2025-08-05 08:00:00,51.0,66.308426
Can Pastilla,2025-08-05 09:00:00,44.0,77.00817
Can Pastilla,2025-08-05 10:00:00,64.0,78.80048
Can Pastilla,2025-08-05 11:00:00,51.0,69.66244
Can Pastilla,2025-08-05 12:00:00,16.0,71.14304
Can Pastilla,2025-08-05 13:00:00,18.0,60.629967
Can Pastilla,2025-08-05 14:00:00,28.0,38.13261
Can Pastilla,2025-08-05 15:00:00,4.0,38.704224
Can Pastilla,2025-08-05 16:00:00,6.0,19.253544
Can Pastilla,2025-08-05 17:00:00,300.0,25.791367
Can Pastilla,2025-08-05 18:00:00,368.0,45.178043
Can Pastilla,2025-08-05 19:00:00,70.0,51.992767
Can Pastilla,2025-08-05 20:00:00,62.0,74.39272
Can Pastilla,2025-08-06 08:00:00,50.0,75.78926
Can Pastilla,2025-08-06 09:00:00,49.0,71.02363
Can Pastilla,2025-08-06 10:00:00,77.0,69.343834
Can Pastilla,2025-08-06 11:00:00,69.0,68.58271
Can Pastilla,2025-08-06 12:00:00,31.0,66.19863
Can Pastilla,2025-08-06 13:00:00,35.0,57.711872
Can Pastilla,2025-08-06 14:00:00,19.0,47.49681
Can Pastilla,2025-08-06 15:00:00,6.0,37.766068
Can Pastilla,2025-08-06 16:00:00,6.0,21.529512
Can Pastilla,2025-08-06 17:00:00,70.0,16.161224
Can Pastilla,2025-08-06 18:00:00,155.0,63.655678
Can Pastilla,2025-08-06 19:00:00,80.0,75.44193
Can Pastilla,2025-08-06 20:00:00,79.0,83.82996
Can Pastilla,2025-08-07 08:00:00,49.0,103.57352
Can Pastilla,2025-08-07 09:00:00,43.0,91.88648
Can Pastilla,2025-08-07 10:00:00,77.0,101.0789
Can Pastilla,2025-08-07 11:00:00,48.0,90.88695
Can Pastilla,2025-08-07 12:00:00,23.0,80.45725
Can Pastilla,2025-08-07 13:00:00,16.0,77.69107
Can Pastilla,2025-08-07 14:00:00,4.0,42.5063
Can Pastilla,2025-08-07 15:00:00,7.0,15.434538
Can Pastilla,2025-08-07 16:00:00,250.0,28.130539
Can Pastilla,2025-08-07 17:00:00,276.0,63.57875
Can Pastilla,2025-08-07 18:00:00,63.0,88.344696
Can Pastilla,2025-08-07 19:00:00,44.0,89.21713
Can Pastilla,2025-08-07 20:00:00,56.0,92.52703
Can Pastilla,2025-08-08 08:00:00,44.0,91.851814
Can Pastilla,2025-08-08 09:00:00,70.0,117.44999
Can Pastilla,2025-08-08 10:00:00,39.0,87.743614
Can Pastilla,2025-08-08 11:00:00,303.0,78.51095
Can Pastilla,2025-08-08 12:00:00,12.0,69.144424
Can Pastilla,2025-08-08 13:00:00,261.0,51.984764
Can Pastilla,2025-08-08 14:00:00,19.0,43.948288
Can Pastilla,2025-08-08 15:00:00,6.0,29.501122
Can Pastilla,2025-08-08 16:00:00,68.0,46.728092
Can Pastilla,2025-08-08 17:00:00,109.0,67.73515
Can Pastilla,2025-08-08 18:00:00,80.0,73.087006
Can Pastilla,2025-08-08 19:00:00,18.0,92.23263
Can Pastilla,2025-08-08 20:00:00,37.0,81.93735
Can Pastilla,2025-08-09 08:00:00,39.0,106.1257
Can Pastilla,2025-08-09 09:00:00,27.0,105.69509
Can Pastilla,2025-08-09 10:00:00,24.0,96.669304
Can Pastilla,2025-08-09 11:00:00,8.0,87.5757
Can Pastilla,2025-08-09 12:00:00,16.0,65.16611
Can Pastilla,2025-08-09 13:00:00,15.0,44.22873
Can Pastilla,2025-08-09 14:00:00,15.0,40.49617
Can Pastilla,2025-08-09 15:00:00,5.0,29.176172
Can Pastilla,2025-08-09 16:00:00,10.0,28.608839
Can Pastilla,2025-08-09 17:00:00,19.0,34.366997
Can Pastilla,2025-08-09 18:00:00,29.0,30.177805
Can Pastilla,2025-08-09 19:00:00,11.0,39.46715
Can Pastilla,2025-08-09 20:00:00,10.0,49.159412
Can Pastilla,2025-08-10 08:00:00,10.0,57.91989
Can Pastilla,2025-08-10 09:00:00,23.0,112.10758
Can Pastilla,2025-08-10 10:00:00,30.0,106.785965
Can Pastilla,2025-08-10 11:00:00,30.0,80.693375
Can Pastilla,2025-08-10 12:00:00,19.0,63.01905
Can Pastilla,2025-08-10 13:00:00,10.0,50.535656
Can Pastilla,2025-08-10 14:00:00,4.0,39.27016
Can Pastilla,2025-08-10 15:00:00,10.0,13.390653
Can Pastilla,2025-08-10 16:00:00,243.0,40.139797
Can Pastilla,2025-08-10 18:00:00,366.0,49.93483
Can Pastilla,2025-08-10 19:00:00,36.0,63.208008
Can Pastilla,2025-08-10 20:00:00,30.0,65.19539
Can Pastilla,2025-08-11 08:00:00,10.0,43.369106
Can Pastilla,2025-08-11 09:00:00,11.0,82.80099
Can Pastilla,2025-08-11 10:00:00,20.0,101.39
Can Pastilla,2025-08-11 11:00:00,18.0,103.566765
Can Pastilla,2025-08-11 12:00:00,203.0,90.953026
Can Pastilla,2025-08-11 13:00:00,196.0,88.81575
Can Pastilla,2025-08-11 14:00:00,6.0,62.03853
Can Pastilla,2025-08-11 15:00:00,6.0,37.39092
Can Pastilla,2025-08-11 16:00:00,5.0,17.676878
Can Pastilla,2025-08-11 17:00:00,90.0,58.93657
Can Pastilla,2025-08-11 18:00:00,34.0,126.053696
Can Pastilla,2025-08-11 19:00:00,48.0,148.7611
Can Pastilla,2025-08-11 20:00:00,26.0,129.5148
Can Pastilla,2025-08-12 08:00:00,27.0,105.83941
Can Pastilla,2025-08-12 09:00:00,38.0,112.12963
Can Pastilla,2025-08-12 10:00:00,58.0,142.90262
Can Pastilla,2025-08-12 11:00:00,23.0,119.629875
Can Pastilla,2025-08-12 12:00:00,20.0,102.18889
Can Pastilla,2025-08-12 13:00:00,17.0,81.73596
Can Pastilla,2025-08-12 14:00:00,21.0,68.51542
Can Pastilla,2025-08-12 15:00:00,5.0,42.576176
Can Pastilla,2025-08-12 16:00:00,5.0,22.03037
Can Pastilla,2025-08-12 17:00:00,221.0,62.320583
Can Pastilla,2025-08-12 18:00:00,302.0,76.45763
Can Pastilla,2025-08-12 19:00:00,52.0,85.59709
Can Pastilla,2025-08-12 20:00:00,53.0,101.612526
Can Pastilla,2025-08-13 08:00:00,44.0,110.43313
Can Pastilla,2025-08-13 09:00:00,44.0,117.650795
Can Pastilla,2025-08-13 10:00:00,26.0,116.60938
Can Pastilla,2025-08-13 11:00:00,25.0,105.13618
Can Pastilla,2025-08-13 12:00:00,19.0,88.68912
Can Pastilla,2025-08-13 13:00:00,17.0,85.41572
Can Pastilla,2025-08-13 14:00:00,8.0,72.25466
Can Pastilla,2025-08-13 15:00:00,6.0,41.465206
Can Pastilla,2025-08-13 16:00:00,9.0,24.69202
Can Pastilla,2025-08-13 17:00:00,180.0,68.83969
Can Pastilla,2025-08-13 18:00:00,55.0,104.10873
Can Pastilla,2025-08-13 19:00:00,60.0,83.67563
Can Pastilla,2025-08-13 20:00:00,48.0,97.42122
Can Pastilla,2025-08-14 08:00:00,60.0,101.61987
Can Pastilla,2025-08-14 09:00:00,35.0,103.1924
Can Pastilla,2025-08-14 10:00:00,18.0,119.26356
Can Pastilla,2025-08-14 11:00:00,41.0,105.137245
Can Pastilla,2025-08-14 12:00:00,25.0,87.06585
Can Pastilla,2025-08-14 13:00:00,43.0,75.11815
Can Pastilla,2025-08-14 14:00:00,7.0,57.63023
Can Pastilla,2025-08-14 15:00:00,6.0,37.10682
Can Pastilla,2025-08-14 16:00:00,5.0,25.886177
Can Pastilla,2025-08-14 17:00:00,171.0,67.63172
Can Pastilla,2025-08-14 18:00:00,119.0,92.29107
Can Pastilla,2025-08-14 19:00:00,41.0,85.401405
Can Pastilla,2025-08-14 20:00:00,57.0,100.36069
Can Pastilla,2025-08-15 08:00:00,49.0,110.2731
Can Pastilla,2025-08-15 09:00:00,38.0,147.44093
Can Pastilla,2025-08-15 10:00:00,75.0,143.45096
Can Pastilla,2025-08-15 11:00:00,29.0,121.29528
Can Pastilla,2025-08-15 12:00:00,8.0,106.63649
Can Pastilla,2025-08-15 13:00:00,23.0,93.29885
Can Pastilla,2025-08-15 14:00:00,11.0,77.73383
Can Pastilla,2025-08-15 15:00:00,4.0,23.465347
Can Pastilla,2025-08-15 16:00:00,87.0,53.28525
Can Pastilla,2025-08-15 17:00:00,116.0,77.24622
Can Pastilla,2025-08-15 18:00:00,25.0,86.405624
Can Pastilla,2025-08-15 19:00:00,14.0,88.493904
Can Pastilla,2025-08-15 20:00:00,26.0,111.07859
Can Pastilla,2025-08-16 08:00:00,11.0,108.15942
Can Pastilla,2025-08-16 09:00:00,16.0,109.56158
Can Pastilla,2025-08-16 10:00:00,15.0,127.693275
Can Pastilla,2025-08-16 11:00:00,211.0,94.52487
Can Pastilla,2025-08-16 12:00:00,159.0,69.51394
Can Pastilla,2025-08-16 13:00:00,22.0,62.022423
Can Pastilla,2025-08-16 14:00:00,5.0,44.62399
Can Pastilla,2025-08-16 15:00:00,18.0,27.620554
Can Pastilla,2025-08-16 16:00:00,79.0,56.163624
Can Pastilla,2025-08-16 17:00:00,70.0,84.84171
Can Pastilla,2025-08-16 19:00:00,62.0,92.81326
Can Pastilla,2025-08-16 20:00:00,59.0,94.28751
Can Pastilla,2025-08-17 08:00:00,42.0,77.56968
Can Pastilla,2025-08-17 09:00:00,45.0,148.00845
Can Pastilla,2025-08-17 10:00:00,36.0,106.45403
Can Pastilla,2025-08-17 11:00:00,26.0,86.516335
Can Pastilla,2025-08-17 12:00:00,6.0,74.2872
Can Pastilla,2025-08-17 13:00:00,11.0,61.94877
Can Pastilla,2025-08-17 14:00:00,9.0,53.500797
Can Pastilla,2025-08-17 15:00:00,8.0,37.63224
Can Pastilla,2025-08-17 16:00:00,5.0,26.891798
Can Pastilla,2025-08-17 17:00:00,72.0,47.269905
Can Pastilla,2025-08-17 18:00:00,23.0,78.91237
Can Pastilla,2025-08-17 19:00:00,14.0,95.15033
Can Pastilla,2025-08-17 20:00:00,26.0,117.16426
Can Pastilla,2025-08-18 08:00:00,8.0,85.00253
Can Pastilla,2025-08-18 09:00:00,22.0,87.65272
Can Pastilla,2025-08-18 10:00:00,24.0,63.63558
Can Pastilla,2025-08-18 11:00:00,25.0,88.055145
Can Pastilla,2025-08-18 12:00:00,257.0,73.7547
Can Pastilla,2025-08-18 13:00:00,191.0,60.345448
Can Pastilla,2025-08-18 14:00:00,169.0,51.38945
Can Pastilla,2025-08-18 15:00:00,6.0,27.254072
Can Pastilla,2025-08-18 16:00:00,17.0,16.991362
Can Pastilla,2025-08-18 17:00:00,11.0,41.11791
Can Pastilla,2025-08-18 18:00:00,22.0,74.00725
Can Pastilla,2025-08-18 19:00:00,15.0,80.892685
Can Pastilla,2025-08-18 20:00:00,41.0,85.11695
Can Pastilla,2025-08-19 08:00:00,12.0,82.23467
Can Pastilla,2025-08-19 09:00:00,21.0,92.791855
Can Pastilla,2025-08-19 10:00:00,41.0,82.25496
Can Pastilla,2025-08-19 11:00:00,34.0,73.290726
Can Pastilla,2025-08-19 12:00:00,61.0,57.69315
Can Pastilla,2025-08-19 13:00:00,16.0,42.028004
Can Pastilla,2025-08-19 14:00:00,18.0,33.336277
Can Pastilla,2025-08-19 15:00:00,19.0,22.965279
Can Pastilla,2025-08-19 16:00:00,6.0,17.733873
Can Pastilla,2025-08-19 17:00:00,16.0,95.07799
Can Pastilla,2025-08-19 18:00:00,13.0,80.06782
Can Pastilla,2025-08-19 19:00:00,13.0,73.13777
Can Pastilla,2025-08-19 20:00:00,17.0,55.76283
Can Pastilla,2025-08-20 08:00:00,174.0,44.581837
Can Pastilla,2025-08-20 09:00:00,142.0,48.85042
Can Pastilla,2025-08-20 10:00:00,68.0,26.09259
Can Pastilla,2025-08-20 11:00:00,6.0,20.192978
Can Pastilla,2025-08-20 12:00:00,19.0,11.040636
Can Pastilla,2025-08-20 13:00:00,33.0,44.775585
Can Pastilla,2025-08-20 14:00:00,40.0,64.60377
Can Pastilla,2025-08-20 15:00:00,10.0,60.3496
Can Pastilla,2025-08-20 16:00:00,19.0,85.3618
Can Pastilla,2025-08-20 17:00:00,19.0,103.6799
Can Pastilla,2025-08-20 18:00:00,22.0,95.3643
Can Pastilla,2025-08-20 19:00:00,13.0,94.50228
Can Pastilla,2025-08-20 20:00:00,10.0,105.792625
Can Pastilla,2025-08-21 08:00:00,99.0,85.0019
Can Pastilla,2025-08-21 09:00:00,118.0,45.4444
Can Pastilla,2025-08-21 10:00:00,93.0,38.933826
Can Pastilla,2025-08-21 11:00:00,7.0,24.715187
Can Pastilla,2025-08-21 12:00:00,7.0,12.414347
Can Pastilla,2025-08-21 13:00:00,17.0,40.795006
Can Pastilla,2025-08-21 14:00:00,17.0,57.064644
Can Pastilla,2025-08-21 15:00:00,23.0,64.144066
Can Pastilla,2025-08-21 16:00:00,16.0,62.467884
Can Pastilla,2025-08-21 17:00:00,35.0,72.78481
Can Pastilla,2025-08-21 18:00:00,33.0,75.7631
Can Pastilla,2025-08-21 19:00:00,21.0,66.35797
Can Pastilla,2025-08-21 20:00:00,24.0,63.930298
Can Pastilla,2025-08-22 08:00:00,24.0,59.106277
Can Pastilla,2025-08-22 09:00:00,12.0,65.071175
Can Pastilla,2025-08-22 10:00:00,11.0,34.83457
Can Pastilla,2025-08-22 11:00:00,17.0,24.399702
Can Pastilla,2025-08-22 12:00:00,8.0,12.090986
Can Pastilla,2025-08-22 13:00:00,51.0,45.15725
Can Pastilla,2025-08-22 14:00:00,122.0,75.34978
Can Pastilla,2025-08-22 15:00:00,8.0,74.12226
Can Pastilla,2025-08-22 16:00:00,13.0,86.51003
Can Pastilla,2025-08-22 17:00:00,7.0,94.196594
Can Pastilla,2025-08-22 18:00:00,13.0,91.4829
Can Pastilla,2025-08-22 19:00:00,12.0,68.56906
Can Pastilla,2025-08-22 20:00:00,11.0,65.167336
Can Pastilla,2025-08-23 08:00:00,111.0,57.291595
Can Pastilla,2025-08-23 09:00:00,119.0,37.999165
Can Pastilla,2025-08-23 10:00:00,120.0,37.469166
Can Pastilla,2025-08-23 11:00:00,18.0,27.093306
Can Pastilla,2025-08-23 12:00:00,6.0,11.537242
Can Pastilla,2025-08-23 13:00:00,40.0,46.502808
Can Pastilla,2025-08-23 14:00:00,46.0,47.57565
Can Pastilla,2025-08-23 15:00:00,13.0,47.2263
Can Pastilla,2025-08-23 16:00:00,20.0,55.500145
Can Pastilla,2025-08-23 17:00:00,18.0,52.183517
Can Pastilla,2025-08-23 18:00:00,27.0,57.543957
Can Pastilla,2025-08-23 19:00:00,18.0,61.953304
Can Pastilla,2025-08-23 20:00:00,7.0,54.948967
Can Pastilla,2025-08-24 08:00:00,112.0,43.49341
Can Pastilla,2025-08-24 09:00:00,123.0,34.293797
Can Pastilla,2025-08-24 10:00:00,107.0,29.647127
Can Pastilla,2025-08-24 11:00:00,8.0,19.715584
Can Pastilla,2025-08-24 12:00:00,10.0,9.116263
Can Pastilla,2025-08-24 13:00:00,23.0,45.301765
Can Pastilla,2025-08-24 14:00:00,43.0,70.44883
Can Pastilla,2025-08-24 15:00:00,17.0,63.255188
Can Pastilla,2025-08-24 16:00:00,21.0,67.939545
Can Pastilla,2025-08-24 17:00:00,69.0,76.81125
Can Pastilla,2025-08-24 18:00:00,20.0,70.021515
Can Pastilla,2025-08-24 20:00:00,15.0,67.15804
Can Pastilla,2025-08-25 08:00:00,26.0,54.982315
Can Pastilla,2025-08-25 09:00:00,152.0,42.742508
Can Pastilla,2025-08-25 10:00:00,74.0,37.624813
Can Pastilla,2025-08-25 11:00:00,77.0,31.505053
Can Pastilla,2025-08-25 12:00:00,8.0,22.321356
Can Pastilla,2025-08-25 13:00:00,9.0,12.739705
Can Pastilla,2025-08-25 14:00:00,66.0,40.958603
Can Pastilla,2025-08-25 15:00:00,11.0,55.237823
Can Pastilla,2025-08-25 16:00:00,20.0,56.05144
Can Pastilla,2025-08-25 17:00:00,40.0,65.541756
Can Pastilla,2025-08-25 18:00:00,13.0,63.499855
Can Pastilla,2025-08-25 19:00:00,25.0,69.537964
Can Pastilla,2025-08-25 20:00:00,28.0,63.76742
Can Pastilla,2025-08-26 08:00:00,14.0,55.727367
Can Pastilla,2025-08-26 09:00:00,11.0,50.384384
Can Pastilla,2025-08-26 10:00:00,16.0,37.092033
Can Pastilla,2025-08-26 11:00:00,8.0,34.37042
Can Pastilla,2025-08-26 12:00:00,6.0,12.770816
Can Pastilla,2025-08-26 13:00:00,15.0,8.780017
Can Pastilla,2025-08-26 14:00:00,91.0,43.673813
Can Pastilla,2025-08-26 15:00:00,197.0,69.2361
Can Pastilla,2025-08-26 16:00:00,19.0,47.816334
Can Pastilla,2025-08-26 17:00:00,26.0,53.433956
Can Pastilla,2025-08-26 18:00:00,14.0,56.77955
Can Pastilla,2025-08-26 19:00:00,25.0,56.190483
Can Pastilla,2025-08-26 20:00:00,16.0,55.230885
Can Pastilla,2025-08-27 08:00:00,11.0,48.03036
Can Pastilla,2025-08-27 09:00:00,138.0,38.974392
Can Pastilla,2025-08-27 10:00:00,101.0,35.163208
Can Pastilla,2025-08-27 11:00:00,87.0,30.022913
Can Pastilla,2025-08-27 12:00:00,10.0,16.422607
Can Pastilla,2025-08-27 13:00:00,8.0,12.38675
Can Pastilla,2025-08-27 14:00:00,12.0,38.352894
Can Pastilla,2025-08-27 15:00:00,19.0,57.320713
Can Pastilla,2025-08-27 16:00:00,27.0,54.256554
Can Pastilla,2025-08-27 17:00:00,36.0,57.938488
Can Pastilla,2025-08-27 18:00:00,29.0,68.01235
Can Pastilla,2025-08-27 19:00:00,21.0,79.36769
Can Pastilla,2025-08-27 20:00:00,16.0,74.38538
Can Pastilla,2025-08-28 08:00:00,11.0,60.90041
Can Pastilla,2025-08-28 09:00:00,13.0,55.331825
Can Pastilla,2025-08-28 10:00:00,42.0,47.452415
Can Pastilla,2025-08-28 11:00:00,28.0,38.834393
Can Pastilla,2025-08-28 12:00:00,4.0,12.666707
Can Pastilla,2025-08-28 13:00:00,14.0,6.882178
Can Pastilla,2025-08-28 14:00:00,15.0,35.64335
Can Pastilla,2025-08-28 15:00:00,41.0,55.587776
Can Pastilla,2025-08-28 16:00:00,18.0,42.197334
Can Pastilla,2025-08-28 17:00:00,10.0,43.55993
Can Pastilla,2025-08-28 18:00:00,5.0,67.94971
Can Pastilla,2025-08-28 19:00:00,10.0,57.05284
Can Pastilla,2025-08-28 20:00:00,6.0,39.105427
Can Pastilla,2025-08-29 12:00:00,165.0,43.896442
Can Pastilla,2025-08-29 13:00:00,71.0,34.388565
Can Pastilla,2025-08-29 14:00:00,54.0,38.618637
Can Pastilla,2025-08-29 15:00:00,5.0,18.14826
Can Pastilla,2025-08-29 16:00:00,7.0,18.621195
Can Pastilla,2025-08-29 17:00:00,18.0,44.534557
Can Pastilla,2025-08-29 18:00:00,39.0,60.577557
Can Pastilla,2025-08-29 19:00:00,96.0,40.986908
Can Pastilla,2025-08-29 20:00:00,162.0,54.636486
Can Pastilla,2025-08-30 08:00:00,62.0,51.04688
Can Pastilla,2025-08-30 09:00:00,70.0,48.700542
Can Pastilla,2025-08-30 10:00:00,43.0,50.34031
Can Pastilla,2025-08-30 11:00:00,61.0,52.245327
Can Pastilla,2025-08-30 12:00:00,86.0,41.39798
Can Pastilla,2025-08-30 13:00:00,22.0,38.928535
Can Pastilla,2025-08-30 14:00:00,16.0,36.279217
Can Pastilla,2025-08-30 15:00:00,25.0,20.981121
Can Pastilla,2025-08-30 16:00:00,4.0,16.521471
Can Pastilla,2025-08-30 17:00:00,12.0,28.415716
Can Pastilla,2025-08-30 18:00:00,12.0,45.899147
Can Pastilla,2025-08-30 19:00:00,4.0,21.496605
Can Pastilla,2025-08-30 20:00:00,10.0,20.73582
Can Pastilla 2,2025-06-01 08:00:00,108.0,113.13756
Can Pastilla 2,2025-06-01 09:00:00,99.0,96.375786
Can Pastilla 2,2025-06-01 10:00:00,102.0,132.22025
Can Pastilla 2,2025-06-01 11:00:00,124.0,132.0082
Can Pastilla 2,2025-06-01 12:00:00,130.0,129.09131
Can Pastilla 2,2025-06-01 13:00:00,115.0,113.27624
Can Pastilla 2,2025-06-01 14:00:00,60.0,90.19749
Can Pastilla 2,2025-06-01 15:00:00,53.0,58.099716
Can Pastilla 2,2025-06-01 16:00:00,30.0,60.311523
Can Pastilla 2,2025-06-01 17:00:00,28.0,13.699063
Can Pastilla 2,2025-06-01 18:00:00,67.0,100.148224
Can Pastilla 2,2025-06-01 19:00:00,108.0,98.88796
Can Pastilla 2,2025-06-01 20:00:00,139.0,108.570656
Can Pastilla 2,2025-06-02 08:00:00,91.0,117.412506
Can Pastilla 2,2025-06-02 09:00:00,109.0,102.28428
Can Pastilla 2,2025-06-02 10:00:00,130.0,122.43991
Can Pastilla 2,2025-06-02 11:00:00,98.0,134.99432
Can Pastilla 2,2025-06-02 12:00:00,109.0,127.299736
Can Pastilla 2,2025-06-02 13:00:00,70.0,101.964424
Can Pastilla 2,2025-06-02 14:00:00,66.0,87.78486
Can Pastilla 2,2025-06-02 15:00:00,49.0,76.69112
Can Pastilla 2,2025-06-02 16:00:00,46.0,62.781315
Can Pastilla 2,2025-06-02 17:00:00,46.0,21.528082
Can Pastilla 2,2025-06-02 18:00:00,129.0,81.98115
Can Pastilla 2,2025-06-02 19:00:00,145.0,97.360115
Can Pastilla 2,2025-06-02 20:00:00,157.0,107.99826
Can Pastilla 2,2025-06-03 08:00:00,120.0,108.291115
Can Pastilla 2,2025-06-03 09:00:00,132.0,114.412865
Can Pastilla 2,2025-06-03 10:00:00,144.0,117.39035
Can Pastilla 2,2025-06-03 11:00:00,96.0,121.71063
Can Pastilla 2,2025-06-03 12:00:00,93.0,124.30733
Can Pastilla 2,2025-06-03 13:00:00,87.0,112.01832
Can Pastilla 2,2025-06-03 14:00:00,60.0,86.00895
Can Pastilla 2,2025-06-03 15:00:00,44.0,64.91599
Can Pastilla 2,2025-06-03 16:00:00,43.0,53.92258
Can Pastilla 2,2025-06-03 17:00:00,48.0,21.510456
Can Pastilla 2,2025-06-03 18:00:00,89.0,87.92673
Can Pastilla 2,2025-06-03 19:00:00,130.0,120.28566
Can Pastilla 2,2025-06-03 20:00:00,141.0,105.464676
Can Pastilla 2,2025-06-04 08:00:00,78.0,101.20179
Can Pastilla 2,2025-06-04 09:00:00,99.0,78.12875
Can Pastilla 2,2025-06-04 10:00:00,115.0,95.02051
Can Pastilla 2,2025-06-04 11:00:00,88.0,105.81816
Can Pastilla 2,2025-06-04 12:00:00,94.0,105.90522
Can Pastilla 2,2025-06-04 13:00:00,146.0,87.97368
Can Pastilla 2,2025-06-04 14:00:00,67.0,81.40506
Can Pastilla 2,2025-06-04 15:00:00,34.0,61.5865
Can Pastilla 2,2025-06-04 16:00:00,50.0,49.88115
Can Pastilla 2,2025-06-04 17:00:00,29.0,16.457277
Can Pastilla 2,2025-06-04 18:00:00,98.0,84.476395
Can Pastilla 2,2025-06-04 19:00:00,178.0,98.31044
Can Pastilla 2,2025-06-04 20:00:00,184.0,100.58341
Can Pastilla 2,2025-06-05 08:00:00,150.0,104.63251
Can Pastilla 2,2025-06-05 09:00:00,139.0,105.576256
Can Pastilla 2,2025-06-05 10:00:00,145.0,111.400024
Can Pastilla 2,2025-06-05 11:00:00,172.0,114.22354
Can Pastilla 2,2025-06-05 12:00:00,145.0,109.69557
Can Pastilla 2,2025-06-05 13:00:00,124.0,104.804306
Can Pastilla 2,2025-06-05 14:00:00,118.0,90.75601
Can Pastilla 2,2025-06-05 15:00:00,53.0,69.64322
Can Pastilla 2,2025-06-05 16:00:00,52.0,53.862335
Can Pastilla 2,2025-06-05 17:00:00,22.0,19.273365
Can Pastilla 2,2025-06-05 18:00:00,114.0,71.540985
Can Pastilla 2,2025-06-05 19:00:00,172.0,94.33992
Can Pastilla 2,2025-06-05 20:00:00,192.0,87.77341
Can Pastilla 2,2025-06-06 08:00:00,143.0,109.10545
Can Pastilla 2,2025-06-06 09:00:00,107.0,103.68914
Can Pastilla 2,2025-06-06 10:00:00,131.0,108.092415
Can Pastilla 2,2025-06-06 11:00:00,154.0,124.75406
Can Pastilla 2,2025-06-06 12:00:00,102.0,127.90999
Can Pastilla 2,2025-06-06 13:00:00,108.0,108.109856
Can Pastilla 2,2025-06-06 14:00:00,106.0,98.839195
Can Pastilla 2,2025-06-06 15:00:00,58.0,83.29902
Can Pastilla 2,2025-06-06 16:00:00,55.0,74.09445
Can Pastilla 2,2025-06-06 17:00:00,25.0,39.69833
Can Pastilla 2,2025-06-06 18:00:00,101.0,85.23311
Can Pastilla 2,2025-06-06 19:00:00,148.0,111.66686
Can Pastilla 2,2025-06-06 20:00:00,135.0,115.325485
Can Pastilla 2,2025-06-07 08:00:00,122.0,110.693565
Can Pastilla 2,2025-06-07 09:00:00,122.0,102.613174
Can Pastilla 2,2025-06-07 10:00:00,90.0,109.304726
Can Pastilla 2,2025-06-07 11:00:00,110.0,112.69006
Can Pastilla 2,2025-06-07 12:00:00,98.0,109.36288
Can Pastilla 2,2025-06-07 13:00:00,106.0,114.71074
Can Pastilla 2,2025-06-07 14:00:00,68.0,89.77804
Can Pastilla 2,2025-06-07 15:00:00,46.0,65.94696
Can Pastilla 2,2025-06-07 16:00:00,43.0,63.026047
Can Pastilla 2,2025-06-07 17:00:00,44.0,23.663996
Can Pastilla 2,2025-06-07 18:00:00,92.0,82.062996
Can Pastilla 2,2025-06-07 19:00:00,146.0,92.84552
Can Pastilla 2,2025-06-07 20:00:00,125.0,106.514366
Can Pastilla 2,2025-06-08 08:00:00,108.0,116.38255
Can Pastilla 2,2025-06-08 09:00:00,102.0,94.92255
Can Pastilla 2,2025-06-08 10:00:00,145.0,121.982864
Can Pastilla 2,2025-06-08 11:00:00,130.0,125.229385
Can Pastilla 2,2025-06-08 12:00:00,125.0,124.75194
Can Pastilla 2,2025-06-08 13:00:00,97.0,115.285
Can Pastilla 2,2025-06-08 14:00:00,88.0,93.2993
Can Pastilla 2,2025-06-08 15:00:00,51.0,71.659164
Can Pastilla 2,2025-06-08 16:00:00,29.0,49.83873
Can Pastilla 2,2025-06-08 17:00:00,60.0,24.302158
Can Pastilla 2,2025-06-08 18:00:00,112.0,89.71733
Can Pastilla 2,2025-06-08 19:00:00,140.0,116.00289
Can Pastilla 2,2025-06-08 20:00:00,163.0,117.94898
Can Pastilla 2,2025-06-09 08:00:00,127.0,123.138306
Can Pastilla 2,2025-06-09 09:00:00,113.0,109.67492
Can Pastilla 2,2025-06-09 10:00:00,111.0,130.37135
Can Pastilla 2,2025-06-09 11:00:00,143.0,138.57881
Can Pastilla 2,2025-06-09 12:00:00,130.0,130.24268
Can Pastilla 2,2025-06-09 13:00:00,104.0,120.504105
Can Pastilla 2,2025-06-09 14:00:00,79.0,88.48825
Can Pastilla 2,2025-06-09 15:00:00,54.0,70.33879
Can Pastilla 2,2025-06-09 16:00:00,48.0,61.29239
Can Pastilla 2,2025-06-09 17:00:00,43.0,28.63561
Can Pastilla 2,2025-06-09 18:00:00,129.0,101.77011
Can Pastilla 2,2025-06-09 19:00:00,183.0,112.31334
Can Pastilla 2,2025-06-09 20:00:00,198.0,112.762474
Can Pastilla 2,2025-06-10 08:00:00,105.0,128.34746
Can Pastilla 2,2025-06-10 09:00:00,97.0,125.847916
Can Pastilla 2,2025-06-10 10:00:00,126.0,141.03865
Can Pastilla 2,2025-06-10 11:00:00,124.0,129.68758
Can Pastilla 2,2025-06-10 12:00:00,144.0,131.95828
Can Pastilla 2,2025-06-10 13:00:00,119.0,115.617516
Can Pastilla 2,2025-06-10 14:00:00,94.0,94.762375
Can Pastilla 2,2025-06-10 15:00:00,59.0,79.22897
Can Pastilla 2,2025-06-10 16:00:00,36.0,64.388466
Can Pastilla 2,2025-06-10 17:00:00,44.0,31.46797
Can Pastilla 2,2025-06-10 18:00:00,62.0,98.84725
Can Pastilla 2,2025-06-10 19:00:00,122.0,121.34737
Can Pastilla 2,2025-06-10 20:00:00,175.0,128.01779
Can Pastilla 2,2025-06-11 08:00:00,161.0,129.93826
Can Pastilla 2,2025-06-11 09:00:00,124.0,115.95637
Can Pastilla 2,2025-06-11 10:00:00,137.0,122.80137
Can Pastilla 2,2025-06-11 11:00:00,142.0,135.32492
Can Pastilla 2,2025-06-11 12:00:00,178.0,125.72964
Can Pastilla 2,2025-06-11 13:00:00,143.0,119.18947
Can Pastilla 2,2025-06-11 14:00:00,113.0,96.97492
Can Pastilla 2,2025-06-11 15:00:00,85.0,79.51737
Can Pastilla 2,2025-06-11 16:00:00,43.0,76.490105
Can Pastilla 2,2025-06-11 17:00:00,42.0,38.95218
Can Pastilla 2,2025-06-11 18:00:00,86.0,93.17393
Can Pastilla 2,2025-06-11 19:00:00,133.0,120.44345
Can Pastilla 2,2025-06-11 20:00:00,185.0,124.98871
Can Pastilla 2,2025-06-12 08:00:00,183.0,122.142685
Can Pastilla 2,2025-06-12 09:00:00,125.0,103.33104
Can Pastilla 2,2025-06-12 10:00:00,155.0,126.7453
Can Pastilla 2,2025-06-12 11:00:00,162.0,139.18666
Can Pastilla 2,2025-06-12 12:00:00,170.0,127.95552
Can Pastilla 2,2025-06-12 13:00:00,140.0,122.308754
Can Pastilla 2,2025-06-12 14:00:00,134.0,114.338936
Can Pastilla 2,2025-06-12 15:00:00,96.0,86.34425
Can Pastilla 2,2025-06-12 16:00:00,57.0,68.86355
Can Pastilla 2,2025-06-12 17:00:00,42.0,48.170364
Can Pastilla 2,2025-06-12 18:00:00,107.0,86.90653
Can Pastilla 2,2025-06-12 19:00:00,172.0,117.48313
Can Pastilla 2,2025-06-12 20:00:00,221.0,131.54918
Can Pastilla 2,2025-06-13 08:00:00,204.0,136.5716
Can Pastilla 2,2025-06-13 09:00:00,156.0,120.57136
Can Pastilla 2,2025-06-13 10:00:00,148.0,151.96991
Can Pastilla 2,2025-06-13 11:00:00,157.0,164.84227
Can Pastilla 2,2025-06-13 12:00:00,167.0,143.49567
Can Pastilla 2,2025-06-13 13:00:00,178.0,127.946144
Can Pastilla 2,2025-06-13 14:00:00,115.0,113.11449
Can Pastilla 2,2025-06-13 15:00:00,87.0,100.014626
Can Pastilla 2,2025-06-13 16:00:00,42.0,82.39484
Can Pastilla 2,2025-06-13 17:00:00,57.0,30.153593
Can Pastilla 2,2025-06-13 18:00:00,102.0,87.06767
Can Pastilla 2,2025-06-13 19:00:00,164.0,98.14528
Can Pastilla 2,2025-06-13 20:00:00,163.0,119.17067
Can Pastilla 2,2025-06-14 08:00:00,196.0,122.8048
Can Pastilla 2,2025-06-14 09:00:00,125.0,100.93197
Can Pastilla 2,2025-06-14 10:00:00,150.0,145.8186
Can Pastilla 2,2025-06-14 11:00:00,188.0,160.6279
Can Pastilla 2,2025-06-14 12:00:00,187.0,127.819626
Can Pastilla 2,2025-06-14 13:00:00,166.0,124.52316
Can Pastilla 2,2025-06-14 14:00:00,118.0,110.12365
Can Pastilla 2,2025-06-14 15:00:00,137.0,97.62836
Can Pastilla 2,2025-06-14 16:00:00,129.0,81.27328
Can Pastilla 2,2025-06-14 17:00:00,99.0,51.72999
Can Pastilla 2,2025-06-14 18:00:00,85.0,85.661385
Can Pastilla 2,2025-06-14 19:00:00,136.0,103.05813
Can Pastilla 2,2025-06-14 20:00:00,177.0,116.106384
Can Pastilla 2,2025-06-15 08:00:00,145.0,131.4435
Can Pastilla 2,2025-06-15 09:00:00,132.0,112.6148
Can Pastilla 2,2025-06-15 10:00:00,141.0,149.45787
Can Pastilla 2,2025-06-15 11:00:00,174.0,180.52069
Can Pastilla 2,2025-06-15 12:00:00,208.0,139.21118
Can Pastilla 2,2025-06-15 13:00:00,192.0,133.39713
Can Pastilla 2,2025-06-15 14:00:00,102.0,128.92543
Can Pastilla 2,2025-06-15 15:00:00,73.0,110.58218
Can Pastilla 2,2025-06-15 16:00:00,45.0,97.52207
Can Pastilla 2,2025-06-15 17:00:00,41.0,62.42896
Can Pastilla 2,2025-06-15 18:00:00,124.0,65.764786
Can Pastilla 2,2025-06-15 19:00:00,162.0,117.914276
Can Pastilla 2,2025-06-15 20:00:00,175.0,128.99391
Can Pastilla 2,2025-06-16 08:00:00,203.0,131.81358
Can Pastilla 2,2025-06-16 09:00:00,134.0,127.95423
Can Pastilla 2,2025-06-16 10:00:00,165.0,163.50885
Can Pastilla 2,2025-06-16 11:00:00,170.0,149.43039
Can Pastilla 2,2025-06-16 12:00:00,159.0,146.42554
Can Pastilla 2,2025-06-16 13:00:00,170.0,139.63986
Can Pastilla 2,2025-06-16 14:00:00,141.0,109.03784
Can Pastilla 2,2025-06-16 15:00:00,103.0,107.650795
Can Pastilla 2,2025-06-16 16:00:00,50.0,90.94466
Can Pastilla 2,2025-06-16 17:00:00,46.0,50.728817
Can Pastilla 2,2025-06-16 18:00:00,109.0,93.1773
Can Pastilla 2,2025-06-16 19:00:00,161.0,107.81523
Can Pastilla 2,2025-06-16 20:00:00,162.0,113.71085
Can Pastilla 2,2025-06-17 08:00:00,180.0,134.41968
Can Pastilla 2,2025-06-17 09:00:00,136.0,121.67348
Can Pastilla 2,2025-06-17 10:00:00,122.0,153.60152
Can Pastilla 2,2025-06-17 11:00:00,171.0,148.57182
Can Pastilla 2,2025-06-17 12:00:00,172.0,138.0446
Can Pastilla 2,2025-06-17 13:00:00,168.0,125.20708
Can Pastilla 2,2025-06-17 14:00:00,105.0,114.74391
Can Pastilla 2,2025-06-17 15:00:00,88.0,99.693726
Can Pastilla 2,2025-06-17 16:00:00,53.0,83.589424
Can Pastilla 2,2025-06-17 17:00:00,33.0,46.919315
Can Pastilla 2,2025-06-17 18:00:00,145.0,75.6454
Can Pastilla 2,2025-06-17 19:00:00,154.0,106.36103
Can Pastilla 2,2025-06-17 20:00:00,206.0,116.96813
Can Pastilla 2,2025-06-18 08:00:00,186.0,118.87728
Can Pastilla 2,2025-06-18 09:00:00,134.0,117.168495
Can Pastilla 2,2025-06-18 10:00:00,182.0,138.07596
Can Pastilla 2,2025-06-18 11:00:00,182.0,127.59054
Can Pastilla 2,2025-06-18 12:00:00,171.0,133.69716
Can Pastilla 2,2025-06-18 13:00:00,176.0,126.19276
Can Pastilla 2,2025-06-18 14:00:00,108.0,101.4242
Can Pastilla 2,2025-06-18 15:00:00,81.0,79.863235
Can Pastilla 2,2025-06-18 16:00:00,26.0,68.257935
Can Pastilla 2,2025-06-18 17:00:00,35.0,38.629242
Can Pastilla 2,2025-06-18 18:00:00,133.0,77.78548
Can Pastilla 2,2025-06-18 19:00:00,197.0,98.17295
Can Pastilla 2,2025-06-18 20:00:00,236.0,116.61058
Can Pastilla 2,2025-06-19 08:00:00,233.0,129.17238
Can Pastilla 2,2025-06-19 09:00:00,157.0,120.97274
Can Pastilla 2,2025-06-19 10:00:00,130.0,150.09464
Can Pastilla 2,2025-06-19 11:00:00,181.0,178.33772
Can Pastilla 2,2025-06-19 12:00:00,211.0,136.92989
Can Pastilla 2,2025-06-19 13:00:00,162.0,134.43921
Can Pastilla 2,2025-06-19 14:00:00,127.0,138.01277
Can Pastilla 2,2025-06-19 15:00:00,88.0,115.69546
Can Pastilla 2,2025-06-19 16:00:00,53.0,104.68759
Can Pastilla 2,2025-06-19 17:00:00,44.0,70.44936
Can Pastilla 2,2025-06-19 18:00:00,114.0,69.90204
Can Pastilla 2,2025-06-19 19:00:00,204.0,114.83311
Can Pastilla 2,2025-06-19 20:00:00,218.0,137.5588
Can Pastilla 2,2025-06-20 08:00:00,239.0,139.43253
Can Pastilla 2,2025-06-20 09:00:00,172.0,142.86638
Can Pastilla 2,2025-06-20 10:00:00,135.0,175.21965
Can Pastilla 2,2025-06-20 11:00:00,172.0,178.11522
Can Pastilla 2,2025-06-20 12:00:00,170.0,154.59543
Can Pastilla 2,2025-06-20 13:00:00,149.0,152.34088
Can Pastilla 2,2025-06-20 14:00:00,109.0,140.05518
Can Pastilla 2,2025-06-20 15:00:00,88.0,110.90581
Can Pastilla 2,2025-06-20 16:00:00,46.0,97.20623
Can Pastilla 2,2025-06-20 17:00:00,54.0,60.331974
Can Pastilla 2,2025-06-20 18:00:00,153.0,69.222694
Can Pastilla 2,2025-06-20 19:00:00,156.0,92.27286
Can Pastilla 2,2025-06-20 20:00:00,231.0,125.250114
Can Pastilla 2,2025-06-21 08:00:00,200.0,135.5328
Can Pastilla 2,2025-06-21 09:00:00,140.0,127.216774
Can Pastilla 2,2025-06-21 10:00:00,139.0,152.35152
Can Pastilla 2,2025-06-21 11:00:00,194.0,145.74927
Can Pastilla 2,2025-06-21 12:00:00,190.0,149.11105
Can Pastilla 2,2025-06-21 13:00:00,141.0,139.21611
Can Pastilla 2,2025-06-21 14:00:00,67.0,124.418304
Can Pastilla 2,2025-06-21 15:00:00,38.0,102.92133
Can Pastilla 2,2025-06-21 16:00:00,47.0,62.13038
Can Pastilla 2,2025-06-21 17:00:00,158.0,63.415382
Can Pastilla 2,2025-06-21 18:00:00,194.0,84.05588
Can Pastilla 2,2025-06-21 19:00:00,196.0,105.82112
Can Pastilla 2,2025-06-21 20:00:00,231.0,133.28886
Can Pastilla 2,2025-06-22 08:00:00,134.0,138.44588
Can Pastilla 2,2025-06-22 09:00:00,145.0,152.50758
Can Pastilla 2,2025-06-22 10:00:00,141.0,141.04683
Can Pastilla 2,2025-06-22 11:00:00,167.0,145.7391
Can Pastilla 2,2025-06-22 12:00:00,200.0,140.14166
Can Pastilla 2,2025-06-22 13:00:00,101.0,145.70097
Can Pastilla 2,2025-06-22 14:00:00,103.0,140.43452
Can Pastilla 2,2025-06-22 15:00:00,60.0,126.41259
Can Pastilla 2,2025-06-22 16:00:00,52.0,65.205734
Can Pastilla 2,2025-06-22 17:00:00,137.0,64.447845
Can Pastilla 2,2025-06-22 18:00:00,173.0,89.79859
Can Pastilla 2,2025-06-22 19:00:00,201.0,116.43916
Can Pastilla 2,2025-06-22 20:00:00,192.0,136.60175
Can Pastilla 2,2025-06-23 08:00:00,161.0,153.16072
Can Pastilla 2,2025-06-23 09:00:00,178.0,153.81735
Can Pastilla 2,2025-06-23 10:00:00,160.0,138.57866
Can Pastilla 2,2025-06-23 11:00:00,149.0,138.00482
Can Pastilla 2,2025-06-23 12:00:00,143.0,133.92741
Can Pastilla 2,2025-06-23 13:00:00,92.0,130.1099
Can Pastilla 2,2025-06-23 14:00:00,107.0,132.53644
Can Pastilla 2,2025-06-23 15:00:00,72.0,106.74188
Can Pastilla 2,2025-06-23 16:00:00,38.0,66.93562
Can Pastilla 2,2025-06-23 17:00:00,132.0,63.587452
Can Pastilla 2,2025-06-23 18:00:00,210.0,94.38831
Can Pastilla 2,2025-06-23 19:00:00,196.0,127.83941
Can Pastilla 2,2025-06-23 20:00:00,152.0,139.82755
Can Pastilla 2,2025-06-24 08:00:00,143.0,138.66832
Can Pastilla 2,2025-06-24 09:00:00,147.0,164.44223
Can Pastilla 2,2025-06-24 10:00:00,175.0,194.73286
Can Pastilla 2,2025-06-24 11:00:00,177.0,150.16605
Can Pastilla 2,2025-06-24 12:00:00,176.0,153.97615
Can Pastilla 2,2025-06-24 13:00:00,128.0,149.47021
Can Pastilla 2,2025-06-24 14:00:00,98.0,148.36601
Can Pastilla 2,2025-06-24 15:00:00,46.0,138.92677
Can Pastilla 2,2025-06-24 16:00:00,46.0,90.71055
Can Pastilla 2,2025-06-24 17:00:00,112.0,56.146606
Can Pastilla 2,2025-06-24 18:00:00,179.0,99.19373
Can Pastilla 2,2025-06-24 19:00:00,183.0,139.04372
Can Pastilla 2,2025-06-24 20:00:00,207.0,144.96323
Can Pastilla 2,2025-06-25 08:00:00,151.0,120.43673
Can Pastilla 2,2025-06-25 09:00:00,186.0,163.59769
Can Pastilla 2,2025-06-25 10:00:00,187.0,156.2195
Can Pastilla 2,2025-06-25 11:00:00,186.0,162.38158
Can Pastilla 2,2025-06-25 12:00:00,163.0,164.41171
Can Pastilla 2,2025-06-25 13:00:00,107.0,196.44246
Can Pastilla 2,2025-06-25 14:00:00,95.0,149.29266
Can Pastilla 2,2025-06-25 15:00:00,56.0,126.95583
Can Pastilla 2,2025-06-25 16:00:00,63.0,85.04485
Can Pastilla 2,2025-06-25 17:00:00,104.0,57.7971
Can Pastilla 2,2025-06-25 18:00:00,187.0,96.36341
Can Pastilla 2,2025-06-25 19:00:00,231.0,123.52742
Can Pastilla 2,2025-06-25 20:00:00,197.0,133.82819
Can Pastilla 2,2025-06-26 08:00:00,175.0,139.87146
Can Pastilla 2,2025-06-26 09:00:00,181.0,166.22021
Can Pastilla 2,2025-06-26 10:00:00,201.0,182.06314
Can Pastilla 2,2025-06-26 11:00:00,182.0,160.8605
Can Pastilla 2,2025-06-26 12:00:00,111.0,126.478745
Can Pastilla 2,2025-06-26 13:00:00,106.0,229.96114
Can Pastilla 2,2025-06-26 14:00:00,104.0,139.53285
Can Pastilla 2,2025-06-26 15:00:00,52.0,132.02295
Can Pastilla 2,2025-06-26 16:00:00,62.0,94.97693
Can Pastilla 2,2025-06-26 17:00:00,90.0,59.118504
Can Pastilla 2,2025-06-26 18:00:00,148.0,53.18758
Can Pastilla 2,2025-06-26 19:00:00,218.0,120.91517
Can Pastilla 2,2025-06-26 20:00:00,222.0,147.82854
Can Pastilla 2,2025-06-27 08:00:00,172.0,126.11196
Can Pastilla 2,2025-06-27 09:00:00,155.0,147.0188
Can Pastilla 2,2025-06-27 10:00:00,199.0,169.41812
Can Pastilla 2,2025-06-27 11:00:00,198.0,185.61441
Can Pastilla 2,2025-06-27 12:00:00,156.0,169.95372
Can Pastilla 2,2025-06-27 13:00:00,152.0,219.3436
Can Pastilla 2,2025-06-27 14:00:00,116.0,156.81857
Can Pastilla 2,2025-06-27 15:00:00,59.0,143.74939
Can Pastilla 2,2025-06-27 16:00:00,83.0,89.9116
Can Pastilla 2,2025-06-27 17:00:00,126.0,66.03819
Can Pastilla 2,2025-06-27 18:00:00,167.0,92.74551
Can Pastilla 2,2025-06-27 19:00:00,205.0,101.76375
Can Pastilla 2,2025-06-27 20:00:00,139.0,130.02989
Can Pastilla 2,2025-06-28 08:00:00,123.0,134.50282
Can Pastilla 2,2025-06-28 09:00:00,167.0,172.52913
Can Pastilla 2,2025-06-28 10:00:00,172.0,181.9886
Can Pastilla 2,2025-06-28 11:00:00,164.0,175.4937
Can Pastilla 2,2025-06-28 12:00:00,133.0,152.05502
Can Pastilla 2,2025-06-28 13:00:00,112.0,146.07101
Can Pastilla 2,2025-06-28 14:00:00,71.0,137.79948
Can Pastilla 2,2025-06-28 15:00:00,66.0,120.34693
Can Pastilla 2,2025-06-28 16:00:00,40.0,73.89542
Can Pastilla 2,2025-06-28 17:00:00,49.0,72.16167
Can Pastilla 2,2025-06-28 18:00:00,45.0,78.60496
Can Pastilla 2,2025-06-28 19:00:00,39.0,73.090836
Can Pastilla 2,2025-06-28 20:00:00,54.0,80.725136
Can Pastilla 2,2025-06-29 08:00:00,46.0,120.04038
Can Pastilla 2,2025-06-29 09:00:00,50.0,170.11372
Can Pastilla 2,2025-06-29 10:00:00,68.0,178.81699
Can Pastilla 2,2025-06-29 11:00:00,77.0,164.58878
Can Pastilla 2,2025-06-29 12:00:00,66.0,140.54381
Can Pastilla 2,2025-06-29 13:00:00,38.0,138.66364
Can Pastilla 2,2025-06-29 14:00:00,44.0,154.66121
Can Pastilla 2,2025-06-29 15:00:00,44.0,89.434135
Can Pastilla 2,2025-06-29 16:00:00,55.0,41.36234
Can Pastilla 2,2025-06-29 17:00:00,163.0,105.38802
Can Pastilla 2,2025-06-29 18:00:00,226.0,144.76686
Can Pastilla 2,2025-06-29 19:00:00,180.0,146.8987
Can Pastilla 2,2025-06-29 20:00:00,190.0,166.33734
Can Pastilla 2,2025-06-30 08:00:00,123.0,171.12646
Can Pastilla 2,2025-06-30 09:00:00,134.0,193.74353
Can Pastilla 2,2025-06-30 10:00:00,143.0,196.43953
Can Pastilla 2,2025-06-30 11:00:00,127.0,204.08563
Can Pastilla 2,2025-06-30 12:00:00,153.0,167.8716
Can Pastilla 2,2025-06-30 13:00:00,96.0,133.05733
Can Pastilla 2,2025-06-30 14:00:00,65.0,118.99459
Can Pastilla 2,2025-06-30 15:00:00,45.0,81.18019
Can Pastilla 2,2025-06-30 17:00:00,29.0,4.9978538
Can Pastilla 2,2025-06-30 18:00:00,18.0,91.10411
Can Pastilla 2,2025-06-30 19:00:00,64.0,137.401
Can Pastilla 2,2025-06-30 20:00:00,116.0,151.5778
Can Pastilla 2,2025-07-01 08:00:00,124.0,163.4048
Can Pastilla 2,2025-07-01 09:00:00,130.0,193.4151
Can Pastilla 2,2025-07-01 10:00:00,141.0,202.41652
Can Pastilla 2,2025-07-01 11:00:00,165.0,209.34264
Can Pastilla 2,2025-07-01 12:00:00,170.0,201.59752
Can Pastilla 2,2025-07-01 13:00:00,134.0,200.42194
Can Pastilla 2,2025-07-01 14:00:00,106.0,158.23764
Can Pastilla 2,2025-07-01 15:00:00,73.0,123.38999
Can Pastilla 2,2025-07-01 16:00:00,60.0,104.837975
Can Pastilla 2,2025-07-01 17:00:00,57.0,6.059582
Can Pastilla 2,2025-07-01 18:00:00,107.0,85.34847
Can Pastilla 2,2025-07-01 19:00:00,166.0,121.96377
Can Pastilla 2,2025-07-01 20:00:00,182.0,156.82672
Can Pastilla 2,2025-07-02 08:00:00,172.0,158.11528
Can Pastilla 2,2025-07-02 09:00:00,129.0,160.6626
Can Pastilla 2,2025-07-02 10:00:00,166.0,187.52242
Can Pastilla 2,2025-07-02 11:00:00,137.0,179.54626
Can Pastilla 2,2025-07-02 12:00:00,91.0,149.75462
Can Pastilla 2,2025-07-02 13:00:00,64.0,122.53745
Can Pastilla 2,2025-07-02 14:00:00,37.0,95.68772
Can Pastilla 2,2025-07-02 15:00:00,39.0,15.88143
Can Pastilla 2,2025-07-02 16:00:00,67.0,70.25493
Can Pastilla 2,2025-07-02 17:00:00,106.0,67.87846
Can Pastilla 2,2025-07-02 18:00:00,143.0,90.149025
Can Pastilla 2,2025-07-02 19:00:00,152.0,144.53351
Can Pastilla 2,2025-07-02 20:00:00,140.0,149.47629
Can Pastilla 2,2025-07-03 08:00:00,128.0,156.84169
Can Pastilla 2,2025-07-03 09:00:00,121.0,203.34918
Can Pastilla 2,2025-07-03 10:00:00,103.0,199.77196
Can Pastilla 2,2025-07-03 11:00:00,107.0,181.40413
Can Pastilla 2,2025-07-03 12:00:00,81.0,176.31215
Can Pastilla 2,2025-07-03 13:00:00,64.0,139.27405
Can Pastilla 2,2025-07-03 14:00:00,42.0,102.29117
Can Pastilla 2,2025-07-03 15:00:00,51.0,27.728178
Can Pastilla 2,2025-07-03 16:00:00,120.0,98.32106
Can Pastilla 2,2025-07-03 17:00:00,203.0,100.89298
Can Pastilla 2,2025-07-03 18:00:00,242.0,139.49272
Can Pastilla 2,2025-07-03 19:00:00,222.0,143.6237
Can Pastilla 2,2025-07-03 20:00:00,175.0,195.21475
Can Pastilla 2,2025-07-04 08:00:00,163.0,197.24086
Can Pastilla 2,2025-07-04 09:00:00,195.0,200.9515
Can Pastilla 2,2025-07-04 10:00:00,195.0,204.48892
Can Pastilla 2,2025-07-04 11:00:00,145.0,199.13261
Can Pastilla 2,2025-07-04 12:00:00,110.0,180.68423
Can Pastilla 2,2025-07-04 13:00:00,84.0,135.988
Can Pastilla 2,2025-07-04 14:00:00,65.0,103.437645
Can Pastilla 2,2025-07-04 15:00:00,31.0,14.357329
Can Pastilla 2,2025-07-04 16:00:00,70.0,63.572315
Can Pastilla 2,2025-07-04 17:00:00,138.0,93.466606
Can Pastilla 2,2025-07-04 18:00:00,186.0,106.69506
Can Pastilla 2,2025-07-04 19:00:00,139.0,121.01987
Can Pastilla 2,2025-07-04 20:00:00,95.0,163.18906
Can Pastilla 2,2025-07-05 08:00:00,123.0,158.18973
Can Pastilla 2,2025-07-05 09:00:00,119.0,152.67484
Can Pastilla 2,2025-07-05 10:00:00,163.0,145.41617
Can Pastilla 2,2025-07-05 11:00:00,98.0,148.66458
Can Pastilla 2,2025-07-05 12:00:00,84.0,159.04172
Can Pastilla 2,2025-07-05 13:00:00,68.0,140.2208
Can Pastilla 2,2025-07-05 14:00:00,63.0,123.41229
Can Pastilla 2,2025-07-05 15:00:00,58.0,23.214668
Can Pastilla 2,2025-07-05 16:00:00,123.0,82.264244
Can Pastilla 2,2025-07-05 17:00:00,169.0,96.91557
Can Pastilla 2,2025-07-05 18:00:00,204.0,124.38447
Can Pastilla 2,2025-07-05 19:00:00,174.0,151.9189
Can Pastilla 2,2025-07-05 20:00:00,146.0,165.1067
Can Pastilla 2,2025-07-06 08:00:00,148.0,161.25922
Can Pastilla 2,2025-07-06 09:00:00,150.0,155.68736
Can Pastilla 2,2025-07-06 10:00:00,144.0,184.83984
Can Pastilla 2,2025-07-06 11:00:00,116.0,175.60435
Can Pastilla 2,2025-07-06 12:00:00,107.0,173.06381
Can Pastilla 2,2025-07-06 13:00:00,76.0,134.21214
Can Pastilla 2,2025-07-06 14:00:00,35.0,112.82189
Can Pastilla 2,2025-07-06 15:00:00,43.0,26.00906
Can Pastilla 2,2025-07-06 16:00:00,133.0,77.48121
Can Pastilla 2,2025-07-06 17:00:00,169.0,98.897766
Can Pastilla 2,2025-07-06 18:00:00,203.0,137.32901
Can Pastilla 2,2025-07-06 19:00:00,202.0,167.65729
Can Pastilla 2,2025-07-06 20:00:00,159.0,167.06133
Can Pastilla 2,2025-07-07 08:00:00,144.0,183.16435
Can Pastilla 2,2025-07-07 09:00:00,167.0,200.19217
Can Pastilla 2,2025-07-07 10:00:00,118.0,207.2241
Can Pastilla 2,2025-07-07 11:00:00,102.0,176.81207
Can Pastilla 2,2025-07-07 12:00:00,107.0,149.30165
Can Pastilla 2,2025-07-07 13:00:00,62.0,116.82031
Can Pastilla 2,2025-07-07 14:00:00,32.0,99.76249
Can Pastilla 2,2025-07-07 15:00:00,55.0,5.57219
Can Pastilla 2,2025-07-07 16:00:00,161.0,75.020874
Can Pastilla 2,2025-07-07 17:00:00,209.0,139.10767
Can Pastilla 2,2025-07-07 18:00:00,224.0,133.3837
Can Pastilla 2,2025-07-07 19:00:00,210.0,145.40913
Can Pastilla 2,2025-07-07 20:00:00,158.0,146.96683
Can Pastilla 2,2025-07-08 08:00:00,192.0,136.98848
Can Pastilla 2,2025-07-08 09:00:00,170.0,153.38445
Can Pastilla 2,2025-07-08 10:00:00,158.0,139.88345
Can Pastilla 2,2025-07-08 11:00:00,144.0,125.98645
Can Pastilla 2,2025-07-08 12:00:00,114.0,125.23303
Can Pastilla 2,2025-07-08 13:00:00,80.0,111.171875
Can Pastilla 2,2025-07-08 14:00:00,42.0,89.25999
Can Pastilla 2,2025-07-08 15:00:00,40.0,49.9016
Can Pastilla 2,2025-07-08 16:00:00,171.0,119.57635
Can Pastilla 2,2025-07-08 17:00:00,186.0,150.11292
Can Pastilla 2,2025-07-08 18:00:00,219.0,170.55727
Can Pastilla 2,2025-07-08 19:00:00,183.0,199.06583
Can Pastilla 2,2025-07-08 20:00:00,152.0,196.1172
Can Pastilla 2,2025-07-09 08:00:00,134.0,175.01335
Can Pastilla 2,2025-07-09 09:00:00,165.0,170.76694
Can Pastilla 2,2025-07-09 10:00:00,204.0,160.41934
Can Pastilla 2,2025-07-09 11:00:00,137.0,128.67616
Can Pastilla 2,2025-07-09 12:00:00,100.0,128.55188
Can Pastilla 2,2025-07-09 13:00:00,80.0,111.13576
Can Pastilla 2,2025-07-09 14:00:00,73.0,109.37526
Can Pastilla 2,2025-07-09 15:00:00,34.0,45.107815
Can Pastilla 2,2025-07-09 16:00:00,137.0,29.347675
Can Pastilla 2,2025-07-09 17:00:00,190.0,68.46451
Can Pastilla 2,2025-07-09 18:00:00,210.0,116.341125
Can Pastilla 2,2025-07-09 19:00:00,182.0,121.71458
Can Pastilla 2,2025-07-09 20:00:00,144.0,137.42598
Can Pastilla 2,2025-07-10 08:00:00,168.0,132.99074
Can Pastilla 2,2025-07-10 09:00:00,209.0,122.59373
Can Pastilla 2,2025-07-10 10:00:00,146.0,112.63903
Can Pastilla 2,2025-07-10 11:00:00,150.0,125.646904
Can Pastilla 2,2025-07-10 12:00:00,115.0,117.44369
Can Pastilla 2,2025-07-10 13:00:00,73.0,107.55714
Can Pastilla 2,2025-07-10 14:00:00,74.0,100.6396
Can Pastilla 2,2025-07-10 15:00:00,73.0,31.077408
Can Pastilla 2,2025-07-10 16:00:00,132.0,35.298794
Can Pastilla 2,2025-07-10 17:00:00,215.0,79.97602
Can Pastilla 2,2025-07-10 18:00:00,215.0,100.073425
Can Pastilla 2,2025-07-10 19:00:00,217.0,121.402824
Can Pastilla 2,2025-07-10 20:00:00,186.0,125.40065
Can Pastilla 2,2025-07-11 08:00:00,197.0,146.49072
Can Pastilla 2,2025-07-11 09:00:00,194.0,163.96506
Can Pastilla 2,2025-07-11 10:00:00,202.0,161.60101
Can Pastilla 2,2025-07-11 11:00:00,147.0,155.2037
Can Pastilla 2,2025-07-11 12:00:00,134.0,156.90305
Can Pastilla 2,2025-07-11 15:00:00,75.0,138.34518
Can Pastilla 2,2025-07-11 16:00:00,55.0,102.22789
Can Pastilla 2,2025-07-11 17:00:00,70.0,42.397022
Can Pastilla 2,2025-07-11 18:00:00,127.0,47.089146
Can Pastilla 2,2025-07-11 19:00:00,173.0,84.496475
Can Pastilla 2,2025-07-11 20:00:00,199.0,100.75655
Can Pastilla 2,2025-07-12 08:00:00,131.0,116.53455
Can Pastilla 2,2025-07-12 09:00:00,130.0,133.74681
Can Pastilla 2,2025-07-12 10:00:00,164.0,145.10315
Can Pastilla 2,2025-07-12 11:00:00,185.0,138.5889
Can Pastilla 2,2025-07-12 12:00:00,200.0,132.67757
Can Pastilla 2,2025-07-12 13:00:00,172.0,119.09057
Can Pastilla 2,2025-07-12 14:00:00,96.0,113.25503
Can Pastilla 2,2025-07-12 15:00:00,50.0,80.29904
Can Pastilla 2,2025-07-12 16:00:00,42.0,72.33819
Can Pastilla 2,2025-07-12 17:00:00,39.0,33.38152
Can Pastilla 2,2025-07-12 18:00:00,124.0,64.30508
Can Pastilla 2,2025-07-12 19:00:00,193.0,90.75921
Can Pastilla 2,2025-07-12 20:00:00,189.0,111.60985
Can Pastilla 2,2025-07-13 08:00:00,193.0,123.85612
Can Pastilla 2,2025-07-13 09:00:00,157.0,125.60096
Can Pastilla 2,2025-07-13 10:00:00,163.0,174.91779
Can Pastilla 2,2025-07-13 11:00:00,175.0,170.7057
Can Pastilla 2,2025-07-13 12:00:00,179.0,174.04018
Can Pastilla 2,2025-07-13 13:00:00,151.0,146.4026
Can Pastilla 2,2025-07-13 14:00:00,102.0,146.28647
Can Pastilla 2,2025-07-13 15:00:00,65.0,127.79108
Can Pastilla 2,2025-07-13 16:00:00,46.0,98.26673
Can Pastilla 2,2025-07-13 17:00:00,71.0,18.786184
Can Pastilla 2,2025-07-13 18:00:00,94.0,91.12069
Can Pastilla 2,2025-07-13 19:00:00,154.0,111.83636
Can Pastilla 2,2025-07-13 20:00:00,180.0,100.99202
Can Pastilla 2,2025-07-14 08:00:00,167.0,133.33923
Can Pastilla 2,2025-07-14 09:00:00,112.0,136.08435
Can Pastilla 2,2025-07-14 10:00:00,143.0,172.12192
Can Pastilla 2,2025-07-14 11:00:00,109.0,147.83275
Can Pastilla 2,2025-07-14 12:00:00,125.0,147.15527
Can Pastilla 2,2025-07-14 13:00:00,121.0,130.89809
Can Pastilla 2,2025-07-14 14:00:00,79.0,129.99844
Can Pastilla 2,2025-07-14 15:00:00,55.0,119.79612
Can Pastilla 2,2025-07-14 16:00:00,56.0,92.90192
Can Pastilla 2,2025-07-14 17:00:00,57.0,41.107635
Can Pastilla 2,2025-07-14 18:00:00,66.0,71.871704
Can Pastilla 2,2025-07-14 19:00:00,96.0,81.1503
Can Pastilla 2,2025-07-14 20:00:00,117.0,95.78339
Can Pastilla 2,2025-07-15 08:00:00,46.0,117.09175
Can Pastilla 2,2025-07-15 09:00:00,47.0,103.73767
Can Pastilla 2,2025-07-15 10:00:00,43.0,68.654785
Can Pastilla 2,2025-07-15 11:00:00,51.0,131.09915
Can Pastilla 2,2025-07-15 12:00:00,38.0,99.455986
Can Pastilla 2,2025-07-15 13:00:00,43.0,81.77925
Can Pastilla 2,2025-07-15 14:00:00,29.0,81.62331
Can Pastilla 2,2025-07-15 15:00:00,29.0,74.989525
Can Pastilla 2,2025-07-15 16:00:00,29.0,80.97079
Can Pastilla 2,2025-07-15 17:00:00,33.0,5.701261
Can Pastilla 2,2025-07-15 18:00:00,27.0,64.17242
Can Pastilla 2,2025-07-15 19:00:00,58.0,112.04613
Can Pastilla 2,2025-07-15 20:00:00,72.0,121.51589
Can Pastilla 2,2025-07-16 08:00:00,97.0,138.10773
Can Pastilla 2,2025-07-16 09:00:00,111.0,156.17812
Can Pastilla 2,2025-07-16 10:00:00,101.0,151.65945
Can Pastilla 2,2025-07-16 11:00:00,100.0,175.59772
Can Pastilla 2,2025-07-16 12:00:00,147.0,167.1722
Can Pastilla 2,2025-07-16 13:00:00,80.0,136.82056
Can Pastilla 2,2025-07-16 14:00:00,71.0,118.16457
Can Pastilla 2,2025-07-16 15:00:00,36.0,96.680916
Can Pastilla 2,2025-07-16 16:00:00,37.0,89.42749
Can Pastilla 2,2025-07-16 17:00:00,48.0,25.191046
Can Pastilla 2,2025-07-16 18:00:00,55.0,79.83562
Can Pastilla 2,2025-07-16 19:00:00,113.0,138.08577
Can Pastilla 2,2025-07-16 20:00:00,119.0,145.37791
Can Pastilla 2,2025-07-17 08:00:00,105.0,128.29652
Can Pastilla 2,2025-07-17 09:00:00,115.0,131.67549
Can Pastilla 2,2025-07-17 10:00:00,111.0,154.17354
Can Pastilla 2,2025-07-17 11:00:00,138.0,176.29498
Can Pastilla 2,2025-07-17 12:00:00,141.0,187.4412
Can Pastilla 2,2025-07-17 13:00:00,76.0,166.42062
Can Pastilla 2,2025-07-17 14:00:00,63.0,141.63322
Can Pastilla 2,2025-07-17 15:00:00,53.0,102.23047
Can Pastilla 2,2025-07-17 16:00:00,32.0,86.36796
Can Pastilla 2,2025-07-17 17:00:00,37.0,16.170515
Can Pastilla 2,2025-07-17 18:00:00,101.0,102.49305
Can Pastilla 2,2025-07-17 19:00:00,200.0,131.43175
Can Pastilla 2,2025-07-17 20:00:00,227.0,169.35445
Can Pastilla 2,2025-07-18 08:00:00,199.0,155.50224
Can Pastilla 2,2025-07-18 09:00:00,166.0,170.10057
Can Pastilla 2,2025-07-18 10:00:00,179.0,214.30424
Can Pastilla 2,2025-07-18 11:00:00,157.0,238.3583
Can Pastilla 2,2025-07-18 12:00:00,163.0,204.71236
Can Pastilla 2,2025-07-18 13:00:00,117.0,166.06766
Can Pastilla 2,2025-07-18 14:00:00,52.0,198.5654
Can Pastilla 2,2025-07-18 15:00:00,53.0,134.43446
Can Pastilla 2,2025-07-18 16:00:00,58.0,85.12321
Can Pastilla 2,2025-07-18 17:00:00,63.0,22.257814
Can Pastilla 2,2025-07-18 18:00:00,90.0,73.05501
Can Pastilla 2,2025-07-18 19:00:00,157.0,93.501274
Can Pastilla 2,2025-07-18 20:00:00,175.0,133.57236
Can Pastilla 2,2025-07-19 08:00:00,183.0,136.10974
Can Pastilla 2,2025-07-19 09:00:00,60.0,138.04115
Can Pastilla 2,2025-07-19 10:00:00,42.0,117.32231
Can Pastilla 2,2025-07-19 11:00:00,38.0,147.53296
Can Pastilla 2,2025-07-19 12:00:00,80.0,163.52455
Can Pastilla 2,2025-07-19 13:00:00,72.0,138.83276
Can Pastilla 2,2025-07-19 14:00:00,53.0,104.31833
Can Pastilla 2,2025-07-19 15:00:00,47.0,74.70783
Can Pastilla 2,2025-07-19 16:00:00,33.0,84.43652
Can Pastilla 2,2025-07-19 17:00:00,28.0,13.113911
Can Pastilla 2,2025-07-19 18:00:00,39.0,83.2743
Can Pastilla 2,2025-07-19 19:00:00,66.0,70.356
Can Pastilla 2,2025-07-19 20:00:00,109.0,96.286514
Can Pastilla 2,2025-07-20 08:00:00,89.0,72.629906
Can Pastilla 2,2025-07-20 09:00:00,53.0,96.35197
Can Pastilla 2,2025-07-20 10:00:00,55.0,114.39479
Can Pastilla 2,2025-07-20 11:00:00,66.0,120.3664
Can Pastilla 2,2025-07-20 12:00:00,102.0,124.74662
Can Pastilla 2,2025-07-20 13:00:00,54.0,104.95788
Can Pastilla 2,2025-07-20 14:00:00,43.0,82.8916
Can Pastilla 2,2025-07-20 15:00:00,28.0,76.57606
Can Pastilla 2,2025-07-20 16:00:00,54.0,76.88977
Can Pastilla 2,2025-07-20 17:00:00,59.0,9.344824
Can Pastilla 2,2025-07-20 18:00:00,81.0,147.93246
Can Pastilla 2,2025-07-20 19:00:00,145.0,142.61348
Can Pastilla 2,2025-07-20 20:00:00,174.0,165.27495
Can Pastilla 2,2025-07-21 08:00:00,174.0,117.27104
Can Pastilla 2,2025-07-21 09:00:00,102.0,176.89244
Can Pastilla 2,2025-07-21 10:00:00,106.0,201.53807
Can Pastilla 2,2025-07-21 11:00:00,149.0,195.1251
Can Pastilla 2,2025-07-21 12:00:00,117.0,163.43849
Can Pastilla 2,2025-07-21 13:00:00,82.0,153.0326
Can Pastilla 2,2025-07-21 14:00:00,73.0,118.08673
Can Pastilla 2,2025-07-21 15:00:00,44.0,83.99401
Can Pastilla 2,2025-07-21 16:00:00,18.0,77.909706
Can Pastilla 2,2025-07-21 17:00:00,25.0,1.4506868
Can Pastilla 2,2025-07-21 18:00:00,124.0,141.3701
Can Pastilla 2,2025-07-21 19:00:00,181.0,138.41202
Can Pastilla 2,2025-07-21 20:00:00,214.0,163.3338
Can Pastilla 2,2025-07-22 08:00:00,173.0,137.82938
Can Pastilla 2,2025-07-22 09:00:00,168.0,154.54044
Can Pastilla 2,2025-07-22 10:00:00,160.0,165.95227
Can Pastilla 2,2025-07-22 11:00:00,104.0,183.92085
Can Pastilla 2,2025-07-22 12:00:00,128.0,184.51651
Can Pastilla 2,2025-07-22 13:00:00,72.0,151.62427
Can Pastilla 2,2025-07-22 14:00:00,92.0,119.566444
Can Pastilla 2,2025-07-22 15:00:00,38.0,109.202354
Can Pastilla 2,2025-07-22 16:00:00,37.0,88.59706
Can Pastilla 2,2025-07-22 17:00:00,45.0,18.464436
Can Pastilla 2,2025-07-22 18:00:00,136.0,104.97148
Can Pastilla 2,2025-07-22 19:00:00,148.0,152.73323
Can Pastilla 2,2025-07-22 20:00:00,159.0,150.09596
Can Pastilla 2,2025-07-23 08:00:00,153.0,142.17516
Can Pastilla 2,2025-07-23 09:00:00,133.0,133.20343
Can Pastilla 2,2025-07-23 10:00:00,150.0,178.40833
Can Pastilla 2,2025-07-23 11:00:00,159.0,186.43817
Can Pastilla 2,2025-07-23 12:00:00,135.0,159.42099
Can Pastilla 2,2025-07-23 13:00:00,112.0,145.6743
Can Pastilla 2,2025-07-23 14:00:00,89.0,121.35827
Can Pastilla 2,2025-07-23 15:00:00,38.0,97.87239
Can Pastilla 2,2025-07-23 16:00:00,53.0,90.14157
Can Pastilla 2,2025-07-23 17:00:00,36.0,39.900208
Can Pastilla 2,2025-07-23 18:00:00,146.0,95.70916
Can Pastilla 2,2025-07-23 19:00:00,221.0,114.38742
Can Pastilla 2,2025-07-23 20:00:00,179.0,122.16627
Can Pastilla 2,2025-07-24 08:00:00,165.0,125.06273
Can Pastilla 2,2025-07-24 09:00:00,175.0,129.83446
Can Pastilla 2,2025-07-24 10:00:00,159.0,163.53204
Can Pastilla 2,2025-07-24 11:00:00,166.0,167.92401
Can Pastilla 2,2025-07-24 12:00:00,129.0,159.49806
Can Pastilla 2,2025-07-24 13:00:00,99.0,150.64148
Can Pastilla 2,2025-07-24 14:00:00,80.0,107.069084
Can Pastilla 2,2025-07-24 15:00:00,42.0,91.64182
Can Pastilla 2,2025-07-24 16:00:00,45.0,73.54213
Can Pastilla 2,2025-07-24 17:00:00,63.0,41.8206
Can Pastilla 2,2025-07-24 18:00:00,149.0,100.58035
Can Pastilla 2,2025-07-24 19:00:00,182.0,133.40472
Can Pastilla 2,2025-07-24 20:00:00,193.0,137.61963
Can Pastilla 2,2025-07-25 08:00:00,136.0,132.03291
Can Pastilla 2,2025-07-25 09:00:00,162.0,121.89486
Can Pastilla 2,2025-07-25 10:00:00,151.0,114.8313
Can Pastilla 2,2025-07-25 11:00:00,148.0,137.89621
Can Pastilla 2,2025-07-25 12:00:00,150.0,125.49891
Can Pastilla 2,2025-07-25 13:00:00,118.0,117.225464
Can Pastilla 2,2025-07-25 14:00:00,57.0,80.735535
Can Pastilla 2,2025-07-25 15:00:00,31.0,66.12527
Can Pastilla 2,2025-07-25 16:00:00,60.0,53.503246
Can Pastilla 2,2025-07-25 17:00:00,43.0,22.532015
Can Pastilla 2,2025-07-25 18:00:00,110.0,49.70728
Can Pastilla 2,2025-07-25 19:00:00,174.0,77.18212
Can Pastilla 2,2025-07-25 20:00:00,168.0,93.07488
Can Pastilla 2,2025-07-26 08:00:00,163.0,86.525345
Can Pastilla 2,2025-07-26 09:00:00,109.0,83.24548
Can Pastilla 2,2025-07-26 10:00:00,146.0,95.98683
Can Pastilla 2,2025-07-26 11:00:00,161.0,107.55372
Can Pastilla 2,2025-07-26 12:00:00,133.0,109.87101
Can Pastilla 2,2025-07-26 13:00:00,124.0,91.2661
Can Pastilla 2,2025-07-26 14:00:00,92.0,68.527695
Can Pastilla 2,2025-07-26 15:00:00,35.0,50.220646
Can Pastilla 2,2025-07-26 16:00:00,80.0,47.103397
Can Pastilla 2,2025-07-26 17:00:00,59.0,15.88203
Can Pastilla 2,2025-07-26 18:00:00,122.0,78.209175
Can Pastilla 2,2025-07-26 19:00:00,182.0,88.330925
Can Pastilla 2,2025-07-26 20:00:00,240.0,93.41618
Can Pastilla 2,2025-07-27 08:00:00,162.0,98.460625
Can Pastilla 2,2025-07-27 09:00:00,152.0,82.59214
Can Pastilla 2,2025-07-27 10:00:00,172.0,136.59344
Can Pastilla 2,2025-07-27 11:00:00,133.0,157.20297
Can Pastilla 2,2025-07-27 12:00:00,168.0,175.45422
Can Pastilla 2,2025-07-27 13:00:00,94.0,135.0269
Can Pastilla 2,2025-07-27 14:00:00,96.0,111.286514
Can Pastilla 2,2025-07-27 15:00:00,43.0,102.49186
Can Pastilla 2,2025-07-27 16:00:00,58.0,67.93124
Can Pastilla 2,2025-07-27 17:00:00,63.0,28.80441
Can Pastilla 2,2025-07-27 18:00:00,114.0,62.759647
Can Pastilla 2,2025-07-27 19:00:00,144.0,85.79
Can Pastilla 2,2025-07-27 20:00:00,182.0,112.72886
Can Pastilla 2,2025-07-28 08:00:00,125.0,123.44913
Can Pastilla 2,2025-07-28 09:00:00,125.0,112.975876
Can Pastilla 2,2025-07-28 10:00:00,173.0,154.05116
Can Pastilla 2,2025-07-28 11:00:00,133.0,147.45886
Can Pastilla 2,2025-07-28 12:00:00,141.0,151.09909
Can Pastilla 2,2025-07-28 13:00:00,114.0,120.09761
Can Pastilla 2,2025-07-28 14:00:00,83.0,99.233734
Can Pastilla 2,2025-07-28 15:00:00,40.0,88.7644
Can Pastilla 2,2025-07-28 16:00:00,47.0,76.190125
Can Pastilla 2,2025-07-28 17:00:00,78.0,31.496174
Can Pastilla 2,2025-07-28 18:00:00,174.0,78.88525
Can Pastilla 2,2025-07-28 19:00:00,200.0,110.030174
Can Pastilla 2,2025-07-28 20:00:00,203.0,131.3425
Can Pastilla 2,2025-07-29 08:00:00,181.0,142.05284
Can Pastilla 2,2025-07-29 09:00:00,188.0,124.45422
Can Pastilla 2,2025-07-29 10:00:00,187.0,132.4223
Can Pastilla 2,2025-07-29 11:00:00,191.0,148.59874
Can Pastilla 2,2025-07-29 12:00:00,145.0,126.323
Can Pastilla 2,2025-07-29 13:00:00,103.0,104.16557
Can Pastilla 2,2025-07-29 14:00:00,88.0,88.34418
Can Pastilla 2,2025-07-29 15:00:00,39.0,80.4206
Can Pastilla 2,2025-07-29 16:00:00,57.0,74.1306
Can Pastilla 2,2025-07-29 17:00:00,59.0,34.625053
Can Pastilla 2,2025-07-29 18:00:00,152.0,68.95488
Can Pastilla 2,2025-07-29 19:00:00,179.0,96.12554
Can Pastilla 2,2025-07-29 20:00:00,190.0,92.36198
Can Pastilla 2,2025-07-30 08:00:00,179.0,106.09241
Can Pastilla 2,2025-07-30 09:00:00,146.0,76.20412
Can Pastilla 2,2025-07-30 10:00:00,151.0,124.95212
Can Pastilla 2,2025-07-30 11:00:00,148.0,108.852936
Can Pastilla 2,2025-07-30 12:00:00,162.0,111.729774
Can Pastilla 2,2025-07-30 13:00:00,128.0,90.52617
Can Pastilla 2,2025-07-30 14:00:00,106.0,92.04938
Can Pastilla 2,2025-07-30 15:00:00,51.0,71.15168
Can Pastilla 2,2025-07-30 16:00:00,79.0,64.36835
Can Pastilla 2,2025-07-30 17:00:00,65.0,42.35259
Can Pastilla 2,2025-07-30 18:00:00,149.0,58.158497
Can Pastilla 2,2025-07-30 19:00:00,180.0,89.870605
Can Pastilla 2,2025-07-30 20:00:00,178.0,98.724686
Can Pastilla 2,2025-07-31 08:00:00,147.0,99.125786
Can Pastilla 2,2025-07-31 09:00:00,176.0,91.89565
Can Pastilla 2,2025-07-31 10:00:00,196.0,136.93404
Can Pastilla 2,2025-07-31 11:00:00,227.0,142.84238
Can Pastilla 2,2025-07-31 12:00:00,154.0,122.848
Can Pastilla 2,2025-07-31 13:00:00,120.0,146.35675
Can Pastilla 2,2025-07-31 14:00:00,85.0,100.51978
Can Pastilla 2,2025-07-31 15:00:00,53.0,80.8654
Can Pastilla 2,2025-07-31 16:00:00,38.0,69.24631
Can Pastilla 2,2025-07-31 17:00:00,56.0,28.292051
Can Pastilla 2,2025-07-31 18:00:00,155.0,79.764145
Can Pastilla 2,2025-07-31 19:00:00,230.0,93.38718
Can Pastilla 2,2025-07-31 20:00:00,238.0,108.17793
Can Pastilla 2,2025-08-01 08:00:00,172.0,127.15578
Can Pastilla 2,2025-08-01 09:00:00,184.0,130.43143
Can Pastilla 2,2025-08-01 10:00:00,184.0,150.91025
Can Pastilla 2,2025-08-01 11:00:00,199.0,138.60846
Can Pastilla 2,2025-08-01 12:00:00,172.0,142.22002
Can Pastilla 2,2025-08-01 13:00:00,133.0,131.81345
Can Pastilla 2,2025-08-01 14:00:00,90.0,130.3194
Can Pastilla 2,2025-08-01 15:00:00,60.0,115.82835
Can Pastilla 2,2025-08-01 16:00:00,43.0,115.901985
Can Pastilla 2,2025-08-01 17:00:00,44.0,67.03757
Can Pastilla 2,2025-08-01 18:00:00,149.0,67.36956
Can Pastilla 2,2025-08-01 19:00:00,199.0,87.521416
Can Pastilla 2,2025-08-01 20:00:00,208.0,112.20389
Can Pastilla 2,2025-08-02 08:00:00,142.0,116.184685
Can Pastilla 2,2025-08-02 09:00:00,162.0,116.33203
Can Pastilla 2,2025-08-02 10:00:00,204.0,172.26761
Can Pastilla 2,2025-08-02 11:00:00,198.0,156.12164
Can Pastilla 2,2025-08-02 12:00:00,183.0,153.83362
Can Pastilla 2,2025-08-02 13:00:00,137.0,139.93256
Can Pastilla 2,2025-08-02 14:00:00,118.0,133.4789
Can Pastilla 2,2025-08-02 15:00:00,62.0,115.921844
Can Pastilla 2,2025-08-02 16:00:00,48.0,90.09813
Can Pastilla 2,2025-08-02 17:00:00,42.0,38.348286
Can Pastilla 2,2025-08-02 18:00:00,178.0,64.59549
Can Pastilla 2,2025-08-02 19:00:00,183.0,89.78491
Can Pastilla 2,2025-08-02 20:00:00,192.0,118.17178
Can Pastilla 2,2025-08-03 08:00:00,161.0,123.19855
Can Pastilla 2,2025-08-03 09:00:00,161.0,135.42732
Can Pastilla 2,2025-08-03 10:00:00,179.0,144.3017
Can Pastilla 2,2025-08-03 11:00:00,171.0,153.9797
Can Pastilla 2,2025-08-03 12:00:00,166.0,152.28448
Can Pastilla 2,2025-08-03 13:00:00,131.0,134.89156
Can Pastilla 2,2025-08-03 14:00:00,75.0,135.78252
Can Pastilla 2,2025-08-03 15:00:00,49.0,118.4985
Can Pastilla 2,2025-08-03 16:00:00,59.0,101.631294
Can Pastilla 2,2025-08-03 17:00:00,66.0,50.27045
Can Pastilla 2,2025-08-03 18:00:00,115.0,85.68047
Can Pastilla 2,2025-08-03 19:00:00,194.0,82.38207
Can Pastilla 2,2025-08-03 20:00:00,215.0,109.29822
Can Pastilla 2,2025-08-04 08:00:00,154.0,123.185936
Can Pastilla 2,2025-08-04 09:00:00,126.0,120.31014
Can Pastilla 2,2025-08-04 10:00:00,160.0,144.21622
Can Pastilla 2,2025-08-04 11:00:00,168.0,144.43623
Can Pastilla 2,2025-08-04 12:00:00,195.0,141.2556
Can Pastilla 2,2025-08-04 13:00:00,137.0,124.0449
Can Pastilla 2,2025-08-04 14:00:00,83.0,128.92862
Can Pastilla 2,2025-08-04 15:00:00,48.0,115.74046
Can Pastilla 2,2025-08-04 16:00:00,35.0,106.08245
Can Pastilla 2,2025-08-04 17:00:00,55.0,49.771175
Can Pastilla 2,2025-08-04 18:00:00,125.0,56.474094
Can Pastilla 2,2025-08-04 19:00:00,164.0,80.47582
Can Pastilla 2,2025-08-04 20:00:00,182.0,98.4304
Can Pastilla 2,2025-08-05 08:00:00,173.0,123.27606
Can Pastilla 2,2025-08-05 09:00:00,196.0,121.39093
Can Pastilla 2,2025-08-05 10:00:00,162.0,143.28687
Can Pastilla 2,2025-08-05 11:00:00,217.0,152.27899
Can Pastilla 2,2025-08-05 12:00:00,166.0,125.18794
Can Pastilla 2,2025-08-05 13:00:00,152.0,134.49109
Can Pastilla 2,2025-08-05 14:00:00,142.0,131.59096
Can Pastilla 2,2025-08-05 15:00:00,72.0,137.44504
Can Pastilla 2,2025-08-05 16:00:00,63.0,132.63158
Can Pastilla 2,2025-08-05 17:00:00,86.0,56.01834
Can Pastilla 2,2025-08-05 18:00:00,146.0,52.172153
Can Pastilla 2,2025-08-05 19:00:00,223.0,83.52191
Can Pastilla 2,2025-08-05 20:00:00,240.0,123.42264
Can Pastilla 2,2025-08-06 08:00:00,218.0,129.96712
Can Pastilla 2,2025-08-06 09:00:00,185.0,122.05102
Can Pastilla 2,2025-08-06 10:00:00,172.0,148.64726
Can Pastilla 2,2025-08-06 11:00:00,211.0,151.54803
Can Pastilla 2,2025-08-06 12:00:00,228.0,144.33467
Can Pastilla 2,2025-08-06 13:00:00,146.0,141.2393
Can Pastilla 2,2025-08-06 14:00:00,112.0,133.485
Can Pastilla 2,2025-08-06 15:00:00,73.0,128.8413
Can Pastilla 2,2025-08-06 16:00:00,92.0,108.96468
Can Pastilla 2,2025-08-06 17:00:00,83.0,75.74112
Can Pastilla 2,2025-08-06 18:00:00,134.0,34.510353
Can Pastilla 2,2025-08-06 19:00:00,186.0,78.50167
Can Pastilla 2,2025-08-06 20:00:00,198.0,111.898506
Can Pastilla 2,2025-08-07 08:00:00,173.0,116.28302
Can Pastilla 2,2025-08-07 09:00:00,149.0,137.02292
Can Pastilla 2,2025-08-07 10:00:00,159.0,178.54886
Can Pastilla 2,2025-08-07 11:00:00,203.0,172.54298
Can Pastilla 2,2025-08-07 12:00:00,185.0,156.31068
Can Pastilla 2,2025-08-07 13:00:00,138.0,145.26535
Can Pastilla 2,2025-08-07 14:00:00,113.0,155.30005
Can Pastilla 2,2025-08-07 15:00:00,107.0,114.03017
Can Pastilla 2,2025-08-07 16:00:00,89.0,125.38524
Can Pastilla 2,2025-08-07 17:00:00,52.0,54.410503
Can Pastilla 2,2025-08-07 18:00:00,116.0,39.434166
Can Pastilla 2,2025-08-07 19:00:00,176.0,98.923065
Can Pastilla 2,2025-08-07 20:00:00,221.0,115.34985
Can Pastilla 2,2025-08-08 08:00:00,153.0,154.05565
Can Pastilla 2,2025-08-08 09:00:00,146.0,163.27158
Can Pastilla 2,2025-08-08 10:00:00,158.0,162.4088
Can Pastilla 2,2025-08-08 11:00:00,237.0,174.26984
Can Pastilla 2,2025-08-08 12:00:00,191.0,162.41493
Can Pastilla 2,2025-08-08 13:00:00,131.0,160.439
Can Pastilla 2,2025-08-08 14:00:00,95.0,151.12033
Can Pastilla 2,2025-08-08 15:00:00,63.0,134.08267
Can Pastilla 2,2025-08-08 16:00:00,67.0,110.88834
Can Pastilla 2,2025-08-08 17:00:00,65.0,100.36393
Can Pastilla 2,2025-08-08 18:00:00,92.0,69.28173
Can Pastilla 2,2025-08-08 19:00:00,151.0,71.827126
Can Pastilla 2,2025-08-08 20:00:00,141.0,93.151085
Can Pastilla 2,2025-08-09 08:00:00,106.0,123.00427
Can Pastilla 2,2025-08-09 09:00:00,125.0,128.26334
Can Pastilla 2,2025-08-09 10:00:00,153.0,149.40324
Can Pastilla 2,2025-08-09 11:00:00,157.0,161.26042
Can Pastilla 2,2025-08-09 12:00:00,141.0,145.5573
Can Pastilla 2,2025-08-09 13:00:00,94.0,136.31787
Can Pastilla 2,2025-08-09 14:00:00,52.0,135.65782
Can Pastilla 2,2025-08-09 15:00:00,72.0,134.90228
Can Pastilla 2,2025-08-09 16:00:00,62.0,48.366283
Can Pastilla 2,2025-08-09 17:00:00,73.0,52.528507
Can Pastilla 2,2025-08-09 18:00:00,64.0,34.19896
Can Pastilla 2,2025-08-09 19:00:00,61.0,22.478758
Can Pastilla 2,2025-08-09 20:00:00,58.0,62.465813
Can Pastilla 2,2025-08-10 08:00:00,77.0,86.01978
Can Pastilla 2,2025-08-10 09:00:00,80.0,143.61017
Can Pastilla 2,2025-08-10 10:00:00,165.0,173.26065
Can Pastilla 2,2025-08-10 11:00:00,129.0,160.34924
Can Pastilla 2,2025-08-10 12:00:00,110.0,149.5169
Can Pastilla 2,2025-08-10 13:00:00,56.0,142.51344
Can Pastilla 2,2025-08-10 14:00:00,56.0,122.4637
Can Pastilla 2,2025-08-10 15:00:00,53.0,100.798386
Can Pastilla 2,2025-08-10 16:00:00,61.0,25.877817
Can Pastilla 2,2025-08-10 17:00:00,63.0,117.0765
Can Pastilla 2,2025-08-10 18:00:00,124.0,99.345184
Can Pastilla 2,2025-08-10 19:00:00,140.0,114.3857
Can Pastilla 2,2025-08-10 20:00:00,131.0,128.11224
Can Pastilla 2,2025-08-11 08:00:00,73.0,97.97131
Can Pastilla 2,2025-08-11 09:00:00,72.0,133.96727
Can Pastilla 2,2025-08-11 10:00:00,95.0,157.55911
Can Pastilla 2,2025-08-11 11:00:00,116.0,173.86491
Can Pastilla 2,2025-08-11 12:00:00,97.0,171.22794
Can Pastilla 2,2025-08-11 13:00:00,44.0,167.4407
Can Pastilla 2,2025-08-11 14:00:00,43.0,121.88236
Can Pastilla 2,2025-08-11 15:00:00,55.0,64.55315
Can Pastilla 2,2025-08-11 16:00:00,35.0,2.9904714
Can Pastilla 2,2025-08-11 17:00:00,128.0,87.000336
Can Pastilla 2,2025-08-11 18:00:00,178.0,136.79678
Can Pastilla 2,2025-08-11 19:00:00,179.0,159.90408
Can Pastilla 2,2025-08-11 20:00:00,153.0,162.53847
Can Pastilla 2,2025-08-12 08:00:00,131.0,153.8816
Can Pastilla 2,2025-08-12 09:00:00,178.0,192.82687
Can Pastilla 2,2025-08-12 10:00:00,209.0,194.65826
Can Pastilla 2,2025-08-12 11:00:00,156.0,199.01479
Can Pastilla 2,2025-08-12 12:00:00,114.0,169.39197
Can Pastilla 2,2025-08-12 13:00:00,77.0,146.05132
Can Pastilla 2,2025-08-12 14:00:00,47.0,112.31446
Can Pastilla 2,2025-08-12 15:00:00,32.0,80.445915
Can Pastilla 2,2025-08-12 16:00:00,65.0,18.480528
Can Pastilla 2,2025-08-12 17:00:00,123.0,101.09071
Can Pastilla 2,2025-08-12 18:00:00,183.0,113.63446
Can Pastilla 2,2025-08-12 19:00:00,198.0,132.52142
Can Pastilla 2,2025-08-12 20:00:00,192.0,140.11865
Can Pastilla 2,2025-08-13 08:00:00,166.0,152.07588
Can Pastilla 2,2025-08-13 09:00:00,179.0,160.30115
Can Pastilla 2,2025-08-13 10:00:00,144.0,172.14603
Can Pastilla 2,2025-08-13 11:00:00,147.0,165.42917
Can Pastilla 2,2025-08-13 12:00:00,121.0,151.42368
Can Pastilla 2,2025-08-13 13:00:00,101.0,142.40805
Can Pastilla 2,2025-08-13 14:00:00,84.0,108.541916
Can Pastilla 2,2025-08-13 15:00:00,64.0,66.5114
Can Pastilla 2,2025-08-13 16:00:00,61.0,24.048012
Can Pastilla 2,2025-08-13 17:00:00,131.0,125.7887
Can Pastilla 2,2025-08-13 18:00:00,188.0,107.85347
Can Pastilla 2,2025-08-13 19:00:00,177.0,128.45915
Can Pastilla 2,2025-08-13 20:00:00,154.0,157.09428
Can Pastilla 2,2025-08-14 08:00:00,158.0,128.65178
Can Pastilla 2,2025-08-14 09:00:00,172.0,156.07996
Can Pastilla 2,2025-08-14 10:00:00,174.0,148.11008
Can Pastilla 2,2025-08-14 11:00:00,174.0,146.23346
Can Pastilla 2,2025-08-14 12:00:00,140.0,131.3426
Can Pastilla 2,2025-08-14 13:00:00,91.0,115.335304
Can Pastilla 2,2025-08-14 14:00:00,51.0,96.052444
Can Pastilla 2,2025-08-14 15:00:00,52.0,71.027626
Can Pastilla 2,2025-08-14 16:00:00,42.0,26.96787
Can Pastilla 2,2025-08-14 17:00:00,89.0,112.31196
Can Pastilla 2,2025-08-14 18:00:00,116.0,129.98997
Can Pastilla 2,2025-08-14 19:00:00,191.0,137.86485
Can Pastilla 2,2025-08-14 20:00:00,191.0,151.24792
Can Pastilla 2,2025-08-15 08:00:00,151.0,138.93352
Can Pastilla 2,2025-08-15 09:00:00,179.0,191.4332
Can Pastilla 2,2025-08-15 10:00:00,221.0,208.72968
Can Pastilla 2,2025-08-15 11:00:00,165.0,215.56337
Can Pastilla 2,2025-08-15 12:00:00,106.0,195.47557
Can Pastilla 2,2025-08-15 13:00:00,68.0,164.86874
Can Pastilla 2,2025-08-15 14:00:00,44.0,120.27329
Can Pastilla 2,2025-08-15 15:00:00,84.0,69.59096
Can Pastilla 2,2025-08-15 16:00:00,77.0,50.81866
Can Pastilla 2,2025-08-15 17:00:00,77.0,106.03539
Can Pastilla 2,2025-08-15 18:00:00,103.0,110.43113
Can Pastilla 2,2025-08-15 19:00:00,74.0,134.6814
Can Pastilla 2,2025-08-15 20:00:00,47.0,155.10197
Can Pastilla 2,2025-08-16 08:00:00,80.0,172.80498
Can Pastilla 2,2025-08-16 09:00:00,114.0,207.348
Can Pastilla 2,2025-08-16 10:00:00,76.0,198.13907
Can Pastilla 2,2025-08-16 11:00:00,104.0,178.72314
Can Pastilla 2,2025-08-16 12:00:00,84.0,166.09088
Can Pastilla 2,2025-08-16 13:00:00,92.0,152.61258
Can Pastilla 2,2025-08-16 14:00:00,53.0,129.71411
Can Pastilla 2,2025-08-16 15:00:00,38.0,88.361855
Can Pastilla 2,2025-08-16 16:00:00,40.0,8.671099
Can Pastilla 2,2025-08-16 17:00:00,132.0,38.034084
Can Pastilla 2,2025-08-16 18:00:00,151.0,96.45784
Can Pastilla 2,2025-08-16 19:00:00,196.0,120.83399
Can Pastilla 2,2025-08-16 20:00:00,162.0,145.01505
Can Pastilla 2,2025-08-17 08:00:00,133.0,148.21126
Can Pastilla 2,2025-08-17 09:00:00,158.0,185.54527
Can Pastilla 2,2025-08-17 10:00:00,148.0,194.09805
Can Pastilla 2,2025-08-17 11:00:00,134.0,177.37102
Can Pastilla 2,2025-08-17 12:00:00,91.0,153.72688
Can Pastilla 2,2025-08-17 13:00:00,82.0,145.19716
Can Pastilla 2,2025-08-17 14:00:00,63.0,119.473366
Can Pastilla 2,2025-08-17 15:00:00,59.0,105.217705
Can Pastilla 2,2025-08-17 16:00:00,62.0,50.0855
Can Pastilla 2,2025-08-17 17:00:00,69.0,57.8701
Can Pastilla 2,2025-08-17 18:00:00,94.0,72.723946
Can Pastilla 2,2025-08-17 19:00:00,34.0,123.77465
Can Pastilla 2,2025-08-17 20:00:00,112.0,132.84445
Can Pastilla 2,2025-08-18 08:00:00,107.0,139.44122
Can Pastilla 2,2025-08-18 09:00:00,144.0,170.93921
Can Pastilla 2,2025-08-18 10:00:00,126.0,126.98723
Can Pastilla 2,2025-08-18 11:00:00,141.0,156.622
Can Pastilla 2,2025-08-18 12:00:00,111.0,144.04904
Can Pastilla 2,2025-08-18 13:00:00,102.0,147.00302
Can Pastilla 2,2025-08-18 14:00:00,79.0,126.93029
Can Pastilla 2,2025-08-18 15:00:00,90.0,95.28506
Can Pastilla 2,2025-08-18 16:00:00,58.0,64.07664
Can Pastilla 2,2025-08-18 18:00:00,69.0,41.24575
Can Pastilla 2,2025-08-18 19:00:00,146.0,72.009926
Can Pastilla 2,2025-08-18 20:00:00,126.0,101.80661
Can Pastilla 2,2025-08-19 08:00:00,160.0,91.59368
Can Pastilla 2,2025-08-19 09:00:00,120.0,102.6472
Can Pastilla 2,2025-08-19 10:00:00,136.0,150.10226
Can Pastilla 2,2025-08-19 11:00:00,163.0,143.95183
Can Pastilla 2,2025-08-19 12:00:00,183.0,145.1531
Can Pastilla 2,2025-08-19 13:00:00,149.0,128.37132
Can Pastilla 2,2025-08-19 14:00:00,92.0,107.64983
Can Pastilla 2,2025-08-19 15:00:00,57.0,70.125854
Can Pastilla 2,2025-08-19 16:00:00,36.0,54.677826
Can Pastilla 2,2025-08-19 17:00:00,37.0,40.47635
Can Pastilla 2,2025-08-19 18:00:00,85.0,97.47069
Can Pastilla 2,2025-08-19 19:00:00,150.0,132.43677
Can Pastilla 2,2025-08-19 20:00:00,178.0,113.46496
Can Pastilla 2,2025-08-20 08:00:00,145.0,94.56112
Can Pastilla 2,2025-08-20 09:00:00,135.0,142.45157
Can Pastilla 2,2025-08-20 10:00:00,143.0,136.48303
Can Pastilla 2,2025-08-20 11:00:00,174.0,140.0436
Can Pastilla 2,2025-08-20 12:00:00,130.0,119.22251
Can Pastilla 2,2025-08-20 13:00:00,91.0,93.93581
Can Pastilla 2,2025-08-20 14:00:00,66.0,81.307594
Can Pastilla 2,2025-08-20 15:00:00,41.0,69.02724
Can Pastilla 2,2025-08-20 16:00:00,38.0,45.70499
Can Pastilla 2,2025-08-20 17:00:00,58.0,34.775925
Can Pastilla 2,2025-08-20 18:00:00,117.0,81.033005
Can Pastilla 2,2025-08-20 19:00:00,163.0,98.681274
Can Pastilla 2,2025-08-20 20:00:00,190.0,99.93705
Can Pastilla 2,2025-08-21 08:00:00,172.0,114.251526
Can Pastilla 2,2025-08-21 09:00:00,161.0,97.225395
Can Pastilla 2,2025-08-21 10:00:00,147.0,123.05699
Can Pastilla 2,2025-08-21 11:00:00,175.0,122.10092
Can Pastilla 2,2025-08-21 12:00:00,149.0,121.16361
Can Pastilla 2,2025-08-21 13:00:00,92.0,118.55281
Can Pastilla 2,2025-08-21 14:00:00,84.0,92.69467
Can Pastilla 2,2025-08-21 15:00:00,45.0,69.119736
Can Pastilla 2,2025-08-21 16:00:00,46.0,46.281166
Can Pastilla 2,2025-08-21 17:00:00,52.0,25.500063
Can Pastilla 2,2025-08-21 18:00:00,100.0,97.163826
Can Pastilla 2,2025-08-21 19:00:00,153.0,104.25721
Can Pastilla 2,2025-08-21 20:00:00,184.0,119.876015
Can Pastilla 2,2025-08-22 08:00:00,171.0,128.49942
Can Pastilla 2,2025-08-22 09:00:00,172.0,134.72812
Can Pastilla 2,2025-08-22 10:00:00,156.0,170.09698
Can Pastilla 2,2025-08-22 11:00:00,139.0,175.15027
Can Pastilla 2,2025-08-22 12:00:00,136.0,167.26494
Can Pastilla 2,2025-08-22 13:00:00,84.0,149.60721
Can Pastilla 2,2025-08-22 14:00:00,73.0,126.10105
Can Pastilla 2,2025-08-22 15:00:00,54.0,104.884766
Can Pastilla 2,2025-08-22 16:00:00,58.0,73.000824
Can Pastilla 2,2025-08-22 17:00:00,59.0,40.960884
Can Pastilla 2,2025-08-22 18:00:00,76.0,72.990364
Can Pastilla 2,2025-08-22 19:00:00,112.0,88.38121
Can Pastilla 2,2025-08-22 20:00:00,119.0,114.09495
Can Pastilla 2,2025-08-23 08:00:00,111.0,137.65736
Can Pastilla 2,2025-08-23 09:00:00,113.0,149.69203
Can Pastilla 2,2025-08-23 10:00:00,120.0,138.47197
Can Pastilla 2,2025-08-23 11:00:00,184.0,150.16754
Can Pastilla 2,2025-08-23 12:00:00,137.0,150.58817
Can Pastilla 2,2025-08-23 13:00:00,90.0,140.82729
Can Pastilla 2,2025-08-23 14:00:00,102.0,110.30068
Can Pastilla 2,2025-08-23 15:00:00,56.0,71.916756
Can Pastilla 2,2025-08-23 16:00:00,73.0,48.287754
Can Pastilla 2,2025-08-23 17:00:00,38.0,23.858334
Can Pastilla 2,2025-08-23 18:00:00,112.0,107.11249
Can Pastilla 2,2025-08-23 19:00:00,118.0,111.89606
Can Pastilla 2,2025-08-23 20:00:00,150.0,125.700584
Can Pastilla 2,2025-08-24 08:00:00,132.0,146.75584
Can Pastilla 2,2025-08-24 09:00:00,129.0,131.8391
Can Pastilla 2,2025-08-24 10:00:00,121.0,157.13579
Can Pastilla 2,2025-08-24 11:00:00,113.0,160.17708
Can Pastilla 2,2025-08-24 12:00:00,113.0,149.62167
Can Pastilla 2,2025-08-24 13:00:00,87.0,117.52994
Can Pastilla 2,2025-08-24 14:00:00,66.0,101.38136
Can Pastilla 2,2025-08-24 15:00:00,59.0,61.76024
Can Pastilla 2,2025-08-24 16:00:00,30.0,42.106953
Can Pastilla 2,2025-08-24 17:00:00,45.0,6.7086263
Can Pastilla 2,2025-08-24 18:00:00,112.0,95.94322
Can Pastilla 2,2025-08-24 19:00:00,177.0,145.24054
Can Pastilla 2,2025-08-24 20:00:00,200.0,142.21277
Can Pastilla 2,2025-08-25 08:00:00,191.0,148.47342
Can Pastilla 2,2025-08-25 09:00:00,137.0,146.79568
Can Pastilla 2,2025-08-25 10:00:00,161.0,160.81555
Can Pastilla 2,2025-08-25 11:00:00,148.0,154.06996
Can Pastilla 2,2025-08-25 12:00:00,135.0,138.19745
Can Pastilla 2,2025-08-25 13:00:00,101.0,102.54196
Can Pastilla 2,2025-08-25 14:00:00,72.0,92.67485
Can Pastilla 2,2025-08-25 15:00:00,38.0,74.53458
Can Pastilla 2,2025-08-25 16:00:00,52.0,45.790035
Can Pastilla 2,2025-08-25 17:00:00,44.0,16.671354
Can Pastilla 2,2025-08-25 18:00:00,132.0,118.36005
Can Pastilla 2,2025-08-25 19:00:00,151.0,154.80547
Can Pastilla 2,2025-08-25 20:00:00,182.0,149.8513
Can Pastilla 2,2025-08-26 08:00:00,166.0,154.16272
Can Pastilla 2,2025-08-26 09:00:00,137.0,138.71852
Can Pastilla 2,2025-08-26 10:00:00,161.0,152.63467
Can Pastilla 2,2025-08-26 11:00:00,162.0,143.6086
Can Pastilla 2,2025-08-26 12:00:00,153.0,139.4878
Can Pastilla 2,2025-08-26 13:00:00,105.0,108.332306
Can Pastilla 2,2025-08-26 14:00:00,79.0,75.72773
Can Pastilla 2,2025-08-26 15:00:00,55.0,67.48182
Can Pastilla 2,2025-08-26 16:00:00,30.0,44.104614
Can Pastilla 2,2025-08-26 17:00:00,21.0,27.658474
Can Pastilla 2,2025-08-26 18:00:00,97.0,86.12393
Can Pastilla 2,2025-08-26 19:00:00,120.0,131.34286
Can Pastilla 2,2025-08-26 20:00:00,138.0,106.01306
Can Pastilla 2,2025-08-27 08:00:00,125.0,108.08395
Can Pastilla 2,2025-08-27 09:00:00,119.0,116.80998
Can Pastilla 2,2025-08-27 10:00:00,150.0,122.19227
Can Pastilla 2,2025-08-27 11:00:00,147.0,115.46106
Can Pastilla 2,2025-08-27 12:00:00,125.0,128.03424
Can Pastilla 2,2025-08-27 13:00:00,100.0,99.64438
Can Pastilla 2,2025-08-27 14:00:00,36.0,73.99107
Can Pastilla 2,2025-08-27 15:00:00,43.0,68.90555
Can Pastilla 2,2025-08-27 16:00:00,42.0,28.198725
Can Pastilla 2,2025-08-27 17:00:00,19.0,19.75058
Can Pastilla 2,2025-08-27 18:00:00,78.0,74.586716
Can Pastilla 2,2025-08-27 19:00:00,119.0,98.55796
Can Pastilla 2,2025-08-27 20:00:00,162.0,91.21192
Can Pastilla 2,2025-08-28 08:00:00,143.0,111.37612
Can Pastilla 2,2025-08-28 09:00:00,145.0,117.22583
Can Pastilla 2,2025-08-28 10:00:00,132.0,136.08823
Can Pastilla 2,2025-08-28 11:00:00,136.0,141.86636
Can Pastilla 2,2025-08-28 12:00:00,127.0,130.67113
Can Pastilla 2,2025-08-28 13:00:00,87.0,113.24015
Can Pastilla 2,2025-08-28 14:00:00,42.0,119.99218
Can Pastilla 2,2025-08-28 15:00:00,80.0,78.14571
Can Pastilla 2,2025-08-28 16:00:00,84.0,32.34135
Can Pastilla 2,2025-08-28 17:00:00,32.0,20.437674
Can Pastilla 2,2025-08-28 18:00:00,60.0,85.228745
Can Pastilla 2,2025-08-28 19:00:00,135.0,85.565445
Can Pastilla 2,2025-08-28 20:00:00,124.0,92.80988
Can Pastilla 2,2025-08-29 08:00:00,163.0,90.114944
Can Pastilla 2,2025-08-29 09:00:00,116.0,120.40441
Can Pastilla 2,2025-08-29 10:00:00,81.0,129.52643
Can Pastilla 2,2025-08-29 11:00:00,129.0,117.14567
Can Pastilla 2,2025-08-29 12:00:00,91.0,79.81908
Can Pastilla 2,2025-08-29 13:00:00,70.0,110.79958
Can Pastilla 2,2025-08-29 14:00:00,57.0,93.89185
Can Pastilla 2,2025-08-29 15:00:00,76.0,62.1541
Can Pastilla 2,2025-08-29 16:00:00,24.0,44.760597
Can Pastilla 2,2025-08-29 17:00:00,31.0,40.15322
Can Pastilla 2,2025-08-29 18:00:00,50.0,77.34822
Can Pastilla 2,2025-08-29 19:00:00,52.0,101.56353
Can Pastilla 2,2025-08-29 20:00:00,96.0,90.64133
Can Pastilla 2,2025-08-30 08:00:00,127.0,106.43071
Can Pastilla 2,2025-08-30 09:00:00,103.0,116.49529
Can Pastilla 2,2025-08-30 10:00:00,119.0,132.38914
Can Pastilla 2,2025-08-30 11:00:00,118.0,146.25786
Can Pastilla 2,2025-08-30 12:00:00,131.0,128.1214
Can Pastilla 2,2025-08-30 13:00:00,97.0,118.80124
Can Pastilla 2,2025-08-30 14:00:00,55.0,114.492455
Can Pastilla 2,2025-08-30 15:00:00,64.0,95.647804
Can Pastilla 2,2025-08-30 16:00:00,35.0,48.457554
Can Pastilla 2,2025-08-30 17:00:00,54.0,26.916782
Can Pastilla 2,2025-08-30 18:00:00,40.0,73.35404
Can Pastilla 2,2025-08-30 19:00:00,27.0,104.87665
Can Pastilla 2,2025-08-30 20:00:00,22.0,67.58232
Es Pujols,2025-06-01 08:00:00,21.0,33.13459
Es Pujols,2025-06-01 09:00:00,42.0,36.858154
Es Pujols,2025-06-01 10:00:00,41.0,39.964462
Es Pujols,2025-06-01 11:00:00,42.0,40.12661
Es Pujols,2025-06-01 12:00:00,46.0,37.699894
Es Pujols,2025-06-01 13:00:00,44.0,35.39753
Es Pujols,2025-06-01 14:00:00,20.0,28.714382
Es Pujols,2025-06-01 15:00:00,15.0,24.48055
Es Pujols,2025-06-01 16:00:00,15.0,26.203907
Es Pujols,2025-06-01 17:00:00,4.0,18.165705
Es Pujols,2025-06-01 18:00:00,18.0,26.718977
Es Pujols,2025-06-01 19:00:00,26.0,37.533573
Es Pujols,2025-06-01 20:00:00,41.0,43.1221
Es Pujols,2025-06-02 08:00:00,28.0,41.376774
Es Pujols,2025-06-02 09:00:00,11.0,28.556835
Es Pujols,2025-06-02 10:00:00,17.0,33.33761
Es Pujols,2025-06-02 11:00:00,44.0,32.217327
Es Pujols,2025-06-02 12:00:00,19.0,27.590015
Es Pujols,2025-06-02 13:00:00,23.0,20.287565
Es Pujols,2025-06-02 14:00:00,18.0,15.730958
Es Pujols,2025-06-02 15:00:00,9.0,15.496078
Es Pujols,2025-06-02 16:00:00,5.0,17.758694
Es Pujols,2025-06-02 17:00:00,5.0,11.172793
Es Pujols,2025-06-02 18:00:00,28.0,23.853561
Es Pujols,2025-06-02 19:00:00,30.0,25.017035
Es Pujols,2025-06-02 20:00:00,32.0,33.66414
Es Pujols,2025-06-03 08:00:00,34.0,26.483618
Es Pujols,2025-06-03 09:00:00,34.0,25.757889
Es Pujols,2025-06-03 10:00:00,59.0,24.882217
Es Pujols,2025-06-03 11:00:00,64.0,30.145742
Es Pujols,2025-06-03 12:00:00,55.0,32.542984
Es Pujols,2025-06-03 13:00:00,32.0,24.400892
Es Pujols,2025-06-03 14:00:00,26.0,20.651613
Es Pujols,2025-06-03 15:00:00,15.0,19.346245
Es Pujols,2025-06-03 16:00:00,6.0,17.140207
Es Pujols,2025-06-03 17:00:00,7.0,16.399784
Es Pujols,2025-06-03 18:00:00,15.0,22.413464
Es Pujols,2025-06-03 19:00:00,44.0,20.72087
Es Pujols,2025-06-03 20:00:00,34.0,15.341751
Es Pujols,2025-06-04 08:00:00,30.0,16.509418
Es Pujols,2025-06-04 09:00:00,28.0,26.555048
Es Pujols,2025-06-04 10:00:00,28.0,27.796667
Es Pujols,2025-06-04 11:00:00,16.0,28.691513
Es Pujols,2025-06-04 12:00:00,22.0,24.80691
Es Pujols,2025-06-04 13:00:00,11.0,24.451136
Es Pujols,2025-06-04 14:00:00,9.0,19.150475
Es Pujols,2025-06-04 15:00:00,6.0,17.56796
Es Pujols,2025-06-04 16:00:00,6.0,19.047703
Es Pujols,2025-06-04 17:00:00,5.0,15.738404
Es Pujols,2025-06-04 18:00:00,10.0,27.226542
Es Pujols,2025-06-04 19:00:00,17.0,37.712585
Es Pujols,2025-06-04 20:00:00,24.0,40.24279
Es Pujols,2025-06-05 08:00:00,29.0,34.065987
Es Pujols,2025-06-05 09:00:00,20.0,33.736652
Es Pujols,2025-06-05 10:00:00,27.0,39.287712
Es Pujols,2025-06-05 11:00:00,21.0,40.842285
Es Pujols,2025-06-05 12:00:00,31.0,46.642735
Es Pujols,2025-06-05 13:00:00,12.0,37.48482
Es Pujols,2025-06-05 14:00:00,45.0,30.361088
Es Pujols,2025-06-05 15:00:00,18.0,26.132406
Es Pujols,2025-06-05 16:00:00,19.0,28.073605
Es Pujols,2025-06-05 17:00:00,9.0,22.529335
Es Pujols,2025-06-05 18:00:00,26.0,39.31239
Es Pujols,2025-06-05 19:00:00,32.0,48.37421
Es Pujols,2025-06-05 20:00:00,47.0,55.99518
Es Pujols,2025-06-06 08:00:00,35.0,53.563286
Es Pujols,2025-06-06 09:00:00,37.0,63.98841
Es Pujols,2025-06-06 10:00:00,47.0,63.49335
Es Pujols,2025-06-06 11:00:00,69.0,50.835148
Es Pujols,2025-06-06 12:00:00,44.0,42.46961
Es Pujols,2025-06-06 13:00:00,34.0,38.27838
Es Pujols,2025-06-06 14:00:00,21.0,28.71601
Es Pujols,2025-06-06 15:00:00,14.0,21.462318
Es Pujols,2025-06-06 16:00:00,19.0,23.023384
Es Pujols,2025-06-06 17:00:00,11.0,18.861753
Es Pujols,2025-06-06 18:00:00,24.0,30.115515
Es Pujols,2025-06-06 19:00:00,33.0,37.80231
Es Pujols,2025-06-06 20:00:00,34.0,32.221848
Es Pujols,2025-06-07 08:00:00,27.0,28.095247
Es Pujols,2025-06-07 09:00:00,26.0,38.21455
Es Pujols,2025-06-07 10:00:00,42.0,30.569769
Es Pujols,2025-06-07 11:00:00,51.0,36.521626
Es Pujols,2025-06-07 12:00:00,31.0,36.199337
Es Pujols,2025-06-07 13:00:00,27.0,36.468147
Es Pujols,2025-06-07 14:00:00,17.0,24.84728
Es Pujols,2025-06-07 15:00:00,18.0,22.148975
Es Pujols,2025-06-07 16:00:00,15.0,24.841913
Es Pujols,2025-06-07 17:00:00,6.0,19.667364
Es Pujols,2025-06-07 18:00:00,30.0,30.762629
Es Pujols,2025-06-07 19:00:00,42.0,38.085464
Es Pujols,2025-06-07 20:00:00,50.0,39.61661
Es Pujols,2025-06-08 08:00:00,52.0,38.54393
Es Pujols,2025-06-08 09:00:00,49.0,39.729656
Es Pujols,2025-06-08 10:00:00,89.0,44.55522
Es Pujols,2025-06-08 11:00:00,82.0,45.73363
Es Pujols,2025-06-08 12:00:00,70.0,43.937107
Es Pujols,2025-06-08 13:00:00,63.0,37.35655
Es Pujols,2025-06-08 14:00:00,50.0,26.002663
Es Pujols,2025-06-08 15:00:00,32.0,23.38105
Es Pujols,2025-06-08 16:00:00,22.0,22.361135
Es Pujols,2025-06-08 17:00:00,9.0,17.109234
Es Pujols,2025-06-08 18:00:00,39.0,27.76196
Es Pujols,2025-06-08 19:00:00,51.0,33.354187
Es Pujols,2025-06-08 20:00:00,79.0,34.507122
Es Pujols,2025-06-09 08:00:00,52.0,32.698338
Es Pujols,2025-06-09 09:00:00,57.0,34.055927
Es Pujols,2025-06-09 10:00:00,74.0,41.339493
Es Pujols,2025-06-09 11:00:00,86.0,39.582447
Es Pujols,2025-06-09 12:00:00,81.0,35.922207
Es Pujols,2025-06-09 13:00:00,62.0,29.203613
Es Pujols,2025-06-09 14:00:00,48.0,20.821705
Es Pujols,2025-06-09 15:00:00,27.0,17.931017
Es Pujols,2025-06-09 16:00:00,21.0,17.360119
Es Pujols,2025-06-09 17:00:00,11.0,13.626679
Es Pujols,2025-06-09 18:00:00,60.0,24.21917
Es Pujols,2025-06-09 19:00:00,61.0,34.909996
Es Pujols,2025-06-09 20:00:00,86.0,37.953114
Es Pujols,2025-06-10 08:00:00,67.0,30.066103
Es Pujols,2025-06-10 09:00:00,82.0,35.637123
Es Pujols,2025-06-10 10:00:00,87.0,36.243267
Es Pujols,2025-06-10 11:00:00,71.0,35.576195
Es Pujols,2025-06-10 12:00:00,70.0,31.5226
Es Pujols,2025-06-10 13:00:00,73.0,27.923412
Es Pujols,2025-06-10 14:00:00,52.0,21.126717
Es Pujols,2025-06-10 15:00:00,26.0,18.155561
Es Pujols,2025-06-10 16:00:00,26.0,17.504915
Es Pujols,2025-06-10 17:00:00,9.0,16.142145
Es Pujols,2025-06-10 18:00:00,48.0,25.381727
Es Pujols,2025-06-10 19:00:00,59.0,35.57483
Es Pujols,2025-06-10 20:00:00,94.0,36.051186
Es Pujols,2025-06-11 08:00:00,84.0,31.482197
Es Pujols,2025-06-11 09:00:00,54.0,29.545063
Es Pujols,2025-06-11 10:00:00,68.0,34.160248
Es Pujols,2025-06-11 11:00:00,81.0,36.60044
Es Pujols,2025-06-11 12:00:00,79.0,36.116436
Es Pujols,2025-06-11 13:00:00,71.0,29.758865
Es Pujols,2025-06-11 14:00:00,48.0,22.423403
Es Pujols,2025-06-11 15:00:00,28.0,21.63684
Es Pujols,2025-06-11 16:00:00,24.0,20.36232
Es Pujols,2025-06-11 17:00:00,13.0,17.4509
Es Pujols,2025-06-11 18:00:00,41.0,28.588623
Es Pujols,2025-06-11 19:00:00,59.0,43.685703
Es Pujols,2025-06-11 20:00:00,60.0,38.91217
Es Pujols,2025-06-12 08:00:00,54.0,31.540009
Es Pujols,2025-06-12 09:00:00,79.0,36.152073
Es Pujols,2025-06-12 10:00:00,75.0,38.909214
Es Pujols,2025-06-12 11:00:00,82.0,41.08165
Es Pujols,2025-06-12 12:00:00,57.0,36.63509
Es Pujols,2025-06-12 13:00:00,61.0,27.555815
Es Pujols,2025-06-12 14:00:00,27.0,22.894241
Es Pujols,2025-06-12 15:00:00,19.0,19.828876
Es Pujols,2025-06-12 16:00:00,16.0,17.628378
Es Pujols,2025-06-12 17:00:00,44.0,34.114136
Es Pujols,2025-06-12 18:00:00,60.0,44.79325
Es Pujols,2025-06-12 19:00:00,65.0,51.33879
Es Pujols,2025-06-12 20:00:00,69.0,39.179268
Es Pujols,2025-06-13 08:00:00,61.0,39.15871
Es Pujols,2025-06-13 09:00:00,63.0,44.039303
Es Pujols,2025-06-13 10:00:00,82.0,58.24047
Es Pujols,2025-06-13 11:00:00,79.0,52.072277
Es Pujols,2025-06-13 12:00:00,78.0,38.359875
Es Pujols,2025-06-13 13:00:00,50.0,28.078915
Es Pujols,2025-06-13 14:00:00,19.0,25.198063
Es Pujols,2025-06-13 15:00:00,29.0,24.06098
Es Pujols,2025-06-13 16:00:00,12.0,19.726467
Es Pujols,2025-06-13 17:00:00,39.0,24.691334
Es Pujols,2025-06-13 18:00:00,64.0,30.360575
Es Pujols,2025-06-13 19:00:00,92.0,26.615736
Es Pujols,2025-06-13 20:00:00,56.0,22.68307
Es Pujols,2025-06-14 08:00:00,61.0,18.704702
Es Pujols,2025-06-14 09:00:00,56.0,19.532345
Es Pujols,2025-06-14 10:00:00,76.0,29.480598
Es Pujols,2025-06-14 11:00:00,73.0,29.654427
Es Pujols,2025-06-14 12:00:00,61.0,28.021923
Es Pujols,2025-06-14 13:00:00,55.0,21.498703
Es Pujols,2025-06-14 14:00:00,26.0,20.670168
Es Pujols,2025-06-14 15:00:00,20.0,19.467432
Es Pujols,2025-06-14 16:00:00,13.0,16.799324
Es Pujols,2025-06-14 17:00:00,39.0,21.845194
Es Pujols,2025-06-14 18:00:00,59.0,28.057562
Es Pujols,2025-06-14 19:00:00,74.0,26.987751
Es Pujols,2025-06-14 20:00:00,63.0,25.135656
Es Pujols,2025-06-15 08:00:00,53.0,28.431795
Es Pujols,2025-06-15 09:00:00,49.0,30.003088
Es Pujols,2025-06-15 10:00:00,80.0,28.742987
Es Pujols,2025-06-15 11:00:00,69.0,31.684269
Es Pujols,2025-06-15 12:00:00,61.0,23.900723
Es Pujols,2025-06-15 13:00:00,35.0,18.799358
Es Pujols,2025-06-15 14:00:00,22.0,18.985146
Es Pujols,2025-06-15 15:00:00,21.0,19.783077
Es Pujols,2025-06-15 16:00:00,7.0,15.089662
Es Pujols,2025-06-15 17:00:00,24.0,23.957869
Es Pujols,2025-06-15 18:00:00,42.0,32.554592
Es Pujols,2025-06-15 19:00:00,55.0,31.18966
Es Pujols,2025-06-15 20:00:00,82.0,29.441332
Es Pujols,2025-06-16 08:00:00,43.0,22.887457
Es Pujols,2025-06-16 09:00:00,73.0,32.04593
Es Pujols,2025-06-16 10:00:00,65.0,35.647877
Es Pujols,2025-06-16 11:00:00,100.0,36.863277
Es Pujols,2025-06-16 12:00:00,59.0,27.118065
Es Pujols,2025-06-16 13:00:00,38.0,22.373314
Es Pujols,2025-06-16 14:00:00,26.0,22.29569
Es Pujols,2025-06-16 15:00:00,20.0,18.392736
Es Pujols,2025-06-16 16:00:00,15.0,17.811935
Es Pujols,2025-06-16 17:00:00,36.0,26.882015
Es Pujols,2025-06-16 18:00:00,49.0,34.072243
Es Pujols,2025-06-16 19:00:00,75.0,38.912933
Es Pujols,2025-06-16 20:00:00,77.0,32.31905
Es Pujols,2025-06-17 08:00:00,64.0,28.337986
Es Pujols,2025-06-17 09:00:00,43.0,33.92447
Es Pujols,2025-06-17 10:00:00,55.0,33.20656
Es Pujols,2025-06-17 11:00:00,61.0,29.972315
Es Pujols,2025-06-17 12:00:00,46.0,31.281563
Es Pujols,2025-06-17 13:00:00,29.0,28.606592
Es Pujols,2025-06-17 14:00:00,16.0,27.146008
Es Pujols,2025-06-17 15:00:00,12.0,24.428595
Es Pujols,2025-06-17 16:00:00,6.0,19.216679
Es Pujols,2025-06-17 17:00:00,27.0,38.86484
Es Pujols,2025-06-17 18:00:00,43.0,53.30047
Es Pujols,2025-06-17 19:00:00,68.0,52.10642
Es Pujols,2025-06-17 20:00:00,53.0,48.256695
Es Pujols,2025-06-18 08:00:00,39.0,51.01649
Es Pujols,2025-06-18 09:00:00,40.0,52.916214
Es Pujols,2025-06-18 10:00:00,75.0,60.970497
Es Pujols,2025-06-18 11:00:00,81.0,60.222027
Es Pujols,2025-06-18 12:00:00,96.0,55.57033
Es Pujols,2025-06-18 13:00:00,45.0,42.724712
Es Pujols,2025-06-18 14:00:00,28.0,36.363922
Es Pujols,2025-06-18 15:00:00,22.0,30.961964
Es Pujols,2025-06-18 16:00:00,9.0,20.884132
Es Pujols,2025-06-18 17:00:00,32.0,44.755394
Es Pujols,2025-06-18 18:00:00,62.0,63.088665
Es Pujols,2025-06-18 19:00:00,71.0,68.47885
Es Pujols,2025-06-18 20:00:00,74.0,67.90327
Es Pujols,2025-06-19 08:00:00,55.0,66.86997
Es Pujols,2025-06-19 09:00:00,67.0,74.30836
Es Pujols,2025-06-19 10:00:00,80.0,72.62243
Es Pujols,2025-06-19 11:00:00,92.0,70.91868
Es Pujols,2025-06-19 12:00:00,74.0,67.31551
Es Pujols,2025-06-19 13:00:00,57.0,51.86401
Es Pujols,2025-06-19 14:00:00,39.0,51.69131
Es Pujols,2025-06-19 15:00:00,30.0,51.488087
Es Pujols,2025-06-19 16:00:00,10.0,31.3135
Es Pujols,2025-06-19 17:00:00,44.0,51.00232
Es Pujols,2025-06-19 18:00:00,80.0,75.72137
Es Pujols,2025-06-19 19:00:00,85.0,102.272026
Es Pujols,2025-06-19 20:00:00,87.0,97.450066
Es Pujols,2025-06-20 08:00:00,68.0,108.92064
Es Pujols,2025-06-20 09:00:00,66.0,113.732086
Es Pujols,2025-06-20 10:00:00,75.0,106.67749
Es Pujols,2025-06-20 11:00:00,81.0,99.43534
Es Pujols,2025-06-20 12:00:00,98.0,90.57798
Es Pujols,2025-06-20 13:00:00,66.0,62.727848
Es Pujols,2025-06-20 14:00:00,45.0,51.359657
Es Pujols,2025-06-20 15:00:00,28.0,50.978172
Es Pujols,2025-06-20 16:00:00,13.0,26.280657
Es Pujols,2025-06-20 17:00:00,47.0,45.900074
Es Pujols,2025-06-20 18:00:00,78.0,72.368614
Es Pujols,2025-06-20 19:00:00,73.0,80.056335
Es Pujols,2025-06-20 20:00:00,77.0,79.22191
Es Pujols,2025-06-21 08:00:00,61.0,77.81723
Es Pujols,2025-06-21 09:00:00,64.0,83.084435
Es Pujols,2025-06-21 11:00:00,93.0,89.11505
Es Pujols,2025-06-21 12:00:00,94.0,85.66974
Es Pujols,2025-06-21 13:00:00,67.0,75.647644
Es Pujols,2025-06-21 14:00:00,60.0,57.94007
Es Pujols,2025-06-21 15:00:00,33.0,49.5779
Es Pujols,2025-06-21 16:00:00,21.0,47.176197
Es Pujols,2025-06-21 17:00:00,9.0,26.605854
Es Pujols,2025-06-21 18:00:00,33.0,41.71146
Es Pujols,2025-06-21 19:00:00,71.0,63.866673
Es Pujols,2025-06-21 20:00:00,81.0,68.48255
Es Pujols,2025-06-22 08:00:00,65.0,61.089954
Es Pujols,2025-06-22 09:00:00,71.0,58.523304
Es Pujols,2025-06-22 10:00:00,70.0,62.468483
Es Pujols,2025-06-22 11:00:00,84.0,65.86777
Es Pujols,2025-06-22 12:00:00,93.0,66.482574
Es Pujols,2025-06-22 13:00:00,86.0,60.42633
Es Pujols,2025-06-22 14:00:00,61.0,48.61805
Es Pujols,2025-06-22 15:00:00,31.0,41.024918
Es Pujols,2025-06-22 16:00:00,30.0,40.65845
Es Pujols,2025-06-22 17:00:00,8.0,21.495201
Es Pujols,2025-06-22 18:00:00,47.0,42.948822
Es Pujols,2025-06-22 19:00:00,64.0,65.80163
Es Pujols,2025-06-22 20:00:00,77.0,69.01128
Es Pujols,2025-06-23 08:00:00,81.0,67.41779
Es Pujols,2025-06-23 09:00:00,45.0,61.46054
Es Pujols,2025-06-23 10:00:00,68.0,68.00579
Es Pujols,2025-06-23 11:00:00,90.0,79.740944
Es Pujols,2025-06-23 12:00:00,91.0,69.4899
Es Pujols,2025-06-23 13:00:00,78.0,62.297398
Es Pujols,2025-06-23 14:00:00,62.0,47.14905
Es Pujols,2025-06-23 15:00:00,36.0,41.482872
Es Pujols,2025-06-23 16:00:00,18.0,39.45417
Es Pujols,2025-06-23 17:00:00,7.0,20.397915
Es Pujols,2025-06-23 18:00:00,39.0,40.377975
Es Pujols,2025-06-23 19:00:00,52.0,66.45953
Es Pujols,2025-06-23 20:00:00,72.0,68.239914
Es Pujols,2025-06-24 08:00:00,81.0,62.032654
Es Pujols,2025-06-24 09:00:00,68.0,62.909863
Es Pujols,2025-06-24 10:00:00,73.0,67.7495
Es Pujols,2025-06-24 11:00:00,76.0,67.01714
Es Pujols,2025-06-24 12:00:00,84.0,63.395443
Es Pujols,2025-06-24 13:00:00,104.0,59.437695
Es Pujols,2025-06-24 14:00:00,74.0,50.659473
Es Pujols,2025-06-24 15:00:00,44.0,43.738068
Es Pujols,2025-06-24 16:00:00,34.0,42.701313
Es Pujols,2025-06-24 17:00:00,6.0,25.051868
Es Pujols,2025-06-24 18:00:00,16.0,42.803913
Es Pujols,2025-06-24 19:00:00,55.0,63.44632
Es Pujols,2025-06-24 20:00:00,61.0,62.667328
Es Pujols,2025-06-25 08:00:00,62.0,61.498547
Es Pujols,2025-06-25 09:00:00,47.0,54.70267
Es Pujols,2025-06-25 10:00:00,57.0,59.394714
Es Pujols,2025-06-25 11:00:00,75.0,63.686535
Es Pujols,2025-06-25 12:00:00,70.0,60.700233
Es Pujols,2025-06-25 13:00:00,78.0,54.75233
Es Pujols,2025-06-25 14:00:00,55.0,47.80124
Es Pujols,2025-06-25 15:00:00,24.0,43.93033
Es Pujols,2025-06-25 16:00:00,17.0,44.262688
Es Pujols,2025-06-25 17:00:00,15.0,23.255669
Es Pujols,2025-06-25 18:00:00,33.0,43.0336
Es Pujols,2025-06-25 19:00:00,59.0,63.204437
Es Pujols,2025-06-25 20:00:00,81.0,59.42846
Es Pujols,2025-06-26 08:00:00,77.0,59.87838
Es Pujols,2025-06-26 09:00:00,72.0,62.644367
Es Pujols,2025-06-26 10:00:00,63.0,71.20314
Es Pujols,2025-06-26 11:00:00,75.0,66.6123
Es Pujols,2025-06-26 12:00:00,104.0,65.98665
Es Pujols,2025-06-26 13:00:00,73.0,54.401234
Es Pujols,2025-06-26 14:00:00,68.0,49.158817
Es Pujols,2025-06-26 15:00:00,38.0,42.404327
Es Pujols,2025-06-26 16:00:00,21.0,37.245823
Es Pujols,2025-06-26 17:00:00,13.0,24.423136
Es Pujols,2025-06-26 18:00:00,46.0,40.907845
Es Pujols,2025-06-26 19:00:00,60.0,51.09345
Es Pujols,2025-06-26 20:00:00,75.0,59.600533
Es Pujols,2025-06-27 08:00:00,80.0,60.019306
Es Pujols,2025-06-27 09:00:00,62.0,61.169506
Es Pujols,2025-06-27 10:00:00,54.0,67.62458
Es Pujols,2025-06-27 11:00:00,93.0,69.35762
Es Pujols,2025-06-27 12:00:00,114.0,69.625916
Es Pujols,2025-06-27 13:00:00,92.0,53.455395
Es Pujols,2025-06-27 14:00:00,49.0,45.49862
Es Pujols,2025-06-27 15:00:00,35.0,42.317123
Es Pujols,2025-06-27 16:00:00,24.0,41.95706
Es Pujols,2025-06-27 17:00:00,8.0,21.450087
Es Pujols,2025-06-27 18:00:00,44.0,35.54989
Es Pujols,2025-06-27 19:00:00,65.0,56.147423
Es Pujols,2025-06-27 20:00:00,90.0,52.434566
Es Pujols,2025-06-28 08:00:00,57.0,52.653637
Es Pujols,2025-06-28 09:00:00,46.0,51.36403
Es Pujols,2025-06-28 10:00:00,100.0,55.73647
Es Pujols,2025-06-28 11:00:00,70.0,57.246338
Es Pujols,2025-06-28 12:00:00,71.0,52.91972
Es Pujols,2025-06-28 13:00:00,49.0,48.733635
Es Pujols,2025-06-28 14:00:00,39.0,42.378643
Es Pujols,2025-06-28 15:00:00,31.0,36.417667
Es Pujols,2025-06-28 16:00:00,15.0,36.082607
Es Pujols,2025-06-28 17:00:00,6.0,19.741283
Es Pujols,2025-06-28 18:00:00,17.0,29.2158
Es Pujols,2025-06-28 19:00:00,16.0,47.0138
Es Pujols,2025-06-28 20:00:00,11.0,41.466213
Es Pujols,2025-06-29 08:00:00,12.0,42.060097
Es Pujols,2025-06-29 09:00:00,22.0,41.06686
Es Pujols,2025-06-29 10:00:00,16.0,35.311058
Es Pujols,2025-06-29 11:00:00,23.0,54.292767
Es Pujols,2025-06-29 12:00:00,24.0,50.085487
Es Pujols,2025-06-29 13:00:00,33.0,41.025608
Es Pujols,2025-06-29 14:00:00,30.0,41.01146
Es Pujols,2025-06-29 15:00:00,22.0,34.30198
Es Pujols,2025-06-29 16:00:00,26.0,36.61335
Es Pujols,2025-06-29 17:00:00,6.0,14.443033
Es Pujols,2025-06-29 18:00:00,26.0,34.90635
Es Pujols,2025-06-29 19:00:00,33.0,64.199974
Es Pujols,2025-06-29 20:00:00,46.0,72.793594
Es Pujols,2025-06-30 08:00:00,51.0,75.854195
Es Pujols,2025-06-30 09:00:00,52.0,69.49039
Es Pujols,2025-06-30 10:00:00,77.0,71.97628
Es Pujols,2025-06-30 11:00:00,90.0,78.818726
Es Pujols,2025-06-30 12:00:00,60.0,73.628265
Es Pujols,2025-06-30 13:00:00,47.0,68.708595
Es Pujols,2025-06-30 14:00:00,31.0,52.477486
Es Pujols,2025-06-30 15:00:00,18.0,44.071075
Es Pujols,2025-06-30 16:00:00,18.0,41.019302
Es Pujols,2025-06-30 17:00:00,7.0,21.808794
Es Pujols,2025-06-30 18:00:00,17.0,44.362366
Es Pujols,2025-06-30 19:00:00,34.0,73.6613
Es Pujols,2025-06-30 20:00:00,42.0,84.465454
Es Pujols,2025-07-01 08:00:00,52.0,81.65823
Es Pujols,2025-07-01 09:00:00,55.0,77.40603
Es Pujols,2025-07-01 10:00:00,84.0,73.15909
Es Pujols,2025-07-01 11:00:00,99.0,78.820656
Es Pujols,2025-07-01 12:00:00,104.0,80.723816
Es Pujols,2025-07-01 13:00:00,53.0,74.567924
Es Pujols,2025-07-01 14:00:00,47.0,60.282406
Es Pujols,2025-07-01 15:00:00,17.0,42.369656
Es Pujols,2025-07-01 16:00:00,8.0,20.04267
Es Pujols,2025-07-01 17:00:00,23.0,49.128395
Es Pujols,2025-07-01 18:00:00,40.0,77.81659
Es Pujols,2025-07-01 19:00:00,64.0,88.44144
Es Pujols,2025-07-01 20:00:00,47.0,80.81659
Es Pujols,2025-07-02 08:00:00,42.0,81.22065
Es Pujols,2025-07-02 09:00:00,65.0,85.29944
Es Pujols,2025-07-02 10:00:00,86.0,86.41313
Es Pujols,2025-07-02 11:00:00,74.0,81.106766
Es Pujols,2025-07-02 12:00:00,52.0,76.01116
Es Pujols,2025-07-02 13:00:00,21.0,53.259052
Es Pujols,2025-07-02 14:00:00,20.0,38.61035
Es Pujols,2025-07-02 15:00:00,6.0,19.04693
Es Pujols,2025-07-02 16:00:00,22.0,33.590256
Es Pujols,2025-07-02 17:00:00,65.0,59.595528
Es Pujols,2025-07-02 18:00:00,71.0,63.358097
Es Pujols,2025-07-02 19:00:00,67.0,63.751236
Es Pujols,2025-07-02 20:00:00,87.0,66.98017
Es Pujols,2025-07-03 08:00:00,81.0,77.76429
Es Pujols,2025-07-03 09:00:00,107.0,68.7839
Es Pujols,2025-07-03 10:00:00,72.0,63.3805
Es Pujols,2025-07-03 11:00:00,52.0,61.77004
Es Pujols,2025-07-03 12:00:00,34.0,48.492702
Es Pujols,2025-07-03 13:00:00,29.0,42.98241
Es Pujols,2025-07-03 14:00:00,23.0,40.134495
Es Pujols,2025-07-03 15:00:00,7.0,19.907356
Es Pujols,2025-07-03 16:00:00,38.0,38.522007
Es Pujols,2025-07-03 17:00:00,70.0,69.39363
Es Pujols,2025-07-03 18:00:00,85.0,76.95538
Es Pujols,2025-07-03 19:00:00,95.0,81.22946
Es Pujols,2025-07-03 20:00:00,72.0,90.93482
Es Pujols,2025-07-04 08:00:00,91.0,91.306496
Es Pujols,2025-07-04 09:00:00,90.0,92.124695
Es Pujols,2025-07-04 10:00:00,76.0,86.98992
Es Pujols,2025-07-04 11:00:00,48.0,76.5618
Es Pujols,2025-07-04 12:00:00,50.0,57.043816
Es Pujols,2025-07-04 13:00:00,24.0,47.60214
Es Pujols,2025-07-04 14:00:00,18.0,43.04327
Es Pujols,2025-07-04 15:00:00,5.0,20.79645
Es Pujols,2025-07-04 16:00:00,18.0,38.19971
Es Pujols,2025-07-04 17:00:00,32.0,43.62742
Es Pujols,2025-07-04 18:00:00,46.0,55.128536
Es Pujols,2025-07-04 19:00:00,29.0,51.63609
Es Pujols,2025-07-04 20:00:00,39.0,57.274498
Es Pujols,2025-07-05 08:00:00,34.0,50.382492
Es Pujols,2025-07-05 09:00:00,36.0,36.16314
Es Pujols,2025-07-05 10:00:00,33.0,53.94783
Es Pujols,2025-07-05 11:00:00,29.0,58.75608
Es Pujols,2025-07-05 12:00:00,19.0,47.4762
Es Pujols,2025-07-05 13:00:00,15.0,40.712337
Es Pujols,2025-07-05 14:00:00,16.0,36.846855
Es Pujols,2025-07-05 15:00:00,7.0,15.49031
Es Pujols,2025-07-05 16:00:00,15.0,33.27444
Es Pujols,2025-07-05 17:00:00,37.0,58.68964
Es Pujols,2025-07-05 18:00:00,41.0,71.23416
Es Pujols,2025-07-05 19:00:00,36.0,66.95485
Es Pujols,2025-07-05 20:00:00,35.0,66.702385
Es Pujols,2025-07-06 08:00:00,52.0,70.181435
Es Pujols,2025-07-06 09:00:00,65.0,73.52705
Es Pujols,2025-07-06 10:00:00,71.0,72.13102
Es Pujols,2025-07-06 11:00:00,42.0,63.936478
Es Pujols,2025-07-06 12:00:00,35.0,47.3937
Es Pujols,2025-07-06 13:00:00,28.0,42.170895
Es Pujols,2025-07-06 14:00:00,20.0,41.22109
Es Pujols,2025-07-06 15:00:00,5.0,22.107855
Es Pujols,2025-07-06 16:00:00,36.0,35.22794
Es Pujols,2025-07-06 17:00:00,50.0,57.17202
Es Pujols,2025-07-06 18:00:00,50.0,68.21288
Es Pujols,2025-07-06 19:00:00,44.0,72.66103
Es Pujols,2025-07-06 20:00:00,46.0,69.56573
Es Pujols,2025-07-07 08:00:00,107.0,76.1261
Es Pujols,2025-07-07 09:00:00,103.0,74.92261
Es Pujols,2025-07-07 10:00:00,89.0,73.55335
Es Pujols,2025-07-07 11:00:00,62.0,68.62004
Es Pujols,2025-07-07 12:00:00,43.0,49.511772
Es Pujols,2025-07-07 13:00:00,31.0,43.52541
Es Pujols,2025-07-07 14:00:00,13.0,38.10675
Es Pujols,2025-07-07 15:00:00,8.0,11.364556
Es Pujols,2025-07-07 16:00:00,38.0,42.091305
Es Pujols,2025-07-07 17:00:00,69.0,64.6979
Es Pujols,2025-07-07 18:00:00,72.0,75.93299
Es Pujols,2025-07-07 19:00:00,72.0,73.59695
Es Pujols,2025-07-07 20:00:00,72.0,71.06447
Es Pujols,2025-07-08 08:00:00,80.0,68.6992
Es Pujols,2025-07-08 09:00:00,76.0,67.31134
Es Pujols,2025-07-08 10:00:00,80.0,64.0393
Es Pujols,2025-07-08 11:00:00,59.0,66.390945
Es Pujols,2025-07-08 12:00:00,46.0,46.966854
Es Pujols,2025-07-08 13:00:00,34.0,40.819054
Es Pujols,2025-07-08 14:00:00,24.0,35.905376
Es Pujols,2025-07-08 15:00:00,9.0,20.310272
Es Pujols,2025-07-08 16:00:00,41.0,50.38721
Es Pujols,2025-07-08 17:00:00,57.0,67.61098
Es Pujols,2025-07-08 18:00:00,88.0,69.28569
Es Pujols,2025-07-08 19:00:00,81.0,71.47963
Es Pujols,2025-07-08 20:00:00,70.0,70.119095
Es Pujols,2025-07-09 08:00:00,75.0,63.593834
Es Pujols,2025-07-09 09:00:00,90.0,58.704266
Es Pujols,2025-07-09 10:00:00,93.0,55.358604
Es Pujols,2025-07-09 11:00:00,72.0,51.793507
Es Pujols,2025-07-09 12:00:00,39.0,40.606464
Es Pujols,2025-07-09 13:00:00,28.0,29.847559
Es Pujols,2025-07-09 14:00:00,21.0,29.715508
Es Pujols,2025-07-09 15:00:00,8.0,11.307764
Es Pujols,2025-07-09 16:00:00,26.0,30.644125
Es Pujols,2025-07-09 17:00:00,46.0,45.08546
Es Pujols,2025-07-09 18:00:00,68.0,45.206253
Es Pujols,2025-07-09 19:00:00,75.0,39.460316
Es Pujols,2025-07-09 20:00:00,50.0,47.03135
Es Pujols,2025-07-10 08:00:00,73.0,57.675194
Es Pujols,2025-07-10 09:00:00,101.0,46.934177
Es Pujols,2025-07-10 10:00:00,93.0,45.641285
Es Pujols,2025-07-10 11:00:00,83.0,37.764915
Es Pujols,2025-07-10 12:00:00,43.0,31.024755
Es Pujols,2025-07-10 13:00:00,37.0,28.376942
Es Pujols,2025-07-10 14:00:00,21.0,26.818985
Es Pujols,2025-07-10 15:00:00,8.0,15.47013
Es Pujols,2025-07-10 16:00:00,38.0,25.164505
Es Pujols,2025-07-10 17:00:00,76.0,48.789127
Es Pujols,2025-07-10 19:00:00,81.0,55.7671
Es Pujols,2025-07-10 20:00:00,63.0,58.50635
Es Pujols,2025-07-11 08:00:00,58.0,60.870575
Es Pujols,2025-07-11 09:00:00,59.0,65.83012
Es Pujols,2025-07-11 10:00:00,106.0,62.21444
Es Pujols,2025-07-11 11:00:00,61.0,58.54789
Es Pujols,2025-07-11 12:00:00,57.0,54.51714
Es Pujols,2025-07-11 13:00:00,37.0,41.697495
Es Pujols,2025-07-11 14:00:00,26.0,39.825233
Es Pujols,2025-07-11 15:00:00,11.0,38.638054
Es Pujols,2025-07-11 16:00:00,7.0,14.39447
Es Pujols,2025-07-11 17:00:00,28.0,31.080954
Es Pujols,2025-07-11 19:00:00,46.0,46.58527
Es Pujols,2025-07-11 20:00:00,75.0,49.99684
Es Pujols,2025-07-12 08:00:00,53.0,50.808506
Es Pujols,2025-07-12 09:00:00,46.0,52.04922
Es Pujols,2025-07-12 10:00:00,69.0,54.702328
Es Pujols,2025-07-12 11:00:00,60.0,54.567524
Es Pujols,2025-07-12 12:00:00,72.0,54.957382
Es Pujols,2025-07-12 13:00:00,62.0,52.481476
Es Pujols,2025-07-12 14:00:00,26.0,41.03836
Es Pujols,2025-07-12 15:00:00,17.0,47.169147
Es Pujols,2025-07-12 16:00:00,8.0,40.272
Es Pujols,2025-07-12 17:00:00,5.0,13.99777
Es Pujols,2025-07-12 18:00:00,11.0,31.14099
Es Pujols,2025-07-12 19:00:00,30.0,49.86604
Es Pujols,2025-07-12 20:00:00,54.0,61.062054
Es Pujols,2025-07-13 08:00:00,34.0,59.979984
Es Pujols,2025-07-13 09:00:00,40.0,64.34949
Es Pujols,2025-07-13 10:00:00,54.0,68.08931
Es Pujols,2025-07-13 11:00:00,75.0,75.81522
Es Pujols,2025-07-13 12:00:00,54.0,77.65127
Es Pujols,2025-07-13 13:00:00,45.0,65.799614
Es Pujols,2025-07-13 14:00:00,26.0,54.129234
Es Pujols,2025-07-13 15:00:00,17.0,46.420647
Es Pujols,2025-07-13 16:00:00,10.0,40.016678
Es Pujols,2025-07-13 17:00:00,10.0,13.5488825
Es Pujols,2025-07-13 18:00:00,21.0,35.75065
Es Pujols,2025-07-13 19:00:00,36.0,57.13699
Es Pujols,2025-07-13 20:00:00,50.0,62.945488
Es Pujols,2025-07-14 08:00:00,58.0,67.474365
Es Pujols,2025-07-14 09:00:00,66.0,63.112484
Es Pujols,2025-07-14 10:00:00,90.0,67.53477
Es Pujols,2025-07-14 11:00:00,78.0,65.058105
Es Pujols,2025-07-14 12:00:00,62.0,57.81365
Es Pujols,2025-07-14 13:00:00,63.0,50.151447
Es Pujols,2025-07-14 14:00:00,31.0,40.728146
Es Pujols,2025-07-14 15:00:00,18.0,38.92313
Es Pujols,2025-07-14 16:00:00,18.0,36.767826
Es Pujols,2025-07-14 17:00:00,7.0,18.244226
Es Pujols,2025-07-14 18:00:00,27.0,38.959686
Es Pujols,2025-07-14 19:00:00,23.0,41.423244
Es Pujols,2025-07-14 20:00:00,28.0,37.46507
Es Pujols,2025-07-15 08:00:00,21.0,48.047024
Es Pujols,2025-07-15 09:00:00,25.0,39.781307
Es Pujols,2025-07-15 10:00:00,19.0,40.580807
Es Pujols,2025-07-15 11:00:00,19.0,34.55016
Es Pujols,2025-07-15 12:00:00,17.0,29.328909
Es Pujols,2025-07-15 13:00:00,12.0,28.535172
Es Pujols,2025-07-15 14:00:00,14.0,26.084082
Es Pujols,2025-07-15 15:00:00,11.0,20.667591
Es Pujols,2025-07-15 16:00:00,8.0,22.873556
Es Pujols,2025-07-15 17:00:00,5.0,9.60631
Es Pujols,2025-07-15 18:00:00,13.0,20.884632
Es Pujols,2025-07-15 19:00:00,22.0,30.272552
Es Pujols,2025-07-15 20:00:00,21.0,35.085613
Es Pujols,2025-07-16 08:00:00,17.0,26.48809
Es Pujols,2025-07-16 09:00:00,19.0,27.204695
Es Pujols,2025-07-16 10:00:00,24.0,32.51859
Es Pujols,2025-07-16 11:00:00,17.0,34.04407
Es Pujols,2025-07-16 12:00:00,25.0,33.55326
Es Pujols,2025-07-16 13:00:00,14.0,29.096693
Es Pujols,2025-07-16 14:00:00,10.0,38.181953
Es Pujols,2025-07-16 15:00:00,11.0,31.627756
Es Pujols,2025-07-16 16:00:00,10.0,26.767248
Es Pujols,2025-07-16 17:00:00,6.0,8.914833
Es Pujols,2025-07-16 18:00:00,19.0,33.434532
Es Pujols,2025-07-16 19:00:00,18.0,46.638607
Es Pujols,2025-07-16 20:00:00,47.0,56.816612
Es Pujols,2025-07-17 08:00:00,35.0,46.585396
Es Pujols,2025-07-17 09:00:00,74.0,43.609962
Es Pujols,2025-07-17 10:00:00,52.0,54.919727
Es Pujols,2025-07-17 11:00:00,60.0,63.242252
Es Pujols,2025-07-17 12:00:00,69.0,63.783493
Es Pujols,2025-07-17 13:00:00,39.0,58.133827
Es Pujols,2025-07-17 14:00:00,35.0,43.358486
Es Pujols,2025-07-17 15:00:00,25.0,38.751457
Es Pujols,2025-07-17 16:00:00,19.0,37.175873
Es Pujols,2025-07-17 17:00:00,7.0,15.116464
Es Pujols,2025-07-17 18:00:00,18.0,41.52726
Es Pujols,2025-07-17 19:00:00,45.0,56.433296
Es Pujols,2025-07-17 20:00:00,60.0,64.02947
Es Pujols,2025-07-18 08:00:00,69.0,65.90492
Es Pujols,2025-07-18 09:00:00,59.0,72.30254
Es Pujols,2025-07-18 10:00:00,82.0,71.304695
Es Pujols,2025-07-18 11:00:00,79.0,72.281296
Es Pujols,2025-07-18 12:00:00,77.0,69.950165
Es Pujols,2025-07-18 13:00:00,48.0,61.727585
Es Pujols,2025-07-18 14:00:00,24.0,52.592453
Es Pujols,2025-07-18 15:00:00,16.0,44.923016
Es Pujols,2025-07-18 16:00:00,12.0,40.696945
Es Pujols,2025-07-18 17:00:00,8.0,13.271145
Es Pujols,2025-07-18 18:00:00,21.0,34.85226
Es Pujols,2025-07-18 19:00:00,30.0,61.475647
Es Pujols,2025-07-18 20:00:00,26.0,48.35386
Es Pujols,2025-07-19 08:00:00,35.0,60.376987
Es Pujols,2025-07-19 09:00:00,38.0,57.660465
Es Pujols,2025-07-19 10:00:00,26.0,59.702164
Es Pujols,2025-07-19 11:00:00,30.0,61.255516
Es Pujols,2025-07-19 12:00:00,24.0,59.553978
Es Pujols,2025-07-19 13:00:00,27.0,57.95767
Es Pujols,2025-07-19 14:00:00,22.0,42.215015
Es Pujols,2025-07-19 15:00:00,7.0,36.77325
Es Pujols,2025-07-19 16:00:00,6.0,35.396187
Es Pujols,2025-07-19 17:00:00,7.0,5.621911
Es Pujols,2025-07-19 18:00:00,13.0,31.717358
Es Pujols,2025-07-19 19:00:00,21.0,37.80266
Es Pujols,2025-07-19 20:00:00,19.0,44.189655
Es Pujols,2025-07-20 08:00:00,23.0,55.873844
Es Pujols,2025-07-20 09:00:00,14.0,56.23703
Es Pujols,2025-07-20 10:00:00,20.0,70.340294
Es Pujols,2025-07-20 11:00:00,29.0,67.73165
Es Pujols,2025-07-20 12:00:00,35.0,70.83415
Es Pujols,2025-07-20 13:00:00,21.0,57.033173
Es Pujols,2025-07-20 14:00:00,17.0,45.04161
Es Pujols,2025-07-20 15:00:00,16.0,37.584145
Es Pujols,2025-07-20 16:00:00,9.0,35.74628
Es Pujols,2025-07-20 17:00:00,6.0,8.543055
Es Pujols,2025-07-20 18:00:00,19.0,41.988056
Es Pujols,2025-07-20 19:00:00,47.0,64.92824
Es Pujols,2025-07-20 20:00:00,67.0,69.75891
Es Pujols,2025-07-21 08:00:00,65.0,66.05697
Es Pujols,2025-07-21 09:00:00,60.0,62.659298
Es Pujols,2025-07-21 10:00:00,65.0,62.790077
Es Pujols,2025-07-21 11:00:00,72.0,63.535107
Es Pujols,2025-07-21 12:00:00,69.0,60.120476
Es Pujols,2025-07-21 13:00:00,29.0,50.340485
Es Pujols,2025-07-21 14:00:00,22.0,46.07898
Es Pujols,2025-07-21 15:00:00,7.0,39.244102
Es Pujols,2025-07-21 16:00:00,7.0,36.170475
Es Pujols,2025-07-21 17:00:00,8.0,10.946721
Es Pujols,2025-07-21 18:00:00,28.0,41.689495
Es Pujols,2025-07-21 19:00:00,37.0,56.464195
Es Pujols,2025-07-21 20:00:00,39.0,49.35673
Es Pujols,2025-07-22 08:00:00,51.0,44.39457
Es Pujols,2025-07-22 09:00:00,54.0,50.0674
Es Pujols,2025-07-22 10:00:00,66.0,53.92203
Es Pujols,2025-07-22 11:00:00,85.0,54.688805
Es Pujols,2025-07-22 12:00:00,72.0,48.929302
Es Pujols,2025-07-22 13:00:00,44.0,45.895203
Es Pujols,2025-07-22 14:00:00,22.0,34.607132
Es Pujols,2025-07-22 15:00:00,14.0,34.340954
Es Pujols,2025-07-22 16:00:00,7.0,34.737976
Es Pujols,2025-07-22 17:00:00,6.0,13.801124
Es Pujols,2025-07-22 18:00:00,27.0,39.292095
Es Pujols,2025-07-22 19:00:00,43.0,55.643
Es Pujols,2025-07-22 20:00:00,42.0,47.910973
Es Pujols,2025-07-23 08:00:00,55.0,45.292038
Es Pujols,2025-07-23 09:00:00,53.0,40.424866
Es Pujols,2025-07-23 10:00:00,66.0,42.547264
Es Pujols,2025-07-23 11:00:00,86.0,44.9413
Es Pujols,2025-07-23 12:00:00,57.0,45.331676
Es Pujols,2025-07-23 13:00:00,34.0,43.827244
Es Pujols,2025-07-23 14:00:00,13.0,40.172684
Es Pujols,2025-07-23 15:00:00,15.0,32.230457
Es Pujols,2025-07-23 16:00:00,5.0,34.65605
Es Pujols,2025-07-23 17:00:00,6.0,12.143544
Es Pujols,2025-07-23 18:00:00,37.0,40.077286
Es Pujols,2025-07-23 19:00:00,58.0,58.38212
Es Pujols,2025-07-23 20:00:00,60.0,56.810497
Es Pujols,2025-07-24 08:00:00,71.0,54.255257
Es Pujols,2025-07-24 09:00:00,72.0,54.29975
Es Pujols,2025-07-24 10:00:00,39.0,53.941116
Es Pujols,2025-07-24 11:00:00,54.0,51.778416
Es Pujols,2025-07-24 12:00:00,87.0,49.21777
Es Pujols,2025-07-24 13:00:00,79.0,43.254036
Es Pujols,2025-07-24 14:00:00,41.0,33.15738
Es Pujols,2025-07-24 15:00:00,29.0,28.201372
Es Pujols,2025-07-24 16:00:00,6.0,26.185719
Es Pujols,2025-07-24 17:00:00,9.0,13.035623
Es Pujols,2025-07-24 18:00:00,43.0,32.094257
Es Pujols,2025-07-24 19:00:00,60.0,40.724754
Es Pujols,2025-07-24 20:00:00,78.0,40.04869
Es Pujols,2025-07-25 08:00:00,79.0,32.53262
Es Pujols,2025-07-25 09:00:00,70.0,34.059273
Es Pujols,2025-07-25 10:00:00,68.0,32.95495
Es Pujols,2025-07-25 11:00:00,86.0,35.78896
Es Pujols,2025-07-25 12:00:00,61.0,33.366573
Es Pujols,2025-07-25 13:00:00,50.0,26.552067
Es Pujols,2025-07-25 14:00:00,34.0,20.815378
Es Pujols,2025-07-25 15:00:00,22.0,17.57378
Es Pujols,2025-07-25 16:00:00,15.0,18.317999
Es Pujols,2025-07-25 17:00:00,17.0,10.21947
Es Pujols,2025-07-25 18:00:00,46.0,21.814146
Es Pujols,2025-07-25 19:00:00,76.0,31.330225
Es Pujols,2025-07-25 20:00:00,89.0,30.576223
Es Pujols,2025-07-26 08:00:00,75.0,26.894358
Es Pujols,2025-07-26 09:00:00,70.0,26.40292
Es Pujols,2025-07-26 10:00:00,99.0,27.592407
Es Pujols,2025-07-26 11:00:00,102.0,27.210281
Es Pujols,2025-07-26 12:00:00,70.0,27.518744
Es Pujols,2025-07-26 13:00:00,50.0,22.448683
Es Pujols,2025-07-26 14:00:00,37.0,19.133774
Es Pujols,2025-07-26 15:00:00,34.0,17.163439
Es Pujols,2025-07-26 16:00:00,7.0,18.618124
Es Pujols,2025-07-26 17:00:00,9.0,8.25218
Es Pujols,2025-07-26 18:00:00,64.0,19.307938
Es Pujols,2025-07-26 19:00:00,99.0,29.883682
Es Pujols,2025-07-26 20:00:00,136.0,26.821949
Es Pujols,2025-07-27 08:00:00,100.0,31.607723
Es Pujols,2025-07-27 09:00:00,91.0,29.772488
Es Pujols,2025-07-27 10:00:00,116.0,31.09194
Es Pujols,2025-07-27 11:00:00,117.0,33.311768
Es Pujols,2025-07-27 12:00:00,94.0,33.484436
Es Pujols,2025-07-27 13:00:00,73.0,30.13825
Es Pujols,2025-07-27 14:00:00,52.0,25.496485
Es Pujols,2025-07-27 15:00:00,22.0,22.116638
Es Pujols,2025-07-27 16:00:00,6.0,24.631746
Es Pujols,2025-07-27 17:00:00,6.0,10.3474455
Es Pujols,2025-07-27 18:00:00,67.0,28.23891
Es Pujols,2025-07-27 19:00:00,82.0,44.54468
Es Pujols,2025-07-27 20:00:00,121.0,43.142998
Es Pujols,2025-07-28 08:00:00,100.0,44.59015
Es Pujols,2025-07-28 09:00:00,112.0,41.533443
Es Pujols,2025-07-28 10:00:00,114.0,43.30912
Es Pujols,2025-07-28 11:00:00,97.0,42.48331
Es Pujols,2025-07-28 12:00:00,84.0,42.283993
Es Pujols,2025-07-28 13:00:00,62.0,38.279682
Es Pujols,2025-07-28 14:00:00,37.0,30.734678
Es Pujols,2025-07-28 15:00:00,35.0,28.988764
Es Pujols,2025-07-28 16:00:00,5.0,25.767855
Es Pujols,2025-07-28 17:00:00,8.0,10.867272
Es Pujols,2025-07-28 18:00:00,59.0,32.719757
Es Pujols,2025-07-28 19:00:00,75.0,56.236275
Es Pujols,2025-07-28 20:00:00,78.0,47.1951
Es Pujols,2025-07-29 08:00:00,83.0,44.821083
Es Pujols,2025-07-29 09:00:00,80.0,38.761528
Es Pujols,2025-07-29 10:00:00,72.0,39.019695
Es Pujols,2025-07-29 11:00:00,60.0,32.132015
Es Pujols,2025-07-29 12:00:00,60.0,29.910545
Es Pujols,2025-07-29 13:00:00,36.0,23.404013
Es Pujols,2025-07-29 14:00:00,29.0,19.669329
Es Pujols,2025-07-29 15:00:00,14.0,18.360153
Es Pujols,2025-07-29 16:00:00,9.0,8.743431
Es Pujols,2025-07-29 17:00:00,47.0,20.827473
Es Pujols,2025-07-29 18:00:00,73.0,34.28929
Es Pujols,2025-07-29 19:00:00,99.0,33.313717
Es Pujols,2025-07-29 20:00:00,80.0,34.77061
Es Pujols,2025-07-30 08:00:00,71.0,30.857733
Es Pujols,2025-07-30 09:00:00,88.0,28.933119
Es Pujols,2025-07-30 10:00:00,92.0,28.603178
Es Pujols,2025-07-30 11:00:00,86.0,27.4469
Es Pujols,2025-07-30 12:00:00,50.0,24.636713
Es Pujols,2025-07-30 13:00:00,37.0,28.30124
Es Pujols,2025-07-30 14:00:00,30.0,18.216017
Es Pujols,2025-07-30 15:00:00,8.0,17.31529
Es Pujols,2025-07-30 16:00:00,7.0,4.907817
Es Pujols,2025-07-30 17:00:00,54.0,26.593872
Es Pujols,2025-07-30 18:00:00,69.0,39.21056
Es Pujols,2025-07-30 19:00:00,96.0,36.35618
Es Pujols,2025-07-30 20:00:00,81.0,36.08207
Es Pujols,2025-07-31 08:00:00,88.0,33.6207
Es Pujols,2025-07-31 09:00:00,77.0,35.132706
Es Pujols,2025-07-31 10:00:00,114.0,37.81493
Es Pujols,2025-07-31 11:00:00,96.0,35.84495
Es Pujols,2025-07-31 12:00:00,59.0,33.729286
Es Pujols,2025-07-31 13:00:00,27.0,27.551186
Es Pujols,2025-07-31 14:00:00,27.0,25.83392
Es Pujols,2025-07-31 15:00:00,8.0,25.458467
Es Pujols,2025-07-31 16:00:00,9.0,11.947192
Es Pujols,2025-07-31 17:00:00,57.0,31.953959
Es Pujols,2025-07-31 18:00:00,87.0,45.54088
Es Pujols,2025-07-31 19:00:00,84.0,46.120632
Es Pujols,2025-07-31 20:00:00,83.0,46.98152
Es Pujols,2025-08-01 08:00:00,98.0,43.86784
Es Pujols,2025-08-01 09:00:00,97.0,52.478413
Es Pujols,2025-08-01 10:00:00,118.0,52.66613
Es Pujols,2025-08-01 11:00:00,80.0,46.223866
Es Pujols,2025-08-01 12:00:00,51.0,40.269146
Es Pujols,2025-08-01 13:00:00,51.0,31.306253
Es Pujols,2025-08-01 14:00:00,27.0,30.891651
Es Pujols,2025-08-01 15:00:00,7.0,29.727983
Es Pujols,2025-08-01 16:00:00,10.0,27.30628
Es Pujols,2025-08-01 17:00:00,47.0,33.222538
Es Pujols,2025-08-01 18:00:00,91.0,51.2051
Es Pujols,2025-08-01 19:00:00,83.0,47.415462
Es Pujols,2025-08-01 20:00:00,103.0,41.474884
Es Pujols,2025-08-02 08:00:00,88.0,44.347748
Es Pujols,2025-08-02 09:00:00,106.0,44.44822
Es Pujols,2025-08-02 10:00:00,119.0,46.456203
Es Pujols,2025-08-02 11:00:00,96.0,45.718163
Es Pujols,2025-08-02 12:00:00,90.0,42.294765
Es Pujols,2025-08-02 13:00:00,44.0,36.764954
Es Pujols,2025-08-02 14:00:00,28.0,31.105097
Es Pujols,2025-08-02 15:00:00,6.0,30.174137
Es Pujols,2025-08-02 16:00:00,13.0,10.202566
Es Pujols,2025-08-02 17:00:00,28.0,26.928526
Es Pujols,2025-08-02 18:00:00,75.0,53.62705
Es Pujols,2025-08-02 19:00:00,100.0,52.35134
Es Pujols,2025-08-02 20:00:00,65.0,53.078606
Es Pujols,2025-08-03 08:00:00,90.0,55.970634
Es Pujols,2025-08-03 09:00:00,118.0,53.11126
Es Pujols,2025-08-03 10:00:00,113.0,54.588802
Es Pujols,2025-08-03 11:00:00,97.0,51.63808
Es Pujols,2025-08-03 12:00:00,72.0,48.159046
Es Pujols,2025-08-03 13:00:00,33.0,38.013927
Es Pujols,2025-08-03 14:00:00,32.0,34.159065
Es Pujols,2025-08-03 15:00:00,10.0,32.615063
Es Pujols,2025-08-03 16:00:00,12.0,9.785332
Es Pujols,2025-08-03 17:00:00,58.0,35.134823
Es Pujols,2025-08-03 18:00:00,85.0,54.507412
Es Pujols,2025-08-03 19:00:00,105.0,50.11916
Es Pujols,2025-08-03 20:00:00,83.0,59.00149
Es Pujols,2025-08-04 08:00:00,103.0,45.515915
Es Pujols,2025-08-04 09:00:00,93.0,56.05685
Es Pujols,2025-08-04 10:00:00,109.0,59.6493
Es Pujols,2025-08-04 11:00:00,93.0,58.202152
Es Pujols,2025-08-04 12:00:00,68.0,50.3553
Es Pujols,2025-08-04 13:00:00,51.0,44.514545
Es Pujols,2025-08-04 14:00:00,25.0,38.206093
Es Pujols,2025-08-04 15:00:00,7.0,38.341446
Es Pujols,2025-08-04 16:00:00,14.0,10.21714
Es Pujols,2025-08-04 17:00:00,58.0,38.64256
Es Pujols,2025-08-04 18:00:00,74.0,62.81288
Es Pujols,2025-08-04 19:00:00,82.0,61.63569
Es Pujols,2025-08-04 20:00:00,84.0,69.54811
Es Pujols,2025-08-05 08:00:00,84.0,73.43847
Es Pujols,2025-08-05 09:00:00,95.0,72.39422
Es Pujols,2025-08-05 10:00:00,78.0,75.24463
Es Pujols,2025-08-05 11:00:00,91.0,74.62038
Es Pujols,2025-08-05 12:00:00,72.0,66.69989
Es Pujols,2025-08-05 13:00:00,45.0,51.384674
Es Pujols,2025-08-05 14:00:00,33.0,46.328495
Es Pujols,2025-08-05 15:00:00,12.0,49.04332
Es Pujols,2025-08-05 16:00:00,12.0,17.091078
Es Pujols,2025-08-05 17:00:00,37.0,40.738777
Es Pujols,2025-08-05 18:00:00,79.0,69.20382
Es Pujols,2025-08-05 19:00:00,109.0,89.67747
Es Pujols,2025-08-05 20:00:00,95.0,78.9896
Es Pujols,2025-08-06 08:00:00,81.0,76.98103
Es Pujols,2025-08-06 09:00:00,93.0,85.20891
Es Pujols,2025-08-06 10:00:00,102.0,84.3109
Es Pujols,2025-08-06 11:00:00,131.0,94.57471
Es Pujols,2025-08-06 12:00:00,110.0,81.58455
Es Pujols,2025-08-06 13:00:00,66.0,84.96911
Es Pujols,2025-08-06 14:00:00,29.0,52.6711
Es Pujols,2025-08-06 15:00:00,11.0,49.238197
Es Pujols,2025-08-06 16:00:00,11.0,22.94631
Es Pujols,2025-08-06 17:00:00,73.0,79.14786
Es Pujols,2025-08-06 18:00:00,60.0,68.593
Es Pujols,2025-08-06 19:00:00,28.0,53.263927
Es Pujols,2025-08-06 20:00:00,10.0,38.469627
Es Pujols,2025-08-07 08:00:00,12.0,23.61127
Es Pujols,2025-08-07 09:00:00,34.0,39.90159
Es Pujols,2025-08-07 10:00:00,86.0,72.56137
Es Pujols,2025-08-07 11:00:00,108.0,79.310585
Es Pujols,2025-08-07 13:00:00,95.0,86.450806
Es Pujols,2025-08-07 14:00:00,113.0,94.58154
Es Pujols,2025-08-07 15:00:00,124.0,106.697426
Es Pujols,2025-08-07 16:00:00,136.0,106.60812
Es Pujols,2025-08-07 17:00:00,112.0,101.43353
Es Pujols,2025-08-07 18:00:00,81.0,82.272514
Es Pujols,2025-08-07 19:00:00,52.0,69.772194
Es Pujols,2025-08-07 20:00:00,41.0,52.292503
Es Pujols,2025-08-08 08:00:00,7.0,41.689255
Es Pujols,2025-08-08 09:00:00,9.0,16.0331
Es Pujols,2025-08-08 10:00:00,52.0,43.091084
Es Pujols,2025-08-08 11:00:00,84.0,58.972206
Es Pujols,2025-08-08 12:00:00,113.0,68.11313
Es Pujols,2025-08-08 13:00:00,93.0,71.07415
Es Pujols,2025-08-08 14:00:00,94.0,70.81902
Es Pujols,2025-08-08 15:00:00,109.0,80.04815
Es Pujols,2025-08-08 16:00:00,111.0,88.021614
Es Pujols,2025-08-08 17:00:00,85.0,82.539696
Es Pujols,2025-08-08 18:00:00,86.0,76.86588
Es Pujols,2025-08-08 19:00:00,53.0,59.5372
Es Pujols,2025-08-08 20:00:00,36.0,44.02126
Es Pujols,2025-08-09 08:00:00,7.0,40.098778
Es Pujols,2025-08-09 09:00:00,7.0,12.176417
Es Pujols,2025-08-09 10:00:00,23.0,28.93236
Es Pujols,2025-08-09 11:00:00,12.0,32.502758
Es Pujols,2025-08-09 12:00:00,18.0,56.274418
Es Pujols,2025-08-09 13:00:00,31.0,52.892326
Es Pujols,2025-08-09 14:00:00,33.0,49.08704
Es Pujols,2025-08-09 15:00:00,33.0,83.46668
Es Pujols,2025-08-09 16:00:00,46.0,78.44853
Es Pujols,2025-08-09 17:00:00,49.0,81.957306
Es Pujols,2025-08-09 18:00:00,40.0,73.22018
Es Pujols,2025-08-09 19:00:00,32.0,59.79346
Es Pujols,2025-08-09 20:00:00,25.0,45.99624
Es Pujols,2025-08-10 08:00:00,15.0,35.988075
Es Pujols,2025-08-10 09:00:00,12.0,13.54591
Es Pujols,2025-08-10 10:00:00,35.0,27.522356
Es Pujols,2025-08-10 11:00:00,58.0,47.41757
Es Pujols,2025-08-10 12:00:00,79.0,54.995186
Es Pujols,2025-08-10 13:00:00,64.0,58.258224
Es Pujols,2025-08-10 14:00:00,80.0,63.7468
Es Pujols,2025-08-10 15:00:00,81.0,96.66149
Es Pujols,2025-08-10 16:00:00,63.0,85.52725
Es Pujols,2025-08-10 17:00:00,53.0,85.9347
Es Pujols,2025-08-10 18:00:00,41.0,81.38514
Es Pujols,2025-08-10 19:00:00,24.0,52.7839
Es Pujols,2025-08-10 20:00:00,26.0,40.33346
Es Pujols,2025-08-11 08:00:00,10.0,31.598438
Es Pujols,2025-08-11 09:00:00,15.0,12.8139
Es Pujols,2025-08-11 10:00:00,28.0,32.81747
Es Pujols,2025-08-11 11:00:00,53.0,57.23283
Es Pujols,2025-08-11 12:00:00,45.0,61.858936
Es Pujols,2025-08-11 13:00:00,66.0,64.363266
Es Pujols,2025-08-11 14:00:00,63.0,74.652145
Es Pujols,2025-08-11 15:00:00,78.0,102.134575
Es Pujols,2025-08-11 16:00:00,98.0,98.74279
Es Pujols,2025-08-11 17:00:00,71.0,92.635826
Es Pujols,2025-08-11 18:00:00,40.0,77.28264
Es Pujols,2025-08-11 19:00:00,33.0,61.72383
Es Pujols,2025-08-11 20:00:00,24.0,44.279045
Es Pujols,2025-08-12 08:00:00,14.0,36.292595
Es Pujols,2025-08-12 09:00:00,9.0,18.03298
Es Pujols,2025-08-12 10:00:00,36.0,35.76133
Es Pujols,2025-08-12 11:00:00,56.0,78.58286
Es Pujols,2025-08-12 12:00:00,82.0,71.6698
Es Pujols,2025-08-12 13:00:00,98.0,73.94705
Es Pujols,2025-08-12 14:00:00,79.0,89.00713
Es Pujols,2025-08-12 15:00:00,59.0,104.92694
Es Pujols,2025-08-12 16:00:00,108.0,101.7605
Es Pujols,2025-08-12 17:00:00,82.0,95.16957
Es Pujols,2025-08-12 18:00:00,73.0,83.19448
Es Pujols,2025-08-12 19:00:00,20.0,55.161186
Es Pujols,2025-08-12 20:00:00,28.0,43.862835
Es Pujols,2025-08-13 08:00:00,10.0,38.836346
Es Pujols,2025-08-13 09:00:00,13.0,17.030739
Es Pujols,2025-08-13 10:00:00,32.0,53.37461
Es Pujols,2025-08-13 11:00:00,63.0,85.96333
Es Pujols,2025-08-13 12:00:00,71.0,87.149864
Es Pujols,2025-08-13 13:00:00,62.0,90.864746
Es Pujols,2025-08-13 14:00:00,70.0,94.71879
Es Pujols,2025-08-13 15:00:00,101.0,115.79664
Es Pujols,2025-08-13 16:00:00,97.0,111.21742
Es Pujols,2025-08-13 17:00:00,72.0,100.32384
Es Pujols,2025-08-13 18:00:00,56.0,85.97444
Es Pujols,2025-08-13 19:00:00,33.0,64.70198
Es Pujols,2025-08-13 20:00:00,22.0,47.635887
Es Pujols,2025-08-14 08:00:00,10.0,34.8864
Es Pujols,2025-08-14 09:00:00,13.0,18.804693
Es Pujols,2025-08-14 10:00:00,30.0,40.069363
Es Pujols,2025-08-14 11:00:00,43.0,86.60397
Es Pujols,2025-08-14 12:00:00,51.0,86.98455
Es Pujols,2025-08-14 13:00:00,61.0,93.21323
Es Pujols,2025-08-14 14:00:00,59.0,95.314476
Es Pujols,2025-08-14 15:00:00,70.0,104.5161
Es Pujols,2025-08-14 16:00:00,90.0,114.83072
Es Pujols,2025-08-14 17:00:00,51.0,104.413475
Es Pujols,2025-08-14 18:00:00,35.0,90.23606
Es Pujols,2025-08-14 19:00:00,18.0,59.08657
Es Pujols,2025-08-14 20:00:00,27.0,49.01446
Es Pujols,2025-08-15 08:00:00,6.0,32.46877
Es Pujols,2025-08-15 09:00:00,7.0,16.164387
Es Pujols,2025-08-15 10:00:00,12.0,26.170732
Es Pujols,2025-08-15 11:00:00,15.0,38.17398
Es Pujols,2025-08-15 12:00:00,20.0,28.222311
Es Pujols,2025-08-15 13:00:00,43.0,57.272957
Es Pujols,2025-08-15 14:00:00,31.0,73.24266
Es Pujols,2025-08-15 15:00:00,46.0,100.69817
Es Pujols,2025-08-15 16:00:00,51.0,106.23256
Es Pujols,2025-08-15 17:00:00,41.0,98.2643
Es Pujols,2025-08-15 18:00:00,25.0,74.41411
Es Pujols,2025-08-15 19:00:00,17.0,54.438293
Es Pujols,2025-08-15 20:00:00,18.0,47.434906
Es Pujols,2025-08-16 16:00:00,6.0,32.085224
Es Pujols,2025-08-16 17:00:00,7.0,13.200417
Es Pujols,2025-08-16 18:00:00,19.0,38.545498
Es Pujols,2025-08-16 19:00:00,27.0,78.94113
Es Pujols,2025-08-16 20:00:00,44.0,74.22529
Es Pujols,2025-08-17 08:00:00,48.0,67.77792
Es Pujols,2025-08-17 09:00:00,45.0,66.75364
Es Pujols,2025-08-17 10:00:00,44.0,62.66173
Es Pujols,2025-08-17 11:00:00,56.0,86.717636
Es Pujols,2025-08-17 12:00:00,34.0,84.55858
Es Pujols,2025-08-17 13:00:00,23.0,100.46887
Es Pujols,2025-08-17 14:00:00,14.0,59.49399
Es Pujols,2025-08-17 15:00:00,19.0,38.51107
Es Pujols,2025-08-17 16:00:00,7.0,30.440226
Es Pujols,2025-08-17 17:00:00,11.0,8.728398
Es Pujols,2025-08-17 18:00:00,26.0,39.909866
Es Pujols,2025-08-17 19:00:00,38.0,70.747185
Es Pujols,2025-08-17 20:00:00,66.0,77.20244
Es Pujols,2025-08-18 08:00:00,68.0,79.75005
Es Pujols,2025-08-18 09:00:00,71.0,70.020805
Es Pujols,2025-08-18 10:00:00,83.0,82.83217
Es Pujols,2025-08-18 11:00:00,92.0,91.05685
Es Pujols,2025-08-18 12:00:00,85.0,92.950516
Es Pujols,2025-08-18 13:00:00,58.0,77.56747
Es Pujols,2025-08-18 14:00:00,26.0,55.41542
Es Pujols,2025-08-18 15:00:00,24.0,49.653137
Es Pujols,2025-08-18 16:00:00,10.0,34.412292
Es Pujols,2025-08-18 17:00:00,11.0,13.692338
Es Pujols,2025-08-18 18:00:00,33.0,38.744217
Es Pujols,2025-08-18 19:00:00,46.0,55.99129
Es Pujols,2025-08-18 20:00:00,56.0,83.61644
Es Pujols,2025-08-19 08:00:00,70.0,71.529366
Es Pujols,2025-08-19 09:00:00,73.0,74.113365
Es Pujols,2025-08-19 10:00:00,65.0,84.881226
Es Pujols,2025-08-19 11:00:00,78.0,69.056816
Es Pujols,2025-08-19 12:00:00,71.0,70.888084
Es Pujols,2025-08-19 13:00:00,42.0,63.905636
Es Pujols,2025-08-19 14:00:00,14.0,46.074585
Es Pujols,2025-08-19 15:00:00,15.0,37.76726
Es Pujols,2025-08-19 16:00:00,6.0,29.225382
Es Pujols,2025-08-19 17:00:00,8.0,18.108644
Es Pujols,2025-08-19 18:00:00,24.0,60.10828
Es Pujols,2025-08-19 19:00:00,23.0,95.557884
Es Pujols,2025-08-19 20:00:00,46.0,80.69445
Es Pujols,2025-08-20 08:00:00,36.0,81.758026
Es Pujols,2025-08-20 09:00:00,31.0,74.99552
Es Pujols,2025-08-20 10:00:00,54.0,73.78183
Es Pujols,2025-08-20 11:00:00,55.0,63.880253
Es Pujols,2025-08-20 12:00:00,65.0,55.712887
Es Pujols,2025-08-20 13:00:00,38.0,47.61282
Es Pujols,2025-08-20 14:00:00,29.0,38.308956
Es Pujols,2025-08-20 15:00:00,21.0,37.64638
Es Pujols,2025-08-20 16:00:00,8.0,28.092907
Es Pujols,2025-08-20 17:00:00,12.0,13.429851
Es Pujols,2025-08-20 18:00:00,29.0,40.07143
Es Pujols,2025-08-20 19:00:00,38.0,55.873856
Es Pujols,2025-08-20 20:00:00,57.0,56.117123
Es Pujols,2025-08-21 08:00:00,49.0,54.13115
Es Pujols,2025-08-21 09:00:00,45.0,54.065536
Es Pujols,2025-08-21 10:00:00,64.0,59.212982
Es Pujols,2025-08-21 11:00:00,73.0,60.781857
Es Pujols,2025-08-21 12:00:00,53.0,53.928844
Es Pujols,2025-08-21 13:00:00,46.0,47.91685
Es Pujols,2025-08-21 14:00:00,28.0,39.843727
Es Pujols,2025-08-21 15:00:00,20.0,32.508682
Es Pujols,2025-08-21 16:00:00,11.0,28.104465
Es Pujols,2025-08-21 17:00:00,9.0,18.348139
Es Pujols,2025-08-21 18:00:00,49.0,36.2862
Es Pujols,2025-08-21 19:00:00,55.0,55.247044
Es Pujols,2025-08-21 20:00:00,66.0,61.076393
Es Pujols,2025-08-22 08:00:00,49.0,64.40888
Es Pujols,2025-08-22 09:00:00,51.0,63.690147
Es Pujols,2025-08-22 10:00:00,55.0,63.703136
Es Pujols,2025-08-22 11:00:00,65.0,63.814575
Es Pujols,2025-08-22 12:00:00,65.0,61.79013
Es Pujols,2025-08-22 13:00:00,51.0,54.476254
Es Pujols,2025-08-22 14:00:00,28.0,46.1312
Es Pujols,2025-08-22 15:00:00,31.0,38.926525
Es Pujols,2025-08-22 16:00:00,8.0,25.102825
Es Pujols,2025-08-22 17:00:00,6.0,12.114504
Es Pujols,2025-08-22 18:00:00,21.0,46.147697
Es Pujols,2025-08-22 19:00:00,24.0,61.503613
Es Pujols,2025-08-22 20:00:00,52.0,57.289867
Es Pujols,2025-08-23 08:00:00,50.0,55.84732
Es Pujols,2025-08-23 09:00:00,41.0,61.187218
Es Pujols,2025-08-23 10:00:00,50.0,59.41947
Es Pujols,2025-08-23 11:00:00,57.0,57.405125
Es Pujols,2025-08-23 12:00:00,72.0,52.720757
Es Pujols,2025-08-23 13:00:00,60.0,52.696644
Es Pujols,2025-08-23 14:00:00,21.0,41.83054
Es Pujols,2025-08-23 15:00:00,21.0,37.059734
Es Pujols,2025-08-23 16:00:00,11.0,21.12673
Es Pujols,2025-08-23 17:00:00,9.0,9.41757
Es Pujols,2025-08-23 18:00:00,23.0,38.571674
Es Pujols,2025-08-23 19:00:00,40.0,53.082436
Es Pujols,2025-08-23 20:00:00,60.0,73.197845
Es Pujols,2025-08-24 08:00:00,46.0,71.619644
Es Pujols,2025-08-24 09:00:00,82.0,67.20911
Es Pujols,2025-08-24 10:00:00,78.0,66.955795
Es Pujols,2025-08-24 11:00:00,74.0,64.19562
Es Pujols,2025-08-24 12:00:00,65.0,57.425457
Es Pujols,2025-08-24 13:00:00,43.0,47.332542
Es Pujols,2025-08-24 14:00:00,28.0,39.072193
Es Pujols,2025-08-24 15:00:00,24.0,31.369127
Es Pujols,2025-08-24 16:00:00,7.0,23.342985
Es Pujols,2025-08-24 17:00:00,9.0,13.161623
Es Pujols,2025-08-24 18:00:00,38.0,42.212757
Es Pujols,2025-08-24 19:00:00,43.0,64.90413
Es Pujols,2025-08-24 20:00:00,62.0,53.755722
Es Pujols,2025-08-25 08:00:00,69.0,53.568615
Es Pujols,2025-08-25 09:00:00,63.0,57.35173
Es Pujols,2025-08-25 10:00:00,56.0,54.520428
Es Pujols,2025-08-25 11:00:00,69.0,53.219925
Es Pujols,2025-08-25 12:00:00,53.0,51.304863
Es Pujols,2025-08-25 13:00:00,40.0,45.34264
Es Pujols,2025-08-25 14:00:00,24.0,35.89492
Es Pujols,2025-08-25 15:00:00,17.0,32.93225
Es Pujols,2025-08-25 16:00:00,8.0,23.35469
Es Pujols,2025-08-25 17:00:00,10.0,13.153075
Es Pujols,2025-08-25 18:00:00,22.0,45.66224
Es Pujols,2025-08-25 19:00:00,40.0,66.81058
Es Pujols,2025-08-25 20:00:00,82.0,54.002125
Es Pujols,2025-08-26 08:00:00,75.0,54.66769
Es Pujols,2025-08-26 09:00:00,72.0,53.40766
Es Pujols,2025-08-26 10:00:00,81.0,49.289627
Es Pujols,2025-08-26 11:00:00,73.0,45.94589
Es Pujols,2025-08-26 12:00:00,63.0,41.911156
Es Pujols,2025-08-26 13:00:00,42.0,33.642178
Es Pujols,2025-08-26 14:00:00,39.0,27.159431
Es Pujols,2025-08-26 15:00:00,15.0,22.055695
Es Pujols,2025-08-26 16:00:00,7.0,19.678045
Es Pujols,2025-08-26 17:00:00,7.0,12.538964
Es Pujols,2025-08-26 18:00:00,16.0,25.008759
Es Pujols,2025-08-26 19:00:00,31.0,38.90316
Es Pujols,2025-08-26 20:00:00,27.0,33.021557
Es Pujols,2025-08-27 08:00:00,36.0,32.196686
Es Pujols,2025-08-27 09:00:00,34.0,30.320312
Es Pujols,2025-08-27 10:00:00,39.0,33.158585
Es Pujols,2025-08-27 11:00:00,25.0,28.936218
Es Pujols,2025-08-27 12:00:00,18.0,29.19868
Es Pujols,2025-08-27 13:00:00,19.0,22.996634
Es Pujols,2025-08-27 14:00:00,20.0,19.76252
Es Pujols,2025-08-27 15:00:00,30.0,20.814247
Es Pujols,2025-08-27 16:00:00,7.0,11.209308
Es Pujols,2025-08-27 17:00:00,6.0,1.0866132
Es Pujols,2025-08-27 18:00:00,13.0,23.737417
Es Pujols,2025-08-27 19:00:00,9.0,40.95929
Es Pujols,2025-08-27 20:00:00,20.0,39.882168
Es Pujols,2025-08-28 08:00:00,19.0,45.717373
Es Pujols,2025-08-28 09:00:00,21.0,48.53932
Es Pujols,2025-08-28 10:00:00,27.0,49.433716
Es Pujols,2025-08-28 11:00:00,22.0,48.77429
Es Pujols,2025-08-28 12:00:00,29.0,46.239483
Es Pujols,2025-08-28 13:00:00,19.0,38.06845
Es Pujols,2025-08-28 14:00:00,19.0,33.478096
Es Pujols,2025-08-28 15:00:00,8.0,23.128485
Es Pujols,2025-08-28 16:00:00,5.0,13.165792
Es Pujols,2025-08-28 17:00:00,5.0,10.363298
Es Pujols,2025-08-28 18:00:00,14.0,38.21633
Es Pujols,2025-08-28 19:00:00,21.0,63.00077
Es Pujols,2025-08-28 20:00:00,22.0,55.90901
Es Pujols,2025-08-29 08:00:00,23.0,52.708736
Es Pujols,2025-08-29 09:00:00,24.0,56.74828
Es Pujols,2025-08-29 10:00:00,41.0,50.715073
Es Pujols,2025-08-29 11:00:00,22.0,52.68124
Es Pujols,2025-08-29 12:00:00,42.0,47.645443
Es Pujols,2025-08-29 13:00:00,35.0,40.524437
Es Pujols,2025-08-29 14:00:00,34.0,37.267944
Es Pujols,2025-08-29 15:00:00,35.0,32.21493
Es Pujols,2025-08-29 16:00:00,6.0,17.926273
Es Pujols,2025-08-29 17:00:00,7.0,19.428202
Es Pujols,2025-08-29 18:00:00,15.0,38.448486
Es Pujols,2025-08-29 19:00:00,22.0,52.310753
Es Pujols,2025-08-29 20:00:00,31.0,48.085217
Es Pujols,2025-08-30 08:00:00,40.0,49.040104
Es Pujols,2025-08-30 09:00:00,27.0,48.259823
Es Pujols,2025-08-30 10:00:00,16.0,44.76235
Es Pujols,2025-08-30 11:00:00,27.0,43.867344
Es Pujols,2025-08-30 12:00:00,29.0,42.498787
Es Pujols,2025-08-30 13:00:00,17.0,33.55589
Es Pujols,2025-08-30 14:00:00,15.0,30.707409
Es Pujols,2025-08-30 15:00:00,16.0,27.733139
Es Pujols,2025-08-30 16:00:00,10.0,14.371897
Es Pujols,2025-08-30 17:00:00,8.0,13.604508
Es Pujols,2025-08-30 18:00:00,21.0,30.724543
Es Pujols,2025-08-30 19:00:00,34.0,29.859106
Es Pujols,2025-08-30 20:00:00,27.0,25.499575
Peguera / Cala Fornells,2025-06-01 08:00:00,29.0,52.142094
Peguera / Cala Fornells,2025-06-01 09:00:00,27.0,44.869385
Peguera / Cala Fornells,2025-06-01 10:00:00,41.0,47.583725
Peguera / Cala Fornells,2025-06-01 11:00:00,49.0,48.574852
Peguera / Cala Fornells,2025-06-01 12:00:00,51.0,44.880486
Peguera / Cala Fornells,2025-06-01 13:00:00,54.0,40.989227
Peguera / Cala Fornells,2025-06-01 14:00:00,36.0,30.53291
Peguera / Cala Fornells,2025-06-01 15:00:00,26.0,26.970669
Peguera / Cala Fornells,2025-06-01 16:00:00,18.0,26.716408
Peguera / Cala Fornells,2025-06-01 17:00:00,5.0,12.47502
Peguera / Cala Fornells,2025-06-01 18:00:00,95.0,41.246647
Peguera / Cala Fornells,2025-06-01 19:00:00,73.0,63.322994
Peguera / Cala Fornells,2025-06-01 20:00:00,31.0,56.935123
Peguera / Cala Fornells,2025-06-02 08:00:00,23.0,53.980682
Peguera / Cala Fornells,2025-06-02 09:00:00,34.0,47.367825
Peguera / Cala Fornells,2025-06-02 10:00:00,30.0,37.53384
Peguera / Cala Fornells,2025-06-02 11:00:00,49.0,48.451233
Peguera / Cala Fornells,2025-06-02 12:00:00,36.0,40.441185
Peguera / Cala Fornells,2025-06-02 13:00:00,42.0,38.978046
Peguera / Cala Fornells,2025-06-02 14:00:00,23.0,31.622232
Peguera / Cala Fornells,2025-06-02 15:00:00,27.0,28.0797
Peguera / Cala Fornells,2025-06-02 16:00:00,36.0,24.197952
Peguera / Cala Fornells,2025-06-02 17:00:00,5.0,12.146649
Peguera / Cala Fornells,2025-06-02 18:00:00,418.0,30.38842
Peguera / Cala Fornells,2025-06-02 19:00:00,314.0,50.332672
Peguera / Cala Fornells,2025-06-02 20:00:00,232.0,48.470272
Peguera / Cala Fornells,2025-06-03 08:00:00,90.0,45.819756
Peguera / Cala Fornells,2025-06-03 09:00:00,28.0,44.697956
Peguera / Cala Fornells,2025-06-03 10:00:00,36.0,48.961567
Peguera / Cala Fornells,2025-06-03 11:00:00,27.0,45.895653
Peguera / Cala Fornells,2025-06-03 12:00:00,32.0,40.03878
Peguera / Cala Fornells,2025-06-03 13:00:00,40.0,38.899025
Peguera / Cala Fornells,2025-06-03 14:00:00,25.0,30.058558
Peguera / Cala Fornells,2025-06-03 15:00:00,26.0,26.372637
Peguera / Cala Fornells,2025-06-03 16:00:00,20.0,25.012281
Peguera / Cala Fornells,2025-06-03 17:00:00,5.0,14.166574
Peguera / Cala Fornells,2025-06-03 18:00:00,173.0,48.234257
Peguera / Cala Fornells,2025-06-03 19:00:00,402.0,53.715473
Peguera / Cala Fornells,2025-06-03 20:00:00,131.0,48.65552
Peguera / Cala Fornells,2025-06-04 08:00:00,36.0,53.158405
Peguera / Cala Fornells,2025-06-04 09:00:00,24.0,63.43009
Peguera / Cala Fornells,2025-06-04 10:00:00,32.0,147.03035
Peguera / Cala Fornells,2025-06-04 11:00:00,31.0,97.699486
Peguera / Cala Fornells,2025-06-04 12:00:00,34.0,87.64897
Peguera / Cala Fornells,2025-06-04 13:00:00,45.0,80.33991
Peguera / Cala Fornells,2025-06-04 14:00:00,25.0,66.97682
Peguera / Cala Fornells,2025-06-04 15:00:00,22.0,66.83802
Peguera / Cala Fornells,2025-06-04 16:00:00,33.0,61.36991
Peguera / Cala Fornells,2025-06-04 17:00:00,5.0,37.132893
Peguera / Cala Fornells,2025-06-04 18:00:00,206.0,82.52799
Peguera / Cala Fornells,2025-06-04 19:00:00,392.0,105.42782
Peguera / Cala Fornells,2025-06-04 20:00:00,204.0,109.682434
Peguera / Cala Fornells,2025-06-05 08:00:00,62.0,83.15716
Peguera / Cala Fornells,2025-06-05 09:00:00,56.0,64.75782
Peguera / Cala Fornells,2025-06-05 10:00:00,46.0,117.198204
Peguera / Cala Fornells,2025-06-05 11:00:00,63.0,153.6706
Peguera / Cala Fornells,2025-06-05 12:00:00,47.0,95.51821
Peguera / Cala Fornells,2025-06-05 13:00:00,30.0,88.475655
Peguera / Cala Fornells,2025-06-05 14:00:00,25.0,69.32661
Peguera / Cala Fornells,2025-06-05 15:00:00,26.0,62.757263
Peguera / Cala Fornells,2025-06-05 16:00:00,19.0,58.003662
Peguera / Cala Fornells,2025-06-05 17:00:00,6.0,31.359678
Peguera / Cala Fornells,2025-06-05 18:00:00,281.0,78.11841
Peguera / Cala Fornells,2025-06-05 19:00:00,148.0,92.52299
Peguera / Cala Fornells,2025-06-05 20:00:00,115.0,90.95295
Peguera / Cala Fornells,2025-06-06 08:00:00,43.0,100.546455
Peguera / Cala Fornells,2025-06-06 09:00:00,32.0,153.68825
Peguera / Cala Fornells,2025-06-06 10:00:00,54.0,156.55385
Peguera / Cala Fornells,2025-06-06 11:00:00,60.0,129.6081
Peguera / Cala Fornells,2025-06-06 12:00:00,49.0,120.69634
Peguera / Cala Fornells,2025-06-06 13:00:00,59.0,111.493324
Peguera / Cala Fornells,2025-06-06 14:00:00,36.0,94.52814
Peguera / Cala Fornells,2025-06-06 15:00:00,27.0,73.97569
Peguera / Cala Fornells,2025-06-06 16:00:00,38.0,73.97512
Peguera / Cala Fornells,2025-06-06 17:00:00,6.0,45.337826
Peguera / Cala Fornells,2025-06-06 18:00:00,338.0,90.9129
Peguera / Cala Fornells,2025-06-06 19:00:00,578.0,101.96669
Peguera / Cala Fornells,2025-06-06 20:00:00,135.0,102.73659
Peguera / Cala Fornells,2025-06-07 08:00:00,52.0,101.016106
Peguera / Cala Fornells,2025-06-07 09:00:00,19.0,101.02292
Peguera / Cala Fornells,2025-06-07 10:00:00,41.0,90.96544
Peguera / Cala Fornells,2025-06-07 11:00:00,46.0,95.97696
Peguera / Cala Fornells,2025-06-07 12:00:00,41.0,90.641075
Peguera / Cala Fornells,2025-06-07 13:00:00,34.0,85.516975
Peguera / Cala Fornells,2025-06-07 14:00:00,24.0,73.036095
Peguera / Cala Fornells,2025-06-07 15:00:00,18.0,51.78459
Peguera / Cala Fornells,2025-06-07 16:00:00,18.0,52.550148
Peguera / Cala Fornells,2025-06-07 17:00:00,5.0,29.590582
Peguera / Cala Fornells,2025-06-07 18:00:00,110.0,85.56765
Peguera / Cala Fornells,2025-06-07 19:00:00,32.0,97.86608
Peguera / Cala Fornells,2025-06-07 20:00:00,38.0,84.192726
Peguera / Cala Fornells,2025-06-08 08:00:00,30.0,74.0569
Peguera / Cala Fornells,2025-06-08 09:00:00,27.0,111.014046
Peguera / Cala Fornells,2025-06-08 10:00:00,45.0,122.75854
Peguera / Cala Fornells,2025-06-08 11:00:00,48.0,173.04181
Peguera / Cala Fornells,2025-06-08 12:00:00,52.0,149.2918
Peguera / Cala Fornells,2025-06-08 13:00:00,42.0,140.00528
Peguera / Cala Fornells,2025-06-08 14:00:00,25.0,114.477196
Peguera / Cala Fornells,2025-06-08 15:00:00,17.0,101.07991
Peguera / Cala Fornells,2025-06-08 16:00:00,19.0,81.104034
Peguera / Cala Fornells,2025-06-08 17:00:00,6.0,56.309765
Peguera / Cala Fornells,2025-06-08 18:00:00,91.0,131.37144
Peguera / Cala Fornells,2025-06-08 19:00:00,108.0,124.05833
Peguera / Cala Fornells,2025-06-08 20:00:00,44.0,137.06981
Peguera / Cala Fornells,2025-06-09 08:00:00,38.0,104.10807
Peguera / Cala Fornells,2025-06-09 09:00:00,35.0,124.696594
Peguera / Cala Fornells,2025-06-09 10:00:00,48.0,128.82957
Peguera / Cala Fornells,2025-06-09 11:00:00,53.0,112.31491
Peguera / Cala Fornells,2025-06-09 12:00:00,48.0,116.833725
Peguera / Cala Fornells,2025-06-09 13:00:00,41.0,107.88871
Peguera / Cala Fornells,2025-06-09 14:00:00,29.0,77.70466
Peguera / Cala Fornells,2025-06-09 15:00:00,28.0,64.208405
Peguera / Cala Fornells,2025-06-09 16:00:00,26.0,58.161575
Peguera / Cala Fornells,2025-06-09 17:00:00,5.0,26.613903
Peguera / Cala Fornells,2025-06-09 18:00:00,29.0,89.687515
Peguera / Cala Fornells,2025-06-09 19:00:00,110.0,108.14007
Peguera / Cala Fornells,2025-06-09 20:00:00,121.0,116.36378
Peguera / Cala Fornells,2025-06-10 08:00:00,24.0,117.81948
Peguera / Cala Fornells,2025-06-10 09:00:00,23.0,120.81557
Peguera / Cala Fornells,2025-06-10 10:00:00,43.0,169.74782
Peguera / Cala Fornells,2025-06-10 11:00:00,65.0,134.09348
Peguera / Cala Fornells,2025-06-10 12:00:00,49.0,135.38855
Peguera / Cala Fornells,2025-06-10 13:00:00,34.0,118.090065
Peguera / Cala Fornells,2025-06-10 14:00:00,45.0,93.42119
Peguera / Cala Fornells,2025-06-10 15:00:00,36.0,72.99048
Peguera / Cala Fornells,2025-06-10 16:00:00,25.0,68.829575
Peguera / Cala Fornells,2025-06-10 17:00:00,5.0,44.88383
Peguera / Cala Fornells,2025-06-10 18:00:00,179.0,104.44993
Peguera / Cala Fornells,2025-06-10 19:00:00,116.0,108.836136
Peguera / Cala Fornells,2025-06-10 20:00:00,36.0,109.83478
Peguera / Cala Fornells,2025-06-11 08:00:00,49.0,84.840126
Peguera / Cala Fornells,2025-06-11 09:00:00,28.0,75.88868
Peguera / Cala Fornells,2025-06-11 10:00:00,44.0,85.268524
Peguera / Cala Fornells,2025-06-11 11:00:00,44.0,89.22716
Peguera / Cala Fornells,2025-06-11 12:00:00,68.0,83.18974
Peguera / Cala Fornells,2025-06-11 13:00:00,51.0,82.81242
Peguera / Cala Fornells,2025-06-11 14:00:00,47.0,64.26837
Peguera / Cala Fornells,2025-06-11 15:00:00,34.0,53.83272
Peguera / Cala Fornells,2025-06-11 16:00:00,26.0,46.97644
Peguera / Cala Fornells,2025-06-11 17:00:00,61.0,32.04526
Peguera / Cala Fornells,2025-06-11 18:00:00,28.0,82.15692
Peguera / Cala Fornells,2025-06-11 19:00:00,44.0,74.844025
Peguera / Cala Fornells,2025-06-11 20:00:00,43.0,70.23512
Peguera / Cala Fornells,2025-06-12 08:00:00,43.0,68.91029
Peguera / Cala Fornells,2025-06-12 09:00:00,45.0,131.19563
Peguera / Cala Fornells,2025-06-12 10:00:00,52.0,147.68251
Peguera / Cala Fornells,2025-06-12 11:00:00,58.0,183.34276
Peguera / Cala Fornells,2025-06-12 12:00:00,67.0,135.28902
Peguera / Cala Fornells,2025-06-12 13:00:00,54.0,120.66509
Peguera / Cala Fornells,2025-06-12 14:00:00,45.0,88.09466
Peguera / Cala Fornells,2025-06-12 15:00:00,26.0,73.54789
Peguera / Cala Fornells,2025-06-12 16:00:00,23.0,56.237938
Peguera / Cala Fornells,2025-06-12 17:00:00,5.0,32.56359
Peguera / Cala Fornells,2025-06-12 18:00:00,47.0,94.47044
Peguera / Cala Fornells,2025-06-12 19:00:00,57.0,129.50137
Peguera / Cala Fornells,2025-06-12 20:00:00,60.0,117.85377
Peguera / Cala Fornells,2025-06-13 08:00:00,61.0,106.83788
Peguera / Cala Fornells,2025-06-13 09:00:00,43.0,123.260735
Peguera / Cala Fornells,2025-06-13 10:00:00,51.0,150.99396
Peguera / Cala Fornells,2025-06-13 11:00:00,78.0,127.90508
Peguera / Cala Fornells,2025-06-13 12:00:00,71.0,122.810356
Peguera / Cala Fornells,2025-06-13 13:00:00,76.0,106.09577
Peguera / Cala Fornells,2025-06-13 14:00:00,63.0,85.9452
Peguera / Cala Fornells,2025-06-13 15:00:00,23.0,70.49255
Peguera / Cala Fornells,2025-06-13 16:00:00,16.0,62.292374
Peguera / Cala Fornells,2025-06-13 17:00:00,5.0,36.125015
Peguera / Cala Fornells,2025-06-13 18:00:00,29.0,73.70886
Peguera / Cala Fornells,2025-06-13 19:00:00,94.0,97.298775
Peguera / Cala Fornells,2025-06-13 20:00:00,31.0,101.27579
Peguera / Cala Fornells,2025-06-14 08:00:00,29.0,106.20254
Peguera / Cala Fornells,2025-06-14 09:00:00,31.0,160.0499
Peguera / Cala Fornells,2025-06-14 10:00:00,32.0,149.70624
Peguera / Cala Fornells,2025-06-14 11:00:00,38.0,166.1792
Peguera / Cala Fornells,2025-06-14 12:00:00,42.0,124.78695
Peguera / Cala Fornells,2025-06-14 13:00:00,45.0,113.56676
Peguera / Cala Fornells,2025-06-14 14:00:00,23.0,92.23554
Peguera / Cala Fornells,2025-06-14 15:00:00,21.0,73.193535
Peguera / Cala Fornells,2025-06-14 16:00:00,20.0,69.471176
Peguera / Cala Fornells,2025-06-14 17:00:00,51.0,27.324656
Peguera / Cala Fornells,2025-06-14 18:00:00,32.0,71.51395
Peguera / Cala Fornells,2025-06-14 19:00:00,68.0,93.20979
Peguera / Cala Fornells,2025-06-14 20:00:00,27.0,100.92326
Peguera / Cala Fornells,2025-06-15 08:00:00,42.0,110.67382
Peguera / Cala Fornells,2025-06-15 09:00:00,57.0,134.23035
Peguera / Cala Fornells,2025-06-15 10:00:00,68.0,116.40723
Peguera / Cala Fornells,2025-06-15 11:00:00,63.0,103.26725
Peguera / Cala Fornells,2025-06-15 12:00:00,82.0,107.42998
Peguera / Cala Fornells,2025-06-15 13:00:00,44.0,100.61166
Peguera / Cala Fornells,2025-06-15 14:00:00,70.0,82.456894
Peguera / Cala Fornells,2025-06-15 15:00:00,31.0,70.016624
Peguera / Cala Fornells,2025-06-15 16:00:00,23.0,62.71412
Peguera / Cala Fornells,2025-06-15 17:00:00,101.0,40.78574
Peguera / Cala Fornells,2025-06-15 18:00:00,283.0,82.67609
Peguera / Cala Fornells,2025-06-15 19:00:00,304.0,107.37615
Peguera / Cala Fornells,2025-06-15 20:00:00,142.0,94.19701
Peguera / Cala Fornells,2025-06-16 08:00:00,39.0,117.3639
Peguera / Cala Fornells,2025-06-16 09:00:00,73.0,132.62115
Peguera / Cala Fornells,2025-06-16 10:00:00,36.0,152.71773
Peguera / Cala Fornells,2025-06-16 11:00:00,50.0,149.3269
Peguera / Cala Fornells,2025-06-16 12:00:00,53.0,134.39491
Peguera / Cala Fornells,2025-06-16 13:00:00,60.0,122.26332
Peguera / Cala Fornells,2025-06-16 14:00:00,62.0,107.44336
Peguera / Cala Fornells,2025-06-16 15:00:00,25.0,91.153
Peguera / Cala Fornells,2025-06-16 16:00:00,19.0,78.200935
Peguera / Cala Fornells,2025-06-16 17:00:00,69.0,39.181828
Peguera / Cala Fornells,2025-06-16 18:00:00,79.0,60.893837
Peguera / Cala Fornells,2025-06-16 19:00:00,184.0,85.565796
Peguera / Cala Fornells,2025-06-16 20:00:00,117.0,134.70464
Peguera / Cala Fornells,2025-06-17 08:00:00,49.0,112.45504
Peguera / Cala Fornells,2025-06-17 09:00:00,67.0,113.836624
Peguera / Cala Fornells,2025-06-17 10:00:00,68.0,99.92787
Peguera / Cala Fornells,2025-06-17 11:00:00,72.0,111.164444
Peguera / Cala Fornells,2025-06-17 12:00:00,47.0,100.11289
Peguera / Cala Fornells,2025-06-17 13:00:00,49.0,87.62425
Peguera / Cala Fornells,2025-06-17 14:00:00,52.0,74.80847
Peguera / Cala Fornells,2025-06-17 15:00:00,42.0,55.965378
Peguera / Cala Fornells,2025-06-17 16:00:00,24.0,54.03894
Peguera / Cala Fornells,2025-06-17 17:00:00,56.0,33.101437
Peguera / Cala Fornells,2025-06-17 18:00:00,139.0,96.16356
Peguera / Cala Fornells,2025-06-17 19:00:00,107.0,97.113335
Peguera / Cala Fornells,2025-06-17 20:00:00,169.0,103.69749
Peguera / Cala Fornells,2025-06-18 08:00:00,58.0,105.735725
Peguera / Cala Fornells,2025-06-18 09:00:00,80.0,83.34917
Peguera / Cala Fornells,2025-06-18 10:00:00,79.0,111.815796
Peguera / Cala Fornells,2025-06-18 11:00:00,91.0,103.438995
Peguera / Cala Fornells,2025-06-18 12:00:00,72.0,88.27695
Peguera / Cala Fornells,2025-06-18 13:00:00,69.0,93.33813
Peguera / Cala Fornells,2025-06-18 14:00:00,85.0,83.31539
Peguera / Cala Fornells,2025-06-18 15:00:00,35.0,58.196053
Peguera / Cala Fornells,2025-06-18 16:00:00,13.0,54.03496
Peguera / Cala Fornells,2025-06-18 17:00:00,52.0,29.919374
Peguera / Cala Fornells,2025-06-18 18:00:00,48.0,81.559006
Peguera / Cala Fornells,2025-06-18 19:00:00,128.0,76.41428
Peguera / Cala Fornells,2025-06-18 20:00:00,82.0,58.363533
Peguera / Cala Fornells,2025-06-19 08:00:00,65.0,61.068344
Peguera / Cala Fornells,2025-06-19 09:00:00,82.0,57.391354
Peguera / Cala Fornells,2025-06-19 10:00:00,52.0,67.29134
Peguera / Cala Fornells,2025-06-19 11:00:00,76.0,70.79182
Peguera / Cala Fornells,2025-06-19 12:00:00,77.0,54.200394
Peguera / Cala Fornells,2025-06-19 13:00:00,49.0,48.862324
Peguera / Cala Fornells,2025-06-19 14:00:00,60.0,46.147675
Peguera / Cala Fornells,2025-06-19 15:00:00,41.0,40.570522
Peguera / Cala Fornells,2025-06-19 16:00:00,38.0,41.194584
Peguera / Cala Fornells,2025-06-19 17:00:00,52.0,29.736204
Peguera / Cala Fornells,2025-06-19 18:00:00,52.0,61.7575
Peguera / Cala Fornells,2025-06-19 19:00:00,101.0,61.57101
Peguera / Cala Fornells,2025-06-19 20:00:00,91.0,69.2089
Peguera / Cala Fornells,2025-06-20 08:00:00,79.0,71.6736
Peguera / Cala Fornells,2025-06-20 09:00:00,92.0,88.97635
Peguera / Cala Fornells,2025-06-20 10:00:00,93.0,96.18212
Peguera / Cala Fornells,2025-06-20 11:00:00,108.0,77.91505
Peguera / Cala Fornells,2025-06-20 12:00:00,121.0,74.71814
Peguera / Cala Fornells,2025-06-20 13:00:00,69.0,55.915775
Peguera / Cala Fornells,2025-06-20 14:00:00,70.0,50.26154
Peguera / Cala Fornells,2025-06-20 15:00:00,41.0,50.2784
Peguera / Cala Fornells,2025-06-20 16:00:00,19.0,51.56193
Peguera / Cala Fornells,2025-06-20 17:00:00,50.0,32.045574
Peguera / Cala Fornells,2025-06-20 18:00:00,136.0,59.799664
Peguera / Cala Fornells,2025-06-20 19:00:00,74.0,62.919773
Peguera / Cala Fornells,2025-06-20 20:00:00,72.0,66.9901
Peguera / Cala Fornells,2025-06-21 08:00:00,63.0,64.2618
Peguera / Cala Fornells,2025-06-21 09:00:00,53.0,58.034096
Peguera / Cala Fornells,2025-06-21 10:00:00,69.0,60.903748
Peguera / Cala Fornells,2025-06-21 11:00:00,61.0,60.517693
Peguera / Cala Fornells,2025-06-21 12:00:00,68.0,55.437466
Peguera / Cala Fornells,2025-06-21 13:00:00,58.0,44.936207
Peguera / Cala Fornells,2025-06-21 14:00:00,44.0,41.9866
Peguera / Cala Fornells,2025-06-21 15:00:00,17.0,41.793118
Peguera / Cala Fornells,2025-06-21 16:00:00,45.0,23.317055
Peguera / Cala Fornells,2025-06-21 17:00:00,47.0,40.430565
Peguera / Cala Fornells,2025-06-21 18:00:00,217.0,50.184704
Peguera / Cala Fornells,2025-06-21 19:00:00,119.0,55.974648
Peguera / Cala Fornells,2025-06-21 20:00:00,67.0,50.061604
Peguera / Cala Fornells,2025-06-22 08:00:00,45.0,51.025738
Peguera / Cala Fornells,2025-06-22 09:00:00,54.0,51.512016
Peguera / Cala Fornells,2025-06-22 10:00:00,82.0,48.97557
Peguera / Cala Fornells,2025-06-22 11:00:00,80.0,50.889465
Peguera / Cala Fornells,2025-06-22 12:00:00,76.0,48.213512
Peguera / Cala Fornells,2025-06-22 13:00:00,56.0,44.339436
Peguera / Cala Fornells,2025-06-22 14:00:00,44.0,39.250103
Peguera / Cala Fornells,2025-06-22 15:00:00,14.0,39.37169
Peguera / Cala Fornells,2025-06-22 16:00:00,34.0,33.187473
Peguera / Cala Fornells,2025-06-22 17:00:00,300.0,30.780134
Peguera / Cala Fornells,2025-06-22 18:00:00,351.0,51.06954
Peguera / Cala Fornells,2025-06-22 19:00:00,113.0,51.00845
Peguera / Cala Fornells,2025-06-22 20:00:00,71.0,56.275253
Peguera / Cala Fornells,2025-06-23 08:00:00,64.0,56.65172
Peguera / Cala Fornells,2025-06-23 09:00:00,69.0,51.77447
Peguera / Cala Fornells,2025-06-23 10:00:00,57.0,55.58341
Peguera / Cala Fornells,2025-06-23 11:00:00,65.0,48.306087
Peguera / Cala Fornells,2025-06-23 12:00:00,59.0,44.08988
Peguera / Cala Fornells,2025-06-23 13:00:00,70.0,42.55775
Peguera / Cala Fornells,2025-06-23 14:00:00,32.0,35.997334
Peguera / Cala Fornells,2025-06-23 15:00:00,18.0,34.389023
Peguera / Cala Fornells,2025-06-23 16:00:00,41.0,23.209408
Peguera / Cala Fornells,2025-06-23 17:00:00,60.0,34.160103
Peguera / Cala Fornells,2025-06-23 18:00:00,114.0,39.98945
Peguera / Cala Fornells,2025-06-23 19:00:00,74.0,46.995064
Peguera / Cala Fornells,2025-06-23 20:00:00,79.0,44.213943
Peguera / Cala Fornells,2025-06-24 08:00:00,60.0,44.54269
Peguera / Cala Fornells,2025-06-24 09:00:00,73.0,47.898655
Peguera / Cala Fornells,2025-06-24 10:00:00,109.0,46.07758
Peguera / Cala Fornells,2025-06-24 11:00:00,86.0,41.17813
Peguera / Cala Fornells,2025-06-24 12:00:00,70.0,40.586266
Peguera / Cala Fornells,2025-06-24 13:00:00,50.0,38.056057
Peguera / Cala Fornells,2025-06-24 14:00:00,48.0,36.76473
Peguera / Cala Fornells,2025-06-24 15:00:00,35.0,35.53746
Peguera / Cala Fornells,2025-06-24 16:00:00,57.0,16.733358
Peguera / Cala Fornells,2025-06-24 17:00:00,229.0,35.03195
Peguera / Cala Fornells,2025-06-24 18:00:00,505.0,43.31667
Peguera / Cala Fornells,2025-06-24 19:00:00,168.0,49.96901
Peguera / Cala Fornells,2025-06-24 20:00:00,90.0,52.555832
Peguera / Cala Fornells,2025-06-25 08:00:00,81.0,43.403244
Peguera / Cala Fornells,2025-06-25 09:00:00,87.0,99.97219
Peguera / Cala Fornells,2025-06-25 10:00:00,70.0,93.093796
Peguera / Cala Fornells,2025-06-25 11:00:00,78.0,88.720795
Peguera / Cala Fornells,2025-06-25 12:00:00,64.0,80.76455
Peguera / Cala Fornells,2025-06-25 13:00:00,52.0,76.18106
Peguera / Cala Fornells,2025-06-25 14:00:00,38.0,51.642036
Peguera / Cala Fornells,2025-06-25 15:00:00,37.0,47.489323
Peguera / Cala Fornells,2025-06-25 16:00:00,51.0,20.753824
Peguera / Cala Fornells,2025-06-25 17:00:00,238.0,28.018938
Peguera / Cala Fornells,2025-06-25 18:00:00,134.0,67.679634
Peguera / Cala Fornells,2025-06-25 19:00:00,145.0,76.86357
Peguera / Cala Fornells,2025-06-25 20:00:00,82.0,78.00629
Peguera / Cala Fornells,2025-06-26 08:00:00,79.0,60.338505
Peguera / Cala Fornells,2025-06-26 09:00:00,64.0,73.64875
Peguera / Cala Fornells,2025-06-26 10:00:00,64.0,132.71974
Peguera / Cala Fornells,2025-06-26 11:00:00,106.0,92.76034
Peguera / Cala Fornells,2025-06-26 12:00:00,73.0,79.26277
Peguera / Cala Fornells,2025-06-26 13:00:00,69.0,72.62002
Peguera / Cala Fornells,2025-06-26 14:00:00,67.0,58.449596
Peguera / Cala Fornells,2025-06-26 15:00:00,43.0,51.225994
Peguera / Cala Fornells,2025-06-26 16:00:00,67.0,35.94031
Peguera / Cala Fornells,2025-06-26 17:00:00,48.0,37.929462
Peguera / Cala Fornells,2025-06-26 18:00:00,94.0,56.48586
Peguera / Cala Fornells,2025-06-26 19:00:00,81.0,91.68203
Peguera / Cala Fornells,2025-06-26 20:00:00,82.0,97.43489
Peguera / Cala Fornells,2025-06-27 08:00:00,68.0,94.37853
Peguera / Cala Fornells,2025-06-27 09:00:00,80.0,133.30188
Peguera / Cala Fornells,2025-06-27 10:00:00,71.0,124.5895
Peguera / Cala Fornells,2025-06-27 11:00:00,88.0,124.67251
Peguera / Cala Fornells,2025-06-27 12:00:00,78.0,102.12165
Peguera / Cala Fornells,2025-06-27 13:00:00,67.0,90.673546
Peguera / Cala Fornells,2025-06-27 14:00:00,34.0,76.7556
Peguera / Cala Fornells,2025-06-27 15:00:00,25.0,73.41342
Peguera / Cala Fornells,2025-06-27 16:00:00,60.0,44.90216
Peguera / Cala Fornells,2025-06-27 17:00:00,34.0,48.810165
Peguera / Cala Fornells,2025-06-27 18:00:00,116.0,80.902954
Peguera / Cala Fornells,2025-06-27 19:00:00,99.0,93.56324
Peguera / Cala Fornells,2025-06-27 20:00:00,67.0,94.14495
Peguera / Cala Fornells,2025-06-28 08:00:00,63.0,81.03172
Peguera / Cala Fornells,2025-06-28 09:00:00,75.0,84.69908
Peguera / Cala Fornells,2025-06-28 10:00:00,62.0,93.09834
Peguera / Cala Fornells,2025-06-28 11:00:00,62.0,83.25114
Peguera / Cala Fornells,2025-06-28 12:00:00,31.0,76.32897
Peguera / Cala Fornells,2025-06-28 13:00:00,38.0,67.19176
Peguera / Cala Fornells,2025-06-28 14:00:00,37.0,52.717045
Peguera / Cala Fornells,2025-06-28 15:00:00,14.0,48.397438
Peguera / Cala Fornells,2025-06-28 16:00:00,5.0,31.505054
Peguera / Cala Fornells,2025-06-28 17:00:00,16.0,31.506954
Peguera / Cala Fornells,2025-06-28 18:00:00,20.0,29.302221
Peguera / Cala Fornells,2025-06-28 19:00:00,41.0,32.05058
Peguera / Cala Fornells,2025-06-28 20:00:00,18.0,41.447376
Peguera / Cala Fornells,2025-06-29 08:00:00,19.0,55.719532
Peguera / Cala Fornells,2025-06-29 09:00:00,23.0,107.5507
Peguera / Cala Fornells,2025-06-29 10:00:00,23.0,99.928955
Peguera / Cala Fornells,2025-06-29 11:00:00,20.0,88.51851
Peguera / Cala Fornells,2025-06-29 12:00:00,25.0,68.6142
Peguera / Cala Fornells,2025-06-29 13:00:00,22.0,73.424
Peguera / Cala Fornells,2025-06-29 14:00:00,19.0,58.01157
Peguera / Cala Fornells,2025-06-29 15:00:00,19.0,47.896088
Peguera / Cala Fornells,2025-06-29 16:00:00,5.0,28.391125
Peguera / Cala Fornells,2025-06-29 17:00:00,534.0,51.987995
Peguera / Cala Fornells,2025-06-29 18:00:00,170.0,85.245605
Peguera / Cala Fornells,2025-06-29 19:00:00,104.0,95.959206
Peguera / Cala Fornells,2025-06-29 20:00:00,90.0,83.98937
Peguera / Cala Fornells,2025-06-30 08:00:00,55.0,82.31897
Peguera / Cala Fornells,2025-06-30 09:00:00,71.0,108.84408
Peguera / Cala Fornells,2025-06-30 10:00:00,88.0,100.326225
Peguera / Cala Fornells,2025-06-30 11:00:00,51.0,99.26812
Peguera / Cala Fornells,2025-06-30 12:00:00,80.0,86.024155
Peguera / Cala Fornells,2025-06-30 13:00:00,62.0,63.999947
Peguera / Cala Fornells,2025-06-30 14:00:00,37.0,49.105934
Peguera / Cala Fornells,2025-06-30 15:00:00,22.0,43.38061
Peguera / Cala Fornells,2025-06-30 17:00:00,51.0,20.660759
Peguera / Cala Fornells,2025-06-30 18:00:00,34.0,57.137596
Peguera / Cala Fornells,2025-06-30 19:00:00,52.0,84.02421
Peguera / Cala Fornells,2025-06-30 20:00:00,60.0,91.65908
Peguera / Cala Fornells,2025-07-01 08:00:00,56.0,88.26258
Peguera / Cala Fornells,2025-07-01 09:00:00,42.0,91.49802
Peguera / Cala Fornells,2025-07-01 10:00:00,54.0,146.016
Peguera / Cala Fornells,2025-07-01 11:00:00,78.0,99.726135
Peguera / Cala Fornells,2025-07-01 12:00:00,75.0,99.9474
Peguera / Cala Fornells,2025-07-01 13:00:00,84.0,85.61691
Peguera / Cala Fornells,2025-07-01 14:00:00,66.0,71.35729
Peguera / Cala Fornells,2025-07-01 15:00:00,22.0,53.915962
Peguera / Cala Fornells,2025-07-01 16:00:00,17.0,43.097942
Peguera / Cala Fornells,2025-07-01 17:00:00,52.0,21.585247
Peguera / Cala Fornells,2025-07-01 18:00:00,36.0,61.4318
Peguera / Cala Fornells,2025-07-01 19:00:00,172.0,80.86065
Peguera / Cala Fornells,2025-07-01 20:00:00,121.0,98.674385
Peguera / Cala Fornells,2025-07-02 08:00:00,53.0,96.27021
Peguera / Cala Fornells,2025-07-02 09:00:00,78.0,137.46165
Peguera / Cala Fornells,2025-07-02 10:00:00,84.0,127.43702
Peguera / Cala Fornells,2025-07-02 11:00:00,83.0,116.0667
Peguera / Cala Fornells,2025-07-02 12:00:00,63.0,100.73029
Peguera / Cala Fornells,2025-07-02 13:00:00,17.0,83.87818
Peguera / Cala Fornells,2025-07-02 14:00:00,20.0,66.32837
Peguera / Cala Fornells,2025-07-02 15:00:00,4.0,37.385406
Peguera / Cala Fornells,2025-07-02 16:00:00,118.0,39.455368
Peguera / Cala Fornells,2025-07-02 17:00:00,35.0,57.61397
Peguera / Cala Fornells,2025-07-02 18:00:00,135.0,85.55098
Peguera / Cala Fornells,2025-07-02 19:00:00,129.0,106.899666
Peguera / Cala Fornells,2025-07-02 20:00:00,47.0,111.113075
Peguera / Cala Fornells,2025-07-03 08:00:00,14.0,110.927284
Peguera / Cala Fornells,2025-07-03 09:00:00,27.0,102.35907
Peguera / Cala Fornells,2025-07-03 10:00:00,31.0,117.161545
Peguera / Cala Fornells,2025-07-03 11:00:00,42.0,101.70527
Peguera / Cala Fornells,2025-07-03 12:00:00,26.0,80.197105
Peguera / Cala Fornells,2025-07-03 13:00:00,26.0,67.55794
Peguera / Cala Fornells,2025-07-03 14:00:00,21.0,57.24306
Peguera / Cala Fornells,2025-07-03 15:00:00,4.0,22.722925
Peguera / Cala Fornells,2025-07-03 16:00:00,442.0,60.821156
Peguera / Cala Fornells,2025-07-03 17:00:00,305.0,82.039444
Peguera / Cala Fornells,2025-07-03 18:00:00,162.0,99.96213
Peguera / Cala Fornells,2025-07-03 19:00:00,81.0,101.951225
Peguera / Cala Fornells,2025-07-03 20:00:00,74.0,101.41654
Peguera / Cala Fornells,2025-07-04 08:00:00,56.0,103.57934
Peguera / Cala Fornells,2025-07-04 09:00:00,104.0,180.00577
Peguera / Cala Fornells,2025-07-04 10:00:00,97.0,147.42952
Peguera / Cala Fornells,2025-07-04 11:00:00,64.0,141.96152
Peguera / Cala Fornells,2025-07-04 12:00:00,62.0,123.6977
Peguera / Cala Fornells,2025-07-04 13:00:00,37.0,97.18457
Peguera / Cala Fornells,2025-07-04 14:00:00,12.0,81.317215
Peguera / Cala Fornells,2025-07-04 15:00:00,4.0,27.584425
Peguera / Cala Fornells,2025-07-04 16:00:00,55.0,40.8824
Peguera / Cala Fornells,2025-07-04 17:00:00,34.0,82.93152
Peguera / Cala Fornells,2025-07-04 18:00:00,76.0,95.18915
Peguera / Cala Fornells,2025-07-04 19:00:00,62.0,117.386116
Peguera / Cala Fornells,2025-07-04 20:00:00,59.0,136.43771
Peguera / Cala Fornells,2025-07-05 08:00:00,38.0,121.83067
Peguera / Cala Fornells,2025-07-05 09:00:00,68.0,144.29643
Peguera / Cala Fornells,2025-07-05 10:00:00,57.0,107.54672
Peguera / Cala Fornells,2025-07-05 11:00:00,40.0,115.93387
Peguera / Cala Fornells,2025-07-05 12:00:00,32.0,101.55866
Peguera / Cala Fornells,2025-07-05 13:00:00,20.0,81.32679
Peguera / Cala Fornells,2025-07-05 14:00:00,21.0,76.12326
Peguera / Cala Fornells,2025-07-05 15:00:00,4.0,30.944431
Peguera / Cala Fornells,2025-07-05 16:00:00,64.0,50.94887
Peguera / Cala Fornells,2025-07-05 17:00:00,107.0,83.28782
Peguera / Cala Fornells,2025-07-05 18:00:00,63.0,99.77564
Peguera / Cala Fornells,2025-07-05 19:00:00,71.0,110.951965
Peguera / Cala Fornells,2025-07-05 20:00:00,73.0,109.27111
Peguera / Cala Fornells,2025-07-06 08:00:00,73.0,131.53468
Peguera / Cala Fornells,2025-07-06 09:00:00,94.0,125.73176
Peguera / Cala Fornells,2025-07-06 10:00:00,80.0,120.61848
Peguera / Cala Fornells,2025-07-06 11:00:00,63.0,100.62161
Peguera / Cala Fornells,2025-07-06 12:00:00,47.0,89.11758
Peguera / Cala Fornells,2025-07-06 13:00:00,45.0,78.04299
Peguera / Cala Fornells,2025-07-06 14:00:00,16.0,76.5961
Peguera / Cala Fornells,2025-07-06 15:00:00,5.0,31.28616
Peguera / Cala Fornells,2025-07-06 16:00:00,338.0,65.100464
Peguera / Cala Fornells,2025-07-06 17:00:00,165.0,84.26128
Peguera / Cala Fornells,2025-07-06 18:00:00,66.0,108.362854
Peguera / Cala Fornells,2025-07-06 19:00:00,74.0,105.125656
Peguera / Cala Fornells,2025-07-06 20:00:00,52.0,92.49658
Peguera / Cala Fornells,2025-07-07 08:00:00,50.0,98.27393
Peguera / Cala Fornells,2025-07-07 09:00:00,61.0,97.385345
Peguera / Cala Fornells,2025-07-07 10:00:00,66.0,113.994865
Peguera / Cala Fornells,2025-07-07 11:00:00,82.0,100.09848
Peguera / Cala Fornells,2025-07-07 12:00:00,61.0,77.23558
Peguera / Cala Fornells,2025-07-07 13:00:00,32.0,58.517754
Peguera / Cala Fornells,2025-07-07 14:00:00,14.0,50.423367
Peguera / Cala Fornells,2025-07-07 15:00:00,4.0,18.23029
Peguera / Cala Fornells,2025-07-07 16:00:00,130.0,59.174244
Peguera / Cala Fornells,2025-07-07 17:00:00,85.0,87.32557
Peguera / Cala Fornells,2025-07-07 18:00:00,190.0,94.97408
Peguera / Cala Fornells,2025-07-07 19:00:00,52.0,87.03571
Peguera / Cala Fornells,2025-07-07 20:00:00,52.0,96.76269
Peguera / Cala Fornells,2025-07-08 08:00:00,69.0,78.06221
Peguera / Cala Fornells,2025-07-08 09:00:00,65.0,75.62665
Peguera / Cala Fornells,2025-07-08 10:00:00,98.0,73.65956
Peguera / Cala Fornells,2025-07-08 11:00:00,76.0,70.35386
Peguera / Cala Fornells,2025-07-08 12:00:00,64.0,51.43947
Peguera / Cala Fornells,2025-07-08 13:00:00,33.0,44.32757
Peguera / Cala Fornells,2025-07-08 14:00:00,15.0,43.33899
Peguera / Cala Fornells,2025-07-08 15:00:00,5.0,26.739082
Peguera / Cala Fornells,2025-07-08 16:00:00,133.0,70.57394
Peguera / Cala Fornells,2025-07-08 17:00:00,127.0,72.92483
Peguera / Cala Fornells,2025-07-08 18:00:00,145.0,69.08789
Peguera / Cala Fornells,2025-07-08 19:00:00,79.0,71.87448
Peguera / Cala Fornells,2025-07-08 20:00:00,46.0,70.67573
Peguera / Cala Fornells,2025-07-09 08:00:00,55.0,71.378494
Peguera / Cala Fornells,2025-07-09 09:00:00,64.0,121.01939
Peguera / Cala Fornells,2025-07-09 10:00:00,79.0,79.165726
Peguera / Cala Fornells,2025-07-09 11:00:00,62.0,88.727005
Peguera / Cala Fornells,2025-07-09 12:00:00,38.0,74.69297
Peguera / Cala Fornells,2025-07-09 13:00:00,22.0,54.60226
Peguera / Cala Fornells,2025-07-09 14:00:00,21.0,50.044594
Peguera / Cala Fornells,2025-07-09 15:00:00,4.0,12.047454
Peguera / Cala Fornells,2025-07-09 16:00:00,225.0,30.601913
Peguera / Cala Fornells,2025-07-09 17:00:00,68.0,63.11143
Peguera / Cala Fornells,2025-07-09 18:00:00,94.0,75.901886
Peguera / Cala Fornells,2025-07-09 19:00:00,77.0,109.4857
Peguera / Cala Fornells,2025-07-09 20:00:00,71.0,116.15573
Peguera / Cala Fornells,2025-07-10 08:00:00,79.0,72.29999
Peguera / Cala Fornells,2025-07-10 09:00:00,83.0,68.762726
Peguera / Cala Fornells,2025-07-10 10:00:00,68.0,62.604687
Peguera / Cala Fornells,2025-07-10 11:00:00,65.0,62.38333
Peguera / Cala Fornells,2025-07-10 12:00:00,60.0,55.40596
Peguera / Cala Fornells,2025-07-10 13:00:00,21.0,51.200985
Peguera / Cala Fornells,2025-07-10 14:00:00,26.0,45.133343
Peguera / Cala Fornells,2025-07-10 15:00:00,4.0,12.400187
Peguera / Cala Fornells,2025-07-10 16:00:00,131.0,46.221233
Peguera / Cala Fornells,2025-07-10 17:00:00,222.0,61.28071
Peguera / Cala Fornells,2025-07-10 18:00:00,195.0,82.21181
Peguera / Cala Fornells,2025-07-10 19:00:00,84.0,84.76868
Peguera / Cala Fornells,2025-07-10 20:00:00,66.0,86.17623
Peguera / Cala Fornells,2025-07-11 08:00:00,78.0,90.23219
Peguera / Cala Fornells,2025-07-11 09:00:00,94.0,97.22281
Peguera / Cala Fornells,2025-07-11 10:00:00,77.0,110.3611
Peguera / Cala Fornells,2025-07-11 11:00:00,76.0,112.37942
Peguera / Cala Fornells,2025-07-11 12:00:00,29.0,77.43162
Peguera / Cala Fornells,2025-07-11 15:00:00,18.0,68.69542
Peguera / Cala Fornells,2025-07-11 16:00:00,18.0,59.849686
Peguera / Cala Fornells,2025-07-11 17:00:00,4.0,26.87051
Peguera / Cala Fornells,2025-07-11 18:00:00,438.0,48.69014
Peguera / Cala Fornells,2025-07-11 19:00:00,317.0,84.93219
Peguera / Cala Fornells,2025-07-11 20:00:00,208.0,90.95332
Peguera / Cala Fornells,2025-07-12 08:00:00,68.0,80.138374
Peguera / Cala Fornells,2025-07-12 09:00:00,81.0,56.032166
Peguera / Cala Fornells,2025-07-12 10:00:00,88.0,70.74114
Peguera / Cala Fornells,2025-07-12 11:00:00,100.0,87.21118
Peguera / Cala Fornells,2025-07-12 12:00:00,110.0,87.98651
Peguera / Cala Fornells,2025-07-12 13:00:00,91.0,74.48117
Peguera / Cala Fornells,2025-07-12 14:00:00,71.0,57.447506
Peguera / Cala Fornells,2025-07-12 15:00:00,39.0,45.22009
Peguera / Cala Fornells,2025-07-12 16:00:00,45.0,39.092163
Peguera / Cala Fornells,2025-07-12 17:00:00,5.0,14.23411
Peguera / Cala Fornells,2025-07-12 18:00:00,406.0,45.301754
Peguera / Cala Fornells,2025-07-12 19:00:00,563.0,63.354206
Peguera / Cala Fornells,2025-07-12 20:00:00,190.0,64.65479
Peguera / Cala Fornells,2025-07-13 08:00:00,166.0,72.08584
Peguera / Cala Fornells,2025-07-13 09:00:00,119.0,127.694145
Peguera / Cala Fornells,2025-07-13 10:00:00,103.0,152.52902
Peguera / Cala Fornells,2025-07-13 11:00:00,114.0,119.09692
Peguera / Cala Fornells,2025-07-13 12:00:00,103.0,111.30978
Peguera / Cala Fornells,2025-07-13 13:00:00,73.0,113.87239
Peguera / Cala Fornells,2025-07-13 14:00:00,67.0,99.304474
Peguera / Cala Fornells,2025-07-13 15:00:00,39.0,120.71826
Peguera / Cala Fornells,2025-07-13 16:00:00,52.0,95.879944
Peguera / Cala Fornells,2025-07-13 17:00:00,5.0,46.521633
Peguera / Cala Fornells,2025-07-13 18:00:00,157.0,75.46356
Peguera / Cala Fornells,2025-07-13 19:00:00,180.0,107.54332
Peguera / Cala Fornells,2025-07-13 20:00:00,159.0,133.6477
Peguera / Cala Fornells,2025-07-14 08:00:00,99.0,99.712105
Peguera / Cala Fornells,2025-07-14 09:00:00,64.0,93.748276
Peguera / Cala Fornells,2025-07-14 10:00:00,85.0,98.18433
Peguera / Cala Fornells,2025-07-14 11:00:00,104.0,97.62841
Peguera / Cala Fornells,2025-07-14 12:00:00,94.0,99.07661
Peguera / Cala Fornells,2025-07-14 13:00:00,85.0,73.82403
Peguera / Cala Fornells,2025-07-14 14:00:00,77.0,76.306305
Peguera / Cala Fornells,2025-07-14 15:00:00,41.0,49.94781
Peguera / Cala Fornells,2025-07-14 16:00:00,46.0,44.650753
Peguera / Cala Fornells,2025-07-14 17:00:00,5.0,21.647537
Peguera / Cala Fornells,2025-07-14 18:00:00,284.0,66.76827
Peguera / Cala Fornells,2025-07-14 19:00:00,603.0,92.53415
Peguera / Cala Fornells,2025-07-14 20:00:00,43.0,90.53307
Peguera / Cala Fornells,2025-07-15 08:00:00,53.0,98.72831
Peguera / Cala Fornells,2025-07-15 09:00:00,16.0,87.290535
Peguera / Cala Fornells,2025-07-15 10:00:00,38.0,42.941944
Peguera / Cala Fornells,2025-07-15 11:00:00,22.0,87.36233
Peguera / Cala Fornells,2025-07-15 12:00:00,56.0,90.24052
Peguera / Cala Fornells,2025-07-15 13:00:00,55.0,50.344288
Peguera / Cala Fornells,2025-07-15 14:00:00,26.0,53.450317
Peguera / Cala Fornells,2025-07-15 15:00:00,27.0,41.85139
Peguera / Cala Fornells,2025-07-15 16:00:00,37.0,40.55485
Peguera / Cala Fornells,2025-07-15 17:00:00,6.0,14.0065155
Peguera / Cala Fornells,2025-07-15 18:00:00,21.0,63.815495
Peguera / Cala Fornells,2025-07-15 19:00:00,36.0,78.38147
Peguera / Cala Fornells,2025-07-15 20:00:00,72.0,65.413795
Peguera / Cala Fornells,2025-07-16 08:00:00,34.0,60.617813
Peguera / Cala Fornells,2025-07-16 09:00:00,76.0,126.57994
Peguera / Cala Fornells,2025-07-16 10:00:00,65.0,127.81399
Peguera / Cala Fornells,2025-07-16 11:00:00,55.0,104.592865
Peguera / Cala Fornells,2025-07-16 12:00:00,63.0,95.54891
Peguera / Cala Fornells,2025-07-16 13:00:00,91.0,80.72059
Peguera / Cala Fornells,2025-07-16 14:00:00,47.0,62.065434
Peguera / Cala Fornells,2025-07-16 15:00:00,42.0,46.08675
Peguera / Cala Fornells,2025-07-16 16:00:00,44.0,44.33119
Peguera / Cala Fornells,2025-07-16 17:00:00,5.0,10.538303
Peguera / Cala Fornells,2025-07-16 18:00:00,72.0,52.93384
Peguera / Cala Fornells,2025-07-16 19:00:00,447.0,77.568436
Peguera / Cala Fornells,2025-07-16 20:00:00,211.0,84.0823
Peguera / Cala Fornells,2025-07-17 08:00:00,172.0,75.74237
Peguera / Cala Fornells,2025-07-17 09:00:00,104.0,86.86295
Peguera / Cala Fornells,2025-07-17 10:00:00,108.0,94.55541
Peguera / Cala Fornells,2025-07-17 11:00:00,127.0,124.687485
Peguera / Cala Fornells,2025-07-17 12:00:00,116.0,100.3653
Peguera / Cala Fornells,2025-07-17 13:00:00,115.0,90.181244
Peguera / Cala Fornells,2025-07-17 14:00:00,77.0,68.67878
Peguera / Cala Fornells,2025-07-17 15:00:00,47.0,50.49477
Peguera / Cala Fornells,2025-07-17 16:00:00,28.0,45.09264
Peguera / Cala Fornells,2025-07-17 17:00:00,5.0,18.914396
Peguera / Cala Fornells,2025-07-17 18:00:00,111.0,55.725037
Peguera / Cala Fornells,2025-07-17 19:00:00,135.0,90.64257
Peguera / Cala Fornells,2025-07-17 20:00:00,203.0,97.49119
Peguera / Cala Fornells,2025-07-18 08:00:00,130.0,97.77698
Peguera / Cala Fornells,2025-07-18 09:00:00,92.0,113.75912
Peguera / Cala Fornells,2025-07-18 10:00:00,116.0,121.186966
Peguera / Cala Fornells,2025-07-18 11:00:00,113.0,133.83691
Peguera / Cala Fornells,2025-07-18 12:00:00,72.0,111.16851
Peguera / Cala Fornells,2025-07-18 13:00:00,73.0,86.37027
Peguera / Cala Fornells,2025-07-18 14:00:00,79.0,70.21242
Peguera / Cala Fornells,2025-07-18 15:00:00,48.0,62.249603
Peguera / Cala Fornells,2025-07-18 16:00:00,38.0,49.06277
Peguera / Cala Fornells,2025-07-18 17:00:00,7.0,17.03097
Peguera / Cala Fornells,2025-07-18 18:00:00,117.0,55.46035
Peguera / Cala Fornells,2025-07-18 19:00:00,166.0,77.19437
Peguera / Cala Fornells,2025-07-18 20:00:00,61.0,90.08992
Peguera / Cala Fornells,2025-07-19 08:00:00,61.0,83.95323
Peguera / Cala Fornells,2025-07-19 09:00:00,61.0,134.96223
Peguera / Cala Fornells,2025-07-19 10:00:00,68.0,92.80956
Peguera / Cala Fornells,2025-07-19 11:00:00,36.0,102.2649
Peguera / Cala Fornells,2025-07-19 12:00:00,39.0,95.929504
Peguera / Cala Fornells,2025-07-19 13:00:00,63.0,68.12284
Peguera / Cala Fornells,2025-07-19 14:00:00,51.0,65.3165
Peguera / Cala Fornells,2025-07-19 15:00:00,42.0,46.603294
Peguera / Cala Fornells,2025-07-19 16:00:00,37.0,41.251244
Peguera / Cala Fornells,2025-07-19 17:00:00,5.0,11.9370575
Peguera / Cala Fornells,2025-07-19 18:00:00,95.0,40.971966
Peguera / Cala Fornells,2025-07-19 19:00:00,34.0,48.078407
Peguera / Cala Fornells,2025-07-19 20:00:00,57.0,63.017014
Peguera / Cala Fornells,2025-07-20 08:00:00,71.0,65.46844
Peguera / Cala Fornells,2025-07-20 09:00:00,62.0,54.059933
Peguera / Cala Fornells,2025-07-20 10:00:00,47.0,97.68407
Peguera / Cala Fornells,2025-07-20 11:00:00,104.0,113.7171
Peguera / Cala Fornells,2025-07-20 12:00:00,90.0,96.36416
Peguera / Cala Fornells,2025-07-20 13:00:00,43.0,82.64652
Peguera / Cala Fornells,2025-07-20 14:00:00,59.0,70.70137
Peguera / Cala Fornells,2025-07-20 15:00:00,42.0,57.610325
Peguera / Cala Fornells,2025-07-20 16:00:00,33.0,55.358284
Peguera / Cala Fornells,2025-07-20 17:00:00,7.0,18.876017
Peguera / Cala Fornells,2025-07-20 18:00:00,71.0,64.11297
Peguera / Cala Fornells,2025-07-20 19:00:00,59.0,72.32144
Peguera / Cala Fornells,2025-07-20 20:00:00,107.0,81.98994
Peguera / Cala Fornells,2025-07-21 08:00:00,101.0,75.3568
Peguera / Cala Fornells,2025-07-21 09:00:00,106.0,124.828415
Peguera / Cala Fornells,2025-07-21 10:00:00,107.0,142.90965
Peguera / Cala Fornells,2025-07-21 11:00:00,113.0,152.57668
Peguera / Cala Fornells,2025-07-21 12:00:00,81.0,121.784225
Peguera / Cala Fornells,2025-07-21 13:00:00,89.0,107.158516
Peguera / Cala Fornells,2025-07-21 14:00:00,56.0,98.21423
Peguera / Cala Fornells,2025-07-21 15:00:00,36.0,73.27659
Peguera / Cala Fornells,2025-07-21 16:00:00,5.0,75.3623
Peguera / Cala Fornells,2025-07-21 17:00:00,5.0,12.185462
Peguera / Cala Fornells,2025-07-21 18:00:00,198.0,99.00282
Peguera / Cala Fornells,2025-07-21 19:00:00,128.0,108.08934
Peguera / Cala Fornells,2025-07-21 20:00:00,155.0,134.13246
Peguera / Cala Fornells,2025-07-22 08:00:00,91.0,112.21979
Peguera / Cala Fornells,2025-07-22 09:00:00,78.0,147.2427
Peguera / Cala Fornells,2025-07-22 10:00:00,109.0,202.63179
Peguera / Cala Fornells,2025-07-22 11:00:00,121.0,199.63597
Peguera / Cala Fornells,2025-07-22 12:00:00,162.0,183.55661
Peguera / Cala Fornells,2025-07-22 13:00:00,84.0,162.0164
Peguera / Cala Fornells,2025-07-22 14:00:00,47.0,134.21982
Peguera / Cala Fornells,2025-07-22 15:00:00,28.0,113.51192
Peguera / Cala Fornells,2025-07-22 16:00:00,5.0,100.71445
Peguera / Cala Fornells,2025-07-22 17:00:00,5.0,20.306871
Peguera / Cala Fornells,2025-07-22 18:00:00,107.0,124.24534
Peguera / Cala Fornells,2025-07-22 19:00:00,176.0,165.48477
Peguera / Cala Fornells,2025-07-22 20:00:00,136.0,167.93987
Peguera / Cala Fornells,2025-07-23 08:00:00,97.0,164.65126
Peguera / Cala Fornells,2025-07-23 09:00:00,84.0,130.92982
Peguera / Cala Fornells,2025-07-23 10:00:00,123.0,174.20491
Peguera / Cala Fornells,2025-07-23 11:00:00,91.0,153.41815
Peguera / Cala Fornells,2025-07-23 12:00:00,91.0,143.447
Peguera / Cala Fornells,2025-07-23 13:00:00,83.0,135.72617
Peguera / Cala Fornells,2025-07-23 14:00:00,54.0,149.96645
Peguera / Cala Fornells,2025-07-23 15:00:00,37.0,109.94271
Peguera / Cala Fornells,2025-07-23 16:00:00,5.0,88.11475
Peguera / Cala Fornells,2025-07-23 17:00:00,5.0,33.7508
Peguera / Cala Fornells,2025-07-23 18:00:00,156.0,86.46036
Peguera / Cala Fornells,2025-07-23 19:00:00,167.0,121.58879
Peguera / Cala Fornells,2025-07-23 20:00:00,114.0,119.88157
Peguera / Cala Fornells,2025-07-24 08:00:00,85.0,141.56859
Peguera / Cala Fornells,2025-07-24 09:00:00,113.0,156.99753
Peguera / Cala Fornells,2025-07-24 10:00:00,111.0,200.56087
Peguera / Cala Fornells,2025-07-24 11:00:00,127.0,158.76439
Peguera / Cala Fornells,2025-07-24 12:00:00,106.0,155.45276
Peguera / Cala Fornells,2025-07-24 13:00:00,81.0,144.21216
Peguera / Cala Fornells,2025-07-24 14:00:00,75.0,122.47094
Peguera / Cala Fornells,2025-07-24 15:00:00,56.0,97.1941
Peguera / Cala Fornells,2025-07-24 16:00:00,5.0,97.713455
Peguera / Cala Fornells,2025-07-24 17:00:00,6.0,37.100765
Peguera / Cala Fornells,2025-07-24 18:00:00,203.0,97.180435
Peguera / Cala Fornells,2025-07-24 19:00:00,247.0,122.57259
Peguera / Cala Fornells,2025-07-24 20:00:00,74.0,111.24235
Peguera / Cala Fornells,2025-07-25 08:00:00,88.0,123.665535
Peguera / Cala Fornells,2025-07-25 09:00:00,95.0,164.14325
Peguera / Cala Fornells,2025-07-25 10:00:00,128.0,155.05713
Peguera / Cala Fornells,2025-07-25 11:00:00,124.0,166.42189
Peguera / Cala Fornells,2025-07-25 12:00:00,116.0,135.22067
Peguera / Cala Fornells,2025-07-25 13:00:00,81.0,118.379135
Peguera / Cala Fornells,2025-07-25 14:00:00,58.0,93.11813
Peguera / Cala Fornells,2025-07-25 15:00:00,43.0,68.19204
Peguera / Cala Fornells,2025-07-25 16:00:00,5.0,57.649014
Peguera / Cala Fornells,2025-07-25 17:00:00,5.0,26.934969
Peguera / Cala Fornells,2025-07-25 18:00:00,183.0,81.842865
Peguera / Cala Fornells,2025-07-25 19:00:00,162.0,99.34437
Peguera / Cala Fornells,2025-07-25 20:00:00,108.0,100.807274
Peguera / Cala Fornells,2025-07-26 08:00:00,92.0,90.995476
Peguera / Cala Fornells,2025-07-26 09:00:00,135.0,83.580185
Peguera / Cala Fornells,2025-07-26 10:00:00,117.0,152.17572
Peguera / Cala Fornells,2025-07-26 11:00:00,116.0,174.86061
Peguera / Cala Fornells,2025-07-26 12:00:00,107.0,134.36899
Peguera / Cala Fornells,2025-07-26 13:00:00,52.0,144.78719
Peguera / Cala Fornells,2025-07-26 14:00:00,54.0,120.30978
Peguera / Cala Fornells,2025-07-26 15:00:00,22.0,91.57889
Peguera / Cala Fornells,2025-07-26 16:00:00,5.0,74.05121
Peguera / Cala Fornells,2025-07-26 17:00:00,5.0,22.468836
Peguera / Cala Fornells,2025-07-26 18:00:00,116.0,93.34998
Peguera / Cala Fornells,2025-07-26 19:00:00,92.0,119.57458
Peguera / Cala Fornells,2025-07-26 20:00:00,72.0,149.02121
Peguera / Cala Fornells,2025-07-27 08:00:00,97.0,129.35225
Peguera / Cala Fornells,2025-07-27 09:00:00,100.0,94.48388
Peguera / Cala Fornells,2025-07-27 10:00:00,115.0,111.39298
Peguera / Cala Fornells,2025-07-27 11:00:00,119.0,151.17336
Peguera / Cala Fornells,2025-07-27 12:00:00,129.0,120.29554
Peguera / Cala Fornells,2025-07-27 13:00:00,87.0,103.13996
Peguera / Cala Fornells,2025-07-27 14:00:00,71.0,95.986534
Peguera / Cala Fornells,2025-07-27 15:00:00,43.0,82.11938
Peguera / Cala Fornells,2025-07-27 16:00:00,5.0,65.76261
Peguera / Cala Fornells,2025-07-27 17:00:00,6.0,33.916985
Peguera / Cala Fornells,2025-07-27 18:00:00,111.0,42.777042
Peguera / Cala Fornells,2025-07-27 19:00:00,122.0,78.583786
Peguera / Cala Fornells,2025-07-27 20:00:00,75.0,91.676476
Peguera / Cala Fornells,2025-07-28 08:00:00,80.0,118.07342
Peguera / Cala Fornells,2025-07-28 09:00:00,99.0,105.26886
Peguera / Cala Fornells,2025-07-28 10:00:00,93.0,154.6318
Peguera / Cala Fornells,2025-07-28 11:00:00,95.0,135.97101
Peguera / Cala Fornells,2025-07-28 12:00:00,99.0,128.09894
Peguera / Cala Fornells,2025-07-28 13:00:00,69.0,115.51864
Peguera / Cala Fornells,2025-07-28 14:00:00,65.0,95.22735
Peguera / Cala Fornells,2025-07-28 15:00:00,70.0,81.318886
Peguera / Cala Fornells,2025-07-28 16:00:00,5.0,63.82141
Peguera / Cala Fornells,2025-07-28 17:00:00,6.0,31.338732
Peguera / Cala Fornells,2025-07-28 18:00:00,308.0,68.06981
Peguera / Cala Fornells,2025-07-28 19:00:00,243.0,99.88327
Peguera / Cala Fornells,2025-07-28 20:00:00,104.0,97.06603
Peguera / Cala Fornells,2025-07-29 08:00:00,67.0,110.905304
Peguera / Cala Fornells,2025-07-29 09:00:00,86.0,116.24334
Peguera / Cala Fornells,2025-07-29 10:00:00,96.0,126.4019
Peguera / Cala Fornells,2025-07-29 11:00:00,120.0,111.90157
Peguera / Cala Fornells,2025-07-29 12:00:00,120.0,107.20112
Peguera / Cala Fornells,2025-07-29 13:00:00,58.0,94.24263
Peguera / Cala Fornells,2025-07-29 14:00:00,49.0,79.85263
Peguera / Cala Fornells,2025-07-29 15:00:00,44.0,57.6181
Peguera / Cala Fornells,2025-07-29 16:00:00,36.0,47.63046
Peguera / Cala Fornells,2025-07-29 17:00:00,29.0,20.29457
Peguera / Cala Fornells,2025-07-29 18:00:00,330.0,59.362995
Peguera / Cala Fornells,2025-07-29 19:00:00,170.0,87.11065
Peguera / Cala Fornells,2025-07-29 20:00:00,150.0,87.59959
Peguera / Cala Fornells,2025-07-30 08:00:00,94.0,90.8387
Peguera / Cala Fornells,2025-07-30 09:00:00,87.0,71.04349
Peguera / Cala Fornells,2025-07-30 10:00:00,97.0,78.41045
Peguera / Cala Fornells,2025-07-30 11:00:00,105.0,84.16334
Peguera / Cala Fornells,2025-07-30 12:00:00,94.0,77.7835
Peguera / Cala Fornells,2025-07-30 13:00:00,60.0,85.70974
Peguera / Cala Fornells,2025-07-30 14:00:00,41.0,71.37456
Peguera / Cala Fornells,2025-07-30 15:00:00,64.0,59.215397
Peguera / Cala Fornells,2025-07-30 16:00:00,47.0,51.343704
Peguera / Cala Fornells,2025-07-30 17:00:00,60.0,31.95147
Peguera / Cala Fornells,2025-07-30 18:00:00,70.0,45.54963
Peguera / Cala Fornells,2025-07-30 19:00:00,150.0,67.124756
Peguera / Cala Fornells,2025-07-30 20:00:00,136.0,70.56119
Peguera / Cala Fornells,2025-07-31 08:00:00,127.0,66.06197
Peguera / Cala Fornells,2025-07-31 09:00:00,104.0,119.12427
Peguera / Cala Fornells,2025-07-31 10:00:00,123.0,100.47145
Peguera / Cala Fornells,2025-07-31 11:00:00,88.0,107.20151
Peguera / Cala Fornells,2025-07-31 12:00:00,72.0,109.60003
Peguera / Cala Fornells,2025-07-31 13:00:00,98.0,87.77424
Peguera / Cala Fornells,2025-07-31 14:00:00,66.0,81.47941
Peguera / Cala Fornells,2025-07-31 15:00:00,49.0,56.3553
Peguera / Cala Fornells,2025-07-31 16:00:00,28.0,48.445553
Peguera / Cala Fornells,2025-07-31 17:00:00,4.0,24.517384
Peguera / Cala Fornells,2025-07-31 18:00:00,110.0,64.6461
Peguera / Cala Fornells,2025-07-31 19:00:00,149.0,95.09279
Peguera / Cala Fornells,2025-07-31 20:00:00,106.0,108.26318
Peguera / Cala Fornells,2025-08-01 08:00:00,111.0,105.85447
Peguera / Cala Fornells,2025-08-01 09:00:00,110.0,101.74585
Peguera / Cala Fornells,2025-08-01 10:00:00,158.0,150.5419
Peguera / Cala Fornells,2025-08-01 11:00:00,130.0,139.41037
Peguera / Cala Fornells,2025-08-01 12:00:00,102.0,119.39567
Peguera / Cala Fornells,2025-08-01 13:00:00,99.0,91.05335
Peguera / Cala Fornells,2025-08-01 14:00:00,74.0,105.14846
Peguera / Cala Fornells,2025-08-01 15:00:00,44.0,86.286026
Peguera / Cala Fornells,2025-08-01 16:00:00,5.0,69.08983
Peguera / Cala Fornells,2025-08-01 17:00:00,5.0,34.918476
Peguera / Cala Fornells,2025-08-01 18:00:00,155.0,46.899975
Peguera / Cala Fornells,2025-08-01 19:00:00,130.0,77.88644
Peguera / Cala Fornells,2025-08-01 20:00:00,126.0,101.39697
Peguera / Cala Fornells,2025-08-02 08:00:00,99.0,93.029144
Peguera / Cala Fornells,2025-08-02 09:00:00,85.0,110.75843
Peguera / Cala Fornells,2025-08-02 10:00:00,146.0,128.75117
Peguera / Cala Fornells,2025-08-02 11:00:00,114.0,118.000626
Peguera / Cala Fornells,2025-08-02 12:00:00,107.0,104.44321
Peguera / Cala Fornells,2025-08-02 13:00:00,93.0,97.98093
Peguera / Cala Fornells,2025-08-02 14:00:00,74.0,94.99599
Peguera / Cala Fornells,2025-08-02 15:00:00,51.0,82.46575
Peguera / Cala Fornells,2025-08-02 16:00:00,5.0,71.741714
Peguera / Cala Fornells,2025-08-02 17:00:00,5.0,32.799553
Peguera / Cala Fornells,2025-08-02 18:00:00,170.0,47.328266
Peguera / Cala Fornells,2025-08-02 19:00:00,165.0,63.603874
Peguera / Cala Fornells,2025-08-02 20:00:00,95.0,88.11547
Peguera / Cala Fornells,2025-08-03 08:00:00,82.0,103.1011
Peguera / Cala Fornells,2025-08-03 09:00:00,78.0,138.36423
Peguera / Cala Fornells,2025-08-03 10:00:00,122.0,129.02377
Peguera / Cala Fornells,2025-08-03 11:00:00,121.0,112.679886
Peguera / Cala Fornells,2025-08-03 12:00:00,91.0,106.23585
Peguera / Cala Fornells,2025-08-03 13:00:00,92.0,93.995316
Peguera / Cala Fornells,2025-08-03 14:00:00,62.0,99.97392
Peguera / Cala Fornells,2025-08-03 15:00:00,44.0,94.50789
Peguera / Cala Fornells,2025-08-03 16:00:00,5.0,74.547775
Peguera / Cala Fornells,2025-08-03 17:00:00,5.0,48.54576
Peguera / Cala Fornells,2025-08-03 18:00:00,126.0,54.380737
Peguera / Cala Fornells,2025-08-03 19:00:00,96.0,72.194664
Peguera / Cala Fornells,2025-08-03 20:00:00,130.0,96.233
Peguera / Cala Fornells,2025-08-04 08:00:00,79.0,107.91133
Peguera / Cala Fornells,2025-08-04 09:00:00,72.0,125.91856
Peguera / Cala Fornells,2025-08-04 10:00:00,93.0,134.34062
Peguera / Cala Fornells,2025-08-04 11:00:00,104.0,118.4329
Peguera / Cala Fornells,2025-08-04 12:00:00,95.0,109.916916
Peguera / Cala Fornells,2025-08-04 13:00:00,114.0,108.88683
Peguera / Cala Fornells,2025-08-04 14:00:00,69.0,101.5503
Peguera / Cala Fornells,2025-08-04 15:00:00,39.0,92.132805
Peguera / Cala Fornells,2025-08-04 16:00:00,5.0,71.321
Peguera / Cala Fornells,2025-08-04 17:00:00,5.0,38.894463
Peguera / Cala Fornells,2025-08-04 18:00:00,55.0,58.689346
Peguera / Cala Fornells,2025-08-04 19:00:00,204.0,75.48371
Peguera / Cala Fornells,2025-08-04 20:00:00,125.0,101.25892
Peguera / Cala Fornells,2025-08-05 08:00:00,67.0,98.609764
Peguera / Cala Fornells,2025-08-05 09:00:00,115.0,91.90973
Peguera / Cala Fornells,2025-08-05 10:00:00,129.0,108.83635
Peguera / Cala Fornells,2025-08-05 11:00:00,112.0,111.75098
Peguera / Cala Fornells,2025-08-05 12:00:00,104.0,103.01202
Peguera / Cala Fornells,2025-08-05 13:00:00,98.0,93.97091
Peguera / Cala Fornells,2025-08-05 14:00:00,70.0,89.31043
Peguera / Cala Fornells,2025-08-05 15:00:00,48.0,76.60987
Peguera / Cala Fornells,2025-08-05 16:00:00,5.0,66.35252
Peguera / Cala Fornells,2025-08-05 17:00:00,5.0,40.696278
Peguera / Cala Fornells,2025-08-05 18:00:00,116.0,47.474728
Peguera / Cala Fornells,2025-08-05 19:00:00,368.0,79.925545
Peguera / Cala Fornells,2025-08-05 20:00:00,252.0,98.51671
Peguera / Cala Fornells,2025-08-06 08:00:00,67.0,96.9287
Peguera / Cala Fornells,2025-08-06 09:00:00,90.0,92.24208
Peguera / Cala Fornells,2025-08-06 10:00:00,124.0,122.333694
Peguera / Cala Fornells,2025-08-06 11:00:00,108.0,109.405106
Peguera / Cala Fornells,2025-08-06 12:00:00,80.0,99.31826
Peguera / Cala Fornells,2025-08-06 13:00:00,92.0,91.586075
Peguera / Cala Fornells,2025-08-06 14:00:00,46.0,83.625
Peguera / Cala Fornells,2025-08-06 15:00:00,44.0,77.8695
Peguera / Cala Fornells,2025-08-06 16:00:00,5.0,70.74654
Peguera / Cala Fornells,2025-08-06 17:00:00,5.0,36.11132
Peguera / Cala Fornells,2025-08-06 18:00:00,98.0,36.521835
Peguera / Cala Fornells,2025-08-06 19:00:00,190.0,61.563786
Peguera / Cala Fornells,2025-08-06 20:00:00,217.0,86.33999
Peguera / Cala Fornells,2025-08-07 08:00:00,98.0,87.408775
Peguera / Cala Fornells,2025-08-07 09:00:00,111.0,128.7859
Peguera / Cala Fornells,2025-08-07 10:00:00,110.0,165.52554
Peguera / Cala Fornells,2025-08-07 11:00:00,74.0,130.66722
Peguera / Cala Fornells,2025-08-07 12:00:00,77.0,113.86933
Peguera / Cala Fornells,2025-08-07 13:00:00,93.0,96.19197
Peguera / Cala Fornells,2025-08-07 14:00:00,74.0,96.340324
Peguera / Cala Fornells,2025-08-07 15:00:00,39.0,89.80252
Peguera / Cala Fornells,2025-08-07 16:00:00,5.0,83.634155
Peguera / Cala Fornells,2025-08-07 17:00:00,5.0,40.31205
Peguera / Cala Fornells,2025-08-07 18:00:00,340.0,38.76506
Peguera / Cala Fornells,2025-08-07 19:00:00,373.0,75.18106
Peguera / Cala Fornells,2025-08-07 20:00:00,131.0,98.18869
Peguera / Cala Fornells,2025-08-08 08:00:00,79.0,115.77257
Peguera / Cala Fornells,2025-08-08 09:00:00,71.0,152.29695
Peguera / Cala Fornells,2025-08-08 10:00:00,83.0,158.87134
Peguera / Cala Fornells,2025-08-08 11:00:00,66.0,150.61075
Peguera / Cala Fornells,2025-08-08 12:00:00,65.0,145.68547
Peguera / Cala Fornells,2025-08-08 13:00:00,77.0,125.657005
Peguera / Cala Fornells,2025-08-08 14:00:00,66.0,120.93017
Peguera / Cala Fornells,2025-08-08 15:00:00,39.0,98.79587
Peguera / Cala Fornells,2025-08-08 16:00:00,5.0,87.92183
Peguera / Cala Fornells,2025-08-08 17:00:00,5.0,47.317497
Peguera / Cala Fornells,2025-08-08 18:00:00,45.0,41.562805
Peguera / Cala Fornells,2025-08-08 19:00:00,102.0,72.541916
Peguera / Cala Fornells,2025-08-08 20:00:00,76.0,95.8323
Peguera / Cala Fornells,2025-08-09 08:00:00,92.0,110.767334
Peguera / Cala Fornells,2025-08-09 09:00:00,77.0,120.31662
Peguera / Cala Fornells,2025-08-09 10:00:00,85.0,134.53471
Peguera / Cala Fornells,2025-08-09 11:00:00,74.0,145.963
Peguera / Cala Fornells,2025-08-09 12:00:00,67.0,131.01514
Peguera / Cala Fornells,2025-08-09 13:00:00,73.0,111.150826
Peguera / Cala Fornells,2025-08-09 14:00:00,81.0,106.73976
Peguera / Cala Fornells,2025-08-09 15:00:00,47.0,85.01826
Peguera / Cala Fornells,2025-08-09 16:00:00,5.0,65.35151
Peguera / Cala Fornells,2025-08-09 17:00:00,5.0,40.861683
Peguera / Cala Fornells,2025-08-09 18:00:00,69.0,34.542534
Peguera / Cala Fornells,2025-08-09 19:00:00,69.0,30.556873
Peguera / Cala Fornells,2025-08-09 20:00:00,18.0,38.98485
Peguera / Cala Fornells,2025-08-10 08:00:00,37.0,69.57959
Peguera / Cala Fornells,2025-08-10 09:00:00,32.0,54.875267
Peguera / Cala Fornells,2025-08-10 10:00:00,54.0,120.31331
Peguera / Cala Fornells,2025-08-10 11:00:00,55.0,125.992935
Peguera / Cala Fornells,2025-08-10 12:00:00,84.0,118.4071
Peguera / Cala Fornells,2025-08-10 13:00:00,61.0,111.53517
Peguera / Cala Fornells,2025-08-10 14:00:00,61.0,98.92911
Peguera / Cala Fornells,2025-08-10 15:00:00,31.0,77.763916
Peguera / Cala Fornells,2025-08-10 16:00:00,5.0,59.29679
Peguera / Cala Fornells,2025-08-10 17:00:00,5.0,29.564507
Peguera / Cala Fornells,2025-08-10 18:00:00,97.0,43.28127
Peguera / Cala Fornells,2025-08-10 19:00:00,320.0,85.10538
Peguera / Cala Fornells,2025-08-10 20:00:00,89.0,93.033676
Peguera / Cala Fornells,2025-08-11 08:00:00,59.0,122.3858
Peguera / Cala Fornells,2025-08-11 09:00:00,36.0,101.88241
Peguera / Cala Fornells,2025-08-11 10:00:00,47.0,111.63942
Peguera / Cala Fornells,2025-08-11 11:00:00,61.0,117.50159
Peguera / Cala Fornells,2025-08-11 12:00:00,93.0,114.41892
Peguera / Cala Fornells,2025-08-11 13:00:00,66.0,101.44305
Peguera / Cala Fornells,2025-08-11 14:00:00,71.0,98.66778
Peguera / Cala Fornells,2025-08-11 15:00:00,39.0,72.14076
Peguera / Cala Fornells,2025-08-11 16:00:00,4.0,44.32351
Peguera / Cala Fornells,2025-08-11 17:00:00,4.0,28.136576
Peguera / Cala Fornells,2025-08-11 18:00:00,350.0,68.9966
Peguera / Cala Fornells,2025-08-11 19:00:00,403.0,95.62184
Peguera / Cala Fornells,2025-08-11 20:00:00,168.0,108.593216
Peguera / Cala Fornells,2025-08-12 08:00:00,87.0,112.44874
Peguera / Cala Fornells,2025-08-12 09:00:00,59.0,131.85509
Peguera / Cala Fornells,2025-08-12 10:00:00,82.0,156.20647
Peguera / Cala Fornells,2025-08-12 11:00:00,65.0,140.90128
Peguera / Cala Fornells,2025-08-12 12:00:00,102.0,121.32713
Peguera / Cala Fornells,2025-08-12 13:00:00,118.0,107.49271
Peguera / Cala Fornells,2025-08-12 14:00:00,60.0,90.61687
Peguera / Cala Fornells,2025-08-12 15:00:00,54.0,74.12557
Peguera / Cala Fornells,2025-08-12 16:00:00,5.0,49.18179
Peguera / Cala Fornells,2025-08-12 17:00:00,5.0,31.554789
Peguera / Cala Fornells,2025-08-12 18:00:00,82.0,71.67456
Peguera / Cala Fornells,2025-08-12 19:00:00,184.0,97.785866
Peguera / Cala Fornells,2025-08-12 20:00:00,104.0,97.28329
Peguera / Cala Fornells,2025-08-13 08:00:00,78.0,97.37379
Peguera / Cala Fornells,2025-08-13 09:00:00,86.0,94.500145
Peguera / Cala Fornells,2025-08-13 10:00:00,120.0,120.25471
Peguera / Cala Fornells,2025-08-13 11:00:00,87.0,118.34411
Peguera / Cala Fornells,2025-08-13 12:00:00,73.0,110.79481
Peguera / Cala Fornells,2025-08-13 13:00:00,121.0,98.122536
Peguera / Cala Fornells,2025-08-13 14:00:00,87.0,84.971954
Peguera / Cala Fornells,2025-08-13 15:00:00,54.0,70.80438
Peguera / Cala Fornells,2025-08-13 16:00:00,51.0,44.06964
Peguera / Cala Fornells,2025-08-13 17:00:00,5.0,29.055958
Peguera / Cala Fornells,2025-08-13 18:00:00,58.0,75.96174
Peguera / Cala Fornells,2025-08-13 19:00:00,414.0,92.86756
Peguera / Cala Fornells,2025-08-13 20:00:00,114.0,114.94095
Peguera / Cala Fornells,2025-08-14 08:00:00,64.0,97.40477
Peguera / Cala Fornells,2025-08-14 09:00:00,102.0,97.21885
Peguera / Cala Fornells,2025-08-14 10:00:00,79.0,130.62077
Peguera / Cala Fornells,2025-08-14 11:00:00,91.0,117.47039
Peguera / Cala Fornells,2025-08-14 12:00:00,64.0,112.72386
Peguera / Cala Fornells,2025-08-14 13:00:00,83.0,109.06389
Peguera / Cala Fornells,2025-08-14 14:00:00,57.0,84.00659
Peguera / Cala Fornells,2025-08-14 15:00:00,30.0,69.631516
Peguera / Cala Fornells,2025-08-14 16:00:00,5.0,47.893887
Peguera / Cala Fornells,2025-08-14 17:00:00,5.0,32.73828
Peguera / Cala Fornells,2025-08-14 18:00:00,144.0,68.42884
Peguera / Cala Fornells,2025-08-14 19:00:00,70.0,99.6048
Peguera / Cala Fornells,2025-08-14 20:00:00,189.0,114.46425
Peguera / Cala Fornells,2025-08-15 08:00:00,81.0,125.511475
Peguera / Cala Fornells,2025-08-15 09:00:00,108.0,114.776
Peguera / Cala Fornells,2025-08-15 10:00:00,77.0,169.66664
Peguera / Cala Fornells,2025-08-15 11:00:00,100.0,176.60178
Peguera / Cala Fornells,2025-08-15 12:00:00,96.0,142.2999
Peguera / Cala Fornells,2025-08-15 13:00:00,68.0,123.13386
Peguera / Cala Fornells,2025-08-15 14:00:00,57.0,118.3691
Peguera / Cala Fornells,2025-08-15 15:00:00,52.0,85.581825
Peguera / Cala Fornells,2025-08-15 16:00:00,5.0,43.58195
Peguera / Cala Fornells,2025-08-15 17:00:00,5.0,35.664387
Peguera / Cala Fornells,2025-08-15 18:00:00,38.0,34.081146
Peguera / Cala Fornells,2025-08-15 19:00:00,49.0,75.12999
Peguera / Cala Fornells,2025-08-15 20:00:00,60.0,83.85118
Peguera / Cala Fornells,2025-08-16 08:00:00,69.0,98.96886
Peguera / Cala Fornells,2025-08-16 09:00:00,45.0,79.01475
Peguera / Cala Fornells,2025-08-16 10:00:00,56.0,124.73813
Peguera / Cala Fornells,2025-08-16 11:00:00,70.0,147.89333
Peguera / Cala Fornells,2025-08-16 12:00:00,84.0,118.77323
Peguera / Cala Fornells,2025-08-16 13:00:00,77.0,102.305756
Peguera / Cala Fornells,2025-08-16 14:00:00,57.0,96.15135
Peguera / Cala Fornells,2025-08-16 15:00:00,56.0,78.13928
Peguera / Cala Fornells,2025-08-16 16:00:00,5.0,54.75584
Peguera / Cala Fornells,2025-08-16 17:00:00,5.0,31.297832
Peguera / Cala Fornells,2025-08-16 18:00:00,36.0,39.77507
Peguera / Cala Fornells,2025-08-16 19:00:00,149.0,70.623184
Peguera / Cala Fornells,2025-08-16 20:00:00,124.0,91.84642
Peguera / Cala Fornells,2025-08-17 08:00:00,75.0,103.399155
Peguera / Cala Fornells,2025-08-17 09:00:00,92.0,131.61465
Peguera / Cala Fornells,2025-08-17 10:00:00,94.0,162.68285
Peguera / Cala Fornells,2025-08-17 11:00:00,86.0,134.8026
Peguera / Cala Fornells,2025-08-17 12:00:00,73.0,125.69474
Peguera / Cala Fornells,2025-08-17 13:00:00,84.0,109.05424
Peguera / Cala Fornells,2025-08-17 14:00:00,93.0,102.773994
Peguera / Cala Fornells,2025-08-17 15:00:00,48.0,85.071365
Peguera / Cala Fornells,2025-08-17 16:00:00,4.0,67.40518
Peguera / Cala Fornells,2025-08-17 17:00:00,5.0,52.715122
Peguera / Cala Fornells,2025-08-17 18:00:00,31.0,32.746284
Peguera / Cala Fornells,2025-08-17 19:00:00,56.0,89.32888
Peguera / Cala Fornells,2025-08-17 20:00:00,60.0,97.782616
Peguera / Cala Fornells,2025-08-18 08:00:00,40.0,100.838974
Peguera / Cala Fornells,2025-08-18 09:00:00,47.0,89.298744
Peguera / Cala Fornells,2025-08-18 10:00:00,64.0,113.85618
Peguera / Cala Fornells,2025-08-18 11:00:00,68.0,90.03437
Peguera / Cala Fornells,2025-08-18 12:00:00,61.0,100.82705
Peguera / Cala Fornells,2025-08-18 13:00:00,78.0,91.4945
Peguera / Cala Fornells,2025-08-18 14:00:00,70.0,69.93805
Peguera / Cala Fornells,2025-08-18 15:00:00,24.0,64.273766
Peguera / Cala Fornells,2025-08-18 16:00:00,4.0,46.033443
Peguera / Cala Fornells,2025-08-18 17:00:00,5.0,30.460705
Peguera / Cala Fornells,2025-08-18 18:00:00,100.0,38.79842
Peguera / Cala Fornells,2025-08-18 19:00:00,115.0,80.785645
Peguera / Cala Fornells,2025-08-18 20:00:00,142.0,85.27691
Peguera / Cala Fornells,2025-08-19 08:00:00,66.0,81.132614
Peguera / Cala Fornells,2025-08-19 09:00:00,54.0,95.642204
Peguera / Cala Fornells,2025-08-19 10:00:00,90.0,95.16001
Peguera / Cala Fornells,2025-08-19 11:00:00,81.0,86.920166
Peguera / Cala Fornells,2025-08-19 12:00:00,99.0,99.03504
Peguera / Cala Fornells,2025-08-19 13:00:00,96.0,86.12862
Peguera / Cala Fornells,2025-08-19 14:00:00,62.0,58.83477
Peguera / Cala Fornells,2025-08-19 15:00:00,54.0,47.41652
Peguera / Cala Fornells,2025-08-19 16:00:00,6.0,37.07048
Peguera / Cala Fornells,2025-08-19 17:00:00,5.0,23.124826
Peguera / Cala Fornells,2025-08-19 18:00:00,175.0,71.46799
Peguera / Cala Fornells,2025-08-19 19:00:00,235.0,79.74728
Peguera / Cala Fornells,2025-08-19 20:00:00,227.0,43.389984
Peguera / Cala Fornells,2025-08-20 08:00:00,74.0,50.476692
Peguera / Cala Fornells,2025-08-20 09:00:00,75.0,63.596165
Peguera / Cala Fornells,2025-08-20 10:00:00,76.0,105.78469
Peguera / Cala Fornells,2025-08-20 11:00:00,83.0,85.23464
Peguera / Cala Fornells,2025-08-20 12:00:00,89.0,81.35037
Peguera / Cala Fornells,2025-08-20 13:00:00,81.0,69.51942
Peguera / Cala Fornells,2025-08-20 14:00:00,53.0,45.152008
Peguera / Cala Fornells,2025-08-20 15:00:00,51.0,35.977257
Peguera / Cala Fornells,2025-08-20 16:00:00,4.0,19.66782
Peguera / Cala Fornells,2025-08-20 17:00:00,5.0,10.530537
Peguera / Cala Fornells,2025-08-20 18:00:00,152.0,46.245804
Peguera / Cala Fornells,2025-08-20 19:00:00,324.0,81.51541
Peguera / Cala Fornells,2025-08-20 20:00:00,352.0,71.94619
Peguera / Cala Fornells,2025-08-21 08:00:00,133.0,69.23508
Peguera / Cala Fornells,2025-08-21 09:00:00,107.0,100.88227
Peguera / Cala Fornells,2025-08-21 10:00:00,107.0,109.31009
Peguera / Cala Fornells,2025-08-21 11:00:00,145.0,157.28578
Peguera / Cala Fornells,2025-08-21 12:00:00,121.0,144.13368
Peguera / Cala Fornells,2025-08-21 13:00:00,127.0,134.35867
Peguera / Cala Fornells,2025-08-21 14:00:00,62.0,101.844765
Peguera / Cala Fornells,2025-08-21 15:00:00,35.0,90.1725
Peguera / Cala Fornells,2025-08-21 16:00:00,5.0,62.075012
Peguera / Cala Fornells,2025-08-21 17:00:00,5.0,43.347874
Peguera / Cala Fornells,2025-08-21 18:00:00,109.0,96.82716
Peguera / Cala Fornells,2025-08-21 19:00:00,246.0,136.73756
Peguera / Cala Fornells,2025-08-21 20:00:00,235.0,147.27621
Peguera / Cala Fornells,2025-08-22 08:00:00,134.0,127.20199
Peguera / Cala Fornells,2025-08-22 09:00:00,72.0,115.72866
Peguera / Cala Fornells,2025-08-22 10:00:00,111.0,145.33391
Peguera / Cala Fornells,2025-08-22 11:00:00,112.0,145.98524
Peguera / Cala Fornells,2025-08-22 12:00:00,123.0,123.60799
Peguera / Cala Fornells,2025-08-22 13:00:00,75.0,109.149216
Peguera / Cala Fornells,2025-08-22 14:00:00,58.0,101.83669
Peguera / Cala Fornells,2025-08-22 15:00:00,56.0,84.30156
Peguera / Cala Fornells,2025-08-22 16:00:00,5.0,49.34841
Peguera / Cala Fornells,2025-08-22 17:00:00,5.0,45.898636
Peguera / Cala Fornells,2025-08-22 18:00:00,174.0,80.29737
Peguera / Cala Fornells,2025-08-22 19:00:00,322.0,121.23221
Peguera / Cala Fornells,2025-08-22 20:00:00,88.0,112.585304
Peguera / Cala Fornells,2025-08-23 08:00:00,102.0,105.31637
Peguera / Cala Fornells,2025-08-23 09:00:00,44.0,113.00392
Peguera / Cala Fornells,2025-08-23 10:00:00,66.0,132.85378
Peguera / Cala Fornells,2025-08-23 11:00:00,75.0,129.93266
Peguera / Cala Fornells,2025-08-23 12:00:00,65.0,125.0076
Peguera / Cala Fornells,2025-08-23 13:00:00,92.0,112.41067
Peguera / Cala Fornells,2025-08-23 14:00:00,48.0,71.403435
Peguera / Cala Fornells,2025-08-23 15:00:00,40.0,61.205074
Peguera / Cala Fornells,2025-08-23 16:00:00,5.0,35.14665
Peguera / Cala Fornells,2025-08-23 17:00:00,5.0,19.177658
Peguera / Cala Fornells,2025-08-23 18:00:00,53.0,102.97319
Peguera / Cala Fornells,2025-08-23 19:00:00,125.0,82.46018
Peguera / Cala Fornells,2025-08-23 20:00:00,138.0,108.29217
Peguera / Cala Fornells,2025-08-24 08:00:00,46.0,102.636314
Peguera / Cala Fornells,2025-08-24 09:00:00,68.0,100.22851
Peguera / Cala Fornells,2025-08-24 10:00:00,92.0,108.34516
Peguera / Cala Fornells,2025-08-24 11:00:00,96.0,125.40947
Peguera / Cala Fornells,2025-08-24 12:00:00,59.0,105.68648
Peguera / Cala Fornells,2025-08-24 13:00:00,94.0,85.97914
Peguera / Cala Fornells,2025-08-24 14:00:00,44.0,66.20929
Peguera / Cala Fornells,2025-08-24 15:00:00,34.0,53.505905
Peguera / Cala Fornells,2025-08-24 16:00:00,5.0,30.189972
Peguera / Cala Fornells,2025-08-24 17:00:00,5.0,12.740326
Peguera / Cala Fornells,2025-08-24 18:00:00,116.0,73.27192
Peguera / Cala Fornells,2025-08-24 19:00:00,297.0,111.789185
Peguera / Cala Fornells,2025-08-24 20:00:00,187.0,110.64245
Peguera / Cala Fornells,2025-08-25 08:00:00,114.0,93.725975
Peguera / Cala Fornells,2025-08-25 09:00:00,117.0,103.29861
Peguera / Cala Fornells,2025-08-25 10:00:00,121.0,112.39971
Peguera / Cala Fornells,2025-08-25 11:00:00,132.0,109.556595
Peguera / Cala Fornells,2025-08-25 12:00:00,86.0,105.48792
Peguera / Cala Fornells,2025-08-25 13:00:00,111.0,93.12149
Peguera / Cala Fornells,2025-08-25 14:00:00,44.0,54.427628
Peguera / Cala Fornells,2025-08-25 15:00:00,34.0,38.58263
Peguera / Cala Fornells,2025-08-25 16:00:00,5.0,21.652819
Peguera / Cala Fornells,2025-08-25 17:00:00,5.0,15.904682
Peguera / Cala Fornells,2025-08-25 18:00:00,188.0,79.83032
Peguera / Cala Fornells,2025-08-25 19:00:00,306.0,108.69401
Peguera / Cala Fornells,2025-08-25 20:00:00,323.0,95.51306
Peguera / Cala Fornells,2025-08-26 08:00:00,146.0,90.55889
Peguera / Cala Fornells,2025-08-26 09:00:00,130.0,88.47053
Peguera / Cala Fornells,2025-08-26 10:00:00,91.0,94.59678
Peguera / Cala Fornells,2025-08-26 11:00:00,126.0,100.54817
Peguera / Cala Fornells,2025-08-26 12:00:00,100.0,97.446785
Peguera / Cala Fornells,2025-08-26 13:00:00,74.0,73.13632
Peguera / Cala Fornells,2025-08-26 14:00:00,40.0,47.36904
Peguera / Cala Fornells,2025-08-26 15:00:00,45.0,39.76519
Peguera / Cala Fornells,2025-08-26 16:00:00,8.0,20.29883
Peguera / Cala Fornells,2025-08-26 17:00:00,5.0,9.558633
Peguera / Cala Fornells,2025-08-26 18:00:00,111.0,52.7696
Peguera / Cala Fornells,2025-08-26 19:00:00,369.0,89.518654
Peguera / Cala Fornells,2025-08-26 20:00:00,458.0,82.99338
Peguera / Cala Fornells,2025-08-27 08:00:00,133.0,75.45176
Peguera / Cala Fornells,2025-08-27 09:00:00,57.0,75.70742
Peguera / Cala Fornells,2025-08-27 10:00:00,47.0,72.70656
Peguera / Cala Fornells,2025-08-27 11:00:00,71.0,73.74562
Peguera / Cala Fornells,2025-08-27 12:00:00,69.0,65.85527
Peguera / Cala Fornells,2025-08-27 13:00:00,57.0,53.99596
Peguera / Cala Fornells,2025-08-27 14:00:00,30.0,42.381943
Peguera / Cala Fornells,2025-08-27 15:00:00,36.0,37.11436
Peguera / Cala Fornells,2025-08-27 16:00:00,6.0,13.744054
Peguera / Cala Fornells,2025-08-27 17:00:00,10.0,11.905663
Peguera / Cala Fornells,2025-08-27 18:00:00,152.0,52.015385
Peguera / Cala Fornells,2025-08-27 19:00:00,271.0,85.1299
Peguera / Cala Fornells,2025-08-27 20:00:00,255.0,75.87483
Peguera / Cala Fornells,2025-08-28 08:00:00,92.0,67.45786
Peguera / Cala Fornells,2025-08-28 09:00:00,49.0,69.285194
Peguera / Cala Fornells,2025-08-28 10:00:00,66.0,90.70762
Peguera / Cala Fornells,2025-08-28 11:00:00,68.0,95.17936
Peguera / Cala Fornells,2025-08-28 12:00:00,58.0,81.4471
Peguera / Cala Fornells,2025-08-28 13:00:00,55.0,55.379086
Peguera / Cala Fornells,2025-08-28 14:00:00,28.0,49.7848
Peguera / Cala Fornells,2025-08-28 15:00:00,28.0,43.0578
Peguera / Cala Fornells,2025-08-28 16:00:00,7.0,17.158134
Peguera / Cala Fornells,2025-08-28 17:00:00,5.0,8.932276
Peguera / Cala Fornells,2025-08-28 18:00:00,22.0,45.965416
Peguera / Cala Fornells,2025-08-28 19:00:00,50.0,52.64551
Peguera / Cala Fornells,2025-08-28 20:00:00,68.0,73.24261
Peguera / Cala Fornells,2025-08-29 08:00:00,41.0,71.70686
Peguera / Cala Fornells,2025-08-29 09:00:00,51.0,80.83752
Peguera / Cala Fornells,2025-08-29 10:00:00,40.0,128.70184
Peguera / Cala Fornells,2025-08-29 11:00:00,53.0,82.7263
Peguera / Cala Fornells,2025-08-29 12:00:00,34.0,67.074684
Peguera / Cala Fornells,2025-08-29 13:00:00,51.0,49.512432
Peguera / Cala Fornells,2025-08-29 14:00:00,26.0,45.205376
Peguera / Cala Fornells,2025-08-29 15:00:00,26.0,41.00383
Peguera / Cala Fornells,2025-08-29 16:00:00,6.0,17.54121
Peguera / Cala Fornells,2025-08-29 17:00:00,5.0,13.829402
Peguera / Cala Fornells,2025-08-29 18:00:00,29.0,54.29099
Peguera / Cala Fornells,2025-08-29 19:00:00,38.0,87.14431
Peguera / Cala Fornells,2025-08-29 20:00:00,39.0,96.42175
Peguera / Cala Fornells,2025-08-30 08:00:00,35.0,102.07177
Peguera / Cala Fornells,2025-08-30 09:00:00,28.0,89.627335
Peguera / Cala Fornells,2025-08-30 10:00:00,48.0,117.86587
Peguera / Cala Fornells,2025-08-30 11:00:00,89.0,131.62468
Peguera / Cala Fornells,2025-08-30 12:00:00,68.0,125.51929
Peguera / Cala Fornells,2025-08-30 13:00:00,46.0,109.185715
Peguera / Cala Fornells,2025-08-30 14:00:00,37.0,88.12754
Peguera / Cala Fornells,2025-08-30 15:00:00,33.0,70.8442
Peguera / Cala Fornells,2025-08-30 16:00:00,5.0,25.741917
Peguera / Cala Fornells,2025-08-30 17:00:00,7.0,26.47637
Peguera / Cala Fornells,2025-08-30 18:00:00,25.0,60.12379
Peguera / Cala Fornells,2025-08-30 19:00:00,21.0,80.455696
Peguera / Cala Fornells,2025-08-30 20:00:00,30.0,44.82801
Peguera Platja Torà,2025-06-01 08:00:00,157.0,169.00534
Peguera Platja Torà,2025-06-01 09:00:00,113.0,137.99095
Peguera Platja Torà,2025-06-01 10:00:00,154.0,163.36778
Peguera Platja Torà,2025-06-01 11:00:00,108.0,183.23865
Peguera Platja Torà,2025-06-01 12:00:00,91.0,167.16846
Peguera Platja Torà,2025-06-01 13:00:00,100.0,134.98578
Peguera Platja Torà,2025-06-01 14:00:00,69.0,126.955315
Peguera Platja Torà,2025-06-01 15:00:00,55.0,84.91273
Peguera Platja Torà,2025-06-01 16:00:00,45.0,77.19809
Peguera Platja Torà,2025-06-01 17:00:00,11.0,-3.19995
Peguera Platja Torà,2025-06-01 18:00:00,102.0,124.41086
Peguera Platja Torà,2025-06-01 19:00:00,157.0,132.64908
Peguera Platja Torà,2025-06-01 20:00:00,103.0,150.29752
Peguera Platja Torà,2025-06-02 08:00:00,124.0,169.29349
Peguera Platja Torà,2025-06-02 09:00:00,111.0,130.2231
Peguera Platja Torà,2025-06-02 10:00:00,103.0,124.8217
Peguera Platja Torà,2025-06-02 11:00:00,89.0,147.65694
Peguera Platja Torà,2025-06-02 12:00:00,65.0,137.93852
Peguera Platja Torà,2025-06-02 13:00:00,65.0,129.43163
Peguera Platja Torà,2025-06-02 14:00:00,63.0,102.4503
Peguera Platja Torà,2025-06-02 15:00:00,52.0,85.848465
Peguera Platja Torà,2025-06-02 16:00:00,49.0,85.40928
Peguera Platja Torà,2025-06-02 17:00:00,11.0,32.59391
Peguera Platja Torà,2025-06-02 18:00:00,104.0,89.32865
Peguera Platja Torà,2025-06-02 19:00:00,135.0,134.49918
Peguera Platja Torà,2025-06-02 20:00:00,125.0,132.11586
Peguera Platja Torà,2025-06-03 08:00:00,111.0,177.41809
Peguera Platja Torà,2025-06-03 09:00:00,107.0,180.02141
Peguera Platja Torà,2025-06-03 10:00:00,87.0,187.07228
Peguera Platja Torà,2025-06-03 11:00:00,86.0,157.24008
Peguera Platja Torà,2025-06-03 12:00:00,116.0,144.95888
Peguera Platja Torà,2025-06-03 13:00:00,59.0,144.59366
Peguera Platja Torà,2025-06-03 14:00:00,63.0,103.453735
Peguera Platja Torà,2025-06-03 15:00:00,46.0,89.649605
Peguera Platja Torà,2025-06-03 16:00:00,46.0,77.12446
Peguera Platja Torà,2025-06-03 17:00:00,11.0,28.669064
Peguera Platja Torà,2025-06-03 18:00:00,88.0,107.4568
Peguera Platja Torà,2025-06-03 19:00:00,118.0,105.97453
Peguera Platja Torà,2025-06-03 20:00:00,112.0,118.61311
Peguera Platja Torà,2025-06-04 08:00:00,90.0,136.77448
Peguera Platja Torà,2025-06-04 09:00:00,86.0,77.46742
Peguera Platja Torà,2025-06-04 10:00:00,84.0,157.6718
Peguera Platja Torà,2025-06-04 11:00:00,66.0,144.41882
Peguera Platja Torà,2025-06-04 12:00:00,107.0,136.26479
Peguera Platja Torà,2025-06-04 13:00:00,75.0,116.984314
Peguera Platja Torà,2025-06-04 14:00:00,50.0,99.5215
Peguera Platja Torà,2025-06-04 15:00:00,81.0,87.678276
Peguera Platja Torà,2025-06-04 16:00:00,54.0,79.38341
Peguera Platja Torà,2025-06-04 17:00:00,11.0,39.18739
Peguera Platja Torà,2025-06-04 18:00:00,122.0,95.617935
Peguera Platja Torà,2025-06-04 19:00:00,124.0,123.60832
Peguera Platja Torà,2025-06-04 20:00:00,165.0,128.35008
Peguera Platja Torà,2025-06-05 08:00:00,154.0,138.68648
Peguera Platja Torà,2025-06-05 09:00:00,98.0,116.02687
Peguera Platja Torà,2025-06-05 10:00:00,131.0,139.41475
Peguera Platja Torà,2025-06-05 11:00:00,127.0,152.2384
Peguera Platja Torà,2025-06-05 12:00:00,114.0,138.21829
Peguera Platja Torà,2025-06-05 13:00:00,92.0,129.01213
Peguera Platja Torà,2025-06-05 14:00:00,61.0,117.31083
Peguera Platja Torà,2025-06-05 15:00:00,52.0,98.319084
Peguera Platja Torà,2025-06-05 16:00:00,49.0,84.949905
Peguera Platja Torà,2025-06-05 17:00:00,10.0,37.06555
Peguera Platja Torà,2025-06-05 18:00:00,136.0,75.04586
Peguera Platja Torà,2025-06-05 19:00:00,185.0,100.20486
Peguera Platja Torà,2025-06-05 20:00:00,198.0,112.38646
Peguera Platja Torà,2025-06-06 08:00:00,160.0,151.07266
Peguera Platja Torà,2025-06-06 09:00:00,121.0,115.12026
Peguera Platja Torà,2025-06-06 10:00:00,113.0,143.78268
Peguera Platja Torà,2025-06-06 11:00:00,106.0,161.5695
Peguera Platja Torà,2025-06-06 12:00:00,116.0,144.13745
Peguera Platja Torà,2025-06-06 13:00:00,80.0,135.31552
Peguera Platja Torà,2025-06-06 14:00:00,68.0,128.73322
Peguera Platja Torà,2025-06-06 15:00:00,69.0,104.29196
Peguera Platja Torà,2025-06-06 16:00:00,40.0,89.160934
Peguera Platja Torà,2025-06-06 17:00:00,10.0,55.453426
Peguera Platja Torà,2025-06-06 18:00:00,122.0,80.00064
Peguera Platja Torà,2025-06-06 19:00:00,111.0,95.11473
Peguera Platja Torà,2025-06-06 20:00:00,154.0,116.076904
Peguera Platja Torà,2025-06-07 08:00:00,121.0,142.5844
Peguera Platja Torà,2025-06-07 09:00:00,128.0,109.923965
Peguera Platja Torà,2025-06-07 10:00:00,159.0,121.59872
Peguera Platja Torà,2025-06-07 11:00:00,146.0,132.09877
Peguera Platja Torà,2025-06-07 12:00:00,98.0,129.14722
Peguera Platja Torà,2025-06-07 13:00:00,89.0,114.10599
Peguera Platja Torà,2025-06-07 14:00:00,65.0,111.2727
Peguera Platja Torà,2025-06-07 15:00:00,63.0,92.413414
Peguera Platja Torà,2025-06-07 16:00:00,49.0,79.70307
Peguera Platja Torà,2025-06-07 17:00:00,12.0,38.831654
Peguera Platja Torà,2025-06-07 18:00:00,130.0,101.754974
Peguera Platja Torà,2025-06-07 19:00:00,163.0,102.455666
Peguera Platja Torà,2025-06-07 20:00:00,136.0,109.04299
Peguera Platja Torà,2025-06-08 08:00:00,128.0,125.07786
Peguera Platja Torà,2025-06-08 09:00:00,120.0,108.30409
Peguera Platja Torà,2025-06-08 10:00:00,133.0,138.90836
Peguera Platja Torà,2025-06-08 11:00:00,106.0,137.33311
Peguera Platja Torà,2025-06-08 12:00:00,101.0,164.96542
Peguera Platja Torà,2025-06-08 13:00:00,70.0,130.3082
Peguera Platja Torà,2025-06-08 14:00:00,73.0,115.58363
Peguera Platja Torà,2025-06-08 15:00:00,56.0,104.60002
Peguera Platja Torà,2025-06-08 16:00:00,57.0,81.74626
Peguera Platja Torà,2025-06-08 17:00:00,10.0,55.726715
Peguera Platja Torà,2025-06-08 18:00:00,105.0,145.77863
Peguera Platja Torà,2025-06-08 19:00:00,126.0,119.936775
Peguera Platja Torà,2025-06-08 20:00:00,165.0,151.94339
Peguera Platja Torà,2025-06-09 08:00:00,124.0,161.08101
Peguera Platja Torà,2025-06-09 09:00:00,159.0,140.72913
Peguera Platja Torà,2025-06-09 10:00:00,165.0,139.45428
Peguera Platja Torà,2025-06-09 11:00:00,144.0,146.19705
Peguera Platja Torà,2025-06-09 12:00:00,120.0,153.86568
Peguera Platja Torà,2025-06-09 13:00:00,80.0,151.17755
Peguera Platja Torà,2025-06-09 14:00:00,57.0,120.21091
Peguera Platja Torà,2025-06-09 15:00:00,50.0,89.51642
Peguera Platja Torà,2025-06-09 16:00:00,46.0,85.573006
Peguera Platja Torà,2025-06-09 17:00:00,9.0,49.24133
Peguera Platja Torà,2025-06-09 18:00:00,142.0,107.12162
Peguera Platja Torà,2025-06-09 19:00:00,185.0,127.39448
Peguera Platja Torà,2025-06-09 20:00:00,200.0,138.51402
Peguera Platja Torà,2025-06-10 08:00:00,169.0,163.16582
Peguera Platja Torà,2025-06-10 09:00:00,148.0,136.50777
Peguera Platja Torà,2025-06-10 10:00:00,158.0,146.8194
Peguera Platja Torà,2025-06-10 11:00:00,157.0,142.60042
Peguera Platja Torà,2025-06-10 12:00:00,115.0,141.4029
Peguera Platja Torà,2025-06-10 13:00:00,101.0,132.8478
Peguera Platja Torà,2025-06-10 14:00:00,78.0,113.29913
Peguera Platja Torà,2025-06-10 15:00:00,57.0,98.98679
Peguera Platja Torà,2025-06-10 16:00:00,70.0,91.24224
Peguera Platja Torà,2025-06-10 17:00:00,14.0,61.366623
Peguera Platja Torà,2025-06-10 18:00:00,98.0,112.567444
Peguera Platja Torà,2025-06-10 19:00:00,138.0,126.15866
Peguera Platja Torà,2025-06-10 20:00:00,125.0,131.33167
Peguera Platja Torà,2025-06-11 08:00:00,146.0,151.90744
Peguera Platja Torà,2025-06-11 09:00:00,137.0,117.331245
Peguera Platja Torà,2025-06-11 10:00:00,136.0,150.66618
Peguera Platja Torà,2025-06-11 11:00:00,155.0,147.01596
Peguera Platja Torà,2025-06-11 12:00:00,147.0,137.58923
Peguera Platja Torà,2025-06-11 13:00:00,120.0,130.71674
Peguera Platja Torà,2025-06-11 14:00:00,89.0,100.94633
Peguera Platja Torà,2025-06-11 15:00:00,54.0,84.14474
Peguera Platja Torà,2025-06-11 16:00:00,71.0,67.07378
Peguera Platja Torà,2025-06-11 17:00:00,52.0,37.985886
Peguera Platja Torà,2025-06-11 18:00:00,95.0,103.08
Peguera Platja Torà,2025-06-11 19:00:00,137.0,123.8285
Peguera Platja Torà,2025-06-11 20:00:00,158.0,144.36584
Peguera Platja Torà,2025-06-12 08:00:00,169.0,142.72865
Peguera Platja Torà,2025-06-12 09:00:00,151.0,110.59583
Peguera Platja Torà,2025-06-12 10:00:00,143.0,138.22406
Peguera Platja Torà,2025-06-12 11:00:00,180.0,142.10667
Peguera Platja Torà,2025-06-12 12:00:00,176.0,140.29677
Peguera Platja Torà,2025-06-12 13:00:00,120.0,131.30295
Peguera Platja Torà,2025-06-12 14:00:00,111.0,105.96878
Peguera Platja Torà,2025-06-12 15:00:00,67.0,91.026726
Peguera Platja Torà,2025-06-12 16:00:00,75.0,74.75064
Peguera Platja Torà,2025-06-12 17:00:00,20.0,33.67449
Peguera Platja Torà,2025-06-12 18:00:00,128.0,100.13483
Peguera Platja Torà,2025-06-12 19:00:00,153.0,132.02548
Peguera Platja Torà,2025-06-12 20:00:00,155.0,143.44817
Peguera Platja Torà,2025-06-13 08:00:00,197.0,152.46844
Peguera Platja Torà,2025-06-13 09:00:00,142.0,107.73722
Peguera Platja Torà,2025-06-13 10:00:00,182.0,129.52527
Peguera Platja Torà,2025-06-13 11:00:00,170.0,138.9323
Peguera Platja Torà,2025-06-13 12:00:00,178.0,134.75893
Peguera Platja Torà,2025-06-13 13:00:00,120.0,115.76013
Peguera Platja Torà,2025-06-13 14:00:00,105.0,92.05407
Peguera Platja Torà,2025-06-13 15:00:00,86.0,72.60483
Peguera Platja Torà,2025-06-13 16:00:00,65.0,70.400314
Peguera Platja Torà,2025-06-13 17:00:00,16.0,36.856316
Peguera Platja Torà,2025-06-13 18:00:00,106.0,81.63049
Peguera Platja Torà,2025-06-13 19:00:00,195.0,95.403404
Peguera Platja Torà,2025-06-13 20:00:00,145.0,104.423454
Peguera Platja Torà,2025-06-14 08:00:00,147.0,113.000725
Peguera Platja Torà,2025-06-14 09:00:00,164.0,87.02164
Peguera Platja Torà,2025-06-14 10:00:00,158.0,108.09393
Peguera Platja Torà,2025-06-14 11:00:00,179.0,123.69621
Peguera Platja Torà,2025-06-14 12:00:00,110.0,112.1153
Peguera Platja Torà,2025-06-14 13:00:00,86.0,110.60641
Peguera Platja Torà,2025-06-14 14:00:00,91.0,98.58335
Peguera Platja Torà,2025-06-14 15:00:00,69.0,85.048485
Peguera Platja Torà,2025-06-14 16:00:00,53.0,74.931244
Peguera Platja Torà,2025-06-14 17:00:00,64.0,33.276005
Peguera Platja Torà,2025-06-14 18:00:00,106.0,69.68809
Peguera Platja Torà,2025-06-14 19:00:00,143.0,93.572525
Peguera Platja Torà,2025-06-14 20:00:00,166.0,112.70843
Peguera Platja Torà,2025-06-15 08:00:00,145.0,124.448456
Peguera Platja Torà,2025-06-15 09:00:00,130.0,102.53312
Peguera Platja Torà,2025-06-15 10:00:00,155.0,145.1533
Peguera Platja Torà,2025-06-15 11:00:00,123.0,165.99094
Peguera Platja Torà,2025-06-15 12:00:00,120.0,121.059814
Peguera Platja Torà,2025-06-15 13:00:00,91.0,124.46024
Peguera Platja Torà,2025-06-15 14:00:00,74.0,113.2368
Peguera Platja Torà,2025-06-15 15:00:00,63.0,102.472084
Peguera Platja Torà,2025-06-15 16:00:00,69.0,87.42637
Peguera Platja Torà,2025-06-15 17:00:00,49.0,47.367157
Peguera Platja Torà,2025-06-15 18:00:00,91.0,70.17633
Peguera Platja Torà,2025-06-15 19:00:00,139.0,110.178764
Peguera Platja Torà,2025-06-15 20:00:00,163.0,123.05422
Peguera Platja Torà,2025-06-16 08:00:00,142.0,148.22739
Peguera Platja Torà,2025-06-16 09:00:00,137.0,118.50796
Peguera Platja Torà,2025-06-16 10:00:00,130.0,134.76352
Peguera Platja Torà,2025-06-16 11:00:00,147.0,169.48222
Peguera Platja Torà,2025-06-16 12:00:00,124.0,136.08128
Peguera Platja Torà,2025-06-16 13:00:00,95.0,129.19547
Peguera Platja Torà,2025-06-16 14:00:00,73.0,121.14947
Peguera Platja Torà,2025-06-16 15:00:00,65.0,98.8996
Peguera Platja Torà,2025-06-16 16:00:00,73.0,77.36101
Peguera Platja Torà,2025-06-16 17:00:00,36.0,38.757103
Peguera Platja Torà,2025-06-16 18:00:00,107.0,66.35902
Peguera Platja Torà,2025-06-16 19:00:00,136.0,93.56992
Peguera Platja Torà,2025-06-16 20:00:00,148.0,124.072075
Peguera Platja Torà,2025-06-17 08:00:00,126.0,148.3249
Peguera Platja Torà,2025-06-17 09:00:00,171.0,122.501755
Peguera Platja Torà,2025-06-17 10:00:00,139.0,162.84415
Peguera Platja Torà,2025-06-17 11:00:00,145.0,148.98602
Peguera Platja Torà,2025-06-17 12:00:00,152.0,137.6147
Peguera Platja Torà,2025-06-17 13:00:00,132.0,146.01353
Peguera Platja Torà,2025-06-17 14:00:00,79.0,123.11053
Peguera Platja Torà,2025-06-17 15:00:00,88.0,117.43173
Peguera Platja Torà,2025-06-17 16:00:00,121.0,83.07688
Peguera Platja Torà,2025-06-17 17:00:00,26.0,47.00309
Peguera Platja Torà,2025-06-17 18:00:00,103.0,74.87744
Peguera Platja Torà,2025-06-17 19:00:00,147.0,94.59895
Peguera Platja Torà,2025-06-17 20:00:00,175.0,106.21884
Peguera Platja Torà,2025-06-18 08:00:00,183.0,139.47386
Peguera Platja Torà,2025-06-18 09:00:00,194.0,120.10691
Peguera Platja Torà,2025-06-18 10:00:00,191.0,137.8538
Peguera Platja Torà,2025-06-18 11:00:00,191.0,155.36333
Peguera Platja Torà,2025-06-18 12:00:00,172.0,126.24043
Peguera Platja Torà,2025-06-18 13:00:00,150.0,122.862816
Peguera Platja Torà,2025-06-18 14:00:00,118.0,114.99155
Peguera Platja Torà,2025-06-18 15:00:00,75.0,96.22293
Peguera Platja Torà,2025-06-18 16:00:00,97.0,77.974
Peguera Platja Torà,2025-06-18 17:00:00,50.0,40.21655
Peguera Platja Torà,2025-06-18 18:00:00,130.0,72.53371
Peguera Platja Torà,2025-06-18 19:00:00,161.0,115.87196
Peguera Platja Torà,2025-06-18 20:00:00,193.0,111.754005
Peguera Platja Torà,2025-06-19 08:00:00,188.0,138.62776
Peguera Platja Torà,2025-06-19 09:00:00,161.0,121.047134
Peguera Platja Torà,2025-06-19 10:00:00,196.0,161.35387
Peguera Platja Torà,2025-06-19 11:00:00,234.0,183.31436
Peguera Platja Torà,2025-06-19 12:00:00,188.0,138.20456
Peguera Platja Torà,2025-06-19 13:00:00,168.0,136.24045
Peguera Platja Torà,2025-06-19 14:00:00,135.0,132.15291
Peguera Platja Torà,2025-06-19 15:00:00,96.0,119.63057
Peguera Platja Torà,2025-06-19 16:00:00,208.0,111.50449
Peguera Platja Torà,2025-06-19 17:00:00,45.0,72.24621
Peguera Platja Torà,2025-06-19 18:00:00,129.0,107.62533
Peguera Platja Torà,2025-06-19 19:00:00,154.0,115.26263
Peguera Platja Torà,2025-06-19 20:00:00,174.0,135.65515
Peguera Platja Torà,2025-06-20 08:00:00,210.0,151.41478
Peguera Platja Torà,2025-06-20 09:00:00,182.0,128.17267
Peguera Platja Torà,2025-06-20 10:00:00,198.0,168.36389
Peguera Platja Torà,2025-06-20 11:00:00,187.0,169.17883
Peguera Platja Torà,2025-06-20 12:00:00,219.0,154.21667
Peguera Platja Torà,2025-06-20 13:00:00,146.0,148.1283
Peguera Platja Torà,2025-06-20 14:00:00,139.0,145.0408
Peguera Platja Torà,2025-06-20 15:00:00,112.0,127.776726
Peguera Platja Torà,2025-06-20 16:00:00,159.0,118.76811
Peguera Platja Torà,2025-06-20 17:00:00,55.0,72.011246
Peguera Platja Torà,2025-06-20 18:00:00,126.0,55.910843
Peguera Platja Torà,2025-06-20 19:00:00,166.0,100.42256
Peguera Platja Torà,2025-06-20 20:00:00,158.0,117.932884
Peguera Platja Torà,2025-06-21 08:00:00,171.0,132.5733
Peguera Platja Torà,2025-06-21 09:00:00,191.0,114.880394
Peguera Platja Torà,2025-06-21 10:00:00,149.0,140.18895
Peguera Platja Torà,2025-06-21 11:00:00,139.0,137.37807
Peguera Platja Torà,2025-06-21 12:00:00,185.0,147.1713
Peguera Platja Torà,2025-06-21 13:00:00,110.0,139.07368
Peguera Platja Torà,2025-06-21 14:00:00,90.0,126.04349
Peguera Platja Torà,2025-06-21 15:00:00,203.0,108.591415
Peguera Platja Torà,2025-06-21 16:00:00,29.0,69.30278
Peguera Platja Torà,2025-06-21 17:00:00,130.0,59.75796
Peguera Platja Torà,2025-06-21 18:00:00,132.0,74.898834
Peguera Platja Torà,2025-06-21 19:00:00,163.0,113.559006
Peguera Platja Torà,2025-06-21 20:00:00,190.0,116.88116
Peguera Platja Torà,2025-06-22 08:00:00,198.0,140.2604
Peguera Platja Torà,2025-06-22 09:00:00,199.0,155.33702
Peguera Platja Torà,2025-06-22 10:00:00,211.0,146.16809
Peguera Platja Torà,2025-06-22 11:00:00,164.0,147.88612
Peguera Platja Torà,2025-06-22 12:00:00,114.0,131.03589
Peguera Platja Torà,2025-06-22 13:00:00,105.0,145.29639
Peguera Platja Torà,2025-06-22 14:00:00,90.0,122.63017
Peguera Platja Torà,2025-06-22 15:00:00,82.0,116.20871
Peguera Platja Torà,2025-06-22 16:00:00,55.0,89.21528
Peguera Platja Torà,2025-06-22 17:00:00,109.0,59.836334
Peguera Platja Torà,2025-06-22 18:00:00,135.0,85.54836
Peguera Platja Torà,2025-06-22 19:00:00,135.0,116.02806
Peguera Platja Torà,2025-06-22 20:00:00,151.0,139.44373
Peguera Platja Torà,2025-06-23 08:00:00,156.0,146.49199
Peguera Platja Torà,2025-06-23 09:00:00,163.0,142.5461
Peguera Platja Torà,2025-06-23 10:00:00,179.0,152.50551
Peguera Platja Torà,2025-06-23 11:00:00,181.0,141.613
Peguera Platja Torà,2025-06-23 12:00:00,110.0,136.8152
Peguera Platja Torà,2025-06-23 13:00:00,110.0,136.91998
Peguera Platja Torà,2025-06-23 14:00:00,87.0,129.73618
Peguera Platja Torà,2025-06-23 15:00:00,150.0,112.81818
Peguera Platja Torà,2025-06-23 16:00:00,60.0,81.60414
Peguera Platja Torà,2025-06-23 17:00:00,96.0,49.481033
Peguera Platja Torà,2025-06-23 18:00:00,130.0,83.795906
Peguera Platja Torà,2025-06-23 19:00:00,166.0,107.05571
Peguera Platja Torà,2025-06-23 20:00:00,183.0,115.78908
Peguera Platja Torà,2025-06-24 08:00:00,178.0,128.83818
Peguera Platja Torà,2025-06-24 09:00:00,199.0,145.69987
Peguera Platja Torà,2025-06-24 10:00:00,248.0,146.11868
Peguera Platja Torà,2025-06-24 11:00:00,179.0,136.76709
Peguera Platja Torà,2025-06-24 12:00:00,125.0,133.99284
Peguera Platja Torà,2025-06-24 13:00:00,94.0,139.37451
Peguera Platja Torà,2025-06-24 14:00:00,93.0,131.7064
Peguera Platja Torà,2025-06-24 15:00:00,109.0,125.607056
Peguera Platja Torà,2025-06-24 16:00:00,67.0,80.468506
Peguera Platja Torà,2025-06-24 17:00:00,93.0,56.758743
Peguera Platja Torà,2025-06-24 18:00:00,161.0,83.2857
Peguera Platja Torà,2025-06-24 19:00:00,171.0,112.71742
Peguera Platja Torà,2025-06-24 20:00:00,151.0,123.44202
Peguera Platja Torà,2025-06-25 08:00:00,136.0,131.00569
Peguera Platja Torà,2025-06-25 09:00:00,141.0,137.49336
Peguera Platja Torà,2025-06-25 10:00:00,151.0,142.5666
Peguera Platja Torà,2025-06-25 11:00:00,165.0,133.60512
Peguera Platja Torà,2025-06-25 12:00:00,124.0,132.69441
Peguera Platja Torà,2025-06-25 13:00:00,101.0,141.22191
Peguera Platja Torà,2025-06-25 14:00:00,82.0,125.93707
Peguera Platja Torà,2025-06-25 15:00:00,165.0,117.10699
Peguera Platja Torà,2025-06-25 16:00:00,38.0,79.225426
Peguera Platja Torà,2025-06-25 17:00:00,124.0,49.118435
Peguera Platja Torà,2025-06-25 18:00:00,126.0,87.56446
Peguera Platja Torà,2025-06-25 19:00:00,189.0,104.66529
Peguera Platja Torà,2025-06-25 20:00:00,186.0,122.95589
Peguera Platja Torà,2025-06-26 08:00:00,140.0,126.93822
Peguera Platja Torà,2025-06-26 09:00:00,144.0,141.49026
Peguera Platja Torà,2025-06-26 10:00:00,129.0,155.2489
Peguera Platja Torà,2025-06-26 11:00:00,136.0,118.65797
Peguera Platja Torà,2025-06-26 12:00:00,132.0,123.3954
Peguera Platja Torà,2025-06-26 13:00:00,90.0,142.09206
Peguera Platja Torà,2025-06-26 14:00:00,100.0,136.66724
Peguera Platja Torà,2025-06-26 15:00:00,92.0,118.82055
Peguera Platja Torà,2025-06-26 16:00:00,38.0,73.05295
Peguera Platja Torà,2025-06-26 17:00:00,101.0,45.199245
Peguera Platja Torà,2025-06-26 18:00:00,160.0,63.35412
Peguera Platja Torà,2025-06-26 19:00:00,204.0,99.42745
Peguera Platja Torà,2025-06-26 20:00:00,205.0,126.40527
Peguera Platja Torà,2025-06-27 08:00:00,186.0,140.2801
Peguera Platja Torà,2025-06-27 09:00:00,180.0,151.91737
Peguera Platja Torà,2025-06-27 10:00:00,218.0,173.92062
Peguera Platja Torà,2025-06-27 11:00:00,148.0,166.01668
Peguera Platja Torà,2025-06-27 12:00:00,161.0,154.87195
Peguera Platja Torà,2025-06-27 13:00:00,107.0,159.13521
Peguera Platja Torà,2025-06-27 14:00:00,78.0,157.7974
Peguera Platja Torà,2025-06-27 15:00:00,138.0,144.91046
Peguera Platja Torà,2025-06-27 16:00:00,40.0,85.54883
Peguera Platja Torà,2025-06-27 17:00:00,113.0,55.911266
Peguera Platja Torà,2025-06-27 18:00:00,166.0,88.520706
Peguera Platja Torà,2025-06-27 19:00:00,158.0,100.11576
Peguera Platja Torà,2025-06-27 20:00:00,169.0,114.449936
Peguera Platja Torà,2025-06-28 08:00:00,164.0,139.94492
Peguera Platja Torà,2025-06-28 09:00:00,199.0,147.99971
Peguera Platja Torà,2025-06-28 10:00:00,154.0,152.92903
Peguera Platja Torà,2025-06-28 11:00:00,149.0,155.11786
Peguera Platja Torà,2025-06-28 12:00:00,104.0,141.73244
Peguera Platja Torà,2025-06-28 13:00:00,101.0,131.97888
Peguera Platja Torà,2025-06-28 14:00:00,197.0,125.15876
Peguera Platja Torà,2025-06-28 15:00:00,67.0,135.98586
Peguera Platja Torà,2025-06-28 16:00:00,10.0,96.274345
Peguera Platja Torà,2025-06-28 17:00:00,78.0,64.314705
Peguera Platja Torà,2025-06-28 18:00:00,72.0,86.895515
Peguera Platja Torà,2025-06-28 19:00:00,112.0,64.684784
Peguera Platja Torà,2025-06-28 20:00:00,100.0,112.39768
Peguera Platja Torà,2025-06-29 08:00:00,80.0,110.89084
Peguera Platja Torà,2025-06-29 09:00:00,117.0,203.13226
Peguera Platja Torà,2025-06-29 10:00:00,93.0,187.23116
Peguera Platja Torà,2025-06-29 11:00:00,88.0,170.14662
Peguera Platja Torà,2025-06-29 12:00:00,59.0,163.56723
Peguera Platja Torà,2025-06-29 13:00:00,58.0,152.55328
Peguera Platja Torà,2025-06-29 14:00:00,117.0,142.65668
Peguera Platja Torà,2025-06-29 15:00:00,60.0,103.6697
Peguera Platja Torà,2025-06-29 16:00:00,10.0,73.03066
Peguera Platja Torà,2025-06-29 17:00:00,129.0,121.55029
Peguera Platja Torà,2025-06-29 18:00:00,168.0,159.39767
Peguera Platja Torà,2025-06-29 19:00:00,174.0,151.00674
Peguera Platja Torà,2025-06-29 20:00:00,191.0,214.49977
Peguera Platja Torà,2025-06-30 08:00:00,221.0,177.61661
Peguera Platja Torà,2025-06-30 09:00:00,163.0,215.25635
Peguera Platja Torà,2025-06-30 10:00:00,212.0,211.5073
Peguera Platja Torà,2025-06-30 11:00:00,180.0,208.9432
Peguera Platja Torà,2025-06-30 12:00:00,131.0,183.06284
Peguera Platja Torà,2025-06-30 13:00:00,84.0,139.15053
Peguera Platja Torà,2025-06-30 14:00:00,102.0,118.3384
Peguera Platja Torà,2025-06-30 15:00:00,100.0,94.04657
Peguera Platja Torà,2025-06-30 17:00:00,9.0,47.854267
Peguera Platja Torà,2025-06-30 18:00:00,102.0,100.64727
Peguera Platja Torà,2025-06-30 19:00:00,108.0,119.56691
Peguera Platja Torà,2025-06-30 20:00:00,179.0,155.22316
Peguera Platja Torà,2025-07-01 08:00:00,186.0,172.57306
Peguera Platja Torà,2025-07-01 09:00:00,165.0,179.70581
Peguera Platja Torà,2025-07-01 10:00:00,203.0,192.86224
Peguera Platja Torà,2025-07-01 11:00:00,231.0,204.24988
Peguera Platja Torà,2025-07-01 12:00:00,221.0,204.22797
Peguera Platja Torà,2025-07-01 13:00:00,132.0,177.53384
Peguera Platja Torà,2025-07-01 14:00:00,104.0,168.06252
Peguera Platja Torà,2025-07-01 15:00:00,97.0,156.9915
Peguera Platja Torà,2025-07-01 16:00:00,102.0,115.955795
Peguera Platja Torà,2025-07-01 17:00:00,11.0,70.774155
Peguera Platja Torà,2025-07-01 18:00:00,135.0,112.160484
Peguera Platja Torà,2025-07-01 19:00:00,198.0,112.85429
Peguera Platja Torà,2025-07-01 20:00:00,180.0,155.92905
Peguera Platja Torà,2025-07-02 08:00:00,166.0,171.21278
Peguera Platja Torà,2025-07-02 09:00:00,216.0,179.83107
Peguera Platja Torà,2025-07-02 10:00:00,189.0,232.44916
Peguera Platja Torà,2025-07-02 11:00:00,140.0,215.46689
Peguera Platja Torà,2025-07-02 12:00:00,76.0,156.3344
Peguera Platja Torà,2025-07-02 13:00:00,102.0,116.75992
Peguera Platja Torà,2025-07-02 14:00:00,81.0,96.934944
Peguera Platja Torà,2025-07-02 15:00:00,9.0,54.617847
Peguera Platja Torà,2025-07-02 16:00:00,126.0,54.837845
Peguera Platja Torà,2025-07-02 17:00:00,182.0,73.61695
Peguera Platja Torà,2025-07-02 18:00:00,175.0,114.294174
Peguera Platja Torà,2025-07-02 19:00:00,155.0,132.11961
Peguera Platja Torà,2025-07-02 20:00:00,188.0,182.58713
Peguera Platja Torà,2025-07-03 08:00:00,133.0,185.0377
Peguera Platja Torà,2025-07-03 09:00:00,101.0,165.62785
Peguera Platja Torà,2025-07-03 10:00:00,108.0,183.86253
Peguera Platja Torà,2025-07-03 11:00:00,100.0,186.44504
Peguera Platja Torà,2025-07-03 12:00:00,78.0,153.89095
Peguera Platja Torà,2025-07-03 13:00:00,87.0,142.25465
Peguera Platja Torà,2025-07-03 14:00:00,74.0,100.295166
Peguera Platja Torà,2025-07-03 15:00:00,10.0,16.840073
Peguera Platja Torà,2025-07-03 16:00:00,111.0,114.27976
Peguera Platja Torà,2025-07-03 17:00:00,176.0,127.086754
Peguera Platja Torà,2025-07-03 18:00:00,260.0,135.53488
Peguera Platja Torà,2025-07-03 19:00:00,183.0,145.75594
Peguera Platja Torà,2025-07-03 20:00:00,212.0,168.53578
Peguera Platja Torà,2025-07-04 08:00:00,185.0,171.5012
Peguera Platja Torà,2025-07-04 09:00:00,197.0,176.71558
Peguera Platja Torà,2025-07-04 10:00:00,186.0,198.37355
Peguera Platja Torà,2025-07-04 11:00:00,159.0,185.11214
Peguera Platja Torà,2025-07-04 12:00:00,98.0,189.84355
Peguera Platja Torà,2025-07-04 13:00:00,90.0,199.74878
Peguera Platja Torà,2025-07-04 14:00:00,88.0,121.4954
Peguera Platja Torà,2025-07-04 15:00:00,9.0,39.300514
Peguera Platja Torà,2025-07-04 16:00:00,99.0,50.943848
Peguera Platja Torà,2025-07-04 17:00:00,125.0,88.1623
Peguera Platja Torà,2025-07-04 18:00:00,171.0,94.8378
Peguera Platja Torà,2025-07-04 19:00:00,151.0,116.03647
Peguera Platja Torà,2025-07-04 20:00:00,171.0,153.99779
Peguera Platja Torà,2025-07-05 08:00:00,141.0,157.22183
Peguera Platja Torà,2025-07-05 09:00:00,131.0,160.40063
Peguera Platja Torà,2025-07-05 10:00:00,121.0,145.48781
Peguera Platja Torà,2025-07-05 11:00:00,81.0,150.42747
Peguera Platja Torà,2025-07-05 12:00:00,80.0,164.68668
Peguera Platja Torà,2025-07-05 13:00:00,65.0,150.89038
Peguera Platja Torà,2025-07-05 14:00:00,67.0,122.91286
Peguera Platja Torà,2025-07-05 15:00:00,9.0,40.576324
Peguera Platja Torà,2025-07-05 16:00:00,131.0,85.27234
Peguera Platja Torà,2025-07-05 17:00:00,164.0,96.306305
Peguera Platja Torà,2025-07-05 18:00:00,141.0,113.38485
Peguera Platja Torà,2025-07-05 19:00:00,176.0,111.41357
Peguera Platja Torà,2025-07-05 20:00:00,213.0,118.165306
Peguera Platja Torà,2025-07-06 08:00:00,218.0,143.41956
Peguera Platja Torà,2025-07-06 09:00:00,184.0,147.02863
Peguera Platja Torà,2025-07-06 10:00:00,196.0,142.27777
Peguera Platja Torà,2025-07-06 11:00:00,120.0,135.32916
Peguera Platja Torà,2025-07-06 12:00:00,118.0,135.87492
Peguera Platja Torà,2025-07-06 13:00:00,72.0,127.15947
Peguera Platja Torà,2025-07-06 14:00:00,72.0,120.44028
Peguera Platja Torà,2025-07-06 15:00:00,10.0,33.091614
Peguera Platja Torà,2025-07-06 16:00:00,122.0,84.508896
Peguera Platja Torà,2025-07-06 17:00:00,153.0,118.00712
Peguera Platja Torà,2025-07-06 18:00:00,192.0,130.32608
Peguera Platja Torà,2025-07-06 19:00:00,191.0,140.75067
Peguera Platja Torà,2025-07-06 20:00:00,228.0,171.24606
Peguera Platja Torà,2025-07-07 08:00:00,174.0,176.9188
Peguera Platja Torà,2025-07-07 09:00:00,215.0,173.24333
Peguera Platja Torà,2025-07-07 10:00:00,236.0,190.08156
Peguera Platja Torà,2025-07-07 11:00:00,154.0,176.28253
Peguera Platja Torà,2025-07-07 12:00:00,93.0,153.51869
Peguera Platja Torà,2025-07-07 13:00:00,96.0,117.865364
Peguera Platja Torà,2025-07-07 14:00:00,136.0,102.819916
Peguera Platja Torà,2025-07-07 15:00:00,10.0,30.31768
Peguera Platja Torà,2025-07-07 16:00:00,156.0,96.68225
Peguera Platja Torà,2025-07-07 17:00:00,169.0,107.22453
Peguera Platja Torà,2025-07-07 18:00:00,204.0,125.763084
Peguera Platja Torà,2025-07-07 19:00:00,182.0,190.47884
Peguera Platja Torà,2025-07-07 20:00:00,260.0,145.65556
Peguera Platja Torà,2025-07-08 08:00:00,218.0,160.13089
Peguera Platja Torà,2025-07-08 09:00:00,251.0,151.52283
Peguera Platja Torà,2025-07-08 10:00:00,193.0,150.09149
Peguera Platja Torà,2025-07-08 11:00:00,125.0,150.76926
Peguera Platja Torà,2025-07-08 12:00:00,93.0,133.22273
Peguera Platja Torà,2025-07-08 13:00:00,101.0,103.96953
Peguera Platja Torà,2025-07-08 14:00:00,96.0,89.03458
Peguera Platja Torà,2025-07-08 15:00:00,10.0,34.019043
Peguera Platja Torà,2025-07-08 16:00:00,134.0,90.471756
Peguera Platja Torà,2025-07-08 17:00:00,214.0,115.956085
Peguera Platja Torà,2025-07-08 18:00:00,191.0,143.63515
Peguera Platja Torà,2025-07-08 19:00:00,177.0,161.2127
Peguera Platja Torà,2025-07-08 20:00:00,223.0,157.05319
Peguera Platja Torà,2025-07-09 08:00:00,180.0,211.23253
Peguera Platja Torà,2025-07-09 09:00:00,247.0,192.4317
Peguera Platja Torà,2025-07-09 10:00:00,185.0,153.33969
Peguera Platja Torà,2025-07-09 11:00:00,131.0,138.36108
Peguera Platja Torà,2025-07-09 12:00:00,79.0,142.77779
Peguera Platja Torà,2025-07-09 13:00:00,93.0,128.26768
Peguera Platja Torà,2025-07-09 14:00:00,94.0,107.950005
Peguera Platja Torà,2025-07-09 15:00:00,9.0,63.609863
Peguera Platja Torà,2025-07-09 16:00:00,105.0,44.652763
Peguera Platja Torà,2025-07-09 17:00:00,159.0,88.51062
Peguera Platja Torà,2025-07-09 18:00:00,174.0,110.93413
Peguera Platja Torà,2025-07-09 19:00:00,211.0,119.236305
Peguera Platja Torà,2025-07-09 20:00:00,204.0,155.65964
Peguera Platja Torà,2025-07-10 08:00:00,264.0,190.29396
Peguera Platja Torà,2025-07-10 09:00:00,222.0,165.58914
Peguera Platja Torà,2025-07-10 10:00:00,213.0,169.75594
Peguera Platja Torà,2025-07-10 11:00:00,138.0,164.55919
Peguera Platja Torà,2025-07-10 12:00:00,89.0,157.55663
Peguera Platja Torà,2025-07-10 13:00:00,106.0,146.47467
Peguera Platja Torà,2025-07-10 14:00:00,136.0,115.46763
Peguera Platja Torà,2025-07-10 15:00:00,9.0,57.844654
Peguera Platja Torà,2025-07-10 16:00:00,110.0,71.041985
Peguera Platja Torà,2025-07-10 17:00:00,119.0,95.31315
Peguera Platja Torà,2025-07-10 18:00:00,139.0,125.50644
Peguera Platja Torà,2025-07-10 19:00:00,131.0,137.96988
Peguera Platja Torà,2025-07-10 20:00:00,136.0,144.05087
Peguera Platja Torà,2025-07-11 08:00:00,136.0,192.61569
Peguera Platja Torà,2025-07-11 09:00:00,170.0,199.01091
Peguera Platja Torà,2025-07-11 10:00:00,111.0,202.47827
Peguera Platja Torà,2025-07-11 11:00:00,80.0,186.05681
Peguera Platja Torà,2025-07-11 12:00:00,60.0,198.50578
Peguera Platja Torà,2025-07-11 15:00:00,89.0,163.37968
Peguera Platja Torà,2025-07-11 16:00:00,109.0,115.8432
Peguera Platja Torà,2025-07-11 17:00:00,9.0,43.779613
Peguera Platja Torà,2025-07-11 18:00:00,116.0,78.64168
Peguera Platja Torà,2025-07-11 19:00:00,143.0,94.17625
Peguera Platja Torà,2025-07-11 20:00:00,135.0,131.34988
Peguera Platja Torà,2025-07-12 08:00:00,142.0,146.16396
Peguera Platja Torà,2025-07-12 09:00:00,160.0,132.20207
Peguera Platja Torà,2025-07-12 10:00:00,218.0,178.738
Peguera Platja Torà,2025-07-12 11:00:00,215.0,168.49374
Peguera Platja Torà,2025-07-12 12:00:00,124.0,168.04832
Peguera Platja Torà,2025-07-12 13:00:00,95.0,163.83206
Peguera Platja Torà,2025-07-12 14:00:00,89.0,167.76668
Peguera Platja Torà,2025-07-12 15:00:00,65.0,111.900406
Peguera Platja Torà,2025-07-12 16:00:00,129.0,100.924
Peguera Platja Torà,2025-07-12 17:00:00,10.0,35.362495
Peguera Platja Torà,2025-07-12 18:00:00,143.0,79.29692
Peguera Platja Torà,2025-07-12 19:00:00,150.0,95.24127
Peguera Platja Torà,2025-07-12 20:00:00,168.0,116.501884
Peguera Platja Torà,2025-07-13 08:00:00,227.0,144.2176
Peguera Platja Torà,2025-07-13 09:00:00,277.0,114.95973
Peguera Platja Torà,2025-07-13 10:00:00,234.0,170.09183
Peguera Platja Torà,2025-07-13 11:00:00,209.0,180.855
Peguera Platja Torà,2025-07-13 12:00:00,142.0,185.87874
Peguera Platja Torà,2025-07-13 13:00:00,112.0,170.45465
Peguera Platja Torà,2025-07-13 14:00:00,81.0,152.76358
Peguera Platja Torà,2025-07-13 15:00:00,73.0,119.356125
Peguera Platja Torà,2025-07-13 16:00:00,79.0,99.131485
Peguera Platja Torà,2025-07-13 17:00:00,9.0,25.530535
Peguera Platja Torà,2025-07-13 18:00:00,88.0,69.57245
Peguera Platja Torà,2025-07-13 19:00:00,149.0,96.73549
Peguera Platja Torà,2025-07-13 20:00:00,171.0,136.33206
Peguera Platja Torà,2025-07-14 08:00:00,159.0,161.2794
Peguera Platja Torà,2025-07-14 09:00:00,201.0,142.15778
Peguera Platja Torà,2025-07-14 10:00:00,132.0,167.56157
Peguera Platja Torà,2025-07-14 11:00:00,177.0,155.73619
Peguera Platja Torà,2025-07-14 12:00:00,121.0,153.2998
Peguera Platja Torà,2025-07-14 13:00:00,90.0,132.56604
Peguera Platja Torà,2025-07-14 14:00:00,65.0,149.43144
Peguera Platja Torà,2025-07-14 15:00:00,70.0,110.17468
Peguera Platja Torà,2025-07-14 16:00:00,72.0,98.29946
Peguera Platja Torà,2025-07-14 17:00:00,10.0,31.630598
Peguera Platja Torà,2025-07-14 18:00:00,93.0,57.041973
Peguera Platja Torà,2025-07-14 19:00:00,174.0,100.79182
Peguera Platja Torà,2025-07-14 20:00:00,95.0,105.32306
Peguera Platja Torà,2025-07-15 08:00:00,82.0,138.7969
Peguera Platja Torà,2025-07-15 09:00:00,82.0,114.072464
Peguera Platja Torà,2025-07-15 10:00:00,72.0,71.21205
Peguera Platja Torà,2025-07-15 11:00:00,101.0,128.72896
Peguera Platja Torà,2025-07-15 12:00:00,59.0,123.83615
Peguera Platja Torà,2025-07-15 13:00:00,89.0,63.297012
Peguera Platja Torà,2025-07-15 14:00:00,82.0,76.419044
Peguera Platja Torà,2025-07-15 15:00:00,46.0,64.18815
Peguera Platja Torà,2025-07-15 16:00:00,40.0,67.84113
Peguera Platja Torà,2025-07-15 17:00:00,9.0,18.02854
Peguera Platja Torà,2025-07-15 18:00:00,71.0,83.15342
Peguera Platja Torà,2025-07-15 19:00:00,139.0,127.16623
Peguera Platja Torà,2025-07-15 20:00:00,180.0,150.91151
Peguera Platja Torà,2025-07-16 08:00:00,174.0,171.38162
Peguera Platja Torà,2025-07-16 09:00:00,147.0,171.019
Peguera Platja Torà,2025-07-16 10:00:00,145.0,193.73924
Peguera Platja Torà,2025-07-16 11:00:00,106.0,212.87802
Peguera Platja Torà,2025-07-16 12:00:00,75.0,189.42047
Peguera Platja Torà,2025-07-16 13:00:00,52.0,162.24355
Peguera Platja Torà,2025-07-16 14:00:00,66.0,130.682
Peguera Platja Torà,2025-07-16 15:00:00,87.0,88.99455
Peguera Platja Torà,2025-07-16 16:00:00,70.0,84.759636
Peguera Platja Torà,2025-07-16 17:00:00,10.0,21.259842
Peguera Platja Torà,2025-07-16 18:00:00,88.0,95.31756
Peguera Platja Torà,2025-07-16 19:00:00,138.0,121.87217
Peguera Platja Torà,2025-07-16 20:00:00,197.0,207.82776
Peguera Platja Torà,2025-07-17 08:00:00,229.0,185.9439
Peguera Platja Torà,2025-07-17 09:00:00,227.0,173.49663
Peguera Platja Torà,2025-07-17 10:00:00,326.0,186.8605
Peguera Platja Torà,2025-07-17 11:00:00,238.0,210.08237
Peguera Platja Torà,2025-07-17 12:00:00,203.0,195.23442
Peguera Platja Torà,2025-07-17 13:00:00,102.0,159.96985
Peguera Platja Torà,2025-07-17 14:00:00,79.0,132.31888
Peguera Platja Torà,2025-07-17 15:00:00,112.0,102.46226
Peguera Platja Torà,2025-07-17 16:00:00,85.0,114.031944
Peguera Platja Torà,2025-07-17 17:00:00,9.0,91.73518
Peguera Platja Torà,2025-07-17 18:00:00,151.0,125.65502
Peguera Platja Torà,2025-07-17 19:00:00,184.0,152.50406
Peguera Platja Torà,2025-07-17 20:00:00,254.0,220.4803
Peguera Platja Torà,2025-07-18 08:00:00,224.0,204.37204
Peguera Platja Torà,2025-07-18 09:00:00,288.0,261.95142
Peguera Platja Torà,2025-07-18 10:00:00,264.0,260.22052
Peguera Platja Torà,2025-07-18 11:00:00,240.0,252.17975
Peguera Platja Torà,2025-07-18 12:00:00,198.0,219.0442
Peguera Platja Torà,2025-07-18 13:00:00,121.0,173.72704
Peguera Platja Torà,2025-07-18 14:00:00,95.0,130.12349
Peguera Platja Torà,2025-07-18 15:00:00,111.0,129.3775
Peguera Platja Torà,2025-07-18 16:00:00,126.0,93.35665
Peguera Platja Torà,2025-07-18 17:00:00,9.0,26.561953
Peguera Platja Torà,2025-07-18 18:00:00,111.0,86.030396
Peguera Platja Torà,2025-07-18 19:00:00,189.0,122.64786
Peguera Platja Torà,2025-07-18 20:00:00,175.0,183.53516
Peguera Platja Torà,2025-07-19 08:00:00,193.0,203.52475
Peguera Platja Torà,2025-07-19 09:00:00,241.0,175.37593
Peguera Platja Torà,2025-07-19 10:00:00,177.0,198.1066
Peguera Platja Torà,2025-07-19 11:00:00,181.0,188.96645
Peguera Platja Torà,2025-07-19 12:00:00,162.0,178.31317
Peguera Platja Torà,2025-07-19 13:00:00,101.0,131.90979
Peguera Platja Torà,2025-07-19 14:00:00,81.0,101.960335
Peguera Platja Torà,2025-07-19 15:00:00,69.0,79.983055
Peguera Platja Torà,2025-07-19 16:00:00,66.0,85.954575
Peguera Platja Torà,2025-07-19 17:00:00,11.0,19.36529
Peguera Platja Torà,2025-07-19 18:00:00,121.0,77.97163
Peguera Platja Torà,2025-07-19 19:00:00,117.0,98.20471
Peguera Platja Torà,2025-07-19 20:00:00,98.0,160.10391
Peguera Platja Torà,2025-07-20 08:00:00,66.0,125.7157
Peguera Platja Torà,2025-07-20 09:00:00,102.0,110.85758
Peguera Platja Torà,2025-07-20 10:00:00,97.0,166.58963
Peguera Platja Torà,2025-07-20 11:00:00,111.0,166.49664
Peguera Platja Torà,2025-07-20 12:00:00,75.0,149.02147
Peguera Platja Torà,2025-07-20 13:00:00,76.0,137.71747
Peguera Platja Torà,2025-07-20 14:00:00,66.0,117.73734
Peguera Platja Torà,2025-07-20 15:00:00,79.0,92.04319
Peguera Platja Torà,2025-07-20 16:00:00,51.0,83.82456
Peguera Platja Torà,2025-07-20 17:00:00,11.0,20.79035
Peguera Platja Torà,2025-07-20 18:00:00,164.0,78.87981
Peguera Platja Torà,2025-07-20 19:00:00,191.0,114.322395
Peguera Platja Torà,2025-07-20 20:00:00,210.0,130.98148
Peguera Platja Torà,2025-07-21 08:00:00,205.0,142.30617
Peguera Platja Torà,2025-07-21 09:00:00,264.0,142.54652
Peguera Platja Torà,2025-07-21 10:00:00,246.0,145.0601
Peguera Platja Torà,2025-07-21 11:00:00,268.0,156.45572
Peguera Platja Torà,2025-07-21 12:00:00,161.0,147.87352
Peguera Platja Torà,2025-07-21 13:00:00,105.0,126.47715
Peguera Platja Torà,2025-07-21 14:00:00,86.0,107.28166
Peguera Platja Torà,2025-07-21 15:00:00,103.0,76.248955
Peguera Platja Torà,2025-07-21 16:00:00,15.0,98.17601
Peguera Platja Torà,2025-07-21 17:00:00,9.0,9.489028
Peguera Platja Torà,2025-07-21 18:00:00,171.0,106.43481
Peguera Platja Torà,2025-07-21 19:00:00,185.0,129.04153
Peguera Platja Torà,2025-07-21 20:00:00,233.0,153.05605
Peguera Platja Torà,2025-07-22 08:00:00,242.0,156.31004
Peguera Platja Torà,2025-07-22 09:00:00,249.0,126.76807
Peguera Platja Torà,2025-07-22 10:00:00,255.0,170.33723
Peguera Platja Torà,2025-07-22 11:00:00,240.0,169.99588
Peguera Platja Torà,2025-07-22 12:00:00,153.0,192.4239
Peguera Platja Torà,2025-07-22 13:00:00,147.0,156.15407
Peguera Platja Torà,2025-07-22 14:00:00,103.0,122.802536
Peguera Platja Torà,2025-07-22 15:00:00,125.0,100.71616
Peguera Platja Torà,2025-07-22 16:00:00,11.0,97.80828
Peguera Platja Torà,2025-07-22 17:00:00,10.0,19.714695
Peguera Platja Torà,2025-07-22 18:00:00,192.0,112.679085
Peguera Platja Torà,2025-07-22 19:00:00,211.0,148.95679
Peguera Platja Torà,2025-07-22 20:00:00,182.0,130.31013
Peguera Platja Torà,2025-07-23 08:00:00,168.0,171.2609
Peguera Platja Torà,2025-07-23 09:00:00,177.0,149.78778
Peguera Platja Torà,2025-07-23 10:00:00,262.0,184.06049
Peguera Platja Torà,2025-07-23 11:00:00,198.0,174.52646
Peguera Platja Torà,2025-07-23 12:00:00,168.0,155.89217
Peguera Platja Torà,2025-07-23 13:00:00,95.0,140.59142
Peguera Platja Torà,2025-07-23 14:00:00,92.0,155.78862
Peguera Platja Torà,2025-07-23 15:00:00,69.0,117.209366
Peguera Platja Torà,2025-07-23 16:00:00,10.0,102.5016
Peguera Platja Torà,2025-07-23 17:00:00,9.0,35.48935
Peguera Platja Torà,2025-07-23 18:00:00,144.0,88.6506
Peguera Platja Torà,2025-07-23 19:00:00,191.0,114.89762
Peguera Platja Torà,2025-07-23 20:00:00,212.0,125.636505
Peguera Platja Torà,2025-07-24 08:00:00,174.0,141.83257
Peguera Platja Torà,2025-07-24 09:00:00,173.0,129.25034
Peguera Platja Torà,2025-07-24 10:00:00,166.0,163.0927
Peguera Platja Torà,2025-07-24 11:00:00,181.0,162.92813
Peguera Platja Torà,2025-07-24 12:00:00,120.0,153.93129
Peguera Platja Torà,2025-07-24 13:00:00,124.0,140.02338
Peguera Platja Torà,2025-07-24 14:00:00,118.0,129.79094
Peguera Platja Torà,2025-07-24 15:00:00,79.0,115.07922
Peguera Platja Torà,2025-07-24 16:00:00,9.0,100.49901
Peguera Platja Torà,2025-07-24 17:00:00,11.0,46.629814
Peguera Platja Torà,2025-07-24 18:00:00,154.0,129.4314
Peguera Platja Torà,2025-07-24 19:00:00,271.0,169.31718
Peguera Platja Torà,2025-07-24 20:00:00,166.0,176.36841
Peguera Platja Torà,2025-07-25 08:00:00,159.0,186.8279
Peguera Platja Torà,2025-07-25 09:00:00,239.0,155.51187
Peguera Platja Torà,2025-07-25 10:00:00,211.0,151.66078
Peguera Platja Torà,2025-07-25 11:00:00,222.0,185.60982
Peguera Platja Torà,2025-07-25 12:00:00,144.0,150.56474
Peguera Platja Torà,2025-07-25 13:00:00,111.0,118.17756
Peguera Platja Torà,2025-07-25 14:00:00,92.0,102.91875
Peguera Platja Torà,2025-07-25 15:00:00,98.0,82.251884
Peguera Platja Torà,2025-07-25 16:00:00,10.0,68.646126
Peguera Platja Torà,2025-07-25 17:00:00,11.0,27.61286
Peguera Platja Torà,2025-07-25 18:00:00,177.0,68.34501
Peguera Platja Torà,2025-07-25 19:00:00,140.0,87.6708
Peguera Platja Torà,2025-07-25 20:00:00,214.0,99.61942
Peguera Platja Torà,2025-07-26 08:00:00,215.0,117.877396
Peguera Platja Torà,2025-07-26 09:00:00,169.0,94.036316
Peguera Platja Torà,2025-07-26 10:00:00,230.0,127.2457
Peguera Platja Torà,2025-07-26 11:00:00,200.0,170.58153
Peguera Platja Torà,2025-07-26 12:00:00,163.0,160.48471
Peguera Platja Torà,2025-07-26 13:00:00,134.0,136.75287
Peguera Platja Torà,2025-07-26 14:00:00,91.0,103.74278
Peguera Platja Torà,2025-07-26 15:00:00,167.0,88.76234
Peguera Platja Torà,2025-07-26 16:00:00,12.0,84.18669
Peguera Platja Torà,2025-07-26 17:00:00,10.0,30.06383
Peguera Platja Torà,2025-07-26 18:00:00,142.0,119.960846
Peguera Platja Torà,2025-07-26 19:00:00,169.0,160.49591
Peguera Platja Torà,2025-07-26 20:00:00,168.0,180.85121
Peguera Platja Torà,2025-07-27 08:00:00,184.0,193.8899
Peguera Platja Torà,2025-07-27 09:00:00,184.0,200.18678
Peguera Platja Torà,2025-07-27 10:00:00,236.0,227.87276
Peguera Platja Torà,2025-07-27 11:00:00,220.0,241.88904
Peguera Platja Torà,2025-07-27 12:00:00,189.0,212.14
Peguera Platja Torà,2025-07-27 13:00:00,121.0,170.22493
Peguera Platja Torà,2025-07-27 14:00:00,115.0,179.02269
Peguera Platja Torà,2025-07-27 15:00:00,108.0,178.30194
Peguera Platja Torà,2025-07-27 16:00:00,10.0,115.82439
Peguera Platja Torà,2025-07-27 17:00:00,10.0,49.857327
Peguera Platja Torà,2025-07-27 18:00:00,151.0,80.820564
Peguera Platja Torà,2025-07-27 19:00:00,159.0,131.83235
Peguera Platja Torà,2025-07-27 20:00:00,192.0,171.86058
Peguera Platja Torà,2025-07-28 08:00:00,180.0,187.90155
Peguera Platja Torà,2025-07-28 09:00:00,125.0,190.73703
Peguera Platja Torà,2025-07-28 10:00:00,130.0,236.27632
Peguera Platja Torà,2025-07-28 11:00:00,133.0,196.49918
Peguera Platja Torà,2025-07-28 12:00:00,130.0,208.39622
Peguera Platja Torà,2025-07-28 13:00:00,72.0,190.67345
Peguera Platja Torà,2025-07-28 14:00:00,63.0,139.76169
Peguera Platja Torà,2025-07-28 15:00:00,61.0,118.70655
Peguera Platja Torà,2025-07-28 16:00:00,11.0,88.10728
Peguera Platja Torà,2025-07-28 17:00:00,10.0,14.195148
Peguera Platja Torà,2025-07-28 18:00:00,137.0,107.279785
Peguera Platja Torà,2025-07-28 19:00:00,175.0,140.62779
Peguera Platja Torà,2025-07-28 20:00:00,216.0,128.0947
Peguera Platja Torà,2025-07-29 08:00:00,147.0,164.86232
Peguera Platja Torà,2025-07-29 09:00:00,177.0,166.13393
Peguera Platja Torà,2025-07-29 10:00:00,222.0,173.97278
Peguera Platja Torà,2025-07-29 11:00:00,162.0,172.31436
Peguera Platja Torà,2025-07-29 12:00:00,162.0,158.50974
Peguera Platja Torà,2025-07-29 13:00:00,90.0,137.92027
Peguera Platja Torà,2025-07-29 14:00:00,82.0,132.59116
Peguera Platja Torà,2025-07-29 15:00:00,73.0,115.49914
Peguera Platja Torà,2025-07-29 16:00:00,10.0,97.00318
Peguera Platja Torà,2025-07-29 17:00:00,11.0,39.059395
Peguera Platja Torà,2025-07-29 18:00:00,161.0,98.34481
Peguera Platja Torà,2025-07-29 19:00:00,183.0,139.41406
Peguera Platja Torà,2025-07-29 20:00:00,171.0,123.9204
Peguera Platja Torà,2025-07-30 08:00:00,196.0,182.33923
Peguera Platja Torà,2025-07-30 09:00:00,147.0,177.48398
Peguera Platja Torà,2025-07-30 10:00:00,161.0,193.6285
Peguera Platja Torà,2025-07-30 11:00:00,182.0,167.7055
Peguera Platja Torà,2025-07-30 12:00:00,123.0,165.62923
Peguera Platja Torà,2025-07-30 13:00:00,76.0,142.53497
Peguera Platja Torà,2025-07-30 14:00:00,64.0,157.01385
Peguera Platja Torà,2025-07-30 15:00:00,64.0,156.57132
Peguera Platja Torà,2025-07-30 16:00:00,10.0,106.34082
Peguera Platja Torà,2025-07-30 17:00:00,10.0,76.6432
Peguera Platja Torà,2025-07-30 18:00:00,134.0,103.80446
Peguera Platja Torà,2025-07-30 19:00:00,209.0,124.33195
Peguera Platja Torà,2025-07-30 20:00:00,200.0,176.84325
Peguera Platja Torà,2025-07-31 08:00:00,199.0,157.70905
Peguera Platja Torà,2025-07-31 09:00:00,165.0,147.06357
Peguera Platja Torà,2025-07-31 10:00:00,184.0,195.66454
Peguera Platja Torà,2025-07-31 11:00:00,157.0,207.26463
Peguera Platja Torà,2025-07-31 12:00:00,158.0,206.14943
Peguera Platja Torà,2025-07-31 13:00:00,90.0,182.19185
Peguera Platja Torà,2025-07-31 14:00:00,69.0,165.3648
Peguera Platja Torà,2025-07-31 15:00:00,53.0,130.36172
Peguera Platja Torà,2025-07-31 16:00:00,9.0,102.498695
Peguera Platja Torà,2025-07-31 17:00:00,9.0,93.10913
Peguera Platja Torà,2025-07-31 18:00:00,129.0,125.917175
Peguera Platja Torà,2025-07-31 19:00:00,161.0,164.81047
Peguera Platja Torà,2025-07-31 20:00:00,191.0,186.44841
Peguera Platja Torà,2025-08-01 08:00:00,187.0,180.30171
Peguera Platja Torà,2025-08-01 09:00:00,181.0,212.09152
Peguera Platja Torà,2025-08-01 10:00:00,190.0,233.4865
Peguera Platja Torà,2025-08-01 11:00:00,186.0,205.83237
Peguera Platja Torà,2025-08-01 12:00:00,154.0,193.03192
Peguera Platja Torà,2025-08-01 13:00:00,126.0,154.29776
Peguera Platja Torà,2025-08-01 14:00:00,89.0,152.10085
Peguera Platja Torà,2025-08-01 15:00:00,102.0,152.34232
Peguera Platja Torà,2025-08-01 16:00:00,9.0,114.034454
Peguera Platja Torà,2025-08-01 17:00:00,10.0,37.559883
Peguera Platja Torà,2025-08-01 18:00:00,179.0,84.6775
Peguera Platja Torà,2025-08-01 19:00:00,151.0,108.56501
Peguera Platja Torà,2025-08-01 20:00:00,187.0,154.16656
Peguera Platja Torà,2025-08-02 08:00:00,173.0,161.62914
Peguera Platja Torà,2025-08-02 09:00:00,164.0,147.72255
Peguera Platja Torà,2025-08-02 10:00:00,220.0,192.90172
Peguera Platja Torà,2025-08-02 11:00:00,192.0,193.46614
Peguera Platja Torà,2025-08-02 12:00:00,134.0,176.53328
Peguera Platja Torà,2025-08-02 13:00:00,106.0,149.29504
Peguera Platja Torà,2025-08-02 14:00:00,81.0,149.29996
Peguera Platja Torà,2025-08-02 15:00:00,79.0,131.07817
Peguera Platja Torà,2025-08-02 16:00:00,10.0,110.989876
Peguera Platja Torà,2025-08-02 17:00:00,10.0,45.233685
Peguera Platja Torà,2025-08-02 18:00:00,168.0,71.037025
Peguera Platja Torà,2025-08-02 19:00:00,179.0,80.38011
Peguera Platja Torà,2025-08-02 20:00:00,159.0,141.30994
Peguera Platja Torà,2025-08-03 08:00:00,192.0,139.36246
Peguera Platja Torà,2025-08-03 09:00:00,202.0,139.20084
Peguera Platja Torà,2025-08-03 10:00:00,231.0,153.55501
Peguera Platja Torà,2025-08-03 11:00:00,207.0,155.52107
Peguera Platja Torà,2025-08-03 12:00:00,167.0,158.74713
Peguera Platja Torà,2025-08-03 13:00:00,115.0,155.33546
Peguera Platja Torà,2025-08-03 14:00:00,83.0,131.36487
Peguera Platja Torà,2025-08-03 15:00:00,81.0,132.57584
Peguera Platja Torà,2025-08-03 16:00:00,11.0,123.667274
Peguera Platja Torà,2025-08-03 17:00:00,9.0,46.85835
Peguera Platja Torà,2025-08-03 18:00:00,124.0,76.71514
Peguera Platja Torà,2025-08-03 19:00:00,168.0,102.251785
Peguera Platja Torà,2025-08-03 20:00:00,181.0,151.26768
Peguera Platja Torà,2025-08-04 08:00:00,178.0,150.24355
Peguera Platja Torà,2025-08-04 09:00:00,160.0,148.3738
Peguera Platja Torà,2025-08-04 10:00:00,220.0,168.88329
Peguera Platja Torà,2025-08-04 11:00:00,177.0,160.04239
Peguera Platja Torà,2025-08-04 12:00:00,179.0,169.58017
Peguera Platja Torà,2025-08-04 13:00:00,128.0,157.07924
Peguera Platja Torà,2025-08-04 14:00:00,116.0,145.98215
Peguera Platja Torà,2025-08-04 15:00:00,71.0,109.8851
Peguera Platja Torà,2025-08-04 16:00:00,9.0,112.34081
Peguera Platja Torà,2025-08-04 17:00:00,10.0,102.6298
Peguera Platja Torà,2025-08-04 18:00:00,121.0,50.914124
Peguera Platja Torà,2025-08-04 19:00:00,179.0,120.400536
Peguera Platja Torà,2025-08-04 20:00:00,186.0,164.48495
Peguera Platja Torà,2025-08-05 08:00:00,189.0,158.0584
Peguera Platja Torà,2025-08-05 09:00:00,192.0,146.63426
Peguera Platja Torà,2025-08-05 10:00:00,202.0,174.27194
Peguera Platja Torà,2025-08-05 11:00:00,215.0,167.03316
Peguera Platja Torà,2025-08-05 12:00:00,201.0,161.92685
Peguera Platja Torà,2025-08-05 13:00:00,131.0,158.72049
Peguera Platja Torà,2025-08-05 14:00:00,110.0,145.78616
Peguera Platja Torà,2025-08-05 15:00:00,86.0,120.42087
Peguera Platja Torà,2025-08-05 16:00:00,10.0,119.930504
Peguera Platja Torà,2025-08-05 17:00:00,10.0,66.63809
Peguera Platja Torà,2025-08-05 18:00:00,164.0,48.61679
Peguera Platja Torà,2025-08-05 19:00:00,201.0,106.44131
Peguera Platja Torà,2025-08-05 20:00:00,207.0,169.89542
Peguera Platja Torà,2025-08-06 08:00:00,182.0,172.92311
Peguera Platja Torà,2025-08-06 09:00:00,161.0,167.20247
Peguera Platja Torà,2025-08-06 10:00:00,182.0,193.14359
Peguera Platja Torà,2025-08-06 11:00:00,203.0,182.00737
Peguera Platja Torà,2025-08-06 12:00:00,171.0,177.92152
Peguera Platja Torà,2025-08-06 13:00:00,143.0,167.58531
Peguera Platja Torà,2025-08-06 14:00:00,97.0,149.06693
Peguera Platja Torà,2025-08-06 15:00:00,79.0,158.42844
Peguera Platja Torà,2025-08-06 16:00:00,9.0,117.832375
Peguera Platja Torà,2025-08-06 17:00:00,9.0,48.226353
Peguera Platja Torà,2025-08-06 18:00:00,120.0,43.19446
Peguera Platja Torà,2025-08-06 19:00:00,188.0,90.67038
Peguera Platja Torà,2025-08-06 20:00:00,210.0,132.82054
Peguera Platja Torà,2025-08-07 08:00:00,171.0,137.35945
Peguera Platja Torà,2025-08-07 09:00:00,152.0,135.53212
Peguera Platja Torà,2025-08-07 10:00:00,177.0,157.38103
Peguera Platja Torà,2025-08-07 11:00:00,203.0,169.79387
Peguera Platja Torà,2025-08-07 12:00:00,153.0,159.26381
Peguera Platja Torà,2025-08-07 13:00:00,121.0,140.74258
Peguera Platja Torà,2025-08-07 14:00:00,100.0,143.40991
Peguera Platja Torà,2025-08-07 15:00:00,69.0,115.27206
Peguera Platja Torà,2025-08-07 16:00:00,11.0,108.73269
Peguera Platja Torà,2025-08-07 17:00:00,11.0,49.07311
Peguera Platja Torà,2025-08-07 18:00:00,127.0,43.037476
Peguera Platja Torà,2025-08-07 19:00:00,182.0,75.27409
Peguera Platja Torà,2025-08-07 20:00:00,251.0,137.40474
Peguera Platja Torà,2025-08-08 08:00:00,208.0,147.2144
Peguera Platja Torà,2025-08-08 09:00:00,151.0,142.91048
Peguera Platja Torà,2025-08-08 10:00:00,197.0,174.09665
Peguera Platja Torà,2025-08-08 11:00:00,129.0,160.73148
Peguera Platja Torà,2025-08-08 12:00:00,136.0,172.55911
Peguera Platja Torà,2025-08-08 13:00:00,89.0,156.08786
Peguera Platja Torà,2025-08-08 14:00:00,59.0,146.02554
Peguera Platja Torà,2025-08-08 15:00:00,72.0,122.785484
Peguera Platja Torà,2025-08-08 16:00:00,10.0,126.04798
Peguera Platja Torà,2025-08-08 17:00:00,9.0,50.809647
Peguera Platja Torà,2025-08-08 18:00:00,130.0,43.217716
Peguera Platja Torà,2025-08-08 19:00:00,170.0,84.66846
Peguera Platja Torà,2025-08-08 20:00:00,126.0,127.84311
Peguera Platja Torà,2025-08-09 08:00:00,146.0,148.44887
Peguera Platja Torà,2025-08-09 09:00:00,227.0,124.84461
Peguera Platja Torà,2025-08-09 10:00:00,121.0,159.07147
Peguera Platja Torà,2025-08-09 11:00:00,120.0,168.88078
Peguera Platja Torà,2025-08-09 12:00:00,117.0,161.59045
Peguera Platja Torà,2025-08-09 13:00:00,75.0,140.08284
Peguera Platja Torà,2025-08-09 14:00:00,56.0,137.64032
Peguera Platja Torà,2025-08-09 15:00:00,84.0,120.71677
Peguera Platja Torà,2025-08-09 16:00:00,9.0,108.19267
Peguera Platja Torà,2025-08-09 17:00:00,10.0,38.178276
Peguera Platja Torà,2025-08-09 18:00:00,82.0,27.841228
Peguera Platja Torà,2025-08-09 19:00:00,61.0,37.08582
Peguera Platja Torà,2025-08-09 20:00:00,79.0,51.24164
Peguera Platja Torà,2025-08-10 08:00:00,80.0,102.58318
Peguera Platja Torà,2025-08-10 09:00:00,133.0,78.70272
Peguera Platja Torà,2025-08-10 10:00:00,118.0,151.92764
Peguera Platja Torà,2025-08-10 11:00:00,117.0,166.5257
Peguera Platja Torà,2025-08-10 12:00:00,103.0,153.23984
Peguera Platja Torà,2025-08-10 13:00:00,76.0,148.0831
Peguera Platja Torà,2025-08-10 14:00:00,59.0,136.15672
Peguera Platja Torà,2025-08-10 15:00:00,75.0,110.5513
Peguera Platja Torà,2025-08-10 16:00:00,10.0,93.274315
Peguera Platja Torà,2025-08-10 17:00:00,10.0,33.964787
Peguera Platja Torà,2025-08-10 18:00:00,117.0,76.451836
Peguera Platja Torà,2025-08-10 19:00:00,166.0,110.44747
Peguera Platja Torà,2025-08-10 20:00:00,161.0,151.64754
Peguera Platja Torà,2025-08-11 08:00:00,146.0,173.40292
Peguera Platja Torà,2025-08-11 09:00:00,86.0,166.22522
Peguera Platja Torà,2025-08-11 10:00:00,141.0,150.3459
Peguera Platja Torà,2025-08-11 11:00:00,133.0,167.46962
Peguera Platja Torà,2025-08-11 12:00:00,104.0,156.74284
Peguera Platja Torà,2025-08-11 13:00:00,50.0,148.90211
Peguera Platja Torà,2025-08-11 14:00:00,71.0,132.33693
Peguera Platja Torà,2025-08-11 15:00:00,86.0,122.88048
Peguera Platja Torà,2025-08-11 16:00:00,10.0,110.36713
Peguera Platja Torà,2025-08-11 17:00:00,10.0,27.14996
Peguera Platja Torà,2025-08-11 18:00:00,125.0,94.628555
Peguera Platja Torà,2025-08-11 19:00:00,139.0,134.96306
Peguera Platja Torà,2025-08-11 20:00:00,167.0,161.64609
Peguera Platja Torà,2025-08-12 08:00:00,145.0,161.29176
Peguera Platja Torà,2025-08-12 09:00:00,171.0,156.55225
Peguera Platja Torà,2025-08-12 10:00:00,189.0,176.495
Peguera Platja Torà,2025-08-12 11:00:00,190.0,165.82649
Peguera Platja Torà,2025-08-12 12:00:00,109.0,161.21396
Peguera Platja Torà,2025-08-12 13:00:00,81.0,149.87943
Peguera Platja Torà,2025-08-12 14:00:00,64.0,126.7553
Peguera Platja Torà,2025-08-12 15:00:00,109.0,104.47657
Peguera Platja Torà,2025-08-12 16:00:00,11.0,68.041
Peguera Platja Torà,2025-08-12 17:00:00,11.0,16.656471
Peguera Platja Torà,2025-08-12 18:00:00,145.0,89.5147
Peguera Platja Torà,2025-08-12 19:00:00,170.0,135.76773
Peguera Platja Torà,2025-08-12 20:00:00,164.0,164.12878
Peguera Platja Torà,2025-08-13 08:00:00,160.0,170.93596
Peguera Platja Torà,2025-08-13 09:00:00,183.0,133.49799
Peguera Platja Torà,2025-08-13 10:00:00,160.0,175.77557
Peguera Platja Torà,2025-08-13 11:00:00,104.0,166.02005
Peguera Platja Torà,2025-08-13 12:00:00,102.0,155.83183
Peguera Platja Torà,2025-08-13 13:00:00,72.0,137.92401
Peguera Platja Torà,2025-08-13 14:00:00,68.0,124.51023
Peguera Platja Torà,2025-08-13 15:00:00,50.0,103.8927
Peguera Platja Torà,2025-08-13 16:00:00,10.0,67.08437
Peguera Platja Torà,2025-08-13 17:00:00,10.0,44.5329
Peguera Platja Torà,2025-08-13 18:00:00,111.0,109.02807
Peguera Platja Torà,2025-08-13 19:00:00,206.0,111.85878
Peguera Platja Torà,2025-08-13 20:00:00,172.0,167.2535
Peguera Platja Torà,2025-08-14 08:00:00,195.0,175.33174
Peguera Platja Torà,2025-08-14 09:00:00,159.0,136.41254
Peguera Platja Torà,2025-08-14 10:00:00,181.0,169.30325
Peguera Platja Torà,2025-08-14 11:00:00,159.0,173.01112
Peguera Platja Torà,2025-08-14 12:00:00,104.0,166.81337
Peguera Platja Torà,2025-08-14 13:00:00,85.0,154.85321
Peguera Platja Torà,2025-08-14 14:00:00,71.0,135.9717
Peguera Platja Torà,2025-08-14 15:00:00,56.0,123.9532
Peguera Platja Torà,2025-08-14 16:00:00,10.0,76.95717
Peguera Platja Torà,2025-08-14 17:00:00,10.0,30.29136
Peguera Platja Torà,2025-08-14 18:00:00,119.0,92.27866
Peguera Platja Torà,2025-08-14 19:00:00,141.0,136.54678
Peguera Platja Torà,2025-08-14 20:00:00,182.0,163.46745
Peguera Platja Torà,2025-08-15 08:00:00,160.0,155.94643
Peguera Platja Torà,2025-08-15 09:00:00,130.0,169.75815
Peguera Platja Torà,2025-08-15 10:00:00,158.0,231.93646
Peguera Platja Torà,2025-08-15 11:00:00,157.0,220.16982
Peguera Platja Torà,2025-08-15 12:00:00,116.0,183.2831
Peguera Platja Torà,2025-08-15 13:00:00,94.0,169.2281
Peguera Platja Torà,2025-08-15 14:00:00,85.0,162.34758
Peguera Platja Torà,2025-08-15 15:00:00,46.0,123.62633
Peguera Platja Torà,2025-08-15 16:00:00,9.0,77.44254
Peguera Platja Torà,2025-08-15 17:00:00,10.0,37.38712
Peguera Platja Torà,2025-08-15 18:00:00,90.0,29.433016
Peguera Platja Torà,2025-08-15 19:00:00,116.0,87.11527
Peguera Platja Torà,2025-08-15 20:00:00,86.0,120.04059
Peguera Platja Torà,2025-08-16 08:00:00,104.0,140.30733
Peguera Platja Torà,2025-08-16 09:00:00,96.0,122.02511
Peguera Platja Torà,2025-08-16 10:00:00,120.0,166.66792
Peguera Platja Torà,2025-08-16 11:00:00,107.0,178.37204
Peguera Platja Torà,2025-08-16 12:00:00,95.0,167.62697
Peguera Platja Torà,2025-08-16 13:00:00,55.0,148.03044
Peguera Platja Torà,2025-08-16 14:00:00,58.0,148.20572
Peguera Platja Torà,2025-08-16 15:00:00,51.0,124.48837
Peguera Platja Torà,2025-08-16 16:00:00,10.0,95.0564
Peguera Platja Torà,2025-08-16 17:00:00,9.0,47.517395
Peguera Platja Torà,2025-08-16 18:00:00,89.0,30.620535
Peguera Platja Torà,2025-08-16 19:00:00,158.0,81.48146
Peguera Platja Torà,2025-08-16 20:00:00,168.0,132.01144
Peguera Platja Torà,2025-08-17 08:00:00,166.0,146.23581
Peguera Platja Torà,2025-08-17 09:00:00,151.0,136.39594
Peguera Platja Torà,2025-08-17 10:00:00,132.0,161.87234
Peguera Platja Torà,2025-08-17 11:00:00,136.0,158.23018
Peguera Platja Torà,2025-08-17 12:00:00,72.0,167.40396
Peguera Platja Torà,2025-08-17 13:00:00,80.0,135.02235
Peguera Platja Torà,2025-08-17 14:00:00,59.0,141.69785
Peguera Platja Torà,2025-08-17 15:00:00,51.0,123.778755
Peguera Platja Torà,2025-08-17 16:00:00,9.0,112.77778
Peguera Platja Torà,2025-08-17 17:00:00,10.0,52.2246
Peguera Platja Torà,2025-08-17 18:00:00,103.0,35.765327
Peguera Platja Torà,2025-08-17 19:00:00,49.0,105.598076
Peguera Platja Torà,2025-08-17 20:00:00,94.0,134.68523
Peguera Platja Torà,2025-08-18 08:00:00,157.0,136.15363
Peguera Platja Torà,2025-08-18 09:00:00,167.0,108.60639
Peguera Platja Torà,2025-08-18 10:00:00,129.0,136.8281
Peguera Platja Torà,2025-08-18 11:00:00,117.0,126.09407
Peguera Platja Torà,2025-08-18 12:00:00,91.0,131.00737
Peguera Platja Torà,2025-08-18 13:00:00,89.0,141.28183
Peguera Platja Torà,2025-08-18 14:00:00,45.0,131.73495
Peguera Platja Torà,2025-08-18 15:00:00,70.0,105.596634
Peguera Platja Torà,2025-08-18 16:00:00,11.0,74.53273
Peguera Platja Torà,2025-08-18 17:00:00,10.0,40.233868
Peguera Platja Torà,2025-08-18 18:00:00,95.0,58.004574
Peguera Platja Torà,2025-08-18 19:00:00,139.0,94.40626
Peguera Platja Torà,2025-08-18 20:00:00,152.0,127.98961
Peguera Platja Torà,2025-08-19 08:00:00,139.0,124.61819
Peguera Platja Torà,2025-08-19 09:00:00,139.0,127.900795
Peguera Platja Torà,2025-08-19 10:00:00,148.0,153.78296
Peguera Platja Torà,2025-08-19 11:00:00,170.0,130.29839
Peguera Platja Torà,2025-08-19 12:00:00,125.0,139.67772
Peguera Platja Torà,2025-08-19 13:00:00,92.0,119.280334
Peguera Platja Torà,2025-08-19 14:00:00,79.0,103.59567
Peguera Platja Torà,2025-08-19 15:00:00,103.0,84.30794
Peguera Platja Torà,2025-08-19 16:00:00,10.0,52.5604
Peguera Platja Torà,2025-08-19 17:00:00,10.0,32.50146
Peguera Platja Torà,2025-08-19 18:00:00,104.0,80.86044
Peguera Platja Torà,2025-08-19 19:00:00,139.0,109.07173
Peguera Platja Torà,2025-08-19 20:00:00,146.0,92.4608
Peguera Platja Torà,2025-08-20 08:00:00,103.0,85.9257
Peguera Platja Torà,2025-08-20 09:00:00,115.0,112.51973
Peguera Platja Torà,2025-08-20 10:00:00,160.0,118.21435
Peguera Platja Torà,2025-08-20 11:00:00,85.0,121.75516
Peguera Platja Torà,2025-08-20 12:00:00,68.0,122.07815
Peguera Platja Torà,2025-08-20 13:00:00,70.0,99.90408
Peguera Platja Torà,2025-08-20 14:00:00,79.0,77.50525
Peguera Platja Torà,2025-08-20 15:00:00,66.0,68.335754
Peguera Platja Torà,2025-08-20 16:00:00,10.0,41.242332
Peguera Platja Torà,2025-08-20 17:00:00,9.0,23.131823
Peguera Platja Torà,2025-08-20 18:00:00,113.0,74.54874
Peguera Platja Torà,2025-08-20 19:00:00,147.0,87.56325
Peguera Platja Torà,2025-08-20 20:00:00,148.0,97.21648
Peguera Platja Torà,2025-08-21 08:00:00,159.0,106.7522
Peguera Platja Torà,2025-08-21 09:00:00,121.0,97.71341
Peguera Platja Torà,2025-08-21 10:00:00,184.0,123.8009
Peguera Platja Torà,2025-08-21 11:00:00,119.0,125.77506
Peguera Platja Torà,2025-08-21 12:00:00,87.0,117.78842
Peguera Platja Torà,2025-08-21 13:00:00,88.0,107.7295
Peguera Platja Torà,2025-08-21 14:00:00,86.0,100.96077
Peguera Platja Torà,2025-08-21 15:00:00,103.0,79.66855
Peguera Platja Torà,2025-08-21 16:00:00,10.0,55.419308
Peguera Platja Torà,2025-08-21 17:00:00,10.0,33.82682
Peguera Platja Torà,2025-08-21 18:00:00,137.0,70.620346
Peguera Platja Torà,2025-08-21 19:00:00,148.0,108.17305
Peguera Platja Torà,2025-08-21 20:00:00,153.0,140.5288
Peguera Platja Torà,2025-08-22 08:00:00,167.0,154.03261
Peguera Platja Torà,2025-08-22 09:00:00,182.0,156.59163
Peguera Platja Torà,2025-08-22 10:00:00,180.0,170.47098
Peguera Platja Torà,2025-08-22 11:00:00,135.0,179.06638
Peguera Platja Torà,2025-08-22 12:00:00,103.0,161.78099
Peguera Platja Torà,2025-08-22 13:00:00,66.0,140.05229
Peguera Platja Torà,2025-08-22 14:00:00,61.0,109.156334
Peguera Platja Torà,2025-08-22 15:00:00,79.0,106.60297
Peguera Platja Torà,2025-08-22 16:00:00,8.0,78.45549
Peguera Platja Torà,2025-08-22 17:00:00,9.0,41.754227
Peguera Platja Torà,2025-08-22 18:00:00,153.0,90.316216
Peguera Platja Torà,2025-08-22 19:00:00,156.0,137.40004
Peguera Platja Torà,2025-08-22 20:00:00,139.0,148.42082
Peguera Platja Torà,2025-08-23 08:00:00,171.0,133.8168
Peguera Platja Torà,2025-08-23 09:00:00,108.0,134.47803
Peguera Platja Torà,2025-08-23 10:00:00,162.0,148.37517
Peguera Platja Torà,2025-08-23 11:00:00,138.0,132.3316
Peguera Platja Torà,2025-08-23 12:00:00,81.0,134.77505
Peguera Platja Torà,2025-08-23 13:00:00,66.0,112.05485
Peguera Platja Torà,2025-08-23 14:00:00,64.0,73.46935
Peguera Platja Torà,2025-08-23 15:00:00,106.0,65.90079
Peguera Platja Torà,2025-08-23 16:00:00,10.0,53.802483
Peguera Platja Torà,2025-08-23 17:00:00,9.0,26.307476
Peguera Platja Torà,2025-08-23 18:00:00,82.0,125.68957
Peguera Platja Torà,2025-08-23 19:00:00,122.0,106.23971
Peguera Platja Torà,2025-08-23 20:00:00,107.0,152.77263
Peguera Platja Torà,2025-08-24 08:00:00,164.0,152.94795
Peguera Platja Torà,2025-08-24 09:00:00,142.0,137.84299
Peguera Platja Torà,2025-08-24 10:00:00,103.0,134.80078
Peguera Platja Torà,2025-08-24 11:00:00,88.0,130.15651
Peguera Platja Torà,2025-08-24 12:00:00,70.0,120.26963
Peguera Platja Torà,2025-08-24 13:00:00,60.0,99.54471
Peguera Platja Torà,2025-08-24 14:00:00,50.0,79.53053
Peguera Platja Torà,2025-08-24 15:00:00,149.0,61.743374
Peguera Platja Torà,2025-08-24 16:00:00,9.0,48.285973
Peguera Platja Torà,2025-08-24 17:00:00,10.0,22.558208
Peguera Platja Torà,2025-08-24 18:00:00,142.0,80.51199
Peguera Platja Torà,2025-08-24 19:00:00,156.0,136.75833
Peguera Platja Torà,2025-08-24 20:00:00,169.0,150.71416
Peguera Platja Torà,2025-08-25 08:00:00,172.0,135.4593
Peguera Platja Torà,2025-08-25 09:00:00,191.0,120.60939
Peguera Platja Torà,2025-08-25 10:00:00,197.0,134.50967
Peguera Platja Torà,2025-08-25 11:00:00,183.0,131.4161
Peguera Platja Torà,2025-08-25 12:00:00,109.0,128.92311
Peguera Platja Torà,2025-08-25 13:00:00,90.0,117.75246
Peguera Platja Torà,2025-08-25 14:00:00,67.0,71.79729
Peguera Platja Torà,2025-08-25 15:00:00,102.0,63.626816
Peguera Platja Torà,2025-08-25 16:00:00,10.0,38.857346
Peguera Platja Torà,2025-08-25 17:00:00,11.0,22.95939
Peguera Platja Torà,2025-08-25 18:00:00,141.0,96.83348
Peguera Platja Torà,2025-08-25 19:00:00,138.0,143.84648
Peguera Platja Torà,2025-08-25 20:00:00,154.0,137.72812
Peguera Platja Torà,2025-08-26 08:00:00,160.0,133.13022
Peguera Platja Torà,2025-08-26 09:00:00,164.0,120.40853
Peguera Platja Torà,2025-08-26 10:00:00,165.0,124.40137
Peguera Platja Torà,2025-08-26 11:00:00,150.0,130.20476
Peguera Platja Torà,2025-08-26 12:00:00,86.0,128.4747
Peguera Platja Torà,2025-08-26 13:00:00,61.0,87.51523
Peguera Platja Torà,2025-08-26 14:00:00,67.0,68.29152
Peguera Platja Torà,2025-08-26 15:00:00,90.0,61.43338
Peguera Platja Torà,2025-08-26 16:00:00,9.0,30.32702
Peguera Platja Torà,2025-08-26 17:00:00,11.0,17.24626
Peguera Platja Torà,2025-08-26 18:00:00,114.0,65.71544
Peguera Platja Torà,2025-08-26 19:00:00,157.0,107.04224
Peguera Platja Torà,2025-08-26 20:00:00,163.0,98.005714
Peguera Platja Torà,2025-08-27 08:00:00,194.0,111.37964
Peguera Platja Torà,2025-08-27 09:00:00,195.0,101.029175
Peguera Platja Torà,2025-08-27 10:00:00,74.0,116.40331
Peguera Platja Torà,2025-08-27 11:00:00,79.0,114.11681
Peguera Platja Torà,2025-08-27 12:00:00,66.0,111.76949
Peguera Platja Torà,2025-08-27 13:00:00,51.0,89.099075
Peguera Platja Torà,2025-08-27 14:00:00,40.0,67.05644
Peguera Platja Torà,2025-08-27 15:00:00,112.0,62.15719
Peguera Platja Torà,2025-08-27 16:00:00,9.0,25.04383
Peguera Platja Torà,2025-08-27 17:00:00,9.0,27.709698
Peguera Platja Torà,2025-08-27 18:00:00,194.0,85.27935
Peguera Platja Torà,2025-08-27 19:00:00,203.0,111.84758
Peguera Platja Torà,2025-08-27 20:00:00,123.0,115.41543
Peguera Platja Torà,2025-08-28 08:00:00,129.0,114.27955
Peguera Platja Torà,2025-08-28 09:00:00,116.0,111.38859
Peguera Platja Torà,2025-08-28 10:00:00,92.0,127.83832
Peguera Platja Torà,2025-08-28 11:00:00,105.0,122.1816
Peguera Platja Torà,2025-08-28 12:00:00,84.0,118.06268
Peguera Platja Torà,2025-08-28 13:00:00,56.0,96.39783
Peguera Platja Torà,2025-08-28 14:00:00,57.0,76.51665
Peguera Platja Torà,2025-08-28 15:00:00,62.0,53.95984
Peguera Platja Torà,2025-08-28 16:00:00,10.0,36.271023
Peguera Platja Torà,2025-08-28 17:00:00,10.0,27.34072
Peguera Platja Torà,2025-08-28 18:00:00,96.0,70.62199
Peguera Platja Torà,2025-08-28 19:00:00,98.0,60.40812
Peguera Platja Torà,2025-08-28 20:00:00,141.0,95.79977
Peguera Platja Torà,2025-08-29 08:00:00,121.0,117.27684
Peguera Platja Torà,2025-08-29 09:00:00,88.0,107.27333
Peguera Platja Torà,2025-08-29 10:00:00,110.0,128.52951
Peguera Platja Torà,2025-08-29 11:00:00,108.0,88.473045
Peguera Platja Torà,2025-08-29 12:00:00,72.0,96.10402
Peguera Platja Torà,2025-08-29 13:00:00,59.0,74.16342
Peguera Platja Torà,2025-08-29 14:00:00,39.0,60.40582
Peguera Platja Torà,2025-08-29 15:00:00,83.0,64.732834
Peguera Platja Torà,2025-08-29 16:00:00,10.0,32.825027
Peguera Platja Torà,2025-08-29 17:00:00,9.0,27.626925
Peguera Platja Torà,2025-08-29 18:00:00,51.0,69.89967
Peguera Platja Torà,2025-08-29 19:00:00,53.0,92.58962
Peguera Platja Torà,2025-08-29 20:00:00,105.0,105.15184
Peguera Platja Torà,2025-08-30 08:00:00,139.0,112.855064
Peguera Platja Torà,2025-08-30 09:00:00,145.0,106.51711
Peguera Platja Torà,2025-08-30 10:00:00,73.0,125.00258
Peguera Platja Torà,2025-08-30 11:00:00,77.0,122.22472
Peguera Platja Torà,2025-08-30 12:00:00,87.0,109.957214
Peguera Platja Torà,2025-08-30 13:00:00,69.0,97.234406
Peguera Platja Torà,2025-08-30 14:00:00,42.0,65.07854
Peguera Platja Torà,2025-08-30 15:00:00,118.0,60.916992
Peguera Platja Torà,2025-08-30 16:00:00,10.0,22.35079
Peguera Platja Torà,2025-08-30 17:00:00,9.0,22.78649
Peguera Torà Plaça,2025-06-01 08:00:00,85.0,118.724976
Peguera Torà Plaça,2025-06-01 09:00:00,75.0,103.02857
Peguera Torà Plaça,2025-06-01 10:00:00,81.0,124.975655
Peguera Torà Plaça,2025-06-01 11:00:00,68.0,132.67126
Peguera Torà Plaça,2025-06-01 12:00:00,79.0,131.10728
Peguera Torà Plaça,2025-06-01 13:00:00,102.0,110.07608
Peguera Torà Plaça,2025-06-01 14:00:00,110.0,91.76306
Peguera Torà Plaça,2025-06-01 15:00:00,127.0,67.6983
Peguera Torà Plaça,2025-06-01 16:00:00,94.0,58.80133
Peguera Torà Plaça,2025-06-01 17:00:00,49.0,15.170946
Peguera Torà Plaça,2025-06-01 18:00:00,88.0,93.55825
Peguera Torà Plaça,2025-06-01 19:00:00,129.0,108.91733
Peguera Torà Plaça,2025-06-01 20:00:00,92.0,103.44732
Peguera Torà Plaça,2025-06-02 08:00:00,88.0,121.78392
Peguera Torà Plaça,2025-06-02 09:00:00,83.0,108.94694
Peguera Torà Plaça,2025-06-02 10:00:00,85.0,107.57575
Peguera Torà Plaça,2025-06-02 11:00:00,84.0,126.91038
Peguera Torà Plaça,2025-06-02 12:00:00,115.0,113.57558
Peguera Torà Plaça,2025-06-02 13:00:00,109.0,114.085556
Peguera Torà Plaça,2025-06-02 14:00:00,102.0,89.6301
Peguera Torà Plaça,2025-06-02 15:00:00,86.0,69.15071
Peguera Torà Plaça,2025-06-02 16:00:00,160.0,69.54507
Peguera Torà Plaça,2025-06-02 17:00:00,22.0,27.527441
Peguera Torà Plaça,2025-06-02 18:00:00,121.0,72.37252
Peguera Torà Plaça,2025-06-02 19:00:00,101.0,108.33387
Peguera Torà Plaça,2025-06-02 20:00:00,107.0,113.89491
Peguera Torà Plaça,2025-06-03 08:00:00,110.0,131.16682
Peguera Torà Plaça,2025-06-03 09:00:00,82.0,132.80902
Peguera Torà Plaça,2025-06-03 10:00:00,92.0,139.90999
Peguera Torà Plaça,2025-06-03 11:00:00,104.0,136.81032
Peguera Torà Plaça,2025-06-03 12:00:00,110.0,130.14348
Peguera Torà Plaça,2025-06-03 13:00:00,106.0,117.440186
Peguera Torà Plaça,2025-06-03 14:00:00,118.0,81.41587
Peguera Torà Plaça,2025-06-03 15:00:00,116.0,74.438354
Peguera Torà Plaça,2025-06-03 16:00:00,140.0,64.43901
Peguera Torà Plaça,2025-06-03 17:00:00,35.0,23.873087
Peguera Torà Plaça,2025-06-03 18:00:00,107.0,101.28038
Peguera Torà Plaça,2025-06-03 19:00:00,120.0,103.94142
Peguera Torà Plaça,2025-06-03 20:00:00,120.0,105.73218
Peguera Torà Plaça,2025-06-04 08:00:00,87.0,100.51451
Peguera Torà Plaça,2025-06-04 09:00:00,93.0,74.28309
Peguera Torà Plaça,2025-06-04 10:00:00,97.0,120.85912
Peguera Torà Plaça,2025-06-04 11:00:00,92.0,118.890945
Peguera Torà Plaça,2025-06-04 12:00:00,110.0,117.92866
Peguera Torà Plaça,2025-06-04 13:00:00,115.0,100.842995
Peguera Torà Plaça,2025-06-04 14:00:00,131.0,84.734146
Peguera Torà Plaça,2025-06-04 15:00:00,139.0,72.690765
Peguera Torà Plaça,2025-06-04 16:00:00,183.0,62.129086
Peguera Torà Plaça,2025-06-04 17:00:00,37.0,37.202473
Peguera Torà Plaça,2025-06-04 18:00:00,116.0,86.71295
Peguera Torà Plaça,2025-06-04 19:00:00,144.0,115.55874
Peguera Torà Plaça,2025-06-04 20:00:00,125.0,115.61299
Peguera Torà Plaça,2025-06-05 08:00:00,124.0,109.44969
Peguera Torà Plaça,2025-06-05 09:00:00,118.0,91.87601
Peguera Torà Plaça,2025-06-05 10:00:00,104.0,119.08542
Peguera Torà Plaça,2025-06-05 11:00:00,101.0,121.120834
Peguera Torà Plaça,2025-06-05 12:00:00,113.0,116.827065
Peguera Torà Plaça,2025-06-05 13:00:00,111.0,110.28166
Peguera Torà Plaça,2025-06-05 14:00:00,137.0,89.74152
Peguera Torà Plaça,2025-06-05 15:00:00,116.0,75.7731
Peguera Torà Plaça,2025-06-05 16:00:00,175.0,60.93734
Peguera Torà Plaça,2025-06-05 17:00:00,27.0,29.218039
Peguera Torà Plaça,2025-06-05 18:00:00,113.0,69.42153
Peguera Torà Plaça,2025-06-05 19:00:00,131.0,90.41143
Peguera Torà Plaça,2025-06-05 20:00:00,137.0,99.42621
Peguera Torà Plaça,2025-06-06 08:00:00,125.0,125.19216
Peguera Torà Plaça,2025-06-06 09:00:00,116.0,103.74607
Peguera Torà Plaça,2025-06-06 10:00:00,98.0,113.73208
Peguera Torà Plaça,2025-06-06 11:00:00,83.0,129.69797
Peguera Torà Plaça,2025-06-06 12:00:00,112.0,124.26696
Peguera Torà Plaça,2025-06-06 13:00:00,147.0,114.22784
Peguera Torà Plaça,2025-06-06 14:00:00,125.0,95.68359
Peguera Torà Plaça,2025-06-06 15:00:00,132.0,72.693665
Peguera Torà Plaça,2025-06-06 16:00:00,181.0,65.82965
Peguera Torà Plaça,2025-06-06 17:00:00,37.0,40.5221
Peguera Torà Plaça,2025-06-06 18:00:00,124.0,79.88941
Peguera Torà Plaça,2025-06-06 19:00:00,139.0,93.645676
Peguera Torà Plaça,2025-06-06 20:00:00,114.0,99.96018
Peguera Torà Plaça,2025-06-07 08:00:00,142.0,116.34976
Peguera Torà Plaça,2025-06-07 09:00:00,93.0,101.24894
Peguera Torà Plaça,2025-06-07 10:00:00,105.0,106.42863
Peguera Torà Plaça,2025-06-07 11:00:00,94.0,107.69716
Peguera Torà Plaça,2025-06-07 12:00:00,102.0,108.59658
Peguera Torà Plaça,2025-06-07 13:00:00,104.0,101.19577
Peguera Torà Plaça,2025-06-07 14:00:00,128.0,81.429054
Peguera Torà Plaça,2025-06-07 15:00:00,135.0,68.61157
Peguera Torà Plaça,2025-06-07 16:00:00,155.0,61.573006
Peguera Torà Plaça,2025-06-07 17:00:00,25.0,28.33018
Peguera Torà Plaça,2025-06-07 18:00:00,112.0,78.976425
Peguera Torà Plaça,2025-06-07 19:00:00,112.0,87.26215
Peguera Torà Plaça,2025-06-07 20:00:00,109.0,93.525154
Peguera Torà Plaça,2025-06-08 08:00:00,98.0,105.21013
Peguera Torà Plaça,2025-06-08 09:00:00,92.0,93.82522
Peguera Torà Plaça,2025-06-08 10:00:00,89.0,126.4329
Peguera Torà Plaça,2025-06-08 11:00:00,73.0,128.50754
Peguera Torà Plaça,2025-06-08 12:00:00,112.0,130.15778
Peguera Torà Plaça,2025-06-08 13:00:00,130.0,107.70189
Peguera Torà Plaça,2025-06-08 14:00:00,142.0,84.60104
Peguera Torà Plaça,2025-06-08 15:00:00,123.0,74.568504
Peguera Torà Plaça,2025-06-08 16:00:00,181.0,61.216
Peguera Torà Plaça,2025-06-08 17:00:00,45.0,28.279074
Peguera Torà Plaça,2025-06-08 18:00:00,103.0,113.3396
Peguera Torà Plaça,2025-06-08 19:00:00,114.0,96.21216
Peguera Torà Plaça,2025-06-08 20:00:00,111.0,113.11291
Peguera Torà Plaça,2025-06-09 08:00:00,123.0,108.44201
Peguera Torà Plaça,2025-06-09 09:00:00,98.0,98.29275
Peguera Torà Plaça,2025-06-09 10:00:00,86.0,115.55658
Peguera Torà Plaça,2025-06-09 11:00:00,105.0,121.0187
Peguera Torà Plaça,2025-06-09 12:00:00,120.0,122.20463
Peguera Torà Plaça,2025-06-09 13:00:00,125.0,113.85675
Peguera Torà Plaça,2025-06-09 14:00:00,155.0,81.39517
Peguera Torà Plaça,2025-06-09 15:00:00,138.0,67.78774
Peguera Torà Plaça,2025-06-09 16:00:00,191.0,64.57811
Peguera Torà Plaça,2025-06-09 17:00:00,60.0,31.817156
Peguera Torà Plaça,2025-06-09 18:00:00,129.0,90.19845
Peguera Torà Plaça,2025-06-09 19:00:00,111.0,106.1974
Peguera Torà Plaça,2025-06-09 20:00:00,135.0,112.0179
Peguera Torà Plaça,2025-06-10 08:00:00,106.0,129.42462
Peguera Torà Plaça,2025-06-10 09:00:00,83.0,115.55887
Peguera Torà Plaça,2025-06-10 10:00:00,95.0,127.460014
Peguera Torà Plaça,2025-06-10 11:00:00,111.0,131.98776
Peguera Torà Plaça,2025-06-10 12:00:00,115.0,128.65263
Peguera Torà Plaça,2025-06-10 13:00:00,108.0,112.92663
Peguera Torà Plaça,2025-06-10 14:00:00,125.0,92.14036
Peguera Torà Plaça,2025-06-10 15:00:00,180.0,84.592255
Peguera Torà Plaça,2025-06-10 16:00:00,133.0,78.9953
Peguera Torà Plaça,2025-06-10 17:00:00,57.0,50.080173
Peguera Torà Plaça,2025-06-10 18:00:00,98.0,95.29372
Peguera Torà Plaça,2025-06-10 19:00:00,121.0,109.96742
Peguera Torà Plaça,2025-06-10 20:00:00,136.0,119.724815
Peguera Torà Plaça,2025-06-11 08:00:00,105.0,131.78954
Peguera Torà Plaça,2025-06-11 09:00:00,92.0,104.87702
Peguera Torà Plaça,2025-06-11 10:00:00,95.0,130.03957
Peguera Torà Plaça,2025-06-11 11:00:00,97.0,139.5679
Peguera Torà Plaça,2025-06-11 12:00:00,101.0,130.94753
Peguera Torà Plaça,2025-06-11 13:00:00,117.0,120.82106
Peguera Torà Plaça,2025-06-11 14:00:00,146.0,94.18932
Peguera Torà Plaça,2025-06-11 15:00:00,151.0,81.22082
Peguera Torà Plaça,2025-06-11 16:00:00,132.0,63.378826
Peguera Torà Plaça,2025-06-11 17:00:00,75.0,36.486805
Peguera Torà Plaça,2025-06-11 18:00:00,120.0,96.728966
Peguera Torà Plaça,2025-06-11 19:00:00,120.0,122.78519
Peguera Torà Plaça,2025-06-11 20:00:00,127.0,121.1463
Peguera Torà Plaça,2025-06-12 08:00:00,116.0,133.81787
Peguera Torà Plaça,2025-06-12 09:00:00,118.0,118.72532
Peguera Torà Plaça,2025-06-12 10:00:00,102.0,129.40471
Peguera Torà Plaça,2025-06-12 11:00:00,96.0,148.06567
Peguera Torà Plaça,2025-06-12 12:00:00,88.0,145.17035
Peguera Torà Plaça,2025-06-12 13:00:00,102.0,129.18394
Peguera Torà Plaça,2025-06-12 14:00:00,119.0,109.66778
Peguera Torà Plaça,2025-06-12 15:00:00,155.0,95.98988
Peguera Torà Plaça,2025-06-12 16:00:00,143.0,73.20794
Peguera Torà Plaça,2025-06-12 17:00:00,80.0,33.820435
Peguera Torà Plaça,2025-06-12 18:00:00,124.0,76.1747
Peguera Torà Plaça,2025-06-12 19:00:00,130.0,108.12999
Peguera Torà Plaça,2025-06-12 20:00:00,149.0,122.971146
Peguera Torà Plaça,2025-06-13 08:00:00,131.0,148.50305
Peguera Torà Plaça,2025-06-13 09:00:00,125.0,131.98529
Peguera Torà Plaça,2025-06-13 10:00:00,111.0,146.87384
Peguera Torà Plaça,2025-06-13 11:00:00,113.0,159.07823
Peguera Torà Plaça,2025-06-13 12:00:00,135.0,151.1834
Peguera Torà Plaça,2025-06-13 13:00:00,118.0,136.895
Peguera Torà Plaça,2025-06-13 14:00:00,148.0,115.14471
Peguera Torà Plaça,2025-06-13 15:00:00,177.0,100.323265
Peguera Torà Plaça,2025-06-13 16:00:00,143.0,85.98029
Peguera Torà Plaça,2025-06-13 17:00:00,68.0,38.61801
Peguera Torà Plaça,2025-06-13 18:00:00,114.0,70.85917
Peguera Torà Plaça,2025-06-13 19:00:00,126.0,83.33329
Peguera Torà Plaça,2025-06-13 20:00:00,124.0,100.85794
Peguera Torà Plaça,2025-06-14 08:00:00,114.0,133.56152
Peguera Torà Plaça,2025-06-14 09:00:00,120.0,112.255066
Peguera Torà Plaça,2025-06-14 10:00:00,102.0,139.3103
Peguera Torà Plaça,2025-06-14 11:00:00,106.0,145.44206
Peguera Torà Plaça,2025-06-14 12:00:00,95.0,145.18954
Peguera Torà Plaça,2025-06-14 13:00:00,115.0,143.38623
Peguera Torà Plaça,2025-06-14 14:00:00,122.0,130.63571
Peguera Torà Plaça,2025-06-14 15:00:00,167.0,101.943695
Peguera Torà Plaça,2025-06-14 16:00:00,129.0,93.57806
Peguera Torà Plaça,2025-06-14 17:00:00,59.0,49.840183
Peguera Torà Plaça,2025-06-14 18:00:00,119.0,65.77447
Peguera Torà Plaça,2025-06-14 19:00:00,134.0,89.819496
Peguera Torà Plaça,2025-06-14 20:00:00,135.0,112.20255
Peguera Torà Plaça,2025-06-15 08:00:00,137.0,139.99004
Peguera Torà Plaça,2025-06-15 09:00:00,114.0,125.23214
Peguera Torà Plaça,2025-06-15 10:00:00,90.0,147.05011
Peguera Torà Plaça,2025-06-15 11:00:00,97.0,149.91939
Peguera Torà Plaça,2025-06-15 12:00:00,90.0,148.31337
Peguera Torà Plaça,2025-06-15 13:00:00,128.0,150.45047
Peguera Torà Plaça,2025-06-15 14:00:00,144.0,137.67894
Peguera Torà Plaça,2025-06-15 15:00:00,163.0,113.11359
Peguera Torà Plaça,2025-06-15 16:00:00,132.0,107.13331
Peguera Torà Plaça,2025-06-15 17:00:00,78.0,69.99794
Peguera Torà Plaça,2025-06-15 18:00:00,127.0,72.96231
Peguera Torà Plaça,2025-06-15 19:00:00,122.0,110.4068
Peguera Torà Plaça,2025-06-15 20:00:00,143.0,108.02929
Peguera Torà Plaça,2025-06-16 08:00:00,129.0,155.04434
Peguera Torà Plaça,2025-06-16 09:00:00,119.0,153.28319
Peguera Torà Plaça,2025-06-16 10:00:00,127.0,171.07964
Peguera Torà Plaça,2025-06-16 11:00:00,98.0,161.2766
Peguera Torà Plaça,2025-06-16 12:00:00,87.0,150.87865
Peguera Torà Plaça,2025-06-16 13:00:00,137.0,144.73529
Peguera Torà Plaça,2025-06-16 14:00:00,127.0,145.62729
Peguera Torà Plaça,2025-06-16 15:00:00,147.0,118.0015
Peguera Torà Plaça,2025-06-16 16:00:00,150.0,102.09699
Peguera Torà Plaça,2025-06-16 17:00:00,40.0,53.728294
Peguera Torà Plaça,2025-06-16 18:00:00,111.0,59.4958
Peguera Torà Plaça,2025-06-16 19:00:00,111.0,97.50843
Peguera Torà Plaça,2025-06-16 20:00:00,135.0,108.28086
Peguera Torà Plaça,2025-06-17 08:00:00,108.0,155.58313
Peguera Torà Plaça,2025-06-17 09:00:00,106.0,131.63019
Peguera Torà Plaça,2025-06-17 10:00:00,117.0,158.74911
Peguera Torà Plaça,2025-06-17 11:00:00,85.0,165.55959
Peguera Torà Plaça,2025-06-17 12:00:00,87.0,154.72388
Peguera Torà Plaça,2025-06-17 13:00:00,122.0,161.0003
Peguera Torà Plaça,2025-06-17 14:00:00,134.0,129.15314
Peguera Torà Plaça,2025-06-17 15:00:00,151.0,131.25394
Peguera Torà Plaça,2025-06-17 16:00:00,147.0,100.29546
Peguera Torà Plaça,2025-06-17 17:00:00,55.0,49.66539
Peguera Torà Plaça,2025-06-17 18:00:00,141.0,67.3106
Peguera Torà Plaça,2025-06-17 19:00:00,150.0,89.56434
Peguera Torà Plaça,2025-06-17 20:00:00,129.0,88.452934
Peguera Torà Plaça,2025-06-18 08:00:00,127.0,131.99039
Peguera Torà Plaça,2025-06-18 09:00:00,97.0,130.4937
Peguera Torà Plaça,2025-06-18 10:00:00,100.0,148.48878
Peguera Torà Plaça,2025-06-18 11:00:00,98.0,145.95418
Peguera Torà Plaça,2025-06-18 12:00:00,98.0,145.63681
Peguera Torà Plaça,2025-06-18 13:00:00,118.0,145.65948
Peguera Torà Plaça,2025-06-18 14:00:00,137.0,126.994774
Peguera Torà Plaça,2025-06-18 15:00:00,150.0,116.822556
Peguera Torà Plaça,2025-06-18 16:00:00,125.0,80.78207
Peguera Torà Plaça,2025-06-18 17:00:00,84.0,44.655483
Peguera Torà Plaça,2025-06-18 18:00:00,126.0,54.801304
Peguera Torà Plaça,2025-06-18 19:00:00,156.0,108.51046
Peguera Torà Plaça,2025-06-18 20:00:00,162.0,93.049866
Peguera Torà Plaça,2025-06-19 08:00:00,154.0,137.82547
Peguera Torà Plaça,2025-06-19 09:00:00,127.0,139.38986
Peguera Torà Plaça,2025-06-19 10:00:00,117.0,152.2254
Peguera Torà Plaça,2025-06-19 11:00:00,107.0,165.66293
Peguera Torà Plaça,2025-06-19 12:00:00,124.0,148.49673
Peguera Torà Plaça,2025-06-19 13:00:00,141.0,138.26135
Peguera Torà Plaça,2025-06-19 14:00:00,143.0,141.26735
Peguera Torà Plaça,2025-06-19 15:00:00,163.0,126.75904
Peguera Torà Plaça,2025-06-19 16:00:00,130.0,111.50449
Peguera Torà Plaça,2025-06-19 17:00:00,68.0,74.87709
Peguera Torà Plaça,2025-06-19 18:00:00,103.0,103.37911
Peguera Torà Plaça,2025-06-19 19:00:00,135.0,84.53384
Peguera Torà Plaça,2025-06-19 20:00:00,148.0,131.99422
Peguera Torà Plaça,2025-06-20 08:00:00,154.0,147.16487
Peguera Torà Plaça,2025-06-20 09:00:00,103.0,150.15788
Peguera Torà Plaça,2025-06-20 10:00:00,111.0,184.96597
Peguera Torà Plaça,2025-06-20 11:00:00,131.0,185.40596
Peguera Torà Plaça,2025-06-20 12:00:00,124.0,169.3215
Peguera Torà Plaça,2025-06-20 13:00:00,122.0,150.04927
Peguera Torà Plaça,2025-06-20 14:00:00,140.0,143.34065
Peguera Torà Plaça,2025-06-20 15:00:00,181.0,129.48311
Peguera Torà Plaça,2025-06-20 16:00:00,126.0,111.462845
Peguera Torà Plaça,2025-06-20 17:00:00,75.0,72.72841
Peguera Torà Plaça,2025-06-20 18:00:00,122.0,59.23987
Peguera Torà Plaça,2025-06-20 19:00:00,149.0,80.45707
Peguera Torà Plaça,2025-06-20 20:00:00,141.0,103.74064
Peguera Torà Plaça,2025-06-21 08:00:00,135.0,126.90399
Peguera Torà Plaça,2025-06-21 09:00:00,121.0,121.613785
Peguera Torà Plaça,2025-06-21 10:00:00,110.0,148.10115
Peguera Torà Plaça,2025-06-21 11:00:00,107.0,145.79971
Peguera Torà Plaça,2025-06-21 12:00:00,105.0,154.76726
Peguera Torà Plaça,2025-06-21 13:00:00,127.0,139.62845
Peguera Torà Plaça,2025-06-21 14:00:00,166.0,122.15728
Peguera Torà Plaça,2025-06-21 15:00:00,138.0,106.838455
Peguera Torà Plaça,2025-06-21 16:00:00,65.0,68.642075
Peguera Torà Plaça,2025-06-21 17:00:00,142.0,54.124985
Peguera Torà Plaça,2025-06-21 18:00:00,123.0,76.51868
Peguera Torà Plaça,2025-06-21 19:00:00,137.0,92.147
Peguera Torà Plaça,2025-06-21 20:00:00,125.0,112.56233
Peguera Torà Plaça,2025-06-22 08:00:00,108.0,113.169876
Peguera Torà Plaça,2025-06-22 09:00:00,119.0,151.97455
Peguera Torà Plaça,2025-06-22 10:00:00,96.0,144.1859
Peguera Torà Plaça,2025-06-22 11:00:00,115.0,145.0611
Peguera Torà Plaça,2025-06-22 12:00:00,121.0,138.34898
Peguera Torà Plaça,2025-06-22 13:00:00,155.0,142.80647
Peguera Torà Plaça,2025-06-22 14:00:00,173.0,127.258484
Peguera Torà Plaça,2025-06-22 15:00:00,139.0,122.49509
Peguera Torà Plaça,2025-06-22 16:00:00,72.0,106.58122
Peguera Torà Plaça,2025-06-22 17:00:00,131.0,51.61379
Peguera Torà Plaça,2025-06-22 18:00:00,102.0,76.802475
Peguera Torà Plaça,2025-06-22 19:00:00,110.0,98.181046
Peguera Torà Plaça,2025-06-22 20:00:00,121.0,133.38193
Peguera Torà Plaça,2025-06-23 08:00:00,102.0,129.67375
Peguera Torà Plaça,2025-06-23 09:00:00,110.0,139.95555
Peguera Torà Plaça,2025-06-23 10:00:00,96.0,147.37123
Peguera Torà Plaça,2025-06-23 11:00:00,105.0,139.81557
Peguera Torà Plaça,2025-06-23 12:00:00,120.0,137.2975
Peguera Torà Plaça,2025-06-23 13:00:00,135.0,142.73543
Peguera Torà Plaça,2025-06-23 14:00:00,161.0,133.7779
Peguera Torà Plaça,2025-06-23 15:00:00,126.0,117.37811
Peguera Torà Plaça,2025-06-23 16:00:00,59.0,76.34666
Peguera Torà Plaça,2025-06-23 17:00:00,115.0,52.726208
Peguera Torà Plaça,2025-06-23 18:00:00,148.0,91.8315
Peguera Torà Plaça,2025-06-23 19:00:00,133.0,91.80933
Peguera Torà Plaça,2025-06-23 20:00:00,130.0,110.96599
Peguera Torà Plaça,2025-06-24 08:00:00,125.0,131.6189
Peguera Torà Plaça,2025-06-24 09:00:00,97.0,145.51447
Peguera Torà Plaça,2025-06-24 10:00:00,130.0,150.21362
Peguera Torà Plaça,2025-06-24 11:00:00,114.0,143.29352
Peguera Torà Plaça,2025-06-24 12:00:00,124.0,140.14513
Peguera Torà Plaça,2025-06-24 13:00:00,134.0,141.84523
Peguera Torà Plaça,2025-06-24 14:00:00,162.0,126.40048
Peguera Torà Plaça,2025-06-24 15:00:00,151.0,118.92945
Peguera Torà Plaça,2025-06-24 16:00:00,80.0,77.87855
Peguera Torà Plaça,2025-06-24 17:00:00,116.0,67.558754
Peguera Torà Plaça,2025-06-24 18:00:00,120.0,77.638084
Peguera Torà Plaça,2025-06-24 19:00:00,118.0,95.84339
Peguera Torà Plaça,2025-06-24 20:00:00,141.0,107.551414
Peguera Torà Plaça,2025-06-25 08:00:00,139.0,119.29476
Peguera Torà Plaça,2025-06-25 09:00:00,111.0,145.37242
Peguera Torà Plaça,2025-06-25 10:00:00,95.0,153.86708
Peguera Torà Plaça,2025-06-25 11:00:00,111.0,143.6367
Peguera Torà Plaça,2025-06-25 12:00:00,119.0,140.68634
Peguera Torà Plaça,2025-06-25 13:00:00,140.0,147.66481
Peguera Torà Plaça,2025-06-25 14:00:00,181.0,132.1361
Peguera Torà Plaça,2025-06-25 15:00:00,131.0,110.89632
Peguera Torà Plaça,2025-06-25 16:00:00,70.0,72.30354
Peguera Torà Plaça,2025-06-25 17:00:00,140.0,59.532394
Peguera Torà Plaça,2025-06-25 18:00:00,151.0,80.92026
Peguera Torà Plaça,2025-06-25 19:00:00,165.0,93.33851
Peguera Torà Plaça,2025-06-25 20:00:00,147.0,112.67708
Peguera Torà Plaça,2025-06-26 08:00:00,119.0,135.2991
Peguera Torà Plaça,2025-06-26 09:00:00,119.0,160.2136
Peguera Torà Plaça,2025-06-26 10:00:00,99.0,166.80699
Peguera Torà Plaça,2025-06-26 11:00:00,126.0,145.88593
Peguera Torà Plaça,2025-06-26 12:00:00,125.0,134.38252
Peguera Torà Plaça,2025-06-26 13:00:00,147.0,151.23454
Peguera Torà Plaça,2025-06-26 14:00:00,152.0,143.45897
Peguera Torà Plaça,2025-06-26 15:00:00,157.0,107.17325
Peguera Torà Plaça,2025-06-26 16:00:00,61.0,71.315056
Peguera Torà Plaça,2025-06-26 17:00:00,105.0,46.409847
Peguera Torà Plaça,2025-06-26 18:00:00,142.0,69.764
Peguera Torà Plaça,2025-06-26 19:00:00,153.0,95.277054
Peguera Torà Plaça,2025-06-26 20:00:00,160.0,119.90283
Peguera Torà Plaça,2025-06-27 08:00:00,115.0,140.91672
Peguera Torà Plaça,2025-06-27 09:00:00,105.0,171.55064
Peguera Torà Plaça,2025-06-27 10:00:00,115.0,174.94572
Peguera Torà Plaça,2025-06-27 11:00:00,119.0,166.54803
Peguera Torà Plaça,2025-06-27 12:00:00,143.0,157.5564
Peguera Torà Plaça,2025-06-27 13:00:00,163.0,147.81012
Peguera Torà Plaça,2025-06-27 14:00:00,178.0,131.5262
Peguera Torà Plaça,2025-06-27 15:00:00,172.0,111.23059
Peguera Torà Plaça,2025-06-27 16:00:00,82.0,75.66906
Peguera Torà Plaça,2025-06-27 17:00:00,117.0,52.07484
Peguera Torà Plaça,2025-06-27 18:00:00,138.0,90.55473
Peguera Torà Plaça,2025-06-27 19:00:00,123.0,89.4628
Peguera Torà Plaça,2025-06-27 20:00:00,113.0,106.84532
Peguera Torà Plaça,2025-06-28 08:00:00,117.0,117.50514
Peguera Torà Plaça,2025-06-28 09:00:00,111.0,140.60696
Peguera Torà Plaça,2025-06-28 10:00:00,102.0,141.7925
Peguera Torà Plaça,2025-06-28 11:00:00,104.0,138.8765
Peguera Torà Plaça,2025-06-28 12:00:00,127.0,135.8076
Peguera Torà Plaça,2025-06-28 13:00:00,160.0,133.41316
Peguera Torà Plaça,2025-06-28 14:00:00,161.0,129.08455
Peguera Torà Plaça,2025-06-28 15:00:00,180.0,122.068054
Peguera Torà Plaça,2025-06-28 16:00:00,63.0,82.42127
Peguera Torà Plaça,2025-06-28 17:00:00,109.0,63.416595
Peguera Torà Plaça,2025-06-28 18:00:00,93.0,52.89648
Peguera Torà Plaça,2025-06-28 19:00:00,131.0,56.59054
Peguera Torà Plaça,2025-06-28 20:00:00,126.0,76.49338
Peguera Torà Plaça,2025-06-29 08:00:00,112.0,97.71465
Peguera Torà Plaça,2025-06-29 09:00:00,121.0,169.55193
Peguera Torà Plaça,2025-06-29 10:00:00,107.0,162.09007
Peguera Torà Plaça,2025-06-29 11:00:00,101.0,145.33694
Peguera Torà Plaça,2025-06-29 12:00:00,124.0,139.67451
Peguera Torà Plaça,2025-06-29 13:00:00,119.0,130.2885
Peguera Torà Plaça,2025-06-29 14:00:00,145.0,124.28424
Peguera Torà Plaça,2025-06-29 15:00:00,141.0,108.04868
Peguera Torà Plaça,2025-06-29 16:00:00,54.0,66.40845
Peguera Torà Plaça,2025-06-29 17:00:00,143.0,86.34324
Peguera Torà Plaça,2025-06-29 18:00:00,156.0,109.066475
Peguera Torà Plaça,2025-06-29 19:00:00,159.0,108.127075
Peguera Torà Plaça,2025-06-29 20:00:00,126.0,124.2049
Peguera Torà Plaça,2025-06-30 08:00:00,99.0,131.49092
Peguera Torà Plaça,2025-06-30 09:00:00,95.0,168.68645
Peguera Torà Plaça,2025-06-30 10:00:00,116.0,159.51996
Peguera Torà Plaça,2025-06-30 11:00:00,114.0,164.52309
Peguera Torà Plaça,2025-06-30 12:00:00,104.0,158.52083
Peguera Torà Plaça,2025-06-30 13:00:00,124.0,125.264206
Peguera Torà Plaça,2025-06-30 14:00:00,152.0,100.82069
Peguera Torà Plaça,2025-06-30 15:00:00,155.0,93.019516
Peguera Torà Plaça,2025-06-30 17:00:00,49.0,59.22971
Peguera Torà Plaça,2025-06-30 18:00:00,149.0,89.68783
Peguera Torà Plaça,2025-06-30 19:00:00,131.0,107.10131
Peguera Torà Plaça,2025-06-30 20:00:00,148.0,105.50333
Peguera Torà Plaça,2025-07-01 08:00:00,146.0,136.98479
Peguera Torà Plaça,2025-07-01 09:00:00,104.0,123.934
Peguera Torà Plaça,2025-07-01 10:00:00,97.0,143.91225
Peguera Torà Plaça,2025-07-01 11:00:00,114.0,162.90141
Peguera Torà Plaça,2025-07-01 12:00:00,119.0,163.36043
Peguera Torà Plaça,2025-07-01 13:00:00,117.0,149.11812
Peguera Torà Plaça,2025-07-01 14:00:00,177.0,150.35384
Peguera Torà Plaça,2025-07-01 15:00:00,171.0,118.66633
Peguera Torà Plaça,2025-07-01 16:00:00,148.0,106.90326
Peguera Torà Plaça,2025-07-01 17:00:00,81.0,61.680714
Peguera Torà Plaça,2025-07-01 18:00:00,88.0,83.93674
Peguera Torà Plaça,2025-07-01 19:00:00,110.0,101.08346
Peguera Torà Plaça,2025-07-01 20:00:00,123.0,115.64386
Peguera Torà Plaça,2025-07-02 08:00:00,123.0,138.64235
Peguera Torà Plaça,2025-07-02 09:00:00,102.0,141.13164
Peguera Torà Plaça,2025-07-02 10:00:00,97.0,165.48618
Peguera Torà Plaça,2025-07-02 11:00:00,103.0,155.62828
Peguera Torà Plaça,2025-07-02 12:00:00,145.0,143.44402
Peguera Torà Plaça,2025-07-02 13:00:00,148.0,114.82595
Peguera Torà Plaça,2025-07-02 14:00:00,148.0,97.09122
Peguera Torà Plaça,2025-07-02 15:00:00,61.0,59.565216
Peguera Torà Plaça,2025-07-02 16:00:00,116.0,59.278473
Peguera Torà Plaça,2025-07-02 17:00:00,126.0,76.04199
Peguera Torà Plaça,2025-07-02 18:00:00,161.0,104.6619
Peguera Torà Plaça,2025-07-02 19:00:00,114.0,119.15223
Peguera Torà Plaça,2025-07-02 20:00:00,96.0,152.74979
Peguera Torà Plaça,2025-07-03 08:00:00,74.0,155.92479
Peguera Torà Plaça,2025-07-03 09:00:00,94.0,148.70874
Peguera Torà Plaça,2025-07-03 10:00:00,108.0,155.81833
Peguera Torà Plaça,2025-07-03 11:00:00,95.0,163.77069
Peguera Torà Plaça,2025-07-03 12:00:00,156.0,131.9038
Peguera Torà Plaça,2025-07-03 13:00:00,152.0,123.16341
Peguera Torà Plaça,2025-07-03 14:00:00,179.0,92.57531
Peguera Torà Plaça,2025-07-03 15:00:00,60.0,36.19372
Peguera Torà Plaça,2025-07-03 16:00:00,129.0,78.014015
Peguera Torà Plaça,2025-07-03 17:00:00,138.0,86.84713
Peguera Torà Plaça,2025-07-03 18:00:00,129.0,119.81729
Peguera Torà Plaça,2025-07-03 19:00:00,148.0,125.00121
Peguera Torà Plaça,2025-07-03 20:00:00,139.0,148.7964
Peguera Torà Plaça,2025-07-04 08:00:00,104.0,154.10985
Peguera Torà Plaça,2025-07-04 09:00:00,124.0,168.22223
Peguera Torà Plaça,2025-07-04 10:00:00,123.0,162.55183
Peguera Torà Plaça,2025-07-04 11:00:00,138.0,164.63968
Peguera Torà Plaça,2025-07-04 12:00:00,171.0,167.33176
Peguera Torà Plaça,2025-07-04 13:00:00,154.0,142.60098
Peguera Torà Plaça,2025-07-04 14:00:00,133.0,107.33059
Peguera Torà Plaça,2025-07-04 15:00:00,88.0,38.071796
Peguera Torà Plaça,2025-07-04 16:00:00,131.0,40.726875
Peguera Torà Plaça,2025-07-04 17:00:00,101.0,86.94867
Peguera Torà Plaça,2025-07-04 18:00:00,139.0,92.3885
Peguera Torà Plaça,2025-07-04 19:00:00,97.0,109.80646
Peguera Torà Plaça,2025-07-04 20:00:00,126.0,127.01841
Peguera Torà Plaça,2025-07-05 08:00:00,89.0,161.93571
Peguera Torà Plaça,2025-07-05 09:00:00,86.0,150.20811
Peguera Torà Plaça,2025-07-05 10:00:00,106.0,133.52579
Peguera Torà Plaça,2025-07-05 11:00:00,107.0,141.4816
Peguera Torà Plaça,2025-07-05 12:00:00,134.0,154.02199
Peguera Torà Plaça,2025-07-05 13:00:00,132.0,132.0777
Peguera Torà Plaça,2025-07-05 14:00:00,175.0,121.02018
Peguera Torà Plaça,2025-07-05 15:00:00,45.0,32.40051
Peguera Torà Plaça,2025-07-05 16:00:00,127.0,66.74754
Peguera Torà Plaça,2025-07-05 17:00:00,134.0,74.14518
Peguera Torà Plaça,2025-07-05 18:00:00,156.0,89.21574
Peguera Torà Plaça,2025-07-05 19:00:00,132.0,105.960594
Peguera Torà Plaça,2025-07-05 20:00:00,146.0,122.461334
Peguera Torà Plaça,2025-07-06 08:00:00,109.0,141.9898
Peguera Torà Plaça,2025-07-06 09:00:00,127.0,143.17043
Peguera Torà Plaça,2025-07-06 10:00:00,123.0,145.72603
Peguera Torà Plaça,2025-07-06 11:00:00,139.0,136.07524
Peguera Torà Plaça,2025-07-06 12:00:00,135.0,140.63808
Peguera Torà Plaça,2025-07-06 13:00:00,139.0,128.93317
Peguera Torà Plaça,2025-07-06 14:00:00,138.0,114.64982
Peguera Torà Plaça,2025-07-06 15:00:00,64.0,34.430977
Peguera Torà Plaça,2025-07-06 16:00:00,123.0,71.19218
Peguera Torà Plaça,2025-07-06 17:00:00,153.0,79.89699
Peguera Torà Plaça,2025-07-06 18:00:00,149.0,99.45869
Peguera Torà Plaça,2025-07-06 19:00:00,130.0,113.83241
Peguera Torà Plaça,2025-07-06 20:00:00,92.0,147.28487
Peguera Torà Plaça,2025-07-07 08:00:00,123.0,155.03468
Peguera Torà Plaça,2025-07-07 09:00:00,125.0,168.13947
Peguera Torà Plaça,2025-07-07 10:00:00,121.0,171.83931
Peguera Torà Plaça,2025-07-07 11:00:00,140.0,158.52885
Peguera Torà Plaça,2025-07-07 12:00:00,166.0,134.21196
Peguera Torà Plaça,2025-07-07 13:00:00,156.0,111.090675
Peguera Torà Plaça,2025-07-07 14:00:00,143.0,91.94645
Peguera Torà Plaça,2025-07-07 15:00:00,90.0,23.145185
Peguera Torà Plaça,2025-07-07 16:00:00,142.0,76.0171
Peguera Torà Plaça,2025-07-07 17:00:00,136.0,94.32141
Peguera Torà Plaça,2025-07-07 18:00:00,133.0,99.23131
Peguera Torà Plaça,2025-07-07 19:00:00,134.0,120.72335
Peguera Torà Plaça,2025-07-07 20:00:00,124.0,125.630066
Peguera Torà Plaça,2025-07-08 08:00:00,115.0,138.75146
Peguera Torà Plaça,2025-07-08 09:00:00,130.0,154.06859
Peguera Torà Plaça,2025-07-08 10:00:00,112.0,150.86047
Peguera Torà Plaça,2025-07-08 11:00:00,145.0,154.18855
Peguera Torà Plaça,2025-07-08 12:00:00,160.0,148.0189
Peguera Torà Plaça,2025-07-08 13:00:00,161.0,120.280334
Peguera Torà Plaça,2025-07-08 14:00:00,137.0,100.866165
Peguera Torà Plaça,2025-07-08 15:00:00,78.0,36.709972
Peguera Torà Plaça,2025-07-08 16:00:00,145.0,68.87773
Peguera Torà Plaça,2025-07-08 17:00:00,173.0,88.6646
Peguera Torà Plaça,2025-07-08 18:00:00,123.0,101.876205
Peguera Torà Plaça,2025-07-08 19:00:00,133.0,109.600784
Peguera Torà Plaça,2025-07-08 20:00:00,126.0,123.79206
Peguera Torà Plaça,2025-07-09 08:00:00,129.0,154.97382
Peguera Torà Plaça,2025-07-09 09:00:00,120.0,161.01935
Peguera Torà Plaça,2025-07-09 10:00:00,126.0,151.9311
Peguera Torà Plaça,2025-07-09 11:00:00,137.0,154.20352
Peguera Torà Plaça,2025-07-09 12:00:00,151.0,152.61295
Peguera Torà Plaça,2025-07-09 13:00:00,148.0,122.69306
Peguera Torà Plaça,2025-07-09 14:00:00,192.0,109.19729
Peguera Torà Plaça,2025-07-09 15:00:00,63.0,53.264618
Peguera Torà Plaça,2025-07-09 16:00:00,121.0,45.560295
Peguera Torà Plaça,2025-07-09 17:00:00,152.0,83.61419
Peguera Torà Plaça,2025-07-09 18:00:00,172.0,94.67536
Peguera Torà Plaça,2025-07-09 19:00:00,138.0,111.47161
Peguera Torà Plaça,2025-07-09 20:00:00,126.0,134.60977
Peguera Torà Plaça,2025-07-10 08:00:00,125.0,156.50868
Peguera Torà Plaça,2025-07-10 09:00:00,111.0,158.81856
Peguera Torà Plaça,2025-07-10 10:00:00,119.0,157.13051
Peguera Torà Plaça,2025-07-10 11:00:00,168.0,151.39848
Peguera Torà Plaça,2025-07-10 12:00:00,181.0,159.56013
Peguera Torà Plaça,2025-07-10 13:00:00,182.0,139.19221
Peguera Torà Plaça,2025-07-10 14:00:00,202.0,108.35971
Peguera Torà Plaça,2025-07-10 15:00:00,88.0,51.612072
Peguera Torà Plaça,2025-07-10 16:00:00,142.0,63.881046
Peguera Torà Plaça,2025-07-10 17:00:00,156.0,88.589035
Peguera Torà Plaça,2025-07-10 18:00:00,134.0,117.63839
Peguera Torà Plaça,2025-07-10 19:00:00,148.0,122.512665
Peguera Torà Plaça,2025-07-10 20:00:00,130.0,156.90465
Peguera Torà Plaça,2025-07-11 08:00:00,95.0,144.42389
Peguera Torà Plaça,2025-07-11 09:00:00,122.0,158.87231
Peguera Torà Plaça,2025-07-11 10:00:00,111.0,173.85974
Peguera Torà Plaça,2025-07-11 11:00:00,107.0,170.44058
Peguera Torà Plaça,2025-07-11 12:00:00,122.0,163.58174
Peguera Torà Plaça,2025-07-11 15:00:00,189.0,136.1016
Peguera Torà Plaça,2025-07-11 16:00:00,188.0,104.22083
Peguera Torà Plaça,2025-07-11 17:00:00,78.0,43.33705
Peguera Torà Plaça,2025-07-11 18:00:00,134.0,71.305756
Peguera Torà Plaça,2025-07-11 19:00:00,164.0,82.04549
Peguera Torà Plaça,2025-07-11 20:00:00,144.0,92.423485
Peguera Torà Plaça,2025-07-12 08:00:00,125.0,119.36372
Peguera Torà Plaça,2025-07-12 09:00:00,131.0,113.616974
Peguera Torà Plaça,2025-07-12 10:00:00,109.0,145.19377
Peguera Torà Plaça,2025-07-12 11:00:00,113.0,143.68045
Peguera Torà Plaça,2025-07-12 12:00:00,111.0,151.77077
Peguera Torà Plaça,2025-07-12 13:00:00,116.0,131.74606
Peguera Torà Plaça,2025-07-12 14:00:00,112.0,123.547066
Peguera Torà Plaça,2025-07-12 15:00:00,148.0,112.8517
Peguera Torà Plaça,2025-07-12 16:00:00,163.0,106.30553
Peguera Torà Plaça,2025-07-12 17:00:00,43.0,36.983547
Peguera Torà Plaça,2025-07-12 18:00:00,138.0,68.81664
Peguera Torà Plaça,2025-07-12 19:00:00,168.0,87.17113
Peguera Torà Plaça,2025-07-12 20:00:00,156.0,105.47543
Peguera Torà Plaça,2025-07-13 08:00:00,103.0,135.57329
Peguera Torà Plaça,2025-07-13 09:00:00,121.0,135.21869
Peguera Torà Plaça,2025-07-13 10:00:00,131.0,174.88153
Peguera Torà Plaça,2025-07-13 11:00:00,142.0,162.8719
Peguera Torà Plaça,2025-07-13 12:00:00,110.0,162.29787
Peguera Torà Plaça,2025-07-13 13:00:00,130.0,155.26828
Peguera Torà Plaça,2025-07-13 14:00:00,133.0,142.97166
Peguera Torà Plaça,2025-07-13 15:00:00,137.0,121.42014
Peguera Torà Plaça,2025-07-13 16:00:00,172.0,103.169426
Peguera Torà Plaça,2025-07-13 17:00:00,47.0,32.583454
Peguera Torà Plaça,2025-07-13 18:00:00,156.0,43.43171
Peguera Torà Plaça,2025-07-13 19:00:00,181.0,72.26852
Peguera Torà Plaça,2025-07-13 20:00:00,157.0,128.40782
Peguera Torà Plaça,2025-07-14 08:00:00,113.0,129.3648
Peguera Torà Plaça,2025-07-14 09:00:00,127.0,139.51996
Peguera Torà Plaça,2025-07-14 10:00:00,121.0,157.8582
Peguera Torà Plaça,2025-07-14 11:00:00,112.0,154.88226
Peguera Torà Plaça,2025-07-14 12:00:00,95.0,145.01096
Peguera Torà Plaça,2025-07-14 13:00:00,135.0,136.2175
Peguera Torà Plaça,2025-07-14 14:00:00,141.0,148.19553
Peguera Torà Plaça,2025-07-14 15:00:00,129.0,111.348816
Peguera Torà Plaça,2025-07-14 16:00:00,182.0,99.479095
Peguera Torà Plaça,2025-07-14 17:00:00,62.0,38.03155
Peguera Torà Plaça,2025-07-14 18:00:00,145.0,76.92348
Peguera Torà Plaça,2025-07-14 19:00:00,188.0,108.665596
Peguera Torà Plaça,2025-07-14 20:00:00,146.0,98.74597
Peguera Torà Plaça,2025-07-15 08:00:00,136.0,120.64876
Peguera Torà Plaça,2025-07-15 09:00:00,113.0,109.07946
Peguera Torà Plaça,2025-07-15 10:00:00,116.0,79.513
Peguera Torà Plaça,2025-07-15 11:00:00,139.0,125.47817
Peguera Torà Plaça,2025-07-15 12:00:00,118.0,133.78123
Peguera Torà Plaça,2025-07-15 13:00:00,151.0,85.68691
Peguera Torà Plaça,2025-07-15 14:00:00,149.0,100.03251
Peguera Torà Plaça,2025-07-15 15:00:00,219.0,87.94579
Peguera Torà Plaça,2025-07-15 16:00:00,210.0,71.75018
Peguera Torà Plaça,2025-07-15 17:00:00,153.0,27.25937
Peguera Torà Plaça,2025-07-15 18:00:00,138.0,87.18853
Peguera Torà Plaça,2025-07-15 19:00:00,113.0,121.08778
Peguera Torà Plaça,2025-07-15 20:00:00,141.0,142.87346
Peguera Torà Plaça,2025-07-16 08:00:00,145.0,139.65848
Peguera Torà Plaça,2025-07-16 09:00:00,123.0,157.02512
Peguera Torà Plaça,2025-07-16 10:00:00,119.0,177.53113
Peguera Torà Plaça,2025-07-16 11:00:00,174.0,180.53435
Peguera Torà Plaça,2025-07-16 12:00:00,137.0,171.60687
Peguera Torà Plaça,2025-07-16 13:00:00,137.0,140.95973
Peguera Torà Plaça,2025-07-16 14:00:00,169.0,135.72829
Peguera Torà Plaça,2025-07-16 15:00:00,264.0,106.604774
Peguera Torà Plaça,2025-07-16 16:00:00,295.0,99.6306
Peguera Torà Plaça,2025-07-16 17:00:00,219.0,33.70983
Peguera Torà Plaça,2025-07-16 18:00:00,152.0,71.95718
Peguera Torà Plaça,2025-07-16 19:00:00,151.0,103.70205
Peguera Torà Plaça,2025-07-16 20:00:00,183.0,147.63371
Peguera Torà Plaça,2025-07-17 08:00:00,158.0,160.91266
Peguera Torà Plaça,2025-07-17 09:00:00,153.0,142.70691
Peguera Torà Plaça,2025-07-17 10:00:00,160.0,174.1608
Peguera Torà Plaça,2025-07-17 11:00:00,171.0,181.81609
Peguera Torà Plaça,2025-07-17 12:00:00,152.0,213.2836
Peguera Torà Plaça,2025-07-17 13:00:00,144.0,165.2558
Peguera Torà Plaça,2025-07-17 14:00:00,164.0,139.36418
Peguera Torà Plaça,2025-07-17 15:00:00,193.0,118.79417
Peguera Torà Plaça,2025-07-17 16:00:00,227.0,91.44131
Peguera Torà Plaça,2025-07-17 17:00:00,90.0,22.493801
Peguera Torà Plaça,2025-07-17 18:00:00,148.0,82.766914
Peguera Torà Plaça,2025-07-17 19:00:00,126.0,112.53597
Peguera Torà Plaça,2025-07-17 20:00:00,138.0,162.65718
Peguera Torà Plaça,2025-07-18 08:00:00,132.0,154.10887
Peguera Torà Plaça,2025-07-18 09:00:00,109.0,154.4915
Peguera Torà Plaça,2025-07-18 10:00:00,117.0,181.10257
Peguera Torà Plaça,2025-07-18 11:00:00,115.0,206.88889
Peguera Torà Plaça,2025-07-18 12:00:00,148.0,235.57547
Peguera Torà Plaça,2025-07-18 13:00:00,179.0,168.04138
Peguera Torà Plaça,2025-07-18 14:00:00,243.0,145.51631
Peguera Torà Plaça,2025-07-18 15:00:00,189.0,133.62111
Peguera Torà Plaça,2025-07-18 16:00:00,217.0,109.01925
Peguera Torà Plaça,2025-07-18 17:00:00,205.0,38.74414
Peguera Torà Plaça,2025-07-18 18:00:00,121.0,74.50972
Peguera Torà Plaça,2025-07-18 19:00:00,149.0,119.665535
Peguera Torà Plaça,2025-07-18 20:00:00,158.0,154.63008
Peguera Torà Plaça,2025-07-19 08:00:00,148.0,168.84003
Peguera Torà Plaça,2025-07-19 09:00:00,137.0,136.69485
Peguera Torà Plaça,2025-07-19 10:00:00,161.0,193.1715
Peguera Torà Plaça,2025-07-19 11:00:00,133.0,181.91856
Peguera Torà Plaça,2025-07-19 12:00:00,142.0,173.91393
Peguera Torà Plaça,2025-07-19 13:00:00,136.0,138.4715
Peguera Torà Plaça,2025-07-19 14:00:00,168.0,116.70773
Peguera Torà Plaça,2025-07-19 15:00:00,186.0,104.01432
Peguera Torà Plaça,2025-07-19 16:00:00,182.0,96.12927
Peguera Torà Plaça,2025-07-19 17:00:00,53.0,16.65041
Peguera Torà Plaça,2025-07-19 18:00:00,147.0,64.10944
Peguera Torà Plaça,2025-07-19 19:00:00,136.0,85.39438
Peguera Torà Plaça,2025-07-19 20:00:00,156.0,122.15668
Peguera Torà Plaça,2025-07-20 08:00:00,95.0,107.40948
Peguera Torà Plaça,2025-07-20 09:00:00,101.0,103.14725
Peguera Torà Plaça,2025-07-20 10:00:00,132.0,155.19518
Peguera Torà Plaça,2025-07-20 11:00:00,87.0,182.49152
Peguera Torà Plaça,2025-07-20 12:00:00,107.0,148.76073
Peguera Torà Plaça,2025-07-20 13:00:00,129.0,134.90504
Peguera Torà Plaça,2025-07-20 14:00:00,154.0,100.69277
Peguera Torà Plaça,2025-07-20 15:00:00,132.0,100.63511
Peguera Torà Plaça,2025-07-20 16:00:00,190.0,80.86882
Peguera Torà Plaça,2025-07-20 17:00:00,50.0,14.283803
Peguera Torà Plaça,2025-07-20 18:00:00,106.0,78.36448
Peguera Torà Plaça,2025-07-20 19:00:00,125.0,110.82062
Peguera Torà Plaça,2025-07-20 20:00:00,158.0,129.71304
Peguera Torà Plaça,2025-07-21 08:00:00,145.0,122.76924
Peguera Torà Plaça,2025-07-21 09:00:00,125.0,162.08395
Peguera Torà Plaça,2025-07-21 10:00:00,123.0,180.93266
Peguera Torà Plaça,2025-07-21 11:00:00,126.0,168.22545
Peguera Torà Plaça,2025-07-21 12:00:00,138.0,171.00139
Peguera Torà Plaça,2025-07-21 13:00:00,140.0,154.69684
Peguera Torà Plaça,2025-07-21 14:00:00,137.0,127.15511
Peguera Torà Plaça,2025-07-21 15:00:00,169.0,105.43847
Peguera Torà Plaça,2025-07-21 16:00:00,77.0,92.215744
Peguera Torà Plaça,2025-07-21 17:00:00,49.0,17.947834
Peguera Torà Plaça,2025-07-21 18:00:00,143.0,101.71087
Peguera Torà Plaça,2025-07-21 19:00:00,133.0,128.32497
Peguera Torà Plaça,2025-07-21 20:00:00,142.0,130.42236
Peguera Torà Plaça,2025-07-22 08:00:00,139.0,142.24245
Peguera Torà Plaça,2025-07-22 09:00:00,120.0,134.18973
Peguera Torà Plaça,2025-07-22 10:00:00,112.0,171.90054
Peguera Torà Plaça,2025-07-22 11:00:00,129.0,177.45715
Peguera Torà Plaça,2025-07-22 12:00:00,122.0,171.71097
Peguera Torà Plaça,2025-07-22 13:00:00,147.0,168.49641
Peguera Torà Plaça,2025-07-22 14:00:00,145.0,132.7823
Peguera Torà Plaça,2025-07-22 15:00:00,151.0,100.63022
Peguera Torà Plaça,2025-07-22 16:00:00,107.0,92.08994
Peguera Torà Plaça,2025-07-22 17:00:00,63.0,27.976221
Peguera Torà Plaça,2025-07-22 18:00:00,160.0,111.89709
Peguera Torà Plaça,2025-07-22 19:00:00,164.0,129.28468
Peguera Torà Plaça,2025-07-22 20:00:00,172.0,119.83986
Peguera Torà Plaça,2025-07-23 08:00:00,127.0,139.81656
Peguera Torà Plaça,2025-07-23 09:00:00,124.0,137.06764
Peguera Torà Plaça,2025-07-23 10:00:00,130.0,173.57544
Peguera Torà Plaça,2025-07-23 11:00:00,109.0,176.01712
Peguera Torà Plaça,2025-07-23 12:00:00,130.0,172.09055
Peguera Torà Plaça,2025-07-23 13:00:00,128.0,161.44466
Peguera Torà Plaça,2025-07-23 14:00:00,155.0,165.04259
Peguera Torà Plaça,2025-07-23 15:00:00,155.0,111.88419
Peguera Torà Plaça,2025-07-23 16:00:00,79.0,95.96877
Peguera Torà Plaça,2025-07-23 17:00:00,68.0,39.989155
Peguera Torà Plaça,2025-07-23 18:00:00,147.0,90.93004
Peguera Torà Plaça,2025-07-23 19:00:00,147.0,109.58263
Peguera Torà Plaça,2025-07-23 20:00:00,135.0,130.09026
Peguera Torà Plaça,2025-07-24 08:00:00,131.0,134.93568
Peguera Torà Plaça,2025-07-24 09:00:00,112.0,138.07959
Peguera Torà Plaça,2025-07-24 10:00:00,112.0,178.72821
Peguera Torà Plaça,2025-07-24 11:00:00,101.0,167.7172
Peguera Torà Plaça,2025-07-24 12:00:00,132.0,227.76442
Peguera Torà Plaça,2025-07-24 13:00:00,141.0,156.33478
Peguera Torà Plaça,2025-07-24 14:00:00,140.0,144.32399
Peguera Torà Plaça,2025-07-24 15:00:00,154.0,131.27274
Peguera Torà Plaça,2025-07-24 16:00:00,103.0,115.08184
Peguera Torà Plaça,2025-07-24 17:00:00,73.0,34.990677
Peguera Torà Plaça,2025-07-24 18:00:00,162.0,127.70822
Peguera Torà Plaça,2025-07-24 19:00:00,167.0,137.64746
Peguera Torà Plaça,2025-07-24 20:00:00,119.0,172.47522
Peguera Torà Plaça,2025-07-25 08:00:00,110.0,171.10204
Peguera Torà Plaça,2025-07-25 09:00:00,132.0,208.38951
Peguera Torà Plaça,2025-07-25 10:00:00,98.0,180.55089
Peguera Torà Plaça,2025-07-25 11:00:00,116.0,225.02924
Peguera Torà Plaça,2025-07-25 12:00:00,126.0,208.70874
Peguera Torà Plaça,2025-07-25 13:00:00,127.0,168.323
Peguera Torà Plaça,2025-07-25 14:00:00,157.0,141.2788
Peguera Torà Plaça,2025-07-25 15:00:00,147.0,109.80283
Peguera Torà Plaça,2025-07-25 16:00:00,110.0,112.203926
Peguera Torà Plaça,2025-07-25 17:00:00,63.0,32.247086
Peguera Torà Plaça,2025-07-25 18:00:00,131.0,94.01271
Peguera Torà Plaça,2025-07-25 19:00:00,141.0,147.9534
Peguera Torà Plaça,2025-07-25 20:00:00,161.0,218.5414
Peguera Torà Plaça,2025-07-26 08:00:00,123.0,242.82748
Peguera Torà Plaça,2025-07-26 09:00:00,123.0,212.5095
Peguera Torà Plaça,2025-07-26 10:00:00,112.0,240.13297
Peguera Torà Plaça,2025-07-26 11:00:00,104.0,256.82797
Peguera Torà Plaça,2025-07-26 12:00:00,119.0,229.59593
Peguera Torà Plaça,2025-07-26 13:00:00,144.0,190.45293
Peguera Torà Plaça,2025-07-26 14:00:00,161.0,146.43129
Peguera Torà Plaça,2025-07-26 15:00:00,126.0,124.87597
Peguera Torà Plaça,2025-07-26 16:00:00,94.0,102.75742
Peguera Torà Plaça,2025-07-26 17:00:00,59.0,31.38846
Peguera Torà Plaça,2025-07-26 18:00:00,131.0,125.22183
Peguera Torà Plaça,2025-07-26 19:00:00,129.0,173.91414
Peguera Torà Plaça,2025-07-26 20:00:00,140.0,230.16158
Peguera Torà Plaça,2025-07-27 08:00:00,132.0,173.20656
Peguera Torà Plaça,2025-07-27 09:00:00,124.0,216.1457
Peguera Torà Plaça,2025-07-27 10:00:00,102.0,193.58833
Peguera Torà Plaça,2025-07-27 11:00:00,125.0,201.24687
Peguera Torà Plaça,2025-07-27 12:00:00,114.0,187.88123
Peguera Torà Plaça,2025-07-27 13:00:00,143.0,161.7444
Peguera Torà Plaça,2025-07-27 14:00:00,127.0,145.35019
Peguera Torà Plaça,2025-07-27 15:00:00,145.0,128.34962
Peguera Torà Plaça,2025-07-27 16:00:00,87.0,103.00862
Peguera Torà Plaça,2025-07-27 17:00:00,63.0,32.094265
Peguera Torà Plaça,2025-07-27 18:00:00,158.0,76.70362
Peguera Torà Plaça,2025-07-27 19:00:00,154.0,106.95054
Peguera Torà Plaça,2025-07-27 20:00:00,153.0,207.76309
Peguera Torà Plaça,2025-07-28 08:00:00,114.0,220.92566
Peguera Torà Plaça,2025-07-28 09:00:00,107.0,210.7811
Peguera Torà Plaça,2025-07-28 10:00:00,93.0,232.87698
Peguera Torà Plaça,2025-07-28 11:00:00,116.0,251.2646
Peguera Torà Plaça,2025-07-28 12:00:00,86.0,265.8033
Peguera Torà Plaça,2025-07-28 13:00:00,110.0,227.02777
Peguera Torà Plaça,2025-07-28 14:00:00,124.0,207.50223
Peguera Torà Plaça,2025-07-28 15:00:00,168.0,214.30115
Peguera Torà Plaça,2025-07-28 16:00:00,93.0,135.97781
Peguera Torà Plaça,2025-07-28 17:00:00,62.0,52.557884
Peguera Torà Plaça,2025-07-28 18:00:00,136.0,97.895905
Peguera Torà Plaça,2025-07-28 19:00:00,135.0,133.62984
Peguera Torà Plaça,2025-07-28 20:00:00,124.0,149.28175
Peguera Torà Plaça,2025-07-29 08:00:00,113.0,143.81488
Peguera Torà Plaça,2025-07-29 09:00:00,111.0,192.28629
Peguera Torà Plaça,2025-07-29 10:00:00,113.0,220.09267
Peguera Torà Plaça,2025-07-29 11:00:00,113.0,184.79253
Peguera Torà Plaça,2025-07-29 12:00:00,104.0,168.84634
Peguera Torà Plaça,2025-07-29 13:00:00,132.0,159.6548
Peguera Torà Plaça,2025-07-29 14:00:00,146.0,158.58038
Peguera Torà Plaça,2025-07-29 15:00:00,155.0,117.49655
Peguera Torà Plaça,2025-07-29 16:00:00,68.0,101.74871
Peguera Torà Plaça,2025-07-29 17:00:00,62.0,38.303215
Peguera Torà Plaça,2025-07-29 18:00:00,149.0,58.647873
Peguera Torà Plaça,2025-07-29 19:00:00,163.0,105.31943
Peguera Torà Plaça,2025-07-29 20:00:00,143.0,131.11307
Peguera Torà Plaça,2025-07-30 08:00:00,15.0,152.12553
Peguera Torà Plaça,2025-07-30 09:00:00,13.0,149.76498
Peguera Torà Plaça,2025-07-30 10:00:00,17.0,185.65152
Peguera Torà Plaça,2025-07-30 11:00:00,14.0,176.38805
Peguera Torà Plaça,2025-07-30 12:00:00,18.0,178.04364
Peguera Torà Plaça,2025-07-30 13:00:00,18.0,159.86414
Peguera Torà Plaça,2025-07-30 14:00:00,17.0,153.05544
Peguera Torà Plaça,2025-07-30 15:00:00,19.0,140.96901
Peguera Torà Plaça,2025-07-30 16:00:00,16.0,111.17252
Peguera Torà Plaça,2025-07-30 17:00:00,12.0,53.801327
Peguera Torà Plaça,2025-07-30 18:00:00,21.0,94.99849
Peguera Torà Plaça,2025-07-30 19:00:00,18.0,95.60222
Peguera Torà Plaça,2025-07-30 20:00:00,15.0,116.06131
Peguera Torà Plaça,2025-07-31 08:00:00,15.0,112.4497
Peguera Torà Plaça,2025-07-31 09:00:00,13.0,121.03835
Peguera Torà Plaça,2025-07-31 10:00:00,13.0,177.61449
Peguera Torà Plaça,2025-07-31 11:00:00,12.0,157.19516
Peguera Torà Plaça,2025-07-31 12:00:00,18.0,166.11507
Peguera Torà Plaça,2025-07-31 13:00:00,18.0,150.61165
Peguera Torà Plaça,2025-07-31 14:00:00,26.0,134.80685
Peguera Torà Plaça,2025-07-31 15:00:00,20.0,113.51112
Peguera Torà Plaça,2025-07-31 16:00:00,15.0,91.07684
Peguera Torà Plaça,2025-07-31 17:00:00,13.0,41.07714
Peguera Torà Plaça,2025-07-31 18:00:00,18.0,93.65927
Peguera Torà Plaça,2025-07-31 19:00:00,16.0,98.74013
Peguera Torà Plaça,2025-07-31 20:00:00,17.0,128.30307
Peguera Torà Plaça,2025-08-01 08:00:00,13.0,130.43178
Peguera Torà Plaça,2025-08-01 09:00:00,13.0,138.36633
Peguera Torà Plaça,2025-08-01 10:00:00,13.0,165.52885
Peguera Torà Plaça,2025-08-01 11:00:00,17.0,172.85283
Peguera Torà Plaça,2025-08-01 12:00:00,18.0,173.3281
Peguera Torà Plaça,2025-08-01 13:00:00,17.0,160.14967
Peguera Torà Plaça,2025-08-01 14:00:00,21.0,170.6116
Peguera Torà Plaça,2025-08-01 15:00:00,18.0,155.46579
Peguera Torà Plaça,2025-08-01 16:00:00,20.0,102.903145
Peguera Torà Plaça,2025-08-01 17:00:00,17.0,45.61776
Peguera Torà Plaça,2025-08-01 18:00:00,155.0,43.803925
Peguera Torà Plaça,2025-08-01 19:00:00,129.0,79.78467
Peguera Torà Plaça,2025-08-01 20:00:00,152.0,105.51161
Peguera Torà Plaça,2025-08-02 08:00:00,133.0,116.73493
Peguera Torà Plaça,2025-08-02 09:00:00,131.0,117.876175
Peguera Torà Plaça,2025-08-02 10:00:00,100.0,144.31595
Peguera Torà Plaça,2025-08-02 11:00:00,105.0,149.37045
Peguera Torà Plaça,2025-08-02 12:00:00,123.0,140.82669
Peguera Torà Plaça,2025-08-02 13:00:00,155.0,132.52701
Peguera Torà Plaça,2025-08-02 14:00:00,116.0,130.13129
Peguera Torà Plaça,2025-08-02 15:00:00,187.0,114.84837
Peguera Torà Plaça,2025-08-02 16:00:00,71.0,103.0876
Peguera Torà Plaça,2025-08-02 17:00:00,69.0,57.620632
Peguera Torà Plaça,2025-08-02 18:00:00,159.0,48.727283
Peguera Torà Plaça,2025-08-02 19:00:00,162.0,69.57439
Peguera Torà Plaça,2025-08-02 20:00:00,144.0,83.37049
Peguera Torà Plaça,2025-08-03 08:00:00,133.0,115.09549
Peguera Torà Plaça,2025-08-03 09:00:00,90.0,127.90891
Peguera Torà Plaça,2025-08-03 10:00:00,122.0,135.52525
Peguera Torà Plaça,2025-08-03 11:00:00,138.0,148.42603
Peguera Torà Plaça,2025-08-03 12:00:00,114.0,138.88646
Peguera Torà Plaça,2025-08-03 13:00:00,151.0,138.95357
Peguera Torà Plaça,2025-08-03 14:00:00,152.0,121.63305
Peguera Torà Plaça,2025-08-03 15:00:00,137.0,128.9796
Peguera Torà Plaça,2025-08-03 16:00:00,79.0,101.753395
Peguera Torà Plaça,2025-08-03 17:00:00,47.0,63.39228
Peguera Torà Plaça,2025-08-03 18:00:00,130.0,57.21268
Peguera Torà Plaça,2025-08-03 19:00:00,157.0,79.81163
Peguera Torà Plaça,2025-08-03 20:00:00,159.0,95.52556
Peguera Torà Plaça,2025-08-04 08:00:00,156.0,123.36881
Peguera Torà Plaça,2025-08-04 09:00:00,138.0,121.871574
Peguera Torà Plaça,2025-08-04 10:00:00,107.0,145.46448
Peguera Torà Plaça,2025-08-04 11:00:00,111.0,138.34384
Peguera Torà Plaça,2025-08-04 12:00:00,137.0,136.49051
Peguera Torà Plaça,2025-08-04 13:00:00,155.0,135.70828
Peguera Torà Plaça,2025-08-04 14:00:00,176.0,133.90567
Peguera Torà Plaça,2025-08-04 15:00:00,182.0,116.03354
Peguera Torà Plaça,2025-08-04 16:00:00,92.0,102.18594
Peguera Torà Plaça,2025-08-04 17:00:00,72.0,72.14383
Peguera Torà Plaça,2025-08-04 18:00:00,120.0,38.346024
Peguera Torà Plaça,2025-08-04 19:00:00,147.0,73.45473
Peguera Torà Plaça,2025-08-04 20:00:00,137.0,97.49057
Peguera Torà Plaça,2025-08-05 08:00:00,145.0,122.31393
Peguera Torà Plaça,2025-08-05 09:00:00,121.0,126.45862
Peguera Torà Plaça,2025-08-05 10:00:00,118.0,150.31636
Peguera Torà Plaça,2025-08-05 11:00:00,121.0,150.60097
Peguera Torà Plaça,2025-08-05 12:00:00,157.0,140.38261
Peguera Torà Plaça,2025-08-05 13:00:00,145.0,141.67151
Peguera Torà Plaça,2025-08-05 14:00:00,167.0,135.96689
Peguera Torà Plaça,2025-08-05 15:00:00,136.0,124.233734
Peguera Torà Plaça,2025-08-05 16:00:00,88.0,96.77464
Peguera Torà Plaça,2025-08-05 17:00:00,51.0,68.78533
Peguera Torà Plaça,2025-08-05 18:00:00,149.0,41.562454
Peguera Torà Plaça,2025-08-05 19:00:00,163.0,74.582436
Peguera Torà Plaça,2025-08-05 20:00:00,167.0,101.09637
Peguera Torà Plaça,2025-08-06 08:00:00,168.0,134.63986
Peguera Torà Plaça,2025-08-06 09:00:00,142.0,144.31706
Peguera Torà Plaça,2025-08-06 10:00:00,132.0,173.95508
Peguera Torà Plaça,2025-08-06 11:00:00,140.0,154.61633
Peguera Torà Plaça,2025-08-06 12:00:00,138.0,152.51503
Peguera Torà Plaça,2025-08-06 13:00:00,171.0,143.43399
Peguera Torà Plaça,2025-08-06 14:00:00,163.0,130.33994
Peguera Torà Plaça,2025-08-06 15:00:00,150.0,133.10493
Peguera Torà Plaça,2025-08-06 16:00:00,88.0,86.50919
Peguera Torà Plaça,2025-08-06 17:00:00,75.0,62.338745
Peguera Torà Plaça,2025-08-06 18:00:00,135.0,32.600998
Peguera Torà Plaça,2025-08-06 19:00:00,159.0,66.80537
Peguera Torà Plaça,2025-08-06 20:00:00,165.0,92.60124
Peguera Torà Plaça,2025-08-07 08:00:00,140.0,126.835785
Peguera Torà Plaça,2025-08-07 09:00:00,137.0,141.43254
Peguera Torà Plaça,2025-08-07 10:00:00,115.0,168.58519
Peguera Torà Plaça,2025-08-07 11:00:00,115.0,160.67564
Peguera Torà Plaça,2025-08-07 12:00:00,134.0,160.2155
Peguera Torà Plaça,2025-08-07 13:00:00,143.0,139.68779
Peguera Torà Plaça,2025-08-07 14:00:00,152.0,137.83382
Peguera Torà Plaça,2025-08-07 15:00:00,178.0,123.39078
Peguera Torà Plaça,2025-08-07 16:00:00,71.0,101.90503
Peguera Torà Plaça,2025-08-07 17:00:00,60.0,69.807205
Peguera Torà Plaça,2025-08-07 18:00:00,108.0,25.053724
Peguera Torà Plaça,2025-08-07 19:00:00,137.0,69.04163
Peguera Torà Plaça,2025-08-07 20:00:00,159.0,113.219765
Peguera Torà Plaça,2025-08-08 08:00:00,121.0,130.4245
Peguera Torà Plaça,2025-08-08 09:00:00,138.0,153.13054
Peguera Torà Plaça,2025-08-08 10:00:00,98.0,171.74594
Peguera Torà Plaça,2025-08-08 11:00:00,134.0,168.59361
Peguera Torà Plaça,2025-08-08 12:00:00,162.0,166.80339
Peguera Torà Plaça,2025-08-08 13:00:00,153.0,164.81137
Peguera Torà Plaça,2025-08-08 14:00:00,128.0,126.09088
Peguera Torà Plaça,2025-08-08 15:00:00,141.0,99.85272
Peguera Torà Plaça,2025-08-08 16:00:00,68.0,83.307014
Peguera Torà Plaça,2025-08-08 17:00:00,62.0,45.238113
Peguera Torà Plaça,2025-08-08 18:00:00,125.0,71.717285
Peguera Torà Plaça,2025-08-08 19:00:00,158.0,100.58272
Peguera Torà Plaça,2025-08-08 20:00:00,154.0,133.59395
Peguera Torà Plaça,2025-08-09 08:00:00,127.0,145.01593
Peguera Torà Plaça,2025-08-09 09:00:00,93.0,153.46698
Peguera Torà Plaça,2025-08-09 10:00:00,77.0,136.03674
Peguera Torà Plaça,2025-08-09 11:00:00,91.0,142.00308
Peguera Torà Plaça,2025-08-09 12:00:00,95.0,130.12201
Peguera Torà Plaça,2025-08-09 13:00:00,104.0,101.00854
Peguera Torà Plaça,2025-08-09 14:00:00,149.0,69.7533
Peguera Torà Plaça,2025-08-09 15:00:00,139.0,46.997818
Peguera Torà Plaça,2025-08-09 16:00:00,79.0,39.99514
Peguera Torà Plaça,2025-08-09 17:00:00,59.0,18.01384
Peguera Torà Plaça,2025-08-09 18:00:00,126.0,42.196632
Peguera Torà Plaça,2025-08-09 19:00:00,138.0,42.207882
Peguera Torà Plaça,2025-08-09 20:00:00,134.0,37.12976
Peguera Torà Plaça,2025-08-10 08:00:00,119.0,60.008423
Peguera Torà Plaça,2025-08-10 09:00:00,136.0,43.922207
Peguera Torà Plaça,2025-08-10 10:00:00,116.0,62.63801
Peguera Torà Plaça,2025-08-10 11:00:00,112.0,59.72423
Peguera Torà Plaça,2025-08-10 12:00:00,126.0,57.51844
Peguera Torà Plaça,2025-08-10 13:00:00,121.0,43.339252
Peguera Torà Plaça,2025-08-10 14:00:00,116.0,36.43273
Peguera Torà Plaça,2025-08-10 15:00:00,145.0,25.634497
Peguera Torà Plaça,2025-08-10 16:00:00,71.0,19.535908
Peguera Torà Plaça,2025-08-10 17:00:00,57.0,7.457145
Peguera Torà Plaça,2025-08-10 18:00:00,132.0,15.561814
Peguera Torà Plaça,2025-08-10 19:00:00,143.0,21.332499
Peguera Torà Plaça,2025-08-10 20:00:00,151.0,16.439926
Peguera Torà Plaça,2025-08-11 08:00:00,146.0,29.631838
Peguera Torà Plaça,2025-08-11 09:00:00,111.0,40.26682
Peguera Torà Plaça,2025-08-11 10:00:00,108.0,29.172766
Peguera Torà Plaça,2025-08-11 11:00:00,110.0,40.903503
Peguera Torà Plaça,2025-08-11 12:00:00,112.0,56.784534
Peguera Torà Plaça,2025-08-11 13:00:00,125.0,84.22206
Peguera Torà Plaça,2025-08-11 14:00:00,109.0,91.28843
Peguera Torà Plaça,2025-08-11 15:00:00,149.0,76.334785
Peguera Torà Plaça,2025-08-11 16:00:00,95.0,68.69118
Peguera Torà Plaça,2025-08-11 17:00:00,50.0,37.62402
Peguera Torà Plaça,2025-08-11 18:00:00,149.0,51.17414
Peguera Torà Plaça,2025-08-11 19:00:00,134.0,83.31025
Peguera Torà Plaça,2025-08-11 20:00:00,154.0,100.070724
Peguera Torà Plaça,2025-08-12 08:00:00,143.0,112.16318
Peguera Torà Plaça,2025-08-12 09:00:00,132.0,125.089745
Peguera Torà Plaça,2025-08-12 10:00:00,117.0,148.14813
Peguera Torà Plaça,2025-08-12 11:00:00,150.0,130.5248
Peguera Torà Plaça,2025-08-12 12:00:00,158.0,129.99655
Peguera Torà Plaça,2025-08-12 13:00:00,186.0,110.30617
Peguera Torà Plaça,2025-08-12 14:00:00,193.0,103.45805
Peguera Torà Plaça,2025-08-12 15:00:00,155.0,84.02632
Peguera Torà Plaça,2025-08-12 16:00:00,81.0,58.073418
Peguera Torà Plaça,2025-08-12 17:00:00,58.0,18.68457
Peguera Torà Plaça,2025-08-12 18:00:00,109.0,71.11107
Peguera Torà Plaça,2025-08-12 19:00:00,146.0,103.00988
Peguera Torà Plaça,2025-08-12 20:00:00,159.0,100.387825
Peguera Torà Plaça,2025-08-13 08:00:00,126.0,117.98281
Peguera Torà Plaça,2025-08-13 09:00:00,121.0,114.506226
Peguera Torà Plaça,2025-08-13 10:00:00,122.0,156.1408
Peguera Torà Plaça,2025-08-13 11:00:00,107.0,139.01604
Peguera Torà Plaça,2025-08-13 12:00:00,156.0,140.40099
Peguera Torà Plaça,2025-08-13 13:00:00,152.0,151.21114
Peguera Torà Plaça,2025-08-13 14:00:00,137.0,128.25925
Peguera Torà Plaça,2025-08-13 15:00:00,145.0,104.449036
Peguera Torà Plaça,2025-08-13 16:00:00,82.0,76.05295
Peguera Torà Plaça,2025-08-13 17:00:00,53.0,34.23736
Peguera Torà Plaça,2025-08-13 18:00:00,129.0,93.872086
Peguera Torà Plaça,2025-08-13 19:00:00,135.0,101.54317
Peguera Torà Plaça,2025-08-13 20:00:00,146.0,131.40047
Peguera Torà Plaça,2025-08-14 08:00:00,125.0,163.8771
Peguera Torà Plaça,2025-08-14 09:00:00,107.0,162.5492
Peguera Torà Plaça,2025-08-14 10:00:00,107.0,187.16447
Peguera Torà Plaça,2025-08-14 11:00:00,122.0,170.10469
Peguera Torà Plaça,2025-08-14 12:00:00,142.0,161.96768
Peguera Torà Plaça,2025-08-14 13:00:00,149.0,171.02803
Peguera Torà Plaça,2025-08-14 14:00:00,125.0,154.80437
Peguera Torà Plaça,2025-08-14 15:00:00,148.0,109.860725
Peguera Torà Plaça,2025-08-14 16:00:00,81.0,87.20168
Peguera Torà Plaça,2025-08-14 17:00:00,60.0,32.657566
Peguera Torà Plaça,2025-08-14 18:00:00,139.0,91.21748
Peguera Torà Plaça,2025-08-14 19:00:00,136.0,138.15836
Peguera Torà Plaça,2025-08-14 20:00:00,141.0,133.90659
Peguera Torà Plaça,2025-08-15 08:00:00,137.0,126.602104
Peguera Torà Plaça,2025-08-15 09:00:00,117.0,140.3751
Peguera Torà Plaça,2025-08-15 10:00:00,108.0,184.64772
Peguera Torà Plaça,2025-08-15 11:00:00,98.0,186.04297
Peguera Torà Plaça,2025-08-15 12:00:00,98.0,195.90186
Peguera Torà Plaça,2025-08-15 13:00:00,149.0,187.40916
Peguera Torà Plaça,2025-08-15 14:00:00,133.0,140.60579
Peguera Torà Plaça,2025-08-15 15:00:00,168.0,135.44116
Peguera Torà Plaça,2025-08-15 16:00:00,66.0,106.17858
Peguera Torà Plaça,2025-08-15 17:00:00,66.0,45.1149
Peguera Torà Plaça,2025-08-15 18:00:00,99.0,40.588192
Peguera Torà Plaça,2025-08-15 19:00:00,126.0,75.21144
Peguera Torà Plaça,2025-08-15 20:00:00,125.0,78.79469
Peguera Torà Plaça,2025-08-16 08:00:00,125.0,112.570435
Peguera Torà Plaça,2025-08-16 09:00:00,109.0,150.21161
Peguera Torà Plaça,2025-08-16 10:00:00,107.0,163.47122
Peguera Torà Plaça,2025-08-16 11:00:00,110.0,180.56932
Peguera Torà Plaça,2025-08-16 12:00:00,132.0,168.24893
Peguera Torà Plaça,2025-08-16 13:00:00,98.0,147.94594
Peguera Torà Plaça,2025-08-16 14:00:00,148.0,148.97563
Peguera Torà Plaça,2025-08-16 15:00:00,151.0,132.87553
Peguera Torà Plaça,2025-08-16 16:00:00,81.0,102.53911
Peguera Torà Plaça,2025-08-16 17:00:00,65.0,40.10213
Peguera Torà Plaça,2025-08-16 18:00:00,87.0,32.54823
Peguera Torà Plaça,2025-08-16 19:00:00,151.0,94.78761
Peguera Torà Plaça,2025-08-16 20:00:00,143.0,115.680504
Peguera Torà Plaça,2025-08-17 08:00:00,146.0,127.96274
Peguera Torà Plaça,2025-08-17 09:00:00,139.0,119.933266
Peguera Torà Plaça,2025-08-17 10:00:00,105.0,168.69208
Peguera Torà Plaça,2025-08-17 11:00:00,119.0,160.43825
Peguera Torà Plaça,2025-08-17 12:00:00,128.0,162.11925
Peguera Torà Plaça,2025-08-17 13:00:00,130.0,145.96701
Peguera Torà Plaça,2025-08-17 14:00:00,147.0,122.50078
Peguera Torà Plaça,2025-08-17 15:00:00,179.0,126.6867
Peguera Torà Plaça,2025-08-17 16:00:00,58.0,78.49611
Peguera Torà Plaça,2025-08-17 17:00:00,50.0,49.57637
Peguera Torà Plaça,2025-08-17 18:00:00,83.0,41.684235
Peguera Torà Plaça,2025-08-17 19:00:00,90.0,93.358955
Peguera Torà Plaça,2025-08-17 20:00:00,127.0,113.9728
Peguera Torà Plaça,2025-08-18 08:00:00,101.0,115.74889
Peguera Torà Plaça,2025-08-18 09:00:00,97.0,112.67061
Peguera Torà Plaça,2025-08-18 10:00:00,93.0,136.80844
Peguera Torà Plaça,2025-08-18 11:00:00,69.0,130.44766
Peguera Torà Plaça,2025-08-18 12:00:00,116.0,132.67757
Peguera Torà Plaça,2025-08-18 13:00:00,123.0,127.198555
Peguera Torà Plaça,2025-08-18 14:00:00,115.0,113.72597
Peguera Torà Plaça,2025-08-18 15:00:00,130.0,103.739746
Peguera Torà Plaça,2025-08-18 16:00:00,85.0,71.82071
Peguera Torà Plaça,2025-08-18 17:00:00,51.0,54.62134
Peguera Torà Plaça,2025-08-18 18:00:00,107.0,48.225727
Peguera Torà Plaça,2025-08-18 19:00:00,123.0,88.194305
Peguera Torà Plaça,2025-08-18 20:00:00,134.0,99.17563
Peguera Torà Plaça,2025-08-19 08:00:00,138.0,111.37465
Peguera Torà Plaça,2025-08-19 09:00:00,116.0,133.67903
Peguera Torà Plaça,2025-08-19 10:00:00,120.0,144.53442
Peguera Torà Plaça,2025-08-19 11:00:00,123.0,149.47911
Peguera Torà Plaça,2025-08-19 12:00:00,111.0,149.20752
Peguera Torà Plaça,2025-08-19 13:00:00,162.0,137.4487
Peguera Torà Plaça,2025-08-19 14:00:00,152.0,132.75418
Peguera Torà Plaça,2025-08-19 15:00:00,140.0,103.22566
Peguera Torà Plaça,2025-08-19 16:00:00,73.0,66.63598
Peguera Torà Plaça,2025-08-19 17:00:00,76.0,43.952354
Peguera Torà Plaça,2025-08-19 18:00:00,115.0,79.991974
Peguera Torà Plaça,2025-08-19 19:00:00,140.0,97.82627
Peguera Torà Plaça,2025-08-19 20:00:00,133.0,98.581406
Peguera Torà Plaça,2025-08-20 08:00:00,117.0,113.964745
Peguera Torà Plaça,2025-08-20 09:00:00,97.0,142.68752
Peguera Torà Plaça,2025-08-20 10:00:00,79.0,141.53613
Peguera Torà Plaça,2025-08-20 11:00:00,107.0,151.26665
Peguera Torà Plaça,2025-08-20 12:00:00,116.0,152.57225
Peguera Torà Plaça,2025-08-20 13:00:00,126.0,133.0372
Peguera Torà Plaça,2025-08-20 14:00:00,179.0,113.99601
Peguera Torà Plaça,2025-08-20 15:00:00,141.0,94.95715
Peguera Torà Plaça,2025-08-20 16:00:00,89.0,65.781784
Peguera Torà Plaça,2025-08-20 17:00:00,69.0,40.091507
Peguera Torà Plaça,2025-08-20 18:00:00,142.0,90.29267
Peguera Torà Plaça,2025-08-20 19:00:00,157.0,106.97417
Peguera Torà Plaça,2025-08-20 20:00:00,153.0,101.71603
Peguera Torà Plaça,2025-08-21 08:00:00,130.0,131.25987
Peguera Torà Plaça,2025-08-21 09:00:00,115.0,125.77611
Peguera Torà Plaça,2025-08-21 10:00:00,106.0,163.41759
Peguera Torà Plaça,2025-08-21 11:00:00,104.0,159.23427
Peguera Torà Plaça,2025-08-21 12:00:00,117.0,152.44919
Peguera Torà Plaça,2025-08-21 13:00:00,154.0,144.046
Peguera Torà Plaça,2025-08-21 14:00:00,171.0,135.53154
Peguera Torà Plaça,2025-08-21 15:00:00,172.0,103.288315
Peguera Torà Plaça,2025-08-21 16:00:00,84.0,64.96742
Peguera Torà Plaça,2025-08-21 17:00:00,67.0,32.216545
Peguera Torà Plaça,2025-08-21 18:00:00,127.0,88.35154
Peguera Torà Plaça,2025-08-21 19:00:00,139.0,133.118
Peguera Torà Plaça,2025-08-21 20:00:00,122.0,145.82233
Peguera Torà Plaça,2025-08-22 08:00:00,119.0,166.54776
Peguera Torà Plaça,2025-08-22 09:00:00,81.0,193.99324
Peguera Torà Plaça,2025-08-22 10:00:00,115.0,210.26762
Peguera Torà Plaça,2025-08-22 11:00:00,110.0,210.57585
Peguera Torà Plaça,2025-08-22 12:00:00,125.0,193.46315
Peguera Torà Plaça,2025-08-22 13:00:00,163.0,176.04767
Peguera Torà Plaça,2025-08-22 14:00:00,147.0,153.34302
Peguera Torà Plaça,2025-08-22 15:00:00,155.0,112.39476
Peguera Torà Plaça,2025-08-22 16:00:00,79.0,77.795265
Peguera Torà Plaça,2025-08-22 17:00:00,59.0,43.12721
Peguera Torà Plaça,2025-08-22 18:00:00,69.0,97.305435
Peguera Torà Plaça,2025-08-22 19:00:00,124.0,136.89844
Peguera Torà Plaça,2025-08-22 20:00:00,153.0,142.12325
Peguera Torà Plaça,2025-08-23 08:00:00,137.0,142.13005
Peguera Torà Plaça,2025-08-23 09:00:00,120.0,152.7946
Peguera Torà Plaça,2025-08-23 10:00:00,141.0,169.22562
Peguera Torà Plaça,2025-08-23 11:00:00,112.0,160.88736
Peguera Torà Plaça,2025-08-23 12:00:00,143.0,155.46002
Peguera Torà Plaça,2025-08-23 13:00:00,173.0,137.81981
Peguera Torà Plaça,2025-08-23 14:00:00,179.0,100.37554
Peguera Torà Plaça,2025-08-23 15:00:00,149.0,81.502495
Peguera Torà Plaça,2025-08-23 16:00:00,79.0,38.774563
Peguera Torà Plaça,2025-08-23 17:00:00,70.0,37.540863
Peguera Torà Plaça,2025-08-23 18:00:00,112.0,120.526665
Peguera Torà Plaça,2025-08-23 19:00:00,165.0,100.72884
Peguera Torà Plaça,2025-08-23 20:00:00,154.0,130.33218
Peguera Torà Plaça,2025-08-24 08:00:00,118.0,140.04285
Peguera Torà Plaça,2025-08-24 09:00:00,120.0,140.74776
Peguera Torà Plaça,2025-08-24 10:00:00,99.0,145.94861
Peguera Torà Plaça,2025-08-24 11:00:00,105.0,148.52707
Peguera Torà Plaça,2025-08-24 12:00:00,147.0,145.96552
Peguera Torà Plaça,2025-08-24 13:00:00,126.0,127.07907
Peguera Torà Plaça,2025-08-24 14:00:00,140.0,113.88652
Peguera Torà Plaça,2025-08-24 15:00:00,161.0,83.40349
Peguera Torà Plaça,2025-08-24 16:00:00,73.0,52.00588
Peguera Torà Plaça,2025-08-24 17:00:00,72.0,23.3276
Peguera Torà Plaça,2025-08-24 18:00:00,126.0,93.19474
Peguera Torà Plaça,2025-08-24 19:00:00,124.0,135.36714
Peguera Torà Plaça,2025-08-24 20:00:00,146.0,143.41414
Peguera Torà Plaça,2025-08-25 08:00:00,139.0,141.91377
Peguera Torà Plaça,2025-08-25 09:00:00,123.0,142.83151
Peguera Torà Plaça,2025-08-25 10:00:00,129.0,148.32237
Peguera Torà Plaça,2025-08-25 11:00:00,139.0,146.25153
Peguera Torà Plaça,2025-08-25 12:00:00,131.0,145.8922
Peguera Torà Plaça,2025-08-25 13:00:00,138.0,128.77444
Peguera Torà Plaça,2025-08-25 14:00:00,143.0,91.6872
Peguera Torà Plaça,2025-08-25 15:00:00,155.0,80.97123
Peguera Torà Plaça,2025-08-25 16:00:00,47.0,47.55264
Peguera Torà Plaça,2025-08-25 17:00:00,52.0,22.891361
Peguera Torà Plaça,2025-08-25 18:00:00,140.0,95.927284
Peguera Torà Plaça,2025-08-25 19:00:00,144.0,134.9828
Peguera Torà Plaça,2025-08-25 20:00:00,154.0,139.95427
Peguera Torà Plaça,2025-08-26 08:00:00,141.0,144.83151
Peguera Torà Plaça,2025-08-26 09:00:00,127.0,146.53874
Peguera Torà Plaça,2025-08-26 10:00:00,142.0,146.48697
Peguera Torà Plaça,2025-08-26 11:00:00,113.0,151.98045
Peguera Torà Plaça,2025-08-26 12:00:00,113.0,149.1135
Peguera Torà Plaça,2025-08-26 13:00:00,111.0,125.91328
Peguera Torà Plaça,2025-08-26 14:00:00,119.0,98.31811
Peguera Torà Plaça,2025-08-26 15:00:00,140.0,87.39961
Peguera Torà Plaça,2025-08-26 16:00:00,37.0,57.988197
Peguera Torà Plaça,2025-08-26 17:00:00,30.0,26.864388
Peguera Torà Plaça,2025-08-26 18:00:00,121.0,80.6033
Peguera Torà Plaça,2025-08-26 19:00:00,136.0,130.50856
Peguera Torà Plaça,2025-08-26 20:00:00,166.0,114.244446
Peguera Torà Plaça,2025-08-27 08:00:00,152.0,131.22139
Peguera Torà Plaça,2025-08-27 09:00:00,150.0,126.08117
Peguera Torà Plaça,2025-08-27 10:00:00,138.0,143.97734
Peguera Torà Plaça,2025-08-27 11:00:00,128.0,148.36835
Peguera Torà Plaça,2025-08-27 12:00:00,159.0,141.88705
Peguera Torà Plaça,2025-08-27 13:00:00,137.0,111.85913
Peguera Torà Plaça,2025-08-27 14:00:00,152.0,95.35054
Peguera Torà Plaça,2025-08-27 15:00:00,160.0,66.84767
Peguera Torà Plaça,2025-08-27 16:00:00,45.0,27.58981
Peguera Torà Plaça,2025-08-27 17:00:00,44.0,28.182775
Peguera Torà Plaça,2025-08-27 18:00:00,134.0,98.09177
Peguera Torà Plaça,2025-08-27 19:00:00,200.0,123.193054
Peguera Torà Plaça,2025-08-27 20:00:00,161.0,107.561035
Peguera Torà Plaça,2025-08-28 08:00:00,160.0,115.53505
Peguera Torà Plaça,2025-08-28 09:00:00,140.0,131.34598
Peguera Torà Plaça,2025-08-28 10:00:00,141.0,144.68587
Peguera Torà Plaça,2025-08-28 11:00:00,114.0,150.21751
Peguera Torà Plaça,2025-08-28 12:00:00,135.0,142.29355
Peguera Torà Plaça,2025-08-28 13:00:00,107.0,119.85561
Peguera Torà Plaça,2025-08-28 14:00:00,135.0,111.83971
Peguera Torà Plaça,2025-08-28 15:00:00,168.0,88.82385
Peguera Torà Plaça,2025-08-28 16:00:00,30.0,48.67935
Peguera Torà Plaça,2025-08-28 17:00:00,36.0,29.625319
Peguera Torà Plaça,2025-08-28 18:00:00,114.0,82.373215
Peguera Torà Plaça,2025-08-28 19:00:00,135.0,78.01172
Peguera Torà Plaça,2025-08-28 20:00:00,157.0,92.82601
Peguera Torà Plaça,2025-08-29 08:00:00,140.0,118.124344
Peguera Torà Plaça,2025-08-29 09:00:00,116.0,127.900856
Peguera Torà Plaça,2025-08-29 10:00:00,130.0,147.94376
Peguera Torà Plaça,2025-08-29 11:00:00,117.0,129.35753
Peguera Torà Plaça,2025-08-29 12:00:00,139.0,119.999344
Peguera Torà Plaça,2025-08-29 13:00:00,111.0,97.99502
Peguera Torà Plaça,2025-08-29 14:00:00,103.0,95.14239
Peguera Torà Plaça,2025-08-29 15:00:00,153.0,80.32642
Peguera Torà Plaça,2025-08-29 16:00:00,27.0,47.97687
Peguera Torà Plaça,2025-08-29 17:00:00,36.0,43.1127
Peguera Torà Plaça,2025-08-29 18:00:00,117.0,74.620995
Peguera Torà Plaça,2025-08-29 19:00:00,109.0,106.83332
Peguera Torà Plaça,2025-08-29 20:00:00,156.0,103.77776
Peguera Torà Plaça,2025-08-30 08:00:00,109.0,118.77284
Peguera Torà Plaça,2025-08-30 09:00:00,136.0,124.44283
Peguera Torà Plaça,2025-08-30 10:00:00,119.0,152.75165
Peguera Torà Plaça,2025-08-30 11:00:00,113.0,150.04532
Peguera Torà Plaça,2025-08-30 12:00:00,121.0,132.28804
Peguera Torà Plaça,2025-08-30 13:00:00,111.0,122.45136
Peguera Torà Plaça,2025-08-30 14:00:00,107.0,107.91602
Peguera Torà Plaça,2025-08-30 15:00:00,161.0,90.8673
Peguera Torà Plaça,2025-08-30 16:00:00,48.0,35.106506
Peguera Torà Plaça,2025-08-30 17:00:00,31.0,32.856743
Peguera Torà Plaça,2025-08-30 18:00:00,123.0,58.227283
Peguera Torà Plaça,2025-08-30 19:00:00,122.0,97.40704
Peguera Torà Plaça,2025-08-30 20:00:00,151.0,87.04359
Platja Palmira,2025-06-01 08:00:00,126.0,156.28928
Platja Palmira,2025-06-01 09:00:00,129.0,126.76726
Platja Palmira,2025-06-01 10:00:00,102.0,164.65599
Platja Palmira,2025-06-01 11:00:00,129.0,166.65417
Platja Palmira,2025-06-01 12:00:00,108.0,156.12062
Platja Palmira,2025-06-01 13:00:00,76.0,136.71753
Platja Palmira,2025-06-01 14:00:00,43.0,121.8729
Platja Palmira,2025-06-01 15:00:00,40.0,82.74415
Platja Palmira,2025-06-01 16:00:00,39.0,80.54978
Platja Palmira,2025-06-01 17:00:00,9.0,13.980488
Platja Palmira,2025-06-01 18:00:00,76.0,117.25548
Platja Palmira,2025-06-01 19:00:00,144.0,123.15794
Platja Palmira,2025-06-01 20:00:00,154.0,150.57454
Platja Palmira,2025-06-02 08:00:00,159.0,167.97302
Platja Palmira,2025-06-02 09:00:00,123.0,158.01483
Platja Palmira,2025-06-02 10:00:00,98.0,136.87138
Platja Palmira,2025-06-02 11:00:00,104.0,153.12013
Platja Palmira,2025-06-02 12:00:00,103.0,129.80241
Platja Palmira,2025-06-02 13:00:00,59.0,124.89532
Platja Palmira,2025-06-02 14:00:00,34.0,106.9254
Platja Palmira,2025-06-02 15:00:00,46.0,85.18223
Platja Palmira,2025-06-02 16:00:00,96.0,82.95514
Platja Palmira,2025-06-02 17:00:00,9.0,30.071003
Platja Palmira,2025-06-02 18:00:00,123.0,87.266846
Platja Palmira,2025-06-02 19:00:00,190.0,115.87589
Platja Palmira,2025-06-02 20:00:00,172.0,135.26451
Platja Palmira,2025-06-03 08:00:00,110.0,151.75278
Platja Palmira,2025-06-03 09:00:00,116.0,148.29514
Platja Palmira,2025-06-03 10:00:00,107.0,155.68547
Platja Palmira,2025-06-03 11:00:00,103.0,148.53973
Platja Palmira,2025-06-03 12:00:00,93.0,142.93748
Platja Palmira,2025-06-03 13:00:00,58.0,130.32245
Platja Palmira,2025-06-03 14:00:00,42.0,97.05611
Platja Palmira,2025-06-03 15:00:00,37.0,79.070885
Platja Palmira,2025-06-03 16:00:00,63.0,69.17856
Platja Palmira,2025-06-03 17:00:00,9.0,32.63545
Platja Palmira,2025-06-03 18:00:00,103.0,132.97136
Platja Palmira,2025-06-03 19:00:00,150.0,142.43802
Platja Palmira,2025-06-03 20:00:00,163.0,141.77869
Platja Palmira,2025-06-04 08:00:00,163.0,119.813995
Platja Palmira,2025-06-04 09:00:00,163.0,83.664314
Platja Palmira,2025-06-04 10:00:00,126.0,129.91522
Platja Palmira,2025-06-04 11:00:00,102.0,129.12622
Platja Palmira,2025-06-04 12:00:00,83.0,134.3244
Platja Palmira,2025-06-04 13:00:00,55.0,102.80906
Platja Palmira,2025-06-04 14:00:00,31.0,91.65785
Platja Palmira,2025-06-04 15:00:00,39.0,83.59169
Platja Palmira,2025-06-04 16:00:00,92.0,70.41784
Platja Palmira,2025-06-04 17:00:00,12.0,40.064453
Platja Palmira,2025-06-04 18:00:00,95.0,90.52562
Platja Palmira,2025-06-04 19:00:00,148.0,117.44854
Platja Palmira,2025-06-04 20:00:00,160.0,121.62941
Platja Palmira,2025-06-05 08:00:00,161.0,116.793175
Platja Palmira,2025-06-05 09:00:00,108.0,98.33864
Platja Palmira,2025-06-05 10:00:00,116.0,143.42142
Platja Palmira,2025-06-05 11:00:00,98.0,137.33289
Platja Palmira,2025-06-05 12:00:00,97.0,132.60739
Platja Palmira,2025-06-05 13:00:00,69.0,128.07065
Platja Palmira,2025-06-05 14:00:00,57.0,105.49726
Platja Palmira,2025-06-05 15:00:00,50.0,88.64707
Platja Palmira,2025-06-05 16:00:00,59.0,73.84992
Platja Palmira,2025-06-05 17:00:00,10.0,36.462585
Platja Palmira,2025-06-05 18:00:00,104.0,84.60836
Platja Palmira,2025-06-05 19:00:00,192.0,105.813515
Platja Palmira,2025-06-05 20:00:00,183.0,117.94184
Platja Palmira,2025-06-06 08:00:00,141.0,142.31346
Platja Palmira,2025-06-06 09:00:00,146.0,103.84186
Platja Palmira,2025-06-06 10:00:00,113.0,108.39947
Platja Palmira,2025-06-06 11:00:00,155.0,149.24034
Platja Palmira,2025-06-06 12:00:00,122.0,134.10599
Platja Palmira,2025-06-06 13:00:00,79.0,123.41082
Platja Palmira,2025-06-06 14:00:00,62.0,107.344955
Platja Palmira,2025-06-06 15:00:00,53.0,88.18145
Platja Palmira,2025-06-06 16:00:00,57.0,73.84165
Platja Palmira,2025-06-06 17:00:00,9.0,57.42261
Platja Palmira,2025-06-06 18:00:00,122.0,87.39087
Platja Palmira,2025-06-06 19:00:00,140.0,103.44817
Platja Palmira,2025-06-06 20:00:00,130.0,123.346085
Platja Palmira,2025-06-07 08:00:00,134.0,129.8978
Platja Palmira,2025-06-07 09:00:00,84.0,108.97791
Platja Palmira,2025-06-07 10:00:00,110.0,136.90175
Platja Palmira,2025-06-07 11:00:00,97.0,121.08529
Platja Palmira,2025-06-07 12:00:00,104.0,122.12175
Platja Palmira,2025-06-07 13:00:00,57.0,110.31731
Platja Palmira,2025-06-07 14:00:00,54.0,94.98381
Platja Palmira,2025-06-07 15:00:00,45.0,81.75784
Platja Palmira,2025-06-07 16:00:00,59.0,64.69255
Platja Palmira,2025-06-07 17:00:00,8.0,26.23999
Platja Palmira,2025-06-07 18:00:00,71.0,89.76004
Platja Palmira,2025-06-07 19:00:00,107.0,95.69884
Platja Palmira,2025-06-07 20:00:00,119.0,112.8242
Platja Palmira,2025-06-08 08:00:00,101.0,119.49541
Platja Palmira,2025-06-08 09:00:00,110.0,111.90763
Platja Palmira,2025-06-08 10:00:00,126.0,125.435486
Platja Palmira,2025-06-08 11:00:00,110.0,138.71288
Platja Palmira,2025-06-08 12:00:00,100.0,130.00386
Platja Palmira,2025-06-08 13:00:00,64.0,119.13815
Platja Palmira,2025-06-08 14:00:00,48.0,97.60936
Platja Palmira,2025-06-08 15:00:00,45.0,82.45011
Platja Palmira,2025-06-08 16:00:00,73.0,54.39105
Platja Palmira,2025-06-08 17:00:00,9.0,43.77178
Platja Palmira,2025-06-08 18:00:00,114.0,131.68677
Platja Palmira,2025-06-08 19:00:00,150.0,112.602425
Platja Palmira,2025-06-08 20:00:00,140.0,136.827
Platja Palmira,2025-06-09 08:00:00,130.0,134.8584
Platja Palmira,2025-06-09 09:00:00,129.0,118.47953
Platja Palmira,2025-06-09 10:00:00,110.0,125.64359
Platja Palmira,2025-06-09 11:00:00,125.0,136.09666
Platja Palmira,2025-06-09 12:00:00,103.0,145.05154
Platja Palmira,2025-06-09 13:00:00,77.0,135.30154
Platja Palmira,2025-06-09 14:00:00,62.0,98.4487
Platja Palmira,2025-06-09 15:00:00,52.0,73.44846
Platja Palmira,2025-06-09 16:00:00,72.0,67.372986
Platja Palmira,2025-06-09 17:00:00,9.0,42.401478
Platja Palmira,2025-06-09 18:00:00,93.0,95.83047
Platja Palmira,2025-06-09 19:00:00,154.0,120.41703
Platja Palmira,2025-06-09 20:00:00,132.0,126.37021
Platja Palmira,2025-06-10 08:00:00,108.0,148.64825
Platja Palmira,2025-06-10 09:00:00,98.0,121.62199
Platja Palmira,2025-06-10 10:00:00,125.0,146.95787
Platja Palmira,2025-06-10 11:00:00,121.0,135.91158
Platja Palmira,2025-06-10 12:00:00,94.0,137.83951
Platja Palmira,2025-06-10 13:00:00,76.0,130.30872
Platja Palmira,2025-06-10 14:00:00,61.0,106.99554
Platja Palmira,2025-06-10 15:00:00,67.0,93.63129
Platja Palmira,2025-06-10 16:00:00,38.0,85.32296
Platja Palmira,2025-06-10 17:00:00,10.0,57.053986
Platja Palmira,2025-06-10 18:00:00,74.0,112.29107
Platja Palmira,2025-06-10 19:00:00,172.0,133.11536
Platja Palmira,2025-06-10 20:00:00,136.0,134.4608
Platja Palmira,2025-06-11 08:00:00,127.0,148.43428
Platja Palmira,2025-06-11 09:00:00,107.0,115.45191
Platja Palmira,2025-06-11 10:00:00,119.0,143.47984
Platja Palmira,2025-06-11 11:00:00,153.0,155.00198
Platja Palmira,2025-06-11 12:00:00,130.0,134.15347
Platja Palmira,2025-06-11 13:00:00,94.0,128.54008
Platja Palmira,2025-06-11 14:00:00,73.0,97.82656
Platja Palmira,2025-06-11 15:00:00,64.0,82.77148
Platja Palmira,2025-06-11 16:00:00,29.0,65.24298
Platja Palmira,2025-06-11 17:00:00,12.0,34.59517
Platja Palmira,2025-06-11 18:00:00,85.0,105.536896
Platja Palmira,2025-06-11 19:00:00,137.0,124.448006
Platja Palmira,2025-06-11 20:00:00,169.0,127.446465
Platja Palmira,2025-06-12 08:00:00,133.0,145.48012
Platja Palmira,2025-06-12 09:00:00,125.0,120.82667
Platja Palmira,2025-06-12 10:00:00,117.0,170.5477
Platja Palmira,2025-06-12 11:00:00,141.0,152.31824
Platja Palmira,2025-06-12 12:00:00,117.0,138.78224
Platja Palmira,2025-06-12 13:00:00,125.0,133.62685
Platja Palmira,2025-06-12 14:00:00,94.0,105.61553
Platja Palmira,2025-06-12 15:00:00,70.0,93.18509
Platja Palmira,2025-06-12 16:00:00,35.0,72.29615
Platja Palmira,2025-06-12 17:00:00,10.0,30.143568
Platja Palmira,2025-06-12 18:00:00,76.0,88.73118
Platja Palmira,2025-06-12 19:00:00,146.0,125.03002
Platja Palmira,2025-06-12 20:00:00,186.0,134.90208
Platja Palmira,2025-06-13 08:00:00,138.0,156.8914
Platja Palmira,2025-06-13 09:00:00,150.0,129.86565
Platja Palmira,2025-06-13 10:00:00,152.0,152.3645
Platja Palmira,2025-06-13 11:00:00,128.0,174.66753
Platja Palmira,2025-06-13 12:00:00,155.0,154.51384
Platja Palmira,2025-06-13 13:00:00,106.0,130.35538
Platja Palmira,2025-06-13 14:00:00,83.0,118.98669
Platja Palmira,2025-06-13 15:00:00,71.0,97.16409
Platja Palmira,2025-06-13 16:00:00,32.0,81.130226
Platja Palmira,2025-06-13 17:00:00,10.0,39.014038
Platja Palmira,2025-06-13 18:00:00,69.0,82.032104
Platja Palmira,2025-06-13 19:00:00,169.0,94.39593
Platja Palmira,2025-06-13 20:00:00,149.0,102.32644
Platja Palmira,2025-06-14 08:00:00,152.0,131.33348
Platja Palmira,2025-06-14 09:00:00,114.0,103.81086
Platja Palmira,2025-06-14 10:00:00,124.0,133.63405
Platja Palmira,2025-06-14 11:00:00,146.0,139.56589
Platja Palmira,2025-06-14 12:00:00,125.0,124.640564
Platja Palmira,2025-06-14 13:00:00,82.0,120.97873
Platja Palmira,2025-06-14 14:00:00,65.0,106.32078
Platja Palmira,2025-06-14 15:00:00,76.0,86.055756
Platja Palmira,2025-06-14 16:00:00,118.0,73.7255
Platja Palmira,2025-06-14 17:00:00,23.0,30.996668
Platja Palmira,2025-06-14 18:00:00,90.0,69.479706
Platja Palmira,2025-06-14 19:00:00,162.0,100.27677
Platja Palmira,2025-06-14 20:00:00,169.0,114.179146
Platja Palmira,2025-06-15 08:00:00,112.0,131.64813
Platja Palmira,2025-06-15 09:00:00,138.0,100.975
Platja Palmira,2025-06-15 10:00:00,134.0,152.3612
Platja Palmira,2025-06-15 11:00:00,138.0,160.88205
Platja Palmira,2025-06-15 12:00:00,113.0,123.36701
Platja Palmira,2025-06-15 13:00:00,95.0,122.072296
Platja Palmira,2025-06-15 14:00:00,91.0,106.280785
Platja Palmira,2025-06-15 15:00:00,78.0,102.05075
Platja Palmira,2025-06-15 16:00:00,33.0,93.42405
Platja Palmira,2025-06-15 17:00:00,9.0,54.73738
Platja Palmira,2025-06-15 18:00:00,103.0,68.6849
Platja Palmira,2025-06-15 19:00:00,157.0,113.23845
Platja Palmira,2025-06-15 20:00:00,199.0,123.95996
Platja Palmira,2025-06-16 08:00:00,129.0,147.72963
Platja Palmira,2025-06-16 09:00:00,127.0,118.497765
Platja Palmira,2025-06-16 10:00:00,126.0,140.36919
Platja Palmira,2025-06-16 11:00:00,141.0,142.15678
Platja Palmira,2025-06-16 12:00:00,123.0,131.67436
Platja Palmira,2025-06-16 13:00:00,92.0,117.80486
Platja Palmira,2025-06-16 14:00:00,91.0,110.84031
Platja Palmira,2025-06-16 15:00:00,77.0,91.96192
Platja Palmira,2025-06-16 16:00:00,40.0,77.77986
Platja Palmira,2025-06-16 17:00:00,11.0,43.078453
Platja Palmira,2025-06-16 18:00:00,86.0,81.79581
Platja Palmira,2025-06-16 19:00:00,157.0,108.5842
Platja Palmira,2025-06-16 20:00:00,193.0,126.98194
Platja Palmira,2025-06-17 08:00:00,157.0,136.0179
Platja Palmira,2025-06-17 09:00:00,149.0,115.85279
Platja Palmira,2025-06-17 10:00:00,113.0,121.98424
Platja Palmira,2025-06-17 11:00:00,117.0,137.71646
Platja Palmira,2025-06-17 12:00:00,157.0,121.87224
Platja Palmira,2025-06-17 13:00:00,94.0,126.33142
Platja Palmira,2025-06-17 14:00:00,69.0,99.37824
Platja Palmira,2025-06-17 15:00:00,77.0,110.96061
Platja Palmira,2025-06-17 16:00:00,47.0,85.14032
Platja Palmira,2025-06-17 17:00:00,11.0,48.71616
Platja Palmira,2025-06-17 18:00:00,83.0,89.57584
Platja Palmira,2025-06-17 19:00:00,151.0,101.977486
Platja Palmira,2025-06-17 20:00:00,171.0,105.05082
Platja Palmira,2025-06-18 08:00:00,176.0,125.59011
Platja Palmira,2025-06-18 09:00:00,171.0,109.54627
Platja Palmira,2025-06-18 10:00:00,148.0,137.174
Platja Palmira,2025-06-18 11:00:00,159.0,122.84739
Platja Palmira,2025-06-18 12:00:00,142.0,116.47372
Platja Palmira,2025-06-18 13:00:00,115.0,119.72386
Platja Palmira,2025-06-18 14:00:00,77.0,99.28487
Platja Palmira,2025-06-18 15:00:00,60.0,84.16761
Platja Palmira,2025-06-18 16:00:00,41.0,69.026115
Platja Palmira,2025-06-18 17:00:00,15.0,34.598145
Platja Palmira,2025-06-18 18:00:00,127.0,74.45999
Platja Palmira,2025-06-18 19:00:00,209.0,98.29149
Platja Palmira,2025-06-18 20:00:00,213.0,99.89623
Platja Palmira,2025-06-19 08:00:00,183.0,122.85644
Platja Palmira,2025-06-19 09:00:00,143.0,112.04677
Platja Palmira,2025-06-19 10:00:00,181.0,137.66925
Platja Palmira,2025-06-19 11:00:00,174.0,131.71805
Platja Palmira,2025-06-19 12:00:00,183.0,126.618195
Platja Palmira,2025-06-19 13:00:00,109.0,116.72348
Platja Palmira,2025-06-19 14:00:00,105.0,112.892845
Platja Palmira,2025-06-19 15:00:00,79.0,105.387695
Platja Palmira,2025-06-19 16:00:00,53.0,87.57657
Platja Palmira,2025-06-19 17:00:00,15.0,51.21061
Platja Palmira,2025-06-19 18:00:00,125.0,98.89535
Platja Palmira,2025-06-19 19:00:00,256.0,98.043205
Platja Palmira,2025-06-19 20:00:00,183.0,117.26321
Platja Palmira,2025-06-20 08:00:00,192.0,138.95282
Platja Palmira,2025-06-20 09:00:00,179.0,117.786896
Platja Palmira,2025-06-20 10:00:00,164.0,164.07187
Platja Palmira,2025-06-20 11:00:00,153.0,168.88637
Platja Palmira,2025-06-20 12:00:00,130.0,156.06364
Platja Palmira,2025-06-20 13:00:00,107.0,128.02112
Platja Palmira,2025-06-20 14:00:00,83.0,120.563705
Platja Palmira,2025-06-20 15:00:00,70.0,103.36363
Platja Palmira,2025-06-20 16:00:00,72.0,96.28255
Platja Palmira,2025-06-20 17:00:00,23.0,48.79535
Platja Palmira,2025-06-20 18:00:00,110.0,59.976814
Platja Palmira,2025-06-20 19:00:00,189.0,89.86035
Platja Palmira,2025-06-20 20:00:00,188.0,112.07313
Platja Palmira,2025-06-21 08:00:00,150.0,129.2324
Platja Palmira,2025-06-21 09:00:00,144.0,101.215744
Platja Palmira,2025-06-21 10:00:00,147.0,127.785255
Platja Palmira,2025-06-21 11:00:00,141.0,119.01203
Platja Palmira,2025-06-21 12:00:00,112.0,125.9692
Platja Palmira,2025-06-21 13:00:00,60.0,103.99334
Platja Palmira,2025-06-21 14:00:00,72.0,92.057205
Platja Palmira,2025-06-21 15:00:00,45.0,89.92206
Platja Palmira,2025-06-21 16:00:00,10.0,54.10262
Platja Palmira,2025-06-21 17:00:00,107.0,45.811172
Platja Palmira,2025-06-21 18:00:00,191.0,69.193794
Platja Palmira,2025-06-21 19:00:00,219.0,101.7169
Platja Palmira,2025-06-21 20:00:00,166.0,114.61418
Platja Palmira,2025-06-22 08:00:00,167.0,119.5147
Platja Palmira,2025-06-22 09:00:00,166.0,124.169365
Platja Palmira,2025-06-22 10:00:00,164.0,124.2541
Platja Palmira,2025-06-22 11:00:00,143.0,127.59629
Platja Palmira,2025-06-22 12:00:00,126.0,116.302666
Platja Palmira,2025-06-22 13:00:00,112.0,119.763435
Platja Palmira,2025-06-22 14:00:00,136.0,112.042625
Platja Palmira,2025-06-22 15:00:00,62.0,105.046455
Platja Palmira,2025-06-22 16:00:00,11.0,74.954994
Platja Palmira,2025-06-22 17:00:00,127.0,38.60366
Platja Palmira,2025-06-22 18:00:00,203.0,81.36992
Platja Palmira,2025-06-22 19:00:00,219.0,103.74019
Platja Palmira,2025-06-22 20:00:00,172.0,125.60922
Platja Palmira,2025-06-23 08:00:00,172.0,133.05489
Platja Palmira,2025-06-23 09:00:00,168.0,127.75956
Platja Palmira,2025-06-23 10:00:00,171.0,134.89476
Platja Palmira,2025-06-23 11:00:00,158.0,129.00995
Platja Palmira,2025-06-23 12:00:00,116.0,117.27311
Platja Palmira,2025-06-23 13:00:00,115.0,108.66185
Platja Palmira,2025-06-23 14:00:00,104.0,106.741425
Platja Palmira,2025-06-23 15:00:00,59.0,93.8387
Platja Palmira,2025-06-23 16:00:00,16.0,74.23926
Platja Palmira,2025-06-23 17:00:00,108.0,47.57936
Platja Palmira,2025-06-23 18:00:00,228.0,106.59087
Platja Palmira,2025-06-23 19:00:00,236.0,104.20307
Platja Palmira,2025-06-23 20:00:00,181.0,106.807945
Platja Palmira,2025-06-24 08:00:00,149.0,123.569115
Platja Palmira,2025-06-24 09:00:00,159.0,128.57939
Platja Palmira,2025-06-24 10:00:00,174.0,126.31792
Platja Palmira,2025-06-24 11:00:00,169.0,127.89948
Platja Palmira,2025-06-24 12:00:00,142.0,118.305855
Platja Palmira,2025-06-24 13:00:00,110.0,127.88885
Platja Palmira,2025-06-24 14:00:00,74.0,125.23
Platja Palmira,2025-06-24 15:00:00,55.0,114.67764
Platja Palmira,2025-06-24 16:00:00,12.0,71.829865
Platja Palmira,2025-06-24 17:00:00,91.0,63.03315
Platja Palmira,2025-06-24 18:00:00,187.0,84.70549
Platja Palmira,2025-06-24 19:00:00,180.0,101.522446
Platja Palmira,2025-06-24 20:00:00,174.0,125.79028
Platja Palmira,2025-06-25 08:00:00,150.0,130.50949
Platja Palmira,2025-06-25 09:00:00,132.0,126.38387
Platja Palmira,2025-06-25 10:00:00,140.0,133.27303
Platja Palmira,2025-06-25 11:00:00,172.0,139.53888
Platja Palmira,2025-06-25 12:00:00,127.0,123.94905
Platja Palmira,2025-06-25 13:00:00,98.0,128.74997
Platja Palmira,2025-06-25 14:00:00,74.0,109.934235
Platja Palmira,2025-06-25 15:00:00,31.0,110.64754
Platja Palmira,2025-06-25 16:00:00,12.0,73.79561
Platja Palmira,2025-06-25 17:00:00,100.0,49.485203
Platja Palmira,2025-06-25 18:00:00,185.0,80.043106
Platja Palmira,2025-06-25 19:00:00,215.0,99.26996
Platja Palmira,2025-06-25 20:00:00,178.0,127.88345
Platja Palmira,2025-06-26 08:00:00,174.0,128.63336
Platja Palmira,2025-06-26 09:00:00,184.0,130.73512
Platja Palmira,2025-06-26 10:00:00,123.0,156.5251
Platja Palmira,2025-06-26 11:00:00,152.0,119.27153
Platja Palmira,2025-06-26 12:00:00,147.0,126.06799
Platja Palmira,2025-06-26 13:00:00,79.0,146.27092
Platja Palmira,2025-06-26 14:00:00,73.0,126.37952
Platja Palmira,2025-06-26 15:00:00,54.0,108.213715
Platja Palmira,2025-06-26 16:00:00,11.0,71.57284
Platja Palmira,2025-06-26 17:00:00,74.0,41.06924
Platja Palmira,2025-06-26 18:00:00,165.0,67.07332
Platja Palmira,2025-06-26 19:00:00,225.0,110.53219
Platja Palmira,2025-06-26 20:00:00,195.0,130.73727
Platja Palmira,2025-06-27 08:00:00,180.0,142.28656
Platja Palmira,2025-06-27 09:00:00,192.0,135.38376
Platja Palmira,2025-06-27 10:00:00,204.0,161.8171
Platja Palmira,2025-06-27 11:00:00,164.0,144.3618
Platja Palmira,2025-06-27 12:00:00,131.0,138.77844
Platja Palmira,2025-06-27 13:00:00,73.0,140.97366
Platja Palmira,2025-06-27 14:00:00,92.0,126.59901
Platja Palmira,2025-06-27 15:00:00,50.0,115.401306
Platja Palmira,2025-06-27 16:00:00,18.0,79.49033
Platja Palmira,2025-06-27 17:00:00,140.0,51.551426
Platja Palmira,2025-06-27 18:00:00,231.0,94.42505
Platja Palmira,2025-06-27 19:00:00,237.0,110.80447
Platja Palmira,2025-06-27 20:00:00,178.0,120.16686
Platja Palmira,2025-06-28 08:00:00,161.0,127.83066
Platja Palmira,2025-06-28 09:00:00,148.0,131.79626
Platja Palmira,2025-06-28 10:00:00,160.0,151.49951
Platja Palmira,2025-06-28 11:00:00,120.0,152.25652
Platja Palmira,2025-06-28 12:00:00,105.0,136.34218
Platja Palmira,2025-06-28 13:00:00,61.0,133.07825
Platja Palmira,2025-06-28 14:00:00,94.0,122.2349
Platja Palmira,2025-06-28 15:00:00,69.0,115.24815
Platja Palmira,2025-06-28 16:00:00,9.0,88.13839
Platja Palmira,2025-06-28 17:00:00,21.0,73.38578
Platja Palmira,2025-06-28 18:00:00,53.0,58.92427
Platja Palmira,2025-06-28 19:00:00,57.0,57.85637
Platja Palmira,2025-06-28 20:00:00,80.0,68.206055
Platja Palmira,2025-06-29 08:00:00,78.0,96.96802
Platja Palmira,2025-06-29 09:00:00,114.0,168.93022
Platja Palmira,2025-06-29 10:00:00,123.0,165.86061
Platja Palmira,2025-06-29 11:00:00,94.0,158.9572
Platja Palmira,2025-06-29 12:00:00,52.0,144.52316
Platja Palmira,2025-06-29 13:00:00,31.0,135.34575
Platja Palmira,2025-06-29 14:00:00,53.0,132.01596
Platja Palmira,2025-06-29 15:00:00,38.0,108.7147
Platja Palmira,2025-06-29 16:00:00,7.0,66.96896
Platja Palmira,2025-06-29 17:00:00,126.0,98.41818
Platja Palmira,2025-06-29 18:00:00,170.0,123.52543
Platja Palmira,2025-06-29 19:00:00,194.0,141.5391
Platja Palmira,2025-06-29 20:00:00,156.0,141.41948
Platja Palmira,2025-06-30 08:00:00,143.0,143.43022
Platja Palmira,2025-06-30 09:00:00,132.0,163.88843
Platja Palmira,2025-06-30 10:00:00,171.0,178.2524
Platja Palmira,2025-06-30 11:00:00,130.0,173.17871
Platja Palmira,2025-06-30 12:00:00,79.0,145.92241
Platja Palmira,2025-06-30 13:00:00,55.0,127.30415
Platja Palmira,2025-06-30 14:00:00,46.0,104.195915
Platja Palmira,2025-06-30 15:00:00,49.0,89.25229
Platja Palmira,2025-06-30 17:00:00,9.0,49.439667
Platja Palmira,2025-06-30 18:00:00,40.0,88.17909
Platja Palmira,2025-06-30 19:00:00,118.0,126.75846
Platja Palmira,2025-06-30 20:00:00,128.0,116.25279
Platja Palmira,2025-07-01 08:00:00,118.0,146.81935
Platja Palmira,2025-07-01 09:00:00,133.0,125.14346
Platja Palmira,2025-07-01 10:00:00,120.0,164.86136
Platja Palmira,2025-07-01 11:00:00,121.0,191.2812
Platja Palmira,2025-07-01 12:00:00,98.0,164.4792
Platja Palmira,2025-07-01 13:00:00,85.0,151.61012
Platja Palmira,2025-07-01 14:00:00,76.0,148.86977
Platja Palmira,2025-07-01 15:00:00,36.0,123.98123
Platja Palmira,2025-07-01 16:00:00,56.0,106.80431
Platja Palmira,2025-07-01 17:00:00,8.0,62.51361
Platja Palmira,2025-07-01 18:00:00,120.0,104.95664
Platja Palmira,2025-07-01 19:00:00,209.0,154.59111
Platja Palmira,2025-07-01 20:00:00,144.0,133.81615
Platja Palmira,2025-07-02 08:00:00,125.0,172.18399
Platja Palmira,2025-07-02 09:00:00,121.0,155.04794
Platja Palmira,2025-07-02 10:00:00,86.0,179.0414
Platja Palmira,2025-07-02 11:00:00,85.0,174.0095
Platja Palmira,2025-07-02 12:00:00,61.0,146.93733
Platja Palmira,2025-07-02 13:00:00,38.0,117.50553
Platja Palmira,2025-07-02 14:00:00,42.0,100.82772
Platja Palmira,2025-07-02 15:00:00,8.0,55.064358
Platja Palmira,2025-07-02 16:00:00,59.0,59.31476
Platja Palmira,2025-07-02 17:00:00,147.0,70.67446
Platja Palmira,2025-07-02 18:00:00,123.0,125.33466
Platja Palmira,2025-07-02 19:00:00,84.0,141.7635
Platja Palmira,2025-07-02 20:00:00,70.0,175.02287
Platja Palmira,2025-07-03 08:00:00,87.0,163.87695
Platja Palmira,2025-07-03 09:00:00,96.0,154.50635
Platja Palmira,2025-07-03 10:00:00,90.0,194.44902
Platja Palmira,2025-07-03 11:00:00,69.0,174.22968
Platja Palmira,2025-07-03 12:00:00,45.0,131.95421
Platja Palmira,2025-07-03 13:00:00,33.0,140.03197
Platja Palmira,2025-07-03 14:00:00,33.0,113.210144
Platja Palmira,2025-07-03 15:00:00,7.0,26.361132
Platja Palmira,2025-07-03 16:00:00,74.0,96.5897
Platja Palmira,2025-07-03 17:00:00,194.0,113.278595
Platja Palmira,2025-07-03 18:00:00,223.0,124.86111
Platja Palmira,2025-07-03 19:00:00,193.0,148.83578
Platja Palmira,2025-07-03 20:00:00,149.0,165.73021
Platja Palmira,2025-07-04 08:00:00,149.0,188.63216
Platja Palmira,2025-07-04 09:00:00,186.0,167.4229
Platja Palmira,2025-07-04 10:00:00,185.0,185.55249
Platja Palmira,2025-07-04 11:00:00,105.0,176.36986
Platja Palmira,2025-07-04 12:00:00,100.0,172.77394
Platja Palmira,2025-07-04 13:00:00,62.0,145.30927
Platja Palmira,2025-07-04 14:00:00,35.0,118.05539
Platja Palmira,2025-07-04 15:00:00,7.0,52.10772
Platja Palmira,2025-07-04 16:00:00,96.0,46.780952
Platja Palmira,2025-07-04 17:00:00,187.0,95.03201
Platja Palmira,2025-07-04 18:00:00,112.0,96.68569
Platja Palmira,2025-07-04 19:00:00,162.0,122.859146
Platja Palmira,2025-07-04 20:00:00,143.0,135.69989
Platja Palmira,2025-07-05 08:00:00,120.0,169.17548
Platja Palmira,2025-07-05 09:00:00,121.0,142.56047
Platja Palmira,2025-07-05 10:00:00,133.0,132.97731
Platja Palmira,2025-07-05 11:00:00,89.0,146.73708
Platja Palmira,2025-07-05 12:00:00,48.0,154.38141
Platja Palmira,2025-07-05 13:00:00,57.0,130.85835
Platja Palmira,2025-07-05 14:00:00,24.0,109.3395
Platja Palmira,2025-07-05 15:00:00,10.0,41.13481
Platja Palmira,2025-07-05 16:00:00,85.0,56.89509
Platja Palmira,2025-07-05 17:00:00,175.0,81.549545
Platja Palmira,2025-07-05 18:00:00,193.0,102.57491
Platja Palmira,2025-07-05 19:00:00,187.0,130.05344
Platja Palmira,2025-07-05 20:00:00,138.0,143.01947
Platja Palmira,2025-07-06 08:00:00,153.0,163.95782
Platja Palmira,2025-07-06 09:00:00,144.0,148.9763
Platja Palmira,2025-07-06 10:00:00,127.0,146.89104
Platja Palmira,2025-07-06 11:00:00,100.0,141.16719
Platja Palmira,2025-07-06 12:00:00,71.0,142.8882
Platja Palmira,2025-07-06 13:00:00,63.0,128.71512
Platja Palmira,2025-07-06 14:00:00,55.0,113.58985
Platja Palmira,2025-07-06 15:00:00,7.0,31.071218
Platja Palmira,2025-07-06 16:00:00,96.0,77.91838
Platja Palmira,2025-07-06 17:00:00,201.0,99.5558
Platja Palmira,2025-07-06 18:00:00,192.0,128.8464
Platja Palmira,2025-07-06 19:00:00,159.0,127.31465
Platja Palmira,2025-07-06 20:00:00,127.0,148.18434
Platja Palmira,2025-07-07 08:00:00,154.0,172.57274
Platja Palmira,2025-07-07 09:00:00,161.0,174.14217
Platja Palmira,2025-07-07 10:00:00,132.0,186.55884
Platja Palmira,2025-07-07 11:00:00,101.0,168.4148
Platja Palmira,2025-07-07 12:00:00,75.0,137.56358
Platja Palmira,2025-07-07 13:00:00,68.0,110.15009
Platja Palmira,2025-07-07 14:00:00,55.0,104.803986
Platja Palmira,2025-07-07 15:00:00,7.0,27.392485
Platja Palmira,2025-07-07 16:00:00,92.0,99.87657
Platja Palmira,2025-07-07 17:00:00,201.0,107.22453
Platja Palmira,2025-07-07 18:00:00,175.0,139.25209
Platja Palmira,2025-07-07 19:00:00,178.0,131.53978
Platja Palmira,2025-07-07 20:00:00,147.0,140.46892
Platja Palmira,2025-07-08 08:00:00,146.0,151.0259
Platja Palmira,2025-07-08 09:00:00,167.0,151.0576
Platja Palmira,2025-07-08 10:00:00,159.0,144.44939
Platja Palmira,2025-07-08 11:00:00,114.0,144.57526
Platja Palmira,2025-07-08 12:00:00,89.0,135.38928
Platja Palmira,2025-07-08 13:00:00,59.0,110.573
Platja Palmira,2025-07-08 14:00:00,48.0,91.83209
Platja Palmira,2025-07-08 15:00:00,9.0,47.968693
Platja Palmira,2025-07-08 16:00:00,130.0,109.69217
Platja Palmira,2025-07-08 17:00:00,191.0,140.64455
Platja Palmira,2025-07-08 18:00:00,212.0,154.29033
Platja Palmira,2025-07-08 19:00:00,169.0,170.02356
Platja Palmira,2025-07-08 20:00:00,155.0,174.69528
Platja Palmira,2025-07-09 08:00:00,115.0,175.91354
Platja Palmira,2025-07-09 09:00:00,130.0,162.12427
Platja Palmira,2025-07-09 10:00:00,147.0,137.81456
Platja Palmira,2025-07-09 11:00:00,94.0,138.19568
Platja Palmira,2025-07-09 12:00:00,79.0,121.000755
Platja Palmira,2025-07-09 13:00:00,71.0,100.34257
Platja Palmira,2025-07-09 14:00:00,63.0,87.25417
Platja Palmira,2025-07-09 15:00:00,8.0,36.797646
Platja Palmira,2025-07-09 16:00:00,99.0,32.864464
Platja Palmira,2025-07-09 17:00:00,191.0,81.95421
Platja Palmira,2025-07-09 18:00:00,195.0,101.65799
Platja Palmira,2025-07-09 19:00:00,160.0,115.47447
Platja Palmira,2025-07-09 20:00:00,138.0,124.32582
Platja Palmira,2025-07-10 08:00:00,134.0,134.26627
Platja Palmira,2025-07-10 09:00:00,150.0,121.43004
Platja Palmira,2025-07-10 10:00:00,159.0,129.08977
Platja Palmira,2025-07-10 11:00:00,101.0,121.85096
Platja Palmira,2025-07-10 12:00:00,91.0,118.569855
Platja Palmira,2025-07-10 13:00:00,64.0,113.63178
Platja Palmira,2025-07-10 14:00:00,61.0,88.86211
Platja Palmira,2025-07-10 15:00:00,8.0,32.969574
Platja Palmira,2025-07-10 16:00:00,90.0,48.36083
Platja Palmira,2025-07-10 17:00:00,211.0,85.84841
Platja Palmira,2025-07-10 18:00:00,215.0,113.5007
Platja Palmira,2025-07-10 19:00:00,174.0,127.56742
Platja Palmira,2025-07-10 20:00:00,132.0,121.53752
Platja Palmira,2025-07-11 08:00:00,160.0,145.15178
Platja Palmira,2025-07-11 09:00:00,194.0,152.86433
Platja Palmira,2025-07-11 10:00:00,183.0,164.26797
Platja Palmira,2025-07-11 11:00:00,122.0,141.18323
Platja Palmira,2025-07-11 12:00:00,57.0,126.083824
Platja Palmira,2025-07-11 15:00:00,53.0,104.07323
Platja Palmira,2025-07-11 16:00:00,50.0,78.43996
Platja Palmira,2025-07-11 17:00:00,8.0,30.74393
Platja Palmira,2025-07-11 18:00:00,113.0,58.36379
Platja Palmira,2025-07-11 19:00:00,184.0,98.64627
Platja Palmira,2025-07-11 20:00:00,249.0,116.49121
Platja Palmira,2025-07-12 08:00:00,194.0,128.73782
Platja Palmira,2025-07-12 09:00:00,188.0,110.908394
Platja Palmira,2025-07-12 10:00:00,158.0,121.761086
Platja Palmira,2025-07-12 11:00:00,173.0,121.8728
Platja Palmira,2025-07-12 12:00:00,186.0,111.86136
Platja Palmira,2025-07-12 13:00:00,114.0,94.0398
Platja Palmira,2025-07-12 14:00:00,47.0,85.4153
Platja Palmira,2025-07-12 15:00:00,69.0,79.02265
Platja Palmira,2025-07-12 16:00:00,47.0,74.699394
Platja Palmira,2025-07-12 17:00:00,9.0,24.328375
Platja Palmira,2025-07-12 18:00:00,130.0,60.911915
Platja Palmira,2025-07-12 19:00:00,198.0,92.226166
Platja Palmira,2025-07-12 20:00:00,186.0,96.737755
Platja Palmira,2025-07-13 08:00:00,141.0,117.94257
Platja Palmira,2025-07-13 09:00:00,148.0,92.654816
Platja Palmira,2025-07-13 10:00:00,143.0,167.52586
Platja Palmira,2025-07-13 11:00:00,139.0,158.55373
Platja Palmira,2025-07-13 12:00:00,178.0,129.6509
Platja Palmira,2025-07-13 13:00:00,106.0,119.4607
Platja Palmira,2025-07-13 14:00:00,69.0,108.59544
Platja Palmira,2025-07-13 15:00:00,50.0,93.304695
Platja Palmira,2025-07-13 16:00:00,43.0,76.401
Platja Palmira,2025-07-13 17:00:00,9.0,24.0244
Platja Palmira,2025-07-13 18:00:00,104.0,49.029007
Platja Palmira,2025-07-13 19:00:00,202.0,83.84903
Platja Palmira,2025-07-13 20:00:00,210.0,112.42397
Platja Palmira,2025-07-14 08:00:00,211.0,140.2922
Platja Palmira,2025-07-14 09:00:00,137.0,124.60675
Platja Palmira,2025-07-14 10:00:00,144.0,175.30557
Platja Palmira,2025-07-14 11:00:00,148.0,132.53114
Platja Palmira,2025-07-14 12:00:00,116.0,136.1838
Platja Palmira,2025-07-14 13:00:00,80.0,114.47896
Platja Palmira,2025-07-14 14:00:00,57.0,138.70229
Platja Palmira,2025-07-14 15:00:00,47.0,90.96539
Platja Palmira,2025-07-14 16:00:00,50.0,84.76959
Platja Palmira,2025-07-14 17:00:00,9.0,29.710947
Platja Palmira,2025-07-14 18:00:00,88.0,50.27297
Platja Palmira,2025-07-14 19:00:00,193.0,88.93914
Platja Palmira,2025-07-14 20:00:00,161.0,88.61403
Platja Palmira,2025-07-15 08:00:00,123.0,112.758125
Platja Palmira,2025-07-15 09:00:00,63.0,86.409996
Platja Palmira,2025-07-15 10:00:00,40.0,44.3993
Platja Palmira,2025-07-15 11:00:00,51.0,112.58513
Platja Palmira,2025-07-15 12:00:00,55.0,119.00956
Platja Palmira,2025-07-15 13:00:00,46.0,64.37165
Platja Palmira,2025-07-15 14:00:00,22.0,84.91271
Platja Palmira,2025-07-15 15:00:00,21.0,57.092976
Platja Palmira,2025-07-15 16:00:00,37.0,49.571133
Platja Palmira,2025-07-15 17:00:00,7.0,20.261103
Platja Palmira,2025-07-15 18:00:00,56.0,76.23377
Platja Palmira,2025-07-15 19:00:00,119.0,117.61819
Platja Palmira,2025-07-15 20:00:00,191.0,123.73816
Platja Palmira,2025-07-16 08:00:00,209.0,148.26529
Platja Palmira,2025-07-16 09:00:00,226.0,133.63417
Platja Palmira,2025-07-16 10:00:00,183.0,175.13538
Platja Palmira,2025-07-16 11:00:00,156.0,190.083
Platja Palmira,2025-07-16 12:00:00,116.0,158.31607
Platja Palmira,2025-07-16 13:00:00,77.0,135.81825
Platja Palmira,2025-07-16 14:00:00,44.0,109.96244
Platja Palmira,2025-07-16 15:00:00,54.0,94.42304
Platja Palmira,2025-07-16 16:00:00,35.0,94.97284
Platja Palmira,2025-07-16 17:00:00,7.0,32.127434
Platja Palmira,2025-07-16 18:00:00,74.0,83.26061
Platja Palmira,2025-07-16 19:00:00,272.0,107.51037
Platja Palmira,2025-07-16 20:00:00,304.0,126.424164
Platja Palmira,2025-07-17 08:00:00,297.0,147.45093
Platja Palmira,2025-07-17 09:00:00,288.0,133.33827
Platja Palmira,2025-07-17 10:00:00,281.0,161.55011
Platja Palmira,2025-07-17 11:00:00,291.0,159.1688
Platja Palmira,2025-07-17 12:00:00,239.0,163.28815
Platja Palmira,2025-07-17 13:00:00,194.0,145.51932
Platja Palmira,2025-07-17 14:00:00,116.0,117.25208
Platja Palmira,2025-07-17 15:00:00,145.0,91.3306
Platja Palmira,2025-07-17 16:00:00,67.0,78.60795
Platja Palmira,2025-07-17 17:00:00,18.0,33.059326
Platja Palmira,2025-07-17 18:00:00,252.0,86.78477
Platja Palmira,2025-07-17 19:00:00,358.0,123.03581
Platja Palmira,2025-07-17 20:00:00,388.0,149.99193
Platja Palmira,2025-07-18 08:00:00,306.0,167.01701
Platja Palmira,2025-07-18 09:00:00,282.0,166.15192
Platja Palmira,2025-07-18 10:00:00,268.0,192.21161
Platja Palmira,2025-07-18 11:00:00,231.0,206.21886
Platja Palmira,2025-07-18 12:00:00,266.0,173.48668
Platja Palmira,2025-07-18 13:00:00,147.0,141.3116
Platja Palmira,2025-07-18 14:00:00,116.0,124.96349
Platja Palmira,2025-07-18 15:00:00,159.0,115.38991
Platja Palmira,2025-07-18 16:00:00,102.0,90.19617
Platja Palmira,2025-07-18 17:00:00,17.0,33.866726
Platja Palmira,2025-07-18 18:00:00,146.0,71.96267
Platja Palmira,2025-07-18 19:00:00,314.0,105.901276
Platja Palmira,2025-07-18 20:00:00,302.0,142.14568
Platja Palmira,2025-07-19 08:00:00,246.0,171.6138
Platja Palmira,2025-07-19 09:00:00,255.0,136.99405
Platja Palmira,2025-07-19 10:00:00,203.0,147.09767
Platja Palmira,2025-07-19 11:00:00,225.0,152.22081
Platja Palmira,2025-07-19 12:00:00,217.0,149.21515
Platja Palmira,2025-07-19 13:00:00,165.0,115.82437
Platja Palmira,2025-07-19 14:00:00,146.0,110.47456
Platja Palmira,2025-07-19 15:00:00,193.0,91.087364
Platja Palmira,2025-07-19 16:00:00,63.0,79.835846
Platja Palmira,2025-07-19 17:00:00,12.0,34.372414
Platja Palmira,2025-07-19 18:00:00,89.0,72.43899
Platja Palmira,2025-07-19 19:00:00,169.0,89.838295
Platja Palmira,2025-07-19 20:00:00,190.0,125.73087
Platja Palmira,2025-07-20 08:00:00,138.0,105.09683
Platja Palmira,2025-07-20 09:00:00,117.0,93.15124
Platja Palmira,2025-07-20 10:00:00,152.0,122.37693
Platja Palmira,2025-07-20 11:00:00,136.0,131.89046
Platja Palmira,2025-07-20 12:00:00,123.0,128.29495
Platja Palmira,2025-07-20 13:00:00,66.0,123.99449
Platja Palmira,2025-07-20 14:00:00,71.0,96.74485
Platja Palmira,2025-07-20 15:00:00,129.0,83.21684
Platja Palmira,2025-07-20 16:00:00,75.0,71.6634
Platja Palmira,2025-07-20 17:00:00,18.0,23.675198
Platja Palmira,2025-07-20 18:00:00,127.0,81.82958
Platja Palmira,2025-07-20 19:00:00,221.0,131.03593
Platja Palmira,2025-07-20 20:00:00,293.0,134.19505
Platja Palmira,2025-07-21 08:00:00,253.0,134.0496
Platja Palmira,2025-07-21 09:00:00,232.0,138.91547
Platja Palmira,2025-07-21 10:00:00,248.0,157.04216
Platja Palmira,2025-07-21 11:00:00,252.0,167.68265
Platja Palmira,2025-07-21 12:00:00,176.0,154.12865
Platja Palmira,2025-07-21 13:00:00,140.0,135.59534
Platja Palmira,2025-07-21 14:00:00,113.0,109.86553
Platja Palmira,2025-07-21 15:00:00,69.0,86.502174
Platja Palmira,2025-07-21 16:00:00,22.0,82.20489
Platja Palmira,2025-07-21 17:00:00,11.0,9.512247
Platja Palmira,2025-07-21 18:00:00,240.0,122.26216
Platja Palmira,2025-07-21 19:00:00,308.0,129.37105
Platja Palmira,2025-07-21 20:00:00,269.0,141.7526
Platja Palmira,2025-07-22 08:00:00,215.0,174.26765
Platja Palmira,2025-07-22 09:00:00,211.0,133.11877
Platja Palmira,2025-07-22 10:00:00,232.0,181.41704
Platja Palmira,2025-07-22 11:00:00,239.0,175.14445
Platja Palmira,2025-07-22 12:00:00,162.0,164.10895
Platja Palmira,2025-07-22 13:00:00,165.0,143.47324
Platja Palmira,2025-07-22 14:00:00,147.0,125.335625
Platja Palmira,2025-07-22 15:00:00,80.0,104.22434
Platja Palmira,2025-07-22 16:00:00,23.0,77.36767
Platja Palmira,2025-07-22 17:00:00,13.0,27.85787
Platja Palmira,2025-07-22 18:00:00,256.0,100.83888
Platja Palmira,2025-07-22 19:00:00,278.0,142.2039
Platja Palmira,2025-07-22 20:00:00,277.0,115.38303
Platja Palmira,2025-07-23 08:00:00,211.0,156.72113
Platja Palmira,2025-07-23 09:00:00,219.0,127.24705
Platja Palmira,2025-07-23 10:00:00,236.0,184.28233
Platja Palmira,2025-07-23 11:00:00,210.0,185.254
Platja Palmira,2025-07-23 12:00:00,203.0,164.3827
Platja Palmira,2025-07-23 13:00:00,109.0,146.99918
Platja Palmira,2025-07-23 14:00:00,116.0,150.3881
Platja Palmira,2025-07-23 15:00:00,49.0,112.764694
Platja Palmira,2025-07-23 16:00:00,16.0,92.25625
Platja Palmira,2025-07-23 17:00:00,15.0,36.666016
Platja Palmira,2025-07-23 18:00:00,224.0,84.91538
Platja Palmira,2025-07-23 19:00:00,284.0,112.60565
Platja Palmira,2025-07-23 20:00:00,260.0,122.3084
Platja Palmira,2025-07-24 08:00:00,248.0,149.00616
Platja Palmira,2025-07-24 09:00:00,204.0,132.59064
Platja Palmira,2025-07-24 10:00:00,229.0,170.83517
Platja Palmira,2025-07-24 11:00:00,243.0,153.5665
Platja Palmira,2025-07-24 12:00:00,208.0,161.66467
Platja Palmira,2025-07-24 13:00:00,115.0,141.0027
Platja Palmira,2025-07-24 14:00:00,95.0,109.22774
Platja Palmira,2025-07-24 15:00:00,72.0,96.71543
Platja Palmira,2025-07-24 16:00:00,15.0,83.384605
Platja Palmira,2025-07-24 17:00:00,12.0,39.704586
Platja Palmira,2025-07-24 18:00:00,268.0,105.13015
Platja Palmira,2025-07-24 19:00:00,254.0,144.613
Platja Palmira,2025-07-24 20:00:00,187.0,143.08305
Platja Palmira,2025-07-25 08:00:00,205.0,129.47849
Platja Palmira,2025-07-25 09:00:00,218.0,127.79235
Platja Palmira,2025-07-25 10:00:00,236.0,141.93439
Platja Palmira,2025-07-25 11:00:00,253.0,161.84375
Platja Palmira,2025-07-25 12:00:00,232.0,152.31613
Platja Palmira,2025-07-25 13:00:00,151.0,138.71536
Platja Palmira,2025-07-25 14:00:00,111.0,91.04033
Platja Palmira,2025-07-25 15:00:00,78.0,78.01026
Platja Palmira,2025-07-25 16:00:00,20.0,82.85956
Platja Palmira,2025-07-25 17:00:00,13.0,33.024548
Platja Palmira,2025-07-25 18:00:00,272.0,80.10917
Platja Palmira,2025-07-25 19:00:00,297.0,101.830444
Platja Palmira,2025-07-25 20:00:00,260.0,114.290886
Platja Palmira,2025-07-26 08:00:00,188.0,124.80938
Platja Palmira,2025-07-26 09:00:00,222.0,107.666084
Platja Palmira,2025-07-26 10:00:00,224.0,168.78017
Platja Palmira,2025-07-26 11:00:00,206.0,180.81001
Platja Palmira,2025-07-26 12:00:00,166.0,167.64223
Platja Palmira,2025-07-26 13:00:00,119.0,145.56116
Platja Palmira,2025-07-26 14:00:00,118.0,128.18573
Platja Palmira,2025-07-26 15:00:00,70.0,128.50702
Platja Palmira,2025-07-26 16:00:00,13.0,91.41516
Platja Palmira,2025-07-26 17:00:00,13.0,34.048912
Platja Palmira,2025-07-26 18:00:00,245.0,126.95607
Platja Palmira,2025-07-26 19:00:00,314.0,170.24872
Platja Palmira,2025-07-26 20:00:00,274.0,179.99483
Platja Palmira,2025-07-27 08:00:00,234.0,177.3586
Platja Palmira,2025-07-27 09:00:00,157.0,237.42267
Platja Palmira,2025-07-27 10:00:00,252.0,270.4449
Platja Palmira,2025-07-27 11:00:00,194.0,284.7843
Platja Palmira,2025-07-27 12:00:00,174.0,252.25343
Platja Palmira,2025-07-27 13:00:00,131.0,231.1152
Platja Palmira,2025-07-27 14:00:00,92.0,240.72469
Platja Palmira,2025-07-27 15:00:00,50.0,221.94156
Platja Palmira,2025-07-27 16:00:00,17.0,150.75768
Platja Palmira,2025-07-27 17:00:00,17.0,55.2148
Platja Palmira,2025-07-27 18:00:00,180.0,154.01349
Platja Palmira,2025-07-27 19:00:00,224.0,200.60623
Platja Palmira,2025-07-27 20:00:00,219.0,228.98627
Platja Palmira,2025-07-28 08:00:00,135.0,246.46053
Platja Palmira,2025-07-28 09:00:00,153.0,256.90353
Platja Palmira,2025-07-28 10:00:00,173.0,288.23566
Platja Palmira,2025-07-28 11:00:00,165.0,267.17764
Platja Palmira,2025-07-28 12:00:00,129.0,265.12003
Platja Palmira,2025-07-28 13:00:00,95.0,221.3209
Platja Palmira,2025-07-28 14:00:00,75.0,196.12314
Platja Palmira,2025-07-28 15:00:00,73.0,178.27383
Platja Palmira,2025-07-28 16:00:00,19.0,144.6687
Platja Palmira,2025-07-28 17:00:00,14.0,88.06958
Platja Palmira,2025-07-28 18:00:00,191.0,169.09254
Platja Palmira,2025-07-28 19:00:00,316.0,205.34723
Platja Palmira,2025-07-28 20:00:00,235.0,237.51315
Platja Palmira,2025-07-29 08:00:00,248.0,258.54068
Platja Palmira,2025-07-29 09:00:00,239.0,239.40918
Platja Palmira,2025-07-29 10:00:00,181.0,272.3842
Platja Palmira,2025-07-29 11:00:00,186.0,241.26225
Platja Palmira,2025-07-29 12:00:00,148.0,233.13231
Platja Palmira,2025-07-29 13:00:00,118.0,190.96576
Platja Palmira,2025-07-29 14:00:00,143.0,183.1703
Platja Palmira,2025-07-29 15:00:00,84.0,183.81546
Platja Palmira,2025-07-29 16:00:00,21.0,130.11203
Platja Palmira,2025-07-29 17:00:00,12.0,44.513035
Platja Palmira,2025-07-29 18:00:00,202.0,98.66916
Platja Palmira,2025-07-29 19:00:00,329.0,146.93166
Platja Palmira,2025-07-29 20:00:00,250.0,173.75812
Platja Palmira,2025-07-30 08:00:00,235.0,158.01666
Platja Palmira,2025-07-30 09:00:00,206.0,151.49994
Platja Palmira,2025-07-30 10:00:00,195.0,229.30304
Platja Palmira,2025-07-30 11:00:00,189.0,187.08453
Platja Palmira,2025-07-30 12:00:00,158.0,188.34607
Platja Palmira,2025-07-30 13:00:00,104.0,168.81828
Platja Palmira,2025-07-30 14:00:00,69.0,175.99396
Platja Palmira,2025-07-30 15:00:00,75.0,219.15228
Platja Palmira,2025-07-30 16:00:00,26.0,172.85536
Platja Palmira,2025-07-30 17:00:00,23.0,95.085815
Platja Palmira,2025-07-30 18:00:00,230.0,158.48174
Platja Palmira,2025-07-30 19:00:00,295.0,181.28735
Platja Palmira,2025-07-30 20:00:00,252.0,201.87103
Platja Palmira,2025-07-31 08:00:00,216.0,191.04192
Platja Palmira,2025-07-31 09:00:00,192.0,229.70059
Platja Palmira,2025-07-31 10:00:00,190.0,254.49002
Platja Palmira,2025-07-31 11:00:00,191.0,233.60062
Platja Palmira,2025-07-31 12:00:00,138.0,249.18561
Platja Palmira,2025-07-31 13:00:00,89.0,217.90094
Platja Palmira,2025-07-31 14:00:00,106.0,206.15518
Platja Palmira,2025-07-31 15:00:00,58.0,142.22586
Platja Palmira,2025-07-31 16:00:00,13.0,130.329
Platja Palmira,2025-07-31 17:00:00,16.0,48.189533
Platja Palmira,2025-07-31 18:00:00,255.0,138.78821
Platja Palmira,2025-07-31 19:00:00,316.0,162.86601
Platja Palmira,2025-07-31 20:00:00,317.0,191.80139
Platja Palmira,2025-08-01 08:00:00,271.0,225.76611
Platja Palmira,2025-08-01 09:00:00,175.0,236.1675
Platja Palmira,2025-08-01 10:00:00,200.0,254.24261
Platja Palmira,2025-08-01 11:00:00,210.0,246.99141
Platja Palmira,2025-08-01 12:00:00,176.0,271.59573
Platja Palmira,2025-08-01 13:00:00,92.0,215.48175
Platja Palmira,2025-08-01 14:00:00,102.0,230.83939
Platja Palmira,2025-08-01 15:00:00,74.0,198.58357
Platja Palmira,2025-08-01 16:00:00,18.0,168.0536
Platja Palmira,2025-08-01 17:00:00,15.0,90.505806
Platja Palmira,2025-08-01 18:00:00,224.0,135.11105
Platja Palmira,2025-08-01 19:00:00,294.0,183.61716
Platja Palmira,2025-08-01 20:00:00,267.0,217.08263
Platja Palmira,2025-08-02 08:00:00,250.0,196.71956
Platja Palmira,2025-08-02 09:00:00,210.0,241.21312
Platja Palmira,2025-08-02 10:00:00,161.0,255.73927
Platja Palmira,2025-08-02 11:00:00,161.0,241.79057
Platja Palmira,2025-08-02 12:00:00,158.0,260.6316
Platja Palmira,2025-08-02 13:00:00,127.0,182.32614
Platja Palmira,2025-08-02 14:00:00,99.0,220.2108
Platja Palmira,2025-08-02 15:00:00,92.0,217.89972
Platja Palmira,2025-08-02 16:00:00,16.0,180.61745
Platja Palmira,2025-08-02 17:00:00,20.0,63.27487
Platja Palmira,2025-08-02 18:00:00,217.0,115.29163
Platja Palmira,2025-08-02 19:00:00,302.0,164.02211
Platja Palmira,2025-08-02 20:00:00,250.0,218.38214
Platja Palmira,2025-08-03 08:00:00,223.0,219.0641
Platja Palmira,2025-08-03 09:00:00,264.0,268.83917
Platja Palmira,2025-08-03 10:00:00,208.0,264.61923
Platja Palmira,2025-08-03 11:00:00,180.0,233.79222
Platja Palmira,2025-08-03 12:00:00,189.0,230.53156
Platja Palmira,2025-08-03 13:00:00,138.0,190.17136
Platja Palmira,2025-08-03 14:00:00,162.0,190.91237
Platja Palmira,2025-08-03 15:00:00,67.0,199.05632
Platja Palmira,2025-08-03 16:00:00,16.0,211.75867
Platja Palmira,2025-08-03 17:00:00,11.0,118.149765
Platja Palmira,2025-08-03 18:00:00,214.0,131.79381
Platja Palmira,2025-08-03 19:00:00,300.0,167.03044
Platja Palmira,2025-08-03 20:00:00,279.0,213.49142
Platja Palmira,2025-08-04 08:00:00,209.0,180.62851
Platja Palmira,2025-08-04 09:00:00,190.0,262.29074
Platja Palmira,2025-08-04 10:00:00,155.0,251.43188
Platja Palmira,2025-08-04 11:00:00,183.0,243.61444
Platja Palmira,2025-08-04 12:00:00,175.0,237.88826
Platja Palmira,2025-08-04 13:00:00,139.0,194.6295
Platja Palmira,2025-08-04 14:00:00,113.0,216.25418
Platja Palmira,2025-08-04 15:00:00,75.0,191.34897
Platja Palmira,2025-08-04 16:00:00,26.0,207.66609
Platja Palmira,2025-08-04 17:00:00,13.0,134.81036
Platja Palmira,2025-08-04 18:00:00,219.0,127.74475
Platja Palmira,2025-08-04 19:00:00,265.0,174.98865
Platja Palmira,2025-08-04 20:00:00,268.0,244.00879
Platja Palmira,2025-08-05 08:00:00,265.0,173.29323
Platja Palmira,2025-08-05 09:00:00,211.0,214.03674
Platja Palmira,2025-08-05 10:00:00,216.0,251.82324
Platja Palmira,2025-08-05 11:00:00,217.0,256.76572
Platja Palmira,2025-08-05 12:00:00,209.0,248.70311
Platja Palmira,2025-08-05 13:00:00,172.0,193.68578
Platja Palmira,2025-08-05 14:00:00,151.0,221.19942
Platja Palmira,2025-08-05 15:00:00,75.0,203.18929
Platja Palmira,2025-08-05 16:00:00,23.0,211.50491
Platja Palmira,2025-08-05 17:00:00,17.0,153.78333
Platja Palmira,2025-08-05 18:00:00,257.0,124.79823
Platja Palmira,2025-08-05 19:00:00,300.0,180.12376
Platja Palmira,2025-08-05 20:00:00,265.0,228.70035
Platja Palmira,2025-08-06 08:00:00,243.0,178.7079
Platja Palmira,2025-08-06 09:00:00,242.0,200.31505
Platja Palmira,2025-08-06 10:00:00,185.0,231.18802
Platja Palmira,2025-08-06 11:00:00,200.0,194.56639
Platja Palmira,2025-08-06 12:00:00,183.0,206.60521
Platja Palmira,2025-08-06 13:00:00,183.0,165.78526
Platja Palmira,2025-08-06 14:00:00,124.0,149.03067
Platja Palmira,2025-08-06 15:00:00,90.0,131.80014
Platja Palmira,2025-08-06 16:00:00,26.0,120.52869
Platja Palmira,2025-08-06 17:00:00,20.0,45.200012
Platja Palmira,2025-08-06 18:00:00,242.0,71.392586
Platja Palmira,2025-08-06 19:00:00,304.0,98.25388
Platja Palmira,2025-08-06 20:00:00,271.0,140.1267
Platja Palmira,2025-08-07 08:00:00,187.0,159.46938
Platja Palmira,2025-08-07 09:00:00,168.0,190.7535
Platja Palmira,2025-08-07 10:00:00,168.0,213.30713
Platja Palmira,2025-08-07 11:00:00,207.0,221.86426
Platja Palmira,2025-08-07 12:00:00,190.0,208.77852
Platja Palmira,2025-08-07 13:00:00,135.0,178.85764
Platja Palmira,2025-08-07 14:00:00,104.0,164.71231
Platja Palmira,2025-08-07 15:00:00,66.0,135.25894
Platja Palmira,2025-08-07 16:00:00,20.0,137.10464
Platja Palmira,2025-08-07 17:00:00,12.0,92.62268
Platja Palmira,2025-08-07 18:00:00,191.0,85.13376
Platja Palmira,2025-08-07 19:00:00,268.0,141.18625
Platja Palmira,2025-08-07 20:00:00,264.0,180.61058
Platja Palmira,2025-08-08 08:00:00,243.0,179.20886
Platja Palmira,2025-08-08 09:00:00,189.0,192.24628
Platja Palmira,2025-08-08 10:00:00,191.0,239.93854
Platja Palmira,2025-08-08 11:00:00,190.0,230.32112
Platja Palmira,2025-08-08 12:00:00,142.0,215.99483
Platja Palmira,2025-08-08 13:00:00,93.0,180.83868
Platja Palmira,2025-08-08 14:00:00,82.0,190.20134
Platja Palmira,2025-08-08 15:00:00,54.0,168.1203
Platja Palmira,2025-08-08 16:00:00,14.0,178.51535
Platja Palmira,2025-08-08 17:00:00,12.0,77.58245
Platja Palmira,2025-08-08 18:00:00,181.0,76.48481
Platja Palmira,2025-08-08 19:00:00,219.0,119.046265
Platja Palmira,2025-08-08 20:00:00,209.0,156.12294
Platja Palmira,2025-08-09 08:00:00,177.0,149.07765
Platja Palmira,2025-08-09 09:00:00,178.0,200.26418
Platja Palmira,2025-08-09 10:00:00,163.0,207.95164
Platja Palmira,2025-08-09 11:00:00,189.0,211.60188
Platja Palmira,2025-08-09 12:00:00,125.0,197.1258
Platja Palmira,2025-08-09 13:00:00,127.0,166.24214
Platja Palmira,2025-08-09 14:00:00,34.0,151.2447
Platja Palmira,2025-08-09 15:00:00,65.0,140.03285
Platja Palmira,2025-08-09 16:00:00,13.0,185.0105
Platja Palmira,2025-08-09 17:00:00,12.0,71.72991
Platja Palmira,2025-08-09 18:00:00,87.0,114.46107
Platja Palmira,2025-08-09 19:00:00,144.0,113.28515
Platja Palmira,2025-08-09 20:00:00,109.0,62.76838
Platja Palmira,2025-08-10 08:00:00,96.0,96.7263
Platja Palmira,2025-08-10 09:00:00,103.0,113.36784
Platja Palmira,2025-08-10 10:00:00,194.0,214.29224
Platja Palmira,2025-08-10 11:00:00,165.0,221.82307
Platja Palmira,2025-08-10 12:00:00,149.0,200.075
Platja Palmira,2025-08-10 13:00:00,108.0,186.35622
Platja Palmira,2025-08-10 14:00:00,33.0,175.26826
Platja Palmira,2025-08-10 15:00:00,59.0,219.22623
Platja Palmira,2025-08-10 16:00:00,16.0,184.46165
Platja Palmira,2025-08-10 17:00:00,12.0,81.893234
Platja Palmira,2025-08-10 18:00:00,162.0,145.74051
Platja Palmira,2025-08-10 19:00:00,182.0,182.35986
Platja Palmira,2025-08-10 20:00:00,222.0,173.78488
Platja Palmira,2025-08-11 08:00:00,167.0,194.6951
Platja Palmira,2025-08-11 09:00:00,111.0,200.61841
Platja Palmira,2025-08-11 10:00:00,177.0,169.14899
Platja Palmira,2025-08-11 11:00:00,150.0,212.61151
Platja Palmira,2025-08-11 12:00:00,144.0,196.66255
Platja Palmira,2025-08-11 13:00:00,121.0,176.401
Platja Palmira,2025-08-11 14:00:00,56.0,152.27765
Platja Palmira,2025-08-11 15:00:00,68.0,156.83661
Platja Palmira,2025-08-11 16:00:00,14.0,129.8054
Platja Palmira,2025-08-11 17:00:00,12.0,107.244865
Platja Palmira,2025-08-11 18:00:00,149.0,147.57372
Platja Palmira,2025-08-11 19:00:00,251.0,185.56252
Platja Palmira,2025-08-11 20:00:00,214.0,201.49936
Platja Palmira,2025-08-12 08:00:00,165.0,176.32484
Platja Palmira,2025-08-12 09:00:00,159.0,238.8126
Platja Palmira,2025-08-12 10:00:00,177.0,254.30382
Platja Palmira,2025-08-12 11:00:00,182.0,240.78693
Platja Palmira,2025-08-12 12:00:00,151.0,211.92207
Platja Palmira,2025-08-12 13:00:00,131.0,179.10637
Platja Palmira,2025-08-12 14:00:00,84.0,202.89629
Platja Palmira,2025-08-12 15:00:00,57.0,170.3909
Platja Palmira,2025-08-12 16:00:00,14.0,194.14153
Platja Palmira,2025-08-12 17:00:00,19.0,89.51716
Platja Palmira,2025-08-12 18:00:00,119.0,153.85213
Platja Palmira,2025-08-12 19:00:00,243.0,200.3038
Platja Palmira,2025-08-12 20:00:00,228.0,241.91591
Platja Palmira,2025-08-13 08:00:00,180.0,223.02924
Platja Palmira,2025-08-13 09:00:00,141.0,202.47385
Platja Palmira,2025-08-13 10:00:00,142.0,261.36316
Platja Palmira,2025-08-13 11:00:00,169.0,250.21007
Platja Palmira,2025-08-13 12:00:00,127.0,214.61406
Platja Palmira,2025-08-13 13:00:00,99.0,186.25401
Platja Palmira,2025-08-13 14:00:00,66.0,157.27519
Platja Palmira,2025-08-13 15:00:00,61.0,150.48315
Platja Palmira,2025-08-13 16:00:00,16.0,156.44846
Platja Palmira,2025-08-13 17:00:00,12.0,74.15589
Platja Palmira,2025-08-13 18:00:00,151.0,160.03006
Platja Palmira,2025-08-13 19:00:00,216.0,187.27007
Platja Palmira,2025-08-13 20:00:00,214.0,213.91223
Platja Palmira,2025-08-14 08:00:00,163.0,189.48402
Platja Palmira,2025-08-14 09:00:00,141.0,193.75246
Platja Palmira,2025-08-14 10:00:00,148.0,206.43301
Platja Palmira,2025-08-14 11:00:00,139.0,214.10735
Platja Palmira,2025-08-14 12:00:00,155.0,205.39066
Platja Palmira,2025-08-14 13:00:00,101.0,226.79619
Platja Palmira,2025-08-14 14:00:00,75.0,207.93526
Platja Palmira,2025-08-14 15:00:00,49.0,194.73732
Platja Palmira,2025-08-14 16:00:00,12.0,158.26222
Platja Palmira,2025-08-14 17:00:00,12.0,71.81975
Platja Palmira,2025-08-14 18:00:00,124.0,165.96338
Platja Palmira,2025-08-14 19:00:00,162.0,194.44345
Platja Palmira,2025-08-14 20:00:00,205.0,251.73799
Platja Palmira,2025-08-15 08:00:00,174.0,184.96683
Platja Palmira,2025-08-15 09:00:00,177.0,281.61313
Platja Palmira,2025-08-15 10:00:00,166.0,304.03226
Platja Palmira,2025-08-15 11:00:00,193.0,287.59033
Platja Palmira,2025-08-15 12:00:00,178.0,270.31284
Platja Palmira,2025-08-15 13:00:00,145.0,237.99426
Platja Palmira,2025-08-15 14:00:00,45.0,198.80746
Platja Palmira,2025-08-15 15:00:00,49.0,164.42053
Platja Palmira,2025-08-15 16:00:00,13.0,163.49588
Platja Palmira,2025-08-15 17:00:00,15.0,92.26564
Platja Palmira,2025-08-15 18:00:00,95.0,135.97882
Platja Palmira,2025-08-15 19:00:00,155.0,146.66585
Platja Palmira,2025-08-15 20:00:00,83.0,173.91774
Platja Palmira,2025-08-16 08:00:00,136.0,196.31091
Platja Palmira,2025-08-16 09:00:00,136.0,216.8447
Platja Palmira,2025-08-16 10:00:00,151.0,243.89357
Platja Palmira,2025-08-16 11:00:00,129.0,254.97757
Platja Palmira,2025-08-16 12:00:00,141.0,256.1286
Platja Palmira,2025-08-16 13:00:00,91.0,206.39072
Platja Palmira,2025-08-16 14:00:00,38.0,214.85828
Platja Palmira,2025-08-16 15:00:00,35.0,198.04648
Platja Palmira,2025-08-16 16:00:00,14.0,197.57126
Platja Palmira,2025-08-16 17:00:00,16.0,148.86014
Platja Palmira,2025-08-16 18:00:00,83.0,110.217384
Platja Palmira,2025-08-16 19:00:00,184.0,150.7445
Platja Palmira,2025-08-16 20:00:00,223.0,199.1518
Platja Palmira,2025-08-17 08:00:00,182.0,210.127
Platja Palmira,2025-08-17 09:00:00,180.0,218.85472
Platja Palmira,2025-08-17 10:00:00,150.0,243.43005
Platja Palmira,2025-08-17 11:00:00,131.0,233.3962
Platja Palmira,2025-08-17 12:00:00,134.0,229.514
Platja Palmira,2025-08-17 13:00:00,94.0,177.67493
Platja Palmira,2025-08-17 14:00:00,50.0,192.89363
Platja Palmira,2025-08-17 15:00:00,47.0,175.46649
Platja Palmira,2025-08-17 16:00:00,13.0,148.47285
Platja Palmira,2025-08-17 17:00:00,10.0,75.954124
Platja Palmira,2025-08-17 18:00:00,93.0,100.56098
Platja Palmira,2025-08-17 19:00:00,48.0,145.83852
Platja Palmira,2025-08-17 20:00:00,91.0,151.33682
Platja Palmira,2025-08-18 08:00:00,141.0,163.43532
Platja Palmira,2025-08-18 09:00:00,157.0,151.36378
Platja Palmira,2025-08-18 10:00:00,147.0,187.93517
Platja Palmira,2025-08-18 11:00:00,133.0,146.82271
Platja Palmira,2025-08-18 12:00:00,127.0,151.67331
Platja Palmira,2025-08-18 13:00:00,101.0,153.34618
Platja Palmira,2025-08-18 14:00:00,55.0,147.87894
Platja Palmira,2025-08-18 15:00:00,46.0,122.25345
Platja Palmira,2025-08-18 16:00:00,16.0,100.70018
Platja Palmira,2025-08-18 17:00:00,15.0,48.864986
Platja Palmira,2025-08-18 18:00:00,63.0,67.04465
Platja Palmira,2025-08-18 19:00:00,203.0,110.60561
Platja Palmira,2025-08-18 20:00:00,194.0,142.54478
Platja Palmira,2025-08-19 08:00:00,178.0,143.09077
Platja Palmira,2025-08-19 09:00:00,163.0,137.3341
Platja Palmira,2025-08-19 10:00:00,155.0,153.90828
Platja Palmira,2025-08-19 11:00:00,138.0,142.42168
Platja Palmira,2025-08-19 12:00:00,126.0,137.05449
Platja Palmira,2025-08-19 13:00:00,117.0,147.30377
Platja Palmira,2025-08-19 14:00:00,76.0,124.29326
Platja Palmira,2025-08-19 15:00:00,65.0,84.80213
Platja Palmira,2025-08-19 16:00:00,18.0,49.188576
Platja Palmira,2025-08-19 17:00:00,15.0,27.681665
Platja Palmira,2025-08-19 18:00:00,91.0,83.37572
Platja Palmira,2025-08-19 19:00:00,200.0,99.5326
Platja Palmira,2025-08-19 20:00:00,139.0,94.20323
Platja Palmira,2025-08-20 08:00:00,115.0,116.29205
Platja Palmira,2025-08-20 09:00:00,147.0,127.32897
Platja Palmira,2025-08-20 10:00:00,127.0,130.96802
Platja Palmira,2025-08-20 11:00:00,126.0,159.56746
Platja Palmira,2025-08-20 12:00:00,112.0,149.96002
Platja Palmira,2025-08-20 13:00:00,83.0,134.78325
Platja Palmira,2025-08-20 14:00:00,63.0,104.99276
Platja Palmira,2025-08-20 15:00:00,59.0,86.077576
Platja Palmira,2025-08-20 16:00:00,16.0,57.230347
Platja Palmira,2025-08-20 17:00:00,11.0,38.896736
Platja Palmira,2025-08-20 18:00:00,103.0,97.98985
Platja Palmira,2025-08-20 19:00:00,176.0,114.99104
Platja Palmira,2025-08-20 20:00:00,205.0,134.43233
Platja Palmira,2025-08-21 08:00:00,182.0,137.19255
Platja Palmira,2025-08-21 09:00:00,136.0,119.54014
Platja Palmira,2025-08-21 10:00:00,180.0,157.96817
Platja Palmira,2025-08-21 11:00:00,175.0,170.85544
Platja Palmira,2025-08-21 12:00:00,151.0,151.5773
Platja Palmira,2025-08-21 13:00:00,127.0,142.86153
Platja Palmira,2025-08-21 14:00:00,105.0,132.37355
Platja Palmira,2025-08-21 15:00:00,52.0,97.412056
Platja Palmira,2025-08-21 16:00:00,14.0,87.29086
Platja Palmira,2025-08-21 17:00:00,12.0,26.442299
Platja Palmira,2025-08-21 18:00:00,106.0,91.43536
Platja Palmira,2025-08-21 19:00:00,186.0,129.68518
Platja Palmira,2025-08-21 20:00:00,169.0,164.18306
Platja Palmira,2025-08-22 08:00:00,162.0,179.41971
Platja Palmira,2025-08-22 09:00:00,165.0,165.42049
Platja Palmira,2025-08-22 10:00:00,187.0,187.83194
Platja Palmira,2025-08-22 11:00:00,183.0,199.18233
Platja Palmira,2025-08-22 12:00:00,155.0,175.77048
Platja Palmira,2025-08-22 13:00:00,110.0,160.63045
Platja Palmira,2025-08-22 14:00:00,73.0,134.02205
Platja Palmira,2025-08-22 15:00:00,35.0,105.368965
Platja Palmira,2025-08-22 16:00:00,11.0,80.55752
Platja Palmira,2025-08-22 17:00:00,13.0,33.32546
Platja Palmira,2025-08-22 18:00:00,79.0,101.788536
Platja Palmira,2025-08-22 19:00:00,165.0,150.93248
Platja Palmira,2025-08-22 20:00:00,129.0,157.26001
Platja Palmira,2025-08-23 08:00:00,148.0,158.80295
Platja Palmira,2025-08-23 09:00:00,143.0,146.14381
Platja Palmira,2025-08-23 10:00:00,97.0,168.123
Platja Palmira,2025-08-23 11:00:00,157.0,163.34445
Platja Palmira,2025-08-23 12:00:00,135.0,145.22609
Platja Palmira,2025-08-23 13:00:00,78.0,133.07445
Platja Palmira,2025-08-23 14:00:00,80.0,88.726105
Platja Palmira,2025-08-23 15:00:00,31.0,80.53595
Platja Palmira,2025-08-23 16:00:00,17.0,43.291214
Platja Palmira,2025-08-23 17:00:00,12.0,35.296303
Platja Palmira,2025-08-23 18:00:00,70.0,124.61853
Platja Palmira,2025-08-23 19:00:00,129.0,105.7251
Platja Palmira,2025-08-23 20:00:00,125.0,154.00983
Platja Palmira,2025-08-24 08:00:00,160.0,152.7425
Platja Palmira,2025-08-24 09:00:00,141.0,139.26997
Platja Palmira,2025-08-24 10:00:00,142.0,126.91839
Platja Palmira,2025-08-24 11:00:00,149.0,151.9434
Platja Palmira,2025-08-24 12:00:00,160.0,133.77956
Platja Palmira,2025-08-24 13:00:00,85.0,112.507515
Platja Palmira,2025-08-24 14:00:00,34.0,103.13193
Platja Palmira,2025-08-24 15:00:00,67.0,73.41737
Platja Palmira,2025-08-24 16:00:00,14.0,45.39349
Platja Palmira,2025-08-24 17:00:00,13.0,13.42082
Platja Palmira,2025-08-24 18:00:00,89.0,93.793724
Platja Palmira,2025-08-24 19:00:00,216.0,148.8917
Platja Palmira,2025-08-24 20:00:00,233.0,164.9224
Platja Palmira,2025-08-25 08:00:00,184.0,151.52469
Platja Palmira,2025-08-25 09:00:00,199.0,141.72704
Platja Palmira,2025-08-25 10:00:00,183.0,146.06865
Platja Palmira,2025-08-25 11:00:00,190.0,145.55571
Platja Palmira,2025-08-25 12:00:00,177.0,140.9238
Platja Palmira,2025-08-25 13:00:00,92.0,119.63975
Platja Palmira,2025-08-25 14:00:00,99.0,75.54473
Platja Palmira,2025-08-25 15:00:00,40.0,63.76485
Platja Palmira,2025-08-25 16:00:00,11.0,37.73356
Platja Palmira,2025-08-25 17:00:00,11.0,19.258667
Platja Palmira,2025-08-25 18:00:00,125.0,99.668076
Platja Palmira,2025-08-25 19:00:00,259.0,134.4667
Platja Palmira,2025-08-25 20:00:00,208.0,149.17656
Platja Palmira,2025-08-26 08:00:00,158.0,148.98074
Platja Palmira,2025-08-26 09:00:00,178.0,140.87563
Platja Palmira,2025-08-26 10:00:00,189.0,135.76663
Platja Palmira,2025-08-26 11:00:00,149.0,147.40157
Platja Palmira,2025-08-26 12:00:00,121.0,141.621
Platja Palmira,2025-08-26 13:00:00,81.0,108.187706
Platja Palmira,2025-08-26 14:00:00,57.0,88.76129
Platja Palmira,2025-08-26 15:00:00,29.0,80.50786
Platja Palmira,2025-08-26 16:00:00,12.0,51.844242
Platja Palmira,2025-08-26 17:00:00,10.0,25.199781
Platja Palmira,2025-08-26 18:00:00,76.0,80.21211
Platja Palmira,2025-08-26 19:00:00,227.0,127.78695
Platja Palmira,2025-08-26 20:00:00,185.0,124.48513
Platja Palmira,2025-08-27 08:00:00,148.0,135.90863
Platja Palmira,2025-08-27 09:00:00,151.0,113.738266
Platja Palmira,2025-08-27 10:00:00,123.0,125.47436
Platja Palmira,2025-08-27 11:00:00,134.0,123.62898
Platja Palmira,2025-08-27 12:00:00,90.0,124.9067
Platja Palmira,2025-08-27 13:00:00,53.0,96.393196
Platja Palmira,2025-08-27 14:00:00,30.0,66.633865
Platja Palmira,2025-08-27 15:00:00,68.0,60.013916
Platja Palmira,2025-08-27 16:00:00,13.0,25.638197
Platja Palmira,2025-08-27 17:00:00,12.0,27.870743
Platja Palmira,2025-08-27 18:00:00,90.0,84.32588
Platja Palmira,2025-08-27 19:00:00,174.0,109.1212
Platja Palmira,2025-08-27 20:00:00,185.0,108.84035
Platja Palmira,2025-08-28 08:00:00,149.0,121.79948
Platja Palmira,2025-08-28 09:00:00,151.0,125.1048
Platja Palmira,2025-08-28 10:00:00,171.0,138.93002
Platja Palmira,2025-08-28 11:00:00,159.0,137.51399
Platja Palmira,2025-08-28 12:00:00,132.0,126.03957
Platja Palmira,2025-08-28 13:00:00,57.0,102.14513
Platja Palmira,2025-08-28 14:00:00,30.0,91.38818
Platja Palmira,2025-08-28 15:00:00,127.0,77.9612
Platja Palmira,2025-08-28 16:00:00,16.0,52.750443
Platja Palmira,2025-08-28 17:00:00,17.0,33.91225
Platja Palmira,2025-08-28 18:00:00,102.0,85.69243
Platja Palmira,2025-08-28 19:00:00,154.0,80.01739
Platja Palmira,2025-08-28 20:00:00,192.0,95.64839
Platja Palmira,2025-08-29 08:00:00,136.0,119.988525
Platja Palmira,2025-08-29 09:00:00,121.0,117.83765
Platja Palmira,2025-08-29 10:00:00,149.0,134.2943
Platja Palmira,2025-08-29 11:00:00,145.0,102.59069
Platja Palmira,2025-08-29 12:00:00,94.0,100.78893
Platja Palmira,2025-08-29 13:00:00,62.0,76.01351
Platja Palmira,2025-08-29 14:00:00,44.0,74.088905
Platja Palmira,2025-08-29 15:00:00,46.0,64.55412
Platja Palmira,2025-08-29 16:00:00,12.0,35.268906
Platja Palmira,2025-08-29 17:00:00,10.0,29.086218
Platja Palmira,2025-08-29 18:00:00,65.0,68.94222
Platja Palmira,2025-08-29 19:00:00,124.0,91.09148
Platja Palmira,2025-08-29 20:00:00,191.0,105.36123
Platja Palmira,2025-08-30 08:00:00,170.0,115.53023
Platja Palmira,2025-08-30 09:00:00,143.0,119.50145
Platja Palmira,2025-08-30 10:00:00,147.0,137.96304
Platja Palmira,2025-08-30 11:00:00,176.0,141.82921
Platja Palmira,2025-08-30 12:00:00,144.0,115.6074
Platja Palmira,2025-08-30 13:00:00,61.0,106.1582
Platja Palmira,2025-08-30 14:00:00,42.0,82.54608
Platja Palmira,2025-08-30 15:00:00,70.0,72.23443
Platja Palmira,2025-08-30 16:00:00,12.0,33.324825
Platja Palmira,2025-08-30 17:00:00,18.0,33.300552
Platja Palmira,2025-08-30 18:00:00,36.0,67.19803
Platja Palmira,2025-08-30 19:00:00,15.0,101.52294
Platja Palmira,2025-08-30 20:00:00,25.0,80.48312
Platja Palmira 2,2025-06-01 08:00:00,123.0,143.40813
Platja Palmira 2,2025-06-01 09:00:00,79.0,128.95413
Platja Palmira 2,2025-06-01 10:00:00,98.0,141.24323
Platja Palmira 2,2025-06-01 11:00:00,133.0,144.00403
Platja Palmira 2,2025-06-01 12:00:00,134.0,143.88159
Platja Palmira 2,2025-06-01 13:00:00,131.0,128.02496
Platja Palmira 2,2025-06-01 14:00:00,77.0,114.397026
Platja Palmira 2,2025-06-01 15:00:00,97.0,82.440056
Platja Palmira 2,2025-06-01 16:00:00,115.0,74.23438
Platja Palmira 2,2025-06-01 17:00:00,74.0,22.829939
Platja Palmira 2,2025-06-01 18:00:00,79.0,106.8112
Platja Palmira 2,2025-06-01 19:00:00,134.0,116.727745
Platja Palmira 2,2025-06-01 20:00:00,136.0,121.88389
Platja Palmira 2,2025-06-02 08:00:00,109.0,146.44937
Platja Palmira 2,2025-06-02 09:00:00,78.0,151.41196
Platja Palmira 2,2025-06-02 10:00:00,110.0,137.06468
Platja Palmira 2,2025-06-02 11:00:00,126.0,153.2641
Platja Palmira 2,2025-06-02 12:00:00,148.0,135.2774
Platja Palmira 2,2025-06-02 13:00:00,98.0,123.57711
Platja Palmira 2,2025-06-02 14:00:00,85.0,92.81207
Platja Palmira 2,2025-06-02 15:00:00,101.0,83.80697
Platja Palmira 2,2025-06-02 16:00:00,102.0,83.07743
Platja Palmira 2,2025-06-02 17:00:00,53.0,28.618164
Platja Palmira 2,2025-06-02 18:00:00,105.0,85.18826
Platja Palmira 2,2025-06-02 19:00:00,148.0,119.98693
Platja Palmira 2,2025-06-02 20:00:00,146.0,131.49501
Platja Palmira 2,2025-06-03 08:00:00,127.0,140.45537
Platja Palmira 2,2025-06-03 09:00:00,134.0,136.7822
Platja Palmira 2,2025-06-03 10:00:00,128.0,152.30286
Platja Palmira 2,2025-06-03 11:00:00,151.0,150.62674
Platja Palmira 2,2025-06-03 12:00:00,123.0,144.35835
Platja Palmira 2,2025-06-03 13:00:00,84.0,133.00629
Platja Palmira 2,2025-06-03 14:00:00,99.0,99.299194
Platja Palmira 2,2025-06-03 15:00:00,103.0,76.49272
Platja Palmira 2,2025-06-03 16:00:00,107.0,64.88309
Platja Palmira 2,2025-06-03 17:00:00,62.0,27.634514
Platja Palmira 2,2025-06-03 18:00:00,95.0,90.67466
Platja Palmira 2,2025-06-03 19:00:00,149.0,102.93127
Platja Palmira 2,2025-06-03 20:00:00,139.0,112.43351
Platja Palmira 2,2025-06-04 08:00:00,139.0,114.53354
Platja Palmira 2,2025-06-04 09:00:00,139.0,73.64202
Platja Palmira 2,2025-06-04 10:00:00,109.0,153.85988
Platja Palmira 2,2025-06-04 11:00:00,126.0,145.22488
Platja Palmira 2,2025-06-04 12:00:00,102.0,147.65198
Platja Palmira 2,2025-06-04 13:00:00,81.0,120.71423
Platja Palmira 2,2025-06-04 14:00:00,66.0,103.43747
Platja Palmira 2,2025-06-04 15:00:00,105.0,97.352394
Platja Palmira 2,2025-06-04 16:00:00,112.0,85.091545
Platja Palmira 2,2025-06-04 17:00:00,64.0,44.95571
Platja Palmira 2,2025-06-04 18:00:00,94.0,80.569664
Platja Palmira 2,2025-06-04 19:00:00,122.0,114.74387
Platja Palmira 2,2025-06-04 20:00:00,137.0,118.46769
Platja Palmira 2,2025-06-05 08:00:00,126.0,135.01292
Platja Palmira 2,2025-06-05 09:00:00,118.0,123.81625
Platja Palmira 2,2025-06-05 10:00:00,114.0,154.64099
Platja Palmira 2,2025-06-05 11:00:00,116.0,170.87814
Platja Palmira 2,2025-06-05 12:00:00,89.0,152.37943
Platja Palmira 2,2025-06-05 13:00:00,82.0,146.85474
Platja Palmira 2,2025-06-05 14:00:00,90.0,127.47877
Platja Palmira 2,2025-06-05 15:00:00,125.0,110.17796
Platja Palmira 2,2025-06-05 16:00:00,116.0,98.42058
Platja Palmira 2,2025-06-05 17:00:00,62.0,48.318985
Platja Palmira 2,2025-06-05 18:00:00,74.0,72.11134
Platja Palmira 2,2025-06-05 19:00:00,124.0,99.24274
Platja Palmira 2,2025-06-05 20:00:00,130.0,119.31245
Platja Palmira 2,2025-06-06 08:00:00,97.0,151.0039
Platja Palmira 2,2025-06-06 09:00:00,107.0,124.195305
Platja Palmira 2,2025-06-06 10:00:00,103.0,145.19164
Platja Palmira 2,2025-06-06 11:00:00,127.0,170.06033
Platja Palmira 2,2025-06-06 12:00:00,136.0,157.40347
Platja Palmira 2,2025-06-06 13:00:00,94.0,140.67084
Platja Palmira 2,2025-06-06 14:00:00,71.0,135.648
Platja Palmira 2,2025-06-06 15:00:00,88.0,106.216965
Platja Palmira 2,2025-06-06 16:00:00,99.0,90.40274
Platja Palmira 2,2025-06-06 17:00:00,38.0,70.34704
Platja Palmira 2,2025-06-06 18:00:00,83.0,82.667885
Platja Palmira 2,2025-06-06 19:00:00,122.0,95.4883
Platja Palmira 2,2025-06-06 20:00:00,138.0,106.97227
Platja Palmira 2,2025-06-07 08:00:00,122.0,133.30997
Platja Palmira 2,2025-06-07 09:00:00,73.0,117.18065
Platja Palmira 2,2025-06-07 10:00:00,83.0,130.30464
Platja Palmira 2,2025-06-07 11:00:00,87.0,133.6371
Platja Palmira 2,2025-06-07 12:00:00,106.0,131.4063
Platja Palmira 2,2025-06-07 13:00:00,73.0,119.772934
Platja Palmira 2,2025-06-07 14:00:00,82.0,101.383644
Platja Palmira 2,2025-06-07 15:00:00,114.0,91.306564
Platja Palmira 2,2025-06-07 16:00:00,130.0,70.27076
Platja Palmira 2,2025-06-07 17:00:00,51.0,33.749897
Platja Palmira 2,2025-06-07 18:00:00,76.0,99.25193
Platja Palmira 2,2025-06-07 19:00:00,99.0,99.689606
Platja Palmira 2,2025-06-07 20:00:00,106.0,106.19063
Platja Palmira 2,2025-06-08 08:00:00,96.0,122.52344
Platja Palmira 2,2025-06-08 09:00:00,97.0,105.792404
Platja Palmira 2,2025-06-08 10:00:00,86.0,137.69359
Platja Palmira 2,2025-06-08 11:00:00,115.0,140.09576
Platja Palmira 2,2025-06-08 12:00:00,100.0,147.051
Platja Palmira 2,2025-06-08 13:00:00,87.0,132.76816
Platja Palmira 2,2025-06-08 14:00:00,74.0,114.48523
Platja Palmira 2,2025-06-08 15:00:00,74.0,96.837326
Platja Palmira 2,2025-06-08 16:00:00,110.0,66.759544
Platja Palmira 2,2025-06-08 17:00:00,41.0,45.646103
Platja Palmira 2,2025-06-08 18:00:00,101.0,137.20213
Platja Palmira 2,2025-06-08 19:00:00,115.0,112.17158
Platja Palmira 2,2025-06-08 20:00:00,105.0,129.90585
Platja Palmira 2,2025-06-09 08:00:00,88.0,127.53876
Platja Palmira 2,2025-06-09 09:00:00,90.0,118.647514
Platja Palmira 2,2025-06-09 10:00:00,103.0,127.50413
Platja Palmira 2,2025-06-09 11:00:00,121.0,133.8765
Platja Palmira 2,2025-06-09 12:00:00,99.0,141.41226
Platja Palmira 2,2025-06-09 13:00:00,79.0,132.99945
Platja Palmira 2,2025-06-09 14:00:00,104.0,98.36241
Platja Palmira 2,2025-06-09 15:00:00,113.0,74.59212
Platja Palmira 2,2025-06-09 16:00:00,90.0,69.731865
Platja Palmira 2,2025-06-09 17:00:00,48.0,41.477448
Platja Palmira 2,2025-06-09 18:00:00,87.0,94.015274
Platja Palmira 2,2025-06-09 19:00:00,111.0,108.23186
Platja Palmira 2,2025-06-09 20:00:00,116.0,119.4066
Platja Palmira 2,2025-06-10 08:00:00,115.0,135.48904
Platja Palmira 2,2025-06-10 09:00:00,79.0,117.11881
Platja Palmira 2,2025-06-10 10:00:00,101.0,136.98
Platja Palmira 2,2025-06-10 11:00:00,112.0,141.08003
Platja Palmira 2,2025-06-10 12:00:00,109.0,143.71696
Platja Palmira 2,2025-06-10 13:00:00,108.0,121.57389
Platja Palmira 2,2025-06-10 14:00:00,68.0,104.98726
Platja Palmira 2,2025-06-10 15:00:00,113.0,96.889114
Platja Palmira 2,2025-06-10 16:00:00,105.0,85.62946
Platja Palmira 2,2025-06-10 17:00:00,64.0,63.58398
Platja Palmira 2,2025-06-10 18:00:00,76.0,102.137085
Platja Palmira 2,2025-06-10 19:00:00,136.0,114.691765
Platja Palmira 2,2025-06-10 20:00:00,131.0,119.49413
Platja Palmira 2,2025-06-11 08:00:00,90.0,122.521225
Platja Palmira 2,2025-06-11 09:00:00,91.0,114.474556
Platja Palmira 2,2025-06-11 10:00:00,99.0,138.34482
Platja Palmira 2,2025-06-11 11:00:00,105.0,145.83798
Platja Palmira 2,2025-06-11 12:00:00,128.0,146.36382
Platja Palmira 2,2025-06-11 13:00:00,105.0,134.88705
Platja Palmira 2,2025-06-11 14:00:00,90.0,114.13159
Platja Palmira 2,2025-06-11 15:00:00,76.0,94.00496
Platja Palmira 2,2025-06-11 16:00:00,122.0,62.711555
Platja Palmira 2,2025-06-11 17:00:00,45.0,41.043884
Platja Palmira 2,2025-06-11 18:00:00,88.0,104.09635
Platja Palmira 2,2025-06-11 19:00:00,99.0,120.50233
Platja Palmira 2,2025-06-11 20:00:00,115.0,138.51219
Platja Palmira 2,2025-06-12 08:00:00,134.0,139.90112
Platja Palmira 2,2025-06-12 09:00:00,98.0,131.17644
Platja Palmira 2,2025-06-12 10:00:00,84.0,153.33815
Platja Palmira 2,2025-06-12 11:00:00,101.0,158.86356
Platja Palmira 2,2025-06-12 12:00:00,130.0,158.2012
Platja Palmira 2,2025-06-12 13:00:00,124.0,157.19254
Platja Palmira 2,2025-06-12 14:00:00,104.0,137.3718
Platja Palmira 2,2025-06-12 15:00:00,101.0,110.35799
Platja Palmira 2,2025-06-12 16:00:00,99.0,98.04867
Platja Palmira 2,2025-06-12 17:00:00,82.0,46.4707
Platja Palmira 2,2025-06-12 18:00:00,74.0,92.03628
Platja Palmira 2,2025-06-12 19:00:00,134.0,123.993225
Platja Palmira 2,2025-06-12 20:00:00,125.0,136.18953
Platja Palmira 2,2025-06-13 08:00:00,107.0,158.49213
Platja Palmira 2,2025-06-13 09:00:00,125.0,149.68372
Platja Palmira 2,2025-06-13 10:00:00,125.0,163.35732
Platja Palmira 2,2025-06-13 11:00:00,115.0,175.31598
Platja Palmira 2,2025-06-13 12:00:00,129.0,172.0036
Platja Palmira 2,2025-06-13 13:00:00,126.0,167.52058
Platja Palmira 2,2025-06-13 14:00:00,109.0,150.94606
Platja Palmira 2,2025-06-13 15:00:00,95.0,135.1159
Platja Palmira 2,2025-06-13 16:00:00,88.0,115.873215
Platja Palmira 2,2025-06-13 17:00:00,44.0,52.09682
Platja Palmira 2,2025-06-13 18:00:00,71.0,92.87998
Platja Palmira 2,2025-06-13 19:00:00,118.0,94.89217
Platja Palmira 2,2025-06-13 20:00:00,113.0,107.52106
Platja Palmira 2,2025-06-14 08:00:00,123.0,128.30672
Platja Palmira 2,2025-06-14 09:00:00,79.0,126.105446
Platja Palmira 2,2025-06-14 10:00:00,95.0,152.89532
Platja Palmira 2,2025-06-14 11:00:00,132.0,141.48175
Platja Palmira 2,2025-06-14 12:00:00,108.0,144.25786
Platja Palmira 2,2025-06-14 13:00:00,87.0,142.67618
Platja Palmira 2,2025-06-14 14:00:00,85.0,122.04671
Platja Palmira 2,2025-06-14 15:00:00,140.0,116.60949
Platja Palmira 2,2025-06-14 16:00:00,257.0,98.16443
Platja Palmira 2,2025-06-14 17:00:00,276.0,47.19681
Platja Palmira 2,2025-06-14 18:00:00,74.0,68.12541
Platja Palmira 2,2025-06-14 19:00:00,104.0,94.55988
Platja Palmira 2,2025-06-14 20:00:00,124.0,105.81374
Platja Palmira 2,2025-06-15 08:00:00,107.0,130.3757
Platja Palmira 2,2025-06-15 09:00:00,98.0,133.15126
Platja Palmira 2,2025-06-15 10:00:00,93.0,144.0483
Platja Palmira 2,2025-06-15 11:00:00,97.0,138.91945
Platja Palmira 2,2025-06-15 12:00:00,97.0,134.11392
Platja Palmira 2,2025-06-15 13:00:00,92.0,130.88164
Platja Palmira 2,2025-06-15 14:00:00,89.0,114.46178
Platja Palmira 2,2025-06-15 15:00:00,94.0,104.35977
Platja Palmira 2,2025-06-15 16:00:00,108.0,101.738525
Platja Palmira 2,2025-06-15 17:00:00,78.0,60.80481
Platja Palmira 2,2025-06-15 18:00:00,58.0,73.27552
Platja Palmira 2,2025-06-15 19:00:00,126.0,108.50615
Platja Palmira 2,2025-06-15 20:00:00,112.0,106.208466
Platja Palmira 2,2025-06-16 08:00:00,102.0,141.21642
Platja Palmira 2,2025-06-16 09:00:00,91.0,118.913376
Platja Palmira 2,2025-06-16 10:00:00,96.0,146.2046
Platja Palmira 2,2025-06-16 11:00:00,110.0,150.73056
Platja Palmira 2,2025-06-16 12:00:00,90.0,139.83138
Platja Palmira 2,2025-06-16 13:00:00,83.0,128.46051
Platja Palmira 2,2025-06-16 14:00:00,96.0,106.8685
Platja Palmira 2,2025-06-16 15:00:00,69.0,91.943436
Platja Palmira 2,2025-06-16 16:00:00,100.0,78.18858
Platja Palmira 2,2025-06-16 17:00:00,54.0,40.34384
Platja Palmira 2,2025-06-16 18:00:00,82.0,73.238144
Platja Palmira 2,2025-06-16 19:00:00,103.0,99.11276
Platja Palmira 2,2025-06-16 20:00:00,121.0,101.367874
Platja Palmira 2,2025-06-17 08:00:00,95.0,143.75296
Platja Palmira 2,2025-06-17 09:00:00,110.0,133.7261
Platja Palmira 2,2025-06-17 10:00:00,97.0,140.89485
Platja Palmira 2,2025-06-17 11:00:00,84.0,147.9512
Platja Palmira 2,2025-06-17 12:00:00,124.0,128.92395
Platja Palmira 2,2025-06-17 13:00:00,96.0,128.20468
Platja Palmira 2,2025-06-17 14:00:00,55.0,97.86277
Platja Palmira 2,2025-06-17 15:00:00,90.0,109.431404
Platja Palmira 2,2025-06-17 16:00:00,90.0,75.82034
Platja Palmira 2,2025-06-17 17:00:00,57.0,38.996666
Platja Palmira 2,2025-06-17 18:00:00,59.0,79.24121
Platja Palmira 2,2025-06-17 19:00:00,103.0,99.17997
Platja Palmira 2,2025-06-17 20:00:00,131.0,99.00101
Platja Palmira 2,2025-06-18 08:00:00,92.0,121.12201
Platja Palmira 2,2025-06-18 09:00:00,105.0,120.226204
Platja Palmira 2,2025-06-18 10:00:00,76.0,135.88998
Platja Palmira 2,2025-06-18 11:00:00,110.0,133.0892
Platja Palmira 2,2025-06-18 12:00:00,116.0,120.93039
Platja Palmira 2,2025-06-18 13:00:00,92.0,121.138084
Platja Palmira 2,2025-06-18 14:00:00,61.0,102.26438
Platja Palmira 2,2025-06-18 15:00:00,85.0,88.346146
Platja Palmira 2,2025-06-18 16:00:00,111.0,67.79152
Platja Palmira 2,2025-06-18 17:00:00,64.0,32.380867
Platja Palmira 2,2025-06-18 18:00:00,88.0,74.42073
Platja Palmira 2,2025-06-18 19:00:00,133.0,98.00547
Platja Palmira 2,2025-06-18 20:00:00,146.0,95.659134
Platja Palmira 2,2025-06-19 08:00:00,127.0,116.26626
Platja Palmira 2,2025-06-19 09:00:00,96.0,112.20033
Platja Palmira 2,2025-06-19 10:00:00,94.0,131.40984
Platja Palmira 2,2025-06-19 11:00:00,108.0,131.76433
Platja Palmira 2,2025-06-19 12:00:00,111.0,131.67705
Platja Palmira 2,2025-06-19 13:00:00,98.0,111.54717
Platja Palmira 2,2025-06-19 14:00:00,94.0,106.93686
Platja Palmira 2,2025-06-19 15:00:00,100.0,96.57199
Platja Palmira 2,2025-06-19 16:00:00,99.0,88.92097
Platja Palmira 2,2025-06-19 17:00:00,58.0,55.58847
Platja Palmira 2,2025-06-19 18:00:00,63.0,100.91767
Platja Palmira 2,2025-06-19 19:00:00,135.0,80.67198
Platja Palmira 2,2025-06-19 20:00:00,147.0,107.29751
Platja Palmira 2,2025-06-20 08:00:00,123.0,128.75052
Platja Palmira 2,2025-06-20 09:00:00,104.0,114.32789
Platja Palmira 2,2025-06-20 10:00:00,112.0,162.46825
Platja Palmira 2,2025-06-20 11:00:00,106.0,167.42163
Platja Palmira 2,2025-06-20 12:00:00,139.0,145.62672
Platja Palmira 2,2025-06-20 13:00:00,111.0,122.513214
Platja Palmira 2,2025-06-20 14:00:00,104.0,112.66431
Platja Palmira 2,2025-06-20 15:00:00,107.0,102.030914
Platja Palmira 2,2025-06-20 16:00:00,107.0,96.66531
Platja Palmira 2,2025-06-20 17:00:00,62.0,49.38091
Platja Palmira 2,2025-06-20 18:00:00,99.0,48.716263
Platja Palmira 2,2025-06-20 19:00:00,126.0,82.55794
Platja Palmira 2,2025-06-20 20:00:00,134.0,93.22422
Platja Palmira 2,2025-06-21 08:00:00,110.0,124.99583
Platja Palmira 2,2025-06-21 09:00:00,108.0,110.538345
Platja Palmira 2,2025-06-21 10:00:00,105.0,130.69716
Platja Palmira 2,2025-06-21 11:00:00,110.0,127.91694
Platja Palmira 2,2025-06-21 12:00:00,100.0,132.77882
Platja Palmira 2,2025-06-21 13:00:00,87.0,102.63768
Platja Palmira 2,2025-06-21 14:00:00,102.0,83.22948
Platja Palmira 2,2025-06-21 15:00:00,116.0,80.386055
Platja Palmira 2,2025-06-21 16:00:00,75.0,52.28154
Platja Palmira 2,2025-06-21 17:00:00,85.0,46.367294
Platja Palmira 2,2025-06-21 18:00:00,118.0,66.34417
Platja Palmira 2,2025-06-21 19:00:00,114.0,92.81562
Platja Palmira 2,2025-06-21 20:00:00,130.0,96.69527
Platja Palmira 2,2025-06-22 08:00:00,95.0,99.34495
Platja Palmira 2,2025-06-22 09:00:00,96.0,126.08649
Platja Palmira 2,2025-06-22 10:00:00,84.0,132.34335
Platja Palmira 2,2025-06-22 11:00:00,103.0,129.22397
Platja Palmira 2,2025-06-22 12:00:00,126.0,119.75191
Platja Palmira 2,2025-06-22 13:00:00,104.0,126.54567
Platja Palmira 2,2025-06-22 14:00:00,141.0,111.73749
Platja Palmira 2,2025-06-22 15:00:00,100.0,101.0863
Platja Palmira 2,2025-06-22 16:00:00,68.0,85.2676
Platja Palmira 2,2025-06-22 17:00:00,83.0,35.01437
Platja Palmira 2,2025-06-22 18:00:00,146.0,70.61986
Platja Palmira 2,2025-06-22 19:00:00,132.0,84.87711
Platja Palmira 2,2025-06-22 20:00:00,119.0,100.85182
Platja Palmira 2,2025-06-23 08:00:00,84.0,116.310646
Platja Palmira 2,2025-06-23 09:00:00,105.0,126.160255
Platja Palmira 2,2025-06-23 10:00:00,114.0,135.65695
Platja Palmira 2,2025-06-23 11:00:00,131.0,128.92583
Platja Palmira 2,2025-06-23 12:00:00,124.0,118.173744
Platja Palmira 2,2025-06-23 13:00:00,92.0,100.07372
Platja Palmira 2,2025-06-23 14:00:00,150.0,97.38764
Platja Palmira 2,2025-06-23 15:00:00,124.0,95.50964
Platja Palmira 2,2025-06-23 16:00:00,66.0,63.09655
Platja Palmira 2,2025-06-23 17:00:00,74.0,51.868973
Platja Palmira 2,2025-06-23 18:00:00,135.0,96.554665
Platja Palmira 2,2025-06-23 19:00:00,140.0,86.64771
Platja Palmira 2,2025-06-23 20:00:00,108.0,122.4111
Platja Palmira 2,2025-06-24 08:00:00,103.0,152.60551
Platja Palmira 2,2025-06-24 09:00:00,113.0,147.09924
Platja Palmira 2,2025-06-24 10:00:00,119.0,149.03476
Platja Palmira 2,2025-06-24 11:00:00,136.0,139.06491
Platja Palmira 2,2025-06-24 12:00:00,126.0,145.20772
Platja Palmira 2,2025-06-24 13:00:00,110.0,148.29788
Platja Palmira 2,2025-06-24 14:00:00,99.0,126.56268
Platja Palmira 2,2025-06-24 15:00:00,100.0,122.73439
Platja Palmira 2,2025-06-24 16:00:00,76.0,94.64028
Platja Palmira 2,2025-06-24 17:00:00,71.0,65.8468
Platja Palmira 2,2025-06-24 18:00:00,157.0,84.72831
Platja Palmira 2,2025-06-24 19:00:00,117.0,95.79897
Platja Palmira 2,2025-06-24 20:00:00,104.0,123.76265
Platja Palmira 2,2025-06-25 08:00:00,105.0,116.656746
Platja Palmira 2,2025-06-25 09:00:00,88.0,148.7047
Platja Palmira 2,2025-06-25 10:00:00,104.0,139.8937
Platja Palmira 2,2025-06-25 11:00:00,142.0,128.02884
Platja Palmira 2,2025-06-25 12:00:00,126.0,118.697044
Platja Palmira 2,2025-06-25 13:00:00,93.0,113.113556
Platja Palmira 2,2025-06-25 14:00:00,117.0,97.11589
Platja Palmira 2,2025-06-25 15:00:00,99.0,92.169075
Platja Palmira 2,2025-06-25 16:00:00,68.0,59.68131
Platja Palmira 2,2025-06-25 17:00:00,107.0,58.49232
Platja Palmira 2,2025-06-25 18:00:00,155.0,83.09723
Platja Palmira 2,2025-06-25 19:00:00,138.0,116.6669
Platja Palmira 2,2025-06-25 20:00:00,100.0,124.65469
Platja Palmira 2,2025-06-26 08:00:00,92.0,134.0716
Platja Palmira 2,2025-06-26 09:00:00,84.0,141.13016
Platja Palmira 2,2025-06-26 10:00:00,112.0,157.426
Platja Palmira 2,2025-06-26 11:00:00,130.0,127.39003
Platja Palmira 2,2025-06-26 12:00:00,123.0,119.124535
Platja Palmira 2,2025-06-26 13:00:00,89.0,135.45045
Platja Palmira 2,2025-06-26 14:00:00,99.0,114.31858
Platja Palmira 2,2025-06-26 15:00:00,110.0,91.45148
Platja Palmira 2,2025-06-26 16:00:00,64.0,65.45916
Platja Palmira 2,2025-06-26 17:00:00,81.0,46.821922
Platja Palmira 2,2025-06-26 18:00:00,126.0,65.4024
Platja Palmira 2,2025-06-26 19:00:00,137.0,98.56448
Platja Palmira 2,2025-06-26 20:00:00,132.0,106.14122
Platja Palmira 2,2025-06-27 08:00:00,120.0,119.196304
Platja Palmira 2,2025-06-27 09:00:00,135.0,136.10956
Platja Palmira 2,2025-06-27 10:00:00,132.0,143.32732
Platja Palmira 2,2025-06-27 11:00:00,145.0,144.08357
Platja Palmira 2,2025-06-27 12:00:00,158.0,120.8646
Platja Palmira 2,2025-06-27 13:00:00,95.0,114.23699
Platja Palmira 2,2025-06-27 14:00:00,99.0,93.2833
Platja Palmira 2,2025-06-27 15:00:00,93.0,91.225494
Platja Palmira 2,2025-06-27 16:00:00,77.0,58.191307
Platja Palmira 2,2025-06-27 17:00:00,116.0,44.54946
Platja Palmira 2,2025-06-27 18:00:00,161.0,89.577255
Platja Palmira 2,2025-06-27 19:00:00,139.0,88.056206
Platja Palmira 2,2025-06-27 20:00:00,120.0,82.711525
Platja Palmira 2,2025-06-28 08:00:00,90.0,98.83362
Platja Palmira 2,2025-06-28 09:00:00,103.0,107.31397
Platja Palmira 2,2025-06-28 10:00:00,147.0,116.53719
Platja Palmira 2,2025-06-28 11:00:00,132.0,110.2049
Platja Palmira 2,2025-06-28 12:00:00,107.0,108.0242
Platja Palmira 2,2025-06-28 13:00:00,90.0,93.76003
Platja Palmira 2,2025-06-28 14:00:00,107.0,90.468765
Platja Palmira 2,2025-06-28 15:00:00,124.0,89.17298
Platja Palmira 2,2025-06-28 16:00:00,39.0,52.695713
Platja Palmira 2,2025-06-28 17:00:00,95.0,38.638695
Platja Palmira 2,2025-06-28 18:00:00,103.0,36.043983
Platja Palmira 2,2025-06-28 19:00:00,100.0,37.06066
Platja Palmira 2,2025-06-28 20:00:00,116.0,49.72875
Platja Palmira 2,2025-06-29 08:00:00,104.0,62.511887
Platja Palmira 2,2025-06-29 09:00:00,124.0,133.78908
Platja Palmira 2,2025-06-29 10:00:00,132.0,129.45067
Platja Palmira 2,2025-06-29 11:00:00,111.0,116.65607
Platja Palmira 2,2025-06-29 12:00:00,79.0,108.68638
Platja Palmira 2,2025-06-29 13:00:00,83.0,98.817795
Platja Palmira 2,2025-06-29 14:00:00,105.0,91.45588
Platja Palmira 2,2025-06-29 15:00:00,125.0,74.53492
Platja Palmira 2,2025-06-29 16:00:00,56.0,42.747402
Platja Palmira 2,2025-06-29 17:00:00,86.0,65.37104
Platja Palmira 2,2025-06-29 18:00:00,127.0,92.17554
Platja Palmira 2,2025-06-29 19:00:00,130.0,96.46858
Platja Palmira 2,2025-06-29 20:00:00,128.0,109.48808
Platja Palmira 2,2025-06-30 08:00:00,128.0,122.30109
Platja Palmira 2,2025-06-30 09:00:00,105.0,148.94312
Platja Palmira 2,2025-06-30 10:00:00,129.0,148.62439
Platja Palmira 2,2025-06-30 11:00:00,128.0,153.81587
Platja Palmira 2,2025-06-30 12:00:00,94.0,135.50836
Platja Palmira 2,2025-06-30 13:00:00,74.0,109.85953
Platja Palmira 2,2025-06-30 14:00:00,78.0,87.13563
Platja Palmira 2,2025-06-30 15:00:00,94.0,74.28911
Platja Palmira 2,2025-06-30 17:00:00,48.0,40.10398
Platja Palmira 2,2025-06-30 18:00:00,76.0,70.659706
Platja Palmira 2,2025-06-30 19:00:00,85.0,99.65419
Platja Palmira 2,2025-06-30 20:00:00,96.0,96.18175
Platja Palmira 2,2025-07-01 08:00:00,91.0,115.86422
Platja Palmira 2,2025-07-01 09:00:00,97.0,106.1161
Platja Palmira 2,2025-07-01 10:00:00,111.0,130.88518
Platja Palmira 2,2025-07-01 11:00:00,79.0,141.14151
Platja Palmira 2,2025-07-01 12:00:00,106.0,143.60164
Platja Palmira 2,2025-07-01 13:00:00,107.0,127.8212
Platja Palmira 2,2025-07-01 14:00:00,74.0,115.84543
Platja Palmira 2,2025-07-01 15:00:00,85.0,90.87756
Platja Palmira 2,2025-07-01 16:00:00,128.0,81.67205
Platja Palmira 2,2025-07-01 17:00:00,56.0,42.91617
Platja Palmira 2,2025-07-01 18:00:00,81.0,73.18361
Platja Palmira 2,2025-07-01 19:00:00,134.0,88.80773
Platja Palmira 2,2025-07-01 20:00:00,128.0,103.258896
Platja Palmira 2,2025-07-02 08:00:00,106.0,128.38329
Platja Palmira 2,2025-07-02 09:00:00,88.0,111.21886
Platja Palmira 2,2025-07-02 10:00:00,102.0,147.09572
Platja Palmira 2,2025-07-02 11:00:00,113.0,140.7028
Platja Palmira 2,2025-07-02 12:00:00,60.0,130.69995
Platja Palmira 2,2025-07-02 13:00:00,110.0,91.82032
Platja Palmira 2,2025-07-02 14:00:00,103.0,80.32457
Platja Palmira 2,2025-07-02 15:00:00,67.0,46.97924
Platja Palmira 2,2025-07-02 16:00:00,77.0,41.538773
Platja Palmira 2,2025-07-02 17:00:00,138.0,57.668964
Platja Palmira 2,2025-07-02 18:00:00,150.0,82.23055
Platja Palmira 2,2025-07-02 19:00:00,114.0,108.50021
Platja Palmira 2,2025-07-02 20:00:00,91.0,143.81459
Platja Palmira 2,2025-07-03 08:00:00,122.0,147.28592
Platja Palmira 2,2025-07-03 09:00:00,134.0,129.49594
Platja Palmira 2,2025-07-03 10:00:00,119.0,153.89174
Platja Palmira 2,2025-07-03 11:00:00,109.0,148.94408
Platja Palmira 2,2025-07-03 12:00:00,86.0,117.97939
Platja Palmira 2,2025-07-03 13:00:00,124.0,107.308876
Platja Palmira 2,2025-07-03 14:00:00,116.0,81.1811
Platja Palmira 2,2025-07-03 15:00:00,60.0,37.794502
Platja Palmira 2,2025-07-03 16:00:00,82.0,82.21122
Platja Palmira 2,2025-07-03 17:00:00,142.0,87.11783
Platja Palmira 2,2025-07-03 18:00:00,150.0,108.31173
Platja Palmira 2,2025-07-03 19:00:00,133.0,124.8285
Platja Palmira 2,2025-07-03 20:00:00,139.0,138.23871
Platja Palmira 2,2025-07-04 08:00:00,150.0,150.42447
Platja Palmira 2,2025-07-04 09:00:00,138.0,149.38327
Platja Palmira 2,2025-07-04 10:00:00,194.0,156.0544
Platja Palmira 2,2025-07-04 11:00:00,144.0,164.97427
Platja Palmira 2,2025-07-04 12:00:00,98.0,150.82748
Platja Palmira 2,2025-07-04 13:00:00,107.0,130.45383
Platja Palmira 2,2025-07-04 14:00:00,116.0,87.12571
Platja Palmira 2,2025-07-04 15:00:00,45.0,37.97175
Platja Palmira 2,2025-07-04 16:00:00,105.0,23.896362
Platja Palmira 2,2025-07-04 17:00:00,135.0,88.443924
Platja Palmira 2,2025-07-04 18:00:00,114.0,92.61137
Platja Palmira 2,2025-07-04 19:00:00,121.0,111.600494
Platja Palmira 2,2025-07-04 20:00:00,99.0,121.3985
Platja Palmira 2,2025-07-05 08:00:00,99.0,147.77328
Platja Palmira 2,2025-07-05 09:00:00,139.0,136.44872
Platja Palmira 2,2025-07-05 10:00:00,135.0,131.12697
Platja Palmira 2,2025-07-05 11:00:00,123.0,143.52423
Platja Palmira 2,2025-07-05 12:00:00,103.0,138.63562
Platja Palmira 2,2025-07-05 13:00:00,114.0,119.4786
Platja Palmira 2,2025-07-05 14:00:00,99.0,85.86983
Platja Palmira 2,2025-07-05 15:00:00,62.0,46.494198
Platja Palmira 2,2025-07-05 16:00:00,74.0,48.224815
Platja Palmira 2,2025-07-05 17:00:00,107.0,76.480385
Platja Palmira 2,2025-07-05 18:00:00,129.0,93.874855
Platja Palmira 2,2025-07-05 19:00:00,135.0,110.62663
Platja Palmira 2,2025-07-05 20:00:00,113.0,108.22522
Platja Palmira 2,2025-07-06 08:00:00,104.0,140.42305
Platja Palmira 2,2025-07-06 09:00:00,138.0,134.45113
Platja Palmira 2,2025-07-06 10:00:00,137.0,136.94958
Platja Palmira 2,2025-07-06 11:00:00,126.0,123.76539
Platja Palmira 2,2025-07-06 12:00:00,94.0,130.42493
Platja Palmira 2,2025-07-06 13:00:00,114.0,116.43947
Platja Palmira 2,2025-07-06 14:00:00,130.0,103.15744
Platja Palmira 2,2025-07-06 15:00:00,74.0,38.287674
Platja Palmira 2,2025-07-06 16:00:00,75.0,62.24334
Platja Palmira 2,2025-07-06 17:00:00,130.0,79.04764
Platja Palmira 2,2025-07-06 18:00:00,122.0,96.32696
Platja Palmira 2,2025-07-06 19:00:00,135.0,116.3054
Platja Palmira 2,2025-07-06 20:00:00,96.0,123.741554
Platja Palmira 2,2025-07-07 08:00:00,94.0,148.88103
Platja Palmira 2,2025-07-07 09:00:00,135.0,157.26807
Platja Palmira 2,2025-07-07 10:00:00,111.0,160.06035
Platja Palmira 2,2025-07-07 11:00:00,119.0,157.31717
Platja Palmira 2,2025-07-07 12:00:00,111.0,142.1804
Platja Palmira 2,2025-07-07 13:00:00,136.0,109.02808
Platja Palmira 2,2025-07-07 14:00:00,128.0,95.53356
Platja Palmira 2,2025-07-07 15:00:00,57.0,32.528976
Platja Palmira 2,2025-07-07 16:00:00,83.0,71.13771
Platja Palmira 2,2025-07-07 17:00:00,133.0,94.973625
Platja Palmira 2,2025-07-07 18:00:00,125.0,99.01775
Platja Palmira 2,2025-07-07 19:00:00,136.0,122.07639
Platja Palmira 2,2025-07-07 20:00:00,101.0,128.22156
Platja Palmira 2,2025-07-08 08:00:00,112.0,152.35843
Platja Palmira 2,2025-07-08 09:00:00,130.0,152.14006
Platja Palmira 2,2025-07-08 10:00:00,156.0,151.0777
Platja Palmira 2,2025-07-08 11:00:00,136.0,140.46828
Platja Palmira 2,2025-07-08 12:00:00,126.0,138.96092
Platja Palmira 2,2025-07-08 13:00:00,117.0,116.56391
Platja Palmira 2,2025-07-08 14:00:00,125.0,90.697556
Platja Palmira 2,2025-07-08 15:00:00,46.0,37.7325
Platja Palmira 2,2025-07-08 16:00:00,104.0,65.69944
Platja Palmira 2,2025-07-08 17:00:00,120.0,88.90905
Platja Palmira 2,2025-07-08 18:00:00,123.0,100.090965
Platja Palmira 2,2025-07-08 19:00:00,124.0,125.32596
Platja Palmira 2,2025-07-08 20:00:00,113.0,121.02875
Platja Palmira 2,2025-07-09 08:00:00,87.0,156.99734
Platja Palmira 2,2025-07-09 09:00:00,123.0,144.04016
Platja Palmira 2,2025-07-09 10:00:00,137.0,141.81738
Platja Palmira 2,2025-07-09 11:00:00,134.0,141.51637
Platja Palmira 2,2025-07-09 12:00:00,122.0,139.55357
Platja Palmira 2,2025-07-09 13:00:00,141.0,115.772446
Platja Palmira 2,2025-07-09 14:00:00,136.0,92.72466
Platja Palmira 2,2025-07-09 15:00:00,74.0,49.241047
Platja Palmira 2,2025-07-09 16:00:00,106.0,36.38653
Platja Palmira 2,2025-07-09 17:00:00,132.0,76.27897
Platja Palmira 2,2025-07-09 18:00:00,135.0,94.98771
Platja Palmira 2,2025-07-09 19:00:00,104.0,104.34608
Platja Palmira 2,2025-07-09 20:00:00,115.0,115.52831
Platja Palmira 2,2025-07-10 08:00:00,91.0,139.15135
Platja Palmira 2,2025-07-10 09:00:00,121.0,139.74043
Platja Palmira 2,2025-07-10 10:00:00,113.0,130.64561
Platja Palmira 2,2025-07-10 11:00:00,116.0,129.00795
Platja Palmira 2,2025-07-10 12:00:00,116.0,125.63404
Platja Palmira 2,2025-07-10 13:00:00,133.0,108.28531
Platja Palmira 2,2025-07-10 14:00:00,143.0,92.81504
Platja Palmira 2,2025-07-10 15:00:00,56.0,50.446358
Platja Palmira 2,2025-07-10 16:00:00,78.0,55.486618
Platja Palmira 2,2025-07-10 17:00:00,160.0,86.02872
Platja Palmira 2,2025-07-10 18:00:00,139.0,122.306175
Platja Palmira 2,2025-07-10 19:00:00,140.0,130.93336
Platja Palmira 2,2025-07-10 20:00:00,104.0,135.58011
Platja Palmira 2,2025-07-11 08:00:00,124.0,149.33214
Platja Palmira 2,2025-07-11 09:00:00,129.0,151.2814
Platja Palmira 2,2025-07-11 10:00:00,163.0,160.22281
Platja Palmira 2,2025-07-11 11:00:00,146.0,143.28859
Platja Palmira 2,2025-07-11 12:00:00,100.0,120.35196
Platja Palmira 2,2025-07-11 15:00:00,107.0,94.37957
Platja Palmira 2,2025-07-11 16:00:00,128.0,80.9211
Platja Palmira 2,2025-07-11 17:00:00,56.0,32.272354
Platja Palmira 2,2025-07-11 18:00:00,103.0,52.915493
Platja Palmira 2,2025-07-11 19:00:00,147.0,70.95048
Platja Palmira 2,2025-07-11 20:00:00,150.0,88.19242
Platja Palmira 2,2025-07-12 08:00:00,116.0,113.806404
Platja Palmira 2,2025-07-12 09:00:00,122.0,103.07959
Platja Palmira 2,2025-07-12 10:00:00,120.0,124.008255
Platja Palmira 2,2025-07-12 11:00:00,135.0,124.09559
Platja Palmira 2,2025-07-12 12:00:00,138.0,129.39423
Platja Palmira 2,2025-07-12 13:00:00,141.0,106.89194
Platja Palmira 2,2025-07-12 14:00:00,103.0,103.75472
Platja Palmira 2,2025-07-12 15:00:00,112.0,98.45858
Platja Palmira 2,2025-07-12 16:00:00,101.0,86.09307
Platja Palmira 2,2025-07-12 17:00:00,52.0,30.59301
Platja Palmira 2,2025-07-12 18:00:00,101.0,59.282207
Platja Palmira 2,2025-07-12 19:00:00,145.0,78.18435
Platja Palmira 2,2025-07-12 20:00:00,156.0,92.16575
Platja Palmira 2,2025-07-13 08:00:00,133.0,123.523796
Platja Palmira 2,2025-07-13 09:00:00,104.0,112.84675
Platja Palmira 2,2025-07-13 10:00:00,96.0,158.27553
Platja Palmira 2,2025-07-13 11:00:00,132.0,146.43481
Platja Palmira 2,2025-07-13 12:00:00,135.0,149.62471
Platja Palmira 2,2025-07-13 13:00:00,126.0,141.65227
Platja Palmira 2,2025-07-13 14:00:00,93.0,133.28381
Platja Palmira 2,2025-07-13 15:00:00,98.0,108.016716
Platja Palmira 2,2025-07-13 16:00:00,118.0,94.64063
Platja Palmira 2,2025-07-13 17:00:00,50.0,26.856876
Platja Palmira 2,2025-07-13 18:00:00,85.0,50.519478
Platja Palmira 2,2025-07-13 19:00:00,136.0,81.207695
Platja Palmira 2,2025-07-13 20:00:00,168.0,107.50478
Platja Palmira 2,2025-07-14 08:00:00,129.0,126.825806
Platja Palmira 2,2025-07-14 09:00:00,121.0,133.09927
Platja Palmira 2,2025-07-14 10:00:00,110.0,167.11656
Platja Palmira 2,2025-07-14 11:00:00,183.0,151.13513
Platja Palmira 2,2025-07-14 12:00:00,106.0,152.95105
Platja Palmira 2,2025-07-14 13:00:00,126.0,126.19187
Platja Palmira 2,2025-07-14 14:00:00,89.0,147.96878
Platja Palmira 2,2025-07-14 15:00:00,129.0,116.872734
Platja Palmira 2,2025-07-14 16:00:00,170.0,101.90313
Platja Palmira 2,2025-07-14 17:00:00,42.0,40.130375
Platja Palmira 2,2025-07-14 18:00:00,70.0,70.16501
Platja Palmira 2,2025-07-14 19:00:00,203.0,105.73681
Platja Palmira 2,2025-07-14 20:00:00,165.0,103.17464
Platja Palmira 2,2025-07-15 08:00:00,150.0,118.593704
Platja Palmira 2,2025-07-15 09:00:00,118.0,102.37801
Platja Palmira 2,2025-07-15 10:00:00,68.0,73.42424
Platja Palmira 2,2025-07-15 11:00:00,90.0,126.00985
Platja Palmira 2,2025-07-15 12:00:00,98.0,133.99947
Platja Palmira 2,2025-07-15 13:00:00,95.0,85.67726
Platja Palmira 2,2025-07-15 14:00:00,60.0,94.52201
Platja Palmira 2,2025-07-15 15:00:00,81.0,65.75378
Platja Palmira 2,2025-07-15 16:00:00,61.0,50.415607
Platja Palmira 2,2025-07-15 17:00:00,18.0,21.448622
Platja Palmira 2,2025-07-15 18:00:00,89.0,80.22681
Platja Palmira 2,2025-07-15 19:00:00,134.0,115.84373
Platja Palmira 2,2025-07-15 20:00:00,117.0,124.94413
Platja Palmira 2,2025-07-16 08:00:00,132.0,131.86066
Platja Palmira 2,2025-07-16 09:00:00,160.0,138.01424
Platja Palmira 2,2025-07-16 10:00:00,148.0,163.87727
Platja Palmira 2,2025-07-16 11:00:00,191.0,174.55502
Platja Palmira 2,2025-07-16 12:00:00,178.0,169.30487
Platja Palmira 2,2025-07-16 13:00:00,125.0,136.69162
Platja Palmira 2,2025-07-16 14:00:00,91.0,110.25187
Platja Palmira 2,2025-07-16 15:00:00,118.0,105.65208
Platja Palmira 2,2025-07-16 16:00:00,139.0,92.91137
Platja Palmira 2,2025-07-16 17:00:00,55.0,34.787403
Platja Palmira 2,2025-07-16 18:00:00,68.0,79.13467
Platja Palmira 2,2025-07-16 19:00:00,134.0,111.62891
Platja Palmira 2,2025-07-16 20:00:00,172.0,124.76919
Platja Palmira 2,2025-07-17 08:00:00,182.0,139.01784
Platja Palmira 2,2025-07-17 09:00:00,170.0,141.45956
Platja Palmira 2,2025-07-17 10:00:00,166.0,158.76703
Platja Palmira 2,2025-07-17 11:00:00,204.0,165.62064
Platja Palmira 2,2025-07-17 12:00:00,144.0,169.82297
Platja Palmira 2,2025-07-17 13:00:00,123.0,145.37393
Platja Palmira 2,2025-07-17 14:00:00,106.0,120.68635
Platja Palmira 2,2025-07-17 15:00:00,103.0,103.308334
Platja Palmira 2,2025-07-17 16:00:00,126.0,82.64055
Platja Palmira 2,2025-07-17 17:00:00,77.0,44.777786
Platja Palmira 2,2025-07-17 18:00:00,147.0,87.45689
Platja Palmira 2,2025-07-17 19:00:00,177.0,120.128456
Platja Palmira 2,2025-07-17 20:00:00,174.0,134.48419
Platja Palmira 2,2025-07-18 08:00:00,193.0,155.28642
Platja Palmira 2,2025-07-18 09:00:00,178.0,163.76506
Platja Palmira 2,2025-07-18 10:00:00,176.0,180.47504
Platja Palmira 2,2025-07-18 11:00:00,166.0,186.03058
Platja Palmira 2,2025-07-18 12:00:00,180.0,179.73589
Platja Palmira 2,2025-07-18 13:00:00,130.0,145.53235
Platja Palmira 2,2025-07-18 14:00:00,81.0,117.514366
Platja Palmira 2,2025-07-18 15:00:00,122.0,113.841576
Platja Palmira 2,2025-07-18 16:00:00,116.0,93.645966
Platja Palmira 2,2025-07-18 17:00:00,60.0,46.2784
Platja Palmira 2,2025-07-18 18:00:00,81.0,68.58781
Platja Palmira 2,2025-07-18 19:00:00,142.0,98.30829
Platja Palmira 2,2025-07-18 20:00:00,164.0,136.19241
Platja Palmira 2,2025-07-19 08:00:00,127.0,150.13388
Platja Palmira 2,2025-07-19 09:00:00,144.0,143.60182
Platja Palmira 2,2025-07-19 10:00:00,173.0,156.06476
Platja Palmira 2,2025-07-19 11:00:00,162.0,167.99873
Platja Palmira 2,2025-07-19 12:00:00,166.0,152.90623
Platja Palmira 2,2025-07-19 13:00:00,136.0,123.93525
Platja Palmira 2,2025-07-19 14:00:00,106.0,107.4168
Platja Palmira 2,2025-07-19 15:00:00,128.0,98.84813
Platja Palmira 2,2025-07-19 16:00:00,128.0,87.198326
Platja Palmira 2,2025-07-19 17:00:00,71.0,35.749523
Platja Palmira 2,2025-07-19 18:00:00,97.0,66.49949
Platja Palmira 2,2025-07-19 19:00:00,123.0,78.84803
Platja Palmira 2,2025-07-19 20:00:00,157.0,103.5707
Platja Palmira 2,2025-07-20 08:00:00,155.0,93.182365
Platja Palmira 2,2025-07-20 09:00:00,93.0,98.05539
Platja Palmira 2,2025-07-20 10:00:00,106.0,127.26941
Platja Palmira 2,2025-07-20 11:00:00,136.0,140.31026
Platja Palmira 2,2025-07-20 12:00:00,146.0,135.8143
Platja Palmira 2,2025-07-20 13:00:00,100.0,126.290665
Platja Palmira 2,2025-07-20 14:00:00,91.0,103.945366
Platja Palmira 2,2025-07-20 15:00:00,126.0,98.885895
Platja Palmira 2,2025-07-20 16:00:00,145.0,80.94035
Platja Palmira 2,2025-07-20 17:00:00,76.0,23.030006
Platja Palmira 2,2025-07-20 18:00:00,109.0,73.26009
Platja Palmira 2,2025-07-20 19:00:00,173.0,111.72031
Platja Palmira 2,2025-07-20 20:00:00,184.0,113.915375
Platja Palmira 2,2025-07-21 08:00:00,155.0,117.5158
Platja Palmira 2,2025-07-21 09:00:00,132.0,135.84262
Platja Palmira 2,2025-07-21 10:00:00,130.0,151.68488
Platja Palmira 2,2025-07-21 11:00:00,134.0,151.67941
Platja Palmira 2,2025-07-21 12:00:00,160.0,154.44101
Platja Palmira 2,2025-07-21 13:00:00,115.0,138.118
Platja Palmira 2,2025-07-21 14:00:00,89.0,117.01559
Platja Palmira 2,2025-07-21 15:00:00,110.0,103.95762
Platja Palmira 2,2025-07-21 16:00:00,107.0,88.72154
Platja Palmira 2,2025-07-21 17:00:00,46.0,34.10821
Platja Palmira 2,2025-07-21 18:00:00,143.0,99.23706
Platja Palmira 2,2025-07-21 19:00:00,160.0,120.79347
Platja Palmira 2,2025-07-21 20:00:00,137.0,115.15977
Platja Palmira 2,2025-07-22 08:00:00,145.0,137.40042
Platja Palmira 2,2025-07-22 09:00:00,129.0,130.10066
Platja Palmira 2,2025-07-22 10:00:00,142.0,162.04094
Platja Palmira 2,2025-07-22 11:00:00,189.0,164.13625
Platja Palmira 2,2025-07-22 12:00:00,153.0,168.9325
Platja Palmira 2,2025-07-22 13:00:00,132.0,148.99725
Platja Palmira 2,2025-07-22 14:00:00,114.0,120.67752
Platja Palmira 2,2025-07-22 15:00:00,109.0,99.7078
Platja Palmira 2,2025-07-22 16:00:00,75.0,94.87032
Platja Palmira 2,2025-07-22 17:00:00,60.0,37.523815
Platja Palmira 2,2025-07-22 18:00:00,127.0,81.535995
Platja Palmira 2,2025-07-22 19:00:00,153.0,125.89168
Platja Palmira 2,2025-07-22 20:00:00,137.0,103.12398
Platja Palmira 2,2025-07-23 08:00:00,125.0,138.90242
Platja Palmira 2,2025-07-23 09:00:00,116.0,125.05102
Platja Palmira 2,2025-07-23 10:00:00,133.0,155.6338
Platja Palmira 2,2025-07-23 11:00:00,136.0,159.7479
Platja Palmira 2,2025-07-23 12:00:00,175.0,154.76964
Platja Palmira 2,2025-07-23 13:00:00,121.0,146.76363
Platja Palmira 2,2025-07-23 14:00:00,106.0,161.58203
Platja Palmira 2,2025-07-23 15:00:00,93.0,109.40799
Platja Palmira 2,2025-07-23 16:00:00,81.0,95.32025
Platja Palmira 2,2025-07-23 17:00:00,60.0,42.521652
Platja Palmira 2,2025-07-23 18:00:00,124.0,86.78195
Platja Palmira 2,2025-07-23 19:00:00,174.0,103.575554
Platja Palmira 2,2025-07-23 20:00:00,157.0,111.05003
Platja Palmira 2,2025-07-24 08:00:00,145.0,134.87218
Platja Palmira 2,2025-07-24 09:00:00,132.0,137.35396
Platja Palmira 2,2025-07-24 10:00:00,136.0,188.93153
Platja Palmira 2,2025-07-24 11:00:00,149.0,167.2755
Platja Palmira 2,2025-07-24 12:00:00,139.0,169.61891
Platja Palmira 2,2025-07-24 13:00:00,132.0,160.9727
Platja Palmira 2,2025-07-24 14:00:00,108.0,120.86496
Platja Palmira 2,2025-07-24 15:00:00,123.0,108.21825
Platja Palmira 2,2025-07-24 16:00:00,95.0,98.018486
Platja Palmira 2,2025-07-24 17:00:00,71.0,39.218796
Platja Palmira 2,2025-07-24 18:00:00,201.0,95.44492
Platja Palmira 2,2025-07-24 19:00:00,188.0,118.03657
Platja Palmira 2,2025-07-24 20:00:00,156.0,130.61087
Platja Palmira 2,2025-07-25 08:00:00,163.0,131.36768
Platja Palmira 2,2025-07-25 09:00:00,165.0,148.60797
Platja Palmira 2,2025-07-25 10:00:00,172.0,153.34071
Platja Palmira 2,2025-07-25 11:00:00,179.0,190.05927
Platja Palmira 2,2025-07-25 12:00:00,185.0,164.89355
Platja Palmira 2,2025-07-25 13:00:00,124.0,135.47852
Platja Palmira 2,2025-07-25 14:00:00,91.0,112.19463
Platja Palmira 2,2025-07-25 15:00:00,114.0,91.174805
Platja Palmira 2,2025-07-25 16:00:00,49.0,83.64892
Platja Palmira 2,2025-07-25 17:00:00,49.0,41.886555
Platja Palmira 2,2025-07-25 18:00:00,122.0,81.920654
Platja Palmira 2,2025-07-25 19:00:00,149.0,103.48495
Platja Palmira 2,2025-07-25 20:00:00,147.0,123.80638
Platja Palmira 2,2025-07-26 08:00:00,129.0,149.37341
Platja Palmira 2,2025-07-26 09:00:00,139.0,139.6815
Platja Palmira 2,2025-07-26 10:00:00,147.0,165.45654
Platja Palmira 2,2025-07-26 11:00:00,163.0,171.22023
Platja Palmira 2,2025-07-26 12:00:00,147.0,182.4481
Platja Palmira 2,2025-07-26 13:00:00,155.0,149.76028
Platja Palmira 2,2025-07-26 14:00:00,120.0,124.206345
Platja Palmira 2,2025-07-26 15:00:00,134.0,109.01847
Platja Palmira 2,2025-07-26 16:00:00,83.0,98.96774
Platja Palmira 2,2025-07-26 17:00:00,58.0,22.632505
Platja Palmira 2,2025-07-26 18:00:00,119.0,101.84648
Platja Palmira 2,2025-07-26 19:00:00,153.0,126.87107
Platja Palmira 2,2025-07-26 20:00:00,159.0,135.91098
Platja Palmira 2,2025-07-27 08:00:00,120.0,143.04526
Platja Palmira 2,2025-07-27 09:00:00,136.0,158.5635
Platja Palmira 2,2025-07-27 10:00:00,138.0,192.6951
Platja Palmira 2,2025-07-27 11:00:00,162.0,188.92107
Platja Palmira 2,2025-07-27 12:00:00,158.0,171.36266
Platja Palmira 2,2025-07-27 13:00:00,132.0,151.71611
Platja Palmira 2,2025-07-27 14:00:00,101.0,135.27954
Platja Palmira 2,2025-07-27 15:00:00,120.0,135.45084
Platja Palmira 2,2025-07-27 16:00:00,78.0,95.91517
Platja Palmira 2,2025-07-27 17:00:00,70.0,43.640743
Platja Palmira 2,2025-07-27 18:00:00,129.0,71.86019
Platja Palmira 2,2025-07-27 19:00:00,162.0,121.00383
Platja Palmira 2,2025-07-27 20:00:00,135.0,132.96498
Platja Palmira 2,2025-07-28 08:00:00,108.0,132.39017
Platja Palmira 2,2025-07-28 09:00:00,103.0,132.37457
Platja Palmira 2,2025-07-28 10:00:00,152.0,161.57635
Platja Palmira 2,2025-07-28 11:00:00,159.0,168.03513
Platja Palmira 2,2025-07-28 12:00:00,149.0,178.33115
Platja Palmira 2,2025-07-28 13:00:00,118.0,161.4768
Platja Palmira 2,2025-07-28 14:00:00,96.0,137.51543
Platja Palmira 2,2025-07-28 15:00:00,125.0,121.75025
Platja Palmira 2,2025-07-28 16:00:00,88.0,85.75594
Platja Palmira 2,2025-07-28 17:00:00,58.0,60.47248
Platja Palmira 2,2025-07-28 18:00:00,127.0,62.049736
Platja Palmira 2,2025-07-28 19:00:00,158.0,118.382774
Platja Palmira 2,2025-07-28 20:00:00,122.0,129.91382
Platja Palmira 2,2025-07-29 08:00:00,120.0,137.52962
Platja Palmira 2,2025-07-29 09:00:00,155.0,144.19893
Platja Palmira 2,2025-07-29 10:00:00,147.0,156.41577
Platja Palmira 2,2025-07-29 11:00:00,144.0,174.07904
Platja Palmira 2,2025-07-29 12:00:00,172.0,185.83888
Platja Palmira 2,2025-07-29 13:00:00,140.0,146.48996
Platja Palmira 2,2025-07-29 14:00:00,125.0,131.00003
Platja Palmira 2,2025-07-29 15:00:00,129.0,153.28293
Platja Palmira 2,2025-07-29 16:00:00,84.0,103.160095
Platja Palmira 2,2025-07-29 17:00:00,55.0,35.911816
Platja Palmira 2,2025-07-29 18:00:00,137.0,51.138348
Platja Palmira 2,2025-07-29 19:00:00,153.0,110.68249
Platja Palmira 2,2025-07-29 20:00:00,147.0,117.1339
Platja Palmira 2,2025-07-30 08:00:00,128.0,115.98192
Platja Palmira 2,2025-07-30 09:00:00,131.0,119.9043
Platja Palmira 2,2025-07-30 10:00:00,131.0,161.90195
Platja Palmira 2,2025-07-30 11:00:00,147.0,165.61026
Platja Palmira 2,2025-07-30 12:00:00,159.0,148.68921
Platja Palmira 2,2025-07-30 13:00:00,124.0,147.35326
Platja Palmira 2,2025-07-30 14:00:00,110.0,144.90326
Platja Palmira 2,2025-07-30 15:00:00,147.0,143.1163
Platja Palmira 2,2025-07-30 16:00:00,90.0,112.12195
Platja Palmira 2,2025-07-30 17:00:00,74.0,67.96155
Platja Palmira 2,2025-07-30 18:00:00,130.0,89.362045
Platja Palmira 2,2025-07-30 19:00:00,147.0,76.597595
Platja Palmira 2,2025-07-30 20:00:00,147.0,126.53618
Platja Palmira 2,2025-07-31 08:00:00,109.0,116.54678
Platja Palmira 2,2025-07-31 09:00:00,100.0,123.26681
Platja Palmira 2,2025-07-31 10:00:00,109.0,153.95326
Platja Palmira 2,2025-07-31 11:00:00,135.0,164.3258
Platja Palmira 2,2025-07-31 12:00:00,138.0,164.45657
Platja Palmira 2,2025-07-31 13:00:00,95.0,151.63898
Platja Palmira 2,2025-07-31 14:00:00,107.0,141.05199
Platja Palmira 2,2025-07-31 15:00:00,143.0,110.70936
Platja Palmira 2,2025-07-31 16:00:00,73.0,85.87092
Platja Palmira 2,2025-07-31 17:00:00,51.0,48.093235
Platja Palmira 2,2025-07-31 18:00:00,147.0,115.14162
Platja Palmira 2,2025-07-31 19:00:00,157.0,117.09251
Platja Palmira 2,2025-07-31 20:00:00,177.0,133.74782
Platja Palmira 2,2025-08-01 08:00:00,151.0,133.77658
Platja Palmira 2,2025-08-01 09:00:00,121.0,135.13033
Platja Palmira 2,2025-08-01 10:00:00,136.0,159.509
Platja Palmira 2,2025-08-01 11:00:00,156.0,165.68353
Platja Palmira 2,2025-08-01 12:00:00,158.0,151.83644
Platja Palmira 2,2025-08-01 13:00:00,95.0,143.01814
Platja Palmira 2,2025-08-01 14:00:00,107.0,162.99792
Platja Palmira 2,2025-08-01 15:00:00,139.0,152.41454
Platja Palmira 2,2025-08-01 16:00:00,81.0,88.09146
Platja Palmira 2,2025-08-01 17:00:00,45.0,50.200184
Platja Palmira 2,2025-08-01 18:00:00,101.0,48.062122
Platja Palmira 2,2025-08-01 19:00:00,144.0,75.50975
Platja Palmira 2,2025-08-01 20:00:00,146.0,92.75239
Platja Palmira 2,2025-08-02 08:00:00,115.0,124.451164
Platja Palmira 2,2025-08-02 09:00:00,121.0,121.19601
Platja Palmira 2,2025-08-02 10:00:00,95.0,151.28204
Platja Palmira 2,2025-08-02 11:00:00,118.0,149.48378
Platja Palmira 2,2025-08-02 12:00:00,137.0,144.6568
Platja Palmira 2,2025-08-02 13:00:00,125.0,138.7859
Platja Palmira 2,2025-08-02 14:00:00,140.0,145.86618
Platja Palmira 2,2025-08-02 15:00:00,140.0,124.07125
Platja Palmira 2,2025-08-02 16:00:00,92.0,104.35469
Platja Palmira 2,2025-08-02 17:00:00,49.0,51.326077
Platja Palmira 2,2025-08-02 18:00:00,133.0,50.036427
Platja Palmira 2,2025-08-02 19:00:00,146.0,66.763885
Platja Palmira 2,2025-08-02 20:00:00,163.0,97.2611
Platja Palmira 2,2025-08-03 08:00:00,114.0,116.37496
Platja Palmira 2,2025-08-03 09:00:00,135.0,156.94429
Platja Palmira 2,2025-08-03 10:00:00,120.0,151.45381
Platja Palmira 2,2025-08-03 11:00:00,120.0,148.42087
Platja Palmira 2,2025-08-03 12:00:00,115.0,144.13171
Platja Palmira 2,2025-08-03 13:00:00,136.0,133.20102
Platja Palmira 2,2025-08-03 14:00:00,116.0,121.317856
Platja Palmira 2,2025-08-03 15:00:00,158.0,123.20216
Platja Palmira 2,2025-08-03 16:00:00,81.0,121.42392
Platja Palmira 2,2025-08-03 17:00:00,53.0,68.152855
Platja Palmira 2,2025-08-03 18:00:00,111.0,75.46648
Platja Palmira 2,2025-08-03 19:00:00,150.0,105.48272
Platja Palmira 2,2025-08-03 20:00:00,147.0,126.03302
Platja Palmira 2,2025-08-04 08:00:00,114.0,126.41603
Platja Palmira 2,2025-08-04 09:00:00,111.0,114.41985
Platja Palmira 2,2025-08-04 10:00:00,98.0,141.3694
Platja Palmira 2,2025-08-04 11:00:00,143.0,141.76968
Platja Palmira 2,2025-08-04 12:00:00,134.0,135.94736
Platja Palmira 2,2025-08-04 13:00:00,133.0,143.36365
Platja Palmira 2,2025-08-04 14:00:00,118.0,136.10472
Platja Palmira 2,2025-08-04 15:00:00,127.0,107.80099
Platja Palmira 2,2025-08-04 16:00:00,103.0,106.52247
Platja Palmira 2,2025-08-04 17:00:00,52.0,71.37878
Platja Palmira 2,2025-08-04 18:00:00,117.0,53.548485
Platja Palmira 2,2025-08-04 19:00:00,138.0,132.78703
Platja Palmira 2,2025-08-04 20:00:00,129.0,122.21046
Platja Palmira 2,2025-08-05 08:00:00,125.0,121.87033
Platja Palmira 2,2025-08-05 09:00:00,121.0,126.3355
Platja Palmira 2,2025-08-05 10:00:00,116.0,151.56445
Platja Palmira 2,2025-08-05 11:00:00,130.0,159.81918
Platja Palmira 2,2025-08-05 12:00:00,147.0,141.30376
Platja Palmira 2,2025-08-05 13:00:00,139.0,154.35686
Platja Palmira 2,2025-08-05 14:00:00,141.0,142.98964
Platja Palmira 2,2025-08-05 15:00:00,105.0,127.4126
Platja Palmira 2,2025-08-05 16:00:00,88.0,113.26655
Platja Palmira 2,2025-08-05 17:00:00,74.0,72.21181
Platja Palmira 2,2025-08-05 18:00:00,136.0,39.21433
Platja Palmira 2,2025-08-05 19:00:00,146.0,93.433205
Platja Palmira 2,2025-08-05 20:00:00,161.0,102.58605
Platja Palmira 2,2025-08-06 08:00:00,120.0,124.81533
Platja Palmira 2,2025-08-06 09:00:00,110.0,135.98044
Platja Palmira 2,2025-08-06 10:00:00,106.0,169.51035
Platja Palmira 2,2025-08-06 11:00:00,121.0,160.31131
Platja Palmira 2,2025-08-06 12:00:00,141.0,150.31996
Platja Palmira 2,2025-08-06 13:00:00,188.0,145.05981
Platja Palmira 2,2025-08-06 14:00:00,154.0,138.63583
Platja Palmira 2,2025-08-06 15:00:00,136.0,125.800156
Platja Palmira 2,2025-08-06 16:00:00,95.0,104.96095
Platja Palmira 2,2025-08-06 17:00:00,55.0,60.24583
Platja Palmira 2,2025-08-06 18:00:00,107.0,17.056767
Platja Palmira 2,2025-08-06 19:00:00,145.0,66.71888
Platja Palmira 2,2025-08-06 20:00:00,133.0,86.85975
Platja Palmira 2,2025-08-07 08:00:00,122.0,121.259056
Platja Palmira 2,2025-08-07 09:00:00,128.0,136.1916
Platja Palmira 2,2025-08-07 10:00:00,109.0,153.28378
Platja Palmira 2,2025-08-07 11:00:00,105.0,157.84541
Platja Palmira 2,2025-08-07 12:00:00,145.0,157.17175
Platja Palmira 2,2025-08-07 13:00:00,134.0,141.70758
Platja Palmira 2,2025-08-07 14:00:00,113.0,143.42245
Platja Palmira 2,2025-08-07 15:00:00,107.0,125.41747
Platja Palmira 2,2025-08-07 16:00:00,86.0,101.03587
Platja Palmira 2,2025-08-07 17:00:00,55.0,73.24378
Platja Palmira 2,2025-08-07 18:00:00,135.0,16.173792
Platja Palmira 2,2025-08-07 19:00:00,157.0,94.41197
Platja Palmira 2,2025-08-07 20:00:00,160.0,125.49447
Platja Palmira 2,2025-08-08 08:00:00,137.0,132.06735
Platja Palmira 2,2025-08-08 09:00:00,127.0,150.12224
Platja Palmira 2,2025-08-08 10:00:00,110.0,171.9081
Platja Palmira 2,2025-08-08 11:00:00,130.0,189.1818
Platja Palmira 2,2025-08-08 12:00:00,155.0,171.22906
Platja Palmira 2,2025-08-08 13:00:00,126.0,160.55846
Platja Palmira 2,2025-08-08 14:00:00,129.0,152.00949
Platja Palmira 2,2025-08-08 15:00:00,137.0,132.52762
Platja Palmira 2,2025-08-08 16:00:00,71.0,118.61306
Platja Palmira 2,2025-08-08 17:00:00,52.0,60.517696
Platja Palmira 2,2025-08-08 18:00:00,117.0,31.519577
Platja Palmira 2,2025-08-08 19:00:00,126.0,69.30768
Platja Palmira 2,2025-08-08 20:00:00,142.0,102.08984
Platja Palmira 2,2025-08-09 08:00:00,149.0,121.07695
Platja Palmira 2,2025-08-09 09:00:00,112.0,125.95958
Platja Palmira 2,2025-08-09 10:00:00,116.0,149.88855
Platja Palmira 2,2025-08-09 11:00:00,150.0,153.45547
Platja Palmira 2,2025-08-09 12:00:00,122.0,145.17078
Platja Palmira 2,2025-08-09 13:00:00,121.0,137.31636
Platja Palmira 2,2025-08-09 14:00:00,99.0,133.34543
Platja Palmira 2,2025-08-09 15:00:00,131.0,120.24576
Platja Palmira 2,2025-08-09 16:00:00,81.0,107.19563
Platja Palmira 2,2025-08-09 17:00:00,78.0,43.62185
Platja Palmira 2,2025-08-09 18:00:00,96.0,24.939798
Platja Palmira 2,2025-08-09 19:00:00,152.0,24.89993
Platja Palmira 2,2025-08-09 20:00:00,126.0,37.036663
Platja Palmira 2,2025-08-10 08:00:00,126.0,78.08069
Platja Palmira 2,2025-08-10 09:00:00,122.0,77.082756
Platja Palmira 2,2025-08-10 10:00:00,124.0,148.16603
Platja Palmira 2,2025-08-10 11:00:00,161.0,167.36165
Platja Palmira 2,2025-08-10 12:00:00,180.0,150.50713
Platja Palmira 2,2025-08-10 13:00:00,140.0,148.58513
Platja Palmira 2,2025-08-10 14:00:00,92.0,147.24942
Platja Palmira 2,2025-08-10 15:00:00,131.0,115.55174
Platja Palmira 2,2025-08-10 16:00:00,80.0,92.51613
Platja Palmira 2,2025-08-10 17:00:00,55.0,32.273563
Platja Palmira 2,2025-08-10 18:00:00,118.0,68.68522
Platja Palmira 2,2025-08-10 19:00:00,142.0,128.78207
Platja Palmira 2,2025-08-10 20:00:00,136.0,119.591644
Platja Palmira 2,2025-08-11 08:00:00,137.0,144.37787
Platja Palmira 2,2025-08-11 09:00:00,118.0,141.35353
Platja Palmira 2,2025-08-11 10:00:00,135.0,150.5546
Platja Palmira 2,2025-08-11 11:00:00,121.0,156.24887
Platja Palmira 2,2025-08-11 12:00:00,147.0,156.36923
Platja Palmira 2,2025-08-11 13:00:00,113.0,147.80357
Platja Palmira 2,2025-08-11 14:00:00,104.0,126.31526
Platja Palmira 2,2025-08-11 15:00:00,142.0,100.777214
Platja Palmira 2,2025-08-11 16:00:00,75.0,58.109875
Platja Palmira 2,2025-08-11 17:00:00,58.0,37.946613
Platja Palmira 2,2025-08-11 18:00:00,118.0,81.10722
Platja Palmira 2,2025-08-11 19:00:00,133.0,117.72734
Platja Palmira 2,2025-08-11 20:00:00,152.0,127.365295
Platja Palmira 2,2025-08-12 08:00:00,119.0,143.12788
Platja Palmira 2,2025-08-12 09:00:00,123.0,161.26274
Platja Palmira 2,2025-08-12 10:00:00,115.0,174.43553
Platja Palmira 2,2025-08-12 11:00:00,173.0,165.5028
Platja Palmira 2,2025-08-12 12:00:00,139.0,157.0317
Platja Palmira 2,2025-08-12 13:00:00,132.0,155.9234
Platja Palmira 2,2025-08-12 14:00:00,87.0,130.87415
Platja Palmira 2,2025-08-12 15:00:00,123.0,98.81704
Platja Palmira 2,2025-08-12 16:00:00,88.0,73.057365
Platja Palmira 2,2025-08-12 17:00:00,51.0,41.755913
Platja Palmira 2,2025-08-12 18:00:00,94.0,75.64616
Platja Palmira 2,2025-08-12 19:00:00,135.0,109.44676
Platja Palmira 2,2025-08-12 20:00:00,151.0,114.15112
Platja Palmira 2,2025-08-13 08:00:00,129.0,134.07478
Platja Palmira 2,2025-08-13 09:00:00,106.0,131.42061
Platja Palmira 2,2025-08-13 10:00:00,122.0,162.33832
Platja Palmira 2,2025-08-13 11:00:00,139.0,156.57956
Platja Palmira 2,2025-08-13 12:00:00,150.0,150.75188
Platja Palmira 2,2025-08-13 13:00:00,119.0,142.93352
Platja Palmira 2,2025-08-13 14:00:00,112.0,122.984116
Platja Palmira 2,2025-08-13 15:00:00,140.0,98.62675
Platja Palmira 2,2025-08-13 16:00:00,75.0,72.51181
Platja Palmira 2,2025-08-13 17:00:00,55.0,48.75044
Platja Palmira 2,2025-08-13 18:00:00,92.0,96.75869
Platja Palmira 2,2025-08-13 19:00:00,126.0,106.841286
Platja Palmira 2,2025-08-13 20:00:00,117.0,123.81565
Platja Palmira 2,2025-08-14 08:00:00,121.0,136.864
Platja Palmira 2,2025-08-14 09:00:00,95.0,135.56862
Platja Palmira 2,2025-08-14 10:00:00,92.0,169.85806
Platja Palmira 2,2025-08-14 11:00:00,126.0,161.75389
Platja Palmira 2,2025-08-14 12:00:00,139.0,161.09018
Platja Palmira 2,2025-08-14 13:00:00,135.0,151.2413
Platja Palmira 2,2025-08-14 14:00:00,163.0,134.69435
Platja Palmira 2,2025-08-14 15:00:00,138.0,106.4665
Platja Palmira 2,2025-08-14 16:00:00,53.0,65.24838
Platja Palmira 2,2025-08-14 17:00:00,54.0,46.986534
Platja Palmira 2,2025-08-14 18:00:00,108.0,86.08899
Platja Palmira 2,2025-08-14 19:00:00,142.0,110.78922
Platja Palmira 2,2025-08-14 20:00:00,118.0,112.27046
Platja Palmira 2,2025-08-15 08:00:00,108.0,135.512
Platja Palmira 2,2025-08-15 09:00:00,96.0,158.23566
Platja Palmira 2,2025-08-15 10:00:00,119.0,182.81804
Platja Palmira 2,2025-08-15 11:00:00,151.0,179.81404
Platja Palmira 2,2025-08-15 12:00:00,166.0,172.20145
Platja Palmira 2,2025-08-15 13:00:00,139.0,157.91893
Platja Palmira 2,2025-08-15 14:00:00,78.0,135.30171
Platja Palmira 2,2025-08-15 15:00:00,117.0,108.01199
Platja Palmira 2,2025-08-15 16:00:00,57.0,77.04182
Platja Palmira 2,2025-08-15 17:00:00,34.0,37.076702
Platja Palmira 2,2025-08-15 18:00:00,67.0,26.335968
Platja Palmira 2,2025-08-15 19:00:00,150.0,94.500175
Platja Palmira 2,2025-08-15 20:00:00,101.0,84.18583
Platja Palmira 2,2025-08-16 08:00:00,99.0,112.15153
Platja Palmira 2,2025-08-16 09:00:00,129.0,106.21487
Platja Palmira 2,2025-08-16 10:00:00,92.0,158.3911
Platja Palmira 2,2025-08-16 11:00:00,101.0,167.56584
Platja Palmira 2,2025-08-16 12:00:00,131.0,153.1252
Platja Palmira 2,2025-08-16 13:00:00,96.0,137.29851
Platja Palmira 2,2025-08-16 14:00:00,68.0,134.96112
Platja Palmira 2,2025-08-16 15:00:00,130.0,121.99199
Platja Palmira 2,2025-08-16 16:00:00,69.0,83.17712
Platja Palmira 2,2025-08-16 17:00:00,61.0,54.91958
Platja Palmira 2,2025-08-16 18:00:00,93.0,25.725487
Platja Palmira 2,2025-08-16 19:00:00,132.0,78.14194
Platja Palmira 2,2025-08-16 20:00:00,120.0,92.48275
Platja Palmira 2,2025-08-17 08:00:00,110.0,124.210434
Platja Palmira 2,2025-08-17 09:00:00,93.0,122.49365
Platja Palmira 2,2025-08-17 10:00:00,91.0,157.76044
Platja Palmira 2,2025-08-17 11:00:00,100.0,140.35252
Platja Palmira 2,2025-08-17 12:00:00,128.0,142.49442
Platja Palmira 2,2025-08-17 13:00:00,114.0,138.32516
Platja Palmira 2,2025-08-17 14:00:00,92.0,135.69571
Platja Palmira 2,2025-08-17 15:00:00,99.0,112.2792
Platja Palmira 2,2025-08-17 16:00:00,69.0,85.11524
Platja Palmira 2,2025-08-17 17:00:00,60.0,59.282055
Platja Palmira 2,2025-08-17 18:00:00,81.0,30.406328
Platja Palmira 2,2025-08-17 19:00:00,69.0,83.99973
Platja Palmira 2,2025-08-17 20:00:00,71.0,104.84883
Platja Palmira 2,2025-08-18 08:00:00,100.0,122.09037
Platja Palmira 2,2025-08-18 09:00:00,117.0,110.38281
Platja Palmira 2,2025-08-18 10:00:00,100.0,148.12389
Platja Palmira 2,2025-08-18 11:00:00,128.0,134.02635
Platja Palmira 2,2025-08-18 12:00:00,133.0,134.6896
Platja Palmira 2,2025-08-18 13:00:00,127.0,135.1797
Platja Palmira 2,2025-08-18 14:00:00,93.0,130.33281
Platja Palmira 2,2025-08-18 15:00:00,116.0,107.07256
Platja Palmira 2,2025-08-18 16:00:00,90.0,79.82304
Platja Palmira 2,2025-08-18 17:00:00,45.0,53.10381
Platja Palmira 2,2025-08-18 18:00:00,56.0,51.305893
Platja Palmira 2,2025-08-18 19:00:00,113.0,92.64643
Platja Palmira 2,2025-08-18 20:00:00,116.0,88.771706
Platja Palmira 2,2025-08-19 08:00:00,117.0,103.848076
Platja Palmira 2,2025-08-19 09:00:00,81.0,136.79362
Platja Palmira 2,2025-08-19 10:00:00,104.0,150.8283
Platja Palmira 2,2025-08-19 11:00:00,115.0,149.49168
Platja Palmira 2,2025-08-19 12:00:00,116.0,150.02907
Platja Palmira 2,2025-08-19 13:00:00,127.0,141.58324
Platja Palmira 2,2025-08-19 14:00:00,75.0,131.90369
Platja Palmira 2,2025-08-19 15:00:00,109.0,93.49372
Platja Palmira 2,2025-08-19 16:00:00,86.0,53.60574
Platja Palmira 2,2025-08-19 17:00:00,64.0,44.050945
Platja Palmira 2,2025-08-19 18:00:00,86.0,81.39217
Platja Palmira 2,2025-08-19 19:00:00,123.0,106.368355
Platja Palmira 2,2025-08-19 20:00:00,135.0,99.265625
Platja Palmira 2,2025-08-20 08:00:00,136.0,115.54637
Platja Palmira 2,2025-08-20 09:00:00,109.0,142.67426
Platja Palmira 2,2025-08-20 10:00:00,117.0,138.42387
Platja Palmira 2,2025-08-20 11:00:00,128.0,158.7413
Platja Palmira 2,2025-08-20 12:00:00,147.0,154.32274
Platja Palmira 2,2025-08-20 13:00:00,100.0,134.33127
Platja Palmira 2,2025-08-20 14:00:00,89.0,121.59099
Platja Palmira 2,2025-08-20 15:00:00,134.0,93.80425
Platja Palmira 2,2025-08-20 16:00:00,84.0,59.214638
Platja Palmira 2,2025-08-20 17:00:00,43.0,38.2958
Platja Palmira 2,2025-08-20 18:00:00,81.0,95.04447
Platja Palmira 2,2025-08-20 19:00:00,119.0,111.21836
Platja Palmira 2,2025-08-20 20:00:00,144.0,108.06442
Platja Palmira 2,2025-08-21 08:00:00,110.0,129.2931
Platja Palmira 2,2025-08-21 09:00:00,98.0,126.78293
Platja Palmira 2,2025-08-21 10:00:00,108.0,163.18745
Platja Palmira 2,2025-08-21 11:00:00,90.0,159.19856
Platja Palmira 2,2025-08-21 12:00:00,127.0,157.04839
Platja Palmira 2,2025-08-21 13:00:00,130.0,147.40579
Platja Palmira 2,2025-08-21 14:00:00,92.0,134.40005
Platja Palmira 2,2025-08-21 15:00:00,89.0,97.50447
Platja Palmira 2,2025-08-21 16:00:00,68.0,72.55619
Platja Palmira 2,2025-08-21 17:00:00,45.0,43.620605
Platja Palmira 2,2025-08-21 18:00:00,86.0,81.12007
Platja Palmira 2,2025-08-21 19:00:00,119.0,124.760605
Platja Palmira 2,2025-08-21 20:00:00,133.0,139.32599
Platja Palmira 2,2025-08-22 08:00:00,104.0,155.00531
Platja Palmira 2,2025-08-22 09:00:00,86.0,164.65654
Platja Palmira 2,2025-08-22 10:00:00,115.0,187.32837
Platja Palmira 2,2025-08-22 11:00:00,127.0,183.85002
Platja Palmira 2,2025-08-22 12:00:00,127.0,171.24995
Platja Palmira 2,2025-08-22 13:00:00,112.0,152.28207
Platja Palmira 2,2025-08-22 14:00:00,61.0,130.75385
Platja Palmira 2,2025-08-22 15:00:00,106.0,107.93151
Platja Palmira 2,2025-08-22 16:00:00,43.0,68.92124
Platja Palmira 2,2025-08-22 17:00:00,40.0,45.86945
Platja Palmira 2,2025-08-22 18:00:00,68.0,92.59125
Platja Palmira 2,2025-08-22 19:00:00,87.0,138.85149
Platja Palmira 2,2025-08-22 20:00:00,89.0,142.70908
Platja Palmira 2,2025-08-23 08:00:00,107.0,143.67087
Platja Palmira 2,2025-08-23 09:00:00,79.0,154.20818
Platja Palmira 2,2025-08-23 10:00:00,89.0,158.0433
Platja Palmira 2,2025-08-23 11:00:00,108.0,149.47351
Platja Palmira 2,2025-08-23 12:00:00,133.0,148.02005
Platja Palmira 2,2025-08-23 13:00:00,95.0,125.92883
Platja Palmira 2,2025-08-23 14:00:00,77.0,94.80413
Platja Palmira 2,2025-08-23 15:00:00,98.0,72.722855
Platja Palmira 2,2025-08-23 16:00:00,64.0,45.171093
Platja Palmira 2,2025-08-23 17:00:00,61.0,27.700592
Platja Palmira 2,2025-08-23 18:00:00,63.0,99.22419
Platja Palmira 2,2025-08-23 19:00:00,91.0,100.29102
Platja Palmira 2,2025-08-23 20:00:00,125.0,131.48239
Platja Palmira 2,2025-08-24 08:00:00,128.0,133.48401
Platja Palmira 2,2025-08-24 09:00:00,85.0,139.83029
Platja Palmira 2,2025-08-24 10:00:00,102.0,139.43745
Platja Palmira 2,2025-08-24 11:00:00,102.0,145.61096
Platja Palmira 2,2025-08-24 12:00:00,142.0,138.96736
Platja Palmira 2,2025-08-24 13:00:00,99.0,116.01614
Platja Palmira 2,2025-08-24 14:00:00,66.0,106.424995
Platja Palmira 2,2025-08-24 15:00:00,113.0,74.53704
Platja Palmira 2,2025-08-24 16:00:00,63.0,40.796192
Platja Palmira 2,2025-08-24 17:00:00,52.0,26.593126
Platja Palmira 2,2025-08-24 18:00:00,71.0,87.30987
Platja Palmira 2,2025-08-24 19:00:00,102.0,132.45805
Platja Palmira 2,2025-08-24 20:00:00,130.0,138.5925
Platja Palmira 2,2025-08-25 08:00:00,97.0,140.20158
Platja Palmira 2,2025-08-25 09:00:00,103.0,135.3996
Platja Palmira 2,2025-08-25 10:00:00,92.0,132.32565
Platja Palmira 2,2025-08-25 11:00:00,135.0,143.73268
Platja Palmira 2,2025-08-25 12:00:00,135.0,132.52145
Platja Palmira 2,2025-08-25 13:00:00,132.0,118.60588
Platja Palmira 2,2025-08-25 14:00:00,74.0,71.18354
Platja Palmira 2,2025-08-25 15:00:00,101.0,56.493984
Platja Palmira 2,2025-08-25 16:00:00,53.0,35.29481
Platja Palmira 2,2025-08-25 17:00:00,44.0,18.521967
Platja Palmira 2,2025-08-25 18:00:00,87.0,89.15231
Platja Palmira 2,2025-08-25 19:00:00,120.0,122.10846
Platja Palmira 2,2025-08-25 20:00:00,108.0,127.46136
Platja Palmira 2,2025-08-26 08:00:00,113.0,130.142
Platja Palmira 2,2025-08-26 09:00:00,105.0,131.69272
Platja Palmira 2,2025-08-26 10:00:00,92.0,140.03954
Platja Palmira 2,2025-08-26 11:00:00,140.0,142.41676
Platja Palmira 2,2025-08-26 12:00:00,140.0,136.38744
Platja Palmira 2,2025-08-26 13:00:00,111.0,100.9121
Platja Palmira 2,2025-08-26 14:00:00,72.0,74.27233
Platja Palmira 2,2025-08-26 15:00:00,110.0,63.478394
Platja Palmira 2,2025-08-26 16:00:00,58.0,35.9383
Platja Palmira 2,2025-08-26 17:00:00,53.0,19.268484
Platja Palmira 2,2025-08-26 18:00:00,76.0,68.34243
Platja Palmira 2,2025-08-26 19:00:00,114.0,112.62938
Platja Palmira 2,2025-08-26 20:00:00,134.0,93.05728
Platja Palmira 2,2025-08-27 08:00:00,127.0,110.21833
Platja Palmira 2,2025-08-27 09:00:00,107.0,107.903595
Platja Palmira 2,2025-08-27 10:00:00,115.0,122.78253
Platja Palmira 2,2025-08-27 11:00:00,128.0,119.33258
Platja Palmira 2,2025-08-27 12:00:00,111.0,119.80811
Platja Palmira 2,2025-08-27 13:00:00,90.0,97.77192
Platja Palmira 2,2025-08-27 14:00:00,79.0,71.19974
Platja Palmira 2,2025-08-27 15:00:00,130.0,55.905697
Platja Palmira 2,2025-08-27 16:00:00,38.0,25.168676
Platja Palmira 2,2025-08-27 17:00:00,42.0,21.510893
Platja Palmira 2,2025-08-27 18:00:00,95.0,76.0316
Platja Palmira 2,2025-08-27 19:00:00,125.0,106.956184
Platja Palmira 2,2025-08-27 20:00:00,128.0,92.674065
Platja Palmira 2,2025-08-28 08:00:00,130.0,105.96241
Platja Palmira 2,2025-08-28 09:00:00,119.0,116.95131
Platja Palmira 2,2025-08-28 10:00:00,120.0,130.23302
Platja Palmira 2,2025-08-28 11:00:00,132.0,126.0414
Platja Palmira 2,2025-08-28 12:00:00,116.0,120.411385
Platja Palmira 2,2025-08-28 13:00:00,101.0,86.884254
Platja Palmira 2,2025-08-28 14:00:00,70.0,83.42074
Platja Palmira 2,2025-08-28 15:00:00,116.0,64.99053
Platja Palmira 2,2025-08-28 16:00:00,57.0,30.065786
Platja Palmira 2,2025-08-28 17:00:00,34.0,17.798859
Platja Palmira 2,2025-08-28 18:00:00,82.0,67.72015
Platja Palmira 2,2025-08-28 19:00:00,127.0,58.565777
Platja Palmira 2,2025-08-28 20:00:00,142.0,73.068275
Platja Palmira 2,2025-08-29 08:00:00,113.0,104.90662
Platja Palmira 2,2025-08-29 09:00:00,130.0,108.0752
Platja Palmira 2,2025-08-29 10:00:00,125.0,125.87088
Platja Palmira 2,2025-08-29 11:00:00,129.0,103.594284
Platja Palmira 2,2025-08-29 12:00:00,137.0,112.2052
Platja Palmira 2,2025-08-29 13:00:00,78.0,82.096306
Platja Palmira 2,2025-08-29 14:00:00,81.0,84.89805
Platja Palmira 2,2025-08-29 15:00:00,117.0,71.268234
Platja Palmira 2,2025-08-29 16:00:00,42.0,24.88419
Platja Palmira 2,2025-08-29 17:00:00,52.0,28.242949
Platja Palmira 2,2025-08-29 18:00:00,72.0,68.11084
Platja Palmira 2,2025-08-29 19:00:00,133.0,92.049324
Platja Palmira 2,2025-08-29 20:00:00,136.0,95.78616
Platja Palmira 2,2025-08-30 08:00:00,128.0,111.3145
Platja Palmira 2,2025-08-30 09:00:00,114.0,110.139946
Platja Palmira 2,2025-08-30 10:00:00,121.0,139.16412
Platja Palmira 2,2025-08-30 11:00:00,137.0,140.6807
Platja Palmira 2,2025-08-30 12:00:00,163.0,117.85267
Platja Palmira 2,2025-08-30 13:00:00,95.0,98.5928
Platja Palmira 2,2025-08-30 14:00:00,96.0,85.17046
Platja Palmira 2,2025-08-30 15:00:00,105.0,61.66438
Platja Palmira 2,2025-08-30 16:00:00,30.0,24.701036
Platja Palmira 2,2025-08-30 17:00:00,33.0,25.130764
Platja Palmira 2,2025-08-30 18:00:00,72.0,48.627773
Platja Palmira 2,2025-08-30 19:00:00,46.0,74.954895
Platja Palmira 2,2025-08-30 20:00:00,46.0,45.60471
Platja de Peguera,2025-06-01 08:00:00,206.0,246.11531
Platja de Peguera,2025-06-01 09:00:00,232.0,254.25493
Platja de Peguera,2025-06-01 10:00:00,235.0,292.20132
Platja de Peguera,2025-06-01 11:00:00,222.0,245.3328
Platja de Peguera,2025-06-01 12:00:00,226.0,225.12177
Platja de Peguera,2025-06-01 13:00:00,134.0,168.58308
Platja de Peguera,2025-06-01 14:00:00,107.0,174.64763
Platja de Peguera,2025-06-01 15:00:00,65.0,171.92447
Platja de Peguera,2025-06-01 16:00:00,64.0,167.704
Platja de Peguera,2025-06-01 17:00:00,32.0,58.0952
Platja de Peguera,2025-06-01 18:00:00,137.0,200.12627
Platja de Peguera,2025-06-01 19:00:00,184.0,247.38954
Platja de Peguera,2025-06-01 20:00:00,185.0,255.04501
Platja de Peguera,2025-06-02 08:00:00,228.0,259.7102
Platja de Peguera,2025-06-02 09:00:00,209.0,241.36395
Platja de Peguera,2025-06-02 10:00:00,169.0,266.37476
Platja de Peguera,2025-06-02 11:00:00,225.0,275.0803
Platja de Peguera,2025-06-02 12:00:00,143.0,181.28714
Platja de Peguera,2025-06-02 13:00:00,111.0,166.6423
Platja de Peguera,2025-06-02 14:00:00,67.0,145.60149
Platja de Peguera,2025-06-02 15:00:00,50.0,100.33164
Platja de Peguera,2025-06-02 16:00:00,109.0,117.1978
Platja de Peguera,2025-06-02 17:00:00,35.0,45.283295
Platja de Peguera,2025-06-02 18:00:00,214.0,140.76994
Platja de Peguera,2025-06-02 19:00:00,247.0,178.91997
Platja de Peguera,2025-06-02 20:00:00,228.0,226.07437
Platja de Peguera,2025-06-03 08:00:00,230.0,210.88618
Platja de Peguera,2025-06-03 09:00:00,182.0,250.33694
Platja de Peguera,2025-06-03 10:00:00,247.0,280.3058
Platja de Peguera,2025-06-03 11:00:00,186.0,232.5587
Platja de Peguera,2025-06-03 12:00:00,188.0,218.39151
Platja de Peguera,2025-06-03 13:00:00,89.0,178.19633
Platja de Peguera,2025-06-03 14:00:00,91.0,147.49225
Platja de Peguera,2025-06-03 15:00:00,66.0,121.81564
Platja de Peguera,2025-06-03 16:00:00,80.0,116.180435
Platja de Peguera,2025-06-03 17:00:00,43.0,59.79558
Platja de Peguera,2025-06-03 18:00:00,206.0,138.18478
Platja de Peguera,2025-06-03 19:00:00,261.0,121.15662
Platja de Peguera,2025-06-03 20:00:00,234.0,135.86143
Platja de Peguera,2025-06-04 08:00:00,206.0,140.41649
Platja de Peguera,2025-06-04 09:00:00,189.0,101.53691
Platja de Peguera,2025-06-04 10:00:00,224.0,171.93758
Platja de Peguera,2025-06-04 11:00:00,192.0,165.74915
Platja de Peguera,2025-06-04 12:00:00,188.0,177.32903
Platja de Peguera,2025-06-04 13:00:00,150.0,135.40773
Platja de Peguera,2025-06-04 14:00:00,90.0,119.15422
Platja de Peguera,2025-06-04 15:00:00,92.0,121.52104
Platja de Peguera,2025-06-04 16:00:00,83.0,97.776
Platja de Peguera,2025-06-04 17:00:00,28.0,78.75102
Platja de Peguera,2025-06-04 18:00:00,219.0,104.1887
Platja de Peguera,2025-06-04 19:00:00,254.0,147.69978
Platja de Peguera,2025-06-04 20:00:00,309.0,149.02415
Platja de Peguera,2025-06-05 08:00:00,268.0,153.44925
Platja de Peguera,2025-06-05 09:00:00,247.0,154.51343
Platja de Peguera,2025-06-05 10:00:00,259.0,191.50215
Platja de Peguera,2025-06-05 11:00:00,283.0,212.68802
Platja de Peguera,2025-06-05 12:00:00,232.0,178.63068
Platja de Peguera,2025-06-05 13:00:00,185.0,166.10167
Platja de Peguera,2025-06-05 14:00:00,106.0,161.61543
Platja de Peguera,2025-06-05 15:00:00,87.0,143.5605
Platja de Peguera,2025-06-05 16:00:00,121.0,131.52582
Platja de Peguera,2025-06-05 17:00:00,19.0,77.08704
Platja de Peguera,2025-06-05 18:00:00,254.0,94.40348
Platja de Peguera,2025-06-05 19:00:00,304.0,115.35279
Platja de Peguera,2025-06-05 20:00:00,349.0,151.03241
Platja de Peguera,2025-06-06 08:00:00,311.0,175.67938
Platja de Peguera,2025-06-06 09:00:00,303.0,173.80865
Platja de Peguera,2025-06-06 10:00:00,310.0,209.86203
Platja de Peguera,2025-06-06 11:00:00,258.0,219.97044
Platja de Peguera,2025-06-06 12:00:00,273.0,173.18916
Platja de Peguera,2025-06-06 13:00:00,188.0,168.9238
Platja de Peguera,2025-06-06 14:00:00,116.0,182.46245
Platja de Peguera,2025-06-06 15:00:00,98.0,153.96382
Platja de Peguera,2025-06-06 16:00:00,133.0,162.74667
Platja de Peguera,2025-06-06 17:00:00,36.0,171.30139
Platja de Peguera,2025-06-06 18:00:00,201.0,123.38877
Platja de Peguera,2025-06-06 19:00:00,234.0,154.15007
Platja de Peguera,2025-06-06 20:00:00,250.0,170.60725
Platja de Peguera,2025-06-07 08:00:00,235.0,190.69206
Platja de Peguera,2025-06-07 09:00:00,230.0,181.42125
Platja de Peguera,2025-06-07 10:00:00,299.0,223.76662
Platja de Peguera,2025-06-07 11:00:00,280.0,215.829
Platja de Peguera,2025-06-07 12:00:00,225.0,188.00255
Platja de Peguera,2025-06-07 13:00:00,134.0,171.01685
Platja de Peguera,2025-06-07 14:00:00,101.0,166.1208
Platja de Peguera,2025-06-07 15:00:00,72.0,140.9486
Platja de Peguera,2025-06-07 16:00:00,112.0,159.48782
Platja de Peguera,2025-06-07 17:00:00,15.0,130.42543
Platja de Peguera,2025-06-07 18:00:00,188.0,169.35287
Platja de Peguera,2025-06-07 19:00:00,201.0,206.92657
Platja de Peguera,2025-06-07 20:00:00,235.0,237.16748
Platja de Peguera,2025-06-08 08:00:00,224.0,185.16107
Platja de Peguera,2025-06-08 09:00:00,236.0,216.23787
Platja de Peguera,2025-06-08 10:00:00,252.0,241.38878
Platja de Peguera,2025-06-08 11:00:00,222.0,212.68942
Platja de Peguera,2025-06-08 12:00:00,201.0,218.6726
Platja de Peguera,2025-06-08 13:00:00,118.0,208.75298
Platja de Peguera,2025-06-08 14:00:00,99.0,167.76903
Platja de Peguera,2025-06-08 15:00:00,85.0,121.44622
Platja de Peguera,2025-06-08 16:00:00,102.0,129.83286
Platja de Peguera,2025-06-08 17:00:00,25.0,129.48328
Platja de Peguera,2025-06-08 18:00:00,158.0,200.6563
Platja de Peguera,2025-06-08 19:00:00,216.0,246.85236
Platja de Peguera,2025-06-08 20:00:00,232.0,270.12125
Platja de Peguera,2025-06-09 08:00:00,187.0,275.54385
Platja de Peguera,2025-06-09 09:00:00,240.0,269.94635
Platja de Peguera,2025-06-09 10:00:00,211.0,245.76218
Platja de Peguera,2025-06-09 11:00:00,225.0,249.20053
Platja de Peguera,2025-06-09 12:00:00,192.0,250.3998
Platja de Peguera,2025-06-09 13:00:00,164.0,225.73561
Platja de Peguera,2025-06-09 14:00:00,81.0,143.57207
Platja de Peguera,2025-06-09 15:00:00,95.0,120.7082
Platja de Peguera,2025-06-09 16:00:00,94.0,127.41838
Platja de Peguera,2025-06-09 17:00:00,27.0,145.59518
Platja de Peguera,2025-06-09 18:00:00,342.0,166.46764
Platja de Peguera,2025-06-09 19:00:00,336.0,230.25153
Platja de Peguera,2025-06-09 20:00:00,317.0,251.69608
Platja de Peguera,2025-06-10 08:00:00,320.0,250.93233
Platja de Peguera,2025-06-10 09:00:00,205.0,235.40096
Platja de Peguera,2025-06-10 10:00:00,250.0,265.5229
Platja de Peguera,2025-06-10 11:00:00,249.0,239.76457
Platja de Peguera,2025-06-10 12:00:00,209.0,240.83968
Platja de Peguera,2025-06-10 13:00:00,154.0,204.32857
Platja de Peguera,2025-06-10 14:00:00,114.0,179.02373
Platja de Peguera,2025-06-10 15:00:00,76.0,149.02348
Platja de Peguera,2025-06-10 16:00:00,85.0,112.34216
Platja de Peguera,2025-06-10 17:00:00,28.0,143.24316
Platja de Peguera,2025-06-10 18:00:00,138.0,180.33777
Platja de Peguera,2025-06-10 19:00:00,215.0,240.81499
Platja de Peguera,2025-06-10 20:00:00,216.0,261.1572
Platja de Peguera,2025-06-11 08:00:00,219.0,241.96115
Platja de Peguera,2025-06-11 09:00:00,217.0,242.0906
Platja de Peguera,2025-06-11 10:00:00,231.0,261.09518
Platja de Peguera,2025-06-11 11:00:00,250.0,228.57303
Platja de Peguera,2025-06-11 12:00:00,215.0,217.42944
Platja de Peguera,2025-06-11 13:00:00,177.0,190.42567
Platja de Peguera,2025-06-11 14:00:00,127.0,153.02931
Platja de Peguera,2025-06-11 15:00:00,79.0,106.97343
Platja de Peguera,2025-06-11 16:00:00,81.0,82.57213
Platja de Peguera,2025-06-11 17:00:00,40.0,49.03429
Platja de Peguera,2025-06-11 18:00:00,164.0,144.03197
Platja de Peguera,2025-06-11 19:00:00,248.0,140.25992
Platja de Peguera,2025-06-11 20:00:00,233.0,184.77832
Platja de Peguera,2025-06-12 08:00:00,236.0,190.37802
Platja de Peguera,2025-06-12 09:00:00,230.0,245.91101
Platja de Peguera,2025-06-12 10:00:00,241.0,254.52821
Platja de Peguera,2025-06-12 11:00:00,257.0,245.15477
Platja de Peguera,2025-06-12 12:00:00,243.0,217.98698
Platja de Peguera,2025-06-12 13:00:00,173.0,188.25725
Platja de Peguera,2025-06-12 14:00:00,153.0,185.90903
Platja de Peguera,2025-06-12 15:00:00,98.0,130.30746
Platja de Peguera,2025-06-12 16:00:00,81.0,117.20868
Platja de Peguera,2025-06-12 17:00:00,34.0,97.706154
Platja de Peguera,2025-06-12 18:00:00,182.0,134.46748
Platja de Peguera,2025-06-12 19:00:00,261.0,176.11014
Platja de Peguera,2025-06-12 20:00:00,261.0,204.12457
Platja de Peguera,2025-06-13 08:00:00,285.0,195.75203
Platja de Peguera,2025-06-13 09:00:00,280.0,224.469
Platja de Peguera,2025-06-13 10:00:00,311.0,219.3904
Platja de Peguera,2025-06-13 11:00:00,312.0,231.51065
Platja de Peguera,2025-06-13 12:00:00,292.0,201.75562
Platja de Peguera,2025-06-13 13:00:00,215.0,189.48567
Platja de Peguera,2025-06-13 14:00:00,158.0,186.98015
Platja de Peguera,2025-06-13 15:00:00,114.0,153.68025
Platja de Peguera,2025-06-13 16:00:00,71.0,141.39186
Platja de Peguera,2025-06-13 17:00:00,37.0,125.73139
Platja de Peguera,2025-06-13 18:00:00,182.0,139.28459
Platja de Peguera,2025-06-13 19:00:00,259.0,139.65273
Platja de Peguera,2025-06-13 20:00:00,262.0,162.45224
Platja de Peguera,2025-06-14 08:00:00,282.0,168.17067
Platja de Peguera,2025-06-14 09:00:00,235.0,213.5396
Platja de Peguera,2025-06-14 10:00:00,213.0,225.05614
Platja de Peguera,2025-06-14 11:00:00,243.0,234.27127
Platja de Peguera,2025-06-14 12:00:00,169.0,188.49359
Platja de Peguera,2025-06-14 13:00:00,162.0,217.12813
Platja de Peguera,2025-06-14 14:00:00,112.0,183.41437
Platja de Peguera,2025-06-14 15:00:00,101.0,169.93872
Platja de Peguera,2025-06-14 16:00:00,85.0,164.80081
Platja de Peguera,2025-06-14 17:00:00,47.0,114.587814
Platja de Peguera,2025-06-14 18:00:00,181.0,157.21199
Platja de Peguera,2025-06-14 19:00:00,255.0,200.45865
Platja de Peguera,2025-06-14 20:00:00,232.0,243.46405
Platja de Peguera,2025-06-15 08:00:00,202.0,237.39232
Platja de Peguera,2025-06-15 09:00:00,223.0,307.82333
Platja de Peguera,2025-06-15 10:00:00,260.0,294.22388
Platja de Peguera,2025-06-15 11:00:00,253.0,276.4773
Platja de Peguera,2025-06-15 12:00:00,244.0,248.53665
Platja de Peguera,2025-06-15 13:00:00,211.0,230.40128
Platja de Peguera,2025-06-15 14:00:00,147.0,237.91971
Platja de Peguera,2025-06-15 15:00:00,89.0,235.35698
Platja de Peguera,2025-06-15 16:00:00,73.0,220.71075
Platja de Peguera,2025-06-15 17:00:00,43.0,162.86386
Platja de Peguera,2025-06-15 18:00:00,165.0,179.37955
Platja de Peguera,2025-06-15 19:00:00,254.0,236.88795
Platja de Peguera,2025-06-15 20:00:00,268.0,282.74506
Platja de Peguera,2025-06-16 08:00:00,222.0,281.23724
Platja de Peguera,2025-06-16 09:00:00,234.0,297.08514
Platja de Peguera,2025-06-16 10:00:00,277.0,307.48572
Platja de Peguera,2025-06-16 11:00:00,237.0,287.5107
Platja de Peguera,2025-06-16 12:00:00,224.0,264.26596
Platja de Peguera,2025-06-16 13:00:00,149.0,218.4285
Platja de Peguera,2025-06-16 14:00:00,130.0,200.45474
Platja de Peguera,2025-06-16 15:00:00,83.0,197.631
Platja de Peguera,2025-06-16 16:00:00,75.0,194.44897
Platja de Peguera,2025-06-16 17:00:00,39.0,157.42114
Platja de Peguera,2025-06-16 18:00:00,149.0,173.0788
Platja de Peguera,2025-06-16 19:00:00,220.0,202.13123
Platja de Peguera,2025-06-16 20:00:00,252.0,244.66255
Platja de Peguera,2025-06-17 08:00:00,232.0,243.7653
Platja de Peguera,2025-06-17 09:00:00,234.0,265.3621
Platja de Peguera,2025-06-17 10:00:00,270.0,278.83826
Platja de Peguera,2025-06-17 11:00:00,259.0,260.29825
Platja de Peguera,2025-06-17 12:00:00,219.0,240.7716
Platja de Peguera,2025-06-17 13:00:00,195.0,203.19426
Platja de Peguera,2025-06-17 14:00:00,131.0,202.28194
Platja de Peguera,2025-06-17 15:00:00,86.0,211.13777
Platja de Peguera,2025-06-17 16:00:00,78.0,188.82414
Platja de Peguera,2025-06-17 17:00:00,58.0,164.10913
Platja de Peguera,2025-06-17 18:00:00,188.0,153.59859
Platja de Peguera,2025-06-17 19:00:00,234.0,212.68132
Platja de Peguera,2025-06-17 20:00:00,235.0,221.94127
Platja de Peguera,2025-06-18 08:00:00,250.0,236.75478
Platja de Peguera,2025-06-18 09:00:00,219.0,257.33154
Platja de Peguera,2025-06-18 10:00:00,231.0,259.4961
Platja de Peguera,2025-06-18 11:00:00,249.0,272.36847
Platja de Peguera,2025-06-18 12:00:00,248.0,234.68942
Platja de Peguera,2025-06-18 13:00:00,221.0,215.60641
Platja de Peguera,2025-06-18 14:00:00,140.0,202.12224
Platja de Peguera,2025-06-18 15:00:00,100.0,166.00455
Platja de Peguera,2025-06-18 16:00:00,73.0,142.1682
Platja de Peguera,2025-06-18 17:00:00,83.0,146.29066
Platja de Peguera,2025-06-18 18:00:00,182.0,153.93427
Platja de Peguera,2025-06-18 19:00:00,294.0,206.46695
Platja de Peguera,2025-06-18 20:00:00,282.0,229.11803
Platja de Peguera,2025-06-19 08:00:00,285.0,238.13524
Platja de Peguera,2025-06-19 09:00:00,269.0,255.42287
Platja de Peguera,2025-06-19 10:00:00,263.0,252.3595
Platja de Peguera,2025-06-19 11:00:00,245.0,279.432
Platja de Peguera,2025-06-19 12:00:00,247.0,250.17558
Platja de Peguera,2025-06-19 13:00:00,179.0,236.26541
Platja de Peguera,2025-06-19 14:00:00,156.0,229.37811
Platja de Peguera,2025-06-19 15:00:00,122.0,210.50314
Platja de Peguera,2025-06-19 16:00:00,51.0,203.68933
Platja de Peguera,2025-06-19 17:00:00,68.0,162.9033
Platja de Peguera,2025-06-19 18:00:00,197.0,199.77325
Platja de Peguera,2025-06-19 19:00:00,283.0,238.26292
Platja de Peguera,2025-06-19 20:00:00,324.0,273.7193
Platja de Peguera,2025-06-20 08:00:00,283.0,289.95944
Platja de Peguera,2025-06-20 09:00:00,288.0,273.13916
Platja de Peguera,2025-06-20 10:00:00,310.0,301.38657
Platja de Peguera,2025-06-20 11:00:00,335.0,276.93918
Platja de Peguera,2025-06-20 12:00:00,315.0,273.08835
Platja de Peguera,2025-06-20 13:00:00,260.0,212.65602
Platja de Peguera,2025-06-20 14:00:00,189.0,199.69408
Platja de Peguera,2025-06-20 15:00:00,156.0,202.39935
Platja de Peguera,2025-06-20 16:00:00,125.0,209.58052
Platja de Peguera,2025-06-20 17:00:00,87.0,177.68076
Platja de Peguera,2025-06-20 18:00:00,212.0,148.2594
Platja de Peguera,2025-06-20 19:00:00,244.0,183.83105
Platja de Peguera,2025-06-20 20:00:00,302.0,208.42923
Platja de Peguera,2025-06-21 08:00:00,244.0,224.4827
Platja de Peguera,2025-06-21 09:00:00,239.0,237.00888
Platja de Peguera,2025-06-21 10:00:00,261.0,268.229
Platja de Peguera,2025-06-21 11:00:00,261.0,243.47423
Platja de Peguera,2025-06-21 12:00:00,230.0,234.64026
Platja de Peguera,2025-06-21 13:00:00,125.0,182.6222
Platja de Peguera,2025-06-21 14:00:00,88.0,181.05067
Platja de Peguera,2025-06-21 15:00:00,83.0,152.95445
Platja de Peguera,2025-06-21 16:00:00,49.0,160.8076
Platja de Peguera,2025-06-21 17:00:00,185.0,142.0043
Platja de Peguera,2025-06-21 18:00:00,229.0,188.41893
Platja de Peguera,2025-06-21 19:00:00,284.0,214.10818
Platja de Peguera,2025-06-21 20:00:00,244.0,223.9346
Platja de Peguera,2025-06-22 08:00:00,228.0,242.269
Platja de Peguera,2025-06-22 09:00:00,219.0,273.48392
Platja de Peguera,2025-06-22 10:00:00,212.0,250.7331
Platja de Peguera,2025-06-22 11:00:00,251.0,242.28844
Platja de Peguera,2025-06-22 12:00:00,234.0,201.73907
Platja de Peguera,2025-06-22 13:00:00,151.0,192.85266
Platja de Peguera,2025-06-22 14:00:00,122.0,212.95956
Platja de Peguera,2025-06-22 15:00:00,90.0,204.96454
Platja de Peguera,2025-06-22 16:00:00,56.0,212.41841
Platja de Peguera,2025-06-22 17:00:00,173.0,167.3397
Platja de Peguera,2025-06-22 18:00:00,251.0,213.54065
Platja de Peguera,2025-06-22 19:00:00,235.0,240.21565
Platja de Peguera,2025-06-22 20:00:00,231.0,256.0081
Platja de Peguera,2025-06-23 08:00:00,214.0,254.93835
Platja de Peguera,2025-06-23 09:00:00,214.0,273.0445
Platja de Peguera,2025-06-23 10:00:00,238.0,280.2327
Platja de Peguera,2025-06-23 11:00:00,227.0,272.0889
Platja de Peguera,2025-06-23 12:00:00,209.0,225.00308
Platja de Peguera,2025-06-23 13:00:00,164.0,247.54349
Platja de Peguera,2025-06-23 14:00:00,118.0,230.66103
Platja de Peguera,2025-06-23 15:00:00,79.0,196.59924
Platja de Peguera,2025-06-23 16:00:00,82.0,150.43567
Platja de Peguera,2025-06-23 17:00:00,178.0,152.47003
Platja de Peguera,2025-06-23 18:00:00,259.0,196.7678
Platja de Peguera,2025-06-23 19:00:00,278.0,223.08298
Platja de Peguera,2025-06-23 20:00:00,244.0,223.16693
Platja de Peguera,2025-06-24 08:00:00,246.0,238.64822
Platja de Peguera,2025-06-24 09:00:00,229.0,258.42377
Platja de Peguera,2025-06-24 10:00:00,285.0,256.79233
Platja de Peguera,2025-06-24 11:00:00,259.0,247.81458
Platja de Peguera,2025-06-24 12:00:00,222.0,211.36359
Platja de Peguera,2025-06-24 13:00:00,130.0,209.5028
Platja de Peguera,2025-06-24 14:00:00,106.0,221.33034
Platja de Peguera,2025-06-24 15:00:00,77.0,204.98021
Platja de Peguera,2025-06-24 16:00:00,77.0,199.70825
Platja de Peguera,2025-06-24 17:00:00,160.0,156.50917
Platja de Peguera,2025-06-24 18:00:00,260.0,215.46529
Platja de Peguera,2025-06-24 19:00:00,278.0,252.87653
Platja de Peguera,2025-06-24 20:00:00,275.0,257.71124
Platja de Peguera,2025-06-25 08:00:00,248.0,248.36539
Platja de Peguera,2025-06-25 09:00:00,250.0,257.97876
Platja de Peguera,2025-06-25 10:00:00,269.0,256.43195
Platja de Peguera,2025-06-25 11:00:00,276.0,233.70752
Platja de Peguera,2025-06-25 12:00:00,219.0,199.1208
Platja de Peguera,2025-06-25 13:00:00,136.0,197.43346
Platja de Peguera,2025-06-25 14:00:00,104.0,182.49718
Platja de Peguera,2025-06-25 15:00:00,101.0,177.77454
Platja de Peguera,2025-06-25 16:00:00,49.0,161.0187
Platja de Peguera,2025-06-25 17:00:00,187.0,149.04915
Platja de Peguera,2025-06-25 18:00:00,266.0,221.3014
Platja de Peguera,2025-06-25 19:00:00,282.0,233.67374
Platja de Peguera,2025-06-25 20:00:00,252.0,239.8751
Platja de Peguera,2025-06-26 08:00:00,265.0,248.37363
Platja de Peguera,2025-06-26 09:00:00,253.0,261.30374
Platja de Peguera,2025-06-26 10:00:00,215.0,307.73602
Platja de Peguera,2025-06-26 11:00:00,188.0,207.50969
Platja de Peguera,2025-06-26 12:00:00,175.0,201.44614
Platja de Peguera,2025-06-26 13:00:00,185.0,222.18393
Platja de Peguera,2025-06-26 14:00:00,113.0,199.49715
Platja de Peguera,2025-06-26 15:00:00,110.0,179.72433
Platja de Peguera,2025-06-26 16:00:00,60.0,166.27844
Platja de Peguera,2025-06-26 17:00:00,125.0,144.12979
Platja de Peguera,2025-06-26 18:00:00,237.0,185.63286
Platja de Peguera,2025-06-26 19:00:00,266.0,229.40746
Platja de Peguera,2025-06-26 20:00:00,266.0,260.3921
Platja de Peguera,2025-06-27 08:00:00,282.0,254.5415
Platja de Peguera,2025-06-27 09:00:00,260.0,279.66443
Platja de Peguera,2025-06-27 10:00:00,289.0,286.40662
Platja de Peguera,2025-06-27 11:00:00,232.0,262.4677
Platja de Peguera,2025-06-27 12:00:00,210.0,219.81485
Platja de Peguera,2025-06-27 13:00:00,176.0,218.97499
Platja de Peguera,2025-06-27 14:00:00,136.0,209.02718
Platja de Peguera,2025-06-27 15:00:00,114.0,186.1978
Platja de Peguera,2025-06-27 16:00:00,65.0,144.74072
Platja de Peguera,2025-06-27 17:00:00,213.0,146.97374
Platja de Peguera,2025-06-27 18:00:00,226.0,192.27306
Platja de Peguera,2025-06-27 19:00:00,230.0,202.63591
Platja de Peguera,2025-06-27 20:00:00,214.0,216.44409
Platja de Peguera,2025-06-28 08:00:00,229.0,204.54907
Platja de Peguera,2025-06-28 09:00:00,278.0,230.35269
Platja de Peguera,2025-06-28 10:00:00,238.0,217.61447
Platja de Peguera,2025-06-28 11:00:00,183.0,267.29428
Platja de Peguera,2025-06-28 12:00:00,152.0,218.96873
Platja de Peguera,2025-06-28 13:00:00,100.0,229.68936
Platja de Peguera,2025-06-28 14:00:00,78.0,210.04004
Platja de Peguera,2025-06-28 15:00:00,133.0,226.2504
Platja de Peguera,2025-06-28 16:00:00,34.0,209.0581
Platja de Peguera,2025-06-28 17:00:00,45.0,137.25114
Platja de Peguera,2025-06-28 18:00:00,65.0,128.68863
Platja de Peguera,2025-06-28 19:00:00,106.0,127.62634
Platja de Peguera,2025-06-28 20:00:00,90.0,133.0584
Platja de Peguera,2025-06-29 08:00:00,108.0,156.1741
Platja de Peguera,2025-06-29 09:00:00,172.0,280.88055
Platja de Peguera,2025-06-29 10:00:00,193.0,254.63734
Platja de Peguera,2025-06-29 11:00:00,195.0,235.17245
Platja de Peguera,2025-06-29 12:00:00,116.0,229.67189
Platja de Peguera,2025-06-29 13:00:00,105.0,242.04079
Platja de Peguera,2025-06-29 14:00:00,93.0,236.21277
Platja de Peguera,2025-06-29 15:00:00,97.0,196.56776
Platja de Peguera,2025-06-29 16:00:00,48.0,176.05249
Platja de Peguera,2025-06-29 17:00:00,195.0,198.39201
Platja de Peguera,2025-06-29 18:00:00,210.0,213.2793
Platja de Peguera,2025-06-29 19:00:00,305.0,247.32098
Platja de Peguera,2025-06-29 20:00:00,285.0,264.2638
Platja de Peguera,2025-06-30 08:00:00,262.0,269.48184
Platja de Peguera,2025-06-30 09:00:00,312.0,345.59317
Platja de Peguera,2025-06-30 10:00:00,295.0,292.32263
Platja de Peguera,2025-06-30 11:00:00,264.0,300.96466
Platja de Peguera,2025-06-30 12:00:00,170.0,245.38853
Platja de Peguera,2025-06-30 13:00:00,93.0,210.25409
Platja de Peguera,2025-06-30 14:00:00,68.0,199.42467
Platja de Peguera,2025-06-30 15:00:00,98.0,185.18161
Platja de Peguera,2025-06-30 17:00:00,21.0,164.11208
Platja de Peguera,2025-06-30 18:00:00,93.0,186.0559
Platja de Peguera,2025-06-30 19:00:00,216.0,217.88715
Platja de Peguera,2025-06-30 20:00:00,250.0,238.21434
Platja de Peguera,2025-07-01 08:00:00,253.0,261.5684
Platja de Peguera,2025-07-01 09:00:00,247.0,278.04456
Platja de Peguera,2025-07-01 10:00:00,264.0,297.20465
Platja de Peguera,2025-07-01 11:00:00,284.0,273.60074
Platja de Peguera,2025-07-01 12:00:00,269.0,268.93454
Platja de Peguera,2025-07-01 13:00:00,201.0,234.84978
Platja de Peguera,2025-07-01 14:00:00,137.0,226.70238
Platja de Peguera,2025-07-01 15:00:00,102.0,205.20157
Platja de Peguera,2025-07-01 16:00:00,90.0,168.62555
Platja de Peguera,2025-07-01 17:00:00,43.0,131.54158
Platja de Peguera,2025-07-01 18:00:00,170.0,183.3596
Platja de Peguera,2025-07-01 19:00:00,231.0,231.211
Platja de Peguera,2025-07-01 20:00:00,278.0,241.94887
Platja de Peguera,2025-07-02 08:00:00,267.0,261.2948
Platja de Peguera,2025-07-02 09:00:00,251.0,254.46436
Platja de Peguera,2025-07-02 10:00:00,252.0,267.416
Platja de Peguera,2025-07-02 11:00:00,213.0,236.55635
Platja de Peguera,2025-07-02 12:00:00,128.0,198.39496
Platja de Peguera,2025-07-02 13:00:00,72.0,169.1852
Platja de Peguera,2025-07-02 14:00:00,93.0,149.34933
Platja de Peguera,2025-07-02 15:00:00,28.0,134.78603
Platja de Peguera,2025-07-02 16:00:00,99.0,153.53839
Platja de Peguera,2025-07-02 17:00:00,243.0,156.62122
Platja de Peguera,2025-07-02 18:00:00,227.0,189.9512
Platja de Peguera,2025-07-02 19:00:00,225.0,238.63878
Platja de Peguera,2025-07-02 20:00:00,271.0,254.77531
Platja de Peguera,2025-07-03 08:00:00,239.0,259.5307
Platja de Peguera,2025-07-03 09:00:00,248.0,242.08023
Platja de Peguera,2025-07-03 10:00:00,156.0,254.17781
Platja de Peguera,2025-07-03 11:00:00,146.0,224.52261
Platja de Peguera,2025-07-03 12:00:00,97.0,199.23401
Platja de Peguera,2025-07-03 13:00:00,119.0,206.01562
Platja de Peguera,2025-07-03 14:00:00,82.0,122.30739
Platja de Peguera,2025-07-03 15:00:00,22.0,135.53235
Platja de Peguera,2025-07-03 16:00:00,203.0,196.94955
Platja de Peguera,2025-07-03 17:00:00,283.0,228.78802
Platja de Peguera,2025-07-03 18:00:00,353.0,274.35202
Platja de Peguera,2025-07-03 19:00:00,327.0,269.30774
Platja de Peguera,2025-07-03 20:00:00,271.0,280.06766
Platja de Peguera,2025-07-04 08:00:00,311.0,275.9975
Platja de Peguera,2025-07-04 09:00:00,355.0,268.25342
Platja de Peguera,2025-07-04 10:00:00,346.0,258.8049
Platja de Peguera,2025-07-04 11:00:00,301.0,270.11145
Platja de Peguera,2025-07-04 12:00:00,202.0,275.1447
Platja de Peguera,2025-07-04 13:00:00,109.0,249.81203
Platja de Peguera,2025-07-04 14:00:00,101.0,206.42868
Platja de Peguera,2025-07-04 15:00:00,32.0,127.34089
Platja de Peguera,2025-07-04 16:00:00,163.0,178.54428
Platja de Peguera,2025-07-04 17:00:00,217.0,200.72058
Platja de Peguera,2025-07-04 18:00:00,262.0,247.8488
Platja de Peguera,2025-07-04 19:00:00,263.0,217.28287
Platja de Peguera,2025-07-04 20:00:00,262.0,235.5244
Platja de Peguera,2025-07-05 08:00:00,269.0,242.20233
Platja de Peguera,2025-07-05 09:00:00,227.0,253.5629
Platja de Peguera,2025-07-05 10:00:00,227.0,228.25801
Platja de Peguera,2025-07-05 11:00:00,153.0,226.77379
Platja de Peguera,2025-07-05 12:00:00,97.0,249.22174
Platja de Peguera,2025-07-05 13:00:00,77.0,244.6171
Platja de Peguera,2025-07-05 14:00:00,106.0,224.03294
Platja de Peguera,2025-07-05 15:00:00,30.0,129.80081
Platja de Peguera,2025-07-05 16:00:00,164.0,144.3756
Platja de Peguera,2025-07-05 17:00:00,240.0,199.38898
Platja de Peguera,2025-07-05 18:00:00,257.0,243.93155
Platja de Peguera,2025-07-05 19:00:00,285.0,231.76753
Platja de Peguera,2025-07-05 20:00:00,288.0,230.8388
Platja de Peguera,2025-07-06 08:00:00,267.0,248.68326
Platja de Peguera,2025-07-06 09:00:00,281.0,241.53592
Platja de Peguera,2025-07-06 10:00:00,249.0,255.14241
Platja de Peguera,2025-07-06 11:00:00,180.0,197.96086
Platja de Peguera,2025-07-06 12:00:00,117.0,202.04536
Platja de Peguera,2025-07-06 13:00:00,90.0,218.5054
Platja de Peguera,2025-07-06 14:00:00,100.0,182.86005
Platja de Peguera,2025-07-06 15:00:00,31.0,132.68484
Platja de Peguera,2025-07-06 16:00:00,177.0,188.35997
Platja de Peguera,2025-07-06 17:00:00,261.0,207.77472
Platja de Peguera,2025-07-06 18:00:00,269.0,240.66556
Platja de Peguera,2025-07-06 19:00:00,257.0,285.4734
Platja de Peguera,2025-07-06 20:00:00,247.0,262.0246
Platja de Peguera,2025-07-07 08:00:00,217.0,270.8867
Platja de Peguera,2025-07-07 09:00:00,293.0,299.9193
Platja de Peguera,2025-07-07 10:00:00,254.0,290.16672
Platja de Peguera,2025-07-07 11:00:00,195.0,255.546
Platja de Peguera,2025-07-07 12:00:00,120.0,226.75883
Platja de Peguera,2025-07-07 13:00:00,105.0,212.38231
Platja de Peguera,2025-07-07 14:00:00,89.0,201.03136
Platja de Peguera,2025-07-07 15:00:00,28.0,121.69442
Platja de Peguera,2025-07-07 16:00:00,201.0,149.74068
Platja de Peguera,2025-07-07 17:00:00,264.0,187.17969
Platja de Peguera,2025-07-07 18:00:00,309.0,218.62161
Platja de Peguera,2025-07-07 19:00:00,287.0,231.99835
Platja de Peguera,2025-07-07 20:00:00,287.0,270.0958
Platja de Peguera,2025-07-08 08:00:00,308.0,251.59328
Platja de Peguera,2025-07-08 09:00:00,311.0,223.68896
Platja de Peguera,2025-07-08 10:00:00,294.0,214.15436
Platja de Peguera,2025-07-08 11:00:00,191.0,201.0793
Platja de Peguera,2025-07-08 12:00:00,138.0,171.91661
Platja de Peguera,2025-07-08 13:00:00,108.0,154.63686
Platja de Peguera,2025-07-08 14:00:00,89.0,125.079124
Platja de Peguera,2025-07-08 15:00:00,36.0,76.699684
Platja de Peguera,2025-07-08 16:00:00,178.0,112.49704
Platja de Peguera,2025-07-08 17:00:00,251.0,147.09302
Platja de Peguera,2025-07-08 18:00:00,278.0,166.79398
Platja de Peguera,2025-07-08 19:00:00,249.0,181.47708
Platja de Peguera,2025-07-08 20:00:00,277.0,187.84306
Platja de Peguera,2025-07-09 08:00:00,279.0,176.4171
Platja de Peguera,2025-07-09 09:00:00,291.0,210.62086
Platja de Peguera,2025-07-09 10:00:00,309.0,191.00629
Platja de Peguera,2025-07-09 11:00:00,188.0,200.03502
Platja de Peguera,2025-07-09 12:00:00,124.0,210.30118
Platja de Peguera,2025-07-09 13:00:00,96.0,162.59055
Platja de Peguera,2025-07-09 14:00:00,113.0,153.51587
Platja de Peguera,2025-07-09 15:00:00,33.0,142.62073
Platja de Peguera,2025-07-09 16:00:00,167.0,166.23714
Platja de Peguera,2025-07-09 17:00:00,267.0,202.99756
Platja de Peguera,2025-07-09 18:00:00,279.0,249.97678
Platja de Peguera,2025-07-09 19:00:00,238.0,245.3168
Platja de Peguera,2025-07-09 20:00:00,277.0,223.32721
Platja de Peguera,2025-07-10 08:00:00,288.0,238.2163
Platja de Peguera,2025-07-10 09:00:00,275.0,216.95825
Platja de Peguera,2025-07-10 10:00:00,270.0,220.16664
Platja de Peguera,2025-07-10 11:00:00,213.0,203.19766
Platja de Peguera,2025-07-10 12:00:00,143.0,199.13428
Platja de Peguera,2025-07-10 13:00:00,111.0,193.19672
Platja de Peguera,2025-07-10 14:00:00,129.0,170.80916
Platja de Peguera,2025-07-10 15:00:00,34.0,114.76249
Platja de Peguera,2025-07-10 16:00:00,177.0,157.17441
Platja de Peguera,2025-07-10 17:00:00,282.0,196.9134
Platja de Peguera,2025-07-10 18:00:00,296.0,270.1948
Platja de Peguera,2025-07-10 19:00:00,326.0,272.04846
Platja de Peguera,2025-07-10 20:00:00,306.0,276.39938
Platja de Peguera,2025-07-11 08:00:00,279.0,288.9899
Platja de Peguera,2025-07-11 09:00:00,319.0,263.25073
Platja de Peguera,2025-07-11 10:00:00,245.0,287.1682
Platja de Peguera,2025-07-11 11:00:00,193.0,240.30867
Platja de Peguera,2025-07-11 12:00:00,154.0,264.27982
Platja de Peguera,2025-07-11 15:00:00,136.0,213.69746
Platja de Peguera,2025-07-11 16:00:00,133.0,173.33807
Platja de Peguera,2025-07-11 17:00:00,33.0,88.11464
Platja de Peguera,2025-07-11 18:00:00,163.0,149.18204
Platja de Peguera,2025-07-11 19:00:00,241.0,167.3879
Platja de Peguera,2025-07-11 20:00:00,260.0,204.73491
Platja de Peguera,2025-07-12 08:00:00,274.0,225.93558
Platja de Peguera,2025-07-12 09:00:00,278.0,223.8091
Platja de Peguera,2025-07-12 10:00:00,284.0,271.8731
Platja de Peguera,2025-07-12 11:00:00,259.0,251.62346
Platja de Peguera,2025-07-12 12:00:00,212.0,236.79648
Platja de Peguera,2025-07-12 13:00:00,126.0,194.11328
Platja de Peguera,2025-07-12 14:00:00,117.0,195.44394
Platja de Peguera,2025-07-12 15:00:00,97.0,182.42711
Platja de Peguera,2025-07-12 16:00:00,113.0,179.89702
Platja de Peguera,2025-07-12 17:00:00,32.0,105.963844
Platja de Peguera,2025-07-12 18:00:00,167.0,142.89551
Platja de Peguera,2025-07-12 19:00:00,241.0,186.1594
Platja de Peguera,2025-07-12 20:00:00,296.0,216.69223
Platja de Peguera,2025-07-13 08:00:00,248.0,218.77475
Platja de Peguera,2025-07-13 09:00:00,275.0,286.05756
Platja de Peguera,2025-07-13 10:00:00,272.0,283.88272
Platja de Peguera,2025-07-13 11:00:00,229.0,246.79234
Platja de Peguera,2025-07-13 12:00:00,239.0,237.55997
Platja de Peguera,2025-07-13 13:00:00,164.0,210.26193
Platja de Peguera,2025-07-13 14:00:00,103.0,220.68106
Platja de Peguera,2025-07-13 15:00:00,77.0,215.34871
Platja de Peguera,2025-07-13 16:00:00,125.0,193.88225
Platja de Peguera,2025-07-13 17:00:00,30.0,170.84966
Platja de Peguera,2025-07-13 18:00:00,155.0,191.94412
Platja de Peguera,2025-07-13 19:00:00,318.0,198.86333
Platja de Peguera,2025-07-13 20:00:00,278.0,232.04124
Platja de Peguera,2025-07-14 08:00:00,316.0,257.0288
Platja de Peguera,2025-07-14 09:00:00,272.0,288.5933
Platja de Peguera,2025-07-14 10:00:00,275.0,305.49466
Platja de Peguera,2025-07-14 11:00:00,265.0,271.48853
Platja de Peguera,2025-07-14 12:00:00,212.0,242.1928
Platja de Peguera,2025-07-14 13:00:00,126.0,225.9457
Platja de Peguera,2025-07-14 14:00:00,68.0,232.21605
Platja de Peguera,2025-07-14 15:00:00,78.0,220.29243
Platja de Peguera,2025-07-14 16:00:00,153.0,198.70836
Platja de Peguera,2025-07-14 17:00:00,34.0,84.594345
Platja de Peguera,2025-07-14 18:00:00,150.0,150.53525
Platja de Peguera,2025-07-14 19:00:00,228.0,177.98708
Platja de Peguera,2025-07-14 20:00:00,212.0,210.8294
Platja de Peguera,2025-07-15 08:00:00,114.0,234.4959
Platja de Peguera,2025-07-15 09:00:00,90.0,193.0105
Platja de Peguera,2025-07-15 10:00:00,90.0,138.61755
Platja de Peguera,2025-07-15 11:00:00,132.0,170.04097
Platja de Peguera,2025-07-15 12:00:00,129.0,174.1286
Platja de Peguera,2025-07-15 13:00:00,105.0,130.79193
Platja de Peguera,2025-07-15 14:00:00,37.0,153.55121
Platja de Peguera,2025-07-15 15:00:00,45.0,133.93257
Platja de Peguera,2025-07-15 16:00:00,47.0,187.54814
Platja de Peguera,2025-07-15 17:00:00,21.0,92.11679
Platja de Peguera,2025-07-15 18:00:00,72.0,169.63818
Platja de Peguera,2025-07-15 19:00:00,128.0,197.43222
Platja de Peguera,2025-07-15 20:00:00,261.0,242.94142
Platja de Peguera,2025-07-16 08:00:00,256.0,257.3055
Platja de Peguera,2025-07-16 09:00:00,261.0,272.3473
Platja de Peguera,2025-07-16 10:00:00,188.0,313.16782
Platja de Peguera,2025-07-16 11:00:00,197.0,284.886
Platja de Peguera,2025-07-16 12:00:00,167.0,259.62363
Platja de Peguera,2025-07-16 13:00:00,144.0,217.50003
Platja de Peguera,2025-07-16 14:00:00,124.0,159.55975
Platja de Peguera,2025-07-16 15:00:00,78.0,154.46593
Platja de Peguera,2025-07-16 16:00:00,107.0,155.77852
Platja de Peguera,2025-07-16 17:00:00,36.0,114.01493
Platja de Peguera,2025-07-16 18:00:00,67.0,190.331
Platja de Peguera,2025-07-16 19:00:00,193.0,202.34714
Platja de Peguera,2025-07-16 20:00:00,291.0,255.29341
Platja de Peguera,2025-07-17 08:00:00,318.0,268.06277
Platja de Peguera,2025-07-17 09:00:00,303.0,253.4253
Platja de Peguera,2025-07-17 10:00:00,316.0,257.58154
Platja de Peguera,2025-07-17 11:00:00,330.0,269.1429
Platja de Peguera,2025-07-17 12:00:00,266.0,269.3962
Platja de Peguera,2025-07-17 13:00:00,160.0,226.90422
Platja de Peguera,2025-07-17 14:00:00,125.0,206.57138
Platja de Peguera,2025-07-17 15:00:00,101.0,198.22527
Platja de Peguera,2025-07-17 16:00:00,108.0,198.9374
Platja de Peguera,2025-07-17 17:00:00,28.0,105.86359
Platja de Peguera,2025-07-17 18:00:00,196.0,194.77023
Platja de Peguera,2025-07-17 19:00:00,306.0,235.36284
Platja de Peguera,2025-07-17 20:00:00,342.0,270.33267
Platja de Peguera,2025-07-18 08:00:00,318.0,294.60315
Platja de Peguera,2025-07-18 09:00:00,344.0,294.30618
Platja de Peguera,2025-07-18 10:00:00,346.0,324.04562
Platja de Peguera,2025-07-18 11:00:00,342.0,316.8862
Platja de Peguera,2025-07-18 12:00:00,283.0,291.0521
Platja de Peguera,2025-07-18 13:00:00,231.0,227.99724
Platja de Peguera,2025-07-18 14:00:00,127.0,220.42868
Platja de Peguera,2025-07-18 15:00:00,105.0,218.75848
Platja de Peguera,2025-07-18 16:00:00,114.0,200.27328
Platja de Peguera,2025-07-18 17:00:00,24.0,104.82112
Platja de Peguera,2025-07-18 18:00:00,163.0,157.88217
Platja de Peguera,2025-07-18 19:00:00,265.0,185.28625
Platja de Peguera,2025-07-18 20:00:00,335.0,239.34917
Platja de Peguera,2025-07-19 08:00:00,288.0,256.94016
Platja de Peguera,2025-07-19 09:00:00,290.0,264.9541
Platja de Peguera,2025-07-19 10:00:00,232.0,278.85928
Platja de Peguera,2025-07-19 11:00:00,326.0,239.92119
Platja de Peguera,2025-07-19 12:00:00,267.0,259.04013
Platja de Peguera,2025-07-19 13:00:00,164.0,198.66238
Platja de Peguera,2025-07-19 14:00:00,106.0,199.93352
Platja de Peguera,2025-07-19 15:00:00,90.0,186.65822
Platja de Peguera,2025-07-19 16:00:00,118.0,190.3658
Platja de Peguera,2025-07-19 17:00:00,29.0,122.73257
Platja de Peguera,2025-07-19 18:00:00,146.0,152.0469
Platja de Peguera,2025-07-19 19:00:00,240.0,157.86076
Platja de Peguera,2025-07-19 20:00:00,220.0,185.06625
Platja de Peguera,2025-07-20 08:00:00,108.0,155.65402
Platja de Peguera,2025-07-20 09:00:00,130.0,149.08176
Platja de Peguera,2025-07-20 10:00:00,166.0,239.33397
Platja de Peguera,2025-07-20 11:00:00,267.0,243.58167
Platja de Peguera,2025-07-20 12:00:00,146.0,216.76158
Platja de Peguera,2025-07-20 13:00:00,120.0,197.94232
Platja de Peguera,2025-07-20 14:00:00,82.0,190.85225
Platja de Peguera,2025-07-20 15:00:00,73.0,193.71118
Platja de Peguera,2025-07-20 16:00:00,92.0,191.4548
Platja de Peguera,2025-07-20 17:00:00,29.0,94.019455
Platja de Peguera,2025-07-20 18:00:00,129.0,160.95146
Platja de Peguera,2025-07-20 19:00:00,231.0,207.96867
Platja de Peguera,2025-07-20 20:00:00,337.0,256.78857
Platja de Peguera,2025-07-21 08:00:00,278.0,242.1072
Platja de Peguera,2025-07-21 09:00:00,345.0,257.52356
Platja de Peguera,2025-07-21 10:00:00,363.0,291.0715
Platja de Peguera,2025-07-21 11:00:00,338.0,280.96893
Platja de Peguera,2025-07-21 12:00:00,225.0,270.0622
Platja de Peguera,2025-07-21 13:00:00,158.0,216.05746
Platja de Peguera,2025-07-21 14:00:00,73.0,212.70107
Platja de Peguera,2025-07-21 15:00:00,75.0,194.79904
Platja de Peguera,2025-07-21 16:00:00,45.0,183.84448
Platja de Peguera,2025-07-21 17:00:00,27.0,68.6095
Platja de Peguera,2025-07-21 18:00:00,271.0,185.10367
Platja de Peguera,2025-07-21 19:00:00,310.0,216.5329
Platja de Peguera,2025-07-21 20:00:00,323.0,253.15085
Platja de Peguera,2025-07-22 08:00:00,316.0,250.55298
Platja de Peguera,2025-07-22 09:00:00,332.0,245.1819
Platja de Peguera,2025-07-22 10:00:00,322.0,294.44803
Platja de Peguera,2025-07-22 11:00:00,300.0,264.8528
Platja de Peguera,2025-07-22 12:00:00,254.0,264.79175
Platja de Peguera,2025-07-22 13:00:00,175.0,208.62256
Platja de Peguera,2025-07-22 14:00:00,83.0,171.13438
Platja de Peguera,2025-07-22 15:00:00,87.0,156.827
Platja de Peguera,2025-07-22 16:00:00,48.0,189.01726
Platja de Peguera,2025-07-22 17:00:00,17.0,88.33239
Platja de Peguera,2025-07-22 18:00:00,239.0,197.16551
Platja de Peguera,2025-07-22 19:00:00,286.0,234.30678
Platja de Peguera,2025-07-22 20:00:00,267.0,270.40936
Platja de Peguera,2025-07-23 08:00:00,289.0,261.90698
Platja de Peguera,2025-07-23 09:00:00,313.0,254.87965
Platja de Peguera,2025-07-23 10:00:00,332.0,291.7698
Platja de Peguera,2025-07-23 11:00:00,276.0,267.18527
Platja de Peguera,2025-07-23 12:00:00,194.0,249.7839
Platja de Peguera,2025-07-23 13:00:00,153.0,215.63597
Platja de Peguera,2025-07-23 14:00:00,101.0,248.88507
Platja de Peguera,2025-07-23 15:00:00,104.0,222.91661
Platja de Peguera,2025-07-23 16:00:00,34.0,195.11076
Platja de Peguera,2025-07-23 17:00:00,25.0,107.44269
Platja de Peguera,2025-07-23 18:00:00,253.0,196.46045
Platja de Peguera,2025-07-23 19:00:00,314.0,233.23871
Platja de Peguera,2025-07-23 20:00:00,299.0,253.84851
Platja de Peguera,2025-07-24 08:00:00,292.0,285.9059
Platja de Peguera,2025-07-24 09:00:00,281.0,256.25385
Platja de Peguera,2025-07-24 10:00:00,307.0,305.52682
Platja de Peguera,2025-07-24 11:00:00,283.0,297.07242
Platja de Peguera,2025-07-24 12:00:00,250.0,245.60379
Platja de Peguera,2025-07-24 13:00:00,179.0,184.64723
Platja de Peguera,2025-07-24 14:00:00,106.0,158.18654
Platja de Peguera,2025-07-24 15:00:00,119.0,148.53952
Platja de Peguera,2025-07-24 16:00:00,38.0,145.10995
Platja de Peguera,2025-07-24 17:00:00,35.0,67.29616
Platja de Peguera,2025-07-24 18:00:00,269.0,135.78249
Platja de Peguera,2025-07-24 19:00:00,297.0,164.3805
Platja de Peguera,2025-07-24 20:00:00,276.0,196.28503
Platja de Peguera,2025-07-25 08:00:00,322.0,156.27759
Platja de Peguera,2025-07-25 09:00:00,322.0,183.54076
Platja de Peguera,2025-07-25 10:00:00,339.0,213.25462
Platja de Peguera,2025-07-25 11:00:00,316.0,209.16289
Platja de Peguera,2025-07-25 12:00:00,223.0,199.30643
Platja de Peguera,2025-07-25 13:00:00,180.0,150.53584
Platja de Peguera,2025-07-25 14:00:00,138.0,132.24283
Platja de Peguera,2025-07-25 15:00:00,119.0,110.9967
Platja de Peguera,2025-07-25 16:00:00,63.0,93.20947
Platja de Peguera,2025-07-25 17:00:00,36.0,24.228891
Platja de Peguera,2025-07-25 18:00:00,247.0,103.3359
Platja de Peguera,2025-07-25 19:00:00,290.0,130.53746
Platja de Peguera,2025-07-25 20:00:00,278.0,177.57909
Platja de Peguera,2025-07-26 08:00:00,296.0,180.53671
Platja de Peguera,2025-07-26 09:00:00,306.0,154.56459
Platja de Peguera,2025-07-26 10:00:00,308.0,214.95702
Platja de Peguera,2025-07-26 11:00:00,292.0,235.60612
Platja de Peguera,2025-07-26 12:00:00,266.0,216.02393
Platja de Peguera,2025-07-26 13:00:00,162.0,209.20247
Platja de Peguera,2025-07-26 14:00:00,91.0,147.99017
Platja de Peguera,2025-07-26 15:00:00,112.0,124.23772
Platja de Peguera,2025-07-26 16:00:00,43.0,122.91775
Platja de Peguera,2025-07-26 17:00:00,27.0,21.357279
Platja de Peguera,2025-07-26 18:00:00,254.0,131.6184
Platja de Peguera,2025-07-26 19:00:00,305.0,163.44543
Platja de Peguera,2025-07-26 20:00:00,301.0,184.73845
Platja de Peguera,2025-07-27 08:00:00,265.0,187.2059
Platja de Peguera,2025-07-27 09:00:00,300.0,259.8938
Platja de Peguera,2025-07-27 10:00:00,292.0,288.46207
Platja de Peguera,2025-07-27 11:00:00,241.0,311.0257
Platja de Peguera,2025-07-27 12:00:00,226.0,281.29514
Platja de Peguera,2025-07-27 13:00:00,124.0,239.76202
Platja de Peguera,2025-07-27 14:00:00,84.0,232.87694
Platja de Peguera,2025-07-27 15:00:00,100.0,250.03494
Platja de Peguera,2025-07-27 16:00:00,29.0,229.23647
Platja de Peguera,2025-07-27 17:00:00,23.0,158.84256
Platja de Peguera,2025-07-27 18:00:00,230.0,184.33298
Platja de Peguera,2025-07-27 19:00:00,255.0,213.30147
Platja de Peguera,2025-07-27 20:00:00,279.0,243.18784
Platja de Peguera,2025-07-28 08:00:00,258.0,254.22096
Platja de Peguera,2025-07-28 09:00:00,286.0,265.65445
Platja de Peguera,2025-07-28 10:00:00,303.0,296.07843
Platja de Peguera,2025-07-28 11:00:00,284.0,274.52258
Platja de Peguera,2025-07-28 12:00:00,205.0,281.3147
Platja de Peguera,2025-07-28 13:00:00,141.0,244.0325
Platja de Peguera,2025-07-28 14:00:00,103.0,233.09845
Platja de Peguera,2025-07-28 15:00:00,142.0,215.98204
Platja de Peguera,2025-07-28 16:00:00,35.0,191.8388
Platja de Peguera,2025-07-28 17:00:00,28.0,88.06958
Platja de Peguera,2025-07-28 18:00:00,233.0,163.25383
Platja de Peguera,2025-07-28 19:00:00,284.0,199.67558
Platja de Peguera,2025-07-28 20:00:00,326.0,236.39494
Platja de Peguera,2025-07-29 08:00:00,287.0,249.6063
Platja de Peguera,2025-07-29 09:00:00,297.0,271.90384
Platja de Peguera,2025-07-29 10:00:00,277.0,291.2756
Platja de Peguera,2025-07-29 11:00:00,283.0,262.81122
Platja de Peguera,2025-07-29 12:00:00,219.0,239.3292
Platja de Peguera,2025-07-29 13:00:00,139.0,213.4994
Platja de Peguera,2025-07-29 14:00:00,89.0,197.91135
Platja de Peguera,2025-07-29 15:00:00,103.0,205.97905
Platja de Peguera,2025-07-29 16:00:00,38.0,145.20099
Platja de Peguera,2025-07-29 17:00:00,32.0,59.265636
Platja de Peguera,2025-07-29 18:00:00,220.0,99.981026
Platja de Peguera,2025-07-29 19:00:00,278.0,138.88776
Platja de Peguera,2025-07-29 20:00:00,273.0,183.72662
Platja de Peguera,2025-07-30 08:00:00,291.0,202.45242
Platja de Peguera,2025-07-30 09:00:00,293.0,196.46579
Platja de Peguera,2025-07-30 10:00:00,300.0,263.39328
Platja de Peguera,2025-07-30 11:00:00,276.0,234.61488
Platja de Peguera,2025-07-30 12:00:00,217.0,240.69789
Platja de Peguera,2025-07-30 13:00:00,149.0,186.50801
Platja de Peguera,2025-07-30 14:00:00,105.0,196.60258
Platja de Peguera,2025-07-30 15:00:00,109.0,213.23193
Platja de Peguera,2025-07-30 16:00:00,23.0,197.30515
Platja de Peguera,2025-07-30 17:00:00,28.0,99.09199
Platja de Peguera,2025-07-30 18:00:00,260.0,182.14574
Platja de Peguera,2025-07-30 19:00:00,294.0,211.85686
Platja de Peguera,2025-07-30 20:00:00,277.0,283.51913
Platja de Peguera,2025-07-31 08:00:00,284.0,262.9704
Platja de Peguera,2025-07-31 09:00:00,191.0,285.38068
Platja de Peguera,2025-07-31 10:00:00,272.0,298.68716
Platja de Peguera,2025-07-31 11:00:00,287.0,282.3711
Platja de Peguera,2025-07-31 12:00:00,229.0,282.01724
Platja de Peguera,2025-07-31 13:00:00,147.0,231.6389
Platja de Peguera,2025-07-31 14:00:00,88.0,234.16087
Platja de Peguera,2025-07-31 15:00:00,98.0,217.51884
Platja de Peguera,2025-07-31 16:00:00,29.0,214.0363
Platja de Peguera,2025-07-31 17:00:00,20.0,104.254074
Platja de Peguera,2025-07-31 18:00:00,260.0,190.24962
Platja de Peguera,2025-07-31 19:00:00,312.0,213.77257
Platja de Peguera,2025-07-31 20:00:00,358.0,262.9578
Platja de Peguera,2025-08-01 08:00:00,305.0,273.55453
Platja de Peguera,2025-08-01 09:00:00,304.0,299.49734
Platja de Peguera,2025-08-01 10:00:00,315.0,304.5379
Platja de Peguera,2025-08-01 11:00:00,300.0,281.92072
Platja de Peguera,2025-08-01 12:00:00,187.0,280.13904
Platja de Peguera,2025-08-01 13:00:00,156.0,237.69127
Platja de Peguera,2025-08-01 14:00:00,115.0,262.93222
Platja de Peguera,2025-08-01 15:00:00,124.0,253.1166
Platja de Peguera,2025-08-01 16:00:00,37.0,201.48701
Platja de Peguera,2025-08-01 17:00:00,18.0,110.24744
Platja de Peguera,2025-08-01 18:00:00,218.0,140.70415
Platja de Peguera,2025-08-01 19:00:00,259.0,187.46844
Platja de Peguera,2025-08-01 20:00:00,287.0,229.15028
Platja de Peguera,2025-08-02 08:00:00,263.0,231.2188
Platja de Peguera,2025-08-02 09:00:00,271.0,288.18536
Platja de Peguera,2025-08-02 10:00:00,275.0,297.55426
Platja de Peguera,2025-08-02 11:00:00,258.0,279.9168
Platja de Peguera,2025-08-02 12:00:00,186.0,274.33356
Platja de Peguera,2025-08-02 13:00:00,113.0,232.96184
Platja de Peguera,2025-08-02 14:00:00,89.0,255.16086
Platja de Peguera,2025-08-02 15:00:00,116.0,247.04399
Platja de Peguera,2025-08-02 16:00:00,25.0,244.18524
Platja de Peguera,2025-08-02 17:00:00,16.0,95.25883
Platja de Peguera,2025-08-02 18:00:00,266.0,137.2898
Platja de Peguera,2025-08-02 19:00:00,301.0,186.51097
Platja de Peguera,2025-08-02 20:00:00,285.0,226.20728
Platja de Peguera,2025-08-03 08:00:00,286.0,236.19714
Platja de Peguera,2025-08-03 09:00:00,277.0,296.38974
Platja de Peguera,2025-08-03 10:00:00,295.0,277.0313
Platja de Peguera,2025-08-03 11:00:00,280.0,276.39716
Platja de Peguera,2025-08-03 12:00:00,212.0,276.77905
Platja de Peguera,2025-08-03 13:00:00,152.0,239.82042
Platja de Peguera,2025-08-03 14:00:00,109.0,247.36215
Platja de Peguera,2025-08-03 15:00:00,127.0,250.9143
Platja de Peguera,2025-08-03 16:00:00,30.0,224.99301
Platja de Peguera,2025-08-03 17:00:00,28.0,128.10945
Platja de Peguera,2025-08-03 18:00:00,201.0,173.19629
Platja de Peguera,2025-08-03 19:00:00,268.0,213.79103
Platja de Peguera,2025-08-03 20:00:00,288.0,244.01727
Platja de Peguera,2025-08-04 08:00:00,243.0,245.77763
Platja de Peguera,2025-08-04 09:00:00,234.0,286.4494
Platja de Peguera,2025-08-04 10:00:00,272.0,293.4624
Platja de Peguera,2025-08-04 11:00:00,251.0,277.048
Platja de Peguera,2025-08-04 12:00:00,241.0,269.25174
Platja de Peguera,2025-08-04 13:00:00,155.0,235.84866
Platja de Peguera,2025-08-04 14:00:00,134.0,248.27187
Platja de Peguera,2025-08-04 15:00:00,148.0,242.54012
Platja de Peguera,2025-08-04 16:00:00,38.0,246.208
Platja de Peguera,2025-08-04 17:00:00,26.0,133.19992
Platja de Peguera,2025-08-04 18:00:00,225.0,155.84131
Platja de Peguera,2025-08-04 19:00:00,287.0,195.79285
Platja de Peguera,2025-08-04 20:00:00,302.0,255.6132
Platja de Peguera,2025-08-05 08:00:00,264.0,257.53302
Platja de Peguera,2025-08-05 09:00:00,286.0,297.10324
Platja de Peguera,2025-08-05 10:00:00,291.0,300.53867
Platja de Peguera,2025-08-05 11:00:00,283.0,276.9651
Platja de Peguera,2025-08-05 12:00:00,227.0,271.19138
Platja de Peguera,2025-08-05 13:00:00,174.0,237.64005
Platja de Peguera,2025-08-05 14:00:00,167.0,249.62347
Platja de Peguera,2025-08-05 15:00:00,104.0,250.16234
Platja de Peguera,2025-08-05 16:00:00,38.0,243.2648
Platja de Peguera,2025-08-05 17:00:00,21.0,113.59307
Platja de Peguera,2025-08-05 18:00:00,225.0,157.07811
Platja de Peguera,2025-08-05 19:00:00,276.0,200.12433
Platja de Peguera,2025-08-05 20:00:00,348.0,260.48602
Platja de Peguera,2025-08-06 08:00:00,295.0,257.0732
Platja de Peguera,2025-08-06 09:00:00,318.0,289.73804
Platja de Peguera,2025-08-06 10:00:00,308.0,299.95117
Platja de Peguera,2025-08-06 11:00:00,287.0,248.2319
Platja de Peguera,2025-08-06 12:00:00,248.0,243.89163
Platja de Peguera,2025-08-06 13:00:00,183.0,193.69102
Platja de Peguera,2025-08-06 14:00:00,141.0,224.1819
Platja de Peguera,2025-08-06 15:00:00,127.0,208.9422
Platja de Peguera,2025-08-06 16:00:00,40.0,234.17793
Platja de Peguera,2025-08-06 17:00:00,20.0,118.99629
Platja de Peguera,2025-08-06 18:00:00,249.0,156.95497
Platja de Peguera,2025-08-06 19:00:00,263.0,190.90477
Platja de Peguera,2025-08-06 20:00:00,284.0,272.3522
Platja de Peguera,2025-08-07 08:00:00,278.0,273.77084
Platja de Peguera,2025-08-07 09:00:00,275.0,282.46054
Platja de Peguera,2025-08-07 10:00:00,282.0,278.10526
Platja de Peguera,2025-08-07 11:00:00,249.0,291.2015
Platja de Peguera,2025-08-07 12:00:00,222.0,298.39392
Platja de Peguera,2025-08-07 13:00:00,164.0,236.16026
Platja de Peguera,2025-08-07 14:00:00,102.0,259.14883
Platja de Peguera,2025-08-07 15:00:00,123.0,244.40884
Platja de Peguera,2025-08-07 16:00:00,24.0,236.33395
Platja de Peguera,2025-08-07 17:00:00,27.0,138.83032
Platja de Peguera,2025-08-07 18:00:00,184.0,160.44757
Platja de Peguera,2025-08-07 19:00:00,299.0,208.27214
Platja de Peguera,2025-08-07 20:00:00,325.0,268.4511
Platja de Peguera,2025-08-08 08:00:00,278.0,286.75967
Platja de Peguera,2025-08-08 09:00:00,307.0,285.38037
Platja de Peguera,2025-08-08 10:00:00,338.0,276.45993
Platja de Peguera,2025-08-08 11:00:00,291.0,268.45068
Platja de Peguera,2025-08-08 12:00:00,225.0,254.53706
Platja de Peguera,2025-08-08 13:00:00,223.0,204.29245
Platja de Peguera,2025-08-08 14:00:00,172.0,224.92548
Platja de Peguera,2025-08-08 15:00:00,150.0,255.97878
Platja de Peguera,2025-08-08 16:00:00,42.0,243.63966
Platja de Peguera,2025-08-08 17:00:00,28.0,134.01913
Platja de Peguera,2025-08-08 18:00:00,169.0,133.50786
Platja de Peguera,2025-08-08 19:00:00,274.0,175.9487
Platja de Peguera,2025-08-08 20:00:00,238.0,229.31999
Platja de Peguera,2025-08-09 08:00:00,262.0,231.48871
Platja de Peguera,2025-08-09 09:00:00,274.0,286.21677
Platja de Peguera,2025-08-09 10:00:00,240.0,272.95764
Platja de Peguera,2025-08-09 11:00:00,225.0,272.81726
Platja de Peguera,2025-08-09 12:00:00,215.0,267.62704
Platja de Peguera,2025-08-09 13:00:00,144.0,194.86534
Platja de Peguera,2025-08-09 14:00:00,100.0,208.021
Platja de Peguera,2025-08-09 15:00:00,119.0,204.6175
Platja de Peguera,2025-08-09 16:00:00,20.0,251.73743
Platja de Peguera,2025-08-09 17:00:00,19.0,102.60121
Platja de Peguera,2025-08-09 18:00:00,126.0,115.460976
Platja de Peguera,2025-08-09 19:00:00,144.0,128.80608
Platja de Peguera,2025-08-09 20:00:00,185.0,121.66373
Platja de Peguera,2025-08-10 08:00:00,135.0,152.0481
Platja de Peguera,2025-08-10 09:00:00,136.0,173.18271
Platja de Peguera,2025-08-10 10:00:00,244.0,255.56046
Platja de Peguera,2025-08-10 11:00:00,242.0,257.90958
Platja de Peguera,2025-08-10 12:00:00,175.0,251.11258
Platja de Peguera,2025-08-10 13:00:00,140.0,235.50105
Platja de Peguera,2025-08-10 14:00:00,103.0,247.62074
Platja de Peguera,2025-08-10 15:00:00,112.0,237.88475
Platja de Peguera,2025-08-10 16:00:00,24.0,199.47034
Platja de Peguera,2025-08-10 17:00:00,15.0,92.696304
Platja de Peguera,2025-08-10 18:00:00,204.0,165.1387
Platja de Peguera,2025-08-10 19:00:00,280.0,208.24142
Platja de Peguera,2025-08-10 20:00:00,259.0,224.01164
Platja de Peguera,2025-08-11 08:00:00,270.0,267.0492
Platja de Peguera,2025-08-11 09:00:00,138.0,272.23135
Platja de Peguera,2025-08-11 10:00:00,227.0,219.1666
Platja de Peguera,2025-08-11 11:00:00,205.0,282.09998
Platja de Peguera,2025-08-11 12:00:00,193.0,243.88132
Platja de Peguera,2025-08-11 13:00:00,134.0,186.60294
Platja de Peguera,2025-08-11 14:00:00,108.0,195.34808
Platja de Peguera,2025-08-11 15:00:00,130.0,162.16493
Platja de Peguera,2025-08-11 16:00:00,29.0,146.33957
Platja de Peguera,2025-08-11 17:00:00,22.0,50.599995
Platja de Peguera,2025-08-11 18:00:00,211.0,165.80803
Platja de Peguera,2025-08-11 19:00:00,258.0,212.60416
Platja de Peguera,2025-08-11 20:00:00,281.0,263.57465
Platja de Peguera,2025-08-12 08:00:00,221.0,249.66618
Platja de Peguera,2025-08-12 09:00:00,278.0,280.16724
Platja de Peguera,2025-08-12 10:00:00,314.0,290.10773
Platja de Peguera,2025-08-12 11:00:00,254.0,263.7453
Platja de Peguera,2025-08-12 12:00:00,230.0,250.49715
Platja de Peguera,2025-08-12 13:00:00,170.0,200.43979
Platja de Peguera,2025-08-12 14:00:00,137.0,200.49481
Platja de Peguera,2025-08-12 15:00:00,106.0,209.39903
Platja de Peguera,2025-08-12 16:00:00,32.0,202.62335
Platja de Peguera,2025-08-12 17:00:00,24.0,98.17377
Platja de Peguera,2025-08-12 18:00:00,167.0,180.41475
Platja de Peguera,2025-08-12 19:00:00,300.0,223.71863
Platja de Peguera,2025-08-12 20:00:00,273.0,266.27206
Platja de Peguera,2025-08-13 08:00:00,246.0,281.19196
Platja de Peguera,2025-08-13 09:00:00,288.0,257.64194
Platja de Peguera,2025-08-13 10:00:00,283.0,274.4083
Platja de Peguera,2025-08-13 11:00:00,221.0,254.57071
Platja de Peguera,2025-08-13 12:00:00,215.0,228.09995
Platja de Peguera,2025-08-13 13:00:00,160.0,202.01514
Platja de Peguera,2025-08-13 14:00:00,121.0,208.93681
Platja de Peguera,2025-08-13 15:00:00,114.0,181.38074
Platja de Peguera,2025-08-13 16:00:00,26.0,155.72421
Platja de Peguera,2025-08-13 17:00:00,20.0,94.258026
Platja de Peguera,2025-08-13 18:00:00,209.0,232.58224
Platja de Peguera,2025-08-13 19:00:00,290.0,198.04234
Platja de Peguera,2025-08-13 20:00:00,289.0,283.4196
Platja de Peguera,2025-08-14 08:00:00,313.0,264.23648
Platja de Peguera,2025-08-14 09:00:00,282.0,253.22789
Platja de Peguera,2025-08-14 10:00:00,279.0,254.9686
Platja de Peguera,2025-08-14 11:00:00,251.0,244.97575
Platja de Peguera,2025-08-14 12:00:00,222.0,277.2333
Platja de Peguera,2025-08-14 13:00:00,136.0,247.39578
Platja de Peguera,2025-08-14 14:00:00,76.0,238.65186
Platja de Peguera,2025-08-14 15:00:00,98.0,215.3135
Platja de Peguera,2025-08-14 16:00:00,20.0,188.6888
Platja de Peguera,2025-08-14 17:00:00,20.0,101.41135
Platja de Peguera,2025-08-14 18:00:00,181.0,186.31664
Platja de Peguera,2025-08-14 19:00:00,299.0,210.06502
Platja de Peguera,2025-08-14 20:00:00,347.0,262.7661
Platja de Peguera,2025-08-15 08:00:00,293.0,248.05302
Platja de Peguera,2025-08-15 09:00:00,296.0,299.07187
Platja de Peguera,2025-08-15 10:00:00,286.0,326.79648
Platja de Peguera,2025-08-15 11:00:00,241.0,299.71515
Platja de Peguera,2025-08-15 12:00:00,228.0,283.72647
Platja de Peguera,2025-08-15 13:00:00,170.0,260.8037
Platja de Peguera,2025-08-15 14:00:00,92.0,238.96132
Platja de Peguera,2025-08-15 15:00:00,138.0,209.36366
Platja de Peguera,2025-08-15 16:00:00,23.0,199.44896
Platja de Peguera,2025-08-15 17:00:00,21.0,112.0035
Platja de Peguera,2025-08-15 18:00:00,184.0,143.67557
Platja de Peguera,2025-08-15 19:00:00,209.0,171.78314
Platja de Peguera,2025-08-15 20:00:00,191.0,183.59229
Platja de Peguera,2025-08-16 08:00:00,177.0,214.4362
Platja de Peguera,2025-08-16 09:00:00,172.0,224.36078
Platja de Peguera,2025-08-16 10:00:00,256.0,273.47546
Platja de Peguera,2025-08-16 11:00:00,244.0,272.23846
Platja de Peguera,2025-08-16 12:00:00,183.0,274.01086
Platja de Peguera,2025-08-16 13:00:00,134.0,236.58565
Platja de Peguera,2025-08-16 14:00:00,88.0,249.45497
Platja de Peguera,2025-08-16 15:00:00,117.0,240.96701
Platja de Peguera,2025-08-16 16:00:00,37.0,210.77734
Platja de Peguera,2025-08-16 17:00:00,26.0,96.0537
Platja de Peguera,2025-08-16 18:00:00,197.0,128.64775
Platja de Peguera,2025-08-16 19:00:00,306.0,185.25676
Platja de Peguera,2025-08-16 20:00:00,322.0,224.45587
Platja de Peguera,2025-08-17 08:00:00,301.0,229.61665
Platja de Peguera,2025-08-17 09:00:00,279.0,244.51859
Platja de Peguera,2025-08-17 10:00:00,307.0,271.7035
Platja de Peguera,2025-08-17 11:00:00,307.0,244.3382
Platja de Peguera,2025-08-17 12:00:00,205.0,233.47223
Platja de Peguera,2025-08-17 13:00:00,165.0,192.62032
Platja de Peguera,2025-08-17 14:00:00,109.0,254.73029
Platja de Peguera,2025-08-17 15:00:00,94.0,242.04262
Platja de Peguera,2025-08-17 16:00:00,30.0,188.52081
Platja de Peguera,2025-08-17 17:00:00,22.0,132.30614
Platja de Peguera,2025-08-17 18:00:00,146.0,154.21837
Platja de Peguera,2025-08-17 19:00:00,55.0,214.36488
Platja de Peguera,2025-08-17 20:00:00,141.0,250.49243
Platja de Peguera,2025-08-18 08:00:00,248.0,256.51324
Platja de Peguera,2025-08-18 09:00:00,217.0,247.91025
Platja de Peguera,2025-08-18 10:00:00,264.0,279.57852
Platja de Peguera,2025-08-18 11:00:00,250.0,239.40027
Platja de Peguera,2025-08-18 12:00:00,204.0,248.14925
Platja de Peguera,2025-08-18 13:00:00,149.0,240.87419
Platja de Peguera,2025-08-18 14:00:00,82.0,216.81349
Platja de Peguera,2025-08-18 15:00:00,94.0,198.35265
Platja de Peguera,2025-08-18 16:00:00,32.0,167.08418
Platja de Peguera,2025-08-18 17:00:00,22.0,84.5041
Platja de Peguera,2025-08-18 18:00:00,97.0,140.74771
Platja de Peguera,2025-08-18 19:00:00,198.0,174.02582
Platja de Peguera,2025-08-18 20:00:00,258.0,194.24477
Platja de Peguera,2025-08-19 08:00:00,232.0,202.02031
Platja de Peguera,2025-08-19 09:00:00,218.0,256.17465
Platja de Peguera,2025-08-19 10:00:00,267.0,248.27278
Platja de Peguera,2025-08-19 11:00:00,264.0,236.46342
Platja de Peguera,2025-08-19 12:00:00,227.0,247.00247
Platja de Peguera,2025-08-19 13:00:00,177.0,216.07634
Platja de Peguera,2025-08-19 14:00:00,108.0,188.56921
Platja de Peguera,2025-08-19 15:00:00,139.0,136.36215
Platja de Peguera,2025-08-19 16:00:00,32.0,104.85243
Platja de Peguera,2025-08-19 17:00:00,23.0,49.869694
Platja de Peguera,2025-08-19 18:00:00,154.0,121.68609
Platja de Peguera,2025-08-19 19:00:00,254.0,132.24225
Platja de Peguera,2025-08-19 20:00:00,264.0,126.25682
Platja de Peguera,2025-08-20 08:00:00,257.0,143.61015
Platja de Peguera,2025-08-20 09:00:00,277.0,225.38892
Platja de Peguera,2025-08-20 10:00:00,223.0,244.8497
Platja de Peguera,2025-08-20 11:00:00,276.0,241.68951
Platja de Peguera,2025-08-20 12:00:00,212.0,240.11786
Platja de Peguera,2025-08-20 13:00:00,163.0,168.01367
Platja de Peguera,2025-08-20 14:00:00,127.0,130.31996
Platja de Peguera,2025-08-20 15:00:00,72.0,155.2952
Platja de Peguera,2025-08-20 16:00:00,29.0,185.68254
Platja de Peguera,2025-08-20 17:00:00,27.0,182.8678
Platja de Peguera,2025-08-20 18:00:00,143.0,167.73946
Platja de Peguera,2025-08-20 19:00:00,279.0,222.69246
Platja de Peguera,2025-08-20 20:00:00,302.0,201.40027
Platja de Peguera,2025-08-21 08:00:00,294.0,186.41533
Platja de Peguera,2025-08-21 09:00:00,211.0,205.47908
Platja de Peguera,2025-08-21 10:00:00,260.0,209.76434
Platja de Peguera,2025-08-21 11:00:00,250.0,222.24712
Platja de Peguera,2025-08-21 12:00:00,235.0,235.8662
Platja de Peguera,2025-08-21 13:00:00,220.0,192.89911
Platja de Peguera,2025-08-21 14:00:00,121.0,180.30966
Platja de Peguera,2025-08-21 15:00:00,94.0,167.21988
Platja de Peguera,2025-08-21 16:00:00,33.0,162.37238
Platja de Peguera,2025-08-21 17:00:00,20.0,90.845726
Platja de Peguera,2025-08-21 18:00:00,206.0,177.04156
Platja de Peguera,2025-08-21 19:00:00,260.0,217.38863
Platja de Peguera,2025-08-21 20:00:00,257.0,263.13086
Platja de Peguera,2025-08-22 08:00:00,318.0,254.54198
Platja de Peguera,2025-08-22 09:00:00,247.0,269.15805
Platja de Peguera,2025-08-22 10:00:00,263.0,270.42975
Platja de Peguera,2025-08-22 11:00:00,289.0,272.3176
Platja de Peguera,2025-08-22 12:00:00,273.0,258.7479
Platja de Peguera,2025-08-22 13:00:00,190.0,185.87296
Platja de Peguera,2025-08-22 14:00:00,125.0,146.69388
Platja de Peguera,2025-08-22 15:00:00,100.0,154.15526
Platja de Peguera,2025-08-22 16:00:00,31.0,161.36732
Platja de Peguera,2025-08-22 17:00:00,22.0,94.87687
Platja de Peguera,2025-08-22 18:00:00,182.0,175.92073
Platja de Peguera,2025-08-22 19:00:00,217.0,206.25406
Platja de Peguera,2025-08-22 20:00:00,220.0,233.7127
Platja de Peguera,2025-08-23 08:00:00,250.0,215.35953
Platja de Peguera,2025-08-23 09:00:00,262.0,232.08301
Platja de Peguera,2025-08-23 10:00:00,287.0,247.36092
Platja de Peguera,2025-08-23 11:00:00,257.0,232.07516
Platja de Peguera,2025-08-23 12:00:00,217.0,203.01291
Platja de Peguera,2025-08-23 13:00:00,163.0,140.79256
Platja de Peguera,2025-08-23 14:00:00,94.0,143.32109
Platja de Peguera,2025-08-23 15:00:00,93.0,183.63661
Platja de Peguera,2025-08-23 16:00:00,31.0,149.09216
Platja de Peguera,2025-08-23 17:00:00,26.0,92.297264
Platja de Peguera,2025-08-23 18:00:00,125.0,171.82532
Platja de Peguera,2025-08-23 19:00:00,218.0,171.92319
Platja de Peguera,2025-08-23 20:00:00,209.0,217.18306
Platja de Peguera,2025-08-24 08:00:00,204.0,229.51463
Platja de Peguera,2025-08-24 09:00:00,221.0,236.99934
Platja de Peguera,2025-08-24 10:00:00,219.0,229.76282
Platja de Peguera,2025-08-24 11:00:00,243.0,213.01491
Platja de Peguera,2025-08-24 12:00:00,197.0,182.55916
Platja de Peguera,2025-08-24 13:00:00,134.0,157.9856
Platja de Peguera,2025-08-24 14:00:00,72.0,151.89847
Platja de Peguera,2025-08-24 15:00:00,186.0,155.44858
Platja de Peguera,2025-08-24 16:00:00,36.0,158.34552
Platja de Peguera,2025-08-24 17:00:00,18.0,70.27697
Platja de Peguera,2025-08-24 18:00:00,100.0,172.78082
Platja de Peguera,2025-08-24 19:00:00,283.0,213.34741
Platja de Peguera,2025-08-24 20:00:00,283.0,253.79286
Platja de Peguera,2025-08-25 08:00:00,238.0,245.6539
Platja de Peguera,2025-08-25 09:00:00,261.0,248.88889
Platja de Peguera,2025-08-25 10:00:00,278.0,251.80269
Platja de Peguera,2025-08-25 11:00:00,262.0,241.75037
Platja de Peguera,2025-08-25 12:00:00,227.0,225.81985
Platja de Peguera,2025-08-25 13:00:00,150.0,159.15941
Platja de Peguera,2025-08-25 14:00:00,78.0,99.08649
Platja de Peguera,2025-08-25 15:00:00,60.0,109.99738
Platja de Peguera,2025-08-25 16:00:00,35.0,93.66955
Platja de Peguera,2025-08-25 17:00:00,31.0,72.06662
Platja de Peguera,2025-08-25 18:00:00,187.0,152.29324
Platja de Peguera,2025-08-25 19:00:00,285.0,200.58809
Platja de Peguera,2025-08-25 20:00:00,260.0,242.68352
Platja de Peguera,2025-08-26 08:00:00,273.0,222.57558
Platja de Peguera,2025-08-26 09:00:00,275.0,243.771
Platja de Peguera,2025-08-26 10:00:00,289.0,229.543
Platja de Peguera,2025-08-26 11:00:00,252.0,230.62617
Platja de Peguera,2025-08-26 12:00:00,209.0,211.45091
Platja de Peguera,2025-08-26 13:00:00,138.0,142.6172
Platja de Peguera,2025-08-26 14:00:00,74.0,102.113785
Platja de Peguera,2025-08-26 15:00:00,95.0,176.68593
Platja de Peguera,2025-08-26 16:00:00,33.0,146.55557
Platja de Peguera,2025-08-26 17:00:00,30.0,78.52752
Platja de Peguera,2025-08-26 18:00:00,147.0,177.4668
Platja de Peguera,2025-08-26 19:00:00,249.0,221.65363
Platja de Peguera,2025-08-26 20:00:00,277.0,231.34227
Platja de Peguera,2025-08-27 08:00:00,273.0,260.5857
Platja de Peguera,2025-08-27 09:00:00,259.0,249.06924
Platja de Peguera,2025-08-27 10:00:00,254.0,250.54207
Platja de Peguera,2025-08-27 11:00:00,223.0,239.9786
Platja de Peguera,2025-08-27 12:00:00,181.0,223.5864
Platja de Peguera,2025-08-27 13:00:00,117.0,168.12164
Platja de Peguera,2025-08-27 14:00:00,55.0,120.41676
Platja de Peguera,2025-08-27 15:00:00,104.0,102.72939
Platja de Peguera,2025-08-27 16:00:00,28.0,65.10049
Platja de Peguera,2025-08-27 17:00:00,27.0,55.826252
Platja de Peguera,2025-08-27 18:00:00,201.0,137.82346
Platja de Peguera,2025-08-27 19:00:00,272.0,179.39658
Platja de Peguera,2025-08-27 20:00:00,289.0,198.79198
Platja de Peguera,2025-08-28 08:00:00,297.0,202.34523
Platja de Peguera,2025-08-28 09:00:00,302.0,204.78596
Platja de Peguera,2025-08-28 10:00:00,272.0,240.60074
Platja de Peguera,2025-08-28 11:00:00,283.0,224.84622
Platja de Peguera,2025-08-28 12:00:00,193.0,212.33296
Platja de Peguera,2025-08-28 13:00:00,120.0,186.04112
Platja de Peguera,2025-08-28 14:00:00,90.0,144.00143
Platja de Peguera,2025-08-28 15:00:00,119.0,133.39862
Platja de Peguera,2025-08-28 16:00:00,25.0,108.34666
Platja de Peguera,2025-08-28 17:00:00,13.0,88.14771
Platja de Peguera,2025-08-28 18:00:00,198.0,153.69754
Platja de Peguera,2025-08-28 19:00:00,192.0,168.40157
Platja de Peguera,2025-08-28 20:00:00,309.0,207.03246
Platja de Peguera,2025-08-29 08:00:00,240.0,249.89534
Platja de Peguera,2025-08-29 09:00:00,172.0,199.19179
Platja de Peguera,2025-08-29 10:00:00,242.0,201.1041
Platja de Peguera,2025-08-29 11:00:00,277.0,139.35878
Platja de Peguera,2025-08-29 12:00:00,184.0,159.2843
Platja de Peguera,2025-08-29 13:00:00,108.0,117.14501
Platja de Peguera,2025-08-29 14:00:00,78.0,111.55842
Platja de Peguera,2025-08-29 15:00:00,127.0,121.94888
Platja de Peguera,2025-08-29 16:00:00,30.0,70.060715
Platja de Peguera,2025-08-29 17:00:00,31.0,64.37233
Platja de Peguera,2025-08-29 18:00:00,104.0,157.44969
Platja de Peguera,2025-08-29 19:00:00,114.0,189.25175
Platja de Peguera,2025-08-29 20:00:00,200.0,212.64537
Platja de Peguera,2025-08-30 08:00:00,243.0,225.12984
Platja de Peguera,2025-08-30 09:00:00,215.0,237.35371
Platja de Peguera,2025-08-30 10:00:00,182.0,251.12508
Platja de Peguera,2025-08-30 11:00:00,261.0,209.97086
Platja de Peguera,2025-08-30 12:00:00,169.0,177.87288
Platja de Peguera,2025-08-30 13:00:00,101.0,183.0637
Platja de Peguera,2025-08-30 14:00:00,55.0,137.10983
Platja de Peguera,2025-08-30 15:00:00,112.0,112.16583
Platja de Peguera,2025-08-30 16:00:00,13.0,50.724197
Platja de Peguera,2025-08-30 17:00:00,18.0,117.65001
Platja de Peguera,2025-08-30 18:00:00,67.0,127.670654
Platja de Peguera,2025-08-30 19:00:00,37.0,156.02715
Platja de Peguera,2025-08-30 20:00:00,58.0,100.69883
Portals Vells,2025-06-01 08:00:00,51.0,67.55112
Portals Vells,2025-06-01 09:00:00,59.0,62.924877
Portals Vells,2025-06-01 10:00:00,37.0,64.14176
Portals Vells,2025-06-01 11:00:00,46.0,66.49722
Portals Vells,2025-06-01 12:00:00,35.0,67.55709
Portals Vells,2025-06-01 13:00:00,31.0,56.07499
Portals Vells,2025-06-01 14:00:00,29.0,44.72274
Portals Vells,2025-06-01 15:00:00,27.0,42.237743
Portals Vells,2025-06-01 16:00:00,17.0,40.832417
Portals Vells,2025-06-01 17:00:00,6.0,15.314876
Portals Vells,2025-06-01 18:00:00,31.0,58.06708
Portals Vells,2025-06-01 19:00:00,26.0,75.583015
Portals Vells,2025-06-01 20:00:00,34.0,74.545876
Portals Vells,2025-06-02 08:00:00,48.0,68.9387
Portals Vells,2025-06-02 09:00:00,31.0,65.10062
Portals Vells,2025-06-02 10:00:00,49.0,52.120964
Portals Vells,2025-06-02 11:00:00,61.0,63.93609
Portals Vells,2025-06-02 12:00:00,32.0,55.155136
Portals Vells,2025-06-02 13:00:00,27.0,50.629364
Portals Vells,2025-06-02 14:00:00,19.0,46.442295
Portals Vells,2025-06-02 15:00:00,22.0,40.62598
Portals Vells,2025-06-02 16:00:00,16.0,38.367283
Portals Vells,2025-06-02 17:00:00,7.0,17.362507
Portals Vells,2025-06-02 18:00:00,26.0,51.060085
Portals Vells,2025-06-02 19:00:00,30.0,73.67569
Portals Vells,2025-06-02 20:00:00,50.0,76.03254
Portals Vells,2025-06-03 08:00:00,45.0,68.3662
Portals Vells,2025-06-03 09:00:00,41.0,60.5519
Portals Vells,2025-06-03 10:00:00,27.0,64.39112
Portals Vells,2025-06-03 11:00:00,19.0,59.102062
Portals Vells,2025-06-03 12:00:00,30.0,52.79758
Portals Vells,2025-06-03 13:00:00,16.0,43.4491
Portals Vells,2025-06-03 14:00:00,17.0,33.691383
Portals Vells,2025-06-03 15:00:00,17.0,29.025995
Portals Vells,2025-06-03 16:00:00,13.0,27.472218
Portals Vells,2025-06-03 17:00:00,7.0,15.071217
Portals Vells,2025-06-03 18:00:00,22.0,52.251774
Portals Vells,2025-06-03 19:00:00,26.0,62.009754
Portals Vells,2025-06-03 20:00:00,32.0,53.23402
Portals Vells,2025-06-04 08:00:00,32.0,52.63811
Portals Vells,2025-06-04 09:00:00,32.0,32.434395
Portals Vells,2025-06-04 10:00:00,31.0,45.270466
Portals Vells,2025-06-04 11:00:00,22.0,43.349453
Portals Vells,2025-06-04 12:00:00,24.0,44.697628
Portals Vells,2025-06-04 13:00:00,29.0,31.980133
Portals Vells,2025-06-04 14:00:00,13.0,25.543545
Portals Vells,2025-06-04 15:00:00,14.0,24.767471
Portals Vells,2025-06-04 16:00:00,11.0,19.944092
Portals Vells,2025-06-04 17:00:00,6.0,14.749769
Portals Vells,2025-06-04 18:00:00,28.0,39.761864
Portals Vells,2025-06-04 19:00:00,45.0,68.843704
Portals Vells,2025-06-04 20:00:00,48.0,51.95502
Portals Vells,2025-06-05 08:00:00,72.0,57.857475
Portals Vells,2025-06-05 09:00:00,62.0,47.841816
Portals Vells,2025-06-05 10:00:00,68.0,55.57286
Portals Vells,2025-06-05 11:00:00,57.0,46.05074
Portals Vells,2025-06-05 12:00:00,43.0,48.04303
Portals Vells,2025-06-05 13:00:00,32.0,38.365616
Portals Vells,2025-06-05 14:00:00,38.0,26.843288
Portals Vells,2025-06-05 15:00:00,40.0,26.07458
Portals Vells,2025-06-05 16:00:00,16.0,26.436455
Portals Vells,2025-06-05 17:00:00,7.0,20.163502
Portals Vells,2025-06-05 18:00:00,36.0,44.253185
Portals Vells,2025-06-05 19:00:00,42.0,53.287888
Portals Vells,2025-06-05 20:00:00,71.0,72.38731
Portals Vells,2025-06-06 08:00:00,55.0,66.77808
Portals Vells,2025-06-06 09:00:00,66.0,59.572918
Portals Vells,2025-06-06 10:00:00,63.0,58.803223
Portals Vells,2025-06-06 11:00:00,56.0,63.48599
Portals Vells,2025-06-06 12:00:00,44.0,54.907047
Portals Vells,2025-06-06 13:00:00,31.0,46.80996
Portals Vells,2025-06-06 14:00:00,23.0,37.41509
Portals Vells,2025-06-06 15:00:00,13.0,32.030506
Portals Vells,2025-06-06 16:00:00,10.0,33.85214
Portals Vells,2025-06-06 17:00:00,8.0,26.059223
Portals Vells,2025-06-06 18:00:00,20.0,44.76302
Portals Vells,2025-06-06 19:00:00,29.0,56.030712
Portals Vells,2025-06-06 20:00:00,28.0,50.68306
Portals Vells,2025-06-07 08:00:00,36.0,54.512714
Portals Vells,2025-06-07 09:00:00,30.0,42.220516
Portals Vells,2025-06-07 10:00:00,61.0,43.375526
Portals Vells,2025-06-07 11:00:00,29.0,45.86579
Portals Vells,2025-06-07 12:00:00,35.0,45.874836
Portals Vells,2025-06-07 13:00:00,20.0,41.02899
Portals Vells,2025-06-07 14:00:00,17.0,34.15486
Portals Vells,2025-06-07 15:00:00,19.0,30.778612
Portals Vells,2025-06-07 16:00:00,15.0,32.613163
Portals Vells,2025-06-07 17:00:00,7.0,21.737251
Portals Vells,2025-06-07 18:00:00,31.0,42.916134
Portals Vells,2025-06-07 19:00:00,40.0,52.116398
Portals Vells,2025-06-07 20:00:00,62.0,51.758236
Portals Vells,2025-06-08 08:00:00,36.0,54.064034
Portals Vells,2025-06-08 09:00:00,37.0,47.33127
Portals Vells,2025-06-08 10:00:00,52.0,52.569466
Portals Vells,2025-06-08 11:00:00,41.0,52.487236
Portals Vells,2025-06-08 12:00:00,45.0,56.07316
Portals Vells,2025-06-08 13:00:00,34.0,50.46422
Portals Vells,2025-06-08 14:00:00,22.0,44.378933
Portals Vells,2025-06-08 15:00:00,30.0,36.153236
Portals Vells,2025-06-08 16:00:00,29.0,37.631607
Portals Vells,2025-06-08 17:00:00,7.0,21.120626
Portals Vells,2025-06-08 18:00:00,30.0,57.336304
Portals Vells,2025-06-08 19:00:00,44.0,64.68679
Portals Vells,2025-06-08 20:00:00,60.0,73.54116
Portals Vells,2025-06-09 08:00:00,46.0,66.81975
Portals Vells,2025-06-09 09:00:00,34.0,65.602715
Portals Vells,2025-06-09 10:00:00,38.0,58.41174
Portals Vells,2025-06-09 11:00:00,39.0,65.328705
Portals Vells,2025-06-09 12:00:00,47.0,65.3763
Portals Vells,2025-06-09 13:00:00,39.0,53.538975
Portals Vells,2025-06-09 14:00:00,38.0,45.39428
Portals Vells,2025-06-09 15:00:00,24.0,39.698692
Portals Vells,2025-06-09 16:00:00,23.0,36.654472
Portals Vells,2025-06-09 17:00:00,7.0,22.408686
Portals Vells,2025-06-09 18:00:00,42.0,56.059666
Portals Vells,2025-06-09 19:00:00,32.0,64.41596
Portals Vells,2025-06-09 20:00:00,52.0,64.29342
Portals Vells,2025-06-10 08:00:00,44.0,65.496925
Portals Vells,2025-06-10 09:00:00,50.0,62.953194
Portals Vells,2025-06-10 10:00:00,48.0,64.89091
Portals Vells,2025-06-10 11:00:00,45.0,62.222183
Portals Vells,2025-06-10 12:00:00,34.0,59.629364
Portals Vells,2025-06-10 13:00:00,41.0,57.666386
Portals Vells,2025-06-10 14:00:00,29.0,46.554314
Portals Vells,2025-06-10 15:00:00,18.0,40.842052
Portals Vells,2025-06-10 16:00:00,22.0,37.572865
Portals Vells,2025-06-10 17:00:00,6.0,25.54027
Portals Vells,2025-06-10 18:00:00,29.0,53.404026
Portals Vells,2025-06-10 19:00:00,46.0,60.698456
Portals Vells,2025-06-10 20:00:00,59.0,64.21435
Portals Vells,2025-06-11 08:00:00,57.0,63.23823
Portals Vells,2025-06-11 09:00:00,42.0,57.294346
Portals Vells,2025-06-11 10:00:00,40.0,53.866287
Portals Vells,2025-06-11 11:00:00,40.0,55.571
Portals Vells,2025-06-11 12:00:00,36.0,58.03825
Portals Vells,2025-06-11 13:00:00,25.0,49.06405
Portals Vells,2025-06-11 14:00:00,30.0,34.400475
Portals Vells,2025-06-11 15:00:00,23.0,33.748695
Portals Vells,2025-06-11 16:00:00,23.0,31.80804
Portals Vells,2025-06-11 17:00:00,6.0,22.028572
Portals Vells,2025-06-11 18:00:00,35.0,45.453697
Portals Vells,2025-06-11 19:00:00,55.0,63.338737
Portals Vells,2025-06-11 20:00:00,85.0,64.94177
Portals Vells,2025-06-12 08:00:00,95.0,66.481285
Portals Vells,2025-06-12 09:00:00,77.0,57.007046
Portals Vells,2025-06-12 10:00:00,79.0,56.77742
Portals Vells,2025-06-12 11:00:00,91.0,57.605278
Portals Vells,2025-06-12 12:00:00,91.0,56.55757
Portals Vells,2025-06-12 13:00:00,59.0,47.65031
Portals Vells,2025-06-12 14:00:00,62.0,34.894573
Portals Vells,2025-06-12 15:00:00,32.0,30.167377
Portals Vells,2025-06-12 16:00:00,33.0,26.41988
Portals Vells,2025-06-12 17:00:00,9.0,19.818876
Portals Vells,2025-06-12 18:00:00,22.0,44.88729
Portals Vells,2025-06-12 19:00:00,35.0,70.33725
Portals Vells,2025-06-12 20:00:00,71.0,79.5012
Portals Vells,2025-06-13 08:00:00,80.0,75.64831
Portals Vells,2025-06-13 09:00:00,76.0,64.01521
Portals Vells,2025-06-13 10:00:00,85.0,58.089996
Portals Vells,2025-06-13 11:00:00,85.0,59.719543
Portals Vells,2025-06-13 12:00:00,87.0,51.301273
Portals Vells,2025-06-13 13:00:00,53.0,39.712402
Portals Vells,2025-06-13 14:00:00,39.0,30.417328
Portals Vells,2025-06-13 15:00:00,26.0,26.073746
Portals Vells,2025-06-13 16:00:00,19.0,25.533352
Portals Vells,2025-06-13 17:00:00,8.0,19.897524
Portals Vells,2025-06-13 18:00:00,28.0,32.083397
Portals Vells,2025-06-13 19:00:00,42.0,47.947735
Portals Vells,2025-06-13 20:00:00,40.0,46.596382
Portals Vells,2025-06-14 08:00:00,61.0,46.369816
Portals Vells,2025-06-14 09:00:00,44.0,37.74103
Portals Vells,2025-06-14 10:00:00,25.0,39.38952
Portals Vells,2025-06-14 11:00:00,35.0,38.88881
Portals Vells,2025-06-14 12:00:00,42.0,37.19653
Portals Vells,2025-06-14 13:00:00,33.0,33.480663
Portals Vells,2025-06-14 14:00:00,35.0,26.962831
Portals Vells,2025-06-14 15:00:00,19.0,23.651588
Portals Vells,2025-06-14 16:00:00,15.0,23.929438
Portals Vells,2025-06-14 17:00:00,7.0,15.191852
Portals Vells,2025-06-14 18:00:00,20.0,33.86105
Portals Vells,2025-06-14 19:00:00,28.0,44.261585
Portals Vells,2025-06-14 20:00:00,40.0,49.239426
Portals Vells,2025-06-15 08:00:00,58.0,52.78083
Portals Vells,2025-06-15 09:00:00,49.0,40.32007
Portals Vells,2025-06-15 10:00:00,52.0,41.607494
Portals Vells,2025-06-15 11:00:00,48.0,40.71922
Portals Vells,2025-06-15 12:00:00,60.0,42.978905
Portals Vells,2025-06-15 13:00:00,47.0,41.65718
Portals Vells,2025-06-15 14:00:00,50.0,33.322754
Portals Vells,2025-06-15 15:00:00,21.0,30.927309
Portals Vells,2025-06-15 16:00:00,21.0,30.088337
Portals Vells,2025-06-15 17:00:00,7.0,21.537926
Portals Vells,2025-06-15 18:00:00,20.0,40.50585
Portals Vells,2025-06-15 19:00:00,29.0,71.77543
Portals Vells,2025-06-15 20:00:00,44.0,62.72887
Portals Vells,2025-06-16 08:00:00,39.0,55.760468
Portals Vells,2025-06-16 09:00:00,30.0,43.781193
Portals Vells,2025-06-16 10:00:00,47.0,50.72616
Portals Vells,2025-06-16 11:00:00,53.0,50.590836
Portals Vells,2025-06-16 12:00:00,38.0,44.875813
Portals Vells,2025-06-16 13:00:00,19.0,42.58468
Portals Vells,2025-06-16 14:00:00,18.0,38.933662
Portals Vells,2025-06-16 15:00:00,28.0,34.19058
Portals Vells,2025-06-16 16:00:00,19.0,29.66786
Portals Vells,2025-06-16 17:00:00,7.0,22.338844
Portals Vells,2025-06-16 18:00:00,30.0,39.070316
Portals Vells,2025-06-16 19:00:00,32.0,42.76579
Portals Vells,2025-06-16 20:00:00,58.0,52.062416
Portals Vells,2025-06-17 08:00:00,67.0,63.772842
Portals Vells,2025-06-17 09:00:00,49.0,47.322968
Portals Vells,2025-06-17 10:00:00,52.0,38.116463
Portals Vells,2025-06-17 11:00:00,66.0,47.25898
Portals Vells,2025-06-17 12:00:00,47.0,38.125244
Portals Vells,2025-06-17 13:00:00,62.0,38.532913
Portals Vells,2025-06-17 14:00:00,39.0,29.865482
Portals Vells,2025-06-17 15:00:00,31.0,33.68527
Portals Vells,2025-06-17 16:00:00,21.0,31.17407
Portals Vells,2025-06-17 17:00:00,6.0,23.073648
Portals Vells,2025-06-17 18:00:00,24.0,39.12312
Portals Vells,2025-06-17 19:00:00,35.0,46.323235
Portals Vells,2025-06-17 20:00:00,60.0,45.22177
Portals Vells,2025-06-18 08:00:00,63.0,53.750587
Portals Vells,2025-06-18 09:00:00,62.0,44.997974
Portals Vells,2025-06-18 10:00:00,31.0,45.747524
Portals Vells,2025-06-18 11:00:00,36.0,43.537636
Portals Vells,2025-06-18 12:00:00,39.0,41.598927
Portals Vells,2025-06-18 13:00:00,39.0,40.853252
Portals Vells,2025-06-18 14:00:00,37.0,32.122265
Portals Vells,2025-06-18 15:00:00,29.0,28.691715
Portals Vells,2025-06-18 16:00:00,20.0,27.87901
Portals Vells,2025-06-18 17:00:00,8.0,20.901402
Portals Vells,2025-06-18 18:00:00,25.0,33.55605
Portals Vells,2025-06-18 19:00:00,37.0,50.22146
Portals Vells,2025-06-18 20:00:00,56.0,49.33322
Portals Vells,2025-06-19 08:00:00,65.0,61.67185
Portals Vells,2025-06-19 09:00:00,54.0,52.9344
Portals Vells,2025-06-19 10:00:00,59.0,54.80076
Portals Vells,2025-06-19 11:00:00,69.0,51.971085
Portals Vells,2025-06-19 12:00:00,52.0,48.52522
Portals Vells,2025-06-19 13:00:00,46.0,47.216843
Portals Vells,2025-06-19 14:00:00,43.0,38.036304
Portals Vells,2025-06-19 15:00:00,32.0,34.72024
Portals Vells,2025-06-19 16:00:00,13.0,34.247814
Portals Vells,2025-06-19 17:00:00,10.0,26.714502
Portals Vells,2025-06-19 18:00:00,34.0,48.258656
Portals Vells,2025-06-19 19:00:00,61.0,54.938602
Portals Vells,2025-06-19 20:00:00,81.0,59.540245
Portals Vells,2025-06-20 08:00:00,84.0,69.97212
Portals Vells,2025-06-20 09:00:00,71.0,62.487354
Portals Vells,2025-06-20 10:00:00,63.0,66.30983
Portals Vells,2025-06-20 11:00:00,83.0,65.64626
Portals Vells,2025-06-20 12:00:00,57.0,56.025127
Portals Vells,2025-06-20 13:00:00,68.0,44.05452
Portals Vells,2025-06-20 14:00:00,63.0,38.76873
Portals Vells,2025-06-20 15:00:00,41.0,38.3779
Portals Vells,2025-06-20 16:00:00,20.0,37.22852
Portals Vells,2025-06-20 17:00:00,6.0,27.838171
Portals Vells,2025-06-20 18:00:00,35.0,38.592438
Portals Vells,2025-06-20 19:00:00,38.0,45.82346
Portals Vells,2025-06-20 20:00:00,50.0,47.6766
Portals Vells,2025-06-21 08:00:00,45.0,55.552887
Portals Vells,2025-06-21 09:00:00,45.0,42.08769
Portals Vells,2025-06-21 10:00:00,32.0,43.710026
Portals Vells,2025-06-21 11:00:00,47.0,45.392113
Portals Vells,2025-06-21 12:00:00,47.0,52.229702
Portals Vells,2025-06-21 13:00:00,24.0,37.702255
Portals Vells,2025-06-21 14:00:00,18.0,34.120583
Portals Vells,2025-06-21 15:00:00,15.0,34.411755
Portals Vells,2025-06-21 16:00:00,7.0,17.140194
Portals Vells,2025-06-21 17:00:00,37.0,35.112534
Portals Vells,2025-06-21 18:00:00,35.0,43.566246
Portals Vells,2025-06-21 19:00:00,50.0,52.515934
Portals Vells,2025-06-21 20:00:00,60.0,55.740585
Portals Vells,2025-06-22 08:00:00,48.0,58.372322
Portals Vells,2025-06-22 09:00:00,33.0,57.327694
Portals Vells,2025-06-22 10:00:00,45.0,49.24671
Portals Vells,2025-06-22 11:00:00,53.0,49.043808
Portals Vells,2025-06-22 12:00:00,43.0,44.363964
Portals Vells,2025-06-22 13:00:00,31.0,42.10924
Portals Vells,2025-06-22 14:00:00,19.0,35.812572
Portals Vells,2025-06-22 15:00:00,18.0,35.768967
Portals Vells,2025-06-22 16:00:00,6.0,31.970192
Portals Vells,2025-06-22 17:00:00,38.0,39.837486
Portals Vells,2025-06-22 18:00:00,39.0,53.41361
Portals Vells,2025-06-22 19:00:00,43.0,62.94452
Portals Vells,2025-06-22 20:00:00,67.0,64.35742
Portals Vells,2025-06-23 08:00:00,34.0,59.347748
Portals Vells,2025-06-23 09:00:00,35.0,53.41638
Portals Vells,2025-06-23 10:00:00,63.0,55.113747
Portals Vells,2025-06-23 11:00:00,45.0,49.876545
Portals Vells,2025-06-23 12:00:00,42.0,46.851475
Portals Vells,2025-06-23 13:00:00,47.0,43.594658
Portals Vells,2025-06-23 14:00:00,18.0,38.356632
Portals Vells,2025-06-23 15:00:00,22.0,37.167683
Portals Vells,2025-06-23 16:00:00,6.0,23.643991
Portals Vells,2025-06-23 17:00:00,30.0,37.793785
Portals Vells,2025-06-23 18:00:00,44.0,51.650345
Portals Vells,2025-06-23 19:00:00,46.0,60.698677
Portals Vells,2025-06-23 20:00:00,57.0,57.237648
Portals Vells,2025-06-24 08:00:00,59.0,64.514084
Portals Vells,2025-06-24 09:00:00,55.0,52.475834
Portals Vells,2025-06-24 10:00:00,54.0,51.06706
Portals Vells,2025-06-24 11:00:00,51.0,48.597214
Portals Vells,2025-06-24 12:00:00,41.0,44.09308
Portals Vells,2025-06-24 13:00:00,40.0,38.65014
Portals Vells,2025-06-24 14:00:00,24.0,34.274616
Portals Vells,2025-06-24 15:00:00,14.0,32.450047
Portals Vells,2025-06-24 16:00:00,6.0,17.566843
Portals Vells,2025-06-24 17:00:00,31.0,30.703074
Portals Vells,2025-06-24 18:00:00,34.0,42.825607
Portals Vells,2025-06-24 19:00:00,46.0,46.18323
Portals Vells,2025-06-24 20:00:00,47.0,45.00779
Portals Vells,2025-06-25 08:00:00,59.0,49.308743
Portals Vells,2025-06-25 09:00:00,66.0,41.987602
Portals Vells,2025-06-25 10:00:00,56.0,45.621216
Portals Vells,2025-06-25 11:00:00,53.0,40.9896
Portals Vells,2025-06-25 12:00:00,40.0,36.56236
Portals Vells,2025-06-25 13:00:00,45.0,34.38857
Portals Vells,2025-06-25 14:00:00,23.0,29.660187
Portals Vells,2025-06-25 15:00:00,12.0,28.968239
Portals Vells,2025-06-25 16:00:00,8.0,21.116583
Portals Vells,2025-06-25 17:00:00,37.0,26.869326
Portals Vells,2025-06-25 18:00:00,63.0,36.114494
Portals Vells,2025-06-25 19:00:00,84.0,41.88669
Portals Vells,2025-06-25 20:00:00,82.0,45.89076
Portals Vells,2025-06-26 08:00:00,65.0,52.174015
Portals Vells,2025-06-26 09:00:00,65.0,41.33037
Portals Vells,2025-06-26 10:00:00,43.0,45.43531
Portals Vells,2025-06-26 11:00:00,65.0,34.947662
Portals Vells,2025-06-26 12:00:00,62.0,37.947712
Portals Vells,2025-06-26 13:00:00,56.0,35.221355
Portals Vells,2025-06-26 14:00:00,33.0,30.662336
Portals Vells,2025-06-26 15:00:00,28.0,24.589935
Portals Vells,2025-06-26 16:00:00,7.0,20.806622
Portals Vells,2025-06-26 17:00:00,30.0,23.961811
Portals Vells,2025-06-26 18:00:00,48.0,36.212856
Portals Vells,2025-06-26 19:00:00,66.0,46.820995
Portals Vells,2025-06-26 20:00:00,82.0,53.07402
Portals Vells,2025-06-27 08:00:00,68.0,59.06879
Portals Vells,2025-06-27 09:00:00,91.0,54.95131
Portals Vells,2025-06-27 10:00:00,83.0,54.191914
Portals Vells,2025-06-27 11:00:00,62.0,51.611916
Portals Vells,2025-06-27 12:00:00,88.0,45.775085
Portals Vells,2025-06-27 13:00:00,72.0,40.918518
Portals Vells,2025-06-27 14:00:00,49.0,34.683613
Portals Vells,2025-06-27 15:00:00,24.0,32.64684
Portals Vells,2025-06-27 16:00:00,7.0,23.925491
Portals Vells,2025-06-27 17:00:00,33.0,27.408186
Portals Vells,2025-06-27 18:00:00,31.0,41.018192
Portals Vells,2025-06-27 19:00:00,42.0,41.998703
Portals Vells,2025-06-27 20:00:00,57.0,44.8409
Portals Vells,2025-06-28 08:00:00,70.0,50.43644
Portals Vells,2025-06-28 09:00:00,78.0,42.819363
Portals Vells,2025-06-28 10:00:00,47.0,43.960423
Portals Vells,2025-06-28 11:00:00,42.0,39.679676
Portals Vells,2025-06-28 12:00:00,40.0,37.05126
Portals Vells,2025-06-28 13:00:00,23.0,35.647575
Portals Vells,2025-06-28 14:00:00,28.0,32.29474
Portals Vells,2025-06-28 15:00:00,17.0,30.462624
Portals Vells,2025-06-28 16:00:00,6.0,20.928272
Portals Vells,2025-06-28 17:00:00,24.0,26.855227
Portals Vells,2025-06-28 18:00:00,18.0,26.504084
Portals Vells,2025-06-28 19:00:00,18.0,26.352135
Portals Vells,2025-06-28 20:00:00,14.0,29.504099
Portals Vells,2025-06-29 08:00:00,11.0,38.795288
Portals Vells,2025-06-29 09:00:00,29.0,50.11018
Portals Vells,2025-06-29 10:00:00,32.0,48.50497
Portals Vells,2025-06-29 11:00:00,23.0,45.11461
Portals Vells,2025-06-29 12:00:00,25.0,40.0349
Portals Vells,2025-06-29 13:00:00,30.0,40.58831
Portals Vells,2025-06-29 14:00:00,20.0,35.90159
Portals Vells,2025-06-29 15:00:00,17.0,31.902803
Portals Vells,2025-06-29 16:00:00,6.0,20.267471
Portals Vells,2025-06-29 17:00:00,31.0,35.716255
Portals Vells,2025-06-29 18:00:00,35.0,54.86894
Portals Vells,2025-06-29 19:00:00,45.0,61.902145
Portals Vells,2025-06-29 20:00:00,65.0,58.430252
Portals Vells,2025-06-30 08:00:00,46.0,59.839157
Portals Vells,2025-06-30 09:00:00,55.0,66.277176
Portals Vells,2025-06-30 10:00:00,64.0,56.22982
Portals Vells,2025-06-30 11:00:00,45.0,57.170536
Portals Vells,2025-06-30 12:00:00,47.0,50.03078
Portals Vells,2025-06-30 13:00:00,35.0,43.71691
Portals Vells,2025-06-30 14:00:00,23.0,38.421875
Portals Vells,2025-06-30 15:00:00,19.0,36.991463
Portals Vells,2025-06-30 17:00:00,6.0,20.655563
Portals Vells,2025-06-30 18:00:00,38.0,38.689228
Portals Vells,2025-06-30 19:00:00,37.0,50.925396
Portals Vells,2025-06-30 20:00:00,41.0,55.448975
Portals Vells,2025-07-01 08:00:00,60.0,60.749527
Portals Vells,2025-07-01 09:00:00,49.0,51.23915
Portals Vells,2025-07-01 10:00:00,51.0,52.186222
Portals Vells,2025-07-01 11:00:00,49.0,51.911217
Portals Vells,2025-07-01 12:00:00,55.0,54.62053
Portals Vells,2025-07-01 13:00:00,30.0,47.824684
Portals Vells,2025-07-01 14:00:00,52.0,39.108257
Portals Vells,2025-07-01 15:00:00,36.0,34.419754
Portals Vells,2025-07-01 16:00:00,19.0,32.98676
Portals Vells,2025-07-01 17:00:00,6.0,22.291136
Portals Vells,2025-07-01 18:00:00,30.0,39.591297
Portals Vells,2025-07-01 19:00:00,71.0,51.654877
Portals Vells,2025-07-01 20:00:00,51.0,54.873753
Portals Vells,2025-07-02 08:00:00,79.0,56.693455
Portals Vells,2025-07-02 09:00:00,55.0,47.80764
Portals Vells,2025-07-02 10:00:00,75.0,51.781208
Portals Vells,2025-07-02 11:00:00,70.0,46.573444
Portals Vells,2025-07-02 12:00:00,53.0,37.837597
Portals Vells,2025-07-02 13:00:00,32.0,31.91703
Portals Vells,2025-07-02 14:00:00,24.0,29.68635
Portals Vells,2025-07-02 15:00:00,7.0,17.705423
Portals Vells,2025-07-02 16:00:00,29.0,26.102219
Portals Vells,2025-07-02 17:00:00,34.0,35.87912
Portals Vells,2025-07-02 18:00:00,39.0,43.469936
Portals Vells,2025-07-02 19:00:00,36.0,50.000683
Portals Vells,2025-07-02 20:00:00,36.0,53.80053
Portals Vells,2025-07-03 08:00:00,28.0,51.419067
Portals Vells,2025-07-03 09:00:00,23.0,45.921005
Portals Vells,2025-07-03 10:00:00,31.0,48.28654
Portals Vells,2025-07-03 11:00:00,40.0,43.88217
Portals Vells,2025-07-03 12:00:00,17.0,35.88302
Portals Vells,2025-07-03 13:00:00,22.0,33.14677
Portals Vells,2025-07-03 14:00:00,26.0,30.297575
Portals Vells,2025-07-03 15:00:00,7.0,11.54009
Portals Vells,2025-07-03 16:00:00,43.0,38.103565
Portals Vells,2025-07-03 17:00:00,51.0,47.41715
Portals Vells,2025-07-03 18:00:00,74.0,51.145332
Portals Vells,2025-07-03 19:00:00,103.0,52.12806
Portals Vells,2025-07-03 20:00:00,65.0,56.922318
Portals Vells,2025-07-04 08:00:00,83.0,57.64471
Portals Vells,2025-07-04 09:00:00,67.0,52.56261
Portals Vells,2025-07-04 10:00:00,77.0,48.209625
Portals Vells,2025-07-04 11:00:00,53.0,47.727417
Portals Vells,2025-07-04 12:00:00,50.0,39.205692
Portals Vells,2025-07-04 13:00:00,37.0,32.66822
Portals Vells,2025-07-04 14:00:00,27.0,31.094296
Portals Vells,2025-07-04 15:00:00,7.0,11.728671
Portals Vells,2025-07-04 16:00:00,37.0,26.33707
Portals Vells,2025-07-04 17:00:00,42.0,37.710278
Portals Vells,2025-07-04 18:00:00,49.0,41.19063
Portals Vells,2025-07-04 19:00:00,44.0,46.334393
Portals Vells,2025-07-04 20:00:00,50.0,53.290638
Portals Vells,2025-07-05 08:00:00,39.0,56.13477
Portals Vells,2025-07-05 09:00:00,36.0,45.999092
Portals Vells,2025-07-05 10:00:00,34.0,44.591385
Portals Vells,2025-07-05 11:00:00,30.0,41.59626
Portals Vells,2025-07-05 12:00:00,17.0,39.734547
Portals Vells,2025-07-05 13:00:00,17.0,35.49242
Portals Vells,2025-07-05 14:00:00,17.0,35.616142
Portals Vells,2025-07-05 15:00:00,7.0,15.577853
Portals Vells,2025-07-05 16:00:00,29.0,31.622936
Portals Vells,2025-07-05 17:00:00,38.0,45.188244
Portals Vells,2025-07-05 18:00:00,60.0,48.018005
Portals Vells,2025-07-05 19:00:00,79.0,50.723686
Portals Vells,2025-07-05 20:00:00,40.0,53.973236
Portals Vells,2025-07-06 08:00:00,65.0,58.06755
Portals Vells,2025-07-06 09:00:00,73.0,47.9324
Portals Vells,2025-07-06 10:00:00,42.0,48.56956
Portals Vells,2025-07-06 11:00:00,31.0,41.942566
Portals Vells,2025-07-06 12:00:00,30.0,42.719696
Portals Vells,2025-07-06 13:00:00,18.0,40.05404
Portals Vells,2025-07-06 14:00:00,22.0,36.009113
Portals Vells,2025-07-06 15:00:00,6.0,8.16518
Portals Vells,2025-07-06 16:00:00,40.0,33.858387
Portals Vells,2025-07-06 17:00:00,56.0,41.971806
Portals Vells,2025-07-06 18:00:00,59.0,55.001324
Portals Vells,2025-07-06 19:00:00,59.0,63.00996
Portals Vells,2025-07-06 20:00:00,61.0,61.4305
Portals Vells,2025-07-07 08:00:00,54.0,75.25562
Portals Vells,2025-07-07 09:00:00,75.0,64.45653
Portals Vells,2025-07-07 10:00:00,40.0,59.096466
Portals Vells,2025-07-07 11:00:00,40.0,53.186848
Portals Vells,2025-07-07 12:00:00,47.0,43.040466
Portals Vells,2025-07-07 13:00:00,18.0,38.79381
Portals Vells,2025-07-07 14:00:00,22.0,38.018677
Portals Vells,2025-07-07 15:00:00,7.0,12.029515
Portals Vells,2025-07-07 16:00:00,46.0,42.872364
Portals Vells,2025-07-07 17:00:00,42.0,57.684284
Portals Vells,2025-07-07 18:00:00,73.0,66.45114
Portals Vells,2025-07-07 19:00:00,68.0,67.77064
Portals Vells,2025-07-07 20:00:00,60.0,60.162365
Portals Vells,2025-07-08 08:00:00,49.0,59.963413
Portals Vells,2025-07-08 09:00:00,61.0,54.143864
Portals Vells,2025-07-08 10:00:00,40.0,52.70164
Portals Vells,2025-07-08 11:00:00,43.0,48.093956
Portals Vells,2025-07-08 12:00:00,31.0,47.055603
Portals Vells,2025-07-08 13:00:00,22.0,39.600616
Portals Vells,2025-07-08 14:00:00,23.0,35.785786
Portals Vells,2025-07-08 15:00:00,7.0,17.819866
Portals Vells,2025-07-08 16:00:00,30.0,42.22829
Portals Vells,2025-07-08 17:00:00,58.0,54.04173
Portals Vells,2025-07-08 18:00:00,55.0,57.641983
Portals Vells,2025-07-08 19:00:00,69.0,53.809753
Portals Vells,2025-07-08 20:00:00,75.0,52.10292
Portals Vells,2025-07-09 08:00:00,56.0,55.28098
Portals Vells,2025-07-09 09:00:00,69.0,47.453613
Portals Vells,2025-07-09 10:00:00,71.0,43.073376
Portals Vells,2025-07-09 11:00:00,69.0,39.244675
Portals Vells,2025-07-09 12:00:00,44.0,33.835445
Portals Vells,2025-07-09 13:00:00,24.0,29.279196
Portals Vells,2025-07-09 14:00:00,35.0,27.518896
Portals Vells,2025-07-09 15:00:00,6.0,9.362533
Portals Vells,2025-07-09 16:00:00,39.0,25.089718
Portals Vells,2025-07-09 17:00:00,53.0,42.196594
Portals Vells,2025-07-09 18:00:00,71.0,45.925766
Portals Vells,2025-07-09 19:00:00,57.0,45.397602
Portals Vells,2025-07-09 20:00:00,64.0,48.58195
Portals Vells,2025-07-10 08:00:00,60.0,52.823734
Portals Vells,2025-07-10 09:00:00,58.0,45.130585
Portals Vells,2025-07-10 10:00:00,57.0,40.448097
Portals Vells,2025-07-10 11:00:00,49.0,36.878067
Portals Vells,2025-07-10 12:00:00,44.0,34.86898
Portals Vells,2025-07-10 13:00:00,19.0,29.875582
Portals Vells,2025-07-10 14:00:00,28.0,24.048864
Portals Vells,2025-07-10 15:00:00,7.0,3.8474357
Portals Vells,2025-07-10 16:00:00,38.0,27.50489
Portals Vells,2025-07-10 17:00:00,80.0,42.88796
Portals Vells,2025-07-10 18:00:00,94.0,48.688545
Portals Vells,2025-07-10 19:00:00,92.0,54.388012
Portals Vells,2025-07-10 20:00:00,88.0,53.325397
Portals Vells,2025-07-11 08:00:00,75.0,59.152527
Portals Vells,2025-07-11 09:00:00,50.0,53.61985
Portals Vells,2025-07-11 10:00:00,61.0,53.913143
Portals Vells,2025-07-11 11:00:00,67.0,49.616142
Portals Vells,2025-07-11 12:00:00,53.0,42.890545
Portals Vells,2025-07-11 15:00:00,50.0,37.018192
Portals Vells,2025-07-11 16:00:00,34.0,32.47879
Portals Vells,2025-07-11 17:00:00,7.0,13.879823
Portals Vells,2025-07-11 18:00:00,44.0,25.975153
Portals Vells,2025-07-11 19:00:00,75.0,43.30064
Portals Vells,2025-07-11 20:00:00,85.0,45.92316
Portals Vells,2025-07-12 08:00:00,85.0,57.018692
Portals Vells,2025-07-12 09:00:00,65.0,46.53519
Portals Vells,2025-07-12 10:00:00,94.0,48.620255
Portals Vells,2025-07-12 11:00:00,74.0,47.895016
Portals Vells,2025-07-12 12:00:00,61.0,45.298935
Portals Vells,2025-07-12 13:00:00,55.0,42.082615
Portals Vells,2025-07-12 14:00:00,46.0,37.28151
Portals Vells,2025-07-12 15:00:00,17.0,31.50924
Portals Vells,2025-07-12 16:00:00,27.0,29.928743
Portals Vells,2025-07-12 17:00:00,7.0,13.831612
Portals Vells,2025-07-12 18:00:00,34.0,35.189484
Portals Vells,2025-07-12 19:00:00,46.0,52.496986
Portals Vells,2025-07-12 20:00:00,63.0,47.464
Portals Vells,2025-07-13 08:00:00,67.0,57.86984
Portals Vells,2025-07-13 09:00:00,41.0,49.319405
Portals Vells,2025-07-13 10:00:00,71.0,54.343163
Portals Vells,2025-07-13 11:00:00,43.0,47.05168
Portals Vells,2025-07-13 12:00:00,37.0,59.638237
Portals Vells,2025-07-13 13:00:00,31.0,47.729317
Portals Vells,2025-07-13 14:00:00,32.0,39.074577
Portals Vells,2025-07-13 15:00:00,17.0,37.694054
Portals Vells,2025-07-13 16:00:00,19.0,32.61084
Portals Vells,2025-07-13 17:00:00,7.0,11.9035635
Portals Vells,2025-07-13 18:00:00,36.0,35.94482
Portals Vells,2025-07-13 19:00:00,54.0,48.669266
Portals Vells,2025-07-13 20:00:00,73.0,51.6951
Portals Vells,2025-07-14 08:00:00,65.0,64.324776
Portals Vells,2025-07-14 09:00:00,41.0,59.523655
Portals Vells,2025-07-14 10:00:00,43.0,51.496353
Portals Vells,2025-07-14 11:00:00,68.0,49.10896
Portals Vells,2025-07-14 12:00:00,45.0,45.66604
Portals Vells,2025-07-14 13:00:00,31.0,41.09793
Portals Vells,2025-07-14 14:00:00,19.0,45.72762
Portals Vells,2025-07-14 15:00:00,33.0,32.712948
Portals Vells,2025-07-14 16:00:00,13.0,29.24439
Portals Vells,2025-07-14 17:00:00,9.0,12.755706
Portals Vells,2025-07-14 18:00:00,23.0,29.790932
Portals Vells,2025-07-14 19:00:00,16.0,41.769928
Portals Vells,2025-07-14 20:00:00,25.0,39.996925
Portals Vells,2025-07-15 08:00:00,17.0,49.28626
Portals Vells,2025-07-15 09:00:00,23.0,38.0998
Portals Vells,2025-07-15 10:00:00,13.0,24.07124
Portals Vells,2025-07-15 11:00:00,15.0,36.451393
Portals Vells,2025-07-15 12:00:00,17.0,41.350372
Portals Vells,2025-07-15 13:00:00,18.0,31.557693
Portals Vells,2025-07-15 14:00:00,9.0,32.24239
Portals Vells,2025-07-15 15:00:00,14.0,25.392826
Portals Vells,2025-07-15 16:00:00,14.0,33.71638
Portals Vells,2025-07-15 17:00:00,7.0,12.666409
Portals Vells,2025-07-15 18:00:00,16.0,41.219246
Portals Vells,2025-07-15 19:00:00,13.0,50.5212
Portals Vells,2025-07-15 20:00:00,23.0,46.85236
Portals Vells,2025-07-16 08:00:00,29.0,42.66906
Portals Vells,2025-07-16 09:00:00,31.0,45.351887
Portals Vells,2025-07-16 10:00:00,42.0,47.39008
Portals Vells,2025-07-16 11:00:00,34.0,50.994106
Portals Vells,2025-07-16 12:00:00,34.0,52.07204
Portals Vells,2025-07-16 13:00:00,22.0,45.295456
Portals Vells,2025-07-16 14:00:00,26.0,35.598774
Portals Vells,2025-07-16 15:00:00,25.0,31.391697
Portals Vells,2025-07-16 16:00:00,25.0,30.933907
Portals Vells,2025-07-16 17:00:00,6.0,13.592543
Portals Vells,2025-07-16 18:00:00,29.0,36.46162
Portals Vells,2025-07-16 19:00:00,45.0,44.95073
Portals Vells,2025-07-16 20:00:00,73.0,50.041264
Portals Vells,2025-07-17 08:00:00,86.0,53.31862
Portals Vells,2025-07-17 09:00:00,76.0,52.75552
Portals Vells,2025-07-17 10:00:00,65.0,52.016365
Portals Vells,2025-07-17 11:00:00,71.0,55.00852
Portals Vells,2025-07-17 12:00:00,63.0,56.308254
Portals Vells,2025-07-17 13:00:00,57.0,48.436207
Portals Vells,2025-07-17 14:00:00,43.0,44.664116
Portals Vells,2025-07-17 15:00:00,36.0,36.8654
Portals Vells,2025-07-17 16:00:00,22.0,36.02565
Portals Vells,2025-07-17 17:00:00,7.0,17.360281
Portals Vells,2025-07-17 18:00:00,44.0,40.275196
Portals Vells,2025-07-17 19:00:00,75.0,54.65591
Portals Vells,2025-07-17 20:00:00,84.0,58.165855
Portals Vells,2025-07-18 08:00:00,72.0,66.68067
Portals Vells,2025-07-18 09:00:00,72.0,63.888428
Portals Vells,2025-07-18 10:00:00,104.0,64.73961
Portals Vells,2025-07-18 11:00:00,90.0,62.079758
Portals Vells,2025-07-18 12:00:00,48.0,60.90735
Portals Vells,2025-07-18 13:00:00,58.0,49.228115
Portals Vells,2025-07-18 14:00:00,36.0,45.357365
Portals Vells,2025-07-18 15:00:00,27.0,40.179726
Portals Vells,2025-07-18 16:00:00,26.0,38.625217
Portals Vells,2025-07-18 17:00:00,8.0,13.932223
Portals Vells,2025-07-18 18:00:00,45.0,34.654186
Portals Vells,2025-07-18 19:00:00,60.0,46.526833
Portals Vells,2025-07-18 20:00:00,67.0,53.435154
Portals Vells,2025-07-19 08:00:00,62.0,62.127026
Portals Vells,2025-07-19 09:00:00,75.0,57.42151
Portals Vells,2025-07-19 10:00:00,57.0,52.35065
Portals Vells,2025-07-19 11:00:00,32.0,51.474087
Portals Vells,2025-07-19 12:00:00,24.0,48.806313
Portals Vells,2025-07-19 13:00:00,19.0,45.358845
Portals Vells,2025-07-19 14:00:00,17.0,43.71285
Portals Vells,2025-07-19 15:00:00,15.0,37.646492
Portals Vells,2025-07-19 16:00:00,16.0,32.647873
Portals Vells,2025-07-19 17:00:00,7.0,9.950634
Portals Vells,2025-07-19 18:00:00,31.0,32.196762
Portals Vells,2025-07-19 19:00:00,45.0,36.81812
Portals Vells,2025-07-19 20:00:00,52.0,41.76663
Portals Vells,2025-07-20 08:00:00,23.0,40.4697
Portals Vells,2025-07-20 09:00:00,22.0,39.12225
Portals Vells,2025-07-20 10:00:00,36.0,46.853973
Portals Vells,2025-07-20 11:00:00,39.0,52.491806
Portals Vells,2025-07-20 12:00:00,32.0,52.162636
Portals Vells,2025-07-20 13:00:00,29.0,48.28147
Portals Vells,2025-07-20 14:00:00,31.0,41.339622
Portals Vells,2025-07-20 15:00:00,21.0,36.22737
Portals Vells,2025-07-20 16:00:00,18.0,38.299675
Portals Vells,2025-07-20 17:00:00,7.0,10.735848
Portals Vells,2025-07-20 18:00:00,35.0,34.764217
Portals Vells,2025-07-20 19:00:00,52.0,41.820602
Portals Vells,2025-07-20 20:00:00,49.0,57.928337
Portals Vells,2025-07-21 08:00:00,51.0,57.722694
Portals Vells,2025-07-21 09:00:00,46.0,62.11373
Portals Vells,2025-07-21 10:00:00,59.0,61.613213
Portals Vells,2025-07-21 11:00:00,47.0,64.73428
Portals Vells,2025-07-21 12:00:00,59.0,61.527153
Portals Vells,2025-07-21 13:00:00,43.0,58.82566
Portals Vells,2025-07-21 14:00:00,35.0,47.280796
Portals Vells,2025-07-21 15:00:00,25.0,40.146904
Portals Vells,2025-07-21 16:00:00,6.0,38.305717
Portals Vells,2025-07-21 17:00:00,7.0,10.153179
Portals Vells,2025-07-21 18:00:00,51.0,27.887999
Portals Vells,2025-07-21 19:00:00,73.0,65.22324
Portals Vells,2025-07-21 20:00:00,68.0,68.3993
Portals Vells,2025-07-22 08:00:00,65.0,79.723885
Portals Vells,2025-07-22 09:00:00,48.0,64.351944
Portals Vells,2025-07-22 10:00:00,55.0,69.438034
Portals Vells,2025-07-22 11:00:00,63.0,72.27845
Portals Vells,2025-07-22 12:00:00,58.0,67.97523
Portals Vells,2025-07-22 13:00:00,47.0,60.41068
Portals Vells,2025-07-22 14:00:00,44.0,50.78222
Portals Vells,2025-07-22 15:00:00,17.0,42.635666
Portals Vells,2025-07-22 16:00:00,6.0,38.45982
Portals Vells,2025-07-22 17:00:00,7.0,16.02888
Portals Vells,2025-07-22 18:00:00,63.0,46.196213
Portals Vells,2025-07-22 19:00:00,67.0,64.79651
Portals Vells,2025-07-22 20:00:00,81.0,53.51331
Portals Vells,2025-07-23 08:00:00,45.0,63.926773
Portals Vells,2025-07-23 09:00:00,58.0,54.25473
Portals Vells,2025-07-23 10:00:00,96.0,56.363026
Portals Vells,2025-07-23 11:00:00,56.0,59.114544
Portals Vells,2025-07-23 12:00:00,48.0,57.503735
Portals Vells,2025-07-23 13:00:00,44.0,50.822445
Portals Vells,2025-07-23 14:00:00,31.0,50.745144
Portals Vells,2025-07-23 15:00:00,21.0,41.403923
Portals Vells,2025-07-23 16:00:00,6.0,36.656525
Portals Vells,2025-07-23 17:00:00,6.0,14.289336
Portals Vells,2025-07-23 18:00:00,65.0,38.66944
Portals Vells,2025-07-23 19:00:00,72.0,54.691963
Portals Vells,2025-07-23 20:00:00,98.0,63.602947
Portals Vells,2025-07-24 08:00:00,79.0,62.33063
Portals Vells,2025-07-24 09:00:00,90.0,57.983784
Portals Vells,2025-07-24 10:00:00,88.0,55.022003
Portals Vells,2025-07-24 11:00:00,104.0,53.62452
Portals Vells,2025-07-24 12:00:00,87.0,54.21404
Portals Vells,2025-07-24 13:00:00,80.0,45.00639
Portals Vells,2025-07-24 14:00:00,35.0,37.950493
Portals Vells,2025-07-24 15:00:00,27.0,29.051184
Portals Vells,2025-07-24 16:00:00,7.0,25.546305
Portals Vells,2025-07-24 17:00:00,6.0,12.246427
Portals Vells,2025-07-24 18:00:00,37.0,35.6944
Portals Vells,2025-07-24 19:00:00,54.0,46.279884
Portals Vells,2025-07-24 20:00:00,62.0,48.434437
Portals Vells,2025-07-25 08:00:00,63.0,52.252666
Portals Vells,2025-07-25 09:00:00,89.0,44.81088
Portals Vells,2025-07-25 10:00:00,130.0,49.626278
Portals Vells,2025-07-25 11:00:00,137.0,44.048702
Portals Vells,2025-07-25 12:00:00,82.0,37.555164
Portals Vells,2025-07-25 13:00:00,61.0,30.872034
Portals Vells,2025-07-25 14:00:00,28.0,27.557457
Portals Vells,2025-07-25 15:00:00,20.0,23.295694
Portals Vells,2025-07-25 16:00:00,8.0,23.04582
Portals Vells,2025-07-25 17:00:00,7.0,12.443148
Portals Vells,2025-07-25 18:00:00,46.0,21.784117
Portals Vells,2025-07-25 19:00:00,81.0,29.624462
Portals Vells,2025-07-25 20:00:00,55.0,36.230095
Portals Vells,2025-07-26 08:00:00,49.0,28.661522
Portals Vells,2025-07-26 09:00:00,50.0,31.507927
Portals Vells,2025-07-26 10:00:00,53.0,33.241753
Portals Vells,2025-07-26 11:00:00,57.0,35.79525
Portals Vells,2025-07-26 12:00:00,53.0,32.64476
Portals Vells,2025-07-26 13:00:00,48.0,27.620216
Portals Vells,2025-07-26 14:00:00,24.0,23.342735
Portals Vells,2025-07-26 15:00:00,17.0,19.127981
Portals Vells,2025-07-26 16:00:00,7.0,21.958456
Portals Vells,2025-07-26 17:00:00,6.0,-2.95977
Portals Vells,2025-07-26 18:00:00,44.0,11.600454
Portals Vells,2025-07-26 19:00:00,65.0,30.771507
Portals Vells,2025-07-26 20:00:00,61.0,38.109493
Portals Vells,2025-07-27 08:00:00,51.0,35.15722
Portals Vells,2025-07-27 09:00:00,54.0,30.791296
Portals Vells,2025-07-27 10:00:00,73.0,29.722975
Portals Vells,2025-07-27 11:00:00,60.0,43.721783
Portals Vells,2025-07-27 12:00:00,68.0,46.889053
Portals Vells,2025-07-27 13:00:00,40.0,43.184933
Portals Vells,2025-07-27 14:00:00,23.0,52.49579
Portals Vells,2025-07-27 15:00:00,28.0,36.656693
Portals Vells,2025-07-27 16:00:00,6.0,33.867313
Portals Vells,2025-07-27 17:00:00,8.0,10.022932
Portals Vells,2025-07-27 18:00:00,41.0,33.111526
Portals Vells,2025-07-27 19:00:00,52.0,53.58533
Portals Vells,2025-07-27 20:00:00,73.0,48.78764
Portals Vells,2025-07-28 08:00:00,75.0,62.60667
Portals Vells,2025-07-28 09:00:00,54.0,57.899395
Portals Vells,2025-07-28 10:00:00,60.0,52.503426
Portals Vells,2025-07-28 11:00:00,63.0,55.919415
Portals Vells,2025-07-28 12:00:00,57.0,57.003376
Portals Vells,2025-07-28 13:00:00,52.0,55.366947
Portals Vells,2025-07-28 14:00:00,45.0,47.42177
Portals Vells,2025-07-28 15:00:00,22.0,41.335407
Portals Vells,2025-07-28 16:00:00,6.0,35.195316
Portals Vells,2025-07-28 17:00:00,6.0,11.032685
Portals Vells,2025-07-28 18:00:00,50.0,40.692047
Portals Vells,2025-07-28 19:00:00,61.0,58.31284
Portals Vells,2025-07-28 20:00:00,66.0,53.704117
Portals Vells,2025-07-29 08:00:00,74.0,63.11954
Portals Vells,2025-07-29 09:00:00,48.0,56.2067
Portals Vells,2025-07-29 10:00:00,80.0,54.93468
Portals Vells,2025-07-29 11:00:00,79.0,57.168846
Portals Vells,2025-07-29 12:00:00,45.0,56.815964
Portals Vells,2025-07-29 13:00:00,30.0,51.493664
Portals Vells,2025-07-29 14:00:00,27.0,42.27407
Portals Vells,2025-07-29 15:00:00,22.0,37.078335
Portals Vells,2025-07-29 16:00:00,6.0,32.38808
Portals Vells,2025-07-29 17:00:00,6.0,15.653407
Portals Vells,2025-07-29 18:00:00,32.0,28.036613
Portals Vells,2025-07-29 19:00:00,63.0,46.33312
Portals Vells,2025-07-29 20:00:00,62.0,45.31385
Portals Vells,2025-07-30 08:00:00,63.0,59.4715
Portals Vells,2025-07-30 09:00:00,72.0,47.54897
Portals Vells,2025-07-30 10:00:00,81.0,46.318207
Portals Vells,2025-07-30 11:00:00,56.0,44.28901
Portals Vells,2025-07-30 12:00:00,51.0,41.52225
Portals Vells,2025-07-30 13:00:00,45.0,36.88287
Portals Vells,2025-07-30 14:00:00,48.0,34.289524
Portals Vells,2025-07-30 15:00:00,35.0,29.64846
Portals Vells,2025-07-30 16:00:00,6.0,40.20633
Portals Vells,2025-07-30 17:00:00,6.0,15.78351
Portals Vells,2025-07-30 18:00:00,57.0,33.34464
Portals Vells,2025-07-30 19:00:00,83.0,40.52663
Portals Vells,2025-07-30 20:00:00,105.0,50.81548
Portals Vells,2025-07-31 08:00:00,83.0,53.44925
Portals Vells,2025-07-31 09:00:00,61.0,43.42028
Portals Vells,2025-07-31 10:00:00,74.0,41.761456
Portals Vells,2025-07-31 11:00:00,59.0,50.71482
Portals Vells,2025-07-31 12:00:00,75.0,49.193607
Portals Vells,2025-07-31 13:00:00,43.0,43.560467
Portals Vells,2025-07-31 14:00:00,28.0,38.86732
Portals Vells,2025-07-31 15:00:00,28.0,29.680456
Portals Vells,2025-07-31 16:00:00,7.0,30.405907
Portals Vells,2025-07-31 17:00:00,6.0,14.503065
Portals Vells,2025-07-31 18:00:00,59.0,39.115498
Portals Vells,2025-07-31 19:00:00,87.0,50.16782
Portals Vells,2025-07-31 20:00:00,79.0,60.39979
Portals Vells,2025-08-01 08:00:00,83.0,61.253895
Portals Vells,2025-08-01 09:00:00,69.0,49.197113
Portals Vells,2025-08-01 10:00:00,71.0,53.434235
Portals Vells,2025-08-01 11:00:00,64.0,52.284363
Portals Vells,2025-08-01 12:00:00,47.0,50.384144
Portals Vells,2025-08-01 13:00:00,51.0,48.888668
Portals Vells,2025-08-01 14:00:00,18.0,49.44954
Portals Vells,2025-08-01 15:00:00,29.0,44.50082
Portals Vells,2025-08-01 16:00:00,6.0,41.77091
Portals Vells,2025-08-01 17:00:00,6.0,22.048847
Portals Vells,2025-08-01 18:00:00,43.0,32.10664
Portals Vells,2025-08-01 19:00:00,45.0,47.528885
Portals Vells,2025-08-01 20:00:00,52.0,55.409637
Portals Vells,2025-08-02 08:00:00,54.0,54.286617
Portals Vells,2025-08-02 09:00:00,55.0,47.58416
Portals Vells,2025-08-02 10:00:00,70.0,47.244953
Portals Vells,2025-08-02 11:00:00,67.0,54.533398
Portals Vells,2025-08-02 12:00:00,43.0,47.264668
Portals Vells,2025-08-02 13:00:00,46.0,48.910633
Portals Vells,2025-08-02 14:00:00,22.0,43.73396
Portals Vells,2025-08-02 15:00:00,15.0,43.939842
Portals Vells,2025-08-02 16:00:00,6.0,35.66918
Portals Vells,2025-08-02 17:00:00,7.0,11.434821
Portals Vells,2025-08-02 18:00:00,52.0,28.024157
Portals Vells,2025-08-02 19:00:00,69.0,50.543755
Portals Vells,2025-08-02 20:00:00,60.0,61.488335
Portals Vells,2025-08-03 08:00:00,53.0,62.406082
Portals Vells,2025-08-03 09:00:00,58.0,55.211582
Portals Vells,2025-08-03 10:00:00,41.0,57.87776
Portals Vells,2025-08-03 11:00:00,60.0,58.384407
Portals Vells,2025-08-03 12:00:00,43.0,51.248688
Portals Vells,2025-08-03 13:00:00,48.0,52.53921
Portals Vells,2025-08-03 14:00:00,35.0,55.341545
Portals Vells,2025-08-03 15:00:00,22.0,43.16911
Portals Vells,2025-08-03 16:00:00,7.0,35.431854
Portals Vells,2025-08-03 17:00:00,7.0,9.424299
Portals Vells,2025-08-03 18:00:00,39.0,44.050987
Portals Vells,2025-08-03 19:00:00,57.0,59.533997
Portals Vells,2025-08-03 20:00:00,56.0,63.77824
Portals Vells,2025-08-04 08:00:00,63.0,68.51953
Portals Vells,2025-08-04 09:00:00,77.0,62.558582
Portals Vells,2025-08-04 10:00:00,60.0,58.217785
Portals Vells,2025-08-04 11:00:00,56.0,61.51371
Portals Vells,2025-08-04 12:00:00,43.0,57.209538
Portals Vells,2025-08-04 13:00:00,44.0,53.851734
Portals Vells,2025-08-04 14:00:00,44.0,47.218113
Portals Vells,2025-08-04 15:00:00,23.0,37.820576
Portals Vells,2025-08-04 16:00:00,6.0,33.33275
Portals Vells,2025-08-04 17:00:00,8.0,13.17966
Portals Vells,2025-08-04 18:00:00,46.0,39.288685
Portals Vells,2025-08-04 19:00:00,58.0,55.54922
Portals Vells,2025-08-04 20:00:00,86.0,66.111626
Portals Vells,2025-08-05 08:00:00,70.0,64.54721
Portals Vells,2025-08-05 09:00:00,49.0,57.17452
Portals Vells,2025-08-05 10:00:00,66.0,58.314655
Portals Vells,2025-08-05 11:00:00,75.0,53.31343
Portals Vells,2025-08-05 12:00:00,55.0,49.302345
Portals Vells,2025-08-05 13:00:00,41.0,46.3965
Portals Vells,2025-08-05 14:00:00,41.0,45.25458
Portals Vells,2025-08-05 15:00:00,22.0,36.178303
Portals Vells,2025-08-05 16:00:00,5.0,32.914215
Portals Vells,2025-08-05 17:00:00,6.0,15.666588
Portals Vells,2025-08-05 18:00:00,50.0,35.427563
Portals Vells,2025-08-05 19:00:00,81.0,48.203697
Portals Vells,2025-08-05 20:00:00,85.0,55.407898
Portals Vells,2025-08-06 08:00:00,74.0,61.596107
Portals Vells,2025-08-06 09:00:00,88.0,54.899208
Portals Vells,2025-08-06 10:00:00,78.0,58.564793
Portals Vells,2025-08-06 11:00:00,75.0,52.49462
Portals Vells,2025-08-06 12:00:00,43.0,45.4938
Portals Vells,2025-08-06 13:00:00,51.0,46.08847
Portals Vells,2025-08-06 14:00:00,50.0,41.388428
Portals Vells,2025-08-06 15:00:00,32.0,35.668976
Portals Vells,2025-08-06 16:00:00,7.0,38.157825
Portals Vells,2025-08-06 17:00:00,9.0,16.489325
Portals Vells,2025-08-06 18:00:00,42.0,35.739067
Portals Vells,2025-08-06 19:00:00,56.0,50.59459
Portals Vells,2025-08-06 20:00:00,77.0,55.483574
Portals Vells,2025-08-07 08:00:00,56.0,59.531555
Portals Vells,2025-08-07 09:00:00,63.0,50.529156
Portals Vells,2025-08-07 10:00:00,63.0,52.144505
Portals Vells,2025-08-07 11:00:00,77.0,54.340435
Portals Vells,2025-08-07 12:00:00,53.0,49.67988
Portals Vells,2025-08-07 13:00:00,41.0,47.686413
Portals Vells,2025-08-07 14:00:00,46.0,47.629955
Portals Vells,2025-08-07 15:00:00,24.0,41.502327
Portals Vells,2025-08-07 16:00:00,6.0,39.350258
Portals Vells,2025-08-07 17:00:00,8.0,17.497784
Portals Vells,2025-08-07 18:00:00,54.0,31.984697
Portals Vells,2025-08-07 19:00:00,49.0,49.25875
Portals Vells,2025-08-07 20:00:00,77.0,61.08057
Portals Vells,2025-08-08 08:00:00,86.0,66.61648
Portals Vells,2025-08-08 09:00:00,57.0,56.685875
Portals Vells,2025-08-08 10:00:00,53.0,56.63568
Portals Vells,2025-08-08 11:00:00,43.0,57.583378
Portals Vells,2025-08-08 12:00:00,65.0,56.218628
Portals Vells,2025-08-08 13:00:00,47.0,50.91005
Portals Vells,2025-08-08 14:00:00,36.0,53.119602
Portals Vells,2025-08-08 15:00:00,39.0,41.047195
Portals Vells,2025-08-08 16:00:00,6.0,39.66694
Portals Vells,2025-08-08 17:00:00,7.0,16.455372
Portals Vells,2025-08-08 18:00:00,41.0,33.491066
Portals Vells,2025-08-08 19:00:00,53.0,48.367302
Portals Vells,2025-08-08 20:00:00,66.0,58.53365
Portals Vells,2025-08-09 08:00:00,64.0,63.362362
Portals Vells,2025-08-09 09:00:00,54.0,51.058678
Portals Vells,2025-08-09 10:00:00,93.0,53.412144
Portals Vells,2025-08-09 11:00:00,75.0,58.42226
Portals Vells,2025-08-09 12:00:00,68.0,53.264034
Portals Vells,2025-08-09 13:00:00,53.0,50.418655
Portals Vells,2025-08-09 14:00:00,30.0,44.215855
Portals Vells,2025-08-09 15:00:00,29.0,38.991356
Portals Vells,2025-08-09 16:00:00,7.0,33.272015
Portals Vells,2025-08-09 17:00:00,6.0,11.528384
Portals Vells,2025-08-09 18:00:00,28.0,28.91655
Portals Vells,2025-08-09 19:00:00,25.0,32.32335
Portals Vells,2025-08-09 20:00:00,43.0,33.55273
Portals Vells,2025-08-10 08:00:00,35.0,46.14418
Portals Vells,2025-08-10 09:00:00,31.0,39.730175
Portals Vells,2025-08-10 10:00:00,26.0,56.14205
Portals Vells,2025-08-10 11:00:00,39.0,53.808002
Portals Vells,2025-08-10 12:00:00,34.0,52.474094
Portals Vells,2025-08-10 13:00:00,37.0,53.91029
Portals Vells,2025-08-10 14:00:00,16.0,45.03508
Portals Vells,2025-08-10 15:00:00,15.0,40.320248
Portals Vells,2025-08-10 16:00:00,6.0,33.63678
Portals Vells,2025-08-10 17:00:00,6.0,10.684518
Portals Vells,2025-08-10 18:00:00,41.0,32.64466
Portals Vells,2025-08-10 19:00:00,42.0,57.550766
Portals Vells,2025-08-10 20:00:00,45.0,49.675026
Portals Vells,2025-08-11 08:00:00,47.0,58.107243
Portals Vells,2025-08-11 09:00:00,24.0,45.781075
Portals Vells,2025-08-11 10:00:00,36.0,49.446186
Portals Vells,2025-08-11 11:00:00,42.0,51.010258
Portals Vells,2025-08-11 12:00:00,34.0,47.326477
Portals Vells,2025-08-11 13:00:00,39.0,48.17736
Portals Vells,2025-08-11 14:00:00,23.0,41.250492
Portals Vells,2025-08-11 15:00:00,30.0,32.073483
Portals Vells,2025-08-11 16:00:00,6.0,28.787647
Portals Vells,2025-08-11 17:00:00,7.0,10.781281
Portals Vells,2025-08-11 18:00:00,35.0,43.276997
Portals Vells,2025-08-11 19:00:00,35.0,51.914097
Portals Vells,2025-08-11 20:00:00,62.0,51.972435
Portals Vells,2025-08-12 08:00:00,69.0,60.34251
Portals Vells,2025-08-12 09:00:00,64.0,56.97393
Portals Vells,2025-08-12 10:00:00,61.0,61.5528
Portals Vells,2025-08-12 11:00:00,63.0,58.281273
Portals Vells,2025-08-12 12:00:00,45.0,52.792248
Portals Vells,2025-08-12 13:00:00,45.0,47.49609
Portals Vells,2025-08-12 14:00:00,31.0,40.56161
Portals Vells,2025-08-12 15:00:00,22.0,37.637527
Portals Vells,2025-08-12 16:00:00,6.0,29.363121
Portals Vells,2025-08-12 17:00:00,7.0,13.86548
Portals Vells,2025-08-12 18:00:00,43.0,38.594402
Portals Vells,2025-08-12 19:00:00,72.0,52.61384
Portals Vells,2025-08-12 20:00:00,66.0,51.541325
Portals Vells,2025-08-13 08:00:00,68.0,55.486088
Portals Vells,2025-08-13 09:00:00,63.0,48.261105
Portals Vells,2025-08-13 10:00:00,48.0,48.28709
Portals Vells,2025-08-13 11:00:00,38.0,48.43915
Portals Vells,2025-08-13 12:00:00,37.0,49.172924
Portals Vells,2025-08-13 13:00:00,29.0,47.405056
Portals Vells,2025-08-13 14:00:00,23.0,38.735794
Portals Vells,2025-08-13 15:00:00,23.0,33.15782
Portals Vells,2025-08-13 16:00:00,6.0,29.735851
Portals Vells,2025-08-13 17:00:00,6.0,15.155006
Portals Vells,2025-08-13 18:00:00,48.0,40.591366
Portals Vells,2025-08-13 19:00:00,80.0,51.20709
Portals Vells,2025-08-13 20:00:00,78.0,58.416008
Portals Vells,2025-08-14 08:00:00,98.0,63.232376
Portals Vells,2025-08-14 09:00:00,63.0,58.96339
Portals Vells,2025-08-14 10:00:00,68.0,62.80893
Portals Vells,2025-08-14 11:00:00,88.0,57.024326
Portals Vells,2025-08-14 12:00:00,58.0,58.67578
Portals Vells,2025-08-14 13:00:00,39.0,51.439606
Portals Vells,2025-08-14 14:00:00,36.0,41.771076
Portals Vells,2025-08-14 15:00:00,19.0,37.412384
Portals Vells,2025-08-14 16:00:00,7.0,32.09482
Portals Vells,2025-08-14 17:00:00,7.0,14.672915
Portals Vells,2025-08-14 18:00:00,48.0,42.201656
Portals Vells,2025-08-14 19:00:00,69.0,61.439148
Portals Vells,2025-08-14 20:00:00,68.0,61.468773
Portals Vells,2025-08-15 08:00:00,83.0,66.49612
Portals Vells,2025-08-15 09:00:00,95.0,58.634266
Portals Vells,2025-08-15 10:00:00,157.0,58.52615
Portals Vells,2025-08-15 11:00:00,120.0,63.573273
Portals Vells,2025-08-15 12:00:00,67.0,64.22592
Portals Vells,2025-08-15 13:00:00,40.0,62.057693
Portals Vells,2025-08-15 14:00:00,25.0,46.19744
Portals Vells,2025-08-15 15:00:00,22.0,39.585316
Portals Vells,2025-08-15 16:00:00,6.0,29.345083
Portals Vells,2025-08-15 17:00:00,7.0,13.793165
Portals Vells,2025-08-15 18:00:00,30.0,36.809162
Portals Vells,2025-08-15 19:00:00,27.0,51.44897
Portals Vells,2025-08-15 20:00:00,30.0,57.83637
Portals Vells,2025-08-16 08:00:00,23.0,63.4404
Portals Vells,2025-08-16 09:00:00,32.0,45.88012
Portals Vells,2025-08-16 10:00:00,29.0,58.101486
Portals Vells,2025-08-16 11:00:00,21.0,55.20293
Portals Vells,2025-08-16 12:00:00,16.0,52.882225
Portals Vells,2025-08-16 13:00:00,24.0,48.74989
Portals Vells,2025-08-16 14:00:00,17.0,42.945263
Portals Vells,2025-08-16 15:00:00,16.0,38.97452
Portals Vells,2025-08-16 16:00:00,9.0,30.845089
Portals Vells,2025-08-16 17:00:00,8.0,14.435028
Portals Vells,2025-08-16 18:00:00,24.0,37.67386
Portals Vells,2025-08-16 19:00:00,42.0,52.84434
Portals Vells,2025-08-16 20:00:00,51.0,59.456886
Portals Vells,2025-08-17 08:00:00,57.0,59.701935
Portals Vells,2025-08-17 09:00:00,71.0,51.22017
Portals Vells,2025-08-17 10:00:00,67.0,55.631138
Portals Vells,2025-08-17 11:00:00,69.0,45.11587
Portals Vells,2025-08-17 12:00:00,48.0,47.28155
Portals Vells,2025-08-17 13:00:00,30.0,46.500973
Portals Vells,2025-08-17 14:00:00,18.0,41.814663
Portals Vells,2025-08-17 15:00:00,32.0,35.9531
Portals Vells,2025-08-17 16:00:00,6.0,29.097351
Portals Vells,2025-08-17 17:00:00,8.0,7.887445
Portals Vells,2025-08-17 18:00:00,25.0,35.874893
Portals Vells,2025-08-17 19:00:00,26.0,51.070045
Portals Vells,2025-08-17 20:00:00,32.0,55.89469
Portals Vells,2025-08-18 08:00:00,43.0,59.28705
Portals Vells,2025-08-18 09:00:00,37.0,44.41198
Portals Vells,2025-08-18 10:00:00,33.0,50.710194
Portals Vells,2025-08-18 11:00:00,44.0,47.48495
Portals Vells,2025-08-18 12:00:00,36.0,47.25374
Portals Vells,2025-08-18 13:00:00,31.0,46.54995
Portals Vells,2025-08-18 14:00:00,26.0,42.90143
Portals Vells,2025-08-18 15:00:00,31.0,36.06265
Portals Vells,2025-08-18 16:00:00,6.0,27.601343
Portals Vells,2025-08-18 17:00:00,8.0,12.513079
Portals Vells,2025-08-18 18:00:00,35.0,29.483751
Portals Vells,2025-08-18 19:00:00,26.0,44.96844
Portals Vells,2025-08-18 20:00:00,43.0,49.08267
Portals Vells,2025-08-19 08:00:00,44.0,48.755737
Portals Vells,2025-08-19 09:00:00,26.0,54.03777
Portals Vells,2025-08-19 10:00:00,39.0,49.342113
Portals Vells,2025-08-19 11:00:00,45.0,42.853104
Portals Vells,2025-08-19 12:00:00,41.0,45.4
Portals Vells,2025-08-19 13:00:00,37.0,39.60838
Portals Vells,2025-08-19 14:00:00,23.0,32.927956
Portals Vells,2025-08-19 15:00:00,17.0,31.23348
Portals Vells,2025-08-19 16:00:00,7.0,21.695618
Portals Vells,2025-08-19 17:00:00,8.0,12.929762
Portals Vells,2025-08-19 18:00:00,31.0,45.29576
Portals Vells,2025-08-19 19:00:00,39.0,45.275352
Portals Vells,2025-08-19 20:00:00,52.0,38.926178
Portals Vells,2025-08-20 08:00:00,66.0,47.56489
Portals Vells,2025-08-20 09:00:00,53.0,51.754147
Portals Vells,2025-08-20 10:00:00,36.0,48.358486
Portals Vells,2025-08-20 11:00:00,38.0,49.310696
Portals Vells,2025-08-20 12:00:00,39.0,46.27661
Portals Vells,2025-08-20 13:00:00,27.0,38.139774
Portals Vells,2025-08-20 14:00:00,24.0,30.406351
Portals Vells,2025-08-20 15:00:00,19.0,27.19201
Portals Vells,2025-08-20 16:00:00,6.0,21.61448
Portals Vells,2025-08-20 17:00:00,7.0,12.130745
Portals Vells,2025-08-20 18:00:00,43.0,31.68216
Portals Vells,2025-08-20 19:00:00,54.0,46.04225
Portals Vells,2025-08-20 20:00:00,51.0,48.71684
Portals Vells,2025-08-21 08:00:00,72.0,51.53631
Portals Vells,2025-08-21 09:00:00,55.0,43.490387
Portals Vells,2025-08-21 10:00:00,63.0,45.509624
Portals Vells,2025-08-21 11:00:00,61.0,46.044357
Portals Vells,2025-08-21 12:00:00,56.0,42.510605
Portals Vells,2025-08-21 13:00:00,40.0,36.74539
Portals Vells,2025-08-21 14:00:00,44.0,28.785505
Portals Vells,2025-08-21 15:00:00,15.0,24.095394
Portals Vells,2025-08-21 16:00:00,6.0,21.91179
Portals Vells,2025-08-21 17:00:00,7.0,12.613199
Portals Vells,2025-08-21 18:00:00,39.0,33.727425
Portals Vells,2025-08-21 19:00:00,43.0,45.388615
Portals Vells,2025-08-21 20:00:00,64.0,53.327454
Portals Vells,2025-08-22 08:00:00,76.0,57.892277
Portals Vells,2025-08-22 09:00:00,107.0,55.19842
Portals Vells,2025-08-22 10:00:00,135.0,56.086918
Portals Vells,2025-08-22 11:00:00,175.0,59.259434
Portals Vells,2025-08-22 12:00:00,101.0,54.340096
Portals Vells,2025-08-22 13:00:00,80.0,47.721333
Portals Vells,2025-08-22 14:00:00,43.0,37.674812
Portals Vells,2025-08-22 15:00:00,42.0,33.55793
Portals Vells,2025-08-22 16:00:00,8.0,24.645264
Portals Vells,2025-08-22 17:00:00,6.0,15.520588
Portals Vells,2025-08-22 18:00:00,23.0,35.270733
Portals Vells,2025-08-22 19:00:00,24.0,54.859856
Portals Vells,2025-08-22 20:00:00,37.0,45.375565
Portals Vells,2025-08-23 08:00:00,36.0,40.458553
Portals Vells,2025-08-23 09:00:00,28.0,47.497818
Portals Vells,2025-08-23 10:00:00,50.0,50.521797
Portals Vells,2025-08-23 11:00:00,59.0,46.43577
Portals Vells,2025-08-23 12:00:00,51.0,57.141712
Portals Vells,2025-08-23 13:00:00,32.0,46.481583
Portals Vells,2025-08-23 14:00:00,30.0,33.054626
Portals Vells,2025-08-23 15:00:00,14.0,27.631098
Portals Vells,2025-08-23 16:00:00,6.0,16.78776
Portals Vells,2025-08-23 17:00:00,6.0,6.6796565
Portals Vells,2025-08-23 18:00:00,16.0,44.421402
Portals Vells,2025-08-23 19:00:00,32.0,43.755253
Portals Vells,2025-08-23 20:00:00,29.0,57.240658
Portals Vells,2025-08-24 08:00:00,37.0,58.93357
Portals Vells,2025-08-24 09:00:00,31.0,57.258095
Portals Vells,2025-08-24 10:00:00,36.0,56.81099
Portals Vells,2025-08-24 11:00:00,34.0,55.688366
Portals Vells,2025-08-24 12:00:00,38.0,51.44102
Portals Vells,2025-08-24 13:00:00,33.0,41.805904
Portals Vells,2025-08-24 14:00:00,22.0,30.918482
Portals Vells,2025-08-24 15:00:00,20.0,30.951075
Portals Vells,2025-08-24 16:00:00,7.0,18.006964
Portals Vells,2025-08-24 17:00:00,6.0,10.09559
Portals Vells,2025-08-24 18:00:00,40.0,46.591198
Portals Vells,2025-08-24 19:00:00,45.0,76.7608
Portals Vells,2025-08-24 20:00:00,76.0,68.03395
Portals Vells,2025-08-25 08:00:00,44.0,64.60054
Portals Vells,2025-08-25 09:00:00,79.0,64.661026
Portals Vells,2025-08-25 10:00:00,69.0,63.938156
Portals Vells,2025-08-25 11:00:00,133.0,57.362732
Portals Vells,2025-08-25 12:00:00,74.0,51.957634
Portals Vells,2025-08-25 13:00:00,37.0,47.963383
Portals Vells,2025-08-25 14:00:00,18.0,38.838806
Portals Vells,2025-08-25 15:00:00,10.0,41.21593
Portals Vells,2025-08-25 16:00:00,7.0,25.05552
Portals Vells,2025-08-25 17:00:00,7.0,22.688213
Portals Vells,2025-08-25 18:00:00,33.0,54.71681
Portals Vells,2025-08-25 19:00:00,47.0,71.09948
Portals Vells,2025-08-25 20:00:00,66.0,75.430084
Portals Vells,2025-08-26 08:00:00,56.0,66.11804
Portals Vells,2025-08-26 09:00:00,155.0,58.500732
Portals Vells,2025-08-26 10:00:00,182.0,56.912445
Portals Vells,2025-08-26 11:00:00,106.0,55.569916
Portals Vells,2025-08-26 12:00:00,63.0,53.436985
Portals Vells,2025-08-26 13:00:00,43.0,41.22824
Portals Vells,2025-08-26 14:00:00,28.0,32.35821
Portals Vells,2025-08-26 15:00:00,16.0,30.410284
Portals Vells,2025-08-26 16:00:00,6.0,23.602268
Portals Vells,2025-08-26 17:00:00,7.0,14.129452
Portals Vells,2025-08-26 18:00:00,29.0,37.861805
Portals Vells,2025-08-26 19:00:00,40.0,55.556526
Portals Vells,2025-08-26 20:00:00,42.0,45.534134
Portals Vells,2025-08-27 08:00:00,34.0,50.01702
Portals Vells,2025-08-27 09:00:00,30.0,44.500763
Portals Vells,2025-08-27 10:00:00,31.0,42.022434
Portals Vells,2025-08-27 11:00:00,18.0,38.856236
Portals Vells,2025-08-27 12:00:00,19.0,35.400818
Portals Vells,2025-08-27 13:00:00,29.0,26.837578
Portals Vells,2025-08-27 14:00:00,13.0,23.428665
Portals Vells,2025-08-27 15:00:00,15.0,22.245483
Portals Vells,2025-08-27 16:00:00,5.0,10.229179
Portals Vells,2025-08-27 17:00:00,5.0,10.700137
Portals Vells,2025-08-27 18:00:00,22.0,30.472866
Portals Vells,2025-08-27 19:00:00,35.0,40.435738
Portals Vells,2025-08-27 20:00:00,56.0,46.674763
Portals Vells,2025-08-28 08:00:00,25.0,50.88854
Portals Vells,2025-08-28 09:00:00,26.0,45.714813
Portals Vells,2025-08-28 10:00:00,40.0,47.046444
Portals Vells,2025-08-28 11:00:00,23.0,43.01969
Portals Vells,2025-08-28 12:00:00,27.0,38.897366
Portals Vells,2025-08-28 13:00:00,29.0,30.888739
Portals Vells,2025-08-28 14:00:00,22.0,30.305445
Portals Vells,2025-08-28 15:00:00,14.0,27.122385
Portals Vells,2025-08-28 16:00:00,6.0,15.648819
Portals Vells,2025-08-28 17:00:00,7.0,12.598174
Portals Vells,2025-08-28 18:00:00,30.0,26.326727
Portals Vells,2025-08-28 19:00:00,40.0,30.940508
Portals Vells,2025-08-28 20:00:00,57.0,40.770996
Portals Vells,2025-08-29 08:00:00,42.0,50.011784
Portals Vells,2025-08-29 09:00:00,42.0,46.65466
Portals Vells,2025-08-29 10:00:00,59.0,45.650826
Portals Vells,2025-08-29 11:00:00,54.0,29.359228
Portals Vells,2025-08-29 12:00:00,42.0,33.14937
Portals Vells,2025-08-29 13:00:00,42.0,27.607178
Portals Vells,2025-08-29 14:00:00,23.0,27.659163
Portals Vells,2025-08-29 15:00:00,19.0,26.298714
Portals Vells,2025-08-29 16:00:00,6.0,11.343031
Portals Vells,2025-08-29 17:00:00,6.0,7.334078
Portals Vells,2025-08-29 18:00:00,14.0,22.868994
Portals Vells,2025-08-29 19:00:00,27.0,33.500046
Portals Vells,2025-08-29 20:00:00,24.0,39.387665
Portals Vells,2025-08-30 08:00:00,42.0,46.89469
Portals Vells,2025-08-30 09:00:00,52.0,44.80865
Portals Vells,2025-08-30 10:00:00,25.0,33.053143
Portals Vells,2025-08-30 11:00:00,41.0,47.285896
Portals Vells,2025-08-30 12:00:00,37.0,34.839027
Portals Vells,2025-08-30 13:00:00,27.0,28.512907
Portals Vells,2025-08-30 14:00:00,14.0,27.839355
Portals Vells,2025-08-30 15:00:00,18.0,23.275314
Portals Vells,2025-08-30 16:00:00,7.0,12.308682
Portals Vells,2025-08-30 17:00:00,6.0,12.742254
Portals Vells,2025-08-30 18:00:00,17.0,24.381575
Portals Vells,2025-08-30 19:00:00,22.0,36.10452
Portals Vells,2025-08-30 20:00:00,9.0,22.278316
Sant Antoni de Portmany,2025-06-01 08:00:00,35.0,43.801243
Sant Antoni de Portmany,2025-06-01 09:00:00,55.0,42.547585
Sant Antoni de Portmany,2025-06-01 10:00:00,46.0,48.56086
Sant Antoni de Portmany,2025-06-01 11:00:00,38.0,52.475483
Sant Antoni de Portmany,2025-06-01 12:00:00,22.0,45.21104
Sant Antoni de Portmany,2025-06-01 13:00:00,35.0,35.168602
Sant Antoni de Portmany,2025-06-01 14:00:00,25.0,29.552414
Sant Antoni de Portmany,2025-06-01 15:00:00,28.0,29.70559
Sant Antoni de Portmany,2025-06-01 16:00:00,6.0,20.233715
Sant Antoni de Portmany,2025-06-01 17:00:00,13.0,32.003597
Sant Antoni de Portmany,2025-06-01 18:00:00,21.0,47.428585
Sant Antoni de Portmany,2025-06-01 19:00:00,52.0,58.386726
Sant Antoni de Portmany,2025-06-01 20:00:00,62.0,55.31601
Sant Antoni de Portmany,2025-06-02 08:00:00,30.0,62.98771
Sant Antoni de Portmany,2025-06-02 09:00:00,53.0,45.238094
Sant Antoni de Portmany,2025-06-02 10:00:00,27.0,49.192837
Sant Antoni de Portmany,2025-06-02 11:00:00,38.0,48.38123
Sant Antoni de Portmany,2025-06-02 13:00:00,65.0,45.22145
Sant Antoni de Portmany,2025-06-02 14:00:00,40.0,35.972588
Sant Antoni de Portmany,2025-06-02 15:00:00,27.0,33.661366
Sant Antoni de Portmany,2025-06-02 16:00:00,30.0,29.610285
Sant Antoni de Portmany,2025-06-02 17:00:00,6.0,19.639032
Sant Antoni de Portmany,2025-06-02 18:00:00,26.0,35.489483
Sant Antoni de Portmany,2025-06-02 19:00:00,40.0,49.71461
Sant Antoni de Portmany,2025-06-02 20:00:00,40.0,46.635395
Sant Antoni de Portmany,2025-06-03 08:00:00,59.0,52.08689
Sant Antoni de Portmany,2025-06-03 09:00:00,37.0,49.88136
Sant Antoni de Portmany,2025-06-03 10:00:00,59.0,46.65881
Sant Antoni de Portmany,2025-06-03 11:00:00,70.0,51.764194
Sant Antoni de Portmany,2025-06-03 12:00:00,48.0,46.71571
Sant Antoni de Portmany,2025-06-03 13:00:00,30.0,41.208458
Sant Antoni de Portmany,2025-06-03 14:00:00,28.0,33.48818
Sant Antoni de Portmany,2025-06-03 15:00:00,25.0,31.972599
Sant Antoni de Portmany,2025-06-03 16:00:00,25.0,26.494593
Sant Antoni de Portmany,2025-06-03 17:00:00,6.0,19.791836
Sant Antoni de Portmany,2025-06-03 18:00:00,43.0,42.000957
Sant Antoni de Portmany,2025-06-03 19:00:00,81.0,54.65022
Sant Antoni de Portmany,2025-06-03 20:00:00,48.0,56.75013
Sant Antoni de Portmany,2025-06-04 08:00:00,61.0,55.21188
Sant Antoni de Portmany,2025-06-04 09:00:00,53.0,45.56806
Sant Antoni de Portmany,2025-06-04 10:00:00,66.0,46.19958
Sant Antoni de Portmany,2025-06-04 11:00:00,65.0,45.39876
Sant Antoni de Portmany,2025-06-04 12:00:00,43.0,45.32923
Sant Antoni de Portmany,2025-06-04 13:00:00,20.0,36.222355
Sant Antoni de Portmany,2025-06-04 14:00:00,28.0,30.277134
Sant Antoni de Portmany,2025-06-04 15:00:00,28.0,25.72631
Sant Antoni de Portmany,2025-06-04 16:00:00,33.0,18.514244
Sant Antoni de Portmany,2025-06-04 17:00:00,6.0,14.360877
Sant Antoni de Portmany,2025-06-04 18:00:00,29.0,34.107822
Sant Antoni de Portmany,2025-06-04 19:00:00,57.0,47.063766
Sant Antoni de Portmany,2025-06-04 20:00:00,65.0,54.01031
Sant Antoni de Portmany,2025-06-05 08:00:00,69.0,52.841354
Sant Antoni de Portmany,2025-06-05 09:00:00,65.0,46.210026
Sant Antoni de Portmany,2025-06-05 10:00:00,59.0,45.77602
Sant Antoni de Portmany,2025-06-05 11:00:00,60.0,44.43614
Sant Antoni de Portmany,2025-06-05 12:00:00,63.0,49.19132
Sant Antoni de Portmany,2025-06-05 13:00:00,31.0,32.33601
Sant Antoni de Portmany,2025-06-05 14:00:00,42.0,26.504553
Sant Antoni de Portmany,2025-06-05 15:00:00,31.0,21.07041
Sant Antoni de Portmany,2025-06-05 16:00:00,35.0,25.40183
Sant Antoni de Portmany,2025-06-05 17:00:00,6.0,18.453995
Sant Antoni de Portmany,2025-06-05 18:00:00,47.0,43.532787
Sant Antoni de Portmany,2025-06-05 19:00:00,80.0,55.39967
Sant Antoni de Portmany,2025-06-05 20:00:00,86.0,61.471275
Sant Antoni de Portmany,2025-06-06 08:00:00,94.0,60.609142
Sant Antoni de Portmany,2025-06-06 09:00:00,93.0,45.958546
Sant Antoni de Portmany,2025-06-06 10:00:00,71.0,51.36942
Sant Antoni de Portmany,2025-06-06 11:00:00,70.0,48.885117
Sant Antoni de Portmany,2025-06-06 12:00:00,65.0,45.74189
Sant Antoni de Portmany,2025-06-06 13:00:00,47.0,42.41085
Sant Antoni de Portmany,2025-06-06 14:00:00,37.0,35.31437
Sant Antoni de Portmany,2025-06-06 15:00:00,38.0,34.436985
Sant Antoni de Portmany,2025-06-06 16:00:00,24.0,31.117933
Sant Antoni de Portmany,2025-06-06 17:00:00,6.0,21.076698
Sant Antoni de Portmany,2025-06-06 18:00:00,31.0,41.41289
Sant Antoni de Portmany,2025-06-06 19:00:00,53.0,47.048298
Sant Antoni de Portmany,2025-06-06 20:00:00,52.0,42.404537
Sant Antoni de Portmany,2025-06-07 08:00:00,60.0,49.329758
Sant Antoni de Portmany,2025-06-07 09:00:00,39.0,38.85967
Sant Antoni de Portmany,2025-06-07 10:00:00,56.0,36.16351
Sant Antoni de Portmany,2025-06-07 11:00:00,45.0,39.265736
Sant Antoni de Portmany,2025-06-07 12:00:00,30.0,41.294235
Sant Antoni de Portmany,2025-06-07 13:00:00,24.0,39.5574
Sant Antoni de Portmany,2025-06-07 14:00:00,26.0,46.328175
Sant Antoni de Portmany,2025-06-07 15:00:00,23.0,28.520588
Sant Antoni de Portmany,2025-06-07 16:00:00,26.0,28.74239
Sant Antoni de Portmany,2025-06-07 17:00:00,5.0,20.627329
Sant Antoni de Portmany,2025-06-07 18:00:00,122.0,41.434143
Sant Antoni de Portmany,2025-06-07 19:00:00,135.0,45.7814
Sant Antoni de Portmany,2025-06-07 20:00:00,92.0,41.838684
Sant Antoni de Portmany,2025-06-08 08:00:00,42.0,52.479313
Sant Antoni de Portmany,2025-06-08 09:00:00,62.0,43.507565
Sant Antoni de Portmany,2025-06-08 10:00:00,39.0,44.087708
Sant Antoni de Portmany,2025-06-08 11:00:00,47.0,46.936577
Sant Antoni de Portmany,2025-06-08 12:00:00,45.0,46.35948
Sant Antoni de Portmany,2025-06-08 13:00:00,27.0,41.699417
Sant Antoni de Portmany,2025-06-08 14:00:00,32.0,32.38012
Sant Antoni de Portmany,2025-06-08 15:00:00,18.0,28.137486
Sant Antoni de Portmany,2025-06-08 16:00:00,15.0,27.65579
Sant Antoni de Portmany,2025-06-08 17:00:00,6.0,21.447573
Sant Antoni de Portmany,2025-06-08 18:00:00,27.0,39.63055
Sant Antoni de Portmany,2025-06-08 19:00:00,41.0,42.481792
Sant Antoni de Portmany,2025-06-08 20:00:00,32.0,41.92626
Sant Antoni de Portmany,2025-06-09 08:00:00,43.0,55.7282
Sant Antoni de Portmany,2025-06-09 09:00:00,43.0,43.021267
Sant Antoni de Portmany,2025-06-09 10:00:00,45.0,45.065613
Sant Antoni de Portmany,2025-06-09 11:00:00,50.0,47.51475
Sant Antoni de Portmany,2025-06-09 12:00:00,48.0,49.87247
Sant Antoni de Portmany,2025-06-09 13:00:00,29.0,43.81037
Sant Antoni de Portmany,2025-06-09 14:00:00,38.0,34.71213
Sant Antoni de Portmany,2025-06-09 15:00:00,35.0,32.49772
Sant Antoni de Portmany,2025-06-09 16:00:00,39.0,29.972715
Sant Antoni de Portmany,2025-06-09 17:00:00,6.0,20.796213
Sant Antoni de Portmany,2025-06-09 18:00:00,117.0,40.373943
Sant Antoni de Portmany,2025-06-09 19:00:00,122.0,46.837723
Sant Antoni de Portmany,2025-06-09 20:00:00,138.0,53.875484
Sant Antoni de Portmany,2025-06-10 08:00:00,44.0,57.03147
Sant Antoni de Portmany,2025-06-10 09:00:00,41.0,48.048462
Sant Antoni de Portmany,2025-06-10 10:00:00,68.0,50.21136
Sant Antoni de Portmany,2025-06-10 11:00:00,92.0,49.207214
Sant Antoni de Portmany,2025-06-10 12:00:00,55.0,49.698586
Sant Antoni de Portmany,2025-06-10 13:00:00,59.0,44.968376
Sant Antoni de Portmany,2025-06-10 14:00:00,18.0,36.651577
Sant Antoni de Portmany,2025-06-10 15:00:00,30.0,30.892464
Sant Antoni de Portmany,2025-06-10 16:00:00,32.0,31.333958
Sant Antoni de Portmany,2025-06-10 17:00:00,5.0,21.39246
Sant Antoni de Portmany,2025-06-10 18:00:00,28.0,41.889977
Sant Antoni de Portmany,2025-06-10 19:00:00,48.0,48.98176
Sant Antoni de Portmany,2025-06-10 20:00:00,66.0,53.704273
Sant Antoni de Portmany,2025-06-11 08:00:00,64.0,59.92558
Sant Antoni de Portmany,2025-06-11 09:00:00,60.0,52.676685
Sant Antoni de Portmany,2025-06-11 10:00:00,64.0,46.3925
Sant Antoni de Portmany,2025-06-11 11:00:00,62.0,47.82825
Sant Antoni de Portmany,2025-06-11 12:00:00,58.0,48.82478
Sant Antoni de Portmany,2025-06-11 13:00:00,44.0,43.00132
Sant Antoni de Portmany,2025-06-11 14:00:00,24.0,36.64903
Sant Antoni de Portmany,2025-06-11 15:00:00,19.0,29.788006
Sant Antoni de Portmany,2025-06-11 16:00:00,37.0,31.569208
Sant Antoni de Portmany,2025-06-11 17:00:00,10.0,21.043121
Sant Antoni de Portmany,2025-06-11 18:00:00,24.0,43.680164
Sant Antoni de Portmany,2025-06-11 19:00:00,35.0,53.89338
Sant Antoni de Portmany,2025-06-11 20:00:00,70.0,56.979553
Sant Antoni de Portmany,2025-06-12 08:00:00,70.0,63.623314
Sant Antoni de Portmany,2025-06-12 09:00:00,51.0,52.99107
Sant Antoni de Portmany,2025-06-12 10:00:00,65.0,56.240986
Sant Antoni de Portmany,2025-06-12 11:00:00,70.0,57.910145
Sant Antoni de Portmany,2025-06-12 12:00:00,89.0,57.61912
Sant Antoni de Portmany,2025-06-12 13:00:00,51.0,49.240414
Sant Antoni de Portmany,2025-06-12 14:00:00,41.0,40.670906
Sant Antoni de Portmany,2025-06-12 15:00:00,31.0,35.461422
Sant Antoni de Portmany,2025-06-12 16:00:00,39.0,35.923573
Sant Antoni de Portmany,2025-06-12 17:00:00,8.0,24.998343
Sant Antoni de Portmany,2025-06-12 18:00:00,27.0,43.441036
Sant Antoni de Portmany,2025-06-12 19:00:00,47.0,52.61823
Sant Antoni de Portmany,2025-06-12 20:00:00,74.0,63.695126
Sant Antoni de Portmany,2025-06-13 08:00:00,86.0,75.921455
Sant Antoni de Portmany,2025-06-13 09:00:00,82.0,67.645905
Sant Antoni de Portmany,2025-06-13 10:00:00,88.0,58.553154
Sant Antoni de Portmany,2025-06-13 11:00:00,72.0,69.5226
Sant Antoni de Portmany,2025-06-13 12:00:00,79.0,63.735657
Sant Antoni de Portmany,2025-06-13 13:00:00,66.0,54.582436
Sant Antoni de Portmany,2025-06-13 14:00:00,48.0,47.660988
Sant Antoni de Portmany,2025-06-13 15:00:00,46.0,41.195568
Sant Antoni de Portmany,2025-06-13 16:00:00,38.0,38.969803
Sant Antoni de Portmany,2025-06-13 17:00:00,5.0,26.241081
Sant Antoni de Portmany,2025-06-13 18:00:00,30.0,36.71145
Sant Antoni de Portmany,2025-06-13 19:00:00,48.0,46.924587
Sant Antoni de Portmany,2025-06-13 20:00:00,55.0,47.29508
Sant Antoni de Portmany,2025-06-14 08:00:00,53.0,54.60385
Sant Antoni de Portmany,2025-06-14 09:00:00,43.0,45.575306
Sant Antoni de Portmany,2025-06-14 10:00:00,71.0,45.021183
Sant Antoni de Portmany,2025-06-14 11:00:00,53.0,53.299316
Sant Antoni de Portmany,2025-06-14 12:00:00,39.0,49.35593
Sant Antoni de Portmany,2025-06-14 13:00:00,19.0,43.47997
Sant Antoni de Portmany,2025-06-14 14:00:00,26.0,37.489456
Sant Antoni de Portmany,2025-06-14 15:00:00,35.0,35.779415
Sant Antoni de Portmany,2025-06-14 16:00:00,8.0,22.423534
Sant Antoni de Portmany,2025-06-14 17:00:00,26.0,38.79082
Sant Antoni de Portmany,2025-06-14 18:00:00,32.0,51.6246
Sant Antoni de Portmany,2025-06-14 19:00:00,71.0,51.860348
Sant Antoni de Portmany,2025-06-14 20:00:00,61.0,63.087894
Sant Antoni de Portmany,2025-06-15 08:00:00,55.0,60.65774
Sant Antoni de Portmany,2025-06-15 09:00:00,50.0,57.885056
Sant Antoni de Portmany,2025-06-15 10:00:00,66.0,56.097794
Sant Antoni de Portmany,2025-06-15 11:00:00,100.0,59.864536
Sant Antoni de Portmany,2025-06-15 12:00:00,46.0,58.101223
Sant Antoni de Portmany,2025-06-15 13:00:00,42.0,58.196163
Sant Antoni de Portmany,2025-06-15 14:00:00,38.0,46.30138
Sant Antoni de Portmany,2025-06-15 15:00:00,44.0,45.23688
Sant Antoni de Portmany,2025-06-15 16:00:00,22.0,25.399221
Sant Antoni de Portmany,2025-06-15 17:00:00,28.0,58.396526
Sant Antoni de Portmany,2025-06-15 18:00:00,38.0,70.922165
Sant Antoni de Portmany,2025-06-15 19:00:00,66.0,74.51984
Sant Antoni de Portmany,2025-06-15 20:00:00,73.0,65.92909
Sant Antoni de Portmany,2025-06-16 08:00:00,55.0,73.59855
Sant Antoni de Portmany,2025-06-16 09:00:00,50.0,64.27568
Sant Antoni de Portmany,2025-06-16 10:00:00,57.0,61.494778
Sant Antoni de Portmany,2025-06-16 11:00:00,52.0,58.24543
Sant Antoni de Portmany,2025-06-16 12:00:00,60.0,52.539898
Sant Antoni de Portmany,2025-06-16 13:00:00,45.0,46.225903
Sant Antoni de Portmany,2025-06-16 14:00:00,21.0,44.36868
Sant Antoni de Portmany,2025-06-16 15:00:00,40.0,42.228592
Sant Antoni de Portmany,2025-06-16 16:00:00,9.0,24.245083
Sant Antoni de Portmany,2025-06-16 17:00:00,18.0,47.853477
Sant Antoni de Portmany,2025-06-16 18:00:00,49.0,59.89135
Sant Antoni de Portmany,2025-06-16 19:00:00,43.0,55.441677
Sant Antoni de Portmany,2025-06-16 20:00:00,56.0,57.309208
Sant Antoni de Portmany,2025-06-17 08:00:00,67.0,65.767555
Sant Antoni de Portmany,2025-06-17 09:00:00,80.0,79.0774
Sant Antoni de Portmany,2025-06-17 10:00:00,83.0,80.76685
Sant Antoni de Portmany,2025-06-17 11:00:00,73.0,76.145515
Sant Antoni de Portmany,2025-06-17 12:00:00,59.0,58.105946
Sant Antoni de Portmany,2025-06-17 13:00:00,44.0,52.21676
Sant Antoni de Portmany,2025-06-17 14:00:00,22.0,52.028927
Sant Antoni de Portmany,2025-06-17 15:00:00,32.0,45.34359
Sant Antoni de Portmany,2025-06-17 16:00:00,21.0,26.887484
Sant Antoni de Portmany,2025-06-17 17:00:00,21.0,49.99877
Sant Antoni de Portmany,2025-06-17 18:00:00,39.0,70.078636
Sant Antoni de Portmany,2025-06-17 19:00:00,54.0,68.5157
Sant Antoni de Portmany,2025-06-17 20:00:00,64.0,72.30655
Sant Antoni de Portmany,2025-06-18 08:00:00,82.0,63.114243
Sant Antoni de Portmany,2025-06-18 09:00:00,65.0,59.474087
Sant Antoni de Portmany,2025-06-18 10:00:00,57.0,59.599766
Sant Antoni de Portmany,2025-06-18 11:00:00,56.0,57.31312
Sant Antoni de Portmany,2025-06-18 12:00:00,43.0,49.66775
Sant Antoni de Portmany,2025-06-18 13:00:00,38.0,40.8333
Sant Antoni de Portmany,2025-06-18 14:00:00,30.0,34.36069
Sant Antoni de Portmany,2025-06-18 15:00:00,60.0,34.905952
Sant Antoni de Portmany,2025-06-18 16:00:00,25.0,24.432724
Sant Antoni de Portmany,2025-06-18 17:00:00,17.0,42.348347
Sant Antoni de Portmany,2025-06-18 18:00:00,28.0,49.052242
Sant Antoni de Portmany,2025-06-18 19:00:00,51.0,54.988415
Sant Antoni de Portmany,2025-06-18 20:00:00,54.0,57.64434
Sant Antoni de Portmany,2025-06-19 08:00:00,63.0,60.163536
Sant Antoni de Portmany,2025-06-19 09:00:00,46.0,68.20571
Sant Antoni de Portmany,2025-06-19 10:00:00,46.0,75.07364
Sant Antoni de Portmany,2025-06-19 11:00:00,56.0,68.36801
Sant Antoni de Portmany,2025-06-19 12:00:00,58.0,63.7222
Sant Antoni de Portmany,2025-06-19 13:00:00,42.0,50.177464
Sant Antoni de Portmany,2025-06-19 14:00:00,49.0,47.793198
Sant Antoni de Portmany,2025-06-19 15:00:00,41.0,53.28472
Sant Antoni de Portmany,2025-06-19 16:00:00,31.0,31.19839
Sant Antoni de Portmany,2025-06-19 17:00:00,26.0,48.38008
Sant Antoni de Portmany,2025-06-19 18:00:00,34.0,70.06589
Sant Antoni de Portmany,2025-06-19 19:00:00,54.0,75.9815
Sant Antoni de Portmany,2025-06-19 20:00:00,89.0,79.33833
Sant Antoni de Portmany,2025-06-20 08:00:00,107.0,79.08875
Sant Antoni de Portmany,2025-06-20 09:00:00,94.0,80.44126
Sant Antoni de Portmany,2025-06-20 10:00:00,95.0,72.06773
Sant Antoni de Portmany,2025-06-20 11:00:00,85.0,68.91852
Sant Antoni de Portmany,2025-06-20 12:00:00,60.0,62.947483
Sant Antoni de Portmany,2025-06-20 13:00:00,48.0,74.50332
Sant Antoni de Portmany,2025-06-20 14:00:00,29.0,66.96327
Sant Antoni de Portmany,2025-06-20 15:00:00,28.0,48.099144
Sant Antoni de Portmany,2025-06-20 16:00:00,10.0,31.709797
Sant Antoni de Portmany,2025-06-20 17:00:00,31.0,40.666275
Sant Antoni de Portmany,2025-06-20 18:00:00,37.0,54.02173
Sant Antoni de Portmany,2025-06-20 19:00:00,48.0,56.6384
Sant Antoni de Portmany,2025-06-20 20:00:00,75.0,57.844448
Sant Antoni de Portmany,2025-06-21 08:00:00,57.0,62.141777
Sant Antoni de Portmany,2025-06-21 09:00:00,84.0,55.444733
Sant Antoni de Portmany,2025-06-21 10:00:00,73.0,57.677113
Sant Antoni de Portmany,2025-06-21 11:00:00,74.0,58.622177
Sant Antoni de Portmany,2025-06-21 12:00:00,41.0,54.092365
Sant Antoni de Portmany,2025-06-21 13:00:00,41.0,49.38157
Sant Antoni de Portmany,2025-06-21 14:00:00,41.0,46.07408
Sant Antoni de Portmany,2025-06-21 15:00:00,37.0,53.70001
Sant Antoni de Portmany,2025-06-21 16:00:00,8.0,36.28574
Sant Antoni de Portmany,2025-06-21 17:00:00,22.0,38.511242
Sant Antoni de Portmany,2025-06-21 18:00:00,52.0,44.607857
Sant Antoni de Portmany,2025-06-21 19:00:00,68.0,55.72505
Sant Antoni de Portmany,2025-06-21 20:00:00,74.0,52.656708
Sant Antoni de Portmany,2025-06-22 08:00:00,77.0,59.04231
Sant Antoni de Portmany,2025-06-22 09:00:00,72.0,56.415676
Sant Antoni de Portmany,2025-06-22 10:00:00,58.0,49.72686
Sant Antoni de Portmany,2025-06-22 11:00:00,79.0,47.041676
Sant Antoni de Portmany,2025-06-22 12:00:00,43.0,49.74413
Sant Antoni de Portmany,2025-06-22 13:00:00,42.0,43.771606
Sant Antoni de Portmany,2025-06-22 14:00:00,33.0,42.67213
Sant Antoni de Portmany,2025-06-22 15:00:00,36.0,37.707993
Sant Antoni de Portmany,2025-06-22 16:00:00,22.0,20.17678
Sant Antoni de Portmany,2025-06-22 17:00:00,22.0,22.897251
Sant Antoni de Portmany,2025-06-22 18:00:00,40.0,44.90537
Sant Antoni de Portmany,2025-06-22 19:00:00,75.0,61.96189
Sant Antoni de Portmany,2025-06-22 20:00:00,70.0,48.46939
Sant Antoni de Portmany,2025-06-23 08:00:00,61.0,50.7187
Sant Antoni de Portmany,2025-06-23 09:00:00,74.0,54.024776
Sant Antoni de Portmany,2025-06-23 10:00:00,75.0,56.618523
Sant Antoni de Portmany,2025-06-23 11:00:00,78.0,52.279636
Sant Antoni de Portmany,2025-06-23 12:00:00,54.0,46.07936
Sant Antoni de Portmany,2025-06-23 13:00:00,25.0,43.59132
Sant Antoni de Portmany,2025-06-23 15:00:00,14.0,40.83311
Sant Antoni de Portmany,2025-06-23 16:00:00,18.0,51.28505
Sant Antoni de Portmany,2025-06-23 17:00:00,10.0,23.75028
Sant Antoni de Portmany,2025-06-23 18:00:00,20.0,34.835224
Sant Antoni de Portmany,2025-06-23 19:00:00,42.0,45.68307
Sant Antoni de Portmany,2025-06-23 20:00:00,51.0,46.55601
Sant Antoni de Portmany,2025-06-24 08:00:00,63.0,57.92933
Sant Antoni de Portmany,2025-06-24 09:00:00,70.0,50.258194
Sant Antoni de Portmany,2025-06-24 10:00:00,98.0,51.461594
Sant Antoni de Portmany,2025-06-24 11:00:00,91.0,51.300472
Sant Antoni de Portmany,2025-06-24 12:00:00,88.0,53.01918
Sant Antoni de Portmany,2025-06-24 13:00:00,44.0,46.439194
Sant Antoni de Portmany,2025-06-24 14:00:00,24.0,44.90473
Sant Antoni de Portmany,2025-06-24 15:00:00,21.0,40.977974
Sant Antoni de Portmany,2025-06-24 16:00:00,49.0,48.67498
Sant Antoni de Portmany,2025-06-24 17:00:00,19.0,23.980232
Sant Antoni de Portmany,2025-06-24 18:00:00,32.0,33.977234
Sant Antoni de Portmany,2025-06-24 19:00:00,55.0,36.513393
Sant Antoni de Portmany,2025-06-24 20:00:00,65.0,48.337708
Sant Antoni de Portmany,2025-06-25 08:00:00,59.0,52.162464
Sant Antoni de Portmany,2025-06-25 09:00:00,72.0,49.00786
Sant Antoni de Portmany,2025-06-25 10:00:00,63.0,45.5576
Sant Antoni de Portmany,2025-06-25 11:00:00,82.0,53.451828
Sant Antoni de Portmany,2025-06-25 12:00:00,101.0,52.61354
Sant Antoni de Portmany,2025-06-25 13:00:00,49.0,50.975105
Sant Antoni de Portmany,2025-06-25 14:00:00,27.0,47.074287
Sant Antoni de Portmany,2025-06-25 15:00:00,19.0,40.611656
Sant Antoni de Portmany,2025-06-25 16:00:00,39.0,40.49151
Sant Antoni de Portmany,2025-06-25 17:00:00,21.0,35.61686
Sant Antoni de Portmany,2025-06-25 18:00:00,23.0,41.33102
Sant Antoni de Portmany,2025-06-25 19:00:00,37.0,41.891705
Sant Antoni de Portmany,2025-06-25 20:00:00,57.0,49.284416
Sant Antoni de Portmany,2025-06-26 08:00:00,54.0,62.08106
Sant Antoni de Portmany,2025-06-26 09:00:00,81.0,55.53477
Sant Antoni de Portmany,2025-06-26 10:00:00,81.0,59.753914
Sant Antoni de Portmany,2025-06-26 11:00:00,83.0,54.83451
Sant Antoni de Portmany,2025-06-26 12:00:00,97.0,48.688957
Sant Antoni de Portmany,2025-06-26 13:00:00,77.0,51.159946
Sant Antoni de Portmany,2025-06-26 14:00:00,19.0,46.77389
Sant Antoni de Portmany,2025-06-26 15:00:00,32.0,38.3618
Sant Antoni de Portmany,2025-06-26 16:00:00,43.0,40.14785
Sant Antoni de Portmany,2025-06-26 17:00:00,6.0,24.135277
Sant Antoni de Portmany,2025-06-26 18:00:00,27.0,39.316837
Sant Antoni de Portmany,2025-06-26 19:00:00,30.0,49.324833
Sant Antoni de Portmany,2025-06-26 20:00:00,65.0,55.853897
Sant Antoni de Portmany,2025-06-27 08:00:00,71.0,54.98519
Sant Antoni de Portmany,2025-06-27 09:00:00,88.0,56.39806
Sant Antoni de Portmany,2025-06-27 10:00:00,102.0,57.967834
Sant Antoni de Portmany,2025-06-27 11:00:00,88.0,59.420948
Sant Antoni de Portmany,2025-06-27 12:00:00,88.0,57.84172
Sant Antoni de Portmany,2025-06-27 13:00:00,69.0,50.72072
Sant Antoni de Portmany,2025-06-27 14:00:00,42.0,50.593807
Sant Antoni de Portmany,2025-06-27 15:00:00,35.0,43.031536
Sant Antoni de Portmany,2025-06-27 16:00:00,35.0,41.2375
Sant Antoni de Portmany,2025-06-27 17:00:00,24.0,25.894108
Sant Antoni de Portmany,2025-06-27 18:00:00,25.0,30.614708
Sant Antoni de Portmany,2025-06-27 19:00:00,36.0,41.63463
Sant Antoni de Portmany,2025-06-27 20:00:00,60.0,47.88593
Sant Antoni de Portmany,2025-06-28 08:00:00,66.0,50.396408
Sant Antoni de Portmany,2025-06-28 09:00:00,81.0,47.891895
Sant Antoni de Portmany,2025-06-28 10:00:00,59.0,48.694374
Sant Antoni de Portmany,2025-06-28 11:00:00,63.0,47.507668
Sant Antoni de Portmany,2025-06-28 12:00:00,44.0,48.328014
Sant Antoni de Portmany,2025-06-28 13:00:00,25.0,47.806007
Sant Antoni de Portmany,2025-06-28 14:00:00,12.0,44.59917
Sant Antoni de Portmany,2025-06-28 15:00:00,24.0,40.433334
Sant Antoni de Portmany,2025-06-28 16:00:00,34.0,38.277416
Sant Antoni de Portmany,2025-06-28 17:00:00,6.0,22.884508
Sant Antoni de Portmany,2025-06-28 18:00:00,22.0,31.235043
Sant Antoni de Portmany,2025-06-28 19:00:00,31.0,37.628338
Sant Antoni de Portmany,2025-06-28 20:00:00,32.0,43.398438
Sant Antoni de Portmany,2025-06-29 08:00:00,25.0,43.663967
Sant Antoni de Portmany,2025-06-29 09:00:00,30.0,36.532387
Sant Antoni de Portmany,2025-06-29 10:00:00,38.0,39.62003
Sant Antoni de Portmany,2025-06-29 11:00:00,34.0,41.92631
Sant Antoni de Portmany,2025-06-29 12:00:00,47.0,45.148975
Sant Antoni de Portmany,2025-06-29 13:00:00,26.0,40.648293
Sant Antoni de Portmany,2025-06-29 14:00:00,20.0,38.879154
Sant Antoni de Portmany,2025-06-29 15:00:00,14.0,35.62328
Sant Antoni de Portmany,2025-06-29 16:00:00,29.0,37.795383
Sant Antoni de Portmany,2025-06-29 17:00:00,6.0,17.772749
Sant Antoni de Portmany,2025-06-29 18:00:00,32.0,38.30564
Sant Antoni de Portmany,2025-06-29 19:00:00,61.0,57.1079
Sant Antoni de Portmany,2025-06-29 20:00:00,65.0,56.426155
Sant Antoni de Portmany,2025-06-30 08:00:00,74.0,71.00903
Sant Antoni de Portmany,2025-06-30 09:00:00,63.0,59.905064
Sant Antoni de Portmany,2025-06-30 10:00:00,62.0,71.00565
Sant Antoni de Portmany,2025-06-30 11:00:00,64.0,65.25999
Sant Antoni de Portmany,2025-06-30 12:00:00,72.0,58.489155
Sant Antoni de Portmany,2025-06-30 13:00:00,35.0,57.203243
Sant Antoni de Portmany,2025-06-30 14:00:00,39.0,47.35137
Sant Antoni de Portmany,2025-06-30 15:00:00,28.0,43.004604
Sant Antoni de Portmany,2025-06-30 16:00:00,28.0,39.651775
Sant Antoni de Portmany,2025-06-30 17:00:00,6.0,21.611586
Sant Antoni de Portmany,2025-06-30 18:00:00,27.0,39.456284
Sant Antoni de Portmany,2025-06-30 19:00:00,56.0,54.49076
Sant Antoni de Portmany,2025-06-30 20:00:00,86.0,60.00956
Sant Antoni de Portmany,2025-07-01 08:00:00,71.0,71.33863
Sant Antoni de Portmany,2025-07-01 09:00:00,56.0,62.87198
Sant Antoni de Portmany,2025-07-01 10:00:00,62.0,58.85353
Sant Antoni de Portmany,2025-07-01 11:00:00,64.0,63.46106
Sant Antoni de Portmany,2025-07-01 12:00:00,60.0,57.383556
Sant Antoni de Portmany,2025-07-01 13:00:00,57.0,63.07733
Sant Antoni de Portmany,2025-07-01 14:00:00,26.0,53.322723
Sant Antoni de Portmany,2025-07-01 15:00:00,34.0,45.29369
Sant Antoni de Portmany,2025-07-01 16:00:00,42.0,41.99706
Sant Antoni de Portmany,2025-07-01 17:00:00,6.0,23.160627
Sant Antoni de Portmany,2025-07-01 18:00:00,21.0,40.294582
Sant Antoni de Portmany,2025-07-01 19:00:00,67.0,57.478558
Sant Antoni de Portmany,2025-07-01 20:00:00,65.0,62.422188
Sant Antoni de Portmany,2025-07-02 08:00:00,85.0,67.484924
Sant Antoni de Portmany,2025-07-02 09:00:00,73.0,64.006775
Sant Antoni de Portmany,2025-07-02 10:00:00,51.0,59.81016
Sant Antoni de Portmany,2025-07-02 11:00:00,52.0,57.93022
Sant Antoni de Portmany,2025-07-02 12:00:00,53.0,56.327183
Sant Antoni de Portmany,2025-07-02 13:00:00,35.0,55.69844
Sant Antoni de Portmany,2025-07-02 14:00:00,18.0,51.63587
Sant Antoni de Portmany,2025-07-02 15:00:00,37.0,39.327885
Sant Antoni de Portmany,2025-07-02 16:00:00,6.0,22.102642
Sant Antoni de Portmany,2025-07-02 17:00:00,30.0,36.663456
Sant Antoni de Portmany,2025-07-02 18:00:00,40.0,50.028046
Sant Antoni de Portmany,2025-07-02 19:00:00,62.0,55.626385
Sant Antoni de Portmany,2025-07-02 20:00:00,80.0,69.727165
Sant Antoni de Portmany,2025-07-03 08:00:00,57.0,66.710304
Sant Antoni de Portmany,2025-07-03 09:00:00,46.0,62.549896
Sant Antoni de Portmany,2025-07-03 10:00:00,72.0,53.852177
Sant Antoni de Portmany,2025-07-03 11:00:00,44.0,52.973427
Sant Antoni de Portmany,2025-07-03 12:00:00,31.0,57.9053
Sant Antoni de Portmany,2025-07-03 13:00:00,47.0,50.592957
Sant Antoni de Portmany,2025-07-03 14:00:00,6.0,37.750443
Sant Antoni de Portmany,2025-07-03 15:00:00,14.0,37.93059
Sant Antoni de Portmany,2025-07-03 16:00:00,6.0,21.85446
Sant Antoni de Portmany,2025-07-03 17:00:00,25.0,41.129284
Sant Antoni de Portmany,2025-07-03 18:00:00,53.0,51.943317
Sant Antoni de Portmany,2025-07-03 19:00:00,71.0,59.03177
Sant Antoni de Portmany,2025-07-03 20:00:00,84.0,63.483997
Sant Antoni de Portmany,2025-07-04 08:00:00,63.0,61.295574
Sant Antoni de Portmany,2025-07-04 09:00:00,65.0,65.16396
Sant Antoni de Portmany,2025-07-04 10:00:00,81.0,65.4064
Sant Antoni de Portmany,2025-07-04 11:00:00,61.0,63.832302
Sant Antoni de Portmany,2025-07-04 12:00:00,13.0,56.64422
Sant Antoni de Portmany,2025-07-04 13:00:00,33.0,51.21174
Sant Antoni de Portmany,2025-07-04 14:00:00,25.0,46.3345
Sant Antoni de Portmany,2025-07-04 15:00:00,43.0,43.535015
Sant Antoni de Portmany,2025-07-04 16:00:00,6.0,19.952753
Sant Antoni de Portmany,2025-07-04 17:00:00,15.0,33.85003
Sant Antoni de Portmany,2025-07-04 18:00:00,49.0,53.199295
Sant Antoni de Portmany,2025-07-04 19:00:00,58.0,45.691833
Sant Antoni de Portmany,2025-07-04 20:00:00,53.0,50.69744
Sant Antoni de Portmany,2025-07-05 08:00:00,70.0,55.321907
Sant Antoni de Portmany,2025-07-05 09:00:00,63.0,52.59397
Sant Antoni de Portmany,2025-07-05 10:00:00,53.0,45.686485
Sant Antoni de Portmany,2025-07-05 11:00:00,48.0,48.276825
Sant Antoni de Portmany,2025-07-05 12:00:00,31.0,51.09888
Sant Antoni de Portmany,2025-07-05 13:00:00,23.0,46.147552
Sant Antoni de Portmany,2025-07-05 14:00:00,32.0,39.63001
Sant Antoni de Portmany,2025-07-05 15:00:00,38.0,36.76299
Sant Antoni de Portmany,2025-07-05 16:00:00,5.0,17.094648
Sant Antoni de Portmany,2025-07-05 17:00:00,38.0,32.73857
Sant Antoni de Portmany,2025-07-05 18:00:00,37.0,58.827236
Sant Antoni de Portmany,2025-07-05 19:00:00,77.0,60.348675
Sant Antoni de Portmany,2025-07-05 20:00:00,62.0,65.8012
Sant Antoni de Portmany,2025-07-06 08:00:00,63.0,69.18518
Sant Antoni de Portmany,2025-07-06 09:00:00,59.0,58.858337
Sant Antoni de Portmany,2025-07-06 10:00:00,57.0,58.081753
Sant Antoni de Portmany,2025-07-06 11:00:00,52.0,56.221386
Sant Antoni de Portmany,2025-07-06 12:00:00,27.0,51.28962
Sant Antoni de Portmany,2025-07-06 13:00:00,28.0,51.08122
Sant Antoni de Portmany,2025-07-06 14:00:00,30.0,54.013702
Sant Antoni de Portmany,2025-07-06 15:00:00,45.0,43.286037
Sant Antoni de Portmany,2025-07-06 16:00:00,6.0,19.678446
Sant Antoni de Portmany,2025-07-06 17:00:00,18.0,32.522583
Sant Antoni de Portmany,2025-07-06 18:00:00,26.0,53.835354
Sant Antoni de Portmany,2025-07-06 19:00:00,43.0,64.17619
Sant Antoni de Portmany,2025-07-06 20:00:00,46.0,60.217663
Sant Antoni de Portmany,2025-07-07 08:00:00,72.0,63.788414
Sant Antoni de Portmany,2025-07-07 09:00:00,51.0,70.97363
Sant Antoni de Portmany,2025-07-07 10:00:00,48.0,66.850235
Sant Antoni de Portmany,2025-07-07 11:00:00,67.0,64.3267
Sant Antoni de Portmany,2025-07-07 12:00:00,44.0,59.75625
Sant Antoni de Portmany,2025-07-07 13:00:00,32.0,47.413635
Sant Antoni de Portmany,2025-07-07 14:00:00,15.0,42.746166
Sant Antoni de Portmany,2025-07-07 15:00:00,52.0,39.559673
Sant Antoni de Portmany,2025-07-07 16:00:00,6.0,20.803612
Sant Antoni de Portmany,2025-07-07 17:00:00,20.0,36.704422
Sant Antoni de Portmany,2025-07-07 18:00:00,42.0,60.098263
Sant Antoni de Portmany,2025-07-07 19:00:00,78.0,58.090416
Sant Antoni de Portmany,2025-07-07 20:00:00,63.0,61.84436
Sant Antoni de Portmany,2025-07-08 08:00:00,68.0,64.036736
Sant Antoni de Portmany,2025-07-08 09:00:00,71.0,54.814503
Sant Antoni de Portmany,2025-07-08 10:00:00,87.0,55.51077
Sant Antoni de Portmany,2025-07-08 11:00:00,100.0,49.106155
Sant Antoni de Portmany,2025-07-08 12:00:00,38.0,48.6045
Sant Antoni de Portmany,2025-07-08 13:00:00,23.0,47.978935
Sant Antoni de Portmany,2025-07-08 14:00:00,21.0,38.107014
Sant Antoni de Portmany,2025-07-08 15:00:00,53.0,34.784653
Sant Antoni de Portmany,2025-07-08 16:00:00,6.0,24.399452
Sant Antoni de Portmany,2025-07-08 17:00:00,40.0,35.255085
Sant Antoni de Portmany,2025-07-08 18:00:00,44.0,50.506927
Sant Antoni de Portmany,2025-07-08 19:00:00,58.0,65.89765
Sant Antoni de Portmany,2025-07-08 20:00:00,59.0,60.168297
Sant Antoni de Portmany,2025-07-09 08:00:00,54.0,63.195927
Sant Antoni de Portmany,2025-07-09 09:00:00,63.0,47.4727
Sant Antoni de Portmany,2025-07-09 10:00:00,75.0,44.375744
Sant Antoni de Portmany,2025-07-09 11:00:00,66.0,45.66025
Sant Antoni de Portmany,2025-07-09 12:00:00,52.0,44.005466
Sant Antoni de Portmany,2025-07-09 13:00:00,20.0,39.859756
Sant Antoni de Portmany,2025-07-09 14:00:00,16.0,33.315228
Sant Antoni de Portmany,2025-07-09 15:00:00,44.0,31.111776
Sant Antoni de Portmany,2025-07-09 16:00:00,6.0,12.465045
Sant Antoni de Portmany,2025-07-09 17:00:00,10.0,30.11465
Sant Antoni de Portmany,2025-07-09 18:00:00,21.0,41.0145
Sant Antoni de Portmany,2025-07-09 19:00:00,36.0,47.705032
Sant Antoni de Portmany,2025-07-09 20:00:00,32.0,50.938484
Sant Antoni de Portmany,2025-07-10 08:00:00,41.0,59.704636
Sant Antoni de Portmany,2025-07-10 09:00:00,73.0,52.638214
Sant Antoni de Portmany,2025-07-10 10:00:00,62.0,46.91551
Sant Antoni de Portmany,2025-07-10 11:00:00,61.0,46.94286
Sant Antoni de Portmany,2025-07-10 12:00:00,21.0,42.398243
Sant Antoni de Portmany,2025-07-10 13:00:00,17.0,38.26553
Sant Antoni de Portmany,2025-07-10 14:00:00,13.0,36.325325
Sant Antoni de Portmany,2025-07-10 15:00:00,32.0,32.90773
Sant Antoni de Portmany,2025-07-10 16:00:00,6.0,12.826754
Sant Antoni de Portmany,2025-07-10 17:00:00,18.0,27.957987
Sant Antoni de Portmany,2025-07-10 18:00:00,44.0,41.43075
Sant Antoni de Portmany,2025-07-10 19:00:00,82.0,54.30171
Sant Antoni de Portmany,2025-07-10 20:00:00,64.0,54.342384
Sant Antoni de Portmany,2025-07-11 08:00:00,49.0,63.285427
Sant Antoni de Portmany,2025-07-11 09:00:00,55.0,57.595573
Sant Antoni de Portmany,2025-07-11 10:00:00,64.0,59.141888
Sant Antoni de Portmany,2025-07-11 11:00:00,76.0,55.91976
Sant Antoni de Portmany,2025-07-11 12:00:00,52.0,53.917503
Sant Antoni de Portmany,2025-07-11 13:00:00,28.0,52.926502
Sant Antoni de Portmany,2025-07-11 14:00:00,27.0,45.982937
Sant Antoni de Portmany,2025-07-11 15:00:00,45.0,43.15949
Sant Antoni de Portmany,2025-07-11 16:00:00,6.0,15.588548
Sant Antoni de Portmany,2025-07-11 17:00:00,16.0,36.23647
Sant Antoni de Portmany,2025-07-11 19:00:00,35.0,47.573025
Sant Antoni de Portmany,2025-07-11 20:00:00,49.0,51.31996
Sant Antoni de Portmany,2025-07-12 08:00:00,66.0,59.697758
Sant Antoni de Portmany,2025-07-12 09:00:00,54.0,53.070354
Sant Antoni de Portmany,2025-07-12 10:00:00,56.0,58.078175
Sant Antoni de Portmany,2025-07-12 11:00:00,50.0,57.68767
Sant Antoni de Portmany,2025-07-12 12:00:00,62.0,46.73326
Sant Antoni de Portmany,2025-07-12 13:00:00,29.0,42.1721
Sant Antoni de Portmany,2025-07-12 14:00:00,15.0,45.3346
Sant Antoni de Portmany,2025-07-12 15:00:00,20.0,38.96153
Sant Antoni de Portmany,2025-07-12 16:00:00,54.0,36.183674
Sant Antoni de Portmany,2025-07-12 17:00:00,5.0,12.177234
Sant Antoni de Portmany,2025-07-12 18:00:00,26.0,35.46636
Sant Antoni de Portmany,2025-07-12 19:00:00,38.0,50.479706
Sant Antoni de Portmany,2025-07-12 20:00:00,65.0,55.385124
Sant Antoni de Portmany,2025-07-13 08:00:00,66.0,59.678627
Sant Antoni de Portmany,2025-07-13 09:00:00,60.0,52.672844
Sant Antoni de Portmany,2025-07-13 10:00:00,66.0,51.409542
Sant Antoni de Portmany,2025-07-13 11:00:00,49.0,48.88878
Sant Antoni de Portmany,2025-07-13 12:00:00,67.0,49.909573
Sant Antoni de Portmany,2025-07-13 13:00:00,55.0,49.89897
Sant Antoni de Portmany,2025-07-13 14:00:00,21.0,42.627636
Sant Antoni de Portmany,2025-07-13 15:00:00,32.0,37.72667
Sant Antoni de Portmany,2025-07-13 16:00:00,45.0,39.64568
Sant Antoni de Portmany,2025-07-13 17:00:00,6.0,14.795196
Sant Antoni de Portmany,2025-07-13 18:00:00,32.0,33.94652
Sant Antoni de Portmany,2025-07-13 19:00:00,71.0,45.111732
Sant Antoni de Portmany,2025-07-13 20:00:00,102.0,46.344135
Sant Antoni de Portmany,2025-07-14 08:00:00,86.0,61.012707
Sant Antoni de Portmany,2025-07-14 09:00:00,77.0,53.71932
Sant Antoni de Portmany,2025-07-14 10:00:00,68.0,51.165497
Sant Antoni de Portmany,2025-07-14 11:00:00,69.0,48.94717
Sant Antoni de Portmany,2025-07-14 12:00:00,47.0,42.710068
Sant Antoni de Portmany,2025-07-14 13:00:00,41.0,43.42551
Sant Antoni de Portmany,2025-07-14 14:00:00,31.0,40.118073
Sant Antoni de Portmany,2025-07-14 15:00:00,23.0,38.20667
Sant Antoni de Portmany,2025-07-14 16:00:00,40.0,37.95682
Sant Antoni de Portmany,2025-07-14 17:00:00,6.0,15.191516
Sant Antoni de Portmany,2025-07-14 18:00:00,29.0,37.28938
Sant Antoni de Portmany,2025-07-14 19:00:00,41.0,35.93013
Sant Antoni de Portmany,2025-07-14 20:00:00,40.0,41.684834
Sant Antoni de Portmany,2025-07-15 08:00:00,29.0,44.100723
Sant Antoni de Portmany,2025-07-15 09:00:00,28.0,38.61778
Sant Antoni de Portmany,2025-07-15 10:00:00,33.0,44.113712
Sant Antoni de Portmany,2025-07-15 11:00:00,46.0,35.29598
Sant Antoni de Portmany,2025-07-15 12:00:00,26.0,39.37933
Sant Antoni de Portmany,2025-07-15 13:00:00,11.0,34.0632
Sant Antoni de Portmany,2025-07-15 14:00:00,10.0,28.971912
Sant Antoni de Portmany,2025-07-15 15:00:00,5.0,32.04358
Sant Antoni de Portmany,2025-07-15 16:00:00,6.0,25.529568
Sant Antoni de Portmany,2025-07-15 17:00:00,6.0,13.353313
Sant Antoni de Portmany,2025-07-15 18:00:00,15.0,34.0748
Sant Antoni de Portmany,2025-07-15 19:00:00,27.0,46.379524
Sant Antoni de Portmany,2025-07-15 20:00:00,39.0,43.89009
Sant Antoni de Portmany,2025-07-16 08:00:00,60.0,43.101444
Sant Antoni de Portmany,2025-07-16 09:00:00,47.0,42.426014
Sant Antoni de Portmany,2025-07-16 10:00:00,84.0,46.3479
Sant Antoni de Portmany,2025-07-16 11:00:00,73.0,48.097446
Sant Antoni de Portmany,2025-07-16 12:00:00,54.0,45.587914
Sant Antoni de Portmany,2025-07-16 13:00:00,36.0,47.923763
Sant Antoni de Portmany,2025-07-16 14:00:00,21.0,37.83191
Sant Antoni de Portmany,2025-07-16 15:00:00,11.0,30.629557
Sant Antoni de Portmany,2025-07-16 16:00:00,42.0,31.634903
Sant Antoni de Portmany,2025-07-16 17:00:00,6.0,12.909336
Sant Antoni de Portmany,2025-07-16 18:00:00,14.0,34.557804
Sant Antoni de Portmany,2025-07-16 19:00:00,50.0,50.656067
Sant Antoni de Portmany,2025-07-16 20:00:00,65.0,53.14948
Sant Antoni de Portmany,2025-07-17 08:00:00,70.0,58.837708
Sant Antoni de Portmany,2025-07-17 09:00:00,55.0,49.333298
Sant Antoni de Portmany,2025-07-17 10:00:00,56.0,50.36263
Sant Antoni de Portmany,2025-07-17 11:00:00,79.0,53.78194
Sant Antoni de Portmany,2025-07-17 12:00:00,66.0,56.787
Sant Antoni de Portmany,2025-07-17 13:00:00,46.0,50.968006
Sant Antoni de Portmany,2025-07-17 14:00:00,19.0,43.86704
Sant Antoni de Portmany,2025-07-17 15:00:00,14.0,36.279278
Sant Antoni de Portmany,2025-07-17 16:00:00,29.0,35.14215
Sant Antoni de Portmany,2025-07-17 17:00:00,6.0,14.626998
Sant Antoni de Portmany,2025-07-17 18:00:00,19.0,38.19002
Sant Antoni de Portmany,2025-07-17 19:00:00,53.0,54.682285
Sant Antoni de Portmany,2025-07-17 20:00:00,70.0,59.803825
Sant Antoni de Portmany,2025-07-18 08:00:00,65.0,68.207115
Sant Antoni de Portmany,2025-07-18 09:00:00,65.0,65.2334
Sant Antoni de Portmany,2025-07-18 10:00:00,64.0,73.526024
Sant Antoni de Portmany,2025-07-18 11:00:00,90.0,71.62601
Sant Antoni de Portmany,2025-07-18 12:00:00,78.0,63.840603
Sant Antoni de Portmany,2025-07-18 13:00:00,19.0,55.83248
Sant Antoni de Portmany,2025-07-18 14:00:00,29.0,50.59501
Sant Antoni de Portmany,2025-07-18 15:00:00,19.0,41.82724
Sant Antoni de Portmany,2025-07-18 16:00:00,32.0,36.88255
Sant Antoni de Portmany,2025-07-18 17:00:00,6.0,14.410524
Sant Antoni de Portmany,2025-07-18 18:00:00,18.0,33.45117
Sant Antoni de Portmany,2025-07-18 19:00:00,42.0,47.091644
Sant Antoni de Portmany,2025-07-18 20:00:00,60.0,49.296646
Sant Antoni de Portmany,2025-07-19 08:00:00,73.0,50.700558
Sant Antoni de Portmany,2025-07-19 09:00:00,57.0,56.950676
Sant Antoni de Portmany,2025-07-19 10:00:00,73.0,55.002277
Sant Antoni de Portmany,2025-07-19 11:00:00,53.0,45.522785
Sant Antoni de Portmany,2025-07-19 12:00:00,58.0,47.33415
Sant Antoni de Portmany,2025-07-19 13:00:00,32.0,45.10692
Sant Antoni de Portmany,2025-07-19 14:00:00,25.0,39.922165
Sant Antoni de Portmany,2025-07-19 15:00:00,19.0,35.17143
Sant Antoni de Portmany,2025-07-19 16:00:00,35.0,34.59388
Sant Antoni de Portmany,2025-07-19 17:00:00,5.0,13.291194
Sant Antoni de Portmany,2025-07-19 18:00:00,24.0,31.60801
Sant Antoni de Portmany,2025-07-19 19:00:00,38.0,34.693577
Sant Antoni de Portmany,2025-07-19 20:00:00,44.0,31.64076
Sant Antoni de Portmany,2025-07-20 08:00:00,35.0,31.57956
Sant Antoni de Portmany,2025-07-20 09:00:00,36.0,40.946438
Sant Antoni de Portmany,2025-07-20 10:00:00,38.0,47.707462
Sant Antoni de Portmany,2025-07-20 11:00:00,45.0,45.103424
Sant Antoni de Portmany,2025-07-20 12:00:00,32.0,43.047855
Sant Antoni de Portmany,2025-07-20 13:00:00,30.0,40.90513
Sant Antoni de Portmany,2025-07-20 14:00:00,14.0,32.49998
Sant Antoni de Portmany,2025-07-20 15:00:00,13.0,29.679298
Sant Antoni de Portmany,2025-07-20 16:00:00,35.0,30.965267
Sant Antoni de Portmany,2025-07-20 17:00:00,6.0,11.476652
Sant Antoni de Portmany,2025-07-20 18:00:00,18.0,32.14082
Sant Antoni de Portmany,2025-07-20 19:00:00,59.0,45.496063
Sant Antoni de Portmany,2025-07-20 20:00:00,67.0,51.698826
Sant Antoni de Portmany,2025-07-21 08:00:00,51.0,53.740406
Sant Antoni de Portmany,2025-07-21 09:00:00,49.0,46.082386
Sant Antoni de Portmany,2025-07-21 10:00:00,63.0,49.19327
Sant Antoni de Portmany,2025-07-21 11:00:00,79.0,46.970795
Sant Antoni de Portmany,2025-07-21 12:00:00,52.0,47.479294
Sant Antoni de Portmany,2025-07-21 13:00:00,17.0,42.93103
Sant Antoni de Portmany,2025-07-21 14:00:00,24.0,35.59844
Sant Antoni de Portmany,2025-07-21 15:00:00,45.0,31.980734
Sant Antoni de Portmany,2025-07-21 16:00:00,7.0,28.836554
Sant Antoni de Portmany,2025-07-21 17:00:00,6.0,11.296449
Sant Antoni de Portmany,2025-07-21 18:00:00,27.0,31.350945
Sant Antoni de Portmany,2025-07-21 19:00:00,51.0,46.18488
Sant Antoni de Portmany,2025-07-21 20:00:00,58.0,46.058697
Sant Antoni de Portmany,2025-07-22 08:00:00,64.0,47.578262
Sant Antoni de Portmany,2025-07-22 09:00:00,44.0,43.843906
Sant Antoni de Portmany,2025-07-22 10:00:00,97.0,46.671257
Sant Antoni de Portmany,2025-07-22 11:00:00,71.0,49.832813
Sant Antoni de Portmany,2025-07-22 12:00:00,40.0,53.10886
Sant Antoni de Portmany,2025-07-22 13:00:00,20.0,48.186737
Sant Antoni de Portmany,2025-07-22 14:00:00,10.0,42.06663
Sant Antoni de Portmany,2025-07-22 15:00:00,29.0,36.604195
Sant Antoni de Portmany,2025-07-22 16:00:00,7.0,33.983074
Sant Antoni de Portmany,2025-07-22 17:00:00,6.0,13.516159
Sant Antoni de Portmany,2025-07-22 18:00:00,39.0,38.406864
Sant Antoni de Portmany,2025-07-22 19:00:00,64.0,52.253967
Sant Antoni de Portmany,2025-07-22 20:00:00,67.0,54.09662
Sant Antoni de Portmany,2025-07-23 08:00:00,67.0,58.37243
Sant Antoni de Portmany,2025-07-23 09:00:00,53.0,49.063946
Sant Antoni de Portmany,2025-07-23 10:00:00,72.0,46.045868
Sant Antoni de Portmany,2025-07-23 11:00:00,70.0,62.32832
Sant Antoni de Portmany,2025-07-23 12:00:00,46.0,50.372555
Sant Antoni de Portmany,2025-07-23 13:00:00,25.0,70.8393
Sant Antoni de Portmany,2025-07-23 14:00:00,25.0,48.619537
Sant Antoni de Portmany,2025-07-23 15:00:00,29.0,42.520336
Sant Antoni de Portmany,2025-07-23 16:00:00,6.0,37.56038
Sant Antoni de Portmany,2025-07-23 17:00:00,6.0,12.289662
Sant Antoni de Portmany,2025-07-23 18:00:00,31.0,43.136005
Sant Antoni de Portmany,2025-07-23 19:00:00,57.0,56.603638
Sant Antoni de Portmany,2025-07-23 20:00:00,54.0,63.262444
Sant Antoni de Portmany,2025-07-24 08:00:00,86.0,68.916046
Sant Antoni de Portmany,2025-07-24 09:00:00,72.0,66.8664
Sant Antoni de Portmany,2025-07-24 10:00:00,83.0,62.171413
Sant Antoni de Portmany,2025-07-24 11:00:00,82.0,60.602287
Sant Antoni de Portmany,2025-07-24 12:00:00,52.0,56.547726
Sant Antoni de Portmany,2025-07-24 13:00:00,23.0,51.42794
Sant Antoni de Portmany,2025-07-24 14:00:00,24.0,44.912277
Sant Antoni de Portmany,2025-07-24 15:00:00,41.0,46.982002
Sant Antoni de Portmany,2025-07-24 16:00:00,6.0,40.369476
Sant Antoni de Portmany,2025-07-24 17:00:00,6.0,17.43224
Sant Antoni de Portmany,2025-07-24 18:00:00,50.0,49.828133
Sant Antoni de Portmany,2025-07-24 19:00:00,69.0,66.74942
Sant Antoni de Portmany,2025-07-24 20:00:00,62.0,68.41244
Sant Antoni de Portmany,2025-07-25 08:00:00,78.0,68.24148
Sant Antoni de Portmany,2025-07-25 09:00:00,60.0,60.828243
Sant Antoni de Portmany,2025-07-25 10:00:00,65.0,53.099316
Sant Antoni de Portmany,2025-07-25 11:00:00,71.0,51.743137
Sant Antoni de Portmany,2025-07-25 12:00:00,69.0,58.912426
Sant Antoni de Portmany,2025-07-25 13:00:00,33.0,50.18147
Sant Antoni de Portmany,2025-07-25 14:00:00,21.0,41.453938
Sant Antoni de Portmany,2025-07-25 15:00:00,46.0,37.655514
Sant Antoni de Portmany,2025-07-25 16:00:00,7.0,33.215435
Sant Antoni de Portmany,2025-07-25 17:00:00,6.0,16.016403
Sant Antoni de Portmany,2025-07-25 18:00:00,24.0,32.292233
Sant Antoni de Portmany,2025-07-25 19:00:00,44.0,49.993835
Sant Antoni de Portmany,2025-07-25 20:00:00,54.0,45.562973
Sant Antoni de Portmany,2025-07-26 08:00:00,50.0,53.92446
Sant Antoni de Portmany,2025-07-26 09:00:00,66.0,50.79405
Sant Antoni de Portmany,2025-07-26 10:00:00,68.0,45.040184
Sant Antoni de Portmany,2025-07-26 11:00:00,61.0,41.48174
Sant Antoni de Portmany,2025-07-26 12:00:00,59.0,43.68746
Sant Antoni de Portmany,2025-07-26 13:00:00,35.0,40.495438
Sant Antoni de Portmany,2025-07-26 14:00:00,29.0,32.02179
Sant Antoni de Portmany,2025-07-26 15:00:00,40.0,27.495007
Sant Antoni de Portmany,2025-07-26 16:00:00,5.0,26.999321
Sant Antoni de Portmany,2025-07-26 17:00:00,5.0,9.79146
Sant Antoni de Portmany,2025-07-26 18:00:00,29.0,29.880909
Sant Antoni de Portmany,2025-07-26 19:00:00,56.0,43.579857
Sant Antoni de Portmany,2025-07-26 20:00:00,81.0,42.30512
Sant Antoni de Portmany,2025-07-27 08:00:00,81.0,50.787582
Sant Antoni de Portmany,2025-07-27 09:00:00,76.0,41.84619
Sant Antoni de Portmany,2025-07-27 10:00:00,101.0,40.248253
Sant Antoni de Portmany,2025-07-27 11:00:00,81.0,44.416985
Sant Antoni de Portmany,2025-07-27 12:00:00,40.0,43.846664
Sant Antoni de Portmany,2025-07-27 13:00:00,32.0,40.79534
Sant Antoni de Portmany,2025-07-27 14:00:00,28.0,38.561962
Sant Antoni de Portmany,2025-07-27 15:00:00,38.0,36.733868
Sant Antoni de Portmany,2025-07-27 16:00:00,6.0,32.189922
Sant Antoni de Portmany,2025-07-27 17:00:00,6.0,14.235011
Sant Antoni de Portmany,2025-07-27 18:00:00,22.0,36.20173
Sant Antoni de Portmany,2025-07-27 19:00:00,32.0,46.46935
Sant Antoni de Portmany,2025-07-27 20:00:00,55.0,50.11413
Sant Antoni de Portmany,2025-07-28 08:00:00,61.0,62.113316
Sant Antoni de Portmany,2025-07-28 09:00:00,59.0,50.70641
Sant Antoni de Portmany,2025-07-28 10:00:00,79.0,51.201077
Sant Antoni de Portmany,2025-07-28 11:00:00,71.0,51.040604
Sant Antoni de Portmany,2025-07-28 12:00:00,48.0,47.568283
Sant Antoni de Portmany,2025-07-28 13:00:00,26.0,48.013714
Sant Antoni de Portmany,2025-07-28 14:00:00,27.0,43.253498
Sant Antoni de Portmany,2025-07-28 15:00:00,41.0,40.80981
Sant Antoni de Portmany,2025-07-28 16:00:00,6.0,37.092213
Sant Antoni de Portmany,2025-07-28 17:00:00,6.0,12.584802
Sant Antoni de Portmany,2025-07-28 18:00:00,34.0,38.044548
Sant Antoni de Portmany,2025-07-28 19:00:00,66.0,48.1398
Sant Antoni de Portmany,2025-07-28 20:00:00,55.0,46.111794
Sant Antoni de Portmany,2025-07-29 08:00:00,72.0,56.400986
Sant Antoni de Portmany,2025-07-29 09:00:00,71.0,44.57416
Sant Antoni de Portmany,2025-07-29 10:00:00,70.0,46.27372
Sant Antoni de Portmany,2025-07-29 11:00:00,83.0,47.303448
Sant Antoni de Portmany,2025-07-29 12:00:00,51.0,42.44025
Sant Antoni de Portmany,2025-07-29 13:00:00,40.0,41.154427
Sant Antoni de Portmany,2025-07-29 14:00:00,29.0,38.41185
Sant Antoni de Portmany,2025-07-29 15:00:00,36.0,32.917297
Sant Antoni de Portmany,2025-07-29 16:00:00,9.0,29.866003
Sant Antoni de Portmany,2025-07-29 17:00:00,6.0,14.508496
Sant Antoni de Portmany,2025-07-29 18:00:00,35.0,31.24179
Sant Antoni de Portmany,2025-07-29 19:00:00,65.0,51.527767
Sant Antoni de Portmany,2025-07-29 20:00:00,73.0,44.89801
Sant Antoni de Portmany,2025-07-30 08:00:00,71.0,55.624043
Sant Antoni de Portmany,2025-07-30 09:00:00,57.0,44.932705
Sant Antoni de Portmany,2025-07-30 10:00:00,61.0,43.6559
Sant Antoni de Portmany,2025-07-30 11:00:00,54.0,45.6443
Sant Antoni de Portmany,2025-07-30 12:00:00,55.0,42.623764
Sant Antoni de Portmany,2025-07-30 13:00:00,35.0,39.793953
Sant Antoni de Portmany,2025-07-30 14:00:00,35.0,37.956257
Sant Antoni de Portmany,2025-07-30 15:00:00,40.0,30.287233
Sant Antoni de Portmany,2025-07-30 16:00:00,6.0,30.991377
Sant Antoni de Portmany,2025-07-30 17:00:00,6.0,13.072791
Sant Antoni de Portmany,2025-07-30 18:00:00,25.0,33.435734
Sant Antoni de Portmany,2025-07-30 19:00:00,45.0,43.239838
Sant Antoni de Portmany,2025-07-30 20:00:00,61.0,51.33163
Sant Antoni de Portmany,2025-07-31 08:00:00,70.0,52.144108
Sant Antoni de Portmany,2025-07-31 09:00:00,57.0,45.352123
Sant Antoni de Portmany,2025-07-31 10:00:00,62.0,44.855762
Sant Antoni de Portmany,2025-07-31 11:00:00,86.0,45.404457
Sant Antoni de Portmany,2025-07-31 12:00:00,67.0,44.164505
Sant Antoni de Portmany,2025-07-31 13:00:00,41.0,39.242416
Sant Antoni de Portmany,2025-07-31 14:00:00,22.0,46.64404
Sant Antoni de Portmany,2025-07-31 15:00:00,43.0,30.83716
Sant Antoni de Portmany,2025-07-31 16:00:00,5.0,31.851252
Sant Antoni de Portmany,2025-07-31 17:00:00,5.0,13.834243
Sant Antoni de Portmany,2025-07-31 18:00:00,31.0,38.642815
Sant Antoni de Portmany,2025-07-31 19:00:00,44.0,42.9401
Sant Antoni de Portmany,2025-07-31 20:00:00,79.0,49.176834
Sant Antoni de Portmany,2025-08-01 08:00:00,64.0,50.401695
Sant Antoni de Portmany,2025-08-01 09:00:00,65.0,47.662052
Sant Antoni de Portmany,2025-08-01 10:00:00,70.0,51.14883
Sant Antoni de Portmany,2025-08-01 11:00:00,84.0,67.248146
Sant Antoni de Portmany,2025-08-01 12:00:00,50.0,55.21412
Sant Antoni de Portmany,2025-08-01 13:00:00,32.0,45.336212
Sant Antoni de Portmany,2025-08-01 14:00:00,25.0,42.254818
Sant Antoni de Portmany,2025-08-01 15:00:00,60.0,31.439703
Sant Antoni de Portmany,2025-08-01 16:00:00,6.0,35.29269
Sant Antoni de Portmany,2025-08-01 17:00:00,6.0,13.996559
Sant Antoni de Portmany,2025-08-01 18:00:00,23.0,28.13233
Sant Antoni de Portmany,2025-08-01 19:00:00,35.0,42.125404
Sant Antoni de Portmany,2025-08-01 20:00:00,53.0,47.23506
Sant Antoni de Portmany,2025-08-02 08:00:00,51.0,50.71702
Sant Antoni de Portmany,2025-08-02 09:00:00,50.0,43.726444
Sant Antoni de Portmany,2025-08-02 10:00:00,64.0,42.618477
Sant Antoni de Portmany,2025-08-02 11:00:00,72.0,44.202568
Sant Antoni de Portmany,2025-08-02 12:00:00,48.0,40.939148
Sant Antoni de Portmany,2025-08-02 13:00:00,38.0,40.946457
Sant Antoni de Portmany,2025-08-02 14:00:00,24.0,38.6417
Sant Antoni de Portmany,2025-08-02 15:00:00,40.0,37.33949
Sant Antoni de Portmany,2025-08-02 16:00:00,6.0,37.060444
Sant Antoni de Portmany,2025-08-02 17:00:00,5.0,12.047196
Sant Antoni de Portmany,2025-08-02 18:00:00,36.0,32.670975
Sant Antoni de Portmany,2025-08-02 19:00:00,50.0,45.928093
Sant Antoni de Portmany,2025-08-02 20:00:00,66.0,54.125015
Sant Antoni de Portmany,2025-08-03 08:00:00,43.0,55.274494
Sant Antoni de Portmany,2025-08-03 09:00:00,61.0,47.792862
Sant Antoni de Portmany,2025-08-03 10:00:00,72.0,49.123413
Sant Antoni de Portmany,2025-08-03 11:00:00,76.0,47.948906
Sant Antoni de Portmany,2025-08-03 12:00:00,52.0,44.16357
Sant Antoni de Portmany,2025-08-03 13:00:00,28.0,44.01266
Sant Antoni de Portmany,2025-08-03 14:00:00,15.0,44.95846
Sant Antoni de Portmany,2025-08-03 15:00:00,31.0,39.93828
Sant Antoni de Portmany,2025-08-03 16:00:00,6.0,36.16068
Sant Antoni de Portmany,2025-08-03 17:00:00,6.0,11.848381
Sant Antoni de Portmany,2025-08-03 18:00:00,26.0,34.04975
Sant Antoni de Portmany,2025-08-03 19:00:00,42.0,45.456467
Sant Antoni de Portmany,2025-08-03 20:00:00,76.0,56.40725
Sant Antoni de Portmany,2025-08-04 08:00:00,67.0,61.7394
Sant Antoni de Portmany,2025-08-04 09:00:00,64.0,48.854996
Sant Antoni de Portmany,2025-08-04 10:00:00,72.0,47.032253
Sant Antoni de Portmany,2025-08-04 11:00:00,77.0,45.190586
Sant Antoni de Portmany,2025-08-04 12:00:00,63.0,44.057835
Sant Antoni de Portmany,2025-08-04 13:00:00,66.0,43.042767
Sant Antoni de Portmany,2025-08-04 14:00:00,27.0,44.286858
Sant Antoni de Portmany,2025-08-04 15:00:00,34.0,40.0672
Sant Antoni de Portmany,2025-08-04 16:00:00,6.0,35.83932
Sant Antoni de Portmany,2025-08-04 17:00:00,6.0,10.16504
Sant Antoni de Portmany,2025-08-04 18:00:00,18.0,34.937607
Sant Antoni de Portmany,2025-08-04 19:00:00,35.0,44.49161
Sant Antoni de Portmany,2025-08-04 20:00:00,66.0,47.443256
Sant Antoni de Portmany,2025-08-05 08:00:00,58.0,62.07716
Sant Antoni de Portmany,2025-08-05 09:00:00,73.0,45.191914
Sant Antoni de Portmany,2025-08-05 10:00:00,46.0,47.26063
Sant Antoni de Portmany,2025-08-05 11:00:00,86.0,44.584007
Sant Antoni de Portmany,2025-08-05 12:00:00,69.0,37.557747
Sant Antoni de Portmany,2025-08-05 13:00:00,53.0,42.54071
Sant Antoni de Portmany,2025-08-05 14:00:00,23.0,51.681458
Sant Antoni de Portmany,2025-08-05 15:00:00,37.0,40.41107
Sant Antoni de Portmany,2025-08-05 16:00:00,6.0,36.24459
Sant Antoni de Portmany,2025-08-05 17:00:00,6.0,10.888145
Sant Antoni de Portmany,2025-08-05 18:00:00,21.0,35.764668
Sant Antoni de Portmany,2025-08-05 19:00:00,49.0,43.140965
Sant Antoni de Portmany,2025-08-05 20:00:00,75.0,49.625614
Sant Antoni de Portmany,2025-08-06 08:00:00,73.0,63.39235
Sant Antoni de Portmany,2025-08-06 09:00:00,67.0,52.039078
Sant Antoni de Portmany,2025-08-06 10:00:00,63.0,48.035576
Sant Antoni de Portmany,2025-08-06 11:00:00,69.0,46.855164
Sant Antoni de Portmany,2025-08-06 12:00:00,42.0,37.29294
Sant Antoni de Portmany,2025-08-06 13:00:00,57.0,42.325012
Sant Antoni de Portmany,2025-08-06 14:00:00,34.0,40.69968
Sant Antoni de Portmany,2025-08-06 15:00:00,53.0,40.063774
Sant Antoni de Portmany,2025-08-06 16:00:00,6.0,37.27451
Sant Antoni de Portmany,2025-08-06 17:00:00,6.0,12.199393
Sant Antoni de Portmany,2025-08-06 18:00:00,26.0,32.845676
Sant Antoni de Portmany,2025-08-06 19:00:00,57.0,44.213905
Sant Antoni de Portmany,2025-08-06 20:00:00,51.0,55.563057
Sant Antoni de Portmany,2025-08-07 08:00:00,77.0,63.71909
Sant Antoni de Portmany,2025-08-07 09:00:00,94.0,53.120308
Sant Antoni de Portmany,2025-08-07 10:00:00,49.0,52.75021
Sant Antoni de Portmany,2025-08-07 11:00:00,111.0,55.494102
Sant Antoni de Portmany,2025-08-07 12:00:00,69.0,53.323814
Sant Antoni de Portmany,2025-08-07 13:00:00,49.0,49.896004
Sant Antoni de Portmany,2025-08-07 14:00:00,41.0,49.767876
Sant Antoni de Portmany,2025-08-07 15:00:00,53.0,38.90835
Sant Antoni de Portmany,2025-08-07 16:00:00,8.0,38.64927
Sant Antoni de Portmany,2025-08-07 17:00:00,6.0,17.2957
Sant Antoni de Portmany,2025-08-07 18:00:00,31.0,34.130646
Sant Antoni de Portmany,2025-08-07 19:00:00,71.0,48.639805
Sant Antoni de Portmany,2025-08-07 20:00:00,92.0,60.92201
Sant Antoni de Portmany,2025-08-08 08:00:00,81.0,66.93824
Sant Antoni de Portmany,2025-08-08 09:00:00,79.0,54.90875
Sant Antoni de Portmany,2025-08-08 10:00:00,60.0,56.93123
Sant Antoni de Portmany,2025-08-08 11:00:00,93.0,53.35455
Sant Antoni de Portmany,2025-08-08 12:00:00,77.0,52.56084
Sant Antoni de Portmany,2025-08-08 13:00:00,72.0,46.444298
Sant Antoni de Portmany,2025-08-08 14:00:00,41.0,44.911877
Sant Antoni de Portmany,2025-08-08 15:00:00,43.0,41.28004
Sant Antoni de Portmany,2025-08-08 16:00:00,6.0,40.294968
Sant Antoni de Portmany,2025-08-08 17:00:00,6.0,18.887476
Sant Antoni de Portmany,2025-08-08 18:00:00,50.0,30.028183
Sant Antoni de Portmany,2025-08-08 19:00:00,61.0,46.026386
Sant Antoni de Portmany,2025-08-08 20:00:00,67.0,56.484756
Sant Antoni de Portmany,2025-08-09 08:00:00,71.0,60.14281
Sant Antoni de Portmany,2025-08-09 09:00:00,55.0,50.50105
Sant Antoni de Portmany,2025-08-09 10:00:00,64.0,49.147476
Sant Antoni de Portmany,2025-08-09 11:00:00,62.0,46.539257
Sant Antoni de Portmany,2025-08-09 12:00:00,55.0,46.428207
Sant Antoni de Portmany,2025-08-09 13:00:00,23.0,43.03448
Sant Antoni de Portmany,2025-08-09 14:00:00,21.0,44.4034
Sant Antoni de Portmany,2025-08-09 15:00:00,17.0,35.302517
Sant Antoni de Portmany,2025-08-09 16:00:00,5.0,35.475636
Sant Antoni de Portmany,2025-08-09 17:00:00,5.0,9.656238
Sant Antoni de Portmany,2025-08-09 18:00:00,15.0,27.223898
Sant Antoni de Portmany,2025-08-09 19:00:00,35.0,32.59097
Sant Antoni de Portmany,2025-08-09 20:00:00,33.0,47.372375
Sant Antoni de Portmany,2025-08-10 08:00:00,33.0,48.18898
Sant Antoni de Portmany,2025-08-10 09:00:00,35.0,42.180523
Sant Antoni de Portmany,2025-08-10 10:00:00,40.0,52.824776
Sant Antoni de Portmany,2025-08-10 11:00:00,45.0,44.96985
Sant Antoni de Portmany,2025-08-10 12:00:00,67.0,49.4107
Sant Antoni de Portmany,2025-08-10 13:00:00,52.0,46.65079
Sant Antoni de Portmany,2025-08-10 14:00:00,36.0,45.176586
Sant Antoni de Portmany,2025-08-10 15:00:00,28.0,35.74124
Sant Antoni de Portmany,2025-08-10 16:00:00,6.0,34.900795
Sant Antoni de Portmany,2025-08-10 17:00:00,6.0,10.664008
Sant Antoni de Portmany,2025-08-10 18:00:00,30.0,29.625437
Sant Antoni de Portmany,2025-08-10 19:00:00,30.0,50.299118
Sant Antoni de Portmany,2025-08-10 20:00:00,42.0,42.493347
Sant Antoni de Portmany,2025-08-11 08:00:00,57.0,50.403133
Sant Antoni de Portmany,2025-08-11 09:00:00,37.0,44.35193
Sant Antoni de Portmany,2025-08-11 10:00:00,43.0,40.15262
Sant Antoni de Portmany,2025-08-11 11:00:00,38.0,45.827965
Sant Antoni de Portmany,2025-08-11 12:00:00,49.0,43.78748
Sant Antoni de Portmany,2025-08-11 13:00:00,34.0,44.4376
Sant Antoni de Portmany,2025-08-11 14:00:00,21.0,38.32071
Sant Antoni de Portmany,2025-08-11 15:00:00,27.0,33.190235
Sant Antoni de Portmany,2025-08-11 16:00:00,6.0,32.967167
Sant Antoni de Portmany,2025-08-11 17:00:00,6.0,13.569413
Sant Antoni de Portmany,2025-08-11 18:00:00,16.0,37.556183
Sant Antoni de Portmany,2025-08-11 19:00:00,44.0,47.592564
Sant Antoni de Portmany,2025-08-11 20:00:00,48.0,51.085194
Sant Antoni de Portmany,2025-08-12 08:00:00,67.0,49.07424
Sant Antoni de Portmany,2025-08-12 09:00:00,54.0,47.5938
Sant Antoni de Portmany,2025-08-12 10:00:00,57.0,47.215664
Sant Antoni de Portmany,2025-08-12 11:00:00,55.0,47.340084
Sant Antoni de Portmany,2025-08-12 12:00:00,54.0,44.902176
Sant Antoni de Portmany,2025-08-12 13:00:00,25.0,41.826374
Sant Antoni de Portmany,2025-08-12 14:00:00,21.0,41.12713
Sant Antoni de Portmany,2025-08-12 15:00:00,29.0,32.855896
Sant Antoni de Portmany,2025-08-12 16:00:00,6.0,33.044006
Sant Antoni de Portmany,2025-08-12 17:00:00,6.0,13.928198
Sant Antoni de Portmany,2025-08-12 18:00:00,36.0,38.40608
Sant Antoni de Portmany,2025-08-12 19:00:00,65.0,48.955685
Sant Antoni de Portmany,2025-08-12 20:00:00,60.0,47.926296
Sant Antoni de Portmany,2025-08-13 08:00:00,60.0,52.66356
Sant Antoni de Portmany,2025-08-13 09:00:00,54.0,40.500515
Sant Antoni de Portmany,2025-08-13 10:00:00,54.0,40.864838
Sant Antoni de Portmany,2025-08-13 11:00:00,45.0,44.375134
Sant Antoni de Portmany,2025-08-13 12:00:00,23.0,47.131996
Sant Antoni de Portmany,2025-08-13 13:00:00,19.0,40.9283
Sant Antoni de Portmany,2025-08-13 14:00:00,21.0,38.831547
Sant Antoni de Portmany,2025-08-13 15:00:00,30.0,32.99889
Sant Antoni de Portmany,2025-08-13 16:00:00,6.0,32.716152
Sant Antoni de Portmany,2025-08-13 17:00:00,6.0,11.046724
Sant Antoni de Portmany,2025-08-13 18:00:00,20.0,41.278843
Sant Antoni de Portmany,2025-08-13 19:00:00,43.0,54.50222
Sant Antoni de Portmany,2025-08-13 20:00:00,42.0,59.490864
Sant Antoni de Portmany,2025-08-14 08:00:00,61.0,64.20928
Sant Antoni de Portmany,2025-08-14 09:00:00,45.0,56.252598
Sant Antoni de Portmany,2025-08-14 10:00:00,55.0,55.62002
Sant Antoni de Portmany,2025-08-14 11:00:00,63.0,55.441444
Sant Antoni de Portmany,2025-08-14 12:00:00,41.0,56.557274
Sant Antoni de Portmany,2025-08-14 13:00:00,37.0,46.910637
Sant Antoni de Portmany,2025-08-14 14:00:00,22.0,44.40801
Sant Antoni de Portmany,2025-08-14 15:00:00,38.0,34.302845
Sant Antoni de Portmany,2025-08-14 16:00:00,6.0,36.716442
Sant Antoni de Portmany,2025-08-14 17:00:00,6.0,15.032317
Sant Antoni de Portmany,2025-08-14 18:00:00,27.0,34.683037
Sant Antoni de Portmany,2025-08-14 19:00:00,55.0,39.891457
Sant Antoni de Portmany,2025-08-14 20:00:00,65.0,48.669113
Sant Antoni de Portmany,2025-08-15 08:00:00,62.0,65.83556
Sant Antoni de Portmany,2025-08-15 09:00:00,70.0,58.767002
Sant Antoni de Portmany,2025-08-15 10:00:00,71.0,61.113396
Sant Antoni de Portmany,2025-08-15 11:00:00,79.0,54.711452
Sant Antoni de Portmany,2025-08-15 12:00:00,67.0,55.646206
Sant Antoni de Portmany,2025-08-15 13:00:00,49.0,49.681934
Sant Antoni de Portmany,2025-08-15 14:00:00,29.0,50.183002
Sant Antoni de Portmany,2025-08-15 15:00:00,38.0,40.77436
Sant Antoni de Portmany,2025-08-15 16:00:00,6.0,34.626648
Sant Antoni de Portmany,2025-08-15 17:00:00,6.0,13.99577
Sant Antoni de Portmany,2025-08-15 18:00:00,51.0,29.037899
Sant Antoni de Portmany,2025-08-15 19:00:00,65.0,46.078968
Sant Antoni de Portmany,2025-08-15 20:00:00,60.0,46.61814
Sant Antoni de Portmany,2025-08-16 08:00:00,41.0,58.2546
Sant Antoni de Portmany,2025-08-16 09:00:00,79.0,52.555515
Sant Antoni de Portmany,2025-08-16 10:00:00,64.0,52.219494
Sant Antoni de Portmany,2025-08-16 11:00:00,59.0,47.789505
Sant Antoni de Portmany,2025-08-16 12:00:00,58.0,43.18447
Sant Antoni de Portmany,2025-08-16 13:00:00,35.0,49.2487
Sant Antoni de Portmany,2025-08-16 14:00:00,29.0,43.14041
Sant Antoni de Portmany,2025-08-16 15:00:00,32.0,37.082886
Sant Antoni de Portmany,2025-08-16 16:00:00,5.0,27.692543
Sant Antoni de Portmany,2025-08-16 17:00:00,5.0,10.411395
Sant Antoni de Portmany,2025-08-16 18:00:00,28.0,31.139662
Sant Antoni de Portmany,2025-08-16 19:00:00,32.0,48.495525
Sant Antoni de Portmany,2025-08-16 20:00:00,54.0,54.608543
Sant Antoni de Portmany,2025-08-17 08:00:00,64.0,61.593334
Sant Antoni de Portmany,2025-08-17 09:00:00,61.0,55.791355
Sant Antoni de Portmany,2025-08-17 10:00:00,80.0,56.282448
Sant Antoni de Portmany,2025-08-17 11:00:00,69.0,63.636707
Sant Antoni de Portmany,2025-08-17 12:00:00,51.0,51.511894
Sant Antoni de Portmany,2025-08-17 13:00:00,51.0,53.95429
Sant Antoni de Portmany,2025-08-17 14:00:00,36.0,42.561356
Sant Antoni de Portmany,2025-08-17 15:00:00,28.0,42.606136
Sant Antoni de Portmany,2025-08-17 16:00:00,6.0,26.943884
Sant Antoni de Portmany,2025-08-17 17:00:00,6.0,11.403052
Sant Antoni de Portmany,2025-08-17 18:00:00,11.0,30.383602
Sant Antoni de Portmany,2025-08-17 19:00:00,39.0,34.16348
Sant Antoni de Portmany,2025-08-17 20:00:00,33.0,44.825058
Sant Antoni de Portmany,2025-08-18 08:00:00,55.0,58.820248
Sant Antoni de Portmany,2025-08-18 09:00:00,44.0,62.940117
Sant Antoni de Portmany,2025-08-18 10:00:00,65.0,61.02345
Sant Antoni de Portmany,2025-08-18 11:00:00,55.0,54.365963
Sant Antoni de Portmany,2025-08-18 12:00:00,38.0,53.208538
Sant Antoni de Portmany,2025-08-18 13:00:00,25.0,49.368412
Sant Antoni de Portmany,2025-08-18 14:00:00,15.0,45.474365
Sant Antoni de Portmany,2025-08-18 15:00:00,15.0,38.488472
Sant Antoni de Portmany,2025-08-18 16:00:00,6.0,29.073772
Sant Antoni de Portmany,2025-08-18 17:00:00,6.0,12.049334
Sant Antoni de Portmany,2025-08-18 18:00:00,14.0,32.61169
Sant Antoni de Portmany,2025-08-18 19:00:00,21.0,52.36113
Sant Antoni de Portmany,2025-08-18 20:00:00,47.0,53.31246
Sant Antoni de Portmany,2025-08-19 08:00:00,67.0,55.668785
Sant Antoni de Portmany,2025-08-19 09:00:00,34.0,50.71176
Sant Antoni de Portmany,2025-08-19 10:00:00,60.0,51.31345
Sant Antoni de Portmany,2025-08-19 11:00:00,67.0,49.989113
Sant Antoni de Portmany,2025-08-19 12:00:00,60.0,47.69439
Sant Antoni de Portmany,2025-08-19 13:00:00,35.0,48.472466
Sant Antoni de Portmany,2025-08-19 14:00:00,46.0,42.89214
Sant Antoni de Portmany,2025-08-19 15:00:00,36.0,38.293556
Sant Antoni de Portmany,2025-08-19 16:00:00,6.0,24.857042
Sant Antoni de Portmany,2025-08-19 17:00:00,6.0,15.94329
Sant Antoni de Portmany,2025-08-19 18:00:00,17.0,37.577133
Sant Antoni de Portmany,2025-08-19 19:00:00,27.0,53.877537
Sant Antoni de Portmany,2025-08-19 20:00:00,46.0,54.55827
Sant Antoni de Portmany,2025-08-20 08:00:00,64.0,51.067467
Sant Antoni de Portmany,2025-08-20 09:00:00,59.0,44.45436
Sant Antoni de Portmany,2025-08-20 10:00:00,34.0,45.136467
Sant Antoni de Portmany,2025-08-20 11:00:00,42.0,44.882694
Sant Antoni de Portmany,2025-08-20 12:00:00,70.0,44.122814
Sant Antoni de Portmany,2025-08-20 13:00:00,36.0,41.697735
Sant Antoni de Portmany,2025-08-20 14:00:00,22.0,34.555393
Sant Antoni de Portmany,2025-08-20 15:00:00,40.0,29.652796
Sant Antoni de Portmany,2025-08-20 16:00:00,6.0,27.724855
Sant Antoni de Portmany,2025-08-20 17:00:00,6.0,13.324855
Sant Antoni de Portmany,2025-08-20 18:00:00,30.0,29.834965
Sant Antoni de Portmany,2025-08-20 19:00:00,34.0,44.7962
Sant Antoni de Portmany,2025-08-20 20:00:00,43.0,45.300117
Sant Antoni de Portmany,2025-08-21 08:00:00,37.0,53.59904
Sant Antoni de Portmany,2025-08-21 09:00:00,54.0,43.93816
Sant Antoni de Portmany,2025-08-21 10:00:00,60.0,43.558506
Sant Antoni de Portmany,2025-08-21 11:00:00,69.0,38.757885
Sant Antoni de Portmany,2025-08-21 12:00:00,58.0,38.599136
Sant Antoni de Portmany,2025-08-21 13:00:00,46.0,33.948223
Sant Antoni de Portmany,2025-08-21 14:00:00,26.0,32.106754
Sant Antoni de Portmany,2025-08-21 15:00:00,42.0,27.983475
Sant Antoni de Portmany,2025-08-21 16:00:00,6.0,22.46082
Sant Antoni de Portmany,2025-08-21 17:00:00,6.0,12.901355
Sant Antoni de Portmany,2025-08-21 18:00:00,26.0,29.744257
Sant Antoni de Portmany,2025-08-21 19:00:00,43.0,47.23868
Sant Antoni de Portmany,2025-08-21 20:00:00,61.0,51.894882
Sant Antoni de Portmany,2025-08-22 08:00:00,39.0,56.991768
Sant Antoni de Portmany,2025-08-22 09:00:00,55.0,51.0438
Sant Antoni de Portmany,2025-08-22 10:00:00,68.0,51.881012
Sant Antoni de Portmany,2025-08-22 11:00:00,57.0,50.904686
Sant Antoni de Portmany,2025-08-22 12:00:00,83.0,50.873882
Sant Antoni de Portmany,2025-08-22 13:00:00,42.0,42.55016
Sant Antoni de Portmany,2025-08-22 14:00:00,12.0,36.30172
Sant Antoni de Portmany,2025-08-22 15:00:00,39.0,31.843243
Sant Antoni de Portmany,2025-08-22 16:00:00,6.0,25.651995
Sant Antoni de Portmany,2025-08-22 17:00:00,6.0,15.148785
Sant Antoni de Portmany,2025-08-22 18:00:00,12.0,26.246712
Sant Antoni de Portmany,2025-08-22 19:00:00,27.0,50.39507
Sant Antoni de Portmany,2025-08-22 20:00:00,26.0,42.86858
Sant Antoni de Portmany,2025-08-23 08:00:00,28.0,49.635246
Sant Antoni de Portmany,2025-08-23 09:00:00,27.0,48.332924
Sant Antoni de Portmany,2025-08-23 10:00:00,20.0,47.520374
Sant Antoni de Portmany,2025-08-23 11:00:00,47.0,46.578102
Sant Antoni de Portmany,2025-08-23 12:00:00,37.0,41.336346
Sant Antoni de Portmany,2025-08-23 13:00:00,23.0,30.70257
Sant Antoni de Portmany,2025-08-23 14:00:00,11.0,27.919167
Sant Antoni de Portmany,2025-08-23 15:00:00,36.0,25.416924
Sant Antoni de Portmany,2025-08-23 16:00:00,5.0,19.514479
Sant Antoni de Portmany,2025-08-23 17:00:00,5.0,10.994681
Sant Antoni de Portmany,2025-08-23 18:00:00,15.0,27.607124
Sant Antoni de Portmany,2025-08-23 19:00:00,33.0,50.776142
Sant Antoni de Portmany,2025-08-23 20:00:00,37.0,45.76967
Sant Antoni de Portmany,2025-08-24 08:00:00,43.0,42.180817
Sant Antoni de Portmany,2025-08-24 09:00:00,35.0,42.87539
Sant Antoni de Portmany,2025-08-24 10:00:00,27.0,44.25417
Sant Antoni de Portmany,2025-08-24 11:00:00,42.0,46.232025
Sant Antoni de Portmany,2025-08-24 12:00:00,37.0,43.6374
Sant Antoni de Portmany,2025-08-24 13:00:00,30.0,35.061386
Sant Antoni de Portmany,2025-08-24 14:00:00,23.0,31.7214
Sant Antoni de Portmany,2025-08-24 15:00:00,25.0,24.634584
Sant Antoni de Portmany,2025-08-24 16:00:00,6.0,21.38597
Sant Antoni de Portmany,2025-08-24 17:00:00,6.0,11.261594
Sant Antoni de Portmany,2025-08-24 18:00:00,14.0,40.13803
Sant Antoni de Portmany,2025-08-24 19:00:00,48.0,59.38146
Sant Antoni de Portmany,2025-08-24 20:00:00,36.0,51.807243
Sant Antoni de Portmany,2025-08-25 08:00:00,52.0,55.921803
Sant Antoni de Portmany,2025-08-25 09:00:00,35.0,48.124565
Sant Antoni de Portmany,2025-08-25 10:00:00,32.0,51.969555
Sant Antoni de Portmany,2025-08-25 11:00:00,54.0,54.845776
Sant Antoni de Portmany,2025-08-25 12:00:00,51.0,49.527073
Sant Antoni de Portmany,2025-08-25 13:00:00,29.0,46.47932
Sant Antoni de Portmany,2025-08-25 14:00:00,8.0,37.19614
Sant Antoni de Portmany,2025-08-25 15:00:00,32.0,31.109074
Sant Antoni de Portmany,2025-08-25 16:00:00,6.0,23.428154
Sant Antoni de Portmany,2025-08-25 17:00:00,6.0,12.839185
Sant Antoni de Portmany,2025-08-25 18:00:00,15.0,41.95773
Sant Antoni de Portmany,2025-08-25 19:00:00,31.0,61.8226
Sant Antoni de Portmany,2025-08-25 20:00:00,53.0,53.678776
Sant Antoni de Portmany,2025-08-26 08:00:00,35.0,51.213764
Sant Antoni de Portmany,2025-08-26 09:00:00,49.0,51.25546
Sant Antoni de Portmany,2025-08-26 10:00:00,41.0,51.915215
Sant Antoni de Portmany,2025-08-26 11:00:00,59.0,52.32236
Sant Antoni de Portmany,2025-08-26 12:00:00,53.0,54.726177
Sant Antoni de Portmany,2025-08-26 13:00:00,29.0,50.21295
Sant Antoni de Portmany,2025-08-26 14:00:00,16.0,36.917973
Sant Antoni de Portmany,2025-08-26 15:00:00,33.0,35.30737
Sant Antoni de Portmany,2025-08-26 16:00:00,6.0,25.22109
Sant Antoni de Portmany,2025-08-26 17:00:00,6.0,11.8763275
Sant Antoni de Portmany,2025-08-26 18:00:00,19.0,38.489273
Sant Antoni de Portmany,2025-08-26 19:00:00,38.0,57.473774
Sant Antoni de Portmany,2025-08-26 20:00:00,36.0,48.714386
Sant Antoni de Portmany,2025-08-27 08:00:00,55.0,49.30852
Sant Antoni de Portmany,2025-08-27 09:00:00,36.0,47.75376
Sant Antoni de Portmany,2025-08-27 10:00:00,70.0,46.47402
Sant Antoni de Portmany,2025-08-27 11:00:00,47.0,46.451073
Sant Antoni de Portmany,2025-08-27 12:00:00,44.0,43.80048
Sant Antoni de Portmany,2025-08-27 13:00:00,40.0,36.527386
Sant Antoni de Portmany,2025-08-27 14:00:00,25.0,33.997845
Sant Antoni de Portmany,2025-08-27 15:00:00,26.0,32.391865
Sant Antoni de Portmany,2025-08-27 16:00:00,6.0,23.703144
Sant Antoni de Portmany,2025-08-27 17:00:00,6.0,14.115707
Sant Antoni de Portmany,2025-08-27 18:00:00,18.0,34.890297
Sant Antoni de Portmany,2025-08-27 19:00:00,33.0,53.362396
Sant Antoni de Portmany,2025-08-27 20:00:00,46.0,46.834423
Sant Antoni de Portmany,2025-08-28 08:00:00,49.0,47.80988
Sant Antoni de Portmany,2025-08-28 09:00:00,49.0,52.770874
Sant Antoni de Portmany,2025-08-28 10:00:00,42.0,45.506912
Sant Antoni de Portmany,2025-08-28 11:00:00,40.0,45.623726
Sant Antoni de Portmany,2025-08-28 12:00:00,48.0,41.80743
Sant Antoni de Portmany,2025-08-28 13:00:00,46.0,29.044369
Sant Antoni de Portmany,2025-08-28 14:00:00,27.0,28.969328
Sant Antoni de Portmany,2025-08-28 15:00:00,31.0,22.010067
Sant Antoni de Portmany,2025-08-28 16:00:00,6.0,12.909058
Sant Antoni de Portmany,2025-08-28 17:00:00,6.0,14.871117
Sant Antoni de Portmany,2025-08-28 18:00:00,27.0,28.346195
Sant Antoni de Portmany,2025-08-28 19:00:00,50.0,45.14846
Sant Antoni de Portmany,2025-08-28 20:00:00,48.0,49.407707
Sant Antoni de Portmany,2025-08-29 08:00:00,30.0,51.57184
Sant Antoni de Portmany,2025-08-29 09:00:00,37.0,37.82088
Sant Antoni de Portmany,2025-08-29 10:00:00,41.0,36.760197
Sant Antoni de Portmany,2025-08-29 11:00:00,74.0,43.012196
Sant Antoni de Portmany,2025-08-29 12:00:00,46.0,42.25322
Sant Antoni de Portmany,2025-08-29 13:00:00,37.0,38.10996
Sant Antoni de Portmany,2025-08-29 14:00:00,27.0,33.914333
Sant Antoni de Portmany,2025-08-29 15:00:00,41.0,29.766947
Sant Antoni de Portmany,2025-08-29 16:00:00,6.0,9.369339
Sant Antoni de Portmany,2025-08-29 17:00:00,6.0,13.71152
Sant Antoni de Portmany,2025-08-29 18:00:00,19.0,25.805836
Sant Antoni de Portmany,2025-08-29 19:00:00,9.0,32.582573
Sant Antoni de Portmany,2025-08-29 20:00:00,37.0,40.864063
Sant Antoni de Portmany,2025-08-30 08:00:00,42.0,48.820107
Sant Antoni de Portmany,2025-08-30 09:00:00,53.0,39.231346
Sant Antoni de Portmany,2025-08-30 10:00:00,43.0,37.713207
Sant Antoni de Portmany,2025-08-30 11:00:00,58.0,38.47387
Sant Antoni de Portmany,2025-08-30 12:00:00,47.0,33.516087
Sant Antoni de Portmany,2025-08-30 13:00:00,32.0,28.513273
Sant Antoni de Portmany,2025-08-30 14:00:00,17.0,29.983955
Sant Antoni de Portmany,2025-08-30 15:00:00,4.0,27.346994
Sant Antoni de Portmany,2025-08-30 16:00:00,5.0,12.80116
Sant Antoni de Portmany,2025-08-30 17:00:00,5.0,12.406425
Sant Antoni de Portmany,2025-08-30 18:00:00,14.0,29.269104
Sant Antoni de Portmany,2025-08-30 19:00:00,30.0,27.29568
Sant Antoni de Portmany,2025-08-30 20:00:00,35.0,20.550423
Son Serra de Marina,2025-06-01 08:00:00,29.0,47.137672
Son Serra de Marina,2025-06-01 09:00:00,17.0,36.691086
Son Serra de Marina,2025-06-01 10:00:00,17.0,41.265224
Son Serra de Marina,2025-06-01 11:00:00,16.0,41.126728
Son Serra de Marina,2025-06-01 12:00:00,20.0,42.941067
Son Serra de Marina,2025-06-01 13:00:00,19.0,39.007084
Son Serra de Marina,2025-06-01 14:00:00,24.0,31.546017
Son Serra de Marina,2025-06-01 15:00:00,21.0,30.705124
Son Serra de Marina,2025-06-01 16:00:00,11.0,28.410181
Son Serra de Marina,2025-06-01 17:00:00,5.0,10.606402
Son Serra de Marina,2025-06-01 18:00:00,15.0,47.905006
Son Serra de Marina,2025-06-01 19:00:00,20.0,47.533154
Son Serra de Marina,2025-06-01 20:00:00,47.0,51.94788
Son Serra de Marina,2025-06-02 08:00:00,43.0,62.61997
Son Serra de Marina,2025-06-02 09:00:00,25.0,36.467216
Son Serra de Marina,2025-06-02 10:00:00,19.0,39.904438
Son Serra de Marina,2025-06-02 11:00:00,26.0,43.693935
Son Serra de Marina,2025-06-02 12:00:00,32.0,44.529144
Son Serra de Marina,2025-06-02 13:00:00,32.0,42.173378
Son Serra de Marina,2025-06-02 14:00:00,34.0,37.546234
Son Serra de Marina,2025-06-02 15:00:00,22.0,31.435553
Son Serra de Marina,2025-06-02 16:00:00,15.0,26.87206
Son Serra de Marina,2025-06-02 17:00:00,3.0,12.635455
Son Serra de Marina,2025-06-02 18:00:00,25.0,50.8034
Son Serra de Marina,2025-06-02 19:00:00,39.0,69.80547
Son Serra de Marina,2025-06-02 20:00:00,45.0,67.259254
Son Serra de Marina,2025-06-03 08:00:00,45.0,62.386242
Son Serra de Marina,2025-06-03 09:00:00,30.0,53.77755
Son Serra de Marina,2025-06-03 10:00:00,43.0,56.167187
Son Serra de Marina,2025-06-03 11:00:00,50.0,46.974697
Son Serra de Marina,2025-06-03 12:00:00,37.0,41.770725
Son Serra de Marina,2025-06-03 13:00:00,52.0,33.234848
Son Serra de Marina,2025-06-03 14:00:00,26.0,28.293987
Son Serra de Marina,2025-06-03 15:00:00,24.0,21.722395
Son Serra de Marina,2025-06-03 16:00:00,30.0,20.72739
Son Serra de Marina,2025-06-03 17:00:00,2.0,9.33794
Son Serra de Marina,2025-06-03 18:00:00,24.0,38.303196
Son Serra de Marina,2025-06-03 19:00:00,33.0,66.08081
Son Serra de Marina,2025-06-03 20:00:00,23.0,63.415924
Son Serra de Marina,2025-06-04 08:00:00,45.0,49.694027
Son Serra de Marina,2025-06-04 09:00:00,32.0,38.34305
Son Serra de Marina,2025-06-04 10:00:00,34.0,41.44711
Son Serra de Marina,2025-06-04 11:00:00,42.0,39.174866
Son Serra de Marina,2025-06-04 12:00:00,61.0,26.284637
Son Serra de Marina,2025-06-04 13:00:00,58.0,24.55931
Son Serra de Marina,2025-06-04 14:00:00,47.0,21.366928
Son Serra de Marina,2025-06-04 15:00:00,43.0,19.171846
Son Serra de Marina,2025-06-04 16:00:00,50.0,16.783205
Son Serra de Marina,2025-06-04 17:00:00,2.0,7.8972273
Son Serra de Marina,2025-06-04 18:00:00,41.0,25.673082
Son Serra de Marina,2025-06-04 19:00:00,48.0,40.164574
Son Serra de Marina,2025-06-04 20:00:00,66.0,47.863834
Son Serra de Marina,2025-06-05 08:00:00,72.0,47.049576
Son Serra de Marina,2025-06-05 09:00:00,53.0,40.70714
Son Serra de Marina,2025-06-05 10:00:00,62.0,40.968452
Son Serra de Marina,2025-06-05 11:00:00,61.0,39.80874
Son Serra de Marina,2025-06-05 12:00:00,53.0,39.509174
Son Serra de Marina,2025-06-05 13:00:00,51.0,33.019936
Son Serra de Marina,2025-06-05 14:00:00,39.0,24.411566
Son Serra de Marina,2025-06-05 15:00:00,41.0,21.785648
Son Serra de Marina,2025-06-05 16:00:00,20.0,20.975735
Son Serra de Marina,2025-06-05 17:00:00,3.0,11.015182
Son Serra de Marina,2025-06-05 18:00:00,68.0,33.128216
Son Serra de Marina,2025-06-05 19:00:00,67.0,60.720913
Son Serra de Marina,2025-06-05 20:00:00,75.0,45.2279
Son Serra de Marina,2025-06-06 08:00:00,48.0,56.650444
Son Serra de Marina,2025-06-06 09:00:00,50.0,47.482227
Son Serra de Marina,2025-06-06 10:00:00,62.0,45.441338
Son Serra de Marina,2025-06-06 11:00:00,48.0,46.290497
Son Serra de Marina,2025-06-06 12:00:00,57.0,41.202873
Son Serra de Marina,2025-06-06 13:00:00,44.0,32.899456
Son Serra de Marina,2025-06-06 14:00:00,49.0,26.80459
Son Serra de Marina,2025-06-06 15:00:00,30.0,24.087801
Son Serra de Marina,2025-06-06 16:00:00,5.0,21.807299
Son Serra de Marina,2025-06-06 17:00:00,2.0,10.7952385
Son Serra de Marina,2025-06-06 18:00:00,14.0,25.943123
Son Serra de Marina,2025-06-06 19:00:00,28.0,40.33888
Son Serra de Marina,2025-06-06 20:00:00,30.0,37.298534
Son Serra de Marina,2025-06-07 08:00:00,11.0,35.849648
Son Serra de Marina,2025-06-07 09:00:00,15.0,30.579971
Son Serra de Marina,2025-06-07 10:00:00,32.0,34.006874
Son Serra de Marina,2025-06-07 11:00:00,22.0,37.865875
Son Serra de Marina,2025-06-07 12:00:00,20.0,33.483486
Son Serra de Marina,2025-06-07 13:00:00,25.0,31.553362
Son Serra de Marina,2025-06-07 14:00:00,13.0,22.543478
Son Serra de Marina,2025-06-07 15:00:00,15.0,23.065126
Son Serra de Marina,2025-06-07 16:00:00,15.0,19.738693
Son Serra de Marina,2025-06-07 17:00:00,2.0,6.63636
Son Serra de Marina,2025-06-07 18:00:00,19.0,31.812887
Son Serra de Marina,2025-06-07 19:00:00,29.0,52.765118
Son Serra de Marina,2025-06-07 20:00:00,28.0,42.578457
Son Serra de Marina,2025-06-08 08:00:00,27.0,40.388435
Son Serra de Marina,2025-06-08 09:00:00,19.0,36.628464
Son Serra de Marina,2025-06-08 10:00:00,26.0,32.22898
Son Serra de Marina,2025-06-08 11:00:00,34.0,36.639126
Son Serra de Marina,2025-06-08 12:00:00,29.0,32.005512
Son Serra de Marina,2025-06-08 13:00:00,19.0,31.486746
Son Serra de Marina,2025-06-08 14:00:00,15.0,25.70745
Son Serra de Marina,2025-06-08 15:00:00,20.0,21.508167
Son Serra de Marina,2025-06-08 16:00:00,10.0,17.695818
Son Serra de Marina,2025-06-08 17:00:00,3.0,7.2895103
Son Serra de Marina,2025-06-08 18:00:00,22.0,26.941816
Son Serra de Marina,2025-06-08 19:00:00,24.0,56.210514
Son Serra de Marina,2025-06-08 20:00:00,26.0,46.456646
Son Serra de Marina,2025-06-09 08:00:00,25.0,39.831875
Son Serra de Marina,2025-06-09 09:00:00,25.0,31.912802
Son Serra de Marina,2025-06-09 10:00:00,23.0,30.960989
Son Serra de Marina,2025-06-09 11:00:00,20.0,35.711735
Son Serra de Marina,2025-06-09 12:00:00,22.0,33.375942
Son Serra de Marina,2025-06-09 13:00:00,18.0,28.9742
Son Serra de Marina,2025-06-09 14:00:00,24.0,22.60066
Son Serra de Marina,2025-06-09 15:00:00,17.0,19.74372
Son Serra de Marina,2025-06-09 16:00:00,10.0,17.79656
Son Serra de Marina,2025-06-09 17:00:00,3.0,6.4602017
Son Serra de Marina,2025-06-09 18:00:00,20.0,27.34221
Son Serra de Marina,2025-06-09 19:00:00,50.0,48.65417
Son Serra de Marina,2025-06-09 20:00:00,32.0,39.71018
Son Serra de Marina,2025-06-10 08:00:00,22.0,39.102245
Son Serra de Marina,2025-06-10 09:00:00,25.0,26.915268
Son Serra de Marina,2025-06-10 10:00:00,26.0,29.495462
Son Serra de Marina,2025-06-10 11:00:00,21.0,27.523611
Son Serra de Marina,2025-06-10 12:00:00,21.0,24.835888
Son Serra de Marina,2025-06-10 13:00:00,20.0,24.144169
Son Serra de Marina,2025-06-10 14:00:00,17.0,19.474743
Son Serra de Marina,2025-06-10 15:00:00,15.0,16.574299
Son Serra de Marina,2025-06-10 16:00:00,6.0,17.167984
Son Serra de Marina,2025-06-10 17:00:00,6.0,5.760857
Son Serra de Marina,2025-06-10 18:00:00,29.0,21.89905
Son Serra de Marina,2025-06-10 19:00:00,49.0,42.2487
Son Serra de Marina,2025-06-10 20:00:00,56.0,38.5417
Son Serra de Marina,2025-06-11 08:00:00,47.0,35.706738
Son Serra de Marina,2025-06-11 09:00:00,14.0,26.282839
Son Serra de Marina,2025-06-11 10:00:00,51.0,26.216732
Son Serra de Marina,2025-06-11 11:00:00,41.0,29.745821
Son Serra de Marina,2025-06-11 12:00:00,55.0,28.988747
Son Serra de Marina,2025-06-11 13:00:00,34.0,25.176798
Son Serra de Marina,2025-06-11 14:00:00,24.0,22.424637
Son Serra de Marina,2025-06-11 15:00:00,19.0,21.111559
Son Serra de Marina,2025-06-11 16:00:00,23.0,20.085932
Son Serra de Marina,2025-06-11 17:00:00,6.0,6.938798
Son Serra de Marina,2025-06-11 18:00:00,16.0,26.378637
Son Serra de Marina,2025-06-11 19:00:00,24.0,48.169792
Son Serra de Marina,2025-06-11 20:00:00,38.0,42.991817
Son Serra de Marina,2025-06-12 08:00:00,39.0,45.319756
Son Serra de Marina,2025-06-12 09:00:00,22.0,40.758633
Son Serra de Marina,2025-06-12 10:00:00,24.0,32.036274
Son Serra de Marina,2025-06-12 11:00:00,31.0,35.6363
Son Serra de Marina,2025-06-12 12:00:00,22.0,36.725437
Son Serra de Marina,2025-06-12 13:00:00,40.0,32.1708
Son Serra de Marina,2025-06-12 14:00:00,67.0,26.755835
Son Serra de Marina,2025-06-12 15:00:00,33.0,24.270103
Son Serra de Marina,2025-06-12 16:00:00,24.0,20.317333
Son Serra de Marina,2025-06-12 17:00:00,6.0,5.389617
Son Serra de Marina,2025-06-12 18:00:00,27.0,33.06473
Son Serra de Marina,2025-06-12 19:00:00,41.0,54.227646
Son Serra de Marina,2025-06-12 20:00:00,28.0,53.251507
Son Serra de Marina,2025-06-13 08:00:00,42.0,57.934795
Son Serra de Marina,2025-06-13 09:00:00,27.0,46.299194
Son Serra de Marina,2025-06-13 10:00:00,47.0,55.161102
Son Serra de Marina,2025-06-13 11:00:00,35.0,57.49142
Son Serra de Marina,2025-06-13 12:00:00,46.0,54.256905
Son Serra de Marina,2025-06-13 13:00:00,39.0,41.87049
Son Serra de Marina,2025-06-13 14:00:00,41.0,34.64073
Son Serra de Marina,2025-06-13 15:00:00,35.0,29.268536
Son Serra de Marina,2025-06-13 16:00:00,31.0,25.935652
Son Serra de Marina,2025-06-13 17:00:00,2.0,25.94766
Son Serra de Marina,2025-06-13 18:00:00,18.0,32.544537
Son Serra de Marina,2025-06-13 19:00:00,19.0,50.613686
Son Serra de Marina,2025-06-13 20:00:00,44.0,44.520813
Son Serra de Marina,2025-06-14 08:00:00,24.0,52.460922
Son Serra de Marina,2025-06-14 09:00:00,17.0,35.676727
Son Serra de Marina,2025-06-14 10:00:00,16.0,40.07687
Son Serra de Marina,2025-06-14 11:00:00,16.0,41.777843
Son Serra de Marina,2025-06-14 12:00:00,22.0,45.97164
Son Serra de Marina,2025-06-14 13:00:00,6.0,46.930683
Son Serra de Marina,2025-06-14 14:00:00,20.0,37.237743
Son Serra de Marina,2025-06-14 15:00:00,16.0,31.471838
Son Serra de Marina,2025-06-14 16:00:00,9.0,36.265293
Son Serra de Marina,2025-06-14 17:00:00,6.0,33.524357
Son Serra de Marina,2025-06-14 18:00:00,12.0,39.696087
Son Serra de Marina,2025-06-14 19:00:00,27.0,62.39504
Son Serra de Marina,2025-06-14 20:00:00,36.0,51.75555
Son Serra de Marina,2025-06-15 08:00:00,34.0,58.737022
Son Serra de Marina,2025-06-15 09:00:00,16.0,43.989777
Son Serra de Marina,2025-06-15 10:00:00,18.0,52.666534
Son Serra de Marina,2025-06-15 11:00:00,24.0,53.300243
Son Serra de Marina,2025-06-15 12:00:00,19.0,55.9735
Son Serra de Marina,2025-06-15 13:00:00,27.0,55.627785
Son Serra de Marina,2025-06-15 14:00:00,35.0,43.698696
Son Serra de Marina,2025-06-15 15:00:00,30.0,40.13676
Son Serra de Marina,2025-06-15 16:00:00,18.0,41.852833
Son Serra de Marina,2025-06-15 17:00:00,6.0,24.780474
Son Serra de Marina,2025-06-15 18:00:00,17.0,53.080326
Son Serra de Marina,2025-06-15 19:00:00,19.0,74.5103
Son Serra de Marina,2025-06-15 20:00:00,26.0,72.429436
Son Serra de Marina,2025-06-16 08:00:00,36.0,75.37016
Son Serra de Marina,2025-06-16 09:00:00,44.0,64.380226
Son Serra de Marina,2025-06-16 10:00:00,30.0,60.155926
Son Serra de Marina,2025-06-16 11:00:00,26.0,58.48911
Son Serra de Marina,2025-06-16 12:00:00,39.0,60.900257
Son Serra de Marina,2025-06-16 13:00:00,37.0,51.141327
Son Serra de Marina,2025-06-16 14:00:00,40.0,40.11201
Son Serra de Marina,2025-06-16 15:00:00,30.0,35.539944
Son Serra de Marina,2025-06-16 16:00:00,26.0,32.793694
Son Serra de Marina,2025-06-16 17:00:00,4.0,23.343018
Son Serra de Marina,2025-06-16 18:00:00,18.0,44.77375
Son Serra de Marina,2025-06-16 19:00:00,29.0,49.493275
Son Serra de Marina,2025-06-16 20:00:00,44.0,51.987095
Son Serra de Marina,2025-06-17 08:00:00,33.0,53.3636
Son Serra de Marina,2025-06-17 09:00:00,31.0,39.573555
Son Serra de Marina,2025-06-17 10:00:00,28.0,39.43279
Son Serra de Marina,2025-06-17 11:00:00,20.0,38.51462
Son Serra de Marina,2025-06-17 12:00:00,7.0,36.028446
Son Serra de Marina,2025-06-17 13:00:00,12.0,32.8144
Son Serra de Marina,2025-06-17 14:00:00,8.0,25.544764
Son Serra de Marina,2025-06-17 15:00:00,5.0,24.65718
Son Serra de Marina,2025-06-17 16:00:00,14.0,20.954184
Son Serra de Marina,2025-06-17 17:00:00,3.0,16.102724
Son Serra de Marina,2025-06-17 18:00:00,10.0,39.95552
Son Serra de Marina,2025-06-17 19:00:00,12.0,52.85624
Son Serra de Marina,2025-06-17 20:00:00,27.0,53.995464
Son Serra de Marina,2025-06-18 08:00:00,8.0,48.247227
Son Serra de Marina,2025-06-18 09:00:00,14.0,37.437893
Son Serra de Marina,2025-06-18 10:00:00,6.0,28.972178
Son Serra de Marina,2025-06-18 11:00:00,8.0,30.730333
Son Serra de Marina,2025-06-18 12:00:00,12.0,26.849054
Son Serra de Marina,2025-06-18 13:00:00,4.0,23.082317
Son Serra de Marina,2025-06-18 14:00:00,21.0,19.368088
Son Serra de Marina,2025-06-18 15:00:00,24.0,18.53969
Son Serra de Marina,2025-06-18 16:00:00,39.0,18.15782
Son Serra de Marina,2025-06-18 17:00:00,10.0,14.97916
Son Serra de Marina,2025-06-18 18:00:00,17.0,19.05122
Son Serra de Marina,2025-06-18 19:00:00,14.0,49.417965
Son Serra de Marina,2025-06-18 20:00:00,16.0,44.738678
Son Serra de Marina,2025-06-19 08:00:00,39.0,51.706036
Son Serra de Marina,2025-06-19 09:00:00,16.0,34.534397
Son Serra de Marina,2025-06-19 10:00:00,22.0,33.067192
Son Serra de Marina,2025-06-19 11:00:00,18.0,36.02445
Son Serra de Marina,2025-06-19 12:00:00,16.0,32.514885
Son Serra de Marina,2025-06-19 13:00:00,23.0,28.49525
Son Serra de Marina,2025-06-19 14:00:00,22.0,25.231842
Son Serra de Marina,2025-06-19 15:00:00,41.0,21.54352
Son Serra de Marina,2025-06-19 16:00:00,18.0,20.38033
Son Serra de Marina,2025-06-19 17:00:00,6.0,17.96154
Son Serra de Marina,2025-06-19 18:00:00,11.0,24.664055
Son Serra de Marina,2025-06-19 19:00:00,14.0,52.996433
Son Serra de Marina,2025-06-19 20:00:00,30.0,61.325237
Son Serra de Marina,2025-06-20 08:00:00,25.0,50.86456
Son Serra de Marina,2025-06-20 09:00:00,21.0,40.790142
Son Serra de Marina,2025-06-20 10:00:00,33.0,44.400776
Son Serra de Marina,2025-06-20 11:00:00,27.0,43.461174
Son Serra de Marina,2025-06-20 12:00:00,26.0,41.88023
Son Serra de Marina,2025-06-20 13:00:00,44.0,33.090446
Son Serra de Marina,2025-06-20 14:00:00,30.0,26.365963
Son Serra de Marina,2025-06-20 15:00:00,63.0,28.070498
Son Serra de Marina,2025-06-20 16:00:00,35.0,26.425198
Son Serra de Marina,2025-06-20 17:00:00,7.0,20.994402
Son Serra de Marina,2025-06-20 18:00:00,15.0,25.559853
Son Serra de Marina,2025-06-20 19:00:00,17.0,29.187748
Son Serra de Marina,2025-06-20 20:00:00,20.0,34.61356
Son Serra de Marina,2025-06-21 08:00:00,26.0,39.515083
Son Serra de Marina,2025-06-21 09:00:00,16.0,35.531242
Son Serra de Marina,2025-06-21 10:00:00,8.0,32.453575
Son Serra de Marina,2025-06-21 11:00:00,14.0,30.312635
Son Serra de Marina,2025-06-21 12:00:00,21.0,27.052853
Son Serra de Marina,2025-06-21 13:00:00,17.0,23.774084
Son Serra de Marina,2025-06-21 14:00:00,13.0,21.813526
Son Serra de Marina,2025-06-21 15:00:00,19.0,22.056803
Son Serra de Marina,2025-06-21 16:00:00,10.0,20.890007
Son Serra de Marina,2025-06-21 17:00:00,9.0,16.483175
Son Serra de Marina,2025-06-21 18:00:00,18.0,17.721287
Son Serra de Marina,2025-06-21 19:00:00,21.0,37.4012
Son Serra de Marina,2025-06-21 20:00:00,24.0,39.67437
Son Serra de Marina,2025-06-22 08:00:00,21.0,41.045715
Son Serra de Marina,2025-06-22 09:00:00,15.0,30.214558
Son Serra de Marina,2025-06-22 10:00:00,14.0,31.259333
Son Serra de Marina,2025-06-22 11:00:00,15.0,34.106304
Son Serra de Marina,2025-06-22 12:00:00,17.0,32.560387
Son Serra de Marina,2025-06-22 13:00:00,12.0,31.553879
Son Serra de Marina,2025-06-22 14:00:00,29.0,29.806286
Son Serra de Marina,2025-06-22 15:00:00,14.0,28.499252
Son Serra de Marina,2025-06-22 16:00:00,29.0,26.391394
Son Serra de Marina,2025-06-22 17:00:00,4.0,20.720476
Son Serra de Marina,2025-06-22 18:00:00,10.0,27.84183
Son Serra de Marina,2025-06-22 19:00:00,20.0,40.769882
Son Serra de Marina,2025-06-22 20:00:00,22.0,36.500103
Son Serra de Marina,2025-06-23 08:00:00,16.0,47.562046
Son Serra de Marina,2025-06-23 09:00:00,12.0,32.79
Son Serra de Marina,2025-06-23 10:00:00,14.0,34.835182
Son Serra de Marina,2025-06-23 11:00:00,15.0,35.7989
Son Serra de Marina,2025-06-23 12:00:00,7.0,30.978996
Son Serra de Marina,2025-06-23 13:00:00,12.0,30.875223
Son Serra de Marina,2025-06-23 14:00:00,16.0,27.159155
Son Serra de Marina,2025-06-23 15:00:00,26.0,24.928444
Son Serra de Marina,2025-06-23 16:00:00,15.0,22.484718
Son Serra de Marina,2025-06-23 17:00:00,5.0,15.978092
Son Serra de Marina,2025-06-23 18:00:00,13.0,19.48554
Son Serra de Marina,2025-06-23 19:00:00,21.0,32.45545
Son Serra de Marina,2025-06-23 20:00:00,13.0,40.456287
Son Serra de Marina,2025-06-24 08:00:00,17.0,36.64809
Son Serra de Marina,2025-06-24 09:00:00,19.0,30.022251
Son Serra de Marina,2025-06-24 10:00:00,12.0,30.858532
Son Serra de Marina,2025-06-24 11:00:00,12.0,29.077225
Son Serra de Marina,2025-06-24 12:00:00,16.0,29.60229
Son Serra de Marina,2025-06-24 13:00:00,11.0,27.09545
Son Serra de Marina,2025-06-24 14:00:00,37.0,21.341225
Son Serra de Marina,2025-06-24 15:00:00,23.0,20.704628
Son Serra de Marina,2025-06-24 16:00:00,4.0,18.52574
Son Serra de Marina,2025-06-24 17:00:00,2.0,7.4111123
Son Serra de Marina,2025-06-24 18:00:00,10.0,20.717424
Son Serra de Marina,2025-06-24 19:00:00,25.0,29.179653
Son Serra de Marina,2025-06-24 20:00:00,17.0,31.383871
Son Serra de Marina,2025-06-25 08:00:00,10.0,38.613564
Son Serra de Marina,2025-06-25 09:00:00,10.0,30.650839
Son Serra de Marina,2025-06-25 10:00:00,27.0,36.760197
Son Serra de Marina,2025-06-25 11:00:00,14.0,28.812181
Son Serra de Marina,2025-06-25 12:00:00,8.0,30.216896
Son Serra de Marina,2025-06-25 13:00:00,14.0,26.69188
Son Serra de Marina,2025-06-25 14:00:00,28.0,25.040154
Son Serra de Marina,2025-06-25 15:00:00,24.0,21.94201
Son Serra de Marina,2025-06-25 16:00:00,14.0,20.78
Son Serra de Marina,2025-06-25 17:00:00,5.0,3.594017
Son Serra de Marina,2025-06-25 18:00:00,18.0,14.449732
Son Serra de Marina,2025-06-25 19:00:00,31.0,24.750038
Son Serra de Marina,2025-06-25 20:00:00,12.0,35.398388
Son Serra de Marina,2025-06-26 08:00:00,17.0,42.652843
Son Serra de Marina,2025-06-26 09:00:00,27.0,34.57581
Son Serra de Marina,2025-06-26 10:00:00,19.0,36.944355
Son Serra de Marina,2025-06-26 11:00:00,20.0,36.273003
Son Serra de Marina,2025-06-26 12:00:00,23.0,31.11803
Son Serra de Marina,2025-06-26 13:00:00,35.0,24.831707
Son Serra de Marina,2025-06-26 14:00:00,33.0,24.934877
Son Serra de Marina,2025-06-26 15:00:00,34.0,24.46574
Son Serra de Marina,2025-06-26 16:00:00,4.0,24.966087
Son Serra de Marina,2025-06-26 17:00:00,5.0,11.737332
Son Serra de Marina,2025-06-26 18:00:00,24.0,22.787062
Son Serra de Marina,2025-06-26 19:00:00,30.0,29.78983
Son Serra de Marina,2025-06-26 20:00:00,40.0,36.613792
Son Serra de Marina,2025-06-27 08:00:00,45.0,46.36109
Son Serra de Marina,2025-06-27 09:00:00,25.0,44.61596
Son Serra de Marina,2025-06-27 10:00:00,24.0,43.05463
Son Serra de Marina,2025-06-27 11:00:00,25.0,35.618233
Son Serra de Marina,2025-06-27 12:00:00,21.0,28.946733
Son Serra de Marina,2025-06-27 13:00:00,31.0,24.481041
Son Serra de Marina,2025-06-27 14:00:00,34.0,25.325891
Son Serra de Marina,2025-06-27 15:00:00,27.0,22.498348
Son Serra de Marina,2025-06-27 16:00:00,5.0,20.153166
Son Serra de Marina,2025-06-27 17:00:00,2.0,10.9498005
Son Serra de Marina,2025-06-27 18:00:00,8.0,12.621159
Son Serra de Marina,2025-06-27 19:00:00,21.0,19.390163
Son Serra de Marina,2025-06-27 20:00:00,39.0,23.054293
Son Serra de Marina,2025-06-28 08:00:00,39.0,32.906013
Son Serra de Marina,2025-06-28 09:00:00,4.0,33.515007
Son Serra de Marina,2025-06-28 10:00:00,3.0,17.487011
Son Serra de Marina,2025-06-28 11:00:00,3.0,16.024193
Son Serra de Marina,2025-06-28 12:00:00,6.0,20.15696
Son Serra de Marina,2025-06-28 13:00:00,11.0,19.082098
Son Serra de Marina,2025-06-28 14:00:00,18.0,14.159759
Son Serra de Marina,2025-06-28 15:00:00,3.0,16.159264
Son Serra de Marina,2025-06-28 16:00:00,15.0,16.872276
Son Serra de Marina,2025-06-28 17:00:00,2.0,8.624449
Son Serra de Marina,2025-06-28 18:00:00,12.0,15.569378
Son Serra de Marina,2025-06-28 19:00:00,12.0,17.125914
Son Serra de Marina,2025-06-28 20:00:00,10.0,15.364858
Son Serra de Marina,2025-06-29 08:00:00,10.0,12.802617
Son Serra de Marina,2025-06-29 09:00:00,11.0,15.082552
Son Serra de Marina,2025-06-29 10:00:00,6.0,17.758804
Son Serra de Marina,2025-06-29 11:00:00,10.0,20.142862
Son Serra de Marina,2025-06-29 12:00:00,13.0,22.761515
Son Serra de Marina,2025-06-29 13:00:00,10.0,20.466099
Son Serra de Marina,2025-06-29 14:00:00,12.0,19.721872
Son Serra de Marina,2025-06-29 15:00:00,17.0,16.886866
Son Serra de Marina,2025-06-29 16:00:00,11.0,15.432321
Son Serra de Marina,2025-06-29 17:00:00,2.0,6.031264
Son Serra de Marina,2025-06-29 18:00:00,19.0,19.43209
Son Serra de Marina,2025-06-29 19:00:00,21.0,26.81247
Son Serra de Marina,2025-06-29 20:00:00,30.0,27.638193
Son Serra de Marina,2025-06-30 08:00:00,40.0,30.341438
Son Serra de Marina,2025-06-30 09:00:00,23.0,27.378345
Son Serra de Marina,2025-06-30 10:00:00,11.0,25.584522
Son Serra de Marina,2025-06-30 11:00:00,14.0,27.369432
Son Serra de Marina,2025-06-30 12:00:00,17.0,30.172354
Son Serra de Marina,2025-06-30 13:00:00,22.0,27.579992
Son Serra de Marina,2025-06-30 14:00:00,25.0,24.862198
Son Serra de Marina,2025-06-30 15:00:00,16.0,21.947197
Son Serra de Marina,2025-06-30 16:00:00,10.0,17.678751
Son Serra de Marina,2025-06-30 17:00:00,5.0,8.195638
Son Serra de Marina,2025-06-30 18:00:00,2.0,19.403841
Son Serra de Marina,2025-06-30 19:00:00,20.0,24.280958
Son Serra de Marina,2025-06-30 20:00:00,42.0,28.251236
Son Serra de Marina,2025-07-01 08:00:00,35.0,30.66804
Son Serra de Marina,2025-07-01 09:00:00,29.0,24.534649
Son Serra de Marina,2025-07-01 10:00:00,22.0,25.181032
Son Serra de Marina,2025-07-01 11:00:00,35.0,23.213367
Son Serra de Marina,2025-07-01 12:00:00,33.0,19.07364
Son Serra de Marina,2025-07-01 13:00:00,21.0,22.065485
Son Serra de Marina,2025-07-01 14:00:00,13.0,21.50451
Son Serra de Marina,2025-07-01 15:00:00,20.0,18.641401
Son Serra de Marina,2025-07-01 16:00:00,9.0,16.995504
Son Serra de Marina,2025-07-01 17:00:00,2.0,7.2797637
Son Serra de Marina,2025-07-01 18:00:00,24.0,13.514078
Son Serra de Marina,2025-07-01 19:00:00,29.0,19.94983
Son Serra de Marina,2025-07-01 20:00:00,29.0,24.259499
Son Serra de Marina,2025-07-02 08:00:00,30.0,31.840569
Son Serra de Marina,2025-07-02 09:00:00,40.0,27.27831
Son Serra de Marina,2025-07-02 10:00:00,37.0,26.956585
Son Serra de Marina,2025-07-02 11:00:00,34.0,26.760775
Son Serra de Marina,2025-07-02 12:00:00,41.0,24.234325
Son Serra de Marina,2025-07-02 13:00:00,21.0,21.826204
Son Serra de Marina,2025-07-02 14:00:00,23.0,20.679577
Son Serra de Marina,2025-07-02 15:00:00,17.0,18.258219
Son Serra de Marina,2025-07-02 16:00:00,15.0,16.915194
Son Serra de Marina,2025-07-02 17:00:00,6.0,5.3283052
Son Serra de Marina,2025-07-02 18:00:00,27.0,16.850332
Son Serra de Marina,2025-07-02 19:00:00,36.0,20.462017
Son Serra de Marina,2025-07-02 20:00:00,50.0,20.756496
Son Serra de Marina,2025-07-03 08:00:00,69.0,27.642958
Son Serra de Marina,2025-07-03 09:00:00,54.0,27.329973
Son Serra de Marina,2025-07-03 10:00:00,58.0,21.79273
Son Serra de Marina,2025-07-03 11:00:00,39.0,27.552395
Son Serra de Marina,2025-07-03 12:00:00,49.0,20.436249
Son Serra de Marina,2025-07-03 13:00:00,41.0,16.254477
Son Serra de Marina,2025-07-03 14:00:00,39.0,19.028265
Son Serra de Marina,2025-07-03 15:00:00,29.0,17.862564
Son Serra de Marina,2025-07-03 16:00:00,8.0,11.935721
Son Serra de Marina,2025-07-03 17:00:00,3.0,4.979478
Son Serra de Marina,2025-07-03 18:00:00,24.0,17.648636
Son Serra de Marina,2025-07-03 19:00:00,56.0,28.71309
Son Serra de Marina,2025-07-03 20:00:00,58.0,45.375988
Son Serra de Marina,2025-07-04 08:00:00,54.0,30.461922
Son Serra de Marina,2025-07-04 09:00:00,42.0,27.932428
Son Serra de Marina,2025-07-04 10:00:00,35.0,23.37384
Son Serra de Marina,2025-07-04 11:00:00,34.0,27.139906
Son Serra de Marina,2025-07-04 12:00:00,54.0,28.80398
Son Serra de Marina,2025-07-04 13:00:00,68.0,19.450632
Son Serra de Marina,2025-07-04 14:00:00,54.0,19.933794
Son Serra de Marina,2025-07-04 15:00:00,18.0,18.300003
Son Serra de Marina,2025-07-04 16:00:00,17.0,16.008314
Son Serra de Marina,2025-07-04 17:00:00,2.0,5.7567425
Son Serra de Marina,2025-07-04 18:00:00,17.0,8.2060375
Son Serra de Marina,2025-07-04 19:00:00,37.0,15.300697
Son Serra de Marina,2025-07-04 20:00:00,23.0,19.710804
Son Serra de Marina,2025-07-05 08:00:00,35.0,22.42224
Son Serra de Marina,2025-07-05 09:00:00,41.0,16.655214
Son Serra de Marina,2025-07-05 10:00:00,29.0,20.402403
Son Serra de Marina,2025-07-05 11:00:00,28.0,19.567934
Son Serra de Marina,2025-07-05 12:00:00,55.0,14.9969845
Son Serra de Marina,2025-07-05 13:00:00,40.0,16.455929
Son Serra de Marina,2025-07-05 14:00:00,32.0,18.23177
Son Serra de Marina,2025-07-05 15:00:00,19.0,17.189402
Son Serra de Marina,2025-07-05 16:00:00,16.0,16.342688
Son Serra de Marina,2025-07-05 17:00:00,3.0,7.009814
Son Serra de Marina,2025-07-05 18:00:00,21.0,16.504343
Son Serra de Marina,2025-07-05 19:00:00,26.0,23.872484
Son Serra de Marina,2025-07-05 20:00:00,43.0,32.550003
Son Serra de Marina,2025-07-06 08:00:00,48.0,32.51386
Son Serra de Marina,2025-07-06 09:00:00,61.0,23.426756
Son Serra de Marina,2025-07-06 10:00:00,49.0,24.293932
Son Serra de Marina,2025-07-06 11:00:00,29.0,29.021446
Son Serra de Marina,2025-07-06 12:00:00,25.0,26.521582
Son Serra de Marina,2025-07-06 13:00:00,25.0,24.568436
Son Serra de Marina,2025-07-06 14:00:00,32.0,22.850126
Son Serra de Marina,2025-07-06 15:00:00,30.0,20.858257
Son Serra de Marina,2025-07-06 16:00:00,17.0,18.411251
Son Serra de Marina,2025-07-06 17:00:00,2.0,8.366334
Son Serra de Marina,2025-07-06 18:00:00,16.0,18.033659
Son Serra de Marina,2025-07-06 19:00:00,23.0,28.322243
Son Serra de Marina,2025-07-06 20:00:00,32.0,29.979809
Son Serra de Marina,2025-07-07 08:00:00,47.0,34.010235
Son Serra de Marina,2025-07-07 09:00:00,35.0,28.588678
Son Serra de Marina,2025-07-07 10:00:00,33.0,24.696625
Son Serra de Marina,2025-07-07 11:00:00,40.0,25.891994
Son Serra de Marina,2025-07-07 12:00:00,26.0,22.275469
Son Serra de Marina,2025-07-07 13:00:00,31.0,26.798452
Son Serra de Marina,2025-07-07 14:00:00,43.0,17.337461
Son Serra de Marina,2025-07-07 15:00:00,23.0,18.566133
Son Serra de Marina,2025-07-07 16:00:00,16.0,14.9823
Son Serra de Marina,2025-07-07 17:00:00,3.0,5.7206373
Son Serra de Marina,2025-07-07 18:00:00,34.0,11.4626875
Son Serra de Marina,2025-07-07 19:00:00,52.0,30.033442
Son Serra de Marina,2025-07-07 20:00:00,43.0,26.554115
Son Serra de Marina,2025-07-08 08:00:00,47.0,34.359074
Son Serra de Marina,2025-07-08 09:00:00,34.0,25.235401
Son Serra de Marina,2025-07-08 10:00:00,40.0,23.765238
Son Serra de Marina,2025-07-08 11:00:00,51.0,28.833914
Son Serra de Marina,2025-07-08 12:00:00,28.0,30.475256
Son Serra de Marina,2025-07-08 13:00:00,22.0,23.886074
Son Serra de Marina,2025-07-08 14:00:00,20.0,22.049976
Son Serra de Marina,2025-07-08 15:00:00,33.0,21.613392
Son Serra de Marina,2025-07-08 16:00:00,18.0,18.678743
Son Serra de Marina,2025-07-08 17:00:00,2.0,9.564457
Son Serra de Marina,2025-07-08 18:00:00,25.0,13.922002
Son Serra de Marina,2025-07-08 19:00:00,46.0,20.754725
Son Serra de Marina,2025-07-08 20:00:00,65.0,29.354446
Son Serra de Marina,2025-07-09 08:00:00,48.0,32.248344
Son Serra de Marina,2025-07-09 09:00:00,28.0,18.173315
Son Serra de Marina,2025-07-09 10:00:00,33.0,17.488966
Son Serra de Marina,2025-07-09 11:00:00,37.0,20.331818
Son Serra de Marina,2025-07-09 12:00:00,29.0,24.673326
Son Serra de Marina,2025-07-09 13:00:00,29.0,16.712482
Son Serra de Marina,2025-07-09 14:00:00,28.0,17.871386
Son Serra de Marina,2025-07-09 15:00:00,34.0,15.978157
Son Serra de Marina,2025-07-09 16:00:00,53.0,14.18467
Son Serra de Marina,2025-07-09 17:00:00,8.0,3.695819
Son Serra de Marina,2025-07-09 18:00:00,25.0,6.834257
Son Serra de Marina,2025-07-09 19:00:00,41.0,18.126106
Son Serra de Marina,2025-07-09 20:00:00,59.0,27.539421
Son Serra de Marina,2025-07-10 08:00:00,44.0,29.820055
Son Serra de Marina,2025-07-10 09:00:00,38.0,35.29539
Son Serra de Marina,2025-07-10 10:00:00,37.0,24.427078
Son Serra de Marina,2025-07-10 11:00:00,41.0,23.805729
Son Serra de Marina,2025-07-10 12:00:00,30.0,17.327818
Son Serra de Marina,2025-07-10 13:00:00,44.0,15.0254965
Son Serra de Marina,2025-07-10 14:00:00,31.0,21.320585
Son Serra de Marina,2025-07-10 15:00:00,30.0,21.36177
Son Serra de Marina,2025-07-10 16:00:00,13.0,20.93635
Son Serra de Marina,2025-07-10 17:00:00,2.0,10.274075
Son Serra de Marina,2025-07-10 18:00:00,27.0,24.562155
Son Serra de Marina,2025-07-10 19:00:00,50.0,24.710308
Son Serra de Marina,2025-07-10 20:00:00,64.0,40.117485
Son Serra de Marina,2025-07-11 08:00:00,71.0,45.609245
Son Serra de Marina,2025-07-11 09:00:00,54.0,44.97669
Son Serra de Marina,2025-07-11 10:00:00,31.0,40.056396
Son Serra de Marina,2025-07-11 11:00:00,29.0,40.5436
Son Serra de Marina,2025-07-11 12:00:00,30.0,32.053352
Son Serra de Marina,2025-07-11 13:00:00,61.0,25.656511
Son Serra de Marina,2025-07-11 14:00:00,45.0,27.207554
Son Serra de Marina,2025-07-11 15:00:00,33.0,26.337578
Son Serra de Marina,2025-07-11 16:00:00,36.0,24.614477
Son Serra de Marina,2025-07-11 17:00:00,3.0,11.919677
Son Serra de Marina,2025-07-11 18:00:00,4.0,16.269863
Son Serra de Marina,2025-07-11 19:00:00,18.0,29.156126
Son Serra de Marina,2025-07-11 20:00:00,11.0,30.583092
Son Serra de Marina,2025-07-12 08:00:00,12.0,31.17692
Son Serra de Marina,2025-07-12 09:00:00,16.0,24.395401
Son Serra de Marina,2025-07-12 10:00:00,6.0,27.456991
Son Serra de Marina,2025-07-12 11:00:00,7.0,32.124878
Son Serra de Marina,2025-07-12 12:00:00,12.0,28.450342
Son Serra de Marina,2025-07-12 13:00:00,21.0,27.558403
Son Serra de Marina,2025-07-12 14:00:00,9.0,23.703323
Son Serra de Marina,2025-07-12 15:00:00,20.0,23.438953
Son Serra de Marina,2025-07-12 16:00:00,2.0,22.136677
Son Serra de Marina,2025-07-12 17:00:00,2.0,8.237873
Son Serra de Marina,2025-07-12 18:00:00,10.0,24.361715
Son Serra de Marina,2025-07-12 19:00:00,21.0,39.140503
Son Serra de Marina,2025-07-12 20:00:00,34.0,41.60123
Son Serra de Marina,2025-07-13 08:00:00,21.0,45.70504
Son Serra de Marina,2025-07-13 09:00:00,24.0,33.978462
Son Serra de Marina,2025-07-13 10:00:00,20.0,36.224
Son Serra de Marina,2025-07-13 11:00:00,21.0,38.77105
Son Serra de Marina,2025-07-13 12:00:00,10.0,37.20648
Son Serra de Marina,2025-07-13 13:00:00,19.0,36.113113
Son Serra de Marina,2025-07-13 14:00:00,13.0,31.353127
Son Serra de Marina,2025-07-13 15:00:00,24.0,28.179249
Son Serra de Marina,2025-07-13 16:00:00,31.0,24.601528
Son Serra de Marina,2025-07-13 17:00:00,3.0,7.131157
Son Serra de Marina,2025-07-13 18:00:00,13.0,25.254236
Son Serra de Marina,2025-07-13 19:00:00,31.0,38.568665
Son Serra de Marina,2025-07-13 20:00:00,20.0,39.887062
Son Serra de Marina,2025-07-14 08:00:00,48.0,52.524143
Son Serra de Marina,2025-07-14 09:00:00,36.0,43.709007
Son Serra de Marina,2025-07-14 10:00:00,21.0,42.05534
Son Serra de Marina,2025-07-14 11:00:00,34.0,40.601444
Son Serra de Marina,2025-07-14 12:00:00,51.0,38.6395
Son Serra de Marina,2025-07-14 13:00:00,34.0,36.00147
Son Serra de Marina,2025-07-14 14:00:00,53.0,28.345255
Son Serra de Marina,2025-07-14 15:00:00,43.0,27.468506
Son Serra de Marina,2025-07-14 16:00:00,27.0,24.7976
Son Serra de Marina,2025-07-14 17:00:00,2.0,9.979
Son Serra de Marina,2025-07-14 18:00:00,4.0,25.92606
Son Serra de Marina,2025-07-14 19:00:00,8.0,24.59835
Son Serra de Marina,2025-07-14 20:00:00,5.0,20.553808
Son Serra de Marina,2025-07-15 08:00:00,5.0,24.500742
Son Serra de Marina,2025-07-15 09:00:00,2.0,24.094904
Son Serra de Marina,2025-07-15 10:00:00,6.0,22.90764
Son Serra de Marina,2025-07-15 11:00:00,9.0,29.463251
Son Serra de Marina,2025-07-15 12:00:00,1.0,23.654469
Son Serra de Marina,2025-07-15 13:00:00,3.0,22.092802
Son Serra de Marina,2025-07-15 14:00:00,2.0,21.096298
Son Serra de Marina,2025-07-15 15:00:00,5.0,20.342695
Son Serra de Marina,2025-07-15 16:00:00,5.0,19.376612
Son Serra de Marina,2025-07-15 17:00:00,3.0,9.925262
Son Serra de Marina,2025-07-15 18:00:00,8.0,23.179867
Son Serra de Marina,2025-07-15 19:00:00,17.0,34.279762
Son Serra de Marina,2025-07-15 20:00:00,29.0,29.64692
Son Serra de Marina,2025-07-16 08:00:00,9.0,27.758823
Son Serra de Marina,2025-07-16 09:00:00,15.0,32.16535
Son Serra de Marina,2025-07-16 10:00:00,12.0,30.256971
Son Serra de Marina,2025-07-16 11:00:00,17.0,27.286865
Son Serra de Marina,2025-07-16 12:00:00,31.0,32.833817
Son Serra de Marina,2025-07-16 13:00:00,29.0,29.838741
Son Serra de Marina,2025-07-16 14:00:00,27.0,26.39268
Son Serra de Marina,2025-07-16 15:00:00,20.0,23.443632
Son Serra de Marina,2025-07-16 16:00:00,27.0,20.431005
Son Serra de Marina,2025-07-16 17:00:00,6.0,9.615165
Son Serra de Marina,2025-07-16 18:00:00,13.0,29.706816
Son Serra de Marina,2025-07-16 19:00:00,41.0,39.510124
Son Serra de Marina,2025-07-16 20:00:00,62.0,40.427853
Son Serra de Marina,2025-07-17 08:00:00,80.0,44.715073
Son Serra de Marina,2025-07-17 09:00:00,51.0,40.9007
Son Serra de Marina,2025-07-17 10:00:00,62.0,44.055367
Son Serra de Marina,2025-07-17 11:00:00,40.0,41.56796
Son Serra de Marina,2025-07-17 12:00:00,35.0,38.55869
Son Serra de Marina,2025-07-17 13:00:00,46.0,30.239735
Son Serra de Marina,2025-07-17 14:00:00,49.0,29.774158
Son Serra de Marina,2025-07-17 15:00:00,47.0,22.651375
Son Serra de Marina,2025-07-17 16:00:00,28.0,25.853483
Son Serra de Marina,2025-07-17 17:00:00,2.0,12.5191965
Son Serra de Marina,2025-07-17 18:00:00,20.0,32.41761
Son Serra de Marina,2025-07-17 19:00:00,56.0,43.488857
Son Serra de Marina,2025-07-17 20:00:00,57.0,46.599937
Son Serra de Marina,2025-07-18 08:00:00,63.0,62.973503
Son Serra de Marina,2025-07-18 09:00:00,59.0,51.15829
Son Serra de Marina,2025-07-18 10:00:00,39.0,53.220535
Son Serra de Marina,2025-07-18 11:00:00,33.0,48.811462
Son Serra de Marina,2025-07-18 12:00:00,58.0,36.96389
Son Serra de Marina,2025-07-18 13:00:00,48.0,34.41091
Son Serra de Marina,2025-07-18 14:00:00,61.0,31.672625
Son Serra de Marina,2025-07-18 15:00:00,37.0,27.873034
Son Serra de Marina,2025-07-18 16:00:00,41.0,26.99344
Son Serra de Marina,2025-07-18 17:00:00,2.0,13.271646
Son Serra de Marina,2025-07-18 18:00:00,16.0,24.29541
Son Serra de Marina,2025-07-18 19:00:00,25.0,31.045588
Son Serra de Marina,2025-07-18 20:00:00,32.0,32.486126
Son Serra de Marina,2025-07-19 08:00:00,17.0,32.41366
Son Serra de Marina,2025-07-19 09:00:00,13.0,28.446054
Son Serra de Marina,2025-07-19 10:00:00,4.0,23.306828
Son Serra de Marina,2025-07-19 11:00:00,11.0,24.895857
Son Serra de Marina,2025-07-19 12:00:00,9.0,32.08564
Son Serra de Marina,2025-07-19 13:00:00,7.0,26.015907
Son Serra de Marina,2025-07-19 14:00:00,13.0,25.062218
Son Serra de Marina,2025-07-19 15:00:00,9.0,24.81154
Son Serra de Marina,2025-07-19 16:00:00,7.0,26.317623
Son Serra de Marina,2025-07-19 17:00:00,2.0,11.578504
Son Serra de Marina,2025-07-19 18:00:00,5.0,27.274525
Son Serra de Marina,2025-07-19 19:00:00,3.0,17.424221
Son Serra de Marina,2025-07-19 20:00:00,12.0,20.16905
Son Serra de Marina,2025-07-20 08:00:00,8.0,17.897987
Son Serra de Marina,2025-07-20 09:00:00,13.0,20.51776
Son Serra de Marina,2025-07-20 10:00:00,7.0,27.971317
Son Serra de Marina,2025-07-20 11:00:00,17.0,30.689463
Son Serra de Marina,2025-07-20 12:00:00,11.0,37.279842
Son Serra de Marina,2025-07-20 13:00:00,19.0,26.817604
Son Serra de Marina,2025-07-20 14:00:00,20.0,25.080925
Son Serra de Marina,2025-07-20 15:00:00,26.0,23.057438
Son Serra de Marina,2025-07-20 16:00:00,7.0,24.794127
Son Serra de Marina,2025-07-20 17:00:00,3.0,7.1671104
Son Serra de Marina,2025-07-20 18:00:00,2.0,26.01167
Son Serra de Marina,2025-07-20 19:00:00,10.0,41.279358
Son Serra de Marina,2025-07-20 20:00:00,14.0,36.07548
Son Serra de Marina,2025-07-21 08:00:00,13.0,33.48228
Son Serra de Marina,2025-07-21 09:00:00,2.0,37.528954
Son Serra de Marina,2025-07-21 10:00:00,10.0,32.522385
Son Serra de Marina,2025-07-21 11:00:00,16.0,38.111416
Son Serra de Marina,2025-07-21 12:00:00,13.0,38.716812
Son Serra de Marina,2025-07-21 13:00:00,23.0,26.588272
Son Serra de Marina,2025-07-21 14:00:00,6.0,25.752865
Son Serra de Marina,2025-07-21 15:00:00,5.0,20.097258
Son Serra de Marina,2025-07-21 16:00:00,2.0,18.324728
Son Serra de Marina,2025-07-21 17:00:00,2.0,6.5755277
Son Serra de Marina,2025-07-21 18:00:00,14.0,22.091227
Son Serra de Marina,2025-07-21 19:00:00,11.0,34.771088
Son Serra de Marina,2025-07-21 20:00:00,6.0,40.049015
Son Serra de Marina,2025-07-22 08:00:00,15.0,30.599693
Son Serra de Marina,2025-07-22 09:00:00,8.0,30.550915
Son Serra de Marina,2025-07-22 10:00:00,5.0,28.372946
Son Serra de Marina,2025-07-22 11:00:00,10.0,27.313599
Son Serra de Marina,2025-07-22 12:00:00,5.0,24.356178
Son Serra de Marina,2025-07-22 13:00:00,22.0,20.398853
Son Serra de Marina,2025-07-22 14:00:00,2.0,20.081385
Son Serra de Marina,2025-07-22 15:00:00,9.0,19.299456
Son Serra de Marina,2025-07-22 16:00:00,2.0,17.274086
Son Serra de Marina,2025-07-22 17:00:00,2.0,6.7881465
Son Serra de Marina,2025-07-22 18:00:00,21.0,16.281593
Son Serra de Marina,2025-07-22 19:00:00,37.0,30.925058
Son Serra de Marina,2025-07-22 20:00:00,29.0,33.391876
Son Serra de Marina,2025-07-23 08:00:00,28.0,30.706665
Son Serra de Marina,2025-07-23 09:00:00,2.0,33.21162
Son Serra de Marina,2025-07-23 10:00:00,12.0,28.98582
Son Serra de Marina,2025-07-23 11:00:00,14.0,26.268663
Son Serra de Marina,2025-07-23 12:00:00,5.0,26.037924
Son Serra de Marina,2025-07-23 13:00:00,3.0,23.688915
Son Serra de Marina,2025-07-23 14:00:00,2.0,21.039022
Son Serra de Marina,2025-07-23 15:00:00,20.0,21.423023
Son Serra de Marina,2025-07-23 16:00:00,3.0,16.623907
Son Serra de Marina,2025-07-23 17:00:00,2.0,8.606847
Son Serra de Marina,2025-07-23 18:00:00,14.0,16.907583
Son Serra de Marina,2025-07-23 19:00:00,5.0,33.22223
Son Serra de Marina,2025-07-23 20:00:00,7.0,35.743744
Son Serra de Marina,2025-07-24 08:00:00,27.0,41.782936
Son Serra de Marina,2025-07-24 09:00:00,29.0,38.935974
Son Serra de Marina,2025-07-24 10:00:00,14.0,39.123203
Son Serra de Marina,2025-07-24 11:00:00,24.0,37.48422
Son Serra de Marina,2025-07-24 12:00:00,20.0,36.501854
Son Serra de Marina,2025-07-24 13:00:00,31.0,28.964977
Son Serra de Marina,2025-07-24 14:00:00,6.0,22.016384
Son Serra de Marina,2025-07-24 15:00:00,7.0,19.756283
Son Serra de Marina,2025-07-24 16:00:00,2.0,18.73883
Son Serra de Marina,2025-07-24 17:00:00,2.0,8.102147
Son Serra de Marina,2025-07-24 18:00:00,5.0,20.770418
Son Serra de Marina,2025-07-24 19:00:00,17.0,28.47463
Son Serra de Marina,2025-07-24 20:00:00,18.0,21.630018
Son Serra de Marina,2025-07-25 08:00:00,9.0,24.86105
Son Serra de Marina,2025-07-25 09:00:00,19.0,34.74172
Son Serra de Marina,2025-07-25 10:00:00,7.0,31.473797
Son Serra de Marina,2025-07-25 11:00:00,4.0,31.45938
Son Serra de Marina,2025-07-25 12:00:00,12.0,30.921171
Son Serra de Marina,2025-07-25 13:00:00,9.0,23.687195
Son Serra de Marina,2025-07-25 14:00:00,11.0,20.312002
Son Serra de Marina,2025-07-25 15:00:00,13.0,17.52507
Son Serra de Marina,2025-07-25 16:00:00,2.0,16.236336
Son Serra de Marina,2025-07-25 17:00:00,2.0,3.7185807
Son Serra de Marina,2025-07-25 18:00:00,13.0,14.0279455
Son Serra de Marina,2025-07-25 19:00:00,14.0,25.016258
Son Serra de Marina,2025-07-25 20:00:00,18.0,30.294987
Son Serra de Marina,2025-07-26 08:00:00,20.0,29.622389
Son Serra de Marina,2025-07-26 09:00:00,12.0,26.639135
Son Serra de Marina,2025-07-26 10:00:00,15.0,24.55563
Son Serra de Marina,2025-07-26 11:00:00,12.0,26.332272
Son Serra de Marina,2025-07-26 12:00:00,14.0,24.209665
Son Serra de Marina,2025-07-26 13:00:00,13.0,23.591888
Son Serra de Marina,2025-07-26 14:00:00,6.0,21.603155
Son Serra de Marina,2025-07-26 15:00:00,42.0,17.911158
Son Serra de Marina,2025-07-26 16:00:00,4.0,15.640037
Son Serra de Marina,2025-07-26 17:00:00,3.0,2.3517392
Son Serra de Marina,2025-07-26 18:00:00,11.0,28.206152
Son Serra de Marina,2025-07-26 19:00:00,33.0,21.638008
Son Serra de Marina,2025-07-26 20:00:00,22.0,25.171328
Son Serra de Marina,2025-07-27 08:00:00,36.0,38.582962
Son Serra de Marina,2025-07-27 09:00:00,13.0,26.990526
Son Serra de Marina,2025-07-27 10:00:00,19.0,28.096916
Son Serra de Marina,2025-07-27 11:00:00,14.0,28.942238
Son Serra de Marina,2025-07-27 12:00:00,26.0,30.418549
Son Serra de Marina,2025-07-27 13:00:00,13.0,29.930084
Son Serra de Marina,2025-07-27 14:00:00,9.0,28.729485
Son Serra de Marina,2025-07-27 15:00:00,11.0,24.309607
Son Serra de Marina,2025-07-27 16:00:00,1.0,20.315535
Son Serra de Marina,2025-07-27 17:00:00,2.0,7.5901647
Son Serra de Marina,2025-07-27 18:00:00,5.0,14.678599
Son Serra de Marina,2025-07-27 19:00:00,24.0,37.92339
Son Serra de Marina,2025-07-27 20:00:00,7.0,38.26997
Son Serra de Marina,2025-07-28 08:00:00,16.0,51.73675
Son Serra de Marina,2025-07-28 09:00:00,10.0,44.63351
Son Serra de Marina,2025-07-28 10:00:00,6.0,40.815334
Son Serra de Marina,2025-07-28 11:00:00,7.0,40.14207
Son Serra de Marina,2025-07-28 12:00:00,27.0,42.84009
Son Serra de Marina,2025-07-28 13:00:00,27.0,43.762215
Son Serra de Marina,2025-07-28 14:00:00,33.0,40.54331
Son Serra de Marina,2025-07-28 15:00:00,38.0,32.611423
Son Serra de Marina,2025-07-28 16:00:00,2.0,25.951233
Son Serra de Marina,2025-07-28 17:00:00,2.0,11.197406
Son Serra de Marina,2025-07-28 18:00:00,23.0,29.775911
Son Serra de Marina,2025-07-28 19:00:00,27.0,41.945618
Son Serra de Marina,2025-07-28 20:00:00,25.0,45.36335
Son Serra de Marina,2025-07-29 08:00:00,22.0,50.00157
Son Serra de Marina,2025-07-29 09:00:00,13.0,43.204273
Son Serra de Marina,2025-07-29 10:00:00,16.0,51.34465
Son Serra de Marina,2025-07-29 11:00:00,48.0,40.08903
Son Serra de Marina,2025-07-29 12:00:00,30.0,35.66205
Son Serra de Marina,2025-07-29 13:00:00,27.0,28.32698
Son Serra de Marina,2025-07-29 14:00:00,62.0,25.125341
Son Serra de Marina,2025-07-29 15:00:00,62.0,19.329475
Son Serra de Marina,2025-07-29 16:00:00,6.0,16.635849
Son Serra de Marina,2025-07-29 17:00:00,3.0,6.972723
Son Serra de Marina,2025-07-29 18:00:00,17.0,13.8667345
Son Serra de Marina,2025-07-29 19:00:00,20.0,23.19704
Son Serra de Marina,2025-07-29 20:00:00,35.0,32.56612
Son Serra de Marina,2025-07-30 08:00:00,19.0,34.55971
Son Serra de Marina,2025-07-30 09:00:00,11.0,34.09171
Son Serra de Marina,2025-07-30 10:00:00,27.0,30.197754
Son Serra de Marina,2025-07-30 11:00:00,14.0,28.458607
Son Serra de Marina,2025-07-30 12:00:00,30.0,25.95203
Son Serra de Marina,2025-07-30 13:00:00,49.0,21.647116
Son Serra de Marina,2025-07-30 14:00:00,51.0,16.98894
Son Serra de Marina,2025-07-30 15:00:00,49.0,12.429638
Son Serra de Marina,2025-07-30 16:00:00,2.0,9.564443
Son Serra de Marina,2025-07-30 17:00:00,3.0,0.039239705
Son Serra de Marina,2025-07-30 18:00:00,43.0,12.5391655
Son Serra de Marina,2025-07-30 19:00:00,24.0,21.239594
Son Serra de Marina,2025-07-30 20:00:00,38.0,26.67168
Son Serra de Marina,2025-07-31 08:00:00,40.0,29.670029
Son Serra de Marina,2025-07-31 09:00:00,12.0,25.599312
Son Serra de Marina,2025-07-31 10:00:00,3.0,24.131828
Son Serra de Marina,2025-07-31 11:00:00,8.0,25.457838
Son Serra de Marina,2025-07-31 12:00:00,7.0,19.677511
Son Serra de Marina,2025-07-31 13:00:00,16.0,17.835295
Son Serra de Marina,2025-07-31 14:00:00,2.0,15.930502
Son Serra de Marina,2025-07-31 15:00:00,32.0,13.430088
Son Serra de Marina,2025-07-31 16:00:00,2.0,9.510318
Son Serra de Marina,2025-07-31 17:00:00,2.0,-1.0132793
Son Serra de Marina,2025-07-31 18:00:00,12.0,13.56496
Son Serra de Marina,2025-07-31 19:00:00,58.0,15.394689
Son Serra de Marina,2025-07-31 20:00:00,11.0,25.565289
Son Serra de Marina,2025-08-01 08:00:00,11.0,30.146385
Son Serra de Marina,2025-08-01 09:00:00,5.0,20.474361
Son Serra de Marina,2025-08-01 10:00:00,4.0,23.97284
Son Serra de Marina,2025-08-01 11:00:00,10.0,22.593624
Son Serra de Marina,2025-08-01 12:00:00,1.0,18.529234
Son Serra de Marina,2025-08-01 13:00:00,27.0,21.620626
Son Serra de Marina,2025-08-01 14:00:00,52.0,16.294422
Son Serra de Marina,2025-08-01 15:00:00,8.0,11.831036
Son Serra de Marina,2025-08-01 16:00:00,2.0,10.587984
Son Serra de Marina,2025-08-01 17:00:00,1.0,1.5210851
Son Serra de Marina,2025-08-01 18:00:00,14.0,8.717576
Son Serra de Marina,2025-08-01 19:00:00,25.0,6.9898396
Son Serra de Marina,2025-08-01 20:00:00,14.0,22.828163
Son Serra de Marina,2025-08-02 08:00:00,15.0,25.402897
Son Serra de Marina,2025-08-02 09:00:00,7.0,20.339138
Son Serra de Marina,2025-08-02 10:00:00,14.0,21.81205
Son Serra de Marina,2025-08-02 11:00:00,5.0,20.390451
Son Serra de Marina,2025-08-02 12:00:00,11.0,13.839594
Son Serra de Marina,2025-08-02 13:00:00,16.0,11.964469
Son Serra de Marina,2025-08-02 14:00:00,5.0,14.710714
Son Serra de Marina,2025-08-02 15:00:00,8.0,10.104576
Son Serra de Marina,2025-08-02 16:00:00,1.0,9.878652
Son Serra de Marina,2025-08-02 17:00:00,1.0,3.2028878
Son Serra de Marina,2025-08-02 18:00:00,13.0,9.605387
Son Serra de Marina,2025-08-02 19:00:00,49.0,19.803778
Son Serra de Marina,2025-08-02 20:00:00,12.0,23.525467
Son Serra de Marina,2025-08-03 08:00:00,16.0,27.457806
Son Serra de Marina,2025-08-03 09:00:00,23.0,22.014832
Son Serra de Marina,2025-08-03 10:00:00,10.0,17.727566
Son Serra de Marina,2025-08-03 11:00:00,17.0,16.308401
Son Serra de Marina,2025-08-03 12:00:00,4.0,18.38009
Son Serra de Marina,2025-08-03 13:00:00,4.0,11.114197
Son Serra de Marina,2025-08-03 14:00:00,3.0,16.140497
Son Serra de Marina,2025-08-03 15:00:00,16.0,15.38906
Son Serra de Marina,2025-08-03 16:00:00,2.0,12.5741205
Son Serra de Marina,2025-08-03 17:00:00,3.0,1.079471
Son Serra de Marina,2025-08-03 18:00:00,39.0,5.7191267
Son Serra de Marina,2025-08-03 19:00:00,16.0,14.488043
Son Serra de Marina,2025-08-03 20:00:00,24.0,13.464439
Son Serra de Marina,2025-08-04 08:00:00,19.0,22.724113
Son Serra de Marina,2025-08-04 09:00:00,4.0,20.783796
Son Serra de Marina,2025-08-04 10:00:00,16.0,20.402693
Son Serra de Marina,2025-08-04 11:00:00,7.0,11.925605
Son Serra de Marina,2025-08-04 12:00:00,3.0,10.880403
Son Serra de Marina,2025-08-04 13:00:00,19.0,13.856895
Son Serra de Marina,2025-08-04 14:00:00,4.0,11.198213
Son Serra de Marina,2025-08-04 15:00:00,16.0,12.551316
Son Serra de Marina,2025-08-04 16:00:00,4.0,8.165734
Son Serra de Marina,2025-08-04 17:00:00,6.0,1.903192
Son Serra de Marina,2025-08-04 18:00:00,11.0,6.3205757
Son Serra de Marina,2025-08-04 19:00:00,18.0,8.156089
Son Serra de Marina,2025-08-04 20:00:00,19.0,14.963522
Son Serra de Marina,2025-08-05 08:00:00,8.0,28.314106
Son Serra de Marina,2025-08-05 09:00:00,8.0,20.867414
Son Serra de Marina,2025-08-05 10:00:00,2.0,15.407022
Son Serra de Marina,2025-08-05 11:00:00,8.0,13.720427
Son Serra de Marina,2025-08-05 12:00:00,9.0,16.379305
Son Serra de Marina,2025-08-05 13:00:00,10.0,19.995144
Son Serra de Marina,2025-08-05 14:00:00,18.0,13.872722
Son Serra de Marina,2025-08-05 15:00:00,48.0,12.8620825
Son Serra de Marina,2025-08-05 16:00:00,3.0,11.496765
Son Serra de Marina,2025-08-05 17:00:00,2.0,3.0814254
Son Serra de Marina,2025-08-05 18:00:00,22.0,7.7938294
Son Serra de Marina,2025-08-05 19:00:00,31.0,15.782623
Son Serra de Marina,2025-08-05 20:00:00,36.0,19.853394
Son Serra de Marina,2025-08-06 08:00:00,21.0,30.732855
Son Serra de Marina,2025-08-06 09:00:00,8.0,24.019365
Son Serra de Marina,2025-08-06 10:00:00,6.0,17.138617
Son Serra de Marina,2025-08-06 11:00:00,17.0,27.406412
Son Serra de Marina,2025-08-06 12:00:00,29.0,18.660025
Son Serra de Marina,2025-08-06 13:00:00,45.0,17.219297
Son Serra de Marina,2025-08-06 14:00:00,40.0,17.848867
Son Serra de Marina,2025-08-06 15:00:00,56.0,15.328595
Son Serra de Marina,2025-08-06 16:00:00,10.0,10.982891
Son Serra de Marina,2025-08-06 17:00:00,3.0,1.1769165
Son Serra de Marina,2025-08-06 18:00:00,19.0,6.3361535
Son Serra de Marina,2025-08-06 19:00:00,37.0,18.143978
Son Serra de Marina,2025-08-06 20:00:00,31.0,23.821148
Son Serra de Marina,2025-08-07 08:00:00,29.0,33.61946
Son Serra de Marina,2025-08-07 09:00:00,35.0,24.120554
Son Serra de Marina,2025-08-07 10:00:00,23.0,24.81876
Son Serra de Marina,2025-08-07 11:00:00,13.0,25.601133
Son Serra de Marina,2025-08-07 12:00:00,13.0,22.284407
Son Serra de Marina,2025-08-07 13:00:00,47.0,23.532278
Son Serra de Marina,2025-08-07 14:00:00,31.0,24.990623
Son Serra de Marina,2025-08-07 15:00:00,27.0,20.995415
Son Serra de Marina,2025-08-07 16:00:00,4.0,13.546516
Son Serra de Marina,2025-08-07 17:00:00,4.0,10.371743
Son Serra de Marina,2025-08-07 18:00:00,27.0,15.137396
Son Serra de Marina,2025-08-07 19:00:00,17.0,23.204182
Son Serra de Marina,2025-08-07 20:00:00,28.0,40.73567
Son Serra de Marina,2025-08-08 08:00:00,22.0,45.219868
Son Serra de Marina,2025-08-08 09:00:00,22.0,37.639587
Son Serra de Marina,2025-08-08 10:00:00,13.0,36.25687
Son Serra de Marina,2025-08-08 11:00:00,16.0,43.861233
Son Serra de Marina,2025-08-08 12:00:00,28.0,30.370064
Son Serra de Marina,2025-08-08 13:00:00,22.0,32.308617
Son Serra de Marina,2025-08-08 14:00:00,30.0,27.136889
Son Serra de Marina,2025-08-08 15:00:00,35.0,22.204418
Son Serra de Marina,2025-08-08 16:00:00,2.0,18.269272
Son Serra de Marina,2025-08-08 17:00:00,5.0,16.062845
Son Serra de Marina,2025-08-08 18:00:00,13.0,9.2252
Son Serra de Marina,2025-08-08 19:00:00,6.0,20.594957
Son Serra de Marina,2025-08-08 20:00:00,18.0,37.75346
Son Serra de Marina,2025-08-09 08:00:00,27.0,38.272903
Son Serra de Marina,2025-08-09 09:00:00,23.0,32.162262
Son Serra de Marina,2025-08-09 10:00:00,9.0,36.858746
Son Serra de Marina,2025-08-09 11:00:00,11.0,34.930176
Son Serra de Marina,2025-08-09 12:00:00,25.0,32.962288
Son Serra de Marina,2025-08-09 13:00:00,47.0,30.921406
Son Serra de Marina,2025-08-09 14:00:00,44.0,29.542871
Son Serra de Marina,2025-08-09 15:00:00,31.0,23.351645
Son Serra de Marina,2025-08-09 16:00:00,3.0,21.229286
Son Serra de Marina,2025-08-09 17:00:00,2.0,8.17056
Son Serra de Marina,2025-08-09 18:00:00,7.0,16.526861
Son Serra de Marina,2025-08-09 19:00:00,4.0,8.175674
Son Serra de Marina,2025-08-09 20:00:00,35.0,18.11849
Son Serra de Marina,2025-08-10 08:00:00,10.0,21.36276
Son Serra de Marina,2025-08-10 09:00:00,21.0,31.693607
Son Serra de Marina,2025-08-10 10:00:00,25.0,14.979555
Son Serra de Marina,2025-08-10 11:00:00,18.0,26.63138
Son Serra de Marina,2025-08-10 12:00:00,20.0,30.074759
Son Serra de Marina,2025-08-10 13:00:00,23.0,21.656128
Son Serra de Marina,2025-08-10 14:00:00,29.0,22.125326
Son Serra de Marina,2025-08-10 15:00:00,21.0,18.351746
Son Serra de Marina,2025-08-10 16:00:00,3.0,15.5420885
Son Serra de Marina,2025-08-10 17:00:00,2.0,6.284011
Son Serra de Marina,2025-08-10 18:00:00,5.0,13.608864
Son Serra de Marina,2025-08-10 19:00:00,6.0,24.14327
Son Serra de Marina,2025-08-10 20:00:00,5.0,14.201702
Son Serra de Marina,2025-08-11 08:00:00,14.0,22.157557
Son Serra de Marina,2025-08-11 09:00:00,8.0,23.281292
Son Serra de Marina,2025-08-11 10:00:00,5.0,20.770954
Son Serra de Marina,2025-08-11 11:00:00,6.0,18.152054
Son Serra de Marina,2025-08-11 12:00:00,3.0,22.020239
Son Serra de Marina,2025-08-11 13:00:00,12.0,16.84518
Son Serra de Marina,2025-08-11 14:00:00,11.0,15.509929
Son Serra de Marina,2025-08-11 15:00:00,2.0,12.39607
Son Serra de Marina,2025-08-11 16:00:00,2.0,7.2887573
Son Serra de Marina,2025-08-11 17:00:00,2.0,-0.2659586
Son Serra de Marina,2025-08-11 18:00:00,15.0,11.7465315
Son Serra de Marina,2025-08-11 19:00:00,38.0,17.263748
Son Serra de Marina,2025-08-11 20:00:00,42.0,18.22931
Son Serra de Marina,2025-08-12 08:00:00,34.0,24.812344
Son Serra de Marina,2025-08-12 09:00:00,15.0,21.659502
Son Serra de Marina,2025-08-12 10:00:00,25.0,19.82056
Son Serra de Marina,2025-08-12 11:00:00,21.0,18.103102
Son Serra de Marina,2025-08-12 12:00:00,34.0,18.913471
Son Serra de Marina,2025-08-12 13:00:00,43.0,14.544761
Son Serra de Marina,2025-08-12 14:00:00,27.0,12.036445
Son Serra de Marina,2025-08-12 15:00:00,39.0,10.394336
Son Serra de Marina,2025-08-12 16:00:00,2.0,5.9753785
Son Serra de Marina,2025-08-12 17:00:00,2.0,-1.8067768
Son Serra de Marina,2025-08-12 18:00:00,19.0,12.167878
Son Serra de Marina,2025-08-12 19:00:00,24.0,15.606426
Son Serra de Marina,2025-08-12 20:00:00,50.0,20.98542
Son Serra de Marina,2025-08-13 08:00:00,43.0,19.520674
Son Serra de Marina,2025-08-13 09:00:00,20.0,17.420893
Son Serra de Marina,2025-08-13 10:00:00,14.0,18.576475
Son Serra de Marina,2025-08-13 11:00:00,5.0,14.55467
Son Serra de Marina,2025-08-13 12:00:00,23.0,12.83619
Son Serra de Marina,2025-08-13 13:00:00,19.0,13.532141
Son Serra de Marina,2025-08-13 14:00:00,21.0,10.927287
Son Serra de Marina,2025-08-13 15:00:00,23.0,10.345797
Son Serra de Marina,2025-08-13 16:00:00,2.0,6.6211786
Son Serra de Marina,2025-08-13 17:00:00,2.0,0.9156998
Son Serra de Marina,2025-08-13 18:00:00,10.0,11.910078
Son Serra de Marina,2025-08-13 19:00:00,39.0,16.975351
Son Serra de Marina,2025-08-13 20:00:00,49.0,20.98301
Son Serra de Marina,2025-08-14 08:00:00,41.0,23.554384
Son Serra de Marina,2025-08-14 09:00:00,18.0,30.993279
Son Serra de Marina,2025-08-14 10:00:00,8.0,31.351042
Son Serra de Marina,2025-08-14 11:00:00,10.0,23.582836
Son Serra de Marina,2025-08-14 12:00:00,22.0,19.963118
Son Serra de Marina,2025-08-14 13:00:00,21.0,18.335167
Son Serra de Marina,2025-08-14 14:00:00,14.0,17.50142
Son Serra de Marina,2025-08-14 15:00:00,14.0,13.013909
Son Serra de Marina,2025-08-14 16:00:00,2.0,8.757579
Son Serra de Marina,2025-08-14 17:00:00,2.0,0.027063243
Son Serra de Marina,2025-08-14 18:00:00,21.0,11.578181
Son Serra de Marina,2025-08-14 19:00:00,37.0,17.559763
Son Serra de Marina,2025-08-14 20:00:00,28.0,27.449654
Son Serra de Marina,2025-08-15 08:00:00,31.0,33.123062
Son Serra de Marina,2025-08-15 09:00:00,41.0,28.135426
Son Serra de Marina,2025-08-15 10:00:00,18.0,24.721767
Son Serra de Marina,2025-08-15 11:00:00,29.0,25.452765
Son Serra de Marina,2025-08-15 12:00:00,47.0,23.78074
Son Serra de Marina,2025-08-15 13:00:00,56.0,20.925356
Son Serra de Marina,2025-08-15 14:00:00,67.0,18.317549
Son Serra de Marina,2025-08-15 15:00:00,35.0,14.732663
Son Serra de Marina,2025-08-15 16:00:00,2.0,11.629616
Son Serra de Marina,2025-08-15 17:00:00,2.0,6.2628946
Son Serra de Marina,2025-08-15 18:00:00,10.0,15.391597
Son Serra de Marina,2025-08-15 19:00:00,10.0,19.614193
Son Serra de Marina,2025-08-15 20:00:00,38.0,30.80076
Son Serra de Marina,2025-08-16 08:00:00,22.0,34.31827
Son Serra de Marina,2025-08-16 09:00:00,27.0,27.507673
Son Serra de Marina,2025-08-16 10:00:00,28.0,27.54039
Son Serra de Marina,2025-08-16 11:00:00,40.0,27.417404
Son Serra de Marina,2025-08-16 12:00:00,41.0,25.483818
Son Serra de Marina,2025-08-16 13:00:00,28.0,22.347832
Son Serra de Marina,2025-08-16 14:00:00,32.0,21.93506
Son Serra de Marina,2025-08-16 15:00:00,32.0,19.798489
Son Serra de Marina,2025-08-16 16:00:00,2.0,14.879214
Son Serra de Marina,2025-08-16 17:00:00,2.0,6.6587605
Son Serra de Marina,2025-08-16 18:00:00,9.0,13.434893
Son Serra de Marina,2025-08-16 19:00:00,47.0,18.317762
Son Serra de Marina,2025-08-16 20:00:00,83.0,34.645077
Son Serra de Marina,2025-08-17 08:00:00,86.0,34.972427
Son Serra de Marina,2025-08-17 09:00:00,76.0,29.89285
Son Serra de Marina,2025-08-17 10:00:00,72.0,32.775265
Son Serra de Marina,2025-08-17 11:00:00,48.0,28.836704
Son Serra de Marina,2025-08-17 12:00:00,75.0,27.34635
Son Serra de Marina,2025-08-17 13:00:00,61.0,25.587908
Son Serra de Marina,2025-08-17 14:00:00,72.0,24.618681
Son Serra de Marina,2025-08-17 15:00:00,81.0,20.108274
Son Serra de Marina,2025-08-17 16:00:00,11.0,13.151415
Son Serra de Marina,2025-08-17 17:00:00,10.0,5.6146917
Son Serra de Marina,2025-08-17 18:00:00,32.0,13.115733
Son Serra de Marina,2025-08-17 19:00:00,50.0,22.985374
Son Serra de Marina,2025-08-17 20:00:00,32.0,36.442528
Son Serra de Marina,2025-08-18 08:00:00,35.0,29.3064
Son Serra de Marina,2025-08-18 09:00:00,43.0,29.042301
Son Serra de Marina,2025-08-18 10:00:00,50.0,31.715267
Son Serra de Marina,2025-08-18 11:00:00,45.0,22.181599
Son Serra de Marina,2025-08-18 12:00:00,36.0,20.028364
Son Serra de Marina,2025-08-18 13:00:00,48.0,18.16877
Son Serra de Marina,2025-08-18 14:00:00,63.0,20.63093
Son Serra de Marina,2025-08-18 15:00:00,56.0,13.967174
Son Serra de Marina,2025-08-18 16:00:00,7.0,14.627049
Son Serra de Marina,2025-08-18 17:00:00,3.0,5.142087
Son Serra de Marina,2025-08-18 18:00:00,18.0,11.6285
Son Serra de Marina,2025-08-18 19:00:00,22.0,16.935814
Son Serra de Marina,2025-08-18 20:00:00,40.0,21.089516
Son Serra de Marina,2025-08-19 08:00:00,56.0,23.13035
Son Serra de Marina,2025-08-19 09:00:00,12.0,18.908655
Son Serra de Marina,2025-08-19 10:00:00,34.0,30.068096
Son Serra de Marina,2025-08-19 11:00:00,56.0,25.488434
Son Serra de Marina,2025-08-19 12:00:00,32.0,18.539627
Son Serra de Marina,2025-08-19 13:00:00,29.0,18.351267
Son Serra de Marina,2025-08-19 14:00:00,27.0,15.447639
Son Serra de Marina,2025-08-19 15:00:00,21.0,13.927009
Son Serra de Marina,2025-08-19 16:00:00,4.0,13.03344
Son Serra de Marina,2025-08-19 17:00:00,5.0,6.2504582
Son Serra de Marina,2025-08-19 18:00:00,23.0,16.74574
Son Serra de Marina,2025-08-19 19:00:00,41.0,16.698124
Son Serra de Marina,2025-08-19 20:00:00,45.0,23.273584
Son Serra de Marina,2025-08-20 08:00:00,63.0,25.296387
Son Serra de Marina,2025-08-20 09:00:00,4.0,22.073265
Son Serra de Marina,2025-08-20 10:00:00,14.0,25.013926
Son Serra de Marina,2025-08-20 11:00:00,16.0,22.310957
Son Serra de Marina,2025-08-20 12:00:00,23.0,20.024324
Son Serra de Marina,2025-08-20 13:00:00,34.0,14.975358
Son Serra de Marina,2025-08-20 14:00:00,31.0,12.591367
Son Serra de Marina,2025-08-20 15:00:00,43.0,9.296322
Son Serra de Marina,2025-08-20 16:00:00,9.0,6.8844013
Son Serra de Marina,2025-08-20 17:00:00,8.0,1.03721
Son Serra de Marina,2025-08-20 18:00:00,7.0,13.481305
Son Serra de Marina,2025-08-20 19:00:00,53.0,20.17766
Son Serra de Marina,2025-08-20 20:00:00,37.0,28.653208
Son Serra de Marina,2025-08-21 08:00:00,59.0,31.744074
Son Serra de Marina,2025-08-21 09:00:00,59.0,24.195463
Son Serra de Marina,2025-08-21 10:00:00,46.0,13.211726
Son Serra de Marina,2025-08-21 11:00:00,39.0,18.674513
Son Serra de Marina,2025-08-21 12:00:00,47.0,23.961739
Son Serra de Marina,2025-08-21 13:00:00,72.0,16.776031
Son Serra de Marina,2025-08-21 14:00:00,71.0,14.613824
Son Serra de Marina,2025-08-21 15:00:00,65.0,13.0850935
Son Serra de Marina,2025-08-21 16:00:00,5.0,8.997513
Son Serra de Marina,2025-08-21 17:00:00,6.0,5.5605264
Son Serra de Marina,2025-08-21 18:00:00,24.0,21.17962
Son Serra de Marina,2025-08-21 19:00:00,34.0,27.927656
Son Serra de Marina,2025-08-21 20:00:00,52.0,41.872284
Son Serra de Marina,2025-08-22 08:00:00,43.0,47.554176
Son Serra de Marina,2025-08-22 09:00:00,53.0,39.228622
Son Serra de Marina,2025-08-22 10:00:00,37.0,39.956047
Son Serra de Marina,2025-08-22 11:00:00,52.0,38.263317
Son Serra de Marina,2025-08-22 12:00:00,39.0,31.419474
Son Serra de Marina,2025-08-22 13:00:00,43.0,24.15942
Son Serra de Marina,2025-08-22 14:00:00,50.0,25.447048
Son Serra de Marina,2025-08-22 15:00:00,48.0,21.552664
Son Serra de Marina,2025-08-22 16:00:00,8.0,17.523993
Son Serra de Marina,2025-08-22 17:00:00,6.0,12.206541
Son Serra de Marina,2025-08-22 18:00:00,18.0,14.178531
Son Serra de Marina,2025-08-22 19:00:00,34.0,22.141018
Son Serra de Marina,2025-08-22 20:00:00,29.0,27.790554
Son Serra de Marina,2025-08-23 08:00:00,29.0,26.77918
Son Serra de Marina,2025-08-23 09:00:00,25.0,25.931786
Son Serra de Marina,2025-08-23 10:00:00,38.0,22.138508
Son Serra de Marina,2025-08-23 11:00:00,38.0,20.692425
Son Serra de Marina,2025-08-23 12:00:00,22.0,17.147398
Son Serra de Marina,2025-08-23 13:00:00,32.0,15.410437
Son Serra de Marina,2025-08-23 14:00:00,24.0,13.3503275
Son Serra de Marina,2025-08-23 15:00:00,26.0,12.752246
Son Serra de Marina,2025-08-23 16:00:00,4.0,12.779038
Son Serra de Marina,2025-08-23 17:00:00,3.0,5.7040734
Son Serra de Marina,2025-08-23 18:00:00,15.0,20.051304
Son Serra de Marina,2025-08-23 19:00:00,27.0,33.034767
Son Serra de Marina,2025-08-23 20:00:00,33.0,25.963966
Son Serra de Marina,2025-08-24 08:00:00,59.0,30.982014
Son Serra de Marina,2025-08-24 09:00:00,40.0,28.15914
Son Serra de Marina,2025-08-24 10:00:00,61.0,24.513933
Son Serra de Marina,2025-08-24 11:00:00,46.0,20.19755
Son Serra de Marina,2025-08-24 12:00:00,31.0,18.60985
Son Serra de Marina,2025-08-24 13:00:00,50.0,19.218803
Son Serra de Marina,2025-08-24 14:00:00,31.0,17.42297
Son Serra de Marina,2025-08-24 15:00:00,45.0,16.600336
Son Serra de Marina,2025-08-24 16:00:00,7.0,7.383237
Son Serra de Marina,2025-08-24 17:00:00,8.0,3.0362778
Son Serra de Marina,2025-08-24 18:00:00,14.0,17.551584
Son Serra de Marina,2025-08-24 19:00:00,37.0,33.41133
Son Serra de Marina,2025-08-24 20:00:00,58.0,36.205193
Son Serra de Marina,2025-08-25 08:00:00,55.0,42.380913
Son Serra de Marina,2025-08-25 09:00:00,39.0,37.677372
Son Serra de Marina,2025-08-25 10:00:00,44.0,34.07172
Son Serra de Marina,2025-08-25 11:00:00,55.0,23.550804
Son Serra de Marina,2025-08-25 12:00:00,34.0,24.045065
Son Serra de Marina,2025-08-25 13:00:00,35.0,23.159422
Son Serra de Marina,2025-08-25 14:00:00,27.0,22.869108
Son Serra de Marina,2025-08-25 15:00:00,38.0,18.767656
Son Serra de Marina,2025-08-25 16:00:00,5.0,8.602092
Son Serra de Marina,2025-08-25 17:00:00,4.0,6.861706
Son Serra de Marina,2025-08-25 18:00:00,20.0,22.073694
Son Serra de Marina,2025-08-25 19:00:00,43.0,33.810055
Son Serra de Marina,2025-08-25 20:00:00,48.0,38.731327
Son Serra de Marina,2025-08-26 08:00:00,60.0,44.40182
Son Serra de Marina,2025-08-26 09:00:00,62.0,42.286793
Son Serra de Marina,2025-08-26 10:00:00,51.0,36.455173
Son Serra de Marina,2025-08-26 11:00:00,67.0,32.339962
Son Serra de Marina,2025-08-26 12:00:00,38.0,36.577698
Son Serra de Marina,2025-08-26 13:00:00,26.0,30.05146
Son Serra de Marina,2025-08-26 14:00:00,28.0,26.979073
Son Serra de Marina,2025-08-26 15:00:00,41.0,23.357777
Son Serra de Marina,2025-08-26 16:00:00,5.0,7.835046
Son Serra de Marina,2025-08-26 17:00:00,3.0,9.410029
Son Serra de Marina,2025-08-26 18:00:00,12.0,26.360924
Son Serra de Marina,2025-08-26 19:00:00,18.0,65.842674
Son Serra de Marina,2025-08-26 20:00:00,27.0,63.232464
Son Serra de Marina,2025-08-27 08:00:00,21.0,59.493176
Son Serra de Marina,2025-08-27 09:00:00,18.0,56.94008
Son Serra de Marina,2025-08-27 10:00:00,20.0,60.6946
Son Serra de Marina,2025-08-27 11:00:00,31.0,51.09865
Son Serra de Marina,2025-08-27 12:00:00,21.0,47.99997
Son Serra de Marina,2025-08-27 13:00:00,17.0,36.00051
Son Serra de Marina,2025-08-27 14:00:00,30.0,33.0568
Son Serra de Marina,2025-08-27 15:00:00,17.0,28.700193
Son Serra de Marina,2025-08-27 16:00:00,8.0,13.176756
Son Serra de Marina,2025-08-27 17:00:00,6.0,11.881709
Son Serra de Marina,2025-08-27 18:00:00,11.0,35.653484
Son Serra de Marina,2025-08-27 19:00:00,37.0,63.092785
Son Serra de Marina,2025-08-27 20:00:00,28.0,61.526882
Son Serra de Marina,2025-08-28 08:00:00,42.0,53.626694
Son Serra de Marina,2025-08-28 09:00:00,38.0,50.145576
Son Serra de Marina,2025-08-28 10:00:00,36.0,50.21099
Son Serra de Marina,2025-08-28 11:00:00,25.0,51.329433
Son Serra de Marina,2025-08-28 12:00:00,35.0,55.162
Son Serra de Marina,2025-08-28 13:00:00,41.0,44.708332
Son Serra de Marina,2025-08-28 14:00:00,48.0,37.503265
Son Serra de Marina,2025-08-28 15:00:00,28.0,33.27787
Son Serra de Marina,2025-08-28 16:00:00,5.0,16.52416
Son Serra de Marina,2025-08-28 17:00:00,2.0,14.124369
Son Serra de Marina,2025-08-28 18:00:00,13.0,43.270233
Son Serra de Marina,2025-08-28 19:00:00,34.0,49.153378
Son Serra de Marina,2025-08-28 20:00:00,62.0,64.014786
Son Serra de Marina,2025-08-29 08:00:00,45.0,64.794754
Son Serra de Marina,2025-08-29 09:00:00,37.0,47.443676
Son Serra de Marina,2025-08-29 10:00:00,30.0,50.08483
Son Serra de Marina,2025-08-29 11:00:00,65.0,46.306614
Son Serra de Marina,2025-08-29 12:00:00,58.0,36.13317
Son Serra de Marina,2025-08-29 13:00:00,35.0,29.112103
Son Serra de Marina,2025-08-29 14:00:00,40.0,28.264252
Son Serra de Marina,2025-08-29 15:00:00,30.0,22.805014
Son Serra de Marina,2025-08-29 16:00:00,2.0,3.5962534
Son Serra de Marina,2025-08-29 17:00:00,2.0,10.29087
Son Serra de Marina,2025-08-29 18:00:00,12.0,24.376854
Son Serra de Marina,2025-08-29 19:00:00,12.0,25.839134
Son Serra de Marina,2025-08-29 20:00:00,16.0,31.366735
Son Serra de Marina,2025-08-30 08:00:00,13.0,39.574543
Son Serra de Marina,2025-08-30 09:00:00,7.0,41.17611
Son Serra de Marina,2025-08-30 10:00:00,9.0,29.319052
Son Serra de Marina,2025-08-30 11:00:00,23.0,26.25291
Son Serra de Marina,2025-08-30 12:00:00,14.0,31.830095
Son Serra de Marina,2025-08-30 13:00:00,8.0,24.701015
Son Serra de Marina,2025-08-30 14:00:00,14.0,25.087812
Son Serra de Marina,2025-08-30 15:00:00,13.0,22.019024
Son Serra de Marina,2025-08-30 16:00:00,2.0,7.732135
Son Serra de Marina,2025-08-30 17:00:00,2.0,4.1543527
Son Serra de Marina,2025-08-30 18:00:00,3.0,16.56936
Son Serra de Marina,2025-08-30 19:00:00,5.0,26.828585
Son Serra de Marina,2025-08-30 20:00:00,7.0,18.822628
