unique_id,ds_real,y_pred,y_true,month
cala-vedella-platja,2025-06-10 12:00:00,55.323227,155.0,6
cala-vedella-platja,2025-06-10 13:00:00,113.593506,152.0,6
cala-vedella-platja,2025-06-10 14:00:00,147.07683,170.0,6
cala-vedella-platja,2025-06-10 15:00:00,139.86684,142.0,6
cala-vedella-platja,2025-06-10 16:00:00,140.8869,158.0,6
cala-vedella-platja,2025-06-10 17:00:00,130.17302,106.0,6
cala-vedella-platja,2025-06-10 18:00:00,125.96312,59.0,6
cala-vedella-platja,2025-06-10 19:00:00,97.1107,58.0,6
cala-vedella-platja,2025-06-10 20:00:00,82.68226,11.0,6
cala-vedella-platja,2025-06-11 08:00:00,28.091257,34.0,6
cala-vedella-platja,2025-06-11 09:00:00,39.505722,105.0,6
cala-vedella-platja,2025-06-11 10:00:00,73.534935,135.0,6
cala-vedella-platja,2025-06-11 11:00:00,99.65459,145.0,6
cala-vedella-platja,2025-06-11 12:00:00,136.13,127.0,6
cala-vedella-platja,2025-06-11 13:00:00,130.4069,151.0,6
cala-vedella-platja,2025-06-11 14:00:00,156.59595,153.0,6
cala-vedella-platja,2025-06-11 15:00:00,152.11005,140.0,6
cala-vedella-platja,2025-06-11 16:00:00,137.16812,120.0,6
cala-vedella-platja,2025-06-11 17:00:00,128.04022,87.0,6
cala-vedella-platja,2025-06-11 18:00:00,130.6279,43.0,6
cala-vedella-platja,2025-06-11 19:00:00,104.934,49.0,6
cala-vedella-platja,2025-06-11 20:00:00,85.479805,6.0,6
cala-vedella-platja,2025-06-12 08:00:00,33.905212,63.0,6
cala-vedella-platja,2025-06-12 09:00:00,51.680046,153.0,6
cala-vedella-platja,2025-06-12 10:00:00,65.63186,188.0,6
cala-vedella-platja,2025-06-12 11:00:00,93.15875,203.0,6
cala-vedella-platja,2025-06-12 12:00:00,128.80418,180.0,6
cala-vedella-platja,2025-06-12 13:00:00,142.2868,192.0,6
cala-vedella-platja,2025-06-12 14:00:00,148.5268,174.0,6
cala-vedella-platja,2025-06-12 15:00:00,151.15312,158.0,6
cala-vedella-platja,2025-06-12 16:00:00,154.3055,114.0,6
cala-vedella-platja,2025-06-12 17:00:00,138.30621,68.0,6
cala-vedella-platja,2025-06-12 18:00:00,125.98182,55.0,6
cala-vedella-platja,2025-06-12 19:00:00,105.24744,49.0,6
cala-vedella-platja,2025-06-12 20:00:00,81.138016,8.0,6
cala-vedella-platja,2025-06-13 08:00:00,30.172968,56.0,6
cala-vedella-platja,2025-06-13 09:00:00,50.90479,129.0,6
cala-vedella-platja,2025-06-13 10:00:00,62.59772,166.0,6
cala-vedella-platja,2025-06-13 11:00:00,86.4948,167.0,6
cala-vedella-platja,2025-06-13 12:00:00,105.32466,130.0,6
cala-vedella-platja,2025-06-13 13:00:00,131.0447,150.0,6
cala-vedella-platja,2025-06-13 14:00:00,136.94098,153.0,6
cala-vedella-platja,2025-06-13 15:00:00,131.36963,151.0,6
cala-vedella-platja,2025-06-13 16:00:00,124.435715,111.0,6
cala-vedella-platja,2025-06-13 17:00:00,117.3243,96.0,6
cala-vedella-platja,2025-06-13 18:00:00,125.41775,59.0,6
cala-vedella-platja,2025-06-13 19:00:00,103.77089,31.0,6
cala-vedella-platja,2025-06-13 20:00:00,78.69303,7.0,6
cala-vedella-platja,2025-06-14 08:00:00,35.995182,76.0,6
cala-vedella-platja,2025-06-14 09:00:00,56.552326,110.0,6
cala-vedella-platja,2025-06-14 10:00:00,74.43546,152.0,6
cala-vedella-platja,2025-06-14 11:00:00,100.36064,121.0,6
cala-vedella-platja,2025-06-14 12:00:00,138.64519,133.0,6
cala-vedella-platja,2025-06-14 13:00:00,154.9264,148.0,6
cala-vedella-platja,2025-06-14 14:00:00,150.48248,156.0,6
cala-vedella-platja,2025-06-14 15:00:00,147.403,147.0,6
cala-vedella-platja,2025-06-14 16:00:00,149.9575,135.0,6
cala-vedella-platja,2025-06-14 17:00:00,141.30739,107.0,6
cala-vedella-platja,2025-06-14 18:00:00,131.38454,75.0,6
cala-vedella-platja,2025-06-14 19:00:00,105.63073,37.0,6
cala-vedella-platja,2025-06-14 20:00:00,79.190735,7.0,6
cala-vedella-platja,2025-06-15 08:00:00,37.052387,74.0,6
cala-vedella-platja,2025-06-15 09:00:00,65.73346,157.0,6
cala-vedella-platja,2025-06-15 10:00:00,74.29285,214.0,6
cala-vedella-platja,2025-06-15 11:00:00,100.50905,243.0,6
cala-vedella-platja,2025-06-15 12:00:00,143.56155,215.0,6
cala-vedella-platja,2025-06-15 13:00:00,165.58575,268.0,6
cala-vedella-platja,2025-06-15 14:00:00,165.49904,265.0,6
cala-vedella-platja,2025-06-15 15:00:00,165.60391,218.0,6
cala-vedella-platja,2025-06-15 16:00:00,157.43546,216.0,6
cala-vedella-platja,2025-06-15 17:00:00,152.41484,134.0,6
cala-vedella-platja,2025-06-15 18:00:00,143.13472,96.0,6
cala-vedella-platja,2025-06-15 19:00:00,114.281456,44.0,6
cala-vedella-platja,2025-06-15 20:00:00,87.723404,7.0,6
cala-vedella-platja,2025-06-16 08:00:00,30.758057,76.0,6
cala-vedella-platja,2025-06-16 09:00:00,47.99723,122.0,6
cala-vedella-platja,2025-06-16 10:00:00,59.08249,150.0,6
cala-vedella-platja,2025-06-16 11:00:00,93.872475,157.0,6
cala-vedella-platja,2025-06-16 12:00:00,137.10638,152.0,6
cala-vedella-platja,2025-06-16 13:00:00,151.21269,164.0,6
cala-vedella-platja,2025-06-16 14:00:00,151.9809,148.0,6
cala-vedella-platja,2025-06-16 15:00:00,135.88693,138.0,6
cala-vedella-platja,2025-06-16 16:00:00,149.42227,125.0,6
cala-vedella-platja,2025-06-16 17:00:00,138.42499,55.0,6
cala-vedella-platja,2025-06-16 18:00:00,132.43538,49.0,6
cala-vedella-platja,2025-06-16 19:00:00,112.046936,49.0,6
cala-vedella-platja,2025-06-16 20:00:00,84.275764,10.0,6
cala-vedella-platja,2025-06-17 08:00:00,38.44145,74.0,6
cala-vedella-platja,2025-06-17 09:00:00,51.57353,130.0,6
cala-vedella-platja,2025-06-17 10:00:00,68.190636,138.0,6
cala-vedella-platja,2025-06-17 11:00:00,100.39429,137.0,6
cala-vedella-platja,2025-06-17 12:00:00,131.36723,139.0,6
cala-vedella-platja,2025-06-17 13:00:00,155.15364,126.0,6
cala-vedella-platja,2025-06-17 14:00:00,149.65778,170.0,6
cala-vedella-platja,2025-06-17 15:00:00,148.38972,167.0,6
cala-vedella-platja,2025-06-17 16:00:00,149.1114,137.0,6
cala-vedella-platja,2025-06-17 17:00:00,138.83772,81.0,6
cala-vedella-platja,2025-06-17 18:00:00,134.51738,67.0,6
cala-vedella-platja,2025-06-17 19:00:00,111.95272,64.0,6
cala-vedella-platja,2025-06-17 20:00:00,84.14406,6.0,6
cala-vedella-platja,2025-06-18 08:00:00,39.597866,52.0,6
cala-vedella-platja,2025-06-18 09:00:00,55.502373,121.0,6
cala-vedella-platja,2025-06-18 10:00:00,67.52078,149.0,6
cala-vedella-platja,2025-06-18 11:00:00,94.53353,182.0,6
cala-vedella-platja,2025-06-18 12:00:00,130.44113,144.0,6
cala-vedella-platja,2025-06-18 13:00:00,148.83786,156.0,6
cala-vedella-platja,2025-06-18 14:00:00,150.62805,169.0,6
cala-vedella-platja,2025-06-18 15:00:00,148.86421,173.0,6
cala-vedella-platja,2025-06-18 16:00:00,141.15402,148.0,6
cala-vedella-platja,2025-06-18 17:00:00,137.78139,98.0,6
cala-vedella-platja,2025-06-18 18:00:00,133.53294,62.0,6
cala-vedella-platja,2025-06-18 19:00:00,111.62304,43.0,6
cala-vedella-platja,2025-06-18 20:00:00,82.59925,8.0,6
cala-vedella-platja,2025-06-19 08:00:00,34.844707,77.0,6
cala-vedella-platja,2025-06-19 09:00:00,52.890095,138.0,6
cala-vedella-platja,2025-06-19 10:00:00,64.47498,186.0,6
cala-vedella-platja,2025-06-19 11:00:00,93.92512,146.0,6
cala-vedella-platja,2025-06-19 12:00:00,129.03697,155.0,6
cala-vedella-platja,2025-06-19 13:00:00,147.21933,145.0,6
cala-vedella-platja,2025-06-19 14:00:00,149.28015,153.0,6
cala-vedella-platja,2025-06-19 15:00:00,149.01118,161.0,6
cala-vedella-platja,2025-06-19 16:00:00,139.55858,174.0,6
cala-vedella-platja,2025-06-19 17:00:00,137.31743,125.0,6
cala-vedella-platja,2025-06-19 18:00:00,132.40137,108.0,6
cala-vedella-platja,2025-06-19 19:00:00,112.43958,66.0,6
cala-vedella-platja,2025-06-19 20:00:00,84.61905,11.0,6
cala-vedella-platja,2025-06-20 08:00:00,34.167652,50.0,6
cala-vedella-platja,2025-06-20 09:00:00,53.56117,124.0,6
cala-vedella-platja,2025-06-20 10:00:00,64.54285,132.0,6
cala-vedella-platja,2025-06-20 11:00:00,93.942856,181.0,6
cala-vedella-platja,2025-06-20 12:00:00,136.50052,32.0,6
cala-vedella-platja,2025-06-20 13:00:00,153.01797,158.0,6
cala-vedella-platja,2025-06-20 14:00:00,155.43233,150.0,6
cala-vedella-platja,2025-06-20 15:00:00,150.8807,172.0,6
cala-vedella-platja,2025-06-20 16:00:00,145.04439,148.0,6
cala-vedella-platja,2025-06-20 17:00:00,120.21993,117.0,6
cala-vedella-platja,2025-06-20 18:00:00,126.5541,91.0,6
cala-vedella-platja,2025-06-20 19:00:00,96.98321,52.0,6
cala-vedella-platja,2025-06-20 20:00:00,76.57513,15.0,6
cala-vedella-platja,2025-06-21 08:00:00,38.454678,50.0,6
cala-vedella-platja,2025-06-21 09:00:00,56.790142,90.0,6
cala-vedella-platja,2025-06-21 10:00:00,69.24721,171.0,6
cala-vedella-platja,2025-06-21 11:00:00,99.14182,168.0,6
cala-vedella-platja,2025-06-21 12:00:00,122.588036,170.0,6
cala-vedella-platja,2025-06-21 13:00:00,154.98222,155.0,6
cala-vedella-platja,2025-06-21 14:00:00,159.52153,152.0,6
cala-vedella-platja,2025-06-21 15:00:00,157.10172,184.0,6
cala-vedella-platja,2025-06-21 16:00:00,152.03387,174.0,6
cala-vedella-platja,2025-06-21 17:00:00,144.81166,163.0,6
cala-vedella-platja,2025-06-21 18:00:00,137.99345,95.0,6
cala-vedella-platja,2025-06-21 19:00:00,116.28835,65.0,6
cala-vedella-platja,2025-06-21 20:00:00,84.085144,16.0,6
cala-vedella-platja,2025-06-22 08:00:00,43.70466,68.0,6
cala-vedella-platja,2025-06-22 09:00:00,67.91743,120.0,6
cala-vedella-platja,2025-06-22 10:00:00,80.47179,195.0,6
cala-vedella-platja,2025-06-22 11:00:00,106.274635,225.0,6
cala-vedella-platja,2025-06-22 12:00:00,144.17036,199.0,6
cala-vedella-platja,2025-06-22 13:00:00,165.81099,202.0,6
cala-vedella-platja,2025-06-22 14:00:00,165.52802,242.0,6
cala-vedella-platja,2025-06-22 15:00:00,165.23149,231.0,6
cala-vedella-platja,2025-06-22 16:00:00,159.99953,227.0,6
cala-vedella-platja,2025-06-22 17:00:00,154.77138,189.0,6
cala-vedella-platja,2025-06-22 18:00:00,143.02577,110.0,6
cala-vedella-platja,2025-06-22 19:00:00,123.07316,97.0,6
cala-vedella-platja,2025-06-22 20:00:00,85.74812,18.0,6
cala-vedella-platja,2025-06-23 08:00:00,39.94392,54.0,6
cala-vedella-platja,2025-06-23 09:00:00,64.63968,110.0,6
cala-vedella-platja,2025-06-23 10:00:00,75.94713,152.0,6
cala-vedella-platja,2025-06-23 11:00:00,100.55496,228.0,6
cala-vedella-platja,2025-06-23 12:00:00,140.88861,198.0,6
cala-vedella-platja,2025-06-23 13:00:00,150.93333,152.0,6
cala-vedella-platja,2025-06-23 14:00:00,138.17302,212.0,6
cala-vedella-platja,2025-06-23 15:00:00,136.55571,175.0,6
cala-vedella-platja,2025-06-23 16:00:00,137.40797,170.0,6
cala-vedella-platja,2025-06-23 17:00:00,132.09837,115.0,6
cala-vedella-platja,2025-06-23 18:00:00,117.30312,68.0,6
cala-vedella-platja,2025-06-23 19:00:00,110.10192,61.0,6
cala-vedella-platja,2025-06-23 20:00:00,81.13314,31.0,6
cala-vedella-platja,2025-06-24 08:00:00,46.197796,53.0,6
cala-vedella-platja,2025-06-24 09:00:00,63.698277,131.0,6
cala-vedella-platja,2025-06-24 10:00:00,77.011536,183.0,6
cala-vedella-platja,2025-06-24 11:00:00,102.457886,165.0,6
cala-vedella-platja,2025-06-24 12:00:00,141.60773,165.0,6
cala-vedella-platja,2025-06-24 13:00:00,156.64903,187.0,6
cala-vedella-platja,2025-06-24 14:00:00,156.4451,154.0,6
cala-vedella-platja,2025-06-24 15:00:00,156.36395,179.0,6
cala-vedella-platja,2025-06-24 16:00:00,156.42696,127.0,6
cala-vedella-platja,2025-06-24 17:00:00,147.18991,136.0,6
cala-vedella-platja,2025-06-24 20:00:00,82.81569,23.0,6
cala-vedella-platja,2025-06-25 08:00:00,47.89124,54.0,6
cala-vedella-platja,2025-06-25 09:00:00,61.492966,104.0,6
cala-vedella-platja,2025-06-25 10:00:00,74.52772,123.0,6
cala-vedella-platja,2025-06-25 11:00:00,107.26769,138.0,6
cala-vedella-platja,2025-06-25 12:00:00,138.41028,152.0,6
cala-vedella-platja,2025-06-25 13:00:00,141.99762,127.0,6
cala-vedella-platja,2025-06-25 14:00:00,145.79514,166.0,6
cala-vedella-platja,2025-06-25 15:00:00,155.99799,145.0,6
cala-vedella-platja,2025-06-25 16:00:00,156.81483,157.0,6
cala-vedella-platja,2025-06-25 17:00:00,153.39496,117.0,6
cala-vedella-platja,2025-06-25 18:00:00,142.76451,96.0,6
cala-vedella-platja,2025-06-25 19:00:00,116.39071,64.0,6
cala-vedella-platja,2025-06-25 20:00:00,85.40285,15.0,6
cala-vedella-platja,2025-06-26 08:00:00,41.657097,42.0,6
cala-vedella-platja,2025-06-26 09:00:00,49.626247,98.0,6
cala-vedella-platja,2025-06-26 10:00:00,62.940353,147.0,6
cala-vedella-platja,2025-06-26 11:00:00,93.0509,197.0,6
cala-vedella-platja,2025-06-26 12:00:00,129.08295,169.0,6
cala-vedella-platja,2025-06-26 13:00:00,132.5451,163.0,6
cala-vedella-platja,2025-06-26 14:00:00,134.00539,165.0,6
cala-vedella-platja,2025-06-26 15:00:00,142.08675,184.0,6
cala-vedella-platja,2025-06-26 16:00:00,130.94157,159.0,6
cala-vedella-platja,2025-06-26 17:00:00,125.38583,117.0,6
cala-vedella-platja,2025-06-26 18:00:00,117.29667,85.0,6
cala-vedella-platja,2025-06-26 19:00:00,94.8584,85.0,6
cala-vedella-platja,2025-06-26 20:00:00,69.502594,21.0,6
cala-vedella-platja,2025-06-27 08:00:00,47.36944,52.0,6
cala-vedella-platja,2025-06-27 09:00:00,61.048164,115.0,6
cala-vedella-platja,2025-06-27 10:00:00,74.71482,165.0,6
cala-vedella-platja,2025-06-27 11:00:00,102.634766,179.0,6
cala-vedella-platja,2025-06-27 12:00:00,139.66666,210.0,6
cala-vedella-platja,2025-06-27 13:00:00,141.96925,133.0,6
cala-vedella-platja,2025-06-27 14:00:00,143.16602,144.0,6
cala-vedella-platja,2025-06-27 15:00:00,151.40579,148.0,6
cala-vedella-platja,2025-06-27 16:00:00,155.55804,151.0,6
cala-vedella-platja,2025-06-27 17:00:00,145.98634,127.0,6
cala-vedella-platja,2025-06-27 18:00:00,134.20119,67.0,6
cala-vedella-platja,2025-06-27 19:00:00,114.51685,90.0,6
cala-vedella-platja,2025-06-27 20:00:00,82.607925,17.0,6
cala-vedella-platja,2025-06-28 08:00:00,48.217083,56.0,6
cala-vedella-platja,2025-06-28 09:00:00,62.13456,117.0,6
cala-vedella-platja,2025-06-28 10:00:00,76.53688,149.0,6
cala-vedella-platja,2025-06-28 11:00:00,104.12097,184.0,6
cala-vedella-platja,2025-06-28 12:00:00,139.83868,144.0,6
cala-vedella-platja,2025-06-28 13:00:00,143.41792,180.0,6
cala-vedella-platja,2025-06-28 14:00:00,146.31583,200.0,6
cala-vedella-platja,2025-06-28 15:00:00,157.9523,154.0,6
cala-vedella-platja,2025-06-28 16:00:00,157.59833,194.0,6
cala-vedella-platja,2025-06-28 17:00:00,156.02274,155.0,6
cala-vedella-platja,2025-06-28 18:00:00,145.39627,121.0,6
cala-vedella-platja,2025-06-28 19:00:00,116.67829,86.0,6
cala-vedella-platja,2025-06-28 20:00:00,86.044426,32.0,6
cala-vedella-platja,2025-06-29 08:00:00,55.236725,67.0,6
cala-vedella-platja,2025-06-29 09:00:00,67.613335,118.0,6
cala-vedella-platja,2025-06-29 10:00:00,82.14011,168.0,6
cala-vedella-platja,2025-06-29 11:00:00,112.52862,202.0,6
cala-vedella-platja,2025-06-29 12:00:00,144.46855,186.0,6
cala-vedella-platja,2025-06-29 13:00:00,148.18062,172.0,6
cala-vedella-platja,2025-06-29 14:00:00,148.3718,195.0,6
cala-vedella-platja,2025-06-29 15:00:00,163.75005,204.0,6
cala-vedella-platja,2025-06-29 16:00:00,163.51338,181.0,6
cala-vedella-platja,2025-06-29 17:00:00,162.25122,148.0,6
cala-vedella-platja,2025-06-29 18:00:00,134.44746,129.0,6
cala-vedella-platja,2025-06-29 19:00:00,129.33638,100.0,6
cala-vedella-platja,2025-06-29 20:00:00,91.69426,26.0,6
cala-vedella-platja,2025-06-30 08:00:00,47.130314,55.0,6
cala-vedella-platja,2025-06-30 09:00:00,60.53307,82.0,6
cala-vedella-platja,2025-06-30 10:00:00,75.16553,159.0,6
cala-vedella-platja,2025-06-30 11:00:00,107.23589,187.0,6
cala-vedella-platja,2025-06-30 12:00:00,139.0297,172.0,6
cala-vedella-platja,2025-06-30 13:00:00,142.27203,163.0,6
cala-vedella-platja,2025-06-30 14:00:00,142.62944,141.0,6
cala-vedella-platja,2025-06-30 15:00:00,149.91313,167.0,6
cala-vedella-platja,2025-06-30 16:00:00,151.3485,149.0,6
cala-vedella-platja,2025-06-30 17:00:00,154.4029,144.0,6
cala-vedella-platja,2025-06-30 18:00:00,151.78647,87.0,6
cala-vedella-platja,2025-06-30 19:00:00,125.379326,86.0,6
cala-vedella-platja,2025-06-30 20:00:00,81.11533,24.0,6
cala-vedella-platja,2025-07-01 08:00:00,49.51142,70.0,7
cala-vedella-platja,2025-07-01 09:00:00,62.35794,116.0,7
cala-vedella-platja,2025-07-01 10:00:00,74.69205,160.0,7
cala-vedella-platja,2025-07-01 11:00:00,106.680016,152.0,7
cala-vedella-platja,2025-07-01 12:00:00,139.99815,143.0,7
cala-vedella-platja,2025-07-01 13:00:00,142.413,151.0,7
cala-vedella-platja,2025-07-01 14:00:00,144.48608,148.0,7
cala-vedella-platja,2025-07-01 15:00:00,155.82558,141.0,7
cala-vedella-platja,2025-07-01 16:00:00,157.06813,165.0,7
cala-vedella-platja,2025-07-01 17:00:00,155.25175,127.0,7
cala-vedella-platja,2025-07-01 18:00:00,152.30154,86.0,7
cala-vedella-platja,2025-07-01 19:00:00,126.28647,66.0,7
cala-vedella-platja,2025-07-01 20:00:00,87.72192,23.0,7
cala-vedella-platja,2025-07-02 08:00:00,38.996082,57.0,7
cala-vedella-platja,2025-07-02 09:00:00,62.36308,88.0,7
cala-vedella-platja,2025-07-02 10:00:00,74.07485,195.0,7
cala-vedella-platja,2025-07-02 11:00:00,106.57035,180.0,7
cala-vedella-platja,2025-07-02 12:00:00,150.36768,152.0,7
cala-vedella-platja,2025-07-02 13:00:00,142.2379,136.0,7
cala-vedella-platja,2025-07-02 14:00:00,143.0765,148.0,7
cala-vedella-platja,2025-07-02 15:00:00,153.29863,144.0,7
cala-vedella-platja,2025-07-02 16:00:00,156.05318,158.0,7
cala-vedella-platja,2025-07-02 17:00:00,154.85236,150.0,7
cala-vedella-platja,2025-07-02 18:00:00,153.20482,81.0,7
cala-vedella-platja,2025-07-02 19:00:00,119.77217,83.0,7
cala-vedella-platja,2025-07-02 20:00:00,88.51133,20.0,7
cala-vedella-platja,2025-07-03 08:00:00,38.27977,58.0,7
cala-vedella-platja,2025-07-03 09:00:00,52.03943,115.0,7
cala-vedella-platja,2025-07-03 10:00:00,66.56501,209.0,7
cala-vedella-platja,2025-07-03 11:00:00,104.65081,183.0,7
cala-vedella-platja,2025-07-03 12:00:00,140.86627,161.0,7
cala-vedella-platja,2025-07-03 13:00:00,142.6828,168.0,7
cala-vedella-platja,2025-07-03 14:00:00,142.83841,159.0,7
cala-vedella-platja,2025-07-03 15:00:00,154.21133,140.0,7
cala-vedella-platja,2025-07-03 16:00:00,157.07907,132.0,7
cala-vedella-platja,2025-07-03 17:00:00,153.52457,133.0,7
cala-vedella-platja,2025-07-03 18:00:00,152.6098,101.0,7
cala-vedella-platja,2025-07-03 19:00:00,131.488,66.0,7
cala-vedella-platja,2025-07-03 20:00:00,82.576904,28.0,7
cala-vedella-platja,2025-07-04 08:00:00,38.449764,53.0,7
cala-vedella-platja,2025-07-04 09:00:00,61.45023,119.0,7
cala-vedella-platja,2025-07-04 10:00:00,77.07076,151.0,7
cala-vedella-platja,2025-07-04 11:00:00,104.48888,176.0,7
cala-vedella-platja,2025-07-04 12:00:00,140.21109,165.0,7
cala-vedella-platja,2025-07-04 13:00:00,155.9135,131.0,7
cala-vedella-platja,2025-07-04 14:00:00,157.05226,183.0,7
cala-vedella-platja,2025-07-04 15:00:00,155.23615,135.0,7
cala-vedella-platja,2025-07-04 16:00:00,156.8273,145.0,7
cala-vedella-platja,2025-07-04 17:00:00,154.38823,117.0,7
cala-vedella-platja,2025-07-04 18:00:00,150.78038,63.0,7
cala-vedella-platja,2025-07-04 19:00:00,125.3645,79.0,7
cala-vedella-platja,2025-07-04 20:00:00,86.44791,23.0,7
cala-vedella-platja,2025-07-05 08:00:00,47.81837,87.0,7
cala-vedella-platja,2025-07-05 09:00:00,60.25769,140.0,7
cala-vedella-platja,2025-07-05 10:00:00,77.58856,188.0,7
cala-vedella-platja,2025-07-05 11:00:00,102.5321,197.0,7
cala-vedella-platja,2025-07-05 12:00:00,140.0611,195.0,7
cala-vedella-platja,2025-07-05 13:00:00,157.60475,172.0,7
cala-vedella-platja,2025-07-05 14:00:00,159.31874,192.0,7
cala-vedella-platja,2025-07-05 15:00:00,155.72072,181.0,7
cala-vedella-platja,2025-07-05 16:00:00,158.31683,195.0,7
cala-vedella-platja,2025-07-05 17:00:00,156.43304,155.0,7
cala-vedella-platja,2025-07-05 18:00:00,153.17404,93.0,7
cala-vedella-platja,2025-07-05 19:00:00,132.6679,112.0,7
cala-vedella-platja,2025-07-05 20:00:00,83.37534,25.0,7
cala-vedella-platja,2025-07-06 08:00:00,50.247864,57.0,7
cala-vedella-platja,2025-07-06 09:00:00,62.982548,135.0,7
cala-vedella-platja,2025-07-06 10:00:00,77.509056,176.0,7
cala-vedella-platja,2025-07-06 11:00:00,104.9283,186.0,7
cala-vedella-platja,2025-07-06 12:00:00,143.69983,219.0,7
cala-vedella-platja,2025-07-06 13:00:00,162.12419,211.0,7
cala-vedella-platja,2025-07-06 14:00:00,165.15848,223.0,7
cala-vedella-platja,2025-07-06 15:00:00,162.83931,245.0,7
cala-vedella-platja,2025-07-06 16:00:00,164.29652,221.0,7
cala-vedella-platja,2025-07-06 17:00:00,163.19295,232.0,7
cala-vedella-platja,2025-07-06 18:00:00,159.32181,128.0,7
cala-vedella-platja,2025-07-06 19:00:00,128.18903,111.0,7
cala-vedella-platja,2025-07-06 20:00:00,95.09336,26.0,7
cala-vedella-platja,2025-07-07 08:00:00,40.68446,96.0,7
cala-vedella-platja,2025-07-07 09:00:00,62.80953,147.0,7
cala-vedella-platja,2025-07-07 10:00:00,73.77906,197.0,7
cala-vedella-platja,2025-07-07 11:00:00,101.88345,178.0,7
cala-vedella-platja,2025-07-07 12:00:00,138.97423,192.0,7
cala-vedella-platja,2025-07-07 13:00:00,155.30504,180.0,7
cala-vedella-platja,2025-07-07 14:00:00,154.49191,181.0,7
cala-vedella-platja,2025-07-07 15:00:00,152.70935,194.0,7
cala-vedella-platja,2025-07-07 16:00:00,155.27892,182.0,7
cala-vedella-platja,2025-07-07 17:00:00,154.14117,137.0,7
cala-vedella-platja,2025-07-07 18:00:00,149.60509,112.0,7
cala-vedella-platja,2025-07-07 19:00:00,124.81105,86.0,7
cala-vedella-platja,2025-07-07 20:00:00,89.427185,6.0,7
cala-vedella-platja,2025-07-08 08:00:00,35.20326,36.0,7
cala-vedella-platja,2025-07-08 09:00:00,39.207714,56.0,7
cala-vedella-platja,2025-07-08 10:00:00,53.9717,67.0,7
cala-vedella-platja,2025-07-08 11:00:00,73.281334,67.0,7
cala-vedella-platja,2025-07-08 12:00:00,113.67502,75.0,7
cala-vedella-platja,2025-07-08 13:00:00,128.01509,86.0,7
cala-vedella-platja,2025-07-08 14:00:00,134.62581,104.0,7
cala-vedella-platja,2025-07-08 15:00:00,139.51405,160.0,7
cala-vedella-platja,2025-07-08 16:00:00,137.05815,127.0,7
cala-vedella-platja,2025-07-08 17:00:00,135.42357,91.0,7
cala-vedella-platja,2025-07-08 18:00:00,133.27399,61.0,7
cala-vedella-platja,2025-07-08 19:00:00,107.47348,37.0,7
cala-vedella-platja,2025-07-08 20:00:00,86.46269,8.0,7
cala-vedella-platja,2025-07-09 08:00:00,38.717842,77.0,7
cala-vedella-platja,2025-07-09 09:00:00,51.096424,205.0,7
cala-vedella-platja,2025-07-09 10:00:00,63.579884,196.0,7
cala-vedella-platja,2025-07-09 11:00:00,99.57989,197.0,7
cala-vedella-platja,2025-07-09 12:00:00,136.78098,210.0,7
cala-vedella-platja,2025-07-09 13:00:00,137.09875,207.0,7
cala-vedella-platja,2025-07-09 14:00:00,150.34158,232.0,7
cala-vedella-platja,2025-07-09 15:00:00,145.15547,236.0,7
cala-vedella-platja,2025-07-09 16:00:00,145.3462,209.0,7
cala-vedella-platja,2025-07-09 17:00:00,139.34552,159.0,7
cala-vedella-platja,2025-07-09 18:00:00,135.03287,121.0,7
cala-vedella-platja,2025-07-09 19:00:00,114.8359,82.0,7
cala-vedella-platja,2025-07-09 20:00:00,87.79266,8.0,7
cala-vedella-platja,2025-07-10 08:00:00,39.31606,91.0,7
cala-vedella-platja,2025-07-10 09:00:00,51.685932,152.0,7
cala-vedella-platja,2025-07-10 10:00:00,70.759636,195.0,7
cala-vedella-platja,2025-07-10 11:00:00,100.60681,197.0,7
cala-vedella-platja,2025-07-10 12:00:00,138.83774,189.0,7
cala-vedella-platja,2025-07-10 13:00:00,154.76202,199.0,7
cala-vedella-platja,2025-07-10 14:00:00,155.06544,205.0,7
cala-vedella-platja,2025-07-10 15:00:00,146.69405,228.0,7
cala-vedella-platja,2025-07-10 16:00:00,149.81407,212.0,7
cala-vedella-platja,2025-07-10 17:00:00,139.38611,203.0,7
cala-vedella-platja,2025-07-10 18:00:00,135.6045,129.0,7
cala-vedella-platja,2025-07-10 19:00:00,116.087845,127.0,7
cala-vedella-platja,2025-07-10 20:00:00,85.963264,7.0,7
cala-vedella-platja,2025-07-11 08:00:00,38.554924,115.0,7
cala-vedella-platja,2025-07-11 09:00:00,50.421894,227.0,7
cala-vedella-platja,2025-07-11 10:00:00,65.511925,224.0,7
cala-vedella-platja,2025-07-11 11:00:00,99.42453,181.0,7
cala-vedella-platja,2025-07-11 12:00:00,137.29216,166.0,7
cala-vedella-platja,2025-07-11 13:00:00,154.6871,178.0,7
cala-vedella-platja,2025-07-11 14:00:00,156.92198,200.0,7
cala-vedella-platja,2025-07-11 15:00:00,147.30365,219.0,7
cala-vedella-platja,2025-07-11 16:00:00,149.53197,212.0,7
cala-vedella-platja,2025-07-11 17:00:00,138.88995,134.0,7
cala-vedella-platja,2025-07-11 19:00:00,113.87482,113.0,7
cala-vedella-platja,2025-07-11 20:00:00,87.95544,8.0,7
cala-vedella-platja,2025-07-12 08:00:00,36.53098,76.0,7
cala-vedella-platja,2025-07-12 09:00:00,42.038918,153.0,7
cala-vedella-platja,2025-07-12 10:00:00,50.131763,200.0,7
cala-vedella-platja,2025-07-12 11:00:00,92.05818,204.0,7
cala-vedella-platja,2025-07-12 12:00:00,137.65614,209.0,7
cala-vedella-platja,2025-07-12 13:00:00,144.3461,189.0,7
cala-vedella-platja,2025-07-12 14:00:00,157.19534,225.0,7
cala-vedella-platja,2025-07-12 15:00:00,154.02562,214.0,7
cala-vedella-platja,2025-07-12 16:00:00,143.29869,231.0,7
cala-vedella-platja,2025-07-12 17:00:00,137.5942,172.0,7
cala-vedella-platja,2025-07-12 18:00:00,134.8761,19.0,7
cala-vedella-platja,2025-07-12 19:00:00,113.17238,47.0,7
cala-vedella-platja,2025-07-12 20:00:00,86.973785,7.0,7
cala-vedella-platja,2025-07-13 08:00:00,40.98164,101.0,7
cala-vedella-platja,2025-07-13 09:00:00,55.41047,174.0,7
cala-vedella-platja,2025-07-13 10:00:00,73.78017,236.0,7
cala-vedella-platja,2025-07-13 11:00:00,104.05551,254.0,7
cala-vedella-platja,2025-07-13 12:00:00,141.34795,280.0,7
cala-vedella-platja,2025-07-13 13:00:00,147.12636,268.0,7
cala-vedella-platja,2025-07-13 14:00:00,155.09845,281.31106567382864,7
cala-vedella-platja,2025-07-13 15:00:00,156.20317,281.31106567382864,7
cala-vedella-platja,2025-07-13 16:00:00,157.82494,240.0,7
cala-vedella-platja,2025-07-13 17:00:00,146.99306,227.0,7
cala-vedella-platja,2025-07-13 18:00:00,141.76936,108.0,7
cala-vedella-platja,2025-07-13 19:00:00,120.66413,98.0,7
cala-vedella-platja,2025-07-13 20:00:00,92.90128,7.0,7
cala-vedella-platja,2025-07-14 08:00:00,28.916609,68.0,7
cala-vedella-platja,2025-07-14 09:00:00,41.098488,147.0,7
cala-vedella-platja,2025-07-14 10:00:00,51.24197,245.0,7
cala-vedella-platja,2025-07-14 11:00:00,89.31112,243.0,7
cala-vedella-platja,2025-07-14 12:00:00,130.22,250.0,7
cala-vedella-platja,2025-07-14 13:00:00,143.01039,247.0,7
cala-vedella-platja,2025-07-14 14:00:00,140.156,259.0,7
cala-vedella-platja,2025-07-14 15:00:00,139.85274,242.0,7
cala-vedella-platja,2025-07-14 16:00:00,149.78285,187.0,7
cala-vedella-platja,2025-07-14 17:00:00,144.99844,158.0,7
cala-vedella-platja,2025-07-14 18:00:00,136.56543,134.0,7
cala-vedella-platja,2025-07-14 19:00:00,109.15972,133.0,7
cala-vedella-platja,2025-07-14 20:00:00,82.84752,9.0,7
cala-vedella-platja,2025-07-15 08:00:00,34.37046,102.0,7
cala-vedella-platja,2025-07-15 09:00:00,49.781216,221.0,7
cala-vedella-platja,2025-07-15 10:00:00,63.906277,215.0,7
cala-vedella-platja,2025-07-15 11:00:00,97.48101,239.0,7
cala-vedella-platja,2025-07-15 12:00:00,129.41412,211.0,7
cala-vedella-platja,2025-07-15 13:00:00,143.43254,206.0,7
cala-vedella-platja,2025-07-15 14:00:00,157.08163,229.0,7
cala-vedella-platja,2025-07-15 15:00:00,156.70229,251.0,7
cala-vedella-platja,2025-07-15 16:00:00,156.89194,249.0,7
cala-vedella-platja,2025-07-15 17:00:00,155.46458,199.0,7
cala-vedella-platja,2025-07-15 18:00:00,145.7193,130.0,7
cala-vedella-platja,2025-07-15 19:00:00,109.809425,127.0,7
cala-vedella-platja,2025-07-15 20:00:00,81.247154,7.0,7
cala-vedella-platja,2025-07-16 08:00:00,40.154804,109.0,7
cala-vedella-platja,2025-07-16 09:00:00,52.908512,177.0,7
cala-vedella-platja,2025-07-16 10:00:00,70.10139,211.0,7
cala-vedella-platja,2025-07-16 11:00:00,105.75613,249.0,7
cala-vedella-platja,2025-07-16 12:00:00,137.50905,234.0,7
cala-vedella-platja,2025-07-16 13:00:00,155.76111,215.0,7
cala-vedella-platja,2025-07-16 14:00:00,157.20714,262.0,7
cala-vedella-platja,2025-07-16 15:00:00,155.00563,253.0,7
cala-vedella-platja,2025-07-16 16:00:00,155.9278,239.0,7
cala-vedella-platja,2025-07-16 17:00:00,148.41135,185.0,7
cala-vedella-platja,2025-07-16 18:00:00,137.35237,115.0,7
cala-vedella-platja,2025-07-16 19:00:00,115.6654,97.0,7
cala-vedella-platja,2025-07-16 20:00:00,86.36068,7.0,7
cala-vedella-platja,2025-07-17 08:00:00,41.868637,87.0,7
cala-vedella-platja,2025-07-17 09:00:00,57.75299,174.0,7
cala-vedella-platja,2025-07-17 10:00:00,72.20987,212.0,7
cala-vedella-platja,2025-07-17 11:00:00,106.43146,229.0,7
cala-vedella-platja,2025-07-17 12:00:00,138.21368,205.0,7
cala-vedella-platja,2025-07-17 13:00:00,141.90834,200.0,7
cala-vedella-platja,2025-07-17 14:00:00,142.06993,246.0,7
cala-vedella-platja,2025-07-17 15:00:00,142.58571,244.0,7
cala-vedella-platja,2025-07-17 16:00:00,138.1615,221.0,7
cala-vedella-platja,2025-07-17 17:00:00,109.98451,207.0,7
cala-vedella-platja,2025-07-17 18:00:00,111.006935,123.0,7
cala-vedella-platja,2025-07-17 19:00:00,88.10306,122.0,7
cala-vedella-platja,2025-07-17 20:00:00,72.18707,7.0,7
cala-vedella-platja,2025-07-18 08:00:00,45.70774,81.0,7
cala-vedella-platja,2025-07-18 09:00:00,55.352547,186.0,7
cala-vedella-platja,2025-07-18 10:00:00,68.37373,216.0,7
cala-vedella-platja,2025-07-18 11:00:00,84.88622,255.0,7
cala-vedella-platja,2025-07-18 12:00:00,110.650375,191.0,7
cala-vedella-platja,2025-07-18 13:00:00,116.902306,206.0,7
cala-vedella-platja,2025-07-18 14:00:00,138.13156,241.0,7
cala-vedella-platja,2025-07-18 15:00:00,138.8008,225.0,7
cala-vedella-platja,2025-07-18 16:00:00,156.51883,198.0,7
cala-vedella-platja,2025-07-18 17:00:00,155.51573,176.0,7
cala-vedella-platja,2025-07-18 18:00:00,146.61526,151.0,7
cala-vedella-platja,2025-07-18 19:00:00,116.40086,115.0,7
cala-vedella-platja,2025-07-18 20:00:00,88.30085,7.0,7
cala-vedella-platja,2025-07-19 08:00:00,43.929073,78.0,7
cala-vedella-platja,2025-07-19 09:00:00,60.371223,137.0,7
cala-vedella-platja,2025-07-19 10:00:00,70.93863,231.0,7
cala-vedella-platja,2025-07-19 11:00:00,102.49035,278.0,7
cala-vedella-platja,2025-07-19 12:00:00,139.8123,215.0,7
cala-vedella-platja,2025-07-19 13:00:00,157.65872,216.0,7
cala-vedella-platja,2025-07-19 14:00:00,160.01382,249.0,7
cala-vedella-platja,2025-07-19 15:00:00,157.74332,222.0,7
cala-vedella-platja,2025-07-19 16:00:00,159.45633,201.0,7
cala-vedella-platja,2025-07-19 17:00:00,157.74782,227.0,7
cala-vedella-platja,2025-07-19 18:00:00,148.3962,131.0,7
cala-vedella-platja,2025-07-19 19:00:00,116.624176,107.0,7
cala-vedella-platja,2025-07-19 20:00:00,88.03569,9.0,7
cala-vedella-platja,2025-07-20 08:00:00,46.1685,95.0,7
cala-vedella-platja,2025-07-20 09:00:00,63.44251,183.0,7
cala-vedella-platja,2025-07-20 10:00:00,79.5154,228.0,7
cala-vedella-platja,2025-07-20 11:00:00,111.45356,243.0,7
cala-vedella-platja,2025-07-20 12:00:00,142.425,239.0,7
cala-vedella-platja,2025-07-20 13:00:00,162.49904,216.0,7
cala-vedella-platja,2025-07-20 14:00:00,165.90514,242.0,7
cala-vedella-platja,2025-07-20 15:00:00,165.26477,281.31106567382864,7
cala-vedella-platja,2025-07-20 16:00:00,165.0321,230.0,7
cala-vedella-platja,2025-07-20 17:00:00,162.39873,188.0,7
cala-vedella-platja,2025-07-20 18:00:00,144.13443,128.0,7
cala-vedella-platja,2025-07-20 19:00:00,121.053505,132.0,7
cala-vedella-platja,2025-07-20 20:00:00,94.23829,6.0,7
cala-vedella-platja,2025-07-21 08:00:00,38.87529,115.0,7
cala-vedella-platja,2025-07-21 09:00:00,49.75484,187.0,7
cala-vedella-platja,2025-07-21 10:00:00,72.738205,264.0,7
cala-vedella-platja,2025-07-21 11:00:00,101.854965,266.0,7
cala-vedella-platja,2025-07-21 12:00:00,140.84744,257.0,7
cala-vedella-platja,2025-07-21 13:00:00,157.86778,251.0,7
cala-vedella-platja,2025-07-21 14:00:00,158.15828,248.0,7
cala-vedella-platja,2025-07-21 15:00:00,158.20482,263.0,7
cala-vedella-platja,2025-07-21 16:00:00,157.34454,245.0,7
cala-vedella-platja,2025-07-21 17:00:00,155.77989,208.0,7
cala-vedella-platja,2025-07-21 18:00:00,143.6833,163.0,7
cala-vedella-platja,2025-07-21 19:00:00,110.78018,138.0,7
cala-vedella-platja,2025-07-21 20:00:00,83.02253,7.0,7
cala-vedella-platja,2025-07-22 08:00:00,38.824963,102.0,7
cala-vedella-platja,2025-07-22 09:00:00,51.73911,162.0,7
cala-vedella-platja,2025-07-22 10:00:00,70.27247,227.0,7
cala-vedella-platja,2025-07-22 11:00:00,99.977974,228.0,7
cala-vedella-platja,2025-07-22 12:00:00,149.909,203.0,7
cala-vedella-platja,2025-07-22 13:00:00,156.87355,192.0,7
cala-vedella-platja,2025-07-22 14:00:00,156.91167,203.0,7
cala-vedella-platja,2025-07-22 15:00:00,152.52194,237.0,7
cala-vedella-platja,2025-07-22 16:00:00,149.14331,247.0,7
cala-vedella-platja,2025-07-22 17:00:00,138.30081,173.0,7
cala-vedella-platja,2025-07-22 18:00:00,136.13113,154.0,7
cala-vedella-platja,2025-07-22 19:00:00,114.500946,130.0,7
cala-vedella-platja,2025-07-22 20:00:00,87.87012,6.0,7
cala-vedella-platja,2025-07-23 08:00:00,38.018684,89.0,7
cala-vedella-platja,2025-07-23 09:00:00,46.271534,173.0,7
cala-vedella-platja,2025-07-23 10:00:00,68.200356,207.0,7
cala-vedella-platja,2025-07-23 11:00:00,100.21095,202.0,7
cala-vedella-platja,2025-07-23 12:00:00,139.1515,163.0,7
cala-vedella-platja,2025-07-23 13:00:00,156.93977,234.0,7
cala-vedella-platja,2025-07-23 14:00:00,156.6945,247.0,7
cala-vedella-platja,2025-07-23 15:00:00,151.97102,228.0,7
cala-vedella-platja,2025-07-23 16:00:00,154.23291,212.0,7
cala-vedella-platja,2025-07-23 17:00:00,147.13116,175.0,7
cala-vedella-platja,2025-07-23 18:00:00,136.36249,166.0,7
cala-vedella-platja,2025-07-23 19:00:00,112.93309,115.0,7
cala-vedella-platja,2025-07-23 20:00:00,82.29011,8.0,7
cala-vedella-platja,2025-07-24 08:00:00,30.564293,52.0,7
cala-vedella-platja,2025-07-24 09:00:00,32.76396,130.0,7
cala-vedella-platja,2025-07-24 10:00:00,38.696728,189.0,7
cala-vedella-platja,2025-07-24 11:00:00,83.95978,201.0,7
cala-vedella-platja,2025-07-24 12:00:00,118.1238,145.0,7
cala-vedella-platja,2025-07-24 13:00:00,131.24983,128.0,7
cala-vedella-platja,2025-07-24 14:00:00,128.72517,111.0,7
cala-vedella-platja,2025-07-24 15:00:00,126.51549,82.0,7
cala-vedella-platja,2025-07-24 16:00:00,126.436844,47.0,7
cala-vedella-platja,2025-07-24 17:00:00,124.84364,41.0,7
cala-vedella-platja,2025-07-24 18:00:00,112.562904,42.0,7
cala-vedella-platja,2025-07-24 19:00:00,88.68973,21.0,7
cala-vedella-platja,2025-07-24 20:00:00,75.11268,6.0,7
cala-vedella-platja,2025-07-25 08:00:00,27.904604,54.0,7
cala-vedella-platja,2025-07-25 09:00:00,30.923162,161.0,7
cala-vedella-platja,2025-07-25 10:00:00,38.422142,206.0,7
cala-vedella-platja,2025-07-25 11:00:00,81.81043,223.0,7
cala-vedella-platja,2025-07-25 12:00:00,119.93929,221.0,7
cala-vedella-platja,2025-07-25 13:00:00,135.40706,224.0,7
cala-vedella-platja,2025-07-25 14:00:00,135.58511,281.31106567382864,7
cala-vedella-platja,2025-07-25 15:00:00,133.29175,281.31106567382864,7
cala-vedella-platja,2025-07-25 16:00:00,134.05417,264.0,7
cala-vedella-platja,2025-07-25 17:00:00,131.20879,212.0,7
cala-vedella-platja,2025-07-25 18:00:00,134.94987,117.0,7
cala-vedella-platja,2025-07-25 19:00:00,104.85627,83.0,7
cala-vedella-platja,2025-07-25 20:00:00,84.08035,8.0,7
cala-vedella-platja,2025-07-26 08:00:00,39.145332,76.0,7
cala-vedella-platja,2025-07-26 09:00:00,47.619568,195.0,7
cala-vedella-platja,2025-07-26 10:00:00,60.038933,262.0,7
cala-vedella-platja,2025-07-26 11:00:00,92.97582,281.31106567382864,7
cala-vedella-platja,2025-07-26 12:00:00,134.9146,264.0,7
cala-vedella-platja,2025-07-26 13:00:00,148.06177,265.0,7
cala-vedella-platja,2025-07-26 14:00:00,144.43423,225.0,7
cala-vedella-platja,2025-07-26 15:00:00,141.04128,246.0,7
cala-vedella-platja,2025-07-26 16:00:00,141.97527,219.0,7
cala-vedella-platja,2025-07-26 17:00:00,140.785,216.0,7
cala-vedella-platja,2025-07-26 18:00:00,135.30415,148.0,7
cala-vedella-platja,2025-07-26 19:00:00,113.407036,131.0,7
cala-vedella-platja,2025-07-26 20:00:00,88.55363,7.0,7
cala-vedella-platja,2025-07-27 08:00:00,42.274925,85.0,7
cala-vedella-platja,2025-07-27 09:00:00,53.763016,197.0,7
cala-vedella-platja,2025-07-27 10:00:00,64.80631,281.31106567382864,7
cala-vedella-platja,2025-07-27 11:00:00,94.76561,281.31106567382864,7
cala-vedella-platja,2025-07-27 12:00:00,130.00865,281.31106567382864,7
cala-vedella-platja,2025-07-27 13:00:00,152.40094,281.31106567382864,7
cala-vedella-platja,2025-07-27 14:00:00,152.69592,281.31106567382864,7
cala-vedella-platja,2025-07-27 15:00:00,147.05698,281.31106567382864,7
cala-vedella-platja,2025-07-27 16:00:00,147.7713,281.31106567382864,7
cala-vedella-platja,2025-07-27 17:00:00,145.61388,254.0,7
cala-vedella-platja,2025-07-27 18:00:00,141.84285,149.0,7
cala-vedella-platja,2025-07-27 19:00:00,117.95846,139.0,7
cala-vedella-platja,2025-07-27 20:00:00,93.45017,8.0,7
cala-vedella-platja,2025-07-28 08:00:00,31.916962,62.0,7
cala-vedella-platja,2025-07-28 09:00:00,42.53954,166.0,7
cala-vedella-platja,2025-07-28 11:00:00,92.27132,263.0,7
cala-vedella-platja,2025-07-28 13:00:00,132.26779,220.0,7
cala-vedella-platja,2025-07-28 14:00:00,135.18318,252.0,7
cala-vedella-platja,2025-07-28 15:00:00,144.2651,252.0,7
cala-vedella-platja,2025-07-28 16:00:00,145.65808,227.0,7
cala-vedella-platja,2025-07-28 17:00:00,132.58012,181.0,7
cala-vedella-platja,2025-07-28 18:00:00,126.90473,186.0,7
cala-vedella-platja,2025-07-28 19:00:00,103.85024,106.0,7
cala-vedella-platja,2025-07-28 20:00:00,86.12618,6.0,7
cala-vedella-platja,2025-07-29 08:00:00,34.515938,78.0,7
cala-vedella-platja,2025-07-29 09:00:00,34.885742,161.0,7
cala-vedella-platja,2025-07-29 10:00:00,38.567505,203.0,7
cala-vedella-platja,2025-07-29 11:00:00,74.59246,159.0,7
cala-vedella-platja,2025-07-29 12:00:00,123.81049,172.0,7
cala-vedella-platja,2025-07-29 13:00:00,125.652626,147.0,7
cala-vedella-platja,2025-07-29 14:00:00,134.54446,188.0,7
cala-vedella-platja,2025-07-29 15:00:00,134.25139,193.0,7
cala-vedella-platja,2025-07-29 16:00:00,137.73329,139.0,7
cala-vedella-platja,2025-07-29 17:00:00,134.32578,177.0,7
cala-vedella-platja,2025-07-29 18:00:00,132.44383,117.0,7
cala-vedella-platja,2025-07-29 19:00:00,105.44582,93.0,7
cala-vedella-platja,2025-07-29 20:00:00,85.87388,6.0,7
cala-vedella-platja,2025-07-30 08:00:00,37.477642,64.0,7
cala-vedella-platja,2025-07-30 09:00:00,48.645847,210.0,7
cala-vedella-platja,2025-07-30 10:00:00,60.49178,281.31106567382864,7
cala-vedella-platja,2025-07-30 11:00:00,95.963135,276.0,7
cala-vedella-platja,2025-07-30 12:00:00,131.85104,236.0,7
cala-vedella-platja,2025-07-30 13:00:00,132.90958,231.0,7
cala-vedella-platja,2025-07-30 14:00:00,143.79393,278.0,7
cala-vedella-platja,2025-07-30 15:00:00,138.62872,214.0,7
cala-vedella-platja,2025-07-30 16:00:00,140.06285,226.0,7
cala-vedella-platja,2025-07-30 17:00:00,138.435,154.0,7
cala-vedella-platja,2025-07-30 18:00:00,132.74728,132.0,7
cala-vedella-platja,2025-07-30 19:00:00,105.578766,22.0,7
cala-vedella-platja,2025-07-30 20:00:00,86.17182,9.0,7
cala-vedella-platja,2025-07-31 08:00:00,37.700626,161.0,7
cala-vedella-platja,2025-07-31 09:00:00,49.028625,204.0,7
cala-vedella-platja,2025-07-31 10:00:00,64.15889,229.0,7
cala-vedella-platja,2025-07-31 11:00:00,101.05798,272.0,7
cala-vedella-platja,2025-07-31 12:00:00,143.02113,218.0,7
cala-vedella-platja,2025-07-31 13:00:00,133.87727,218.0,7
cala-vedella-platja,2025-07-31 14:00:00,138.59268,264.0,7
cala-vedella-platja,2025-07-31 15:00:00,139.7894,206.0,7
cala-vedella-platja,2025-07-31 16:00:00,140.66461,186.0,7
cala-vedella-platja,2025-07-31 17:00:00,138.45338,139.0,7
cala-vedella-platja,2025-07-31 18:00:00,132.75755,111.0,7
cala-vedella-platja,2025-07-31 19:00:00,105.5083,14.0,7
cala-vedella-platja,2025-07-31 20:00:00,86.00284,9.0,7
cala-vedella-platja,2025-08-01 08:00:00,31.689213,126.0,8
cala-vedella-platja,2025-08-01 09:00:00,50.989964,197.0,8
cala-vedella-platja,2025-08-01 10:00:00,68.54112,229.0,8
cala-vedella-platja,2025-08-01 11:00:00,105.81623,232.0,8
cala-vedella-platja,2025-08-01 12:00:00,148.55444,211.0,8
cala-vedella-platja,2025-08-01 13:00:00,140.15268,189.0,8
cala-vedella-platja,2025-08-01 14:00:00,153.10184,210.0,8
cala-vedella-platja,2025-08-01 15:00:00,151.7215,233.0,8
cala-vedella-platja,2025-08-01 16:00:00,149.91809,210.0,8
cala-vedella-platja,2025-08-01 17:00:00,138.94754,136.0,8
cala-vedella-platja,2025-08-01 18:00:00,134.52097,90.0,8
cala-vedella-platja,2025-08-01 19:00:00,100.71613,10.0,8
cala-vedella-platja,2025-08-01 20:00:00,86.286545,9.0,8
cala-vedella-platja,2025-08-02 08:00:00,38.88966,140.0,8
cala-vedella-platja,2025-08-02 09:00:00,50.59804,197.0,8
cala-vedella-platja,2025-08-02 10:00:00,63.16485,228.0,8
cala-vedella-platja,2025-08-02 11:00:00,101.587944,213.0,8
cala-vedella-platja,2025-08-02 12:00:00,143.85855,189.0,8
cala-vedella-platja,2025-08-02 13:00:00,135.72266,211.0,8
cala-vedella-platja,2025-08-02 14:00:00,136.3212,224.0,8
cala-vedella-platja,2025-08-02 15:00:00,150.70717,227.0,8
cala-vedella-platja,2025-08-02 16:00:00,144.47078,206.0,8
cala-vedella-platja,2025-08-02 17:00:00,140.2646,146.0,8
cala-vedella-platja,2025-08-02 18:00:00,135.98335,143.0,8
cala-vedella-platja,2025-08-02 19:00:00,104.633354,13.0,8
cala-vedella-platja,2025-08-02 20:00:00,83.9269,10.0,8
cala-vedella-platja,2025-08-03 08:00:00,32.34153,174.0,8
cala-vedella-platja,2025-08-03 09:00:00,47.72545,248.0,8
cala-vedella-platja,2025-08-03 10:00:00,67.16686,281.31106567382864,8
cala-vedella-platja,2025-08-03 11:00:00,88.3796,281.31106567382864,8
cala-vedella-platja,2025-08-03 12:00:00,123.57964,281.31106567382864,8
cala-vedella-platja,2025-08-03 13:00:00,128.1506,281.31106567382864,8
cala-vedella-platja,2025-08-03 14:00:00,115.13661,281.31106567382864,8
cala-vedella-platja,2025-08-03 15:00:00,131.34064,281.31106567382864,8
cala-vedella-platja,2025-08-03 16:00:00,126.695274,239.0,8
cala-vedella-platja,2025-08-03 17:00:00,126.01483,179.0,8
cala-vedella-platja,2025-08-03 18:00:00,123.10687,96.0,8
cala-vedella-platja,2025-08-03 19:00:00,108.177795,9.0,8
cala-vedella-platja,2025-08-03 20:00:00,92.59269,6.0,8
cala-vedella-platja,2025-08-04 08:00:00,37.6748,118.0,8
cala-vedella-platja,2025-08-04 09:00:00,49.377934,180.0,8
cala-vedella-platja,2025-08-04 10:00:00,64.82396,209.0,8
cala-vedella-platja,2025-08-04 11:00:00,100.851364,228.0,8
cala-vedella-platja,2025-08-04 12:00:00,132.30962,219.0,8
cala-vedella-platja,2025-08-04 13:00:00,133.86293,181.0,8
cala-vedella-platja,2025-08-04 14:00:00,137.01411,245.0,8
cala-vedella-platja,2025-08-04 15:00:00,145.04176,225.0,8
cala-vedella-platja,2025-08-04 16:00:00,141.4682,249.0,8
cala-vedella-platja,2025-08-04 17:00:00,137.9479,165.0,8
cala-vedella-platja,2025-08-04 18:00:00,134.03865,147.0,8
cala-vedella-platja,2025-08-04 19:00:00,103.068634,18.0,8
cala-vedella-platja,2025-08-04 20:00:00,86.332954,7.0,8
cala-vedella-platja,2025-08-05 08:00:00,35.16422,109.0,8
cala-vedella-platja,2025-08-05 09:00:00,49.32127,209.0,8
cala-vedella-platja,2025-08-05 10:00:00,63.560955,232.0,8
cala-vedella-platja,2025-08-05 11:00:00,105.075584,242.0,8
cala-vedella-platja,2025-08-05 12:00:00,149.64986,208.0,8
cala-vedella-platja,2025-08-05 13:00:00,141.35725,230.0,8
cala-vedella-platja,2025-08-05 14:00:00,154.46318,232.0,8
cala-vedella-platja,2025-08-05 15:00:00,153.60707,232.0,8
cala-vedella-platja,2025-08-05 16:00:00,150.78125,239.0,8
cala-vedella-platja,2025-08-05 17:00:00,146.69403,193.0,8
cala-vedella-platja,2025-08-05 18:00:00,133.69913,148.0,8
cala-vedella-platja,2025-08-05 19:00:00,99.70265,17.0,8
cala-vedella-platja,2025-08-05 20:00:00,86.00975,6.0,8
cala-vedella-platja,2025-08-06 08:00:00,35.96202,141.0,8
cala-vedella-platja,2025-08-06 09:00:00,57.415993,193.0,8
cala-vedella-platja,2025-08-06 10:00:00,69.97248,235.0,8
cala-vedella-platja,2025-08-06 11:00:00,105.68971,233.0,8
cala-vedella-platja,2025-08-06 12:00:00,149.67091,205.0,8
cala-vedella-platja,2025-08-06 13:00:00,141.72905,211.0,8
cala-vedella-platja,2025-08-06 14:00:00,142.76344,232.0,8
cala-vedella-platja,2025-08-06 15:00:00,152.54927,220.0,8
cala-vedella-platja,2025-08-06 16:00:00,150.78062,201.0,8
cala-vedella-platja,2025-08-06 17:00:00,139.09479,155.0,8
cala-vedella-platja,2025-08-06 18:00:00,134.4793,152.0,8
cala-vedella-platja,2025-08-06 19:00:00,98.217316,8.0,8
cala-vedella-platja,2025-08-06 20:00:00,86.54221,9.0,8
cala-vedella-platja,2025-08-07 08:00:00,36.921295,122.0,8
cala-vedella-platja,2025-08-07 09:00:00,52.718918,184.0,8
cala-vedella-platja,2025-08-07 10:00:00,70.15676,231.0,8
cala-vedella-platja,2025-08-07 11:00:00,100.80488,224.0,8
cala-vedella-platja,2025-08-07 12:00:00,140.92589,199.0,8
cala-vedella-platja,2025-08-07 13:00:00,157.07542,223.0,8
cala-vedella-platja,2025-08-07 14:00:00,157.26082,235.0,8
cala-vedella-platja,2025-08-07 15:00:00,155.01447,233.0,8
cala-vedella-platja,2025-08-07 16:00:00,157.17114,216.0,8
cala-vedella-platja,2025-08-07 17:00:00,153.94397,136.0,8
cala-vedella-platja,2025-08-07 18:00:00,135.99944,150.0,8
cala-vedella-platja,2025-08-07 19:00:00,99.50554,9.0,8
cala-vedella-platja,2025-08-07 20:00:00,86.695335,6.0,8
cala-vedella-platja,2025-08-08 08:00:00,32.9857,165.0,8
cala-vedella-platja,2025-08-08 09:00:00,57.441845,195.0,8
cala-vedella-platja,2025-08-08 10:00:00,70.63404,212.0,8
cala-vedella-platja,2025-08-08 11:00:00,101.32048,207.0,8
cala-vedella-platja,2025-08-08 12:00:00,139.80862,181.0,8
cala-vedella-platja,2025-08-08 13:00:00,157.26082,185.0,8
cala-vedella-platja,2025-08-08 14:00:00,157.15361,206.0,8
cala-vedella-platja,2025-08-08 15:00:00,153.81319,207.0,8
cala-vedella-platja,2025-08-08 16:00:00,156.34299,202.0,8
cala-vedella-platja,2025-08-08 17:00:00,140.86745,115.0,8
cala-vedella-platja,2025-08-08 18:00:00,129.85725,110.0,8
cala-vedella-platja,2025-08-08 19:00:00,93.507324,8.0,8
cala-vedella-platja,2025-08-08 20:00:00,80.58166,7.0,8
cala-vedella-platja,2025-08-09 08:00:00,31.987585,128.0,8
cala-vedella-platja,2025-08-09 09:00:00,49.761787,211.0,8
cala-vedella-platja,2025-08-09 10:00:00,71.3331,226.0,8
cala-vedella-platja,2025-08-09 11:00:00,102.42273,212.0,8
cala-vedella-platja,2025-08-09 12:00:00,151.46338,175.0,8
cala-vedella-platja,2025-08-09 13:00:00,158.84277,217.0,8
cala-vedella-platja,2025-08-09 14:00:00,158.7053,238.0,8
cala-vedella-platja,2025-08-09 15:00:00,155.03787,240.0,8
cala-vedella-platja,2025-08-09 16:00:00,157.79141,213.0,8
cala-vedella-platja,2025-08-09 17:00:00,154.3149,134.0,8
cala-vedella-platja,2025-08-09 18:00:00,138.14133,147.0,8
cala-vedella-platja,2025-08-09 19:00:00,93.763626,7.0,8
cala-vedella-platja,2025-08-09 20:00:00,80.54092,6.0,8
cala-vedella-platja,2025-08-10 08:00:00,33.75364,137.0,8
cala-vedella-platja,2025-08-10 09:00:00,51.431477,216.0,8
cala-vedella-platja,2025-08-10 10:00:00,73.55478,210.0,8
cala-vedella-platja,2025-08-10 11:00:00,104.841545,242.0,8
cala-vedella-platja,2025-08-10 12:00:00,155.98344,226.0,8
cala-vedella-platja,2025-08-10 13:00:00,164.33269,218.0,8
cala-vedella-platja,2025-08-10 14:00:00,164.11964,230.0,8
cala-vedella-platja,2025-08-10 15:00:00,161.11224,251.0,8
cala-vedella-platja,2025-08-10 16:00:00,163.04924,273.0,8
cala-vedella-platja,2025-08-10 17:00:00,159.38928,162.0,8
cala-vedella-platja,2025-08-10 18:00:00,150.19823,148.0,8
cala-vedella-platja,2025-08-10 19:00:00,98.035385,11.0,8
cala-vedella-platja,2025-08-10 20:00:00,90.55445,7.0,8
cala-vedella-platja,2025-08-11 08:00:00,36.84893,127.0,8
cala-vedella-platja,2025-08-11 09:00:00,49.325672,208.0,8
cala-vedella-platja,2025-08-11 10:00:00,70.26471,245.0,8
cala-vedella-platja,2025-08-11 11:00:00,101.47008,205.0,8
cala-vedella-platja,2025-08-11 12:00:00,150.1511,203.0,8
cala-vedella-platja,2025-08-11 13:00:00,157.13077,201.0,8
cala-vedella-platja,2025-08-11 14:00:00,157.13644,222.0,8
cala-vedella-platja,2025-08-11 15:00:00,153.50545,214.0,8
cala-vedella-platja,2025-08-11 16:00:00,156.07156,241.0,8
cala-vedella-platja,2025-08-11 17:00:00,152.50853,145.0,8
cala-vedella-platja,2025-08-11 18:00:00,141.68568,137.0,8
cala-vedella-platja,2025-08-11 19:00:00,99.21835,8.0,8
cala-vedella-platja,2025-08-11 20:00:00,87.03759,8.0,8
cala-vedella-platja,2025-08-12 08:00:00,39.379955,116.0,8
cala-vedella-platja,2025-08-12 09:00:00,57.55258,207.0,8
cala-vedella-platja,2025-08-12 10:00:00,70.79296,214.0,8
cala-vedella-platja,2025-08-12 11:00:00,101.66579,219.0,8
cala-vedella-platja,2025-08-12 12:00:00,150.20847,214.0,8
cala-vedella-platja,2025-08-12 13:00:00,157.24365,246.0,8
cala-vedella-platja,2025-08-12 14:00:00,157.08667,251.0,8
cala-vedella-platja,2025-08-12 15:00:00,153.44348,209.0,8
cala-vedella-platja,2025-08-12 16:00:00,156.02023,208.0,8
cala-vedella-platja,2025-08-12 17:00:00,153.0251,195.0,8
cala-vedella-platja,2025-08-12 18:00:00,146.03024,171.0,8
cala-vedella-platja,2025-08-12 19:00:00,92.612076,8.0,8
cala-vedella-platja,2025-08-12 20:00:00,81.51665,6.0,8
cala-vedella-platja,2025-08-13 08:00:00,36.5346,118.0,8
cala-vedella-platja,2025-08-13 09:00:00,54.117817,173.0,8
cala-vedella-platja,2025-08-13 10:00:00,69.74778,217.0,8
cala-vedella-platja,2025-08-13 11:00:00,100.51261,199.0,8
cala-vedella-platja,2025-08-13 12:00:00,150.45969,201.0,8
cala-vedella-platja,2025-08-13 13:00:00,156.798,210.0,8
cala-vedella-platja,2025-08-13 14:00:00,156.01839,209.0,8
cala-vedella-platja,2025-08-13 15:00:00,152.90166,201.0,8
cala-vedella-platja,2025-08-13 16:00:00,156.3929,224.0,8
cala-vedella-platja,2025-08-13 17:00:00,153.68672,197.0,8
cala-vedella-platja,2025-08-13 18:00:00,146.48575,163.0,8
cala-vedella-platja,2025-08-13 19:00:00,98.74677,23.0,8
cala-vedella-platja,2025-08-13 20:00:00,86.59187,8.0,8
cala-vedella-platja,2025-08-14 08:00:00,31.187298,121.0,8
cala-vedella-platja,2025-08-14 09:00:00,47.196873,190.0,8
cala-vedella-platja,2025-08-14 10:00:00,72.10475,223.0,8
cala-vedella-platja,2025-08-14 11:00:00,103.85055,237.0,8
cala-vedella-platja,2025-08-14 12:00:00,151.73608,243.0,8
cala-vedella-platja,2025-08-14 13:00:00,156.70525,216.0,8
cala-vedella-platja,2025-08-14 14:00:00,156.55637,246.0,8
cala-vedella-platja,2025-08-14 15:00:00,154.11313,211.0,8
cala-vedella-platja,2025-08-14 16:00:00,156.6462,200.0,8
cala-vedella-platja,2025-08-14 17:00:00,153.04654,159.0,8
cala-vedella-platja,2025-08-14 18:00:00,150.17577,117.0,8
cala-vedella-platja,2025-08-14 19:00:00,97.87508,13.0,8
cala-vedella-platja,2025-08-14 20:00:00,80.645065,8.0,8
cala-vedella-platja,2025-08-15 08:00:00,40.69855,97.0,8
cala-vedella-platja,2025-08-15 09:00:00,56.519352,164.0,8
cala-vedella-platja,2025-08-15 10:00:00,72.873116,192.0,8
cala-vedella-platja,2025-08-15 11:00:00,103.52376,220.0,8
cala-vedella-platja,2025-08-15 12:00:00,151.18085,206.0,8
cala-vedella-platja,2025-08-15 13:00:00,158.59941,221.0,8
cala-vedella-platja,2025-08-15 14:00:00,158.0593,225.0,8
cala-vedella-platja,2025-08-15 15:00:00,154.0955,225.0,8
cala-vedella-platja,2025-08-15 16:00:00,156.4391,214.0,8
cala-vedella-platja,2025-08-15 17:00:00,153.06377,181.0,8
cala-vedella-platja,2025-08-15 18:00:00,150.9486,165.0,8
cala-vedella-platja,2025-08-15 19:00:00,98.61038,16.0,8
cala-vedella-platja,2025-08-15 20:00:00,87.793304,9.0,8
cala-vedella-platja,2025-08-16 08:00:00,47.72212,97.0,8
cala-vedella-platja,2025-08-16 09:00:00,60.01817,166.0,8
cala-vedella-platja,2025-08-16 10:00:00,74.22307,211.0,8
cala-vedella-platja,2025-08-16 11:00:00,103.948166,194.0,8
cala-vedella-platja,2025-08-16 12:00:00,152.65393,185.0,8
cala-vedella-platja,2025-08-16 13:00:00,159.59102,223.0,8
cala-vedella-platja,2025-08-16 14:00:00,159.41255,222.0,8
cala-vedella-platja,2025-08-16 15:00:00,156.28836,243.0,8
cala-vedella-platja,2025-08-16 16:00:00,158.62244,213.0,8
cala-vedella-platja,2025-08-16 17:00:00,155.71579,187.0,8
cala-vedella-platja,2025-08-16 18:00:00,147.02522,151.0,8
cala-vedella-platja,2025-08-16 19:00:00,99.91745,16.0,8
cala-vedella-platja,2025-08-16 20:00:00,91.454346,8.0,8
cala-vedella-platja,2025-08-17 08:00:00,51.92475,123.0,8
cala-vedella-platja,2025-08-17 09:00:00,64.78531,224.0,8
cala-vedella-platja,2025-08-17 10:00:00,75.642586,281.31106567382864,8
cala-vedella-platja,2025-08-17 11:00:00,106.637955,281.31106567382864,8
cala-vedella-platja,2025-08-17 12:00:00,156.98285,261.0,8
cala-vedella-platja,2025-08-17 13:00:00,165.44237,241.0,8
cala-vedella-platja,2025-08-17 14:00:00,165.1044,279.0,8
cala-vedella-platja,2025-08-17 15:00:00,162.01851,261.0,8
cala-vedella-platja,2025-08-17 16:00:00,163.38275,209.0,8
cala-vedella-platja,2025-08-17 17:00:00,160.8674,195.0,8
cala-vedella-platja,2025-08-17 18:00:00,158.39934,107.0,8
cala-vedella-platja,2025-08-17 19:00:00,115.43132,7.0,8
cala-vedella-platja,2025-08-17 20:00:00,106.73812,7.0,8
cala-vedella-platja,2025-08-18 08:00:00,45.483852,141.0,8
cala-vedella-platja,2025-08-18 09:00:00,55.062756,168.0,8
cala-vedella-platja,2025-08-18 10:00:00,72.42044,281.31106567382864,8
cala-vedella-platja,2025-08-18 11:00:00,101.92368,277.0,8
cala-vedella-platja,2025-08-18 12:00:00,150.16898,263.0,8
cala-vedella-platja,2025-08-18 13:00:00,157.90398,266.0,8
cala-vedella-platja,2025-08-18 14:00:00,158.1026,239.0,8
cala-vedella-platja,2025-08-18 15:00:00,154.14233,252.0,8
cala-vedella-platja,2025-08-18 16:00:00,156.34637,249.0,8
cala-vedella-platja,2025-08-18 17:00:00,154.21095,176.0,8
cala-vedella-platja,2025-08-18 18:00:00,152.10863,111.0,8
cala-vedella-platja,2025-08-18 19:00:00,100.74432,12.0,8
cala-vedella-platja,2025-08-18 20:00:00,89.99469,9.0,8
cala-vedella-platja,2025-08-19 08:00:00,31.069862,46.0,8
cala-vedella-platja,2025-08-19 09:00:00,36.92826,48.0,8
cala-vedella-platja,2025-08-19 10:00:00,62.190865,86.0,8
cala-vedella-platja,2025-08-19 11:00:00,83.295074,135.0,8
cala-vedella-platja,2025-08-19 12:00:00,140.56236,152.0,8
cala-vedella-platja,2025-08-19 13:00:00,156.44768,198.0,8
cala-vedella-platja,2025-08-19 14:00:00,153.9224,198.0,8
cala-vedella-platja,2025-08-19 15:00:00,152.91156,240.0,8
cala-vedella-platja,2025-08-19 16:00:00,156.28433,265.0,8
cala-vedella-platja,2025-08-19 17:00:00,152.60748,185.0,8
cala-vedella-platja,2025-08-19 18:00:00,140.01668,186.0,8
cala-vedella-platja,2025-08-19 19:00:00,91.79681,8.0,8
cala-vedella-platja,2025-08-19 20:00:00,81.926506,7.0,8
cala-vedella-platja,2025-08-20 08:00:00,36.91427,113.0,8
cala-vedella-platja,2025-08-20 09:00:00,36.131443,206.0,8
cala-vedella-platja,2025-08-20 10:00:00,47.375977,281.31106567382864,8
cala-vedella-platja,2025-08-20 11:00:00,89.85524,281.31106567382864,8
cala-vedella-platja,2025-08-20 12:00:00,138.91264,261.0,8
cala-vedella-platja,2025-08-20 13:00:00,156.33963,273.0,8
cala-vedella-platja,2025-08-20 14:00:00,154.42749,281.31106567382864,8
cala-vedella-platja,2025-08-20 15:00:00,142.26202,281.31106567382864,8
cala-vedella-platja,2025-08-20 16:00:00,143.74272,270.0,8
cala-vedella-platja,2025-08-20 17:00:00,138.24818,198.0,8
cala-vedella-platja,2025-08-20 18:00:00,126.49775,108.0,8
cala-vedella-platja,2025-08-20 19:00:00,88.73235,6.0,8
cala-vedella-platja,2025-08-20 20:00:00,80.54371,7.0,8
cala-vedella-platja,2025-08-21 08:00:00,28.123674,102.0,8
cala-vedella-platja,2025-08-21 09:00:00,38.34097,258.0,8
cala-vedella-platja,2025-08-21 10:00:00,53.981712,281.31106567382864,8
cala-vedella-platja,2025-08-21 11:00:00,91.57689,281.31106567382864,8
cala-vedella-platja,2025-08-21 12:00:00,151.1515,252.0,8
cala-vedella-platja,2025-08-21 13:00:00,156.27652,281.0,8
cala-vedella-platja,2025-08-21 14:00:00,155.97244,281.31106567382864,8
cala-vedella-platja,2025-08-21 15:00:00,153.1829,281.31106567382864,8
cala-vedella-platja,2025-08-21 16:00:00,149.48212,281.31106567382864,8
cala-vedella-platja,2025-08-21 17:00:00,137.4234,190.0,8
cala-vedella-platja,2025-08-21 18:00:00,133.36925,128.0,8
cala-vedella-platja,2025-08-21 19:00:00,95.0147,7.0,8
cala-vedella-platja,2025-08-21 20:00:00,85.31949,6.0,8
cala-vedella-platja,2025-08-22 08:00:00,36.273323,104.0,8
cala-vedella-platja,2025-08-22 09:00:00,45.106956,221.0,8
cala-vedella-platja,2025-08-22 10:00:00,61.19455,257.0,8
cala-vedella-platja,2025-08-22 11:00:00,100.25541,272.0,8
cala-vedella-platja,2025-08-22 12:00:00,149.7543,271.0,8
cala-vedella-platja,2025-08-22 13:00:00,151.55438,258.0,8
cala-vedella-platja,2025-08-22 14:00:00,150.61476,255.0,8
cala-vedella-platja,2025-08-22 15:00:00,146.03816,227.0,8
cala-vedella-platja,2025-08-22 16:00:00,147.68352,183.0,8
cala-vedella-platja,2025-08-22 17:00:00,140.79576,136.0,8
cala-vedella-platja,2025-08-22 18:00:00,129.4851,132.0,8
cala-vedella-platja,2025-08-22 19:00:00,90.19439,7.0,8
cala-vedella-platja,2025-08-22 20:00:00,79.94265,7.0,8
cala-vedella-platja,2025-08-23 08:00:00,36.858063,111.0,8
cala-vedella-platja,2025-08-23 09:00:00,48.600212,226.0,8
cala-vedella-platja,2025-08-23 10:00:00,63.579006,261.0,8
cala-vedella-platja,2025-08-23 11:00:00,100.22838,254.0,8
cala-vedella-platja,2025-08-23 12:00:00,150.68253,241.0,8
cala-vedella-platja,2025-08-23 13:00:00,159.01883,261.0,8
cala-vedella-platja,2025-08-23 14:00:00,155.97444,281.31106567382864,8
cala-vedella-platja,2025-08-23 15:00:00,149.22882,281.31106567382864,8
cala-vedella-platja,2025-08-23 16:00:00,147.81491,247.0,8
cala-vedella-platja,2025-08-23 17:00:00,140.0162,155.0,8
cala-vedella-platja,2025-08-23 18:00:00,131.26997,113.0,8
cala-vedella-platja,2025-08-23 19:00:00,97.1712,7.0,8
cala-vedella-platja,2025-08-23 20:00:00,88.06778,8.0,8
cala-vedella-platja,2025-08-24 08:00:00,40.479374,97.0,8
cala-vedella-platja,2025-08-24 09:00:00,44.829456,187.0,8
cala-vedella-platja,2025-08-24 10:00:00,64.12276,253.0,8
cala-vedella-platja,2025-08-24 11:00:00,104.46158,243.0,8
cala-vedella-platja,2025-08-24 12:00:00,155.3988,264.0,8
cala-vedella-platja,2025-08-24 13:00:00,165.38539,245.0,8
cala-vedella-platja,2025-08-24 14:00:00,165.28218,281.31106567382864,8
cala-vedella-platja,2025-08-24 15:00:00,162.07578,281.31106567382864,8
cala-vedella-platja,2025-08-24 16:00:00,156.1354,281.31106567382864,8
cala-vedella-platja,2025-08-24 17:00:00,153.45226,226.0,8
cala-vedella-platja,2025-08-24 18:00:00,136.60178,152.0,8
cala-vedella-platja,2025-08-24 19:00:00,103.547615,10.0,8
cala-vedella-platja,2025-08-24 20:00:00,94.39774,16.0,8
cala-vedella-platja,2025-08-25 08:00:00,30.62493,35.0,8
cala-vedella-platja,2025-08-25 09:00:00,42.72804,72.0,8
cala-vedella-platja,2025-08-25 10:00:00,45.031754,111.0,8
cala-vedella-platja,2025-08-25 11:00:00,91.60821,143.0,8
cala-vedella-platja,2025-08-25 12:00:00,147.3136,180.0,8
cala-vedella-platja,2025-08-25 13:00:00,148.59596,158.0,8
cala-vedella-platja,2025-08-25 14:00:00,147.14919,209.0,8
cala-vedella-platja,2025-08-25 15:00:00,144.69868,194.0,8
cala-vedella-platja,2025-08-25 16:00:00,146.2174,190.0,8
cala-vedella-platja,2025-08-25 17:00:00,144.0463,138.0,8
cala-vedella-platja,2025-08-25 18:00:00,121.514725,111.0,8
cala-vedella-platja,2025-08-25 19:00:00,96.696655,7.0,8
cala-vedella-platja,2025-08-25 20:00:00,82.79547,7.0,8
cala-vedella-platja,2025-08-26 08:00:00,33.53083,144.0,8
cala-vedella-platja,2025-08-26 09:00:00,52.061714,272.0,8
cala-vedella-platja,2025-08-26 10:00:00,72.48363,277.0,8
cala-vedella-platja,2025-08-26 11:00:00,103.1325,278.0,8
cala-vedella-platja,2025-08-26 12:00:00,150.48822,268.0,8
cala-vedella-platja,2025-08-26 13:00:00,148.28761,276.0,8
cala-vedella-platja,2025-08-26 14:00:00,149.78418,281.31106567382864,8
cala-vedella-platja,2025-08-26 15:00:00,153.35045,275.0,8
cala-vedella-platja,2025-08-26 16:00:00,155.50333,260.0,8
cala-vedella-platja,2025-08-26 17:00:00,144.74992,193.0,8
cala-vedella-platja,2025-08-26 18:00:00,126.555565,125.0,8
cala-vedella-platja,2025-08-26 19:00:00,91.62349,7.0,8
cala-vedella-platja,2025-08-26 20:00:00,80.628624,6.0,8
cala-vedella-platja,2025-08-27 08:00:00,45.370045,41.0,8
cala-vedella-platja,2025-08-27 09:00:00,48.02191,108.0,8
cala-vedella-platja,2025-08-27 10:00:00,63.862926,196.0,8
cala-vedella-platja,2025-08-27 11:00:00,98.06114,196.0,8
cala-vedella-platja,2025-08-27 12:00:00,150.33878,210.0,8
cala-vedella-platja,2025-08-27 13:00:00,156.98453,205.0,8
cala-vedella-platja,2025-08-27 14:00:00,156.76717,242.0,8
cala-vedella-platja,2025-08-27 15:00:00,153.07823,247.0,8
cala-vedella-platja,2025-08-27 16:00:00,155.124,193.0,8
cala-vedella-platja,2025-08-27 17:00:00,147.1762,178.0,8
cala-vedella-platja,2025-08-27 18:00:00,125.60657,80.0,8
cala-vedella-platja,2025-08-27 19:00:00,97.7516,9.0,8
cala-vedella-platja,2025-08-27 20:00:00,88.36187,9.0,8
cala-vedella-platja,2025-08-28 08:00:00,36.333344,113.0,8
cala-vedella-platja,2025-08-28 09:00:00,40.358162,185.0,8
cala-vedella-platja,2025-08-28 10:00:00,69.801765,244.0,8
cala-vedella-platja,2025-08-28 11:00:00,97.163025,260.0,8
cala-vedella-platja,2025-08-28 12:00:00,138.46213,259.0,8
cala-vedella-platja,2025-08-28 13:00:00,142.88141,228.0,8
cala-vedella-platja,2025-08-28 14:00:00,151.68414,271.0,8
cala-vedella-platja,2025-08-28 15:00:00,142.38292,280.0,8
cala-vedella-platja,2025-08-28 16:00:00,143.2674,215.0,8
cala-vedella-platja,2025-08-28 17:00:00,132.81757,177.0,8
cala-vedella-platja,2025-08-28 18:00:00,116.155136,129.0,8
cala-vedella-platja,2025-08-28 19:00:00,87.94012,8.0,8
cala-vedella-platja,2025-08-28 20:00:00,78.0616,6.0,8
cala-vedella-platja,2025-08-29 08:00:00,34.84518,68.0,8
cala-vedella-platja,2025-08-29 09:00:00,41.38056,232.0,8
cala-vedella-platja,2025-08-29 10:00:00,59.87215,229.0,8
cala-vedella-platja,2025-08-29 11:00:00,92.60311,229.0,8
cala-vedella-platja,2025-08-29 12:00:00,142.5004,208.0,8
cala-vedella-platja,2025-08-29 13:00:00,155.39085,210.0,8
cala-vedella-platja,2025-08-29 14:00:00,147.13245,235.0,8
cala-vedella-platja,2025-08-29 15:00:00,146.52336,220.0,8
cala-vedella-platja,2025-08-29 16:00:00,147.55122,193.0,8
cala-vedella-platja,2025-08-29 17:00:00,137.47449,160.0,8
cala-vedella-platja,2025-08-29 18:00:00,125.78675,107.0,8
cala-vedella-platja,2025-08-29 19:00:00,97.916725,7.0,8
cala-vedella-platja,2025-08-29 20:00:00,89.07185,7.0,8
cala-vedella-platja,2025-08-30 08:00:00,29.549965,62.0,8
cala-vedella-platja,2025-08-30 09:00:00,40.381508,120.0,8
cala-vedella-platja,2025-08-30 10:00:00,62.56701,195.0,8
cala-vedella-platja,2025-08-30 11:00:00,101.484604,202.0,8
cala-vedella-platja,2025-08-30 12:00:00,151.52834,192.0,8
cala-vedella-platja,2025-08-30 13:00:00,159.29059,198.0,8
cala-vedella-platja,2025-08-30 14:00:00,156.58481,220.0,8
cala-vedella-platja,2025-08-30 15:00:00,155.04741,219.0,8
cala-vedella-platja,2025-08-30 16:00:00,156.71497,221.0,8
cala-vedella-platja,2025-08-30 17:00:00,145.89133,163.0,8
cala-vedella-platja,2025-08-30 18:00:00,126.10146,91.0,8
cala-vedella-platja,2025-08-30 19:00:00,97.91089,8.0,8
cala-vedella-platja,2025-08-30 20:00:00,87.73552,6.0,8
can-pastilla,2025-06-10 12:00:00,34.80093,25.0,6
can-pastilla,2025-06-10 13:00:00,35.35836,24.0,6
can-pastilla,2025-06-10 14:00:00,34.856915,32.0,6
can-pastilla,2025-06-10 15:00:00,34.043194,28.0,6
can-pastilla,2025-06-10 16:00:00,31.278412,87.23047828674316,6
can-pastilla,2025-06-10 17:00:00,29.696554,87.0,6
can-pastilla,2025-06-10 18:00:00,28.31842,60.0,6
can-pastilla,2025-06-10 19:00:00,39.812214,87.23047828674316,6
can-pastilla,2025-06-10 20:00:00,28.306284,5.0,6
can-pastilla,2025-06-11 08:00:00,27.129118,28.0,6
can-pastilla,2025-06-11 09:00:00,35.829613,87.23047828674316,6
can-pastilla,2025-06-11 10:00:00,34.470654,37.0,6
can-pastilla,2025-06-11 11:00:00,36.61151,18.0,6
can-pastilla,2025-06-11 12:00:00,38.659946,15.0,6
can-pastilla,2025-06-11 13:00:00,38.685818,19.0,6
can-pastilla,2025-06-11 14:00:00,37.397594,14.0,6
can-pastilla,2025-06-11 15:00:00,36.540546,23.0,6
can-pastilla,2025-06-11 16:00:00,36.33156,87.23047828674316,6
can-pastilla,2025-06-11 17:00:00,32.275253,17.0,6
can-pastilla,2025-06-11 18:00:00,29.398117,12.0,6
can-pastilla,2025-06-11 19:00:00,28.540316,17.0,6
can-pastilla,2025-06-11 20:00:00,26.802572,5.0,6
can-pastilla,2025-06-12 08:00:00,24.87837,87.23047828674316,6
can-pastilla,2025-06-12 09:00:00,27.905285,87.23047828674316,6
can-pastilla,2025-06-12 10:00:00,29.714066,32.0,6
can-pastilla,2025-06-12 11:00:00,33.045185,15.0,6
can-pastilla,2025-06-12 12:00:00,35.09488,22.0,6
can-pastilla,2025-06-12 13:00:00,35.369305,27.0,6
can-pastilla,2025-06-12 14:00:00,35.079338,18.0,6
can-pastilla,2025-06-12 15:00:00,34.519054,17.0,6
can-pastilla,2025-06-12 16:00:00,34.543682,87.23047828674316,6
can-pastilla,2025-06-12 17:00:00,29.596996,74.0,6
can-pastilla,2025-06-12 18:00:00,28.883135,61.0,6
can-pastilla,2025-06-12 19:00:00,27.466543,18.0,6
can-pastilla,2025-06-12 20:00:00,25.604836,5.0,6
can-pastilla,2025-06-13 08:00:00,25.106253,20.0,6
can-pastilla,2025-06-13 09:00:00,30.849943,48.0,6
can-pastilla,2025-06-13 10:00:00,30.639599,39.0,6
can-pastilla,2025-06-13 11:00:00,32.801426,23.0,6
can-pastilla,2025-06-13 12:00:00,30.794605,21.0,6
can-pastilla,2025-06-13 13:00:00,35.3501,29.0,6
can-pastilla,2025-06-13 14:00:00,34.86847,16.0,6
can-pastilla,2025-06-13 15:00:00,34.304955,23.0,6
can-pastilla,2025-06-13 16:00:00,30.336302,87.23047828674316,6
can-pastilla,2025-06-13 17:00:00,30.221018,87.23047828674316,6
can-pastilla,2025-06-13 18:00:00,30.065289,71.0,6
can-pastilla,2025-06-13 19:00:00,27.160461,87.23047828674316,6
can-pastilla,2025-06-13 20:00:00,27.290684,11.0,6
can-pastilla,2025-06-14 08:00:00,26.243319,87.23047828674316,6
can-pastilla,2025-06-14 09:00:00,30.439651,87.23047828674316,6
can-pastilla,2025-06-14 10:00:00,32.514122,38.0,6
can-pastilla,2025-06-14 11:00:00,33.529778,27.0,6
can-pastilla,2025-06-14 12:00:00,53.298664,34.0,6
can-pastilla,2025-06-14 13:00:00,35.89377,87.23047828674316,6
can-pastilla,2025-06-14 14:00:00,35.934544,87.23047828674316,6
can-pastilla,2025-06-14 15:00:00,54.93674,87.23047828674316,6
can-pastilla,2025-06-14 16:00:00,36.937393,87.23047828674316,6
can-pastilla,2025-06-14 17:00:00,33.21938,87.23047828674316,6
can-pastilla,2025-06-14 18:00:00,33.938538,53.0,6
can-pastilla,2025-06-14 19:00:00,29.600739,52.0,6
can-pastilla,2025-06-14 20:00:00,28.7948,22.0,6
can-pastilla,2025-06-15 08:00:00,28.411081,87.23047828674316,6
can-pastilla,2025-06-15 09:00:00,31.644861,87.23047828674316,6
can-pastilla,2025-06-15 10:00:00,31.451565,87.23047828674316,6
can-pastilla,2025-06-15 11:00:00,33.916702,87.23047828674316,6
can-pastilla,2025-06-15 12:00:00,36.093,87.23047828674316,6
can-pastilla,2025-06-15 13:00:00,36.69858,87.23047828674316,6
can-pastilla,2025-06-15 14:00:00,36.336952,87.23047828674316,6
can-pastilla,2025-06-15 15:00:00,36.35204,87.23047828674316,6
can-pastilla,2025-06-15 16:00:00,35.493343,45.0,6
can-pastilla,2025-06-15 17:00:00,31.847061,17.0,6
can-pastilla,2025-06-15 18:00:00,31.873024,23.0,6
can-pastilla,2025-06-15 19:00:00,30.027897,5.0,6
can-pastilla,2025-06-15 20:00:00,38.16934,6.0,6
can-pastilla,2025-06-16 08:00:00,28.27946,87.23047828674316,6
can-pastilla,2025-06-16 09:00:00,33.80806,8.0,6
can-pastilla,2025-06-16 10:00:00,35.61757,25.0,6
can-pastilla,2025-06-16 11:00:00,37.85984,37.0,6
can-pastilla,2025-06-16 12:00:00,39.87133,23.0,6
can-pastilla,2025-06-16 13:00:00,43.381557,18.0,6
can-pastilla,2025-06-16 14:00:00,61.115463,22.0,6
can-pastilla,2025-06-16 15:00:00,43.47356,35.0,6
can-pastilla,2025-06-16 16:00:00,42.598293,87.23047828674316,6
can-pastilla,2025-06-16 17:00:00,38.73956,87.23047828674316,6
can-pastilla,2025-06-16 18:00:00,37.541805,87.23047828674316,6
can-pastilla,2025-06-16 19:00:00,35.395046,16.0,6
can-pastilla,2025-06-16 20:00:00,32.15276,5.0,6
can-pastilla,2025-06-17 08:00:00,29.844742,18.0,6
can-pastilla,2025-06-17 09:00:00,33.26222,23.0,6
can-pastilla,2025-06-17 10:00:00,34.928017,20.0,6
can-pastilla,2025-06-17 11:00:00,36.612278,25.0,6
can-pastilla,2025-06-17 12:00:00,40.29531,24.0,6
can-pastilla,2025-06-17 13:00:00,38.51405,25.0,6
can-pastilla,2025-06-17 14:00:00,38.942215,23.0,6
can-pastilla,2025-06-17 15:00:00,37.896824,21.0,6
can-pastilla,2025-06-17 16:00:00,37.692635,45.0,6
can-pastilla,2025-06-17 17:00:00,34.08748,72.0,6
can-pastilla,2025-06-17 18:00:00,34.299675,87.23047828674316,6
can-pastilla,2025-06-17 19:00:00,32.16579,10.0,6
can-pastilla,2025-06-17 20:00:00,31.823174,12.0,6
can-pastilla,2025-06-18 08:00:00,29.546095,87.23047828674316,6
can-pastilla,2025-06-18 09:00:00,33.002747,87.23047828674316,6
can-pastilla,2025-06-18 10:00:00,34.447563,41.0,6
can-pastilla,2025-06-18 11:00:00,35.23305,37.0,6
can-pastilla,2025-06-18 12:00:00,38.747887,25.0,6
can-pastilla,2025-06-18 13:00:00,38.408623,19.0,6
can-pastilla,2025-06-18 14:00:00,41.23328,35.0,6
can-pastilla,2025-06-18 15:00:00,37.90522,21.0,6
can-pastilla,2025-06-18 16:00:00,37.494316,87.23047828674316,6
can-pastilla,2025-06-18 17:00:00,34.437874,87.23047828674316,6
can-pastilla,2025-06-18 18:00:00,34.73258,87.23047828674316,6
can-pastilla,2025-06-18 19:00:00,33.19836,85.0,6
can-pastilla,2025-06-18 20:00:00,39.77481,5.0,6
can-pastilla,2025-06-19 08:00:00,31.804985,87.23047828674316,6
can-pastilla,2025-06-19 09:00:00,40.127686,87.23047828674316,6
can-pastilla,2025-06-19 10:00:00,38.802242,27.0,6
can-pastilla,2025-06-19 11:00:00,41.502274,30.0,6
can-pastilla,2025-06-19 12:00:00,43.63731,17.0,6
can-pastilla,2025-06-19 13:00:00,42.16125,34.0,6
can-pastilla,2025-06-19 14:00:00,41.539387,17.0,6
can-pastilla,2025-06-19 15:00:00,40.054863,25.0,6
can-pastilla,2025-06-19 16:00:00,39.62846,19.0,6
can-pastilla,2025-06-19 17:00:00,35.358078,87.23047828674316,6
can-pastilla,2025-06-19 18:00:00,35.301853,87.23047828674316,6
can-pastilla,2025-06-19 19:00:00,33.460667,33.0,6
can-pastilla,2025-06-19 20:00:00,39.400154,10.0,6
can-pastilla,2025-06-20 08:00:00,30.55177,11.0,6
can-pastilla,2025-06-20 09:00:00,34.838844,30.0,6
can-pastilla,2025-06-20 10:00:00,41.390812,87.23047828674316,6
can-pastilla,2025-06-20 11:00:00,40.687393,40.0,6
can-pastilla,2025-06-20 12:00:00,43.54525,33.0,6
can-pastilla,2025-06-20 13:00:00,60.513844,33.0,6
can-pastilla,2025-06-20 14:00:00,44.124725,46.0,6
can-pastilla,2025-06-20 15:00:00,42.724575,50.0,6
can-pastilla,2025-06-20 16:00:00,42.360344,87.23047828674316,6
can-pastilla,2025-06-20 17:00:00,38.061913,87.23047828674316,6
can-pastilla,2025-06-20 18:00:00,37.526775,87.23047828674316,6
can-pastilla,2025-06-20 19:00:00,35.444096,66.0,6
can-pastilla,2025-06-20 20:00:00,43.594036,9.0,6
can-pastilla,2025-06-21 08:00:00,34.986248,19.0,6
can-pastilla,2025-06-21 09:00:00,38.542503,25.0,6
can-pastilla,2025-06-21 10:00:00,39.878063,87.23047828674316,6
can-pastilla,2025-06-21 11:00:00,37.915966,32.0,6
can-pastilla,2025-06-21 12:00:00,59.35458,30.0,6
can-pastilla,2025-06-21 13:00:00,63.328224,40.0,6
can-pastilla,2025-06-21 14:00:00,46.111256,39.0,6
can-pastilla,2025-06-21 15:00:00,44.539974,33.0,6
can-pastilla,2025-06-21 16:00:00,44.372864,87.23047828674316,6
can-pastilla,2025-06-21 17:00:00,37.37742,52.0,6
can-pastilla,2025-06-21 18:00:00,36.05412,87.23047828674316,6
can-pastilla,2025-06-21 19:00:00,34.28061,19.0,6
can-pastilla,2025-06-21 20:00:00,40.963676,42.0,6
can-pastilla,2025-06-22 08:00:00,32.409412,87.23047828674316,6
can-pastilla,2025-06-22 09:00:00,41.989532,43.0,6
can-pastilla,2025-06-22 10:00:00,44.330746,18.0,6
can-pastilla,2025-06-22 11:00:00,40.504364,50.0,6
can-pastilla,2025-06-22 12:00:00,43.081413,30.0,6
can-pastilla,2025-06-22 13:00:00,46.32142,26.0,6
can-pastilla,2025-06-22 14:00:00,46.69599,32.0,6
can-pastilla,2025-06-22 15:00:00,45.45748,29.0,6
can-pastilla,2025-06-22 16:00:00,44.657555,87.23047828674316,6
can-pastilla,2025-06-22 17:00:00,38.73474,87.23047828674316,6
can-pastilla,2025-06-22 18:00:00,37.168404,23.0,6
can-pastilla,2025-06-22 19:00:00,34.922596,14.0,6
can-pastilla,2025-06-22 20:00:00,41.212128,10.0,6
can-pastilla,2025-06-23 08:00:00,32.217224,87.23047828674316,6
can-pastilla,2025-06-23 09:00:00,35.67128,87.23047828674316,6
can-pastilla,2025-06-23 10:00:00,42.410294,87.23047828674316,6
can-pastilla,2025-06-23 11:00:00,41.911255,50.0,6
can-pastilla,2025-06-23 12:00:00,64.51773,28.0,6
can-pastilla,2025-06-23 13:00:00,68.99366,34.0,6
can-pastilla,2025-06-23 14:00:00,53.70921,41.0,6
can-pastilla,2025-06-23 15:00:00,52.691032,43.0,6
can-pastilla,2025-06-23 16:00:00,51.635715,13.0,6
can-pastilla,2025-06-23 17:00:00,64.43686,18.0,6
can-pastilla,2025-06-23 18:00:00,60.71053,20.0,6
can-pastilla,2025-06-23 19:00:00,48.58694,45.0,6
can-pastilla,2025-06-23 20:00:00,45.45082,9.0,6
can-pastilla,2025-06-24 08:00:00,38.555748,87.23047828674316,6
can-pastilla,2025-06-24 09:00:00,47.14661,87.23047828674316,6
can-pastilla,2025-06-24 10:00:00,49.12096,87.23047828674316,6
can-pastilla,2025-06-24 11:00:00,52.253372,38.0,6
can-pastilla,2025-06-24 12:00:00,71.22057,39.0,6
can-pastilla,2025-06-24 13:00:00,73.05373,28.0,6
can-pastilla,2025-06-24 14:00:00,73.917076,38.0,6
can-pastilla,2025-06-24 15:00:00,74.09513,35.0,6
can-pastilla,2025-06-24 16:00:00,74.370605,87.23047828674316,6
can-pastilla,2025-06-24 17:00:00,67.36198,31.0,6
can-pastilla,2025-06-24 18:00:00,65.24047,29.0,6
can-pastilla,2025-06-24 19:00:00,55.87179,15.0,6
can-pastilla,2025-06-24 20:00:00,41.28551,30.0,6
can-pastilla,2025-06-25 08:00:00,36.377666,65.0,6
can-pastilla,2025-06-25 09:00:00,48.02589,87.23047828674316,6
can-pastilla,2025-06-25 10:00:00,49.81074,87.23047828674316,6
can-pastilla,2025-06-25 11:00:00,53.31707,70.0,6
can-pastilla,2025-06-25 12:00:00,72.900635,51.0,6
can-pastilla,2025-06-25 13:00:00,56.401733,66.0,6
can-pastilla,2025-06-25 14:00:00,54.097374,62.0,6
can-pastilla,2025-06-25 15:00:00,53.842197,42.0,6
can-pastilla,2025-06-25 16:00:00,49.930744,13.0,6
can-pastilla,2025-06-25 17:00:00,42.322433,22.0,6
can-pastilla,2025-06-25 18:00:00,40.209316,33.0,6
can-pastilla,2025-06-25 19:00:00,36.881775,15.0,6
can-pastilla,2025-06-25 20:00:00,43.67367,29.0,6
can-pastilla,2025-06-26 08:00:00,35.486023,50.0,6
can-pastilla,2025-06-26 09:00:00,46.16296,8.0,6
can-pastilla,2025-06-26 10:00:00,46.34974,47.0,6
can-pastilla,2025-06-26 11:00:00,46.500854,50.0,6
can-pastilla,2025-06-26 12:00:00,48.988003,31.0,6
can-pastilla,2025-06-26 13:00:00,49.86545,31.0,6
can-pastilla,2025-06-26 14:00:00,49.571564,55.0,6
can-pastilla,2025-06-26 15:00:00,48.430256,42.0,6
can-pastilla,2025-06-26 16:00:00,48.3804,87.23047828674316,6
can-pastilla,2025-06-26 17:00:00,43.93152,87.23047828674316,6
can-pastilla,2025-06-26 18:00:00,41.80163,87.23047828674316,6
can-pastilla,2025-06-26 19:00:00,37.612553,17.0,6
can-pastilla,2025-06-26 20:00:00,35.675743,11.0,6
can-pastilla,2025-06-27 08:00:00,34.19244,26.0,6
can-pastilla,2025-06-27 09:00:00,41.846375,42.0,6
can-pastilla,2025-06-27 10:00:00,40.719227,35.0,6
can-pastilla,2025-06-27 11:00:00,43.324867,45.0,6
can-pastilla,2025-06-27 12:00:00,63.4497,29.0,6
can-pastilla,2025-06-27 13:00:00,66.561,26.0,6
can-pastilla,2025-06-27 14:00:00,49.04699,44.0,6
can-pastilla,2025-06-27 15:00:00,43.189713,60.0,6
can-pastilla,2025-06-27 16:00:00,42.52748,87.23047828674316,6
can-pastilla,2025-06-27 17:00:00,38.757854,41.0,6
can-pastilla,2025-06-27 18:00:00,38.01621,79.0,6
can-pastilla,2025-06-27 19:00:00,35.82244,22.0,6
can-pastilla,2025-06-27 20:00:00,43.253857,11.0,6
can-pastilla,2025-06-28 08:00:00,41.534447,25.0,6
can-pastilla,2025-06-28 09:00:00,48.564503,39.0,6
can-pastilla,2025-06-28 10:00:00,51.463768,13.0,6
can-pastilla,2025-06-28 11:00:00,50.984364,52.0,6
can-pastilla,2025-06-28 12:00:00,69.41309,34.0,6
can-pastilla,2025-06-28 13:00:00,71.55203,48.0,6
can-pastilla,2025-06-28 14:00:00,55.07478,54.0,6
can-pastilla,2025-06-28 15:00:00,54.299896,53.0,6
can-pastilla,2025-06-28 16:00:00,54.176582,87.23047828674316,6
can-pastilla,2025-06-28 17:00:00,49.12705,42.0,6
can-pastilla,2025-06-28 18:00:00,46.010944,34.0,6
can-pastilla,2025-06-28 19:00:00,40.654793,20.0,6
can-pastilla,2025-06-28 20:00:00,39.001415,10.0,6
can-pastilla,2025-06-29 08:00:00,40.61571,87.23047828674316,6
can-pastilla,2025-06-29 09:00:00,47.390232,87.23047828674316,6
can-pastilla,2025-06-29 10:00:00,45.947968,87.23047828674316,6
can-pastilla,2025-06-29 11:00:00,48.218422,80.0,6
can-pastilla,2025-06-29 12:00:00,46.778873,78.0,6
can-pastilla,2025-06-29 13:00:00,47.35228,42.0,6
can-pastilla,2025-06-29 14:00:00,66.75505,49.0,6
can-pastilla,2025-06-29 15:00:00,50.708496,50.0,6
can-pastilla,2025-06-29 16:00:00,48.94874,72.0,6
can-pastilla,2025-06-29 17:00:00,45.017494,87.23047828674316,6
can-pastilla,2025-06-29 18:00:00,43.96677,87.23047828674316,6
can-pastilla,2025-06-29 19:00:00,40.450546,35.0,6
can-pastilla,2025-06-29 20:00:00,45.85882,40.0,6
can-pastilla,2025-06-30 08:00:00,38.78593,47.0,6
can-pastilla,2025-06-30 09:00:00,45.15678,45.0,6
can-pastilla,2025-06-30 10:00:00,47.9979,48.0,6
can-pastilla,2025-06-30 11:00:00,50.04503,68.0,6
can-pastilla,2025-06-30 12:00:00,53.078182,37.0,6
can-pastilla,2025-06-30 13:00:00,50.43146,42.0,6
can-pastilla,2025-06-30 14:00:00,69.121506,57.0,6
can-pastilla,2025-06-30 15:00:00,52.99765,33.0,6
can-pastilla,2025-06-30 16:00:00,52.56605,87.23047828674316,6
can-pastilla,2025-06-30 17:00:00,46.4205,87.23047828674316,6
can-pastilla,2025-06-30 18:00:00,44.088272,87.23047828674316,6
can-pastilla,2025-06-30 19:00:00,39.99923,87.23047828674316,6
can-pastilla,2025-06-30 20:00:00,45.939907,37.0,6
can-pastilla,2025-07-01 08:00:00,38.806175,58.0,7
can-pastilla,2025-07-01 09:00:00,46.071724,33.0,7
can-pastilla,2025-07-01 10:00:00,45.053406,50.0,7
can-pastilla,2025-07-01 11:00:00,48.824654,87.23047828674316,7
can-pastilla,2025-07-01 12:00:00,68.23011,53.0,7
can-pastilla,2025-07-01 13:00:00,50.879818,52.0,7
can-pastilla,2025-07-01 14:00:00,49.99049,41.0,7
can-pastilla,2025-07-01 15:00:00,49.615032,54.0,7
can-pastilla,2025-07-01 16:00:00,49.342297,87.23047828674316,7
can-pastilla,2025-07-01 17:00:00,44.379684,24.0,7
can-pastilla,2025-07-01 18:00:00,42.87464,46.0,7
can-pastilla,2025-07-01 19:00:00,39.407913,27.0,7
can-pastilla,2025-07-01 20:00:00,45.627388,30.0,7
can-pastilla,2025-07-02 08:00:00,40.176853,87.23047828674316,7
can-pastilla,2025-07-02 09:00:00,45.088272,87.23047828674316,7
can-pastilla,2025-07-02 10:00:00,46.097607,87.23047828674316,7
can-pastilla,2025-07-02 11:00:00,45.67441,67.0,7
can-pastilla,2025-07-02 12:00:00,65.42747,53.0,7
can-pastilla,2025-07-02 13:00:00,67.927376,43.0,7
can-pastilla,2025-07-02 14:00:00,67.93096,60.0,7
can-pastilla,2025-07-02 15:00:00,51.731712,53.0,7
can-pastilla,2025-07-02 16:00:00,46.0973,87.23047828674316,7
can-pastilla,2025-07-02 17:00:00,46.228497,87.23047828674316,7
can-pastilla,2025-07-02 18:00:00,44.357185,57.0,7
can-pastilla,2025-07-02 19:00:00,39.48354,32.0,7
can-pastilla,2025-07-02 20:00:00,38.204075,36.0,7
can-pastilla,2025-07-03 08:00:00,39.264282,31.0,7
can-pastilla,2025-07-03 09:00:00,44.740475,29.0,7
can-pastilla,2025-07-03 10:00:00,46.35437,36.0,7
can-pastilla,2025-07-03 11:00:00,47.666115,51.0,7
can-pastilla,2025-07-03 12:00:00,64.924286,64.0,7
can-pastilla,2025-07-03 13:00:00,64.09369,40.0,7
can-pastilla,2025-07-03 14:00:00,65.72221,60.0,7
can-pastilla,2025-07-03 15:00:00,45.81047,37.0,7
can-pastilla,2025-07-03 16:00:00,45.138016,29.0,7
can-pastilla,2025-07-03 17:00:00,44.176743,87.23047828674316,7
can-pastilla,2025-07-03 18:00:00,42.805508,87.23047828674316,7
can-pastilla,2025-07-03 19:00:00,40.303352,24.0,7
can-pastilla,2025-07-03 20:00:00,46.84484,10.0,7
can-pastilla,2025-07-04 08:00:00,40.56177,70.0,7
can-pastilla,2025-07-04 09:00:00,45.083374,34.0,7
can-pastilla,2025-07-04 10:00:00,46.058456,46.0,7
can-pastilla,2025-07-04 11:00:00,49.55242,87.23047828674316,7
can-pastilla,2025-07-04 12:00:00,52.681458,70.0,7
can-pastilla,2025-07-04 13:00:00,66.92757,37.0,7
can-pastilla,2025-07-04 14:00:00,67.05786,38.0,7
can-pastilla,2025-07-04 15:00:00,52.625744,53.0,7
can-pastilla,2025-07-04 16:00:00,52.611164,23.0,7
can-pastilla,2025-07-04 17:00:00,48.16216,27.0,7
can-pastilla,2025-07-04 18:00:00,45.37138,57.0,7
can-pastilla,2025-07-04 19:00:00,40.437664,16.0,7
can-pastilla,2025-07-04 20:00:00,38.369843,6.0,7
can-pastilla,2025-07-05 08:00:00,40.361732,66.0,7
can-pastilla,2025-07-05 09:00:00,45.5854,87.23047828674316,7
can-pastilla,2025-07-05 10:00:00,47.303604,41.0,7
can-pastilla,2025-07-05 11:00:00,49.433212,52.0,7
can-pastilla,2025-07-05 12:00:00,51.88769,57.0,7
can-pastilla,2025-07-05 13:00:00,48.576782,56.0,7
can-pastilla,2025-07-05 14:00:00,47.838715,56.0,7
can-pastilla,2025-07-05 15:00:00,47.11824,42.0,7
can-pastilla,2025-07-05 16:00:00,42.541786,30.0,7
can-pastilla,2025-07-05 17:00:00,42.478844,13.0,7
can-pastilla,2025-07-05 18:00:00,41.787792,87.23047828674316,7
can-pastilla,2025-07-05 19:00:00,39.16445,87.23047828674316,7
can-pastilla,2025-07-05 20:00:00,50.51303,5.0,7
can-pastilla,2025-07-06 08:00:00,41.54663,87.23047828674316,7
can-pastilla,2025-07-06 09:00:00,46.399902,87.23047828674316,7
can-pastilla,2025-07-06 10:00:00,45.267197,87.23047828674316,7
can-pastilla,2025-07-06 11:00:00,49.64767,72.0,7
can-pastilla,2025-07-06 12:00:00,51.766056,58.0,7
can-pastilla,2025-07-06 13:00:00,52.110172,42.0,7
can-pastilla,2025-07-06 14:00:00,51.924496,47.0,7
can-pastilla,2025-07-06 15:00:00,51.305706,58.0,7
can-pastilla,2025-07-06 16:00:00,50.737267,61.0,7
can-pastilla,2025-07-06 17:00:00,45.62726,87.23047828674316,7
can-pastilla,2025-07-06 18:00:00,44.138832,87.23047828674316,7
can-pastilla,2025-07-06 19:00:00,40.571373,87.23047828674316,7
can-pastilla,2025-07-06 20:00:00,46.94465,5.0,7
can-pastilla,2025-07-07 08:00:00,37.394703,56.0,7
can-pastilla,2025-07-07 09:00:00,41.904922,87.23047828674316,7
can-pastilla,2025-07-07 10:00:00,44.377712,70.0,7
can-pastilla,2025-07-07 11:00:00,48.709473,34.0,7
can-pastilla,2025-07-07 12:00:00,50.50855,50.0,7
can-pastilla,2025-07-07 13:00:00,48.585278,46.0,7
can-pastilla,2025-07-07 14:00:00,46.718838,47.0,7
can-pastilla,2025-07-07 15:00:00,47.791073,53.0,7
can-pastilla,2025-07-07 16:00:00,45.027626,24.0,7
can-pastilla,2025-07-07 17:00:00,43.956303,24.0,7
can-pastilla,2025-07-07 18:00:00,42.47833,9.0,7
can-pastilla,2025-07-07 19:00:00,40.499477,87.23047828674316,7
can-pastilla,2025-07-07 20:00:00,45.72428,4.0,7
can-pastilla,2025-07-08 08:00:00,37.408195,87.23047828674316,7
can-pastilla,2025-07-08 09:00:00,37.46485,87.23047828674316,7
can-pastilla,2025-07-08 10:00:00,37.37659,39.0,7
can-pastilla,2025-07-08 11:00:00,40.88077,54.0,7
can-pastilla,2025-07-08 12:00:00,55.290154,46.0,7
can-pastilla,2025-07-08 13:00:00,63.35979,50.0,7
can-pastilla,2025-07-08 14:00:00,66.886055,68.0,7
can-pastilla,2025-07-08 15:00:00,54.830036,77.0,7
can-pastilla,2025-07-08 16:00:00,51.27334,66.0,7
can-pastilla,2025-07-08 17:00:00,46.832558,38.0,7
can-pastilla,2025-07-08 18:00:00,45.380184,44.0,7
can-pastilla,2025-07-08 19:00:00,40.19928,44.0,7
can-pastilla,2025-07-08 20:00:00,39.02752,55.0,7
can-pastilla,2025-07-09 08:00:00,36.204468,87.23047828674316,7
can-pastilla,2025-07-09 09:00:00,43.664677,87.23047828674316,7
can-pastilla,2025-07-09 10:00:00,47.19045,53.0,7
can-pastilla,2025-07-09 11:00:00,52.547676,78.0,7
can-pastilla,2025-07-09 12:00:00,55.466633,48.0,7
can-pastilla,2025-07-09 13:00:00,54.06075,57.0,7
can-pastilla,2025-07-09 14:00:00,54.3323,46.0,7
can-pastilla,2025-07-09 15:00:00,55.15741,27.0,7
can-pastilla,2025-07-09 16:00:00,52.038696,87.23047828674316,7
can-pastilla,2025-07-09 17:00:00,45.95078,33.0,7
can-pastilla,2025-07-09 18:00:00,44.330467,19.0,7
can-pastilla,2025-07-09 19:00:00,39.159492,87.23047828674316,7
can-pastilla,2025-07-09 20:00:00,45.33089,6.0,7
can-pastilla,2025-07-10 08:00:00,36.26817,31.0,7
can-pastilla,2025-07-10 09:00:00,45.529873,28.0,7
can-pastilla,2025-07-10 10:00:00,49.69427,21.0,7
can-pastilla,2025-07-10 11:00:00,52.259968,12.0,7
can-pastilla,2025-07-10 12:00:00,58.15549,25.0,7
can-pastilla,2025-07-10 13:00:00,57.831398,28.0,7
can-pastilla,2025-07-10 14:00:00,56.30498,36.0,7
can-pastilla,2025-07-10 15:00:00,72.03309,27.0,7
can-pastilla,2025-07-10 16:00:00,55.48984,87.23047828674316,7
can-pastilla,2025-07-10 17:00:00,47.431694,87.23047828674316,7
can-pastilla,2025-07-10 18:00:00,45.405087,87.23047828674316,7
can-pastilla,2025-07-10 19:00:00,40.965557,9.0,7
can-pastilla,2025-07-10 20:00:00,46.544785,7.0,7
can-pastilla,2025-07-11 08:00:00,35.345715,41.0,7
can-pastilla,2025-07-11 09:00:00,42.31644,70.0,7
can-pastilla,2025-07-11 10:00:00,46.270752,47.0,7
can-pastilla,2025-07-11 11:00:00,48.814445,55.0,7
can-pastilla,2025-07-11 12:00:00,70.272835,50.0,7
can-pastilla,2025-07-11 13:00:00,72.1674,59.0,7
can-pastilla,2025-07-11 14:00:00,71.283775,47.0,7
can-pastilla,2025-07-11 15:00:00,56.88821,47.0,7
can-pastilla,2025-07-11 16:00:00,55.294456,87.23047828674316,7
can-pastilla,2025-07-11 17:00:00,47.544167,87.23047828674316,7
can-pastilla,2025-07-11 18:00:00,46.007,87.23047828674316,7
can-pastilla,2025-07-11 19:00:00,40.0667,56.0,7
can-pastilla,2025-07-11 20:00:00,46.92847,7.0,7
can-pastilla,2025-07-12 08:00:00,32.82231,10.0,7
can-pastilla,2025-07-12 09:00:00,34.995625,23.0,7
can-pastilla,2025-07-12 10:00:00,44.552856,19.0,7
can-pastilla,2025-07-12 11:00:00,53.72222,16.0,7
can-pastilla,2025-07-12 12:00:00,57.667084,41.0,7
can-pastilla,2025-07-12 13:00:00,55.77471,42.0,7
can-pastilla,2025-07-12 14:00:00,52.314426,36.0,7
can-pastilla,2025-07-12 15:00:00,52.140247,13.0,7
can-pastilla,2025-07-12 16:00:00,54.71689,46.0,7
can-pastilla,2025-07-12 17:00:00,45.56979,44.0,7
can-pastilla,2025-07-12 18:00:00,44.40672,87.23047828674316,7
can-pastilla,2025-07-12 19:00:00,39.83645,27.0,7
can-pastilla,2025-07-12 20:00:00,38.928547,7.0,7
can-pastilla,2025-07-13 08:00:00,39.55367,66.0,7
can-pastilla,2025-07-13 09:00:00,46.653934,32.0,7
can-pastilla,2025-07-13 10:00:00,46.69989,61.0,7
can-pastilla,2025-07-13 11:00:00,50.556427,43.0,7
can-pastilla,2025-07-13 12:00:00,53.546154,24.0,7
can-pastilla,2025-07-13 13:00:00,52.18871,33.0,7
can-pastilla,2025-07-13 14:00:00,52.289417,42.0,7
can-pastilla,2025-07-13 15:00:00,71.11241,37.0,7
can-pastilla,2025-07-13 16:00:00,55.484898,87.23047828674316,7
can-pastilla,2025-07-13 17:00:00,47.514427,87.23047828674316,7
can-pastilla,2025-07-13 18:00:00,44.971756,87.23047828674316,7
can-pastilla,2025-07-13 19:00:00,40.703598,32.0,7
can-pastilla,2025-07-13 20:00:00,39.170975,5.0,7
can-pastilla,2025-07-14 08:00:00,38.807888,70.0,7
can-pastilla,2025-07-14 09:00:00,46.68606,87.23047828674316,7
can-pastilla,2025-07-14 10:00:00,45.94183,87.23047828674316,7
can-pastilla,2025-07-14 11:00:00,47.933094,87.23047828674316,7
can-pastilla,2025-07-14 12:00:00,53.434128,87.23047828674316,7
can-pastilla,2025-07-14 13:00:00,68.669014,87.23047828674316,7
can-pastilla,2025-07-14 14:00:00,51.9598,87.23047828674316,7
can-pastilla,2025-07-14 15:00:00,48.622852,87.23047828674316,7
can-pastilla,2025-07-14 16:00:00,47.21646,87.23047828674316,7
can-pastilla,2025-07-14 17:00:00,47.4325,84.0,7
can-pastilla,2025-07-14 18:00:00,44.59253,68.0,7
can-pastilla,2025-07-14 19:00:00,40.87162,63.0,7
can-pastilla,2025-07-14 20:00:00,39.406204,58.0,7
can-pastilla,2025-07-15 08:00:00,39.006927,87.23047828674316,7
can-pastilla,2025-07-15 09:00:00,45.975815,87.23047828674316,7
can-pastilla,2025-07-15 10:00:00,50.95186,87.23047828674316,7
can-pastilla,2025-07-15 11:00:00,51.299866,87.23047828674316,7
can-pastilla,2025-07-15 12:00:00,68.78824,87.23047828674316,7
can-pastilla,2025-07-15 13:00:00,70.61236,87.23047828674316,7
can-pastilla,2025-07-15 14:00:00,71.653786,87.23047828674316,7
can-pastilla,2025-07-15 15:00:00,55.78099,6.0,7
can-pastilla,2025-07-15 16:00:00,54.323334,87.23047828674316,7
can-pastilla,2025-07-15 17:00:00,47.171223,87.23047828674316,7
can-pastilla,2025-07-15 18:00:00,45.820454,20.0,7
can-pastilla,2025-07-15 19:00:00,40.8985,87.23047828674316,7
can-pastilla,2025-07-15 20:00:00,40.278725,4.0,7
can-pastilla,2025-07-16 08:00:00,36.45676,70.0,7
can-pastilla,2025-07-16 09:00:00,45.030838,87.0,7
can-pastilla,2025-07-16 10:00:00,50.293858,53.0,7
can-pastilla,2025-07-16 11:00:00,51.792156,58.0,7
can-pastilla,2025-07-16 12:00:00,55.653225,57.0,7
can-pastilla,2025-07-16 13:00:00,71.83199,40.0,7
can-pastilla,2025-07-16 14:00:00,57.488937,53.0,7
can-pastilla,2025-07-16 15:00:00,55.273876,87.23047828674316,7
can-pastilla,2025-07-16 16:00:00,54.335052,46.0,7
can-pastilla,2025-07-16 17:00:00,47.607613,69.0,7
can-pastilla,2025-07-16 18:00:00,45.722527,47.0,7
can-pastilla,2025-07-16 19:00:00,40.024662,16.0,7
can-pastilla,2025-07-16 20:00:00,38.15462,33.0,7
can-pastilla,2025-07-17 08:00:00,35.96199,87.23047828674316,7
can-pastilla,2025-07-17 09:00:00,42.154633,87.23047828674316,7
can-pastilla,2025-07-17 10:00:00,47.88885,77.0,7
can-pastilla,2025-07-17 11:00:00,49.362522,87.23047828674316,7
can-pastilla,2025-07-17 12:00:00,67.25276,52.0,7
can-pastilla,2025-07-17 13:00:00,68.50517,53.0,7
can-pastilla,2025-07-17 14:00:00,51.051315,35.0,7
can-pastilla,2025-07-17 15:00:00,50.61135,63.0,7
can-pastilla,2025-07-17 16:00:00,49.718777,87.23047828674316,7
can-pastilla,2025-07-17 17:00:00,44.9061,45.0,7
can-pastilla,2025-07-17 18:00:00,43.337814,26.0,7
can-pastilla,2025-07-17 19:00:00,40.673424,36.0,7
can-pastilla,2025-07-17 20:00:00,38.664696,4.0,7
can-pastilla,2025-07-18 08:00:00,36.8609,87.23047828674316,7
can-pastilla,2025-07-18 09:00:00,43.612034,87.23047828674316,7
can-pastilla,2025-07-18 10:00:00,47.519905,79.0,7
can-pastilla,2025-07-18 11:00:00,51.533245,52.0,7
can-pastilla,2025-07-18 12:00:00,69.933014,32.0,7
can-pastilla,2025-07-18 13:00:00,72.95299,20.0,7
can-pastilla,2025-07-18 14:00:00,57.98242,43.0,7
can-pastilla,2025-07-18 15:00:00,61.08837,42.0,7
can-pastilla,2025-07-18 16:00:00,56.873394,85.0,7
can-pastilla,2025-07-18 17:00:00,51.164238,68.0,7
can-pastilla,2025-07-18 18:00:00,46.793896,18.0,7
can-pastilla,2025-07-18 19:00:00,40.521698,87.23047828674316,7
can-pastilla,2025-07-18 20:00:00,46.838753,5.0,7
can-pastilla,2025-07-19 08:00:00,38.44329,75.0,7
can-pastilla,2025-07-19 09:00:00,44.541573,87.23047828674316,7
can-pastilla,2025-07-19 10:00:00,51.03469,73.0,7
can-pastilla,2025-07-19 11:00:00,52.04924,57.0,7
can-pastilla,2025-07-19 12:00:00,52.662037,48.0,7
can-pastilla,2025-07-19 13:00:00,52.765278,52.0,7
can-pastilla,2025-07-19 14:00:00,51.345078,49.0,7
can-pastilla,2025-07-19 15:00:00,48.741383,27.0,7
can-pastilla,2025-07-19 16:00:00,46.30575,87.23047828674316,7
can-pastilla,2025-07-19 17:00:00,42.942375,87.23047828674316,7
can-pastilla,2025-07-19 18:00:00,41.232056,87.23047828674316,7
can-pastilla,2025-07-19 19:00:00,38.05833,46.0,7
can-pastilla,2025-07-19 20:00:00,44.339375,6.0,7
can-pastilla,2025-07-20 08:00:00,39.8341,87.23047828674316,7
can-pastilla,2025-07-20 09:00:00,45.953445,37.0,7
can-pastilla,2025-07-20 10:00:00,44.94648,51.0,7
can-pastilla,2025-07-20 11:00:00,46.607185,61.0,7
can-pastilla,2025-07-20 12:00:00,48.87731,46.0,7
can-pastilla,2025-07-20 13:00:00,53.736187,56.0,7
can-pastilla,2025-07-20 14:00:00,52.133045,43.0,7
can-pastilla,2025-07-20 15:00:00,51.236244,35.0,7
can-pastilla,2025-07-20 16:00:00,50.183624,31.0,7
can-pastilla,2025-07-20 17:00:00,47.72838,48.0,7
can-pastilla,2025-07-20 18:00:00,45.638844,19.0,7
can-pastilla,2025-07-20 19:00:00,41.079212,28.0,7
can-pastilla,2025-07-20 20:00:00,46.829384,7.0,7
can-pastilla,2025-07-21 08:00:00,40.507267,87.23047828674316,7
can-pastilla,2025-07-21 09:00:00,47.30906,87.23047828674316,7
can-pastilla,2025-07-21 10:00:00,48.440895,76.0,7
can-pastilla,2025-07-21 11:00:00,51.872906,66.0,7
can-pastilla,2025-07-21 12:00:00,54.069817,33.0,7
can-pastilla,2025-07-21 13:00:00,54.095295,45.0,7
can-pastilla,2025-07-21 14:00:00,50.720173,67.0,7
can-pastilla,2025-07-21 15:00:00,48.952717,47.0,7
can-pastilla,2025-07-21 16:00:00,46.722248,22.0,7
can-pastilla,2025-07-21 17:00:00,44.76471,11.0,7
can-pastilla,2025-07-21 18:00:00,42.65761,12.0,7
can-pastilla,2025-07-21 19:00:00,37.604763,87.23047828674316,7
can-pastilla,2025-07-21 20:00:00,36.466816,7.0,7
can-pastilla,2025-07-22 08:00:00,35.184933,20.0,7
can-pastilla,2025-07-22 09:00:00,40.495117,44.0,7
can-pastilla,2025-07-22 10:00:00,41.549206,62.0,7
can-pastilla,2025-07-22 11:00:00,44.518303,71.0,7
can-pastilla,2025-07-22 12:00:00,50.256584,66.0,7
can-pastilla,2025-07-22 13:00:00,48.58272,45.0,7
can-pastilla,2025-07-22 14:00:00,52.938396,62.0,7
can-pastilla,2025-07-22 15:00:00,49.98994,53.0,7
can-pastilla,2025-07-22 16:00:00,48.130512,67.0,7
can-pastilla,2025-07-22 17:00:00,44.155445,20.0,7
can-pastilla,2025-07-22 18:00:00,42.47122,83.0,7
can-pastilla,2025-07-22 19:00:00,39.805862,25.0,7
can-pastilla,2025-07-22 20:00:00,45.645145,16.0,7
can-pastilla,2025-07-23 08:00:00,38.744278,87.23047828674316,7
can-pastilla,2025-07-23 09:00:00,45.79946,87.23047828674316,7
can-pastilla,2025-07-23 10:00:00,44.72607,48.0,7
can-pastilla,2025-07-23 11:00:00,49.278866,87.23047828674316,7
can-pastilla,2025-07-23 12:00:00,55.22852,34.0,7
can-pastilla,2025-07-23 13:00:00,70.082344,36.0,7
can-pastilla,2025-07-23 14:00:00,69.647934,36.0,7
can-pastilla,2025-07-23 15:00:00,70.667114,39.0,7
can-pastilla,2025-07-23 16:00:00,64.91113,17.0,7
can-pastilla,2025-07-23 17:00:00,63.74359,7.0,7
can-pastilla,2025-07-23 18:00:00,61.569622,15.0,7
can-pastilla,2025-07-23 19:00:00,48.546482,22.0,7
can-pastilla,2025-07-23 20:00:00,46.59148,6.0,7
can-pastilla,2025-07-24 08:00:00,34.317062,64.0,7
can-pastilla,2025-07-24 09:00:00,36.62911,81.0,7
can-pastilla,2025-07-24 10:00:00,37.229053,17.0,7
can-pastilla,2025-07-24 11:00:00,54.249607,27.0,7
can-pastilla,2025-07-24 12:00:00,59.786766,19.0,7
can-pastilla,2025-07-24 13:00:00,57.23052,9.0,7
can-pastilla,2025-07-24 14:00:00,66.43081,10.0,7
can-pastilla,2025-07-24 15:00:00,60.843536,6.0,7
can-pastilla,2025-07-24 16:00:00,62.87154,43.0,7
can-pastilla,2025-07-24 17:00:00,62.46481,33.0,7
can-pastilla,2025-07-24 18:00:00,53.656796,15.0,7
can-pastilla,2025-07-24 19:00:00,34.076294,87.23047828674316,7
can-pastilla,2025-07-24 20:00:00,36.626804,4.0,7
can-pastilla,2025-07-25 08:00:00,34.425,11.0,7
can-pastilla,2025-07-25 09:00:00,37.503925,87.23047828674316,7
can-pastilla,2025-07-25 10:00:00,46.16294,9.0,7
can-pastilla,2025-07-25 11:00:00,55.53035,27.0,7
can-pastilla,2025-07-25 12:00:00,63.49782,19.0,7
can-pastilla,2025-07-25 13:00:00,84.92364,24.0,7
can-pastilla,2025-07-25 14:00:00,73.813805,29.0,7
can-pastilla,2025-07-25 15:00:00,73.76575,41.0,7
can-pastilla,2025-07-25 16:00:00,71.891914,87.23047828674316,7
can-pastilla,2025-07-25 17:00:00,63.84527,87.23047828674316,7
can-pastilla,2025-07-25 18:00:00,52.100647,87.23047828674316,7
can-pastilla,2025-07-25 19:00:00,48.57495,31.0,7
can-pastilla,2025-07-25 20:00:00,32.56463,6.0,7
can-pastilla,2025-07-26 08:00:00,40.6136,16.0,7
can-pastilla,2025-07-26 09:00:00,49.04583,29.0,7
can-pastilla,2025-07-26 10:00:00,49.248127,18.0,7
can-pastilla,2025-07-26 11:00:00,54.14125,24.0,7
can-pastilla,2025-07-26 12:00:00,75.4436,28.0,7
can-pastilla,2025-07-26 13:00:00,80.10446,20.0,7
can-pastilla,2025-07-26 14:00:00,66.3203,33.0,7
can-pastilla,2025-07-26 15:00:00,80.74924,36.0,7
can-pastilla,2025-07-26 16:00:00,64.279274,32.0,7
can-pastilla,2025-07-26 17:00:00,56.218914,87.23047828674316,7
can-pastilla,2025-07-26 18:00:00,46.07714,87.23047828674316,7
can-pastilla,2025-07-26 19:00:00,41.10815,8.0,7
can-pastilla,2025-07-26 20:00:00,44.512875,12.0,7
can-pastilla,2025-07-27 08:00:00,35.27757,87.23047828674316,7
can-pastilla,2025-07-27 09:00:00,43.18672,33.0,7
can-pastilla,2025-07-27 10:00:00,46.73767,44.0,7
can-pastilla,2025-07-27 11:00:00,51.80921,37.0,7
can-pastilla,2025-07-27 12:00:00,72.830185,43.0,7
can-pastilla,2025-07-27 13:00:00,73.81218,51.0,7
can-pastilla,2025-07-27 14:00:00,60.419147,41.0,7
can-pastilla,2025-07-27 15:00:00,56.211823,19.0,7
can-pastilla,2025-07-27 16:00:00,53.666485,36.0,7
can-pastilla,2025-07-27 17:00:00,46.639843,31.0,7
can-pastilla,2025-07-27 18:00:00,42.90847,44.0,7
can-pastilla,2025-07-27 19:00:00,40.06375,9.0,7
can-pastilla,2025-07-27 20:00:00,46.013824,17.0,7
can-pastilla,2025-07-28 08:00:00,35.979767,87.23047828674316,7
can-pastilla,2025-07-28 09:00:00,42.404488,87.23047828674316,7
can-pastilla,2025-07-28 10:00:00,48.166702,49.0,7
can-pastilla,2025-07-28 11:00:00,49.84076,57.0,7
can-pastilla,2025-07-28 12:00:00,56.137966,38.0,7
can-pastilla,2025-07-28 13:00:00,62.10551,37.0,7
can-pastilla,2025-07-28 14:00:00,53.84454,27.0,7
can-pastilla,2025-07-28 15:00:00,55.07889,23.0,7
can-pastilla,2025-07-28 16:00:00,47.937805,48.0,7
can-pastilla,2025-07-28 17:00:00,47.113926,87.23047828674316,7
can-pastilla,2025-07-28 18:00:00,45.019894,87.23047828674316,7
can-pastilla,2025-07-28 19:00:00,39.311733,27.0,7
can-pastilla,2025-07-28 20:00:00,43.68768,5.0,7
can-pastilla,2025-07-29 08:00:00,34.6176,12.0,7
can-pastilla,2025-07-29 09:00:00,33.449524,87.23047828674316,7
can-pastilla,2025-07-29 10:00:00,36.434357,22.0,7
can-pastilla,2025-07-29 11:00:00,40.110382,25.0,7
can-pastilla,2025-07-29 12:00:00,56.143326,12.0,7
can-pastilla,2025-07-29 13:00:00,46.273502,23.0,7
can-pastilla,2025-07-29 14:00:00,52.5665,21.0,7
can-pastilla,2025-07-29 15:00:00,45.833294,30.0,7
can-pastilla,2025-07-29 16:00:00,45.490562,76.0,7
can-pastilla,2025-07-29 17:00:00,46.164383,37.0,7
can-pastilla,2025-07-29 18:00:00,44.502174,27.0,7
can-pastilla,2025-07-29 19:00:00,37.296005,7.0,7
can-pastilla,2025-07-29 20:00:00,32.57667,8.0,7
can-pastilla,2025-07-30 08:00:00,38.28792,86.0,7
can-pastilla,2025-07-30 09:00:00,38.96288,87.23047828674316,7
can-pastilla,2025-07-30 10:00:00,44.38342,53.0,7
can-pastilla,2025-07-30 11:00:00,38.42693,43.0,7
can-pastilla,2025-07-30 12:00:00,60.919308,20.0,7
can-pastilla,2025-07-30 13:00:00,62.466442,20.0,7
can-pastilla,2025-07-30 14:00:00,52.289703,21.0,7
can-pastilla,2025-07-30 15:00:00,49.892567,34.0,7
can-pastilla,2025-07-30 16:00:00,43.481743,87.23047828674316,7
can-pastilla,2025-07-30 17:00:00,43.21153,87.23047828674316,7
can-pastilla,2025-07-30 18:00:00,42.246445,87.23047828674316,7
can-pastilla,2025-07-30 19:00:00,39.24975,16.0,7
can-pastilla,2025-07-30 20:00:00,33.184837,14.0,7
can-pastilla,2025-07-31 08:00:00,37.680973,34.0,7
can-pastilla,2025-07-31 09:00:00,44.27948,44.0,7
can-pastilla,2025-07-31 10:00:00,48.75183,68.0,7
can-pastilla,2025-07-31 11:00:00,49.353817,55.0,7
can-pastilla,2025-07-31 12:00:00,48.02107,55.0,7
can-pastilla,2025-07-31 13:00:00,46.288425,37.0,7
can-pastilla,2025-07-31 14:00:00,46.345768,27.0,7
can-pastilla,2025-07-31 15:00:00,48.871292,26.0,7
can-pastilla,2025-07-31 16:00:00,49.422962,42.0,7
can-pastilla,2025-07-31 17:00:00,42.527515,21.0,7
can-pastilla,2025-07-31 18:00:00,41.747322,25.0,7
can-pastilla,2025-07-31 19:00:00,39.607887,23.0,7
can-pastilla,2025-07-31 20:00:00,36.174004,5.0,7
can-pastilla,2025-08-01 08:00:00,38.811604,42.0,8
can-pastilla,2025-08-01 09:00:00,41.89592,87.23047828674316,8
can-pastilla,2025-08-01 10:00:00,45.162098,57.0,8
can-pastilla,2025-08-01 11:00:00,49.262722,67.0,8
can-pastilla,2025-08-01 12:00:00,67.78765,34.0,8
can-pastilla,2025-08-01 13:00:00,68.50958,44.0,8
can-pastilla,2025-08-01 14:00:00,52.30421,50.0,8
can-pastilla,2025-08-01 15:00:00,64.0298,18.0,8
can-pastilla,2025-08-01 16:00:00,51.10254,87.23047828674316,8
can-pastilla,2025-08-01 17:00:00,45.446545,87.23047828674316,8
can-pastilla,2025-08-01 18:00:00,43.11758,87.23047828674316,8
can-pastilla,2025-08-01 19:00:00,38.829388,16.0,8
can-pastilla,2025-08-01 20:00:00,36.246307,16.0,8
can-pastilla,2025-08-02 08:00:00,37.95599,60.0,8
can-pastilla,2025-08-02 09:00:00,42.560307,60.0,8
can-pastilla,2025-08-02 10:00:00,43.628178,52.0,8
can-pastilla,2025-08-02 11:00:00,44.4211,49.0,8
can-pastilla,2025-08-02 12:00:00,47.784172,64.0,8
can-pastilla,2025-08-02 13:00:00,51.459198,30.0,8
can-pastilla,2025-08-02 14:00:00,46.049313,36.0,8
can-pastilla,2025-08-02 15:00:00,45.09975,26.0,8
can-pastilla,2025-08-02 16:00:00,43.194054,87.23047828674316,8
can-pastilla,2025-08-02 17:00:00,39.27962,70.0,8
can-pastilla,2025-08-02 18:00:00,38.04259,71.0,8
can-pastilla,2025-08-02 19:00:00,35.03187,23.0,8
can-pastilla,2025-08-02 20:00:00,35.66102,7.0,8
can-pastilla,2025-08-03 08:00:00,36.437675,71.0,8
can-pastilla,2025-08-03 09:00:00,40.18719,23.0,8
can-pastilla,2025-08-03 10:00:00,45.86473,56.0,8
can-pastilla,2025-08-03 11:00:00,42.83736,32.0,8
can-pastilla,2025-08-03 12:00:00,41.109756,38.0,8
can-pastilla,2025-08-03 13:00:00,58.81697,51.0,8
can-pastilla,2025-08-03 14:00:00,39.792385,39.0,8
can-pastilla,2025-08-03 15:00:00,39.802628,27.0,8
can-pastilla,2025-08-03 16:00:00,36.953663,15.0,8
can-pastilla,2025-08-03 17:00:00,36.767555,14.0,8
can-pastilla,2025-08-03 18:00:00,36.808468,18.0,8
can-pastilla,2025-08-03 19:00:00,35.507233,16.0,8
can-pastilla,2025-08-03 20:00:00,42.982113,5.0,8
can-pastilla,2025-08-04 08:00:00,32.89387,87.23047828674316,8
can-pastilla,2025-08-04 09:00:00,37.712624,87.23047828674316,8
can-pastilla,2025-08-04 10:00:00,37.689224,66.0,8
can-pastilla,2025-08-04 11:00:00,41.777718,40.0,8
can-pastilla,2025-08-04 12:00:00,41.206295,28.0,8
can-pastilla,2025-08-04 13:00:00,43.02824,41.0,8
can-pastilla,2025-08-04 14:00:00,42.563755,54.0,8
can-pastilla,2025-08-04 15:00:00,41.99883,33.0,8
can-pastilla,2025-08-04 16:00:00,40.80149,18.0,8
can-pastilla,2025-08-04 17:00:00,37.40514,18.0,8
can-pastilla,2025-08-04 18:00:00,36.548065,15.0,8
can-pastilla,2025-08-04 19:00:00,34.043404,8.0,8
can-pastilla,2025-08-04 20:00:00,31.260002,5.0,8
can-pastilla,2025-08-05 08:00:00,30.711348,87.23047828674316,8
can-pastilla,2025-08-05 09:00:00,34.924572,87.23047828674316,8
can-pastilla,2025-08-05 10:00:00,34.26088,82.0,8
can-pastilla,2025-08-05 11:00:00,37.620815,72.0,8
can-pastilla,2025-08-05 12:00:00,58.646698,49.0,8
can-pastilla,2025-08-05 13:00:00,43.128513,41.0,8
can-pastilla,2025-08-05 14:00:00,43.909348,39.0,8
can-pastilla,2025-08-05 15:00:00,42.93363,34.0,8
can-pastilla,2025-08-05 16:00:00,47.192753,36.0,8
can-pastilla,2025-08-05 17:00:00,42.96404,56.0,8
can-pastilla,2025-08-05 18:00:00,41.32104,87.23047828674316,8
can-pastilla,2025-08-05 19:00:00,38.880363,18.0,8
can-pastilla,2025-08-05 20:00:00,36.149803,10.0,8
can-pastilla,2025-08-06 08:00:00,34.782352,41.0,8
can-pastilla,2025-08-06 09:00:00,41.1991,29.0,8
can-pastilla,2025-08-06 10:00:00,37.241653,80.0,8
can-pastilla,2025-08-06 11:00:00,37.615707,39.0,8
can-pastilla,2025-08-06 12:00:00,62.35245,41.0,8
can-pastilla,2025-08-06 13:00:00,66.57484,50.0,8
can-pastilla,2025-08-06 14:00:00,50.026505,26.0,8
can-pastilla,2025-08-06 15:00:00,49.97351,21.0,8
can-pastilla,2025-08-06 16:00:00,48.161026,87.23047828674316,8
can-pastilla,2025-08-06 17:00:00,44.44629,87.23047828674316,8
can-pastilla,2025-08-06 18:00:00,41.726074,87.23047828674316,8
can-pastilla,2025-08-06 19:00:00,36.568275,21.0,8
can-pastilla,2025-08-06 20:00:00,36.453064,8.0,8
can-pastilla,2025-08-07 08:00:00,38.86996,37.0,8
can-pastilla,2025-08-07 09:00:00,46.302834,87.0,8
can-pastilla,2025-08-07 10:00:00,46.298214,72.0,8
can-pastilla,2025-08-07 11:00:00,49.375477,51.0,8
can-pastilla,2025-08-07 12:00:00,51.15512,47.0,8
can-pastilla,2025-08-07 13:00:00,67.016495,75.0,8
can-pastilla,2025-08-07 14:00:00,50.4895,64.0,8
can-pastilla,2025-08-07 15:00:00,49.029552,27.0,8
can-pastilla,2025-08-07 16:00:00,47.235764,38.0,8
can-pastilla,2025-08-07 17:00:00,42.701263,87.23047828674316,8
can-pastilla,2025-08-07 18:00:00,41.274597,54.0,8
can-pastilla,2025-08-07 19:00:00,37.1916,25.0,8
can-pastilla,2025-08-07 20:00:00,37.008537,8.0,8
can-pastilla,2025-08-08 08:00:00,36.02742,87.23047828674316,8
can-pastilla,2025-08-08 09:00:00,38.332153,49.0,8
can-pastilla,2025-08-08 10:00:00,38.86065,60.0,8
can-pastilla,2025-08-08 11:00:00,37.34294,41.0,8
can-pastilla,2025-08-08 12:00:00,60.846252,45.0,8
can-pastilla,2025-08-08 13:00:00,64.30818,61.0,8
can-pastilla,2025-08-08 14:00:00,48.084282,54.0,8
can-pastilla,2025-08-08 15:00:00,49.61919,30.0,8
can-pastilla,2025-08-08 16:00:00,48.246086,25.0,8
can-pastilla,2025-08-08 17:00:00,43.314167,19.0,8
can-pastilla,2025-08-08 18:00:00,40.83502,12.0,8
can-pastilla,2025-08-08 19:00:00,37.667835,26.0,8
can-pastilla,2025-08-08 20:00:00,44.977283,5.0,8
can-pastilla,2025-08-09 08:00:00,39.392853,87.23047828674316,8
can-pastilla,2025-08-09 09:00:00,47.580112,32.0,8
can-pastilla,2025-08-09 10:00:00,47.500927,64.0,8
can-pastilla,2025-08-09 11:00:00,50.27127,52.0,8
can-pastilla,2025-08-09 12:00:00,51.440937,55.0,8
can-pastilla,2025-08-09 13:00:00,50.65008,68.0,8
can-pastilla,2025-08-09 14:00:00,52.016335,56.0,8
can-pastilla,2025-08-09 15:00:00,49.778503,30.0,8
can-pastilla,2025-08-09 16:00:00,48.546196,40.0,8
can-pastilla,2025-08-09 17:00:00,46.00202,59.0,8
can-pastilla,2025-08-09 18:00:00,44.017944,87.23047828674316,8
can-pastilla,2025-08-09 19:00:00,39.694008,17.0,8
can-pastilla,2025-08-09 20:00:00,39.010723,25.0,8
can-pastilla,2025-08-10 08:00:00,37.70811,87.23047828674316,8
can-pastilla,2025-08-10 09:00:00,40.521347,87.23047828674316,8
can-pastilla,2025-08-10 10:00:00,39.235188,84.0,8
can-pastilla,2025-08-10 11:00:00,41.43631,76.0,8
can-pastilla,2025-08-10 12:00:00,44.10433,31.0,8
can-pastilla,2025-08-10 13:00:00,66.415955,56.0,8
can-pastilla,2025-08-10 14:00:00,48.954037,57.0,8
can-pastilla,2025-08-10 15:00:00,49.97983,41.0,8
can-pastilla,2025-08-10 16:00:00,47.342346,53.0,8
can-pastilla,2025-08-10 17:00:00,45.502865,87.23047828674316,8
can-pastilla,2025-08-10 18:00:00,44.33456,6.0,8
can-pastilla,2025-08-10 19:00:00,40.14784,11.0,8
can-pastilla,2025-08-10 20:00:00,47.66548,5.0,8
can-pastilla,2025-08-11 08:00:00,37.886097,87.23047828674316,8
can-pastilla,2025-08-11 09:00:00,44.8732,87.23047828674316,8
can-pastilla,2025-08-11 10:00:00,45.529476,87.23047828674316,8
can-pastilla,2025-08-11 11:00:00,50.155582,58.0,8
can-pastilla,2025-08-11 12:00:00,54.12183,56.0,8
can-pastilla,2025-08-11 13:00:00,54.447235,57.0,8
can-pastilla,2025-08-11 14:00:00,53.126514,57.0,8
can-pastilla,2025-08-11 15:00:00,52.343235,79.0,8
can-pastilla,2025-08-11 16:00:00,52.04578,87.23047828674316,8
can-pastilla,2025-08-11 17:00:00,45.78895,41.0,8
can-pastilla,2025-08-11 18:00:00,44.133614,7.0,8
can-pastilla,2025-08-11 19:00:00,39.106453,20.0,8
can-pastilla,2025-08-11 20:00:00,45.22552,4.0,8
can-pastilla,2025-08-12 08:00:00,36.74417,87.23047828674316,8
can-pastilla,2025-08-12 09:00:00,43.92003,87.23047828674316,8
can-pastilla,2025-08-12 10:00:00,45.408028,78.0,8
can-pastilla,2025-08-12 11:00:00,48.61646,58.0,8
can-pastilla,2025-08-12 12:00:00,52.2022,44.0,8
can-pastilla,2025-08-12 13:00:00,49.75741,53.0,8
can-pastilla,2025-08-12 14:00:00,51.354614,66.0,8
can-pastilla,2025-08-12 15:00:00,49.83108,52.0,8
can-pastilla,2025-08-12 16:00:00,47.882774,87.23047828674316,8
can-pastilla,2025-08-12 17:00:00,44.716595,87.23047828674316,8
can-pastilla,2025-08-12 18:00:00,42.71054,87.23047828674316,8
can-pastilla,2025-08-12 19:00:00,40.411407,16.0,8
can-pastilla,2025-08-12 20:00:00,37.572002,7.0,8
can-pastilla,2025-08-13 08:00:00,34.08693,28.0,8
can-pastilla,2025-08-13 09:00:00,38.03384,59.0,8
can-pastilla,2025-08-13 10:00:00,39.983852,87.0,8
can-pastilla,2025-08-13 11:00:00,43.43403,75.0,8
can-pastilla,2025-08-13 12:00:00,61.532482,56.0,8
can-pastilla,2025-08-13 13:00:00,62.861298,52.0,8
can-pastilla,2025-08-13 14:00:00,48.802746,44.0,8
can-pastilla,2025-08-13 15:00:00,46.921932,48.0,8
can-pastilla,2025-08-13 16:00:00,43.1551,66.0,8
can-pastilla,2025-08-13 17:00:00,42.549538,87.23047828674316,8
can-pastilla,2025-08-13 18:00:00,42.312702,87.23047828674316,8
can-pastilla,2025-08-13 19:00:00,39.996292,6.0,8
can-pastilla,2025-08-13 20:00:00,38.950928,7.0,8
can-pastilla,2025-08-14 08:00:00,38.150326,87.23047828674316,8
can-pastilla,2025-08-14 09:00:00,43.084312,87.23047828674316,8
can-pastilla,2025-08-14 10:00:00,42.482254,62.0,8
can-pastilla,2025-08-14 11:00:00,37.464256,61.0,8
can-pastilla,2025-08-14 12:00:00,60.825703,51.0,8
can-pastilla,2025-08-14 13:00:00,61.789898,44.0,8
can-pastilla,2025-08-14 14:00:00,51.89918,64.0,8
can-pastilla,2025-08-14 15:00:00,50.172752,51.0,8
can-pastilla,2025-08-14 16:00:00,47.411743,16.0,8
can-pastilla,2025-08-14 17:00:00,45.421032,18.0,8
can-pastilla,2025-08-14 18:00:00,43.89863,28.0,8
can-pastilla,2025-08-14 19:00:00,41.19421,4.0,8
can-pastilla,2025-08-14 20:00:00,40.171528,6.0,8
can-pastilla,2025-08-15 08:00:00,37.930668,87.23047828674316,8
can-pastilla,2025-08-15 09:00:00,45.9254,87.23047828674316,8
can-pastilla,2025-08-15 10:00:00,46.037697,70.0,8
can-pastilla,2025-08-15 11:00:00,50.106415,62.0,8
can-pastilla,2025-08-15 12:00:00,50.836147,50.0,8
can-pastilla,2025-08-15 13:00:00,50.351288,49.0,8
can-pastilla,2025-08-15 14:00:00,53.295933,77.0,8
can-pastilla,2025-08-15 15:00:00,49.18818,69.0,8
can-pastilla,2025-08-15 16:00:00,47.442505,31.0,8
can-pastilla,2025-08-15 17:00:00,46.660572,35.0,8
can-pastilla,2025-08-15 18:00:00,44.09961,19.0,8
can-pastilla,2025-08-15 19:00:00,40.254406,6.0,8
can-pastilla,2025-08-15 20:00:00,46.5361,6.0,8
can-pastilla,2025-08-16 08:00:00,40.434002,70.0,8
can-pastilla,2025-08-16 09:00:00,46.384167,87.23047828674316,8
can-pastilla,2025-08-16 10:00:00,46.426212,80.0,8
can-pastilla,2025-08-16 11:00:00,49.413456,79.0,8
can-pastilla,2025-08-16 12:00:00,51.589703,49.0,8
can-pastilla,2025-08-16 13:00:00,68.14714,43.0,8
can-pastilla,2025-08-16 14:00:00,56.28339,77.0,8
can-pastilla,2025-08-16 15:00:00,54.061,48.0,8
can-pastilla,2025-08-16 16:00:00,51.92377,23.0,8
can-pastilla,2025-08-16 17:00:00,51.705647,16.0,8
can-pastilla,2025-08-16 18:00:00,48.91714,87.23047828674316,8
can-pastilla,2025-08-16 19:00:00,40.865753,4.0,8
can-pastilla,2025-08-16 20:00:00,40.530155,7.0,8
can-pastilla,2025-08-17 08:00:00,42.153885,87.23047828674316,8
can-pastilla,2025-08-17 09:00:00,46.829792,87.23047828674316,8
can-pastilla,2025-08-17 10:00:00,47.4655,63.0,8
can-pastilla,2025-08-17 11:00:00,51.46725,44.0,8
can-pastilla,2025-08-17 12:00:00,71.20624,56.0,8
can-pastilla,2025-08-17 13:00:00,55.4257,44.0,8
can-pastilla,2025-08-17 14:00:00,56.65344,70.0,8
can-pastilla,2025-08-17 15:00:00,54.789898,39.0,8
can-pastilla,2025-08-17 16:00:00,51.15732,87.23047828674316,8
can-pastilla,2025-08-17 17:00:00,48.533188,12.0,8
can-pastilla,2025-08-17 18:00:00,46.562977,87.23047828674316,8
can-pastilla,2025-08-17 19:00:00,40.978977,19.0,8
can-pastilla,2025-08-17 20:00:00,39.8265,6.0,8
can-pastilla,2025-08-18 08:00:00,37.64465,68.0,8
can-pastilla,2025-08-18 09:00:00,42.339756,87.23047828674316,8
can-pastilla,2025-08-18 10:00:00,44.233894,80.0,8
can-pastilla,2025-08-18 11:00:00,44.53227,18.0,8
can-pastilla,2025-08-18 12:00:00,64.24624,37.0,8
can-pastilla,2025-08-18 13:00:00,46.99198,39.0,8
can-pastilla,2025-08-18 14:00:00,50.021343,27.0,8
can-pastilla,2025-08-18 15:00:00,48.15195,24.0,8
can-pastilla,2025-08-18 16:00:00,46.607647,8.0,8
can-pastilla,2025-08-18 17:00:00,46.336407,16.0,8
can-pastilla,2025-08-18 18:00:00,43.53034,15.0,8
can-pastilla,2025-08-18 19:00:00,39.076824,15.0,8
can-pastilla,2025-08-18 20:00:00,39.013115,5.0,8
can-pastilla,2025-08-19 08:00:00,38.222145,10.0,8
can-pastilla,2025-08-19 09:00:00,39.08435,19.0,8
can-pastilla,2025-08-19 10:00:00,37.800797,29.0,8
can-pastilla,2025-08-19 11:00:00,44.049236,11.0,8
can-pastilla,2025-08-19 12:00:00,63.02461,10.0,8
can-pastilla,2025-08-19 13:00:00,69.831116,10.0,8
can-pastilla,2025-08-19 14:00:00,58.918926,23.0,8
can-pastilla,2025-08-19 15:00:00,58.519924,30.0,8
can-pastilla,2025-08-19 16:00:00,49.009163,30.0,8
can-pastilla,2025-08-19 17:00:00,47.781906,19.0,8
can-pastilla,2025-08-19 18:00:00,44.62039,10.0,8
can-pastilla,2025-08-19 19:00:00,39.474888,4.0,8
can-pastilla,2025-08-19 20:00:00,39.607487,10.0,8
can-pastilla,2025-08-20 08:00:00,37.970055,87.23047828674316,8
can-pastilla,2025-08-20 09:00:00,39.24558,87.23047828674316,8
can-pastilla,2025-08-20 10:00:00,39.956238,36.0,8
can-pastilla,2025-08-20 11:00:00,46.572014,30.0,8
can-pastilla,2025-08-20 12:00:00,60.01055,10.0,8
can-pastilla,2025-08-20 13:00:00,52.792736,11.0,8
can-pastilla,2025-08-20 14:00:00,61.450726,20.0,8
can-pastilla,2025-08-20 15:00:00,54.009495,18.0,8
can-pastilla,2025-08-20 16:00:00,47.20708,87.23047828674316,8
can-pastilla,2025-08-20 17:00:00,45.733837,87.23047828674316,8
can-pastilla,2025-08-20 18:00:00,43.869087,6.0,8
can-pastilla,2025-08-20 19:00:00,39.42106,6.0,8
can-pastilla,2025-08-20 20:00:00,44.98903,5.0,8
can-pastilla,2025-08-21 08:00:00,35.813007,87.23047828674316,8
can-pastilla,2025-08-21 09:00:00,42.445366,34.0,8
can-pastilla,2025-08-21 10:00:00,44.86674,48.0,8
can-pastilla,2025-08-21 11:00:00,49.788532,26.0,8
can-pastilla,2025-08-21 12:00:00,68.52768,27.0,8
can-pastilla,2025-08-21 13:00:00,69.64748,38.0,8
can-pastilla,2025-08-21 14:00:00,57.119408,58.0,8
can-pastilla,2025-08-21 15:00:00,53.45009,23.0,8
can-pastilla,2025-08-21 16:00:00,49.328423,20.0,8
can-pastilla,2025-08-21 17:00:00,46.209393,17.0,8
can-pastilla,2025-08-21 18:00:00,43.64078,21.0,8
can-pastilla,2025-08-21 19:00:00,38.10523,5.0,8
can-pastilla,2025-08-21 20:00:00,44.94081,5.0,8
can-pastilla,2025-08-22 08:00:00,32.47499,87.23047828674316,8
can-pastilla,2025-08-22 09:00:00,39.12498,87.23047828674316,8
can-pastilla,2025-08-22 10:00:00,43.270805,52.0,8
can-pastilla,2025-08-22 11:00:00,49.878323,53.0,8
can-pastilla,2025-08-22 12:00:00,53.27938,44.0,8
can-pastilla,2025-08-22 13:00:00,55.043633,44.0,8
can-pastilla,2025-08-22 14:00:00,69.39306,26.0,8
can-pastilla,2025-08-22 15:00:00,55.59503,25.0,8
can-pastilla,2025-08-22 16:00:00,46.84613,19.0,8
can-pastilla,2025-08-22 17:00:00,46.84712,17.0,8
can-pastilla,2025-08-22 18:00:00,42.577717,8.0,8
can-pastilla,2025-08-22 19:00:00,38.177467,6.0,8
can-pastilla,2025-08-22 20:00:00,38.82995,9.0,8
can-pastilla,2025-08-23 08:00:00,35.345688,87.23047828674316,8
can-pastilla,2025-08-23 09:00:00,42.439896,55.0,8
can-pastilla,2025-08-23 10:00:00,46.194035,60.0,8
can-pastilla,2025-08-23 11:00:00,49.687428,48.0,8
can-pastilla,2025-08-23 12:00:00,70.91837,60.0,8
can-pastilla,2025-08-23 13:00:00,73.15289,35.0,8
can-pastilla,2025-08-23 14:00:00,56.98565,18.0,8
can-pastilla,2025-08-23 15:00:00,55.967133,41.0,8
can-pastilla,2025-08-23 16:00:00,48.257393,25.0,8
can-pastilla,2025-08-23 17:00:00,46.067543,43.0,8
can-pastilla,2025-08-23 18:00:00,44.524834,7.0,8
can-pastilla,2025-08-23 19:00:00,40.49544,6.0,8
can-pastilla,2025-08-23 20:00:00,40.066505,5.0,8
can-pastilla,2025-08-24 08:00:00,37.143105,87.23047828674316,8
can-pastilla,2025-08-24 09:00:00,43.02905,87.23047828674316,8
can-pastilla,2025-08-24 10:00:00,45.229267,41.0,8
can-pastilla,2025-08-24 11:00:00,50.065548,57.0,8
can-pastilla,2025-08-24 12:00:00,68.50947,49.0,8
can-pastilla,2025-08-24 13:00:00,70.344574,38.0,8
can-pastilla,2025-08-24 14:00:00,54.759537,75.0,8
can-pastilla,2025-08-24 15:00:00,53.663326,29.0,8
can-pastilla,2025-08-24 16:00:00,46.831776,8.0,8
can-pastilla,2025-08-24 17:00:00,45.59629,23.0,8
can-pastilla,2025-08-24 18:00:00,44.772953,11.0,8
can-pastilla,2025-08-24 19:00:00,40.389194,84.0,8
can-pastilla,2025-08-24 20:00:00,40.563065,4.0,8
can-pastilla,2025-08-25 08:00:00,38.606678,87.0,8
can-pastilla,2025-08-25 09:00:00,43.480988,87.23047828674316,8
can-pastilla,2025-08-25 10:00:00,46.22785,25.0,8
can-pastilla,2025-08-25 11:00:00,49.634018,14.0,8
can-pastilla,2025-08-25 12:00:00,54.207664,26.0,8
can-pastilla,2025-08-25 13:00:00,67.84987,11.0,8
can-pastilla,2025-08-25 14:00:00,56.22766,16.0,8
can-pastilla,2025-08-25 15:00:00,57.532314,15.0,8
can-pastilla,2025-08-25 16:00:00,48.493908,87.23047828674316,8
can-pastilla,2025-08-25 17:00:00,46.3249,87.23047828674316,8
can-pastilla,2025-08-25 18:00:00,45.835014,22.0,8
can-pastilla,2025-08-25 19:00:00,39.462753,5.0,8
can-pastilla,2025-08-25 20:00:00,38.691044,18.0,8
can-pastilla,2025-08-26 08:00:00,38.801228,79.0,8
can-pastilla,2025-08-26 09:00:00,46.777554,70.0,8
can-pastilla,2025-08-26 10:00:00,46.464813,62.0,8
can-pastilla,2025-08-26 11:00:00,49.6141,59.0,8
can-pastilla,2025-08-26 12:00:00,66.92603,42.0,8
can-pastilla,2025-08-26 13:00:00,69.82303,45.0,8
can-pastilla,2025-08-26 14:00:00,53.736107,36.0,8
can-pastilla,2025-08-26 15:00:00,51.04293,26.0,8
can-pastilla,2025-08-26 16:00:00,47.135555,6.0,8
can-pastilla,2025-08-26 17:00:00,46.43472,11.0,8
can-pastilla,2025-08-26 18:00:00,45.278492,9.0,8
can-pastilla,2025-08-26 19:00:00,40.1894,8.0,8
can-pastilla,2025-08-26 20:00:00,46.567684,5.0,8
can-pastilla,2025-08-27 08:00:00,38.462704,72.0,8
can-pastilla,2025-08-27 09:00:00,46.304764,23.0,8
can-pastilla,2025-08-27 10:00:00,47.788513,14.0,8
can-pastilla,2025-08-27 11:00:00,50.980713,26.0,8
can-pastilla,2025-08-27 12:00:00,52.426517,8.0,8
can-pastilla,2025-08-27 13:00:00,70.068275,22.0,8
can-pastilla,2025-08-27 14:00:00,49.623676,24.0,8
can-pastilla,2025-08-27 15:00:00,51.971947,25.0,8
can-pastilla,2025-08-27 16:00:00,45.909245,87.23047828674316,8
can-pastilla,2025-08-27 17:00:00,43.62418,87.23047828674316,8
can-pastilla,2025-08-27 18:00:00,42.351814,87.23047828674316,8
can-pastilla,2025-08-27 19:00:00,39.016365,6.0,8
can-pastilla,2025-08-27 20:00:00,37.340263,17.0,8
can-pastilla,2025-08-28 08:00:00,33.730362,11.0,8
can-pastilla,2025-08-28 09:00:00,34.618404,22.0,8
can-pastilla,2025-08-28 10:00:00,37.04558,15.0,8
can-pastilla,2025-08-28 11:00:00,42.05532,41.0,8
can-pastilla,2025-08-28 12:00:00,44.14566,12.0,8
can-pastilla,2025-08-28 13:00:00,43.024475,21.0,8
can-pastilla,2025-08-28 14:00:00,43.47948,41.0,8
can-pastilla,2025-08-28 15:00:00,39.33189,34.0,8
can-pastilla,2025-08-28 16:00:00,32.97814,61.0,8
can-pastilla,2025-08-28 17:00:00,33.35298,16.0,8
can-pastilla,2025-08-28 18:00:00,32.714504,18.0,8
can-pastilla,2025-08-28 19:00:00,31.056625,19.0,8
can-pastilla,2025-08-28 20:00:00,30.963135,6.0,8
can-pastilla,2025-08-29 08:00:00,27.881771,85.0,8
can-pastilla,2025-08-29 09:00:00,28.027885,87.23047828674316,8
can-pastilla,2025-08-29 10:00:00,27.830528,87.23047828674316,8
can-pastilla,2025-08-29 11:00:00,29.527447,87.23047828674316,8
can-pastilla,2025-08-29 12:00:00,50.044518,16.0,8
can-pastilla,2025-08-29 13:00:00,51.52881,13.0,8
can-pastilla,2025-08-29 14:00:00,38.329838,13.0,8
can-pastilla,2025-08-29 15:00:00,37.651215,17.0,8
can-pastilla,2025-08-29 16:00:00,34.97703,87.23047828674316,8
can-pastilla,2025-08-29 17:00:00,33.84692,87.23047828674316,8
can-pastilla,2025-08-29 18:00:00,33.506622,68.0,8
can-pastilla,2025-08-29 19:00:00,30.719635,6.0,8
can-pastilla,2025-08-29 20:00:00,37.51465,19.0,8
can-pastilla,2025-08-30 08:00:00,32.960606,33.0,8
can-pastilla,2025-08-30 09:00:00,34.76727,40.0,8
can-pastilla,2025-08-30 10:00:00,37.24194,10.0,8
can-pastilla,2025-08-30 11:00:00,38.177708,19.0,8
can-pastilla,2025-08-30 12:00:00,57.12167,19.0,8
can-pastilla,2025-08-30 13:00:00,39.817745,22.0,8
can-pastilla,2025-08-30 14:00:00,39.94446,13.0,8
can-pastilla,2025-08-30 15:00:00,39.738552,10.0,8
can-pastilla,2025-08-30 16:00:00,37.744293,87.23047828674316,8
can-pastilla,2025-08-30 17:00:00,37.55805,87.23047828674316,8
can-pastilla,2025-08-30 18:00:00,38.393578,87.23047828674316,8
can-pastilla,2025-08-30 19:00:00,34.03547,7.0,8
can-pastilla,2025-08-30 20:00:00,32.93858,7.0,8
sant-antoni-de-portmany,2025-06-10 13:00:00,37.597275,55.0,6
sant-antoni-de-portmany,2025-06-10 14:00:00,48.831337,46.0,6
sant-antoni-de-portmany,2025-06-10 15:00:00,51.0538,38.0,6
sant-antoni-de-portmany,2025-06-10 16:00:00,56.40305,22.0,6
sant-antoni-de-portmany,2025-06-10 17:00:00,48.93694,35.0,6
sant-antoni-de-portmany,2025-06-10 18:00:00,46.078724,25.0,6
sant-antoni-de-portmany,2025-06-10 19:00:00,41.197384,28.0,6
sant-antoni-de-portmany,2025-06-10 20:00:00,37.635242,6.0,6
sant-antoni-de-portmany,2025-06-11 08:00:00,33.7011,13.0,6
sant-antoni-de-portmany,2025-06-11 09:00:00,38.215706,21.0,6
sant-antoni-de-portmany,2025-06-11 10:00:00,47.862316,52.0,6
sant-antoni-de-portmany,2025-06-11 11:00:00,51.830185,62.0,6
sant-antoni-de-portmany,2025-06-11 12:00:00,52.366882,30.0,6
sant-antoni-de-portmany,2025-06-11 13:00:00,49.862404,53.0,6
sant-antoni-de-portmany,2025-06-11 14:00:00,51.969204,27.0,6
sant-antoni-de-portmany,2025-06-11 15:00:00,51.490868,38.0,6
sant-antoni-de-portmany,2025-06-11 16:00:00,45.802227,65.0,6
sant-antoni-de-portmany,2025-06-11 17:00:00,42.94561,40.0,6
sant-antoni-de-portmany,2025-06-11 18:00:00,41.75634,27.0,6
sant-antoni-de-portmany,2025-06-11 19:00:00,37.81577,30.0,6
sant-antoni-de-portmany,2025-06-11 20:00:00,35.941906,6.0,6
sant-antoni-de-portmany,2025-06-12 08:00:00,34.406864,26.0,6
sant-antoni-de-portmany,2025-06-12 09:00:00,38.40742,40.0,6
sant-antoni-de-portmany,2025-06-12 10:00:00,40.65638,40.0,6
sant-antoni-de-portmany,2025-06-12 11:00:00,43.56938,59.0,6
sant-antoni-de-portmany,2025-06-12 12:00:00,45.47789,37.0,6
sant-antoni-de-portmany,2025-06-12 13:00:00,45.489872,59.0,6
sant-antoni-de-portmany,2025-06-12 14:00:00,45.465332,70.0,6
sant-antoni-de-portmany,2025-06-12 15:00:00,44.773426,48.0,6
sant-antoni-de-portmany,2025-06-12 16:00:00,43.273018,30.0,6
sant-antoni-de-portmany,2025-06-12 17:00:00,38.996716,28.0,6
sant-antoni-de-portmany,2025-06-12 18:00:00,37.138306,25.0,6
sant-antoni-de-portmany,2025-06-12 19:00:00,35.65365,25.0,6
sant-antoni-de-portmany,2025-06-12 20:00:00,32.88075,6.0,6
sant-antoni-de-portmany,2025-06-13 08:00:00,32.157578,43.0,6
sant-antoni-de-portmany,2025-06-13 09:00:00,33.228653,81.0,6
sant-antoni-de-portmany,2025-06-13 10:00:00,33.952744,48.0,6
sant-antoni-de-portmany,2025-06-13 11:00:00,36.167324,61.0,6
sant-antoni-de-portmany,2025-06-13 12:00:00,35.529236,53.0,6
sant-antoni-de-portmany,2025-06-13 13:00:00,39.273026,66.0,6
sant-antoni-de-portmany,2025-06-13 14:00:00,38.66594,65.0,6
sant-antoni-de-portmany,2025-06-13 15:00:00,38.09794,43.0,6
sant-antoni-de-portmany,2025-06-13 16:00:00,37.89383,20.0,6
sant-antoni-de-portmany,2025-06-13 17:00:00,33.102642,28.0,6
sant-antoni-de-portmany,2025-06-13 18:00:00,32.79813,28.0,6
sant-antoni-de-portmany,2025-06-13 19:00:00,31.370138,33.0,6
sant-antoni-de-portmany,2025-06-13 20:00:00,28.292873,6.0,6
sant-antoni-de-portmany,2025-06-14 08:00:00,29.100552,29.0,6
sant-antoni-de-portmany,2025-06-14 09:00:00,33.27518,57.0,6
sant-antoni-de-portmany,2025-06-14 10:00:00,35.585464,65.0,6
sant-antoni-de-portmany,2025-06-14 11:00:00,37.65726,69.0,6
sant-antoni-de-portmany,2025-06-14 12:00:00,39.534534,65.0,6
sant-antoni-de-portmany,2025-06-14 13:00:00,39.726784,59.0,6
sant-antoni-de-portmany,2025-06-14 14:00:00,39.411648,60.0,6
sant-antoni-de-portmany,2025-06-14 15:00:00,39.351883,63.0,6
sant-antoni-de-portmany,2025-06-14 16:00:00,39.49976,31.0,6
sant-antoni-de-portmany,2025-06-14 17:00:00,36.9099,42.0,6
sant-antoni-de-portmany,2025-06-14 18:00:00,36.85985,31.0,6
sant-antoni-de-portmany,2025-06-14 19:00:00,34.360058,35.0,6
sant-antoni-de-portmany,2025-06-14 20:00:00,33.779724,6.0,6
sant-antoni-de-portmany,2025-06-15 08:00:00,33.01733,47.0,6
sant-antoni-de-portmany,2025-06-15 09:00:00,36.06564,80.0,6
sant-antoni-de-portmany,2025-06-15 10:00:00,38.827496,86.0,6
sant-antoni-de-portmany,2025-06-15 11:00:00,41.084286,88.99798393249512,6
sant-antoni-de-portmany,2025-06-15 12:00:00,42.85807,88.99798393249512,6
sant-antoni-de-portmany,2025-06-15 13:00:00,43.343693,71.0,6
sant-antoni-de-portmany,2025-06-15 14:00:00,41.542446,70.0,6
sant-antoni-de-portmany,2025-06-15 15:00:00,41.185726,65.0,6
sant-antoni-de-portmany,2025-06-15 16:00:00,41.07857,47.0,6
sant-antoni-de-portmany,2025-06-15 17:00:00,38.284893,37.0,6
sant-antoni-de-portmany,2025-06-15 18:00:00,37.473724,38.0,6
sant-antoni-de-portmany,2025-06-15 19:00:00,36.286747,24.0,6
sant-antoni-de-portmany,2025-06-15 20:00:00,34.22087,6.0,6
sant-antoni-de-portmany,2025-06-16 08:00:00,30.74312,31.0,6
sant-antoni-de-portmany,2025-06-16 09:00:00,33.66889,53.0,6
sant-antoni-de-portmany,2025-06-16 10:00:00,35.004658,52.0,6
sant-antoni-de-portmany,2025-06-16 11:00:00,37.07824,60.0,6
sant-antoni-de-portmany,2025-06-16 12:00:00,39.369583,39.0,6
sant-antoni-de-portmany,2025-06-16 13:00:00,39.785618,56.0,6
sant-antoni-de-portmany,2025-06-16 14:00:00,39.799538,45.0,6
sant-antoni-de-portmany,2025-06-16 15:00:00,43.111565,30.0,6
sant-antoni-de-portmany,2025-06-16 16:00:00,38.939793,24.0,6
sant-antoni-de-portmany,2025-06-16 17:00:00,39.20263,26.0,6
sant-antoni-de-portmany,2025-06-16 18:00:00,37.790573,23.0,6
sant-antoni-de-portmany,2025-06-16 19:00:00,35.636772,26.0,6
sant-antoni-de-portmany,2025-06-16 20:00:00,35.57825,5.0,6
sant-antoni-de-portmany,2025-06-17 08:00:00,32.962708,88.99798393249512,6
sant-antoni-de-portmany,2025-06-17 09:00:00,36.715397,88.99798393249512,6
sant-antoni-de-portmany,2025-06-17 10:00:00,38.60953,88.99798393249512,6
sant-antoni-de-portmany,2025-06-17 11:00:00,41.85617,42.0,6
sant-antoni-de-portmany,2025-06-17 12:00:00,42.929142,62.0,6
sant-antoni-de-portmany,2025-06-17 13:00:00,41.38342,39.0,6
sant-antoni-de-portmany,2025-06-17 14:00:00,40.31787,47.0,6
sant-antoni-de-portmany,2025-06-17 15:00:00,42.41025,45.0,6
sant-antoni-de-portmany,2025-06-17 16:00:00,40.616215,27.0,6
sant-antoni-de-portmany,2025-06-17 17:00:00,36.92802,32.0,6
sant-antoni-de-portmany,2025-06-17 18:00:00,37.67287,18.0,6
sant-antoni-de-portmany,2025-06-17 19:00:00,35.334927,15.0,6
sant-antoni-de-portmany,2025-06-17 20:00:00,35.043148,6.0,6
sant-antoni-de-portmany,2025-06-18 08:00:00,33.331436,27.0,6
sant-antoni-de-portmany,2025-06-18 09:00:00,41.297554,41.0,6
sant-antoni-de-portmany,2025-06-18 10:00:00,42.667374,32.0,6
sant-antoni-de-portmany,2025-06-18 11:00:00,42.361885,43.0,6
sant-antoni-de-portmany,2025-06-18 12:00:00,44.169422,43.0,6
sant-antoni-de-portmany,2025-06-18 13:00:00,44.281982,45.0,6
sant-antoni-de-portmany,2025-06-18 14:00:00,43.156166,50.0,6
sant-antoni-de-portmany,2025-06-18 15:00:00,44.1067,48.0,6
sant-antoni-de-portmany,2025-06-18 16:00:00,40.843716,29.0,6
sant-antoni-de-portmany,2025-06-18 17:00:00,37.111244,38.0,6
sant-antoni-de-portmany,2025-06-18 18:00:00,37.305298,35.0,6
sant-antoni-de-portmany,2025-06-18 19:00:00,38.015846,39.0,6
sant-antoni-de-portmany,2025-06-18 20:00:00,35.707954,6.0,6
sant-antoni-de-portmany,2025-06-19 08:00:00,35.835556,88.99798393249512,6
sant-antoni-de-portmany,2025-06-19 09:00:00,39.35584,88.99798393249512,6
sant-antoni-de-portmany,2025-06-19 10:00:00,40.770653,88.99798393249512,6
sant-antoni-de-portmany,2025-06-19 11:00:00,42.413296,44.0,6
sant-antoni-de-portmany,2025-06-19 12:00:00,40.23525,41.0,6
sant-antoni-de-portmany,2025-06-19 13:00:00,40.98959,68.0,6
sant-antoni-de-portmany,2025-06-19 14:00:00,40.492825,88.99798393249512,6
sant-antoni-de-portmany,2025-06-19 15:00:00,43.310078,55.0,6
sant-antoni-de-portmany,2025-06-19 16:00:00,38.94681,59.0,6
sant-antoni-de-portmany,2025-06-19 17:00:00,38.33728,18.0,6
sant-antoni-de-portmany,2025-06-19 18:00:00,36.55787,30.0,6
sant-antoni-de-portmany,2025-06-19 19:00:00,34.551323,32.0,6
sant-antoni-de-portmany,2025-06-19 20:00:00,33.005985,5.0,6
sant-antoni-de-portmany,2025-06-20 08:00:00,33.925854,28.0,6
sant-antoni-de-portmany,2025-06-20 09:00:00,38.167503,48.0,6
sant-antoni-de-portmany,2025-06-20 10:00:00,40.650566,66.0,6
sant-antoni-de-portmany,2025-06-20 11:00:00,39.201374,64.0,6
sant-antoni-de-portmany,2025-06-20 12:00:00,39.620842,60.0,6
sant-antoni-de-portmany,2025-06-20 13:00:00,39.041706,64.0,6
sant-antoni-de-portmany,2025-06-20 14:00:00,39.655075,62.0,6
sant-antoni-de-portmany,2025-06-20 15:00:00,41.143837,58.0,6
sant-antoni-de-portmany,2025-06-20 16:00:00,38.747375,44.0,6
sant-antoni-de-portmany,2025-06-20 17:00:00,36.540924,24.0,6
sant-antoni-de-portmany,2025-06-20 18:00:00,35.214626,19.0,6
sant-antoni-de-portmany,2025-06-20 19:00:00,33.79721,37.0,6
sant-antoni-de-portmany,2025-06-20 20:00:00,32.763077,10.0,6
sant-antoni-de-portmany,2025-06-21 08:00:00,31.998367,24.0,6
sant-antoni-de-portmany,2025-06-21 09:00:00,35.052876,35.0,6
sant-antoni-de-portmany,2025-06-21 10:00:00,37.574368,70.0,6
sant-antoni-de-portmany,2025-06-21 11:00:00,40.265358,70.0,6
sant-antoni-de-portmany,2025-06-21 12:00:00,42.889397,51.0,6
sant-antoni-de-portmany,2025-06-21 13:00:00,43.016216,65.0,6
sant-antoni-de-portmany,2025-06-21 14:00:00,41.433533,70.0,6
sant-antoni-de-portmany,2025-06-21 15:00:00,44.271336,88.99798393249512,6
sant-antoni-de-portmany,2025-06-21 16:00:00,40.59129,51.0,6
sant-antoni-de-portmany,2025-06-21 17:00:00,39.816975,41.0,6
sant-antoni-de-portmany,2025-06-21 18:00:00,41.29875,31.0,6
sant-antoni-de-portmany,2025-06-21 19:00:00,37.554363,39.0,6
sant-antoni-de-portmany,2025-06-21 20:00:00,36.15279,8.0,6
sant-antoni-de-portmany,2025-06-22 08:00:00,34.272392,27.0,6
sant-antoni-de-portmany,2025-06-22 09:00:00,37.100155,47.0,6
sant-antoni-de-portmany,2025-06-22 10:00:00,39.633144,74.0,6
sant-antoni-de-portmany,2025-06-22 11:00:00,40.858036,86.0,6
sant-antoni-de-portmany,2025-06-22 12:00:00,43.96517,82.0,6
sant-antoni-de-portmany,2025-06-22 13:00:00,50.039165,88.0,6
sant-antoni-de-portmany,2025-06-22 14:00:00,46.40364,72.0,6
sant-antoni-de-portmany,2025-06-22 15:00:00,47.665344,79.0,6
sant-antoni-de-portmany,2025-06-22 16:00:00,45.897568,66.0,6
sant-antoni-de-portmany,2025-06-22 17:00:00,47.17275,48.0,6
sant-antoni-de-portmany,2025-06-22 18:00:00,45.1941,46.0,6
sant-antoni-de-portmany,2025-06-22 19:00:00,41.658966,38.0,6
sant-antoni-de-portmany,2025-06-22 20:00:00,39.656853,5.0,6
sant-antoni-de-portmany,2025-06-23 08:00:00,39.30716,30.0,6
sant-antoni-de-portmany,2025-06-23 09:00:00,45.025875,48.0,6
sant-antoni-de-portmany,2025-06-23 10:00:00,45.204216,55.0,6
sant-antoni-de-portmany,2025-06-23 11:00:00,47.614895,53.0,6
sant-antoni-de-portmany,2025-06-23 12:00:00,47.969463,43.0,6
sant-antoni-de-portmany,2025-06-23 13:00:00,49.452797,71.0,6
sant-antoni-de-portmany,2025-06-23 15:00:00,51.94672,53.0,6
sant-antoni-de-portmany,2025-06-23 16:00:00,52.469135,39.0,6
sant-antoni-de-portmany,2025-06-23 17:00:00,47.265022,19.0,6
sant-antoni-de-portmany,2025-06-23 18:00:00,44.064793,26.0,6
sant-antoni-de-portmany,2025-06-23 19:00:00,40.036396,35.0,6
sant-antoni-de-portmany,2025-06-23 20:00:00,38.63617,8.0,6
sant-antoni-de-portmany,2025-06-24 08:00:00,39.12643,26.0,6
sant-antoni-de-portmany,2025-06-24 09:00:00,45.3081,32.0,6
sant-antoni-de-portmany,2025-06-24 10:00:00,46.316868,71.0,6
sant-antoni-de-portmany,2025-06-24 11:00:00,50.15558,61.0,6
sant-antoni-de-portmany,2025-06-24 12:00:00,51.54234,55.0,6
sant-antoni-de-portmany,2025-06-24 13:00:00,51.898914,50.0,6
sant-antoni-de-portmany,2025-06-24 14:00:00,55.13308,66.0,6
sant-antoni-de-portmany,2025-06-24 15:00:00,67.82434,88.99798393249512,6
sant-antoni-de-portmany,2025-06-24 16:00:00,70.22273,46.0,6
sant-antoni-de-portmany,2025-06-24 17:00:00,65.93334,42.0,6
sant-antoni-de-portmany,2025-06-24 18:00:00,47.02177,38.0,6
sant-antoni-de-portmany,2025-06-24 19:00:00,40.335876,44.0,6
sant-antoni-de-portmany,2025-06-24 20:00:00,39.256756,22.0,6
sant-antoni-de-portmany,2025-06-25 08:00:00,38.613968,28.0,6
sant-antoni-de-portmany,2025-06-25 09:00:00,46.951454,38.0,6
sant-antoni-de-portmany,2025-06-25 10:00:00,49.48838,66.0,6
sant-antoni-de-portmany,2025-06-25 11:00:00,53.17893,73.0,6
sant-antoni-de-portmany,2025-06-25 12:00:00,55.16068,55.0,6
sant-antoni-de-portmany,2025-06-25 13:00:00,53.795925,50.0,6
sant-antoni-de-portmany,2025-06-25 14:00:00,53.294785,57.0,6
sant-antoni-de-portmany,2025-06-25 15:00:00,50.752968,52.0,6
sant-antoni-de-portmany,2025-06-25 16:00:00,51.066875,60.0,6
sant-antoni-de-portmany,2025-06-25 17:00:00,45.419514,45.0,6
sant-antoni-de-portmany,2025-06-25 18:00:00,43.134808,21.0,6
sant-antoni-de-portmany,2025-06-25 19:00:00,39.053627,40.0,6
sant-antoni-de-portmany,2025-06-25 20:00:00,37.515984,9.0,6
sant-antoni-de-portmany,2025-06-26 08:00:00,35.435238,18.0,6
sant-antoni-de-portmany,2025-06-26 09:00:00,41.74556,49.0,6
sant-antoni-de-portmany,2025-06-26 10:00:00,43.00843,43.0,6
sant-antoni-de-portmany,2025-06-26 11:00:00,47.587414,56.0,6
sant-antoni-de-portmany,2025-06-26 12:00:00,47.12346,67.0,6
sant-antoni-de-portmany,2025-06-26 13:00:00,65.66577,80.0,6
sant-antoni-de-portmany,2025-06-26 14:00:00,66.69254,83.0,6
sant-antoni-de-portmany,2025-06-26 15:00:00,66.93959,73.0,6
sant-antoni-de-portmany,2025-06-26 16:00:00,49.690952,59.0,6
sant-antoni-de-portmany,2025-06-26 17:00:00,45.688774,44.0,6
sant-antoni-de-portmany,2025-06-26 18:00:00,43.015213,22.0,6
sant-antoni-de-portmany,2025-06-26 19:00:00,40.42324,32.0,6
sant-antoni-de-portmany,2025-06-26 20:00:00,39.09527,21.0,6
sant-antoni-de-portmany,2025-06-27 08:00:00,38.856808,21.0,6
sant-antoni-de-portmany,2025-06-27 09:00:00,45.133312,39.0,6
sant-antoni-de-portmany,2025-06-27 10:00:00,46.61761,54.0,6
sant-antoni-de-portmany,2025-06-27 11:00:00,49.633255,64.0,6
sant-antoni-de-portmany,2025-06-27 12:00:00,51.326893,82.0,6
sant-antoni-de-portmany,2025-06-27 13:00:00,48.441414,65.0,6
sant-antoni-de-portmany,2025-06-27 14:00:00,46.802406,57.0,6
sant-antoni-de-portmany,2025-06-27 15:00:00,45.967937,56.0,6
sant-antoni-de-portmany,2025-06-27 16:00:00,44.159927,43.0,6
sant-antoni-de-portmany,2025-06-27 17:00:00,39.876175,38.0,6
sant-antoni-de-portmany,2025-06-27 18:00:00,38.815933,30.0,6
sant-antoni-de-portmany,2025-06-27 19:00:00,36.897003,60.0,6
sant-antoni-de-portmany,2025-06-27 20:00:00,35.621613,25.0,6
sant-antoni-de-portmany,2025-06-28 08:00:00,35.049873,17.0,6
sant-antoni-de-portmany,2025-06-28 09:00:00,40.8066,28.0,6
sant-antoni-de-portmany,2025-06-28 10:00:00,42.244522,51.0,6
sant-antoni-de-portmany,2025-06-28 11:00:00,46.97769,54.0,6
sant-antoni-de-portmany,2025-06-28 12:00:00,46.975266,63.0,6
sant-antoni-de-portmany,2025-06-28 13:00:00,66.648895,46.0,6
sant-antoni-de-portmany,2025-06-28 14:00:00,68.00049,46.0,6
sant-antoni-de-portmany,2025-06-28 15:00:00,67.98661,56.0,6
sant-antoni-de-portmany,2025-06-28 16:00:00,50.894524,58.0,6
sant-antoni-de-portmany,2025-06-28 17:00:00,46.498344,42.0,6
sant-antoni-de-portmany,2025-06-28 18:00:00,46.480713,49.0,6
sant-antoni-de-portmany,2025-06-28 19:00:00,51.641014,41.0,6
sant-antoni-de-portmany,2025-06-28 20:00:00,39.94912,31.0,6
sant-antoni-de-portmany,2025-06-29 08:00:00,40.879036,26.0,6
sant-antoni-de-portmany,2025-06-29 09:00:00,46.16336,34.0,6
sant-antoni-de-portmany,2025-06-29 10:00:00,47.71544,54.0,6
sant-antoni-de-portmany,2025-06-29 11:00:00,52.249603,88.99798393249512,6
sant-antoni-de-portmany,2025-06-29 12:00:00,54.178486,88.99798393249512,6
sant-antoni-de-portmany,2025-06-29 13:00:00,51.849194,88.99798393249512,6
sant-antoni-de-portmany,2025-06-29 14:00:00,51.913498,88.99798393249512,6
sant-antoni-de-portmany,2025-06-29 15:00:00,53.564587,85.0,6
sant-antoni-de-portmany,2025-06-29 16:00:00,52.276863,60.0,6
sant-antoni-de-portmany,2025-06-29 17:00:00,47.173126,48.0,6
sant-antoni-de-portmany,2025-06-29 18:00:00,45.68019,29.0,6
sant-antoni-de-portmany,2025-06-29 19:00:00,42.004436,28.0,6
sant-antoni-de-portmany,2025-06-29 20:00:00,39.80964,10.0,6
sant-antoni-de-portmany,2025-06-30 08:00:00,38.505356,31.0,6
sant-antoni-de-portmany,2025-06-30 09:00:00,43.566242,37.0,6
sant-antoni-de-portmany,2025-06-30 10:00:00,45.01156,48.0,6
sant-antoni-de-portmany,2025-06-30 11:00:00,48.780514,75.0,6
sant-antoni-de-portmany,2025-06-30 12:00:00,50.676945,57.0,6
sant-antoni-de-portmany,2025-06-30 13:00:00,50.618282,84.0,6
sant-antoni-de-portmany,2025-06-30 14:00:00,50.522827,73.0,6
sant-antoni-de-portmany,2025-06-30 15:00:00,52.152397,74.0,6
sant-antoni-de-portmany,2025-06-30 16:00:00,51.496346,41.0,6
sant-antoni-de-portmany,2025-06-30 17:00:00,45.59409,41.0,6
sant-antoni-de-portmany,2025-06-30 18:00:00,45.056995,41.0,6
sant-antoni-de-portmany,2025-06-30 19:00:00,40.722214,37.0,6
sant-antoni-de-portmany,2025-06-30 20:00:00,45.404503,8.0,6
sant-antoni-de-portmany,2025-07-01 08:00:00,40.889763,22.0,7
sant-antoni-de-portmany,2025-07-01 09:00:00,45.698124,52.0,7
sant-antoni-de-portmany,2025-07-01 10:00:00,47.18422,68.0,7
sant-antoni-de-portmany,2025-07-01 11:00:00,51.007816,74.0,7
sant-antoni-de-portmany,2025-07-01 12:00:00,52.924534,77.0,7
sant-antoni-de-portmany,2025-07-01 13:00:00,53.056126,72.0,7
sant-antoni-de-portmany,2025-07-01 14:00:00,51.995865,58.0,7
sant-antoni-de-portmany,2025-07-01 15:00:00,55.063644,79.0,7
sant-antoni-de-portmany,2025-07-01 16:00:00,69.68178,43.0,7
sant-antoni-de-portmany,2025-07-01 17:00:00,51.647366,42.0,7
sant-antoni-de-portmany,2025-07-01 18:00:00,62.797367,33.0,7
sant-antoni-de-portmany,2025-07-01 19:00:00,41.455963,36.0,7
sant-antoni-de-portmany,2025-07-01 20:00:00,39.24066,22.0,7
sant-antoni-de-portmany,2025-07-02 08:00:00,38.874176,22.0,7
sant-antoni-de-portmany,2025-07-02 09:00:00,45.409527,40.0,7
sant-antoni-de-portmany,2025-07-02 10:00:00,48.60137,75.0,7
sant-antoni-de-portmany,2025-07-02 11:00:00,52.914326,70.0,7
sant-antoni-de-portmany,2025-07-02 12:00:00,57.046753,61.0,7
sant-antoni-de-portmany,2025-07-02 13:00:00,57.618126,74.0,7
sant-antoni-de-portmany,2025-07-02 14:00:00,55.632328,75.0,7
sant-antoni-de-portmany,2025-07-02 15:00:00,54.45672,78.0,7
sant-antoni-de-portmany,2025-07-02 16:00:00,53.639057,54.0,7
sant-antoni-de-portmany,2025-07-02 17:00:00,45.903965,25.0,7
sant-antoni-de-portmany,2025-07-02 18:00:00,44.307472,14.0,7
sant-antoni-de-portmany,2025-07-02 19:00:00,40.309727,18.0,7
sant-antoni-de-portmany,2025-07-02 20:00:00,38.869957,10.0,7
sant-antoni-de-portmany,2025-07-03 08:00:00,39.341805,20.0,7
sant-antoni-de-portmany,2025-07-03 09:00:00,44.586746,42.0,7
sant-antoni-de-portmany,2025-07-03 10:00:00,46.25528,51.0,7
sant-antoni-de-portmany,2025-07-03 11:00:00,49.884212,63.0,7
sant-antoni-de-portmany,2025-07-03 12:00:00,51.188984,70.0,7
sant-antoni-de-portmany,2025-07-03 13:00:00,49.516537,88.99798393249512,7
sant-antoni-de-portmany,2025-07-03 14:00:00,52.564705,88.99798393249512,7
sant-antoni-de-portmany,2025-07-03 15:00:00,51.017868,88.0,7
sant-antoni-de-portmany,2025-07-03 16:00:00,50.27769,44.0,7
sant-antoni-de-portmany,2025-07-03 17:00:00,44.63957,24.0,7
sant-antoni-de-portmany,2025-07-03 18:00:00,44.365868,21.0,7
sant-antoni-de-portmany,2025-07-03 19:00:00,54.111,49.0,7
sant-antoni-de-portmany,2025-07-03 20:00:00,39.62188,19.0,7
sant-antoni-de-portmany,2025-07-04 08:00:00,40.434406,32.0,7
sant-antoni-de-portmany,2025-07-04 09:00:00,44.345047,55.0,7
sant-antoni-de-portmany,2025-07-04 10:00:00,48.75143,65.0,7
sant-antoni-de-portmany,2025-07-04 11:00:00,51.9829,59.0,7
sant-antoni-de-portmany,2025-07-04 12:00:00,54.449688,72.0,7
sant-antoni-de-portmany,2025-07-04 13:00:00,51.921146,63.0,7
sant-antoni-de-portmany,2025-07-04 14:00:00,53.803123,82.0,7
sant-antoni-de-portmany,2025-07-04 15:00:00,53.006428,88.99798393249512,7
sant-antoni-de-portmany,2025-07-04 16:00:00,52.788235,49.0,7
sant-antoni-de-portmany,2025-07-04 17:00:00,45.92318,27.0,7
sant-antoni-de-portmany,2025-07-04 18:00:00,43.572357,19.0,7
sant-antoni-de-portmany,2025-07-04 19:00:00,40.38384,39.0,7
sant-antoni-de-portmany,2025-07-04 20:00:00,38.581944,21.0,7
sant-antoni-de-portmany,2025-07-05 08:00:00,40.72328,23.0,7
sant-antoni-de-portmany,2025-07-05 09:00:00,44.02903,37.0,7
sant-antoni-de-portmany,2025-07-05 10:00:00,45.95188,57.0,7
sant-antoni-de-portmany,2025-07-05 11:00:00,49.603573,54.0,7
sant-antoni-de-portmany,2025-07-05 12:00:00,51.654972,81.0,7
sant-antoni-de-portmany,2025-07-05 13:00:00,51.91386,81.0,7
sant-antoni-de-portmany,2025-07-05 14:00:00,50.890892,83.0,7
sant-antoni-de-portmany,2025-07-05 15:00:00,51.099926,88.99798393249512,7
sant-antoni-de-portmany,2025-07-05 16:00:00,52.4012,77.0,7
sant-antoni-de-portmany,2025-07-05 17:00:00,49.653362,19.0,7
sant-antoni-de-portmany,2025-07-05 18:00:00,48.84364,32.0,7
sant-antoni-de-portmany,2025-07-05 19:00:00,42.53531,43.0,7
sant-antoni-de-portmany,2025-07-05 20:00:00,40.440464,6.0,7
sant-antoni-de-portmany,2025-07-06 08:00:00,39.275303,27.0,7
sant-antoni-de-portmany,2025-07-06 09:00:00,44.915157,30.0,7
sant-antoni-de-portmany,2025-07-06 10:00:00,47.4969,65.0,7
sant-antoni-de-portmany,2025-07-06 11:00:00,52.370396,71.0,7
sant-antoni-de-portmany,2025-07-06 12:00:00,51.89918,88.0,7
sant-antoni-de-portmany,2025-07-06 13:00:00,52.050133,88.99798393249512,7
sant-antoni-de-portmany,2025-07-06 14:00:00,52.505863,88.0,7
sant-antoni-de-portmany,2025-07-06 15:00:00,52.427547,88.0,7
sant-antoni-de-portmany,2025-07-06 16:00:00,54.877365,69.0,7
sant-antoni-de-portmany,2025-07-06 17:00:00,47.810944,42.0,7
sant-antoni-de-portmany,2025-07-06 18:00:00,44.924305,35.0,7
sant-antoni-de-portmany,2025-07-06 19:00:00,41.85841,35.0,7
sant-antoni-de-portmany,2025-07-06 20:00:00,40.173717,24.0,7
sant-antoni-de-portmany,2025-07-07 08:00:00,40.16957,25.0,7
sant-antoni-de-portmany,2025-07-07 09:00:00,45.762325,36.0,7
sant-antoni-de-portmany,2025-07-07 10:00:00,48.890923,60.0,7
sant-antoni-de-portmany,2025-07-07 11:00:00,50.92603,66.0,7
sant-antoni-de-portmany,2025-07-07 12:00:00,50.122025,81.0,7
sant-antoni-de-portmany,2025-07-07 13:00:00,50.514988,59.0,7
sant-antoni-de-portmany,2025-07-07 14:00:00,50.192093,63.0,7
sant-antoni-de-portmany,2025-07-07 15:00:00,50.331455,44.0,7
sant-antoni-de-portmany,2025-07-07 16:00:00,50.76745,25.0,7
sant-antoni-de-portmany,2025-07-07 17:00:00,45.348278,12.0,7
sant-antoni-de-portmany,2025-07-07 18:00:00,43.186527,24.0,7
sant-antoni-de-portmany,2025-07-07 19:00:00,40.57328,34.0,7
sant-antoni-de-portmany,2025-07-07 20:00:00,38.855858,6.0,7
sant-antoni-de-portmany,2025-07-08 08:00:00,37.572224,22.0,7
sant-antoni-de-portmany,2025-07-08 09:00:00,38.582203,31.0,7
sant-antoni-de-portmany,2025-07-08 10:00:00,43.804913,32.0,7
sant-antoni-de-portmany,2025-07-08 11:00:00,42.63031,25.0,7
sant-antoni-de-portmany,2025-07-08 12:00:00,43.59934,30.0,7
sant-antoni-de-portmany,2025-07-08 13:00:00,43.418015,38.0,7
sant-antoni-de-portmany,2025-07-08 14:00:00,43.41628,34.0,7
sant-antoni-de-portmany,2025-07-08 15:00:00,59.7801,47.0,7
sant-antoni-de-portmany,2025-07-08 16:00:00,58.282635,26.0,7
sant-antoni-de-portmany,2025-07-08 17:00:00,57.30319,20.0,7
sant-antoni-de-portmany,2025-07-08 18:00:00,54.868614,14.0,7
sant-antoni-de-portmany,2025-07-08 19:00:00,48.7926,29.0,7
sant-antoni-de-portmany,2025-07-08 20:00:00,39.331783,6.0,7
sant-antoni-de-portmany,2025-07-09 08:00:00,36.269447,32.0,7
sant-antoni-de-portmany,2025-07-09 09:00:00,44.205593,61.0,7
sant-antoni-de-portmany,2025-07-09 10:00:00,46.896233,65.0,7
sant-antoni-de-portmany,2025-07-09 11:00:00,52.105545,74.0,7
sant-antoni-de-portmany,2025-07-09 12:00:00,55.503998,63.0,7
sant-antoni-de-portmany,2025-07-09 13:00:00,54.92845,62.0,7
sant-antoni-de-portmany,2025-07-09 14:00:00,53.27781,64.0,7
sant-antoni-de-portmany,2025-07-09 15:00:00,56.058376,72.0,7
sant-antoni-de-portmany,2025-07-09 16:00:00,51.013386,35.0,7
sant-antoni-de-portmany,2025-07-09 17:00:00,47.761974,39.0,7
sant-antoni-de-portmany,2025-07-09 18:00:00,43.51425,28.0,7
sant-antoni-de-portmany,2025-07-09 19:00:00,40.476345,28.0,7
sant-antoni-de-portmany,2025-07-09 20:00:00,38.619633,6.0,7
sant-antoni-de-portmany,2025-07-10 08:00:00,38.358887,27.0,7
sant-antoni-de-portmany,2025-07-10 09:00:00,44.91525,56.0,7
sant-antoni-de-portmany,2025-07-10 10:00:00,46.053288,86.0,7
sant-antoni-de-portmany,2025-07-10 11:00:00,51.898888,71.0,7
sant-antoni-de-portmany,2025-07-10 12:00:00,52.793884,56.0,7
sant-antoni-de-portmany,2025-07-10 13:00:00,52.825703,62.0,7
sant-antoni-de-portmany,2025-07-10 14:00:00,53.790596,64.0,7
sant-antoni-de-portmany,2025-07-10 15:00:00,56.57887,60.0,7
sant-antoni-de-portmany,2025-07-10 16:00:00,56.171448,57.0,7
sant-antoni-de-portmany,2025-07-10 17:00:00,47.7021,26.0,7
sant-antoni-de-portmany,2025-07-10 18:00:00,42.94395,34.0,7
sant-antoni-de-portmany,2025-07-10 19:00:00,40.774612,42.0,7
sant-antoni-de-portmany,2025-07-10 20:00:00,38.842487,6.0,7
sant-antoni-de-portmany,2025-07-11 08:00:00,37.859158,21.0,7
sant-antoni-de-portmany,2025-07-11 09:00:00,44.11438,67.0,7
sant-antoni-de-portmany,2025-07-11 10:00:00,46.566307,65.0,7
sant-antoni-de-portmany,2025-07-11 11:00:00,50.900692,85.0,7
sant-antoni-de-portmany,2025-07-11 12:00:00,54.531467,73.0,7
sant-antoni-de-portmany,2025-07-11 13:00:00,52.998386,51.0,7
sant-antoni-de-portmany,2025-07-11 14:00:00,55.775906,52.0,7
sant-antoni-de-portmany,2025-07-11 15:00:00,52.735012,53.0,7
sant-antoni-de-portmany,2025-07-11 16:00:00,51.49098,35.0,7
sant-antoni-de-portmany,2025-07-11 17:00:00,47.555046,18.0,7
sant-antoni-de-portmany,2025-07-11 19:00:00,40.36909,37.0,7
sant-antoni-de-portmany,2025-07-11 20:00:00,39.213245,6.0,7
sant-antoni-de-portmany,2025-07-12 08:00:00,38.33623,30.0,7
sant-antoni-de-portmany,2025-07-12 09:00:00,39.44059,40.0,7
sant-antoni-de-portmany,2025-07-12 10:00:00,44.68031,62.0,7
sant-antoni-de-portmany,2025-07-12 11:00:00,48.600853,80.0,7
sant-antoni-de-portmany,2025-07-12 12:00:00,51.68519,57.0,7
sant-antoni-de-portmany,2025-07-12 13:00:00,51.30766,46.0,7
sant-antoni-de-portmany,2025-07-12 14:00:00,51.966213,72.0,7
sant-antoni-de-portmany,2025-07-12 15:00:00,50.1143,44.0,7
sant-antoni-de-portmany,2025-07-12 16:00:00,49.950684,31.0,7
sant-antoni-de-portmany,2025-07-12 17:00:00,45.038883,47.0,7
sant-antoni-de-portmany,2025-07-12 18:00:00,54.852818,6.0,7
sant-antoni-de-portmany,2025-07-12 19:00:00,47.905987,14.0,7
sant-antoni-de-portmany,2025-07-12 20:00:00,45.090233,6.0,7
sant-antoni-de-portmany,2025-07-13 08:00:00,38.24723,25.0,7
sant-antoni-de-portmany,2025-07-13 09:00:00,44.856388,53.0,7
sant-antoni-de-portmany,2025-07-13 10:00:00,46.797466,71.0,7
sant-antoni-de-portmany,2025-07-13 11:00:00,52.946297,84.0,7
sant-antoni-de-portmany,2025-07-13 12:00:00,56.13856,63.0,7
sant-antoni-de-portmany,2025-07-13 13:00:00,55.88398,65.0,7
sant-antoni-de-portmany,2025-07-13 14:00:00,55.88465,81.0,7
sant-antoni-de-portmany,2025-07-13 15:00:00,55.97476,61.0,7
sant-antoni-de-portmany,2025-07-13 16:00:00,55.045242,13.0,7
sant-antoni-de-portmany,2025-07-13 17:00:00,49.707073,33.0,7
sant-antoni-de-portmany,2025-07-13 18:00:00,44.37706,25.0,7
sant-antoni-de-portmany,2025-07-13 19:00:00,41.80625,43.0,7
sant-antoni-de-portmany,2025-07-13 20:00:00,47.176266,6.0,7
sant-antoni-de-portmany,2025-07-14 08:00:00,38.529236,15.0,7
sant-antoni-de-portmany,2025-07-14 09:00:00,44.515327,49.0,7
sant-antoni-de-portmany,2025-07-14 10:00:00,44.80518,58.0,7
sant-antoni-de-portmany,2025-07-14 11:00:00,50.826077,53.0,7
sant-antoni-de-portmany,2025-07-14 12:00:00,55.136013,70.0,7
sant-antoni-de-portmany,2025-07-14 13:00:00,54.084763,63.0,7
sant-antoni-de-portmany,2025-07-14 14:00:00,45.98458,53.0,7
sant-antoni-de-portmany,2025-07-14 15:00:00,51.32356,48.0,7
sant-antoni-de-portmany,2025-07-14 16:00:00,50.271637,31.0,7
sant-antoni-de-portmany,2025-07-14 17:00:00,48.015644,23.0,7
sant-antoni-de-portmany,2025-07-14 18:00:00,45.53103,32.0,7
sant-antoni-de-portmany,2025-07-14 19:00:00,40.821365,38.0,7
sant-antoni-de-portmany,2025-07-14 20:00:00,45.604286,5.0,7
sant-antoni-de-portmany,2025-07-15 08:00:00,37.05251,38.0,7
sant-antoni-de-portmany,2025-07-15 09:00:00,44.603256,37.0,7
sant-antoni-de-portmany,2025-07-15 10:00:00,47.364048,77.0,7
sant-antoni-de-portmany,2025-07-15 11:00:00,52.299454,62.0,7
sant-antoni-de-portmany,2025-07-15 12:00:00,55.525166,63.0,7
sant-antoni-de-portmany,2025-07-15 13:00:00,55.782536,59.0,7
sant-antoni-de-portmany,2025-07-15 14:00:00,55.132927,57.0,7
sant-antoni-de-portmany,2025-07-15 15:00:00,57.337982,52.0,7
sant-antoni-de-portmany,2025-07-15 16:00:00,56.524307,27.0,7
sant-antoni-de-portmany,2025-07-15 17:00:00,64.11271,28.0,7
sant-antoni-de-portmany,2025-07-15 18:00:00,60.42449,30.0,7
sant-antoni-de-portmany,2025-07-15 19:00:00,49.03849,45.0,7
sant-antoni-de-portmany,2025-07-15 20:00:00,44.83249,6.0,7
sant-antoni-de-portmany,2025-07-16 08:00:00,38.021194,18.0,7
sant-antoni-de-portmany,2025-07-16 09:00:00,44.435154,26.0,7
sant-antoni-de-portmany,2025-07-16 10:00:00,47.408108,43.0,7
sant-antoni-de-portmany,2025-07-16 11:00:00,53.40511,46.0,7
sant-antoni-de-portmany,2025-07-16 12:00:00,56.92233,72.0,7
sant-antoni-de-portmany,2025-07-16 13:00:00,57.412838,51.0,7
sant-antoni-de-portmany,2025-07-16 14:00:00,55.985554,48.0,7
sant-antoni-de-portmany,2025-07-16 15:00:00,56.022507,67.0,7
sant-antoni-de-portmany,2025-07-16 16:00:00,55.23181,44.0,7
sant-antoni-de-portmany,2025-07-16 17:00:00,49.836353,32.0,7
sant-antoni-de-portmany,2025-07-16 18:00:00,43.599552,15.0,7
sant-antoni-de-portmany,2025-07-16 19:00:00,39.744476,52.0,7
sant-antoni-de-portmany,2025-07-16 20:00:00,38.516426,6.0,7
sant-antoni-de-portmany,2025-07-17 08:00:00,37.996284,20.0,7
sant-antoni-de-portmany,2025-07-17 09:00:00,43.951057,42.0,7
sant-antoni-de-portmany,2025-07-17 10:00:00,45.798195,78.0,7
sant-antoni-de-portmany,2025-07-17 11:00:00,49.85701,63.0,7
sant-antoni-de-portmany,2025-07-17 12:00:00,51.761074,68.0,7
sant-antoni-de-portmany,2025-07-17 13:00:00,51.323658,71.0,7
sant-antoni-de-portmany,2025-07-17 14:00:00,49.463192,87.0,7
sant-antoni-de-portmany,2025-07-17 15:00:00,46.782394,88.99798393249512,7
sant-antoni-de-portmany,2025-07-17 16:00:00,45.171326,38.0,7
sant-antoni-de-portmany,2025-07-17 17:00:00,40.473732,23.0,7
sant-antoni-de-portmany,2025-07-17 18:00:00,39.08502,21.0,7
sant-antoni-de-portmany,2025-07-17 19:00:00,36.392494,53.0,7
sant-antoni-de-portmany,2025-07-17 20:00:00,35.415577,6.0,7
sant-antoni-de-portmany,2025-07-18 08:00:00,34.660027,40.0,7
sant-antoni-de-portmany,2025-07-18 09:00:00,38.869095,44.0,7
sant-antoni-de-portmany,2025-07-18 10:00:00,40.478123,58.0,7
sant-antoni-de-portmany,2025-07-18 11:00:00,43.5084,59.0,7
sant-antoni-de-portmany,2025-07-18 12:00:00,45.438614,54.0,7
sant-antoni-de-portmany,2025-07-18 13:00:00,45.57775,63.0,7
sant-antoni-de-portmany,2025-07-18 14:00:00,46.912308,75.0,7
sant-antoni-de-portmany,2025-07-18 15:00:00,46.786434,66.0,7
sant-antoni-de-portmany,2025-07-18 16:00:00,49.90617,52.0,7
sant-antoni-de-portmany,2025-07-18 17:00:00,42.601006,20.0,7
sant-antoni-de-portmany,2025-07-18 18:00:00,40.50239,16.0,7
sant-antoni-de-portmany,2025-07-18 19:00:00,39.536537,44.0,7
sant-antoni-de-portmany,2025-07-18 20:00:00,38.534737,6.0,7
sant-antoni-de-portmany,2025-07-19 08:00:00,37.853264,10.0,7
sant-antoni-de-portmany,2025-07-19 09:00:00,43.19502,21.0,7
sant-antoni-de-portmany,2025-07-19 10:00:00,44.98119,36.0,7
sant-antoni-de-portmany,2025-07-19 11:00:00,50.764393,32.0,7
sant-antoni-de-portmany,2025-07-19 12:00:00,47.918404,41.0,7
sant-antoni-de-portmany,2025-07-19 13:00:00,45.380478,73.0,7
sant-antoni-de-portmany,2025-07-19 14:00:00,45.88369,62.0,7
sant-antoni-de-portmany,2025-07-19 15:00:00,61.193584,61.0,7
sant-antoni-de-portmany,2025-07-19 16:00:00,46.43815,21.0,7
sant-antoni-de-portmany,2025-07-19 17:00:00,41.953465,17.0,7
sant-antoni-de-portmany,2025-07-19 18:00:00,44.00086,13.0,7
sant-antoni-de-portmany,2025-07-19 19:00:00,40.447353,32.0,7
sant-antoni-de-portmany,2025-07-19 20:00:00,39.133816,6.0,7
sant-antoni-de-portmany,2025-07-20 08:00:00,38.770226,18.0,7
sant-antoni-de-portmany,2025-07-20 09:00:00,43.63401,44.0,7
sant-antoni-de-portmany,2025-07-20 10:00:00,46.056404,82.0,7
sant-antoni-de-portmany,2025-07-20 11:00:00,51.77189,64.0,7
sant-antoni-de-portmany,2025-07-20 12:00:00,54.259815,49.0,7
sant-antoni-de-portmany,2025-07-20 13:00:00,51.86485,55.0,7
sant-antoni-de-portmany,2025-07-20 14:00:00,53.808216,64.0,7
sant-antoni-de-portmany,2025-07-20 15:00:00,53.60804,76.0,7
sant-antoni-de-portmany,2025-07-20 16:00:00,68.89699,52.0,7
sant-antoni-de-portmany,2025-07-20 17:00:00,48.16533,28.0,7
sant-antoni-de-portmany,2025-07-20 18:00:00,44.742733,27.0,7
sant-antoni-de-portmany,2025-07-20 19:00:00,40.897892,45.0,7
sant-antoni-de-portmany,2025-07-20 20:00:00,39.87045,6.0,7
sant-antoni-de-portmany,2025-07-21 08:00:00,39.563812,16.0,7
sant-antoni-de-portmany,2025-07-21 09:00:00,44.17379,35.0,7
sant-antoni-de-portmany,2025-07-21 10:00:00,45.66805,49.0,7
sant-antoni-de-portmany,2025-07-21 11:00:00,49.976837,66.0,7
sant-antoni-de-portmany,2025-07-21 12:00:00,50.703236,54.0,7
sant-antoni-de-portmany,2025-07-21 13:00:00,50.83084,56.0,7
sant-antoni-de-portmany,2025-07-21 14:00:00,52.185955,50.0,7
sant-antoni-de-portmany,2025-07-21 15:00:00,53.97747,62.0,7
sant-antoni-de-portmany,2025-07-21 16:00:00,52.008244,29.0,7
sant-antoni-de-portmany,2025-07-21 17:00:00,47.021595,15.0,7
sant-antoni-de-portmany,2025-07-21 18:00:00,45.220844,20.0,7
sant-antoni-de-portmany,2025-07-21 19:00:00,40.333447,54.0,7
sant-antoni-de-portmany,2025-07-21 20:00:00,39.308678,5.0,7
sant-antoni-de-portmany,2025-07-22 08:00:00,38.893604,26.0,7
sant-antoni-de-portmany,2025-07-22 09:00:00,42.805805,38.0,7
sant-antoni-de-portmany,2025-07-22 10:00:00,44.377575,65.0,7
sant-antoni-de-portmany,2025-07-22 11:00:00,49.371086,66.0,7
sant-antoni-de-portmany,2025-07-22 12:00:00,50.596474,60.0,7
sant-antoni-de-portmany,2025-07-22 13:00:00,51.04895,66.0,7
sant-antoni-de-portmany,2025-07-22 14:00:00,52.404716,49.0,7
sant-antoni-de-portmany,2025-07-22 15:00:00,53.038963,67.0,7
sant-antoni-de-portmany,2025-07-22 16:00:00,45.98093,55.0,7
sant-antoni-de-portmany,2025-07-22 17:00:00,44.556316,21.0,7
sant-antoni-de-portmany,2025-07-22 18:00:00,44.926895,32.0,7
sant-antoni-de-portmany,2025-07-22 19:00:00,39.986126,45.0,7
sant-antoni-de-portmany,2025-07-22 20:00:00,38.430943,6.0,7
sant-antoni-de-portmany,2025-07-23 08:00:00,38.10484,32.0,7
sant-antoni-de-portmany,2025-07-23 09:00:00,42.469666,71.0,7
sant-antoni-de-portmany,2025-07-23 10:00:00,45.717148,88.99798393249512,7
sant-antoni-de-portmany,2025-07-23 11:00:00,49.59114,86.0,7
sant-antoni-de-portmany,2025-07-23 12:00:00,51.7391,77.0,7
sant-antoni-de-portmany,2025-07-23 13:00:00,51.998577,68.0,7
sant-antoni-de-portmany,2025-07-23 14:00:00,52.8079,69.0,7
sant-antoni-de-portmany,2025-07-23 15:00:00,49.02564,47.0,7
sant-antoni-de-portmany,2025-07-23 16:00:00,46.73921,41.0,7
sant-antoni-de-portmany,2025-07-23 17:00:00,44.94922,31.0,7
sant-antoni-de-portmany,2025-07-23 18:00:00,42.808334,23.0,7
sant-antoni-de-portmany,2025-07-23 19:00:00,40.433475,40.0,7
sant-antoni-de-portmany,2025-07-23 20:00:00,39.336285,6.0,7
sant-antoni-de-portmany,2025-07-24 08:00:00,37.522995,29.0,7
sant-antoni-de-portmany,2025-07-24 09:00:00,38.88616,41.0,7
sant-antoni-de-portmany,2025-07-24 10:00:00,39.16818,40.0,7
sant-antoni-de-portmany,2025-07-24 11:00:00,46.79715,29.0,7
sant-antoni-de-portmany,2025-07-24 12:00:00,43.715313,28.0,7
sant-antoni-de-portmany,2025-07-24 13:00:00,43.59192,33.0,7
sant-antoni-de-portmany,2025-07-24 14:00:00,45.839966,46.0,7
sant-antoni-de-portmany,2025-07-24 15:00:00,44.121445,26.0,7
sant-antoni-de-portmany,2025-07-24 16:00:00,42.976337,11.0,7
sant-antoni-de-portmany,2025-07-24 17:00:00,42.722893,10.0,7
sant-antoni-de-portmany,2025-07-24 18:00:00,42.47207,5.0,7
sant-antoni-de-portmany,2025-07-24 19:00:00,35.898445,6.0,7
sant-antoni-de-portmany,2025-07-24 20:00:00,33.130806,6.0,7
sant-antoni-de-portmany,2025-07-25 08:00:00,38.192802,15.0,7
sant-antoni-de-portmany,2025-07-25 09:00:00,38.987995,27.0,7
sant-antoni-de-portmany,2025-07-25 10:00:00,39.69054,39.0,7
sant-antoni-de-portmany,2025-07-25 11:00:00,47.07972,60.0,7
sant-antoni-de-portmany,2025-07-25 12:00:00,48.24326,47.0,7
sant-antoni-de-portmany,2025-07-25 13:00:00,49.214764,84.0,7
sant-antoni-de-portmany,2025-07-25 14:00:00,47.798042,73.0,7
sant-antoni-de-portmany,2025-07-25 15:00:00,44.633472,54.0,7
sant-antoni-de-portmany,2025-07-25 16:00:00,47.527843,36.0,7
sant-antoni-de-portmany,2025-07-25 17:00:00,42.614697,21.0,7
sant-antoni-de-portmany,2025-07-25 18:00:00,41.196808,11.0,7
sant-antoni-de-portmany,2025-07-25 19:00:00,39.84197,42.0,7
sant-antoni-de-portmany,2025-07-25 20:00:00,35.80507,6.0,7
sant-antoni-de-portmany,2025-07-26 08:00:00,38.102047,14.0,7
sant-antoni-de-portmany,2025-07-26 09:00:00,40.94746,50.0,7
sant-antoni-de-portmany,2025-07-26 10:00:00,44.09813,65.0,7
sant-antoni-de-portmany,2025-07-26 11:00:00,47.969975,70.0,7
sant-antoni-de-portmany,2025-07-26 12:00:00,49.772137,55.0,7
sant-antoni-de-portmany,2025-07-26 13:00:00,50.060272,56.0,7
sant-antoni-de-portmany,2025-07-26 14:00:00,53.808815,79.0,7
sant-antoni-de-portmany,2025-07-26 15:00:00,50.407448,66.0,7
sant-antoni-de-portmany,2025-07-26 16:00:00,47.824303,46.0,7
sant-antoni-de-portmany,2025-07-26 17:00:00,45.374603,19.0,7
sant-antoni-de-portmany,2025-07-26 18:00:00,54.78627,14.0,7
sant-antoni-de-portmany,2025-07-26 19:00:00,47.803543,29.0,7
sant-antoni-de-portmany,2025-07-26 20:00:00,37.62571,6.0,7
sant-antoni-de-portmany,2025-07-27 08:00:00,38.43039,19.0,7
sant-antoni-de-portmany,2025-07-27 09:00:00,43.15091,53.0,7
sant-antoni-de-portmany,2025-07-27 10:00:00,45.835083,70.0,7
sant-antoni-de-portmany,2025-07-27 11:00:00,50.052826,65.0,7
sant-antoni-de-portmany,2025-07-27 12:00:00,53.143745,65.0,7
sant-antoni-de-portmany,2025-07-27 13:00:00,50.934795,64.0,7
sant-antoni-de-portmany,2025-07-27 14:00:00,51.53187,88.99798393249512,7
sant-antoni-de-portmany,2025-07-27 15:00:00,50.786793,78.0,7
sant-antoni-de-portmany,2025-07-27 16:00:00,49.70697,19.0,7
sant-antoni-de-portmany,2025-07-27 17:00:00,45.05167,29.0,7
sant-antoni-de-portmany,2025-07-27 18:00:00,45.447594,19.0,7
sant-antoni-de-portmany,2025-07-27 19:00:00,40.35801,32.0,7
sant-antoni-de-portmany,2025-07-27 20:00:00,39.38991,6.0,7
sant-antoni-de-portmany,2025-07-28 08:00:00,38.698353,18.0,7
sant-antoni-de-portmany,2025-07-28 09:00:00,42.876617,42.0,7
sant-antoni-de-portmany,2025-07-28 10:00:00,44.41576,60.0,7
sant-antoni-de-portmany,2025-07-28 11:00:00,48.41843,73.0,7
sant-antoni-de-portmany,2025-07-28 12:00:00,50.084747,57.0,7
sant-antoni-de-portmany,2025-07-28 13:00:00,48.468384,73.0,7
sant-antoni-de-portmany,2025-07-28 14:00:00,48.064087,53.0,7
sant-antoni-de-portmany,2025-07-28 15:00:00,47.088165,58.0,7
sant-antoni-de-portmany,2025-07-28 16:00:00,44.932312,32.0,7
sant-antoni-de-portmany,2025-07-28 17:00:00,41.92797,25.0,7
sant-antoni-de-portmany,2025-07-28 18:00:00,40.05313,19.0,7
sant-antoni-de-portmany,2025-07-28 19:00:00,37.65793,35.0,7
sant-antoni-de-portmany,2025-07-28 20:00:00,36.067814,5.0,7
sant-antoni-de-portmany,2025-07-29 08:00:00,33.68723,24.0,7
sant-antoni-de-portmany,2025-07-29 09:00:00,33.492146,38.0,7
sant-antoni-de-portmany,2025-07-29 10:00:00,34.389416,44.0,7
sant-antoni-de-portmany,2025-07-29 11:00:00,36.89291,35.0,7
sant-antoni-de-portmany,2025-07-29 12:00:00,41.94397,36.0,7
sant-antoni-de-portmany,2025-07-29 13:00:00,44.250565,38.0,7
sant-antoni-de-portmany,2025-07-29 14:00:00,49.928722,45.0,7
sant-antoni-de-portmany,2025-07-29 15:00:00,43.144833,32.0,7
sant-antoni-de-portmany,2025-07-29 16:00:00,41.550964,30.0,7
sant-antoni-de-portmany,2025-07-29 17:00:00,41.065617,14.0,7
sant-antoni-de-portmany,2025-07-29 18:00:00,40.85944,13.0,7
sant-antoni-de-portmany,2025-07-29 19:00:00,40.090794,35.0,7
sant-antoni-de-portmany,2025-07-29 20:00:00,36.48554,6.0,7
sant-antoni-de-portmany,2025-07-30 08:00:00,38.110798,18.0,7
sant-antoni-de-portmany,2025-07-30 09:00:00,42.18985,59.0,7
sant-antoni-de-portmany,2025-07-30 10:00:00,43.867397,67.0,7
sant-antoni-de-portmany,2025-07-30 11:00:00,47.985752,51.0,7
sant-antoni-de-portmany,2025-07-30 12:00:00,47.7048,49.0,7
sant-antoni-de-portmany,2025-07-30 13:00:00,49.322285,63.0,7
sant-antoni-de-portmany,2025-07-30 14:00:00,48.020588,79.0,7
sant-antoni-de-portmany,2025-07-30 15:00:00,49.610348,52.0,7
sant-antoni-de-portmany,2025-07-30 16:00:00,44.505768,17.0,7
sant-antoni-de-portmany,2025-07-30 17:00:00,41.590397,24.0,7
sant-antoni-de-portmany,2025-07-30 18:00:00,41.480984,45.0,7
sant-antoni-de-portmany,2025-07-30 19:00:00,39.52591,7.0,7
sant-antoni-de-portmany,2025-07-30 20:00:00,37.05717,6.0,7
sant-antoni-de-portmany,2025-07-31 08:00:00,37.80875,27.0,7
sant-antoni-de-portmany,2025-07-31 09:00:00,40.715984,51.0,7
sant-antoni-de-portmany,2025-07-31 10:00:00,44.19488,58.0,7
sant-antoni-de-portmany,2025-07-31 11:00:00,47.889114,64.0,7
sant-antoni-de-portmany,2025-07-31 12:00:00,49.579353,44.0,7
sant-antoni-de-portmany,2025-07-31 13:00:00,49.563934,88.99798393249512,7
sant-antoni-de-portmany,2025-07-31 14:00:00,51.099857,71.0,7
sant-antoni-de-portmany,2025-07-31 15:00:00,50.265984,40.0,7
sant-antoni-de-portmany,2025-07-31 16:00:00,48.821735,20.0,7
sant-antoni-de-portmany,2025-07-31 17:00:00,44.841522,10.0,7
sant-antoni-de-portmany,2025-07-31 18:00:00,42.190624,29.0,7
sant-antoni-de-portmany,2025-07-31 19:00:00,40.163956,7.0,7
sant-antoni-de-portmany,2025-07-31 20:00:00,37.45022,6.0,7
sant-antoni-de-portmany,2025-08-01 08:00:00,38.32783,39.0,8
sant-antoni-de-portmany,2025-08-01 09:00:00,43.21991,64.0,8
sant-antoni-de-portmany,2025-08-01 10:00:00,44.185677,67.0,8
sant-antoni-de-portmany,2025-08-01 11:00:00,49.12446,67.0,8
sant-antoni-de-portmany,2025-08-01 12:00:00,51.312454,53.0,8
sant-antoni-de-portmany,2025-08-01 13:00:00,52.906326,72.0,8
sant-antoni-de-portmany,2025-08-01 14:00:00,66.4427,70.0,8
sant-antoni-de-portmany,2025-08-01 15:00:00,66.666405,46.0,8
sant-antoni-de-portmany,2025-08-01 16:00:00,54.208107,25.0,8
sant-antoni-de-portmany,2025-08-01 17:00:00,48.037,25.0,8
sant-antoni-de-portmany,2025-08-01 18:00:00,45.22597,29.0,8
sant-antoni-de-portmany,2025-08-01 19:00:00,39.688133,6.0,8
sant-antoni-de-portmany,2025-08-01 20:00:00,38.806473,6.0,8
sant-antoni-de-portmany,2025-08-02 08:00:00,39.054585,31.0,8
sant-antoni-de-portmany,2025-08-02 09:00:00,44.16059,57.0,8
sant-antoni-de-portmany,2025-08-02 10:00:00,45.987953,54.0,8
sant-antoni-de-portmany,2025-08-02 11:00:00,50.855694,86.0,8
sant-antoni-de-portmany,2025-08-02 12:00:00,51.73709,72.0,8
sant-antoni-de-portmany,2025-08-02 13:00:00,52.025787,83.0,8
sant-antoni-de-portmany,2025-08-02 14:00:00,51.533897,82.0,8
sant-antoni-de-portmany,2025-08-02 15:00:00,48.070053,52.0,8
sant-antoni-de-portmany,2025-08-02 16:00:00,46.115944,23.0,8
sant-antoni-de-portmany,2025-08-02 17:00:00,41.983185,24.0,8
sant-antoni-de-portmany,2025-08-02 18:00:00,40.307384,41.0,8
sant-antoni-de-portmany,2025-08-02 19:00:00,37.880432,6.0,8
sant-antoni-de-portmany,2025-08-02 20:00:00,35.47706,6.0,8
sant-antoni-de-portmany,2025-08-03 08:00:00,35.385754,50.0,8
sant-antoni-de-portmany,2025-08-03 09:00:00,39.532387,69.0,8
sant-antoni-de-portmany,2025-08-03 10:00:00,41.151268,62.0,8
sant-antoni-de-portmany,2025-08-03 11:00:00,43.941734,78.0,8
sant-antoni-de-portmany,2025-08-03 12:00:00,44.686924,60.0,8
sant-antoni-de-portmany,2025-08-03 13:00:00,39.819626,65.0,8
sant-antoni-de-portmany,2025-08-03 14:00:00,39.805393,71.0,8
sant-antoni-de-portmany,2025-08-03 15:00:00,41.007458,69.0,8
sant-antoni-de-portmany,2025-08-03 16:00:00,39.924652,33.0,8
sant-antoni-de-portmany,2025-08-03 17:00:00,39.845314,21.0,8
sant-antoni-de-portmany,2025-08-03 18:00:00,40.811306,46.0,8
sant-antoni-de-portmany,2025-08-03 19:00:00,38.84772,7.0,8
sant-antoni-de-portmany,2025-08-03 20:00:00,38.305992,6.0,8
sant-antoni-de-portmany,2025-08-04 08:00:00,36.320118,24.0,8
sant-antoni-de-portmany,2025-08-04 09:00:00,40.483055,44.0,8
sant-antoni-de-portmany,2025-08-04 10:00:00,41.05912,54.0,8
sant-antoni-de-portmany,2025-08-04 11:00:00,42.194992,50.0,8
sant-antoni-de-portmany,2025-08-04 12:00:00,43.82477,66.0,8
sant-antoni-de-portmany,2025-08-04 13:00:00,44.964813,68.0,8
sant-antoni-de-portmany,2025-08-04 14:00:00,46.582485,61.0,8
sant-antoni-de-portmany,2025-08-04 15:00:00,45.867012,59.0,8
sant-antoni-de-portmany,2025-08-04 16:00:00,43.48801,35.0,8
sant-antoni-de-portmany,2025-08-04 17:00:00,39.137955,29.0,8
sant-antoni-de-portmany,2025-08-04 18:00:00,41.187057,40.0,8
sant-antoni-de-portmany,2025-08-04 19:00:00,36.817825,5.0,8
sant-antoni-de-portmany,2025-08-04 20:00:00,35.733444,5.0,8
sant-antoni-de-portmany,2025-08-05 08:00:00,33.438393,29.0,8
sant-antoni-de-portmany,2025-08-05 09:00:00,37.147457,56.0,8
sant-antoni-de-portmany,2025-08-05 10:00:00,38.469345,81.0,8
sant-antoni-de-portmany,2025-08-05 11:00:00,42.45446,81.0,8
sant-antoni-de-portmany,2025-08-05 12:00:00,44.286034,76.0,8
sant-antoni-de-portmany,2025-08-05 13:00:00,45.087246,88.99798393249512,8
sant-antoni-de-portmany,2025-08-05 14:00:00,46.91551,81.0,8
sant-antoni-de-portmany,2025-08-05 15:00:00,46.152325,40.0,8
sant-antoni-de-portmany,2025-08-05 16:00:00,48.87048,32.0,8
sant-antoni-de-portmany,2025-08-05 17:00:00,44.56996,28.0,8
sant-antoni-de-portmany,2025-08-05 18:00:00,58.797928,38.0,8
sant-antoni-de-portmany,2025-08-05 19:00:00,40.35562,6.0,8
sant-antoni-de-portmany,2025-08-05 20:00:00,38.34915,6.0,8
sant-antoni-de-portmany,2025-08-06 08:00:00,38.190968,22.0,8
sant-antoni-de-portmany,2025-08-06 09:00:00,43.07743,32.0,8
sant-antoni-de-portmany,2025-08-06 10:00:00,45.24167,55.0,8
sant-antoni-de-portmany,2025-08-06 11:00:00,49.562504,61.0,8
sant-antoni-de-portmany,2025-08-06 12:00:00,51.514793,59.0,8
sant-antoni-de-portmany,2025-08-06 13:00:00,51.836872,79.0,8
sant-antoni-de-portmany,2025-08-06 14:00:00,53.09171,71.0,8
sant-antoni-de-portmany,2025-08-06 15:00:00,52.81268,48.0,8
sant-antoni-de-portmany,2025-08-06 16:00:00,50.465275,26.0,8
sant-antoni-de-portmany,2025-08-06 17:00:00,45.734283,27.0,8
sant-antoni-de-portmany,2025-08-06 18:00:00,42.065594,41.0,8
sant-antoni-de-portmany,2025-08-06 19:00:00,39.75232,6.0,8
sant-antoni-de-portmany,2025-08-06 20:00:00,38.847805,6.0,8
sant-antoni-de-portmany,2025-08-07 08:00:00,38.022064,34.0,8
sant-antoni-de-portmany,2025-08-07 09:00:00,42.682743,66.0,8
sant-antoni-de-portmany,2025-08-07 10:00:00,45.378727,55.0,8
sant-antoni-de-portmany,2025-08-07 11:00:00,49.567017,72.0,8
sant-antoni-de-portmany,2025-08-07 12:00:00,50.737747,71.0,8
sant-antoni-de-portmany,2025-08-07 13:00:00,49.842663,70.0,8
sant-antoni-de-portmany,2025-08-07 14:00:00,48.299103,83.0,8
sant-antoni-de-portmany,2025-08-07 15:00:00,47.7649,51.0,8
sant-antoni-de-portmany,2025-08-07 16:00:00,44.603954,40.0,8
sant-antoni-de-portmany,2025-08-07 17:00:00,40.30656,29.0,8
sant-antoni-de-portmany,2025-08-07 18:00:00,40.121597,36.0,8
sant-antoni-de-portmany,2025-08-07 19:00:00,37.17112,9.0,8
sant-antoni-de-portmany,2025-08-07 20:00:00,36.196514,6.0,8
sant-antoni-de-portmany,2025-08-08 08:00:00,34.83945,35.0,8
sant-antoni-de-portmany,2025-08-08 09:00:00,39.160473,65.0,8
sant-antoni-de-portmany,2025-08-08 10:00:00,40.35732,73.0,8
sant-antoni-de-portmany,2025-08-08 11:00:00,42.387157,71.0,8
sant-antoni-de-portmany,2025-08-08 12:00:00,39.268463,57.0,8
sant-antoni-de-portmany,2025-08-08 13:00:00,41.02381,61.0,8
sant-antoni-de-portmany,2025-08-08 14:00:00,41.76694,54.0,8
sant-antoni-de-portmany,2025-08-08 15:00:00,39.959126,55.0,8
sant-antoni-de-portmany,2025-08-08 16:00:00,39.464085,35.0,8
sant-antoni-de-portmany,2025-08-08 17:00:00,38.33285,35.0,8
sant-antoni-de-portmany,2025-08-08 18:00:00,42.02626,40.0,8
sant-antoni-de-portmany,2025-08-08 19:00:00,40.12064,6.0,8
sant-antoni-de-portmany,2025-08-08 20:00:00,37.270306,6.0,8
sant-antoni-de-portmany,2025-08-09 08:00:00,38.673283,25.0,8
sant-antoni-de-portmany,2025-08-09 09:00:00,43.850895,45.0,8
sant-antoni-de-portmany,2025-08-09 10:00:00,45.059776,61.0,8
sant-antoni-de-portmany,2025-08-09 11:00:00,43.9445,70.0,8
sant-antoni-de-portmany,2025-08-09 12:00:00,45.151287,57.0,8
sant-antoni-de-portmany,2025-08-09 13:00:00,45.47103,62.0,8
sant-antoni-de-portmany,2025-08-09 14:00:00,46.50921,86.0,8
sant-antoni-de-portmany,2025-08-09 15:00:00,46.31319,67.0,8
sant-antoni-de-portmany,2025-08-09 16:00:00,44.13159,41.0,8
sant-antoni-de-portmany,2025-08-09 17:00:00,56.719078,22.0,8
sant-antoni-de-portmany,2025-08-09 18:00:00,43.483074,43.0,8
sant-antoni-de-portmany,2025-08-09 19:00:00,40.90082,5.0,8
sant-antoni-de-portmany,2025-08-09 20:00:00,38.471424,5.0,8
sant-antoni-de-portmany,2025-08-10 08:00:00,36.77284,31.0,8
sant-antoni-de-portmany,2025-08-10 09:00:00,43.002087,44.0,8
sant-antoni-de-portmany,2025-08-10 10:00:00,38.95177,79.0,8
sant-antoni-de-portmany,2025-08-10 11:00:00,42.34407,64.0,8
sant-antoni-de-portmany,2025-08-10 12:00:00,45.248833,65.0,8
sant-antoni-de-portmany,2025-08-10 13:00:00,45.77606,70.0,8
sant-antoni-de-portmany,2025-08-10 14:00:00,49.072865,84.0,8
sant-antoni-de-portmany,2025-08-10 15:00:00,51.518433,50.0,8
sant-antoni-de-portmany,2025-08-10 16:00:00,48.37058,32.0,8
sant-antoni-de-portmany,2025-08-10 17:00:00,45.79533,25.0,8
sant-antoni-de-portmany,2025-08-10 18:00:00,44.141415,60.0,8
sant-antoni-de-portmany,2025-08-10 19:00:00,41.725197,6.0,8
sant-antoni-de-portmany,2025-08-10 20:00:00,40.16981,6.0,8
sant-antoni-de-portmany,2025-08-11 08:00:00,37.06078,23.0,8
sant-antoni-de-portmany,2025-08-11 09:00:00,41.852535,35.0,8
sant-antoni-de-portmany,2025-08-11 10:00:00,44.3721,53.0,8
sant-antoni-de-portmany,2025-08-11 11:00:00,48.66854,51.0,8
sant-antoni-de-portmany,2025-08-11 12:00:00,50.280617,50.0,8
sant-antoni-de-portmany,2025-08-11 13:00:00,50.624775,64.0,8
sant-antoni-de-portmany,2025-08-11 14:00:00,49.810463,72.0,8
sant-antoni-de-portmany,2025-08-11 15:00:00,65.571915,48.0,8
sant-antoni-de-portmany,2025-08-11 16:00:00,50.975536,38.0,8
sant-antoni-de-portmany,2025-08-11 17:00:00,48.07432,24.0,8
sant-antoni-de-portmany,2025-08-11 18:00:00,45.4251,40.0,8
sant-antoni-de-portmany,2025-08-11 19:00:00,39.390553,6.0,8
sant-antoni-de-portmany,2025-08-11 20:00:00,37.95375,5.0,8
sant-antoni-de-portmany,2025-08-12 08:00:00,37.541595,36.0,8
sant-antoni-de-portmany,2025-08-12 09:00:00,44.223316,50.0,8
sant-antoni-de-portmany,2025-08-12 10:00:00,45.613827,66.0,8
sant-antoni-de-portmany,2025-08-12 11:00:00,48.7545,43.0,8
sant-antoni-de-portmany,2025-08-12 12:00:00,51.04016,61.0,8
sant-antoni-de-portmany,2025-08-12 13:00:00,52.694244,72.0,8
sant-antoni-de-portmany,2025-08-12 14:00:00,52.105892,76.0,8
sant-antoni-de-portmany,2025-08-12 15:00:00,53.198177,52.0,8
sant-antoni-de-portmany,2025-08-12 16:00:00,50.811634,28.0,8
sant-antoni-de-portmany,2025-08-12 17:00:00,45.72181,15.0,8
sant-antoni-de-portmany,2025-08-12 18:00:00,43.509605,31.0,8
sant-antoni-de-portmany,2025-08-12 19:00:00,40.285156,6.0,8
sant-antoni-de-portmany,2025-08-12 20:00:00,39.369125,6.0,8
sant-antoni-de-portmany,2025-08-13 08:00:00,37.953487,26.0,8
sant-antoni-de-portmany,2025-08-13 09:00:00,44.360035,42.0,8
sant-antoni-de-portmany,2025-08-13 10:00:00,45.78376,76.0,8
sant-antoni-de-portmany,2025-08-13 11:00:00,49.004524,67.0,8
sant-antoni-de-portmany,2025-08-13 12:00:00,50.864067,64.0,8
sant-antoni-de-portmany,2025-08-13 13:00:00,51.03249,72.0,8
sant-antoni-de-portmany,2025-08-13 14:00:00,50.979343,77.0,8
sant-antoni-de-portmany,2025-08-13 15:00:00,49.11972,63.0,8
sant-antoni-de-portmany,2025-08-13 16:00:00,50.25413,66.0,8
sant-antoni-de-portmany,2025-08-13 17:00:00,45.670734,27.0,8
sant-antoni-de-portmany,2025-08-13 18:00:00,42.637062,34.0,8
sant-antoni-de-portmany,2025-08-13 19:00:00,40.275898,6.0,8
sant-antoni-de-portmany,2025-08-13 20:00:00,38.72787,6.0,8
sant-antoni-de-portmany,2025-08-14 08:00:00,39.28662,18.0,8
sant-antoni-de-portmany,2025-08-14 09:00:00,45.335598,35.0,8
sant-antoni-de-portmany,2025-08-14 10:00:00,45.850124,66.0,8
sant-antoni-de-portmany,2025-08-14 11:00:00,48.676655,58.0,8
sant-antoni-de-portmany,2025-08-14 12:00:00,50.595406,73.0,8
sant-antoni-de-portmany,2025-08-14 13:00:00,51.25394,46.0,8
sant-antoni-de-portmany,2025-08-14 14:00:00,54.24449,86.0,8
sant-antoni-de-portmany,2025-08-14 15:00:00,53.279827,69.0,8
sant-antoni-de-portmany,2025-08-14 16:00:00,54.179825,53.0,8
sant-antoni-de-portmany,2025-08-14 17:00:00,61.563686,23.0,8
sant-antoni-de-portmany,2025-08-14 18:00:00,47.7121,37.0,8
sant-antoni-de-portmany,2025-08-14 19:00:00,40.085365,6.0,8
sant-antoni-de-portmany,2025-08-14 20:00:00,39.210976,6.0,8
sant-antoni-de-portmany,2025-08-15 08:00:00,37.50239,21.0,8
sant-antoni-de-portmany,2025-08-15 09:00:00,44.258667,49.0,8
sant-antoni-de-portmany,2025-08-15 10:00:00,45.645294,75.0,8
sant-antoni-de-portmany,2025-08-15 11:00:00,50.372364,73.0,8
sant-antoni-de-portmany,2025-08-15 12:00:00,50.775467,67.0,8
sant-antoni-de-portmany,2025-08-15 13:00:00,50.91571,63.0,8
sant-antoni-de-portmany,2025-08-15 14:00:00,51.26587,69.0,8
sant-antoni-de-portmany,2025-08-15 15:00:00,50.38751,42.0,8
sant-antoni-de-portmany,2025-08-15 16:00:00,49.056206,57.0,8
sant-antoni-de-portmany,2025-08-15 17:00:00,46.767883,34.0,8
sant-antoni-de-portmany,2025-08-15 18:00:00,43.710808,53.0,8
sant-antoni-de-portmany,2025-08-15 19:00:00,39.377277,6.0,8
sant-antoni-de-portmany,2025-08-15 20:00:00,38.539402,6.0,8
sant-antoni-de-portmany,2025-08-16 08:00:00,38.289303,26.0,8
sant-antoni-de-portmany,2025-08-16 09:00:00,43.916927,57.0,8
sant-antoni-de-portmany,2025-08-16 10:00:00,45.235554,51.0,8
sant-antoni-de-portmany,2025-08-16 11:00:00,49.258858,77.0,8
sant-antoni-de-portmany,2025-08-16 12:00:00,51.40193,88.99798393249512,8
sant-antoni-de-portmany,2025-08-16 13:00:00,53.554176,49.0,8
sant-antoni-de-portmany,2025-08-16 14:00:00,52.026352,88.99798393249512,8
sant-antoni-de-portmany,2025-08-16 15:00:00,52.717453,69.0,8
sant-antoni-de-portmany,2025-08-16 16:00:00,52.257317,49.0,8
sant-antoni-de-portmany,2025-08-16 17:00:00,47.5235,41.0,8
sant-antoni-de-portmany,2025-08-16 18:00:00,46.452126,53.0,8
sant-antoni-de-portmany,2025-08-16 19:00:00,40.181236,8.0,8
sant-antoni-de-portmany,2025-08-16 20:00:00,39.225254,6.0,8
sant-antoni-de-portmany,2025-08-17 08:00:00,39.660545,31.0,8
sant-antoni-de-portmany,2025-08-17 09:00:00,45.955635,71.0,8
sant-antoni-de-portmany,2025-08-17 10:00:00,46.80714,88.99798393249512,8
sant-antoni-de-portmany,2025-08-17 11:00:00,49.660885,81.0,8
sant-antoni-de-portmany,2025-08-17 12:00:00,51.83824,79.0,8
sant-antoni-de-portmany,2025-08-17 13:00:00,53.688076,60.0,8
sant-antoni-de-portmany,2025-08-17 14:00:00,53.79001,88.99798393249512,8
sant-antoni-de-portmany,2025-08-17 15:00:00,52.99536,77.0,8
sant-antoni-de-portmany,2025-08-17 16:00:00,51.688957,72.0,8
sant-antoni-de-portmany,2025-08-17 17:00:00,47.326637,41.0,8
sant-antoni-de-portmany,2025-08-17 18:00:00,45.024487,43.0,8
sant-antoni-de-portmany,2025-08-17 19:00:00,41.07513,6.0,8
sant-antoni-de-portmany,2025-08-17 20:00:00,40.38215,6.0,8
sant-antoni-de-portmany,2025-08-18 08:00:00,39.145905,50.0,8
sant-antoni-de-portmany,2025-08-18 09:00:00,42.805286,61.0,8
sant-antoni-de-portmany,2025-08-18 10:00:00,44.414,67.0,8
sant-antoni-de-portmany,2025-08-18 11:00:00,48.64402,71.0,8
sant-antoni-de-portmany,2025-08-18 12:00:00,50.43648,55.0,8
sant-antoni-de-portmany,2025-08-18 13:00:00,49.9304,64.0,8
sant-antoni-de-portmany,2025-08-18 14:00:00,50.96626,62.0,8
sant-antoni-de-portmany,2025-08-18 15:00:00,50.841053,55.0,8
sant-antoni-de-portmany,2025-08-18 16:00:00,48.62913,23.0,8
sant-antoni-de-portmany,2025-08-18 17:00:00,45.86274,21.0,8
sant-antoni-de-portmany,2025-08-18 18:00:00,58.845913,17.0,8
sant-antoni-de-portmany,2025-08-18 19:00:00,39.18375,5.0,8
sant-antoni-de-portmany,2025-08-18 20:00:00,38.394073,5.0,8
sant-antoni-de-portmany,2025-08-19 08:00:00,37.646423,15.0,8
sant-antoni-de-portmany,2025-08-19 09:00:00,38.07112,35.0,8
sant-antoni-de-portmany,2025-08-19 10:00:00,42.164375,33.0,8
sant-antoni-de-portmany,2025-08-19 11:00:00,45.47255,33.0,8
sant-antoni-de-portmany,2025-08-19 12:00:00,44.88827,35.0,8
sant-antoni-de-portmany,2025-08-19 13:00:00,51.87625,40.0,8
sant-antoni-de-portmany,2025-08-19 14:00:00,54.170887,45.0,8
sant-antoni-de-portmany,2025-08-19 15:00:00,51.67984,67.0,8
sant-antoni-de-portmany,2025-08-19 16:00:00,50.157356,52.0,8
sant-antoni-de-portmany,2025-08-19 17:00:00,46.62289,36.0,8
sant-antoni-de-portmany,2025-08-19 18:00:00,45.76285,28.0,8
sant-antoni-de-portmany,2025-08-19 19:00:00,39.78273,6.0,8
sant-antoni-de-portmany,2025-08-19 20:00:00,39.240795,6.0,8
sant-antoni-de-portmany,2025-08-20 08:00:00,38.49148,30.0,8
sant-antoni-de-portmany,2025-08-20 09:00:00,39.91229,30.0,8
sant-antoni-de-portmany,2025-08-20 10:00:00,44.03941,42.0,8
sant-antoni-de-portmany,2025-08-20 11:00:00,47.66656,57.0,8
sant-antoni-de-portmany,2025-08-20 12:00:00,50.43243,37.0,8
sant-antoni-de-portmany,2025-08-20 13:00:00,49.28115,43.0,8
sant-antoni-de-portmany,2025-08-20 14:00:00,49.93082,38.0,8
sant-antoni-de-portmany,2025-08-20 15:00:00,49.35367,49.0,8
sant-antoni-de-portmany,2025-08-20 16:00:00,44.922867,34.0,8
sant-antoni-de-portmany,2025-08-20 17:00:00,42.814793,21.0,8
sant-antoni-de-portmany,2025-08-20 18:00:00,43.00353,27.0,8
sant-antoni-de-portmany,2025-08-20 19:00:00,39.515476,6.0,8
sant-antoni-de-portmany,2025-08-20 20:00:00,39.211582,6.0,8
sant-antoni-de-portmany,2025-08-21 08:00:00,37.267162,16.0,8
sant-antoni-de-portmany,2025-08-21 09:00:00,41.211536,44.0,8
sant-antoni-de-portmany,2025-08-21 10:00:00,44.05655,48.0,8
sant-antoni-de-portmany,2025-08-21 11:00:00,46.671665,67.0,8
sant-antoni-de-portmany,2025-08-21 12:00:00,48.860523,54.0,8
sant-antoni-de-portmany,2025-08-21 13:00:00,49.27432,57.0,8
sant-antoni-de-portmany,2025-08-21 14:00:00,51.86127,55.0,8
sant-antoni-de-portmany,2025-08-21 15:00:00,48.36339,54.0,8
sant-antoni-de-portmany,2025-08-21 16:00:00,46.576305,25.0,8
sant-antoni-de-portmany,2025-08-21 17:00:00,44.874607,21.0,8
sant-antoni-de-portmany,2025-08-21 18:00:00,44.54421,29.0,8
sant-antoni-de-portmany,2025-08-21 19:00:00,38.96165,6.0,8
sant-antoni-de-portmany,2025-08-21 20:00:00,38.4386,6.0,8
sant-antoni-de-portmany,2025-08-22 08:00:00,37.46581,36.0,8
sant-antoni-de-portmany,2025-08-22 09:00:00,38.86656,65.0,8
sant-antoni-de-portmany,2025-08-22 10:00:00,43.18554,60.0,8
sant-antoni-de-portmany,2025-08-22 11:00:00,46.59892,60.0,8
sant-antoni-de-portmany,2025-08-22 12:00:00,49.768494,54.0,8
sant-antoni-de-portmany,2025-08-22 13:00:00,47.286716,54.0,8
sant-antoni-de-portmany,2025-08-22 14:00:00,51.68939,45.0,8
sant-antoni-de-portmany,2025-08-22 15:00:00,49.049835,23.0,8
sant-antoni-de-portmany,2025-08-22 16:00:00,44.536613,19.0,8
sant-antoni-de-portmany,2025-08-22 17:00:00,44.55656,21.0,8
sant-antoni-de-portmany,2025-08-22 18:00:00,44.368095,30.0,8
sant-antoni-de-portmany,2025-08-22 19:00:00,39.366062,6.0,8
sant-antoni-de-portmany,2025-08-22 20:00:00,39.079666,6.0,8
sant-antoni-de-portmany,2025-08-23 08:00:00,38.780018,20.0,8
sant-antoni-de-portmany,2025-08-23 09:00:00,42.527935,43.0,8
sant-antoni-de-portmany,2025-08-23 10:00:00,45.664425,42.0,8
sant-antoni-de-portmany,2025-08-23 11:00:00,49.18707,61.0,8
sant-antoni-de-portmany,2025-08-23 12:00:00,51.254868,45.0,8
sant-antoni-de-portmany,2025-08-23 13:00:00,51.107456,55.0,8
sant-antoni-de-portmany,2025-08-23 14:00:00,51.92666,63.0,8
sant-antoni-de-portmany,2025-08-23 15:00:00,51.006004,41.0,8
sant-antoni-de-portmany,2025-08-23 16:00:00,46.711052,37.0,8
sant-antoni-de-portmany,2025-08-23 17:00:00,44.828854,22.0,8
sant-antoni-de-portmany,2025-08-23 18:00:00,55.086784,38.0,8
sant-antoni-de-portmany,2025-08-23 19:00:00,39.85087,6.0,8
sant-antoni-de-portmany,2025-08-23 20:00:00,39.687664,6.0,8
sant-antoni-de-portmany,2025-08-24 08:00:00,37.493267,27.0,8
sant-antoni-de-portmany,2025-08-24 09:00:00,39.376827,55.0,8
sant-antoni-de-portmany,2025-08-24 10:00:00,43.433216,65.0,8
sant-antoni-de-portmany,2025-08-24 11:00:00,50.676254,62.0,8
sant-antoni-de-portmany,2025-08-24 12:00:00,52.874485,70.0,8
sant-antoni-de-portmany,2025-08-24 13:00:00,53.255703,71.0,8
sant-antoni-de-portmany,2025-08-24 14:00:00,56.280327,79.0,8
sant-antoni-de-portmany,2025-08-24 15:00:00,54.173603,67.0,8
sant-antoni-de-portmany,2025-08-24 16:00:00,48.55463,49.0,8
sant-antoni-de-portmany,2025-08-24 17:00:00,46.682934,29.0,8
sant-antoni-de-portmany,2025-08-24 18:00:00,44.707565,38.0,8
sant-antoni-de-portmany,2025-08-24 19:00:00,40.29725,6.0,8
sant-antoni-de-portmany,2025-08-24 20:00:00,39.91942,6.0,8
sant-antoni-de-portmany,2025-08-25 08:00:00,37.803616,51.0,8
sant-antoni-de-portmany,2025-08-25 09:00:00,40.53417,65.0,8
sant-antoni-de-portmany,2025-08-25 10:00:00,43.205635,60.0,8
sant-antoni-de-portmany,2025-08-25 11:00:00,48.610294,41.0,8
sant-antoni-de-portmany,2025-08-25 12:00:00,51.591484,79.0,8
sant-antoni-de-portmany,2025-08-25 13:00:00,53.13,64.0,8
sant-antoni-de-portmany,2025-08-25 14:00:00,51.687744,59.0,8
sant-antoni-de-portmany,2025-08-25 15:00:00,53.85145,58.0,8
sant-antoni-de-portmany,2025-08-25 16:00:00,62.954567,35.0,8
sant-antoni-de-portmany,2025-08-25 17:00:00,45.732502,29.0,8
sant-antoni-de-portmany,2025-08-25 18:00:00,56.618248,32.0,8
sant-antoni-de-portmany,2025-08-25 19:00:00,39.30607,5.0,8
sant-antoni-de-portmany,2025-08-25 20:00:00,39.31464,5.0,8
sant-antoni-de-portmany,2025-08-26 08:00:00,39.23096,28.0,8
sant-antoni-de-portmany,2025-08-26 09:00:00,41.81485,32.0,8
sant-antoni-de-portmany,2025-08-26 10:00:00,47.965603,54.0,8
sant-antoni-de-portmany,2025-08-26 11:00:00,51.575047,64.0,8
sant-antoni-de-portmany,2025-08-26 12:00:00,53.92305,61.0,8
sant-antoni-de-portmany,2025-08-26 13:00:00,55.852215,80.0,8
sant-antoni-de-portmany,2025-08-26 14:00:00,70.31736,69.0,8
sant-antoni-de-portmany,2025-08-26 15:00:00,57.488033,51.0,8
sant-antoni-de-portmany,2025-08-26 16:00:00,52.556313,51.0,8
sant-antoni-de-portmany,2025-08-26 17:00:00,48.291916,36.0,8
sant-antoni-de-portmany,2025-08-26 18:00:00,58.238182,28.0,8
sant-antoni-de-portmany,2025-08-26 19:00:00,39.702206,6.0,8
sant-antoni-de-portmany,2025-08-26 20:00:00,39.80013,6.0,8
sant-antoni-de-portmany,2025-08-27 08:00:00,38.475666,11.0,8
sant-antoni-de-portmany,2025-08-27 09:00:00,35.593178,39.0,8
sant-antoni-de-portmany,2025-08-27 10:00:00,44.034824,33.0,8
sant-antoni-de-portmany,2025-08-27 11:00:00,51.546425,55.0,8
sant-antoni-de-portmany,2025-08-27 12:00:00,55.671394,44.0,8
sant-antoni-de-portmany,2025-08-27 13:00:00,56.386932,65.0,8
sant-antoni-de-portmany,2025-08-27 14:00:00,56.070698,55.0,8
sant-antoni-de-portmany,2025-08-27 15:00:00,55.15543,38.0,8
sant-antoni-de-portmany,2025-08-27 16:00:00,47.095444,25.0,8
sant-antoni-de-portmany,2025-08-27 17:00:00,45.469124,15.0,8
sant-antoni-de-portmany,2025-08-27 18:00:00,41.448677,15.0,8
sant-antoni-de-portmany,2025-08-27 19:00:00,38.30398,6.0,8
sant-antoni-de-portmany,2025-08-27 20:00:00,37.83741,6.0,8
sant-antoni-de-portmany,2025-08-28 08:00:00,34.790874,14.0,8
sant-antoni-de-portmany,2025-08-28 09:00:00,36.338512,21.0,8
sant-antoni-de-portmany,2025-08-28 10:00:00,43.875706,47.0,8
sant-antoni-de-portmany,2025-08-28 11:00:00,47.674587,67.0,8
sant-antoni-de-portmany,2025-08-28 12:00:00,47.26693,34.0,8
sant-antoni-de-portmany,2025-08-28 13:00:00,46.35453,60.0,8
sant-antoni-de-portmany,2025-08-28 14:00:00,44.10267,67.0,8
sant-antoni-de-portmany,2025-08-28 15:00:00,44.380745,60.0,8
sant-antoni-de-portmany,2025-08-28 16:00:00,40.49624,35.0,8
sant-antoni-de-portmany,2025-08-28 17:00:00,39.535564,46.0,8
sant-antoni-de-portmany,2025-08-28 18:00:00,38.292202,36.0,8
sant-antoni-de-portmany,2025-08-28 19:00:00,35.762093,6.0,8
sant-antoni-de-portmany,2025-08-28 20:00:00,36.408142,6.0,8
sant-antoni-de-portmany,2025-08-29 08:00:00,34.700577,17.0,8
sant-antoni-de-portmany,2025-08-29 09:00:00,34.956722,27.0,8
sant-antoni-de-portmany,2025-08-29 10:00:00,39.22586,46.0,8
sant-antoni-de-portmany,2025-08-29 11:00:00,42.312187,64.0,8
sant-antoni-de-portmany,2025-08-29 12:00:00,45.441895,59.0,8
sant-antoni-de-portmany,2025-08-29 13:00:00,44.658375,34.0,8
sant-antoni-de-portmany,2025-08-29 14:00:00,43.906445,42.0,8
sant-antoni-de-portmany,2025-08-29 15:00:00,42.112396,70.0,8
sant-antoni-de-portmany,2025-08-29 16:00:00,36.265568,36.0,8
sant-antoni-de-portmany,2025-08-29 17:00:00,35.766697,22.0,8
sant-antoni-de-portmany,2025-08-29 18:00:00,35.345375,40.0,8
sant-antoni-de-portmany,2025-08-29 19:00:00,33.324154,6.0,8
sant-antoni-de-portmany,2025-08-29 20:00:00,32.762665,6.0,8
sant-antoni-de-portmany,2025-08-30 08:00:00,32.517975,30.0,8
sant-antoni-de-portmany,2025-08-30 09:00:00,33.722202,34.0,8
sant-antoni-de-portmany,2025-08-30 10:00:00,35.846504,43.0,8
sant-antoni-de-portmany,2025-08-30 11:00:00,38.812504,37.0,8
sant-antoni-de-portmany,2025-08-30 12:00:00,41.01817,54.0,8
sant-antoni-de-portmany,2025-08-30 13:00:00,40.725437,60.0,8
sant-antoni-de-portmany,2025-08-30 14:00:00,39.901882,69.0,8
sant-antoni-de-portmany,2025-08-30 15:00:00,41.487423,58.0,8
sant-antoni-de-portmany,2025-08-30 16:00:00,37.914864,46.0,8
sant-antoni-de-portmany,2025-08-30 17:00:00,38.122974,26.0,8
sant-antoni-de-portmany,2025-08-30 18:00:00,36.94167,42.0,8
sant-antoni-de-portmany,2025-08-30 19:00:00,35.308933,6.0,8
sant-antoni-de-portmany,2025-08-30 20:00:00,35.154743,6.0,8
son-serra-de-marina,2025-06-10 12:00:00,39.600708,17.0,6
son-serra-de-marina,2025-06-10 13:00:00,51.0553,17.0,6
son-serra-de-marina,2025-06-10 14:00:00,53.04796,16.0,6
son-serra-de-marina,2025-06-10 15:00:00,53.831932,20.0,6
son-serra-de-marina,2025-06-10 16:00:00,46.31447,19.0,6
son-serra-de-marina,2025-06-10 17:00:00,46.011112,24.0,6
son-serra-de-marina,2025-06-10 18:00:00,44.326305,21.0,6
son-serra-de-marina,2025-06-10 19:00:00,39.480324,11.0,6
son-serra-de-marina,2025-06-10 20:00:00,37.2163,5.0,6
son-serra-de-marina,2025-06-11 08:00:00,38.38881,15.0,6
son-serra-de-marina,2025-06-11 09:00:00,44.986656,20.0,6
son-serra-de-marina,2025-06-11 10:00:00,46.704784,47.0,6
son-serra-de-marina,2025-06-11 11:00:00,49.90273,43.0,6
son-serra-de-marina,2025-06-11 12:00:00,51.335438,25.0,6
son-serra-de-marina,2025-06-11 13:00:00,48.534832,19.0,6
son-serra-de-marina,2025-06-11 14:00:00,48.77609,26.0,6
son-serra-de-marina,2025-06-11 15:00:00,45.9699,32.0,6
son-serra-de-marina,2025-06-11 16:00:00,43.63348,32.0,6
son-serra-de-marina,2025-06-11 17:00:00,39.853706,34.0,6
son-serra-de-marina,2025-06-11 18:00:00,38.04087,22.0,6
son-serra-de-marina,2025-06-11 19:00:00,35.639015,15.0,6
son-serra-de-marina,2025-06-11 20:00:00,31.619457,3.0,6
son-serra-de-marina,2025-06-12 08:00:00,29.257593,25.0,6
son-serra-de-marina,2025-06-12 09:00:00,32.937584,39.0,6
son-serra-de-marina,2025-06-12 10:00:00,34.509422,45.0,6
son-serra-de-marina,2025-06-12 11:00:00,36.17041,45.0,6
son-serra-de-marina,2025-06-12 12:00:00,38.316814,30.0,6
son-serra-de-marina,2025-06-12 13:00:00,37.904514,43.0,6
son-serra-de-marina,2025-06-12 14:00:00,37.929573,50.0,6
son-serra-de-marina,2025-06-12 15:00:00,36.970478,37.0,6
son-serra-de-marina,2025-06-12 16:00:00,36.509106,52.0,6
son-serra-de-marina,2025-06-12 17:00:00,33.251778,26.0,6
son-serra-de-marina,2025-06-12 18:00:00,32.62773,24.0,6
son-serra-de-marina,2025-06-12 19:00:00,30.161476,30.0,6
son-serra-de-marina,2025-06-12 20:00:00,27.046398,2.0,6
son-serra-de-marina,2025-06-13 08:00:00,27.423304,24.0,6
son-serra-de-marina,2025-06-13 09:00:00,31.757513,33.0,6
son-serra-de-marina,2025-06-13 10:00:00,32.871693,23.0,6
son-serra-de-marina,2025-06-13 11:00:00,35.173695,45.0,6
son-serra-de-marina,2025-06-13 12:00:00,36.43786,32.0,6
son-serra-de-marina,2025-06-13 13:00:00,37.01525,34.0,6
son-serra-de-marina,2025-06-13 14:00:00,35.903294,42.0,6
son-serra-de-marina,2025-06-13 15:00:00,33.770947,61.0,6
son-serra-de-marina,2025-06-13 16:00:00,34.136684,58.0,6
son-serra-de-marina,2025-06-13 17:00:00,30.919281,47.0,6
son-serra-de-marina,2025-06-13 18:00:00,29.940418,43.0,6
son-serra-de-marina,2025-06-13 19:00:00,27.476034,50.0,6
son-serra-de-marina,2025-06-13 20:00:00,24.077433,2.0,6
son-serra-de-marina,2025-06-14 08:00:00,25.792112,41.0,6
son-serra-de-marina,2025-06-14 09:00:00,29.35183,48.0,6
son-serra-de-marina,2025-06-14 10:00:00,31.140228,63.0,6
son-serra-de-marina,2025-06-14 11:00:00,33.584114,63.0,6
son-serra-de-marina,2025-06-14 12:00:00,35.87078,53.0,6
son-serra-de-marina,2025-06-14 13:00:00,36.433453,62.0,6
son-serra-de-marina,2025-06-14 14:00:00,36.42369,61.0,6
son-serra-de-marina,2025-06-14 15:00:00,35.67893,53.0,6
son-serra-de-marina,2025-06-14 16:00:00,35.497074,51.0,6
son-serra-de-marina,2025-06-14 17:00:00,31.947874,39.0,6
son-serra-de-marina,2025-06-14 18:00:00,31.771511,41.0,6
son-serra-de-marina,2025-06-14 19:00:00,29.294912,20.0,6
son-serra-de-marina,2025-06-14 20:00:00,27.705225,3.0,6
son-serra-de-marina,2025-06-15 08:00:00,25.87439,63.0,6
son-serra-de-marina,2025-06-15 09:00:00,30.593298,63.0,6
son-serra-de-marina,2025-06-15 10:00:00,30.877077,63.0,6
son-serra-de-marina,2025-06-15 11:00:00,33.903828,48.0,6
son-serra-de-marina,2025-06-15 12:00:00,36.31919,50.0,6
son-serra-de-marina,2025-06-15 13:00:00,36.947315,62.0,6
son-serra-de-marina,2025-06-15 14:00:00,36.971645,48.0,6
son-serra-de-marina,2025-06-15 15:00:00,36.4841,57.0,6
son-serra-de-marina,2025-06-15 16:00:00,36.044712,44.0,6
son-serra-de-marina,2025-06-15 17:00:00,33.02655,49.0,6
son-serra-de-marina,2025-06-15 18:00:00,33.026226,30.0,6
son-serra-de-marina,2025-06-15 19:00:00,30.701506,5.0,6
son-serra-de-marina,2025-06-15 20:00:00,29.86128,2.0,6
son-serra-de-marina,2025-06-16 08:00:00,28.062277,14.0,6
son-serra-de-marina,2025-06-16 09:00:00,32.408695,28.0,6
son-serra-de-marina,2025-06-16 10:00:00,34.269485,30.0,6
son-serra-de-marina,2025-06-16 11:00:00,35.716175,11.0,6
son-serra-de-marina,2025-06-16 12:00:00,37.41992,15.0,6
son-serra-de-marina,2025-06-16 13:00:00,38.41154,32.0,6
son-serra-de-marina,2025-06-16 14:00:00,39.03264,22.0,6
son-serra-de-marina,2025-06-16 15:00:00,38.448143,20.0,6
son-serra-de-marina,2025-06-16 16:00:00,37.729336,25.0,6
son-serra-de-marina,2025-06-16 17:00:00,35.1738,13.0,6
son-serra-de-marina,2025-06-16 18:00:00,35.008705,15.0,6
son-serra-de-marina,2025-06-16 19:00:00,33.658768,15.0,6
son-serra-de-marina,2025-06-16 20:00:00,30.443453,2.0,6
son-serra-de-marina,2025-06-17 08:00:00,29.761627,19.0,6
son-serra-de-marina,2025-06-17 09:00:00,33.671955,29.0,6
son-serra-de-marina,2025-06-17 10:00:00,34.787987,28.0,6
son-serra-de-marina,2025-06-17 11:00:00,36.98509,27.0,6
son-serra-de-marina,2025-06-17 12:00:00,38.481007,19.0,6
son-serra-de-marina,2025-06-17 13:00:00,38.975388,26.0,6
son-serra-de-marina,2025-06-17 14:00:00,39.074883,34.0,6
son-serra-de-marina,2025-06-17 15:00:00,38.070015,29.0,6
son-serra-de-marina,2025-06-17 16:00:00,38.24943,19.0,6
son-serra-de-marina,2025-06-17 17:00:00,34.45959,15.0,6
son-serra-de-marina,2025-06-17 18:00:00,32.273335,20.0,6
son-serra-de-marina,2025-06-17 19:00:00,31.298567,10.0,6
son-serra-de-marina,2025-06-17 20:00:00,29.945831,3.0,6
son-serra-de-marina,2025-06-18 08:00:00,27.46002,22.0,6
son-serra-de-marina,2025-06-18 09:00:00,32.642994,24.0,6
son-serra-de-marina,2025-06-18 10:00:00,33.960873,26.0,6
son-serra-de-marina,2025-06-18 11:00:00,35.394024,25.0,6
son-serra-de-marina,2025-06-18 12:00:00,37.229694,25.0,6
son-serra-de-marina,2025-06-18 13:00:00,37.577637,23.0,6
son-serra-de-marina,2025-06-18 14:00:00,38.046986,20.0,6
son-serra-de-marina,2025-06-18 15:00:00,36.979034,22.0,6
son-serra-de-marina,2025-06-18 16:00:00,36.35147,18.0,6
son-serra-de-marina,2025-06-18 17:00:00,32.66333,24.0,6
son-serra-de-marina,2025-06-18 18:00:00,32.501213,17.0,6
son-serra-de-marina,2025-06-18 19:00:00,30.535421,10.0,6
son-serra-de-marina,2025-06-18 20:00:00,28.865421,3.0,6
son-serra-de-marina,2025-06-19 08:00:00,28.246744,20.0,6
son-serra-de-marina,2025-06-19 09:00:00,32.227833,50.0,6
son-serra-de-marina,2025-06-19 10:00:00,33.1689,32.0,6
son-serra-de-marina,2025-06-19 11:00:00,34.168755,22.0,6
son-serra-de-marina,2025-06-19 12:00:00,34.940613,25.0,6
son-serra-de-marina,2025-06-19 13:00:00,35.214542,26.0,6
son-serra-de-marina,2025-06-19 14:00:00,35.769554,21.0,6
son-serra-de-marina,2025-06-19 15:00:00,34.781708,21.0,6
son-serra-de-marina,2025-06-19 16:00:00,34.37688,20.0,6
son-serra-de-marina,2025-06-19 17:00:00,30.63364,17.0,6
son-serra-de-marina,2025-06-19 18:00:00,30.25026,15.0,6
son-serra-de-marina,2025-06-19 19:00:00,27.990507,6.0,6
son-serra-de-marina,2025-06-19 20:00:00,26.782896,6.0,6
son-serra-de-marina,2025-06-20 08:00:00,25.09616,29.0,6
son-serra-de-marina,2025-06-20 09:00:00,29.235558,49.0,6
son-serra-de-marina,2025-06-20 10:00:00,30.567726,56.0,6
son-serra-de-marina,2025-06-20 11:00:00,32.94953,47.0,6
son-serra-de-marina,2025-06-20 12:00:00,34.852615,14.0,6
son-serra-de-marina,2025-06-20 13:00:00,34.798046,51.0,6
son-serra-de-marina,2025-06-20 14:00:00,35.49066,41.0,6
son-serra-de-marina,2025-06-20 15:00:00,34.773777,55.0,6
son-serra-de-marina,2025-06-20 16:00:00,34.293827,34.0,6
son-serra-de-marina,2025-06-20 17:00:00,30.696306,24.0,6
son-serra-de-marina,2025-06-20 18:00:00,31.103415,19.0,6
son-serra-de-marina,2025-06-20 19:00:00,29.527586,23.0,6
son-serra-de-marina,2025-06-20 20:00:00,28.213043,6.0,6
son-serra-de-marina,2025-06-21 08:00:00,27.783726,16.0,6
son-serra-de-marina,2025-06-21 09:00:00,32.133575,24.0,6
son-serra-de-marina,2025-06-21 10:00:00,32.840076,38.0,6
son-serra-de-marina,2025-06-21 11:00:00,35.21839,39.0,6
son-serra-de-marina,2025-06-21 12:00:00,37.592453,22.0,6
son-serra-de-marina,2025-06-21 13:00:00,37.785133,24.0,6
son-serra-de-marina,2025-06-21 14:00:00,37.959465,31.0,6
son-serra-de-marina,2025-06-21 15:00:00,37.92679,22.0,6
son-serra-de-marina,2025-06-21 16:00:00,38.211014,40.0,6
son-serra-de-marina,2025-06-21 17:00:00,36.115803,63.0,6
son-serra-de-marina,2025-06-21 18:00:00,36.561714,33.0,6
son-serra-de-marina,2025-06-21 19:00:00,34.612686,24.0,6
son-serra-de-marina,2025-06-21 20:00:00,33.75867,6.0,6
son-serra-de-marina,2025-06-22 08:00:00,31.442911,27.0,6
son-serra-de-marina,2025-06-22 09:00:00,34.91155,41.0,6
son-serra-de-marina,2025-06-22 10:00:00,37.77911,28.0,6
son-serra-de-marina,2025-06-22 11:00:00,39.19199,42.0,6
son-serra-de-marina,2025-06-22 12:00:00,41.358315,27.0,6
son-serra-de-marina,2025-06-22 13:00:00,40.902576,47.0,6
son-serra-de-marina,2025-06-22 14:00:00,40.796516,35.0,6
son-serra-de-marina,2025-06-22 15:00:00,40.333324,46.0,6
son-serra-de-marina,2025-06-22 16:00:00,40.13844,39.0,6
son-serra-de-marina,2025-06-22 17:00:00,37.380104,41.0,6
son-serra-de-marina,2025-06-22 18:00:00,37.53476,35.0,6
son-serra-de-marina,2025-06-22 19:00:00,35.881985,31.0,6
son-serra-de-marina,2025-06-22 20:00:00,34.879803,2.0,6
son-serra-de-marina,2025-06-23 08:00:00,31.010073,18.0,6
son-serra-de-marina,2025-06-23 09:00:00,35.248817,19.0,6
son-serra-de-marina,2025-06-23 10:00:00,39.524086,44.0,6
son-serra-de-marina,2025-06-23 11:00:00,40.562595,24.0,6
son-serra-de-marina,2025-06-23 12:00:00,43.90148,17.0,6
son-serra-de-marina,2025-06-23 13:00:00,45.310753,16.0,6
son-serra-de-marina,2025-06-23 14:00:00,46.653687,16.0,6
son-serra-de-marina,2025-06-23 15:00:00,46.139423,22.0,6
son-serra-de-marina,2025-06-23 16:00:00,44.60784,6.0,6
son-serra-de-marina,2025-06-23 17:00:00,42.14024,20.0,6
son-serra-de-marina,2025-06-23 18:00:00,41.39679,16.0,6
son-serra-de-marina,2025-06-23 19:00:00,39.52914,9.0,6
son-serra-de-marina,2025-06-23 20:00:00,38.656113,6.0,6
son-serra-de-marina,2025-06-24 08:00:00,39.14036,12.0,6
son-serra-de-marina,2025-06-24 09:00:00,45.552624,27.0,6
son-serra-de-marina,2025-06-24 10:00:00,46.44811,36.0,6
son-serra-de-marina,2025-06-24 11:00:00,48.609337,34.0,6
son-serra-de-marina,2025-06-24 12:00:00,51.84797,16.0,6
son-serra-de-marina,2025-06-24 13:00:00,53.087288,18.0,6
son-serra-de-marina,2025-06-24 14:00:00,53.044518,24.0,6
son-serra-de-marina,2025-06-24 15:00:00,51.166294,19.0,6
son-serra-de-marina,2025-06-24 16:00:00,51.040592,27.0,6
son-serra-de-marina,2025-06-24 17:00:00,47.162445,35.0,6
son-serra-de-marina,2025-06-24 18:00:00,45.249687,30.0,6
son-serra-de-marina,2025-06-24 19:00:00,40.694122,18.0,6
son-serra-de-marina,2025-06-24 20:00:00,38.888012,6.0,6
son-serra-de-marina,2025-06-25 08:00:00,40.101288,17.0,6
son-serra-de-marina,2025-06-25 09:00:00,44.802242,19.0,6
son-serra-de-marina,2025-06-25 10:00:00,45.90104,26.0,6
son-serra-de-marina,2025-06-25 11:00:00,49.262608,36.0,6
son-serra-de-marina,2025-06-25 12:00:00,50.061253,44.0,6
son-serra-de-marina,2025-06-25 13:00:00,46.87822,30.0,6
son-serra-de-marina,2025-06-25 14:00:00,46.654636,26.0,6
son-serra-de-marina,2025-06-25 15:00:00,45.529938,39.0,6
son-serra-de-marina,2025-06-25 16:00:00,44.83272,37.0,6
son-serra-de-marina,2025-06-25 17:00:00,40.85194,40.0,6
son-serra-de-marina,2025-06-25 18:00:00,37.61019,30.0,6
son-serra-de-marina,2025-06-25 19:00:00,34.003277,26.0,6
son-serra-de-marina,2025-06-25 20:00:00,30.573866,4.0,6
son-serra-de-marina,2025-06-26 08:00:00,29.516073,18.0,6
son-serra-de-marina,2025-06-26 09:00:00,28.78683,29.0,6
son-serra-de-marina,2025-06-26 10:00:00,33.303577,44.0,6
son-serra-de-marina,2025-06-26 11:00:00,34.06854,33.0,6
son-serra-de-marina,2025-06-26 12:00:00,36.67289,31.0,6
son-serra-de-marina,2025-06-26 13:00:00,37.178925,28.0,6
son-serra-de-marina,2025-06-26 14:00:00,37.91716,20.0,6
son-serra-de-marina,2025-06-26 15:00:00,37.196045,7.0,6
son-serra-de-marina,2025-06-26 16:00:00,36.420208,12.0,6
son-serra-de-marina,2025-06-26 17:00:00,32.994377,8.0,6
son-serra-de-marina,2025-06-26 18:00:00,32.890976,5.0,6
son-serra-de-marina,2025-06-26 19:00:00,30.937536,14.0,6
son-serra-de-marina,2025-06-26 20:00:00,29.407913,3.0,6
son-serra-de-marina,2025-06-27 08:00:00,28.133402,10.0,6
son-serra-de-marina,2025-06-27 09:00:00,31.89132,12.0,6
son-serra-de-marina,2025-06-27 10:00:00,32.601334,27.0,6
son-serra-de-marina,2025-06-27 11:00:00,35.27656,8.0,6
son-serra-de-marina,2025-06-27 12:00:00,37.2732,14.0,6
son-serra-de-marina,2025-06-27 13:00:00,36.893635,6.0,6
son-serra-de-marina,2025-06-27 14:00:00,36.37453,8.0,6
son-serra-de-marina,2025-06-27 15:00:00,34.47438,12.0,6
son-serra-de-marina,2025-06-27 16:00:00,34.293827,4.0,6
son-serra-de-marina,2025-06-27 17:00:00,30.907326,21.0,6
son-serra-de-marina,2025-06-27 18:00:00,30.455004,24.0,6
son-serra-de-marina,2025-06-27 19:00:00,28.40672,39.0,6
son-serra-de-marina,2025-06-27 20:00:00,27.008816,10.0,6
son-serra-de-marina,2025-06-28 08:00:00,25.858139,17.0,6
son-serra-de-marina,2025-06-28 09:00:00,30.619211,14.0,6
son-serra-de-marina,2025-06-28 10:00:00,31.580374,16.0,6
son-serra-de-marina,2025-06-28 11:00:00,33.705036,39.0,6
son-serra-de-marina,2025-06-28 12:00:00,35.54923,16.0,6
son-serra-de-marina,2025-06-28 13:00:00,36.501575,22.0,6
son-serra-de-marina,2025-06-28 14:00:00,36.204144,18.0,6
son-serra-de-marina,2025-06-28 15:00:00,35.379066,16.0,6
son-serra-de-marina,2025-06-28 16:00:00,35.416214,23.0,6
son-serra-de-marina,2025-06-28 17:00:00,32.333622,22.0,6
son-serra-de-marina,2025-06-28 18:00:00,31.636549,41.0,6
son-serra-de-marina,2025-06-28 19:00:00,29.453144,18.0,6
son-serra-de-marina,2025-06-28 20:00:00,28.141369,6.0,6
son-serra-de-marina,2025-06-29 08:00:00,25.698956,11.0,6
son-serra-de-marina,2025-06-29 09:00:00,30.24927,14.0,6
son-serra-de-marina,2025-06-29 10:00:00,32.212788,30.0,6
son-serra-de-marina,2025-06-29 11:00:00,34.20198,25.0,6
son-serra-de-marina,2025-06-29 12:00:00,36.377758,21.0,6
son-serra-de-marina,2025-06-29 13:00:00,36.829514,33.0,6
son-serra-de-marina,2025-06-29 14:00:00,38.225735,27.0,6
son-serra-de-marina,2025-06-29 15:00:00,38.220196,26.0,6
son-serra-de-marina,2025-06-29 16:00:00,37.134113,44.0,6
son-serra-de-marina,2025-06-29 17:00:00,36.018642,30.0,6
son-serra-de-marina,2025-06-29 18:00:00,36.042286,63.0,6
son-serra-de-marina,2025-06-29 19:00:00,35.40495,35.0,6
son-serra-de-marina,2025-06-29 20:00:00,33.774235,7.0,6
son-serra-de-marina,2025-06-30 08:00:00,30.265886,15.0,6
son-serra-de-marina,2025-06-30 09:00:00,33.618492,17.0,6
son-serra-de-marina,2025-06-30 10:00:00,37.07134,20.0,6
son-serra-de-marina,2025-06-30 11:00:00,37.738503,26.0,6
son-serra-de-marina,2025-06-30 12:00:00,38.7468,16.0,6
son-serra-de-marina,2025-06-30 13:00:00,39.075478,8.0,6
son-serra-de-marina,2025-06-30 14:00:00,38.53978,14.0,6
son-serra-de-marina,2025-06-30 15:00:00,38.68956,21.0,6
son-serra-de-marina,2025-06-30 16:00:00,37.84833,17.0,6
son-serra-de-marina,2025-06-30 17:00:00,34.89194,13.0,6
son-serra-de-marina,2025-06-30 18:00:00,34.79763,19.0,6
son-serra-de-marina,2025-06-30 19:00:00,32.33988,10.0,6
son-serra-de-marina,2025-06-30 20:00:00,31.565638,9.0,6
son-serra-de-marina,2025-07-01 08:00:00,29.93602,18.0,7
son-serra-de-marina,2025-07-01 09:00:00,34.22361,21.0,7
son-serra-de-marina,2025-07-01 10:00:00,34.97772,24.0,7
son-serra-de-marina,2025-07-01 11:00:00,37.02272,21.0,7
son-serra-de-marina,2025-07-01 12:00:00,39.004055,15.0,7
son-serra-de-marina,2025-07-01 13:00:00,39.55649,14.0,7
son-serra-de-marina,2025-07-01 14:00:00,39.31435,15.0,7
son-serra-de-marina,2025-07-01 15:00:00,39.03476,17.0,7
son-serra-de-marina,2025-07-01 16:00:00,38.681095,12.0,7
son-serra-de-marina,2025-07-01 17:00:00,36.55306,29.0,7
son-serra-de-marina,2025-07-01 18:00:00,36.824753,14.0,7
son-serra-de-marina,2025-07-01 19:00:00,35.313835,29.0,7
son-serra-de-marina,2025-07-01 20:00:00,33.061058,4.0,7
son-serra-de-marina,2025-07-02 08:00:00,32.150723,10.0,7
son-serra-de-marina,2025-07-02 09:00:00,35.17544,20.0,7
son-serra-de-marina,2025-07-02 10:00:00,36.645847,22.0,7
son-serra-de-marina,2025-07-02 11:00:00,38.08527,16.0,7
son-serra-de-marina,2025-07-02 12:00:00,39.5384,12.0,7
son-serra-de-marina,2025-07-02 13:00:00,39.312595,14.0,7
son-serra-de-marina,2025-07-02 14:00:00,39.90492,15.0,7
son-serra-de-marina,2025-07-02 15:00:00,38.983818,7.0,7
son-serra-de-marina,2025-07-02 16:00:00,38.33388,12.0,7
son-serra-de-marina,2025-07-02 17:00:00,34.874504,16.0,7
son-serra-de-marina,2025-07-02 18:00:00,34.435154,26.0,7
son-serra-de-marina,2025-07-02 19:00:00,32.37837,15.0,7
son-serra-de-marina,2025-07-02 20:00:00,28.79079,5.0,7
son-serra-de-marina,2025-07-03 08:00:00,28.234255,13.0,7
son-serra-de-marina,2025-07-03 09:00:00,31.93585,21.0,7
son-serra-de-marina,2025-07-03 10:00:00,33.165207,13.0,7
son-serra-de-marina,2025-07-03 11:00:00,35.393063,17.0,7
son-serra-de-marina,2025-07-03 12:00:00,37.220356,19.0,7
son-serra-de-marina,2025-07-03 13:00:00,37.500263,12.0,7
son-serra-de-marina,2025-07-03 14:00:00,37.550186,12.0,7
son-serra-de-marina,2025-07-03 15:00:00,36.904133,16.0,7
son-serra-de-marina,2025-07-03 16:00:00,36.494717,11.0,7
son-serra-de-marina,2025-07-03 17:00:00,33.226574,37.0,7
son-serra-de-marina,2025-07-03 18:00:00,33.417896,23.0,7
son-serra-de-marina,2025-07-03 19:00:00,30.749674,4.0,7
son-serra-de-marina,2025-07-03 20:00:00,30.323202,2.0,7
son-serra-de-marina,2025-07-04 08:00:00,28.826326,10.0,7
son-serra-de-marina,2025-07-04 09:00:00,32.94526,25.0,7
son-serra-de-marina,2025-07-04 10:00:00,34.21018,17.0,7
son-serra-de-marina,2025-07-04 11:00:00,36.297962,10.0,7
son-serra-de-marina,2025-07-04 12:00:00,37.074623,10.0,7
son-serra-de-marina,2025-07-04 13:00:00,36.462463,27.0,7
son-serra-de-marina,2025-07-04 14:00:00,36.37832,14.0,7
son-serra-de-marina,2025-07-04 15:00:00,36.054558,8.0,7
son-serra-de-marina,2025-07-04 16:00:00,36.50676,14.0,7
son-serra-de-marina,2025-07-04 17:00:00,33.489243,28.0,7
son-serra-de-marina,2025-07-04 18:00:00,32.73218,24.0,7
son-serra-de-marina,2025-07-04 19:00:00,31.163301,14.0,7
son-serra-de-marina,2025-07-04 20:00:00,29.18538,5.0,7
son-serra-de-marina,2025-07-05 08:00:00,29.72255,18.0,7
son-serra-de-marina,2025-07-05 09:00:00,33.43054,31.0,7
son-serra-de-marina,2025-07-05 10:00:00,35.425602,12.0,7
son-serra-de-marina,2025-07-05 11:00:00,36.812416,17.0,7
son-serra-de-marina,2025-07-05 12:00:00,38.019054,27.0,7
son-serra-de-marina,2025-07-05 13:00:00,39.118584,19.0,7
son-serra-de-marina,2025-07-05 14:00:00,40.04566,20.0,7
son-serra-de-marina,2025-07-05 15:00:00,39.743423,23.0,7
son-serra-de-marina,2025-07-05 16:00:00,37.15945,35.0,7
son-serra-de-marina,2025-07-05 17:00:00,37.14691,33.0,7
son-serra-de-marina,2025-07-05 18:00:00,35.80126,34.0,7
son-serra-de-marina,2025-07-05 19:00:00,33.53245,4.0,7
son-serra-de-marina,2025-07-05 20:00:00,31.430937,5.0,7
son-serra-de-marina,2025-07-06 08:00:00,28.535923,24.0,7
son-serra-de-marina,2025-07-06 09:00:00,32.36876,30.0,7
son-serra-de-marina,2025-07-06 10:00:00,33.324394,40.0,7
son-serra-de-marina,2025-07-06 11:00:00,35.708908,45.0,7
son-serra-de-marina,2025-07-06 12:00:00,37.329094,25.0,7
son-serra-de-marina,2025-07-06 13:00:00,37.04766,24.0,7
son-serra-de-marina,2025-07-06 14:00:00,37.59876,25.0,7
son-serra-de-marina,2025-07-06 15:00:00,35.765514,21.0,7
son-serra-de-marina,2025-07-06 16:00:00,34.79646,31.0,7
son-serra-de-marina,2025-07-06 17:00:00,31.822163,34.0,7
son-serra-de-marina,2025-07-06 18:00:00,31.389591,27.0,7
son-serra-de-marina,2025-07-06 19:00:00,30.110313,5.0,7
son-serra-de-marina,2025-07-06 20:00:00,27.373552,2.0,7
son-serra-de-marina,2025-07-07 08:00:00,25.441927,8.0,7
son-serra-de-marina,2025-07-07 09:00:00,29.197258,21.0,7
son-serra-de-marina,2025-07-07 10:00:00,30.188896,39.0,7
son-serra-de-marina,2025-07-07 11:00:00,32.980354,39.0,7
son-serra-de-marina,2025-07-07 12:00:00,35.454384,4.0,7
son-serra-de-marina,2025-07-07 13:00:00,29.856668,3.0,7
son-serra-de-marina,2025-07-07 14:00:00,29.844208,3.0,7
son-serra-de-marina,2025-07-07 15:00:00,33.91264,6.0,7
son-serra-de-marina,2025-07-07 16:00:00,30.618824,11.0,7
son-serra-de-marina,2025-07-07 17:00:00,29.27738,18.0,7
son-serra-de-marina,2025-07-07 18:00:00,29.62762,3.0,7
son-serra-de-marina,2025-07-07 19:00:00,27.912197,15.0,7
son-serra-de-marina,2025-07-07 20:00:00,26.95883,2.0,7
son-serra-de-marina,2025-07-08 08:00:00,25.691488,12.0,7
son-serra-de-marina,2025-07-08 09:00:00,26.081009,12.0,7
son-serra-de-marina,2025-07-08 10:00:00,25.507317,10.0,7
son-serra-de-marina,2025-07-08 11:00:00,27.07303,10.0,7
son-serra-de-marina,2025-07-08 12:00:00,29.007772,11.0,7
son-serra-de-marina,2025-07-08 13:00:00,29.340437,6.0,7
son-serra-de-marina,2025-07-08 14:00:00,33.7622,10.0,7
son-serra-de-marina,2025-07-08 15:00:00,34.106422,13.0,7
son-serra-de-marina,2025-07-08 16:00:00,33.53943,10.0,7
son-serra-de-marina,2025-07-08 17:00:00,30.605639,12.0,7
son-serra-de-marina,2025-07-08 18:00:00,30.152607,17.0,7
son-serra-de-marina,2025-07-08 19:00:00,28.564163,11.0,7
son-serra-de-marina,2025-07-08 20:00:00,27.236544,2.0,7
son-serra-de-marina,2025-07-09 08:00:00,27.021852,19.0,7
son-serra-de-marina,2025-07-09 09:00:00,31.913029,21.0,7
son-serra-de-marina,2025-07-09 10:00:00,32.829586,30.0,7
son-serra-de-marina,2025-07-09 11:00:00,35.052094,40.0,7
son-serra-de-marina,2025-07-09 12:00:00,36.713528,23.0,7
son-serra-de-marina,2025-07-09 13:00:00,36.825073,11.0,7
son-serra-de-marina,2025-07-09 14:00:00,36.871998,14.0,7
son-serra-de-marina,2025-07-09 15:00:00,36.681534,17.0,7
son-serra-de-marina,2025-07-09 16:00:00,36.40925,22.0,7
son-serra-de-marina,2025-07-09 17:00:00,32.296227,25.0,7
son-serra-de-marina,2025-07-09 18:00:00,31.315794,16.0,7
son-serra-de-marina,2025-07-09 19:00:00,28.52119,10.0,7
son-serra-de-marina,2025-07-09 20:00:00,26.720337,5.0,7
son-serra-de-marina,2025-07-10 08:00:00,25.15811,2.0,7
son-serra-de-marina,2025-07-10 09:00:00,29.385109,20.0,7
son-serra-de-marina,2025-07-10 10:00:00,31.095053,42.0,7
son-serra-de-marina,2025-07-10 11:00:00,33.406,35.0,7
son-serra-de-marina,2025-07-10 12:00:00,35.203373,29.0,7
son-serra-de-marina,2025-07-10 13:00:00,35.152122,22.0,7
son-serra-de-marina,2025-07-10 14:00:00,35.444065,35.0,7
son-serra-de-marina,2025-07-10 15:00:00,33.746365,33.0,7
son-serra-de-marina,2025-07-10 16:00:00,30.987886,21.0,7
son-serra-de-marina,2025-07-10 17:00:00,30.870127,13.0,7
son-serra-de-marina,2025-07-10 18:00:00,29.614456,20.0,7
son-serra-de-marina,2025-07-10 19:00:00,27.96584,9.0,7
son-serra-de-marina,2025-07-10 20:00:00,26.767052,2.0,7
son-serra-de-marina,2025-07-11 08:00:00,25.777414,24.0,7
son-serra-de-marina,2025-07-11 09:00:00,29.015215,29.0,7
son-serra-de-marina,2025-07-11 10:00:00,30.246696,29.0,7
son-serra-de-marina,2025-07-11 11:00:00,32.00658,30.0,7
son-serra-de-marina,2025-07-11 12:00:00,33.658836,40.0,7
son-serra-de-marina,2025-07-11 13:00:00,34.441597,37.0,7
son-serra-de-marina,2025-07-11 14:00:00,34.154,34.0,7
son-serra-de-marina,2025-07-11 15:00:00,30.313826,41.0,7
son-serra-de-marina,2025-07-11 16:00:00,30.472727,21.0,7
son-serra-de-marina,2025-07-11 17:00:00,29.795736,23.0,7
son-serra-de-marina,2025-07-11 18:00:00,29.56153,17.0,7
son-serra-de-marina,2025-07-11 19:00:00,26.907248,15.0,7
son-serra-de-marina,2025-07-11 20:00:00,26.71379,6.0,7
son-serra-de-marina,2025-07-12 08:00:00,25.841797,27.0,7
son-serra-de-marina,2025-07-12 09:00:00,26.735119,36.0,7
son-serra-de-marina,2025-07-12 10:00:00,29.304121,50.0,7
son-serra-de-marina,2025-07-12 11:00:00,32.782917,63.0,7
son-serra-de-marina,2025-07-12 12:00:00,35.390945,54.0,7
son-serra-de-marina,2025-07-12 13:00:00,35.472557,58.0,7
son-serra-de-marina,2025-07-12 14:00:00,36.172577,39.0,7
son-serra-de-marina,2025-07-12 15:00:00,34.68348,49.0,7
son-serra-de-marina,2025-07-12 16:00:00,33.074917,41.0,7
son-serra-de-marina,2025-07-12 17:00:00,31.25049,39.0,7
son-serra-de-marina,2025-07-12 18:00:00,30.673233,29.0,7
son-serra-de-marina,2025-07-12 19:00:00,28.786139,8.0,7
son-serra-de-marina,2025-07-12 20:00:00,26.743225,3.0,7
son-serra-de-marina,2025-07-13 08:00:00,26.319063,24.0,7
son-serra-de-marina,2025-07-13 09:00:00,30.259676,56.0,7
son-serra-de-marina,2025-07-13 10:00:00,31.994087,58.0,7
son-serra-de-marina,2025-07-13 11:00:00,34.289005,54.0,7
son-serra-de-marina,2025-07-13 12:00:00,36.25921,42.0,7
son-serra-de-marina,2025-07-13 13:00:00,36.836903,35.0,7
son-serra-de-marina,2025-07-13 14:00:00,35.9591,34.0,7
son-serra-de-marina,2025-07-13 15:00:00,35.47818,54.0,7
son-serra-de-marina,2025-07-13 16:00:00,31.571234,63.0,7
son-serra-de-marina,2025-07-13 17:00:00,32.623528,54.0,7
son-serra-de-marina,2025-07-13 18:00:00,31.46672,18.0,7
son-serra-de-marina,2025-07-13 19:00:00,28.4057,17.0,7
son-serra-de-marina,2025-07-13 20:00:00,27.82131,2.0,7
son-serra-de-marina,2025-07-14 08:00:00,26.39262,17.0,7
son-serra-de-marina,2025-07-14 09:00:00,29.57691,37.0,7
son-serra-de-marina,2025-07-14 10:00:00,30.4974,23.0,7
son-serra-de-marina,2025-07-14 11:00:00,32.992123,35.0,7
son-serra-de-marina,2025-07-14 12:00:00,35.00605,41.0,7
son-serra-de-marina,2025-07-14 13:00:00,35.510723,29.0,7
son-serra-de-marina,2025-07-14 14:00:00,35.18978,28.0,7
son-serra-de-marina,2025-07-14 15:00:00,33.24808,55.0,7
son-serra-de-marina,2025-07-14 16:00:00,31.330564,40.0,7
son-serra-de-marina,2025-07-14 17:00:00,30.817566,32.0,7
son-serra-de-marina,2025-07-14 18:00:00,30.303204,19.0,7
son-serra-de-marina,2025-07-14 19:00:00,28.215416,16.0,7
son-serra-de-marina,2025-07-14 20:00:00,27.248768,3.0,7
son-serra-de-marina,2025-07-15 08:00:00,26.454065,21.0,7
son-serra-de-marina,2025-07-15 09:00:00,30.162453,26.0,7
son-serra-de-marina,2025-07-15 10:00:00,31.125679,43.0,7
son-serra-de-marina,2025-07-15 11:00:00,33.067074,48.0,7
son-serra-de-marina,2025-07-15 12:00:00,35.11501,61.0,7
son-serra-de-marina,2025-07-15 13:00:00,35.47763,49.0,7
son-serra-de-marina,2025-07-15 14:00:00,36.678646,29.0,7
son-serra-de-marina,2025-07-15 15:00:00,36.358852,25.0,7
son-serra-de-marina,2025-07-15 16:00:00,35.81982,25.0,7
son-serra-de-marina,2025-07-15 17:00:00,32.649673,32.0,7
son-serra-de-marina,2025-07-15 18:00:00,31.777836,30.0,7
son-serra-de-marina,2025-07-15 19:00:00,29.855095,17.0,7
son-serra-de-marina,2025-07-15 20:00:00,29.11028,2.0,7
son-serra-de-marina,2025-07-16 08:00:00,27.979925,16.0,7
son-serra-de-marina,2025-07-16 09:00:00,31.029406,23.0,7
son-serra-de-marina,2025-07-16 10:00:00,31.640066,32.0,7
son-serra-de-marina,2025-07-16 11:00:00,34.677555,47.0,7
son-serra-de-marina,2025-07-16 12:00:00,35.712,35.0,7
son-serra-de-marina,2025-07-16 13:00:00,35.221153,33.0,7
son-serra-de-marina,2025-07-16 14:00:00,35.76533,40.0,7
son-serra-de-marina,2025-07-16 15:00:00,35.30212,26.0,7
son-serra-de-marina,2025-07-16 16:00:00,33.796165,31.0,7
son-serra-de-marina,2025-07-16 17:00:00,30.07859,43.0,7
son-serra-de-marina,2025-07-16 18:00:00,29.698008,23.0,7
son-serra-de-marina,2025-07-16 19:00:00,27.171305,16.0,7
son-serra-de-marina,2025-07-16 20:00:00,25.90646,3.0,7
son-serra-de-marina,2025-07-17 08:00:00,26.028738,34.0,7
son-serra-de-marina,2025-07-17 09:00:00,29.510906,52.0,7
son-serra-de-marina,2025-07-17 10:00:00,30.873507,43.0,7
son-serra-de-marina,2025-07-17 11:00:00,32.98677,47.0,7
son-serra-de-marina,2025-07-17 12:00:00,35.03266,34.0,7
son-serra-de-marina,2025-07-17 13:00:00,35.233406,40.0,7
son-serra-de-marina,2025-07-17 14:00:00,35.11244,51.0,7
son-serra-de-marina,2025-07-17 15:00:00,34.37893,28.0,7
son-serra-de-marina,2025-07-17 16:00:00,33.989174,22.0,7
son-serra-de-marina,2025-07-17 17:00:00,30.266829,20.0,7
son-serra-de-marina,2025-07-17 18:00:00,29.917847,33.0,7
son-serra-de-marina,2025-07-17 19:00:00,28.757437,18.0,7
son-serra-de-marina,2025-07-17 20:00:00,26.245207,2.0,7
son-serra-de-marina,2025-07-18 08:00:00,25.036768,25.0,7
son-serra-de-marina,2025-07-18 09:00:00,29.028278,46.0,7
son-serra-de-marina,2025-07-18 10:00:00,30.386127,63.0,7
son-serra-de-marina,2025-07-18 11:00:00,32.786194,48.0,7
son-serra-de-marina,2025-07-18 12:00:00,34.790016,28.0,7
son-serra-de-marina,2025-07-18 13:00:00,35.031124,33.0,7
son-serra-de-marina,2025-07-18 14:00:00,35.40015,37.0,7
son-serra-de-marina,2025-07-18 15:00:00,34.752197,29.0,7
son-serra-de-marina,2025-07-18 16:00:00,34.455723,29.0,7
son-serra-de-marina,2025-07-18 17:00:00,30.501507,28.0,7
son-serra-de-marina,2025-07-18 18:00:00,30.551924,34.0,7
son-serra-de-marina,2025-07-18 19:00:00,28.047518,53.0,7
son-serra-de-marina,2025-07-18 20:00:00,27.340029,8.0,7
son-serra-de-marina,2025-07-19 08:00:00,25.953552,25.0,7
son-serra-de-marina,2025-07-19 09:00:00,29.478155,41.0,7
son-serra-de-marina,2025-07-19 10:00:00,31.15531,59.0,7
son-serra-de-marina,2025-07-19 11:00:00,33.497555,44.0,7
son-serra-de-marina,2025-07-19 12:00:00,35.603367,38.0,7
son-serra-de-marina,2025-07-19 13:00:00,35.893646,37.0,7
son-serra-de-marina,2025-07-19 14:00:00,36.4257,41.0,7
son-serra-de-marina,2025-07-19 15:00:00,35.4376,30.0,7
son-serra-de-marina,2025-07-19 16:00:00,34.85345,44.0,7
son-serra-de-marina,2025-07-19 17:00:00,32.184002,31.0,7
son-serra-de-marina,2025-07-19 18:00:00,31.57209,30.0,7
son-serra-de-marina,2025-07-19 19:00:00,30.143333,13.0,7
son-serra-de-marina,2025-07-19 20:00:00,28.267921,2.0,7
son-serra-de-marina,2025-07-20 08:00:00,25.893003,27.0,7
son-serra-de-marina,2025-07-20 09:00:00,29.902784,50.0,7
son-serra-de-marina,2025-07-20 10:00:00,31.802195,63.0,7
son-serra-de-marina,2025-07-20 11:00:00,34.33899,63.0,7
son-serra-de-marina,2025-07-20 12:00:00,37.093597,54.0,7
son-serra-de-marina,2025-07-20 13:00:00,36.666573,31.0,7
son-serra-de-marina,2025-07-20 14:00:00,36.50556,29.0,7
son-serra-de-marina,2025-07-20 15:00:00,35.749104,30.0,7
son-serra-de-marina,2025-07-20 16:00:00,36.49504,61.0,7
son-serra-de-marina,2025-07-20 17:00:00,33.172558,45.0,7
son-serra-de-marina,2025-07-20 18:00:00,32.8273,33.0,7
son-serra-de-marina,2025-07-20 19:00:00,31.991184,36.0,7
son-serra-de-marina,2025-07-20 20:00:00,30.419065,3.0,7
son-serra-de-marina,2025-07-21 08:00:00,28.91051,4.0,7
son-serra-de-marina,2025-07-21 09:00:00,32.078293,18.0,7
son-serra-de-marina,2025-07-21 10:00:00,32.982956,11.0,7
son-serra-de-marina,2025-07-21 11:00:00,34.66338,12.0,7
son-serra-de-marina,2025-07-21 12:00:00,35.94113,16.0,7
son-serra-de-marina,2025-07-21 13:00:00,36.86855,6.0,7
son-serra-de-marina,2025-07-21 14:00:00,38.035145,7.0,7
son-serra-de-marina,2025-07-21 15:00:00,39.337334,12.0,7
son-serra-de-marina,2025-07-21 16:00:00,36.09357,21.0,7
son-serra-de-marina,2025-07-21 17:00:00,36.196457,9.0,7
son-serra-de-marina,2025-07-21 18:00:00,35.619083,20.0,7
son-serra-de-marina,2025-07-21 19:00:00,34.27912,2.0,7
son-serra-de-marina,2025-07-21 20:00:00,34.123928,2.0,7
son-serra-de-marina,2025-07-22 08:00:00,33.815006,10.0,7
son-serra-de-marina,2025-07-22 09:00:00,37.348133,21.0,7
son-serra-de-marina,2025-07-22 10:00:00,38.63983,34.0,7
son-serra-de-marina,2025-07-22 11:00:00,40.37102,21.0,7
son-serra-de-marina,2025-07-22 12:00:00,42.212513,24.0,7
son-serra-de-marina,2025-07-22 13:00:00,43.1905,20.0,7
son-serra-de-marina,2025-07-22 14:00:00,43.486668,21.0,7
son-serra-de-marina,2025-07-22 15:00:00,41.87474,10.0,7
son-serra-de-marina,2025-07-22 16:00:00,40.902138,19.0,7
son-serra-de-marina,2025-07-22 17:00:00,37.28609,13.0,7
son-serra-de-marina,2025-07-22 18:00:00,35.9844,24.0,7
son-serra-de-marina,2025-07-22 19:00:00,34.53635,31.0,7
son-serra-de-marina,2025-07-22 20:00:00,34.263145,3.0,7
son-serra-de-marina,2025-07-23 08:00:00,33.938015,13.0,7
son-serra-de-marina,2025-07-23 09:00:00,36.947666,31.0,7
son-serra-de-marina,2025-07-23 10:00:00,38.55917,20.0,7
son-serra-de-marina,2025-07-23 11:00:00,41.719433,48.0,7
son-serra-de-marina,2025-07-23 12:00:00,41.856663,36.0,7
son-serra-de-marina,2025-07-23 13:00:00,40.439034,21.0,7
son-serra-de-marina,2025-07-23 14:00:00,39.65936,34.0,7
son-serra-de-marina,2025-07-23 15:00:00,38.816257,51.0,7
son-serra-de-marina,2025-07-23 16:00:00,36.56105,34.0,7
son-serra-de-marina,2025-07-23 17:00:00,36.097126,53.0,7
son-serra-de-marina,2025-07-23 18:00:00,35.50496,43.0,7
son-serra-de-marina,2025-07-23 19:00:00,33.866627,27.0,7
son-serra-de-marina,2025-07-23 20:00:00,32.041733,2.0,7
son-serra-de-marina,2025-07-24 08:00:00,31.395782,4.0,7
son-serra-de-marina,2025-07-24 09:00:00,30.780502,8.0,7
son-serra-de-marina,2025-07-24 10:00:00,31.093136,5.0,7
son-serra-de-marina,2025-07-24 11:00:00,32.82098,5.0,7
son-serra-de-marina,2025-07-24 12:00:00,33.988377,2.0,7
son-serra-de-marina,2025-07-24 13:00:00,34.578217,6.0,7
son-serra-de-marina,2025-07-24 14:00:00,35.337837,9.0,7
son-serra-de-marina,2025-07-24 15:00:00,35.314114,1.0,7
son-serra-de-marina,2025-07-24 16:00:00,35.88242,3.0,7
son-serra-de-marina,2025-07-24 17:00:00,32.57229,2.0,7
son-serra-de-marina,2025-07-24 18:00:00,31.054073,5.0,7
son-serra-de-marina,2025-07-24 19:00:00,29.985737,5.0,7
son-serra-de-marina,2025-07-24 20:00:00,27.50805,3.0,7
son-serra-de-marina,2025-07-25 08:00:00,31.482962,8.0,7
son-serra-de-marina,2025-07-25 09:00:00,31.602869,17.0,7
son-serra-de-marina,2025-07-25 10:00:00,33.99516,29.0,7
son-serra-de-marina,2025-07-25 11:00:00,35.27897,9.0,7
son-serra-de-marina,2025-07-25 12:00:00,39.050552,15.0,7
son-serra-de-marina,2025-07-25 13:00:00,38.385677,12.0,7
son-serra-de-marina,2025-07-25 14:00:00,34.646336,17.0,7
son-serra-de-marina,2025-07-25 15:00:00,38.511105,31.0,7
son-serra-de-marina,2025-07-25 16:00:00,37.129223,29.0,7
son-serra-de-marina,2025-07-25 17:00:00,34.457424,27.0,7
son-serra-de-marina,2025-07-25 18:00:00,34.282356,20.0,7
son-serra-de-marina,2025-07-25 19:00:00,30.547768,27.0,7
son-serra-de-marina,2025-07-25 20:00:00,25.800207,6.0,7
son-serra-de-marina,2025-07-26 08:00:00,30.988836,13.0,7
son-serra-de-marina,2025-07-26 09:00:00,34.000145,41.0,7
son-serra-de-marina,2025-07-26 10:00:00,35.15561,62.0,7
son-serra-de-marina,2025-07-26 11:00:00,37.71138,63.0,7
son-serra-de-marina,2025-07-26 12:00:00,40.082684,51.0,7
son-serra-de-marina,2025-07-26 13:00:00,40.54597,62.0,7
son-serra-de-marina,2025-07-26 14:00:00,40.332684,40.0,7
son-serra-de-marina,2025-07-26 15:00:00,39.395412,35.0,7
son-serra-de-marina,2025-07-26 16:00:00,37.5314,46.0,7
son-serra-de-marina,2025-07-26 17:00:00,37.38748,49.0,7
son-serra-de-marina,2025-07-26 18:00:00,37.409096,47.0,7
son-serra-de-marina,2025-07-26 19:00:00,35.31838,28.0,7
son-serra-de-marina,2025-07-26 20:00:00,31.436125,2.0,7
son-serra-de-marina,2025-07-27 08:00:00,31.33066,20.0,7
son-serra-de-marina,2025-07-27 09:00:00,34.66233,56.0,7
son-serra-de-marina,2025-07-27 10:00:00,35.938004,57.0,7
son-serra-de-marina,2025-07-27 11:00:00,38.36936,63.0,7
son-serra-de-marina,2025-07-27 12:00:00,40.642178,59.0,7
son-serra-de-marina,2025-07-27 13:00:00,40.896797,39.0,7
son-serra-de-marina,2025-07-27 14:00:00,41.832172,33.0,7
son-serra-de-marina,2025-07-27 15:00:00,39.651684,58.0,7
son-serra-de-marina,2025-07-27 16:00:00,37.249622,48.0,7
son-serra-de-marina,2025-07-27 17:00:00,36.929695,61.0,7
son-serra-de-marina,2025-07-27 18:00:00,36.66277,37.0,7
son-serra-de-marina,2025-07-27 19:00:00,35.14708,41.0,7
son-serra-de-marina,2025-07-27 20:00:00,34.20076,2.0,7
son-serra-de-marina,2025-07-28 08:00:00,30.591162,16.0,7
son-serra-de-marina,2025-07-28 09:00:00,32.410324,25.0,7
son-serra-de-marina,2025-07-28 10:00:00,36.841724,32.0,7
son-serra-de-marina,2025-07-28 11:00:00,37.311836,17.0,7
son-serra-de-marina,2025-07-28 12:00:00,39.223747,13.0,7
son-serra-de-marina,2025-07-28 13:00:00,35.45452,4.0,7
son-serra-de-marina,2025-07-28 14:00:00,36.24369,11.0,7
son-serra-de-marina,2025-07-28 15:00:00,36.294586,9.0,7
son-serra-de-marina,2025-07-28 16:00:00,36.624958,7.0,7
son-serra-de-marina,2025-07-28 17:00:00,36.477417,13.0,7
son-serra-de-marina,2025-07-28 18:00:00,36.551826,9.0,7
son-serra-de-marina,2025-07-28 19:00:00,35.031006,7.0,7
son-serra-de-marina,2025-07-28 20:00:00,34.898994,2.0,7
son-serra-de-marina,2025-07-29 08:00:00,32.749863,5.0,7
son-serra-de-marina,2025-07-29 09:00:00,29.663546,3.0,7
son-serra-de-marina,2025-07-29 10:00:00,30.002691,12.0,7
son-serra-de-marina,2025-07-29 11:00:00,30.113403,8.0,7
son-serra-de-marina,2025-07-29 12:00:00,34.43038,13.0,7
son-serra-de-marina,2025-07-29 13:00:00,36.51484,7.0,7
son-serra-de-marina,2025-07-29 14:00:00,38.8826,17.0,7
son-serra-de-marina,2025-07-29 15:00:00,38.401855,11.0,7
son-serra-de-marina,2025-07-29 16:00:00,36.703323,19.0,7
son-serra-de-marina,2025-07-29 17:00:00,35.755253,20.0,7
son-serra-de-marina,2025-07-29 18:00:00,32.870316,26.0,7
son-serra-de-marina,2025-07-29 19:00:00,29.26809,7.0,7
son-serra-de-marina,2025-07-29 20:00:00,29.23675,3.0,7
son-serra-de-marina,2025-07-30 08:00:00,33.542583,2.0,7
son-serra-de-marina,2025-07-30 09:00:00,36.57927,10.0,7
son-serra-de-marina,2025-07-30 10:00:00,37.63686,14.0,7
son-serra-de-marina,2025-07-30 11:00:00,39.95149,13.0,7
son-serra-de-marina,2025-07-30 12:00:00,40.386086,2.0,7
son-serra-de-marina,2025-07-30 13:00:00,37.418602,10.0,7
son-serra-de-marina,2025-07-30 14:00:00,37.67302,16.0,7
son-serra-de-marina,2025-07-30 15:00:00,37.383,13.0,7
son-serra-de-marina,2025-07-30 16:00:00,35.137802,23.0,7
son-serra-de-marina,2025-07-30 17:00:00,33.02137,6.0,7
son-serra-de-marina,2025-07-30 18:00:00,32.27417,5.0,7
son-serra-de-marina,2025-07-30 19:00:00,29.415913,2.0,7
son-serra-de-marina,2025-07-30 20:00:00,23.280815,2.0,7
son-serra-de-marina,2025-07-31 08:00:00,28.231098,14.0,7
son-serra-de-marina,2025-07-31 09:00:00,31.878454,11.0,7
son-serra-de-marina,2025-07-31 10:00:00,32.53225,6.0,7
son-serra-de-marina,2025-07-31 11:00:00,35.475357,15.0,7
son-serra-de-marina,2025-07-31 12:00:00,37.27636,8.0,7
son-serra-de-marina,2025-07-31 13:00:00,37.298428,5.0,7
son-serra-de-marina,2025-07-31 14:00:00,37.108246,10.0,7
son-serra-de-marina,2025-07-31 15:00:00,36.89744,5.0,7
son-serra-de-marina,2025-07-31 16:00:00,33.3226,22.0,7
son-serra-de-marina,2025-07-31 17:00:00,32.064205,2.0,7
son-serra-de-marina,2025-07-31 18:00:00,31.520481,9.0,7
son-serra-de-marina,2025-07-31 19:00:00,28.44026,2.0,7
son-serra-de-marina,2025-07-31 20:00:00,25.565933,2.0,7
son-serra-de-marina,2025-08-01 08:00:00,26.595045,21.0,8
son-serra-de-marina,2025-08-01 09:00:00,31.33999,37.0,8
son-serra-de-marina,2025-08-01 10:00:00,31.715466,29.0,8
son-serra-de-marina,2025-08-01 11:00:00,33.198273,28.0,8
son-serra-de-marina,2025-08-01 12:00:00,35.121124,2.0,8
son-serra-de-marina,2025-08-01 13:00:00,35.46334,12.0,8
son-serra-de-marina,2025-08-01 14:00:00,35.143642,14.0,8
son-serra-de-marina,2025-08-01 15:00:00,35.126575,5.0,8
son-serra-de-marina,2025-08-01 16:00:00,34.147373,3.0,8
son-serra-de-marina,2025-08-01 17:00:00,30.113745,2.0,8
son-serra-de-marina,2025-08-01 18:00:00,31.32363,20.0,8
son-serra-de-marina,2025-08-01 19:00:00,29.848677,3.0,8
son-serra-de-marina,2025-08-01 20:00:00,28.765429,2.0,8
son-serra-de-marina,2025-08-02 08:00:00,28.7107,14.0,8
son-serra-de-marina,2025-08-02 09:00:00,32.49768,5.0,8
son-serra-de-marina,2025-08-02 10:00:00,33.662243,7.0,8
son-serra-de-marina,2025-08-02 11:00:00,36.037777,27.0,8
son-serra-de-marina,2025-08-02 12:00:00,36.921326,29.0,8
son-serra-de-marina,2025-08-02 13:00:00,37.025715,14.0,8
son-serra-de-marina,2025-08-02 14:00:00,36.64534,24.0,8
son-serra-de-marina,2025-08-02 15:00:00,35.379692,20.0,8
son-serra-de-marina,2025-08-02 16:00:00,31.188084,31.0,8
son-serra-de-marina,2025-08-02 17:00:00,31.040228,6.0,8
son-serra-de-marina,2025-08-02 18:00:00,29.991247,7.0,8
son-serra-de-marina,2025-08-02 19:00:00,27.675684,2.0,8
son-serra-de-marina,2025-08-02 20:00:00,26.686157,2.0,8
son-serra-de-marina,2025-08-03 08:00:00,26.658785,5.0,8
son-serra-de-marina,2025-08-03 09:00:00,29.441933,17.0,8
son-serra-de-marina,2025-08-03 10:00:00,26.773375,18.0,8
son-serra-de-marina,2025-08-03 11:00:00,33.281162,9.0,8
son-serra-de-marina,2025-08-03 12:00:00,36.21809,19.0,8
son-serra-de-marina,2025-08-03 13:00:00,36.702644,7.0,8
son-serra-de-marina,2025-08-03 14:00:00,36.908085,4.0,8
son-serra-de-marina,2025-08-03 15:00:00,35.496357,12.0,8
son-serra-de-marina,2025-08-03 16:00:00,34.68012,9.0,8
son-serra-de-marina,2025-08-03 17:00:00,31.29807,11.0,8
son-serra-de-marina,2025-08-03 18:00:00,30.668535,13.0,8
son-serra-de-marina,2025-08-03 19:00:00,29.576012,2.0,8
son-serra-de-marina,2025-08-03 20:00:00,25.486197,2.0,8
son-serra-de-marina,2025-08-04 08:00:00,25.319437,13.0,8
son-serra-de-marina,2025-08-04 09:00:00,29.42764,14.0,8
son-serra-de-marina,2025-08-04 10:00:00,30.407587,18.0,8
son-serra-de-marina,2025-08-04 11:00:00,33.210075,20.0,8
son-serra-de-marina,2025-08-04 12:00:00,35.098595,12.0,8
son-serra-de-marina,2025-08-04 13:00:00,35.811146,15.0,8
son-serra-de-marina,2025-08-04 14:00:00,38.6054,12.0,8
son-serra-de-marina,2025-08-04 15:00:00,37.760967,14.0,8
son-serra-de-marina,2025-08-04 16:00:00,36.366158,13.0,8
son-serra-de-marina,2025-08-04 17:00:00,34.420643,6.0,8
son-serra-de-marina,2025-08-04 18:00:00,33.713184,42.0,8
son-serra-de-marina,2025-08-04 19:00:00,31.81933,4.0,8
son-serra-de-marina,2025-08-04 20:00:00,31.008156,3.0,8
son-serra-de-marina,2025-08-05 08:00:00,30.61549,11.0,8
son-serra-de-marina,2025-08-05 09:00:00,34.90363,33.0,8
son-serra-de-marina,2025-08-05 10:00:00,37.16729,22.0,8
son-serra-de-marina,2025-08-05 11:00:00,41.69871,36.0,8
son-serra-de-marina,2025-08-05 12:00:00,43.304928,13.0,8
son-serra-de-marina,2025-08-05 13:00:00,45.190563,19.0,8
son-serra-de-marina,2025-08-05 14:00:00,44.933033,14.0,8
son-serra-de-marina,2025-08-05 15:00:00,45.372368,26.0,8
son-serra-de-marina,2025-08-05 16:00:00,44.263977,13.0,8
son-serra-de-marina,2025-08-05 17:00:00,40.61966,9.0,8
son-serra-de-marina,2025-08-05 18:00:00,39.30673,11.0,8
son-serra-de-marina,2025-08-05 19:00:00,37.238747,1.0,8
son-serra-de-marina,2025-08-05 20:00:00,36.150475,2.0,8
son-serra-de-marina,2025-08-06 08:00:00,33.63217,5.0,8
son-serra-de-marina,2025-08-06 09:00:00,38.038536,24.0,8
son-serra-de-marina,2025-08-06 10:00:00,39.605022,7.0,8
son-serra-de-marina,2025-08-06 11:00:00,43.106735,16.0,8
son-serra-de-marina,2025-08-06 12:00:00,44.804035,10.0,8
son-serra-de-marina,2025-08-06 13:00:00,43.988552,6.0,8
son-serra-de-marina,2025-08-06 14:00:00,42.381603,7.0,8
son-serra-de-marina,2025-08-06 15:00:00,39.385006,27.0,8
son-serra-de-marina,2025-08-06 16:00:00,38.168907,27.0,8
son-serra-de-marina,2025-08-06 17:00:00,35.446846,33.0,8
son-serra-de-marina,2025-08-06 18:00:00,33.802444,38.0,8
son-serra-de-marina,2025-08-06 19:00:00,30.320583,2.0,8
son-serra-de-marina,2025-08-06 20:00:00,29.281572,2.0,8
son-serra-de-marina,2025-08-07 08:00:00,28.211897,23.0,8
son-serra-de-marina,2025-08-07 09:00:00,31.243742,27.0,8
son-serra-de-marina,2025-08-07 10:00:00,32.35589,25.0,8
son-serra-de-marina,2025-08-07 11:00:00,35.485394,22.0,8
son-serra-de-marina,2025-08-07 12:00:00,37.61439,13.0,8
son-serra-de-marina,2025-08-07 13:00:00,37.34094,16.0,8
son-serra-de-marina,2025-08-07 14:00:00,37.64949,48.0,8
son-serra-de-marina,2025-08-07 15:00:00,36.504864,30.0,8
son-serra-de-marina,2025-08-07 16:00:00,36.064564,27.0,8
son-serra-de-marina,2025-08-07 17:00:00,32.869995,62.0,8
son-serra-de-marina,2025-08-07 18:00:00,31.93701,62.0,8
son-serra-de-marina,2025-08-07 19:00:00,28.7036,6.0,8
son-serra-de-marina,2025-08-07 20:00:00,28.096024,3.0,8
son-serra-de-marina,2025-08-08 08:00:00,27.21753,17.0,8
son-serra-de-marina,2025-08-08 09:00:00,30.958923,20.0,8
son-serra-de-marina,2025-08-08 10:00:00,30.030302,35.0,8
son-serra-de-marina,2025-08-08 11:00:00,33.052788,19.0,8
son-serra-de-marina,2025-08-08 12:00:00,35.053528,11.0,8
son-serra-de-marina,2025-08-08 13:00:00,35.0869,27.0,8
son-serra-de-marina,2025-08-08 14:00:00,35.45139,14.0,8
son-serra-de-marina,2025-08-08 15:00:00,34.615314,30.0,8
son-serra-de-marina,2025-08-08 16:00:00,33.516117,49.0,8
son-serra-de-marina,2025-08-08 17:00:00,30.510527,51.0,8
son-serra-de-marina,2025-08-08 18:00:00,30.267153,49.0,8
son-serra-de-marina,2025-08-08 19:00:00,27.850649,2.0,8
son-serra-de-marina,2025-08-08 20:00:00,26.983257,3.0,8
son-serra-de-marina,2025-08-09 08:00:00,26.484512,43.0,8
son-serra-de-marina,2025-08-09 09:00:00,29.827255,24.0,8
son-serra-de-marina,2025-08-09 10:00:00,30.851007,38.0,8
son-serra-de-marina,2025-08-09 11:00:00,33.929604,40.0,8
son-serra-de-marina,2025-08-09 12:00:00,36.03704,12.0,8
son-serra-de-marina,2025-08-09 13:00:00,35.830345,3.0,8
son-serra-de-marina,2025-08-09 14:00:00,35.819393,8.0,8
son-serra-de-marina,2025-08-09 15:00:00,35.21745,7.0,8
son-serra-de-marina,2025-08-09 16:00:00,34.28869,16.0,8
son-serra-de-marina,2025-08-09 17:00:00,31.319216,2.0,8
son-serra-de-marina,2025-08-09 18:00:00,30.267138,32.0,8
son-serra-de-marina,2025-08-09 19:00:00,27.880735,2.0,8
son-serra-de-marina,2025-08-09 20:00:00,27.950556,2.0,8
son-serra-de-marina,2025-08-10 08:00:00,25.678034,12.0,8
son-serra-de-marina,2025-08-10 09:00:00,29.413275,58.0,8
son-serra-de-marina,2025-08-10 10:00:00,30.506807,11.0,8
son-serra-de-marina,2025-08-10 11:00:00,33.805252,11.0,8
son-serra-de-marina,2025-08-10 12:00:00,36.117504,5.0,8
son-serra-de-marina,2025-08-10 13:00:00,36.720413,4.0,8
son-serra-de-marina,2025-08-10 14:00:00,36.656307,10.0,8
son-serra-de-marina,2025-08-10 15:00:00,35.974247,1.0,8
son-serra-de-marina,2025-08-10 16:00:00,34.285297,27.0,8
son-serra-de-marina,2025-08-10 17:00:00,32.134434,52.0,8
son-serra-de-marina,2025-08-10 18:00:00,30.859583,8.0,8
son-serra-de-marina,2025-08-10 19:00:00,28.320627,2.0,8
son-serra-de-marina,2025-08-10 20:00:00,27.222532,1.0,8
son-serra-de-marina,2025-08-11 08:00:00,24.980373,14.0,8
son-serra-de-marina,2025-08-11 09:00:00,28.706837,25.0,8
son-serra-de-marina,2025-08-11 10:00:00,30.230385,14.0,8
son-serra-de-marina,2025-08-11 11:00:00,33.037827,15.0,8
son-serra-de-marina,2025-08-11 12:00:00,34.96355,7.0,8
son-serra-de-marina,2025-08-11 13:00:00,34.64812,14.0,8
son-serra-de-marina,2025-08-11 14:00:00,34.727577,5.0,8
son-serra-de-marina,2025-08-11 15:00:00,34.613056,11.0,8
son-serra-de-marina,2025-08-11 16:00:00,32.99442,16.0,8
son-serra-de-marina,2025-08-11 17:00:00,30.815321,5.0,8
son-serra-de-marina,2025-08-11 18:00:00,30.811205,8.0,8
son-serra-de-marina,2025-08-11 19:00:00,28.144468,1.0,8
son-serra-de-marina,2025-08-11 20:00:00,27.85789,1.0,8
son-serra-de-marina,2025-08-12 08:00:00,25.892078,13.0,8
son-serra-de-marina,2025-08-12 09:00:00,29.34205,49.0,8
son-serra-de-marina,2025-08-12 10:00:00,30.16017,12.0,8
son-serra-de-marina,2025-08-12 11:00:00,33.00027,16.0,8
son-serra-de-marina,2025-08-12 12:00:00,34.745525,23.0,8
son-serra-de-marina,2025-08-12 13:00:00,35.095795,10.0,8
son-serra-de-marina,2025-08-12 14:00:00,35.131023,17.0,8
son-serra-de-marina,2025-08-12 15:00:00,34.135437,4.0,8
son-serra-de-marina,2025-08-12 16:00:00,32.48817,4.0,8
son-serra-de-marina,2025-08-12 17:00:00,30.49884,3.0,8
son-serra-de-marina,2025-08-12 18:00:00,29.974688,16.0,8
son-serra-de-marina,2025-08-12 19:00:00,28.130121,2.0,8
son-serra-de-marina,2025-08-12 20:00:00,26.43189,3.0,8
son-serra-de-marina,2025-08-13 08:00:00,24.893963,39.0,8
son-serra-de-marina,2025-08-13 09:00:00,28.828728,16.0,8
son-serra-de-marina,2025-08-13 10:00:00,29.90684,24.0,8
son-serra-de-marina,2025-08-13 11:00:00,33.17836,19.0,8
son-serra-de-marina,2025-08-13 12:00:00,34.96355,4.0,8
son-serra-de-marina,2025-08-13 13:00:00,35.23502,16.0,8
son-serra-de-marina,2025-08-13 14:00:00,34.16392,7.0,8
son-serra-de-marina,2025-08-13 15:00:00,33.75899,3.0,8
son-serra-de-marina,2025-08-13 16:00:00,30.726154,19.0,8
son-serra-de-marina,2025-08-13 17:00:00,30.815321,4.0,8
son-serra-de-marina,2025-08-13 18:00:00,30.49888,16.0,8
son-serra-de-marina,2025-08-13 19:00:00,28.130121,4.0,8
son-serra-de-marina,2025-08-13 20:00:00,27.326448,6.0,8
son-serra-de-marina,2025-08-14 08:00:00,24.95181,11.0,8
son-serra-de-marina,2025-08-14 09:00:00,28.99652,18.0,8
son-serra-de-marina,2025-08-14 10:00:00,29.663906,19.0,8
son-serra-de-marina,2025-08-14 11:00:00,33.005787,8.0,8
son-serra-de-marina,2025-08-14 12:00:00,34.727962,8.0,8
son-serra-de-marina,2025-08-14 13:00:00,34.611298,2.0,8
son-serra-de-marina,2025-08-14 14:00:00,34.49056,8.0,8
son-serra-de-marina,2025-08-14 15:00:00,34.662304,9.0,8
son-serra-de-marina,2025-08-14 16:00:00,31.954432,10.0,8
son-serra-de-marina,2025-08-14 17:00:00,30.820963,18.0,8
son-serra-de-marina,2025-08-14 18:00:00,30.4565,48.0,8
son-serra-de-marina,2025-08-14 19:00:00,28.705336,3.0,8
son-serra-de-marina,2025-08-14 20:00:00,27.154314,2.0,8
son-serra-de-marina,2025-08-15 08:00:00,25.055855,22.0,8
son-serra-de-marina,2025-08-15 09:00:00,28.634724,31.0,8
son-serra-de-marina,2025-08-15 10:00:00,29.726295,36.0,8
son-serra-de-marina,2025-08-15 11:00:00,32.97906,21.0,8
son-serra-de-marina,2025-08-15 12:00:00,34.71361,8.0,8
son-serra-de-marina,2025-08-15 13:00:00,35.164536,6.0,8
son-serra-de-marina,2025-08-15 14:00:00,34.723515,17.0,8
son-serra-de-marina,2025-08-15 15:00:00,34.27662,29.0,8
son-serra-de-marina,2025-08-15 16:00:00,32.100636,45.0,8
son-serra-de-marina,2025-08-15 17:00:00,30.527308,40.0,8
son-serra-de-marina,2025-08-15 18:00:00,30.059565,56.0,8
son-serra-de-marina,2025-08-15 19:00:00,28.255749,10.0,8
son-serra-de-marina,2025-08-15 20:00:00,27.520668,3.0,8
son-serra-de-marina,2025-08-16 08:00:00,26.375412,19.0,8
son-serra-de-marina,2025-08-16 09:00:00,29.789795,37.0,8
son-serra-de-marina,2025-08-16 10:00:00,30.3088,31.0,8
son-serra-de-marina,2025-08-16 11:00:00,33.456207,29.0,8
son-serra-de-marina,2025-08-16 12:00:00,35.917496,35.0,8
son-serra-de-marina,2025-08-16 13:00:00,36.19298,23.0,8
son-serra-de-marina,2025-08-16 14:00:00,36.097954,13.0,8
son-serra-de-marina,2025-08-16 15:00:00,35.47195,13.0,8
son-serra-de-marina,2025-08-16 16:00:00,32.901283,47.0,8
son-serra-de-marina,2025-08-16 17:00:00,31.857956,31.0,8
son-serra-de-marina,2025-08-16 18:00:00,32.66839,27.0,8
son-serra-de-marina,2025-08-16 19:00:00,28.967468,4.0,8
son-serra-de-marina,2025-08-16 20:00:00,29.14362,4.0,8
son-serra-de-marina,2025-08-17 08:00:00,28.0023,27.0,8
son-serra-de-marina,2025-08-17 09:00:00,33.176155,17.0,8
son-serra-de-marina,2025-08-17 10:00:00,32.982628,28.0,8
son-serra-de-marina,2025-08-17 11:00:00,35.795055,22.0,8
son-serra-de-marina,2025-08-17 12:00:00,37.850315,22.0,8
son-serra-de-marina,2025-08-17 13:00:00,37.80475,13.0,8
son-serra-de-marina,2025-08-17 14:00:00,38.28146,16.0,8
son-serra-de-marina,2025-08-17 15:00:00,37.21746,28.0,8
son-serra-de-marina,2025-08-17 16:00:00,34.7013,22.0,8
son-serra-de-marina,2025-08-17 17:00:00,34.429096,30.0,8
son-serra-de-marina,2025-08-17 18:00:00,33.1729,35.0,8
son-serra-de-marina,2025-08-17 19:00:00,30.961021,2.0,8
son-serra-de-marina,2025-08-17 20:00:00,30.062698,5.0,8
son-serra-de-marina,2025-08-18 08:00:00,27.790098,13.0,8
son-serra-de-marina,2025-08-18 09:00:00,32.704178,6.0,8
son-serra-de-marina,2025-08-18 10:00:00,32.919807,18.0,8
son-serra-de-marina,2025-08-18 11:00:00,35.39216,27.0,8
son-serra-de-marina,2025-08-18 12:00:00,39.127464,23.0,8
son-serra-de-marina,2025-08-18 13:00:00,39.10915,9.0,8
son-serra-de-marina,2025-08-18 14:00:00,39.151054,11.0,8
son-serra-de-marina,2025-08-18 15:00:00,38.68536,25.0,8
son-serra-de-marina,2025-08-18 16:00:00,35.345654,47.0,8
son-serra-de-marina,2025-08-18 17:00:00,34.431133,44.0,8
son-serra-de-marina,2025-08-18 18:00:00,33.94107,31.0,8
son-serra-de-marina,2025-08-18 19:00:00,29.26625,3.0,8
son-serra-de-marina,2025-08-18 20:00:00,29.672647,2.0,8
son-serra-de-marina,2025-08-19 08:00:00,28.113287,7.0,8
son-serra-de-marina,2025-08-19 09:00:00,27.837187,4.0,8
son-serra-de-marina,2025-08-19 10:00:00,27.746681,35.0,8
son-serra-de-marina,2025-08-19 11:00:00,29.47283,10.0,8
son-serra-de-marina,2025-08-19 12:00:00,35.488308,21.0,8
son-serra-de-marina,2025-08-19 13:00:00,33.602657,25.0,8
son-serra-de-marina,2025-08-19 14:00:00,32.564705,18.0,8
son-serra-de-marina,2025-08-19 15:00:00,35.372177,20.0,8
son-serra-de-marina,2025-08-19 16:00:00,30.379097,23.0,8
son-serra-de-marina,2025-08-19 17:00:00,30.403465,29.0,8
son-serra-de-marina,2025-08-19 18:00:00,29.581127,21.0,8
son-serra-de-marina,2025-08-19 19:00:00,26.232506,3.0,8
son-serra-de-marina,2025-08-19 20:00:00,27.208036,2.0,8
son-serra-de-marina,2025-08-20 08:00:00,26.166565,5.0,8
son-serra-de-marina,2025-08-20 09:00:00,25.552532,6.0,8
son-serra-de-marina,2025-08-20 10:00:00,25.62824,5.0,8
son-serra-de-marina,2025-08-20 11:00:00,31.963072,14.0,8
son-serra-de-marina,2025-08-20 12:00:00,34.93635,8.0,8
son-serra-de-marina,2025-08-20 13:00:00,34.164307,5.0,8
son-serra-de-marina,2025-08-20 14:00:00,29.254152,6.0,8
son-serra-de-marina,2025-08-20 15:00:00,34.02814,3.0,8
son-serra-de-marina,2025-08-20 16:00:00,29.541445,12.0,8
son-serra-de-marina,2025-08-20 17:00:00,29.702814,11.0,8
son-serra-de-marina,2025-08-20 18:00:00,28.143494,2.0,8
son-serra-de-marina,2025-08-20 19:00:00,26.250538,2.0,8
son-serra-de-marina,2025-08-20 20:00:00,26.890308,2.0,8
son-serra-de-marina,2025-08-21 08:00:00,24.426878,15.0,8
son-serra-de-marina,2025-08-21 09:00:00,28.153086,38.0,8
son-serra-de-marina,2025-08-21 10:00:00,29.458141,42.0,8
son-serra-de-marina,2025-08-21 11:00:00,32.77595,34.0,8
son-serra-de-marina,2025-08-21 12:00:00,34.072487,15.0,8
son-serra-de-marina,2025-08-21 13:00:00,34.29588,25.0,8
son-serra-de-marina,2025-08-21 14:00:00,33.9823,21.0,8
son-serra-de-marina,2025-08-21 15:00:00,33.786995,34.0,8
son-serra-de-marina,2025-08-21 16:00:00,29.955677,43.0,8
son-serra-de-marina,2025-08-21 17:00:00,29.084202,27.0,8
son-serra-de-marina,2025-08-21 18:00:00,29.556488,39.0,8
son-serra-de-marina,2025-08-21 19:00:00,25.779253,2.0,8
son-serra-de-marina,2025-08-21 20:00:00,22.886358,2.0,8
son-serra-de-marina,2025-08-22 08:00:00,24.725723,19.0,8
son-serra-de-marina,2025-08-22 09:00:00,25.950583,24.0,8
son-serra-de-marina,2025-08-22 10:00:00,29.175495,50.0,8
son-serra-de-marina,2025-08-22 11:00:00,31.884844,43.0,8
son-serra-de-marina,2025-08-22 12:00:00,34.313576,20.0,8
son-serra-de-marina,2025-08-22 13:00:00,35.03855,14.0,8
son-serra-de-marina,2025-08-22 14:00:00,31.559536,5.0,8
son-serra-de-marina,2025-08-22 15:00:00,29.259295,23.0,8
son-serra-de-marina,2025-08-22 16:00:00,29.311337,19.0,8
son-serra-de-marina,2025-08-22 17:00:00,29.585567,21.0,8
son-serra-de-marina,2025-08-22 18:00:00,28.478733,23.0,8
son-serra-de-marina,2025-08-22 19:00:00,25.50974,2.0,8
son-serra-de-marina,2025-08-22 20:00:00,23.597,2.0,8
son-serra-de-marina,2025-08-23 08:00:00,25.45257,10.0,8
son-serra-de-marina,2025-08-23 09:00:00,26.925436,39.0,8
son-serra-de-marina,2025-08-23 10:00:00,30.251902,49.0,8
son-serra-de-marina,2025-08-23 11:00:00,33.09395,41.0,8
son-serra-de-marina,2025-08-23 12:00:00,35.112846,18.0,8
son-serra-de-marina,2025-08-23 13:00:00,35.029892,8.0,8
son-serra-de-marina,2025-08-23 14:00:00,34.409554,10.0,8
son-serra-de-marina,2025-08-23 15:00:00,32.050045,22.0,8
son-serra-de-marina,2025-08-23 16:00:00,30.586851,21.0,8
son-serra-de-marina,2025-08-23 17:00:00,30.356134,14.0,8
son-serra-de-marina,2025-08-23 18:00:00,28.815645,14.0,8
son-serra-de-marina,2025-08-23 19:00:00,26.731201,2.0,8
son-serra-de-marina,2025-08-23 20:00:00,27.048826,2.0,8
son-serra-de-marina,2025-08-24 08:00:00,25.570713,21.0,8
son-serra-de-marina,2025-08-24 09:00:00,27.644304,37.0,8
son-serra-de-marina,2025-08-24 10:00:00,30.643383,28.0,8
son-serra-de-marina,2025-08-24 11:00:00,34.300644,31.0,8
son-serra-de-marina,2025-08-24 12:00:00,36.685127,41.0,8
son-serra-de-marina,2025-08-24 13:00:00,36.14696,18.0,8
son-serra-de-marina,2025-08-24 14:00:00,36.12998,29.0,8
son-serra-de-marina,2025-08-24 15:00:00,35.387314,47.0,8
son-serra-de-marina,2025-08-24 16:00:00,31.47521,56.0,8
son-serra-de-marina,2025-08-24 17:00:00,31.321474,63.0,8
son-serra-de-marina,2025-08-24 18:00:00,30.653738,35.0,8
son-serra-de-marina,2025-08-24 19:00:00,28.476713,2.0,8
son-serra-de-marina,2025-08-24 20:00:00,28.514471,2.0,8
son-serra-de-marina,2025-08-25 08:00:00,25.608444,10.0,8
son-serra-de-marina,2025-08-25 09:00:00,29.624525,10.0,8
son-serra-de-marina,2025-08-25 10:00:00,31.275755,38.0,8
son-serra-de-marina,2025-08-25 11:00:00,34.307552,22.0,8
son-serra-de-marina,2025-08-25 12:00:00,36.026352,27.0,8
son-serra-de-marina,2025-08-25 13:00:00,35.239292,28.0,8
son-serra-de-marina,2025-08-25 14:00:00,36.164944,40.0,8
son-serra-de-marina,2025-08-25 15:00:00,35.862686,41.0,8
son-serra-de-marina,2025-08-25 16:00:00,32.927647,28.0,8
son-serra-de-marina,2025-08-25 17:00:00,33.092823,32.0,8
son-serra-de-marina,2025-08-25 18:00:00,30.950987,32.0,8
son-serra-de-marina,2025-08-25 19:00:00,28.28737,2.0,8
son-serra-de-marina,2025-08-25 20:00:00,28.793617,2.0,8
son-serra-de-marina,2025-08-26 08:00:00,26.770395,9.0,8
son-serra-de-marina,2025-08-26 09:00:00,28.970852,47.0,8
son-serra-de-marina,2025-08-26 10:00:00,31.301285,63.0,8
son-serra-de-marina,2025-08-26 11:00:00,34.130947,63.0,8
son-serra-de-marina,2025-08-26 12:00:00,36.18814,63.0,8
son-serra-de-marina,2025-08-26 13:00:00,35.60462,63.0,8
son-serra-de-marina,2025-08-26 14:00:00,35.017086,48.0,8
son-serra-de-marina,2025-08-26 15:00:00,35.146572,63.0,8
son-serra-de-marina,2025-08-26 16:00:00,32.218273,61.0,8
son-serra-de-marina,2025-08-26 17:00:00,32.08496,63.0,8
son-serra-de-marina,2025-08-26 18:00:00,31.303745,63.0,8
son-serra-de-marina,2025-08-26 19:00:00,27.875038,11.0,8
son-serra-de-marina,2025-08-26 20:00:00,28.406801,10.0,8
son-serra-de-marina,2025-08-27 08:00:00,28.241018,32.0,8
son-serra-de-marina,2025-08-27 09:00:00,30.47677,50.0,8
son-serra-de-marina,2025-08-27 10:00:00,31.601852,32.0,8
son-serra-de-marina,2025-08-27 11:00:00,33.15635,35.0,8
son-serra-de-marina,2025-08-27 12:00:00,34.893307,43.0,8
son-serra-de-marina,2025-08-27 13:00:00,34.438843,50.0,8
son-serra-de-marina,2025-08-27 14:00:00,34.712658,45.0,8
son-serra-de-marina,2025-08-27 15:00:00,35.834244,36.0,8
son-serra-de-marina,2025-08-27 16:00:00,31.534136,48.0,8
son-serra-de-marina,2025-08-27 17:00:00,30.443848,63.0,8
son-serra-de-marina,2025-08-27 18:00:00,29.442175,56.0,8
son-serra-de-marina,2025-08-27 19:00:00,28.141842,7.0,8
son-serra-de-marina,2025-08-27 20:00:00,27.622616,3.0,8
son-serra-de-marina,2025-08-28 08:00:00,25.34436,18.0,8
son-serra-de-marina,2025-08-28 09:00:00,25.552824,22.0,8
son-serra-de-marina,2025-08-28 10:00:00,26.05521,40.0,8
son-serra-de-marina,2025-08-28 11:00:00,31.752739,56.0,8
son-serra-de-marina,2025-08-28 12:00:00,29.070894,12.0,8
son-serra-de-marina,2025-08-28 13:00:00,33.73742,34.0,8
son-serra-de-marina,2025-08-28 14:00:00,34.62855,56.0,8
son-serra-de-marina,2025-08-28 15:00:00,32.528187,32.0,8
son-serra-de-marina,2025-08-28 16:00:00,29.610743,29.0,8
son-serra-de-marina,2025-08-28 17:00:00,29.861792,27.0,8
son-serra-de-marina,2025-08-28 18:00:00,28.39841,21.0,8
son-serra-de-marina,2025-08-28 19:00:00,27.00784,4.0,8
son-serra-de-marina,2025-08-28 20:00:00,27.218014,5.0,8
son-serra-de-marina,2025-08-29 08:00:00,23.19645,23.0,8
son-serra-de-marina,2025-08-29 09:00:00,25.064123,41.0,8
son-serra-de-marina,2025-08-29 10:00:00,29.197233,45.0,8
son-serra-de-marina,2025-08-29 11:00:00,31.671041,63.0,8
son-serra-de-marina,2025-08-29 12:00:00,33.8243,4.0,8
son-serra-de-marina,2025-08-29 13:00:00,33.614677,14.0,8
son-serra-de-marina,2025-08-29 14:00:00,32.494125,16.0,8
son-serra-de-marina,2025-08-29 15:00:00,29.550629,23.0,8
son-serra-de-marina,2025-08-29 16:00:00,29.034147,34.0,8
son-serra-de-marina,2025-08-29 17:00:00,28.801405,31.0,8
son-serra-de-marina,2025-08-29 18:00:00,28.462227,43.0,8
son-serra-de-marina,2025-08-29 19:00:00,26.117428,9.0,8
son-serra-de-marina,2025-08-29 20:00:00,25.013592,8.0,8
son-serra-de-marina,2025-08-30 08:00:00,25.281277,7.0,8
son-serra-de-marina,2025-08-30 09:00:00,28.207436,53.0,8
son-serra-de-marina,2025-08-30 10:00:00,30.040285,37.0,8
son-serra-de-marina,2025-08-30 11:00:00,33.417618,59.0,8
son-serra-de-marina,2025-08-30 12:00:00,35.54414,59.0,8
son-serra-de-marina,2025-08-30 13:00:00,31.646214,46.0,8
son-serra-de-marina,2025-08-30 14:00:00,31.759117,39.0,8
son-serra-de-marina,2025-08-30 15:00:00,35.040676,47.0,8
son-serra-de-marina,2025-08-30 16:00:00,31.468832,63.0,8
son-serra-de-marina,2025-08-30 17:00:00,31.392902,63.0,8
son-serra-de-marina,2025-08-30 18:00:00,30.334438,63.0,8
son-serra-de-marina,2025-08-30 19:00:00,28.527893,5.0,8
son-serra-de-marina,2025-08-30 20:00:00,27.35457,6.0,8
