unique_id,ds,y_target,y_pred
Badia de Pollença,2025-06-01 08:00:00,21.0,20.083485
Badia de Pollença,2025-06-01 09:00:00,14.0,20.204533
Badia de Pollença,2025-06-01 10:00:00,18.0,19.319422
Badia de Pollença,2025-06-01 11:00:00,12.0,18.966764
Badia de Pollença,2025-06-01 12:00:00,5.0,18.716902
Badia de Pollença,2025-06-01 13:00:00,7.0,18.304665
Badia de Pollença,2025-06-01 14:00:00,4.0,18.04293
Badia de Pollença,2025-06-01 15:00:00,6.0,18.267708
Badia de Pollença,2025-06-01 16:00:00,5.0,17.983421
Badia de Pollença,2025-06-01 17:00:00,5.0,7.8006444
Badia de Pollença,2025-06-01 18:00:00,16.0,17.01194
Badia de Pollença,2025-06-01 19:00:00,19.0,19.543613
Badia de Pollença,2025-06-01 20:00:00,16.0,20.654512
Badia de Pollença,2025-06-02 08:00:00,11.0,21.287302
Badia de Pollença,2025-06-02 09:00:00,12.0,21.231876
Badia de Pollença,2025-06-02 10:00:00,11.0,20.157692
Badia de Pollença,2025-06-02 11:00:00,17.0,20.452372
Badia de Pollença,2025-06-02 12:00:00,10.0,18.86691
Badia de Pollença,2025-06-02 13:00:00,10.0,18.57842
Badia de Pollença,2025-06-02 14:00:00,5.0,16.480206
Badia de Pollença,2025-06-02 15:00:00,9.0,16.950735
Badia de Pollença,2025-06-02 16:00:00,9.0,19.986683
Badia de Pollença,2025-06-02 17:00:00,6.0,10.654039
Badia de Pollença,2025-06-02 18:00:00,14.0,16.682104
Badia de Pollença,2025-06-02 19:00:00,15.0,16.788671
Badia de Pollença,2025-06-02 20:00:00,15.0,17.647814
Badia de Pollença,2025-06-03 08:00:00,13.0,16.829638
Badia de Pollença,2025-06-03 09:00:00,11.0,19.457329
Badia de Pollença,2025-06-03 10:00:00,9.0,18.748898
Badia de Pollença,2025-06-03 11:00:00,11.0,18.19321
Badia de Pollença,2025-06-03 12:00:00,10.0,14.922241
Badia de Pollença,2025-06-03 13:00:00,8.0,11.2086115
Badia de Pollença,2025-06-03 14:00:00,10.0,10.87464
Badia de Pollença,2025-06-03 15:00:00,5.0,10.161298
Badia de Pollença,2025-06-03 16:00:00,5.0,12.029124
Badia de Pollença,2025-06-03 17:00:00,6.0,9.704261
Badia de Pollença,2025-06-03 18:00:00,14.0,12.654939
Badia de Pollença,2025-06-03 19:00:00,15.0,13.653743
Badia de Pollença,2025-06-03 20:00:00,18.0,14.590309
Badia de Pollença,2025-06-04 08:00:00,14.0,15.71991
Badia de Pollença,2025-06-04 09:00:00,13.0,16.304665
Badia de Pollença,2025-06-04 10:00:00,11.0,16.61457
Badia de Pollença,2025-06-04 11:00:00,13.0,16.018942
Badia de Pollença,2025-06-04 12:00:00,13.0,12.149309
Badia de Pollença,2025-06-04 13:00:00,11.0,11.212278
Badia de Pollença,2025-06-04 14:00:00,8.0,13.420894
Badia de Pollença,2025-06-04 15:00:00,7.0,13.098101
Badia de Pollença,2025-06-04 16:00:00,10.0,14.94144
Badia de Pollença,2025-06-04 17:00:00,5.0,10.424887
Badia de Pollença,2025-06-04 18:00:00,14.0,15.327819
Badia de Pollença,2025-06-04 19:00:00,15.0,15.748476
Badia de Pollença,2025-06-04 20:00:00,19.0,17.706726
Badia de Pollença,2025-06-05 08:00:00,24.0,17.648653
Badia de Pollença,2025-06-05 09:00:00,15.0,16.793032
Badia de Pollença,2025-06-05 10:00:00,10.0,16.495472
Badia de Pollença,2025-06-05 11:00:00,9.0,16.087801
Badia de Pollença,2025-06-05 12:00:00,7.0,14.816432
Badia de Pollença,2025-06-05 13:00:00,5.0,15.929882
Badia de Pollença,2025-06-05 14:00:00,10.0,15.245137
Badia de Pollença,2025-06-05 15:00:00,10.0,13.241798
Badia de Pollença,2025-06-05 16:00:00,9.0,14.662901
Badia de Pollença,2025-06-05 17:00:00,5.0,10.793456
Badia de Pollença,2025-06-05 18:00:00,17.0,14.563838
Badia de Pollença,2025-06-05 19:00:00,25.0,15.179436
Badia de Pollença,2025-06-05 20:00:00,34.0,16.89667
Badia de Pollença,2025-06-06 08:00:00,24.0,20.15775
Badia de Pollença,2025-06-06 09:00:00,19.0,21.340698
Badia de Pollença,2025-06-06 10:00:00,26.0,21.91788
Badia de Pollença,2025-06-06 11:00:00,14.0,20.958391
Badia de Pollença,2025-06-06 12:00:00,13.0,19.462246
Badia de Pollença,2025-06-06 13:00:00,5.0,19.17515
Badia de Pollença,2025-06-06 14:00:00,5.0,19.227703
Badia de Pollença,2025-06-06 15:00:00,4.0,18.638391
Badia de Pollença,2025-06-06 16:00:00,7.0,20.04316
Badia de Pollença,2025-06-06 17:00:00,5.0,10.343036
Badia de Pollença,2025-06-06 18:00:00,14.0,16.687193
Badia de Pollença,2025-06-06 19:00:00,20.0,17.226475
Badia de Pollença,2025-06-06 20:00:00,29.0,17.618282
Badia de Pollença,2025-06-07 08:00:00,28.0,19.37597
Badia de Pollença,2025-06-07 09:00:00,22.0,18.988016
Badia de Pollença,2025-06-07 10:00:00,18.0,19.154964
Badia de Pollença,2025-06-07 11:00:00,24.0,18.005152
Badia de Pollença,2025-06-07 12:00:00,12.0,17.987553
Badia de Pollença,2025-06-07 13:00:00,8.0,18.322824
Badia de Pollença,2025-06-07 14:00:00,5.0,18.108465
Badia de Pollença,2025-06-07 15:00:00,6.0,18.145716
Badia de Pollença,2025-06-07 16:00:00,5.0,18.522678
Badia de Pollença,2025-06-07 17:00:00,6.0,7.656879
Badia de Pollença,2025-06-07 18:00:00,17.0,18.153444
Badia de Pollença,2025-06-07 19:00:00,14.0,18.137436
Badia de Pollença,2025-06-07 20:00:00,17.0,18.390963
Badia de Pollença,2025-06-08 08:00:00,10.0,20.562696
Badia de Pollença,2025-06-08 09:00:00,20.0,19.644497
Badia de Pollença,2025-06-08 10:00:00,13.0,19.645224
Badia de Pollença,2025-06-08 11:00:00,12.0,20.241528
Badia de Pollença,2025-06-08 12:00:00,8.0,17.434374
Badia de Pollença,2025-06-08 13:00:00,5.0,17.419462
Badia de Pollença,2025-06-08 14:00:00,5.0,19.565454
Badia de Pollença,2025-06-08 15:00:00,6.0,20.185978
Badia de Pollença,2025-06-08 16:00:00,4.0,20.90009
Badia de Pollença,2025-06-08 17:00:00,6.0,13.801982
Badia de Pollença,2025-06-08 18:00:00,15.0,19.961613
Badia de Pollença,2025-06-08 19:00:00,20.0,21.336205
Badia de Pollença,2025-06-08 20:00:00,13.0,22.622833
Badia de Pollença,2025-06-09 08:00:00,12.0,24.516308
Badia de Pollença,2025-06-09 09:00:00,20.0,23.06866
Badia de Pollença,2025-06-09 10:00:00,18.0,19.900331
Badia de Pollença,2025-06-09 11:00:00,17.0,19.853495
Badia de Pollença,2025-06-09 12:00:00,10.0,18.68398
Badia de Pollença,2025-06-09 13:00:00,7.0,18.21752
Badia de Pollença,2025-06-09 14:00:00,5.0,17.42946
Badia de Pollença,2025-06-09 15:00:00,5.0,16.5668
Badia de Pollença,2025-06-09 16:00:00,4.0,18.068674
Badia de Pollença,2025-06-09 17:00:00,4.0,11.404743
Badia de Pollença,2025-06-09 18:00:00,17.0,19.184309
Badia de Pollença,2025-06-09 19:00:00,12.0,19.840334
Badia de Pollença,2025-06-09 20:00:00,15.0,19.909662
Badia de Pollença,2025-06-10 08:00:00,18.0,20.626827
Badia de Pollença,2025-06-10 09:00:00,15.0,20.636322
Badia de Pollença,2025-06-10 10:00:00,17.0,19.898548
Badia de Pollença,2025-06-10 11:00:00,16.0,17.985754
Badia de Pollença,2025-06-10 12:00:00,7.0,17.705002
Badia de Pollença,2025-06-10 13:00:00,11.0,18.02274
Badia de Pollença,2025-06-10 14:00:00,7.0,16.929916
Badia de Pollença,2025-06-10 15:00:00,5.0,16.859468
Badia de Pollença,2025-06-10 16:00:00,6.0,18.469362
Badia de Pollença,2025-06-10 17:00:00,5.0,10.776166
Badia de Pollença,2025-06-10 18:00:00,23.0,16.999557
Badia de Pollença,2025-06-10 19:00:00,16.0,17.376259
Badia de Pollença,2025-06-10 20:00:00,10.0,20.915607
Badia de Pollença,2025-06-11 08:00:00,14.0,19.803408
Badia de Pollença,2025-06-11 09:00:00,20.0,19.330658
Badia de Pollença,2025-06-11 10:00:00,19.0,15.984851
Badia de Pollença,2025-06-11 11:00:00,18.0,15.168355
Badia de Pollença,2025-06-11 12:00:00,14.0,14.292566
Badia de Pollença,2025-06-11 13:00:00,13.0,12.519826
Badia de Pollença,2025-06-11 14:00:00,5.0,12.072166
Badia de Pollença,2025-06-11 15:00:00,5.0,12.54698
Badia de Pollença,2025-06-11 16:00:00,8.0,14.162687
Badia de Pollença,2025-06-11 17:00:00,5.0,10.289309
Badia de Pollença,2025-06-11 18:00:00,15.0,13.320652
Badia de Pollença,2025-06-11 19:00:00,18.0,17.021698
Badia de Pollença,2025-06-11 20:00:00,12.0,15.500583
Badia de Pollença,2025-06-12 08:00:00,20.0,17.829075
Badia de Pollença,2025-06-12 09:00:00,21.0,15.877837
Badia de Pollença,2025-06-12 10:00:00,19.0,14.99778
Badia de Pollença,2025-06-12 11:00:00,19.0,13.788743
Badia de Pollença,2025-06-12 12:00:00,9.0,15.052002
Badia de Pollença,2025-06-12 13:00:00,5.0,13.204364
Badia de Pollença,2025-06-12 14:00:00,6.0,12.222156
Badia de Pollença,2025-06-12 15:00:00,6.0,11.599135
Badia de Pollença,2025-06-12 16:00:00,8.0,14.878404
Badia de Pollença,2025-06-12 17:00:00,6.0,10.818024
Badia de Pollença,2025-06-12 18:00:00,18.0,14.021085
Badia de Pollença,2025-06-12 19:00:00,22.0,13.620086
Badia de Pollença,2025-06-12 20:00:00,18.0,19.146132
Badia de Pollença,2025-06-13 08:00:00,29.0,16.994287
Badia de Pollença,2025-06-13 09:00:00,29.0,15.529094
Badia de Pollença,2025-06-13 10:00:00,27.0,14.085981
Badia de Pollença,2025-06-13 11:00:00,20.0,11.66325
Badia de Pollença,2025-06-13 12:00:00,18.0,13.251535
Badia de Pollença,2025-06-13 13:00:00,21.0,16.5138
Badia de Pollença,2025-06-13 14:00:00,6.0,15.499869
Badia de Pollença,2025-06-13 15:00:00,5.0,12.769736
Badia de Pollença,2025-06-13 16:00:00,8.0,15.545664
Badia de Pollença,2025-06-13 17:00:00,4.0,11.761519
Badia de Pollença,2025-06-13 18:00:00,12.0,13.521334
Badia de Pollença,2025-06-13 19:00:00,20.0,17.272173
Badia de Pollença,2025-06-13 20:00:00,17.0,16.499794
Badia de Pollença,2025-06-14 08:00:00,15.0,17.1787
Badia de Pollença,2025-06-14 09:00:00,25.0,17.462488
Badia de Pollença,2025-06-14 10:00:00,25.0,17.054861
Badia de Pollença,2025-06-14 11:00:00,21.0,14.503113
Badia de Pollença,2025-06-14 12:00:00,7.0,14.490286
Badia de Pollença,2025-06-14 13:00:00,5.0,15.350394
Badia de Pollença,2025-06-14 14:00:00,6.0,14.963831
Badia de Pollença,2025-06-14 15:00:00,5.0,14.44765
Badia de Pollença,2025-06-14 16:00:00,7.0,15.9797
Badia de Pollença,2025-06-14 17:00:00,7.0,10.788137
Badia de Pollença,2025-06-14 18:00:00,19.0,14.930536
Badia de Pollença,2025-06-14 19:00:00,20.0,19.256365
Badia de Pollença,2025-06-14 20:00:00,20.0,18.413616
Badia de Pollença,2025-06-15 08:00:00,20.0,18.337065
Badia de Pollença,2025-06-15 09:00:00,21.0,15.978936
Badia de Pollença,2025-06-15 10:00:00,28.0,18.612114
Badia de Pollença,2025-06-15 11:00:00,18.0,16.557392
Badia de Pollença,2025-06-15 12:00:00,11.0,17.189196
Badia de Pollença,2025-06-15 13:00:00,8.0,16.194086
Badia de Pollença,2025-06-15 14:00:00,7.0,16.65762
Badia de Pollença,2025-06-15 15:00:00,5.0,19.386028
Badia de Pollença,2025-06-15 16:00:00,11.0,19.183626
Badia de Pollença,2025-06-15 17:00:00,8.0,8.588499
Badia de Pollença,2025-06-15 18:00:00,13.0,19.094563
Badia de Pollença,2025-06-15 19:00:00,20.0,19.849644
Badia de Pollença,2025-06-15 20:00:00,26.0,19.974495
Badia de Pollença,2025-06-16 08:00:00,19.0,19.676323
Badia de Pollença,2025-06-16 09:00:00,12.0,20.753197
Badia de Pollença,2025-06-16 10:00:00,13.0,20.691315
Badia de Pollença,2025-06-16 11:00:00,13.0,19.77874
Badia de Pollença,2025-06-16 12:00:00,11.0,17.239336
Badia de Pollença,2025-06-16 13:00:00,10.0,17.29078
Badia de Pollença,2025-06-16 14:00:00,7.0,16.786875
Badia de Pollença,2025-06-16 15:00:00,7.0,17.369682
Badia de Pollença,2025-06-16 16:00:00,10.0,18.307747
Badia de Pollença,2025-06-16 17:00:00,6.0,9.265356
Badia de Pollença,2025-06-16 18:00:00,8.0,17.884363
Badia de Pollença,2025-06-16 19:00:00,13.0,17.866526
Badia de Pollença,2025-06-16 20:00:00,17.0,18.824495
Badia de Pollença,2025-06-17 08:00:00,19.0,18.38217
Badia de Pollença,2025-06-17 09:00:00,29.0,18.067154
Badia de Pollença,2025-06-17 10:00:00,15.0,18.697674
Badia de Pollença,2025-06-17 11:00:00,18.0,18.410286
Badia de Pollença,2025-06-17 12:00:00,14.0,18.394676
Badia de Pollença,2025-06-17 13:00:00,11.0,17.77183
Badia de Pollença,2025-06-17 14:00:00,5.0,16.745579
Badia de Pollença,2025-06-17 15:00:00,4.0,16.946255
Badia de Pollença,2025-06-17 16:00:00,4.0,18.20854
Badia de Pollença,2025-06-17 17:00:00,6.0,11.065749
Badia de Pollença,2025-06-17 18:00:00,13.0,18.120876
Badia de Pollença,2025-06-17 19:00:00,18.0,17.023607
Badia de Pollença,2025-06-17 20:00:00,13.0,18.381697
Badia de Pollença,2025-06-18 08:00:00,16.0,17.69811
Badia de Pollença,2025-06-18 09:00:00,11.0,17.470457
Badia de Pollença,2025-06-18 10:00:00,13.0,18.55552
Badia de Pollença,2025-06-18 11:00:00,12.0,14.592163
Badia de Pollença,2025-06-18 12:00:00,9.0,12.140771
Badia de Pollença,2025-06-18 13:00:00,9.0,13.516598
Badia de Pollença,2025-06-18 14:00:00,5.0,16.665272
Badia de Pollença,2025-06-18 15:00:00,6.0,16.271955
Badia de Pollença,2025-06-18 16:00:00,8.0,20.542864
Badia de Pollença,2025-06-18 17:00:00,8.0,11.264948
Badia de Pollença,2025-06-18 18:00:00,19.0,19.135303
Badia de Pollença,2025-06-18 19:00:00,14.0,21.356253
Badia de Pollença,2025-06-18 20:00:00,20.0,21.774565
Badia de Pollença,2025-06-19 08:00:00,22.0,18.971642
Badia de Pollença,2025-06-19 09:00:00,24.0,17.143957
Badia de Pollença,2025-06-19 10:00:00,11.0,17.132402
Badia de Pollença,2025-06-19 11:00:00,11.0,14.48374
Badia de Pollença,2025-06-19 12:00:00,9.0,14.169604
Badia de Pollença,2025-06-19 13:00:00,6.0,14.806848
Badia de Pollença,2025-06-19 14:00:00,7.0,14.134536
Badia de Pollença,2025-06-19 15:00:00,6.0,11.932135
Badia de Pollença,2025-06-19 16:00:00,13.0,14.942295
Badia de Pollença,2025-06-19 17:00:00,6.0,9.554808
Badia de Pollença,2025-06-19 18:00:00,16.0,16.194883
Badia de Pollença,2025-06-19 19:00:00,21.0,18.042086
Badia de Pollença,2025-06-19 20:00:00,19.0,19.60634
Badia de Pollença,2025-06-20 08:00:00,26.0,18.962875
Badia de Pollença,2025-06-20 09:00:00,16.0,19.477407
Badia de Pollença,2025-06-20 10:00:00,13.0,19.126228
Badia de Pollença,2025-06-20 11:00:00,15.0,16.175226
Badia de Pollença,2025-06-20 12:00:00,9.0,15.317853
Badia de Pollença,2025-06-20 13:00:00,6.0,15.287945
Badia de Pollença,2025-06-20 14:00:00,6.0,16.465134
Badia de Pollença,2025-06-20 15:00:00,6.0,15.240086
Badia de Pollença,2025-06-20 16:00:00,5.0,19.71738
Badia de Pollença,2025-06-20 17:00:00,5.0,12.624168
Badia de Pollença,2025-06-20 18:00:00,22.0,17.90244
Badia de Pollença,2025-06-20 19:00:00,14.0,21.54486
Badia de Pollença,2025-06-20 20:00:00,13.0,20.741045
Badia de Pollença,2025-06-21 08:00:00,12.0,19.036669
Badia de Pollença,2025-06-21 09:00:00,21.0,18.141304
Badia de Pollença,2025-06-21 10:00:00,12.0,16.64485
Badia de Pollença,2025-06-21 11:00:00,11.0,18.4895
Badia de Pollença,2025-06-21 12:00:00,8.0,15.636695
Badia de Pollença,2025-06-21 13:00:00,9.0,14.74097
Badia de Pollença,2025-06-21 14:00:00,10.0,17.20944
Badia de Pollença,2025-06-21 15:00:00,7.0,16.556149
Badia de Pollença,2025-06-21 16:00:00,7.0,19.393103
Badia de Pollença,2025-06-21 17:00:00,5.0,11.996162
Badia de Pollença,2025-06-21 18:00:00,13.0,18.241238
Badia de Pollença,2025-06-21 19:00:00,19.0,21.744225
Badia de Pollença,2025-06-21 20:00:00,16.0,21.363375
Badia de Pollença,2025-06-22 08:00:00,14.0,19.161182
Badia de Pollença,2025-06-22 09:00:00,14.0,17.393003
Badia de Pollença,2025-06-22 10:00:00,18.0,20.308659
Badia de Pollença,2025-06-22 11:00:00,17.0,19.815027
Badia de Pollença,2025-06-22 12:00:00,11.0,18.787489
Badia de Pollença,2025-06-22 13:00:00,8.0,19.095469
Badia de Pollença,2025-06-22 14:00:00,6.0,17.411877
Badia de Pollença,2025-06-22 15:00:00,6.0,19.65639
Badia de Pollença,2025-06-22 16:00:00,6.0,19.220514
Badia de Pollença,2025-06-22 17:00:00,6.0,11.663433
Badia de Pollença,2025-06-22 18:00:00,14.0,19.868046
Badia de Pollença,2025-06-22 19:00:00,14.0,22.246399
Badia de Pollença,2025-06-22 20:00:00,14.0,22.239122
Badia de Pollença,2025-06-23 08:00:00,15.0,23.391624
Badia de Pollença,2025-06-23 09:00:00,18.0,23.186226
Badia de Pollença,2025-06-23 10:00:00,15.0,21.860754
Badia de Pollença,2025-06-23 11:00:00,18.0,21.62918
Badia de Pollença,2025-06-23 12:00:00,7.0,20.554926
Badia de Pollença,2025-06-23 13:00:00,8.0,18.87361
Badia de Pollença,2025-06-23 14:00:00,7.0,17.441608
Badia de Pollença,2025-06-23 15:00:00,8.0,17.72528
Badia de Pollença,2025-06-23 16:00:00,8.0,19.167309
Badia de Pollença,2025-06-23 17:00:00,6.0,11.883296
Badia de Pollença,2025-06-23 18:00:00,12.0,18.31355
Badia de Pollença,2025-06-23 19:00:00,13.0,19.36429
Badia de Pollença,2025-06-23 20:00:00,14.0,19.75936
Badia de Pollença,2025-06-24 08:00:00,18.0,21.284472
Badia de Pollença,2025-06-24 09:00:00,7.0,21.449017
Badia de Pollença,2025-06-24 10:00:00,11.0,22.33881
Badia de Pollença,2025-06-24 11:00:00,8.0,21.42933
Badia de Pollença,2025-06-24 12:00:00,6.0,18.541367
Badia de Pollença,2025-06-24 13:00:00,6.0,18.788755
Badia de Pollença,2025-06-24 14:00:00,5.0,18.148083
Badia de Pollença,2025-06-24 15:00:00,5.0,17.312483
Badia de Pollença,2025-06-24 16:00:00,6.0,18.581175
Badia de Pollença,2025-06-24 17:00:00,4.0,12.5349045
Badia de Pollença,2025-06-24 18:00:00,14.0,18.176918
Badia de Pollença,2025-06-24 19:00:00,19.0,19.880732
Badia de Pollença,2025-06-24 20:00:00,16.0,20.341278
Badia de Pollença,2025-06-25 08:00:00,15.0,25.018269
Badia de Pollença,2025-06-25 09:00:00,22.0,24.17157
Badia de Pollença,2025-06-25 10:00:00,12.0,23.372566
Badia de Pollença,2025-06-25 11:00:00,12.0,22.052643
Badia de Pollença,2025-06-25 12:00:00,7.0,20.178118
Badia de Pollença,2025-06-25 13:00:00,6.0,19.487928
Badia de Pollença,2025-06-25 14:00:00,8.0,18.564198
Badia de Pollença,2025-06-25 15:00:00,5.0,17.706556
Badia de Pollença,2025-06-25 16:00:00,6.0,20.70914
Badia de Pollença,2025-06-25 17:00:00,7.0,12.016785
Badia de Pollença,2025-06-25 18:00:00,17.0,19.328573
Badia de Pollença,2025-06-25 19:00:00,17.0,23.076105
Badia de Pollença,2025-06-25 20:00:00,22.0,21.676624
Badia de Pollença,2025-06-26 08:00:00,25.0,22.196123
Badia de Pollença,2025-06-26 09:00:00,18.0,22.288233
Badia de Pollença,2025-06-26 10:00:00,10.0,20.320347
Badia de Pollença,2025-06-26 11:00:00,9.0,19.67338
Badia de Pollença,2025-06-26 12:00:00,6.0,19.27957
Badia de Pollença,2025-06-26 13:00:00,5.0,20.448074
Badia de Pollença,2025-06-26 14:00:00,4.0,19.023954
Badia de Pollença,2025-06-26 15:00:00,5.0,18.024763
Badia de Pollença,2025-06-26 16:00:00,10.0,19.243004
Badia de Pollença,2025-06-26 17:00:00,5.0,13.550297
Badia de Pollença,2025-06-26 18:00:00,14.0,18.072392
Badia de Pollença,2025-06-26 19:00:00,24.0,20.130663
Badia de Pollença,2025-06-26 20:00:00,23.0,20.327103
Badia de Pollença,2025-06-27 08:00:00,23.0,21.070675
Badia de Pollença,2025-06-27 09:00:00,16.0,19.364882
Badia de Pollença,2025-06-27 10:00:00,8.0,18.719477
Badia de Pollença,2025-06-27 11:00:00,11.0,21.242575
Badia de Pollença,2025-06-27 12:00:00,11.0,15.331271
Badia de Pollença,2025-06-27 13:00:00,7.0,16.14259
Badia de Pollença,2025-06-27 14:00:00,6.0,18.015566
Badia de Pollença,2025-06-27 15:00:00,5.0,16.386894
Badia de Pollença,2025-06-27 16:00:00,12.0,17.475832
Badia de Pollença,2025-06-27 17:00:00,4.0,11.167221
Badia de Pollença,2025-06-27 18:00:00,23.0,16.189453
Badia de Pollença,2025-06-27 19:00:00,12.0,18.51655
Badia de Pollença,2025-06-27 20:00:00,22.0,18.639507
Badia de Pollença,2025-06-28 08:00:00,17.0,18.623497
Badia de Pollença,2025-06-28 09:00:00,19.0,19.924421
Badia de Pollença,2025-06-28 10:00:00,14.0,12.717123
Badia de Pollença,2025-06-28 11:00:00,14.0,11.13388
Badia de Pollença,2025-06-28 12:00:00,16.0,15.924739
Badia de Pollença,2025-06-28 13:00:00,12.0,19.189157
Badia de Pollença,2025-06-28 14:00:00,7.0,17.920664
Badia de Pollença,2025-06-28 15:00:00,9.0,16.503757
Badia de Pollença,2025-06-28 16:00:00,6.0,19.437025
Badia de Pollença,2025-06-28 17:00:00,5.0,11.070157
Badia de Pollença,2025-06-28 18:00:00,6.0,16.625755
Badia de Pollença,2025-06-28 19:00:00,9.0,16.116795
Badia de Pollença,2025-06-28 20:00:00,11.0,16.049541
Badia de Pollença,2025-06-29 08:00:00,9.0,13.947404
Badia de Pollença,2025-06-29 09:00:00,8.0,14.604132
Badia de Pollença,2025-06-29 10:00:00,6.0,14.102105
Badia de Pollença,2025-06-29 11:00:00,4.0,14.786978
Badia de Pollença,2025-06-29 12:00:00,6.0,13.651988
Badia de Pollença,2025-06-29 13:00:00,5.0,14.667616
Badia de Pollença,2025-06-29 14:00:00,4.0,14.907636
Badia de Pollença,2025-06-29 15:00:00,3.0,16.991457
Badia de Pollença,2025-06-29 16:00:00,3.0,17.40422
Badia de Pollença,2025-06-29 17:00:00,5.0,10.718434
Badia de Pollença,2025-06-29 18:00:00,11.0,18.147726
Badia de Pollença,2025-06-29 19:00:00,12.0,18.21973
Badia de Pollença,2025-06-29 20:00:00,11.0,16.924398
Badia de Pollença,2025-06-30 08:00:00,13.0,17.765968
Badia de Pollença,2025-06-30 09:00:00,15.0,17.059502
Badia de Pollença,2025-06-30 10:00:00,16.0,16.495031
Badia de Pollença,2025-06-30 11:00:00,12.0,13.760151
Badia de Pollença,2025-06-30 12:00:00,8.0,13.12629
Badia de Pollença,2025-06-30 13:00:00,5.0,16.845222
Badia de Pollença,2025-06-30 14:00:00,5.0,15.422855
Badia de Pollença,2025-06-30 15:00:00,6.0,14.277448
Badia de Pollença,2025-06-30 16:00:00,15.0,17.10788
Badia de Pollença,2025-06-30 17:00:00,6.0,10.542952
Badia de Pollença,2025-06-30 18:00:00,22.0,17.88924
Badia de Pollença,2025-06-30 19:00:00,19.0,18.26246
Badia de Pollença,2025-06-30 20:00:00,15.0,20.96035
Badia de Pollença,2025-07-01 08:00:00,20.0,17.383486
Badia de Pollença,2025-07-01 09:00:00,31.0,15.119018
Badia de Pollença,2025-07-01 10:00:00,14.0,15.044619
Badia de Pollença,2025-07-01 11:00:00,20.0,13.791347
Badia de Pollença,2025-07-01 12:00:00,13.0,13.056314
Badia de Pollença,2025-07-01 13:00:00,7.0,12.802805
Badia de Pollença,2025-07-01 14:00:00,7.0,13.289913
Badia de Pollença,2025-07-01 15:00:00,7.0,16.957521
Badia de Pollença,2025-07-01 16:00:00,12.0,19.828812
Badia de Pollença,2025-07-01 17:00:00,9.0,11.372783
Badia de Pollença,2025-07-01 18:00:00,30.0,17.17972
Badia de Pollença,2025-07-01 19:00:00,22.0,13.832953
Badia de Pollença,2025-07-01 20:00:00,27.0,19.70438
Badia de Pollença,2025-07-02 08:00:00,21.0,14.888874
Badia de Pollença,2025-07-02 09:00:00,14.0,13.611953
Badia de Pollença,2025-07-02 10:00:00,24.0,15.6847925
Badia de Pollença,2025-07-02 11:00:00,16.0,13.576176
Badia de Pollença,2025-07-02 12:00:00,17.0,13.326067
Badia de Pollença,2025-07-02 13:00:00,20.0,12.792372
Badia de Pollença,2025-07-02 14:00:00,17.0,12.719657
Badia de Pollença,2025-07-02 15:00:00,11.0,13.14456
Badia de Pollença,2025-07-02 16:00:00,7.0,10.47777
Badia de Pollença,2025-07-02 17:00:00,20.0,12.492944
Badia de Pollença,2025-07-02 18:00:00,13.0,14.588238
Badia de Pollença,2025-07-02 19:00:00,24.0,15.531741
Badia de Pollença,2025-07-02 20:00:00,28.0,15.2784
Badia de Pollença,2025-07-03 08:00:00,21.0,14.295442
Badia de Pollença,2025-07-03 09:00:00,25.0,12.176856
Badia de Pollença,2025-07-03 10:00:00,15.0,13.68396
Badia de Pollença,2025-07-03 11:00:00,13.0,14.085529
Badia de Pollença,2025-07-03 12:00:00,12.0,14.093676
Badia de Pollença,2025-07-03 13:00:00,13.0,12.54033
Badia de Pollença,2025-07-03 14:00:00,11.0,10.450872
Badia de Pollença,2025-07-03 15:00:00,14.0,11.912542
Badia de Pollença,2025-07-03 16:00:00,7.0,10.565958
Badia de Pollença,2025-07-03 17:00:00,10.0,13.346883
Badia de Pollença,2025-07-03 18:00:00,20.0,13.637088
Badia de Pollença,2025-07-03 19:00:00,20.0,15.446839
Badia de Pollença,2025-07-03 20:00:00,26.0,14.7773
Badia de Pollença,2025-07-04 08:00:00,24.0,14.470981
Badia de Pollença,2025-07-04 09:00:00,25.0,12.992677
Badia de Pollença,2025-07-04 10:00:00,14.0,12.296706
Badia de Pollença,2025-07-04 11:00:00,11.0,11.465001
Badia de Pollença,2025-07-04 12:00:00,10.0,11.507912
Badia de Pollença,2025-07-04 13:00:00,6.0,14.415795
Badia de Pollença,2025-07-04 14:00:00,7.0,12.515031
Badia de Pollença,2025-07-04 15:00:00,8.0,14.192547
Badia de Pollença,2025-07-04 16:00:00,6.0,11.094172
Badia de Pollença,2025-07-04 17:00:00,14.0,14.338913
Badia de Pollença,2025-07-04 18:00:00,23.0,15.475901
Badia de Pollença,2025-07-04 19:00:00,20.0,14.979338
Badia de Pollença,2025-07-04 20:00:00,23.0,16.915804
Badia de Pollença,2025-07-05 08:00:00,22.0,16.562439
Badia de Pollença,2025-07-05 09:00:00,19.0,15.74622
Badia de Pollença,2025-07-05 10:00:00,21.0,14.635582
Badia de Pollença,2025-07-05 11:00:00,20.0,13.241674
Badia de Pollença,2025-07-05 12:00:00,9.0,14.700966
Badia de Pollença,2025-07-05 13:00:00,9.0,17.199322
Badia de Pollença,2025-07-05 14:00:00,8.0,13.38729
Badia de Pollença,2025-07-05 15:00:00,16.0,14.485312
Badia de Pollença,2025-07-05 16:00:00,8.0,10.648253
Badia de Pollença,2025-07-05 17:00:00,22.0,15.471158
Badia de Pollença,2025-07-05 18:00:00,37.0,16.643309
Badia de Pollença,2025-07-05 19:00:00,36.0,17.245777
Badia de Pollença,2025-07-05 20:00:00,23.0,16.56765
Badia de Pollença,2025-07-06 08:00:00,22.0,15.618231
Badia de Pollença,2025-07-06 09:00:00,21.0,14.262546
Badia de Pollença,2025-07-06 10:00:00,26.0,13.400622
Badia de Pollença,2025-07-06 11:00:00,20.0,13.127756
Badia de Pollença,2025-07-06 12:00:00,11.0,13.384964
Badia de Pollença,2025-07-06 13:00:00,7.0,14.727554
Badia de Pollença,2025-07-06 14:00:00,8.0,14.050214
Badia de Pollença,2025-07-06 15:00:00,7.0,16.656527
Badia de Pollença,2025-07-06 16:00:00,6.0,11.689507
Badia de Pollença,2025-07-06 17:00:00,20.0,17.716663
Badia de Pollença,2025-07-06 18:00:00,17.0,18.145952
Badia de Pollença,2025-07-06 19:00:00,19.0,17.020355
Badia de Pollença,2025-07-06 20:00:00,21.0,16.442827
Badia de Pollença,2025-07-07 08:00:00,21.0,18.166145
Badia de Pollença,2025-07-07 09:00:00,25.0,17.621342
Badia de Pollença,2025-07-07 10:00:00,19.0,14.382453
Badia de Pollença,2025-07-07 11:00:00,10.0,13.054761
Badia de Pollença,2025-07-07 12:00:00,12.0,12.905977
Badia de Pollença,2025-07-07 13:00:00,8.0,17.70971
Badia de Pollença,2025-07-07 14:00:00,8.0,16.794153
Badia de Pollença,2025-07-07 15:00:00,6.0,18.891253
Badia de Pollença,2025-07-07 16:00:00,6.0,10.020491
Badia de Pollença,2025-07-07 17:00:00,21.0,17.235489
Badia de Pollença,2025-07-07 18:00:00,23.0,20.413698
Badia de Pollença,2025-07-07 19:00:00,27.0,21.262966
Badia de Pollença,2025-07-07 20:00:00,16.0,22.121742
Badia de Pollença,2025-07-08 08:00:00,19.0,18.843145
Badia de Pollença,2025-07-08 09:00:00,18.0,18.96662
Badia de Pollença,2025-07-08 10:00:00,21.0,16.313051
Badia de Pollença,2025-07-08 11:00:00,12.0,16.18464
Badia de Pollença,2025-07-08 12:00:00,7.0,14.041413
Badia de Pollença,2025-07-08 13:00:00,10.0,11.456394
Badia de Pollença,2025-07-08 14:00:00,6.0,11.755176
Badia de Pollença,2025-07-08 15:00:00,14.0,13.786935
Badia de Pollença,2025-07-08 16:00:00,8.0,9.981799
Badia de Pollença,2025-07-08 17:00:00,25.0,12.266679
Badia de Pollença,2025-07-08 18:00:00,24.0,16.127436
Badia de Pollença,2025-07-08 19:00:00,27.0,13.324232
Badia de Pollença,2025-07-08 20:00:00,20.0,16.020906
Badia de Pollença,2025-07-09 08:00:00,22.0,17.106462
Badia de Pollença,2025-07-09 09:00:00,19.0,15.313899
Badia de Pollença,2025-07-09 10:00:00,11.0,10.881984
Badia de Pollença,2025-07-09 11:00:00,12.0,11.400917
Badia de Pollença,2025-07-09 12:00:00,12.0,11.844708
Badia de Pollença,2025-07-09 13:00:00,9.0,14.356466
Badia de Pollença,2025-07-09 14:00:00,6.0,12.106636
Badia de Pollença,2025-07-09 15:00:00,21.0,11.415233
Badia de Pollença,2025-07-09 16:00:00,7.0,10.411724
Badia de Pollença,2025-07-09 17:00:00,20.0,11.840641
Badia de Pollença,2025-07-09 18:00:00,32.0,13.278109
Badia de Pollença,2025-07-09 19:00:00,22.0,12.297408
Badia de Pollença,2025-07-09 20:00:00,25.0,12.325554
Badia de Pollença,2025-07-10 08:00:00,29.0,13.989184
Badia de Pollença,2025-07-10 09:00:00,16.0,13.752516
Badia de Pollença,2025-07-10 10:00:00,16.0,12.133173
Badia de Pollença,2025-07-10 11:00:00,17.0,12.76137
Badia de Pollença,2025-07-10 12:00:00,9.0,12.660924
Badia de Pollença,2025-07-10 13:00:00,8.0,12.136243
Badia de Pollença,2025-07-10 14:00:00,6.0,12.470442
Badia de Pollença,2025-07-10 15:00:00,6.0,15.973173
Badia de Pollença,2025-07-10 16:00:00,5.0,10.264986
Badia de Pollença,2025-07-10 17:00:00,18.0,14.005585
Badia de Pollença,2025-07-10 18:00:00,33.0,16.975004
Badia de Pollença,2025-07-10 19:00:00,23.0,15.509722
Badia de Pollença,2025-07-10 20:00:00,18.0,18.702343
Badia de Pollença,2025-07-11 08:00:00,12.0,18.184212
Badia de Pollença,2025-07-11 09:00:00,13.0,17.589943
Badia de Pollença,2025-07-11 10:00:00,8.0,13.415191
Badia de Pollença,2025-07-11 11:00:00,9.0,17.909315
Badia de Pollença,2025-07-11 12:00:00,6.0,20.357166
Badia de Pollença,2025-07-11 13:00:00,6.0,19.346174
Badia de Pollença,2025-07-11 14:00:00,7.0,19.639362
Badia de Pollença,2025-07-11 15:00:00,10.0,17.276438
Badia de Pollença,2025-07-11 16:00:00,7.0,9.032621
Badia de Pollença,2025-07-11 17:00:00,12.0,16.35377
Badia de Pollença,2025-07-11 19:00:00,19.0,16.491335
Badia de Pollença,2025-07-11 20:00:00,13.0,17.740864
Badia de Pollença,2025-07-12 08:00:00,13.0,18.78515
Badia de Pollença,2025-07-12 09:00:00,9.0,18.019905
Badia de Pollença,2025-07-12 10:00:00,7.0,18.920368
Badia de Pollença,2025-07-12 11:00:00,11.0,17.586311
Badia de Pollença,2025-07-12 12:00:00,7.0,17.391888
Badia de Pollença,2025-07-12 13:00:00,5.0,17.200052
Badia de Pollença,2025-07-12 14:00:00,7.0,16.674694
Badia de Pollença,2025-07-12 15:00:00,5.0,17.000237
Badia de Pollença,2025-07-12 16:00:00,10.0,17.785852
Badia de Pollença,2025-07-12 17:00:00,6.0,18.05431
Badia de Pollença,2025-07-12 18:00:00,11.0,15.690741
Badia de Pollença,2025-07-12 19:00:00,17.0,17.06352
Badia de Pollença,2025-07-12 20:00:00,14.0,19.247976
Badia de Pollença,2025-07-13 08:00:00,15.0,22.318804
Badia de Pollença,2025-07-13 09:00:00,13.0,24.758162
Badia de Pollença,2025-07-13 10:00:00,15.0,23.995804
Badia de Pollença,2025-07-13 11:00:00,11.0,23.076845
Badia de Pollença,2025-07-13 12:00:00,7.0,19.491377
Badia de Pollença,2025-07-13 13:00:00,9.0,18.780632
Badia de Pollença,2025-07-13 14:00:00,6.0,17.878704
Badia de Pollença,2025-07-13 15:00:00,10.0,16.395866
Badia de Pollença,2025-07-13 16:00:00,5.0,16.768429
Badia de Pollença,2025-07-13 17:00:00,5.0,8.093239
Badia de Pollença,2025-07-13 18:00:00,19.0,16.015583
Badia de Pollença,2025-07-13 19:00:00,12.0,19.984833
Badia de Pollença,2025-07-13 20:00:00,13.0,21.897293
Badia de Pollença,2025-07-14 08:00:00,16.0,21.094189
Badia de Pollença,2025-07-14 09:00:00,11.0,20.821392
Badia de Pollença,2025-07-14 10:00:00,9.0,20.326315
Badia de Pollença,2025-07-14 11:00:00,8.0,18.561321
Badia de Pollença,2025-07-14 12:00:00,9.0,17.96888
Badia de Pollença,2025-07-14 13:00:00,5.0,17.128813
Badia de Pollença,2025-07-14 14:00:00,5.0,16.941721
Badia de Pollença,2025-07-14 15:00:00,8.0,16.508034
Badia de Pollença,2025-07-14 16:00:00,7.0,17.25361
Badia de Pollença,2025-07-14 17:00:00,6.0,9.684411
Badia de Pollença,2025-07-14 18:00:00,6.0,15.991399
Badia de Pollença,2025-07-14 19:00:00,10.0,15.731173
Badia de Pollença,2025-07-14 20:00:00,4.0,16.173103
Badia de Pollença,2025-07-15 08:00:00,3.0,17.203712
Badia de Pollença,2025-07-15 09:00:00,4.0,16.56824
Badia de Pollença,2025-07-15 10:00:00,5.0,16.31895
Badia de Pollença,2025-07-15 11:00:00,26.0,17.718079
Badia de Pollença,2025-07-15 12:00:00,12.0,17.427145
Badia de Pollença,2025-07-15 13:00:00,10.0,17.963228
Badia de Pollença,2025-07-15 14:00:00,11.0,17.48037
Badia de Pollença,2025-07-15 15:00:00,14.0,17.317074
Badia de Pollença,2025-07-15 16:00:00,10.0,18.283932
Badia de Pollença,2025-07-15 17:00:00,7.0,18.04149
Badia de Pollença,2025-07-15 18:00:00,8.0,17.637533
Badia de Pollença,2025-07-15 19:00:00,15.0,17.511324
Badia de Pollença,2025-07-15 20:00:00,12.0,17.797495
Badia de Pollença,2025-07-16 08:00:00,13.0,19.165363
Badia de Pollença,2025-07-16 09:00:00,11.0,21.065626
Badia de Pollença,2025-07-16 10:00:00,10.0,19.253841
Badia de Pollença,2025-07-16 11:00:00,12.0,18.42826
Badia de Pollença,2025-07-16 12:00:00,7.0,17.786768
Badia de Pollença,2025-07-16 13:00:00,5.0,17.2963
Badia de Pollença,2025-07-16 14:00:00,5.0,18.364273
Badia de Pollença,2025-07-16 15:00:00,4.0,18.073818
Badia de Pollença,2025-07-16 16:00:00,8.0,17.384941
Badia de Pollença,2025-07-16 17:00:00,5.0,15.300929
Badia de Pollença,2025-07-16 18:00:00,13.0,18.025002
Badia de Pollença,2025-07-16 19:00:00,7.0,17.187546
Badia de Pollença,2025-07-16 20:00:00,8.0,18.449064
Badia de Pollença,2025-07-17 08:00:00,10.0,20.197584
Badia de Pollença,2025-07-17 09:00:00,9.0,19.216908
Badia de Pollença,2025-07-17 10:00:00,12.0,21.388481
Badia de Pollença,2025-07-17 11:00:00,6.0,18.542946
Badia de Pollença,2025-07-17 12:00:00,15.0,22.78847
Badia de Pollença,2025-07-17 13:00:00,6.0,20.653234
Badia de Pollença,2025-07-17 14:00:00,5.0,19.152086
Badia de Pollença,2025-07-17 15:00:00,6.0,18.437592
Badia de Pollença,2025-07-17 16:00:00,6.0,17.936148
Badia de Pollença,2025-07-17 17:00:00,5.0,9.700049
Badia de Pollença,2025-07-17 18:00:00,28.0,16.083233
Badia de Pollença,2025-07-17 19:00:00,13.0,18.060959
Badia de Pollença,2025-07-17 20:00:00,9.0,17.184404
Badia de Pollença,2025-07-18 08:00:00,14.0,21.223951
Badia de Pollença,2025-07-18 09:00:00,14.0,18.91256
Badia de Pollença,2025-07-18 10:00:00,6.0,22.389988
Badia de Pollença,2025-07-18 11:00:00,8.0,19.988617
Badia de Pollença,2025-07-18 12:00:00,8.0,19.303026
Badia de Pollença,2025-07-18 13:00:00,7.0,17.777645
Badia de Pollença,2025-07-18 14:00:00,7.0,17.765211
Badia de Pollença,2025-07-18 15:00:00,5.0,16.865757
Badia de Pollença,2025-07-18 16:00:00,5.0,18.498478
Badia de Pollença,2025-07-18 17:00:00,5.0,14.238246
Badia de Pollença,2025-07-18 18:00:00,12.0,16.181501
Badia de Pollença,2025-07-18 19:00:00,7.0,18.362759
Badia de Pollença,2025-07-18 20:00:00,7.0,18.433329
Badia de Pollença,2025-07-19 08:00:00,7.0,19.050816
Badia de Pollença,2025-07-19 09:00:00,4.0,17.413544
Badia de Pollença,2025-07-19 10:00:00,4.0,17.112846
Badia de Pollença,2025-07-19 11:00:00,7.0,17.078764
Badia de Pollença,2025-07-19 12:00:00,4.0,16.63646
Badia de Pollença,2025-07-19 13:00:00,4.0,17.427332
Badia de Pollença,2025-07-19 14:00:00,4.0,17.021418
Badia de Pollença,2025-07-19 15:00:00,3.0,17.244072
Badia de Pollença,2025-07-19 16:00:00,5.0,17.13899
Badia de Pollença,2025-07-19 17:00:00,5.0,7.7083015
Badia de Pollença,2025-07-19 18:00:00,7.0,15.8818245
Badia de Pollença,2025-07-19 19:00:00,14.0,15.981324
Badia de Pollença,2025-07-19 20:00:00,18.0,15.928934
Badia de Pollença,2025-07-20 08:00:00,12.0,17.272377
Badia de Pollença,2025-07-20 09:00:00,15.0,17.731594
Badia de Pollença,2025-07-20 10:00:00,13.0,20.11617
Badia de Pollença,2025-07-20 11:00:00,17.0,20.594837
Badia de Pollença,2025-07-20 12:00:00,11.0,20.991243
Badia de Pollença,2025-07-20 13:00:00,16.0,17.712942
Badia de Pollença,2025-07-20 14:00:00,15.0,17.837143
Badia de Pollença,2025-07-20 15:00:00,19.0,15.587155
Badia de Pollença,2025-07-20 16:00:00,16.0,14.369148
Badia de Pollença,2025-07-20 17:00:00,6.0,7.309712
Badia de Pollença,2025-07-20 18:00:00,19.0,17.54138
Badia de Pollença,2025-07-20 19:00:00,24.0,17.053589
Badia de Pollença,2025-07-20 20:00:00,13.0,19.280598
Badia de Pollença,2025-07-21 08:00:00,12.0,19.996447
Badia de Pollença,2025-07-21 09:00:00,19.0,17.14679
Badia de Pollença,2025-07-21 10:00:00,19.0,15.708239
Badia de Pollença,2025-07-21 11:00:00,16.0,16.827354
Badia de Pollença,2025-07-21 12:00:00,9.0,18.192162
Badia de Pollença,2025-07-21 13:00:00,8.0,16.497879
Badia de Pollença,2025-07-21 14:00:00,8.0,15.1519985
Badia de Pollença,2025-07-21 15:00:00,18.0,14.506139
Badia de Pollença,2025-07-21 16:00:00,8.0,16.253853
Badia de Pollença,2025-07-21 17:00:00,9.0,9.02513
Badia de Pollença,2025-07-21 18:00:00,21.0,16.281084
Badia de Pollença,2025-07-21 19:00:00,20.0,16.631516
Badia de Pollença,2025-07-21 20:00:00,23.0,16.59622
Badia de Pollença,2025-07-22 08:00:00,20.0,14.926584
Badia de Pollença,2025-07-22 09:00:00,19.0,13.839096
Badia de Pollença,2025-07-22 10:00:00,24.0,12.406252
Badia de Pollença,2025-07-22 11:00:00,23.0,11.595792
Badia de Pollença,2025-07-22 12:00:00,17.0,11.94099
Badia de Pollença,2025-07-22 13:00:00,11.0,11.397351
Badia de Pollença,2025-07-22 14:00:00,10.0,13.350481
Badia de Pollença,2025-07-22 15:00:00,16.0,12.536658
Badia de Pollença,2025-07-22 16:00:00,7.0,12.070973
Badia de Pollença,2025-07-22 17:00:00,7.0,9.02202
Badia de Pollença,2025-07-22 18:00:00,20.0,14.225089
Badia de Pollença,2025-07-22 19:00:00,28.0,14.368345
Badia de Pollença,2025-07-22 20:00:00,29.0,14.457939
Badia de Pollença,2025-07-23 08:00:00,22.0,15.95578
Badia de Pollença,2025-07-23 09:00:00,28.0,14.849088
Badia de Pollença,2025-07-23 10:00:00,26.0,13.924113
Badia de Pollença,2025-07-23 11:00:00,16.0,13.559912
Badia de Pollença,2025-07-23 12:00:00,22.0,12.521549
Badia de Pollença,2025-07-23 13:00:00,6.0,12.34289
Badia de Pollença,2025-07-23 14:00:00,6.0,11.440183
Badia de Pollença,2025-07-23 15:00:00,14.0,11.990998
Badia de Pollença,2025-07-23 16:00:00,8.0,11.207894
Badia de Pollença,2025-07-23 17:00:00,6.0,10.131471
Badia de Pollença,2025-07-23 18:00:00,20.0,11.959492
Badia de Pollença,2025-07-23 19:00:00,30.0,12.692983
Badia de Pollença,2025-07-23 20:00:00,25.0,13.540597
Badia de Pollença,2025-07-24 08:00:00,15.0,13.949854
Badia de Pollença,2025-07-24 09:00:00,15.0,10.979228
Badia de Pollença,2025-07-24 10:00:00,18.0,13.617822
Badia de Pollença,2025-07-24 11:00:00,18.0,12.354175
Badia de Pollença,2025-07-24 12:00:00,15.0,13.915757
Badia de Pollença,2025-07-24 13:00:00,14.0,12.380252
Badia de Pollença,2025-07-24 14:00:00,14.0,10.960446
Badia de Pollença,2025-07-24 15:00:00,21.0,9.444428
Badia de Pollença,2025-07-24 16:00:00,7.0,11.084372
Badia de Pollença,2025-07-24 17:00:00,6.0,9.651659
Badia de Pollença,2025-07-24 18:00:00,19.0,12.0497675
Badia de Pollença,2025-07-24 19:00:00,30.0,11.643132
Badia de Pollença,2025-07-24 20:00:00,27.0,12.082612
Badia de Pollença,2025-07-25 08:00:00,29.0,11.673665
Badia de Pollença,2025-07-25 09:00:00,26.0,12.911861
Badia de Pollença,2025-07-25 10:00:00,22.0,13.459443
Badia de Pollença,2025-07-25 11:00:00,22.0,13.417543
Badia de Pollença,2025-07-25 12:00:00,14.0,13.896512
Badia de Pollença,2025-07-25 13:00:00,13.0,13.965665
Badia de Pollença,2025-07-25 14:00:00,7.0,12.901228
Badia de Pollença,2025-07-25 15:00:00,12.0,11.653454
Badia de Pollença,2025-07-25 16:00:00,7.0,13.075804
Badia de Pollença,2025-07-25 17:00:00,6.0,10.396606
Badia de Pollença,2025-07-25 18:00:00,25.0,12.527639
Badia de Pollença,2025-07-25 19:00:00,23.0,12.913245
Badia de Pollença,2025-07-25 20:00:00,14.0,12.677297
Badia de Pollença,2025-07-26 08:00:00,20.0,14.897334
Badia de Pollença,2025-07-26 09:00:00,20.0,12.906389
Badia de Pollença,2025-07-26 10:00:00,17.0,12.406686
Badia de Pollença,2025-07-26 11:00:00,13.0,11.300555
Badia de Pollença,2025-07-26 12:00:00,9.0,11.405571
Badia de Pollença,2025-07-26 13:00:00,9.0,11.722156
Badia de Pollença,2025-07-26 14:00:00,6.0,9.867751
Badia de Pollença,2025-07-26 15:00:00,15.0,10.452595
Badia de Pollença,2025-07-26 16:00:00,8.0,9.710267
Badia de Pollença,2025-07-26 17:00:00,7.0,9.507277
Badia de Pollença,2025-07-26 18:00:00,30.0,11.568957
Badia de Pollença,2025-07-26 19:00:00,15.0,12.572507
Badia de Pollença,2025-07-26 20:00:00,23.0,13.193175
Badia de Pollença,2025-07-27 08:00:00,22.0,16.061348
Badia de Pollença,2025-07-27 09:00:00,20.0,13.336732
Badia de Pollença,2025-07-27 10:00:00,23.0,13.425757
Badia de Pollença,2025-07-27 11:00:00,16.0,11.773802
Badia de Pollença,2025-07-27 12:00:00,15.0,12.671438
Badia de Pollença,2025-07-27 13:00:00,9.0,12.8265915
Badia de Pollença,2025-07-27 14:00:00,11.0,12.583145
Badia de Pollença,2025-07-27 15:00:00,15.0,10.713429
Badia de Pollença,2025-07-27 16:00:00,6.0,10.915023
Badia de Pollença,2025-07-27 17:00:00,6.0,10.16871
Badia de Pollença,2025-07-27 18:00:00,29.0,11.16084
Badia de Pollença,2025-07-27 19:00:00,22.0,15.414311
Badia de Pollença,2025-07-27 20:00:00,26.0,14.956717
Badia de Pollença,2025-07-28 08:00:00,16.0,15.87266
Badia de Pollença,2025-07-28 09:00:00,16.0,12.107241
Badia de Pollença,2025-07-28 10:00:00,16.0,11.775406
Badia de Pollença,2025-07-28 11:00:00,10.0,10.822434
Badia de Pollença,2025-07-28 12:00:00,9.0,10.293347
Badia de Pollença,2025-07-28 13:00:00,8.0,13.014467
Badia de Pollença,2025-07-28 14:00:00,11.0,13.831134
Badia de Pollença,2025-07-28 15:00:00,15.0,8.888647
Badia de Pollença,2025-07-28 16:00:00,6.0,12.13523
Badia de Pollença,2025-07-28 17:00:00,6.0,10.569634
Badia de Pollença,2025-07-28 18:00:00,28.0,11.731377
Badia de Pollença,2025-07-28 19:00:00,24.0,12.601003
Badia de Pollença,2025-07-28 20:00:00,28.0,16.117527
Badia de Pollença,2025-07-29 08:00:00,20.0,13.466665
Badia de Pollença,2025-07-29 09:00:00,14.0,12.429252
Badia de Pollença,2025-07-29 10:00:00,12.0,12.620432
Badia de Pollença,2025-07-29 11:00:00,16.0,12.373016
Badia de Pollença,2025-07-29 12:00:00,11.0,13.972223
Badia de Pollença,2025-07-29 13:00:00,6.0,12.716719
Badia de Pollença,2025-07-29 14:00:00,6.0,13.042625
Badia de Pollença,2025-07-29 15:00:00,17.0,9.171544
Badia de Pollença,2025-07-29 16:00:00,6.0,11.364688
Badia de Pollença,2025-07-29 17:00:00,7.0,9.398388
Badia de Pollença,2025-07-29 18:00:00,25.0,14.338674
Badia de Pollença,2025-07-29 19:00:00,33.0,14.000369
Badia de Pollença,2025-07-29 20:00:00,34.0,16.775187
Badia de Pollença,2025-07-30 08:00:00,15.0,19.28803
Badia de Pollença,2025-07-30 09:00:00,17.0,17.21373
Badia de Pollença,2025-07-30 10:00:00,19.0,17.157495
Badia de Pollença,2025-07-30 11:00:00,16.0,17.574326
Badia de Pollença,2025-07-30 12:00:00,9.0,18.21637
Badia de Pollença,2025-07-30 13:00:00,8.0,14.917921
Badia de Pollença,2025-07-30 14:00:00,5.0,15.789853
Badia de Pollença,2025-07-30 15:00:00,8.0,15.285891
Badia de Pollença,2025-07-30 16:00:00,5.0,16.405146
Badia de Pollença,2025-07-30 17:00:00,5.0,10.700346
Badia de Pollença,2025-07-30 18:00:00,26.0,15.437804
Badia de Pollença,2025-07-30 19:00:00,22.0,15.293834
Badia de Pollença,2025-07-30 20:00:00,23.0,16.211977
Badia de Pollença,2025-07-31 08:00:00,25.0,18.431627
Badia de Pollença,2025-07-31 09:00:00,20.0,17.317759
Badia de Pollença,2025-07-31 10:00:00,18.0,16.597208
Badia de Pollença,2025-07-31 11:00:00,22.0,19.800709
Badia de Pollença,2025-07-31 12:00:00,15.0,19.23395
Badia de Pollença,2025-07-31 13:00:00,5.0,18.8633
Badia de Pollença,2025-07-31 14:00:00,8.0,19.229454
Badia de Pollença,2025-07-31 15:00:00,7.0,18.979015
Badia de Pollença,2025-07-31 16:00:00,5.0,19.626015
Badia de Pollença,2025-07-31 17:00:00,6.0,11.650253
Badia de Pollença,2025-07-31 18:00:00,29.0,16.844364
Badia de Pollença,2025-07-31 19:00:00,15.0,16.273281
Badia de Pollença,2025-07-31 20:00:00,22.0,21.185972
Badia de Pollença,2025-08-01 08:00:00,16.0,25.066446
Badia de Pollença,2025-08-01 09:00:00,20.0,22.955332
Badia de Pollença,2025-08-01 10:00:00,32.0,21.90631
Badia de Pollença,2025-08-01 11:00:00,23.0,21.860092
Badia de Pollença,2025-08-01 12:00:00,11.0,19.489716
Badia de Pollença,2025-08-01 13:00:00,6.0,20.123333
Badia de Pollença,2025-08-01 14:00:00,8.0,18.634262
Badia de Pollença,2025-08-01 15:00:00,15.0,18.324303
Badia de Pollença,2025-08-01 16:00:00,7.0,18.5958
Badia de Pollença,2025-08-01 17:00:00,6.0,8.822118
Badia de Pollença,2025-08-01 18:00:00,17.0,17.447557
Badia de Pollença,2025-08-01 19:00:00,24.0,22.336308
Badia de Pollença,2025-08-01 20:00:00,23.0,23.236439
Badia de Pollença,2025-08-02 08:00:00,24.0,23.413542
Badia de Pollença,2025-08-02 09:00:00,22.0,23.503576
Badia de Pollença,2025-08-02 10:00:00,8.0,23.699383
Badia de Pollença,2025-08-02 11:00:00,15.0,21.880268
Badia de Pollença,2025-08-02 12:00:00,7.0,24.077742
Badia de Pollença,2025-08-02 13:00:00,9.0,19.473269
Badia de Pollença,2025-08-02 14:00:00,8.0,19.074238
Badia de Pollença,2025-08-02 15:00:00,7.0,17.863033
Badia de Pollença,2025-08-02 16:00:00,5.0,18.7418
Badia de Pollença,2025-08-02 17:00:00,5.0,18.83828
Badia de Pollença,2025-08-02 18:00:00,14.0,15.42141
Badia de Pollença,2025-08-02 19:00:00,14.0,18.433676
Badia de Pollença,2025-08-02 20:00:00,15.0,21.22444
Badia de Pollença,2025-08-03 08:00:00,18.0,22.470837
Badia de Pollença,2025-08-03 09:00:00,23.0,22.517784
Badia de Pollença,2025-08-03 10:00:00,16.0,21.611435
Badia de Pollença,2025-08-03 11:00:00,20.0,20.876171
Badia de Pollença,2025-08-03 12:00:00,11.0,20.505997
Badia de Pollença,2025-08-03 13:00:00,6.0,19.945595
Badia de Pollença,2025-08-03 14:00:00,7.0,20.035963
Badia de Pollença,2025-08-03 15:00:00,8.0,17.790659
Badia de Pollença,2025-08-03 16:00:00,5.0,18.77289
Badia de Pollença,2025-08-03 17:00:00,6.0,20.868484
Badia de Pollença,2025-08-03 18:00:00,25.0,16.102371
Badia de Pollença,2025-08-03 19:00:00,21.0,22.301426
Badia de Pollença,2025-08-03 20:00:00,13.0,21.407688
Badia de Pollença,2025-08-04 08:00:00,10.0,22.870728
Badia de Pollença,2025-08-04 09:00:00,8.0,23.281246
Badia de Pollença,2025-08-04 10:00:00,10.0,20.943615
Badia de Pollença,2025-08-04 11:00:00,13.0,22.030172
Badia de Pollença,2025-08-04 12:00:00,13.0,20.297
Badia de Pollença,2025-08-04 13:00:00,10.0,18.00524
Badia de Pollença,2025-08-04 14:00:00,7.0,18.508545
Badia de Pollença,2025-08-04 15:00:00,14.0,17.415174
Badia de Pollença,2025-08-04 16:00:00,6.0,19.182955
Badia de Pollença,2025-08-04 17:00:00,7.0,12.377864
Badia de Pollença,2025-08-04 18:00:00,20.0,17.191664
Badia de Pollença,2025-08-04 19:00:00,17.0,18.915625
Badia de Pollença,2025-08-04 20:00:00,17.0,22.150055
Badia de Pollença,2025-08-05 08:00:00,18.0,22.576134
Badia de Pollença,2025-08-05 09:00:00,16.0,21.318384
Badia de Pollença,2025-08-05 10:00:00,13.0,19.886272
Badia de Pollença,2025-08-05 11:00:00,10.0,19.903671
Badia de Pollença,2025-08-05 12:00:00,6.0,19.589605
Badia de Pollença,2025-08-05 13:00:00,6.0,18.815975
Badia de Pollença,2025-08-05 14:00:00,7.0,18.84238
Badia de Pollença,2025-08-05 15:00:00,13.0,17.205526
Badia de Pollença,2025-08-05 16:00:00,7.0,17.657883
Badia de Pollença,2025-08-05 17:00:00,6.0,10.878731
Badia de Pollença,2025-08-05 18:00:00,23.0,15.889331
Badia de Pollença,2025-08-05 19:00:00,20.0,20.632584
Badia de Pollença,2025-08-05 20:00:00,21.0,22.023167
Badia de Pollença,2025-08-06 08:00:00,22.0,22.555986
Badia de Pollença,2025-08-06 09:00:00,25.0,21.569078
Badia de Pollença,2025-08-06 10:00:00,22.0,22.289476
Badia de Pollença,2025-08-06 11:00:00,18.0,20.410585
Badia de Pollença,2025-08-06 12:00:00,14.0,23.681732
Badia de Pollença,2025-08-06 13:00:00,8.0,19.177807
Badia de Pollença,2025-08-06 14:00:00,8.0,18.664099
Badia de Pollença,2025-08-06 15:00:00,14.0,18.892626
Badia de Pollença,2025-08-06 16:00:00,7.0,19.681522
Badia de Pollença,2025-08-06 17:00:00,7.0,11.087079
Badia de Pollença,2025-08-06 18:00:00,36.0,17.607906
Badia de Pollença,2025-08-06 19:00:00,28.0,19.946814
Badia de Pollença,2025-08-06 20:00:00,28.0,22.122719
Badia de Pollença,2025-08-07 08:00:00,16.0,21.952047
Badia de Pollença,2025-08-07 09:00:00,18.0,21.76722
Badia de Pollença,2025-08-07 10:00:00,18.0,23.214943
Badia de Pollença,2025-08-07 11:00:00,10.0,20.221598
Badia de Pollença,2025-08-07 12:00:00,8.0,19.968203
Badia de Pollença,2025-08-07 13:00:00,7.0,20.618368
Badia de Pollença,2025-08-07 14:00:00,6.0,20.542414
Badia de Pollença,2025-08-07 15:00:00,14.0,19.11223
Badia de Pollença,2025-08-07 16:00:00,6.0,17.248058
Badia de Pollença,2025-08-07 17:00:00,7.0,9.955449
Badia de Pollença,2025-08-07 18:00:00,17.0,20.367086
Badia de Pollença,2025-08-07 19:00:00,24.0,18.324232
Badia de Pollença,2025-08-07 20:00:00,26.0,22.23153
Badia de Pollença,2025-08-08 08:00:00,15.0,22.012617
Badia de Pollença,2025-08-08 09:00:00,21.0,21.125792
Badia de Pollença,2025-08-08 10:00:00,16.0,20.68704
Badia de Pollença,2025-08-08 11:00:00,12.0,20.087704
Badia de Pollença,2025-08-08 12:00:00,9.0,20.81809
Badia de Pollença,2025-08-08 13:00:00,8.0,20.5957
Badia de Pollença,2025-08-08 14:00:00,21.0,19.787905
Badia de Pollença,2025-08-08 15:00:00,11.0,18.679005
Badia de Pollença,2025-08-08 16:00:00,8.0,16.627094
Badia de Pollença,2025-08-08 17:00:00,8.0,9.676713
Badia de Pollença,2025-08-08 18:00:00,13.0,18.819218
Badia de Pollença,2025-08-08 19:00:00,10.0,20.266476
Badia de Pollença,2025-08-08 20:00:00,9.0,21.113787
Badia de Pollença,2025-08-09 08:00:00,11.0,20.287071
Badia de Pollença,2025-08-09 09:00:00,9.0,18.726963
Badia de Pollença,2025-08-09 10:00:00,7.0,21.494413
Badia de Pollença,2025-08-09 11:00:00,9.0,19.143467
Badia de Pollença,2025-08-09 12:00:00,5.0,17.957123
Badia de Pollença,2025-08-09 13:00:00,7.0,16.431892
Badia de Pollença,2025-08-09 14:00:00,7.0,16.968363
Badia de Pollença,2025-08-09 15:00:00,5.0,18.84277
Badia de Pollença,2025-08-09 16:00:00,6.0,17.621819
Badia de Pollença,2025-08-09 17:00:00,5.0,6.5918527
Badia de Pollença,2025-08-09 18:00:00,18.0,15.819824
Badia de Pollença,2025-08-09 19:00:00,8.0,18.360342
Badia de Pollença,2025-08-09 20:00:00,23.0,17.901527
Badia de Pollença,2025-08-10 08:00:00,9.0,18.73833
Badia de Pollença,2025-08-10 09:00:00,16.0,21.289808
Badia de Pollença,2025-08-10 10:00:00,15.0,19.034733
Badia de Pollença,2025-08-10 11:00:00,16.0,17.660471
Badia de Pollença,2025-08-10 12:00:00,7.0,21.885296
Badia de Pollença,2025-08-10 13:00:00,6.0,17.199816
Badia de Pollença,2025-08-10 14:00:00,10.0,18.513855
Badia de Pollença,2025-08-10 15:00:00,10.0,17.390707
Badia de Pollença,2025-08-10 16:00:00,6.0,17.032167
Badia de Pollença,2025-08-10 17:00:00,6.0,8.834451
Badia de Pollença,2025-08-10 18:00:00,11.0,16.327168
Badia de Pollença,2025-08-10 19:00:00,32.0,16.343992
Badia de Pollença,2025-08-10 20:00:00,30.0,17.656422
Badia de Pollença,2025-08-11 08:00:00,33.0,18.565378
Badia de Pollença,2025-08-11 09:00:00,25.0,17.342787
Badia de Pollença,2025-08-11 10:00:00,19.0,17.915846
Badia de Pollença,2025-08-11 11:00:00,21.0,18.000593
Badia de Pollença,2025-08-11 12:00:00,7.0,17.675676
Badia de Pollença,2025-08-11 13:00:00,5.0,17.993574
Badia de Pollença,2025-08-11 14:00:00,6.0,18.349392
Badia de Pollença,2025-08-11 15:00:00,15.0,18.054441
Badia de Pollença,2025-08-11 16:00:00,5.0,17.7323
Badia de Pollença,2025-08-11 17:00:00,7.0,10.489459
Badia de Pollença,2025-08-11 18:00:00,32.0,16.887589
Badia de Pollença,2025-08-11 19:00:00,21.0,17.95276
Badia de Pollença,2025-08-11 20:00:00,20.0,17.780495
Badia de Pollença,2025-08-12 08:00:00,20.0,19.58683
Badia de Pollença,2025-08-12 09:00:00,26.0,18.829014
Badia de Pollença,2025-08-12 10:00:00,23.0,16.078205
Badia de Pollença,2025-08-12 11:00:00,25.0,17.15532
Badia de Pollença,2025-08-12 12:00:00,10.0,16.217611
Badia de Pollença,2025-08-12 13:00:00,9.0,15.956162
Badia de Pollença,2025-08-12 14:00:00,7.0,16.69471
Badia de Pollença,2025-08-12 15:00:00,11.0,18.636358
Badia de Pollença,2025-08-12 16:00:00,7.0,18.669249
Badia de Pollença,2025-08-12 17:00:00,7.0,11.423523
Badia de Pollença,2025-08-12 18:00:00,21.0,17.386965
Badia de Pollença,2025-08-12 19:00:00,16.0,17.67917
Badia de Pollença,2025-08-12 20:00:00,32.0,18.727736
Badia de Pollença,2025-08-13 08:00:00,16.0,17.32039
Badia de Pollença,2025-08-13 09:00:00,18.0,16.35046
Badia de Pollença,2025-08-13 10:00:00,17.0,19.739786
Badia de Pollença,2025-08-13 11:00:00,19.0,16.449028
Badia de Pollença,2025-08-13 12:00:00,16.0,17.717848
Badia de Pollença,2025-08-13 13:00:00,8.0,15.469071
Badia de Pollença,2025-08-13 14:00:00,7.0,14.982388
Badia de Pollença,2025-08-13 15:00:00,11.0,15.448074
Badia de Pollença,2025-08-13 16:00:00,8.0,15.33021
Badia de Pollença,2025-08-13 17:00:00,9.0,10.411196
Badia de Pollença,2025-08-13 18:00:00,31.0,16.169744
Badia de Pollença,2025-08-13 19:00:00,25.0,17.525253
Badia de Pollença,2025-08-13 20:00:00,16.0,18.841993
Badia de Pollença,2025-08-14 08:00:00,30.0,13.692965
Badia de Pollença,2025-08-14 09:00:00,28.0,11.716103
Badia de Pollença,2025-08-14 10:00:00,25.0,10.014904
Badia de Pollença,2025-08-14 11:00:00,18.0,14.250974
Badia de Pollença,2025-08-14 12:00:00,20.0,13.186979
Badia de Pollença,2025-08-14 13:00:00,17.0,17.407074
Badia de Pollença,2025-08-14 14:00:00,25.0,17.864508
Badia de Pollença,2025-08-14 15:00:00,50.0,18.91186
Badia de Pollença,2025-08-14 16:00:00,6.0,16.391066
Badia de Pollença,2025-08-14 17:00:00,8.0,10.296289
Badia de Pollença,2025-08-14 18:00:00,22.0,17.516188
Badia de Pollença,2025-08-14 19:00:00,22.0,18.487381
Badia de Pollença,2025-08-14 20:00:00,24.0,17.722115
Badia de Pollença,2025-08-15 08:00:00,18.0,17.118494
Badia de Pollença,2025-08-15 09:00:00,21.0,19.462486
Badia de Pollença,2025-08-15 10:00:00,17.0,15.095876
Badia de Pollença,2025-08-15 11:00:00,9.0,16.413015
Badia de Pollença,2025-08-15 12:00:00,7.0,19.084007
Badia de Pollença,2025-08-15 13:00:00,6.0,16.921465
Badia de Pollença,2025-08-15 14:00:00,7.0,17.161104
Badia de Pollença,2025-08-15 15:00:00,23.0,17.156782
Badia de Pollença,2025-08-15 16:00:00,7.0,15.790412
Badia de Pollença,2025-08-15 17:00:00,8.0,8.712534
Badia de Pollença,2025-08-15 18:00:00,19.0,16.340672
Badia de Pollença,2025-08-15 19:00:00,18.0,18.659918
Badia de Pollença,2025-08-15 20:00:00,17.0,21.520084
Badia de Pollença,2025-08-16 08:00:00,22.0,23.312777
Badia de Pollença,2025-08-16 09:00:00,14.0,19.029617
Badia de Pollença,2025-08-16 10:00:00,10.0,23.204102
Badia de Pollença,2025-08-16 11:00:00,9.0,20.362959
Badia de Pollença,2025-08-16 12:00:00,6.0,22.663086
Badia de Pollença,2025-08-16 13:00:00,8.0,17.915834
Badia de Pollença,2025-08-16 14:00:00,8.0,17.558239
Badia de Pollença,2025-08-16 15:00:00,11.0,15.952468
Badia de Pollença,2025-08-16 16:00:00,9.0,10.918553
Badia de Pollença,2025-08-16 17:00:00,8.0,9.331793
Badia de Pollença,2025-08-16 18:00:00,16.0,16.980778
Badia de Pollença,2025-08-16 19:00:00,18.0,19.844168
Badia de Pollença,2025-08-16 20:00:00,21.0,22.755873
Badia de Pollença,2025-08-17 08:00:00,21.0,23.225775
Badia de Pollença,2025-08-17 09:00:00,12.0,19.916433
Badia de Pollença,2025-08-17 10:00:00,14.0,20.590893
Badia de Pollença,2025-08-17 11:00:00,9.0,18.107437
Badia de Pollença,2025-08-17 12:00:00,10.0,20.456556
Badia de Pollença,2025-08-17 13:00:00,7.0,17.336693
Badia de Pollença,2025-08-17 14:00:00,16.0,18.826666
Badia de Pollença,2025-08-17 15:00:00,21.0,17.20688
Badia de Pollença,2025-08-17 16:00:00,8.0,12.971896
Badia de Pollença,2025-08-17 17:00:00,7.0,11.761007
Badia de Pollença,2025-08-17 18:00:00,20.0,16.38101
Badia de Pollença,2025-08-17 19:00:00,9.0,17.8923
Badia de Pollença,2025-08-17 20:00:00,14.0,19.492859
Badia de Pollença,2025-08-18 08:00:00,9.0,21.312944
Badia de Pollença,2025-08-18 09:00:00,8.0,20.629282
Badia de Pollença,2025-08-18 10:00:00,6.0,20.575434
Badia de Pollença,2025-08-18 11:00:00,6.0,21.194784
Badia de Pollença,2025-08-18 12:00:00,6.0,19.929428
Badia de Pollença,2025-08-18 13:00:00,9.0,18.414927
Badia de Pollença,2025-08-18 14:00:00,5.0,16.999928
Badia de Pollença,2025-08-18 15:00:00,14.0,16.017717
Badia de Pollença,2025-08-18 16:00:00,6.0,10.392392
Badia de Pollença,2025-08-18 17:00:00,7.0,11.460519
Badia de Pollença,2025-08-18 18:00:00,13.0,15.753663
Badia de Pollença,2025-08-18 19:00:00,10.0,15.779698
Badia de Pollença,2025-08-18 20:00:00,10.0,13.203269
Badia de Pollença,2025-08-19 08:00:00,10.0,14.400903
Badia de Pollença,2025-08-19 09:00:00,9.0,12.375368
Badia de Pollença,2025-08-19 10:00:00,15.0,11.545418
Badia de Pollença,2025-08-19 11:00:00,9.0,12.817695
Badia de Pollença,2025-08-19 12:00:00,11.0,12.987525
Badia de Pollença,2025-08-19 13:00:00,13.0,11.706154
Badia de Pollença,2025-08-19 14:00:00,8.0,13.28341
Badia de Pollença,2025-08-19 15:00:00,7.0,12.853563
Badia de Pollença,2025-08-19 16:00:00,6.0,10.267966
Badia de Pollença,2025-08-19 17:00:00,5.0,9.567644
Badia de Pollença,2025-08-19 18:00:00,21.0,10.723024
Badia de Pollença,2025-08-19 19:00:00,12.0,12.563754
Badia de Pollença,2025-08-19 20:00:00,17.0,13.706412
Badia de Pollença,2025-08-20 08:00:00,15.0,10.869226
Badia de Pollença,2025-08-20 09:00:00,10.0,12.885263
Badia de Pollença,2025-08-20 10:00:00,10.0,14.8773
Badia de Pollença,2025-08-20 11:00:00,9.0,15.254261
Badia de Pollença,2025-08-20 12:00:00,13.0,16.73295
Badia de Pollença,2025-08-20 13:00:00,9.0,15.440651
Badia de Pollença,2025-08-20 14:00:00,6.0,16.984747
Badia de Pollença,2025-08-20 15:00:00,10.0,16.593647
Badia de Pollença,2025-08-20 16:00:00,6.0,9.58424
Badia de Pollença,2025-08-20 17:00:00,6.0,7.7263556
Badia de Pollença,2025-08-20 18:00:00,21.0,17.318356
Badia de Pollença,2025-08-20 19:00:00,18.0,17.672148
Badia de Pollença,2025-08-20 20:00:00,21.0,13.6900015
Badia de Pollença,2025-08-21 08:00:00,18.0,16.412579
Badia de Pollença,2025-08-21 09:00:00,13.0,19.689615
Badia de Pollença,2025-08-21 10:00:00,14.0,21.722136
Badia de Pollença,2025-08-21 11:00:00,9.0,18.686201
Badia de Pollença,2025-08-21 12:00:00,10.0,19.518785
Badia de Pollença,2025-08-21 13:00:00,8.0,17.986828
Badia de Pollença,2025-08-21 14:00:00,6.0,18.638922
Badia de Pollença,2025-08-21 15:00:00,10.0,18.655382
Badia de Pollença,2025-08-21 16:00:00,7.0,9.062866
Badia de Pollença,2025-08-21 17:00:00,6.0,8.587147
Badia de Pollença,2025-08-21 18:00:00,16.0,17.20047
Badia de Pollença,2025-08-21 19:00:00,24.0,17.466324
Badia de Pollença,2025-08-21 20:00:00,21.0,18.225143
Badia de Pollença,2025-08-22 08:00:00,23.0,20.746092
Badia de Pollença,2025-08-22 09:00:00,13.0,19.57565
Badia de Pollença,2025-08-22 10:00:00,11.0,21.852272
Badia de Pollença,2025-08-22 11:00:00,13.0,19.06204
Badia de Pollença,2025-08-22 12:00:00,10.0,20.292688
Badia de Pollença,2025-08-22 13:00:00,7.0,17.266323
Badia de Pollença,2025-08-22 14:00:00,15.0,16.215195
Badia de Pollença,2025-08-22 15:00:00,6.0,16.438612
Badia de Pollença,2025-08-22 16:00:00,7.0,12.11743
Badia de Pollença,2025-08-22 17:00:00,7.0,8.390286
Badia de Pollença,2025-08-22 18:00:00,16.0,14.246697
Badia de Pollença,2025-08-22 19:00:00,11.0,16.985401
Badia de Pollença,2025-08-22 20:00:00,12.0,15.99389
Badia de Pollença,2025-08-23 08:00:00,8.0,17.569942
Badia de Pollença,2025-08-23 09:00:00,12.0,16.606491
Badia de Pollença,2025-08-23 10:00:00,4.0,17.37603
Badia de Pollença,2025-08-23 11:00:00,7.0,17.138897
Badia de Pollença,2025-08-23 12:00:00,10.0,16.172506
Badia de Pollença,2025-08-23 13:00:00,6.0,17.495537
Badia de Pollença,2025-08-23 14:00:00,6.0,17.369423
Badia de Pollença,2025-08-23 15:00:00,6.0,17.425686
Badia de Pollença,2025-08-23 16:00:00,6.0,17.065998
Badia de Pollença,2025-08-23 17:00:00,5.0,19.937477
Badia de Pollença,2025-08-23 18:00:00,15.0,17.89019
Badia de Pollença,2025-08-23 19:00:00,16.0,17.701672
Badia de Pollença,2025-08-23 20:00:00,13.0,18.773407
Badia de Pollença,2025-08-24 08:00:00,17.0,23.786236
Badia de Pollença,2025-08-24 09:00:00,19.0,22.885471
Badia de Pollença,2025-08-24 10:00:00,19.0,23.90263
Badia de Pollença,2025-08-24 11:00:00,12.0,18.309534
Badia de Pollença,2025-08-24 12:00:00,7.0,18.110306
Badia de Pollença,2025-08-24 13:00:00,11.0,18.429102
Badia de Pollença,2025-08-24 14:00:00,9.0,17.603045
Badia de Pollença,2025-08-24 15:00:00,10.0,16.930742
Badia de Pollença,2025-08-24 16:00:00,5.0,10.884302
Badia de Pollença,2025-08-24 17:00:00,8.0,5.8362103
Badia de Pollença,2025-08-24 18:00:00,17.0,18.064812
Badia de Pollença,2025-08-24 19:00:00,17.0,16.41201
Badia de Pollença,2025-08-24 20:00:00,20.0,18.507736
Badia de Pollença,2025-08-25 08:00:00,14.0,22.424873
Badia de Pollença,2025-08-25 09:00:00,22.0,21.83539
Badia de Pollença,2025-08-25 10:00:00,22.0,22.317066
Badia de Pollença,2025-08-25 11:00:00,12.0,19.769297
Badia de Pollença,2025-08-25 12:00:00,6.0,20.313766
Badia de Pollença,2025-08-25 13:00:00,8.0,18.38562
Badia de Pollença,2025-08-25 14:00:00,6.0,16.880236
Badia de Pollença,2025-08-25 15:00:00,11.0,16.617193
Badia de Pollença,2025-08-25 16:00:00,6.0,9.187522
Badia de Pollença,2025-08-25 17:00:00,5.0,8.415061
Badia de Pollença,2025-08-25 18:00:00,15.0,18.189081
Badia de Pollença,2025-08-25 19:00:00,19.0,17.980858
Badia de Pollença,2025-08-25 20:00:00,11.0,18.513847
Badia de Pollença,2025-08-26 08:00:00,11.0,20.54496
Badia de Pollença,2025-08-26 09:00:00,12.0,19.707666
Badia de Pollença,2025-08-26 10:00:00,12.0,18.290497
Badia de Pollença,2025-08-26 11:00:00,7.0,16.985645
Badia de Pollença,2025-08-26 12:00:00,7.0,17.306803
Badia de Pollença,2025-08-26 13:00:00,7.0,20.572126
Badia de Pollença,2025-08-26 14:00:00,6.0,17.14847
Badia de Pollença,2025-08-26 15:00:00,9.0,17.135963
Badia de Pollença,2025-08-26 16:00:00,6.0,10.827035
Badia de Pollença,2025-08-26 17:00:00,7.0,11.120659
Badia de Pollença,2025-08-26 18:00:00,7.0,16.619537
Badia de Pollença,2025-08-26 19:00:00,11.0,16.688047
Badia de Pollença,2025-08-26 20:00:00,12.0,17.372639
Badia de Pollença,2025-08-27 08:00:00,12.0,17.299313
Badia de Pollença,2025-08-27 09:00:00,12.0,17.507404
Badia de Pollença,2025-08-27 10:00:00,7.0,17.143114
Badia de Pollença,2025-08-27 11:00:00,15.0,17.170105
Badia de Pollença,2025-08-27 12:00:00,6.0,17.119246
Badia de Pollença,2025-08-27 13:00:00,4.0,15.572701
Badia de Pollença,2025-08-27 14:00:00,5.0,15.776611
Badia de Pollença,2025-08-27 15:00:00,5.0,15.764531
Badia de Pollença,2025-08-27 16:00:00,5.0,9.8045
Badia de Pollença,2025-08-27 17:00:00,5.0,9.656472
Badia de Pollença,2025-08-27 18:00:00,8.0,13.57445
Badia de Pollença,2025-08-27 19:00:00,15.0,12.172965
Badia de Pollença,2025-08-27 20:00:00,22.0,12.987737
Badia de Pollença,2025-08-28 08:00:00,16.0,12.431457
Badia de Pollença,2025-08-28 09:00:00,10.0,14.274677
Badia de Pollença,2025-08-28 10:00:00,13.0,12.125381
Badia de Pollença,2025-08-28 11:00:00,8.0,11.364494
Badia de Pollença,2025-08-28 12:00:00,7.0,12.215516
Badia de Pollença,2025-08-28 13:00:00,5.0,11.467737
Badia de Pollença,2025-08-28 14:00:00,6.0,11.520094
Badia de Pollença,2025-08-28 15:00:00,9.0,12.168326
Badia de Pollença,2025-08-28 16:00:00,5.0,8.991918
Badia de Pollença,2025-08-28 17:00:00,5.0,9.496507
Badia de Pollença,2025-08-28 18:00:00,7.0,12.744815
Badia de Pollença,2025-08-28 19:00:00,7.0,12.224237
Badia de Pollença,2025-08-28 20:00:00,12.0,16.564814
Badia de Pollença,2025-08-29 08:00:00,9.0,16.305937
Badia de Pollença,2025-08-29 09:00:00,4.0,13.373124
Badia de Pollença,2025-08-29 10:00:00,9.0,15.616317
Badia de Pollença,2025-08-29 11:00:00,5.0,13.384314
Badia de Pollença,2025-08-29 12:00:00,9.0,13.316899
Badia de Pollença,2025-08-29 13:00:00,7.0,14.025625
Badia de Pollença,2025-08-29 14:00:00,5.0,14.8512335
Badia de Pollença,2025-08-29 15:00:00,7.0,13.7185545
Badia de Pollença,2025-08-29 16:00:00,5.0,9.265459
Badia de Pollença,2025-08-29 17:00:00,5.0,11.152774
Badia de Pollença,2025-08-29 18:00:00,12.0,13.613261
Badia de Pollença,2025-08-29 19:00:00,7.0,13.86734
Badia de Pollença,2025-08-29 20:00:00,6.0,15.581566
Badia de Pollença,2025-08-30 08:00:00,12.0,14.927975
Badia de Pollença,2025-08-30 09:00:00,7.0,12.9225645
Badia de Pollença,2025-08-30 10:00:00,6.0,12.950296
Badia de Pollença,2025-08-30 11:00:00,5.0,13.166708
Badia de Pollença,2025-08-30 12:00:00,4.0,14.165354
Badia de Pollença,2025-08-30 13:00:00,4.0,14.266977
Badia de Pollença,2025-08-30 14:00:00,3.0,14.256442
Badia de Pollença,2025-08-30 15:00:00,4.0,15.316809
Badia de Pollença,2025-08-30 16:00:00,5.0,10.074184
Badia de Pollença,2025-08-30 17:00:00,5.0,10.375208
Badia de Pollença,2025-08-30 18:00:00,9.0,14.329078
Badia de Pollença,2025-08-30 19:00:00,14.0,13.479434
Badia de Pollença,2025-08-30 20:00:00,10.0,13.052882
Cala Vedella (platja),2025-06-01 08:00:00,163.0,107.28188
Cala Vedella (platja),2025-06-01 09:00:00,155.0,142.56627
Cala Vedella (platja),2025-06-01 10:00:00,152.0,157.56458
Cala Vedella (platja),2025-06-01 11:00:00,170.0,160.96083
Cala Vedella (platja),2025-06-01 12:00:00,142.0,160.76096
Cala Vedella (platja),2025-06-01 13:00:00,158.0,160.46736
Cala Vedella (platja),2025-06-01 14:00:00,106.0,165.06566
Cala Vedella (platja),2025-06-01 15:00:00,59.0,140.57129
Cala Vedella (platja),2025-06-01 16:00:00,58.0,104.88839
Cala Vedella (platja),2025-06-01 17:00:00,11.0,95.39238
Cala Vedella (platja),2025-06-01 18:00:00,34.0,83.217094
Cala Vedella (platja),2025-06-01 19:00:00,105.0,22.874441
Cala Vedella (platja),2025-06-01 20:00:00,135.0,68.53675
Cala Vedella (platja),2025-06-02 08:00:00,145.0,110.049286
Cala Vedella (platja),2025-06-02 09:00:00,127.0,154.1175
Cala Vedella (platja),2025-06-02 10:00:00,151.0,151.44228
Cala Vedella (platja),2025-06-02 11:00:00,153.0,153.39943
Cala Vedella (platja),2025-06-02 12:00:00,140.0,145.44429
Cala Vedella (platja),2025-06-02 13:00:00,120.0,157.01434
Cala Vedella (platja),2025-06-02 14:00:00,87.0,154.41023
Cala Vedella (platja),2025-06-02 15:00:00,43.0,143.21225
Cala Vedella (platja),2025-06-02 16:00:00,49.0,103.44715
Cala Vedella (platja),2025-06-02 17:00:00,6.0,69.25879
Cala Vedella (platja),2025-06-02 18:00:00,63.0,18.828999
Cala Vedella (platja),2025-06-02 19:00:00,153.0,34.36781
Cala Vedella (platja),2025-06-02 20:00:00,188.0,64.40414
Cala Vedella (platja),2025-06-03 08:00:00,203.0,104.670296
Cala Vedella (platja),2025-06-03 09:00:00,180.0,151.89597
Cala Vedella (platja),2025-06-03 10:00:00,192.0,153.24063
Cala Vedella (platja),2025-06-03 11:00:00,174.0,159.5258
Cala Vedella (platja),2025-06-03 12:00:00,158.0,151.29106
Cala Vedella (platja),2025-06-03 13:00:00,114.0,163.6666
Cala Vedella (platja),2025-06-03 14:00:00,68.0,169.89194
Cala Vedella (platja),2025-06-03 15:00:00,55.0,148.10913
Cala Vedella (platja),2025-06-03 16:00:00,49.0,107.90385
Cala Vedella (platja),2025-06-03 17:00:00,8.0,70.69006
Cala Vedella (platja),2025-06-03 18:00:00,56.0,32.57364
Cala Vedella (platja),2025-06-03 19:00:00,129.0,51.487274
Cala Vedella (platja),2025-06-03 20:00:00,166.0,69.63953
Cala Vedella (platja),2025-06-04 08:00:00,167.0,92.52989
Cala Vedella (platja),2025-06-04 09:00:00,130.0,138.97198
Cala Vedella (platja),2025-06-04 10:00:00,150.0,117.37815
Cala Vedella (platja),2025-06-04 11:00:00,153.0,110.89443
Cala Vedella (platja),2025-06-04 12:00:00,151.0,113.74437
Cala Vedella (platja),2025-06-04 13:00:00,111.0,116.27185
Cala Vedella (platja),2025-06-04 14:00:00,96.0,121.49231
Cala Vedella (platja),2025-06-04 15:00:00,59.0,116.029045
Cala Vedella (platja),2025-06-04 16:00:00,31.0,107.24353
Cala Vedella (platja),2025-06-04 17:00:00,7.0,71.77526
Cala Vedella (platja),2025-06-04 18:00:00,76.0,35.102253
Cala Vedella (platja),2025-06-04 19:00:00,110.0,58.723995
Cala Vedella (platja),2025-06-04 20:00:00,152.0,72.251045
Cala Vedella (platja),2025-06-05 08:00:00,121.0,112.00067
Cala Vedella (platja),2025-06-05 09:00:00,133.0,121.80253
Cala Vedella (platja),2025-06-05 10:00:00,148.0,129.98413
Cala Vedella (platja),2025-06-05 11:00:00,156.0,126.90262
Cala Vedella (platja),2025-06-05 12:00:00,147.0,125.1754
Cala Vedella (platja),2025-06-05 13:00:00,135.0,138.35013
Cala Vedella (platja),2025-06-05 14:00:00,107.0,141.99133
Cala Vedella (platja),2025-06-05 15:00:00,75.0,130.37108
Cala Vedella (platja),2025-06-05 16:00:00,37.0,72.71674
Cala Vedella (platja),2025-06-05 17:00:00,7.0,68.26652
Cala Vedella (platja),2025-06-05 18:00:00,74.0,34.71084
Cala Vedella (platja),2025-06-05 19:00:00,157.0,63.78288
Cala Vedella (platja),2025-06-05 20:00:00,214.0,71.50393
Cala Vedella (platja),2025-06-06 08:00:00,243.0,113.56097
Cala Vedella (platja),2025-06-06 09:00:00,215.0,129.96985
Cala Vedella (platja),2025-06-06 10:00:00,268.0,147.2116
Cala Vedella (platja),2025-06-06 11:00:00,265.0,142.70726
Cala Vedella (platja),2025-06-06 12:00:00,218.0,136.4544
Cala Vedella (platja),2025-06-06 13:00:00,216.0,161.7067
Cala Vedella (platja),2025-06-06 14:00:00,134.0,173.1087
Cala Vedella (platja),2025-06-06 15:00:00,96.0,180.9985
Cala Vedella (platja),2025-06-06 16:00:00,44.0,136.4191
Cala Vedella (platja),2025-06-06 17:00:00,7.0,93.89047
Cala Vedella (platja),2025-06-06 18:00:00,76.0,30.817646
Cala Vedella (platja),2025-06-06 19:00:00,122.0,53.184853
Cala Vedella (platja),2025-06-06 20:00:00,150.0,63.452717
Cala Vedella (platja),2025-06-07 08:00:00,157.0,106.30386
Cala Vedella (platja),2025-06-07 09:00:00,152.0,112.97621
Cala Vedella (platja),2025-06-07 10:00:00,164.0,125.692924
Cala Vedella (platja),2025-06-07 11:00:00,148.0,124.69697
Cala Vedella (platja),2025-06-07 12:00:00,138.0,124.91477
Cala Vedella (platja),2025-06-07 13:00:00,125.0,139.29164
Cala Vedella (platja),2025-06-07 14:00:00,55.0,138.24918
Cala Vedella (platja),2025-06-07 15:00:00,49.0,120.29596
Cala Vedella (platja),2025-06-07 16:00:00,49.0,114.81426
Cala Vedella (platja),2025-06-07 17:00:00,10.0,76.56404
Cala Vedella (platja),2025-06-07 18:00:00,74.0,38.078735
Cala Vedella (platja),2025-06-07 19:00:00,130.0,55.06556
Cala Vedella (platja),2025-06-07 20:00:00,138.0,73.23215
Cala Vedella (platja),2025-06-08 08:00:00,137.0,117.452736
Cala Vedella (platja),2025-06-08 09:00:00,139.0,148.72891
Cala Vedella (platja),2025-06-08 10:00:00,126.0,158.76454
Cala Vedella (platja),2025-06-08 11:00:00,170.0,158.38997
Cala Vedella (platja),2025-06-08 12:00:00,167.0,165.06783
Cala Vedella (platja),2025-06-08 13:00:00,137.0,169.81656
Cala Vedella (platja),2025-06-08 14:00:00,81.0,162.62523
Cala Vedella (platja),2025-06-08 15:00:00,67.0,153.25282
Cala Vedella (platja),2025-06-08 16:00:00,64.0,145.91785
Cala Vedella (platja),2025-06-08 17:00:00,6.0,102.08236
Cala Vedella (platja),2025-06-08 18:00:00,52.0,144.01254
Cala Vedella (platja),2025-06-08 19:00:00,121.0,100.11938
Cala Vedella (platja),2025-06-08 20:00:00,149.0,59.681316
Cala Vedella (platja),2025-06-09 08:00:00,182.0,106.90444
Cala Vedella (platja),2025-06-09 09:00:00,144.0,145.45314
Cala Vedella (platja),2025-06-09 10:00:00,156.0,166.73232
Cala Vedella (platja),2025-06-09 11:00:00,169.0,165.5877
Cala Vedella (platja),2025-06-09 12:00:00,173.0,160.6441
Cala Vedella (platja),2025-06-09 13:00:00,148.0,160.63258
Cala Vedella (platja),2025-06-09 14:00:00,98.0,162.73701
Cala Vedella (platja),2025-06-09 15:00:00,62.0,152.3147
Cala Vedella (platja),2025-06-09 16:00:00,43.0,119.05654
Cala Vedella (platja),2025-06-09 17:00:00,8.0,178.77791
Cala Vedella (platja),2025-06-09 18:00:00,77.0,143.63884
Cala Vedella (platja),2025-06-09 19:00:00,138.0,157.05627
Cala Vedella (platja),2025-06-09 20:00:00,186.0,165.79056
Cala Vedella (platja),2025-06-10 08:00:00,146.0,90.36622
Cala Vedella (platja),2025-06-10 09:00:00,155.0,135.4978
Cala Vedella (platja),2025-06-10 10:00:00,145.0,151.52339
Cala Vedella (platja),2025-06-10 11:00:00,153.0,148.081
Cala Vedella (platja),2025-06-10 12:00:00,161.0,142.63924
Cala Vedella (platja),2025-06-10 13:00:00,174.0,156.83382
Cala Vedella (platja),2025-06-10 14:00:00,125.0,159.73871
Cala Vedella (platja),2025-06-10 15:00:00,108.0,150.50523
Cala Vedella (platja),2025-06-10 16:00:00,66.0,120.807465
Cala Vedella (platja),2025-06-10 17:00:00,11.0,138.02455
Cala Vedella (platja),2025-06-10 18:00:00,50.0,130.46652
Cala Vedella (platja),2025-06-10 19:00:00,124.0,148.37614
Cala Vedella (platja),2025-06-10 20:00:00,132.0,161.84984
Cala Vedella (platja),2025-06-11 08:00:00,181.0,105.00283
Cala Vedella (platja),2025-06-11 09:00:00,32.0,146.78537
Cala Vedella (platja),2025-06-11 10:00:00,158.0,152.7112
Cala Vedella (platja),2025-06-11 11:00:00,150.0,149.6274
Cala Vedella (platja),2025-06-11 12:00:00,172.0,145.87314
Cala Vedella (platja),2025-06-11 13:00:00,148.0,165.56972
Cala Vedella (platja),2025-06-11 14:00:00,117.0,166.13031
Cala Vedella (platja),2025-06-11 15:00:00,91.0,147.41151
Cala Vedella (platja),2025-06-11 16:00:00,52.0,112.06078
Cala Vedella (platja),2025-06-11 17:00:00,15.0,65.11644
Cala Vedella (platja),2025-06-11 18:00:00,50.0,37.57085
Cala Vedella (platja),2025-06-11 19:00:00,90.0,61.18665
Cala Vedella (platja),2025-06-11 20:00:00,171.0,69.853455
Cala Vedella (platja),2025-06-12 08:00:00,168.0,107.53473
Cala Vedella (platja),2025-06-12 09:00:00,170.0,121.57166
Cala Vedella (platja),2025-06-12 10:00:00,155.0,133.5225
Cala Vedella (platja),2025-06-12 11:00:00,152.0,135.72685
Cala Vedella (platja),2025-06-12 12:00:00,184.0,132.90033
Cala Vedella (platja),2025-06-12 13:00:00,174.0,146.54889
Cala Vedella (platja),2025-06-12 14:00:00,163.0,176.38339
Cala Vedella (platja),2025-06-12 15:00:00,95.0,158.25409
Cala Vedella (platja),2025-06-12 16:00:00,65.0,121.28745
Cala Vedella (platja),2025-06-12 17:00:00,16.0,74.60179
Cala Vedella (platja),2025-06-12 18:00:00,68.0,31.292353
Cala Vedella (platja),2025-06-12 19:00:00,120.0,62.611523
Cala Vedella (platja),2025-06-12 20:00:00,195.0,68.76708
Cala Vedella (platja),2025-06-13 08:00:00,225.0,111.65876
Cala Vedella (platja),2025-06-13 09:00:00,199.0,127.87914
Cala Vedella (platja),2025-06-13 10:00:00,202.0,149.71405
Cala Vedella (platja),2025-06-13 11:00:00,242.0,144.07784
Cala Vedella (platja),2025-06-13 12:00:00,231.0,141.85895
Cala Vedella (platja),2025-06-13 13:00:00,227.0,165.16194
Cala Vedella (platja),2025-06-13 14:00:00,189.0,165.43669
Cala Vedella (platja),2025-06-13 15:00:00,110.0,144.81004
Cala Vedella (platja),2025-06-13 16:00:00,97.0,131.74277
Cala Vedella (platja),2025-06-13 17:00:00,18.0,88.73965
Cala Vedella (platja),2025-06-13 18:00:00,54.0,33.766056
Cala Vedella (platja),2025-06-13 19:00:00,110.0,61.897522
Cala Vedella (platja),2025-06-13 20:00:00,152.0,78.95584
Cala Vedella (platja),2025-06-14 08:00:00,228.0,111.50726
Cala Vedella (platja),2025-06-14 09:00:00,198.0,115.86985
Cala Vedella (platja),2025-06-14 10:00:00,152.0,123.85451
Cala Vedella (platja),2025-06-14 11:00:00,212.0,123.21228
Cala Vedella (platja),2025-06-14 12:00:00,175.0,127.429955
Cala Vedella (platja),2025-06-14 13:00:00,170.0,125.84723
Cala Vedella (platja),2025-06-14 14:00:00,115.0,123.83129
Cala Vedella (platja),2025-06-14 15:00:00,68.0,147.85701
Cala Vedella (platja),2025-06-14 16:00:00,61.0,111.37254
Cala Vedella (platja),2025-06-14 17:00:00,31.0,68.07062
Cala Vedella (platja),2025-06-14 18:00:00,53.0,33.08376
Cala Vedella (platja),2025-06-14 19:00:00,131.0,62.32557
Cala Vedella (platja),2025-06-14 20:00:00,183.0,80.202385
Cala Vedella (platja),2025-06-15 08:00:00,165.0,114.80154
Cala Vedella (platja),2025-06-15 09:00:00,165.0,117.617325
Cala Vedella (platja),2025-06-15 10:00:00,187.0,120.09723
Cala Vedella (platja),2025-06-15 11:00:00,154.0,128.42853
Cala Vedella (platja),2025-06-15 12:00:00,179.0,137.54585
Cala Vedella (platja),2025-06-15 13:00:00,127.0,166.2679
Cala Vedella (platja),2025-06-15 14:00:00,136.0,189.23033
Cala Vedella (platja),2025-06-15 15:00:00,23.0,111.12223
Cala Vedella (platja),2025-06-15 16:00:00,54.0,60.74971
Cala Vedella (platja),2025-06-15 17:00:00,104.0,86.33304
Cala Vedella (platja),2025-06-15 18:00:00,123.0,207.0117
Cala Vedella (platja),2025-06-15 19:00:00,138.0,152.28993
Cala Vedella (platja),2025-06-15 20:00:00,152.0,120.20183
Cala Vedella (platja),2025-06-16 08:00:00,127.0,144.8937
Cala Vedella (platja),2025-06-16 09:00:00,166.0,151.82639
Cala Vedella (platja),2025-06-16 10:00:00,145.0,165.1906
Cala Vedella (platja),2025-06-16 11:00:00,157.0,175.54526
Cala Vedella (platja),2025-06-16 12:00:00,117.0,182.66142
Cala Vedella (platja),2025-06-16 13:00:00,96.0,161.09262
Cala Vedella (platja),2025-06-16 14:00:00,64.0,116.31971
Cala Vedella (platja),2025-06-16 15:00:00,15.0,77.166626
Cala Vedella (platja),2025-06-16 16:00:00,42.0,31.678053
Cala Vedella (platja),2025-06-16 17:00:00,98.0,147.84836
Cala Vedella (platja),2025-06-16 18:00:00,147.0,141.71867
Cala Vedella (platja),2025-06-16 19:00:00,197.0,151.80789
Cala Vedella (platja),2025-06-16 20:00:00,169.0,124.42231
Cala Vedella (platja),2025-06-17 08:00:00,163.0,146.4203
Cala Vedella (platja),2025-06-17 09:00:00,165.0,152.51276
Cala Vedella (platja),2025-06-17 10:00:00,184.0,145.84749
Cala Vedella (platja),2025-06-17 11:00:00,159.0,159.43126
Cala Vedella (platja),2025-06-17 12:00:00,117.0,166.05626
Cala Vedella (platja),2025-06-17 13:00:00,85.0,143.53091
Cala Vedella (platja),2025-06-17 14:00:00,85.0,105.91445
Cala Vedella (platja),2025-06-17 15:00:00,21.0,64.66716
Cala Vedella (platja),2025-06-17 16:00:00,52.0,37.608402
Cala Vedella (platja),2025-06-17 17:00:00,115.0,57.825195
Cala Vedella (platja),2025-06-17 18:00:00,165.0,139.94624
Cala Vedella (platja),2025-06-17 19:00:00,179.0,150.10132
Cala Vedella (platja),2025-06-17 20:00:00,210.0,129.82578
Cala Vedella (platja),2025-06-18 08:00:00,133.0,154.42499
Cala Vedella (platja),2025-06-18 09:00:00,144.0,158.78357
Cala Vedella (platja),2025-06-18 10:00:00,148.0,154.0897
Cala Vedella (platja),2025-06-18 11:00:00,151.0,163.44955
Cala Vedella (platja),2025-06-18 12:00:00,127.0,171.89488
Cala Vedella (platja),2025-06-18 13:00:00,67.0,124.69663
Cala Vedella (platja),2025-06-18 14:00:00,90.0,100.352875
Cala Vedella (platja),2025-06-18 15:00:00,17.0,40.737717
Cala Vedella (platja),2025-06-18 16:00:00,56.0,33.708115
Cala Vedella (platja),2025-06-18 17:00:00,117.0,59.74125
Cala Vedella (platja),2025-06-18 18:00:00,149.0,74.10473
Cala Vedella (platja),2025-06-18 19:00:00,184.0,110.40433
Cala Vedella (platja),2025-06-18 20:00:00,144.0,148.41534
Cala Vedella (platja),2025-06-19 08:00:00,180.0,133.5137
Cala Vedella (platja),2025-06-19 09:00:00,200.0,136.24275
Cala Vedella (platja),2025-06-19 10:00:00,154.0,141.28633
Cala Vedella (platja),2025-06-19 11:00:00,194.0,150.30234
Cala Vedella (platja),2025-06-19 12:00:00,155.0,160.21107
Cala Vedella (platja),2025-06-19 13:00:00,121.0,137.82527
Cala Vedella (platja),2025-06-19 14:00:00,86.0,109.2005
Cala Vedella (platja),2025-06-19 15:00:00,32.0,73.50207
Cala Vedella (platja),2025-06-19 16:00:00,67.0,39.450195
Cala Vedella (platja),2025-06-19 17:00:00,118.0,64.50357
Cala Vedella (platja),2025-06-19 18:00:00,168.0,80.59696
Cala Vedella (platja),2025-06-19 19:00:00,202.0,114.327194
Cala Vedella (platja),2025-06-19 20:00:00,186.0,143.88419
Cala Vedella (platja),2025-06-20 08:00:00,172.0,163.47968
Cala Vedella (platja),2025-06-20 09:00:00,195.0,164.25053
Cala Vedella (platja),2025-06-20 10:00:00,204.0,175.32559
Cala Vedella (platja),2025-06-20 11:00:00,181.0,191.52887
Cala Vedella (platja),2025-06-20 12:00:00,148.0,194.66624
Cala Vedella (platja),2025-06-20 13:00:00,129.0,178.14374
Cala Vedella (platja),2025-06-20 14:00:00,100.0,140.09099
Cala Vedella (platja),2025-06-20 15:00:00,26.0,91.8159
Cala Vedella (platja),2025-06-20 16:00:00,55.0,31.42869
Cala Vedella (platja),2025-06-20 17:00:00,82.0,54.99002
Cala Vedella (platja),2025-06-20 18:00:00,159.0,72.82666
Cala Vedella (platja),2025-06-20 19:00:00,187.0,105.364006
Cala Vedella (platja),2025-06-20 20:00:00,172.0,148.37798
Cala Vedella (platja),2025-06-21 08:00:00,163.0,143.1147
Cala Vedella (platja),2025-06-21 09:00:00,141.0,144.60483
Cala Vedella (platja),2025-06-21 10:00:00,167.0,146.51189
Cala Vedella (platja),2025-06-21 11:00:00,149.0,160.92177
Cala Vedella (platja),2025-06-21 12:00:00,144.0,184.02632
Cala Vedella (platja),2025-06-21 13:00:00,87.0,163.45833
Cala Vedella (platja),2025-06-21 14:00:00,86.0,124.34261
Cala Vedella (platja),2025-06-21 15:00:00,24.0,65.054726
Cala Vedella (platja),2025-06-21 16:00:00,70.0,41.16862
Cala Vedella (platja),2025-06-21 17:00:00,116.0,61.72045
Cala Vedella (platja),2025-06-21 18:00:00,160.0,69.525116
Cala Vedella (platja),2025-06-21 19:00:00,152.0,112.027916
Cala Vedella (platja),2025-06-21 20:00:00,143.0,145.91728
Cala Vedella (platja),2025-06-22 08:00:00,151.0,154.061
Cala Vedella (platja),2025-06-22 09:00:00,148.0,150.96918
Cala Vedella (platja),2025-06-22 10:00:00,141.0,153.5479
Cala Vedella (platja),2025-06-22 11:00:00,165.0,168.15335
Cala Vedella (platja),2025-06-22 12:00:00,127.0,184.29543
Cala Vedella (platja),2025-06-22 13:00:00,86.0,158.23956
Cala Vedella (platja),2025-06-22 14:00:00,66.0,127.35059
Cala Vedella (platja),2025-06-22 15:00:00,23.0,114.0758
Cala Vedella (platja),2025-06-22 16:00:00,57.0,82.7581
Cala Vedella (platja),2025-06-22 17:00:00,88.0,145.56137
Cala Vedella (platja),2025-06-22 18:00:00,195.0,163.35909
Cala Vedella (platja),2025-06-22 19:00:00,180.0,144.93651
Cala Vedella (platja),2025-06-22 20:00:00,152.0,164.37006
Cala Vedella (platja),2025-06-23 08:00:00,136.0,171.04701
Cala Vedella (platja),2025-06-23 09:00:00,148.0,132.78839
Cala Vedella (platja),2025-06-23 10:00:00,144.0,178.28539
Cala Vedella (platja),2025-06-23 11:00:00,158.0,160.67033
Cala Vedella (platja),2025-06-23 12:00:00,150.0,193.91728
Cala Vedella (platja),2025-06-23 13:00:00,81.0,167.03934
Cala Vedella (platja),2025-06-23 14:00:00,83.0,170.89104
Cala Vedella (platja),2025-06-23 15:00:00,20.0,167.65613
Cala Vedella (platja),2025-06-23 16:00:00,58.0,127.51843
Cala Vedella (platja),2025-06-23 17:00:00,115.0,121.40659
Cala Vedella (platja),2025-06-23 18:00:00,209.0,122.64981
Cala Vedella (platja),2025-06-23 19:00:00,183.0,134.02013
Cala Vedella (platja),2025-06-23 20:00:00,161.0,166.64243
Cala Vedella (platja),2025-06-24 08:00:00,168.0,179.5448
Cala Vedella (platja),2025-06-24 09:00:00,159.0,187.16162
Cala Vedella (platja),2025-06-24 10:00:00,140.0,199.58932
Cala Vedella (platja),2025-06-24 11:00:00,132.0,159.43265
Cala Vedella (platja),2025-06-24 12:00:00,133.0,166.24144
Cala Vedella (platja),2025-06-24 13:00:00,101.0,155.34042
Cala Vedella (platja),2025-06-24 14:00:00,66.0,148.45181
Cala Vedella (platja),2025-06-24 15:00:00,28.0,118.83958
Cala Vedella (platja),2025-06-24 16:00:00,53.0,104.85812
Cala Vedella (platja),2025-06-24 17:00:00,119.0,109.11953
Cala Vedella (platja),2025-06-24 20:00:00,151.0,156.2548
Cala Vedella (platja),2025-06-25 08:00:00,176.0,128.75156
Cala Vedella (platja),2025-06-25 09:00:00,165.0,166.69193
Cala Vedella (platja),2025-06-25 10:00:00,131.0,178.6306
Cala Vedella (platja),2025-06-25 11:00:00,183.0,209.3959
Cala Vedella (platja),2025-06-25 12:00:00,135.0,175.59668
Cala Vedella (platja),2025-06-25 13:00:00,145.0,189.89967
Cala Vedella (platja),2025-06-25 14:00:00,117.0,188.6951
Cala Vedella (platja),2025-06-25 15:00:00,63.0,155.04272
Cala Vedella (platja),2025-06-25 16:00:00,79.0,120.149635
Cala Vedella (platja),2025-06-25 17:00:00,23.0,69.56921
Cala Vedella (platja),2025-06-25 18:00:00,87.0,31.044287
Cala Vedella (platja),2025-06-25 19:00:00,140.0,55.73046
Cala Vedella (platja),2025-06-25 20:00:00,188.0,70.249054
Cala Vedella (platja),2025-06-26 08:00:00,197.0,107.17895
Cala Vedella (platja),2025-06-26 09:00:00,195.0,140.75372
Cala Vedella (platja),2025-06-26 10:00:00,172.0,152.06424
Cala Vedella (platja),2025-06-26 11:00:00,192.0,149.76035
Cala Vedella (platja),2025-06-26 12:00:00,181.0,149.29747
Cala Vedella (platja),2025-06-26 13:00:00,195.0,169.30751
Cala Vedella (platja),2025-06-26 14:00:00,155.0,180.96196
Cala Vedella (platja),2025-06-26 15:00:00,93.0,156.337
Cala Vedella (platja),2025-06-26 16:00:00,112.0,117.321785
Cala Vedella (platja),2025-06-26 17:00:00,25.0,63.756042
Cala Vedella (platja),2025-06-26 18:00:00,57.0,33.92786
Cala Vedella (platja),2025-06-26 19:00:00,135.0,54.816628
Cala Vedella (platja),2025-06-26 20:00:00,176.0,67.21366
Cala Vedella (platja),2025-06-27 08:00:00,186.0,109.94536
Cala Vedella (platja),2025-06-27 09:00:00,219.0,142.86807
Cala Vedella (platja),2025-06-27 10:00:00,211.0,162.476
Cala Vedella (platja),2025-06-27 11:00:00,223.0,162.93953
Cala Vedella (platja),2025-06-27 12:00:00,245.0,160.82861
Cala Vedella (platja),2025-06-27 13:00:00,221.0,178.39249
Cala Vedella (platja),2025-06-27 14:00:00,232.0,202.40266
Cala Vedella (platja),2025-06-27 15:00:00,128.0,176.925
Cala Vedella (platja),2025-06-27 16:00:00,111.0,138.90437
Cala Vedella (platja),2025-06-27 17:00:00,26.0,90.479706
Cala Vedella (platja),2025-06-27 18:00:00,96.0,38.08481
Cala Vedella (platja),2025-06-27 19:00:00,147.0,59.30557
Cala Vedella (platja),2025-06-27 20:00:00,197.0,73.311615
Cala Vedella (platja),2025-06-28 08:00:00,178.0,111.65041
Cala Vedella (platja),2025-06-28 09:00:00,192.0,149.39642
Cala Vedella (platja),2025-06-28 10:00:00,180.0,154.27322
Cala Vedella (platja),2025-06-28 11:00:00,181.0,153.63626
Cala Vedella (platja),2025-06-28 12:00:00,194.0,159.51416
Cala Vedella (platja),2025-06-28 13:00:00,182.0,174.70203
Cala Vedella (platja),2025-06-28 14:00:00,137.0,185.27953
Cala Vedella (platja),2025-06-28 15:00:00,112.0,155.70338
Cala Vedella (platja),2025-06-28 16:00:00,86.0,121.00974
Cala Vedella (platja),2025-06-28 17:00:00,6.0,74.16199
Cala Vedella (platja),2025-06-28 18:00:00,36.0,35.75188
Cala Vedella (platja),2025-06-28 19:00:00,56.0,151.88164
Cala Vedella (platja),2025-06-28 20:00:00,67.0,127.054245
Cala Vedella (platja),2025-06-29 08:00:00,67.0,62.143143
Cala Vedella (platja),2025-06-29 09:00:00,75.0,130.76042
Cala Vedella (platja),2025-06-29 10:00:00,86.0,142.03728
Cala Vedella (platja),2025-06-29 11:00:00,104.0,145.02904
Cala Vedella (platja),2025-06-29 12:00:00,160.0,142.2408
Cala Vedella (platja),2025-06-29 13:00:00,127.0,150.70142
Cala Vedella (platja),2025-06-29 14:00:00,91.0,139.7618
Cala Vedella (platja),2025-06-29 15:00:00,61.0,146.90477
Cala Vedella (platja),2025-06-29 16:00:00,37.0,122.433914
Cala Vedella (platja),2025-06-29 17:00:00,8.0,174.84581
Cala Vedella (platja),2025-06-29 18:00:00,77.0,154.68092
Cala Vedella (platja),2025-06-29 19:00:00,205.0,155.34863
Cala Vedella (platja),2025-06-29 20:00:00,196.0,153.31725
Cala Vedella (platja),2025-06-30 08:00:00,197.0,168.59627
Cala Vedella (platja),2025-06-30 09:00:00,210.0,196.80603
Cala Vedella (platja),2025-06-30 10:00:00,207.0,153.98099
Cala Vedella (platja),2025-06-30 11:00:00,232.0,153.37386
Cala Vedella (platja),2025-06-30 12:00:00,236.0,145.08284
Cala Vedella (platja),2025-06-30 13:00:00,209.0,162.8224
Cala Vedella (platja),2025-06-30 14:00:00,159.0,158.50314
Cala Vedella (platja),2025-06-30 15:00:00,121.0,173.76195
Cala Vedella (platja),2025-06-30 16:00:00,82.0,167.06532
Cala Vedella (platja),2025-06-30 17:00:00,8.0,157.05928
Cala Vedella (platja),2025-06-30 18:00:00,91.0,131.50867
Cala Vedella (platja),2025-06-30 19:00:00,152.0,150.59935
Cala Vedella (platja),2025-06-30 20:00:00,195.0,172.17615
Cala Vedella (platja),2025-07-01 08:00:00,197.0,182.83609
Cala Vedella (platja),2025-07-01 09:00:00,189.0,204.96266
Cala Vedella (platja),2025-07-01 10:00:00,199.0,215.61487
Cala Vedella (platja),2025-07-01 11:00:00,205.0,206.33426
Cala Vedella (platja),2025-07-01 12:00:00,228.0,146.73813
Cala Vedella (platja),2025-07-01 13:00:00,212.0,166.06926
Cala Vedella (platja),2025-07-01 14:00:00,203.0,165.94907
Cala Vedella (platja),2025-07-01 15:00:00,129.0,150.83488
Cala Vedella (platja),2025-07-01 16:00:00,127.0,116.17086
Cala Vedella (platja),2025-07-01 17:00:00,7.0,74.789314
Cala Vedella (platja),2025-07-01 18:00:00,115.0,150.50557
Cala Vedella (platja),2025-07-01 19:00:00,227.0,146.89227
Cala Vedella (platja),2025-07-01 20:00:00,224.0,172.48293
Cala Vedella (platja),2025-07-02 08:00:00,181.0,94.399
Cala Vedella (platja),2025-07-02 09:00:00,166.0,141.87907
Cala Vedella (platja),2025-07-02 10:00:00,178.0,155.87791
Cala Vedella (platja),2025-07-02 11:00:00,200.0,152.49953
Cala Vedella (platja),2025-07-02 12:00:00,219.0,155.00485
Cala Vedella (platja),2025-07-02 13:00:00,212.0,166.73642
Cala Vedella (platja),2025-07-02 14:00:00,134.0,167.29411
Cala Vedella (platja),2025-07-02 15:00:00,113.0,114.03555
Cala Vedella (platja),2025-07-02 16:00:00,8.0,72.993034
Cala Vedella (platja),2025-07-02 17:00:00,76.0,30.624544
Cala Vedella (platja),2025-07-02 18:00:00,153.0,43.90154
Cala Vedella (platja),2025-07-02 19:00:00,200.0,56.228626
Cala Vedella (platja),2025-07-02 20:00:00,204.0,104.73947
Cala Vedella (platja),2025-07-03 08:00:00,209.0,145.60513
Cala Vedella (platja),2025-07-03 09:00:00,189.0,164.67648
Cala Vedella (platja),2025-07-03 10:00:00,225.0,166.25777
Cala Vedella (platja),2025-07-03 11:00:00,214.0,154.70679
Cala Vedella (platja),2025-07-03 12:00:00,231.0,164.4846
Cala Vedella (platja),2025-07-03 13:00:00,172.0,167.1915
Cala Vedella (platja),2025-07-03 14:00:00,19.0,148.7193
Cala Vedella (platja),2025-07-03 15:00:00,47.0,116.706314
Cala Vedella (platja),2025-07-03 16:00:00,7.0,73.4315
Cala Vedella (platja),2025-07-03 17:00:00,101.0,42.454422
Cala Vedella (platja),2025-07-03 18:00:00,174.0,73.766106
Cala Vedella (platja),2025-07-03 19:00:00,236.0,66.84019
Cala Vedella (platja),2025-07-03 20:00:00,254.0,105.851555
Cala Vedella (platja),2025-07-04 08:00:00,280.0,155.72314
Cala Vedella (platja),2025-07-04 09:00:00,268.0,173.29593
Cala Vedella (platja),2025-07-04 10:00:00,296.0,183.26874
Cala Vedella (platja),2025-07-04 11:00:00,287.0,172.24545
Cala Vedella (platja),2025-07-04 12:00:00,240.0,192.18262
Cala Vedella (platja),2025-07-04 13:00:00,227.0,189.55402
Cala Vedella (platja),2025-07-04 14:00:00,108.0,185.32436
Cala Vedella (platja),2025-07-04 15:00:00,98.0,134.2392
Cala Vedella (platja),2025-07-04 16:00:00,7.0,93.220924
Cala Vedella (platja),2025-07-04 17:00:00,68.0,24.275635
Cala Vedella (platja),2025-07-04 18:00:00,147.0,42.460045
Cala Vedella (platja),2025-07-04 19:00:00,245.0,52.525963
Cala Vedella (platja),2025-07-04 20:00:00,243.0,96.81407
Cala Vedella (platja),2025-07-05 08:00:00,250.0,144.7793
Cala Vedella (platja),2025-07-05 09:00:00,247.0,156.76054
Cala Vedella (platja),2025-07-05 10:00:00,259.0,154.54292
Cala Vedella (platja),2025-07-05 11:00:00,242.0,147.16087
Cala Vedella (platja),2025-07-05 12:00:00,187.0,165.4241
Cala Vedella (platja),2025-07-05 13:00:00,158.0,167.82198
Cala Vedella (platja),2025-07-05 14:00:00,134.0,148.7902
Cala Vedella (platja),2025-07-05 15:00:00,133.0,109.937355
Cala Vedella (platja),2025-07-05 16:00:00,9.0,75.35845
Cala Vedella (platja),2025-07-05 17:00:00,102.0,52.1636
Cala Vedella (platja),2025-07-05 18:00:00,221.0,165.1812
Cala Vedella (platja),2025-07-05 19:00:00,215.0,128.77539
Cala Vedella (platja),2025-07-05 20:00:00,239.0,149.20934
Cala Vedella (platja),2025-07-06 08:00:00,211.0,120.28152
Cala Vedella (platja),2025-07-06 09:00:00,206.0,147.99388
Cala Vedella (platja),2025-07-06 10:00:00,229.0,171.84496
Cala Vedella (platja),2025-07-06 11:00:00,251.0,134.66428
Cala Vedella (platja),2025-07-06 12:00:00,249.0,162.46542
Cala Vedella (platja),2025-07-06 13:00:00,199.0,178.97472
Cala Vedella (platja),2025-07-06 14:00:00,130.0,168.84378
Cala Vedella (platja),2025-07-06 15:00:00,127.0,164.96823
Cala Vedella (platja),2025-07-06 16:00:00,7.0,201.07538
Cala Vedella (platja),2025-07-06 17:00:00,109.0,145.29675
Cala Vedella (platja),2025-07-06 18:00:00,177.0,204.70003
Cala Vedella (platja),2025-07-06 19:00:00,211.0,189.07707
Cala Vedella (platja),2025-07-06 20:00:00,249.0,186.53311
Cala Vedella (platja),2025-07-07 08:00:00,234.0,203.78946
Cala Vedella (platja),2025-07-07 09:00:00,215.0,214.07317
Cala Vedella (platja),2025-07-07 10:00:00,262.0,225.33089
Cala Vedella (platja),2025-07-07 11:00:00,253.0,227.15428
Cala Vedella (platja),2025-07-07 12:00:00,239.0,207.72046
Cala Vedella (platja),2025-07-07 13:00:00,185.0,191.33392
Cala Vedella (platja),2025-07-07 14:00:00,115.0,178.17079
Cala Vedella (platja),2025-07-07 15:00:00,97.0,179.74324
Cala Vedella (platja),2025-07-07 16:00:00,7.0,178.45189
Cala Vedella (platja),2025-07-07 17:00:00,87.0,139.84326
Cala Vedella (platja),2025-07-07 18:00:00,174.0,157.8416
Cala Vedella (platja),2025-07-07 19:00:00,212.0,163.20348
Cala Vedella (platja),2025-07-07 20:00:00,229.0,166.42427
Cala Vedella (platja),2025-07-08 08:00:00,205.0,191.92633
Cala Vedella (platja),2025-07-08 09:00:00,200.0,208.93692
Cala Vedella (platja),2025-07-08 10:00:00,246.0,216.19025
Cala Vedella (platja),2025-07-08 11:00:00,244.0,218.40736
Cala Vedella (platja),2025-07-08 12:00:00,221.0,208.19785
Cala Vedella (platja),2025-07-08 13:00:00,207.0,191.58133
Cala Vedella (platja),2025-07-08 14:00:00,123.0,192.5863
Cala Vedella (platja),2025-07-08 15:00:00,122.0,96.81441
Cala Vedella (platja),2025-07-08 16:00:00,7.0,143.25493
Cala Vedella (platja),2025-07-08 17:00:00,81.0,116.31594
Cala Vedella (platja),2025-07-08 18:00:00,186.0,134.70726
Cala Vedella (platja),2025-07-08 19:00:00,216.0,148.55777
Cala Vedella (platja),2025-07-08 20:00:00,255.0,146.62355
Cala Vedella (platja),2025-07-09 08:00:00,191.0,130.76776
Cala Vedella (platja),2025-07-09 09:00:00,206.0,139.92924
Cala Vedella (platja),2025-07-09 10:00:00,241.0,140.31859
Cala Vedella (platja),2025-07-09 11:00:00,225.0,141.89812
Cala Vedella (platja),2025-07-09 12:00:00,198.0,167.18513
Cala Vedella (platja),2025-07-09 13:00:00,176.0,172.36794
Cala Vedella (platja),2025-07-09 14:00:00,151.0,156.5326
Cala Vedella (platja),2025-07-09 15:00:00,115.0,132.3881
Cala Vedella (platja),2025-07-09 16:00:00,7.0,111.50386
Cala Vedella (platja),2025-07-09 17:00:00,78.0,57.42887
Cala Vedella (platja),2025-07-09 18:00:00,137.0,81.6307
Cala Vedella (platja),2025-07-09 19:00:00,231.0,190.9678
Cala Vedella (platja),2025-07-09 20:00:00,278.0,97.24508
Cala Vedella (platja),2025-07-10 08:00:00,215.0,148.55736
Cala Vedella (platja),2025-07-10 09:00:00,216.0,163.31807
Cala Vedella (platja),2025-07-10 10:00:00,249.0,168.71426
Cala Vedella (platja),2025-07-10 11:00:00,222.0,154.8727
Cala Vedella (platja),2025-07-10 12:00:00,201.0,165.80124
Cala Vedella (platja),2025-07-10 13:00:00,227.0,178.69244
Cala Vedella (platja),2025-07-10 14:00:00,131.0,175.28627
Cala Vedella (platja),2025-07-10 15:00:00,107.0,136.92618
Cala Vedella (platja),2025-07-10 16:00:00,9.0,116.0856
Cala Vedella (platja),2025-07-10 17:00:00,95.0,53.86598
Cala Vedella (platja),2025-07-10 18:00:00,183.0,173.84433
Cala Vedella (platja),2025-07-10 19:00:00,228.0,198.05118
Cala Vedella (platja),2025-07-10 20:00:00,243.0,201.44908
Cala Vedella (platja),2025-07-11 08:00:00,239.0,168.64194
Cala Vedella (platja),2025-07-11 09:00:00,216.0,188.58586
Cala Vedella (platja),2025-07-11 10:00:00,242.0,211.25368
Cala Vedella (platja),2025-07-11 11:00:00,302.0,224.40637
Cala Vedella (platja),2025-07-11 12:00:00,230.0,213.29996
Cala Vedella (platja),2025-07-11 13:00:00,188.0,198.97067
Cala Vedella (platja),2025-07-11 14:00:00,128.0,201.35117
Cala Vedella (platja),2025-07-11 15:00:00,132.0,186.83499
Cala Vedella (platja),2025-07-11 16:00:00,6.0,191.01099
Cala Vedella (platja),2025-07-11 17:00:00,115.0,170.16049
Cala Vedella (platja),2025-07-11 19:00:00,187.0,222.69371
Cala Vedella (platja),2025-07-11 20:00:00,264.0,152.66454
Cala Vedella (platja),2025-07-12 08:00:00,266.0,155.30086
Cala Vedella (platja),2025-07-12 09:00:00,257.0,171.39594
Cala Vedella (platja),2025-07-12 10:00:00,251.0,180.17018
Cala Vedella (platja),2025-07-12 11:00:00,248.0,181.65092
Cala Vedella (platja),2025-07-12 12:00:00,263.0,176.04292
Cala Vedella (platja),2025-07-12 13:00:00,245.0,151.443
Cala Vedella (platja),2025-07-12 14:00:00,208.0,158.61046
Cala Vedella (platja),2025-07-12 15:00:00,163.0,207.27968
Cala Vedella (platja),2025-07-12 16:00:00,138.0,180.07433
Cala Vedella (platja),2025-07-12 17:00:00,7.0,190.38422
Cala Vedella (platja),2025-07-12 18:00:00,102.0,163.74876
Cala Vedella (platja),2025-07-12 19:00:00,162.0,122.50072
Cala Vedella (platja),2025-07-12 20:00:00,227.0,151.54146
Cala Vedella (platja),2025-07-13 08:00:00,228.0,167.70805
Cala Vedella (platja),2025-07-13 09:00:00,203.0,200.1182
Cala Vedella (platja),2025-07-13 10:00:00,192.0,220.13484
Cala Vedella (platja),2025-07-13 11:00:00,203.0,247.21242
Cala Vedella (platja),2025-07-13 12:00:00,237.0,236.69485
Cala Vedella (platja),2025-07-13 13:00:00,247.0,232.65312
Cala Vedella (platja),2025-07-13 14:00:00,173.0,225.41179
Cala Vedella (platja),2025-07-13 15:00:00,154.0,223.0787
Cala Vedella (platja),2025-07-13 16:00:00,130.0,218.20055
Cala Vedella (platja),2025-07-13 17:00:00,6.0,215.66803
Cala Vedella (platja),2025-07-13 18:00:00,89.0,184.97331
Cala Vedella (platja),2025-07-13 19:00:00,173.0,143.33896
Cala Vedella (platja),2025-07-13 20:00:00,207.0,165.1078
Cala Vedella (platja),2025-07-14 08:00:00,202.0,176.8442
Cala Vedella (platja),2025-07-14 09:00:00,163.0,205.55151
Cala Vedella (platja),2025-07-14 10:00:00,234.0,228.59146
Cala Vedella (platja),2025-07-14 11:00:00,247.0,263.14548
Cala Vedella (platja),2025-07-14 12:00:00,228.0,230.80766
Cala Vedella (platja),2025-07-14 13:00:00,212.0,224.9428
Cala Vedella (platja),2025-07-14 14:00:00,175.0,229.54698
Cala Vedella (platja),2025-07-14 15:00:00,166.0,227.90346
Cala Vedella (platja),2025-07-14 16:00:00,115.0,214.57762
Cala Vedella (platja),2025-07-14 17:00:00,8.0,177.45782
Cala Vedella (platja),2025-07-14 18:00:00,52.0,162.44781
Cala Vedella (platja),2025-07-14 19:00:00,130.0,217.66637
Cala Vedella (platja),2025-07-14 20:00:00,189.0,217.7468
Cala Vedella (platja),2025-07-15 08:00:00,201.0,181.63947
Cala Vedella (platja),2025-07-15 09:00:00,145.0,176.80751
Cala Vedella (platja),2025-07-15 10:00:00,128.0,194.86342
Cala Vedella (platja),2025-07-15 11:00:00,111.0,187.9755
Cala Vedella (platja),2025-07-15 12:00:00,82.0,209.14937
Cala Vedella (platja),2025-07-15 13:00:00,47.0,195.27132
Cala Vedella (platja),2025-07-15 14:00:00,41.0,188.71687
Cala Vedella (platja),2025-07-15 15:00:00,42.0,200.2708
Cala Vedella (platja),2025-07-15 16:00:00,21.0,210.921
Cala Vedella (platja),2025-07-15 17:00:00,6.0,191.29071
Cala Vedella (platja),2025-07-15 18:00:00,54.0,172.25313
Cala Vedella (platja),2025-07-15 19:00:00,161.0,214.58824
Cala Vedella (platja),2025-07-15 20:00:00,206.0,177.05545
Cala Vedella (platja),2025-07-16 08:00:00,223.0,170.31429
Cala Vedella (platja),2025-07-16 09:00:00,221.0,192.35
Cala Vedella (platja),2025-07-16 10:00:00,224.0,236.47528
Cala Vedella (platja),2025-07-16 11:00:00,324.0,238.34843
Cala Vedella (platja),2025-07-16 12:00:00,310.0,256.52448
Cala Vedella (platja),2025-07-16 13:00:00,264.0,227.26257
Cala Vedella (platja),2025-07-16 14:00:00,212.0,185.14423
Cala Vedella (platja),2025-07-16 15:00:00,117.0,224.70248
Cala Vedella (platja),2025-07-16 16:00:00,83.0,212.43484
Cala Vedella (platja),2025-07-16 17:00:00,8.0,203.26317
Cala Vedella (platja),2025-07-16 18:00:00,76.0,168.29224
Cala Vedella (platja),2025-07-16 19:00:00,195.0,138.68762
Cala Vedella (platja),2025-07-16 20:00:00,262.0,140.95659
Cala Vedella (platja),2025-07-17 08:00:00,288.0,174.26486
Cala Vedella (platja),2025-07-17 09:00:00,264.0,196.72449
Cala Vedella (platja),2025-07-17 10:00:00,265.0,222.35272
Cala Vedella (platja),2025-07-17 11:00:00,225.0,227.23273
Cala Vedella (platja),2025-07-17 12:00:00,246.0,223.51028
Cala Vedella (platja),2025-07-17 13:00:00,219.0,190.61325
Cala Vedella (platja),2025-07-17 14:00:00,216.0,188.14655
Cala Vedella (platja),2025-07-17 15:00:00,148.0,222.14583
Cala Vedella (platja),2025-07-17 16:00:00,131.0,217.24985
Cala Vedella (platja),2025-07-17 17:00:00,7.0,193.1538
Cala Vedella (platja),2025-07-17 18:00:00,85.0,173.56897
Cala Vedella (platja),2025-07-17 19:00:00,197.0,191.6398
Cala Vedella (platja),2025-07-17 20:00:00,315.0,202.0949
Cala Vedella (platja),2025-07-18 08:00:00,335.0,185.56374
Cala Vedella (platja),2025-07-18 09:00:00,311.0,207.16286
Cala Vedella (platja),2025-07-18 10:00:00,312.0,223.71431
Cala Vedella (platja),2025-07-18 11:00:00,289.0,231.42967
Cala Vedella (platja),2025-07-18 12:00:00,305.0,251.58095
Cala Vedella (platja),2025-07-18 13:00:00,313.0,194.78206
Cala Vedella (platja),2025-07-18 14:00:00,254.0,186.76505
Cala Vedella (platja),2025-07-18 15:00:00,149.0,222.7085
Cala Vedella (platja),2025-07-18 16:00:00,139.0,207.18217
Cala Vedella (platja),2025-07-18 17:00:00,8.0,196.55923
Cala Vedella (platja),2025-07-18 18:00:00,62.0,161.66092
Cala Vedella (platja),2025-07-18 19:00:00,166.0,187.13031
Cala Vedella (platja),2025-07-18 20:00:00,263.0,194.99135
Cala Vedella (platja),2025-07-19 08:00:00,220.0,215.0493
Cala Vedella (platja),2025-07-19 09:00:00,252.0,226.2016
Cala Vedella (platja),2025-07-19 10:00:00,252.0,240.64441
Cala Vedella (platja),2025-07-19 11:00:00,227.0,239.98245
Cala Vedella (platja),2025-07-19 12:00:00,181.0,229.71236
Cala Vedella (platja),2025-07-19 13:00:00,186.0,189.20404
Cala Vedella (platja),2025-07-19 14:00:00,106.0,188.51086
Cala Vedella (platja),2025-07-19 15:00:00,6.0,214.90479
Cala Vedella (platja),2025-07-19 16:00:00,78.0,185.605
Cala Vedella (platja),2025-07-19 17:00:00,161.0,179.83797
Cala Vedella (platja),2025-07-19 18:00:00,203.0,197.55313
Cala Vedella (platja),2025-07-19 19:00:00,159.0,207.28404
Cala Vedella (platja),2025-07-19 20:00:00,172.0,178.12093
Cala Vedella (platja),2025-07-20 08:00:00,147.0,203.58752
Cala Vedella (platja),2025-07-20 09:00:00,188.0,210.44954
Cala Vedella (platja),2025-07-20 10:00:00,193.0,192.47087
Cala Vedella (platja),2025-07-20 11:00:00,139.0,203.12631
Cala Vedella (platja),2025-07-20 12:00:00,177.0,215.90482
Cala Vedella (platja),2025-07-20 13:00:00,117.0,209.04999
Cala Vedella (platja),2025-07-20 14:00:00,93.0,188.77458
Cala Vedella (platja),2025-07-20 15:00:00,6.0,213.80614
Cala Vedella (platja),2025-07-20 16:00:00,64.0,217.17725
Cala Vedella (platja),2025-07-20 17:00:00,210.0,201.38564
Cala Vedella (platja),2025-07-20 18:00:00,287.0,200.65598
Cala Vedella (platja),2025-07-20 19:00:00,276.0,207.8412
Cala Vedella (platja),2025-07-20 20:00:00,236.0,240.50687
Cala Vedella (platja),2025-07-21 08:00:00,231.0,204.57065
Cala Vedella (platja),2025-07-21 09:00:00,278.0,217.6675
Cala Vedella (platja),2025-07-21 10:00:00,214.0,217.51381
Cala Vedella (platja),2025-07-21 11:00:00,226.0,222.17558
Cala Vedella (platja),2025-07-21 12:00:00,154.0,217.94684
Cala Vedella (platja),2025-07-21 13:00:00,132.0,220.87262
Cala Vedella (platja),2025-07-21 14:00:00,22.0,215.5808
Cala Vedella (platja),2025-07-21 15:00:00,9.0,215.72928
Cala Vedella (platja),2025-07-21 16:00:00,161.0,208.2084
Cala Vedella (platja),2025-07-21 17:00:00,204.0,211.59384
Cala Vedella (platja),2025-07-21 18:00:00,229.0,205.64444
Cala Vedella (platja),2025-07-21 19:00:00,272.0,211.921
Cala Vedella (platja),2025-07-21 20:00:00,218.0,222.26665
Cala Vedella (platja),2025-07-22 08:00:00,218.0,206.59546
Cala Vedella (platja),2025-07-22 09:00:00,264.0,221.40538
Cala Vedella (platja),2025-07-22 10:00:00,206.0,215.59235
Cala Vedella (platja),2025-07-22 11:00:00,186.0,217.50215
Cala Vedella (platja),2025-07-22 12:00:00,139.0,205.80576
Cala Vedella (platja),2025-07-22 13:00:00,111.0,191.49278
Cala Vedella (platja),2025-07-22 14:00:00,14.0,186.84116
Cala Vedella (platja),2025-07-22 15:00:00,9.0,184.18266
Cala Vedella (platja),2025-07-22 16:00:00,126.0,194.44496
Cala Vedella (platja),2025-07-22 17:00:00,197.0,204.36147
Cala Vedella (platja),2025-07-22 18:00:00,229.0,206.24344
Cala Vedella (platja),2025-07-22 19:00:00,232.0,210.35359
Cala Vedella (platja),2025-07-22 20:00:00,211.0,256.19965
Cala Vedella (platja),2025-07-23 08:00:00,189.0,203.84596
Cala Vedella (platja),2025-07-23 09:00:00,210.0,207.49828
Cala Vedella (platja),2025-07-23 10:00:00,233.0,207.37
Cala Vedella (platja),2025-07-23 11:00:00,210.0,191.42607
Cala Vedella (platja),2025-07-23 12:00:00,136.0,178.75662
Cala Vedella (platja),2025-07-23 13:00:00,90.0,179.9471
Cala Vedella (platja),2025-07-23 14:00:00,10.0,205.41267
Cala Vedella (platja),2025-07-23 15:00:00,9.0,214.27603
Cala Vedella (platja),2025-07-23 16:00:00,140.0,191.9976
Cala Vedella (platja),2025-07-23 17:00:00,197.0,190.44786
Cala Vedella (platja),2025-07-23 18:00:00,228.0,202.74988
Cala Vedella (platja),2025-07-23 19:00:00,213.0,203.63127
Cala Vedella (platja),2025-07-23 20:00:00,189.0,204.98067
Cala Vedella (platja),2025-07-24 08:00:00,211.0,204.28305
Cala Vedella (platja),2025-07-24 09:00:00,224.0,212.41971
Cala Vedella (platja),2025-07-24 10:00:00,227.0,261.2738
Cala Vedella (platja),2025-07-24 11:00:00,206.0,194.97455
Cala Vedella (platja),2025-07-24 12:00:00,146.0,180.31625
Cala Vedella (platja),2025-07-24 13:00:00,143.0,182.47672
Cala Vedella (platja),2025-07-24 14:00:00,13.0,196.36205
Cala Vedella (platja),2025-07-24 15:00:00,10.0,185.43974
Cala Vedella (platja),2025-07-24 16:00:00,174.0,139.38866
Cala Vedella (platja),2025-07-24 17:00:00,248.0,151.54068
Cala Vedella (platja),2025-07-24 18:00:00,294.0,153.11967
Cala Vedella (platja),2025-07-24 19:00:00,292.0,159.55316
Cala Vedella (platja),2025-07-24 20:00:00,318.0,191.8432
Cala Vedella (platja),2025-07-25 08:00:00,298.0,204.30322
Cala Vedella (platja),2025-07-25 09:00:00,329.0,211.34138
Cala Vedella (platja),2025-07-25 10:00:00,304.0,195.80746
Cala Vedella (platja),2025-07-25 11:00:00,239.0,195.44125
Cala Vedella (platja),2025-07-25 12:00:00,179.0,187.4318
Cala Vedella (platja),2025-07-25 13:00:00,96.0,187.16382
Cala Vedella (platja),2025-07-25 14:00:00,9.0,180.20074
Cala Vedella (platja),2025-07-25 15:00:00,6.0,194.55775
Cala Vedella (platja),2025-07-25 16:00:00,118.0,207.85768
Cala Vedella (platja),2025-07-25 17:00:00,180.0,220.1107
Cala Vedella (platja),2025-07-25 18:00:00,209.0,208.89899
Cala Vedella (platja),2025-07-25 19:00:00,228.0,186.0041
Cala Vedella (platja),2025-07-25 20:00:00,219.0,204.68303
Cala Vedella (platja),2025-07-26 08:00:00,181.0,209.43376
Cala Vedella (platja),2025-07-26 09:00:00,245.0,219.59108
Cala Vedella (platja),2025-07-26 10:00:00,225.0,221.81006
Cala Vedella (platja),2025-07-26 11:00:00,249.0,233.02829
Cala Vedella (platja),2025-07-26 12:00:00,165.0,217.62671
Cala Vedella (platja),2025-07-26 13:00:00,147.0,217.23964
Cala Vedella (platja),2025-07-26 14:00:00,18.0,210.30962
Cala Vedella (platja),2025-07-26 15:00:00,7.0,205.19579
Cala Vedella (platja),2025-07-26 16:00:00,109.0,199.86743
Cala Vedella (platja),2025-07-26 17:00:00,209.0,178.43155
Cala Vedella (platja),2025-07-26 18:00:00,232.0,204.98225
Cala Vedella (platja),2025-07-26 19:00:00,242.0,204.66264
Cala Vedella (platja),2025-07-26 20:00:00,208.0,244.56566
Cala Vedella (platja),2025-07-27 08:00:00,230.0,205.63696
Cala Vedella (platja),2025-07-27 09:00:00,232.0,213.622
Cala Vedella (platja),2025-07-27 10:00:00,232.0,224.60696
Cala Vedella (platja),2025-07-27 11:00:00,239.0,242.9195
Cala Vedella (platja),2025-07-27 12:00:00,193.0,221.86569
Cala Vedella (platja),2025-07-27 13:00:00,148.0,214.44931
Cala Vedella (platja),2025-07-27 14:00:00,17.0,213.9263
Cala Vedella (platja),2025-07-27 15:00:00,6.0,218.04144
Cala Vedella (platja),2025-07-27 16:00:00,141.0,206.17046
Cala Vedella (platja),2025-07-27 17:00:00,193.0,228.92166
Cala Vedella (platja),2025-07-27 18:00:00,235.0,247.20572
Cala Vedella (platja),2025-07-27 19:00:00,233.0,247.80162
Cala Vedella (platja),2025-07-27 20:00:00,205.0,283.70563
Cala Vedella (platja),2025-07-28 08:00:00,211.0,256.0124
Cala Vedella (platja),2025-07-28 09:00:00,232.0,247.0955
Cala Vedella (platja),2025-07-28 11:00:00,220.0,225.64812
Cala Vedella (platja),2025-07-28 13:00:00,201.0,234.65239
Cala Vedella (platja),2025-07-28 14:00:00,155.0,191.19077
Cala Vedella (platja),2025-07-28 15:00:00,152.0,214.77989
Cala Vedella (platja),2025-07-28 16:00:00,8.0,213.22736
Cala Vedella (platja),2025-07-28 17:00:00,9.0,201.14165
Cala Vedella (platja),2025-07-28 18:00:00,122.0,173.011
Cala Vedella (platja),2025-07-28 19:00:00,184.0,184.01129
Cala Vedella (platja),2025-07-28 20:00:00,231.0,160.44289
Cala Vedella (platja),2025-07-29 08:00:00,224.0,152.46616
Cala Vedella (platja),2025-07-29 09:00:00,199.0,166.86887
Cala Vedella (platja),2025-07-29 10:00:00,223.0,177.06364
Cala Vedella (platja),2025-07-29 11:00:00,235.0,191.25346
Cala Vedella (platja),2025-07-29 12:00:00,233.0,180.35649
Cala Vedella (platja),2025-07-29 13:00:00,216.0,202.3839
Cala Vedella (platja),2025-07-29 14:00:00,136.0,182.79036
Cala Vedella (platja),2025-07-29 15:00:00,150.0,181.57971
Cala Vedella (platja),2025-07-29 16:00:00,9.0,175.31711
Cala Vedella (platja),2025-07-29 17:00:00,6.0,177.92676
Cala Vedella (platja),2025-07-29 18:00:00,165.0,140.77797
Cala Vedella (platja),2025-07-29 19:00:00,195.0,124.41918
Cala Vedella (platja),2025-07-29 20:00:00,212.0,140.21054
Cala Vedella (platja),2025-07-30 08:00:00,207.0,129.8082
Cala Vedella (platja),2025-07-30 09:00:00,181.0,169.7969
Cala Vedella (platja),2025-07-30 10:00:00,185.0,177.2935
Cala Vedella (platja),2025-07-30 11:00:00,206.0,216.7085
Cala Vedella (platja),2025-07-30 12:00:00,207.0,225.00577
Cala Vedella (platja),2025-07-30 13:00:00,202.0,229.42079
Cala Vedella (platja),2025-07-30 14:00:00,115.0,212.90082
Cala Vedella (platja),2025-07-30 15:00:00,110.0,223.60408
Cala Vedella (platja),2025-07-30 16:00:00,8.0,184.34631
Cala Vedella (platja),2025-07-30 17:00:00,7.0,199.48576
Cala Vedella (platja),2025-07-30 18:00:00,128.0,151.58653
Cala Vedella (platja),2025-07-30 19:00:00,211.0,195.21707
Cala Vedella (platja),2025-07-30 20:00:00,226.0,101.696365
Cala Vedella (platja),2025-07-31 08:00:00,212.0,117.347664
Cala Vedella (platja),2025-07-31 09:00:00,175.0,172.79428
Cala Vedella (platja),2025-07-31 10:00:00,217.0,173.27397
Cala Vedella (platja),2025-07-31 11:00:00,238.0,204.56148
Cala Vedella (platja),2025-07-31 12:00:00,240.0,237.58334
Cala Vedella (platja),2025-07-31 13:00:00,213.0,190.3201
Cala Vedella (platja),2025-07-31 14:00:00,134.0,182.24094
Cala Vedella (platja),2025-07-31 15:00:00,147.0,214.10403
Cala Vedella (platja),2025-07-31 16:00:00,7.0,172.57072
Cala Vedella (platja),2025-07-31 17:00:00,6.0,182.50537
Cala Vedella (platja),2025-07-31 18:00:00,137.0,152.87971
Cala Vedella (platja),2025-07-31 19:00:00,216.0,116.240974
Cala Vedella (platja),2025-07-31 20:00:00,210.0,127.42515
Cala Vedella (platja),2025-08-01 08:00:00,242.0,119.58625
Cala Vedella (platja),2025-08-01 09:00:00,226.0,172.55902
Cala Vedella (platja),2025-08-01 10:00:00,218.0,164.32515
Cala Vedella (platja),2025-08-01 11:00:00,230.0,192.72154
Cala Vedella (platja),2025-08-01 12:00:00,251.0,220.58673
Cala Vedella (platja),2025-08-01 13:00:00,273.0,186.05476
Cala Vedella (platja),2025-08-01 14:00:00,162.0,177.25746
Cala Vedella (platja),2025-08-01 15:00:00,148.0,176.7083
Cala Vedella (platja),2025-08-01 16:00:00,11.0,195.53635
Cala Vedella (platja),2025-08-01 17:00:00,7.0,180.86043
Cala Vedella (platja),2025-08-01 18:00:00,127.0,192.89194
Cala Vedella (platja),2025-08-01 19:00:00,208.0,141.41232
Cala Vedella (platja),2025-08-01 20:00:00,245.0,153.91031
Cala Vedella (platja),2025-08-02 08:00:00,205.0,140.6167
Cala Vedella (platja),2025-08-02 09:00:00,203.0,162.12683
Cala Vedella (platja),2025-08-02 10:00:00,201.0,176.00844
Cala Vedella (platja),2025-08-02 11:00:00,222.0,207.94328
Cala Vedella (platja),2025-08-02 12:00:00,214.0,211.56076
Cala Vedella (platja),2025-08-02 13:00:00,241.0,191.88246
Cala Vedella (platja),2025-08-02 14:00:00,145.0,183.48221
Cala Vedella (platja),2025-08-02 15:00:00,137.0,189.01895
Cala Vedella (platja),2025-08-02 16:00:00,8.0,194.09291
Cala Vedella (platja),2025-08-02 17:00:00,8.0,178.05322
Cala Vedella (platja),2025-08-02 18:00:00,116.0,144.48064
Cala Vedella (platja),2025-08-02 19:00:00,207.0,155.89758
Cala Vedella (platja),2025-08-02 20:00:00,214.0,149.87863
Cala Vedella (platja),2025-08-03 08:00:00,219.0,139.62929
Cala Vedella (platja),2025-08-03 09:00:00,214.0,179.4694
Cala Vedella (platja),2025-08-03 10:00:00,246.0,228.16542
Cala Vedella (platja),2025-08-03 11:00:00,251.0,227.9262
Cala Vedella (platja),2025-08-03 12:00:00,209.0,257.7474
Cala Vedella (platja),2025-08-03 13:00:00,208.0,241.7203
Cala Vedella (platja),2025-08-03 14:00:00,195.0,224.91528
Cala Vedella (platja),2025-08-03 15:00:00,171.0,221.73227
Cala Vedella (platja),2025-08-03 16:00:00,8.0,212.27243
Cala Vedella (platja),2025-08-03 17:00:00,6.0,199.45898
Cala Vedella (platja),2025-08-03 18:00:00,118.0,189.03792
Cala Vedella (platja),2025-08-03 19:00:00,173.0,152.7012
Cala Vedella (platja),2025-08-03 20:00:00,217.0,169.45496
Cala Vedella (platja),2025-08-04 08:00:00,199.0,163.64003
Cala Vedella (platja),2025-08-04 09:00:00,201.0,170.55531
Cala Vedella (platja),2025-08-04 10:00:00,210.0,185.52023
Cala Vedella (platja),2025-08-04 11:00:00,209.0,186.8228
Cala Vedella (platja),2025-08-04 12:00:00,201.0,229.18044
Cala Vedella (platja),2025-08-04 13:00:00,224.0,192.5923
Cala Vedella (platja),2025-08-04 14:00:00,197.0,173.03928
Cala Vedella (platja),2025-08-04 15:00:00,163.0,200.55624
Cala Vedella (platja),2025-08-04 16:00:00,23.0,183.87279
Cala Vedella (platja),2025-08-04 17:00:00,8.0,214.26096
Cala Vedella (platja),2025-08-04 18:00:00,121.0,146.47948
Cala Vedella (platja),2025-08-04 19:00:00,190.0,137.25592
Cala Vedella (platja),2025-08-04 20:00:00,223.0,120.066025
Cala Vedella (platja),2025-08-05 08:00:00,237.0,132.76317
Cala Vedella (platja),2025-08-05 09:00:00,243.0,161.49164
Cala Vedella (platja),2025-08-05 10:00:00,216.0,184.00763
Cala Vedella (platja),2025-08-05 11:00:00,246.0,208.19554
Cala Vedella (platja),2025-08-05 12:00:00,211.0,215.66869
Cala Vedella (platja),2025-08-05 13:00:00,200.0,164.30376
Cala Vedella (platja),2025-08-05 14:00:00,159.0,198.71834
Cala Vedella (platja),2025-08-05 15:00:00,117.0,195.98091
Cala Vedella (platja),2025-08-05 16:00:00,13.0,195.52905
Cala Vedella (platja),2025-08-05 17:00:00,8.0,205.3621
Cala Vedella (platja),2025-08-05 18:00:00,97.0,146.72429
Cala Vedella (platja),2025-08-05 19:00:00,164.0,158.99094
Cala Vedella (platja),2025-08-05 20:00:00,192.0,120.08811
Cala Vedella (platja),2025-08-06 08:00:00,220.0,133.7899
Cala Vedella (platja),2025-08-06 09:00:00,206.0,169.70819
Cala Vedella (platja),2025-08-06 10:00:00,221.0,178.97885
Cala Vedella (platja),2025-08-06 11:00:00,225.0,210.32321
Cala Vedella (platja),2025-08-06 12:00:00,225.0,208.80966
Cala Vedella (platja),2025-08-06 13:00:00,214.0,163.76175
Cala Vedella (platja),2025-08-06 14:00:00,181.0,173.01607
Cala Vedella (platja),2025-08-06 15:00:00,165.0,191.33061
Cala Vedella (platja),2025-08-06 16:00:00,16.0,183.07883
Cala Vedella (platja),2025-08-06 17:00:00,9.0,184.7857
Cala Vedella (platja),2025-08-06 18:00:00,97.0,143.91702
Cala Vedella (platja),2025-08-06 19:00:00,166.0,131.07262
Cala Vedella (platja),2025-08-06 20:00:00,211.0,117.60063
Cala Vedella (platja),2025-08-07 08:00:00,194.0,145.8049
Cala Vedella (platja),2025-08-07 09:00:00,185.0,193.31598
Cala Vedella (platja),2025-08-07 10:00:00,223.0,180.12856
Cala Vedella (platja),2025-08-07 11:00:00,222.0,207.64142
Cala Vedella (platja),2025-08-07 12:00:00,243.0,207.33022
Cala Vedella (platja),2025-08-07 13:00:00,213.0,164.43425
Cala Vedella (platja),2025-08-07 14:00:00,187.0,184.51236
Cala Vedella (platja),2025-08-07 15:00:00,151.0,191.78859
Cala Vedella (platja),2025-08-07 16:00:00,16.0,191.92896
Cala Vedella (platja),2025-08-07 17:00:00,8.0,182.91887
Cala Vedella (platja),2025-08-07 18:00:00,123.0,199.22765
Cala Vedella (platja),2025-08-07 19:00:00,224.0,148.15039
Cala Vedella (platja),2025-08-07 20:00:00,285.0,140.62567
Cala Vedella (platja),2025-08-08 08:00:00,319.0,151.5634
Cala Vedella (platja),2025-08-08 09:00:00,261.0,191.14249
Cala Vedella (platja),2025-08-08 10:00:00,241.0,193.32024
Cala Vedella (platja),2025-08-08 11:00:00,279.0,196.99321
Cala Vedella (platja),2025-08-08 12:00:00,261.0,190.31154
Cala Vedella (platja),2025-08-08 13:00:00,209.0,162.67393
Cala Vedella (platja),2025-08-08 14:00:00,195.0,164.25537
Cala Vedella (platja),2025-08-08 15:00:00,107.0,181.46281
Cala Vedella (platja),2025-08-08 16:00:00,7.0,185.75055
Cala Vedella (platja),2025-08-08 17:00:00,7.0,192.17288
Cala Vedella (platja),2025-08-08 18:00:00,141.0,109.50834
Cala Vedella (platja),2025-08-08 19:00:00,168.0,123.9376
Cala Vedella (platja),2025-08-08 20:00:00,282.0,142.9145
Cala Vedella (platja),2025-08-09 08:00:00,277.0,139.32869
Cala Vedella (platja),2025-08-09 09:00:00,263.0,184.2378
Cala Vedella (platja),2025-08-09 10:00:00,266.0,189.28552
Cala Vedella (platja),2025-08-09 11:00:00,239.0,211.7119
Cala Vedella (platja),2025-08-09 12:00:00,252.0,184.83553
Cala Vedella (platja),2025-08-09 13:00:00,249.0,151.97588
Cala Vedella (platja),2025-08-09 14:00:00,176.0,152.635
Cala Vedella (platja),2025-08-09 15:00:00,111.0,189.14265
Cala Vedella (platja),2025-08-09 16:00:00,12.0,197.47044
Cala Vedella (platja),2025-08-09 17:00:00,9.0,182.7202
Cala Vedella (platja),2025-08-09 18:00:00,46.0,200.42102
Cala Vedella (platja),2025-08-09 19:00:00,48.0,162.58618
Cala Vedella (platja),2025-08-09 20:00:00,86.0,132.77303
Cala Vedella (platja),2025-08-10 08:00:00,135.0,147.65147
Cala Vedella (platja),2025-08-10 09:00:00,152.0,175.71231
Cala Vedella (platja),2025-08-10 10:00:00,198.0,171.17255
Cala Vedella (platja),2025-08-10 11:00:00,198.0,187.74614
Cala Vedella (platja),2025-08-10 12:00:00,240.0,238.31381
Cala Vedella (platja),2025-08-10 13:00:00,265.0,227.25185
Cala Vedella (platja),2025-08-10 14:00:00,185.0,191.44627
Cala Vedella (platja),2025-08-10 15:00:00,186.0,206.87166
Cala Vedella (platja),2025-08-10 16:00:00,8.0,212.58124
Cala Vedella (platja),2025-08-10 17:00:00,7.0,211.28645
Cala Vedella (platja),2025-08-10 18:00:00,113.0,162.92079
Cala Vedella (platja),2025-08-10 19:00:00,206.0,163.46669
Cala Vedella (platja),2025-08-10 20:00:00,293.0,144.64384
Cala Vedella (platja),2025-08-11 08:00:00,291.0,176.16182
Cala Vedella (platja),2025-08-11 09:00:00,261.0,235.32014
Cala Vedella (platja),2025-08-11 10:00:00,273.0,221.55754
Cala Vedella (platja),2025-08-11 11:00:00,312.0,256.37708
Cala Vedella (platja),2025-08-11 12:00:00,308.0,211.49225
Cala Vedella (platja),2025-08-11 13:00:00,270.0,176.53009
Cala Vedella (platja),2025-08-11 14:00:00,198.0,179.92572
Cala Vedella (platja),2025-08-11 15:00:00,108.0,182.21242
Cala Vedella (platja),2025-08-11 16:00:00,6.0,186.4008
Cala Vedella (platja),2025-08-11 17:00:00,7.0,215.6406
Cala Vedella (platja),2025-08-11 18:00:00,102.0,165.25786
Cala Vedella (platja),2025-08-11 19:00:00,258.0,178.37862
Cala Vedella (platja),2025-08-11 20:00:00,282.0,137.73918
Cala Vedella (platja),2025-08-12 08:00:00,291.0,152.8613
Cala Vedella (platja),2025-08-12 09:00:00,252.0,174.81592
Cala Vedella (platja),2025-08-12 10:00:00,281.0,208.91203
Cala Vedella (platja),2025-08-12 11:00:00,328.0,211.9588
Cala Vedella (platja),2025-08-12 12:00:00,344.0,209.08258
Cala Vedella (platja),2025-08-12 13:00:00,297.0,185.28835
Cala Vedella (platja),2025-08-12 14:00:00,190.0,213.30003
Cala Vedella (platja),2025-08-12 15:00:00,128.0,209.72957
Cala Vedella (platja),2025-08-12 16:00:00,7.0,181.09879
Cala Vedella (platja),2025-08-12 17:00:00,6.0,187.66797
Cala Vedella (platja),2025-08-12 18:00:00,104.0,162.48436
Cala Vedella (platja),2025-08-12 19:00:00,221.0,148.97565
Cala Vedella (platja),2025-08-12 20:00:00,257.0,133.08043
Cala Vedella (platja),2025-08-13 08:00:00,272.0,164.17801
Cala Vedella (platja),2025-08-13 09:00:00,271.0,182.23718
Cala Vedella (platja),2025-08-13 10:00:00,258.0,207.52626
Cala Vedella (platja),2025-08-13 11:00:00,255.0,192.76845
Cala Vedella (platja),2025-08-13 12:00:00,227.0,197.0983
Cala Vedella (platja),2025-08-13 13:00:00,183.0,188.27568
Cala Vedella (platja),2025-08-13 14:00:00,136.0,176.45128
Cala Vedella (platja),2025-08-13 15:00:00,132.0,171.56656
Cala Vedella (platja),2025-08-13 16:00:00,7.0,173.85817
Cala Vedella (platja),2025-08-13 17:00:00,7.0,191.33488
Cala Vedella (platja),2025-08-13 18:00:00,111.0,154.42769
Cala Vedella (platja),2025-08-13 19:00:00,226.0,165.82535
Cala Vedella (platja),2025-08-13 20:00:00,261.0,151.0561
Cala Vedella (platja),2025-08-14 08:00:00,254.0,166.70303
Cala Vedella (platja),2025-08-14 09:00:00,241.0,217.4969
Cala Vedella (platja),2025-08-14 10:00:00,261.0,211.47708
Cala Vedella (platja),2025-08-14 11:00:00,315.0,223.89313
Cala Vedella (platja),2025-08-14 12:00:00,295.0,226.9712
Cala Vedella (platja),2025-08-14 13:00:00,247.0,218.43022
Cala Vedella (platja),2025-08-14 14:00:00,155.0,184.48068
Cala Vedella (platja),2025-08-14 15:00:00,113.0,216.08038
Cala Vedella (platja),2025-08-14 16:00:00,7.0,190.25375
Cala Vedella (platja),2025-08-14 17:00:00,8.0,190.42746
Cala Vedella (platja),2025-08-14 18:00:00,97.0,166.03473
Cala Vedella (platja),2025-08-14 19:00:00,187.0,124.074036
Cala Vedella (platja),2025-08-14 20:00:00,253.0,113.12519
Cala Vedella (platja),2025-08-15 08:00:00,243.0,165.3079
Cala Vedella (platja),2025-08-15 09:00:00,264.0,203.49564
Cala Vedella (platja),2025-08-15 10:00:00,245.0,215.90706
Cala Vedella (platja),2025-08-15 11:00:00,298.0,217.90369
Cala Vedella (platja),2025-08-15 12:00:00,302.0,223.76134
Cala Vedella (platja),2025-08-15 13:00:00,289.0,190.51929
Cala Vedella (platja),2025-08-15 14:00:00,226.0,190.265
Cala Vedella (platja),2025-08-15 15:00:00,152.0,193.25844
Cala Vedella (platja),2025-08-15 16:00:00,10.0,193.41531
Cala Vedella (platja),2025-08-15 17:00:00,16.0,180.31906
Cala Vedella (platja),2025-08-15 18:00:00,35.0,156.71985
Cala Vedella (platja),2025-08-15 19:00:00,72.0,166.43733
Cala Vedella (platja),2025-08-15 20:00:00,111.0,113.97595
Cala Vedella (platja),2025-08-16 08:00:00,143.0,123.80393
Cala Vedella (platja),2025-08-16 09:00:00,180.0,167.63986
Cala Vedella (platja),2025-08-16 10:00:00,158.0,189.01169
Cala Vedella (platja),2025-08-16 11:00:00,209.0,197.9806
Cala Vedella (platja),2025-08-16 12:00:00,194.0,172.79584
Cala Vedella (platja),2025-08-16 13:00:00,190.0,188.54236
Cala Vedella (platja),2025-08-16 14:00:00,138.0,181.90547
Cala Vedella (platja),2025-08-16 15:00:00,111.0,182.3649
Cala Vedella (platja),2025-08-16 16:00:00,7.0,207.4415
Cala Vedella (platja),2025-08-16 17:00:00,7.0,174.54929
Cala Vedella (platja),2025-08-16 18:00:00,144.0,154.94705
Cala Vedella (platja),2025-08-16 19:00:00,272.0,151.40224
Cala Vedella (platja),2025-08-16 20:00:00,277.0,120.7441
Cala Vedella (platja),2025-08-17 08:00:00,278.0,130.71284
Cala Vedella (platja),2025-08-17 09:00:00,268.0,188.58551
Cala Vedella (platja),2025-08-17 10:00:00,276.0,243.5714
Cala Vedella (platja),2025-08-17 11:00:00,304.0,252.90366
Cala Vedella (platja),2025-08-17 12:00:00,275.0,219.85536
Cala Vedella (platja),2025-08-17 13:00:00,260.0,234.56914
Cala Vedella (platja),2025-08-17 14:00:00,193.0,229.84305
Cala Vedella (platja),2025-08-17 15:00:00,125.0,217.75108
Cala Vedella (platja),2025-08-17 16:00:00,7.0,203.94919
Cala Vedella (platja),2025-08-17 17:00:00,6.0,180.71762
Cala Vedella (platja),2025-08-17 18:00:00,41.0,150.7393
Cala Vedella (platja),2025-08-17 19:00:00,108.0,110.91045
Cala Vedella (platja),2025-08-17 20:00:00,196.0,98.70113
Cala Vedella (platja),2025-08-18 08:00:00,196.0,130.24643
Cala Vedella (platja),2025-08-18 09:00:00,210.0,175.58698
Cala Vedella (platja),2025-08-18 10:00:00,205.0,178.20908
Cala Vedella (platja),2025-08-18 11:00:00,242.0,233.47427
Cala Vedella (platja),2025-08-18 12:00:00,247.0,209.54044
Cala Vedella (platja),2025-08-18 13:00:00,193.0,226.88287
Cala Vedella (platja),2025-08-18 14:00:00,178.0,233.50601
Cala Vedella (platja),2025-08-18 15:00:00,80.0,211.54887
Cala Vedella (platja),2025-08-18 16:00:00,9.0,219.33746
Cala Vedella (platja),2025-08-18 17:00:00,9.0,222.10626
Cala Vedella (platja),2025-08-18 18:00:00,113.0,171.69173
Cala Vedella (platja),2025-08-18 19:00:00,185.0,141.85696
Cala Vedella (platja),2025-08-18 20:00:00,244.0,148.77998
Cala Vedella (platja),2025-08-19 08:00:00,260.0,175.06187
Cala Vedella (platja),2025-08-19 09:00:00,259.0,174.12587
Cala Vedella (platja),2025-08-19 10:00:00,228.0,184.9159
Cala Vedella (platja),2025-08-19 11:00:00,271.0,183.32129
Cala Vedella (platja),2025-08-19 12:00:00,280.0,247.53442
Cala Vedella (platja),2025-08-19 13:00:00,215.0,174.7873
Cala Vedella (platja),2025-08-19 14:00:00,177.0,175.17476
Cala Vedella (platja),2025-08-19 15:00:00,129.0,162.2654
Cala Vedella (platja),2025-08-19 16:00:00,8.0,180.76135
Cala Vedella (platja),2025-08-19 17:00:00,6.0,174.78624
Cala Vedella (platja),2025-08-19 18:00:00,68.0,143.83601
Cala Vedella (platja),2025-08-19 19:00:00,232.0,148.16689
Cala Vedella (platja),2025-08-19 20:00:00,229.0,127.60351
Cala Vedella (platja),2025-08-20 08:00:00,229.0,168.96593
Cala Vedella (platja),2025-08-20 09:00:00,208.0,207.03696
Cala Vedella (platja),2025-08-20 10:00:00,210.0,220.8228
Cala Vedella (platja),2025-08-20 11:00:00,235.0,255.97261
Cala Vedella (platja),2025-08-20 12:00:00,220.0,235.87337
Cala Vedella (platja),2025-08-20 13:00:00,193.0,223.15216
Cala Vedella (platja),2025-08-20 14:00:00,160.0,223.72473
Cala Vedella (platja),2025-08-20 15:00:00,107.0,215.79774
Cala Vedella (platja),2025-08-20 16:00:00,7.0,218.98743
Cala Vedella (platja),2025-08-20 17:00:00,7.0,215.12161
Cala Vedella (platja),2025-08-20 18:00:00,62.0,159.94652
Cala Vedella (platja),2025-08-20 19:00:00,120.0,85.14839
Cala Vedella (platja),2025-08-20 20:00:00,195.0,122.01757
Cala Vedella (platja),2025-08-21 08:00:00,202.0,117.188484
Cala Vedella (platja),2025-08-21 09:00:00,192.0,179.18765
Cala Vedella (platja),2025-08-21 10:00:00,198.0,231.18959
Cala Vedella (platja),2025-08-21 11:00:00,220.0,221.62338
Cala Vedella (platja),2025-08-21 12:00:00,219.0,224.50722
Cala Vedella (platja),2025-08-21 13:00:00,221.0,222.27908
Cala Vedella (platja),2025-08-21 14:00:00,163.0,229.39937
Cala Vedella (platja),2025-08-21 15:00:00,91.0,219.0885
Cala Vedella (platja),2025-08-21 16:00:00,8.0,219.58946
Cala Vedella (platja),2025-08-21 17:00:00,6.0,217.8297
Cala Vedella (platja),2025-08-21 18:00:00,8.0,190.8977
Cala Vedella (platja),2025-08-21 19:00:00,6.0,250.8545
Cala Vedella (platja),2025-08-21 20:00:00,49.0,170.69444
Cala Vedella (platja),2025-08-22 08:00:00,120.0,154.89714
Cala Vedella (platja),2025-08-22 09:00:00,204.0,156.70706
Cala Vedella (platja),2025-08-22 10:00:00,241.0,213.50496
Cala Vedella (platja),2025-08-22 11:00:00,223.0,254.68764
Cala Vedella (platja),2025-08-22 12:00:00,218.0,261.80783
Cala Vedella (platja),2025-08-22 13:00:00,226.0,258.48996
Cala Vedella (platja),2025-08-22 14:00:00,266.0,240.81136
Cala Vedella (platja),2025-08-22 15:00:00,233.0,226.35565
Cala Vedella (platja),2025-08-22 16:00:00,177.0,195.81432
Cala Vedella (platja),2025-08-22 17:00:00,79.0,183.19928
Cala Vedella (platja),2025-08-22 18:00:00,6.0,238.59122
Cala Vedella (platja),2025-08-22 19:00:00,6.0,231.47322
Cala Vedella (platja),2025-08-22 20:00:00,67.0,135.20169
Cala Vedella (platja),2025-08-23 08:00:00,123.0,129.55856
Cala Vedella (platja),2025-08-23 09:00:00,144.0,154.05217
Cala Vedella (platja),2025-08-23 10:00:00,145.0,203.80176
Cala Vedella (platja),2025-08-23 11:00:00,152.0,236.2824
Cala Vedella (platja),2025-08-23 12:00:00,135.0,253.9793
Cala Vedella (platja),2025-08-23 13:00:00,153.0,246.55234
Cala Vedella (platja),2025-08-23 14:00:00,178.0,216.67227
Cala Vedella (platja),2025-08-23 15:00:00,166.0,219.80188
Cala Vedella (platja),2025-08-23 16:00:00,103.0,229.74617
Cala Vedella (platja),2025-08-23 17:00:00,58.0,212.69136
Cala Vedella (platja),2025-08-23 18:00:00,6.0,190.17168
Cala Vedella (platja),2025-08-23 19:00:00,6.0,192.35928
Cala Vedella (platja),2025-08-23 20:00:00,55.0,148.44969
Cala Vedella (platja),2025-08-24 08:00:00,117.0,144.84398
Cala Vedella (platja),2025-08-24 09:00:00,214.0,170.5643
Cala Vedella (platja),2025-08-24 10:00:00,211.0,209.06133
Cala Vedella (platja),2025-08-24 11:00:00,221.0,252.27625
Cala Vedella (platja),2025-08-24 12:00:00,172.0,249.95291
Cala Vedella (platja),2025-08-24 13:00:00,206.0,248.44743
Cala Vedella (platja),2025-08-24 14:00:00,204.0,229.16241
Cala Vedella (platja),2025-08-24 15:00:00,181.0,213.8229
Cala Vedella (platja),2025-08-24 16:00:00,140.0,220.23718
Cala Vedella (platja),2025-08-24 17:00:00,59.0,212.50052
Cala Vedella (platja),2025-08-24 18:00:00,5.0,197.0979
Cala Vedella (platja),2025-08-24 19:00:00,6.0,190.67876
Cala Vedella (platja),2025-08-24 20:00:00,67.0,145.8519
Cala Vedella (platja),2025-08-25 08:00:00,133.0,141.59679
Cala Vedella (platja),2025-08-25 09:00:00,203.0,164.34348
Cala Vedella (platja),2025-08-25 10:00:00,200.0,185.62483
Cala Vedella (platja),2025-08-25 11:00:00,216.0,206.54207
Cala Vedella (platja),2025-08-25 12:00:00,188.0,215.0876
Cala Vedella (platja),2025-08-25 13:00:00,232.0,218.54715
Cala Vedella (platja),2025-08-25 14:00:00,188.0,197.10341
Cala Vedella (platja),2025-08-25 15:00:00,163.0,172.49677
Cala Vedella (platja),2025-08-25 16:00:00,95.0,181.68869
Cala Vedella (platja),2025-08-25 17:00:00,40.0,169.65376
Cala Vedella (platja),2025-08-25 18:00:00,7.0,164.87192
Cala Vedella (platja),2025-08-25 19:00:00,6.0,193.80641
Cala Vedella (platja),2025-08-25 20:00:00,55.0,142.03246
Cala Vedella (platja),2025-08-26 08:00:00,174.0,146.24687
Cala Vedella (platja),2025-08-26 09:00:00,203.0,155.48885
Cala Vedella (platja),2025-08-26 10:00:00,193.0,236.65607
Cala Vedella (platja),2025-08-26 11:00:00,231.0,254.05368
Cala Vedella (platja),2025-08-26 12:00:00,207.0,265.58997
Cala Vedella (platja),2025-08-26 13:00:00,264.0,245.26732
Cala Vedella (platja),2025-08-26 14:00:00,232.0,239.66595
Cala Vedella (platja),2025-08-26 15:00:00,183.0,221.20464
Cala Vedella (platja),2025-08-26 16:00:00,125.0,212.26538
Cala Vedella (platja),2025-08-26 17:00:00,69.0,204.77544
Cala Vedella (platja),2025-08-26 18:00:00,6.0,179.03096
Cala Vedella (platja),2025-08-26 19:00:00,8.0,202.66013
Cala Vedella (platja),2025-08-26 20:00:00,71.0,127.460526
Cala Vedella (platja),2025-08-27 08:00:00,147.0,119.08847
Cala Vedella (platja),2025-08-27 09:00:00,184.0,111.37981
Cala Vedella (platja),2025-08-27 10:00:00,216.0,157.53513
Cala Vedella (platja),2025-08-27 11:00:00,207.0,225.80414
Cala Vedella (platja),2025-08-27 12:00:00,229.0,208.14336
Cala Vedella (platja),2025-08-27 13:00:00,213.0,203.70383
Cala Vedella (platja),2025-08-27 14:00:00,213.0,180.86876
Cala Vedella (platja),2025-08-27 15:00:00,131.0,193.35144
Cala Vedella (platja),2025-08-27 16:00:00,64.0,209.18727
Cala Vedella (platja),2025-08-27 17:00:00,42.0,171.91492
Cala Vedella (platja),2025-08-27 18:00:00,6.0,175.18741
Cala Vedella (platja),2025-08-27 19:00:00,8.0,176.09325
Cala Vedella (platja),2025-08-27 20:00:00,66.0,84.16312
Cala Vedella (platja),2025-08-28 08:00:00,159.0,72.612915
Cala Vedella (platja),2025-08-28 09:00:00,241.0,97.47987
Cala Vedella (platja),2025-08-28 10:00:00,273.0,185.83191
Cala Vedella (platja),2025-08-28 11:00:00,260.0,196.48775
Cala Vedella (platja),2025-08-28 12:00:00,232.0,224.0578
Cala Vedella (platja),2025-08-28 13:00:00,172.0,236.78574
Cala Vedella (platja),2025-08-28 14:00:00,195.0,216.51659
Cala Vedella (platja),2025-08-28 15:00:00,161.0,222.04547
Cala Vedella (platja),2025-08-28 16:00:00,76.0,219.98112
Cala Vedella (platja),2025-08-28 17:00:00,41.0,177.50423
Cala Vedella (platja),2025-08-28 18:00:00,7.0,183.82419
Cala Vedella (platja),2025-08-28 19:00:00,6.0,214.49727
Cala Vedella (platja),2025-08-28 20:00:00,26.0,133.53436
Cala Vedella (platja),2025-08-29 08:00:00,23.0,87.01017
Cala Vedella (platja),2025-08-29 09:00:00,103.0,116.6041
Cala Vedella (platja),2025-08-29 10:00:00,143.0,203.44443
Cala Vedella (platja),2025-08-29 11:00:00,190.0,219.49963
Cala Vedella (platja),2025-08-29 12:00:00,184.0,207.32576
Cala Vedella (platja),2025-08-29 13:00:00,215.0,176.68974
Cala Vedella (platja),2025-08-29 14:00:00,217.0,166.59639
Cala Vedella (platja),2025-08-29 15:00:00,153.0,192.82841
Cala Vedella (platja),2025-08-29 16:00:00,102.0,177.55428
Cala Vedella (platja),2025-08-29 17:00:00,70.0,176.51514
Cala Vedella (platja),2025-08-29 18:00:00,7.0,173.90869
Cala Vedella (platja),2025-08-29 19:00:00,8.0,173.3195
Cala Vedella (platja),2025-08-29 20:00:00,18.0,142.30925
Cala Vedella (platja),2025-08-30 08:00:00,67.0,149.97438
Cala Vedella (platja),2025-08-30 09:00:00,95.0,146.04646
Cala Vedella (platja),2025-08-30 10:00:00,77.0,169.8683
Cala Vedella (platja),2025-08-30 11:00:00,48.0,186.66861
Cala Vedella (platja),2025-08-30 12:00:00,28.0,183.74155
Cala Vedella (platja),2025-08-30 13:00:00,16.0,179.3497
Cala Vedella (platja),2025-08-30 14:00:00,22.0,177.96677
Cala Vedella (platja),2025-08-30 15:00:00,32.0,180.33188
Cala Vedella (platja),2025-08-30 16:00:00,23.0,181.49977
Cala Vedella (platja),2025-08-30 17:00:00,38.0,186.07924
Cala Vedella (platja),2025-08-30 18:00:00,6.0,182.70401
Cala Vedella (platja),2025-08-30 19:00:00,5.0,171.94446
Cala Vedella (platja),2025-08-30 20:00:00,64.0,126.92268
Cala Vedella (port),2025-06-01 08:00:00,30.0,45.842136
Cala Vedella (port),2025-06-01 09:00:00,28.0,50.13629
Cala Vedella (port),2025-06-01 10:00:00,34.0,51.305782
Cala Vedella (port),2025-06-01 11:00:00,43.0,46.12402
Cala Vedella (port),2025-06-01 12:00:00,31.0,35.14618
Cala Vedella (port),2025-06-01 13:00:00,21.0,28.776447
Cala Vedella (port),2025-06-01 14:00:00,18.0,28.002996
Cala Vedella (port),2025-06-01 15:00:00,20.0,26.657887
Cala Vedella (port),2025-06-01 16:00:00,8.0,22.62576
Cala Vedella (port),2025-06-01 17:00:00,4.0,20.458187
Cala Vedella (port),2025-06-01 18:00:00,8.0,16.959406
Cala Vedella (port),2025-06-01 19:00:00,11.0,20.863445
Cala Vedella (port),2025-06-01 20:00:00,20.0,49.746384
Cala Vedella (port),2025-06-02 08:00:00,20.0,54.275383
Cala Vedella (port),2025-06-02 09:00:00,25.0,52.383743
Cala Vedella (port),2025-06-02 10:00:00,27.0,37.943504
Cala Vedella (port),2025-06-02 11:00:00,15.0,48.114952
Cala Vedella (port),2025-06-02 12:00:00,17.0,31.505718
Cala Vedella (port),2025-06-02 13:00:00,17.0,25.74063
Cala Vedella (port),2025-06-02 14:00:00,11.0,26.655277
Cala Vedella (port),2025-06-02 15:00:00,8.0,26.308119
Cala Vedella (port),2025-06-02 16:00:00,6.0,25.06605
Cala Vedella (port),2025-06-02 17:00:00,4.0,20.897316
Cala Vedella (port),2025-06-02 18:00:00,9.0,21.936695
Cala Vedella (port),2025-06-02 19:00:00,16.0,36.846733
Cala Vedella (port),2025-06-02 20:00:00,18.0,48.96568
Cala Vedella (port),2025-06-03 08:00:00,11.0,52.734238
Cala Vedella (port),2025-06-03 09:00:00,21.0,55.40147
Cala Vedella (port),2025-06-03 10:00:00,40.0,54.531384
Cala Vedella (port),2025-06-03 11:00:00,28.0,47.76373
Cala Vedella (port),2025-06-03 12:00:00,11.0,36.15179
Cala Vedella (port),2025-06-03 13:00:00,11.0,27.605923
Cala Vedella (port),2025-06-03 14:00:00,14.0,24.011375
Cala Vedella (port),2025-06-03 15:00:00,11.0,25.184566
Cala Vedella (port),2025-06-03 16:00:00,7.0,25.362293
Cala Vedella (port),2025-06-03 17:00:00,5.0,20.568186
Cala Vedella (port),2025-06-03 18:00:00,6.0,18.79517
Cala Vedella (port),2025-06-03 19:00:00,12.0,29.069338
Cala Vedella (port),2025-06-03 20:00:00,18.0,41.78584
Cala Vedella (port),2025-06-04 08:00:00,22.0,37.49313
Cala Vedella (port),2025-06-04 09:00:00,24.0,29.170204
Cala Vedella (port),2025-06-04 10:00:00,34.0,24.617361
Cala Vedella (port),2025-06-04 11:00:00,40.0,20.289719
Cala Vedella (port),2025-06-04 12:00:00,25.0,17.70029
Cala Vedella (port),2025-06-04 13:00:00,12.0,17.384365
Cala Vedella (port),2025-06-04 14:00:00,9.0,18.188114
Cala Vedella (port),2025-06-04 15:00:00,12.0,18.671503
Cala Vedella (port),2025-06-04 16:00:00,10.0,18.08433
Cala Vedella (port),2025-06-04 17:00:00,5.0,15.547408
Cala Vedella (port),2025-06-04 18:00:00,11.0,16.01338
Cala Vedella (port),2025-06-04 19:00:00,18.0,18.735023
Cala Vedella (port),2025-06-04 20:00:00,20.0,20.810427
Cala Vedella (port),2025-06-05 08:00:00,27.0,21.711004
Cala Vedella (port),2025-06-05 09:00:00,30.0,20.824673
Cala Vedella (port),2025-06-05 10:00:00,19.0,20.419708
Cala Vedella (port),2025-06-05 11:00:00,37.0,21.153255
Cala Vedella (port),2025-06-05 12:00:00,57.0,19.009926
Cala Vedella (port),2025-06-05 13:00:00,16.0,18.907665
Cala Vedella (port),2025-06-05 14:00:00,31.0,18.276457
Cala Vedella (port),2025-06-05 15:00:00,10.0,17.837885
Cala Vedella (port),2025-06-05 16:00:00,10.0,19.178988
Cala Vedella (port),2025-06-05 17:00:00,5.0,18.742987
Cala Vedella (port),2025-06-05 18:00:00,15.0,17.47599
Cala Vedella (port),2025-06-05 19:00:00,27.0,19.55631
Cala Vedella (port),2025-06-05 20:00:00,36.0,23.988428
Cala Vedella (port),2025-06-06 08:00:00,59.0,25.490667
Cala Vedella (port),2025-06-06 09:00:00,24.0,22.528364
Cala Vedella (port),2025-06-06 10:00:00,31.0,22.819529
Cala Vedella (port),2025-06-06 11:00:00,51.0,21.41459
Cala Vedella (port),2025-06-06 12:00:00,53.0,19.534554
Cala Vedella (port),2025-06-06 13:00:00,35.0,19.694317
Cala Vedella (port),2025-06-06 14:00:00,26.0,19.46377
Cala Vedella (port),2025-06-06 15:00:00,12.0,18.670094
Cala Vedella (port),2025-06-06 16:00:00,12.0,18.494795
Cala Vedella (port),2025-06-06 17:00:00,4.0,13.37332
Cala Vedella (port),2025-06-06 18:00:00,12.0,16.095766
Cala Vedella (port),2025-06-06 19:00:00,12.0,17.068748
Cala Vedella (port),2025-06-06 20:00:00,31.0,18.307936
Cala Vedella (port),2025-06-07 08:00:00,29.0,22.756086
Cala Vedella (port),2025-06-07 09:00:00,19.0,21.133085
Cala Vedella (port),2025-06-07 10:00:00,38.0,24.67247
Cala Vedella (port),2025-06-07 11:00:00,34.0,21.90852
Cala Vedella (port),2025-06-07 12:00:00,21.0,24.258741
Cala Vedella (port),2025-06-07 13:00:00,31.0,19.615078
Cala Vedella (port),2025-06-07 14:00:00,12.0,18.957935
Cala Vedella (port),2025-06-07 15:00:00,11.0,20.24462
Cala Vedella (port),2025-06-07 16:00:00,12.0,19.708248
Cala Vedella (port),2025-06-07 17:00:00,5.0,23.883362
Cala Vedella (port),2025-06-07 18:00:00,12.0,20.062294
Cala Vedella (port),2025-06-07 19:00:00,24.0,21.64512
Cala Vedella (port),2025-06-07 20:00:00,38.0,26.638735
Cala Vedella (port),2025-06-08 08:00:00,34.0,31.077827
Cala Vedella (port),2025-06-08 09:00:00,43.0,28.426172
Cala Vedella (port),2025-06-08 10:00:00,53.0,28.335363
Cala Vedella (port),2025-06-08 11:00:00,57.0,25.719822
Cala Vedella (port),2025-06-08 12:00:00,37.0,24.572924
Cala Vedella (port),2025-06-08 13:00:00,27.0,25.952736
Cala Vedella (port),2025-06-08 14:00:00,17.0,24.42252
Cala Vedella (port),2025-06-08 15:00:00,17.0,24.480686
Cala Vedella (port),2025-06-08 16:00:00,6.0,23.110466
Cala Vedella (port),2025-06-08 17:00:00,5.0,19.710798
Cala Vedella (port),2025-06-08 18:00:00,9.0,18.563917
Cala Vedella (port),2025-06-08 19:00:00,18.0,40.405064
Cala Vedella (port),2025-06-08 20:00:00,26.0,51.142033
Cala Vedella (port),2025-06-09 08:00:00,52.0,55.08963
Cala Vedella (port),2025-06-09 09:00:00,30.0,55.734283
Cala Vedella (port),2025-06-09 10:00:00,43.0,57.936707
Cala Vedella (port),2025-06-09 11:00:00,41.0,53.69255
Cala Vedella (port),2025-06-09 12:00:00,33.0,41.04391
Cala Vedella (port),2025-06-09 13:00:00,36.0,31.594444
Cala Vedella (port),2025-06-09 14:00:00,15.0,25.894234
Cala Vedella (port),2025-06-09 15:00:00,8.0,25.93187
Cala Vedella (port),2025-06-09 16:00:00,9.0,26.04499
Cala Vedella (port),2025-06-09 17:00:00,5.0,22.065855
Cala Vedella (port),2025-06-09 18:00:00,14.0,20.908007
Cala Vedella (port),2025-06-09 19:00:00,14.0,39.969223
Cala Vedella (port),2025-06-09 20:00:00,44.0,53.87989
Cala Vedella (port),2025-06-10 08:00:00,25.0,58.58749
Cala Vedella (port),2025-06-10 09:00:00,39.0,58.704136
Cala Vedella (port),2025-06-10 10:00:00,42.0,49.76109
Cala Vedella (port),2025-06-10 11:00:00,36.0,47.45925
Cala Vedella (port),2025-06-10 12:00:00,15.0,39.328453
Cala Vedella (port),2025-06-10 13:00:00,24.0,32.483433
Cala Vedella (port),2025-06-10 14:00:00,21.0,26.649216
Cala Vedella (port),2025-06-10 15:00:00,13.0,26.378761
Cala Vedella (port),2025-06-10 16:00:00,10.0,24.503193
Cala Vedella (port),2025-06-10 17:00:00,4.0,23.19662
Cala Vedella (port),2025-06-10 18:00:00,6.0,21.14277
Cala Vedella (port),2025-06-10 19:00:00,15.0,29.595324
Cala Vedella (port),2025-06-10 20:00:00,23.0,51.917557
Cala Vedella (port),2025-06-11 08:00:00,35.0,59.2325
Cala Vedella (port),2025-06-11 09:00:00,27.0,62.702995
Cala Vedella (port),2025-06-11 10:00:00,33.0,58.64518
Cala Vedella (port),2025-06-11 11:00:00,39.0,42.225464
Cala Vedella (port),2025-06-11 12:00:00,41.0,31.570518
Cala Vedella (port),2025-06-11 13:00:00,35.0,28.441505
Cala Vedella (port),2025-06-11 14:00:00,25.0,22.334375
Cala Vedella (port),2025-06-11 15:00:00,20.0,21.590109
Cala Vedella (port),2025-06-11 16:00:00,10.0,20.898348
Cala Vedella (port),2025-06-11 17:00:00,3.0,18.209002
Cala Vedella (port),2025-06-11 18:00:00,7.0,21.854254
Cala Vedella (port),2025-06-11 19:00:00,18.0,28.937923
Cala Vedella (port),2025-06-11 20:00:00,32.0,27.629892
Cala Vedella (port),2025-06-12 08:00:00,32.0,28.241364
Cala Vedella (port),2025-06-12 09:00:00,46.0,25.939049
Cala Vedella (port),2025-06-12 10:00:00,49.0,24.06346
Cala Vedella (port),2025-06-12 11:00:00,53.0,23.129288
Cala Vedella (port),2025-06-12 12:00:00,45.0,21.082188
Cala Vedella (port),2025-06-12 13:00:00,47.0,22.198292
Cala Vedella (port),2025-06-12 14:00:00,29.0,19.7769
Cala Vedella (port),2025-06-12 15:00:00,15.0,18.370966
Cala Vedella (port),2025-06-12 16:00:00,13.0,18.488375
Cala Vedella (port),2025-06-12 17:00:00,3.0,15.285574
Cala Vedella (port),2025-06-12 18:00:00,9.0,17.827448
Cala Vedella (port),2025-06-12 19:00:00,28.0,21.215847
Cala Vedella (port),2025-06-12 20:00:00,33.0,23.378351
Cala Vedella (port),2025-06-13 08:00:00,45.0,26.090822
Cala Vedella (port),2025-06-13 09:00:00,34.0,23.908121
Cala Vedella (port),2025-06-13 10:00:00,64.0,23.337246
Cala Vedella (port),2025-06-13 11:00:00,73.0,22.23864
Cala Vedella (port),2025-06-13 12:00:00,66.0,21.85501
Cala Vedella (port),2025-06-13 13:00:00,48.0,19.610466
Cala Vedella (port),2025-06-13 14:00:00,28.0,18.36129
Cala Vedella (port),2025-06-13 15:00:00,17.0,18.087847
Cala Vedella (port),2025-06-13 16:00:00,9.0,17.459356
Cala Vedella (port),2025-06-13 17:00:00,4.0,15.280203
Cala Vedella (port),2025-06-13 18:00:00,10.0,16.73162
Cala Vedella (port),2025-06-13 19:00:00,13.0,20.30324
Cala Vedella (port),2025-06-13 20:00:00,31.0,26.168621
Cala Vedella (port),2025-06-14 08:00:00,51.0,29.174686
Cala Vedella (port),2025-06-14 09:00:00,53.0,27.94714
Cala Vedella (port),2025-06-14 10:00:00,41.0,24.821228
Cala Vedella (port),2025-06-14 11:00:00,42.0,22.697886
Cala Vedella (port),2025-06-14 12:00:00,37.0,18.939474
Cala Vedella (port),2025-06-14 13:00:00,34.0,20.949646
Cala Vedella (port),2025-06-14 14:00:00,23.0,17.986908
Cala Vedella (port),2025-06-14 15:00:00,15.0,17.960276
Cala Vedella (port),2025-06-14 16:00:00,9.0,17.384584
Cala Vedella (port),2025-06-14 17:00:00,4.0,22.26568
Cala Vedella (port),2025-06-14 18:00:00,8.0,20.716314
Cala Vedella (port),2025-06-14 19:00:00,14.0,28.595469
Cala Vedella (port),2025-06-14 20:00:00,20.0,28.375505
Cala Vedella (port),2025-06-15 08:00:00,37.0,31.988047
Cala Vedella (port),2025-06-15 09:00:00,28.0,27.899162
Cala Vedella (port),2025-06-15 10:00:00,35.0,27.118763
Cala Vedella (port),2025-06-15 11:00:00,43.0,26.630278
Cala Vedella (port),2025-06-15 12:00:00,32.0,26.841938
Cala Vedella (port),2025-06-15 13:00:00,22.0,23.508549
Cala Vedella (port),2025-06-15 14:00:00,17.0,25.70631
Cala Vedella (port),2025-06-15 15:00:00,15.0,23.180878
Cala Vedella (port),2025-06-15 16:00:00,15.0,20.206875
Cala Vedella (port),2025-06-15 17:00:00,3.0,19.778666
Cala Vedella (port),2025-06-15 18:00:00,9.0,18.83037
Cala Vedella (port),2025-06-15 19:00:00,6.0,39.775806
Cala Vedella (port),2025-06-15 20:00:00,16.0,51.75463
Cala Vedella (port),2025-06-16 08:00:00,25.0,56.391968
Cala Vedella (port),2025-06-16 09:00:00,27.0,54.97573
Cala Vedella (port),2025-06-16 10:00:00,24.0,55.61228
Cala Vedella (port),2025-06-16 11:00:00,29.0,37.64981
Cala Vedella (port),2025-06-16 12:00:00,23.0,28.922039
Cala Vedella (port),2025-06-16 13:00:00,20.0,26.22861
Cala Vedella (port),2025-06-16 14:00:00,16.0,26.629797
Cala Vedella (port),2025-06-16 15:00:00,12.0,24.655918
Cala Vedella (port),2025-06-16 16:00:00,4.0,26.266008
Cala Vedella (port),2025-06-16 17:00:00,7.0,21.249126
Cala Vedella (port),2025-06-16 18:00:00,16.0,34.115345
Cala Vedella (port),2025-06-16 19:00:00,23.0,48.142517
Cala Vedella (port),2025-06-16 20:00:00,36.0,54.530952
Cala Vedella (port),2025-06-17 08:00:00,36.0,56.99436
Cala Vedella (port),2025-06-17 09:00:00,26.0,55.697376
Cala Vedella (port),2025-06-17 10:00:00,50.0,40.384575
Cala Vedella (port),2025-06-17 11:00:00,42.0,35.594055
Cala Vedella (port),2025-06-17 12:00:00,21.0,29.898243
Cala Vedella (port),2025-06-17 13:00:00,18.0,28.849697
Cala Vedella (port),2025-06-17 14:00:00,17.0,26.442467
Cala Vedella (port),2025-06-17 15:00:00,14.0,22.973347
Cala Vedella (port),2025-06-17 16:00:00,7.0,19.375612
Cala Vedella (port),2025-06-17 17:00:00,9.0,22.102537
Cala Vedella (port),2025-06-17 18:00:00,14.0,35.650063
Cala Vedella (port),2025-06-17 19:00:00,33.0,48.14626
Cala Vedella (port),2025-06-17 20:00:00,36.0,58.080017
Cala Vedella (port),2025-06-18 08:00:00,40.0,57.420567
Cala Vedella (port),2025-06-18 09:00:00,35.0,58.209057
Cala Vedella (port),2025-06-18 10:00:00,42.0,48.53556
Cala Vedella (port),2025-06-18 11:00:00,41.0,36.654644
Cala Vedella (port),2025-06-18 12:00:00,38.0,30.935411
Cala Vedella (port),2025-06-18 13:00:00,29.0,28.575068
Cala Vedella (port),2025-06-18 14:00:00,17.0,27.68447
Cala Vedella (port),2025-06-18 15:00:00,14.0,25.440264
Cala Vedella (port),2025-06-18 16:00:00,8.0,21.009418
Cala Vedella (port),2025-06-18 17:00:00,9.0,20.684233
Cala Vedella (port),2025-06-18 18:00:00,26.0,33.567795
Cala Vedella (port),2025-06-18 19:00:00,25.0,57.695713
Cala Vedella (port),2025-06-18 20:00:00,39.0,63.30912
Cala Vedella (port),2025-06-19 08:00:00,38.0,65.26358
Cala Vedella (port),2025-06-19 09:00:00,37.0,58.412136
Cala Vedella (port),2025-06-19 10:00:00,39.0,55.185326
Cala Vedella (port),2025-06-19 11:00:00,39.0,41.04115
Cala Vedella (port),2025-06-19 12:00:00,46.0,34.560432
Cala Vedella (port),2025-06-19 13:00:00,23.0,31.107578
Cala Vedella (port),2025-06-19 14:00:00,16.0,30.312675
Cala Vedella (port),2025-06-19 15:00:00,10.0,26.031155
Cala Vedella (port),2025-06-19 16:00:00,5.0,24.253765
Cala Vedella (port),2025-06-19 17:00:00,9.0,21.00112
Cala Vedella (port),2025-06-19 18:00:00,22.0,34.894836
Cala Vedella (port),2025-06-19 19:00:00,31.0,55.14477
Cala Vedella (port),2025-06-19 20:00:00,45.0,56.98426
Cala Vedella (port),2025-06-20 08:00:00,49.0,57.43099
Cala Vedella (port),2025-06-20 09:00:00,48.0,56.442947
Cala Vedella (port),2025-06-20 10:00:00,59.0,45.88625
Cala Vedella (port),2025-06-20 11:00:00,52.0,36.6578
Cala Vedella (port),2025-06-20 12:00:00,39.0,29.906193
Cala Vedella (port),2025-06-20 13:00:00,36.0,28.455273
Cala Vedella (port),2025-06-20 14:00:00,14.0,27.349426
Cala Vedella (port),2025-06-20 15:00:00,15.0,24.113659
Cala Vedella (port),2025-06-20 16:00:00,5.0,21.583881
Cala Vedella (port),2025-06-20 17:00:00,12.0,21.416582
Cala Vedella (port),2025-06-20 18:00:00,15.0,28.923817
Cala Vedella (port),2025-06-20 19:00:00,22.0,44.307858
Cala Vedella (port),2025-06-20 20:00:00,41.0,58.48588
Cala Vedella (port),2025-06-21 08:00:00,22.0,59.3625
Cala Vedella (port),2025-06-21 09:00:00,32.0,56.74425
Cala Vedella (port),2025-06-21 10:00:00,43.0,44.817204
Cala Vedella (port),2025-06-21 11:00:00,30.0,37.32154
Cala Vedella (port),2025-06-21 12:00:00,32.0,33.95688
Cala Vedella (port),2025-06-21 13:00:00,29.0,27.102425
Cala Vedella (port),2025-06-21 14:00:00,16.0,25.483477
Cala Vedella (port),2025-06-21 15:00:00,12.0,21.721598
Cala Vedella (port),2025-06-21 16:00:00,6.0,18.305153
Cala Vedella (port),2025-06-21 17:00:00,10.0,20.630318
Cala Vedella (port),2025-06-21 18:00:00,23.0,25.516178
Cala Vedella (port),2025-06-21 19:00:00,26.0,50.506386
Cala Vedella (port),2025-06-21 20:00:00,47.0,59.608864
Cala Vedella (port),2025-06-22 08:00:00,16.0,56.37461
Cala Vedella (port),2025-06-22 09:00:00,37.0,55.119137
Cala Vedella (port),2025-06-22 10:00:00,33.0,35.152847
Cala Vedella (port),2025-06-22 11:00:00,43.0,33.436073
Cala Vedella (port),2025-06-22 12:00:00,31.0,26.22052
Cala Vedella (port),2025-06-22 13:00:00,21.0,27.815592
Cala Vedella (port),2025-06-22 14:00:00,22.0,25.436413
Cala Vedella (port),2025-06-22 15:00:00,13.0,22.499302
Cala Vedella (port),2025-06-22 16:00:00,6.0,15.712564
Cala Vedella (port),2025-06-22 17:00:00,7.0,21.984869
Cala Vedella (port),2025-06-22 18:00:00,14.0,25.657642
Cala Vedella (port),2025-06-22 19:00:00,21.0,47.889988
Cala Vedella (port),2025-06-22 20:00:00,16.0,60.49618
Cala Vedella (port),2025-06-23 08:00:00,23.0,58.693554
Cala Vedella (port),2025-06-23 09:00:00,15.0,51.046604
Cala Vedella (port),2025-06-23 10:00:00,26.0,49.87201
Cala Vedella (port),2025-06-23 11:00:00,36.0,35.1865
Cala Vedella (port),2025-06-23 12:00:00,37.0,28.223194
Cala Vedella (port),2025-06-23 13:00:00,16.0,26.715425
Cala Vedella (port),2025-06-23 14:00:00,20.0,25.430704
Cala Vedella (port),2025-06-23 15:00:00,13.0,24.59604
Cala Vedella (port),2025-06-23 16:00:00,5.0,21.315098
Cala Vedella (port),2025-06-23 17:00:00,10.0,21.197699
Cala Vedella (port),2025-06-23 18:00:00,22.0,26.082626
Cala Vedella (port),2025-06-23 19:00:00,31.0,41.97756
Cala Vedella (port),2025-06-23 20:00:00,41.0,48.97625
Cala Vedella (port),2025-06-24 08:00:00,35.0,48.26563
Cala Vedella (port),2025-06-24 09:00:00,40.0,49.79796
Cala Vedella (port),2025-06-24 10:00:00,23.0,46.356644
Cala Vedella (port),2025-06-24 11:00:00,30.0,38.68988
Cala Vedella (port),2025-06-24 12:00:00,38.0,30.60437
Cala Vedella (port),2025-06-24 13:00:00,29.0,26.722723
Cala Vedella (port),2025-06-24 14:00:00,18.0,24.468782
Cala Vedella (port),2025-06-24 15:00:00,15.0,20.83572
Cala Vedella (port),2025-06-24 16:00:00,5.0,19.164
Cala Vedella (port),2025-06-24 17:00:00,11.0,18.335876
Cala Vedella (port),2025-06-24 18:00:00,16.0,36.1745
Cala Vedella (port),2025-06-24 19:00:00,17.0,46.747986
Cala Vedella (port),2025-06-24 20:00:00,23.0,48.429333
Cala Vedella (port),2025-06-25 08:00:00,16.0,52.484486
Cala Vedella (port),2025-06-25 09:00:00,31.0,55.90268
Cala Vedella (port),2025-06-25 10:00:00,43.0,55.82623
Cala Vedella (port),2025-06-25 11:00:00,45.0,51.4871
Cala Vedella (port),2025-06-25 12:00:00,37.0,33.913635
Cala Vedella (port),2025-06-25 13:00:00,39.0,27.987072
Cala Vedella (port),2025-06-25 15:00:00,17.0,26.057903
Cala Vedella (port),2025-06-25 16:00:00,14.0,24.16305
Cala Vedella (port),2025-06-25 17:00:00,5.0,20.615768
Cala Vedella (port),2025-06-25 18:00:00,7.0,19.10734
Cala Vedella (port),2025-06-25 19:00:00,10.0,32.100998
Cala Vedella (port),2025-06-25 20:00:00,29.0,49.12879
Cala Vedella (port),2025-06-26 08:00:00,39.0,57.143112
Cala Vedella (port),2025-06-26 09:00:00,63.0,51.559227
Cala Vedella (port),2025-06-26 10:00:00,50.0,36.72165
Cala Vedella (port),2025-06-26 11:00:00,40.0,32.083195
Cala Vedella (port),2025-06-26 12:00:00,45.0,29.446564
Cala Vedella (port),2025-06-26 13:00:00,40.0,30.858189
Cala Vedella (port),2025-06-26 14:00:00,36.0,24.163008
Cala Vedella (port),2025-06-26 15:00:00,32.0,26.69356
Cala Vedella (port),2025-06-26 16:00:00,21.0,24.293112
Cala Vedella (port),2025-06-26 17:00:00,4.0,22.437126
Cala Vedella (port),2025-06-26 18:00:00,12.0,22.503008
Cala Vedella (port),2025-06-26 19:00:00,15.0,29.585
Cala Vedella (port),2025-06-26 20:00:00,35.0,35.056553
Cala Vedella (port),2025-06-27 08:00:00,38.0,45.880585
Cala Vedella (port),2025-06-27 09:00:00,42.0,45.130276
Cala Vedella (port),2025-06-27 10:00:00,60.0,34.659683
Cala Vedella (port),2025-06-27 11:00:00,61.0,35.623116
Cala Vedella (port),2025-06-27 12:00:00,61.0,31.827871
Cala Vedella (port),2025-06-27 13:00:00,56.0,33.73436
Cala Vedella (port),2025-06-27 14:00:00,31.0,29.701881
Cala Vedella (port),2025-06-27 15:00:00,31.0,28.407394
Cala Vedella (port),2025-06-27 16:00:00,31.0,26.16356
Cala Vedella (port),2025-06-27 17:00:00,6.0,21.28695
Cala Vedella (port),2025-06-27 18:00:00,16.0,21.17121
Cala Vedella (port),2025-06-27 19:00:00,23.0,34.313183
Cala Vedella (port),2025-06-27 20:00:00,33.0,50.6814
Cala Vedella (port),2025-06-28 08:00:00,25.0,60.866238
Cala Vedella (port),2025-06-28 09:00:00,47.0,63.69263
Cala Vedella (port),2025-06-28 10:00:00,46.0,50.232914
Cala Vedella (port),2025-06-28 11:00:00,48.0,38.524113
Cala Vedella (port),2025-06-28 12:00:00,60.0,32.97818
Cala Vedella (port),2025-06-28 13:00:00,42.0,30.109987
Cala Vedella (port),2025-06-28 14:00:00,19.0,27.897308
Cala Vedella (port),2025-06-28 15:00:00,25.0,26.439743
Cala Vedella (port),2025-06-28 16:00:00,10.0,24.062645
Cala Vedella (port),2025-06-28 17:00:00,5.0,17.174372
Cala Vedella (port),2025-06-28 18:00:00,5.0,19.543028
Cala Vedella (port),2025-06-28 19:00:00,18.0,21.95204
Cala Vedella (port),2025-06-28 20:00:00,16.0,33.720623
Cala Vedella (port),2025-06-29 08:00:00,19.0,32.14932
Cala Vedella (port),2025-06-29 09:00:00,18.0,30.509909
Cala Vedella (port),2025-06-29 10:00:00,20.0,26.277235
Cala Vedella (port),2025-06-29 11:00:00,23.0,26.66426
Cala Vedella (port),2025-06-29 12:00:00,24.0,27.497171
Cala Vedella (port),2025-06-29 13:00:00,20.0,25.775677
Cala Vedella (port),2025-06-29 14:00:00,20.0,26.745094
Cala Vedella (port),2025-06-29 15:00:00,13.0,21.692257
Cala Vedella (port),2025-06-29 16:00:00,8.0,19.612066
Cala Vedella (port),2025-06-29 17:00:00,4.0,19.724335
Cala Vedella (port),2025-06-29 18:00:00,10.0,19.333933
Cala Vedella (port),2025-06-29 19:00:00,32.0,32.437984
Cala Vedella (port),2025-06-29 20:00:00,59.0,42.120937
Cala Vedella (port),2025-06-30 08:00:00,38.0,53.58564
Cala Vedella (port),2025-06-30 09:00:00,44.0,52.58421
Cala Vedella (port),2025-06-30 10:00:00,62.0,50.13449
Cala Vedella (port),2025-06-30 11:00:00,65.0,40.9428
Cala Vedella (port),2025-06-30 12:00:00,40.0,34.19968
Cala Vedella (port),2025-06-30 13:00:00,42.0,33.08439
Cala Vedella (port),2025-06-30 14:00:00,32.0,28.215794
Cala Vedella (port),2025-06-30 15:00:00,22.0,25.81336
Cala Vedella (port),2025-06-30 16:00:00,13.0,26.61327
Cala Vedella (port),2025-06-30 17:00:00,4.0,19.281908
Cala Vedella (port),2025-06-30 18:00:00,11.0,19.251389
Cala Vedella (port),2025-06-30 19:00:00,27.0,33.012306
Cala Vedella (port),2025-06-30 20:00:00,45.0,52.37472
Cala Vedella (port),2025-07-01 08:00:00,51.0,57.536865
Cala Vedella (port),2025-07-01 09:00:00,62.0,58.768707
Cala Vedella (port),2025-07-01 10:00:00,55.0,48.185333
Cala Vedella (port),2025-07-01 11:00:00,61.0,45.3119
Cala Vedella (port),2025-07-01 12:00:00,64.0,38.653152
Cala Vedella (port),2025-07-01 13:00:00,50.0,38.618603
Cala Vedella (port),2025-07-01 14:00:00,32.0,27.389427
Cala Vedella (port),2025-07-01 15:00:00,23.0,26.141466
Cala Vedella (port),2025-07-01 16:00:00,19.0,24.33588
Cala Vedella (port),2025-07-01 17:00:00,4.0,19.721336
Cala Vedella (port),2025-07-01 18:00:00,17.0,19.25233
Cala Vedella (port),2025-07-01 19:00:00,34.0,31.195223
Cala Vedella (port),2025-07-01 20:00:00,40.0,51.7584
Cala Vedella (port),2025-07-02 08:00:00,53.0,55.736294
Cala Vedella (port),2025-07-02 09:00:00,33.0,58.144135
Cala Vedella (port),2025-07-02 10:00:00,41.0,53.08485
Cala Vedella (port),2025-07-02 11:00:00,29.0,42.070583
Cala Vedella (port),2025-07-02 12:00:00,48.0,41.904755
Cala Vedella (port),2025-07-02 13:00:00,28.0,30.011065
Cala Vedella (port),2025-07-02 14:00:00,26.0,22.715908
Cala Vedella (port),2025-07-02 15:00:00,9.0,21.133045
Cala Vedella (port),2025-07-02 16:00:00,5.0,20.248014
Cala Vedella (port),2025-07-02 17:00:00,10.0,17.468697
Cala Vedella (port),2025-07-02 18:00:00,25.0,21.131804
Cala Vedella (port),2025-07-02 19:00:00,46.0,25.275953
Cala Vedella (port),2025-07-02 20:00:00,28.0,44.339527
Cala Vedella (port),2025-07-03 08:00:00,21.0,57.056606
Cala Vedella (port),2025-07-03 09:00:00,35.0,47.141827
Cala Vedella (port),2025-07-03 10:00:00,61.0,37.61991
Cala Vedella (port),2025-07-03 11:00:00,43.0,31.206364
Cala Vedella (port),2025-07-03 12:00:00,49.0,29.171
Cala Vedella (port),2025-07-03 13:00:00,21.0,27.517046
Cala Vedella (port),2025-07-03 14:00:00,4.0,28.414062
Cala Vedella (port),2025-07-03 15:00:00,7.0,25.877583
Cala Vedella (port),2025-07-03 16:00:00,4.0,24.362577
Cala Vedella (port),2025-07-03 17:00:00,16.0,19.06396
Cala Vedella (port),2025-07-03 18:00:00,27.0,26.341154
Cala Vedella (port),2025-07-03 19:00:00,27.0,39.10553
Cala Vedella (port),2025-07-03 20:00:00,37.0,58.41756
Cala Vedella (port),2025-07-04 08:00:00,47.0,68.94583
Cala Vedella (port),2025-07-04 09:00:00,48.0,62.708813
Cala Vedella (port),2025-07-04 10:00:00,66.0,52.685165
Cala Vedella (port),2025-07-04 11:00:00,53.0,36.238255
Cala Vedella (port),2025-07-04 12:00:00,46.0,32.683945
Cala Vedella (port),2025-07-04 13:00:00,23.0,23.265423
Cala Vedella (port),2025-07-04 14:00:00,27.0,24.263237
Cala Vedella (port),2025-07-04 15:00:00,17.0,23.697145
Cala Vedella (port),2025-07-04 16:00:00,4.0,21.844004
Cala Vedella (port),2025-07-04 17:00:00,8.0,18.806828
Cala Vedella (port),2025-07-04 18:00:00,20.0,21.18133
Cala Vedella (port),2025-07-04 19:00:00,38.0,24.806395
Cala Vedella (port),2025-07-04 20:00:00,31.0,38.633274
Cala Vedella (port),2025-07-05 08:00:00,55.0,56.48316
Cala Vedella (port),2025-07-05 09:00:00,74.0,50.418823
Cala Vedella (port),2025-07-05 10:00:00,78.0,26.898443
Cala Vedella (port),2025-07-05 11:00:00,46.0,31.524094
Cala Vedella (port),2025-07-05 12:00:00,38.0,27.70674
Cala Vedella (port),2025-07-05 13:00:00,39.0,25.105354
Cala Vedella (port),2025-07-05 14:00:00,29.0,21.284496
Cala Vedella (port),2025-07-05 15:00:00,20.0,22.63
Cala Vedella (port),2025-07-05 16:00:00,4.0,16.23191
Cala Vedella (port),2025-07-05 17:00:00,10.0,21.523438
Cala Vedella (port),2025-07-05 18:00:00,36.0,25.271326
Cala Vedella (port),2025-07-05 19:00:00,54.0,32.12141
Cala Vedella (port),2025-07-05 20:00:00,55.0,41.47424
Cala Vedella (port),2025-07-06 08:00:00,49.0,55.340855
Cala Vedella (port),2025-07-06 09:00:00,52.0,54.5888
Cala Vedella (port),2025-07-06 10:00:00,60.0,54.505116
Cala Vedella (port),2025-07-06 11:00:00,44.0,39.938194
Cala Vedella (port),2025-07-06 12:00:00,49.0,29.97517
Cala Vedella (port),2025-07-06 13:00:00,40.0,27.867844
Cala Vedella (port),2025-07-06 14:00:00,19.0,25.410757
Cala Vedella (port),2025-07-06 15:00:00,21.0,21.500694
Cala Vedella (port),2025-07-06 16:00:00,5.0,21.37477
Cala Vedella (port),2025-07-06 17:00:00,17.0,19.676237
Cala Vedella (port),2025-07-06 18:00:00,28.0,26.12951
Cala Vedella (port),2025-07-06 19:00:00,47.0,34.47882
Cala Vedella (port),2025-07-06 20:00:00,73.0,46.40951
Cala Vedella (port),2025-07-07 08:00:00,65.0,58.335014
Cala Vedella (port),2025-07-07 09:00:00,47.0,48.8989
Cala Vedella (port),2025-07-07 10:00:00,99.0,38.78145
Cala Vedella (port),2025-07-07 11:00:00,94.0,34.531773
Cala Vedella (port),2025-07-07 12:00:00,60.0,35.01663
Cala Vedella (port),2025-07-07 13:00:00,38.0,30.701784
Cala Vedella (port),2025-07-07 14:00:00,23.0,28.383453
Cala Vedella (port),2025-07-07 15:00:00,20.0,29.258026
Cala Vedella (port),2025-07-07 16:00:00,4.0,23.626518
Cala Vedella (port),2025-07-07 17:00:00,14.0,21.652927
Cala Vedella (port),2025-07-07 18:00:00,36.0,33.53698
Cala Vedella (port),2025-07-07 19:00:00,46.0,42.220963
Cala Vedella (port),2025-07-07 20:00:00,48.0,59.102905
Cala Vedella (port),2025-07-08 08:00:00,43.0,59.271206
Cala Vedella (port),2025-07-08 09:00:00,49.0,50.993088
Cala Vedella (port),2025-07-08 10:00:00,82.0,41.34575
Cala Vedella (port),2025-07-08 11:00:00,66.0,44.706474
Cala Vedella (port),2025-07-08 12:00:00,49.0,38.892746
Cala Vedella (port),2025-07-08 13:00:00,40.0,26.69603
Cala Vedella (port),2025-07-08 14:00:00,29.0,24.6364
Cala Vedella (port),2025-07-08 15:00:00,14.0,23.867285
Cala Vedella (port),2025-07-08 16:00:00,4.0,18.661024
Cala Vedella (port),2025-07-08 17:00:00,12.0,20.176737
Cala Vedella (port),2025-07-08 18:00:00,43.0,31.165707
Cala Vedella (port),2025-07-08 19:00:00,42.0,48.161903
Cala Vedella (port),2025-07-08 20:00:00,49.0,55.13503
Cala Vedella (port),2025-07-09 08:00:00,37.0,55.934456
Cala Vedella (port),2025-07-09 09:00:00,55.0,56.01932
Cala Vedella (port),2025-07-09 10:00:00,71.0,43.906937
Cala Vedella (port),2025-07-09 11:00:00,56.0,44.22586
Cala Vedella (port),2025-07-09 12:00:00,47.0,33.493378
Cala Vedella (port),2025-07-09 13:00:00,30.0,28.498587
Cala Vedella (port),2025-07-09 14:00:00,29.0,26.648842
Cala Vedella (port),2025-07-09 15:00:00,19.0,24.13847
Cala Vedella (port),2025-07-09 16:00:00,4.0,20.465399
Cala Vedella (port),2025-07-09 17:00:00,20.0,20.390692
Cala Vedella (port),2025-07-09 18:00:00,22.0,29.48868
Cala Vedella (port),2025-07-09 19:00:00,34.0,37.50012
Cala Vedella (port),2025-07-09 20:00:00,42.0,54.12079
Cala Vedella (port),2025-07-10 08:00:00,50.0,56.814518
Cala Vedella (port),2025-07-10 09:00:00,47.0,52.928154
Cala Vedella (port),2025-07-10 10:00:00,63.0,39.657608
Cala Vedella (port),2025-07-10 11:00:00,62.0,36.438004
Cala Vedella (port),2025-07-10 12:00:00,55.0,32.714176
Cala Vedella (port),2025-07-10 13:00:00,47.0,32.07184
Cala Vedella (port),2025-07-10 14:00:00,28.0,28.2683
Cala Vedella (port),2025-07-10 15:00:00,15.0,21.511337
Cala Vedella (port),2025-07-10 16:00:00,4.0,15.809326
Cala Vedella (port),2025-07-10 17:00:00,12.0,20.342407
Cala Vedella (port),2025-07-10 18:00:00,23.0,31.677364
Cala Vedella (port),2025-07-10 19:00:00,48.0,48.898975
Cala Vedella (port),2025-07-10 20:00:00,41.0,57.93117
Cala Vedella (port),2025-07-11 08:00:00,52.0,67.08046
Cala Vedella (port),2025-07-11 09:00:00,59.0,61.03992
Cala Vedella (port),2025-07-11 10:00:00,66.0,46.989765
Cala Vedella (port),2025-07-11 11:00:00,56.0,45.18702
Cala Vedella (port),2025-07-11 12:00:00,51.0,40.72026
Cala Vedella (port),2025-07-11 13:00:00,34.0,41.143627
Cala Vedella (port),2025-07-11 14:00:00,27.0,37.513416
Cala Vedella (port),2025-07-11 15:00:00,22.0,36.546356
Cala Vedella (port),2025-07-11 16:00:00,4.0,28.21037
Cala Vedella (port),2025-07-11 17:00:00,14.0,23.098598
Cala Vedella (port),2025-07-11 19:00:00,25.0,27.730246
Cala Vedella (port),2025-07-11 20:00:00,42.0,52.86872
Cala Vedella (port),2025-07-12 08:00:00,47.0,60.95447
Cala Vedella (port),2025-07-12 09:00:00,48.0,60.118492
Cala Vedella (port),2025-07-12 10:00:00,48.0,54.10401
Cala Vedella (port),2025-07-12 11:00:00,66.0,37.844837
Cala Vedella (port),2025-07-12 12:00:00,40.0,33.86896
Cala Vedella (port),2025-07-12 13:00:00,70.0,30.294065
Cala Vedella (port),2025-07-12 14:00:00,49.0,32.135544
Cala Vedella (port),2025-07-12 15:00:00,34.0,29.44385
Cala Vedella (port),2025-07-12 16:00:00,15.0,27.193233
Cala Vedella (port),2025-07-12 17:00:00,4.0,19.370625
Cala Vedella (port),2025-07-12 18:00:00,20.0,16.547709
Cala Vedella (port),2025-07-12 19:00:00,41.0,29.178692
Cala Vedella (port),2025-07-12 20:00:00,58.0,41.60361
Cala Vedella (port),2025-07-13 08:00:00,54.0,50.691113
Cala Vedella (port),2025-07-13 09:00:00,46.0,47.93285
Cala Vedella (port),2025-07-13 10:00:00,67.0,42.53372
Cala Vedella (port),2025-07-13 11:00:00,69.0,38.182503
Cala Vedella (port),2025-07-13 12:00:00,59.0,34.04608
Cala Vedella (port),2025-07-13 13:00:00,75.0,31.208113
Cala Vedella (port),2025-07-13 14:00:00,43.0,28.3569
Cala Vedella (port),2025-07-13 15:00:00,26.0,25.06439
Cala Vedella (port),2025-07-13 16:00:00,17.0,23.046494
Cala Vedella (port),2025-07-13 17:00:00,4.0,20.1215
Cala Vedella (port),2025-07-13 18:00:00,13.0,17.01432
Cala Vedella (port),2025-07-13 19:00:00,34.0,22.528032
Cala Vedella (port),2025-07-13 20:00:00,31.0,36.86688
Cala Vedella (port),2025-07-14 08:00:00,35.0,56.217915
Cala Vedella (port),2025-07-14 09:00:00,29.0,54.451073
Cala Vedella (port),2025-07-14 10:00:00,41.0,48.52192
Cala Vedella (port),2025-07-14 11:00:00,29.0,40.367348
Cala Vedella (port),2025-07-14 12:00:00,48.0,31.75717
Cala Vedella (port),2025-07-14 13:00:00,60.0,28.746126
Cala Vedella (port),2025-07-14 14:00:00,37.0,30.706844
Cala Vedella (port),2025-07-14 15:00:00,23.0,27.382622
Cala Vedella (port),2025-07-14 16:00:00,17.0,29.811447
Cala Vedella (port),2025-07-14 17:00:00,4.0,29.489868
Cala Vedella (port),2025-07-14 18:00:00,12.0,16.549387
Cala Vedella (port),2025-07-14 19:00:00,30.0,18.039059
Cala Vedella (port),2025-07-14 20:00:00,44.0,23.74147
Cala Vedella (port),2025-07-15 08:00:00,22.0,47.47681
Cala Vedella (port),2025-07-15 09:00:00,41.0,34.704235
Cala Vedella (port),2025-07-15 10:00:00,27.0,32.7388
Cala Vedella (port),2025-07-15 11:00:00,38.0,34.97453
Cala Vedella (port),2025-07-15 12:00:00,27.0,39.65415
Cala Vedella (port),2025-07-15 13:00:00,14.0,38.872223
Cala Vedella (port),2025-07-15 14:00:00,14.0,37.731316
Cala Vedella (port),2025-07-15 15:00:00,8.0,32.61416
Cala Vedella (port),2025-07-15 16:00:00,4.0,29.875713
Cala Vedella (port),2025-07-15 17:00:00,5.0,24.811182
Cala Vedella (port),2025-07-15 18:00:00,10.0,20.408136
Cala Vedella (port),2025-07-15 19:00:00,12.0,21.872522
Cala Vedella (port),2025-07-15 20:00:00,30.0,30.227715
Cala Vedella (port),2025-07-16 08:00:00,45.0,43.3892
Cala Vedella (port),2025-07-16 09:00:00,38.0,36.80272
Cala Vedella (port),2025-07-16 10:00:00,59.0,44.12523
Cala Vedella (port),2025-07-16 11:00:00,27.0,41.938126
Cala Vedella (port),2025-07-16 12:00:00,20.0,37.124405
Cala Vedella (port),2025-07-16 13:00:00,29.0,35.754894
Cala Vedella (port),2025-07-16 14:00:00,31.0,38.196873
Cala Vedella (port),2025-07-16 15:00:00,16.0,38.162956
Cala Vedella (port),2025-07-16 16:00:00,13.0,31.539515
Cala Vedella (port),2025-07-16 17:00:00,5.0,28.072483
Cala Vedella (port),2025-07-16 18:00:00,13.0,34.42532
Cala Vedella (port),2025-07-16 19:00:00,27.0,34.248585
Cala Vedella (port),2025-07-16 20:00:00,64.0,42.478252
Cala Vedella (port),2025-07-17 08:00:00,68.0,57.327713
Cala Vedella (port),2025-07-17 09:00:00,61.0,56.43894
Cala Vedella (port),2025-07-17 10:00:00,69.0,53.595036
Cala Vedella (port),2025-07-17 11:00:00,67.0,50.973988
Cala Vedella (port),2025-07-17 12:00:00,61.0,48.81934
Cala Vedella (port),2025-07-17 13:00:00,45.0,45.41016
Cala Vedella (port),2025-07-17 14:00:00,34.0,42.59558
Cala Vedella (port),2025-07-17 15:00:00,30.0,40.708717
Cala Vedella (port),2025-07-17 16:00:00,19.0,35.70744
Cala Vedella (port),2025-07-17 17:00:00,4.0,32.37066
Cala Vedella (port),2025-07-17 18:00:00,13.0,38.36356
Cala Vedella (port),2025-07-17 19:00:00,37.0,34.405743
Cala Vedella (port),2025-07-17 20:00:00,53.0,45.631626
Cala Vedella (port),2025-07-18 08:00:00,57.0,59.62824
Cala Vedella (port),2025-07-18 09:00:00,57.0,59.67029
Cala Vedella (port),2025-07-18 10:00:00,68.0,55.54102
Cala Vedella (port),2025-07-18 11:00:00,48.0,52.515614
Cala Vedella (port),2025-07-18 12:00:00,64.0,50.842613
Cala Vedella (port),2025-07-18 13:00:00,43.0,48.164463
Cala Vedella (port),2025-07-18 14:00:00,42.0,44.573227
Cala Vedella (port),2025-07-18 15:00:00,29.0,42.457108
Cala Vedella (port),2025-07-18 16:00:00,13.0,35.940464
Cala Vedella (port),2025-07-18 17:00:00,4.0,33.186447
Cala Vedella (port),2025-07-18 18:00:00,12.0,34.45744
Cala Vedella (port),2025-07-18 19:00:00,29.0,33.462723
Cala Vedella (port),2025-07-18 20:00:00,33.0,33.03001
Cala Vedella (port),2025-07-19 08:00:00,48.0,48.103054
Cala Vedella (port),2025-07-19 09:00:00,47.0,45.099655
Cala Vedella (port),2025-07-19 10:00:00,55.0,44.83781
Cala Vedella (port),2025-07-19 11:00:00,46.0,44.25386
Cala Vedella (port),2025-07-19 12:00:00,55.0,35.416473
Cala Vedella (port),2025-07-19 13:00:00,29.0,34.581963
Cala Vedella (port),2025-07-19 14:00:00,30.0,33.727066
Cala Vedella (port),2025-07-19 15:00:00,22.0,31.969744
Cala Vedella (port),2025-07-19 16:00:00,11.0,28.776268
Cala Vedella (port),2025-07-19 17:00:00,4.0,26.69546
Cala Vedella (port),2025-07-19 18:00:00,10.0,25.689016
Cala Vedella (port),2025-07-19 19:00:00,11.0,23.237658
Cala Vedella (port),2025-07-19 20:00:00,33.0,21.147907
Cala Vedella (port),2025-07-20 08:00:00,33.0,30.31564
Cala Vedella (port),2025-07-20 09:00:00,24.0,36.664898
Cala Vedella (port),2025-07-20 10:00:00,34.0,42.49897
Cala Vedella (port),2025-07-20 11:00:00,33.0,40.190742
Cala Vedella (port),2025-07-20 12:00:00,27.0,37.480305
Cala Vedella (port),2025-07-20 13:00:00,19.0,37.406986
Cala Vedella (port),2025-07-20 14:00:00,26.0,38.552155
Cala Vedella (port),2025-07-20 15:00:00,17.0,33.939674
Cala Vedella (port),2025-07-20 16:00:00,14.0,31.434824
Cala Vedella (port),2025-07-20 17:00:00,5.0,26.438864
Cala Vedella (port),2025-07-20 18:00:00,21.0,24.13111
Cala Vedella (port),2025-07-20 19:00:00,27.0,27.954239
Cala Vedella (port),2025-07-20 20:00:00,34.0,38.45249
Cala Vedella (port),2025-07-21 08:00:00,61.0,56.007343
Cala Vedella (port),2025-07-21 09:00:00,57.0,55.19304
Cala Vedella (port),2025-07-21 10:00:00,63.0,50.42858
Cala Vedella (port),2025-07-21 11:00:00,65.0,39.14133
Cala Vedella (port),2025-07-21 12:00:00,37.0,35.64029
Cala Vedella (port),2025-07-21 13:00:00,26.0,35.518257
Cala Vedella (port),2025-07-21 14:00:00,22.0,37.01839
Cala Vedella (port),2025-07-21 15:00:00,12.0,35.115597
Cala Vedella (port),2025-07-21 16:00:00,4.0,34.21612
Cala Vedella (port),2025-07-21 17:00:00,5.0,24.910439
Cala Vedella (port),2025-07-21 18:00:00,29.0,29.079067
Cala Vedella (port),2025-07-21 19:00:00,35.0,34.897926
Cala Vedella (port),2025-07-21 20:00:00,41.0,39.20139
Cala Vedella (port),2025-07-22 08:00:00,32.0,52.239098
Cala Vedella (port),2025-07-22 09:00:00,50.0,44.03956
Cala Vedella (port),2025-07-22 10:00:00,62.0,43.987694
Cala Vedella (port),2025-07-22 11:00:00,52.0,45.527912
Cala Vedella (port),2025-07-22 12:00:00,39.0,39.20186
Cala Vedella (port),2025-07-22 13:00:00,28.0,36.643444
Cala Vedella (port),2025-07-22 14:00:00,21.0,39.9941
Cala Vedella (port),2025-07-22 15:00:00,14.0,37.066517
Cala Vedella (port),2025-07-22 16:00:00,4.0,33.71491
Cala Vedella (port),2025-07-22 17:00:00,5.0,27.284424
Cala Vedella (port),2025-07-22 18:00:00,29.0,34.967464
Cala Vedella (port),2025-07-22 19:00:00,51.0,35.76743
Cala Vedella (port),2025-07-22 20:00:00,34.0,36.5986
Cala Vedella (port),2025-07-23 08:00:00,44.0,54.130863
Cala Vedella (port),2025-07-23 09:00:00,40.0,52.623898
Cala Vedella (port),2025-07-23 10:00:00,46.0,52.614815
Cala Vedella (port),2025-07-23 11:00:00,37.0,48.412476
Cala Vedella (port),2025-07-23 12:00:00,46.0,42.79778
Cala Vedella (port),2025-07-23 13:00:00,40.0,37.422485
Cala Vedella (port),2025-07-23 14:00:00,25.0,35.51836
Cala Vedella (port),2025-07-23 15:00:00,13.0,31.378963
Cala Vedella (port),2025-07-23 16:00:00,5.0,25.572273
Cala Vedella (port),2025-07-23 17:00:00,5.0,18.921192
Cala Vedella (port),2025-07-23 18:00:00,22.0,20.675875
Cala Vedella (port),2025-07-23 19:00:00,39.0,29.815996
Cala Vedella (port),2025-07-23 20:00:00,40.0,43.778027
Cala Vedella (port),2025-07-24 08:00:00,54.0,60.061985
Cala Vedella (port),2025-07-24 09:00:00,56.0,55.793427
Cala Vedella (port),2025-07-24 10:00:00,52.0,46.51871
Cala Vedella (port),2025-07-24 11:00:00,68.0,44.13116
Cala Vedella (port),2025-07-24 12:00:00,64.0,38.11632
Cala Vedella (port),2025-07-24 13:00:00,33.0,35.50627
Cala Vedella (port),2025-07-24 14:00:00,37.0,37.723717
Cala Vedella (port),2025-07-24 15:00:00,26.0,33.81512
Cala Vedella (port),2025-07-24 16:00:00,4.0,28.117815
Cala Vedella (port),2025-07-24 17:00:00,5.0,15.916267
Cala Vedella (port),2025-07-24 18:00:00,27.0,15.698574
Cala Vedella (port),2025-07-24 19:00:00,50.0,25.803963
Cala Vedella (port),2025-07-24 20:00:00,50.0,42.50671
Cala Vedella (port),2025-07-25 08:00:00,65.0,49.140514
Cala Vedella (port),2025-07-25 09:00:00,38.0,51.783413
Cala Vedella (port),2025-07-25 10:00:00,48.0,52.204063
Cala Vedella (port),2025-07-25 11:00:00,57.0,40.751076
Cala Vedella (port),2025-07-25 12:00:00,63.0,36.464687
Cala Vedella (port),2025-07-25 13:00:00,35.0,33.77978
Cala Vedella (port),2025-07-25 14:00:00,24.0,29.475384
Cala Vedella (port),2025-07-25 15:00:00,19.0,27.64393
Cala Vedella (port),2025-07-25 16:00:00,4.0,25.104527
Cala Vedella (port),2025-07-25 17:00:00,4.0,17.050371
Cala Vedella (port),2025-07-25 18:00:00,16.0,18.97349
Cala Vedella (port),2025-07-25 19:00:00,47.0,34.93028
Cala Vedella (port),2025-07-25 20:00:00,51.0,48.323822
Cala Vedella (port),2025-07-26 08:00:00,39.0,61.614998
Cala Vedella (port),2025-07-26 09:00:00,51.0,60.072453
Cala Vedella (port),2025-07-26 10:00:00,46.0,47.163326
Cala Vedella (port),2025-07-26 11:00:00,54.0,46.74957
Cala Vedella (port),2025-07-26 12:00:00,40.0,37.152702
Cala Vedella (port),2025-07-26 13:00:00,44.0,28.632317
Cala Vedella (port),2025-07-26 14:00:00,29.0,26.912771
Cala Vedella (port),2025-07-26 15:00:00,17.0,25.16515
Cala Vedella (port),2025-07-26 16:00:00,4.0,29.735113
Cala Vedella (port),2025-07-26 17:00:00,5.0,27.283043
Cala Vedella (port),2025-07-26 18:00:00,31.0,22.063105
Cala Vedella (port),2025-07-26 19:00:00,41.0,27.757801
Cala Vedella (port),2025-07-26 20:00:00,63.0,42.113518
Cala Vedella (port),2025-07-27 08:00:00,41.0,58.491867
Cala Vedella (port),2025-07-27 09:00:00,57.0,57.321117
Cala Vedella (port),2025-07-27 10:00:00,56.0,47.252884
Cala Vedella (port),2025-07-27 11:00:00,67.0,42.97797
Cala Vedella (port),2025-07-27 12:00:00,60.0,38.66472
Cala Vedella (port),2025-07-27 13:00:00,50.0,36.071407
Cala Vedella (port),2025-07-27 14:00:00,26.0,37.501095
Cala Vedella (port),2025-07-27 15:00:00,16.0,32.558502
Cala Vedella (port),2025-07-27 16:00:00,5.0,29.424927
Cala Vedella (port),2025-07-27 17:00:00,5.0,28.417938
Cala Vedella (port),2025-07-27 18:00:00,18.0,22.761494
Cala Vedella (port),2025-07-27 19:00:00,33.0,29.41649
Cala Vedella (port),2025-07-27 20:00:00,55.0,48.777534
Cala Vedella (port),2025-07-28 08:00:00,55.0,56.519314
Cala Vedella (port),2025-07-28 09:00:00,54.0,54.794346
Cala Vedella (port),2025-07-28 10:00:00,54.0,45.61627
Cala Vedella (port),2025-07-28 11:00:00,50.0,42.92937
Cala Vedella (port),2025-07-28 12:00:00,36.0,36.447563
Cala Vedella (port),2025-07-28 13:00:00,24.0,33.863956
Cala Vedella (port),2025-07-28 14:00:00,22.0,33.34352
Cala Vedella (port),2025-07-28 15:00:00,31.0,30.53653
Cala Vedella (port),2025-07-28 16:00:00,5.0,31.701504
Cala Vedella (port),2025-07-28 17:00:00,5.0,26.387564
Cala Vedella (port),2025-07-28 18:00:00,22.0,22.860725
Cala Vedella (port),2025-07-28 19:00:00,34.0,26.697147
Cala Vedella (port),2025-07-28 20:00:00,51.0,37.020496
Cala Vedella (port),2025-07-29 08:00:00,46.0,55.267548
Cala Vedella (port),2025-07-29 09:00:00,64.0,55.99552
Cala Vedella (port),2025-07-29 10:00:00,42.0,48.81801
Cala Vedella (port),2025-07-29 11:00:00,54.0,39.041946
Cala Vedella (port),2025-07-29 12:00:00,43.0,32.30742
Cala Vedella (port),2025-07-29 13:00:00,32.0,29.5829
Cala Vedella (port),2025-07-29 14:00:00,25.0,27.496
Cala Vedella (port),2025-07-29 15:00:00,16.0,25.417095
Cala Vedella (port),2025-07-29 16:00:00,5.0,24.974066
Cala Vedella (port),2025-07-29 17:00:00,5.0,15.433528
Cala Vedella (port),2025-07-29 18:00:00,39.0,15.78536
Cala Vedella (port),2025-07-29 19:00:00,59.0,24.684494
Cala Vedella (port),2025-07-29 20:00:00,57.0,41.625298
Cala Vedella (port),2025-07-30 08:00:00,55.0,55.706577
Cala Vedella (port),2025-07-30 09:00:00,45.0,49.895046
Cala Vedella (port),2025-07-30 10:00:00,52.0,46.642574
Cala Vedella (port),2025-07-30 11:00:00,37.0,46.204952
Cala Vedella (port),2025-07-30 12:00:00,50.0,33.472168
Cala Vedella (port),2025-07-30 13:00:00,24.0,28.173584
Cala Vedella (port),2025-07-30 14:00:00,22.0,29.470814
Cala Vedella (port),2025-07-30 15:00:00,21.0,28.942757
Cala Vedella (port),2025-07-30 16:00:00,5.0,32.246243
Cala Vedella (port),2025-07-30 17:00:00,5.0,25.085396
Cala Vedella (port),2025-07-30 18:00:00,17.0,15.522325
Cala Vedella (port),2025-07-30 19:00:00,38.0,30.847868
Cala Vedella (port),2025-07-30 20:00:00,31.0,44.30265
Cala Vedella (port),2025-07-31 08:00:00,42.0,53.929226
Cala Vedella (port),2025-07-31 09:00:00,34.0,41.279106
Cala Vedella (port),2025-07-31 10:00:00,44.0,42.265545
Cala Vedella (port),2025-07-31 11:00:00,42.0,42.015614
Cala Vedella (port),2025-07-31 12:00:00,27.0,32.8804
Cala Vedella (port),2025-07-31 13:00:00,31.0,29.979439
Cala Vedella (port),2025-07-31 14:00:00,16.0,30.317896
Cala Vedella (port),2025-07-31 15:00:00,16.0,25.031229
Cala Vedella (port),2025-07-31 16:00:00,4.0,29.03622
Cala Vedella (port),2025-07-31 17:00:00,5.0,23.941624
Cala Vedella (port),2025-07-31 18:00:00,28.0,15.322693
Cala Vedella (port),2025-07-31 19:00:00,50.0,31.51916
Cala Vedella (port),2025-07-31 20:00:00,50.0,49.921246
Cala Vedella (port),2025-08-01 08:00:00,51.0,61.740623
Cala Vedella (port),2025-08-01 09:00:00,47.0,47.762745
Cala Vedella (port),2025-08-01 10:00:00,49.0,46.14377
Cala Vedella (port),2025-08-01 11:00:00,26.0,48.370316
Cala Vedella (port),2025-08-01 12:00:00,40.0,37.451134
Cala Vedella (port),2025-08-01 13:00:00,35.0,38.558346
Cala Vedella (port),2025-08-01 14:00:00,27.0,37.680202
Cala Vedella (port),2025-08-01 15:00:00,19.0,36.10006
Cala Vedella (port),2025-08-01 16:00:00,4.0,39.022808
Cala Vedella (port),2025-08-01 17:00:00,5.0,27.580069
Cala Vedella (port),2025-08-01 18:00:00,20.0,19.421818
Cala Vedella (port),2025-08-01 19:00:00,41.0,34.170403
Cala Vedella (port),2025-08-01 20:00:00,60.0,52.7434
Cala Vedella (port),2025-08-02 08:00:00,68.0,62.85855
Cala Vedella (port),2025-08-02 09:00:00,57.0,50.759026
Cala Vedella (port),2025-08-02 10:00:00,44.0,47.565502
Cala Vedella (port),2025-08-02 11:00:00,35.0,44.604683
Cala Vedella (port),2025-08-02 12:00:00,38.0,33.88318
Cala Vedella (port),2025-08-02 13:00:00,40.0,32.20976
Cala Vedella (port),2025-08-02 14:00:00,21.0,31.261362
Cala Vedella (port),2025-08-02 15:00:00,9.0,29.505856
Cala Vedella (port),2025-08-02 16:00:00,4.0,26.436758
Cala Vedella (port),2025-08-02 17:00:00,4.0,27.537249
Cala Vedella (port),2025-08-02 18:00:00,14.0,19.64067
Cala Vedella (port),2025-08-02 19:00:00,51.0,28.97618
Cala Vedella (port),2025-08-02 20:00:00,41.0,53.026108
Cala Vedella (port),2025-08-03 08:00:00,55.0,62.05394
Cala Vedella (port),2025-08-03 09:00:00,58.0,46.32658
Cala Vedella (port),2025-08-03 10:00:00,61.0,42.94698
Cala Vedella (port),2025-08-03 11:00:00,68.0,37.744038
Cala Vedella (port),2025-08-03 12:00:00,37.0,34.486362
Cala Vedella (port),2025-08-03 13:00:00,48.0,31.571575
Cala Vedella (port),2025-08-03 14:00:00,34.0,33.302933
Cala Vedella (port),2025-08-03 15:00:00,13.0,26.766165
Cala Vedella (port),2025-08-03 16:00:00,5.0,31.980606
Cala Vedella (port),2025-08-03 17:00:00,5.0,29.96947
Cala Vedella (port),2025-08-03 18:00:00,21.0,17.439844
Cala Vedella (port),2025-08-03 19:00:00,32.0,26.7309
Cala Vedella (port),2025-08-03 20:00:00,46.0,53.24736
Cala Vedella (port),2025-08-04 08:00:00,49.0,61.692047
Cala Vedella (port),2025-08-04 09:00:00,47.0,53.039055
Cala Vedella (port),2025-08-04 10:00:00,47.0,44.35412
Cala Vedella (port),2025-08-04 11:00:00,57.0,37.51768
Cala Vedella (port),2025-08-04 12:00:00,50.0,32.559544
Cala Vedella (port),2025-08-04 13:00:00,30.0,32.6796
Cala Vedella (port),2025-08-04 14:00:00,21.0,31.503527
Cala Vedella (port),2025-08-04 15:00:00,11.0,23.491459
Cala Vedella (port),2025-08-04 16:00:00,4.0,27.324043
Cala Vedella (port),2025-08-04 17:00:00,4.0,27.061989
Cala Vedella (port),2025-08-04 18:00:00,15.0,28.69653
Cala Vedella (port),2025-08-04 19:00:00,31.0,23.255066
Cala Vedella (port),2025-08-04 20:00:00,43.0,49.17372
Cala Vedella (port),2025-08-05 08:00:00,32.0,57.747566
Cala Vedella (port),2025-08-05 09:00:00,62.0,44.666546
Cala Vedella (port),2025-08-05 10:00:00,57.0,44.15872
Cala Vedella (port),2025-08-05 11:00:00,65.0,38.23344
Cala Vedella (port),2025-08-05 12:00:00,35.0,31.403374
Cala Vedella (port),2025-08-05 13:00:00,32.0,32.97647
Cala Vedella (port),2025-08-05 14:00:00,16.0,33.832104
Cala Vedella (port),2025-08-05 15:00:00,27.0,30.290867
Cala Vedella (port),2025-08-05 16:00:00,4.0,27.963001
Cala Vedella (port),2025-08-05 17:00:00,4.0,31.268929
Cala Vedella (port),2025-08-05 18:00:00,35.0,20.219969
Cala Vedella (port),2025-08-05 19:00:00,35.0,26.260645
Cala Vedella (port),2025-08-05 20:00:00,71.0,49.45665
Cala Vedella (port),2025-08-06 08:00:00,52.0,58.656864
Cala Vedella (port),2025-08-06 09:00:00,68.0,41.530216
Cala Vedella (port),2025-08-06 10:00:00,57.0,39.788452
Cala Vedella (port),2025-08-06 11:00:00,48.0,36.012367
Cala Vedella (port),2025-08-06 12:00:00,48.0,34.028046
Cala Vedella (port),2025-08-06 13:00:00,36.0,33.656555
Cala Vedella (port),2025-08-06 14:00:00,25.0,33.82376
Cala Vedella (port),2025-08-06 15:00:00,21.0,27.325485
Cala Vedella (port),2025-08-06 16:00:00,4.0,28.281483
Cala Vedella (port),2025-08-06 17:00:00,4.0,20.551714
Cala Vedella (port),2025-08-06 18:00:00,13.0,18.722692
Cala Vedella (port),2025-08-06 19:00:00,35.0,28.431849
Cala Vedella (port),2025-08-06 20:00:00,51.0,57.2829
Cala Vedella (port),2025-08-07 08:00:00,78.0,63.685215
Cala Vedella (port),2025-08-07 09:00:00,43.0,48.54156
Cala Vedella (port),2025-08-07 10:00:00,39.0,49.97905
Cala Vedella (port),2025-08-07 11:00:00,65.0,42.12679
Cala Vedella (port),2025-08-07 12:00:00,33.0,35.554222
Cala Vedella (port),2025-08-07 13:00:00,38.0,36.65766
Cala Vedella (port),2025-08-07 14:00:00,30.0,33.658886
Cala Vedella (port),2025-08-07 15:00:00,19.0,27.773973
Cala Vedella (port),2025-08-07 16:00:00,4.0,29.872066
Cala Vedella (port),2025-08-07 17:00:00,4.0,29.8087
Cala Vedella (port),2025-08-07 18:00:00,23.0,19.55924
Cala Vedella (port),2025-08-07 19:00:00,50.0,35.39156
Cala Vedella (port),2025-08-07 20:00:00,62.0,59.11894
Cala Vedella (port),2025-08-08 08:00:00,72.0,71.45638
Cala Vedella (port),2025-08-08 09:00:00,50.0,56.483047
Cala Vedella (port),2025-08-08 10:00:00,34.0,52.97096
Cala Vedella (port),2025-08-08 11:00:00,62.0,47.868286
Cala Vedella (port),2025-08-08 12:00:00,46.0,41.67084
Cala Vedella (port),2025-08-08 13:00:00,42.0,39.31252
Cala Vedella (port),2025-08-08 14:00:00,32.0,40.15956
Cala Vedella (port),2025-08-08 15:00:00,19.0,36.845474
Cala Vedella (port),2025-08-08 16:00:00,4.0,35.17042
Cala Vedella (port),2025-08-08 17:00:00,5.0,33.47852
Cala Vedella (port),2025-08-08 18:00:00,28.0,17.46722
Cala Vedella (port),2025-08-08 19:00:00,37.0,22.738676
Cala Vedella (port),2025-08-08 20:00:00,53.0,54.035023
Cala Vedella (port),2025-08-09 08:00:00,43.0,65.97539
Cala Vedella (port),2025-08-09 09:00:00,58.0,61.480957
Cala Vedella (port),2025-08-09 10:00:00,71.0,43.286663
Cala Vedella (port),2025-08-09 11:00:00,45.0,37.29046
Cala Vedella (port),2025-08-09 12:00:00,35.0,32.89372
Cala Vedella (port),2025-08-09 13:00:00,49.0,33.04344
Cala Vedella (port),2025-08-09 14:00:00,24.0,31.29463
Cala Vedella (port),2025-08-09 15:00:00,14.0,26.645477
Cala Vedella (port),2025-08-09 16:00:00,4.0,23.613094
Cala Vedella (port),2025-08-09 17:00:00,4.0,23.000504
Cala Vedella (port),2025-08-09 18:00:00,8.0,20.552843
Cala Vedella (port),2025-08-09 19:00:00,10.0,17.918335
Cala Vedella (port),2025-08-09 20:00:00,20.0,31.87198
Cala Vedella (port),2025-08-10 08:00:00,19.0,33.134033
Cala Vedella (port),2025-08-10 09:00:00,25.0,30.2093
Cala Vedella (port),2025-08-10 10:00:00,42.0,45.193752
Cala Vedella (port),2025-08-10 11:00:00,42.0,34.11427
Cala Vedella (port),2025-08-10 12:00:00,33.0,32.784378
Cala Vedella (port),2025-08-10 13:00:00,38.0,32.349197
Cala Vedella (port),2025-08-10 14:00:00,32.0,32.534016
Cala Vedella (port),2025-08-10 15:00:00,21.0,32.246075
Cala Vedella (port),2025-08-10 16:00:00,5.0,29.465252
Cala Vedella (port),2025-08-10 17:00:00,5.0,26.53667
Cala Vedella (port),2025-08-10 18:00:00,21.0,20.120432
Cala Vedella (port),2025-08-10 19:00:00,19.0,22.888504
Cala Vedella (port),2025-08-10 20:00:00,30.0,32.13995
Cala Vedella (port),2025-08-11 08:00:00,53.0,44.80889
Cala Vedella (port),2025-08-11 09:00:00,48.0,46.859215
Cala Vedella (port),2025-08-11 10:00:00,55.0,36.34674
Cala Vedella (port),2025-08-11 11:00:00,51.0,31.930765
Cala Vedella (port),2025-08-11 12:00:00,40.0,31.70467
Cala Vedella (port),2025-08-11 13:00:00,19.0,29.723564
Cala Vedella (port),2025-08-11 14:00:00,27.0,34.936184
Cala Vedella (port),2025-08-11 15:00:00,12.0,34.99546
Cala Vedella (port),2025-08-11 16:00:00,4.0,34.028404
Cala Vedella (port),2025-08-11 17:00:00,4.0,28.512556
Cala Vedella (port),2025-08-11 18:00:00,16.0,21.593555
Cala Vedella (port),2025-08-11 19:00:00,44.0,26.133106
Cala Vedella (port),2025-08-11 20:00:00,54.0,40.489983
Cala Vedella (port),2025-08-12 08:00:00,58.0,48.872
Cala Vedella (port),2025-08-12 09:00:00,28.0,54.48021
Cala Vedella (port),2025-08-12 10:00:00,73.0,39.90036
Cala Vedella (port),2025-08-12 11:00:00,59.0,33.1662
Cala Vedella (port),2025-08-12 12:00:00,40.0,27.947052
Cala Vedella (port),2025-08-12 13:00:00,24.0,27.833242
Cala Vedella (port),2025-08-12 14:00:00,27.0,29.91876
Cala Vedella (port),2025-08-12 15:00:00,16.0,28.81252
Cala Vedella (port),2025-08-12 16:00:00,5.0,32.23488
Cala Vedella (port),2025-08-12 17:00:00,5.0,26.058462
Cala Vedella (port),2025-08-12 18:00:00,20.0,19.201792
Cala Vedella (port),2025-08-12 19:00:00,35.0,23.698397
Cala Vedella (port),2025-08-12 20:00:00,69.0,46.904778
Cala Vedella (port),2025-08-13 08:00:00,44.0,60.8759
Cala Vedella (port),2025-08-13 09:00:00,38.0,43.381832
Cala Vedella (port),2025-08-13 10:00:00,30.0,40.4272
Cala Vedella (port),2025-08-13 11:00:00,25.0,33.66314
Cala Vedella (port),2025-08-13 12:00:00,20.0,33.87445
Cala Vedella (port),2025-08-13 13:00:00,41.0,36.12143
Cala Vedella (port),2025-08-13 14:00:00,31.0,31.252823
Cala Vedella (port),2025-08-13 15:00:00,16.0,32.0266
Cala Vedella (port),2025-08-13 16:00:00,4.0,31.75979
Cala Vedella (port),2025-08-13 17:00:00,4.0,24.345137
Cala Vedella (port),2025-08-13 18:00:00,19.0,15.953243
Cala Vedella (port),2025-08-13 19:00:00,50.0,25.844185
Cala Vedella (port),2025-08-13 20:00:00,56.0,48.31735
Cala Vedella (port),2025-08-14 08:00:00,51.0,62.322563
Cala Vedella (port),2025-08-14 09:00:00,48.0,57.810303
Cala Vedella (port),2025-08-14 10:00:00,45.0,45.57413
Cala Vedella (port),2025-08-14 11:00:00,65.0,35.310112
Cala Vedella (port),2025-08-14 12:00:00,66.0,35.87269
Cala Vedella (port),2025-08-14 13:00:00,32.0,33.516117
Cala Vedella (port),2025-08-14 14:00:00,38.0,34.987514
Cala Vedella (port),2025-08-14 15:00:00,26.0,31.834145
Cala Vedella (port),2025-08-14 16:00:00,5.0,30.947094
Cala Vedella (port),2025-08-14 17:00:00,5.0,28.003487
Cala Vedella (port),2025-08-14 18:00:00,22.0,15.703193
Cala Vedella (port),2025-08-14 19:00:00,37.0,20.197798
Cala Vedella (port),2025-08-14 20:00:00,63.0,38.643333
Cala Vedella (port),2025-08-15 08:00:00,75.0,60.752113
Cala Vedella (port),2025-08-15 09:00:00,72.0,52.382927
Cala Vedella (port),2025-08-15 10:00:00,61.0,51.289207
Cala Vedella (port),2025-08-15 11:00:00,83.0,45.47948
Cala Vedella (port),2025-08-15 12:00:00,46.0,38.13338
Cala Vedella (port),2025-08-15 13:00:00,33.0,39.75434
Cala Vedella (port),2025-08-15 14:00:00,28.0,41.340824
Cala Vedella (port),2025-08-15 15:00:00,18.0,40.21014
Cala Vedella (port),2025-08-15 16:00:00,4.0,34.82524
Cala Vedella (port),2025-08-15 17:00:00,4.0,33.59716
Cala Vedella (port),2025-08-15 18:00:00,22.0,17.841911
Cala Vedella (port),2025-08-15 19:00:00,15.0,21.299967
Cala Vedella (port),2025-08-15 20:00:00,16.0,27.15168
Cala Vedella (port),2025-08-16 08:00:00,35.0,45.744102
Cala Vedella (port),2025-08-16 09:00:00,48.0,50.360336
Cala Vedella (port),2025-08-16 10:00:00,55.0,43.77463
Cala Vedella (port),2025-08-16 11:00:00,31.0,36.038532
Cala Vedella (port),2025-08-16 12:00:00,29.0,32.483456
Cala Vedella (port),2025-08-16 13:00:00,38.0,34.09389
Cala Vedella (port),2025-08-16 14:00:00,28.0,33.7127
Cala Vedella (port),2025-08-16 15:00:00,25.0,32.094494
Cala Vedella (port),2025-08-16 16:00:00,5.0,34.115242
Cala Vedella (port),2025-08-16 17:00:00,5.0,30.606798
Cala Vedella (port),2025-08-16 18:00:00,22.0,17.344688
Cala Vedella (port),2025-08-16 19:00:00,45.0,21.85212
Cala Vedella (port),2025-08-16 20:00:00,70.0,45.159637
Cala Vedella (port),2025-08-17 08:00:00,82.0,57.529247
Cala Vedella (port),2025-08-17 09:00:00,65.0,44.95188
Cala Vedella (port),2025-08-17 10:00:00,51.0,39.386314
Cala Vedella (port),2025-08-17 11:00:00,65.0,36.74853
Cala Vedella (port),2025-08-17 12:00:00,53.0,34.539406
Cala Vedella (port),2025-08-17 13:00:00,33.0,35.656414
Cala Vedella (port),2025-08-17 14:00:00,17.0,37.68856
Cala Vedella (port),2025-08-17 15:00:00,14.0,33.089634
Cala Vedella (port),2025-08-17 16:00:00,4.0,29.508907
Cala Vedella (port),2025-08-17 17:00:00,5.0,31.159761
Cala Vedella (port),2025-08-17 18:00:00,9.0,23.865492
Cala Vedella (port),2025-08-17 19:00:00,23.0,22.760944
Cala Vedella (port),2025-08-17 20:00:00,47.0,37.406174
Cala Vedella (port),2025-08-18 08:00:00,40.0,59.723232
Cala Vedella (port),2025-08-18 09:00:00,45.0,52.757683
Cala Vedella (port),2025-08-18 10:00:00,40.0,46.794304
Cala Vedella (port),2025-08-18 11:00:00,49.0,34.673176
Cala Vedella (port),2025-08-18 12:00:00,37.0,34.33595
Cala Vedella (port),2025-08-18 13:00:00,32.0,33.60762
Cala Vedella (port),2025-08-18 14:00:00,18.0,33.859352
Cala Vedella (port),2025-08-18 15:00:00,13.0,31.36971
Cala Vedella (port),2025-08-18 16:00:00,4.0,30.914265
Cala Vedella (port),2025-08-18 17:00:00,4.0,26.158926
Cala Vedella (port),2025-08-18 18:00:00,8.0,15.9655485
Cala Vedella (port),2025-08-18 19:00:00,23.0,22.816214
Cala Vedella (port),2025-08-18 20:00:00,50.0,48.225506
Cala Vedella (port),2025-08-19 08:00:00,44.0,60.82698
Cala Vedella (port),2025-08-19 09:00:00,37.0,63.685787
Cala Vedella (port),2025-08-19 10:00:00,53.0,53.92801
Cala Vedella (port),2025-08-19 11:00:00,29.0,32.772324
Cala Vedella (port),2025-08-19 12:00:00,12.0,29.683962
Cala Vedella (port),2025-08-19 13:00:00,12.0,26.971579
Cala Vedella (port),2025-08-19 14:00:00,20.0,27.146067
Cala Vedella (port),2025-08-19 15:00:00,19.0,26.259426
Cala Vedella (port),2025-08-19 16:00:00,5.0,21.767738
Cala Vedella (port),2025-08-19 17:00:00,4.0,19.973415
Cala Vedella (port),2025-08-19 18:00:00,10.0,16.055819
Cala Vedella (port),2025-08-19 19:00:00,31.0,20.633383
Cala Vedella (port),2025-08-19 20:00:00,35.0,44.42585
Cala Vedella (port),2025-08-20 08:00:00,35.0,59.14958
Cala Vedella (port),2025-08-20 09:00:00,35.0,51.682884
Cala Vedella (port),2025-08-20 10:00:00,18.0,47.453598
Cala Vedella (port),2025-08-20 11:00:00,35.0,36.13175
Cala Vedella (port),2025-08-20 12:00:00,26.0,33.92927
Cala Vedella (port),2025-08-20 13:00:00,19.0,30.680676
Cala Vedella (port),2025-08-20 14:00:00,11.0,26.51632
Cala Vedella (port),2025-08-20 15:00:00,12.0,25.287037
Cala Vedella (port),2025-08-20 16:00:00,5.0,25.635092
Cala Vedella (port),2025-08-20 17:00:00,5.0,23.03394
Cala Vedella (port),2025-08-20 18:00:00,7.0,22.227001
Cala Vedella (port),2025-08-20 19:00:00,24.0,25.228542
Cala Vedella (port),2025-08-20 20:00:00,32.0,35.954712
Cala Vedella (port),2025-08-21 08:00:00,31.0,49.439297
Cala Vedella (port),2025-08-21 09:00:00,26.0,53.882305
Cala Vedella (port),2025-08-21 10:00:00,40.0,45.965504
Cala Vedella (port),2025-08-21 11:00:00,38.0,31.753523
Cala Vedella (port),2025-08-21 12:00:00,30.0,34.539986
Cala Vedella (port),2025-08-21 13:00:00,22.0,33.014168
Cala Vedella (port),2025-08-21 14:00:00,21.0,30.979622
Cala Vedella (port),2025-08-21 15:00:00,25.0,24.98019
Cala Vedella (port),2025-08-21 16:00:00,4.0,20.025864
Cala Vedella (port),2025-08-21 17:00:00,4.0,20.477505
Cala Vedella (port),2025-08-21 18:00:00,11.0,19.424076
Cala Vedella (port),2025-08-21 19:00:00,32.0,21.863926
Cala Vedella (port),2025-08-21 20:00:00,38.0,48.988148
Cala Vedella (port),2025-08-22 08:00:00,47.0,61.937187
Cala Vedella (port),2025-08-22 09:00:00,39.0,55.62705
Cala Vedella (port),2025-08-22 10:00:00,50.0,52.518097
Cala Vedella (port),2025-08-22 11:00:00,30.0,44.26587
Cala Vedella (port),2025-08-22 12:00:00,28.0,38.63456
Cala Vedella (port),2025-08-22 13:00:00,16.0,37.873837
Cala Vedella (port),2025-08-22 14:00:00,21.0,39.51635
Cala Vedella (port),2025-08-22 15:00:00,15.0,41.57175
Cala Vedella (port),2025-08-22 16:00:00,4.0,30.35498
Cala Vedella (port),2025-08-22 17:00:00,4.0,24.681625
Cala Vedella (port),2025-08-22 18:00:00,6.0,20.4251
Cala Vedella (port),2025-08-22 19:00:00,16.0,22.372185
Cala Vedella (port),2025-08-22 20:00:00,14.0,45.29545
Cala Vedella (port),2025-08-23 08:00:00,30.0,57.39852
Cala Vedella (port),2025-08-23 09:00:00,19.0,57.762333
Cala Vedella (port),2025-08-23 10:00:00,47.0,48.14908
Cala Vedella (port),2025-08-23 11:00:00,13.0,39.146538
Cala Vedella (port),2025-08-23 12:00:00,9.0,36.34008
Cala Vedella (port),2025-08-23 13:00:00,11.0,33.091717
Cala Vedella (port),2025-08-23 14:00:00,14.0,34.035053
Cala Vedella (port),2025-08-23 15:00:00,22.0,36.031094
Cala Vedella (port),2025-08-23 16:00:00,5.0,26.274832
Cala Vedella (port),2025-08-23 17:00:00,5.0,28.49035
Cala Vedella (port),2025-08-23 18:00:00,14.0,18.961134
Cala Vedella (port),2025-08-23 19:00:00,15.0,23.846
Cala Vedella (port),2025-08-23 20:00:00,23.0,47.640415
Cala Vedella (port),2025-08-24 08:00:00,36.0,50.9112
Cala Vedella (port),2025-08-24 09:00:00,25.0,42.84214
Cala Vedella (port),2025-08-24 10:00:00,16.0,42.21893
Cala Vedella (port),2025-08-24 11:00:00,24.0,36.32547
Cala Vedella (port),2025-08-24 12:00:00,19.0,36.16414
Cala Vedella (port),2025-08-24 13:00:00,15.0,39.982784
Cala Vedella (port),2025-08-24 14:00:00,9.0,37.52025
Cala Vedella (port),2025-08-24 15:00:00,16.0,36.351803
Cala Vedella (port),2025-08-24 16:00:00,4.0,29.83279
Cala Vedella (port),2025-08-24 17:00:00,4.0,30.952248
Cala Vedella (port),2025-08-24 18:00:00,9.0,19.86611
Cala Vedella (port),2025-08-24 19:00:00,23.0,23.471243
Cala Vedella (port),2025-08-24 20:00:00,30.0,48.073326
Cala Vedella (port),2025-08-25 08:00:00,48.0,59.727734
Cala Vedella (port),2025-08-25 09:00:00,49.0,49.381447
Cala Vedella (port),2025-08-25 10:00:00,32.0,52.95091
Cala Vedella (port),2025-08-25 11:00:00,35.0,46.341457
Cala Vedella (port),2025-08-25 12:00:00,13.0,34.74651
Cala Vedella (port),2025-08-25 13:00:00,9.0,31.311514
Cala Vedella (port),2025-08-25 14:00:00,19.0,29.661316
Cala Vedella (port),2025-08-25 15:00:00,26.0,30.12211
Cala Vedella (port),2025-08-25 16:00:00,4.0,18.493929
Cala Vedella (port),2025-08-25 17:00:00,4.0,18.368008
Cala Vedella (port),2025-08-25 18:00:00,10.0,19.862535
Cala Vedella (port),2025-08-25 19:00:00,27.0,23.588428
Cala Vedella (port),2025-08-25 20:00:00,29.0,47.620625
Cala Vedella (port),2025-08-26 08:00:00,49.0,59.90651
Cala Vedella (port),2025-08-26 09:00:00,39.0,47.236637
Cala Vedella (port),2025-08-26 10:00:00,33.0,40.808823
Cala Vedella (port),2025-08-26 11:00:00,32.0,38.34092
Cala Vedella (port),2025-08-26 12:00:00,15.0,35.078804
Cala Vedella (port),2025-08-26 13:00:00,12.0,35.01329
Cala Vedella (port),2025-08-26 14:00:00,12.0,35.697754
Cala Vedella (port),2025-08-26 15:00:00,13.0,35.32392
Cala Vedella (port),2025-08-26 16:00:00,5.0,29.795734
Cala Vedella (port),2025-08-26 17:00:00,5.0,32.729824
Cala Vedella (port),2025-08-26 18:00:00,10.0,17.43531
Cala Vedella (port),2025-08-26 19:00:00,30.0,22.254026
Cala Vedella (port),2025-08-26 20:00:00,34.0,36.827316
Cala Vedella (port),2025-08-27 08:00:00,34.0,48.682575
Cala Vedella (port),2025-08-27 09:00:00,46.0,48.067856
Cala Vedella (port),2025-08-27 10:00:00,50.0,35.905796
Cala Vedella (port),2025-08-27 11:00:00,35.0,30.317503
Cala Vedella (port),2025-08-27 12:00:00,28.0,29.478868
Cala Vedella (port),2025-08-27 13:00:00,18.0,29.221018
Cala Vedella (port),2025-08-27 14:00:00,12.0,30.491318
Cala Vedella (port),2025-08-27 15:00:00,17.0,26.493883
Cala Vedella (port),2025-08-27 16:00:00,4.0,20.129175
Cala Vedella (port),2025-08-27 17:00:00,5.0,22.098022
Cala Vedella (port),2025-08-27 18:00:00,12.0,16.482986
Cala Vedella (port),2025-08-27 19:00:00,18.0,20.301954
Cala Vedella (port),2025-08-27 20:00:00,46.0,26.49084
Cala Vedella (port),2025-08-28 08:00:00,41.0,37.79582
Cala Vedella (port),2025-08-28 09:00:00,42.0,47.53586
Cala Vedella (port),2025-08-28 10:00:00,35.0,36.36526
Cala Vedella (port),2025-08-28 11:00:00,36.0,31.31402
Cala Vedella (port),2025-08-28 12:00:00,19.0,31.831394
Cala Vedella (port),2025-08-28 13:00:00,9.0,31.52473
Cala Vedella (port),2025-08-28 14:00:00,10.0,31.131252
Cala Vedella (port),2025-08-28 15:00:00,13.0,27.287437
Cala Vedella (port),2025-08-28 16:00:00,5.0,17.993893
Cala Vedella (port),2025-08-28 17:00:00,4.0,16.764479
Cala Vedella (port),2025-08-28 18:00:00,9.0,16.323391
Cala Vedella (port),2025-08-28 19:00:00,8.0,21.772528
Cala Vedella (port),2025-08-28 20:00:00,32.0,44.660946
Cala Vedella (port),2025-08-29 08:00:00,60.0,45.301056
Cala Vedella (port),2025-08-29 09:00:00,30.0,33.978485
Cala Vedella (port),2025-08-29 10:00:00,25.0,34.07233
Cala Vedella (port),2025-08-29 11:00:00,19.0,39.889194
Cala Vedella (port),2025-08-29 12:00:00,33.0,34.909527
Cala Vedella (port),2025-08-29 13:00:00,23.0,27.437195
Cala Vedella (port),2025-08-29 14:00:00,8.0,24.502121
Cala Vedella (port),2025-08-29 15:00:00,6.0,20.13809
Cala Vedella (port),2025-08-29 16:00:00,4.0,15.626778
Cala Vedella (port),2025-08-29 17:00:00,4.0,15.02347
Cala Vedella (port),2025-08-29 18:00:00,9.0,17.711025
Cala Vedella (port),2025-08-29 19:00:00,4.0,20.526403
Cala Vedella (port),2025-08-29 20:00:00,14.0,36.17334
Cala Vedella (port),2025-08-30 08:00:00,16.0,52.975834
Cala Vedella (port),2025-08-30 09:00:00,34.0,56.922943
Cala Vedella (port),2025-08-30 10:00:00,34.0,39.01762
Cala Vedella (port),2025-08-30 11:00:00,30.0,37.595848
Cala Vedella (port),2025-08-30 12:00:00,20.0,31.731138
Cala Vedella (port),2025-08-30 13:00:00,16.0,24.477324
Cala Vedella (port),2025-08-30 14:00:00,13.0,21.169146
Cala Vedella (port),2025-08-30 15:00:00,7.0,20.395407
Cala Vedella (port),2025-08-30 16:00:00,4.0,17.390638
Cala Vedella (port),2025-08-30 17:00:00,4.0,16.700636
Cala Vedella (port),2025-08-30 18:00:00,5.0,18.951477
Cala Vedella (port),2025-08-30 19:00:00,12.0,17.69984
Cala Vedella (port),2025-08-30 20:00:00,12.0,18.897852
Can Pastilla,2025-06-01 08:00:00,25.0,59.304817
Can Pastilla,2025-06-01 09:00:00,24.0,53.617107
Can Pastilla,2025-06-01 10:00:00,32.0,40.596783
Can Pastilla,2025-06-01 11:00:00,28.0,42.952557
Can Pastilla,2025-06-01 12:00:00,92.0,34.56661
Can Pastilla,2025-06-01 13:00:00,87.0,32.53135
Can Pastilla,2025-06-01 14:00:00,60.0,32.318207
Can Pastilla,2025-06-01 15:00:00,99.0,23.45559
Can Pastilla,2025-06-01 16:00:00,5.0,28.571795
Can Pastilla,2025-06-01 17:00:00,28.0,23.448719
Can Pastilla,2025-06-01 18:00:00,104.0,40.404873
Can Pastilla,2025-06-01 19:00:00,37.0,33.19384
Can Pastilla,2025-06-01 20:00:00,18.0,52.5078
Can Pastilla,2025-06-02 08:00:00,15.0,54.07374
Can Pastilla,2025-06-02 09:00:00,19.0,48.821285
Can Pastilla,2025-06-02 10:00:00,14.0,45.40394
Can Pastilla,2025-06-02 11:00:00,23.0,45.47226
Can Pastilla,2025-06-02 12:00:00,123.0,39.68738
Can Pastilla,2025-06-02 13:00:00,17.0,32.91047
Can Pastilla,2025-06-02 14:00:00,12.0,26.361141
Can Pastilla,2025-06-02 15:00:00,17.0,20.923916
Can Pastilla,2025-06-02 16:00:00,5.0,18.930305
Can Pastilla,2025-06-02 17:00:00,248.0,18.124544
Can Pastilla,2025-06-02 18:00:00,261.0,23.764118
Can Pastilla,2025-06-02 19:00:00,32.0,30.89015
Can Pastilla,2025-06-02 20:00:00,15.0,49.935764
Can Pastilla,2025-06-03 08:00:00,22.0,49.39689
Can Pastilla,2025-06-03 09:00:00,27.0,50.57518
Can Pastilla,2025-06-03 10:00:00,18.0,45.480362
Can Pastilla,2025-06-03 11:00:00,17.0,43.422153
Can Pastilla,2025-06-03 12:00:00,114.0,32.18991
Can Pastilla,2025-06-03 13:00:00,74.0,27.975758
Can Pastilla,2025-06-03 14:00:00,61.0,24.46721
Can Pastilla,2025-06-03 15:00:00,18.0,23.854073
Can Pastilla,2025-06-03 16:00:00,5.0,21.002062
Can Pastilla,2025-06-03 17:00:00,20.0,21.238832
Can Pastilla,2025-06-03 18:00:00,48.0,40.451557
Can Pastilla,2025-06-03 19:00:00,39.0,35.11285
Can Pastilla,2025-06-03 20:00:00,23.0,51.75725
Can Pastilla,2025-06-04 08:00:00,21.0,32.83198
Can Pastilla,2025-06-04 09:00:00,29.0,54.03759
Can Pastilla,2025-06-04 10:00:00,16.0,42.230213
Can Pastilla,2025-06-04 11:00:00,23.0,50.78478
Can Pastilla,2025-06-04 12:00:00,153.0,30.502968
Can Pastilla,2025-06-04 13:00:00,131.0,19.32264
Can Pastilla,2025-06-04 14:00:00,71.0,17.287466
Can Pastilla,2025-06-04 15:00:00,120.0,18.944468
Can Pastilla,2025-06-04 16:00:00,11.0,11.864745
Can Pastilla,2025-06-04 17:00:00,226.0,18.3882
Can Pastilla,2025-06-04 18:00:00,217.0,19.284107
Can Pastilla,2025-06-04 19:00:00,38.0,18.395853
Can Pastilla,2025-06-04 20:00:00,27.0,20.881771
Can Pastilla,2025-06-05 08:00:00,34.0,24.570885
Can Pastilla,2025-06-05 09:00:00,45.0,24.58076
Can Pastilla,2025-06-05 10:00:00,17.0,29.725197
Can Pastilla,2025-06-05 11:00:00,23.0,29.23254
Can Pastilla,2025-06-05 12:00:00,5.0,32.20328
Can Pastilla,2025-06-05 13:00:00,6.0,21.223421
Can Pastilla,2025-06-05 14:00:00,262.0,20.274807
Can Pastilla,2025-06-05 15:00:00,8.0,28.697052
Can Pastilla,2025-06-05 16:00:00,25.0,33.491955
Can Pastilla,2025-06-05 17:00:00,37.0,37.94491
Can Pastilla,2025-06-05 18:00:00,23.0,37.341877
Can Pastilla,2025-06-05 19:00:00,18.0,43.794327
Can Pastilla,2025-06-05 20:00:00,22.0,39.024414
Can Pastilla,2025-06-06 08:00:00,35.0,37.34275
Can Pastilla,2025-06-06 09:00:00,161.0,32.48202
Can Pastilla,2025-06-06 10:00:00,96.0,23.829523
Can Pastilla,2025-06-06 11:00:00,97.0,19.877104
Can Pastilla,2025-06-06 12:00:00,16.0,20.954834
Can Pastilla,2025-06-06 13:00:00,5.0,18.578257
Can Pastilla,2025-06-06 14:00:00,18.0,19.725586
Can Pastilla,2025-06-06 15:00:00,23.0,30.005186
Can Pastilla,2025-06-06 16:00:00,20.0,22.85926
Can Pastilla,2025-06-06 17:00:00,25.0,41.814205
Can Pastilla,2025-06-06 18:00:00,24.0,42.56887
Can Pastilla,2025-06-06 19:00:00,25.0,42.106697
Can Pastilla,2025-06-06 20:00:00,23.0,51.986576
Can Pastilla,2025-06-07 08:00:00,21.0,50.523018
Can Pastilla,2025-06-07 09:00:00,45.0,35.174633
Can Pastilla,2025-06-07 10:00:00,72.0,37.064793
Can Pastilla,2025-06-07 11:00:00,221.0,39.64258
Can Pastilla,2025-06-07 12:00:00,10.0,30.114864
Can Pastilla,2025-06-07 13:00:00,12.0,24.452099
Can Pastilla,2025-06-07 14:00:00,176.0,17.621168
Can Pastilla,2025-06-07 15:00:00,157.0,33.20481
Can Pastilla,2025-06-07 16:00:00,41.0,42.215717
Can Pastilla,2025-06-07 17:00:00,37.0,49.398624
Can Pastilla,2025-06-07 18:00:00,25.0,46.61812
Can Pastilla,2025-06-07 19:00:00,19.0,45.102386
Can Pastilla,2025-06-07 20:00:00,35.0,40.648277
Can Pastilla,2025-06-08 09:00:00,21.0,47.240578
Can Pastilla,2025-06-08 10:00:00,162.0,32.30653
Can Pastilla,2025-06-08 11:00:00,104.0,28.522915
Can Pastilla,2025-06-08 12:00:00,85.0,24.560673
Can Pastilla,2025-06-08 13:00:00,5.0,18.106588
Can Pastilla,2025-06-08 14:00:00,343.0,18.048607
Can Pastilla,2025-06-08 15:00:00,420.0,29.277052
Can Pastilla,2025-06-08 16:00:00,27.0,52.399315
Can Pastilla,2025-06-08 17:00:00,30.0,41.993137
Can Pastilla,2025-06-08 18:00:00,17.0,45.560253
Can Pastilla,2025-06-08 19:00:00,34.0,51.70323
Can Pastilla,2025-06-08 20:00:00,17.0,40.89792
Can Pastilla,2025-06-09 08:00:00,25.0,45.157944
Can Pastilla,2025-06-09 09:00:00,19.0,28.398676
Can Pastilla,2025-06-09 10:00:00,118.0,29.75935
Can Pastilla,2025-06-09 11:00:00,114.0,28.904406
Can Pastilla,2025-06-09 12:00:00,33.0,27.194956
Can Pastilla,2025-06-09 13:00:00,10.0,19.268291
Can Pastilla,2025-06-09 14:00:00,11.0,22.683361
Can Pastilla,2025-06-09 15:00:00,30.0,29.759266
Can Pastilla,2025-06-09 16:00:00,188.0,41.786057
Can Pastilla,2025-06-09 17:00:00,40.0,43.43107
Can Pastilla,2025-06-09 18:00:00,33.0,41.477985
Can Pastilla,2025-06-09 19:00:00,33.0,45.2471
Can Pastilla,2025-06-09 20:00:00,46.0,46.641026
Can Pastilla,2025-06-10 08:00:00,50.0,46.607967
Can Pastilla,2025-06-10 09:00:00,168.0,40.678413
Can Pastilla,2025-06-10 10:00:00,173.0,37.577606
Can Pastilla,2025-06-10 11:00:00,132.0,34.042797
Can Pastilla,2025-06-10 12:00:00,66.0,25.351572
Can Pastilla,2025-06-10 13:00:00,9.0,26.389772
Can Pastilla,2025-06-10 14:00:00,19.0,24.539999
Can Pastilla,2025-06-10 15:00:00,25.0,35.635082
Can Pastilla,2025-06-10 16:00:00,190.0,40.44021
Can Pastilla,2025-06-10 17:00:00,32.0,48.14762
Can Pastilla,2025-06-10 18:00:00,30.0,46.547874
Can Pastilla,2025-06-10 19:00:00,40.0,45.754692
Can Pastilla,2025-06-10 20:00:00,39.0,46.16818
Can Pastilla,2025-06-11 08:00:00,33.0,50.239372
Can Pastilla,2025-06-11 09:00:00,125.0,41.806316
Can Pastilla,2025-06-11 10:00:00,52.0,47.33145
Can Pastilla,2025-06-11 11:00:00,130.0,37.83212
Can Pastilla,2025-06-11 12:00:00,19.0,20.951977
Can Pastilla,2025-06-11 13:00:00,42.0,18.550623
Can Pastilla,2025-06-11 14:00:00,211.0,25.730558
Can Pastilla,2025-06-11 15:00:00,43.0,45.37486
Can Pastilla,2025-06-11 16:00:00,18.0,51.17714
Can Pastilla,2025-06-11 17:00:00,50.0,46.716057
Can Pastilla,2025-06-11 18:00:00,30.0,60.206997
Can Pastilla,2025-06-11 19:00:00,26.0,57.980873
Can Pastilla,2025-06-11 20:00:00,32.0,51.14775
Can Pastilla,2025-06-12 08:00:00,29.0,51.987965
Can Pastilla,2025-06-12 09:00:00,270.0,53.207268
Can Pastilla,2025-06-12 10:00:00,23.0,55.03086
Can Pastilla,2025-06-12 11:00:00,14.0,31.84791
Can Pastilla,2025-06-12 12:00:00,10.0,19.752323
Can Pastilla,2025-06-12 13:00:00,134.0,28.229303
Can Pastilla,2025-06-12 14:00:00,268.0,43.037685
Can Pastilla,2025-06-12 15:00:00,300.0,41.600834
Can Pastilla,2025-06-12 16:00:00,50.0,48.967194
Can Pastilla,2025-06-12 17:00:00,28.0,40.39186
Can Pastilla,2025-06-12 18:00:00,34.0,52.07228
Can Pastilla,2025-06-12 19:00:00,41.0,54.22375
Can Pastilla,2025-06-12 20:00:00,43.0,54.15995
Can Pastilla,2025-06-13 08:00:00,13.0,49.140327
Can Pastilla,2025-06-13 09:00:00,18.0,32.436638
Can Pastilla,2025-06-13 10:00:00,20.0,39.504124
Can Pastilla,2025-06-13 11:00:00,45.0,33.116295
Can Pastilla,2025-06-13 12:00:00,9.0,21.54582
Can Pastilla,2025-06-13 13:00:00,155.0,26.815565
Can Pastilla,2025-06-13 14:00:00,279.0,41.1999
Can Pastilla,2025-06-13 15:00:00,354.0,41.128136
Can Pastilla,2025-06-13 16:00:00,38.0,42.82631
Can Pastilla,2025-06-13 17:00:00,39.0,37.026375
Can Pastilla,2025-06-13 18:00:00,28.0,62.56842
Can Pastilla,2025-06-13 19:00:00,38.0,60.021416
Can Pastilla,2025-06-13 20:00:00,35.0,59.072056
Can Pastilla,2025-06-14 08:00:00,202.0,55.193527
Can Pastilla,2025-06-14 09:00:00,31.0,58.829693
Can Pastilla,2025-06-14 10:00:00,29.0,56.1868
Can Pastilla,2025-06-14 11:00:00,15.0,38.89336
Can Pastilla,2025-06-14 12:00:00,30.0,29.989986
Can Pastilla,2025-06-15 16:00:00,65.0,38.76846
Can Pastilla,2025-06-15 17:00:00,199.0,48.002663
Can Pastilla,2025-06-15 18:00:00,307.0,55.763256
Can Pastilla,2025-06-15 19:00:00,70.0,65.18291
Can Pastilla,2025-06-15 20:00:00,51.0,72.51599
Can Pastilla,2025-06-16 08:00:00,66.0,74.15679
Can Pastilla,2025-06-16 09:00:00,62.0,68.84068
Can Pastilla,2025-06-16 10:00:00,42.0,65.93398
Can Pastilla,2025-06-16 11:00:00,13.0,59.38984
Can Pastilla,2025-06-16 12:00:00,22.0,56.245052
Can Pastilla,2025-06-16 13:00:00,33.0,39.492283
Can Pastilla,2025-06-16 14:00:00,15.0,22.956732
Can Pastilla,2025-06-16 15:00:00,29.0,22.724655
Can Pastilla,2025-06-16 16:00:00,50.0,35.466053
Can Pastilla,2025-06-16 17:00:00,8.0,40.020508
Can Pastilla,2025-06-16 18:00:00,47.0,52.83117
Can Pastilla,2025-06-16 19:00:00,50.0,58.010906
Can Pastilla,2025-06-16 20:00:00,31.0,70.68761
Can Pastilla,2025-06-17 08:00:00,31.0,68.77495
Can Pastilla,2025-06-17 09:00:00,55.0,64.65932
Can Pastilla,2025-06-17 10:00:00,42.0,64.51147
Can Pastilla,2025-06-17 11:00:00,125.0,59.625725
Can Pastilla,2025-06-17 12:00:00,107.0,55.4499
Can Pastilla,2025-06-17 13:00:00,112.0,42.356922
Can Pastilla,2025-06-17 14:00:00,17.0,31.867498
Can Pastilla,2025-06-17 15:00:00,11.0,25.655834
Can Pastilla,2025-06-17 16:00:00,26.0,25.344143
Can Pastilla,2025-06-17 17:00:00,42.0,38.631165
Can Pastilla,2025-06-17 18:00:00,35.0,44.105206
Can Pastilla,2025-06-17 19:00:00,45.0,54.094814
Can Pastilla,2025-06-17 20:00:00,29.0,62.853626
Can Pastilla,2025-06-18 08:00:00,26.0,60.95684
Can Pastilla,2025-06-18 09:00:00,44.0,61.56816
Can Pastilla,2025-06-18 10:00:00,60.0,56.923527
Can Pastilla,2025-06-18 11:00:00,192.0,52.88537
Can Pastilla,2025-06-18 12:00:00,41.0,43.576176
Can Pastilla,2025-06-18 13:00:00,79.0,32.762367
Can Pastilla,2025-06-18 14:00:00,22.0,20.488516
Can Pastilla,2025-06-18 15:00:00,11.0,29.959175
Can Pastilla,2025-06-18 17:00:00,25.0,28.801975
Can Pastilla,2025-06-18 18:00:00,39.0,41.889297
Can Pastilla,2025-06-18 19:00:00,13.0,53.501514
Can Pastilla,2025-06-18 20:00:00,52.0,54.302994
Can Pastilla,2025-06-19 08:00:00,34.0,76.40238
Can Pastilla,2025-06-19 09:00:00,48.0,68.48784
Can Pastilla,2025-06-19 10:00:00,54.0,85.74814
Can Pastilla,2025-06-19 11:00:00,53.0,83.85187
Can Pastilla,2025-06-19 12:00:00,223.0,86.30947
Can Pastilla,2025-06-19 13:00:00,42.0,86.482834
Can Pastilla,2025-06-19 14:00:00,34.0,83.75888
Can Pastilla,2025-06-19 15:00:00,20.0,44.99347
Can Pastilla,2025-06-19 16:00:00,10.0,36.26292
Can Pastilla,2025-06-19 17:00:00,211.0,32.200386
Can Pastilla,2025-06-19 18:00:00,317.0,46.396057
Can Pastilla,2025-06-19 19:00:00,407.0,53.77284
Can Pastilla,2025-06-19 20:00:00,80.0,68.75593
Can Pastilla,2025-06-20 08:00:00,78.0,77.35841
Can Pastilla,2025-06-20 09:00:00,42.0,79.550735
Can Pastilla,2025-06-20 10:00:00,49.0,76.03625
Can Pastilla,2025-06-20 11:00:00,50.0,77.11069
Can Pastilla,2025-06-20 12:00:00,72.0,85.57644
Can Pastilla,2025-06-20 13:00:00,188.0,94.51354
Can Pastilla,2025-06-20 14:00:00,130.0,90.209175
Can Pastilla,2025-06-20 15:00:00,35.0,55.487106
Can Pastilla,2025-06-20 16:00:00,40.0,44.97874
Can Pastilla,2025-06-20 17:00:00,47.0,32.996284
Can Pastilla,2025-06-20 18:00:00,45.0,43.325844
Can Pastilla,2025-06-20 19:00:00,48.0,46.99443
Can Pastilla,2025-06-20 20:00:00,68.0,65.128395
Can Pastilla,2025-06-21 08:00:00,37.0,77.264084
Can Pastilla,2025-06-21 09:00:00,42.0,78.52331
Can Pastilla,2025-06-21 10:00:00,57.0,76.32399
Can Pastilla,2025-06-21 11:00:00,33.0,104.70966
Can Pastilla,2025-06-21 12:00:00,208.0,111.316734
Can Pastilla,2025-06-21 13:00:00,140.0,116.004135
Can Pastilla,2025-06-21 14:00:00,93.0,109.81778
Can Pastilla,2025-06-21 15:00:00,123.0,49.129395
Can Pastilla,2025-06-21 16:00:00,37.0,38.468277
Can Pastilla,2025-06-21 17:00:00,58.0,34.981686
Can Pastilla,2025-06-21 18:00:00,33.0,48.698677
Can Pastilla,2025-06-21 19:00:00,50.0,50.60724
Can Pastilla,2025-06-21 20:00:00,103.0,65.427925
Can Pastilla,2025-06-22 08:00:00,53.0,68.55711
Can Pastilla,2025-06-22 09:00:00,52.0,64.022064
Can Pastilla,2025-06-22 10:00:00,41.0,75.11614
Can Pastilla,2025-06-22 11:00:00,54.0,57.23732
Can Pastilla,2025-06-22 12:00:00,211.0,73.96273
Can Pastilla,2025-06-22 13:00:00,24.0,76.89771
Can Pastilla,2025-06-22 14:00:00,46.0,67.43089
Can Pastilla,2025-06-22 15:00:00,27.0,33.68131
Can Pastilla,2025-06-22 16:00:00,30.0,31.233337
Can Pastilla,2025-06-22 18:00:00,108.0,37.693302
Can Pastilla,2025-06-22 19:00:00,231.0,51.422638
Can Pastilla,2025-06-22 20:00:00,272.0,62.55606
Can Pastilla,2025-06-23 08:00:00,67.0,65.5526
Can Pastilla,2025-06-23 09:00:00,53.0,66.27997
Can Pastilla,2025-06-23 10:00:00,43.0,73.46468
Can Pastilla,2025-06-23 11:00:00,60.0,103.18109
Can Pastilla,2025-06-23 12:00:00,53.0,107.31685
Can Pastilla,2025-06-23 13:00:00,248.0,112.91418
Can Pastilla,2025-06-23 14:00:00,98.0,117.875336
Can Pastilla,2025-06-23 15:00:00,57.0,75.52429
Can Pastilla,2025-06-23 16:00:00,32.0,52.815628
Can Pastilla,2025-06-23 17:00:00,36.0,29.158257
Can Pastilla,2025-06-23 18:00:00,31.0,31.425133
Can Pastilla,2025-06-23 19:00:00,29.0,48.2112
Can Pastilla,2025-06-23 20:00:00,36.0,57.066803
Can Pastilla,2025-06-24 08:00:00,51.0,64.220825
Can Pastilla,2025-06-24 09:00:00,64.0,66.12727
Can Pastilla,2025-06-24 10:00:00,40.0,76.71704
Can Pastilla,2025-06-24 11:00:00,60.0,104.98201
Can Pastilla,2025-06-24 12:00:00,37.0,103.00312
Can Pastilla,2025-06-24 13:00:00,29.0,112.054375
Can Pastilla,2025-06-24 14:00:00,134.0,113.30334
Can Pastilla,2025-06-24 15:00:00,122.0,105.437614
Can Pastilla,2025-06-24 16:00:00,24.0,56.12735
Can Pastilla,2025-06-24 17:00:00,10.0,36.250244
Can Pastilla,2025-06-24 18:00:00,70.0,39.231438
Can Pastilla,2025-06-24 19:00:00,34.0,55.59713
Can Pastilla,2025-06-24 20:00:00,46.0,59.51595
Can Pastilla,2025-06-25 08:00:00,99.0,69.486
Can Pastilla,2025-06-25 09:00:00,70.0,100.95414
Can Pastilla,2025-06-25 10:00:00,37.0,104.43143
Can Pastilla,2025-06-25 11:00:00,38.0,107.86825
Can Pastilla,2025-06-25 12:00:00,53.0,113.158585
Can Pastilla,2025-06-25 13:00:00,23.0,112.23136
Can Pastilla,2025-06-25 14:00:00,27.0,129.06578
Can Pastilla,2025-06-25 15:00:00,57.0,110.79991
Can Pastilla,2025-06-25 16:00:00,16.0,59.75826
Can Pastilla,2025-06-25 17:00:00,6.0,32.951794
Can Pastilla,2025-06-25 18:00:00,66.0,32.80279
Can Pastilla,2025-06-25 19:00:00,132.0,46.57422
Can Pastilla,2025-06-25 20:00:00,41.0,55.801643
Can Pastilla,2025-06-26 08:00:00,52.0,66.4426
Can Pastilla,2025-06-26 09:00:00,57.0,67.27675
Can Pastilla,2025-06-26 10:00:00,56.0,83.294495
Can Pastilla,2025-06-26 11:00:00,56.0,67.481125
Can Pastilla,2025-06-26 12:00:00,42.0,69.07263
Can Pastilla,2025-06-26 13:00:00,30.0,70.47854
Can Pastilla,2025-06-26 14:00:00,13.0,68.24704
Can Pastilla,2025-06-26 15:00:00,153.0,58.466827
Can Pastilla,2025-06-26 16:00:00,109.0,46.96483
Can Pastilla,2025-06-26 17:00:00,5.0,38.873413
Can Pastilla,2025-06-26 18:00:00,115.0,34.75628
Can Pastilla,2025-06-26 19:00:00,184.0,41.88782
Can Pastilla,2025-06-26 20:00:00,340.0,65.39917
Can Pastilla,2025-06-27 08:00:00,72.0,70.47719
Can Pastilla,2025-06-27 09:00:00,58.0,77.94057
Can Pastilla,2025-06-27 10:00:00,42.0,73.50695
Can Pastilla,2025-06-27 11:00:00,47.0,73.948326
Can Pastilla,2025-06-27 12:00:00,58.0,69.68006
Can Pastilla,2025-06-27 13:00:00,61.0,65.30575
Can Pastilla,2025-06-27 14:00:00,144.0,50.723053
Can Pastilla,2025-06-27 15:00:00,115.0,47.07949
Can Pastilla,2025-06-27 16:00:00,169.0,36.79408
Can Pastilla,2025-06-27 17:00:00,5.0,35.677254
Can Pastilla,2025-06-27 18:00:00,56.0,37.369938
Can Pastilla,2025-06-27 19:00:00,112.0,43.42667
Can Pastilla,2025-06-27 20:00:00,70.0,51.07395
Can Pastilla,2025-06-28 08:00:00,34.0,53.997414
Can Pastilla,2025-06-28 09:00:00,50.0,50.244534
Can Pastilla,2025-06-28 10:00:00,46.0,44.25771
Can Pastilla,2025-06-28 11:00:00,47.0,46.138363
Can Pastilla,2025-06-28 12:00:00,53.0,45.811913
Can Pastilla,2025-06-28 13:00:00,24.0,41.16753
Can Pastilla,2025-06-28 14:00:00,24.0,48.95099
Can Pastilla,2025-06-28 15:00:00,9.0,49.203743
Can Pastilla,2025-06-28 16:00:00,91.0,33.024624
Can Pastilla,2025-06-28 17:00:00,4.0,28.344526
Can Pastilla,2025-06-28 18:00:00,123.0,30.486645
Can Pastilla,2025-06-28 19:00:00,108.0,29.219849
Can Pastilla,2025-06-28 20:00:00,53.0,47.270676
Can Pastilla,2025-06-29 08:00:00,78.0,61.65421
Can Pastilla,2025-06-29 09:00:00,48.0,58.788593
Can Pastilla,2025-06-29 10:00:00,57.0,64.08475
Can Pastilla,2025-06-29 11:00:00,46.0,98.59464
Can Pastilla,2025-06-29 12:00:00,27.0,92.4692
Can Pastilla,2025-06-29 13:00:00,113.0,94.64935
Can Pastilla,2025-06-29 14:00:00,33.0,99.69055
Can Pastilla,2025-06-29 15:00:00,19.0,91.08544
Can Pastilla,2025-06-29 16:00:00,106.0,55.6945
Can Pastilla,2025-06-29 17:00:00,6.0,42.491516
Can Pastilla,2025-06-29 18:00:00,31.0,28.940134
Can Pastilla,2025-06-29 19:00:00,28.0,84.00541
Can Pastilla,2025-06-29 20:00:00,21.0,53.667473
Can Pastilla,2025-06-30 08:00:00,12.0,83.29233
Can Pastilla,2025-06-30 09:00:00,25.0,108.0576
Can Pastilla,2025-06-30 10:00:00,28.0,101.31933
Can Pastilla,2025-06-30 11:00:00,36.0,104.362434
Can Pastilla,2025-06-30 12:00:00,27.0,101.88559
Can Pastilla,2025-06-30 13:00:00,260.0,101.77513
Can Pastilla,2025-06-30 14:00:00,177.0,106.51089
Can Pastilla,2025-06-30 15:00:00,133.0,95.6409
Can Pastilla,2025-06-30 16:00:00,9.0,51.719784
Can Pastilla,2025-06-30 17:00:00,7.0,33.931843
Can Pastilla,2025-06-30 18:00:00,41.0,30.691362
Can Pastilla,2025-06-30 19:00:00,70.0,44.20158
Can Pastilla,2025-06-30 20:00:00,47.0,49.204063
Can Pastilla,2025-07-01 08:00:00,55.0,69.250496
Can Pastilla,2025-07-01 09:00:00,50.0,101.84415
Can Pastilla,2025-07-01 10:00:00,59.0,106.58014
Can Pastilla,2025-07-01 11:00:00,47.0,105.187355
Can Pastilla,2025-07-01 12:00:00,47.0,103.03558
Can Pastilla,2025-07-01 13:00:00,181.0,112.39466
Can Pastilla,2025-07-01 14:00:00,161.0,115.69806
Can Pastilla,2025-07-01 15:00:00,331.0,101.56836
Can Pastilla,2025-07-01 16:00:00,56.0,61.63958
Can Pastilla,2025-07-01 17:00:00,7.0,34.33815
Can Pastilla,2025-07-01 18:00:00,10.0,27.657566
Can Pastilla,2025-07-01 19:00:00,23.0,30.338928
Can Pastilla,2025-07-01 20:00:00,19.0,45.768112
Can Pastilla,2025-07-02 08:00:00,16.0,65.39179
Can Pastilla,2025-07-02 09:00:00,41.0,68.823654
Can Pastilla,2025-07-02 10:00:00,42.0,79.4262
Can Pastilla,2025-07-02 11:00:00,36.0,106.62377
Can Pastilla,2025-07-02 12:00:00,13.0,108.64041
Can Pastilla,2025-07-02 13:00:00,46.0,116.11515
Can Pastilla,2025-07-02 14:00:00,44.0,126.52569
Can Pastilla,2025-07-02 15:00:00,113.0,105.24442
Can Pastilla,2025-07-02 16:00:00,27.0,46.202076
Can Pastilla,2025-07-02 17:00:00,7.0,46.515102
Can Pastilla,2025-07-02 18:00:00,66.0,36.421543
Can Pastilla,2025-07-02 19:00:00,32.0,49.972187
Can Pastilla,2025-07-02 20:00:00,61.0,63.03036
Can Pastilla,2025-07-03 08:00:00,43.0,80.60386
Can Pastilla,2025-07-03 09:00:00,24.0,110.3358
Can Pastilla,2025-07-03 10:00:00,33.0,116.47461
Can Pastilla,2025-07-03 11:00:00,42.0,116.68879
Can Pastilla,2025-07-03 12:00:00,37.0,120.39991
Can Pastilla,2025-07-03 13:00:00,131.0,127.80199
Can Pastilla,2025-07-03 14:00:00,157.0,131.45438
Can Pastilla,2025-07-03 15:00:00,183.0,79.76147
Can Pastilla,2025-07-03 16:00:00,32.0,57.59495
Can Pastilla,2025-07-03 17:00:00,5.0,47.517967
Can Pastilla,2025-07-03 18:00:00,6.0,68.7781
Can Pastilla,2025-07-03 19:00:00,134.0,73.93705
Can Pastilla,2025-07-03 20:00:00,139.0,75.1784
Can Pastilla,2025-07-04 08:00:00,20.0,64.92687
Can Pastilla,2025-07-04 09:00:00,113.0,47.69198
Can Pastilla,2025-07-04 10:00:00,4.0,40.563187
Can Pastilla,2025-07-04 11:00:00,70.0,37.933826
Can Pastilla,2025-07-04 12:00:00,87.0,43.86323
Can Pastilla,2025-07-04 13:00:00,53.0,54.251667
Can Pastilla,2025-07-04 14:00:00,58.0,65.08968
Can Pastilla,2025-07-04 15:00:00,57.0,77.1393
Can Pastilla,2025-07-04 16:00:00,40.0,74.31988
Can Pastilla,2025-07-04 17:00:00,53.0,79.622215
Can Pastilla,2025-07-04 18:00:00,46.0,76.05054
Can Pastilla,2025-07-04 19:00:00,69.0,81.28039
Can Pastilla,2025-07-04 20:00:00,47.0,37.59765
Can Pastilla,2025-07-05 08:00:00,16.0,22.480541
Can Pastilla,2025-07-05 09:00:00,33.0,30.239698
Can Pastilla,2025-07-05 10:00:00,154.0,32.80792
Can Pastilla,2025-07-05 11:00:00,332.0,47.410282
Can Pastilla,2025-07-05 12:00:00,77.0,54.513966
Can Pastilla,2025-07-05 13:00:00,88.0,57.872124
Can Pastilla,2025-07-05 14:00:00,52.0,60.830357
Can Pastilla,2025-07-05 15:00:00,53.0,57.001293
Can Pastilla,2025-07-05 16:00:00,35.0,54.208065
Can Pastilla,2025-07-05 17:00:00,63.0,54.49129
Can Pastilla,2025-07-05 18:00:00,251.0,46.71764
Can Pastilla,2025-07-05 19:00:00,45.0,52.456047
Can Pastilla,2025-07-05 20:00:00,26.0,40.874954
Can Pastilla,2025-07-06 08:00:00,36.0,20.300499
Can Pastilla,2025-07-06 09:00:00,4.0,30.291338
Can Pastilla,2025-07-06 10:00:00,200.0,30.613392
Can Pastilla,2025-07-06 11:00:00,324.0,48.405647
Can Pastilla,2025-07-06 12:00:00,79.0,53.68379
Can Pastilla,2025-07-06 13:00:00,52.0,60.666103
Can Pastilla,2025-07-06 14:00:00,32.0,73.14565
Can Pastilla,2025-07-06 15:00:00,20.0,70.93999
Can Pastilla,2025-07-06 16:00:00,43.0,63.933266
Can Pastilla,2025-07-06 17:00:00,42.0,81.4772
Can Pastilla,2025-07-06 18:00:00,85.0,82.06039
Can Pastilla,2025-07-06 19:00:00,68.0,90.12074
Can Pastilla,2025-07-06 20:00:00,18.0,94.53297
Can Pastilla,2025-07-07 08:00:00,107.0,44.454662
Can Pastilla,2025-07-07 09:00:00,5.0,35.529144
Can Pastilla,2025-07-07 10:00:00,75.0,31.24782
Can Pastilla,2025-07-07 11:00:00,106.0,44.369987
Can Pastilla,2025-07-07 12:00:00,73.0,58.6475
Can Pastilla,2025-07-07 13:00:00,57.0,56.832893
Can Pastilla,2025-07-07 14:00:00,48.0,66.68787
Can Pastilla,2025-07-07 15:00:00,52.0,67.25079
Can Pastilla,2025-07-07 16:00:00,49.0,66.87076
Can Pastilla,2025-07-07 17:00:00,27.0,71.53832
Can Pastilla,2025-07-07 18:00:00,114.0,75.42377
Can Pastilla,2025-07-07 19:00:00,156.0,75.534386
Can Pastilla,2025-07-07 20:00:00,129.0,77.03347
Can Pastilla,2025-07-08 08:00:00,46.0,37.946846
Can Pastilla,2025-07-08 09:00:00,6.0,39.784267
Can Pastilla,2025-07-09 10:00:00,132.0,37.93233
Can Pastilla,2025-07-09 11:00:00,37.0,51.030132
Can Pastilla,2025-07-09 12:00:00,51.0,57.624687
Can Pastilla,2025-07-09 13:00:00,61.0,68.52391
Can Pastilla,2025-07-09 14:00:00,46.0,113.40046
Can Pastilla,2025-07-09 15:00:00,56.0,123.62203
Can Pastilla,2025-07-09 16:00:00,43.0,86.293564
Can Pastilla,2025-07-09 17:00:00,35.0,75.3616
Can Pastilla,2025-07-09 18:00:00,31.0,80.30297
Can Pastilla,2025-07-09 19:00:00,48.0,87.37233
Can Pastilla,2025-07-09 20:00:00,19.0,79.48692
Can Pastilla,2025-07-10 08:00:00,28.0,31.801756
Can Pastilla,2025-07-10 09:00:00,7.0,35.514843
Can Pastilla,2025-07-10 10:00:00,112.0,34.301956
Can Pastilla,2025-07-10 11:00:00,115.0,40.44857
Can Pastilla,2025-07-10 12:00:00,76.0,48.431267
Can Pastilla,2025-07-10 13:00:00,66.0,56.513767
Can Pastilla,2025-07-10 14:00:00,33.0,59.152214
Can Pastilla,2025-07-10 15:00:00,45.0,60.363316
Can Pastilla,2025-07-10 16:00:00,67.0,48.565914
Can Pastilla,2025-07-10 17:00:00,47.0,58.52678
Can Pastilla,2025-07-10 18:00:00,22.0,64.7514
Can Pastilla,2025-07-10 19:00:00,11.0,67.342415
Can Pastilla,2025-07-10 20:00:00,12.0,34.198914
Can Pastilla,2025-07-11 08:00:00,126.0,23.499964
Can Pastilla,2025-07-11 09:00:00,7.0,32.514927
Can Pastilla,2025-07-11 10:00:00,20.0,34.64959
Can Pastilla,2025-07-11 11:00:00,44.0,44.391834
Can Pastilla,2025-07-11 12:00:00,62.0,50.619843
Can Pastilla,2025-07-11 13:00:00,71.0,57.97501
Can Pastilla,2025-07-11 14:00:00,66.0,61.693134
Can Pastilla,2025-07-11 15:00:00,45.0,63.99962
Can Pastilla,2025-07-11 16:00:00,62.0,68.27292
Can Pastilla,2025-07-11 17:00:00,53.0,63.338425
Can Pastilla,2025-07-11 18:00:00,67.0,64.43848
Can Pastilla,2025-07-11 19:00:00,20.0,90.92598
Can Pastilla,2025-07-11 20:00:00,83.0,77.9967
Can Pastilla,2025-07-12 08:00:00,25.0,37.68692
Can Pastilla,2025-07-12 09:00:00,16.0,31.44079
Can Pastilla,2025-07-12 10:00:00,123.0,29.601307
Can Pastilla,2025-07-12 11:00:00,206.0,41.31714
Can Pastilla,2025-07-12 12:00:00,48.0,48.721943
Can Pastilla,2025-07-12 13:00:00,102.0,65.200386
Can Pastilla,2025-07-12 14:00:00,34.0,71.54583
Can Pastilla,2025-07-12 15:00:00,36.0,69.61617
Can Pastilla,2025-07-12 16:00:00,36.0,66.28765
Can Pastilla,2025-07-12 17:00:00,39.0,64.529015
Can Pastilla,2025-07-12 18:00:00,17.0,47.888744
Can Pastilla,2025-07-12 19:00:00,7.0,50.357037
Can Pastilla,2025-07-12 20:00:00,15.0,41.398933
Can Pastilla,2025-07-13 08:00:00,22.0,20.31642
Can Pastilla,2025-07-13 09:00:00,6.0,28.10081
Can Pastilla,2025-07-13 10:00:00,64.0,31.725157
Can Pastilla,2025-07-13 11:00:00,81.0,35.215683
Can Pastilla,2025-07-13 12:00:00,17.0,37.621433
Can Pastilla,2025-07-13 13:00:00,27.0,56.041405
Can Pastilla,2025-07-13 14:00:00,19.0,46.108814
Can Pastilla,2025-07-13 15:00:00,9.0,43.407337
Can Pastilla,2025-07-13 16:00:00,10.0,52.276527
Can Pastilla,2025-07-13 17:00:00,6.0,53.57923
Can Pastilla,2025-07-13 18:00:00,33.0,53.958096
Can Pastilla,2025-07-13 19:00:00,15.0,38.985703
Can Pastilla,2025-07-13 20:00:00,102.0,34.94967
Can Pastilla,2025-07-15 15:00:00,4.0,27.08469
Can Pastilla,2025-07-15 16:00:00,11.0,23.010803
Can Pastilla,2025-07-15 17:00:00,90.0,32.167835
Can Pastilla,2025-07-15 18:00:00,9.0,39.560844
Can Pastilla,2025-07-15 19:00:00,27.0,55.50485
Can Pastilla,2025-07-15 20:00:00,19.0,65.350555
Can Pastilla,2025-07-16 08:00:00,24.0,62.67664
Can Pastilla,2025-07-16 09:00:00,29.0,60.832943
Can Pastilla,2025-07-16 10:00:00,41.0,58.390194
Can Pastilla,2025-07-16 11:00:00,279.0,59.770355
Can Pastilla,2025-07-16 12:00:00,210.0,54.658062
Can Pastilla,2025-07-16 13:00:00,152.0,46.04021
Can Pastilla,2025-07-16 14:00:00,31.0,33.15377
Can Pastilla,2025-07-16 16:00:00,6.0,28.625269
Can Pastilla,2025-07-16 17:00:00,16.0,34.28341
Can Pastilla,2025-07-16 18:00:00,29.0,45.950012
Can Pastilla,2025-07-16 19:00:00,18.0,49.495155
Can Pastilla,2025-07-16 20:00:00,24.0,60.1863
Can Pastilla,2025-07-17 08:00:00,28.0,70.25871
Can Pastilla,2025-07-17 09:00:00,20.0,67.016785
Can Pastilla,2025-07-17 10:00:00,33.0,79.61379
Can Pastilla,2025-07-17 11:00:00,36.0,72.93683
Can Pastilla,2025-07-17 12:00:00,32.0,80.08304
Can Pastilla,2025-07-17 13:00:00,139.0,85.26044
Can Pastilla,2025-07-17 14:00:00,114.0,77.71567
Can Pastilla,2025-07-17 15:00:00,8.0,46.208588
Can Pastilla,2025-07-17 16:00:00,12.0,32.66207
Can Pastilla,2025-07-17 17:00:00,92.0,35.392147
Can Pastilla,2025-07-17 18:00:00,33.0,46.6977
Can Pastilla,2025-07-17 19:00:00,44.0,57.8916
Can Pastilla,2025-07-17 20:00:00,37.0,76.73102
Can Pastilla,2025-07-18 08:00:00,43.0,81.712944
Can Pastilla,2025-07-18 09:00:00,51.0,115.11523
Can Pastilla,2025-07-18 10:00:00,41.0,122.31665
Can Pastilla,2025-07-18 11:00:00,19.0,118.391075
Can Pastilla,2025-07-18 12:00:00,36.0,120.063805
Can Pastilla,2025-07-18 13:00:00,31.0,123.00618
Can Pastilla,2025-07-18 14:00:00,44.0,114.92821
Can Pastilla,2025-07-18 15:00:00,9.0,56.83812
Can Pastilla,2025-07-18 16:00:00,17.0,45.954212
Can Pastilla,2025-07-18 17:00:00,175.0,30.77667
Can Pastilla,2025-07-18 18:00:00,219.0,41.582664
Can Pastilla,2025-07-18 19:00:00,49.0,51.83617
Can Pastilla,2025-07-18 20:00:00,57.0,62.712097
Can Pastilla,2025-07-19 08:00:00,38.0,73.86818
Can Pastilla,2025-07-19 09:00:00,37.0,93.39801
Can Pastilla,2025-07-19 10:00:00,27.0,92.49802
Can Pastilla,2025-07-19 11:00:00,23.0,98.89582
Can Pastilla,2025-07-19 12:00:00,48.0,104.37364
Can Pastilla,2025-07-19 13:00:00,127.0,103.6662
Can Pastilla,2025-07-19 14:00:00,107.0,95.352196
Can Pastilla,2025-07-19 15:00:00,27.0,42.680206
Can Pastilla,2025-07-19 16:00:00,5.0,29.149797
Can Pastilla,2025-07-19 17:00:00,12.0,26.269835
Can Pastilla,2025-07-19 18:00:00,148.0,21.389265
Can Pastilla,2025-07-19 19:00:00,22.0,28.941254
Can Pastilla,2025-07-19 20:00:00,25.0,44.86439
Can Pastilla,2025-07-20 08:00:00,12.0,47.079884
Can Pastilla,2025-07-20 09:00:00,23.0,72.117836
Can Pastilla,2025-07-20 10:00:00,21.0,83.428185
Can Pastilla,2025-07-20 11:00:00,30.0,86.93321
Can Pastilla,2025-07-20 12:00:00,76.0,87.519226
Can Pastilla,2025-07-20 13:00:00,37.0,92.522026
Can Pastilla,2025-07-20 14:00:00,27.0,79.6903
Can Pastilla,2025-07-20 15:00:00,7.0,38.573845
Can Pastilla,2025-07-20 16:00:00,8.0,32.79843
Can Pastilla,2025-07-20 17:00:00,86.0,31.715742
Can Pastilla,2025-07-20 18:00:00,119.0,41.16707
Can Pastilla,2025-07-20 19:00:00,53.0,47.743385
Can Pastilla,2025-07-20 20:00:00,43.0,40.166134
Can Pastilla,2025-07-21 08:00:00,20.0,60.077126
Can Pastilla,2025-07-21 09:00:00,20.0,57.001114
Can Pastilla,2025-07-21 10:00:00,21.0,56.020462
Can Pastilla,2025-07-21 11:00:00,34.0,59.19488
Can Pastilla,2025-07-21 12:00:00,201.0,62.76637
Can Pastilla,2025-07-21 13:00:00,107.0,62.94961
Can Pastilla,2025-07-21 14:00:00,130.0,49.413177
Can Pastilla,2025-07-21 15:00:00,16.0,33.538914
Can Pastilla,2025-07-21 16:00:00,14.0,32.959576
Can Pastilla,2025-07-21 17:00:00,34.0,25.87027
Can Pastilla,2025-07-21 18:00:00,44.0,41.60203
Can Pastilla,2025-07-21 19:00:00,68.0,53.172268
Can Pastilla,2025-07-21 20:00:00,55.0,54.03388
Can Pastilla,2025-07-22 08:00:00,55.0,62.34608
Can Pastilla,2025-07-22 09:00:00,37.0,59.397747
Can Pastilla,2025-07-22 10:00:00,27.0,55.332657
Can Pastilla,2025-07-22 11:00:00,26.0,56.5465
Can Pastilla,2025-07-22 12:00:00,42.0,58.843918
Can Pastilla,2025-07-22 13:00:00,21.0,55.282394
Can Pastilla,2025-07-22 14:00:00,25.0,44.92533
Can Pastilla,2025-07-22 15:00:00,23.0,33.386234
Can Pastilla,2025-07-22 16:00:00,5.0,32.91901
Can Pastilla,2025-07-22 17:00:00,42.0,35.025166
Can Pastilla,2025-07-22 18:00:00,156.0,39.20581
Can Pastilla,2025-07-22 19:00:00,57.0,41.770184
Can Pastilla,2025-07-22 20:00:00,67.0,56.832035
Can Pastilla,2025-07-23 08:00:00,34.0,55.16453
Can Pastilla,2025-07-23 09:00:00,44.0,53.54359
Can Pastilla,2025-07-23 10:00:00,50.0,60.05346
Can Pastilla,2025-07-23 11:00:00,18.0,53.054043
Can Pastilla,2025-07-23 12:00:00,193.0,57.953156
Can Pastilla,2025-07-23 13:00:00,116.0,48.122032
Can Pastilla,2025-07-23 14:00:00,140.0,45.884888
Can Pastilla,2025-07-23 15:00:00,16.0,31.314966
Can Pastilla,2025-07-23 16:00:00,16.0,32.61101
Can Pastilla,2025-07-23 17:00:00,60.0,25.12477
Can Pastilla,2025-07-23 18:00:00,60.0,39.69526
Can Pastilla,2025-07-23 19:00:00,52.0,54.489876
Can Pastilla,2025-07-23 20:00:00,49.0,57.68659
Can Pastilla,2025-07-24 08:00:00,64.0,57.957874
Can Pastilla,2025-07-24 09:00:00,30.0,55.523262
Can Pastilla,2025-07-24 10:00:00,36.0,52.534657
Can Pastilla,2025-07-24 11:00:00,26.0,50.61048
Can Pastilla,2025-07-24 12:00:00,236.0,44.839363
Can Pastilla,2025-07-24 13:00:00,70.0,34.38545
Can Pastilla,2025-07-24 14:00:00,71.0,28.89563
Can Pastilla,2025-07-24 15:00:00,23.0,18.980803
Can Pastilla,2025-07-24 17:00:00,7.0,14.531545
Can Pastilla,2025-07-24 18:00:00,71.0,26.339483
Can Pastilla,2025-07-24 19:00:00,23.0,30.794882
Can Pastilla,2025-07-24 20:00:00,56.0,35.588192
Can Pastilla,2025-07-25 08:00:00,32.0,48.366898
Can Pastilla,2025-07-25 09:00:00,38.0,43.859077
Can Pastilla,2025-07-25 10:00:00,51.0,40.107327
Can Pastilla,2025-07-25 11:00:00,39.0,42.595825
Can Pastilla,2025-07-25 12:00:00,27.0,44.1517
Can Pastilla,2025-07-25 13:00:00,15.0,40.08748
Can Pastilla,2025-07-25 14:00:00,14.0,36.80309
Can Pastilla,2025-07-25 15:00:00,18.0,35.070835
Can Pastilla,2025-07-25 16:00:00,16.0,31.99382
Can Pastilla,2025-07-25 17:00:00,5.0,38.073933
Can Pastilla,2025-07-25 18:00:00,217.0,28.02421
Can Pastilla,2025-07-25 19:00:00,366.0,34.131844
Can Pastilla,2025-07-25 20:00:00,66.0,51.935787
Can Pastilla,2025-07-26 08:00:00,40.0,52.156277
Can Pastilla,2025-07-26 09:00:00,28.0,51.502525
Can Pastilla,2025-07-26 10:00:00,41.0,51.80541
Can Pastilla,2025-07-26 11:00:00,54.0,47.902077
Can Pastilla,2025-07-26 12:00:00,33.0,49.134785
Can Pastilla,2025-07-26 13:00:00,18.0,40.24213
Can Pastilla,2025-07-26 14:00:00,18.0,30.428469
Can Pastilla,2025-07-26 15:00:00,15.0,37.06045
Can Pastilla,2025-07-26 16:00:00,8.0,32.36423
Can Pastilla,2025-07-26 17:00:00,5.0,29.401142
Can Pastilla,2025-07-26 18:00:00,288.0,25.650932
Can Pastilla,2025-07-26 19:00:00,144.0,34.52582
Can Pastilla,2025-07-26 20:00:00,82.0,47.44477
Can Pastilla,2025-07-27 08:00:00,72.0,52.34365
Can Pastilla,2025-07-27 09:00:00,49.0,49.3014
Can Pastilla,2025-07-27 10:00:00,41.0,55.11858
Can Pastilla,2025-07-27 11:00:00,39.0,50.580376
Can Pastilla,2025-07-27 12:00:00,34.0,53.527527
Can Pastilla,2025-07-27 13:00:00,36.0,56.9002
Can Pastilla,2025-07-27 14:00:00,56.0,48.099873
Can Pastilla,2025-07-27 15:00:00,161.0,40.857063
Can Pastilla,2025-07-27 16:00:00,18.0,21.946953
Can Pastilla,2025-07-27 17:00:00,10.0,34.72884
Can Pastilla,2025-07-27 18:00:00,41.0,28.643013
Can Pastilla,2025-07-27 19:00:00,29.0,43.553234
Can Pastilla,2025-07-27 20:00:00,80.0,48.24391
Can Pastilla,2025-07-28 08:00:00,39.0,53.95344
Can Pastilla,2025-07-28 09:00:00,41.0,57.868797
Can Pastilla,2025-07-28 10:00:00,50.0,63.783752
Can Pastilla,2025-07-28 11:00:00,26.0,65.35718
Can Pastilla,2025-07-28 12:00:00,21.0,65.35257
Can Pastilla,2025-07-28 13:00:00,207.0,61.93014
Can Pastilla,2025-07-28 14:00:00,217.0,44.611794
Can Pastilla,2025-07-28 15:00:00,274.0,36.43837
Can Pastilla,2025-07-28 16:00:00,21.0,25.391064
Can Pastilla,2025-07-28 17:00:00,8.0,32.768044
Can Pastilla,2025-07-28 18:00:00,37.0,31.246641
Can Pastilla,2025-07-28 19:00:00,87.0,34.869305
Can Pastilla,2025-07-28 20:00:00,72.0,50.772404
Can Pastilla,2025-07-29 08:00:00,51.0,60.714016
Can Pastilla,2025-07-29 09:00:00,47.0,66.96461
Can Pastilla,2025-07-29 10:00:00,75.0,62.201397
Can Pastilla,2025-07-29 11:00:00,64.0,62.504745
Can Pastilla,2025-07-29 12:00:00,27.0,62.255093
Can Pastilla,2025-07-29 13:00:00,38.0,56.821175
Can Pastilla,2025-07-29 14:00:00,120.0,47.712135
Can Pastilla,2025-07-29 15:00:00,54.0,33.995815
Can Pastilla,2025-07-29 16:00:00,25.0,34.638817
Can Pastilla,2025-07-29 17:00:00,8.0,31.19367
Can Pastilla,2025-07-29 18:00:00,329.0,32.0539
Can Pastilla,2025-07-29 19:00:00,49.0,38.760998
Can Pastilla,2025-07-29 20:00:00,60.0,44.232765
Can Pastilla,2025-07-30 08:00:00,41.0,49.277348
Can Pastilla,2025-07-30 09:00:00,45.0,50.64542
Can Pastilla,2025-07-30 10:00:00,61.0,56.89629
Can Pastilla,2025-07-30 11:00:00,54.0,59.98836
Can Pastilla,2025-07-30 12:00:00,30.0,57.796886
Can Pastilla,2025-07-30 13:00:00,25.0,52.06643
Can Pastilla,2025-07-30 14:00:00,19.0,39.75012
Can Pastilla,2025-07-30 15:00:00,12.0,33.605446
Can Pastilla,2025-07-30 16:00:00,26.0,33.459755
Can Pastilla,2025-07-30 17:00:00,5.0,28.679419
Can Pastilla,2025-07-30 18:00:00,95.0,31.739317
Can Pastilla,2025-07-30 19:00:00,32.0,37.861134
Can Pastilla,2025-07-30 20:00:00,64.0,48.398106
Can Pastilla,2025-07-31 08:00:00,52.0,55.63135
Can Pastilla,2025-07-31 09:00:00,55.0,60.67386
Can Pastilla,2025-07-31 10:00:00,68.0,55.285175
Can Pastilla,2025-07-31 11:00:00,56.0,53.85434
Can Pastilla,2025-07-31 12:00:00,30.0,57.60058
Can Pastilla,2025-07-31 13:00:00,40.0,52.674465
Can Pastilla,2025-07-31 14:00:00,59.0,44.51445
Can Pastilla,2025-07-31 15:00:00,118.0,38.375137
Can Pastilla,2025-07-31 16:00:00,17.0,32.36562
Can Pastilla,2025-07-31 17:00:00,25.0,34.36975
Can Pastilla,2025-07-31 18:00:00,229.0,27.008347
Can Pastilla,2025-07-31 19:00:00,341.0,36.545456
Can Pastilla,2025-07-31 20:00:00,84.0,46.579357
Can Pastilla,2025-08-01 08:00:00,76.0,61.18397
Can Pastilla,2025-08-01 09:00:00,31.0,55.9195
Can Pastilla,2025-08-01 10:00:00,56.0,60.275116
Can Pastilla,2025-08-01 11:00:00,57.0,57.996346
Can Pastilla,2025-08-01 12:00:00,41.0,60.914658
Can Pastilla,2025-08-01 13:00:00,53.0,57.377613
Can Pastilla,2025-08-01 14:00:00,6.0,46.636837
Can Pastilla,2025-08-01 15:00:00,11.0,36.13508
Can Pastilla,2025-08-01 16:00:00,5.0,27.547108
Can Pastilla,2025-08-01 17:00:00,305.0,29.527287
Can Pastilla,2025-08-01 18:00:00,382.0,35.921738
Can Pastilla,2025-08-01 19:00:00,89.0,47.838345
Can Pastilla,2025-08-01 20:00:00,58.0,64.26942
Can Pastilla,2025-08-02 08:00:00,56.0,66.40085
Can Pastilla,2025-08-02 09:00:00,57.0,61.468002
Can Pastilla,2025-08-02 10:00:00,57.0,65.991806
Can Pastilla,2025-08-02 11:00:00,79.0,61.024776
Can Pastilla,2025-08-02 12:00:00,229.0,59.720406
Can Pastilla,2025-08-02 13:00:00,41.0,55.576874
Can Pastilla,2025-08-02 14:00:00,7.0,40.82255
Can Pastilla,2025-08-02 15:00:00,20.0,30.954428
Can Pastilla,2025-08-02 16:00:00,4.0,29.814367
Can Pastilla,2025-08-02 17:00:00,126.0,32.98178
Can Pastilla,2025-08-02 18:00:00,216.0,39.539726
Can Pastilla,2025-08-02 19:00:00,78.0,53.46176
Can Pastilla,2025-08-02 20:00:00,58.0,65.30567
Can Pastilla,2025-08-03 08:00:00,44.0,68.12374
Can Pastilla,2025-08-03 09:00:00,53.0,64.00623
Can Pastilla,2025-08-03 10:00:00,66.0,63.567276
Can Pastilla,2025-08-03 11:00:00,52.0,63.683792
Can Pastilla,2025-08-03 12:00:00,240.0,61.167988
Can Pastilla,2025-08-03 13:00:00,203.0,55.623474
Can Pastilla,2025-08-03 14:00:00,172.0,46.976295
Can Pastilla,2025-08-03 15:00:00,16.0,33.969418
Can Pastilla,2025-08-03 16:00:00,7.0,30.704357
Can Pastilla,2025-08-03 17:00:00,28.0,19.93476
Can Pastilla,2025-08-03 18:00:00,59.0,37.351307
Can Pastilla,2025-08-03 19:00:00,87.0,53.63912
Can Pastilla,2025-08-03 20:00:00,75.0,57.93276
Can Pastilla,2025-08-04 08:00:00,56.0,65.58639
Can Pastilla,2025-08-04 09:00:00,52.0,61.602196
Can Pastilla,2025-08-04 10:00:00,44.0,65.745384
Can Pastilla,2025-08-04 11:00:00,48.0,73.88368
Can Pastilla,2025-08-04 12:00:00,66.0,76.38309
Can Pastilla,2025-08-04 13:00:00,132.0,77.29115
Can Pastilla,2025-08-04 14:00:00,191.0,47.755142
Can Pastilla,2025-08-04 15:00:00,6.0,31.61321
Can Pastilla,2025-08-04 16:00:00,7.0,33.612186
Can Pastilla,2025-08-04 17:00:00,172.0,24.849419
Can Pastilla,2025-08-04 18:00:00,332.0,39.353825
Can Pastilla,2025-08-04 19:00:00,62.0,57.7063
Can Pastilla,2025-08-04 20:00:00,61.0,61.90237
Can Pastilla,2025-08-05 08:00:00,51.0,70.93657
Can Pastilla,2025-08-05 09:00:00,44.0,68.999
Can Pastilla,2025-08-05 10:00:00,64.0,61.824123
Can Pastilla,2025-08-05 11:00:00,51.0,61.36676
Can Pastilla,2025-08-05 12:00:00,16.0,61.74906
Can Pastilla,2025-08-05 13:00:00,18.0,59.482048
Can Pastilla,2025-08-05 14:00:00,28.0,45.50039
Can Pastilla,2025-08-05 15:00:00,4.0,38.650253
Can Pastilla,2025-08-05 16:00:00,6.0,35.938965
Can Pastilla,2025-08-05 17:00:00,300.0,33.768238
Can Pastilla,2025-08-05 18:00:00,368.0,38.786285
Can Pastilla,2025-08-05 19:00:00,70.0,45.95473
Can Pastilla,2025-08-05 20:00:00,62.0,72.661316
Can Pastilla,2025-08-06 08:00:00,50.0,77.75993
Can Pastilla,2025-08-06 09:00:00,49.0,67.44918
Can Pastilla,2025-08-06 10:00:00,77.0,62.60063
Can Pastilla,2025-08-06 11:00:00,69.0,56.09764
Can Pastilla,2025-08-06 12:00:00,31.0,61.594055
Can Pastilla,2025-08-06 13:00:00,35.0,65.117195
Can Pastilla,2025-08-06 14:00:00,19.0,58.390568
Can Pastilla,2025-08-06 15:00:00,6.0,32.488537
Can Pastilla,2025-08-06 16:00:00,6.0,25.293232
Can Pastilla,2025-08-06 17:00:00,70.0,34.819332
Can Pastilla,2025-08-06 18:00:00,155.0,43.955994
Can Pastilla,2025-08-06 19:00:00,80.0,55.20929
Can Pastilla,2025-08-06 20:00:00,79.0,65.59377
Can Pastilla,2025-08-07 08:00:00,49.0,77.048904
Can Pastilla,2025-08-07 09:00:00,43.0,74.34219
Can Pastilla,2025-08-07 10:00:00,77.0,70.22007
Can Pastilla,2025-08-07 11:00:00,48.0,70.162
Can Pastilla,2025-08-07 12:00:00,23.0,73.10331
Can Pastilla,2025-08-07 13:00:00,16.0,78.121544
Can Pastilla,2025-08-07 14:00:00,4.0,38.502384
Can Pastilla,2025-08-07 15:00:00,7.0,33.704887
Can Pastilla,2025-08-07 16:00:00,250.0,30.892311
Can Pastilla,2025-08-07 17:00:00,276.0,46.34949
Can Pastilla,2025-08-07 18:00:00,63.0,50.95441
Can Pastilla,2025-08-07 19:00:00,44.0,57.74142
Can Pastilla,2025-08-07 20:00:00,56.0,79.16594
Can Pastilla,2025-08-08 08:00:00,44.0,80.61306
Can Pastilla,2025-08-08 09:00:00,70.0,73.590065
Can Pastilla,2025-08-08 10:00:00,39.0,60.475014
Can Pastilla,2025-08-08 11:00:00,303.0,80.69095
Can Pastilla,2025-08-08 12:00:00,12.0,94.90381
Can Pastilla,2025-08-08 13:00:00,261.0,70.72322
Can Pastilla,2025-08-08 14:00:00,19.0,44.48897
Can Pastilla,2025-08-08 15:00:00,6.0,36.078712
Can Pastilla,2025-08-08 16:00:00,68.0,33.44733
Can Pastilla,2025-08-08 17:00:00,109.0,44.392307
Can Pastilla,2025-08-08 18:00:00,80.0,57.57955
Can Pastilla,2025-08-08 19:00:00,18.0,69.43291
Can Pastilla,2025-08-08 20:00:00,37.0,79.53138
Can Pastilla,2025-08-09 08:00:00,39.0,68.19895
Can Pastilla,2025-08-09 09:00:00,27.0,71.993835
Can Pastilla,2025-08-09 10:00:00,24.0,75.50206
Can Pastilla,2025-08-09 11:00:00,8.0,73.47019
Can Pastilla,2025-08-09 12:00:00,16.0,75.16394
Can Pastilla,2025-08-09 13:00:00,15.0,61.30644
Can Pastilla,2025-08-09 14:00:00,15.0,30.239178
Can Pastilla,2025-08-09 15:00:00,5.0,29.794678
Can Pastilla,2025-08-09 16:00:00,10.0,34.857533
Can Pastilla,2025-08-09 17:00:00,19.0,35.649452
Can Pastilla,2025-08-09 18:00:00,29.0,33.54214
Can Pastilla,2025-08-09 19:00:00,11.0,45.99712
Can Pastilla,2025-08-09 20:00:00,10.0,43.6229
Can Pastilla,2025-08-10 08:00:00,10.0,64.70754
Can Pastilla,2025-08-10 09:00:00,23.0,70.08328
Can Pastilla,2025-08-10 10:00:00,30.0,79.265335
Can Pastilla,2025-08-10 11:00:00,30.0,83.85643
Can Pastilla,2025-08-10 12:00:00,19.0,79.642784
Can Pastilla,2025-08-10 13:00:00,10.0,72.136955
Can Pastilla,2025-08-10 14:00:00,4.0,39.330402
Can Pastilla,2025-08-10 15:00:00,10.0,39.137165
Can Pastilla,2025-08-10 16:00:00,243.0,31.590368
Can Pastilla,2025-08-10 18:00:00,366.0,34.44341
Can Pastilla,2025-08-10 19:00:00,36.0,35.312805
Can Pastilla,2025-08-10 20:00:00,30.0,52.955433
Can Pastilla,2025-08-11 08:00:00,10.0,44.15367
Can Pastilla,2025-08-11 09:00:00,11.0,58.286068
Can Pastilla,2025-08-11 10:00:00,20.0,69.518196
Can Pastilla,2025-08-11 11:00:00,18.0,70.44657
Can Pastilla,2025-08-11 12:00:00,203.0,83.48809
Can Pastilla,2025-08-11 13:00:00,196.0,84.79737
Can Pastilla,2025-08-11 14:00:00,6.0,66.26245
Can Pastilla,2025-08-11 15:00:00,6.0,41.117046
Can Pastilla,2025-08-11 16:00:00,5.0,37.66554
Can Pastilla,2025-08-11 17:00:00,90.0,33.230274
Can Pastilla,2025-08-11 18:00:00,34.0,43.655273
Can Pastilla,2025-08-11 19:00:00,48.0,52.62795
Can Pastilla,2025-08-11 20:00:00,26.0,79.00708
Can Pastilla,2025-08-12 08:00:00,27.0,98.01256
Can Pastilla,2025-08-12 09:00:00,38.0,99.91104
Can Pastilla,2025-08-12 10:00:00,58.0,93.69384
Can Pastilla,2025-08-12 11:00:00,23.0,91.196396
Can Pastilla,2025-08-12 12:00:00,20.0,105.325966
Can Pastilla,2025-08-12 13:00:00,17.0,105.64846
Can Pastilla,2025-08-12 14:00:00,21.0,84.83729
Can Pastilla,2025-08-12 15:00:00,5.0,42.984043
Can Pastilla,2025-08-12 16:00:00,5.0,38.52142
Can Pastilla,2025-08-12 17:00:00,221.0,31.198206
Can Pastilla,2025-08-12 18:00:00,302.0,34.94402
Can Pastilla,2025-08-12 19:00:00,52.0,48.873203
Can Pastilla,2025-08-12 20:00:00,53.0,75.96096
Can Pastilla,2025-08-13 08:00:00,44.0,97.15008
Can Pastilla,2025-08-13 09:00:00,44.0,106.44712
Can Pastilla,2025-08-13 10:00:00,26.0,107.83568
Can Pastilla,2025-08-13 11:00:00,25.0,108.29031
Can Pastilla,2025-08-13 12:00:00,19.0,109.97308
Can Pastilla,2025-08-13 13:00:00,17.0,112.95384
Can Pastilla,2025-08-13 14:00:00,8.0,89.625656
Can Pastilla,2025-08-13 15:00:00,6.0,40.467896
Can Pastilla,2025-08-13 16:00:00,9.0,36.210064
Can Pastilla,2025-08-13 17:00:00,180.0,29.962492
Can Pastilla,2025-08-13 18:00:00,55.0,35.92078
Can Pastilla,2025-08-13 19:00:00,60.0,44.962532
Can Pastilla,2025-08-13 20:00:00,48.0,66.50427
Can Pastilla,2025-08-14 08:00:00,60.0,101.482666
Can Pastilla,2025-08-14 09:00:00,35.0,109.89072
Can Pastilla,2025-08-14 10:00:00,18.0,114.60238
Can Pastilla,2025-08-14 11:00:00,41.0,111.24532
Can Pastilla,2025-08-14 12:00:00,25.0,121.127365
Can Pastilla,2025-08-14 13:00:00,43.0,117.51105
Can Pastilla,2025-08-14 14:00:00,7.0,103.17902
Can Pastilla,2025-08-14 15:00:00,6.0,42.534348
Can Pastilla,2025-08-14 16:00:00,5.0,39.957657
Can Pastilla,2025-08-14 17:00:00,171.0,24.723783
Can Pastilla,2025-08-14 18:00:00,119.0,39.614746
Can Pastilla,2025-08-14 19:00:00,41.0,47.407707
Can Pastilla,2025-08-14 20:00:00,57.0,68.817024
Can Pastilla,2025-08-15 08:00:00,49.0,84.218895
Can Pastilla,2025-08-15 09:00:00,38.0,127.328545
Can Pastilla,2025-08-15 10:00:00,75.0,121.51474
Can Pastilla,2025-08-15 11:00:00,29.0,124.07994
Can Pastilla,2025-08-15 12:00:00,8.0,130.95448
Can Pastilla,2025-08-15 13:00:00,23.0,129.0468
Can Pastilla,2025-08-15 14:00:00,11.0,109.853516
Can Pastilla,2025-08-15 15:00:00,4.0,41.264126
Can Pastilla,2025-08-15 16:00:00,87.0,26.572842
Can Pastilla,2025-08-15 17:00:00,116.0,41.67704
Can Pastilla,2025-08-15 18:00:00,25.0,50.187115
Can Pastilla,2025-08-15 19:00:00,14.0,65.273186
Can Pastilla,2025-08-15 20:00:00,26.0,102.3378
Can Pastilla,2025-08-16 08:00:00,11.0,80.013336
Can Pastilla,2025-08-16 09:00:00,16.0,72.867546
Can Pastilla,2025-08-16 10:00:00,15.0,98.31318
Can Pastilla,2025-08-16 11:00:00,211.0,120.543755
Can Pastilla,2025-08-16 12:00:00,159.0,115.12291
Can Pastilla,2025-08-16 13:00:00,22.0,102.29617
Can Pastilla,2025-08-16 14:00:00,5.0,45.193745
Can Pastilla,2025-08-16 15:00:00,18.0,39.745533
Can Pastilla,2025-08-16 16:00:00,79.0,35.27883
Can Pastilla,2025-08-16 17:00:00,70.0,41.15502
Can Pastilla,2025-08-16 19:00:00,62.0,52.331676
Can Pastilla,2025-08-16 20:00:00,59.0,65.54968
Can Pastilla,2025-08-17 08:00:00,42.0,76.65105
Can Pastilla,2025-08-17 09:00:00,45.0,75.64537
Can Pastilla,2025-08-17 10:00:00,36.0,69.17274
Can Pastilla,2025-08-17 11:00:00,26.0,70.90186
Can Pastilla,2025-08-17 12:00:00,6.0,82.90568
Can Pastilla,2025-08-17 13:00:00,11.0,84.19557
Can Pastilla,2025-08-17 14:00:00,9.0,65.4598
Can Pastilla,2025-08-17 15:00:00,8.0,40.2544
Can Pastilla,2025-08-17 16:00:00,5.0,40.264153
Can Pastilla,2025-08-17 17:00:00,72.0,33.23158
Can Pastilla,2025-08-17 18:00:00,23.0,38.840534
Can Pastilla,2025-08-17 19:00:00,14.0,65.159134
Can Pastilla,2025-08-17 20:00:00,26.0,79.71877
Can Pastilla,2025-08-18 08:00:00,8.0,80.20588
Can Pastilla,2025-08-18 09:00:00,22.0,71.59841
Can Pastilla,2025-08-18 10:00:00,24.0,52.482693
Can Pastilla,2025-08-18 11:00:00,25.0,71.01295
Can Pastilla,2025-08-18 12:00:00,257.0,71.729996
Can Pastilla,2025-08-18 13:00:00,191.0,78.31863
Can Pastilla,2025-08-18 14:00:00,169.0,63.106777
Can Pastilla,2025-08-18 15:00:00,6.0,40.15421
Can Pastilla,2025-08-18 16:00:00,17.0,33.531
Can Pastilla,2025-08-18 17:00:00,11.0,26.963623
Can Pastilla,2025-08-18 18:00:00,22.0,30.936022
Can Pastilla,2025-08-18 19:00:00,15.0,34.032784
Can Pastilla,2025-08-18 20:00:00,41.0,48.33194
Can Pastilla,2025-08-19 08:00:00,12.0,62.05105
Can Pastilla,2025-08-19 09:00:00,21.0,51.404373
Can Pastilla,2025-08-19 10:00:00,41.0,55.01096
Can Pastilla,2025-08-19 11:00:00,34.0,54.783962
Can Pastilla,2025-08-19 12:00:00,61.0,38.9504
Can Pastilla,2025-08-19 13:00:00,16.0,34.14256
Can Pastilla,2025-08-19 14:00:00,18.0,22.588606
Can Pastilla,2025-08-19 15:00:00,19.0,19.26747
Can Pastilla,2025-08-19 16:00:00,6.0,21.56191
Can Pastilla,2025-08-19 17:00:00,16.0,56.97017
Can Pastilla,2025-08-19 18:00:00,13.0,47.686047
Can Pastilla,2025-08-19 19:00:00,13.0,50.399086
Can Pastilla,2025-08-19 20:00:00,17.0,35.79554
Can Pastilla,2025-08-20 08:00:00,174.0,29.304176
Can Pastilla,2025-08-20 09:00:00,142.0,46.209282
Can Pastilla,2025-08-20 10:00:00,68.0,48.956455
Can Pastilla,2025-08-20 11:00:00,6.0,29.341032
Can Pastilla,2025-08-20 12:00:00,19.0,29.6179
Can Pastilla,2025-08-20 13:00:00,33.0,23.1322
Can Pastilla,2025-08-20 14:00:00,40.0,30.77084
Can Pastilla,2025-08-20 15:00:00,10.0,41.129944
Can Pastilla,2025-08-20 16:00:00,19.0,53.67825
Can Pastilla,2025-08-20 17:00:00,19.0,50.173252
Can Pastilla,2025-08-20 18:00:00,22.0,58.36567
Can Pastilla,2025-08-20 19:00:00,13.0,53.87479
Can Pastilla,2025-08-20 20:00:00,10.0,45.591175
Can Pastilla,2025-08-21 08:00:00,99.0,32.893246
Can Pastilla,2025-08-21 09:00:00,118.0,47.420578
Can Pastilla,2025-08-21 10:00:00,93.0,36.99325
Can Pastilla,2025-08-21 11:00:00,7.0,32.864933
Can Pastilla,2025-08-21 12:00:00,7.0,30.769522
Can Pastilla,2025-08-21 13:00:00,17.0,26.981577
Can Pastilla,2025-08-21 14:00:00,17.0,37.037544
Can Pastilla,2025-08-21 15:00:00,23.0,39.48005
Can Pastilla,2025-08-21 16:00:00,16.0,57.296207
Can Pastilla,2025-08-21 17:00:00,35.0,58.370987
Can Pastilla,2025-08-21 18:00:00,33.0,63.073883
Can Pastilla,2025-08-21 19:00:00,21.0,57.077915
Can Pastilla,2025-08-21 20:00:00,24.0,56.256676
Can Pastilla,2025-08-22 08:00:00,24.0,36.901875
Can Pastilla,2025-08-22 09:00:00,12.0,60.61278
Can Pastilla,2025-08-22 10:00:00,11.0,59.916386
Can Pastilla,2025-08-22 11:00:00,17.0,34.074657
Can Pastilla,2025-08-22 12:00:00,8.0,33.3257
Can Pastilla,2025-08-22 13:00:00,51.0,32.029957
Can Pastilla,2025-08-22 14:00:00,122.0,40.571167
Can Pastilla,2025-08-22 15:00:00,8.0,45.288166
Can Pastilla,2025-08-22 16:00:00,13.0,63.443497
Can Pastilla,2025-08-22 17:00:00,7.0,65.16094
Can Pastilla,2025-08-22 18:00:00,13.0,63.014854
Can Pastilla,2025-08-22 19:00:00,12.0,60.488144
Can Pastilla,2025-08-22 20:00:00,11.0,47.97098
Can Pastilla,2025-08-23 08:00:00,111.0,41.725903
Can Pastilla,2025-08-23 09:00:00,119.0,49.51915
Can Pastilla,2025-08-23 10:00:00,120.0,38.190308
Can Pastilla,2025-08-23 11:00:00,18.0,28.405354
Can Pastilla,2025-08-23 12:00:00,6.0,33.363834
Can Pastilla,2025-08-23 13:00:00,40.0,30.207064
Can Pastilla,2025-08-23 14:00:00,46.0,35.931767
Can Pastilla,2025-08-23 15:00:00,13.0,30.973072
Can Pastilla,2025-08-23 16:00:00,20.0,51.09136
Can Pastilla,2025-08-23 17:00:00,18.0,52.84187
Can Pastilla,2025-08-23 18:00:00,27.0,50.66196
Can Pastilla,2025-08-23 19:00:00,18.0,47.513992
Can Pastilla,2025-08-23 20:00:00,7.0,42.029125
Can Pastilla,2025-08-24 08:00:00,112.0,33.34082
Can Pastilla,2025-08-24 09:00:00,123.0,46.34246
Can Pastilla,2025-08-24 10:00:00,107.0,37.977734
Can Pastilla,2025-08-24 11:00:00,8.0,31.294338
Can Pastilla,2025-08-24 12:00:00,10.0,28.98147
Can Pastilla,2025-08-24 13:00:00,23.0,32.53562
Can Pastilla,2025-08-24 14:00:00,43.0,36.397846
Can Pastilla,2025-08-24 15:00:00,17.0,42.244095
Can Pastilla,2025-08-24 16:00:00,21.0,56.384563
Can Pastilla,2025-08-24 17:00:00,69.0,56.217533
Can Pastilla,2025-08-24 18:00:00,20.0,55.086273
Can Pastilla,2025-08-24 20:00:00,15.0,50.035862
Can Pastilla,2025-08-25 08:00:00,26.0,43.84408
Can Pastilla,2025-08-25 09:00:00,152.0,43.784187
Can Pastilla,2025-08-25 10:00:00,74.0,42.387024
Can Pastilla,2025-08-25 11:00:00,77.0,34.055115
Can Pastilla,2025-08-25 12:00:00,8.0,21.273642
Can Pastilla,2025-08-25 13:00:00,9.0,25.369741
Can Pastilla,2025-08-25 14:00:00,66.0,20.078293
Can Pastilla,2025-08-25 15:00:00,11.0,28.102459
Can Pastilla,2025-08-25 16:00:00,20.0,37.588852
Can Pastilla,2025-08-25 17:00:00,40.0,43.26267
Can Pastilla,2025-08-25 18:00:00,13.0,49.944565
Can Pastilla,2025-08-25 19:00:00,25.0,55.151283
Can Pastilla,2025-08-25 20:00:00,28.0,49.623474
Can Pastilla,2025-08-26 08:00:00,14.0,42.338665
Can Pastilla,2025-08-26 09:00:00,11.0,46.119762
Can Pastilla,2025-08-26 10:00:00,16.0,45.608772
Can Pastilla,2025-08-26 11:00:00,8.0,36.69294
Can Pastilla,2025-08-26 12:00:00,6.0,30.483488
Can Pastilla,2025-08-26 13:00:00,15.0,32.059692
Can Pastilla,2025-08-26 14:00:00,91.0,31.08274
Can Pastilla,2025-08-26 15:00:00,197.0,32.440342
Can Pastilla,2025-08-26 16:00:00,19.0,38.387535
Can Pastilla,2025-08-26 17:00:00,26.0,48.06509
Can Pastilla,2025-08-26 18:00:00,14.0,51.0985
Can Pastilla,2025-08-26 19:00:00,25.0,49.1908
Can Pastilla,2025-08-26 20:00:00,16.0,42.124763
Can Pastilla,2025-08-27 08:00:00,11.0,41.425415
Can Pastilla,2025-08-27 09:00:00,138.0,39.692387
Can Pastilla,2025-08-27 10:00:00,101.0,32.89731
Can Pastilla,2025-08-27 11:00:00,87.0,22.601587
Can Pastilla,2025-08-27 12:00:00,10.0,20.095957
Can Pastilla,2025-08-27 13:00:00,8.0,15.424999
Can Pastilla,2025-08-27 14:00:00,12.0,19.35943
Can Pastilla,2025-08-27 15:00:00,19.0,21.9159
Can Pastilla,2025-08-27 16:00:00,27.0,31.988916
Can Pastilla,2025-08-27 17:00:00,36.0,51.63167
Can Pastilla,2025-08-27 18:00:00,29.0,57.003304
Can Pastilla,2025-08-27 19:00:00,21.0,56.226814
Can Pastilla,2025-08-27 20:00:00,16.0,51.579967
Can Pastilla,2025-08-28 08:00:00,11.0,50.603607
Can Pastilla,2025-08-28 09:00:00,13.0,46.635017
Can Pastilla,2025-08-28 10:00:00,42.0,37.99068
Can Pastilla,2025-08-28 11:00:00,28.0,28.764168
Can Pastilla,2025-08-28 12:00:00,4.0,31.038164
Can Pastilla,2025-08-28 13:00:00,14.0,21.643072
Can Pastilla,2025-08-28 14:00:00,15.0,25.423004
Can Pastilla,2025-08-28 15:00:00,41.0,28.97548
Can Pastilla,2025-08-28 16:00:00,18.0,40.902138
Can Pastilla,2025-08-28 17:00:00,10.0,42.39451
Can Pastilla,2025-08-28 18:00:00,5.0,58.101963
Can Pastilla,2025-08-28 19:00:00,10.0,37.248455
Can Pastilla,2025-08-28 20:00:00,6.0,32.27047
Can Pastilla,2025-08-29 12:00:00,165.0,34.431858
Can Pastilla,2025-08-29 13:00:00,71.0,31.68695
Can Pastilla,2025-08-29 14:00:00,54.0,29.417915
Can Pastilla,2025-08-29 15:00:00,5.0,18.707401
Can Pastilla,2025-08-29 16:00:00,7.0,18.9653
Can Pastilla,2025-08-29 17:00:00,18.0,29.998402
Can Pastilla,2025-08-29 18:00:00,39.0,31.75413
Can Pastilla,2025-08-29 19:00:00,96.0,38.882294
Can Pastilla,2025-08-29 20:00:00,162.0,49.225475
Can Pastilla,2025-08-30 08:00:00,62.0,48.418476
Can Pastilla,2025-08-30 09:00:00,70.0,48.913322
Can Pastilla,2025-08-30 10:00:00,43.0,44.666008
Can Pastilla,2025-08-30 11:00:00,61.0,40.248222
Can Pastilla,2025-08-30 12:00:00,86.0,36.59105
Can Pastilla,2025-08-30 13:00:00,22.0,31.571058
Can Pastilla,2025-08-30 14:00:00,16.0,30.076727
Can Pastilla,2025-08-30 15:00:00,25.0,21.907866
Can Pastilla,2025-08-30 16:00:00,4.0,19.13005
Can Pastilla,2025-08-30 17:00:00,12.0,27.38118
Can Pastilla,2025-08-30 18:00:00,12.0,31.787317
Can Pastilla,2025-08-30 19:00:00,4.0,32.572823
Can Pastilla,2025-08-30 20:00:00,10.0,35.820786
Can Pastilla 2,2025-06-01 08:00:00,108.0,71.806915
Can Pastilla 2,2025-06-01 09:00:00,99.0,95.68549
Can Pastilla 2,2025-06-01 10:00:00,102.0,100.2475
Can Pastilla 2,2025-06-01 11:00:00,124.0,101.4114
Can Pastilla 2,2025-06-01 12:00:00,130.0,96.933
Can Pastilla 2,2025-06-01 13:00:00,115.0,102.7469
Can Pastilla 2,2025-06-01 14:00:00,60.0,106.36836
Can Pastilla 2,2025-06-01 15:00:00,53.0,93.50474
Can Pastilla 2,2025-06-01 16:00:00,30.0,50.899437
Can Pastilla 2,2025-06-01 17:00:00,28.0,35.196503
Can Pastilla 2,2025-06-01 18:00:00,67.0,33.674625
Can Pastilla 2,2025-06-01 19:00:00,108.0,45.17071
Can Pastilla 2,2025-06-01 20:00:00,139.0,60.740707
Can Pastilla 2,2025-06-02 08:00:00,91.0,68.06206
Can Pastilla 2,2025-06-02 09:00:00,109.0,100.93687
Can Pastilla 2,2025-06-02 10:00:00,130.0,101.69212
Can Pastilla 2,2025-06-02 11:00:00,98.0,101.272766
Can Pastilla 2,2025-06-02 12:00:00,109.0,99.102646
Can Pastilla 2,2025-06-02 13:00:00,70.0,111.27122
Can Pastilla 2,2025-06-02 14:00:00,66.0,120.52536
Can Pastilla 2,2025-06-02 15:00:00,49.0,98.29096
Can Pastilla 2,2025-06-02 16:00:00,46.0,56.657993
Can Pastilla 2,2025-06-02 17:00:00,46.0,37.569965
Can Pastilla 2,2025-06-02 18:00:00,129.0,35.9787
Can Pastilla 2,2025-06-02 19:00:00,145.0,39.61635
Can Pastilla 2,2025-06-02 20:00:00,157.0,54.499313
Can Pastilla 2,2025-06-03 08:00:00,120.0,65.796165
Can Pastilla 2,2025-06-03 09:00:00,132.0,99.33827
Can Pastilla 2,2025-06-03 10:00:00,144.0,104.834206
Can Pastilla 2,2025-06-03 11:00:00,96.0,105.102196
Can Pastilla 2,2025-06-03 12:00:00,93.0,100.54454
Can Pastilla 2,2025-06-03 13:00:00,87.0,103.480316
Can Pastilla 2,2025-06-03 14:00:00,60.0,110.0197
Can Pastilla 2,2025-06-03 15:00:00,44.0,95.11522
Can Pastilla 2,2025-06-03 16:00:00,43.0,55.716064
Can Pastilla 2,2025-06-03 17:00:00,48.0,36.914593
Can Pastilla 2,2025-06-03 18:00:00,89.0,36.041695
Can Pastilla 2,2025-06-03 19:00:00,130.0,51.89236
Can Pastilla 2,2025-06-03 20:00:00,141.0,56.819683
Can Pastilla 2,2025-06-04 08:00:00,78.0,61.736675
Can Pastilla 2,2025-06-04 09:00:00,99.0,66.53921
Can Pastilla 2,2025-06-04 10:00:00,115.0,72.12207
Can Pastilla 2,2025-06-04 11:00:00,88.0,73.83879
Can Pastilla 2,2025-06-04 12:00:00,94.0,79.77316
Can Pastilla 2,2025-06-04 13:00:00,146.0,86.284996
Can Pastilla 2,2025-06-04 14:00:00,67.0,87.16582
Can Pastilla 2,2025-06-04 15:00:00,34.0,73.599884
Can Pastilla 2,2025-06-04 16:00:00,50.0,42.559685
Can Pastilla 2,2025-06-04 17:00:00,29.0,36.77992
Can Pastilla 2,2025-06-04 18:00:00,98.0,35.653725
Can Pastilla 2,2025-06-04 19:00:00,178.0,52.885372
Can Pastilla 2,2025-06-04 20:00:00,184.0,55.4102
Can Pastilla 2,2025-06-05 08:00:00,150.0,61.16937
Can Pastilla 2,2025-06-05 09:00:00,139.0,68.66447
Can Pastilla 2,2025-06-05 10:00:00,145.0,63.132267
Can Pastilla 2,2025-06-05 11:00:00,172.0,65.51456
Can Pastilla 2,2025-06-05 12:00:00,145.0,67.48665
Can Pastilla 2,2025-06-05 13:00:00,124.0,80.85363
Can Pastilla 2,2025-06-05 14:00:00,118.0,88.93233
Can Pastilla 2,2025-06-05 15:00:00,53.0,70.87433
Can Pastilla 2,2025-06-05 16:00:00,52.0,43.411114
Can Pastilla 2,2025-06-05 17:00:00,22.0,36.895077
Can Pastilla 2,2025-06-05 18:00:00,114.0,34.97021
Can Pastilla 2,2025-06-05 19:00:00,172.0,50.010777
Can Pastilla 2,2025-06-05 20:00:00,192.0,50.17644
Can Pastilla 2,2025-06-06 08:00:00,143.0,67.590355
Can Pastilla 2,2025-06-06 09:00:00,107.0,64.76177
Can Pastilla 2,2025-06-06 10:00:00,131.0,64.73273
Can Pastilla 2,2025-06-06 11:00:00,154.0,69.37338
Can Pastilla 2,2025-06-06 12:00:00,102.0,68.63469
Can Pastilla 2,2025-06-06 13:00:00,108.0,80.568886
Can Pastilla 2,2025-06-06 14:00:00,106.0,89.492325
Can Pastilla 2,2025-06-06 15:00:00,58.0,80.50635
Can Pastilla 2,2025-06-06 16:00:00,55.0,52.805534
Can Pastilla 2,2025-06-06 17:00:00,25.0,42.439095
Can Pastilla 2,2025-06-06 18:00:00,101.0,30.522236
Can Pastilla 2,2025-06-06 19:00:00,148.0,44.558933
Can Pastilla 2,2025-06-06 20:00:00,135.0,53.406223
Can Pastilla 2,2025-06-07 08:00:00,122.0,59.185966
Can Pastilla 2,2025-06-07 09:00:00,122.0,68.42097
Can Pastilla 2,2025-06-07 10:00:00,90.0,71.12817
Can Pastilla 2,2025-06-07 11:00:00,110.0,69.03863
Can Pastilla 2,2025-06-07 12:00:00,98.0,66.79878
Can Pastilla 2,2025-06-07 13:00:00,106.0,108.11903
Can Pastilla 2,2025-06-07 14:00:00,68.0,110.61637
Can Pastilla 2,2025-06-07 15:00:00,46.0,93.02754
Can Pastilla 2,2025-06-07 16:00:00,43.0,56.51773
Can Pastilla 2,2025-06-07 17:00:00,44.0,38.923935
Can Pastilla 2,2025-06-07 18:00:00,92.0,32.10602
Can Pastilla 2,2025-06-07 19:00:00,146.0,51.062794
Can Pastilla 2,2025-06-07 20:00:00,125.0,59.362495
Can Pastilla 2,2025-06-08 08:00:00,108.0,66.53121
Can Pastilla 2,2025-06-08 09:00:00,102.0,98.991005
Can Pastilla 2,2025-06-08 10:00:00,145.0,106.824486
Can Pastilla 2,2025-06-08 11:00:00,130.0,104.19651
Can Pastilla 2,2025-06-08 12:00:00,125.0,96.36887
Can Pastilla 2,2025-06-08 13:00:00,97.0,106.905594
Can Pastilla 2,2025-06-08 14:00:00,88.0,106.556114
Can Pastilla 2,2025-06-08 15:00:00,51.0,100.26013
Can Pastilla 2,2025-06-08 16:00:00,29.0,60.4082
Can Pastilla 2,2025-06-08 17:00:00,60.0,41.475388
Can Pastilla 2,2025-06-08 18:00:00,112.0,33.431393
Can Pastilla 2,2025-06-08 19:00:00,140.0,49.30161
Can Pastilla 2,2025-06-08 20:00:00,163.0,56.90883
Can Pastilla 2,2025-06-09 08:00:00,127.0,71.2472
Can Pastilla 2,2025-06-09 09:00:00,113.0,97.92747
Can Pastilla 2,2025-06-09 10:00:00,111.0,102.03452
Can Pastilla 2,2025-06-09 11:00:00,143.0,87.99221
Can Pastilla 2,2025-06-09 12:00:00,130.0,94.97843
Can Pastilla 2,2025-06-09 13:00:00,104.0,108.67242
Can Pastilla 2,2025-06-09 14:00:00,79.0,109.21204
Can Pastilla 2,2025-06-09 15:00:00,54.0,103.96366
Can Pastilla 2,2025-06-09 16:00:00,48.0,58.845528
Can Pastilla 2,2025-06-09 17:00:00,43.0,33.90873
Can Pastilla 2,2025-06-09 18:00:00,129.0,32.96161
Can Pastilla 2,2025-06-09 19:00:00,183.0,42.196125
Can Pastilla 2,2025-06-09 20:00:00,198.0,54.407963
Can Pastilla 2,2025-06-10 08:00:00,105.0,65.16522
Can Pastilla 2,2025-06-10 09:00:00,97.0,89.837364
Can Pastilla 2,2025-06-10 10:00:00,126.0,98.41997
Can Pastilla 2,2025-06-10 11:00:00,124.0,102.8629
Can Pastilla 2,2025-06-10 12:00:00,144.0,110.572586
Can Pastilla 2,2025-06-10 13:00:00,119.0,104.57292
Can Pastilla 2,2025-06-10 14:00:00,94.0,110.46882
Can Pastilla 2,2025-06-10 15:00:00,59.0,104.317215
Can Pastilla 2,2025-06-10 16:00:00,36.0,57.055096
Can Pastilla 2,2025-06-10 17:00:00,44.0,38.255245
Can Pastilla 2,2025-06-10 18:00:00,62.0,33.590477
Can Pastilla 2,2025-06-10 19:00:00,122.0,47.497047
Can Pastilla 2,2025-06-10 20:00:00,175.0,55.01465
Can Pastilla 2,2025-06-11 08:00:00,161.0,70.25263
Can Pastilla 2,2025-06-11 09:00:00,124.0,102.43335
Can Pastilla 2,2025-06-11 10:00:00,137.0,108.06839
Can Pastilla 2,2025-06-11 11:00:00,142.0,105.37394
Can Pastilla 2,2025-06-11 12:00:00,178.0,105.94186
Can Pastilla 2,2025-06-11 13:00:00,143.0,111.73292
Can Pastilla 2,2025-06-11 14:00:00,113.0,114.585045
Can Pastilla 2,2025-06-11 15:00:00,85.0,103.314285
Can Pastilla 2,2025-06-11 16:00:00,43.0,55.7464
Can Pastilla 2,2025-06-11 17:00:00,42.0,31.73937
Can Pastilla 2,2025-06-11 18:00:00,86.0,32.312447
Can Pastilla 2,2025-06-11 19:00:00,133.0,47.894924
Can Pastilla 2,2025-06-11 20:00:00,185.0,52.08076
Can Pastilla 2,2025-06-12 08:00:00,183.0,67.55611
Can Pastilla 2,2025-06-12 09:00:00,125.0,106.35332
Can Pastilla 2,2025-06-12 10:00:00,155.0,111.36959
Can Pastilla 2,2025-06-12 11:00:00,162.0,116.587845
Can Pastilla 2,2025-06-12 12:00:00,170.0,119.90093
Can Pastilla 2,2025-06-12 13:00:00,140.0,120.73794
Can Pastilla 2,2025-06-12 14:00:00,134.0,136.79013
Can Pastilla 2,2025-06-12 15:00:00,96.0,113.50345
Can Pastilla 2,2025-06-12 16:00:00,57.0,69.818
Can Pastilla 2,2025-06-12 17:00:00,42.0,38.323
Can Pastilla 2,2025-06-12 18:00:00,107.0,37.059147
Can Pastilla 2,2025-06-12 19:00:00,172.0,53.428493
Can Pastilla 2,2025-06-12 20:00:00,221.0,63.88302
Can Pastilla 2,2025-06-13 08:00:00,204.0,68.49946
Can Pastilla 2,2025-06-13 09:00:00,156.0,117.91796
Can Pastilla 2,2025-06-13 10:00:00,148.0,122.94367
Can Pastilla 2,2025-06-13 11:00:00,157.0,125.95497
Can Pastilla 2,2025-06-13 12:00:00,167.0,124.28336
Can Pastilla 2,2025-06-13 13:00:00,178.0,132.3145
Can Pastilla 2,2025-06-13 14:00:00,115.0,139.19215
Can Pastilla 2,2025-06-13 15:00:00,87.0,122.25975
Can Pastilla 2,2025-06-13 16:00:00,42.0,67.91807
Can Pastilla 2,2025-06-13 17:00:00,57.0,47.66816
Can Pastilla 2,2025-06-13 18:00:00,102.0,34.599266
Can Pastilla 2,2025-06-13 19:00:00,164.0,47.98107
Can Pastilla 2,2025-06-13 20:00:00,163.0,55.190823
Can Pastilla 2,2025-06-14 08:00:00,196.0,70.628136
Can Pastilla 2,2025-06-14 09:00:00,125.0,101.678795
Can Pastilla 2,2025-06-14 10:00:00,150.0,110.16523
Can Pastilla 2,2025-06-14 11:00:00,188.0,110.17927
Can Pastilla 2,2025-06-14 12:00:00,187.0,120.104645
Can Pastilla 2,2025-06-14 13:00:00,166.0,130.38669
Can Pastilla 2,2025-06-14 14:00:00,118.0,145.79736
Can Pastilla 2,2025-06-14 15:00:00,137.0,129.80824
Can Pastilla 2,2025-06-14 16:00:00,129.0,81.320274
Can Pastilla 2,2025-06-14 17:00:00,99.0,49.558285
Can Pastilla 2,2025-06-14 18:00:00,85.0,38.017406
Can Pastilla 2,2025-06-14 19:00:00,136.0,55.77593
Can Pastilla 2,2025-06-14 20:00:00,177.0,63.77524
Can Pastilla 2,2025-06-15 08:00:00,145.0,87.61254
Can Pastilla 2,2025-06-15 09:00:00,132.0,121.46073
Can Pastilla 2,2025-06-15 10:00:00,141.0,131.33641
Can Pastilla 2,2025-06-15 11:00:00,174.0,130.7006
Can Pastilla 2,2025-06-15 12:00:00,208.0,135.09518
Can Pastilla 2,2025-06-15 13:00:00,192.0,144.11812
Can Pastilla 2,2025-06-15 14:00:00,102.0,152.26566
Can Pastilla 2,2025-06-15 15:00:00,73.0,144.87688
Can Pastilla 2,2025-06-15 16:00:00,45.0,81.166245
Can Pastilla 2,2025-06-15 17:00:00,41.0,66.601326
Can Pastilla 2,2025-06-15 18:00:00,124.0,45.48204
Can Pastilla 2,2025-06-15 19:00:00,162.0,65.669
Can Pastilla 2,2025-06-15 20:00:00,175.0,61.642467
Can Pastilla 2,2025-06-16 08:00:00,203.0,80.93741
Can Pastilla 2,2025-06-16 09:00:00,134.0,120.02793
Can Pastilla 2,2025-06-16 10:00:00,165.0,121.65806
Can Pastilla 2,2025-06-16 11:00:00,170.0,122.39352
Can Pastilla 2,2025-06-16 12:00:00,159.0,130.34665
Can Pastilla 2,2025-06-16 13:00:00,170.0,164.0209
Can Pastilla 2,2025-06-16 14:00:00,141.0,132.88492
Can Pastilla 2,2025-06-16 15:00:00,103.0,124.32601
Can Pastilla 2,2025-06-16 16:00:00,50.0,109.22898
Can Pastilla 2,2025-06-16 17:00:00,46.0,62.539967
Can Pastilla 2,2025-06-16 18:00:00,109.0,31.10882
Can Pastilla 2,2025-06-16 19:00:00,161.0,57.580227
Can Pastilla 2,2025-06-16 20:00:00,162.0,57.312477
Can Pastilla 2,2025-06-17 08:00:00,180.0,71.92127
Can Pastilla 2,2025-06-17 09:00:00,136.0,104.19746
Can Pastilla 2,2025-06-17 10:00:00,122.0,111.39143
Can Pastilla 2,2025-06-17 11:00:00,171.0,112.96224
Can Pastilla 2,2025-06-17 12:00:00,172.0,105.704475
Can Pastilla 2,2025-06-17 13:00:00,168.0,118.151085
Can Pastilla 2,2025-06-17 14:00:00,105.0,123.23452
Can Pastilla 2,2025-06-17 15:00:00,88.0,117.77776
Can Pastilla 2,2025-06-17 16:00:00,53.0,68.92068
Can Pastilla 2,2025-06-17 17:00:00,33.0,43.39157
Can Pastilla 2,2025-06-17 18:00:00,145.0,35.8296
Can Pastilla 2,2025-06-17 19:00:00,154.0,54.476284
Can Pastilla 2,2025-06-17 20:00:00,206.0,62.459755
Can Pastilla 2,2025-06-18 08:00:00,186.0,65.29701
Can Pastilla 2,2025-06-18 09:00:00,134.0,103.86345
Can Pastilla 2,2025-06-18 10:00:00,182.0,106.712944
Can Pastilla 2,2025-06-18 11:00:00,182.0,119.67724
Can Pastilla 2,2025-06-18 12:00:00,171.0,122.663376
Can Pastilla 2,2025-06-18 13:00:00,176.0,128.40968
Can Pastilla 2,2025-06-18 14:00:00,108.0,137.17206
Can Pastilla 2,2025-06-18 15:00:00,81.0,106.49778
Can Pastilla 2,2025-06-18 16:00:00,26.0,64.31717
Can Pastilla 2,2025-06-18 17:00:00,35.0,39.927746
Can Pastilla 2,2025-06-18 18:00:00,133.0,38.69332
Can Pastilla 2,2025-06-18 19:00:00,197.0,50.21375
Can Pastilla 2,2025-06-18 20:00:00,236.0,56.814198
Can Pastilla 2,2025-06-19 08:00:00,233.0,75.487
Can Pastilla 2,2025-06-19 09:00:00,157.0,118.042595
Can Pastilla 2,2025-06-19 10:00:00,130.0,124.891525
Can Pastilla 2,2025-06-19 11:00:00,181.0,129.22226
Can Pastilla 2,2025-06-19 12:00:00,211.0,132.41614
Can Pastilla 2,2025-06-19 13:00:00,162.0,140.54886
Can Pastilla 2,2025-06-19 14:00:00,127.0,149.28542
Can Pastilla 2,2025-06-19 15:00:00,88.0,140.132
Can Pastilla 2,2025-06-19 16:00:00,53.0,83.53506
Can Pastilla 2,2025-06-19 17:00:00,44.0,45.7328
Can Pastilla 2,2025-06-19 18:00:00,114.0,40.280075
Can Pastilla 2,2025-06-19 19:00:00,204.0,58.717743
Can Pastilla 2,2025-06-19 20:00:00,218.0,65.02013
Can Pastilla 2,2025-06-20 08:00:00,239.0,82.34776
Can Pastilla 2,2025-06-20 09:00:00,172.0,113.07163
Can Pastilla 2,2025-06-20 10:00:00,135.0,133.249
Can Pastilla 2,2025-06-20 11:00:00,172.0,130.84505
Can Pastilla 2,2025-06-20 12:00:00,170.0,141.43222
Can Pastilla 2,2025-06-20 13:00:00,149.0,164.41206
Can Pastilla 2,2025-06-20 14:00:00,109.0,174.89694
Can Pastilla 2,2025-06-20 15:00:00,88.0,153.04955
Can Pastilla 2,2025-06-20 16:00:00,46.0,133.6065
Can Pastilla 2,2025-06-20 17:00:00,54.0,88.51202
Can Pastilla 2,2025-06-20 18:00:00,153.0,34.274418
Can Pastilla 2,2025-06-20 19:00:00,156.0,61.51002
Can Pastilla 2,2025-06-20 20:00:00,231.0,76.01939
Can Pastilla 2,2025-06-21 08:00:00,200.0,89.19693
Can Pastilla 2,2025-06-21 09:00:00,140.0,127.30799
Can Pastilla 2,2025-06-21 10:00:00,139.0,135.2604
Can Pastilla 2,2025-06-21 11:00:00,194.0,135.83263
Can Pastilla 2,2025-06-21 12:00:00,190.0,154.87582
Can Pastilla 2,2025-06-21 13:00:00,141.0,174.2551
Can Pastilla 2,2025-06-21 14:00:00,67.0,159.99297
Can Pastilla 2,2025-06-21 15:00:00,38.0,123.93792
Can Pastilla 2,2025-06-21 16:00:00,47.0,73.03906
Can Pastilla 2,2025-06-21 17:00:00,158.0,41.31793
Can Pastilla 2,2025-06-21 18:00:00,194.0,70.14694
Can Pastilla 2,2025-06-21 19:00:00,196.0,74.41985
Can Pastilla 2,2025-06-21 20:00:00,231.0,122.22432
Can Pastilla 2,2025-06-22 08:00:00,134.0,153.73016
Can Pastilla 2,2025-06-22 09:00:00,145.0,152.03505
Can Pastilla 2,2025-06-22 10:00:00,141.0,149.16336
Can Pastilla 2,2025-06-22 11:00:00,167.0,154.21939
Can Pastilla 2,2025-06-22 12:00:00,200.0,155.594
Can Pastilla 2,2025-06-22 13:00:00,101.0,170.27283
Can Pastilla 2,2025-06-22 14:00:00,103.0,158.95836
Can Pastilla 2,2025-06-22 15:00:00,60.0,127.48356
Can Pastilla 2,2025-06-22 16:00:00,52.0,81.53516
Can Pastilla 2,2025-06-22 17:00:00,137.0,59.604225
Can Pastilla 2,2025-06-22 18:00:00,173.0,83.99607
Can Pastilla 2,2025-06-22 19:00:00,201.0,122.60347
Can Pastilla 2,2025-06-22 20:00:00,192.0,93.01859
Can Pastilla 2,2025-06-23 08:00:00,161.0,136.27019
Can Pastilla 2,2025-06-23 09:00:00,178.0,152.584
Can Pastilla 2,2025-06-23 10:00:00,160.0,143.00371
Can Pastilla 2,2025-06-23 11:00:00,149.0,146.03038
Can Pastilla 2,2025-06-23 12:00:00,143.0,165.87497
Can Pastilla 2,2025-06-23 13:00:00,92.0,169.32655
Can Pastilla 2,2025-06-23 14:00:00,107.0,152.1752
Can Pastilla 2,2025-06-23 15:00:00,72.0,119.49144
Can Pastilla 2,2025-06-23 16:00:00,38.0,146.39319
Can Pastilla 2,2025-06-23 17:00:00,132.0,131.98668
Can Pastilla 2,2025-06-23 18:00:00,210.0,112.84495
Can Pastilla 2,2025-06-23 19:00:00,196.0,155.03122
Can Pastilla 2,2025-06-23 20:00:00,152.0,142.76367
Can Pastilla 2,2025-06-24 08:00:00,143.0,170.65848
Can Pastilla 2,2025-06-24 09:00:00,147.0,209.89114
Can Pastilla 2,2025-06-24 10:00:00,175.0,221.95184
Can Pastilla 2,2025-06-24 11:00:00,177.0,179.98007
Can Pastilla 2,2025-06-24 12:00:00,176.0,176.6231
Can Pastilla 2,2025-06-24 13:00:00,128.0,228.58801
Can Pastilla 2,2025-06-24 14:00:00,98.0,175.43909
Can Pastilla 2,2025-06-24 15:00:00,46.0,154.56856
Can Pastilla 2,2025-06-24 16:00:00,46.0,143.97649
Can Pastilla 2,2025-06-24 17:00:00,112.0,115.2316
Can Pastilla 2,2025-06-24 18:00:00,179.0,76.09971
Can Pastilla 2,2025-06-24 19:00:00,183.0,120.085655
Can Pastilla 2,2025-06-24 20:00:00,207.0,127.550835
Can Pastilla 2,2025-06-25 08:00:00,151.0,178.7328
Can Pastilla 2,2025-06-25 09:00:00,186.0,195.45518
Can Pastilla 2,2025-06-25 10:00:00,187.0,176.2267
Can Pastilla 2,2025-06-25 11:00:00,186.0,180.44974
Can Pastilla 2,2025-06-25 12:00:00,163.0,184.31943
Can Pastilla 2,2025-06-25 13:00:00,107.0,235.39304
Can Pastilla 2,2025-06-25 14:00:00,95.0,175.76715
Can Pastilla 2,2025-06-25 15:00:00,56.0,170.9819
Can Pastilla 2,2025-06-25 16:00:00,63.0,134.21849
Can Pastilla 2,2025-06-25 17:00:00,104.0,108.84946
Can Pastilla 2,2025-06-25 18:00:00,187.0,112.70683
Can Pastilla 2,2025-06-25 19:00:00,231.0,105.215355
Can Pastilla 2,2025-06-25 20:00:00,197.0,136.42122
Can Pastilla 2,2025-06-26 08:00:00,175.0,183.25775
Can Pastilla 2,2025-06-26 09:00:00,181.0,203.39383
Can Pastilla 2,2025-06-26 10:00:00,201.0,179.98454
Can Pastilla 2,2025-06-26 11:00:00,182.0,177.86002
Can Pastilla 2,2025-06-26 12:00:00,111.0,157.0823
Can Pastilla 2,2025-06-26 13:00:00,106.0,203.91534
Can Pastilla 2,2025-06-26 14:00:00,104.0,160.43124
Can Pastilla 2,2025-06-26 15:00:00,52.0,151.78958
Can Pastilla 2,2025-06-26 16:00:00,62.0,133.35359
Can Pastilla 2,2025-06-26 17:00:00,90.0,117.291466
Can Pastilla 2,2025-06-26 18:00:00,148.0,91.91076
Can Pastilla 2,2025-06-26 19:00:00,218.0,132.4342
Can Pastilla 2,2025-06-26 20:00:00,222.0,151.14409
Can Pastilla 2,2025-06-27 08:00:00,172.0,136.09727
Can Pastilla 2,2025-06-27 09:00:00,155.0,151.94847
Can Pastilla 2,2025-06-27 10:00:00,199.0,154.1542
Can Pastilla 2,2025-06-27 11:00:00,198.0,183.24861
Can Pastilla 2,2025-06-27 12:00:00,156.0,165.47295
Can Pastilla 2,2025-06-27 13:00:00,152.0,233.08873
Can Pastilla 2,2025-06-27 14:00:00,116.0,174.11565
Can Pastilla 2,2025-06-27 15:00:00,59.0,170.35915
Can Pastilla 2,2025-06-27 16:00:00,83.0,162.19754
Can Pastilla 2,2025-06-27 17:00:00,126.0,128.54375
Can Pastilla 2,2025-06-27 18:00:00,167.0,99.19386
Can Pastilla 2,2025-06-27 19:00:00,205.0,112.31676
Can Pastilla 2,2025-06-27 20:00:00,139.0,145.56923
Can Pastilla 2,2025-06-28 08:00:00,123.0,120.79882
Can Pastilla 2,2025-06-28 09:00:00,167.0,178.1967
Can Pastilla 2,2025-06-28 10:00:00,172.0,154.35754
Can Pastilla 2,2025-06-28 11:00:00,164.0,221.46466
Can Pastilla 2,2025-06-28 12:00:00,133.0,217.73882
Can Pastilla 2,2025-06-28 13:00:00,112.0,185.62448
Can Pastilla 2,2025-06-28 14:00:00,71.0,227.61458
Can Pastilla 2,2025-06-28 15:00:00,66.0,157.89813
Can Pastilla 2,2025-06-28 16:00:00,40.0,160.0487
Can Pastilla 2,2025-06-28 17:00:00,49.0,162.94385
Can Pastilla 2,2025-06-28 18:00:00,45.0,162.28287
Can Pastilla 2,2025-06-28 19:00:00,39.0,135.90874
Can Pastilla 2,2025-06-28 20:00:00,54.0,139.1647
Can Pastilla 2,2025-06-29 08:00:00,46.0,153.52318
Can Pastilla 2,2025-06-29 09:00:00,50.0,207.33423
Can Pastilla 2,2025-06-29 10:00:00,68.0,209.18306
Can Pastilla 2,2025-06-29 11:00:00,77.0,195.10638
Can Pastilla 2,2025-06-29 12:00:00,66.0,207.8938
Can Pastilla 2,2025-06-29 13:00:00,38.0,178.80707
Can Pastilla 2,2025-06-29 14:00:00,44.0,236.91481
Can Pastilla 2,2025-06-29 15:00:00,44.0,174.08899
Can Pastilla 2,2025-06-29 16:00:00,55.0,170.64027
Can Pastilla 2,2025-06-29 17:00:00,163.0,157.69131
Can Pastilla 2,2025-06-29 18:00:00,226.0,122.72809
Can Pastilla 2,2025-06-29 19:00:00,180.0,125.79574
Can Pastilla 2,2025-06-29 20:00:00,190.0,141.63417
Can Pastilla 2,2025-06-30 08:00:00,123.0,197.40785
Can Pastilla 2,2025-06-30 09:00:00,134.0,214.82735
Can Pastilla 2,2025-06-30 10:00:00,143.0,210.11063
Can Pastilla 2,2025-06-30 11:00:00,127.0,224.16165
Can Pastilla 2,2025-06-30 12:00:00,153.0,194.23666
Can Pastilla 2,2025-06-30 13:00:00,96.0,177.67506
Can Pastilla 2,2025-06-30 14:00:00,65.0,173.87515
Can Pastilla 2,2025-06-30 15:00:00,45.0,168.60294
Can Pastilla 2,2025-06-30 17:00:00,29.0,174.05865
Can Pastilla 2,2025-06-30 18:00:00,18.0,153.60774
Can Pastilla 2,2025-06-30 19:00:00,64.0,100.22672
Can Pastilla 2,2025-06-30 20:00:00,116.0,127.36774
Can Pastilla 2,2025-07-01 08:00:00,124.0,161.47945
Can Pastilla 2,2025-07-01 09:00:00,130.0,216.25842
Can Pastilla 2,2025-07-01 10:00:00,141.0,216.46794
Can Pastilla 2,2025-07-01 11:00:00,165.0,222.93225
Can Pastilla 2,2025-07-01 12:00:00,170.0,235.93904
Can Pastilla 2,2025-07-01 13:00:00,134.0,239.62746
Can Pastilla 2,2025-07-01 14:00:00,106.0,189.0879
Can Pastilla 2,2025-07-01 15:00:00,73.0,168.86244
Can Pastilla 2,2025-07-01 16:00:00,60.0,175.35098
Can Pastilla 2,2025-07-01 17:00:00,57.0,175.6061
Can Pastilla 2,2025-07-01 18:00:00,107.0,109.682175
Can Pastilla 2,2025-07-01 19:00:00,166.0,100.3561
Can Pastilla 2,2025-07-01 20:00:00,182.0,147.5541
Can Pastilla 2,2025-07-02 08:00:00,172.0,168.92902
Can Pastilla 2,2025-07-02 09:00:00,129.0,214.30252
Can Pastilla 2,2025-07-02 10:00:00,166.0,214.79915
Can Pastilla 2,2025-07-02 11:00:00,137.0,195.72269
Can Pastilla 2,2025-07-02 12:00:00,91.0,181.66896
Can Pastilla 2,2025-07-02 13:00:00,64.0,163.20444
Can Pastilla 2,2025-07-02 14:00:00,37.0,181.52364
Can Pastilla 2,2025-07-02 15:00:00,39.0,181.69437
Can Pastilla 2,2025-07-02 16:00:00,67.0,144.1858
Can Pastilla 2,2025-07-02 17:00:00,106.0,130.993
Can Pastilla 2,2025-07-02 18:00:00,143.0,117.09911
Can Pastilla 2,2025-07-02 19:00:00,152.0,168.79147
Can Pastilla 2,2025-07-02 20:00:00,140.0,193.04895
Can Pastilla 2,2025-07-03 08:00:00,128.0,219.89038
Can Pastilla 2,2025-07-03 09:00:00,121.0,273.42728
Can Pastilla 2,2025-07-03 10:00:00,103.0,200.12106
Can Pastilla 2,2025-07-03 11:00:00,107.0,195.1432
Can Pastilla 2,2025-07-03 12:00:00,81.0,183.94441
Can Pastilla 2,2025-07-03 13:00:00,64.0,169.39188
Can Pastilla 2,2025-07-03 14:00:00,42.0,171.26456
Can Pastilla 2,2025-07-03 15:00:00,51.0,169.26599
Can Pastilla 2,2025-07-03 16:00:00,120.0,129.94077
Can Pastilla 2,2025-07-03 17:00:00,203.0,141.117
Can Pastilla 2,2025-07-03 18:00:00,242.0,150.21222
Can Pastilla 2,2025-07-03 19:00:00,222.0,138.59662
Can Pastilla 2,2025-07-03 20:00:00,175.0,198.18616
Can Pastilla 2,2025-07-04 08:00:00,163.0,212.08478
Can Pastilla 2,2025-07-04 09:00:00,195.0,239.9078
Can Pastilla 2,2025-07-04 10:00:00,195.0,219.2151
Can Pastilla 2,2025-07-04 11:00:00,145.0,209.25032
Can Pastilla 2,2025-07-04 12:00:00,110.0,189.66661
Can Pastilla 2,2025-07-04 13:00:00,84.0,172.33801
Can Pastilla 2,2025-07-04 14:00:00,65.0,175.84819
Can Pastilla 2,2025-07-04 15:00:00,31.0,180.22162
Can Pastilla 2,2025-07-04 16:00:00,70.0,138.245
Can Pastilla 2,2025-07-04 17:00:00,138.0,128.84618
Can Pastilla 2,2025-07-04 18:00:00,186.0,125.75819
Can Pastilla 2,2025-07-04 19:00:00,139.0,135.86795
Can Pastilla 2,2025-07-04 20:00:00,95.0,178.35413
Can Pastilla 2,2025-07-05 08:00:00,123.0,178.85588
Can Pastilla 2,2025-07-05 09:00:00,119.0,193.55193
Can Pastilla 2,2025-07-05 10:00:00,163.0,161.86678
Can Pastilla 2,2025-07-05 11:00:00,98.0,186.24738
Can Pastilla 2,2025-07-05 12:00:00,84.0,164.196
Can Pastilla 2,2025-07-05 13:00:00,68.0,178.33264
Can Pastilla 2,2025-07-05 14:00:00,63.0,177.90723
Can Pastilla 2,2025-07-05 15:00:00,58.0,157.55984
Can Pastilla 2,2025-07-05 16:00:00,123.0,138.49
Can Pastilla 2,2025-07-05 17:00:00,169.0,101.45115
Can Pastilla 2,2025-07-05 18:00:00,204.0,138.81836
Can Pastilla 2,2025-07-05 19:00:00,174.0,132.0014
Can Pastilla 2,2025-07-05 20:00:00,146.0,158.58624
Can Pastilla 2,2025-07-06 08:00:00,148.0,182.77986
Can Pastilla 2,2025-07-06 09:00:00,150.0,191.67783
Can Pastilla 2,2025-07-06 10:00:00,144.0,212.76448
Can Pastilla 2,2025-07-06 11:00:00,116.0,201.41618
Can Pastilla 2,2025-07-06 12:00:00,107.0,186.9335
Can Pastilla 2,2025-07-06 13:00:00,76.0,173.65512
Can Pastilla 2,2025-07-06 14:00:00,35.0,149.34921
Can Pastilla 2,2025-07-06 15:00:00,43.0,148.81252
Can Pastilla 2,2025-07-06 16:00:00,133.0,124.932014
Can Pastilla 2,2025-07-06 17:00:00,169.0,136.70854
Can Pastilla 2,2025-07-06 18:00:00,203.0,154.36217
Can Pastilla 2,2025-07-06 19:00:00,202.0,173.16705
Can Pastilla 2,2025-07-06 20:00:00,159.0,201.03912
Can Pastilla 2,2025-07-07 08:00:00,144.0,206.42865
Can Pastilla 2,2025-07-07 09:00:00,167.0,231.4093
Can Pastilla 2,2025-07-07 10:00:00,118.0,215.55537
Can Pastilla 2,2025-07-07 11:00:00,102.0,195.74765
Can Pastilla 2,2025-07-07 12:00:00,107.0,180.67548
Can Pastilla 2,2025-07-07 13:00:00,62.0,199.10991
Can Pastilla 2,2025-07-07 14:00:00,32.0,175.81145
Can Pastilla 2,2025-07-07 15:00:00,55.0,167.28638
Can Pastilla 2,2025-07-07 16:00:00,161.0,127.99743
Can Pastilla 2,2025-07-07 17:00:00,209.0,178.33261
Can Pastilla 2,2025-07-07 18:00:00,224.0,156.66519
Can Pastilla 2,2025-07-07 19:00:00,210.0,146.93587
Can Pastilla 2,2025-07-07 20:00:00,158.0,180.33043
Can Pastilla 2,2025-07-08 08:00:00,192.0,190.32465
Can Pastilla 2,2025-07-08 09:00:00,170.0,216.34563
Can Pastilla 2,2025-07-08 10:00:00,158.0,134.23637
Can Pastilla 2,2025-07-08 11:00:00,144.0,150.02245
Can Pastilla 2,2025-07-08 12:00:00,114.0,155.82416
Can Pastilla 2,2025-07-08 13:00:00,80.0,138.18065
Can Pastilla 2,2025-07-08 14:00:00,42.0,100.61036
Can Pastilla 2,2025-07-08 15:00:00,40.0,68.31412
Can Pastilla 2,2025-07-08 16:00:00,171.0,31.19604
Can Pastilla 2,2025-07-08 17:00:00,186.0,56.91314
Can Pastilla 2,2025-07-08 18:00:00,219.0,73.629715
Can Pastilla 2,2025-07-08 19:00:00,183.0,106.57144
Can Pastilla 2,2025-07-08 20:00:00,152.0,137.64313
Can Pastilla 2,2025-07-09 08:00:00,134.0,116.705635
Can Pastilla 2,2025-07-09 09:00:00,165.0,115.61158
Can Pastilla 2,2025-07-09 10:00:00,204.0,119.38173
Can Pastilla 2,2025-07-09 11:00:00,137.0,126.66672
Can Pastilla 2,2025-07-09 12:00:00,100.0,140.23276
Can Pastilla 2,2025-07-09 13:00:00,80.0,136.92325
Can Pastilla 2,2025-07-09 14:00:00,73.0,75.7502
Can Pastilla 2,2025-07-09 15:00:00,34.0,41.89832
Can Pastilla 2,2025-07-09 16:00:00,137.0,35.326546
Can Pastilla 2,2025-07-09 17:00:00,190.0,53.59197
Can Pastilla 2,2025-07-09 18:00:00,210.0,57.360992
Can Pastilla 2,2025-07-09 19:00:00,182.0,79.700325
Can Pastilla 2,2025-07-09 20:00:00,144.0,119.27302
Can Pastilla 2,2025-07-10 08:00:00,168.0,131.17679
Can Pastilla 2,2025-07-10 09:00:00,209.0,129.47083
Can Pastilla 2,2025-07-10 10:00:00,146.0,120.46393
Can Pastilla 2,2025-07-10 11:00:00,150.0,119.396675
Can Pastilla 2,2025-07-10 12:00:00,115.0,129.10437
Can Pastilla 2,2025-07-10 13:00:00,73.0,115.96911
Can Pastilla 2,2025-07-10 14:00:00,74.0,62.55312
Can Pastilla 2,2025-07-10 15:00:00,73.0,37.323166
Can Pastilla 2,2025-07-10 16:00:00,132.0,35.24345
Can Pastilla 2,2025-07-10 17:00:00,215.0,52.28065
Can Pastilla 2,2025-07-10 18:00:00,215.0,60.23017
Can Pastilla 2,2025-07-10 19:00:00,217.0,79.15861
Can Pastilla 2,2025-07-10 20:00:00,186.0,128.54759
Can Pastilla 2,2025-07-11 08:00:00,197.0,141.84036
Can Pastilla 2,2025-07-11 09:00:00,194.0,151.9083
Can Pastilla 2,2025-07-11 10:00:00,202.0,150.92688
Can Pastilla 2,2025-07-11 11:00:00,147.0,159.2796
Can Pastilla 2,2025-07-11 12:00:00,134.0,165.43956
Can Pastilla 2,2025-07-11 15:00:00,75.0,178.09627
Can Pastilla 2,2025-07-11 16:00:00,55.0,131.85309
Can Pastilla 2,2025-07-11 17:00:00,70.0,90.63601
Can Pastilla 2,2025-07-11 18:00:00,127.0,36.008858
Can Pastilla 2,2025-07-11 19:00:00,173.0,59.03262
Can Pastilla 2,2025-07-11 20:00:00,199.0,70.258026
Can Pastilla 2,2025-07-12 08:00:00,131.0,107.88267
Can Pastilla 2,2025-07-12 09:00:00,130.0,145.27435
Can Pastilla 2,2025-07-12 10:00:00,164.0,128.47296
Can Pastilla 2,2025-07-12 11:00:00,185.0,127.45404
Can Pastilla 2,2025-07-12 12:00:00,200.0,129.8579
Can Pastilla 2,2025-07-12 13:00:00,172.0,146.3017
Can Pastilla 2,2025-07-12 14:00:00,96.0,143.26714
Can Pastilla 2,2025-07-12 15:00:00,50.0,105.33158
Can Pastilla 2,2025-07-12 16:00:00,42.0,54.04547
Can Pastilla 2,2025-07-12 17:00:00,39.0,40.18688
Can Pastilla 2,2025-07-12 18:00:00,124.0,33.348255
Can Pastilla 2,2025-07-12 19:00:00,193.0,52.05548
Can Pastilla 2,2025-07-12 20:00:00,189.0,64.130974
Can Pastilla 2,2025-07-13 08:00:00,193.0,78.39549
Can Pastilla 2,2025-07-13 09:00:00,157.0,114.945404
Can Pastilla 2,2025-07-13 10:00:00,163.0,139.70891
Can Pastilla 2,2025-07-13 11:00:00,175.0,156.03812
Can Pastilla 2,2025-07-13 12:00:00,179.0,157.01738
Can Pastilla 2,2025-07-13 13:00:00,151.0,170.44762
Can Pastilla 2,2025-07-13 14:00:00,102.0,175.08801
Can Pastilla 2,2025-07-13 15:00:00,65.0,155.09671
Can Pastilla 2,2025-07-13 16:00:00,46.0,129.48657
Can Pastilla 2,2025-07-13 17:00:00,71.0,100.54668
Can Pastilla 2,2025-07-13 18:00:00,94.0,30.064262
Can Pastilla 2,2025-07-13 19:00:00,154.0,47.669666
Can Pastilla 2,2025-07-13 20:00:00,180.0,55.291374
Can Pastilla 2,2025-07-14 08:00:00,167.0,106.51488
Can Pastilla 2,2025-07-14 09:00:00,112.0,150.28615
Can Pastilla 2,2025-07-14 10:00:00,143.0,151.79922
Can Pastilla 2,2025-07-14 11:00:00,109.0,145.773
Can Pastilla 2,2025-07-14 12:00:00,125.0,154.20702
Can Pastilla 2,2025-07-14 13:00:00,121.0,159.0832
Can Pastilla 2,2025-07-14 14:00:00,79.0,174.54295
Can Pastilla 2,2025-07-14 15:00:00,55.0,146.89363
Can Pastilla 2,2025-07-14 16:00:00,56.0,90.95424
Can Pastilla 2,2025-07-14 17:00:00,57.0,63.358185
Can Pastilla 2,2025-07-14 18:00:00,66.0,25.040009
Can Pastilla 2,2025-07-14 19:00:00,96.0,31.00541
Can Pastilla 2,2025-07-14 20:00:00,117.0,40.085594
Can Pastilla 2,2025-07-15 08:00:00,46.0,91.496025
Can Pastilla 2,2025-07-15 09:00:00,47.0,124.47057
Can Pastilla 2,2025-07-15 10:00:00,43.0,133.32758
Can Pastilla 2,2025-07-15 11:00:00,51.0,136.39049
Can Pastilla 2,2025-07-15 12:00:00,38.0,141.70146
Can Pastilla 2,2025-07-15 13:00:00,43.0,152.69261
Can Pastilla 2,2025-07-15 14:00:00,29.0,140.31004
Can Pastilla 2,2025-07-15 15:00:00,29.0,109.69773
Can Pastilla 2,2025-07-15 16:00:00,29.0,84.53171
Can Pastilla 2,2025-07-15 17:00:00,33.0,64.311455
Can Pastilla 2,2025-07-15 18:00:00,27.0,148.20671
Can Pastilla 2,2025-07-15 19:00:00,58.0,31.78789
Can Pastilla 2,2025-07-15 20:00:00,72.0,54.50846
Can Pastilla 2,2025-07-16 08:00:00,97.0,102.81584
Can Pastilla 2,2025-07-16 09:00:00,111.0,140.99869
Can Pastilla 2,2025-07-16 10:00:00,101.0,147.41333
Can Pastilla 2,2025-07-16 11:00:00,100.0,146.51079
Can Pastilla 2,2025-07-16 12:00:00,147.0,145.13422
Can Pastilla 2,2025-07-16 13:00:00,80.0,159.48296
Can Pastilla 2,2025-07-16 14:00:00,71.0,168.08214
Can Pastilla 2,2025-07-16 15:00:00,36.0,148.33311
Can Pastilla 2,2025-07-16 16:00:00,37.0,98.37069
Can Pastilla 2,2025-07-16 17:00:00,48.0,65.56042
Can Pastilla 2,2025-07-16 18:00:00,55.0,31.56298
Can Pastilla 2,2025-07-16 19:00:00,113.0,48.529964
Can Pastilla 2,2025-07-16 20:00:00,119.0,65.06291
Can Pastilla 2,2025-07-17 08:00:00,105.0,114.14372
Can Pastilla 2,2025-07-17 09:00:00,115.0,154.16995
Can Pastilla 2,2025-07-17 10:00:00,111.0,163.9022
Can Pastilla 2,2025-07-17 11:00:00,138.0,161.20456
Can Pastilla 2,2025-07-17 12:00:00,141.0,157.53871
Can Pastilla 2,2025-07-17 13:00:00,76.0,165.43958
Can Pastilla 2,2025-07-17 14:00:00,63.0,159.24455
Can Pastilla 2,2025-07-17 15:00:00,53.0,178.16264
Can Pastilla 2,2025-07-17 16:00:00,32.0,188.51753
Can Pastilla 2,2025-07-17 17:00:00,37.0,183.04591
Can Pastilla 2,2025-07-17 18:00:00,101.0,131.55487
Can Pastilla 2,2025-07-17 19:00:00,200.0,146.60365
Can Pastilla 2,2025-07-17 20:00:00,227.0,151.32062
Can Pastilla 2,2025-07-18 08:00:00,199.0,107.62646
Can Pastilla 2,2025-07-18 09:00:00,166.0,162.04694
Can Pastilla 2,2025-07-18 10:00:00,179.0,170.36119
Can Pastilla 2,2025-07-18 11:00:00,157.0,225.87758
Can Pastilla 2,2025-07-18 12:00:00,163.0,215.92494
Can Pastilla 2,2025-07-18 13:00:00,117.0,199.05293
Can Pastilla 2,2025-07-18 14:00:00,52.0,277.53598
Can Pastilla 2,2025-07-18 15:00:00,53.0,185.51295
Can Pastilla 2,2025-07-18 16:00:00,58.0,179.38654
Can Pastilla 2,2025-07-18 17:00:00,63.0,191.01338
Can Pastilla 2,2025-07-18 18:00:00,90.0,120.04231
Can Pastilla 2,2025-07-18 19:00:00,157.0,113.3445
Can Pastilla 2,2025-07-18 20:00:00,175.0,126.85603
Can Pastilla 2,2025-07-19 08:00:00,183.0,161.52615
Can Pastilla 2,2025-07-19 09:00:00,60.0,173.74532
Can Pastilla 2,2025-07-19 10:00:00,42.0,190.0753
Can Pastilla 2,2025-07-19 11:00:00,38.0,202.27856
Can Pastilla 2,2025-07-19 12:00:00,80.0,196.58623
Can Pastilla 2,2025-07-19 13:00:00,72.0,176.57603
Can Pastilla 2,2025-07-19 14:00:00,53.0,171.14154
Can Pastilla 2,2025-07-19 15:00:00,47.0,169.6665
Can Pastilla 2,2025-07-19 16:00:00,33.0,171.74692
Can Pastilla 2,2025-07-19 17:00:00,28.0,172.28781
Can Pastilla 2,2025-07-19 18:00:00,39.0,136.43192
Can Pastilla 2,2025-07-19 19:00:00,66.0,126.78669
Can Pastilla 2,2025-07-19 20:00:00,109.0,126.46597
Can Pastilla 2,2025-07-20 08:00:00,89.0,138.91576
Can Pastilla 2,2025-07-20 09:00:00,53.0,230.88937
Can Pastilla 2,2025-07-20 10:00:00,55.0,179.28334
Can Pastilla 2,2025-07-20 11:00:00,66.0,206.32509
Can Pastilla 2,2025-07-20 12:00:00,102.0,186.58737
Can Pastilla 2,2025-07-20 13:00:00,54.0,179.57254
Can Pastilla 2,2025-07-20 14:00:00,43.0,181.74194
Can Pastilla 2,2025-07-20 15:00:00,28.0,181.25713
Can Pastilla 2,2025-07-20 16:00:00,54.0,177.21057
Can Pastilla 2,2025-07-20 17:00:00,59.0,169.13025
Can Pastilla 2,2025-07-20 18:00:00,81.0,206.85239
Can Pastilla 2,2025-07-20 19:00:00,145.0,117.83946
Can Pastilla 2,2025-07-20 20:00:00,174.0,125.0896
Can Pastilla 2,2025-07-21 08:00:00,174.0,121.15113
Can Pastilla 2,2025-07-21 09:00:00,102.0,215.06834
Can Pastilla 2,2025-07-21 10:00:00,106.0,211.90129
Can Pastilla 2,2025-07-21 11:00:00,149.0,214.53232
Can Pastilla 2,2025-07-21 12:00:00,117.0,237.18063
Can Pastilla 2,2025-07-21 13:00:00,82.0,241.39198
Can Pastilla 2,2025-07-21 14:00:00,73.0,179.60352
Can Pastilla 2,2025-07-21 15:00:00,44.0,179.83032
Can Pastilla 2,2025-07-21 16:00:00,18.0,167.51932
Can Pastilla 2,2025-07-21 17:00:00,25.0,166.81256
Can Pastilla 2,2025-07-21 18:00:00,124.0,124.65101
Can Pastilla 2,2025-07-21 19:00:00,181.0,114.37042
Can Pastilla 2,2025-07-21 20:00:00,214.0,128.87859
Can Pastilla 2,2025-07-22 08:00:00,173.0,149.44217
Can Pastilla 2,2025-07-22 09:00:00,168.0,212.91937
Can Pastilla 2,2025-07-22 10:00:00,160.0,200.6132
Can Pastilla 2,2025-07-22 11:00:00,104.0,208.0638
Can Pastilla 2,2025-07-22 12:00:00,128.0,210.71255
Can Pastilla 2,2025-07-22 13:00:00,72.0,179.59195
Can Pastilla 2,2025-07-22 14:00:00,92.0,173.86395
Can Pastilla 2,2025-07-22 15:00:00,38.0,179.34668
Can Pastilla 2,2025-07-22 16:00:00,37.0,168.5785
Can Pastilla 2,2025-07-22 17:00:00,45.0,166.65305
Can Pastilla 2,2025-07-22 18:00:00,136.0,99.898834
Can Pastilla 2,2025-07-22 19:00:00,148.0,93.28926
Can Pastilla 2,2025-07-22 20:00:00,159.0,119.34535
Can Pastilla 2,2025-07-23 08:00:00,153.0,163.58032
Can Pastilla 2,2025-07-23 09:00:00,133.0,210.52174
Can Pastilla 2,2025-07-23 10:00:00,150.0,202.15535
Can Pastilla 2,2025-07-23 11:00:00,159.0,202.38472
Can Pastilla 2,2025-07-23 12:00:00,135.0,182.4586
Can Pastilla 2,2025-07-23 13:00:00,112.0,144.03297
Can Pastilla 2,2025-07-23 14:00:00,89.0,164.52744
Can Pastilla 2,2025-07-23 15:00:00,38.0,142.73674
Can Pastilla 2,2025-07-23 16:00:00,53.0,83.690926
Can Pastilla 2,2025-07-23 17:00:00,36.0,69.40688
Can Pastilla 2,2025-07-23 18:00:00,146.0,127.63694
Can Pastilla 2,2025-07-23 19:00:00,221.0,33.71098
Can Pastilla 2,2025-07-23 20:00:00,179.0,59.00891
Can Pastilla 2,2025-07-24 08:00:00,165.0,98.76024
Can Pastilla 2,2025-07-24 09:00:00,175.0,139.36322
Can Pastilla 2,2025-07-24 10:00:00,159.0,145.84981
Can Pastilla 2,2025-07-24 11:00:00,166.0,145.07605
Can Pastilla 2,2025-07-24 12:00:00,129.0,142.94588
Can Pastilla 2,2025-07-24 13:00:00,99.0,150.10422
Can Pastilla 2,2025-07-24 14:00:00,80.0,122.393394
Can Pastilla 2,2025-07-24 15:00:00,42.0,110.0961
Can Pastilla 2,2025-07-24 16:00:00,45.0,51.80854
Can Pastilla 2,2025-07-24 17:00:00,63.0,37.33938
Can Pastilla 2,2025-07-24 18:00:00,149.0,34.873524
Can Pastilla 2,2025-07-24 19:00:00,182.0,48.990883
Can Pastilla 2,2025-07-24 20:00:00,193.0,50.902885
Can Pastilla 2,2025-07-25 08:00:00,136.0,65.76991
Can Pastilla 2,2025-07-25 09:00:00,162.0,102.24211
Can Pastilla 2,2025-07-25 10:00:00,151.0,104.61807
Can Pastilla 2,2025-07-25 11:00:00,148.0,116.120026
Can Pastilla 2,2025-07-25 12:00:00,150.0,120.47951
Can Pastilla 2,2025-07-25 13:00:00,118.0,132.42256
Can Pastilla 2,2025-07-25 14:00:00,57.0,140.31874
Can Pastilla 2,2025-07-25 15:00:00,31.0,121.75779
Can Pastilla 2,2025-07-25 16:00:00,60.0,59.638527
Can Pastilla 2,2025-07-25 17:00:00,43.0,39.03232
Can Pastilla 2,2025-07-25 18:00:00,110.0,30.529364
Can Pastilla 2,2025-07-25 19:00:00,174.0,42.950874
Can Pastilla 2,2025-07-25 20:00:00,168.0,54.19764
Can Pastilla 2,2025-07-26 08:00:00,163.0,65.36106
Can Pastilla 2,2025-07-26 09:00:00,109.0,72.2498
Can Pastilla 2,2025-07-26 10:00:00,146.0,71.66641
Can Pastilla 2,2025-07-26 11:00:00,161.0,74.16292
Can Pastilla 2,2025-07-26 12:00:00,133.0,77.07509
Can Pastilla 2,2025-07-26 13:00:00,124.0,75.990166
Can Pastilla 2,2025-07-26 14:00:00,92.0,77.56439
Can Pastilla 2,2025-07-26 15:00:00,35.0,76.24362
Can Pastilla 2,2025-07-26 16:00:00,80.0,44.957138
Can Pastilla 2,2025-07-26 17:00:00,59.0,37.211998
Can Pastilla 2,2025-07-26 18:00:00,122.0,32.70819
Can Pastilla 2,2025-07-26 19:00:00,182.0,42.21302
Can Pastilla 2,2025-07-26 20:00:00,240.0,60.563164
Can Pastilla 2,2025-07-27 08:00:00,162.0,66.97935
Can Pastilla 2,2025-07-27 09:00:00,152.0,70.23873
Can Pastilla 2,2025-07-27 10:00:00,172.0,73.746155
Can Pastilla 2,2025-07-27 11:00:00,133.0,119.700615
Can Pastilla 2,2025-07-27 12:00:00,168.0,115.82042
Can Pastilla 2,2025-07-27 13:00:00,94.0,137.30426
Can Pastilla 2,2025-07-27 14:00:00,96.0,134.94315
Can Pastilla 2,2025-07-27 15:00:00,43.0,112.61747
Can Pastilla 2,2025-07-27 16:00:00,58.0,62.28133
Can Pastilla 2,2025-07-27 17:00:00,63.0,49.788727
Can Pastilla 2,2025-07-27 18:00:00,114.0,24.442183
Can Pastilla 2,2025-07-27 19:00:00,144.0,44.146816
Can Pastilla 2,2025-07-27 20:00:00,182.0,52.861385
Can Pastilla 2,2025-07-28 08:00:00,125.0,86.44263
Can Pastilla 2,2025-07-28 09:00:00,125.0,118.33067
Can Pastilla 2,2025-07-28 10:00:00,173.0,131.68575
Can Pastilla 2,2025-07-28 11:00:00,133.0,133.41586
Can Pastilla 2,2025-07-28 12:00:00,141.0,131.0187
Can Pastilla 2,2025-07-28 13:00:00,114.0,131.67986
Can Pastilla 2,2025-07-28 14:00:00,83.0,128.2161
Can Pastilla 2,2025-07-28 15:00:00,40.0,99.398026
Can Pastilla 2,2025-07-28 16:00:00,47.0,54.09191
Can Pastilla 2,2025-07-28 17:00:00,78.0,37.15781
Can Pastilla 2,2025-07-28 18:00:00,174.0,31.026072
Can Pastilla 2,2025-07-28 19:00:00,200.0,42.684864
Can Pastilla 2,2025-07-28 20:00:00,203.0,56.614624
Can Pastilla 2,2025-07-29 08:00:00,181.0,70.302704
Can Pastilla 2,2025-07-29 09:00:00,188.0,99.48015
Can Pastilla 2,2025-07-29 10:00:00,187.0,108.79656
Can Pastilla 2,2025-07-29 11:00:00,191.0,107.79655
Can Pastilla 2,2025-07-29 12:00:00,145.0,113.5612
Can Pastilla 2,2025-07-29 13:00:00,103.0,120.05459
Can Pastilla 2,2025-07-29 14:00:00,88.0,126.83715
Can Pastilla 2,2025-07-29 15:00:00,39.0,105.98203
Can Pastilla 2,2025-07-29 16:00:00,57.0,52.424114
Can Pastilla 2,2025-07-29 17:00:00,59.0,38.605183
Can Pastilla 2,2025-07-29 18:00:00,152.0,35.245205
Can Pastilla 2,2025-07-29 19:00:00,179.0,46.969414
Can Pastilla 2,2025-07-29 20:00:00,190.0,47.787266
Can Pastilla 2,2025-07-30 08:00:00,179.0,65.384636
Can Pastilla 2,2025-07-30 09:00:00,146.0,99.96974
Can Pastilla 2,2025-07-30 10:00:00,151.0,101.21428
Can Pastilla 2,2025-07-30 11:00:00,148.0,103.27412
Can Pastilla 2,2025-07-30 12:00:00,162.0,106.1889
Can Pastilla 2,2025-07-30 13:00:00,128.0,115.10455
Can Pastilla 2,2025-07-30 14:00:00,106.0,119.24342
Can Pastilla 2,2025-07-30 15:00:00,51.0,99.56532
Can Pastilla 2,2025-07-30 16:00:00,79.0,47.777855
Can Pastilla 2,2025-07-30 17:00:00,65.0,38.950085
Can Pastilla 2,2025-07-30 18:00:00,149.0,28.938032
Can Pastilla 2,2025-07-30 19:00:00,180.0,47.16969
Can Pastilla 2,2025-07-30 20:00:00,178.0,55.785526
Can Pastilla 2,2025-07-31 08:00:00,147.0,65.17588
Can Pastilla 2,2025-07-31 09:00:00,176.0,70.45496
Can Pastilla 2,2025-07-31 10:00:00,196.0,113.75302
Can Pastilla 2,2025-07-31 11:00:00,227.0,116.69503
Can Pastilla 2,2025-07-31 12:00:00,154.0,119.42625
Can Pastilla 2,2025-07-31 13:00:00,120.0,131.40678
Can Pastilla 2,2025-07-31 14:00:00,85.0,134.1513
Can Pastilla 2,2025-07-31 15:00:00,53.0,114.80041
Can Pastilla 2,2025-07-31 16:00:00,38.0,60.277023
Can Pastilla 2,2025-07-31 17:00:00,56.0,46.14054
Can Pastilla 2,2025-07-31 18:00:00,155.0,28.69386
Can Pastilla 2,2025-07-31 19:00:00,230.0,46.91826
Can Pastilla 2,2025-07-31 20:00:00,238.0,56.90864
Can Pastilla 2,2025-08-01 08:00:00,172.0,86.298225
Can Pastilla 2,2025-08-01 09:00:00,184.0,125.956604
Can Pastilla 2,2025-08-01 10:00:00,184.0,141.2466
Can Pastilla 2,2025-08-01 11:00:00,199.0,136.67043
Can Pastilla 2,2025-08-01 12:00:00,172.0,141.97299
Can Pastilla 2,2025-08-01 13:00:00,133.0,161.99574
Can Pastilla 2,2025-08-01 14:00:00,90.0,165.14085
Can Pastilla 2,2025-08-01 15:00:00,60.0,170.39049
Can Pastilla 2,2025-08-01 16:00:00,43.0,115.545
Can Pastilla 2,2025-08-01 17:00:00,44.0,80.83473
Can Pastilla 2,2025-08-01 18:00:00,149.0,29.601055
Can Pastilla 2,2025-08-01 19:00:00,199.0,53.17456
Can Pastilla 2,2025-08-01 20:00:00,208.0,76.14263
Can Pastilla 2,2025-08-02 08:00:00,142.0,76.76945
Can Pastilla 2,2025-08-02 09:00:00,162.0,112.620605
Can Pastilla 2,2025-08-02 10:00:00,204.0,156.98465
Can Pastilla 2,2025-08-02 11:00:00,198.0,154.90456
Can Pastilla 2,2025-08-02 12:00:00,183.0,157.34277
Can Pastilla 2,2025-08-02 13:00:00,137.0,171.5791
Can Pastilla 2,2025-08-02 14:00:00,118.0,174.43297
Can Pastilla 2,2025-08-02 15:00:00,62.0,153.23662
Can Pastilla 2,2025-08-02 16:00:00,48.0,80.15152
Can Pastilla 2,2025-08-02 17:00:00,42.0,74.19048
Can Pastilla 2,2025-08-02 18:00:00,178.0,29.195124
Can Pastilla 2,2025-08-02 19:00:00,183.0,51.50028
Can Pastilla 2,2025-08-02 20:00:00,192.0,69.703316
Can Pastilla 2,2025-08-03 08:00:00,161.0,114.998886
Can Pastilla 2,2025-08-03 09:00:00,161.0,146.54295
Can Pastilla 2,2025-08-03 10:00:00,179.0,148.68906
Can Pastilla 2,2025-08-03 11:00:00,171.0,151.30403
Can Pastilla 2,2025-08-03 12:00:00,166.0,154.49501
Can Pastilla 2,2025-08-03 13:00:00,131.0,166.21536
Can Pastilla 2,2025-08-03 14:00:00,75.0,174.88493
Can Pastilla 2,2025-08-03 15:00:00,49.0,149.8702
Can Pastilla 2,2025-08-03 16:00:00,59.0,85.611176
Can Pastilla 2,2025-08-03 17:00:00,66.0,65.90312
Can Pastilla 2,2025-08-03 18:00:00,115.0,23.744213
Can Pastilla 2,2025-08-03 19:00:00,194.0,46.84225
Can Pastilla 2,2025-08-03 20:00:00,215.0,68.63784
Can Pastilla 2,2025-08-04 08:00:00,154.0,107.47845
Can Pastilla 2,2025-08-04 09:00:00,126.0,132.69807
Can Pastilla 2,2025-08-04 10:00:00,160.0,138.13658
Can Pastilla 2,2025-08-04 11:00:00,168.0,136.83508
Can Pastilla 2,2025-08-04 12:00:00,195.0,139.04985
Can Pastilla 2,2025-08-04 13:00:00,137.0,153.05888
Can Pastilla 2,2025-08-04 14:00:00,83.0,166.74934
Can Pastilla 2,2025-08-04 15:00:00,48.0,137.13226
Can Pastilla 2,2025-08-04 16:00:00,35.0,71.34417
Can Pastilla 2,2025-08-04 17:00:00,55.0,64.86195
Can Pastilla 2,2025-08-04 18:00:00,125.0,27.810896
Can Pastilla 2,2025-08-04 19:00:00,164.0,55.022224
Can Pastilla 2,2025-08-04 20:00:00,182.0,72.82602
Can Pastilla 2,2025-08-05 08:00:00,173.0,109.36449
Can Pastilla 2,2025-08-05 09:00:00,196.0,145.01138
Can Pastilla 2,2025-08-05 10:00:00,162.0,150.39307
Can Pastilla 2,2025-08-05 11:00:00,217.0,158.20746
Can Pastilla 2,2025-08-05 12:00:00,166.0,153.56737
Can Pastilla 2,2025-08-05 13:00:00,152.0,163.469
Can Pastilla 2,2025-08-05 14:00:00,142.0,167.57628
Can Pastilla 2,2025-08-05 15:00:00,72.0,141.6999
Can Pastilla 2,2025-08-05 16:00:00,63.0,90.20752
Can Pastilla 2,2025-08-05 17:00:00,86.0,77.00438
Can Pastilla 2,2025-08-05 18:00:00,146.0,31.860312
Can Pastilla 2,2025-08-05 19:00:00,223.0,49.35646
Can Pastilla 2,2025-08-05 20:00:00,240.0,69.52655
Can Pastilla 2,2025-08-06 08:00:00,218.0,119.341965
Can Pastilla 2,2025-08-06 09:00:00,185.0,151.84613
Can Pastilla 2,2025-08-06 10:00:00,172.0,153.27878
Can Pastilla 2,2025-08-06 11:00:00,211.0,155.4827
Can Pastilla 2,2025-08-06 12:00:00,228.0,159.99126
Can Pastilla 2,2025-08-06 13:00:00,146.0,166.58817
Can Pastilla 2,2025-08-06 14:00:00,112.0,170.11804
Can Pastilla 2,2025-08-06 15:00:00,73.0,151.77328
Can Pastilla 2,2025-08-06 16:00:00,92.0,78.076546
Can Pastilla 2,2025-08-06 17:00:00,83.0,66.2311
Can Pastilla 2,2025-08-06 18:00:00,134.0,33.612137
Can Pastilla 2,2025-08-06 19:00:00,186.0,58.42009
Can Pastilla 2,2025-08-06 20:00:00,198.0,74.35257
Can Pastilla 2,2025-08-07 08:00:00,173.0,111.65027
Can Pastilla 2,2025-08-07 09:00:00,149.0,152.47017
Can Pastilla 2,2025-08-07 10:00:00,159.0,165.1251
Can Pastilla 2,2025-08-07 11:00:00,203.0,157.3693
Can Pastilla 2,2025-08-07 12:00:00,185.0,157.12843
Can Pastilla 2,2025-08-07 13:00:00,138.0,167.49504
Can Pastilla 2,2025-08-07 14:00:00,113.0,159.97847
Can Pastilla 2,2025-08-07 15:00:00,107.0,146.21124
Can Pastilla 2,2025-08-07 16:00:00,89.0,124.84685
Can Pastilla 2,2025-08-07 17:00:00,52.0,145.46959
Can Pastilla 2,2025-08-07 18:00:00,116.0,63.76662
Can Pastilla 2,2025-08-07 19:00:00,176.0,26.832472
Can Pastilla 2,2025-08-07 20:00:00,221.0,66.11597
Can Pastilla 2,2025-08-08 08:00:00,153.0,112.08621
Can Pastilla 2,2025-08-08 09:00:00,146.0,149.74644
Can Pastilla 2,2025-08-08 10:00:00,158.0,158.07594
Can Pastilla 2,2025-08-08 11:00:00,237.0,158.61154
Can Pastilla 2,2025-08-08 12:00:00,191.0,165.35388
Can Pastilla 2,2025-08-08 13:00:00,131.0,183.88568
Can Pastilla 2,2025-08-08 14:00:00,95.0,184.17538
Can Pastilla 2,2025-08-08 15:00:00,63.0,164.92377
Can Pastilla 2,2025-08-08 16:00:00,67.0,98.66851
Can Pastilla 2,2025-08-08 17:00:00,65.0,183.83778
Can Pastilla 2,2025-08-08 18:00:00,92.0,95.88501
Can Pastilla 2,2025-08-08 19:00:00,151.0,29.710974
Can Pastilla 2,2025-08-08 20:00:00,141.0,51.262665
Can Pastilla 2,2025-08-09 08:00:00,106.0,113.270615
Can Pastilla 2,2025-08-09 09:00:00,125.0,135.39069
Can Pastilla 2,2025-08-09 10:00:00,153.0,144.12228
Can Pastilla 2,2025-08-09 11:00:00,157.0,146.17467
Can Pastilla 2,2025-08-09 12:00:00,141.0,143.90135
Can Pastilla 2,2025-08-09 13:00:00,94.0,158.27803
Can Pastilla 2,2025-08-09 14:00:00,52.0,161.38148
Can Pastilla 2,2025-08-09 15:00:00,72.0,170.38048
Can Pastilla 2,2025-08-09 16:00:00,62.0,148.4836
Can Pastilla 2,2025-08-09 17:00:00,73.0,100.32966
Can Pastilla 2,2025-08-09 18:00:00,64.0,78.22801
Can Pastilla 2,2025-08-09 19:00:00,61.0,74.39737
Can Pastilla 2,2025-08-09 20:00:00,58.0,92.7215
Can Pastilla 2,2025-08-10 08:00:00,77.0,124.26892
Can Pastilla 2,2025-08-10 09:00:00,80.0,147.01346
Can Pastilla 2,2025-08-10 10:00:00,165.0,166.95467
Can Pastilla 2,2025-08-10 11:00:00,129.0,194.06332
Can Pastilla 2,2025-08-10 12:00:00,110.0,158.18936
Can Pastilla 2,2025-08-10 13:00:00,56.0,177.30159
Can Pastilla 2,2025-08-10 14:00:00,56.0,169.66019
Can Pastilla 2,2025-08-10 15:00:00,53.0,150.26706
Can Pastilla 2,2025-08-10 16:00:00,61.0,160.88203
Can Pastilla 2,2025-08-10 17:00:00,63.0,154.08295
Can Pastilla 2,2025-08-10 18:00:00,124.0,66.85847
Can Pastilla 2,2025-08-10 19:00:00,140.0,59.766254
Can Pastilla 2,2025-08-10 20:00:00,131.0,109.7016
Can Pastilla 2,2025-08-11 08:00:00,73.0,138.62791
Can Pastilla 2,2025-08-11 09:00:00,72.0,181.81487
Can Pastilla 2,2025-08-11 10:00:00,95.0,167.7359
Can Pastilla 2,2025-08-11 11:00:00,116.0,189.02669
Can Pastilla 2,2025-08-11 12:00:00,97.0,171.29097
Can Pastilla 2,2025-08-11 13:00:00,44.0,156.61581
Can Pastilla 2,2025-08-11 14:00:00,43.0,156.79366
Can Pastilla 2,2025-08-11 15:00:00,55.0,151.52179
Can Pastilla 2,2025-08-11 16:00:00,35.0,152.81786
Can Pastilla 2,2025-08-11 17:00:00,128.0,162.23445
Can Pastilla 2,2025-08-11 18:00:00,178.0,151.15239
Can Pastilla 2,2025-08-11 19:00:00,179.0,157.85146
Can Pastilla 2,2025-08-11 20:00:00,153.0,171.42686
Can Pastilla 2,2025-08-12 08:00:00,131.0,201.1156
Can Pastilla 2,2025-08-12 09:00:00,178.0,219.57385
Can Pastilla 2,2025-08-12 10:00:00,209.0,220.8163
Can Pastilla 2,2025-08-12 11:00:00,156.0,218.37778
Can Pastilla 2,2025-08-12 12:00:00,114.0,181.19884
Can Pastilla 2,2025-08-12 13:00:00,77.0,173.3663
Can Pastilla 2,2025-08-12 14:00:00,47.0,159.60387
Can Pastilla 2,2025-08-12 15:00:00,32.0,166.40007
Can Pastilla 2,2025-08-12 16:00:00,65.0,169.771
Can Pastilla 2,2025-08-12 17:00:00,123.0,204.55371
Can Pastilla 2,2025-08-12 18:00:00,183.0,151.853
Can Pastilla 2,2025-08-12 19:00:00,198.0,139.94841
Can Pastilla 2,2025-08-12 20:00:00,192.0,169.00221
Can Pastilla 2,2025-08-13 08:00:00,166.0,206.32025
Can Pastilla 2,2025-08-13 09:00:00,179.0,201.5416
Can Pastilla 2,2025-08-13 10:00:00,144.0,201.03592
Can Pastilla 2,2025-08-13 11:00:00,147.0,188.35245
Can Pastilla 2,2025-08-13 12:00:00,121.0,169.72722
Can Pastilla 2,2025-08-13 13:00:00,101.0,186.6338
Can Pastilla 2,2025-08-13 14:00:00,84.0,165.42665
Can Pastilla 2,2025-08-13 15:00:00,64.0,151.92024
Can Pastilla 2,2025-08-13 16:00:00,61.0,152.48906
Can Pastilla 2,2025-08-13 17:00:00,131.0,147.20227
Can Pastilla 2,2025-08-13 18:00:00,188.0,114.90254
Can Pastilla 2,2025-08-13 19:00:00,177.0,141.9125
Can Pastilla 2,2025-08-13 20:00:00,154.0,172.01466
Can Pastilla 2,2025-08-14 08:00:00,158.0,125.97418
Can Pastilla 2,2025-08-14 09:00:00,172.0,141.29396
Can Pastilla 2,2025-08-14 10:00:00,174.0,148.15659
Can Pastilla 2,2025-08-14 11:00:00,174.0,150.95697
Can Pastilla 2,2025-08-14 12:00:00,140.0,164.76704
Can Pastilla 2,2025-08-14 13:00:00,91.0,157.98026
Can Pastilla 2,2025-08-14 14:00:00,51.0,123.3037
Can Pastilla 2,2025-08-14 15:00:00,52.0,159.64034
Can Pastilla 2,2025-08-14 16:00:00,42.0,162.51138
Can Pastilla 2,2025-08-14 17:00:00,89.0,149.22398
Can Pastilla 2,2025-08-14 18:00:00,116.0,140.02887
Can Pastilla 2,2025-08-14 19:00:00,191.0,116.53675
Can Pastilla 2,2025-08-14 20:00:00,191.0,110.8876
Can Pastilla 2,2025-08-15 08:00:00,151.0,166.09866
Can Pastilla 2,2025-08-15 09:00:00,179.0,157.38988
Can Pastilla 2,2025-08-15 10:00:00,221.0,189.83926
Can Pastilla 2,2025-08-15 11:00:00,165.0,229.28258
Can Pastilla 2,2025-08-15 12:00:00,106.0,192.09947
Can Pastilla 2,2025-08-15 13:00:00,68.0,186.41121
Can Pastilla 2,2025-08-15 14:00:00,44.0,170.44861
Can Pastilla 2,2025-08-15 15:00:00,84.0,174.3645
Can Pastilla 2,2025-08-15 16:00:00,77.0,199.28828
Can Pastilla 2,2025-08-15 17:00:00,77.0,154.02335
Can Pastilla 2,2025-08-15 18:00:00,103.0,130.69827
Can Pastilla 2,2025-08-15 19:00:00,74.0,112.07987
Can Pastilla 2,2025-08-15 20:00:00,47.0,152.52362
Can Pastilla 2,2025-08-16 08:00:00,80.0,180.35493
Can Pastilla 2,2025-08-16 09:00:00,114.0,208.84877
Can Pastilla 2,2025-08-16 10:00:00,76.0,172.13797
Can Pastilla 2,2025-08-16 11:00:00,104.0,158.63129
Can Pastilla 2,2025-08-16 12:00:00,84.0,159.90205
Can Pastilla 2,2025-08-16 13:00:00,92.0,153.95488
Can Pastilla 2,2025-08-16 14:00:00,53.0,170.13348
Can Pastilla 2,2025-08-16 15:00:00,38.0,161.11192
Can Pastilla 2,2025-08-16 16:00:00,40.0,170.25685
Can Pastilla 2,2025-08-16 17:00:00,132.0,126.981155
Can Pastilla 2,2025-08-16 18:00:00,151.0,91.09013
Can Pastilla 2,2025-08-16 19:00:00,196.0,112.20592
Can Pastilla 2,2025-08-16 20:00:00,162.0,125.376205
Can Pastilla 2,2025-08-17 08:00:00,133.0,172.94652
Can Pastilla 2,2025-08-17 09:00:00,158.0,190.75168
Can Pastilla 2,2025-08-17 10:00:00,148.0,170.61993
Can Pastilla 2,2025-08-17 11:00:00,134.0,159.53212
Can Pastilla 2,2025-08-17 12:00:00,91.0,145.8412
Can Pastilla 2,2025-08-17 13:00:00,82.0,138.18481
Can Pastilla 2,2025-08-17 14:00:00,63.0,129.62741
Can Pastilla 2,2025-08-17 15:00:00,59.0,190.03975
Can Pastilla 2,2025-08-17 16:00:00,62.0,156.86809
Can Pastilla 2,2025-08-17 17:00:00,69.0,172.68744
Can Pastilla 2,2025-08-17 18:00:00,94.0,83.02186
Can Pastilla 2,2025-08-17 19:00:00,34.0,121.13889
Can Pastilla 2,2025-08-17 20:00:00,112.0,121.74215
Can Pastilla 2,2025-08-18 08:00:00,107.0,166.72412
Can Pastilla 2,2025-08-18 09:00:00,144.0,193.0094
Can Pastilla 2,2025-08-18 10:00:00,126.0,153.18484
Can Pastilla 2,2025-08-18 11:00:00,141.0,164.98407
Can Pastilla 2,2025-08-18 12:00:00,111.0,196.9838
Can Pastilla 2,2025-08-18 13:00:00,102.0,188.52962
Can Pastilla 2,2025-08-18 14:00:00,79.0,153.46327
Can Pastilla 2,2025-08-18 15:00:00,90.0,151.63387
Can Pastilla 2,2025-08-18 16:00:00,58.0,131.98682
Can Pastilla 2,2025-08-18 18:00:00,69.0,92.32591
Can Pastilla 2,2025-08-18 19:00:00,146.0,116.3256
Can Pastilla 2,2025-08-18 20:00:00,126.0,79.573814
Can Pastilla 2,2025-08-19 08:00:00,160.0,61.23855
Can Pastilla 2,2025-08-19 09:00:00,120.0,124.18518
Can Pastilla 2,2025-08-19 10:00:00,136.0,143.14995
Can Pastilla 2,2025-08-19 11:00:00,163.0,133.73337
Can Pastilla 2,2025-08-19 12:00:00,183.0,141.42961
Can Pastilla 2,2025-08-19 13:00:00,149.0,152.96193
Can Pastilla 2,2025-08-19 14:00:00,92.0,147.68184
Can Pastilla 2,2025-08-19 15:00:00,57.0,106.80384
Can Pastilla 2,2025-08-19 16:00:00,36.0,68.9113
Can Pastilla 2,2025-08-19 17:00:00,37.0,60.87124
Can Pastilla 2,2025-08-19 18:00:00,85.0,24.810614
Can Pastilla 2,2025-08-19 19:00:00,150.0,29.605291
Can Pastilla 2,2025-08-19 20:00:00,178.0,33.451614
Can Pastilla 2,2025-08-20 08:00:00,145.0,49.56306
Can Pastilla 2,2025-08-20 09:00:00,135.0,95.4874
Can Pastilla 2,2025-08-20 10:00:00,143.0,110.71792
Can Pastilla 2,2025-08-20 11:00:00,174.0,109.345116
Can Pastilla 2,2025-08-20 12:00:00,130.0,110.789734
Can Pastilla 2,2025-08-20 13:00:00,91.0,116.83159
Can Pastilla 2,2025-08-20 14:00:00,66.0,109.6551
Can Pastilla 2,2025-08-20 15:00:00,41.0,92.113075
Can Pastilla 2,2025-08-20 16:00:00,38.0,36.687527
Can Pastilla 2,2025-08-20 17:00:00,58.0,30.352463
Can Pastilla 2,2025-08-20 18:00:00,117.0,24.425617
Can Pastilla 2,2025-08-20 19:00:00,163.0,32.79878
Can Pastilla 2,2025-08-20 20:00:00,190.0,46.813457
Can Pastilla 2,2025-08-21 08:00:00,172.0,67.574585
Can Pastilla 2,2025-08-21 09:00:00,161.0,104.97856
Can Pastilla 2,2025-08-21 10:00:00,147.0,113.74536
Can Pastilla 2,2025-08-21 11:00:00,175.0,121.17639
Can Pastilla 2,2025-08-21 12:00:00,149.0,117.99381
Can Pastilla 2,2025-08-21 13:00:00,92.0,130.82419
Can Pastilla 2,2025-08-21 14:00:00,84.0,136.35384
Can Pastilla 2,2025-08-21 15:00:00,45.0,113.28702
Can Pastilla 2,2025-08-21 16:00:00,46.0,48.45373
Can Pastilla 2,2025-08-21 17:00:00,52.0,46.317394
Can Pastilla 2,2025-08-21 18:00:00,100.0,24.26759
Can Pastilla 2,2025-08-21 19:00:00,153.0,36.440163
Can Pastilla 2,2025-08-21 20:00:00,184.0,54.540154
Can Pastilla 2,2025-08-22 08:00:00,171.0,84.04513
Can Pastilla 2,2025-08-22 09:00:00,172.0,126.7819
Can Pastilla 2,2025-08-22 10:00:00,156.0,144.9332
Can Pastilla 2,2025-08-22 11:00:00,139.0,140.74876
Can Pastilla 2,2025-08-22 12:00:00,136.0,143.42462
Can Pastilla 2,2025-08-22 13:00:00,84.0,159.07375
Can Pastilla 2,2025-08-22 14:00:00,73.0,180.07544
Can Pastilla 2,2025-08-22 15:00:00,54.0,139.84717
Can Pastilla 2,2025-08-22 16:00:00,58.0,94.38066
Can Pastilla 2,2025-08-22 17:00:00,59.0,94.13241
Can Pastilla 2,2025-08-22 18:00:00,76.0,29.783604
Can Pastilla 2,2025-08-22 19:00:00,112.0,50.24594
Can Pastilla 2,2025-08-22 20:00:00,119.0,62.27104
Can Pastilla 2,2025-08-23 08:00:00,111.0,112.63334
Can Pastilla 2,2025-08-23 09:00:00,113.0,143.18976
Can Pastilla 2,2025-08-23 10:00:00,120.0,138.45946
Can Pastilla 2,2025-08-23 11:00:00,184.0,142.04726
Can Pastilla 2,2025-08-23 12:00:00,137.0,139.31192
Can Pastilla 2,2025-08-23 13:00:00,90.0,143.82144
Can Pastilla 2,2025-08-23 14:00:00,102.0,136.66672
Can Pastilla 2,2025-08-23 15:00:00,56.0,105.27253
Can Pastilla 2,2025-08-23 16:00:00,73.0,174.34802
Can Pastilla 2,2025-08-23 17:00:00,38.0,165.45598
Can Pastilla 2,2025-08-23 18:00:00,112.0,122.77275
Can Pastilla 2,2025-08-23 19:00:00,118.0,141.74522
Can Pastilla 2,2025-08-23 20:00:00,150.0,29.171972
Can Pastilla 2,2025-08-24 08:00:00,132.0,103.403244
Can Pastilla 2,2025-08-24 09:00:00,129.0,128.72502
Can Pastilla 2,2025-08-24 10:00:00,121.0,130.50502
Can Pastilla 2,2025-08-24 11:00:00,113.0,128.94606
Can Pastilla 2,2025-08-24 12:00:00,113.0,131.78299
Can Pastilla 2,2025-08-24 13:00:00,87.0,137.7174
Can Pastilla 2,2025-08-24 14:00:00,66.0,135.8595
Can Pastilla 2,2025-08-24 15:00:00,59.0,111.342155
Can Pastilla 2,2025-08-24 16:00:00,30.0,159.44246
Can Pastilla 2,2025-08-24 17:00:00,45.0,173.42535
Can Pastilla 2,2025-08-24 18:00:00,112.0,145.18056
Can Pastilla 2,2025-08-24 19:00:00,177.0,146.77441
Can Pastilla 2,2025-08-24 20:00:00,200.0,46.296646
Can Pastilla 2,2025-08-25 08:00:00,191.0,98.82889
Can Pastilla 2,2025-08-25 09:00:00,137.0,121.319016
Can Pastilla 2,2025-08-25 10:00:00,161.0,130.56381
Can Pastilla 2,2025-08-25 11:00:00,148.0,120.1399
Can Pastilla 2,2025-08-25 12:00:00,135.0,118.9478
Can Pastilla 2,2025-08-25 13:00:00,101.0,125.31636
Can Pastilla 2,2025-08-25 14:00:00,72.0,126.11139
Can Pastilla 2,2025-08-25 15:00:00,38.0,100.42463
Can Pastilla 2,2025-08-25 16:00:00,52.0,65.19827
Can Pastilla 2,2025-08-25 17:00:00,44.0,59.784595
Can Pastilla 2,2025-08-25 18:00:00,132.0,24.94711
Can Pastilla 2,2025-08-25 19:00:00,151.0,41.559845
Can Pastilla 2,2025-08-25 20:00:00,182.0,63.802208
Can Pastilla 2,2025-08-26 08:00:00,166.0,66.80366
Can Pastilla 2,2025-08-26 09:00:00,137.0,96.91073
Can Pastilla 2,2025-08-26 10:00:00,161.0,102.68216
Can Pastilla 2,2025-08-26 11:00:00,162.0,101.14213
Can Pastilla 2,2025-08-26 12:00:00,153.0,106.48135
Can Pastilla 2,2025-08-26 13:00:00,105.0,115.746414
Can Pastilla 2,2025-08-26 14:00:00,79.0,116.98922
Can Pastilla 2,2025-08-26 15:00:00,55.0,100.094666
Can Pastilla 2,2025-08-26 16:00:00,30.0,46.908478
Can Pastilla 2,2025-08-26 17:00:00,21.0,62.79521
Can Pastilla 2,2025-08-26 18:00:00,97.0,27.751324
Can Pastilla 2,2025-08-26 19:00:00,120.0,42.153618
Can Pastilla 2,2025-08-26 20:00:00,138.0,47.983532
Can Pastilla 2,2025-08-27 08:00:00,125.0,73.87151
Can Pastilla 2,2025-08-27 09:00:00,119.0,104.299225
Can Pastilla 2,2025-08-27 10:00:00,150.0,116.78664
Can Pastilla 2,2025-08-27 11:00:00,147.0,110.09339
Can Pastilla 2,2025-08-27 12:00:00,125.0,102.20918
Can Pastilla 2,2025-08-27 13:00:00,100.0,105.1838
Can Pastilla 2,2025-08-27 14:00:00,36.0,97.0563
Can Pastilla 2,2025-08-27 15:00:00,43.0,56.82859
Can Pastilla 2,2025-08-27 16:00:00,42.0,35.103218
Can Pastilla 2,2025-08-27 17:00:00,19.0,30.587284
Can Pastilla 2,2025-08-27 18:00:00,78.0,24.85738
Can Pastilla 2,2025-08-27 19:00:00,119.0,36.549477
Can Pastilla 2,2025-08-27 20:00:00,162.0,46.92306
Can Pastilla 2,2025-08-28 08:00:00,143.0,62.97253
Can Pastilla 2,2025-08-28 09:00:00,145.0,102.22311
Can Pastilla 2,2025-08-28 10:00:00,132.0,120.648445
Can Pastilla 2,2025-08-28 11:00:00,136.0,123.53535
Can Pastilla 2,2025-08-28 12:00:00,127.0,124.23764
Can Pastilla 2,2025-08-28 13:00:00,87.0,137.10179
Can Pastilla 2,2025-08-28 14:00:00,42.0,129.00104
Can Pastilla 2,2025-08-28 15:00:00,80.0,74.09919
Can Pastilla 2,2025-08-28 16:00:00,84.0,72.88948
Can Pastilla 2,2025-08-28 17:00:00,32.0,63.116978
Can Pastilla 2,2025-08-28 18:00:00,60.0,20.989763
Can Pastilla 2,2025-08-28 19:00:00,135.0,24.267551
Can Pastilla 2,2025-08-28 20:00:00,124.0,52.60735
Can Pastilla 2,2025-08-29 08:00:00,163.0,76.59
Can Pastilla 2,2025-08-29 09:00:00,116.0,130.54796
Can Pastilla 2,2025-08-29 10:00:00,81.0,140.90038
Can Pastilla 2,2025-08-29 11:00:00,129.0,140.83284
Can Pastilla 2,2025-08-29 12:00:00,91.0,130.3446
Can Pastilla 2,2025-08-29 13:00:00,70.0,159.91385
Can Pastilla 2,2025-08-29 14:00:00,57.0,138.54216
Can Pastilla 2,2025-08-29 15:00:00,76.0,82.81457
Can Pastilla 2,2025-08-29 16:00:00,24.0,91.20885
Can Pastilla 2,2025-08-29 17:00:00,31.0,72.50222
Can Pastilla 2,2025-08-29 18:00:00,50.0,20.14712
Can Pastilla 2,2025-08-29 19:00:00,52.0,30.8791
Can Pastilla 2,2025-08-29 20:00:00,96.0,50.712498
Can Pastilla 2,2025-08-30 08:00:00,127.0,76.936325
Can Pastilla 2,2025-08-30 09:00:00,103.0,117.02945
Can Pastilla 2,2025-08-30 10:00:00,119.0,128.25633
Can Pastilla 2,2025-08-30 11:00:00,118.0,127.43523
Can Pastilla 2,2025-08-30 12:00:00,131.0,139.4318
Can Pastilla 2,2025-08-30 13:00:00,97.0,150.1477
Can Pastilla 2,2025-08-30 14:00:00,55.0,132.14066
Can Pastilla 2,2025-08-30 15:00:00,64.0,104.39173
Can Pastilla 2,2025-08-30 16:00:00,35.0,72.518166
Can Pastilla 2,2025-08-30 17:00:00,54.0,66.154915
Can Pastilla 2,2025-08-30 18:00:00,40.0,32.44803
Can Pastilla 2,2025-08-30 19:00:00,27.0,35.044533
Can Pastilla 2,2025-08-30 20:00:00,22.0,34.631615
Es Pujols,2025-06-01 08:00:00,21.0,46.107876
Es Pujols,2025-06-01 09:00:00,42.0,38.95252
Es Pujols,2025-06-01 10:00:00,41.0,44.297684
Es Pujols,2025-06-01 11:00:00,42.0,41.92625
Es Pujols,2025-06-01 12:00:00,46.0,39.408382
Es Pujols,2025-06-01 13:00:00,44.0,38.734463
Es Pujols,2025-06-01 14:00:00,20.0,36.264786
Es Pujols,2025-06-01 15:00:00,15.0,35.36469
Es Pujols,2025-06-01 16:00:00,15.0,35.150814
Es Pujols,2025-06-01 17:00:00,4.0,30.985758
Es Pujols,2025-06-01 18:00:00,18.0,24.234335
Es Pujols,2025-06-01 19:00:00,26.0,27.126484
Es Pujols,2025-06-01 20:00:00,41.0,42.670326
Es Pujols,2025-06-02 08:00:00,28.0,45.990246
Es Pujols,2025-06-02 09:00:00,11.0,43.47691
Es Pujols,2025-06-02 10:00:00,17.0,29.349531
Es Pujols,2025-06-02 11:00:00,44.0,37.5881
Es Pujols,2025-06-02 12:00:00,19.0,32.895588
Es Pujols,2025-06-02 13:00:00,23.0,25.764204
Es Pujols,2025-06-02 14:00:00,18.0,27.918213
Es Pujols,2025-06-02 15:00:00,9.0,22.470785
Es Pujols,2025-06-02 16:00:00,5.0,21.810987
Es Pujols,2025-06-02 17:00:00,5.0,19.021212
Es Pujols,2025-06-02 18:00:00,28.0,20.137812
Es Pujols,2025-06-02 19:00:00,30.0,31.028526
Es Pujols,2025-06-02 20:00:00,32.0,46.179142
Es Pujols,2025-06-03 08:00:00,34.0,49.938732
Es Pujols,2025-06-03 09:00:00,34.0,44.620083
Es Pujols,2025-06-03 10:00:00,59.0,44.71272
Es Pujols,2025-06-03 11:00:00,64.0,41.081768
Es Pujols,2025-06-03 12:00:00,55.0,30.878578
Es Pujols,2025-06-03 13:00:00,32.0,30.658772
Es Pujols,2025-06-03 14:00:00,26.0,27.443136
Es Pujols,2025-06-03 15:00:00,15.0,26.85502
Es Pujols,2025-06-03 16:00:00,6.0,23.073038
Es Pujols,2025-06-03 17:00:00,7.0,18.07365
Es Pujols,2025-06-03 18:00:00,15.0,21.019573
Es Pujols,2025-06-03 19:00:00,44.0,20.242609
Es Pujols,2025-06-03 20:00:00,34.0,20.101791
Es Pujols,2025-06-04 08:00:00,30.0,28.37988
Es Pujols,2025-06-04 09:00:00,28.0,41.499027
Es Pujols,2025-06-04 10:00:00,28.0,50.08756
Es Pujols,2025-06-04 11:00:00,16.0,37.936535
Es Pujols,2025-06-04 12:00:00,22.0,34.943707
Es Pujols,2025-06-04 13:00:00,11.0,26.936907
Es Pujols,2025-06-04 14:00:00,9.0,27.641277
Es Pujols,2025-06-04 15:00:00,6.0,25.074738
Es Pujols,2025-06-04 16:00:00,6.0,25.039984
Es Pujols,2025-06-04 17:00:00,5.0,24.459263
Es Pujols,2025-06-04 18:00:00,10.0,17.92989
Es Pujols,2025-06-04 19:00:00,17.0,30.592575
Es Pujols,2025-06-04 20:00:00,24.0,45.863533
Es Pujols,2025-06-05 08:00:00,29.0,57.0667
Es Pujols,2025-06-05 09:00:00,20.0,46.621983
Es Pujols,2025-06-05 10:00:00,27.0,45.82754
Es Pujols,2025-06-05 11:00:00,21.0,44.79961
Es Pujols,2025-06-05 12:00:00,31.0,39.04238
Es Pujols,2025-06-05 13:00:00,12.0,41.151886
Es Pujols,2025-06-05 14:00:00,45.0,38.689255
Es Pujols,2025-06-05 15:00:00,18.0,36.376816
Es Pujols,2025-06-05 16:00:00,19.0,35.9637
Es Pujols,2025-06-05 17:00:00,9.0,33.296043
Es Pujols,2025-06-05 18:00:00,26.0,28.289146
Es Pujols,2025-06-05 19:00:00,32.0,37.974182
Es Pujols,2025-06-05 20:00:00,47.0,47.832535
Es Pujols,2025-06-06 08:00:00,35.0,52.164074
Es Pujols,2025-06-06 09:00:00,37.0,52.70449
Es Pujols,2025-06-06 10:00:00,47.0,52.899532
Es Pujols,2025-06-06 11:00:00,69.0,47.564556
Es Pujols,2025-06-06 12:00:00,44.0,41.542
Es Pujols,2025-06-06 13:00:00,34.0,36.35089
Es Pujols,2025-06-06 14:00:00,21.0,43.311028
Es Pujols,2025-06-06 15:00:00,14.0,33.15645
Es Pujols,2025-06-06 16:00:00,19.0,33.525948
Es Pujols,2025-06-06 17:00:00,11.0,26.699272
Es Pujols,2025-06-06 18:00:00,24.0,20.14074
Es Pujols,2025-06-06 19:00:00,33.0,30.060516
Es Pujols,2025-06-06 20:00:00,34.0,41.205414
Es Pujols,2025-06-07 08:00:00,27.0,45.36912
Es Pujols,2025-06-07 09:00:00,26.0,40.739414
Es Pujols,2025-06-07 10:00:00,42.0,39.88705
Es Pujols,2025-06-07 11:00:00,51.0,37.10037
Es Pujols,2025-06-07 12:00:00,31.0,34.792683
Es Pujols,2025-06-07 13:00:00,27.0,36.417587
Es Pujols,2025-06-07 14:00:00,17.0,34.44122
Es Pujols,2025-06-07 15:00:00,18.0,35.27331
Es Pujols,2025-06-07 16:00:00,15.0,34.39446
Es Pujols,2025-06-07 17:00:00,6.0,28.690823
Es Pujols,2025-06-07 18:00:00,30.0,28.211195
Es Pujols,2025-06-07 19:00:00,42.0,33.712456
Es Pujols,2025-06-07 20:00:00,50.0,41.30608
Es Pujols,2025-06-08 08:00:00,52.0,51.184246
Es Pujols,2025-06-08 09:00:00,49.0,46.219143
Es Pujols,2025-06-08 10:00:00,89.0,46.539127
Es Pujols,2025-06-08 11:00:00,82.0,40.87637
Es Pujols,2025-06-08 12:00:00,70.0,39.01495
Es Pujols,2025-06-08 13:00:00,63.0,39.89725
Es Pujols,2025-06-08 14:00:00,50.0,30.617819
Es Pujols,2025-06-08 15:00:00,32.0,31.155096
Es Pujols,2025-06-08 16:00:00,22.0,28.624617
Es Pujols,2025-06-08 17:00:00,9.0,20.106972
Es Pujols,2025-06-08 18:00:00,39.0,21.039755
Es Pujols,2025-06-08 19:00:00,51.0,33.56062
Es Pujols,2025-06-08 20:00:00,79.0,43.27362
Es Pujols,2025-06-09 08:00:00,52.0,55.957863
Es Pujols,2025-06-09 09:00:00,57.0,51.041218
Es Pujols,2025-06-09 10:00:00,74.0,47.75671
Es Pujols,2025-06-09 11:00:00,86.0,46.512913
Es Pujols,2025-06-09 12:00:00,81.0,40.7993
Es Pujols,2025-06-09 13:00:00,62.0,39.429382
Es Pujols,2025-06-09 14:00:00,48.0,29.39615
Es Pujols,2025-06-09 15:00:00,27.0,26.630243
Es Pujols,2025-06-09 16:00:00,21.0,25.808155
Es Pujols,2025-06-09 17:00:00,11.0,20.96609
Es Pujols,2025-06-09 18:00:00,60.0,22.092068
Es Pujols,2025-06-09 19:00:00,61.0,41.299217
Es Pujols,2025-06-09 20:00:00,86.0,51.669037
Es Pujols,2025-06-10 08:00:00,67.0,56.43949
Es Pujols,2025-06-10 09:00:00,82.0,47.70705
Es Pujols,2025-06-10 10:00:00,87.0,45.854084
Es Pujols,2025-06-10 11:00:00,71.0,42.571392
Es Pujols,2025-06-10 12:00:00,70.0,37.277508
Es Pujols,2025-06-10 13:00:00,73.0,33.700226
Es Pujols,2025-06-10 14:00:00,52.0,27.835186
Es Pujols,2025-06-10 15:00:00,26.0,25.367788
Es Pujols,2025-06-10 16:00:00,26.0,23.143251
Es Pujols,2025-06-10 17:00:00,9.0,19.601648
Es Pujols,2025-06-10 18:00:00,48.0,20.465693
Es Pujols,2025-06-10 19:00:00,59.0,31.648554
Es Pujols,2025-06-10 20:00:00,94.0,44.50684
Es Pujols,2025-06-11 08:00:00,84.0,53.909813
Es Pujols,2025-06-11 09:00:00,54.0,49.577793
Es Pujols,2025-06-11 10:00:00,68.0,40.77536
Es Pujols,2025-06-11 11:00:00,81.0,41.28829
Es Pujols,2025-06-11 12:00:00,79.0,41.01471
Es Pujols,2025-06-11 13:00:00,71.0,38.976402
Es Pujols,2025-06-11 14:00:00,48.0,26.919115
Es Pujols,2025-06-11 15:00:00,28.0,29.469723
Es Pujols,2025-06-11 16:00:00,24.0,27.096148
Es Pujols,2025-06-11 17:00:00,13.0,25.024813
Es Pujols,2025-06-11 18:00:00,41.0,21.287556
Es Pujols,2025-06-11 19:00:00,59.0,40.80779
Es Pujols,2025-06-11 20:00:00,60.0,59.140163
Es Pujols,2025-06-12 08:00:00,54.0,54.577435
Es Pujols,2025-06-12 09:00:00,79.0,42.15261
Es Pujols,2025-06-12 10:00:00,75.0,39.517323
Es Pujols,2025-06-12 11:00:00,82.0,35.080124
Es Pujols,2025-06-12 12:00:00,57.0,34.12175
Es Pujols,2025-06-12 13:00:00,61.0,32.420383
Es Pujols,2025-06-12 14:00:00,27.0,30.871937
Es Pujols,2025-06-12 15:00:00,19.0,27.557028
Es Pujols,2025-06-12 16:00:00,16.0,20.256557
Es Pujols,2025-06-12 17:00:00,44.0,18.736551
Es Pujols,2025-06-12 18:00:00,60.0,32.487694
Es Pujols,2025-06-12 19:00:00,65.0,48.156807
Es Pujols,2025-06-12 20:00:00,69.0,59.7368
Es Pujols,2025-06-13 08:00:00,61.0,61.799015
Es Pujols,2025-06-13 09:00:00,63.0,55.20853
Es Pujols,2025-06-13 10:00:00,82.0,47.94492
Es Pujols,2025-06-13 11:00:00,79.0,44.52319
Es Pujols,2025-06-13 12:00:00,78.0,35.92008
Es Pujols,2025-06-13 13:00:00,50.0,36.336864
Es Pujols,2025-06-13 14:00:00,19.0,32.371758
Es Pujols,2025-06-13 15:00:00,29.0,30.549314
Es Pujols,2025-06-13 16:00:00,12.0,24.477339
Es Pujols,2025-06-13 17:00:00,39.0,20.880257
Es Pujols,2025-06-13 18:00:00,64.0,37.459225
Es Pujols,2025-06-13 19:00:00,92.0,48.697224
Es Pujols,2025-06-13 20:00:00,56.0,54.709904
Es Pujols,2025-06-14 08:00:00,61.0,57.02774
Es Pujols,2025-06-14 09:00:00,56.0,53.787514
Es Pujols,2025-06-14 10:00:00,76.0,44.556812
Es Pujols,2025-06-14 11:00:00,73.0,34.034878
Es Pujols,2025-06-14 12:00:00,61.0,30.031773
Es Pujols,2025-06-14 13:00:00,55.0,23.655912
Es Pujols,2025-06-14 14:00:00,26.0,25.730795
Es Pujols,2025-06-14 15:00:00,20.0,24.55519
Es Pujols,2025-06-14 16:00:00,13.0,20.106846
Es Pujols,2025-06-14 17:00:00,39.0,18.340706
Es Pujols,2025-06-14 18:00:00,59.0,28.830488
Es Pujols,2025-06-14 19:00:00,74.0,36.806126
Es Pujols,2025-06-14 20:00:00,63.0,43.21283
Es Pujols,2025-06-15 08:00:00,53.0,52.47846
Es Pujols,2025-06-15 09:00:00,49.0,37.658543
Es Pujols,2025-06-15 10:00:00,80.0,37.38568
Es Pujols,2025-06-15 11:00:00,69.0,35.377007
Es Pujols,2025-06-15 12:00:00,61.0,27.640581
Es Pujols,2025-06-15 13:00:00,35.0,23.765837
Es Pujols,2025-06-15 14:00:00,22.0,23.567137
Es Pujols,2025-06-15 15:00:00,21.0,22.345602
Es Pujols,2025-06-15 16:00:00,7.0,18.97779
Es Pujols,2025-06-15 17:00:00,24.0,19.964478
Es Pujols,2025-06-15 18:00:00,42.0,28.821669
Es Pujols,2025-06-15 19:00:00,55.0,43.280617
Es Pujols,2025-06-15 20:00:00,82.0,44.91436
Es Pujols,2025-06-16 08:00:00,43.0,53.164562
Es Pujols,2025-06-16 09:00:00,73.0,45.085415
Es Pujols,2025-06-16 10:00:00,65.0,39.80525
Es Pujols,2025-06-16 11:00:00,100.0,35.089508
Es Pujols,2025-06-16 12:00:00,59.0,29.648003
Es Pujols,2025-06-16 13:00:00,38.0,26.593239
Es Pujols,2025-06-16 14:00:00,26.0,27.272442
Es Pujols,2025-06-16 15:00:00,20.0,21.928148
Es Pujols,2025-06-16 16:00:00,15.0,22.734299
Es Pujols,2025-06-16 17:00:00,36.0,19.878876
Es Pujols,2025-06-16 18:00:00,49.0,29.151575
Es Pujols,2025-06-16 19:00:00,75.0,36.904987
Es Pujols,2025-06-16 20:00:00,77.0,50.742
Es Pujols,2025-06-17 08:00:00,64.0,49.77751
Es Pujols,2025-06-17 09:00:00,43.0,40.299416
Es Pujols,2025-06-17 10:00:00,55.0,39.210022
Es Pujols,2025-06-17 11:00:00,61.0,30.211927
Es Pujols,2025-06-17 12:00:00,46.0,30.459286
Es Pujols,2025-06-17 13:00:00,29.0,31.899971
Es Pujols,2025-06-17 14:00:00,16.0,32.04474
Es Pujols,2025-06-17 15:00:00,12.0,32.44555
Es Pujols,2025-06-17 16:00:00,6.0,30.236631
Es Pujols,2025-06-17 17:00:00,27.0,25.147835
Es Pujols,2025-06-17 18:00:00,43.0,31.33104
Es Pujols,2025-06-17 19:00:00,68.0,37.731785
Es Pujols,2025-06-17 20:00:00,53.0,45.17623
Es Pujols,2025-06-18 08:00:00,39.0,51.970158
Es Pujols,2025-06-18 09:00:00,40.0,46.71673
Es Pujols,2025-06-18 10:00:00,75.0,43.22096
Es Pujols,2025-06-18 11:00:00,81.0,41.13292
Es Pujols,2025-06-18 12:00:00,96.0,38.686386
Es Pujols,2025-06-18 13:00:00,45.0,39.25822
Es Pujols,2025-06-18 14:00:00,28.0,36.162453
Es Pujols,2025-06-18 15:00:00,22.0,32.732197
Es Pujols,2025-06-18 16:00:00,9.0,28.376377
Es Pujols,2025-06-18 17:00:00,32.0,36.13097
Es Pujols,2025-06-18 18:00:00,62.0,42.533585
Es Pujols,2025-06-18 19:00:00,71.0,44.20262
Es Pujols,2025-06-18 20:00:00,74.0,51.262592
Es Pujols,2025-06-19 08:00:00,55.0,57.097313
Es Pujols,2025-06-19 09:00:00,67.0,51.327175
Es Pujols,2025-06-19 10:00:00,80.0,47.769253
Es Pujols,2025-06-19 11:00:00,92.0,47.701332
Es Pujols,2025-06-19 12:00:00,74.0,48.162354
Es Pujols,2025-06-19 13:00:00,57.0,51.046387
Es Pujols,2025-06-19 14:00:00,39.0,49.422764
Es Pujols,2025-06-19 15:00:00,30.0,36.92614
Es Pujols,2025-06-19 16:00:00,10.0,31.493921
Es Pujols,2025-06-19 17:00:00,44.0,35.838852
Es Pujols,2025-06-19 18:00:00,80.0,44.921394
Es Pujols,2025-06-19 19:00:00,85.0,57.50591
Es Pujols,2025-06-19 20:00:00,87.0,62.551575
Es Pujols,2025-06-20 08:00:00,68.0,68.95112
Es Pujols,2025-06-20 09:00:00,66.0,62.795918
Es Pujols,2025-06-20 10:00:00,75.0,64.329636
Es Pujols,2025-06-20 11:00:00,81.0,61.03073
Es Pujols,2025-06-20 12:00:00,98.0,57.433044
Es Pujols,2025-06-20 13:00:00,66.0,52.460587
Es Pujols,2025-06-20 14:00:00,45.0,50.51843
Es Pujols,2025-06-20 15:00:00,28.0,37.378372
Es Pujols,2025-06-20 16:00:00,13.0,32.678658
Es Pujols,2025-06-20 17:00:00,47.0,35.877083
Es Pujols,2025-06-20 18:00:00,78.0,43.86298
Es Pujols,2025-06-20 19:00:00,73.0,54.69807
Es Pujols,2025-06-20 20:00:00,77.0,62.27026
Es Pujols,2025-06-21 08:00:00,61.0,63.303917
Es Pujols,2025-06-21 09:00:00,64.0,61.99359
Es Pujols,2025-06-21 11:00:00,93.0,56.426163
Es Pujols,2025-06-21 12:00:00,94.0,58.53839
Es Pujols,2025-06-21 13:00:00,67.0,58.4315
Es Pujols,2025-06-21 14:00:00,60.0,48.975243
Es Pujols,2025-06-21 15:00:00,33.0,45.0037
Es Pujols,2025-06-21 16:00:00,21.0,34.09227
Es Pujols,2025-06-21 17:00:00,9.0,29.972494
Es Pujols,2025-06-21 18:00:00,33.0,36.118416
Es Pujols,2025-06-21 19:00:00,71.0,42.510834
Es Pujols,2025-06-21 20:00:00,81.0,51.113842
Es Pujols,2025-06-22 08:00:00,65.0,57.616177
Es Pujols,2025-06-22 09:00:00,71.0,57.50088
Es Pujols,2025-06-22 10:00:00,70.0,56.897003
Es Pujols,2025-06-22 11:00:00,84.0,56.168404
Es Pujols,2025-06-22 12:00:00,93.0,58.952267
Es Pujols,2025-06-22 13:00:00,86.0,60.081367
Es Pujols,2025-06-22 14:00:00,61.0,53.816544
Es Pujols,2025-06-22 15:00:00,31.0,45.140125
Es Pujols,2025-06-22 16:00:00,30.0,33.605465
Es Pujols,2025-06-22 17:00:00,8.0,29.591568
Es Pujols,2025-06-22 18:00:00,47.0,36.748806
Es Pujols,2025-06-22 19:00:00,64.0,41.636856
Es Pujols,2025-06-22 20:00:00,77.0,54.24278
Es Pujols,2025-06-23 08:00:00,81.0,61.000767
Es Pujols,2025-06-23 09:00:00,45.0,64.312195
Es Pujols,2025-06-23 10:00:00,68.0,56.92815
Es Pujols,2025-06-23 11:00:00,90.0,54.440163
Es Pujols,2025-06-23 12:00:00,91.0,60.17713
Es Pujols,2025-06-23 13:00:00,78.0,60.290714
Es Pujols,2025-06-23 14:00:00,62.0,53.2105
Es Pujols,2025-06-23 15:00:00,36.0,45.775017
Es Pujols,2025-06-23 16:00:00,18.0,35.628944
Es Pujols,2025-06-23 17:00:00,7.0,30.30146
Es Pujols,2025-06-23 18:00:00,39.0,34.62952
Es Pujols,2025-06-23 19:00:00,52.0,38.41949
Es Pujols,2025-06-23 20:00:00,72.0,47.1205
Es Pujols,2025-06-24 08:00:00,81.0,54.399933
Es Pujols,2025-06-24 09:00:00,68.0,59.079185
Es Pujols,2025-06-24 10:00:00,73.0,56.802456
Es Pujols,2025-06-24 11:00:00,76.0,54.956444
Es Pujols,2025-06-24 12:00:00,84.0,59.67634
Es Pujols,2025-06-24 13:00:00,104.0,62.163063
Es Pujols,2025-06-24 14:00:00,74.0,53.23656
Es Pujols,2025-06-24 15:00:00,44.0,44.827106
Es Pujols,2025-06-24 16:00:00,34.0,34.516613
Es Pujols,2025-06-24 17:00:00,6.0,30.629232
Es Pujols,2025-06-24 18:00:00,16.0,35.89431
Es Pujols,2025-06-24 19:00:00,55.0,40.209377
Es Pujols,2025-06-24 20:00:00,61.0,48.149544
Es Pujols,2025-06-25 08:00:00,62.0,51.66082
Es Pujols,2025-06-25 09:00:00,47.0,59.251503
Es Pujols,2025-06-25 10:00:00,57.0,58.98471
Es Pujols,2025-06-25 11:00:00,75.0,59.13817
Es Pujols,2025-06-25 12:00:00,70.0,56.692112
Es Pujols,2025-06-25 13:00:00,78.0,59.268005
Es Pujols,2025-06-25 14:00:00,55.0,54.22893
Es Pujols,2025-06-25 15:00:00,24.0,45.4949
Es Pujols,2025-06-25 16:00:00,17.0,35.23288
Es Pujols,2025-06-25 17:00:00,15.0,30.801588
Es Pujols,2025-06-25 18:00:00,33.0,35.78682
Es Pujols,2025-06-25 19:00:00,59.0,43.73461
Es Pujols,2025-06-25 20:00:00,81.0,49.992107
Es Pujols,2025-06-26 08:00:00,77.0,55.50434
Es Pujols,2025-06-26 09:00:00,72.0,56.06114
Es Pujols,2025-06-26 10:00:00,63.0,56.276062
Es Pujols,2025-06-26 11:00:00,75.0,55.809563
Es Pujols,2025-06-26 12:00:00,104.0,55.758633
Es Pujols,2025-06-26 13:00:00,73.0,50.29298
Es Pujols,2025-06-26 14:00:00,68.0,47.468636
Es Pujols,2025-06-26 15:00:00,38.0,42.92766
Es Pujols,2025-06-26 16:00:00,21.0,33.30247
Es Pujols,2025-06-26 17:00:00,13.0,37.122284
Es Pujols,2025-06-26 18:00:00,46.0,32.930096
Es Pujols,2025-06-26 19:00:00,60.0,42.35915
Es Pujols,2025-06-26 20:00:00,75.0,49.60509
Es Pujols,2025-06-27 08:00:00,80.0,58.554825
Es Pujols,2025-06-27 09:00:00,62.0,61.615505
Es Pujols,2025-06-27 10:00:00,54.0,51.840355
Es Pujols,2025-06-27 11:00:00,93.0,49.02615
Es Pujols,2025-06-27 12:00:00,114.0,47.916096
Es Pujols,2025-06-27 13:00:00,92.0,45.28322
Es Pujols,2025-06-27 14:00:00,49.0,41.51215
Es Pujols,2025-06-27 15:00:00,35.0,40.420628
Es Pujols,2025-06-27 16:00:00,24.0,37.636463
Es Pujols,2025-06-27 17:00:00,8.0,32.90065
Es Pujols,2025-06-27 18:00:00,44.0,37.410877
Es Pujols,2025-06-27 19:00:00,65.0,39.432106
Es Pujols,2025-06-27 20:00:00,90.0,43.369377
Es Pujols,2025-06-28 08:00:00,57.0,47.727978
Es Pujols,2025-06-28 09:00:00,46.0,48.427162
Es Pujols,2025-06-28 10:00:00,100.0,46.811146
Es Pujols,2025-06-28 11:00:00,70.0,42.744614
Es Pujols,2025-06-28 12:00:00,71.0,41.342373
Es Pujols,2025-06-28 13:00:00,49.0,41.60247
Es Pujols,2025-06-28 14:00:00,39.0,45.2544
Es Pujols,2025-06-28 15:00:00,31.0,39.763237
Es Pujols,2025-06-28 16:00:00,15.0,32.60806
Es Pujols,2025-06-28 17:00:00,6.0,30.065222
Es Pujols,2025-06-28 18:00:00,17.0,30.717468
Es Pujols,2025-06-28 19:00:00,16.0,34.40143
Es Pujols,2025-06-28 20:00:00,11.0,31.237762
Es Pujols,2025-06-29 08:00:00,12.0,34.69167
Es Pujols,2025-06-29 09:00:00,22.0,51.810276
Es Pujols,2025-06-29 10:00:00,16.0,39.69959
Es Pujols,2025-06-29 11:00:00,23.0,49.74296
Es Pujols,2025-06-29 12:00:00,24.0,46.163376
Es Pujols,2025-06-29 13:00:00,33.0,46.17068
Es Pujols,2025-06-29 14:00:00,30.0,42.60723
Es Pujols,2025-06-29 15:00:00,22.0,39.49246
Es Pujols,2025-06-29 16:00:00,26.0,30.83257
Es Pujols,2025-06-29 17:00:00,6.0,27.514898
Es Pujols,2025-06-29 18:00:00,26.0,31.033928
Es Pujols,2025-06-29 19:00:00,33.0,40.051098
Es Pujols,2025-06-29 20:00:00,46.0,51.124653
Es Pujols,2025-06-30 08:00:00,51.0,56.80894
Es Pujols,2025-06-30 09:00:00,52.0,60.574894
Es Pujols,2025-06-30 10:00:00,77.0,62.27777
Es Pujols,2025-06-30 11:00:00,90.0,66.04809
Es Pujols,2025-06-30 12:00:00,60.0,66.105034
Es Pujols,2025-06-30 13:00:00,47.0,63.910843
Es Pujols,2025-06-30 14:00:00,31.0,58.199253
Es Pujols,2025-06-30 15:00:00,18.0,50.151608
Es Pujols,2025-06-30 16:00:00,18.0,34.965347
Es Pujols,2025-06-30 17:00:00,7.0,29.429802
Es Pujols,2025-06-30 18:00:00,17.0,32.1127
Es Pujols,2025-06-30 19:00:00,34.0,42.33566
Es Pujols,2025-06-30 20:00:00,42.0,54.08387
Es Pujols,2025-07-01 08:00:00,52.0,60.364353
Es Pujols,2025-07-01 09:00:00,55.0,68.51861
Es Pujols,2025-07-01 10:00:00,84.0,63.540005
Es Pujols,2025-07-01 11:00:00,99.0,64.248146
Es Pujols,2025-07-01 12:00:00,104.0,65.80029
Es Pujols,2025-07-01 13:00:00,53.0,64.74653
Es Pujols,2025-07-01 14:00:00,47.0,60.45912
Es Pujols,2025-07-01 15:00:00,17.0,34.229126
Es Pujols,2025-07-01 16:00:00,8.0,29.6072
Es Pujols,2025-07-01 17:00:00,23.0,35.702187
Es Pujols,2025-07-01 18:00:00,40.0,43.309883
Es Pujols,2025-07-01 19:00:00,64.0,57.71872
Es Pujols,2025-07-01 20:00:00,47.0,66.99318
Es Pujols,2025-07-02 08:00:00,42.0,68.99226
Es Pujols,2025-07-02 09:00:00,65.0,68.32643
Es Pujols,2025-07-02 10:00:00,86.0,66.5121
Es Pujols,2025-07-02 11:00:00,74.0,64.33354
Es Pujols,2025-07-02 12:00:00,52.0,64.36231
Es Pujols,2025-07-02 13:00:00,21.0,60.484154
Es Pujols,2025-07-02 14:00:00,20.0,33.504604
Es Pujols,2025-07-02 15:00:00,6.0,30.999474
Es Pujols,2025-07-02 16:00:00,22.0,32.879513
Es Pujols,2025-07-02 17:00:00,65.0,35.87071
Es Pujols,2025-07-02 18:00:00,71.0,39.026325
Es Pujols,2025-07-02 19:00:00,67.0,59.380848
Es Pujols,2025-07-02 20:00:00,87.0,63.95521
Es Pujols,2025-07-03 08:00:00,81.0,63.61749
Es Pujols,2025-07-03 09:00:00,107.0,66.33436
Es Pujols,2025-07-03 10:00:00,72.0,62.512096
Es Pujols,2025-07-03 11:00:00,52.0,60.915302
Es Pujols,2025-07-03 12:00:00,34.0,61.628456
Es Pujols,2025-07-03 13:00:00,29.0,49.658566
Es Pujols,2025-07-03 14:00:00,23.0,37.782055
Es Pujols,2025-07-03 15:00:00,7.0,34.431847
Es Pujols,2025-07-03 16:00:00,38.0,34.674057
Es Pujols,2025-07-03 17:00:00,70.0,41.52393
Es Pujols,2025-07-03 18:00:00,85.0,52.268017
Es Pujols,2025-07-03 19:00:00,95.0,65.04563
Es Pujols,2025-07-03 20:00:00,72.0,76.845436
Es Pujols,2025-07-04 08:00:00,91.0,75.159164
Es Pujols,2025-07-04 09:00:00,90.0,76.151146
Es Pujols,2025-07-04 10:00:00,76.0,69.08845
Es Pujols,2025-07-04 11:00:00,48.0,69.70663
Es Pujols,2025-07-04 12:00:00,50.0,66.78308
Es Pujols,2025-07-04 13:00:00,24.0,50.60131
Es Pujols,2025-07-04 14:00:00,18.0,36.43526
Es Pujols,2025-07-04 15:00:00,5.0,30.43744
Es Pujols,2025-07-04 16:00:00,18.0,31.79456
Es Pujols,2025-07-04 17:00:00,32.0,32.689056
Es Pujols,2025-07-04 18:00:00,46.0,42.63754
Es Pujols,2025-07-04 19:00:00,29.0,45.924576
Es Pujols,2025-07-04 20:00:00,39.0,59.03408
Es Pujols,2025-07-05 08:00:00,34.0,49.939262
Es Pujols,2025-07-05 09:00:00,36.0,41.105873
Es Pujols,2025-07-05 10:00:00,33.0,59.034893
Es Pujols,2025-07-05 11:00:00,29.0,61.45046
Es Pujols,2025-07-05 12:00:00,19.0,52.4474
Es Pujols,2025-07-05 13:00:00,15.0,42.992107
Es Pujols,2025-07-05 14:00:00,16.0,31.565184
Es Pujols,2025-07-05 15:00:00,7.0,27.136557
Es Pujols,2025-07-05 16:00:00,15.0,30.312414
Es Pujols,2025-07-05 17:00:00,37.0,35.61804
Es Pujols,2025-07-05 18:00:00,41.0,48.106415
Es Pujols,2025-07-05 19:00:00,36.0,57.84663
Es Pujols,2025-07-05 20:00:00,35.0,62.83201
Es Pujols,2025-07-06 08:00:00,52.0,61.89788
Es Pujols,2025-07-06 09:00:00,65.0,57.537304
Es Pujols,2025-07-06 10:00:00,71.0,60.19795
Es Pujols,2025-07-06 11:00:00,42.0,60.624557
Es Pujols,2025-07-06 12:00:00,35.0,52.47955
Es Pujols,2025-07-06 13:00:00,28.0,43.490913
Es Pujols,2025-07-06 14:00:00,20.0,33.00986
Es Pujols,2025-07-06 15:00:00,5.0,28.622862
Es Pujols,2025-07-06 16:00:00,36.0,30.283703
Es Pujols,2025-07-06 17:00:00,50.0,41.41782
Es Pujols,2025-07-06 18:00:00,50.0,57.475567
Es Pujols,2025-07-06 19:00:00,44.0,69.66883
Es Pujols,2025-07-06 20:00:00,46.0,72.08464
Es Pujols,2025-07-07 08:00:00,107.0,63.646523
Es Pujols,2025-07-07 09:00:00,103.0,62.72313
Es Pujols,2025-07-07 10:00:00,89.0,66.96412
Es Pujols,2025-07-07 11:00:00,62.0,61.025715
Es Pujols,2025-07-07 12:00:00,43.0,53.94486
Es Pujols,2025-07-07 13:00:00,31.0,45.276455
Es Pujols,2025-07-07 14:00:00,13.0,35.3554
Es Pujols,2025-07-07 15:00:00,8.0,29.800518
Es Pujols,2025-07-07 16:00:00,38.0,35.248142
Es Pujols,2025-07-07 17:00:00,69.0,43.71564
Es Pujols,2025-07-07 18:00:00,72.0,56.34741
Es Pujols,2025-07-07 19:00:00,72.0,64.11595
Es Pujols,2025-07-07 20:00:00,72.0,68.01078
Es Pujols,2025-07-08 08:00:00,80.0,62.258026
Es Pujols,2025-07-08 09:00:00,76.0,58.016224
Es Pujols,2025-07-08 10:00:00,80.0,58.37219
Es Pujols,2025-07-08 11:00:00,59.0,54.622063
Es Pujols,2025-07-08 12:00:00,46.0,38.559483
Es Pujols,2025-07-08 13:00:00,34.0,29.88083
Es Pujols,2025-07-08 14:00:00,24.0,18.823683
Es Pujols,2025-07-08 15:00:00,9.0,15.813807
Es Pujols,2025-07-08 16:00:00,41.0,19.169827
Es Pujols,2025-07-08 17:00:00,57.0,26.927853
Es Pujols,2025-07-08 18:00:00,88.0,31.964066
Es Pujols,2025-07-08 19:00:00,81.0,43.01335
Es Pujols,2025-07-08 20:00:00,70.0,44.18148
Es Pujols,2025-07-09 08:00:00,75.0,49.272415
Es Pujols,2025-07-09 09:00:00,90.0,42.93221
Es Pujols,2025-07-09 10:00:00,93.0,42.985786
Es Pujols,2025-07-09 11:00:00,72.0,42.698128
Es Pujols,2025-07-09 12:00:00,39.0,31.142889
Es Pujols,2025-07-09 13:00:00,28.0,26.92718
Es Pujols,2025-07-09 14:00:00,21.0,29.388708
Es Pujols,2025-07-09 15:00:00,8.0,24.173645
Es Pujols,2025-07-09 16:00:00,26.0,26.786808
Es Pujols,2025-07-09 17:00:00,46.0,33.840008
Es Pujols,2025-07-09 18:00:00,68.0,38.48494
Es Pujols,2025-07-09 19:00:00,75.0,47.03958
Es Pujols,2025-07-09 20:00:00,50.0,51.03978
Es Pujols,2025-07-10 08:00:00,73.0,54.239693
Es Pujols,2025-07-10 09:00:00,101.0,49.7459
Es Pujols,2025-07-10 10:00:00,93.0,42.663624
Es Pujols,2025-07-10 11:00:00,83.0,41.11778
Es Pujols,2025-07-10 12:00:00,43.0,42.159416
Es Pujols,2025-07-10 13:00:00,37.0,32.940544
Es Pujols,2025-07-10 14:00:00,21.0,33.010807
Es Pujols,2025-07-10 15:00:00,8.0,26.610016
Es Pujols,2025-07-10 16:00:00,38.0,23.829973
Es Pujols,2025-07-10 17:00:00,76.0,31.167648
Es Pujols,2025-07-10 19:00:00,81.0,43.437656
Es Pujols,2025-07-10 20:00:00,63.0,60.811874
Es Pujols,2025-07-11 08:00:00,58.0,65.61803
Es Pujols,2025-07-11 09:00:00,59.0,58.673107
Es Pujols,2025-07-11 10:00:00,106.0,52.94912
Es Pujols,2025-07-11 11:00:00,61.0,49.850285
Es Pujols,2025-07-11 12:00:00,57.0,45.255356
Es Pujols,2025-07-11 13:00:00,37.0,44.033382
Es Pujols,2025-07-11 14:00:00,26.0,39.63522
Es Pujols,2025-07-11 15:00:00,11.0,35.698975
Es Pujols,2025-07-11 16:00:00,7.0,33.169487
Es Pujols,2025-07-11 17:00:00,28.0,34.823463
Es Pujols,2025-07-11 19:00:00,46.0,26.86583
Es Pujols,2025-07-11 20:00:00,75.0,31.757915
Es Pujols,2025-07-12 08:00:00,53.0,47.651363
Es Pujols,2025-07-12 09:00:00,46.0,45.518726
Es Pujols,2025-07-12 10:00:00,69.0,49.20182
Es Pujols,2025-07-12 11:00:00,60.0,48.677372
Es Pujols,2025-07-12 12:00:00,72.0,49.841694
Es Pujols,2025-07-12 13:00:00,62.0,45.709267
Es Pujols,2025-07-12 14:00:00,26.0,47.149185
Es Pujols,2025-07-12 15:00:00,17.0,42.43991
Es Pujols,2025-07-12 16:00:00,8.0,34.141808
Es Pujols,2025-07-12 17:00:00,5.0,30.398094
Es Pujols,2025-07-12 18:00:00,11.0,30.00018
Es Pujols,2025-07-12 19:00:00,30.0,37.267105
Es Pujols,2025-07-12 20:00:00,54.0,46.17406
Es Pujols,2025-07-13 08:00:00,34.0,54.360905
Es Pujols,2025-07-13 09:00:00,40.0,62.714485
Es Pujols,2025-07-13 10:00:00,54.0,60.502926
Es Pujols,2025-07-13 11:00:00,75.0,62.006676
Es Pujols,2025-07-13 12:00:00,54.0,59.750137
Es Pujols,2025-07-13 13:00:00,45.0,62.04871
Es Pujols,2025-07-13 14:00:00,26.0,53.025284
Es Pujols,2025-07-13 15:00:00,17.0,43.27631
Es Pujols,2025-07-13 16:00:00,10.0,32.046852
Es Pujols,2025-07-13 17:00:00,10.0,28.951487
Es Pujols,2025-07-13 18:00:00,21.0,31.117477
Es Pujols,2025-07-13 19:00:00,36.0,28.367292
Es Pujols,2025-07-13 20:00:00,50.0,47.382057
Es Pujols,2025-07-14 08:00:00,58.0,61.274998
Es Pujols,2025-07-14 09:00:00,66.0,62.897736
Es Pujols,2025-07-14 10:00:00,90.0,65.40098
Es Pujols,2025-07-14 11:00:00,78.0,58.512325
Es Pujols,2025-07-14 12:00:00,62.0,59.386246
Es Pujols,2025-07-14 13:00:00,63.0,55.954426
Es Pujols,2025-07-14 14:00:00,31.0,43.304043
Es Pujols,2025-07-14 15:00:00,18.0,35.934483
Es Pujols,2025-07-14 16:00:00,18.0,27.11663
Es Pujols,2025-07-14 17:00:00,7.0,22.341465
Es Pujols,2025-07-14 18:00:00,27.0,19.86466
Es Pujols,2025-07-14 19:00:00,23.0,23.844877
Es Pujols,2025-07-14 20:00:00,28.0,28.163227
Es Pujols,2025-07-15 08:00:00,21.0,44.92809
Es Pujols,2025-07-15 09:00:00,25.0,31.095331
Es Pujols,2025-07-15 10:00:00,19.0,34.324474
Es Pujols,2025-07-15 11:00:00,19.0,33.271263
Es Pujols,2025-07-15 12:00:00,17.0,34.975193
Es Pujols,2025-07-15 13:00:00,12.0,30.8347
Es Pujols,2025-07-15 14:00:00,14.0,28.347069
Es Pujols,2025-07-15 15:00:00,11.0,25.733395
Es Pujols,2025-07-15 16:00:00,8.0,28.389622
Es Pujols,2025-07-15 17:00:00,5.0,30.386116
Es Pujols,2025-07-15 18:00:00,13.0,29.975155
Es Pujols,2025-07-15 19:00:00,22.0,26.106396
Es Pujols,2025-07-15 20:00:00,21.0,28.679628
Es Pujols,2025-07-16 08:00:00,17.0,34.113495
Es Pujols,2025-07-16 09:00:00,19.0,35.420185
Es Pujols,2025-07-16 10:00:00,24.0,38.36265
Es Pujols,2025-07-16 11:00:00,17.0,41.58967
Es Pujols,2025-07-16 12:00:00,25.0,38.08474
Es Pujols,2025-07-16 13:00:00,14.0,38.37633
Es Pujols,2025-07-16 14:00:00,10.0,40.839947
Es Pujols,2025-07-16 15:00:00,11.0,36.55465
Es Pujols,2025-07-16 16:00:00,10.0,30.85964
Es Pujols,2025-07-16 17:00:00,6.0,25.615557
Es Pujols,2025-07-16 18:00:00,19.0,35.81355
Es Pujols,2025-07-16 19:00:00,18.0,38.468098
Es Pujols,2025-07-16 20:00:00,47.0,43.041977
Es Pujols,2025-07-17 08:00:00,35.0,51.41917
Es Pujols,2025-07-17 09:00:00,74.0,53.792465
Es Pujols,2025-07-17 10:00:00,52.0,53.191986
Es Pujols,2025-07-17 11:00:00,60.0,50.3809
Es Pujols,2025-07-17 12:00:00,69.0,49.62744
Es Pujols,2025-07-17 13:00:00,39.0,48.230316
Es Pujols,2025-07-17 14:00:00,35.0,49.403694
Es Pujols,2025-07-17 15:00:00,25.0,44.606316
Es Pujols,2025-07-17 16:00:00,19.0,36.026234
Es Pujols,2025-07-17 17:00:00,7.0,31.517832
Es Pujols,2025-07-17 18:00:00,18.0,37.1012
Es Pujols,2025-07-17 19:00:00,45.0,41.959667
Es Pujols,2025-07-17 20:00:00,60.0,53.238483
Es Pujols,2025-07-18 08:00:00,69.0,61.611603
Es Pujols,2025-07-18 09:00:00,59.0,62.10045
Es Pujols,2025-07-18 10:00:00,82.0,62.34604
Es Pujols,2025-07-18 11:00:00,79.0,65.269325
Es Pujols,2025-07-18 12:00:00,77.0,64.066826
Es Pujols,2025-07-18 13:00:00,48.0,61.015926
Es Pujols,2025-07-18 14:00:00,24.0,55.65953
Es Pujols,2025-07-18 15:00:00,16.0,48.13412
Es Pujols,2025-07-18 16:00:00,12.0,36.25534
Es Pujols,2025-07-18 17:00:00,8.0,32.513947
Es Pujols,2025-07-18 18:00:00,21.0,33.026054
Es Pujols,2025-07-18 19:00:00,30.0,42.030094
Es Pujols,2025-07-18 20:00:00,26.0,48.8595
Es Pujols,2025-07-19 08:00:00,35.0,52.748215
Es Pujols,2025-07-19 09:00:00,38.0,59.589226
Es Pujols,2025-07-19 10:00:00,26.0,59.02259
Es Pujols,2025-07-19 11:00:00,30.0,58.983006
Es Pujols,2025-07-19 12:00:00,24.0,59.215275
Es Pujols,2025-07-19 13:00:00,27.0,60.19398
Es Pujols,2025-07-19 14:00:00,22.0,53.126656
Es Pujols,2025-07-19 15:00:00,7.0,44.41299
Es Pujols,2025-07-19 16:00:00,6.0,31.59335
Es Pujols,2025-07-19 17:00:00,7.0,27.398779
Es Pujols,2025-07-19 18:00:00,13.0,29.190876
Es Pujols,2025-07-19 19:00:00,21.0,29.798498
Es Pujols,2025-07-19 20:00:00,19.0,28.496399
Es Pujols,2025-07-20 08:00:00,23.0,35.055344
Es Pujols,2025-07-20 09:00:00,14.0,56.801834
Es Pujols,2025-07-20 10:00:00,20.0,60.12456
Es Pujols,2025-07-20 11:00:00,29.0,62.161194
Es Pujols,2025-07-20 12:00:00,35.0,65.036026
Es Pujols,2025-07-20 13:00:00,21.0,63.085133
Es Pujols,2025-07-20 14:00:00,17.0,53.284405
Es Pujols,2025-07-20 15:00:00,16.0,43.476933
Es Pujols,2025-07-20 16:00:00,9.0,32.182697
Es Pujols,2025-07-20 17:00:00,6.0,27.809671
Es Pujols,2025-07-20 18:00:00,19.0,32.745403
Es Pujols,2025-07-20 19:00:00,47.0,40.336273
Es Pujols,2025-07-20 20:00:00,67.0,53.19149
Es Pujols,2025-07-21 08:00:00,65.0,59.056683
Es Pujols,2025-07-21 09:00:00,60.0,66.01996
Es Pujols,2025-07-21 10:00:00,65.0,64.21682
Es Pujols,2025-07-21 11:00:00,72.0,63.482536
Es Pujols,2025-07-21 12:00:00,69.0,65.07201
Es Pujols,2025-07-21 13:00:00,29.0,63.11139
Es Pujols,2025-07-21 14:00:00,22.0,54.265915
Es Pujols,2025-07-21 15:00:00,7.0,45.247204
Es Pujols,2025-07-21 16:00:00,7.0,33.37717
Es Pujols,2025-07-21 17:00:00,8.0,28.719488
Es Pujols,2025-07-21 18:00:00,28.0,27.56211
Es Pujols,2025-07-21 19:00:00,37.0,38.592514
Es Pujols,2025-07-21 20:00:00,39.0,47.23478
Es Pujols,2025-07-22 08:00:00,51.0,53.763565
Es Pujols,2025-07-22 09:00:00,54.0,56.81196
Es Pujols,2025-07-22 10:00:00,66.0,58.240547
Es Pujols,2025-07-22 11:00:00,85.0,51.422165
Es Pujols,2025-07-22 12:00:00,72.0,47.856762
Es Pujols,2025-07-22 13:00:00,44.0,48.11583
Es Pujols,2025-07-22 14:00:00,22.0,44.52039
Es Pujols,2025-07-22 15:00:00,14.0,38.498188
Es Pujols,2025-07-22 16:00:00,7.0,29.759724
Es Pujols,2025-07-22 17:00:00,6.0,30.227634
Es Pujols,2025-07-22 18:00:00,27.0,22.42411
Es Pujols,2025-07-22 19:00:00,43.0,28.732683
Es Pujols,2025-07-22 20:00:00,42.0,36.706158
Es Pujols,2025-07-23 08:00:00,55.0,49.929424
Es Pujols,2025-07-23 09:00:00,53.0,48.663883
Es Pujols,2025-07-23 10:00:00,66.0,54.346523
Es Pujols,2025-07-23 11:00:00,86.0,49.654327
Es Pujols,2025-07-23 12:00:00,57.0,45.520138
Es Pujols,2025-07-23 13:00:00,34.0,43.45942
Es Pujols,2025-07-23 14:00:00,13.0,43.96796
Es Pujols,2025-07-23 15:00:00,15.0,42.29174
Es Pujols,2025-07-23 16:00:00,5.0,35.864094
Es Pujols,2025-07-23 17:00:00,6.0,26.99572
Es Pujols,2025-07-23 18:00:00,37.0,32.114693
Es Pujols,2025-07-23 19:00:00,58.0,30.74161
Es Pujols,2025-07-23 20:00:00,60.0,38.47248
Es Pujols,2025-07-24 08:00:00,71.0,53.350624
Es Pujols,2025-07-24 09:00:00,72.0,54.983047
Es Pujols,2025-07-24 10:00:00,39.0,52.465446
Es Pujols,2025-07-24 11:00:00,54.0,48.86645
Es Pujols,2025-07-24 12:00:00,87.0,41.545662
Es Pujols,2025-07-24 13:00:00,79.0,43.32335
Es Pujols,2025-07-24 14:00:00,41.0,34.21886
Es Pujols,2025-07-24 15:00:00,29.0,24.917957
Es Pujols,2025-07-24 16:00:00,6.0,20.267023
Es Pujols,2025-07-24 17:00:00,9.0,14.643395
Es Pujols,2025-07-24 18:00:00,43.0,14.906471
Es Pujols,2025-07-24 19:00:00,60.0,23.064226
Es Pujols,2025-07-24 20:00:00,78.0,37.788837
Es Pujols,2025-07-25 08:00:00,79.0,42.978424
Es Pujols,2025-07-25 09:00:00,70.0,43.05621
Es Pujols,2025-07-25 10:00:00,68.0,42.015865
Es Pujols,2025-07-25 11:00:00,86.0,41.27193
Es Pujols,2025-07-25 12:00:00,61.0,36.8057
Es Pujols,2025-07-25 13:00:00,50.0,30.393232
Es Pujols,2025-07-25 14:00:00,34.0,27.744444
Es Pujols,2025-07-25 15:00:00,22.0,24.066906
Es Pujols,2025-07-25 16:00:00,15.0,22.769594
Es Pujols,2025-07-25 17:00:00,17.0,14.893057
Es Pujols,2025-07-25 18:00:00,46.0,17.441137
Es Pujols,2025-07-25 19:00:00,76.0,31.382051
Es Pujols,2025-07-25 20:00:00,89.0,42.0897
Es Pujols,2025-07-26 08:00:00,75.0,53.1398
Es Pujols,2025-07-26 09:00:00,70.0,45.52322
Es Pujols,2025-07-26 10:00:00,99.0,42.053764
Es Pujols,2025-07-26 11:00:00,102.0,30.257078
Es Pujols,2025-07-26 12:00:00,70.0,23.727276
Es Pujols,2025-07-26 13:00:00,50.0,25.112173
Es Pujols,2025-07-26 14:00:00,37.0,22.300682
Es Pujols,2025-07-26 15:00:00,34.0,21.230423
Es Pujols,2025-07-26 16:00:00,7.0,21.607325
Es Pujols,2025-07-26 17:00:00,9.0,17.397253
Es Pujols,2025-07-26 18:00:00,64.0,18.16763
Es Pujols,2025-07-26 19:00:00,99.0,25.492588
Es Pujols,2025-07-26 20:00:00,136.0,37.184868
Es Pujols,2025-07-27 08:00:00,100.0,53.999573
Es Pujols,2025-07-27 09:00:00,91.0,43.79862
Es Pujols,2025-07-27 10:00:00,116.0,43.075485
Es Pujols,2025-07-27 11:00:00,117.0,44.660133
Es Pujols,2025-07-27 12:00:00,94.0,41.44295
Es Pujols,2025-07-27 13:00:00,73.0,33.52481
Es Pujols,2025-07-27 14:00:00,52.0,37.342205
Es Pujols,2025-07-27 15:00:00,22.0,34.540916
Es Pujols,2025-07-27 16:00:00,6.0,32.23212
Es Pujols,2025-07-27 17:00:00,6.0,25.175756
Es Pujols,2025-07-27 18:00:00,67.0,16.690907
Es Pujols,2025-07-27 19:00:00,82.0,26.837797
Es Pujols,2025-07-27 20:00:00,121.0,47.082047
Es Pujols,2025-07-28 08:00:00,100.0,53.476273
Es Pujols,2025-07-28 09:00:00,112.0,43.28306
Es Pujols,2025-07-28 10:00:00,114.0,45.442432
Es Pujols,2025-07-28 11:00:00,97.0,41.548885
Es Pujols,2025-07-28 12:00:00,84.0,37.884243
Es Pujols,2025-07-28 13:00:00,62.0,35.479034
Es Pujols,2025-07-28 14:00:00,37.0,32.98534
Es Pujols,2025-07-28 15:00:00,35.0,28.912718
Es Pujols,2025-07-28 16:00:00,5.0,22.71003
Es Pujols,2025-07-28 17:00:00,8.0,15.812746
Es Pujols,2025-07-28 18:00:00,59.0,13.779602
Es Pujols,2025-07-28 19:00:00,75.0,23.488165
Es Pujols,2025-07-28 20:00:00,78.0,41.870342
Es Pujols,2025-07-29 08:00:00,83.0,48.711052
Es Pujols,2025-07-29 09:00:00,80.0,44.291275
Es Pujols,2025-07-29 10:00:00,72.0,36.90236
Es Pujols,2025-07-29 11:00:00,60.0,32.850243
Es Pujols,2025-07-29 12:00:00,60.0,26.549814
Es Pujols,2025-07-29 13:00:00,36.0,25.090412
Es Pujols,2025-07-29 14:00:00,29.0,23.595865
Es Pujols,2025-07-29 15:00:00,14.0,23.165958
Es Pujols,2025-07-29 16:00:00,9.0,19.511545
Es Pujols,2025-07-29 17:00:00,47.0,18.057692
Es Pujols,2025-07-29 18:00:00,73.0,24.580961
Es Pujols,2025-07-29 19:00:00,99.0,35.7209
Es Pujols,2025-07-29 20:00:00,80.0,47.930428
Es Pujols,2025-07-30 08:00:00,71.0,51.69002
Es Pujols,2025-07-30 09:00:00,88.0,46.938942
Es Pujols,2025-07-30 10:00:00,92.0,38.868916
Es Pujols,2025-07-30 11:00:00,86.0,31.452562
Es Pujols,2025-07-30 12:00:00,50.0,26.447927
Es Pujols,2025-07-30 13:00:00,37.0,25.568546
Es Pujols,2025-07-30 14:00:00,30.0,22.58776
Es Pujols,2025-07-30 15:00:00,8.0,21.399734
Es Pujols,2025-07-30 16:00:00,7.0,18.43171
Es Pujols,2025-07-30 17:00:00,54.0,22.530884
Es Pujols,2025-07-30 18:00:00,69.0,28.940922
Es Pujols,2025-07-30 19:00:00,96.0,46.506493
Es Pujols,2025-07-30 20:00:00,81.0,52.66484
Es Pujols,2025-07-31 08:00:00,88.0,54.83617
Es Pujols,2025-07-31 09:00:00,77.0,45.74067
Es Pujols,2025-07-31 10:00:00,114.0,43.393116
Es Pujols,2025-07-31 11:00:00,96.0,36.549294
Es Pujols,2025-07-31 12:00:00,59.0,34.02184
Es Pujols,2025-07-31 13:00:00,27.0,33.35442
Es Pujols,2025-07-31 14:00:00,27.0,34.123398
Es Pujols,2025-07-31 15:00:00,8.0,33.89108
Es Pujols,2025-07-31 16:00:00,9.0,28.087473
Es Pujols,2025-07-31 17:00:00,57.0,27.181509
Es Pujols,2025-07-31 18:00:00,87.0,35.18438
Es Pujols,2025-07-31 19:00:00,84.0,47.354305
Es Pujols,2025-07-31 20:00:00,83.0,55.040474
Es Pujols,2025-08-01 08:00:00,98.0,57.457634
Es Pujols,2025-08-01 09:00:00,97.0,53.329884
Es Pujols,2025-08-01 10:00:00,118.0,50.70991
Es Pujols,2025-08-01 11:00:00,80.0,46.413685
Es Pujols,2025-08-01 12:00:00,51.0,47.356567
Es Pujols,2025-08-01 13:00:00,51.0,41.693523
Es Pujols,2025-08-01 14:00:00,27.0,37.56859
Es Pujols,2025-08-01 15:00:00,7.0,31.632864
Es Pujols,2025-08-01 16:00:00,10.0,31.525837
Es Pujols,2025-08-01 17:00:00,47.0,32.970364
Es Pujols,2025-08-01 18:00:00,91.0,29.460285
Es Pujols,2025-08-01 19:00:00,83.0,38.582504
Es Pujols,2025-08-01 20:00:00,103.0,51.71613
Es Pujols,2025-08-02 08:00:00,88.0,52.451565
Es Pujols,2025-08-02 09:00:00,106.0,44.89043
Es Pujols,2025-08-02 10:00:00,119.0,41.697266
Es Pujols,2025-08-02 11:00:00,96.0,40.6584
Es Pujols,2025-08-02 12:00:00,90.0,37.427666
Es Pujols,2025-08-02 13:00:00,44.0,38.759827
Es Pujols,2025-08-02 14:00:00,28.0,31.670782
Es Pujols,2025-08-02 15:00:00,6.0,29.595694
Es Pujols,2025-08-02 16:00:00,13.0,30.903893
Es Pujols,2025-08-02 17:00:00,28.0,33.459694
Es Pujols,2025-08-02 18:00:00,75.0,37.213
Es Pujols,2025-08-02 19:00:00,100.0,41.416084
Es Pujols,2025-08-02 20:00:00,65.0,55.920925
Es Pujols,2025-08-03 08:00:00,90.0,57.646435
Es Pujols,2025-08-03 09:00:00,118.0,52.518326
Es Pujols,2025-08-03 10:00:00,113.0,49.425682
Es Pujols,2025-08-03 11:00:00,97.0,41.56668
Es Pujols,2025-08-03 12:00:00,72.0,41.471718
Es Pujols,2025-08-03 13:00:00,33.0,43.316498
Es Pujols,2025-08-03 14:00:00,32.0,38.596737
Es Pujols,2025-08-03 15:00:00,10.0,31.792532
Es Pujols,2025-08-03 16:00:00,12.0,31.816591
Es Pujols,2025-08-03 17:00:00,58.0,37.386173
Es Pujols,2025-08-03 18:00:00,85.0,40.910603
Es Pujols,2025-08-03 19:00:00,105.0,48.9696
Es Pujols,2025-08-03 20:00:00,83.0,49.983345
Es Pujols,2025-08-04 08:00:00,103.0,47.780003
Es Pujols,2025-08-04 09:00:00,93.0,53.069057
Es Pujols,2025-08-04 10:00:00,109.0,48.767353
Es Pujols,2025-08-04 11:00:00,93.0,50.142864
Es Pujols,2025-08-04 12:00:00,68.0,58.09471
Es Pujols,2025-08-04 13:00:00,51.0,49.759995
Es Pujols,2025-08-04 14:00:00,25.0,42.6169
Es Pujols,2025-08-04 15:00:00,7.0,30.233105
Es Pujols,2025-08-04 16:00:00,14.0,28.146645
Es Pujols,2025-08-04 17:00:00,58.0,32.62241
Es Pujols,2025-08-04 18:00:00,74.0,40.99216
Es Pujols,2025-08-04 19:00:00,82.0,50.9831
Es Pujols,2025-08-04 20:00:00,84.0,56.89314
Es Pujols,2025-08-05 08:00:00,84.0,63.642708
Es Pujols,2025-08-05 09:00:00,95.0,57.835354
Es Pujols,2025-08-05 10:00:00,78.0,54.325428
Es Pujols,2025-08-05 11:00:00,91.0,57.703033
Es Pujols,2025-08-05 12:00:00,72.0,60.63666
Es Pujols,2025-08-05 13:00:00,45.0,58.042534
Es Pujols,2025-08-05 14:00:00,33.0,46.985104
Es Pujols,2025-08-05 15:00:00,12.0,31.913303
Es Pujols,2025-08-05 16:00:00,12.0,29.85069
Es Pujols,2025-08-05 17:00:00,37.0,29.74043
Es Pujols,2025-08-05 18:00:00,79.0,37.617973
Es Pujols,2025-08-05 19:00:00,109.0,48.124092
Es Pujols,2025-08-05 20:00:00,95.0,61.28726
Es Pujols,2025-08-06 08:00:00,81.0,60.248592
Es Pujols,2025-08-06 09:00:00,93.0,55.51499
Es Pujols,2025-08-06 10:00:00,102.0,58.341595
Es Pujols,2025-08-06 11:00:00,131.0,60.85195
Es Pujols,2025-08-06 12:00:00,110.0,62.80447
Es Pujols,2025-08-06 13:00:00,66.0,64.20709
Es Pujols,2025-08-06 14:00:00,29.0,71.32349
Es Pujols,2025-08-06 15:00:00,11.0,39.831
Es Pujols,2025-08-06 16:00:00,11.0,35.182407
Es Pujols,2025-08-06 17:00:00,73.0,77.248405
Es Pujols,2025-08-06 18:00:00,60.0,85.36211
Es Pujols,2025-08-06 19:00:00,28.0,72.66427
Es Pujols,2025-08-06 20:00:00,10.0,35.256187
Es Pujols,2025-08-07 08:00:00,12.0,33.98374
Es Pujols,2025-08-07 09:00:00,34.0,30.808609
Es Pujols,2025-08-07 10:00:00,86.0,39.665047
Es Pujols,2025-08-07 11:00:00,108.0,49.18599
Es Pujols,2025-08-07 13:00:00,95.0,60.693268
Es Pujols,2025-08-07 14:00:00,113.0,76.29081
Es Pujols,2025-08-07 15:00:00,124.0,82.73483
Es Pujols,2025-08-07 16:00:00,136.0,83.234955
Es Pujols,2025-08-07 17:00:00,112.0,85.29578
Es Pujols,2025-08-07 18:00:00,81.0,89.12136
Es Pujols,2025-08-07 19:00:00,52.0,92.98595
Es Pujols,2025-08-07 20:00:00,41.0,66.32263
Es Pujols,2025-08-08 08:00:00,7.0,40.42541
Es Pujols,2025-08-08 09:00:00,9.0,40.607204
Es Pujols,2025-08-08 10:00:00,52.0,31.775883
Es Pujols,2025-08-08 11:00:00,84.0,34.795017
Es Pujols,2025-08-08 12:00:00,113.0,42.5927
Es Pujols,2025-08-08 13:00:00,93.0,55.254295
Es Pujols,2025-08-08 14:00:00,94.0,62.370785
Es Pujols,2025-08-08 15:00:00,109.0,65.098785
Es Pujols,2025-08-08 16:00:00,111.0,66.09638
Es Pujols,2025-08-08 17:00:00,85.0,65.06516
Es Pujols,2025-08-08 18:00:00,86.0,63.030823
Es Pujols,2025-08-08 19:00:00,53.0,62.086174
Es Pujols,2025-08-08 20:00:00,36.0,38.82981
Es Pujols,2025-08-09 08:00:00,7.0,23.212639
Es Pujols,2025-08-09 09:00:00,7.0,33.948902
Es Pujols,2025-08-09 10:00:00,23.0,29.310465
Es Pujols,2025-08-09 11:00:00,12.0,28.658964
Es Pujols,2025-08-09 12:00:00,18.0,35.828953
Es Pujols,2025-08-09 13:00:00,31.0,42.05574
Es Pujols,2025-08-09 14:00:00,33.0,48.678253
Es Pujols,2025-08-09 15:00:00,33.0,62.932983
Es Pujols,2025-08-09 16:00:00,46.0,59.356167
Es Pujols,2025-08-09 17:00:00,49.0,62.98549
Es Pujols,2025-08-09 18:00:00,40.0,57.769115
Es Pujols,2025-08-09 19:00:00,32.0,58.953987
Es Pujols,2025-08-09 20:00:00,25.0,34.373787
Es Pujols,2025-08-10 08:00:00,15.0,24.271744
Es Pujols,2025-08-10 09:00:00,12.0,29.634266
Es Pujols,2025-08-10 10:00:00,35.0,30.429811
Es Pujols,2025-08-10 11:00:00,58.0,33.625107
Es Pujols,2025-08-10 12:00:00,79.0,39.924522
Es Pujols,2025-08-10 13:00:00,64.0,54.34643
Es Pujols,2025-08-10 14:00:00,80.0,62.093098
Es Pujols,2025-08-10 15:00:00,81.0,59.467457
Es Pujols,2025-08-10 16:00:00,63.0,66.20897
Es Pujols,2025-08-10 17:00:00,53.0,65.98282
Es Pujols,2025-08-10 18:00:00,41.0,83.19208
Es Pujols,2025-08-10 19:00:00,24.0,59.191093
Es Pujols,2025-08-10 20:00:00,26.0,36.14278
Es Pujols,2025-08-11 08:00:00,10.0,24.536703
Es Pujols,2025-08-11 09:00:00,15.0,32.070164
Es Pujols,2025-08-11 10:00:00,28.0,28.332815
Es Pujols,2025-08-11 11:00:00,53.0,32.5371
Es Pujols,2025-08-11 12:00:00,45.0,39.81315
Es Pujols,2025-08-11 13:00:00,66.0,54.072514
Es Pujols,2025-08-11 14:00:00,63.0,62.378933
Es Pujols,2025-08-11 15:00:00,78.0,67.53309
Es Pujols,2025-08-11 16:00:00,98.0,73.053024
Es Pujols,2025-08-11 17:00:00,71.0,72.27351
Es Pujols,2025-08-11 18:00:00,40.0,86.23533
Es Pujols,2025-08-11 19:00:00,33.0,96.766396
Es Pujols,2025-08-11 20:00:00,24.0,65.58599
Es Pujols,2025-08-12 08:00:00,14.0,25.348158
Es Pujols,2025-08-12 09:00:00,9.0,32.19314
Es Pujols,2025-08-12 10:00:00,36.0,30.413206
Es Pujols,2025-08-12 11:00:00,56.0,33.810963
Es Pujols,2025-08-12 12:00:00,82.0,44.42107
Es Pujols,2025-08-12 13:00:00,98.0,56.433434
Es Pujols,2025-08-12 14:00:00,79.0,61.78273
Es Pujols,2025-08-12 15:00:00,59.0,72.67398
Es Pujols,2025-08-12 16:00:00,108.0,74.43558
Es Pujols,2025-08-12 17:00:00,82.0,71.98042
Es Pujols,2025-08-12 18:00:00,73.0,90.369545
Es Pujols,2025-08-12 19:00:00,20.0,93.98599
Es Pujols,2025-08-12 20:00:00,28.0,55.38533
Es Pujols,2025-08-13 08:00:00,10.0,32.552567
Es Pujols,2025-08-13 09:00:00,13.0,29.983414
Es Pujols,2025-08-13 10:00:00,32.0,29.730827
Es Pujols,2025-08-13 11:00:00,63.0,36.88465
Es Pujols,2025-08-13 12:00:00,71.0,47.897114
Es Pujols,2025-08-13 13:00:00,62.0,61.20328
Es Pujols,2025-08-13 14:00:00,70.0,80.52389
Es Pujols,2025-08-13 15:00:00,101.0,81.9935
Es Pujols,2025-08-13 16:00:00,97.0,84.8664
Es Pujols,2025-08-13 17:00:00,72.0,84.83955
Es Pujols,2025-08-13 18:00:00,56.0,90.09525
Es Pujols,2025-08-13 19:00:00,33.0,90.10173
Es Pujols,2025-08-13 20:00:00,22.0,58.259373
Es Pujols,2025-08-14 08:00:00,10.0,32.668957
Es Pujols,2025-08-14 09:00:00,13.0,35.671818
Es Pujols,2025-08-14 10:00:00,30.0,29.98472
Es Pujols,2025-08-14 11:00:00,43.0,33.982635
Es Pujols,2025-08-14 12:00:00,51.0,44.649555
Es Pujols,2025-08-14 13:00:00,61.0,63.859028
Es Pujols,2025-08-14 14:00:00,59.0,68.36715
Es Pujols,2025-08-14 15:00:00,70.0,71.212814
Es Pujols,2025-08-14 16:00:00,90.0,86.35195
Es Pujols,2025-08-14 17:00:00,51.0,81.37416
Es Pujols,2025-08-14 18:00:00,35.0,91.23806
Es Pujols,2025-08-14 19:00:00,18.0,93.425545
Es Pujols,2025-08-14 20:00:00,27.0,58.6636
Es Pujols,2025-08-15 08:00:00,6.0,25.650303
Es Pujols,2025-08-15 09:00:00,7.0,34.78881
Es Pujols,2025-08-15 10:00:00,12.0,26.511696
Es Pujols,2025-08-15 11:00:00,15.0,25.146217
Es Pujols,2025-08-15 12:00:00,20.0,27.969603
Es Pujols,2025-08-15 13:00:00,43.0,40.51801
Es Pujols,2025-08-15 14:00:00,31.0,57.443546
Es Pujols,2025-08-15 15:00:00,46.0,62.39855
Es Pujols,2025-08-15 16:00:00,51.0,74.06998
Es Pujols,2025-08-15 17:00:00,41.0,70.54475
Es Pujols,2025-08-15 18:00:00,25.0,79.14986
Es Pujols,2025-08-15 19:00:00,17.0,82.316986
Es Pujols,2025-08-15 20:00:00,18.0,53.185074
Es Pujols,2025-08-16 16:00:00,6.0,32.949863
Es Pujols,2025-08-16 17:00:00,7.0,34.568756
Es Pujols,2025-08-16 18:00:00,19.0,28.67832
Es Pujols,2025-08-16 19:00:00,27.0,33.22947
Es Pujols,2025-08-16 20:00:00,44.0,47.41445
Es Pujols,2025-08-17 08:00:00,48.0,60.33958
Es Pujols,2025-08-17 09:00:00,45.0,63.855774
Es Pujols,2025-08-17 10:00:00,44.0,62.834976
Es Pujols,2025-08-17 11:00:00,56.0,61.78814
Es Pujols,2025-08-17 12:00:00,34.0,59.00575
Es Pujols,2025-08-17 13:00:00,23.0,83.631134
Es Pujols,2025-08-17 14:00:00,14.0,82.5249
Es Pujols,2025-08-17 15:00:00,19.0,59.496216
Es Pujols,2025-08-17 16:00:00,7.0,37.520153
Es Pujols,2025-08-17 17:00:00,11.0,36.059128
Es Pujols,2025-08-17 18:00:00,26.0,31.596954
Es Pujols,2025-08-17 19:00:00,38.0,37.14003
Es Pujols,2025-08-17 20:00:00,66.0,45.083733
Es Pujols,2025-08-18 08:00:00,68.0,66.56841
Es Pujols,2025-08-18 09:00:00,71.0,67.815895
Es Pujols,2025-08-18 10:00:00,83.0,65.21257
Es Pujols,2025-08-18 11:00:00,92.0,71.961174
Es Pujols,2025-08-18 12:00:00,85.0,79.81371
Es Pujols,2025-08-18 13:00:00,58.0,82.507385
Es Pujols,2025-08-18 14:00:00,26.0,75.3395
Es Pujols,2025-08-18 15:00:00,24.0,57.947075
Es Pujols,2025-08-18 16:00:00,10.0,39.300415
Es Pujols,2025-08-18 17:00:00,11.0,37.86988
Es Pujols,2025-08-18 18:00:00,33.0,31.035872
Es Pujols,2025-08-18 19:00:00,46.0,34.42919
Es Pujols,2025-08-18 20:00:00,56.0,45.73651
Es Pujols,2025-08-19 08:00:00,70.0,58.37708
Es Pujols,2025-08-19 09:00:00,73.0,71.24431
Es Pujols,2025-08-19 10:00:00,65.0,65.68347
Es Pujols,2025-08-19 11:00:00,78.0,64.16796
Es Pujols,2025-08-19 12:00:00,71.0,64.18016
Es Pujols,2025-08-19 13:00:00,42.0,63.091812
Es Pujols,2025-08-19 14:00:00,14.0,53.489628
Es Pujols,2025-08-19 15:00:00,15.0,36.21802
Es Pujols,2025-08-19 16:00:00,6.0,24.596525
Es Pujols,2025-08-19 17:00:00,8.0,25.253191
Es Pujols,2025-08-19 18:00:00,24.0,24.173054
Es Pujols,2025-08-19 19:00:00,23.0,27.220783
Es Pujols,2025-08-19 20:00:00,46.0,45.235394
Es Pujols,2025-08-20 08:00:00,36.0,58.00655
Es Pujols,2025-08-20 09:00:00,31.0,58.86904
Es Pujols,2025-08-20 10:00:00,54.0,60.70659
Es Pujols,2025-08-20 11:00:00,55.0,54.730137
Es Pujols,2025-08-20 12:00:00,65.0,53.69128
Es Pujols,2025-08-20 13:00:00,38.0,49.591194
Es Pujols,2025-08-20 14:00:00,29.0,45.709694
Es Pujols,2025-08-20 15:00:00,21.0,40.067116
Es Pujols,2025-08-20 16:00:00,8.0,31.90525
Es Pujols,2025-08-20 17:00:00,12.0,32.7634
Es Pujols,2025-08-20 18:00:00,29.0,28.392643
Es Pujols,2025-08-20 19:00:00,38.0,33.159477
Es Pujols,2025-08-20 20:00:00,57.0,43.074844
Es Pujols,2025-08-21 08:00:00,49.0,50.972866
Es Pujols,2025-08-21 09:00:00,45.0,58.50223
Es Pujols,2025-08-21 10:00:00,64.0,58.383305
Es Pujols,2025-08-21 11:00:00,73.0,53.750805
Es Pujols,2025-08-21 12:00:00,53.0,53.133877
Es Pujols,2025-08-21 13:00:00,46.0,43.379513
Es Pujols,2025-08-21 14:00:00,28.0,42.45503
Es Pujols,2025-08-21 15:00:00,20.0,39.63552
Es Pujols,2025-08-21 16:00:00,11.0,30.34093
Es Pujols,2025-08-21 17:00:00,9.0,32.75403
Es Pujols,2025-08-21 18:00:00,49.0,31.470133
Es Pujols,2025-08-21 19:00:00,55.0,30.270342
Es Pujols,2025-08-21 20:00:00,66.0,41.095795
Es Pujols,2025-08-22 08:00:00,49.0,58.986183
Es Pujols,2025-08-22 09:00:00,51.0,59.702904
Es Pujols,2025-08-22 10:00:00,55.0,55.743946
Es Pujols,2025-08-22 11:00:00,65.0,49.82467
Es Pujols,2025-08-22 12:00:00,65.0,48.503704
Es Pujols,2025-08-22 13:00:00,51.0,50.5379
Es Pujols,2025-08-22 14:00:00,28.0,50.30773
Es Pujols,2025-08-22 15:00:00,31.0,42.504505
Es Pujols,2025-08-22 16:00:00,8.0,32.401436
Es Pujols,2025-08-22 17:00:00,6.0,30.114439
Es Pujols,2025-08-22 18:00:00,21.0,25.657583
Es Pujols,2025-08-22 19:00:00,24.0,30.353613
Es Pujols,2025-08-22 20:00:00,52.0,43.038597
Es Pujols,2025-08-23 08:00:00,50.0,53.30486
Es Pujols,2025-08-23 09:00:00,41.0,53.60873
Es Pujols,2025-08-23 10:00:00,50.0,50.98626
Es Pujols,2025-08-23 11:00:00,57.0,48.17966
Es Pujols,2025-08-23 12:00:00,72.0,53.444546
Es Pujols,2025-08-23 13:00:00,60.0,53.788914
Es Pujols,2025-08-23 14:00:00,21.0,51.252457
Es Pujols,2025-08-23 15:00:00,21.0,40.36982
Es Pujols,2025-08-23 16:00:00,11.0,29.205402
Es Pujols,2025-08-23 17:00:00,9.0,28.199915
Es Pujols,2025-08-23 18:00:00,23.0,29.654753
Es Pujols,2025-08-23 19:00:00,40.0,27.40184
Es Pujols,2025-08-23 20:00:00,60.0,48.332928
Es Pujols,2025-08-24 08:00:00,46.0,59.880074
Es Pujols,2025-08-24 09:00:00,82.0,58.566956
Es Pujols,2025-08-24 10:00:00,78.0,56.992905
Es Pujols,2025-08-24 11:00:00,74.0,52.94013
Es Pujols,2025-08-24 12:00:00,65.0,50.96362
Es Pujols,2025-08-24 13:00:00,43.0,49.352707
Es Pujols,2025-08-24 14:00:00,28.0,46.448303
Es Pujols,2025-08-24 15:00:00,24.0,39.454964
Es Pujols,2025-08-24 16:00:00,7.0,31.817743
Es Pujols,2025-08-24 17:00:00,9.0,32.5975
Es Pujols,2025-08-24 18:00:00,38.0,24.692482
Es Pujols,2025-08-24 19:00:00,43.0,33.545635
Es Pujols,2025-08-24 20:00:00,62.0,47.976715
Es Pujols,2025-08-25 08:00:00,69.0,56.179802
Es Pujols,2025-08-25 09:00:00,63.0,54.580074
Es Pujols,2025-08-25 10:00:00,56.0,50.018154
Es Pujols,2025-08-25 11:00:00,69.0,46.26708
Es Pujols,2025-08-25 12:00:00,53.0,45.70849
Es Pujols,2025-08-25 13:00:00,40.0,39.62168
Es Pujols,2025-08-25 14:00:00,24.0,36.0993
Es Pujols,2025-08-25 15:00:00,17.0,28.393747
Es Pujols,2025-08-25 16:00:00,8.0,21.805716
Es Pujols,2025-08-25 17:00:00,10.0,18.716204
Es Pujols,2025-08-25 18:00:00,22.0,21.401262
Es Pujols,2025-08-25 19:00:00,40.0,27.524046
Es Pujols,2025-08-25 20:00:00,82.0,41.680847
Es Pujols,2025-08-26 08:00:00,75.0,58.45694
Es Pujols,2025-08-26 09:00:00,72.0,50.04497
Es Pujols,2025-08-26 10:00:00,81.0,44.32105
Es Pujols,2025-08-26 11:00:00,73.0,36.552
Es Pujols,2025-08-26 12:00:00,63.0,32.888916
Es Pujols,2025-08-26 13:00:00,42.0,31.478176
Es Pujols,2025-08-26 14:00:00,39.0,32.089737
Es Pujols,2025-08-26 15:00:00,15.0,26.568785
Es Pujols,2025-08-26 16:00:00,7.0,23.05016
Es Pujols,2025-08-26 17:00:00,7.0,19.702972
Es Pujols,2025-08-26 18:00:00,16.0,14.5523615
Es Pujols,2025-08-26 19:00:00,31.0,15.925904
Es Pujols,2025-08-26 20:00:00,27.0,30.556087
Es Pujols,2025-08-27 08:00:00,36.0,41.368256
Es Pujols,2025-08-27 09:00:00,34.0,34.533054
Es Pujols,2025-08-27 10:00:00,39.0,32.9774
Es Pujols,2025-08-27 11:00:00,25.0,33.229218
Es Pujols,2025-08-27 12:00:00,18.0,30.118141
Es Pujols,2025-08-27 13:00:00,19.0,31.52449
Es Pujols,2025-08-27 14:00:00,20.0,34.44027
Es Pujols,2025-08-27 15:00:00,30.0,36.720314
Es Pujols,2025-08-27 16:00:00,7.0,23.417622
Es Pujols,2025-08-27 17:00:00,6.0,23.645874
Es Pujols,2025-08-27 18:00:00,13.0,16.754879
Es Pujols,2025-08-27 19:00:00,9.0,19.29597
Es Pujols,2025-08-27 20:00:00,20.0,24.678606
Es Pujols,2025-08-28 08:00:00,19.0,44.1965
Es Pujols,2025-08-28 09:00:00,21.0,45.90259
Es Pujols,2025-08-28 10:00:00,27.0,43.18831
Es Pujols,2025-08-28 11:00:00,22.0,42.14339
Es Pujols,2025-08-28 12:00:00,29.0,43.0778
Es Pujols,2025-08-28 13:00:00,19.0,44.777264
Es Pujols,2025-08-28 14:00:00,19.0,43.07362
Es Pujols,2025-08-28 15:00:00,8.0,32.13754
Es Pujols,2025-08-28 16:00:00,5.0,26.469276
Es Pujols,2025-08-28 17:00:00,5.0,29.330927
Es Pujols,2025-08-28 18:00:00,14.0,26.648308
Es Pujols,2025-08-28 19:00:00,21.0,30.394314
Es Pujols,2025-08-28 20:00:00,22.0,39.416317
Es Pujols,2025-08-29 08:00:00,23.0,55.887505
Es Pujols,2025-08-29 09:00:00,24.0,57.532124
Es Pujols,2025-08-29 10:00:00,41.0,49.16765
Es Pujols,2025-08-29 11:00:00,22.0,49.15441
Es Pujols,2025-08-29 12:00:00,42.0,47.44529
Es Pujols,2025-08-29 13:00:00,35.0,43.558655
Es Pujols,2025-08-29 14:00:00,34.0,40.416172
Es Pujols,2025-08-29 15:00:00,35.0,29.498587
Es Pujols,2025-08-29 16:00:00,6.0,25.50372
Es Pujols,2025-08-29 17:00:00,7.0,32.218647
Es Pujols,2025-08-29 18:00:00,15.0,26.109442
Es Pujols,2025-08-29 19:00:00,22.0,29.816586
Es Pujols,2025-08-29 20:00:00,31.0,32.671535
Es Pujols,2025-08-30 08:00:00,40.0,50.785316
Es Pujols,2025-08-30 09:00:00,27.0,53.858067
Es Pujols,2025-08-30 10:00:00,16.0,51.04069
Es Pujols,2025-08-30 11:00:00,27.0,47.959682
Es Pujols,2025-08-30 12:00:00,29.0,40.301754
Es Pujols,2025-08-30 13:00:00,17.0,36.896114
Es Pujols,2025-08-30 14:00:00,15.0,36.94642
Es Pujols,2025-08-30 15:00:00,16.0,33.704445
Es Pujols,2025-08-30 16:00:00,10.0,27.821405
Es Pujols,2025-08-30 17:00:00,8.0,32.118958
Es Pujols,2025-08-30 18:00:00,21.0,29.130903
Es Pujols,2025-08-30 19:00:00,34.0,25.995049
Es Pujols,2025-08-30 20:00:00,27.0,32.19403
Peguera / Cala Fornells,2025-06-01 08:00:00,29.0,60.640255
Peguera / Cala Fornells,2025-06-01 09:00:00,27.0,46.349854
Peguera / Cala Fornells,2025-06-01 10:00:00,41.0,45.305443
Peguera / Cala Fornells,2025-06-01 11:00:00,49.0,40.77421
Peguera / Cala Fornells,2025-06-01 12:00:00,51.0,33.515736
Peguera / Cala Fornells,2025-06-01 13:00:00,54.0,33.267334
Peguera / Cala Fornells,2025-06-01 14:00:00,36.0,32.81866
Peguera / Cala Fornells,2025-06-01 15:00:00,26.0,30.867369
Peguera / Cala Fornells,2025-06-01 16:00:00,18.0,33.364914
Peguera / Cala Fornells,2025-06-01 17:00:00,5.0,29.820667
Peguera / Cala Fornells,2025-06-01 18:00:00,95.0,21.495398
Peguera / Cala Fornells,2025-06-01 19:00:00,73.0,44.83291
Peguera / Cala Fornells,2025-06-01 20:00:00,31.0,54.91456
Peguera / Cala Fornells,2025-06-02 08:00:00,23.0,60.268604
Peguera / Cala Fornells,2025-06-02 09:00:00,34.0,46.871815
Peguera / Cala Fornells,2025-06-02 10:00:00,30.0,39.375187
Peguera / Cala Fornells,2025-06-02 11:00:00,49.0,39.656258
Peguera / Cala Fornells,2025-06-02 12:00:00,36.0,37.35581
Peguera / Cala Fornells,2025-06-02 13:00:00,42.0,34.749767
Peguera / Cala Fornells,2025-06-02 14:00:00,23.0,34.647446
Peguera / Cala Fornells,2025-06-02 15:00:00,27.0,32.798244
Peguera / Cala Fornells,2025-06-02 16:00:00,36.0,25.517214
Peguera / Cala Fornells,2025-06-02 17:00:00,5.0,21.983538
Peguera / Cala Fornells,2025-06-02 18:00:00,418.0,18.70914
Peguera / Cala Fornells,2025-06-02 19:00:00,314.0,32.819763
Peguera / Cala Fornells,2025-06-02 20:00:00,232.0,41.52613
Peguera / Cala Fornells,2025-06-03 08:00:00,90.0,47.41146
Peguera / Cala Fornells,2025-06-03 09:00:00,28.0,39.89581
Peguera / Cala Fornells,2025-06-03 10:00:00,36.0,41.395466
Peguera / Cala Fornells,2025-06-03 11:00:00,27.0,37.248447
Peguera / Cala Fornells,2025-06-03 12:00:00,32.0,31.461815
Peguera / Cala Fornells,2025-06-03 13:00:00,40.0,29.390963
Peguera / Cala Fornells,2025-06-03 14:00:00,25.0,32.709473
Peguera / Cala Fornells,2025-06-03 15:00:00,26.0,31.601809
Peguera / Cala Fornells,2025-06-03 16:00:00,20.0,32.13018
Peguera / Cala Fornells,2025-06-03 17:00:00,5.0,22.91107
Peguera / Cala Fornells,2025-06-03 18:00:00,173.0,20.935894
Peguera / Cala Fornells,2025-06-03 19:00:00,402.0,29.685705
Peguera / Cala Fornells,2025-06-03 20:00:00,131.0,35.485332
Peguera / Cala Fornells,2025-06-04 08:00:00,36.0,53.08649
Peguera / Cala Fornells,2025-06-04 09:00:00,24.0,45.29734
Peguera / Cala Fornells,2025-06-04 10:00:00,32.0,51.601665
Peguera / Cala Fornells,2025-06-04 11:00:00,31.0,49.2582
Peguera / Cala Fornells,2025-06-04 12:00:00,34.0,47.50304
Peguera / Cala Fornells,2025-06-04 13:00:00,45.0,44.6182
Peguera / Cala Fornells,2025-06-04 14:00:00,25.0,43.065853
Peguera / Cala Fornells,2025-06-04 15:00:00,22.0,39.592953
Peguera / Cala Fornells,2025-06-04 16:00:00,33.0,32.585094
Peguera / Cala Fornells,2025-06-04 17:00:00,5.0,30.843147
Peguera / Cala Fornells,2025-06-04 18:00:00,206.0,30.190063
Peguera / Cala Fornells,2025-06-04 19:00:00,392.0,33.067608
Peguera / Cala Fornells,2025-06-04 20:00:00,204.0,36.627033
Peguera / Cala Fornells,2025-06-05 08:00:00,62.0,50.626793
Peguera / Cala Fornells,2025-06-05 09:00:00,56.0,49.71761
Peguera / Cala Fornells,2025-06-05 10:00:00,46.0,65.09935
Peguera / Cala Fornells,2025-06-05 11:00:00,63.0,67.82079
Peguera / Cala Fornells,2025-06-05 12:00:00,47.0,64.069336
Peguera / Cala Fornells,2025-06-05 13:00:00,30.0,66.29398
Peguera / Cala Fornells,2025-06-05 14:00:00,25.0,63.400288
Peguera / Cala Fornells,2025-06-05 15:00:00,26.0,49.1802
Peguera / Cala Fornells,2025-06-05 16:00:00,19.0,34.824913
Peguera / Cala Fornells,2025-06-05 17:00:00,6.0,34.473503
Peguera / Cala Fornells,2025-06-05 18:00:00,281.0,39.85196
Peguera / Cala Fornells,2025-06-05 19:00:00,148.0,45.92828
Peguera / Cala Fornells,2025-06-05 20:00:00,115.0,56.17335
Peguera / Cala Fornells,2025-06-06 08:00:00,43.0,67.79228
Peguera / Cala Fornells,2025-06-06 09:00:00,32.0,67.24977
Peguera / Cala Fornells,2025-06-06 10:00:00,54.0,79.88518
Peguera / Cala Fornells,2025-06-06 11:00:00,60.0,78.0375
Peguera / Cala Fornells,2025-06-06 12:00:00,49.0,83.65053
Peguera / Cala Fornells,2025-06-06 13:00:00,59.0,85.84672
Peguera / Cala Fornells,2025-06-06 14:00:00,36.0,95.35315
Peguera / Cala Fornells,2025-06-06 15:00:00,27.0,78.05436
Peguera / Cala Fornells,2025-06-06 16:00:00,38.0,63.6342
Peguera / Cala Fornells,2025-06-06 17:00:00,6.0,44.131157
Peguera / Cala Fornells,2025-06-06 18:00:00,338.0,37.250767
Peguera / Cala Fornells,2025-06-06 19:00:00,578.0,49.751812
Peguera / Cala Fornells,2025-06-06 20:00:00,135.0,53.73995
Peguera / Cala Fornells,2025-06-07 08:00:00,52.0,63.606056
Peguera / Cala Fornells,2025-06-07 09:00:00,19.0,60.216606
Peguera / Cala Fornells,2025-06-07 10:00:00,41.0,60.68505
Peguera / Cala Fornells,2025-06-07 11:00:00,46.0,59.711857
Peguera / Cala Fornells,2025-06-07 12:00:00,41.0,55.959747
Peguera / Cala Fornells,2025-06-07 13:00:00,34.0,56.40353
Peguera / Cala Fornells,2025-06-07 14:00:00,24.0,52.890297
Peguera / Cala Fornells,2025-06-07 15:00:00,18.0,47.54877
Peguera / Cala Fornells,2025-06-07 16:00:00,18.0,35.928505
Peguera / Cala Fornells,2025-06-07 17:00:00,5.0,40.904522
Peguera / Cala Fornells,2025-06-07 18:00:00,110.0,37.20825
Peguera / Cala Fornells,2025-06-07 19:00:00,32.0,49.329193
Peguera / Cala Fornells,2025-06-07 20:00:00,38.0,55.98348
Peguera / Cala Fornells,2025-06-08 08:00:00,30.0,57.3584
Peguera / Cala Fornells,2025-06-08 09:00:00,27.0,61.298824
Peguera / Cala Fornells,2025-06-08 10:00:00,45.0,77.69973
Peguera / Cala Fornells,2025-06-08 11:00:00,48.0,120.3065
Peguera / Cala Fornells,2025-06-08 12:00:00,52.0,112.312225
Peguera / Cala Fornells,2025-06-08 13:00:00,42.0,115.779274
Peguera / Cala Fornells,2025-06-08 14:00:00,25.0,118.71793
Peguera / Cala Fornells,2025-06-08 15:00:00,17.0,109.743225
Peguera / Cala Fornells,2025-06-08 16:00:00,19.0,69.137886
Peguera / Cala Fornells,2025-06-08 17:00:00,6.0,45.820858
Peguera / Cala Fornells,2025-06-08 18:00:00,91.0,33.61105
Peguera / Cala Fornells,2025-06-08 19:00:00,108.0,52.347954
Peguera / Cala Fornells,2025-06-08 20:00:00,44.0,59.355896
Peguera / Cala Fornells,2025-06-09 08:00:00,38.0,61.778255
Peguera / Cala Fornells,2025-06-09 09:00:00,35.0,68.658905
Peguera / Cala Fornells,2025-06-09 10:00:00,48.0,100.34053
Peguera / Cala Fornells,2025-06-09 11:00:00,53.0,106.30756
Peguera / Cala Fornells,2025-06-09 12:00:00,48.0,97.33285
Peguera / Cala Fornells,2025-06-09 13:00:00,41.0,98.60318
Peguera / Cala Fornells,2025-06-09 14:00:00,29.0,103.05617
Peguera / Cala Fornells,2025-06-09 15:00:00,28.0,97.12911
Peguera / Cala Fornells,2025-06-09 16:00:00,26.0,58.324837
Peguera / Cala Fornells,2025-06-09 17:00:00,5.0,38.06149
Peguera / Cala Fornells,2025-06-09 18:00:00,29.0,36.00518
Peguera / Cala Fornells,2025-06-09 19:00:00,110.0,49.747738
Peguera / Cala Fornells,2025-06-09 20:00:00,121.0,54.095253
Peguera / Cala Fornells,2025-06-10 08:00:00,24.0,69.858284
Peguera / Cala Fornells,2025-06-10 09:00:00,23.0,91.26562
Peguera / Cala Fornells,2025-06-10 10:00:00,43.0,94.44855
Peguera / Cala Fornells,2025-06-10 11:00:00,65.0,96.022095
Peguera / Cala Fornells,2025-06-10 12:00:00,49.0,90.350876
Peguera / Cala Fornells,2025-06-10 13:00:00,34.0,95.67323
Peguera / Cala Fornells,2025-06-10 14:00:00,45.0,106.048164
Peguera / Cala Fornells,2025-06-10 15:00:00,36.0,93.57074
Peguera / Cala Fornells,2025-06-10 16:00:00,25.0,60.006077
Peguera / Cala Fornells,2025-06-10 17:00:00,5.0,40.464302
Peguera / Cala Fornells,2025-06-10 18:00:00,179.0,36.805775
Peguera / Cala Fornells,2025-06-10 19:00:00,116.0,49.102177
Peguera / Cala Fornells,2025-06-10 20:00:00,36.0,61.510265
Peguera / Cala Fornells,2025-06-11 08:00:00,49.0,65.6475
Peguera / Cala Fornells,2025-06-11 09:00:00,28.0,60.48649
Peguera / Cala Fornells,2025-06-11 10:00:00,44.0,61.98181
Peguera / Cala Fornells,2025-06-11 11:00:00,44.0,65.8409
Peguera / Cala Fornells,2025-06-11 12:00:00,68.0,61.669895
Peguera / Cala Fornells,2025-06-11 13:00:00,51.0,59.754272
Peguera / Cala Fornells,2025-06-11 14:00:00,47.0,50.068913
Peguera / Cala Fornells,2025-06-11 15:00:00,34.0,46.574467
Peguera / Cala Fornells,2025-06-11 16:00:00,26.0,33.74831
Peguera / Cala Fornells,2025-06-11 17:00:00,61.0,33.40807
Peguera / Cala Fornells,2025-06-11 18:00:00,28.0,27.835524
Peguera / Cala Fornells,2025-06-11 19:00:00,44.0,45.96735
Peguera / Cala Fornells,2025-06-11 20:00:00,43.0,42.648605
Peguera / Cala Fornells,2025-06-12 08:00:00,43.0,55.343002
Peguera / Cala Fornells,2025-06-12 09:00:00,45.0,62.65176
Peguera / Cala Fornells,2025-06-12 10:00:00,52.0,70.1004
Peguera / Cala Fornells,2025-06-12 11:00:00,58.0,85.30252
Peguera / Cala Fornells,2025-06-12 12:00:00,67.0,94.68831
Peguera / Cala Fornells,2025-06-12 13:00:00,54.0,102.976074
Peguera / Cala Fornells,2025-06-12 14:00:00,45.0,104.46508
Peguera / Cala Fornells,2025-06-12 15:00:00,26.0,85.774155
Peguera / Cala Fornells,2025-06-12 16:00:00,23.0,52.683113
Peguera / Cala Fornells,2025-06-12 17:00:00,5.0,40.144352
Peguera / Cala Fornells,2025-06-12 18:00:00,47.0,35.664955
Peguera / Cala Fornells,2025-06-12 19:00:00,57.0,57.64471
Peguera / Cala Fornells,2025-06-12 20:00:00,60.0,67.356224
Peguera / Cala Fornells,2025-06-13 08:00:00,61.0,70.467186
Peguera / Cala Fornells,2025-06-13 09:00:00,43.0,64.41444
Peguera / Cala Fornells,2025-06-13 10:00:00,51.0,80.315994
Peguera / Cala Fornells,2025-06-13 11:00:00,78.0,77.54576
Peguera / Cala Fornells,2025-06-13 12:00:00,71.0,85.77453
Peguera / Cala Fornells,2025-06-13 13:00:00,76.0,83.30295
Peguera / Cala Fornells,2025-06-13 14:00:00,63.0,88.7997
Peguera / Cala Fornells,2025-06-13 15:00:00,23.0,79.0701
Peguera / Cala Fornells,2025-06-13 16:00:00,16.0,48.746296
Peguera / Cala Fornells,2025-06-13 17:00:00,5.0,42.8552
Peguera / Cala Fornells,2025-06-13 18:00:00,29.0,33.86172
Peguera / Cala Fornells,2025-06-13 19:00:00,94.0,50.439987
Peguera / Cala Fornells,2025-06-13 20:00:00,31.0,62.95597
Peguera / Cala Fornells,2025-06-14 08:00:00,29.0,70.50187
Peguera / Cala Fornells,2025-06-14 09:00:00,31.0,65.40525
Peguera / Cala Fornells,2025-06-14 10:00:00,32.0,109.862976
Peguera / Cala Fornells,2025-06-14 11:00:00,38.0,103.16032
Peguera / Cala Fornells,2025-06-14 12:00:00,42.0,107.45612
Peguera / Cala Fornells,2025-06-14 13:00:00,45.0,108.54886
Peguera / Cala Fornells,2025-06-14 14:00:00,23.0,119.339554
Peguera / Cala Fornells,2025-06-14 15:00:00,21.0,109.11215
Peguera / Cala Fornells,2025-06-14 16:00:00,20.0,60.590187
Peguera / Cala Fornells,2025-06-14 17:00:00,51.0,39.67101
Peguera / Cala Fornells,2025-06-14 18:00:00,32.0,38.13215
Peguera / Cala Fornells,2025-06-14 19:00:00,68.0,47.845528
Peguera / Cala Fornells,2025-06-14 20:00:00,27.0,61.44583
Peguera / Cala Fornells,2025-06-15 08:00:00,42.0,67.668755
Peguera / Cala Fornells,2025-06-15 09:00:00,57.0,68.48819
Peguera / Cala Fornells,2025-06-15 10:00:00,68.0,94.194916
Peguera / Cala Fornells,2025-06-15 11:00:00,63.0,98.82605
Peguera / Cala Fornells,2025-06-15 12:00:00,82.0,110.36227
Peguera / Cala Fornells,2025-06-15 13:00:00,44.0,114.06491
Peguera / Cala Fornells,2025-06-15 14:00:00,70.0,118.39949
Peguera / Cala Fornells,2025-06-15 15:00:00,31.0,110.9943
Peguera / Cala Fornells,2025-06-15 16:00:00,23.0,62.2363
Peguera / Cala Fornells,2025-06-15 17:00:00,101.0,38.869225
Peguera / Cala Fornells,2025-06-15 18:00:00,283.0,39.66929
Peguera / Cala Fornells,2025-06-15 19:00:00,304.0,48.430595
Peguera / Cala Fornells,2025-06-15 20:00:00,142.0,55.45567
Peguera / Cala Fornells,2025-06-16 08:00:00,39.0,64.38227
Peguera / Cala Fornells,2025-06-16 09:00:00,73.0,73.90517
Peguera / Cala Fornells,2025-06-16 10:00:00,36.0,118.31317
Peguera / Cala Fornells,2025-06-16 11:00:00,50.0,123.76211
Peguera / Cala Fornells,2025-06-16 12:00:00,53.0,126.35888
Peguera / Cala Fornells,2025-06-16 13:00:00,60.0,131.55927
Peguera / Cala Fornells,2025-06-16 14:00:00,62.0,133.81613
Peguera / Cala Fornells,2025-06-16 15:00:00,25.0,122.178795
Peguera / Cala Fornells,2025-06-16 16:00:00,19.0,71.094536
Peguera / Cala Fornells,2025-06-16 17:00:00,69.0,46.18567
Peguera / Cala Fornells,2025-06-16 18:00:00,79.0,34.611107
Peguera / Cala Fornells,2025-06-16 19:00:00,184.0,47.510838
Peguera / Cala Fornells,2025-06-16 20:00:00,117.0,54.603485
Peguera / Cala Fornells,2025-06-17 08:00:00,49.0,64.80273
Peguera / Cala Fornells,2025-06-17 09:00:00,67.0,56.422173
Peguera / Cala Fornells,2025-06-17 10:00:00,68.0,70.51006
Peguera / Cala Fornells,2025-06-17 11:00:00,72.0,69.87335
Peguera / Cala Fornells,2025-06-17 12:00:00,47.0,71.54105
Peguera / Cala Fornells,2025-06-17 13:00:00,49.0,67.915794
Peguera / Cala Fornells,2025-06-17 14:00:00,52.0,74.581184
Peguera / Cala Fornells,2025-06-17 15:00:00,42.0,64.52992
Peguera / Cala Fornells,2025-06-17 16:00:00,24.0,45.795967
Peguera / Cala Fornells,2025-06-17 17:00:00,56.0,38.40525
Peguera / Cala Fornells,2025-06-17 18:00:00,139.0,30.573698
Peguera / Cala Fornells,2025-06-17 19:00:00,107.0,44.81832
Peguera / Cala Fornells,2025-06-17 20:00:00,169.0,53.512684
Peguera / Cala Fornells,2025-06-18 08:00:00,58.0,61.17244
Peguera / Cala Fornells,2025-06-18 09:00:00,80.0,57.919346
Peguera / Cala Fornells,2025-06-18 10:00:00,79.0,57.861313
Peguera / Cala Fornells,2025-06-18 11:00:00,91.0,60.9934
Peguera / Cala Fornells,2025-06-18 12:00:00,72.0,63.376232
Peguera / Cala Fornells,2025-06-18 13:00:00,69.0,60.84116
Peguera / Cala Fornells,2025-06-18 14:00:00,85.0,62.19422
Peguera / Cala Fornells,2025-06-18 15:00:00,35.0,54.84132
Peguera / Cala Fornells,2025-06-18 16:00:00,13.0,38.10941
Peguera / Cala Fornells,2025-06-18 17:00:00,52.0,34.86638
Peguera / Cala Fornells,2025-06-18 18:00:00,48.0,37.090534
Peguera / Cala Fornells,2025-06-18 19:00:00,128.0,44.604324
Peguera / Cala Fornells,2025-06-18 20:00:00,82.0,44.66838
Peguera / Cala Fornells,2025-06-19 08:00:00,65.0,57.937977
Peguera / Cala Fornells,2025-06-19 09:00:00,82.0,51.525284
Peguera / Cala Fornells,2025-06-19 10:00:00,52.0,47.8625
Peguera / Cala Fornells,2025-06-19 11:00:00,76.0,44.900806
Peguera / Cala Fornells,2025-06-19 12:00:00,77.0,51.042572
Peguera / Cala Fornells,2025-06-19 13:00:00,49.0,45.627495
Peguera / Cala Fornells,2025-06-19 14:00:00,60.0,46.952682
Peguera / Cala Fornells,2025-06-19 15:00:00,41.0,43.222363
Peguera / Cala Fornells,2025-06-19 16:00:00,38.0,36.524338
Peguera / Cala Fornells,2025-06-19 17:00:00,52.0,30.952745
Peguera / Cala Fornells,2025-06-19 18:00:00,52.0,40.58197
Peguera / Cala Fornells,2025-06-19 19:00:00,101.0,41.431107
Peguera / Cala Fornells,2025-06-19 20:00:00,91.0,47.646626
Peguera / Cala Fornells,2025-06-20 08:00:00,79.0,54.64698
Peguera / Cala Fornells,2025-06-20 09:00:00,92.0,49.99056
Peguera / Cala Fornells,2025-06-20 10:00:00,93.0,50.04806
Peguera / Cala Fornells,2025-06-20 11:00:00,108.0,53.92293
Peguera / Cala Fornells,2025-06-20 12:00:00,121.0,50.830357
Peguera / Cala Fornells,2025-06-20 13:00:00,69.0,48.790874
Peguera / Cala Fornells,2025-06-20 14:00:00,70.0,58.483875
Peguera / Cala Fornells,2025-06-20 15:00:00,41.0,50.23673
Peguera / Cala Fornells,2025-06-20 16:00:00,19.0,36.569077
Peguera / Cala Fornells,2025-06-20 17:00:00,50.0,31.002293
Peguera / Cala Fornells,2025-06-20 18:00:00,136.0,37.454506
Peguera / Cala Fornells,2025-06-20 19:00:00,74.0,44.941887
Peguera / Cala Fornells,2025-06-20 20:00:00,72.0,39.938126
Peguera / Cala Fornells,2025-06-21 08:00:00,63.0,50.600853
Peguera / Cala Fornells,2025-06-21 09:00:00,53.0,47.1476
Peguera / Cala Fornells,2025-06-21 10:00:00,69.0,54.395424
Peguera / Cala Fornells,2025-06-21 11:00:00,61.0,51.380733
Peguera / Cala Fornells,2025-06-21 12:00:00,68.0,46.247616
Peguera / Cala Fornells,2025-06-21 13:00:00,58.0,44.63754
Peguera / Cala Fornells,2025-06-21 14:00:00,44.0,40.86967
Peguera / Cala Fornells,2025-06-21 15:00:00,17.0,34.592
Peguera / Cala Fornells,2025-06-21 16:00:00,45.0,28.43563
Peguera / Cala Fornells,2025-06-21 17:00:00,47.0,40.257908
Peguera / Cala Fornells,2025-06-21 18:00:00,217.0,46.753677
Peguera / Cala Fornells,2025-06-21 19:00:00,119.0,54.19517
Peguera / Cala Fornells,2025-06-21 20:00:00,67.0,52.480827
Peguera / Cala Fornells,2025-06-22 08:00:00,45.0,49.915146
Peguera / Cala Fornells,2025-06-22 09:00:00,54.0,45.66189
Peguera / Cala Fornells,2025-06-22 10:00:00,82.0,42.399803
Peguera / Cala Fornells,2025-06-22 11:00:00,80.0,54.206573
Peguera / Cala Fornells,2025-06-22 12:00:00,76.0,46.740715
Peguera / Cala Fornells,2025-06-22 13:00:00,56.0,46.205296
Peguera / Cala Fornells,2025-06-22 14:00:00,44.0,43.503407
Peguera / Cala Fornells,2025-06-22 15:00:00,14.0,34.93044
Peguera / Cala Fornells,2025-06-22 16:00:00,34.0,30.323261
Peguera / Cala Fornells,2025-06-22 17:00:00,300.0,36.38308
Peguera / Cala Fornells,2025-06-22 18:00:00,351.0,45.167427
Peguera / Cala Fornells,2025-06-22 19:00:00,113.0,48.733757
Peguera / Cala Fornells,2025-06-22 20:00:00,71.0,47.57711
Peguera / Cala Fornells,2025-06-23 08:00:00,64.0,51.525402
Peguera / Cala Fornells,2025-06-23 09:00:00,69.0,49.367718
Peguera / Cala Fornells,2025-06-23 10:00:00,57.0,38.41246
Peguera / Cala Fornells,2025-06-23 11:00:00,65.0,41.669567
Peguera / Cala Fornells,2025-06-23 12:00:00,59.0,41.53031
Peguera / Cala Fornells,2025-06-23 13:00:00,70.0,42.996178
Peguera / Cala Fornells,2025-06-23 14:00:00,32.0,39.12848
Peguera / Cala Fornells,2025-06-23 15:00:00,18.0,31.246923
Peguera / Cala Fornells,2025-06-23 16:00:00,41.0,27.45267
Peguera / Cala Fornells,2025-06-23 17:00:00,60.0,30.34099
Peguera / Cala Fornells,2025-06-23 18:00:00,114.0,27.469059
Peguera / Cala Fornells,2025-06-23 19:00:00,74.0,37.25499
Peguera / Cala Fornells,2025-06-23 20:00:00,79.0,44.41739
Peguera / Cala Fornells,2025-06-24 08:00:00,60.0,45.327484
Peguera / Cala Fornells,2025-06-24 09:00:00,73.0,45.162167
Peguera / Cala Fornells,2025-06-24 10:00:00,109.0,41.21614
Peguera / Cala Fornells,2025-06-24 11:00:00,86.0,39.977394
Peguera / Cala Fornells,2025-06-24 12:00:00,70.0,41.117558
Peguera / Cala Fornells,2025-06-24 13:00:00,50.0,41.46224
Peguera / Cala Fornells,2025-06-24 14:00:00,48.0,39.18036
Peguera / Cala Fornells,2025-06-24 15:00:00,35.0,35.94598
Peguera / Cala Fornells,2025-06-24 16:00:00,57.0,26.462133
Peguera / Cala Fornells,2025-06-24 17:00:00,229.0,40.959843
Peguera / Cala Fornells,2025-06-24 18:00:00,505.0,37.459152
Peguera / Cala Fornells,2025-06-24 19:00:00,168.0,42.818634
Peguera / Cala Fornells,2025-06-24 20:00:00,90.0,46.363228
Peguera / Cala Fornells,2025-06-25 08:00:00,81.0,38.189842
Peguera / Cala Fornells,2025-06-25 09:00:00,87.0,57.86342
Peguera / Cala Fornells,2025-06-25 10:00:00,70.0,66.51541
Peguera / Cala Fornells,2025-06-25 11:00:00,78.0,67.025406
Peguera / Cala Fornells,2025-06-25 12:00:00,64.0,68.87757
Peguera / Cala Fornells,2025-06-25 13:00:00,52.0,74.86005
Peguera / Cala Fornells,2025-06-25 14:00:00,38.0,58.908157
Peguera / Cala Fornells,2025-06-25 15:00:00,37.0,36.17552
Peguera / Cala Fornells,2025-06-25 16:00:00,51.0,28.550451
Peguera / Cala Fornells,2025-06-25 17:00:00,238.0,34.922764
Peguera / Cala Fornells,2025-06-25 18:00:00,134.0,46.912014
Peguera / Cala Fornells,2025-06-25 19:00:00,145.0,60.831177
Peguera / Cala Fornells,2025-06-25 20:00:00,82.0,67.65714
Peguera / Cala Fornells,2025-06-26 08:00:00,79.0,51.943428
Peguera / Cala Fornells,2025-06-26 09:00:00,64.0,56.33984
Peguera / Cala Fornells,2025-06-26 10:00:00,64.0,61.630352
Peguera / Cala Fornells,2025-06-26 11:00:00,106.0,68.79314
Peguera / Cala Fornells,2025-06-26 12:00:00,73.0,76.99596
Peguera / Cala Fornells,2025-06-26 13:00:00,69.0,75.018326
Peguera / Cala Fornells,2025-06-26 14:00:00,67.0,68.431175
Peguera / Cala Fornells,2025-06-26 15:00:00,43.0,47.0101
Peguera / Cala Fornells,2025-06-26 16:00:00,67.0,36.852047
Peguera / Cala Fornells,2025-06-26 17:00:00,48.0,33.50789
Peguera / Cala Fornells,2025-06-26 18:00:00,94.0,43.313133
Peguera / Cala Fornells,2025-06-26 19:00:00,81.0,56.342472
Peguera / Cala Fornells,2025-06-26 20:00:00,82.0,71.28378
Peguera / Cala Fornells,2025-06-27 08:00:00,68.0,64.60712
Peguera / Cala Fornells,2025-06-27 09:00:00,80.0,115.13281
Peguera / Cala Fornells,2025-06-27 10:00:00,71.0,121.7492
Peguera / Cala Fornells,2025-06-27 11:00:00,88.0,120.975784
Peguera / Cala Fornells,2025-06-27 12:00:00,78.0,122.96628
Peguera / Cala Fornells,2025-06-27 13:00:00,67.0,135.88527
Peguera / Cala Fornells,2025-06-27 14:00:00,34.0,125.70422
Peguera / Cala Fornells,2025-06-27 15:00:00,25.0,70.51914
Peguera / Cala Fornells,2025-06-27 16:00:00,60.0,41.729023
Peguera / Cala Fornells,2025-06-27 17:00:00,34.0,33.558765
Peguera / Cala Fornells,2025-06-27 18:00:00,116.0,44.153446
Peguera / Cala Fornells,2025-06-27 19:00:00,99.0,59.281746
Peguera / Cala Fornells,2025-06-27 20:00:00,67.0,65.46228
Peguera / Cala Fornells,2025-06-28 08:00:00,63.0,74.50516
Peguera / Cala Fornells,2025-06-28 09:00:00,75.0,74.20914
Peguera / Cala Fornells,2025-06-28 10:00:00,62.0,65.3547
Peguera / Cala Fornells,2025-06-28 11:00:00,62.0,64.53421
Peguera / Cala Fornells,2025-06-28 12:00:00,31.0,74.268524
Peguera / Cala Fornells,2025-06-28 13:00:00,38.0,79.80859
Peguera / Cala Fornells,2025-06-28 14:00:00,37.0,71.33527
Peguera / Cala Fornells,2025-06-28 15:00:00,14.0,46.30478
Peguera / Cala Fornells,2025-06-28 16:00:00,5.0,37.174004
Peguera / Cala Fornells,2025-06-28 17:00:00,16.0,26.61067
Peguera / Cala Fornells,2025-06-28 18:00:00,20.0,26.961077
Peguera / Cala Fornells,2025-06-28 19:00:00,41.0,30.084255
Peguera / Cala Fornells,2025-06-28 20:00:00,18.0,41.842773
Peguera / Cala Fornells,2025-06-29 08:00:00,19.0,56.378998
Peguera / Cala Fornells,2025-06-29 09:00:00,23.0,81.75811
Peguera / Cala Fornells,2025-06-29 10:00:00,23.0,77.45513
Peguera / Cala Fornells,2025-06-29 11:00:00,20.0,77.635284
Peguera / Cala Fornells,2025-06-29 12:00:00,25.0,91.020706
Peguera / Cala Fornells,2025-06-29 13:00:00,22.0,87.55658
Peguera / Cala Fornells,2025-06-29 14:00:00,19.0,76.125244
Peguera / Cala Fornells,2025-06-29 15:00:00,19.0,46.500675
Peguera / Cala Fornells,2025-06-29 16:00:00,5.0,35.172676
Peguera / Cala Fornells,2025-06-29 17:00:00,534.0,33.10656
Peguera / Cala Fornells,2025-06-29 18:00:00,170.0,43.273132
Peguera / Cala Fornells,2025-06-29 19:00:00,104.0,60.575443
Peguera / Cala Fornells,2025-06-29 20:00:00,90.0,70.16179
Peguera / Cala Fornells,2025-06-30 08:00:00,55.0,72.331314
Peguera / Cala Fornells,2025-06-30 09:00:00,71.0,74.32761
Peguera / Cala Fornells,2025-06-30 10:00:00,88.0,76.129616
Peguera / Cala Fornells,2025-06-30 11:00:00,51.0,78.02531
Peguera / Cala Fornells,2025-06-30 12:00:00,80.0,81.10399
Peguera / Cala Fornells,2025-06-30 13:00:00,62.0,81.64214
Peguera / Cala Fornells,2025-06-30 14:00:00,37.0,75.26887
Peguera / Cala Fornells,2025-06-30 15:00:00,22.0,51.273975
Peguera / Cala Fornells,2025-06-30 17:00:00,51.0,38.876644
Peguera / Cala Fornells,2025-06-30 18:00:00,34.0,34.014862
Peguera / Cala Fornells,2025-06-30 19:00:00,52.0,49.49845
Peguera / Cala Fornells,2025-06-30 20:00:00,60.0,60.80471
Peguera / Cala Fornells,2025-07-01 08:00:00,56.0,68.62334
Peguera / Cala Fornells,2025-07-01 09:00:00,42.0,76.485054
Peguera / Cala Fornells,2025-07-01 10:00:00,54.0,68.39179
Peguera / Cala Fornells,2025-07-01 11:00:00,78.0,68.011665
Peguera / Cala Fornells,2025-07-01 12:00:00,75.0,70.91448
Peguera / Cala Fornells,2025-07-01 13:00:00,84.0,75.19795
Peguera / Cala Fornells,2025-07-01 14:00:00,66.0,85.984566
Peguera / Cala Fornells,2025-07-01 15:00:00,22.0,75.55053
Peguera / Cala Fornells,2025-07-01 16:00:00,17.0,46.377266
Peguera / Cala Fornells,2025-07-01 17:00:00,52.0,37.916157
Peguera / Cala Fornells,2025-07-01 18:00:00,36.0,35.793133
Peguera / Cala Fornells,2025-07-01 19:00:00,172.0,49.512352
Peguera / Cala Fornells,2025-07-01 20:00:00,121.0,59.71631
Peguera / Cala Fornells,2025-07-02 08:00:00,53.0,67.42248
Peguera / Cala Fornells,2025-07-02 09:00:00,78.0,78.33485
Peguera / Cala Fornells,2025-07-02 10:00:00,84.0,106.599655
Peguera / Cala Fornells,2025-07-02 11:00:00,83.0,122.52759
Peguera / Cala Fornells,2025-07-02 12:00:00,63.0,122.22378
Peguera / Cala Fornells,2025-07-02 13:00:00,17.0,114.25637
Peguera / Cala Fornells,2025-07-02 14:00:00,20.0,66.39416
Peguera / Cala Fornells,2025-07-02 15:00:00,4.0,40.522266
Peguera / Cala Fornells,2025-07-02 16:00:00,118.0,25.99628
Peguera / Cala Fornells,2025-07-02 17:00:00,35.0,33.860397
Peguera / Cala Fornells,2025-07-02 18:00:00,135.0,52.31718
Peguera / Cala Fornells,2025-07-02 19:00:00,129.0,72.26521
Peguera / Cala Fornells,2025-07-02 20:00:00,47.0,108.03603
Peguera / Cala Fornells,2025-07-03 08:00:00,14.0,105.79124
Peguera / Cala Fornells,2025-07-03 09:00:00,27.0,114.08941
Peguera / Cala Fornells,2025-07-03 10:00:00,31.0,109.623695
Peguera / Cala Fornells,2025-07-03 11:00:00,42.0,122.931305
Peguera / Cala Fornells,2025-07-03 12:00:00,26.0,132.16978
Peguera / Cala Fornells,2025-07-03 13:00:00,26.0,114.39035
Peguera / Cala Fornells,2025-07-03 14:00:00,21.0,68.57127
Peguera / Cala Fornells,2025-07-03 15:00:00,4.0,44.69031
Peguera / Cala Fornells,2025-07-03 16:00:00,442.0,36.23458
Peguera / Cala Fornells,2025-07-03 17:00:00,305.0,43.584267
Peguera / Cala Fornells,2025-07-03 18:00:00,162.0,50.50863
Peguera / Cala Fornells,2025-07-03 19:00:00,81.0,62.999363
Peguera / Cala Fornells,2025-07-03 20:00:00,74.0,105.52053
Peguera / Cala Fornells,2025-07-04 08:00:00,56.0,118.83249
Peguera / Cala Fornells,2025-07-04 09:00:00,104.0,129.68709
Peguera / Cala Fornells,2025-07-04 10:00:00,97.0,147.54466
Peguera / Cala Fornells,2025-07-04 11:00:00,64.0,154.16684
Peguera / Cala Fornells,2025-07-04 12:00:00,62.0,156.672
Peguera / Cala Fornells,2025-07-04 13:00:00,37.0,137.77943
Peguera / Cala Fornells,2025-07-04 14:00:00,12.0,80.770905
Peguera / Cala Fornells,2025-07-04 15:00:00,4.0,55.29626
Peguera / Cala Fornells,2025-07-04 16:00:00,55.0,33.07261
Peguera / Cala Fornells,2025-07-04 17:00:00,34.0,49.501526
Peguera / Cala Fornells,2025-07-04 18:00:00,76.0,57.23916
Peguera / Cala Fornells,2025-07-04 19:00:00,62.0,85.81509
Peguera / Cala Fornells,2025-07-04 20:00:00,59.0,121.892746
Peguera / Cala Fornells,2025-07-05 08:00:00,38.0,123.71944
Peguera / Cala Fornells,2025-07-05 09:00:00,68.0,107.746025
Peguera / Cala Fornells,2025-07-05 10:00:00,57.0,104.52224
Peguera / Cala Fornells,2025-07-05 11:00:00,40.0,112.16993
Peguera / Cala Fornells,2025-07-05 12:00:00,32.0,123.23134
Peguera / Cala Fornells,2025-07-05 13:00:00,20.0,118.3827
Peguera / Cala Fornells,2025-07-05 14:00:00,21.0,61.777466
Peguera / Cala Fornells,2025-07-05 15:00:00,4.0,38.050488
Peguera / Cala Fornells,2025-07-05 16:00:00,64.0,32.493267
Peguera / Cala Fornells,2025-07-05 17:00:00,107.0,44.84007
Peguera / Cala Fornells,2025-07-05 18:00:00,63.0,48.97298
Peguera / Cala Fornells,2025-07-05 19:00:00,71.0,66.08733
Peguera / Cala Fornells,2025-07-05 20:00:00,73.0,100.80597
Peguera / Cala Fornells,2025-07-06 08:00:00,73.0,109.573105
Peguera / Cala Fornells,2025-07-06 09:00:00,94.0,103.9818
Peguera / Cala Fornells,2025-07-06 10:00:00,80.0,104.50478
Peguera / Cala Fornells,2025-07-06 11:00:00,63.0,113.83354
Peguera / Cala Fornells,2025-07-06 12:00:00,47.0,124.85901
Peguera / Cala Fornells,2025-07-06 13:00:00,45.0,116.11028
Peguera / Cala Fornells,2025-07-06 14:00:00,16.0,61.302326
Peguera / Cala Fornells,2025-07-06 15:00:00,5.0,40.332436
Peguera / Cala Fornells,2025-07-06 16:00:00,338.0,33.20331
Peguera / Cala Fornells,2025-07-06 17:00:00,165.0,46.63254
Peguera / Cala Fornells,2025-07-06 18:00:00,66.0,51.66276
Peguera / Cala Fornells,2025-07-06 19:00:00,74.0,68.26553
Peguera / Cala Fornells,2025-07-06 20:00:00,52.0,98.56053
Peguera / Cala Fornells,2025-07-07 08:00:00,50.0,69.41192
Peguera / Cala Fornells,2025-07-07 09:00:00,61.0,78.511055
Peguera / Cala Fornells,2025-07-07 10:00:00,66.0,71.23888
Peguera / Cala Fornells,2025-07-07 11:00:00,82.0,75.954445
Peguera / Cala Fornells,2025-07-07 12:00:00,61.0,77.94926
Peguera / Cala Fornells,2025-07-07 13:00:00,32.0,70.816025
Peguera / Cala Fornells,2025-07-07 14:00:00,14.0,51.10493
Peguera / Cala Fornells,2025-07-07 15:00:00,4.0,39.24194
Peguera / Cala Fornells,2025-07-07 16:00:00,130.0,35.904743
Peguera / Cala Fornells,2025-07-07 17:00:00,85.0,50.629807
Peguera / Cala Fornells,2025-07-07 18:00:00,190.0,58.76532
Peguera / Cala Fornells,2025-07-07 19:00:00,52.0,69.16257
Peguera / Cala Fornells,2025-07-07 20:00:00,52.0,78.07016
Peguera / Cala Fornells,2025-07-08 08:00:00,69.0,69.97997
Peguera / Cala Fornells,2025-07-08 09:00:00,65.0,64.48525
Peguera / Cala Fornells,2025-07-08 10:00:00,98.0,62.30941
Peguera / Cala Fornells,2025-07-08 11:00:00,76.0,58.218636
Peguera / Cala Fornells,2025-07-08 12:00:00,64.0,39.09613
Peguera / Cala Fornells,2025-07-08 13:00:00,33.0,28.118145
Peguera / Cala Fornells,2025-07-08 14:00:00,15.0,23.598576
Peguera / Cala Fornells,2025-07-08 15:00:00,5.0,16.714445
Peguera / Cala Fornells,2025-07-08 16:00:00,133.0,21.33847
Peguera / Cala Fornells,2025-07-08 17:00:00,127.0,37.18962
Peguera / Cala Fornells,2025-07-08 18:00:00,145.0,41.465195
Peguera / Cala Fornells,2025-07-08 19:00:00,79.0,51.435833
Peguera / Cala Fornells,2025-07-08 20:00:00,46.0,45.360565
Peguera / Cala Fornells,2025-07-09 08:00:00,55.0,46.796337
Peguera / Cala Fornells,2025-07-09 09:00:00,64.0,68.834236
Peguera / Cala Fornells,2025-07-09 10:00:00,79.0,62.953648
Peguera / Cala Fornells,2025-07-09 11:00:00,62.0,68.19982
Peguera / Cala Fornells,2025-07-09 12:00:00,38.0,68.0482
Peguera / Cala Fornells,2025-07-09 13:00:00,22.0,54.30849
Peguera / Cala Fornells,2025-07-09 14:00:00,21.0,35.607998
Peguera / Cala Fornells,2025-07-09 15:00:00,4.0,31.4232
Peguera / Cala Fornells,2025-07-09 16:00:00,225.0,35.04407
Peguera / Cala Fornells,2025-07-09 17:00:00,68.0,47.557247
Peguera / Cala Fornells,2025-07-09 18:00:00,94.0,54.312958
Peguera / Cala Fornells,2025-07-09 19:00:00,77.0,74.942856
Peguera / Cala Fornells,2025-07-09 20:00:00,71.0,80.21325
Peguera / Cala Fornells,2025-07-10 08:00:00,79.0,58.974945
Peguera / Cala Fornells,2025-07-10 09:00:00,83.0,63.35535
Peguera / Cala Fornells,2025-07-10 10:00:00,68.0,59.650436
Peguera / Cala Fornells,2025-07-10 11:00:00,65.0,63.610664
Peguera / Cala Fornells,2025-07-10 12:00:00,60.0,62.136784
Peguera / Cala Fornells,2025-07-10 13:00:00,21.0,48.48458
Peguera / Cala Fornells,2025-07-10 14:00:00,26.0,36.39397
Peguera / Cala Fornells,2025-07-10 15:00:00,4.0,34.07166
Peguera / Cala Fornells,2025-07-10 16:00:00,131.0,37.919083
Peguera / Cala Fornells,2025-07-10 17:00:00,222.0,47.12704
Peguera / Cala Fornells,2025-07-10 18:00:00,195.0,57.041245
Peguera / Cala Fornells,2025-07-10 19:00:00,84.0,74.25958
Peguera / Cala Fornells,2025-07-10 20:00:00,66.0,76.37366
Peguera / Cala Fornells,2025-07-11 08:00:00,78.0,69.037186
Peguera / Cala Fornells,2025-07-11 09:00:00,94.0,73.73729
Peguera / Cala Fornells,2025-07-11 10:00:00,77.0,78.51161
Peguera / Cala Fornells,2025-07-11 11:00:00,76.0,82.81592
Peguera / Cala Fornells,2025-07-11 12:00:00,29.0,86.817215
Peguera / Cala Fornells,2025-07-11 15:00:00,18.0,81.570244
Peguera / Cala Fornells,2025-07-11 16:00:00,18.0,55.677414
Peguera / Cala Fornells,2025-07-11 17:00:00,4.0,46.279045
Peguera / Cala Fornells,2025-07-11 18:00:00,438.0,33.29511
Peguera / Cala Fornells,2025-07-11 19:00:00,317.0,42.303787
Peguera / Cala Fornells,2025-07-11 20:00:00,208.0,57.95639
Peguera / Cala Fornells,2025-07-12 08:00:00,68.0,70.389496
Peguera / Cala Fornells,2025-07-12 09:00:00,81.0,51.479805
Peguera / Cala Fornells,2025-07-12 10:00:00,88.0,69.84977
Peguera / Cala Fornells,2025-07-12 11:00:00,100.0,59.68842
Peguera / Cala Fornells,2025-07-12 12:00:00,110.0,56.131157
Peguera / Cala Fornells,2025-07-12 13:00:00,91.0,58.41469
Peguera / Cala Fornells,2025-07-12 14:00:00,71.0,51.53465
Peguera / Cala Fornells,2025-07-12 15:00:00,39.0,44.10583
Peguera / Cala Fornells,2025-07-12 16:00:00,45.0,35.59486
Peguera / Cala Fornells,2025-07-12 17:00:00,5.0,33.87565
Peguera / Cala Fornells,2025-07-12 18:00:00,406.0,28.447763
Peguera / Cala Fornells,2025-07-12 19:00:00,563.0,42.588684
Peguera / Cala Fornells,2025-07-12 20:00:00,190.0,54.032574
Peguera / Cala Fornells,2025-07-13 08:00:00,166.0,57.96233
Peguera / Cala Fornells,2025-07-13 09:00:00,119.0,75.65276
Peguera / Cala Fornells,2025-07-13 10:00:00,103.0,79.31346
Peguera / Cala Fornells,2025-07-13 11:00:00,114.0,101.16214
Peguera / Cala Fornells,2025-07-13 12:00:00,103.0,100.48707
Peguera / Cala Fornells,2025-07-13 13:00:00,73.0,117.78981
Peguera / Cala Fornells,2025-07-13 14:00:00,67.0,122.09682
Peguera / Cala Fornells,2025-07-13 15:00:00,39.0,110.52194
Peguera / Cala Fornells,2025-07-13 16:00:00,52.0,65.40919
Peguera / Cala Fornells,2025-07-13 17:00:00,5.0,47.680367
Peguera / Cala Fornells,2025-07-13 18:00:00,157.0,34.801056
Peguera / Cala Fornells,2025-07-13 19:00:00,180.0,49.582115
Peguera / Cala Fornells,2025-07-13 20:00:00,159.0,57.054977
Peguera / Cala Fornells,2025-07-14 08:00:00,99.0,61.28877
Peguera / Cala Fornells,2025-07-14 09:00:00,64.0,72.10307
Peguera / Cala Fornells,2025-07-14 10:00:00,85.0,84.37355
Peguera / Cala Fornells,2025-07-14 11:00:00,104.0,78.27105
Peguera / Cala Fornells,2025-07-14 12:00:00,94.0,80.0041
Peguera / Cala Fornells,2025-07-14 13:00:00,85.0,90.8277
Peguera / Cala Fornells,2025-07-14 14:00:00,77.0,91.32678
Peguera / Cala Fornells,2025-07-14 15:00:00,41.0,78.81553
Peguera / Cala Fornells,2025-07-14 16:00:00,46.0,44.72178
Peguera / Cala Fornells,2025-07-14 17:00:00,5.0,41.232662
Peguera / Cala Fornells,2025-07-14 18:00:00,284.0,30.747206
Peguera / Cala Fornells,2025-07-14 19:00:00,603.0,29.432487
Peguera / Cala Fornells,2025-07-14 20:00:00,43.0,43.19838
Peguera / Cala Fornells,2025-07-15 08:00:00,53.0,58.91365
Peguera / Cala Fornells,2025-07-15 09:00:00,16.0,57.978817
Peguera / Cala Fornells,2025-07-15 10:00:00,38.0,58.436165
Peguera / Cala Fornells,2025-07-15 11:00:00,22.0,69.53696
Peguera / Cala Fornells,2025-07-15 12:00:00,56.0,70.644516
Peguera / Cala Fornells,2025-07-15 13:00:00,55.0,81.77037
Peguera / Cala Fornells,2025-07-15 14:00:00,26.0,75.620705
Peguera / Cala Fornells,2025-07-15 15:00:00,27.0,59.43889
Peguera / Cala Fornells,2025-07-15 16:00:00,37.0,32.573166
Peguera / Cala Fornells,2025-07-15 17:00:00,6.0,33.287964
Peguera / Cala Fornells,2025-07-15 18:00:00,21.0,26.680862
Peguera / Cala Fornells,2025-07-15 19:00:00,36.0,39.376495
Peguera / Cala Fornells,2025-07-15 20:00:00,72.0,45.869255
Peguera / Cala Fornells,2025-07-16 08:00:00,34.0,52.157967
Peguera / Cala Fornells,2025-07-16 09:00:00,76.0,65.27577
Peguera / Cala Fornells,2025-07-16 10:00:00,65.0,63.7377
Peguera / Cala Fornells,2025-07-16 11:00:00,55.0,64.804344
Peguera / Cala Fornells,2025-07-16 12:00:00,63.0,62.482437
Peguera / Cala Fornells,2025-07-16 13:00:00,91.0,64.52547
Peguera / Cala Fornells,2025-07-16 14:00:00,47.0,64.46464
Peguera / Cala Fornells,2025-07-16 15:00:00,42.0,55.42968
Peguera / Cala Fornells,2025-07-16 16:00:00,44.0,34.055504
Peguera / Cala Fornells,2025-07-16 17:00:00,5.0,28.710104
Peguera / Cala Fornells,2025-07-16 18:00:00,72.0,32.759865
Peguera / Cala Fornells,2025-07-16 19:00:00,447.0,41.287556
Peguera / Cala Fornells,2025-07-16 20:00:00,211.0,58.911774
Peguera / Cala Fornells,2025-07-17 08:00:00,172.0,69.67345
Peguera / Cala Fornells,2025-07-17 09:00:00,104.0,59.55345
Peguera / Cala Fornells,2025-07-17 10:00:00,108.0,59.764183
Peguera / Cala Fornells,2025-07-17 11:00:00,127.0,67.43516
Peguera / Cala Fornells,2025-07-17 12:00:00,116.0,66.6094
Peguera / Cala Fornells,2025-07-17 13:00:00,115.0,74.08185
Peguera / Cala Fornells,2025-07-17 14:00:00,77.0,86.591995
Peguera / Cala Fornells,2025-07-17 15:00:00,47.0,77.33699
Peguera / Cala Fornells,2025-07-17 16:00:00,28.0,46.699223
Peguera / Cala Fornells,2025-07-17 17:00:00,5.0,40.593975
Peguera / Cala Fornells,2025-07-17 18:00:00,111.0,35.02729
Peguera / Cala Fornells,2025-07-17 19:00:00,135.0,48.97467
Peguera / Cala Fornells,2025-07-17 20:00:00,203.0,60.84489
Peguera / Cala Fornells,2025-07-18 08:00:00,130.0,72.8455
Peguera / Cala Fornells,2025-07-18 09:00:00,92.0,77.66083
Peguera / Cala Fornells,2025-07-18 10:00:00,116.0,78.14633
Peguera / Cala Fornells,2025-07-18 11:00:00,113.0,82.23352
Peguera / Cala Fornells,2025-07-18 12:00:00,72.0,76.451614
Peguera / Cala Fornells,2025-07-18 13:00:00,73.0,80.961075
Peguera / Cala Fornells,2025-07-18 14:00:00,79.0,88.0596
Peguera / Cala Fornells,2025-07-18 15:00:00,48.0,79.566
Peguera / Cala Fornells,2025-07-18 16:00:00,38.0,48.717674
Peguera / Cala Fornells,2025-07-18 17:00:00,7.0,43.123608
Peguera / Cala Fornells,2025-07-18 18:00:00,117.0,33.203987
Peguera / Cala Fornells,2025-07-18 19:00:00,166.0,43.91147
Peguera / Cala Fornells,2025-07-18 20:00:00,61.0,56.184998
Peguera / Cala Fornells,2025-07-19 08:00:00,61.0,69.05918
Peguera / Cala Fornells,2025-07-19 09:00:00,61.0,69.01668
Peguera / Cala Fornells,2025-07-19 10:00:00,68.0,68.22601
Peguera / Cala Fornells,2025-07-19 11:00:00,36.0,81.10569
Peguera / Cala Fornells,2025-07-19 12:00:00,39.0,78.69853
Peguera / Cala Fornells,2025-07-19 13:00:00,63.0,81.64224
Peguera / Cala Fornells,2025-07-19 14:00:00,51.0,82.403305
Peguera / Cala Fornells,2025-07-19 15:00:00,42.0,71.78431
Peguera / Cala Fornells,2025-07-19 16:00:00,37.0,40.80046
Peguera / Cala Fornells,2025-07-19 17:00:00,5.0,34.005684
Peguera / Cala Fornells,2025-07-19 18:00:00,95.0,28.604225
Peguera / Cala Fornells,2025-07-19 19:00:00,34.0,25.652895
Peguera / Cala Fornells,2025-07-19 20:00:00,57.0,45.52153
Peguera / Cala Fornells,2025-07-20 08:00:00,71.0,36.39456
Peguera / Cala Fornells,2025-07-20 09:00:00,62.0,61.81662
Peguera / Cala Fornells,2025-07-20 10:00:00,47.0,66.53616
Peguera / Cala Fornells,2025-07-20 11:00:00,104.0,65.39503
Peguera / Cala Fornells,2025-07-20 12:00:00,90.0,70.63278
Peguera / Cala Fornells,2025-07-20 13:00:00,43.0,84.19919
Peguera / Cala Fornells,2025-07-20 14:00:00,59.0,85.411896
Peguera / Cala Fornells,2025-07-20 15:00:00,42.0,79.77942
Peguera / Cala Fornells,2025-07-20 16:00:00,33.0,47.060104
Peguera / Cala Fornells,2025-07-20 17:00:00,7.0,33.071278
Peguera / Cala Fornells,2025-07-20 18:00:00,71.0,24.434744
Peguera / Cala Fornells,2025-07-20 19:00:00,59.0,28.596777
Peguera / Cala Fornells,2025-07-20 20:00:00,107.0,44.012547
Peguera / Cala Fornells,2025-07-21 08:00:00,101.0,59.494354
Peguera / Cala Fornells,2025-07-21 09:00:00,106.0,73.98071
Peguera / Cala Fornells,2025-07-21 10:00:00,107.0,112.4248
Peguera / Cala Fornells,2025-07-21 11:00:00,113.0,113.06513
Peguera / Cala Fornells,2025-07-21 12:00:00,81.0,111.60915
Peguera / Cala Fornells,2025-07-21 13:00:00,89.0,117.64252
Peguera / Cala Fornells,2025-07-21 14:00:00,56.0,123.14529
Peguera / Cala Fornells,2025-07-21 15:00:00,36.0,112.95911
Peguera / Cala Fornells,2025-07-21 16:00:00,5.0,62.91402
Peguera / Cala Fornells,2025-07-21 17:00:00,5.0,44.50382
Peguera / Cala Fornells,2025-07-21 18:00:00,198.0,31.919054
Peguera / Cala Fornells,2025-07-21 19:00:00,128.0,40.42344
Peguera / Cala Fornells,2025-07-21 20:00:00,155.0,52.16107
Peguera / Cala Fornells,2025-07-22 08:00:00,91.0,76.681274
Peguera / Cala Fornells,2025-07-22 09:00:00,78.0,110.79869
Peguera / Cala Fornells,2025-07-22 10:00:00,109.0,184.06134
Peguera / Cala Fornells,2025-07-22 11:00:00,121.0,173.09222
Peguera / Cala Fornells,2025-07-22 12:00:00,162.0,164.87212
Peguera / Cala Fornells,2025-07-22 13:00:00,84.0,171.6765
Peguera / Cala Fornells,2025-07-22 14:00:00,47.0,157.53247
Peguera / Cala Fornells,2025-07-22 15:00:00,28.0,149.01897
Peguera / Cala Fornells,2025-07-22 16:00:00,5.0,97.18788
Peguera / Cala Fornells,2025-07-22 17:00:00,5.0,79.563835
Peguera / Cala Fornells,2025-07-22 18:00:00,107.0,31.77331
Peguera / Cala Fornells,2025-07-22 19:00:00,176.0,37.80642
Peguera / Cala Fornells,2025-07-22 20:00:00,136.0,69.53571
Peguera / Cala Fornells,2025-07-23 08:00:00,97.0,115.8882
Peguera / Cala Fornells,2025-07-23 09:00:00,84.0,128.18037
Peguera / Cala Fornells,2025-07-23 10:00:00,123.0,137.32425
Peguera / Cala Fornells,2025-07-23 11:00:00,91.0,136.03911
Peguera / Cala Fornells,2025-07-23 12:00:00,91.0,133.05447
Peguera / Cala Fornells,2025-07-23 13:00:00,83.0,148.95795
Peguera / Cala Fornells,2025-07-23 14:00:00,54.0,155.17604
Peguera / Cala Fornells,2025-07-23 15:00:00,37.0,131.77275
Peguera / Cala Fornells,2025-07-23 16:00:00,5.0,85.83971
Peguera / Cala Fornells,2025-07-23 17:00:00,5.0,62.56795
Peguera / Cala Fornells,2025-07-23 18:00:00,156.0,18.148106
Peguera / Cala Fornells,2025-07-23 19:00:00,167.0,46.577766
Peguera / Cala Fornells,2025-07-23 20:00:00,114.0,61.68501
Peguera / Cala Fornells,2025-07-24 08:00:00,85.0,71.24286
Peguera / Cala Fornells,2025-07-24 09:00:00,113.0,141.28638
Peguera / Cala Fornells,2025-07-24 10:00:00,111.0,165.94852
Peguera / Cala Fornells,2025-07-24 11:00:00,127.0,148.33258
Peguera / Cala Fornells,2025-07-24 12:00:00,106.0,146.67566
Peguera / Cala Fornells,2025-07-24 13:00:00,81.0,157.01819
Peguera / Cala Fornells,2025-07-24 14:00:00,75.0,161.56067
Peguera / Cala Fornells,2025-07-24 15:00:00,56.0,147.12811
Peguera / Cala Fornells,2025-07-24 16:00:00,5.0,84.96304
Peguera / Cala Fornells,2025-07-24 17:00:00,6.0,60.847958
Peguera / Cala Fornells,2025-07-24 18:00:00,203.0,34.31258
Peguera / Cala Fornells,2025-07-24 19:00:00,247.0,60.32837
Peguera / Cala Fornells,2025-07-24 20:00:00,74.0,59.660328
Peguera / Cala Fornells,2025-07-25 08:00:00,88.0,71.997505
Peguera / Cala Fornells,2025-07-25 09:00:00,95.0,99.9286
Peguera / Cala Fornells,2025-07-25 10:00:00,128.0,103.823494
Peguera / Cala Fornells,2025-07-25 11:00:00,124.0,118.245186
Peguera / Cala Fornells,2025-07-25 12:00:00,116.0,117.02482
Peguera / Cala Fornells,2025-07-25 13:00:00,81.0,129.61743
Peguera / Cala Fornells,2025-07-25 14:00:00,58.0,134.92918
Peguera / Cala Fornells,2025-07-25 15:00:00,43.0,118.176926
Peguera / Cala Fornells,2025-07-25 16:00:00,5.0,55.848446
Peguera / Cala Fornells,2025-07-25 17:00:00,5.0,43.351727
Peguera / Cala Fornells,2025-07-25 18:00:00,183.0,33.84227
Peguera / Cala Fornells,2025-07-25 19:00:00,162.0,41.524323
Peguera / Cala Fornells,2025-07-25 20:00:00,108.0,54.302216
Peguera / Cala Fornells,2025-07-26 08:00:00,92.0,70.83925
Peguera / Cala Fornells,2025-07-26 09:00:00,135.0,67.32886
Peguera / Cala Fornells,2025-07-26 10:00:00,117.0,110.02074
Peguera / Cala Fornells,2025-07-26 11:00:00,116.0,110.55325
Peguera / Cala Fornells,2025-07-26 12:00:00,107.0,110.907845
Peguera / Cala Fornells,2025-07-26 13:00:00,52.0,117.68775
Peguera / Cala Fornells,2025-07-26 14:00:00,54.0,120.3936
Peguera / Cala Fornells,2025-07-26 15:00:00,22.0,110.75961
Peguera / Cala Fornells,2025-07-26 16:00:00,5.0,60.383316
Peguera / Cala Fornells,2025-07-26 17:00:00,5.0,48.841095
Peguera / Cala Fornells,2025-07-26 18:00:00,116.0,29.142736
Peguera / Cala Fornells,2025-07-26 19:00:00,92.0,43.05121
Peguera / Cala Fornells,2025-07-26 20:00:00,72.0,61.854313
Peguera / Cala Fornells,2025-07-27 08:00:00,97.0,85.91669
Peguera / Cala Fornells,2025-07-27 09:00:00,100.0,78.112816
Peguera / Cala Fornells,2025-07-27 10:00:00,115.0,102.63394
Peguera / Cala Fornells,2025-07-27 11:00:00,119.0,104.30475
Peguera / Cala Fornells,2025-07-27 12:00:00,129.0,93.901184
Peguera / Cala Fornells,2025-07-27 13:00:00,87.0,108.12875
Peguera / Cala Fornells,2025-07-27 14:00:00,71.0,110.21101
Peguera / Cala Fornells,2025-07-27 15:00:00,43.0,98.66332
Peguera / Cala Fornells,2025-07-27 16:00:00,5.0,51.964233
Peguera / Cala Fornells,2025-07-27 17:00:00,6.0,39.716007
Peguera / Cala Fornells,2025-07-27 18:00:00,111.0,30.0003
Peguera / Cala Fornells,2025-07-27 19:00:00,122.0,44.94556
Peguera / Cala Fornells,2025-07-27 20:00:00,75.0,53.14087
Peguera / Cala Fornells,2025-07-28 08:00:00,80.0,68.72206
Peguera / Cala Fornells,2025-07-28 09:00:00,99.0,100.45091
Peguera / Cala Fornells,2025-07-28 10:00:00,93.0,103.37906
Peguera / Cala Fornells,2025-07-28 11:00:00,95.0,111.045784
Peguera / Cala Fornells,2025-07-28 12:00:00,99.0,113.41608
Peguera / Cala Fornells,2025-07-28 13:00:00,69.0,115.29227
Peguera / Cala Fornells,2025-07-28 14:00:00,65.0,112.20865
Peguera / Cala Fornells,2025-07-28 15:00:00,70.0,101.953354
Peguera / Cala Fornells,2025-07-28 16:00:00,5.0,53.94638
Peguera / Cala Fornells,2025-07-28 17:00:00,6.0,37.680763
Peguera / Cala Fornells,2025-07-28 18:00:00,308.0,33.615948
Peguera / Cala Fornells,2025-07-28 19:00:00,243.0,46.287663
Peguera / Cala Fornells,2025-07-28 20:00:00,104.0,54.289127
Peguera / Cala Fornells,2025-07-29 08:00:00,67.0,66.21561
Peguera / Cala Fornells,2025-07-29 09:00:00,86.0,99.04034
Peguera / Cala Fornells,2025-07-29 10:00:00,96.0,109.98151
Peguera / Cala Fornells,2025-07-29 11:00:00,120.0,79.55605
Peguera / Cala Fornells,2025-07-29 12:00:00,120.0,78.72111
Peguera / Cala Fornells,2025-07-29 13:00:00,58.0,86.50942
Peguera / Cala Fornells,2025-07-29 14:00:00,49.0,90.89116
Peguera / Cala Fornells,2025-07-29 15:00:00,44.0,76.83517
Peguera / Cala Fornells,2025-07-29 16:00:00,36.0,44.025234
Peguera / Cala Fornells,2025-07-29 17:00:00,29.0,40.30666
Peguera / Cala Fornells,2025-07-29 18:00:00,330.0,36.190987
Peguera / Cala Fornells,2025-07-29 19:00:00,170.0,48.960182
Peguera / Cala Fornells,2025-07-29 20:00:00,150.0,58.80655
Peguera / Cala Fornells,2025-07-30 08:00:00,94.0,67.29379
Peguera / Cala Fornells,2025-07-30 09:00:00,87.0,64.2988
Peguera / Cala Fornells,2025-07-30 10:00:00,97.0,63.294174
Peguera / Cala Fornells,2025-07-30 11:00:00,105.0,61.120106
Peguera / Cala Fornells,2025-07-30 12:00:00,94.0,62.59812
Peguera / Cala Fornells,2025-07-30 13:00:00,60.0,61.867065
Peguera / Cala Fornells,2025-07-30 14:00:00,41.0,65.448235
Peguera / Cala Fornells,2025-07-30 15:00:00,64.0,53.82085
Peguera / Cala Fornells,2025-07-30 16:00:00,47.0,32.23086
Peguera / Cala Fornells,2025-07-30 17:00:00,60.0,38.708458
Peguera / Cala Fornells,2025-07-30 18:00:00,70.0,30.77899
Peguera / Cala Fornells,2025-07-30 19:00:00,150.0,41.767937
Peguera / Cala Fornells,2025-07-30 20:00:00,136.0,56.818653
Peguera / Cala Fornells,2025-07-31 08:00:00,127.0,63.969776
Peguera / Cala Fornells,2025-07-31 09:00:00,104.0,61.68332
Peguera / Cala Fornells,2025-07-31 10:00:00,123.0,61.576176
Peguera / Cala Fornells,2025-07-31 11:00:00,88.0,73.85729
Peguera / Cala Fornells,2025-07-31 12:00:00,72.0,73.10971
Peguera / Cala Fornells,2025-07-31 13:00:00,98.0,79.26395
Peguera / Cala Fornells,2025-07-31 14:00:00,66.0,85.62567
Peguera / Cala Fornells,2025-07-31 15:00:00,49.0,75.27414
Peguera / Cala Fornells,2025-07-31 16:00:00,28.0,42.702877
Peguera / Cala Fornells,2025-07-31 17:00:00,4.0,42.381668
Peguera / Cala Fornells,2025-07-31 18:00:00,110.0,29.510298
Peguera / Cala Fornells,2025-07-31 19:00:00,149.0,42.739918
Peguera / Cala Fornells,2025-07-31 20:00:00,106.0,61.364162
Peguera / Cala Fornells,2025-08-01 08:00:00,111.0,74.29518
Peguera / Cala Fornells,2025-08-01 09:00:00,110.0,68.710495
Peguera / Cala Fornells,2025-08-01 10:00:00,158.0,113.0993
Peguera / Cala Fornells,2025-08-01 11:00:00,130.0,120.73891
Peguera / Cala Fornells,2025-08-01 12:00:00,102.0,119.93423
Peguera / Cala Fornells,2025-08-01 13:00:00,99.0,128.36153
Peguera / Cala Fornells,2025-08-01 14:00:00,74.0,138.9786
Peguera / Cala Fornells,2025-08-01 15:00:00,44.0,117.942635
Peguera / Cala Fornells,2025-08-01 16:00:00,5.0,60.287514
Peguera / Cala Fornells,2025-08-01 17:00:00,5.0,47.083836
Peguera / Cala Fornells,2025-08-01 18:00:00,155.0,30.691597
Peguera / Cala Fornells,2025-08-01 19:00:00,130.0,42.37719
Peguera / Cala Fornells,2025-08-01 20:00:00,126.0,57.154423
Peguera / Cala Fornells,2025-08-02 08:00:00,99.0,70.09258
Peguera / Cala Fornells,2025-08-02 09:00:00,85.0,92.133575
Peguera / Cala Fornells,2025-08-02 10:00:00,146.0,102.8957
Peguera / Cala Fornells,2025-08-02 11:00:00,114.0,106.8396
Peguera / Cala Fornells,2025-08-02 12:00:00,107.0,102.01143
Peguera / Cala Fornells,2025-08-02 13:00:00,93.0,112.06274
Peguera / Cala Fornells,2025-08-02 14:00:00,74.0,119.51819
Peguera / Cala Fornells,2025-08-02 15:00:00,51.0,108.397285
Peguera / Cala Fornells,2025-08-02 16:00:00,5.0,50.885746
Peguera / Cala Fornells,2025-08-02 17:00:00,5.0,37.433784
Peguera / Cala Fornells,2025-08-02 18:00:00,170.0,29.911453
Peguera / Cala Fornells,2025-08-02 19:00:00,165.0,40.360443
Peguera / Cala Fornells,2025-08-02 20:00:00,95.0,56.959656
Peguera / Cala Fornells,2025-08-03 08:00:00,82.0,68.91882
Peguera / Cala Fornells,2025-08-03 09:00:00,78.0,94.36795
Peguera / Cala Fornells,2025-08-03 10:00:00,122.0,119.18028
Peguera / Cala Fornells,2025-08-03 11:00:00,121.0,103.38795
Peguera / Cala Fornells,2025-08-03 12:00:00,91.0,104.81409
Peguera / Cala Fornells,2025-08-03 13:00:00,92.0,112.4246
Peguera / Cala Fornells,2025-08-03 14:00:00,62.0,116.08193
Peguera / Cala Fornells,2025-08-03 15:00:00,44.0,105.16431
Peguera / Cala Fornells,2025-08-03 16:00:00,5.0,60.693367
Peguera / Cala Fornells,2025-08-03 17:00:00,5.0,44.77971
Peguera / Cala Fornells,2025-08-03 18:00:00,126.0,25.145615
Peguera / Cala Fornells,2025-08-03 19:00:00,96.0,47.10145
Peguera / Cala Fornells,2025-08-03 20:00:00,130.0,59.900906
Peguera / Cala Fornells,2025-08-04 08:00:00,79.0,68.84276
Peguera / Cala Fornells,2025-08-04 09:00:00,72.0,92.126785
Peguera / Cala Fornells,2025-08-04 10:00:00,93.0,97.717415
Peguera / Cala Fornells,2025-08-04 11:00:00,104.0,90.75866
Peguera / Cala Fornells,2025-08-04 12:00:00,95.0,94.517845
Peguera / Cala Fornells,2025-08-04 13:00:00,114.0,110.35563
Peguera / Cala Fornells,2025-08-04 14:00:00,69.0,119.70305
Peguera / Cala Fornells,2025-08-04 15:00:00,39.0,105.16668
Peguera / Cala Fornells,2025-08-04 16:00:00,5.0,51.63598
Peguera / Cala Fornells,2025-08-04 17:00:00,5.0,42.580215
Peguera / Cala Fornells,2025-08-04 18:00:00,55.0,29.27135
Peguera / Cala Fornells,2025-08-04 19:00:00,204.0,41.21277
Peguera / Cala Fornells,2025-08-04 20:00:00,125.0,55.95082
Peguera / Cala Fornells,2025-08-05 08:00:00,67.0,67.86338
Peguera / Cala Fornells,2025-08-05 09:00:00,115.0,89.033936
Peguera / Cala Fornells,2025-08-05 10:00:00,129.0,101.05187
Peguera / Cala Fornells,2025-08-05 11:00:00,112.0,93.16209
Peguera / Cala Fornells,2025-08-05 12:00:00,104.0,100.08892
Peguera / Cala Fornells,2025-08-05 13:00:00,98.0,109.82524
Peguera / Cala Fornells,2025-08-05 14:00:00,70.0,112.66345
Peguera / Cala Fornells,2025-08-05 15:00:00,48.0,102.46066
Peguera / Cala Fornells,2025-08-05 16:00:00,5.0,50.513832
Peguera / Cala Fornells,2025-08-05 17:00:00,5.0,41.314285
Peguera / Cala Fornells,2025-08-05 18:00:00,116.0,31.163605
Peguera / Cala Fornells,2025-08-05 19:00:00,368.0,43.203697
Peguera / Cala Fornells,2025-08-05 20:00:00,252.0,55.699272
Peguera / Cala Fornells,2025-08-06 08:00:00,67.0,67.857254
Peguera / Cala Fornells,2025-08-06 09:00:00,90.0,98.53799
Peguera / Cala Fornells,2025-08-06 10:00:00,124.0,107.31636
Peguera / Cala Fornells,2025-08-06 11:00:00,108.0,103.59394
Peguera / Cala Fornells,2025-08-06 12:00:00,80.0,106.74705
Peguera / Cala Fornells,2025-08-06 13:00:00,92.0,114.34691
Peguera / Cala Fornells,2025-08-06 14:00:00,46.0,116.28436
Peguera / Cala Fornells,2025-08-06 15:00:00,44.0,101.89763
Peguera / Cala Fornells,2025-08-06 16:00:00,5.0,49.700157
Peguera / Cala Fornells,2025-08-06 17:00:00,5.0,39.610832
Peguera / Cala Fornells,2025-08-06 18:00:00,98.0,31.020222
Peguera / Cala Fornells,2025-08-06 19:00:00,190.0,41.24036
Peguera / Cala Fornells,2025-08-06 20:00:00,217.0,59.3163
Peguera / Cala Fornells,2025-08-07 08:00:00,98.0,67.051025
Peguera / Cala Fornells,2025-08-07 09:00:00,111.0,107.07052
Peguera / Cala Fornells,2025-08-07 10:00:00,110.0,127.21524
Peguera / Cala Fornells,2025-08-07 11:00:00,74.0,124.631
Peguera / Cala Fornells,2025-08-07 12:00:00,77.0,125.42369
Peguera / Cala Fornells,2025-08-07 13:00:00,93.0,132.27786
Peguera / Cala Fornells,2025-08-07 14:00:00,74.0,133.21109
Peguera / Cala Fornells,2025-08-07 15:00:00,39.0,118.43226
Peguera / Cala Fornells,2025-08-07 16:00:00,5.0,59.38819
Peguera / Cala Fornells,2025-08-07 17:00:00,5.0,46.497135
Peguera / Cala Fornells,2025-08-07 18:00:00,340.0,33.618088
Peguera / Cala Fornells,2025-08-07 19:00:00,373.0,48.541035
Peguera / Cala Fornells,2025-08-07 20:00:00,131.0,60.90613
Peguera / Cala Fornells,2025-08-08 08:00:00,79.0,68.90934
Peguera / Cala Fornells,2025-08-08 09:00:00,71.0,109.779686
Peguera / Cala Fornells,2025-08-08 10:00:00,83.0,122.7959
Peguera / Cala Fornells,2025-08-08 11:00:00,66.0,135.5624
Peguera / Cala Fornells,2025-08-08 12:00:00,65.0,143.15266
Peguera / Cala Fornells,2025-08-08 13:00:00,77.0,148.66986
Peguera / Cala Fornells,2025-08-08 14:00:00,66.0,155.58023
Peguera / Cala Fornells,2025-08-08 15:00:00,39.0,140.6503
Peguera / Cala Fornells,2025-08-08 16:00:00,5.0,64.6071
Peguera / Cala Fornells,2025-08-08 17:00:00,5.0,48.78695
Peguera / Cala Fornells,2025-08-08 18:00:00,45.0,35.651333
Peguera / Cala Fornells,2025-08-08 19:00:00,102.0,51.135227
Peguera / Cala Fornells,2025-08-08 20:00:00,76.0,60.979248
Peguera / Cala Fornells,2025-08-09 08:00:00,92.0,66.78481
Peguera / Cala Fornells,2025-08-09 09:00:00,77.0,105.54132
Peguera / Cala Fornells,2025-08-09 10:00:00,85.0,112.6346
Peguera / Cala Fornells,2025-08-09 11:00:00,74.0,110.4209
Peguera / Cala Fornells,2025-08-09 12:00:00,67.0,113.79257
Peguera / Cala Fornells,2025-08-09 13:00:00,73.0,124.16223
Peguera / Cala Fornells,2025-08-09 14:00:00,81.0,122.70457
Peguera / Cala Fornells,2025-08-09 15:00:00,47.0,108.77634
Peguera / Cala Fornells,2025-08-09 16:00:00,5.0,48.118084
Peguera / Cala Fornells,2025-08-09 17:00:00,5.0,38.35521
Peguera / Cala Fornells,2025-08-09 18:00:00,69.0,25.550741
Peguera / Cala Fornells,2025-08-09 19:00:00,69.0,28.417744
Peguera / Cala Fornells,2025-08-09 20:00:00,18.0,32.2163
Peguera / Cala Fornells,2025-08-10 08:00:00,37.0,49.414707
Peguera / Cala Fornells,2025-08-10 09:00:00,32.0,88.02278
Peguera / Cala Fornells,2025-08-10 10:00:00,54.0,99.37478
Peguera / Cala Fornells,2025-08-10 11:00:00,55.0,104.21453
Peguera / Cala Fornells,2025-08-10 12:00:00,84.0,103.65832
Peguera / Cala Fornells,2025-08-10 13:00:00,61.0,110.11849
Peguera / Cala Fornells,2025-08-10 14:00:00,61.0,111.4007
Peguera / Cala Fornells,2025-08-10 15:00:00,31.0,105.23933
Peguera / Cala Fornells,2025-08-10 16:00:00,5.0,44.84246
Peguera / Cala Fornells,2025-08-10 17:00:00,5.0,40.67014
Peguera / Cala Fornells,2025-08-10 18:00:00,97.0,26.261711
Peguera / Cala Fornells,2025-08-10 19:00:00,320.0,34.730988
Peguera / Cala Fornells,2025-08-10 20:00:00,89.0,47.23027
Peguera / Cala Fornells,2025-08-11 08:00:00,59.0,61.937374
Peguera / Cala Fornells,2025-08-11 09:00:00,36.0,93.51638
Peguera / Cala Fornells,2025-08-11 10:00:00,47.0,93.66579
Peguera / Cala Fornells,2025-08-11 11:00:00,61.0,93.23358
Peguera / Cala Fornells,2025-08-11 12:00:00,93.0,87.64941
Peguera / Cala Fornells,2025-08-11 13:00:00,66.0,103.088905
Peguera / Cala Fornells,2025-08-11 14:00:00,71.0,107.848854
Peguera / Cala Fornells,2025-08-11 15:00:00,39.0,91.78503
Peguera / Cala Fornells,2025-08-11 16:00:00,4.0,43.189045
Peguera / Cala Fornells,2025-08-11 17:00:00,4.0,39.853764
Peguera / Cala Fornells,2025-08-11 18:00:00,350.0,28.489237
Peguera / Cala Fornells,2025-08-11 19:00:00,403.0,34.071644
Peguera / Cala Fornells,2025-08-11 20:00:00,168.0,44.342133
Peguera / Cala Fornells,2025-08-12 08:00:00,87.0,59.359207
Peguera / Cala Fornells,2025-08-12 09:00:00,59.0,83.6652
Peguera / Cala Fornells,2025-08-12 10:00:00,82.0,92.33248
Peguera / Cala Fornells,2025-08-12 11:00:00,65.0,84.57635
Peguera / Cala Fornells,2025-08-12 12:00:00,102.0,85.636894
Peguera / Cala Fornells,2025-08-12 13:00:00,118.0,104.18884
Peguera / Cala Fornells,2025-08-12 14:00:00,60.0,100.27554
Peguera / Cala Fornells,2025-08-12 15:00:00,54.0,85.024895
Peguera / Cala Fornells,2025-08-12 16:00:00,5.0,43.145477
Peguera / Cala Fornells,2025-08-12 17:00:00,5.0,37.596497
Peguera / Cala Fornells,2025-08-12 18:00:00,82.0,26.093283
Peguera / Cala Fornells,2025-08-12 19:00:00,184.0,32.89094
Peguera / Cala Fornells,2025-08-12 20:00:00,104.0,46.490353
Peguera / Cala Fornells,2025-08-13 08:00:00,78.0,61.060413
Peguera / Cala Fornells,2025-08-13 09:00:00,86.0,78.18602
Peguera / Cala Fornells,2025-08-13 10:00:00,120.0,90.12012
Peguera / Cala Fornells,2025-08-13 11:00:00,87.0,86.069435
Peguera / Cala Fornells,2025-08-13 12:00:00,73.0,89.85148
Peguera / Cala Fornells,2025-08-13 13:00:00,121.0,110.21488
Peguera / Cala Fornells,2025-08-13 14:00:00,87.0,116.63846
Peguera / Cala Fornells,2025-08-13 15:00:00,54.0,89.9839
Peguera / Cala Fornells,2025-08-13 16:00:00,51.0,42.448006
Peguera / Cala Fornells,2025-08-13 17:00:00,5.0,35.121754
Peguera / Cala Fornells,2025-08-13 18:00:00,58.0,26.904268
Peguera / Cala Fornells,2025-08-13 19:00:00,414.0,32.435226
Peguera / Cala Fornells,2025-08-13 20:00:00,114.0,52.073044
Peguera / Cala Fornells,2025-08-14 08:00:00,64.0,66.62842
Peguera / Cala Fornells,2025-08-14 09:00:00,102.0,94.735054
Peguera / Cala Fornells,2025-08-14 10:00:00,79.0,106.740326
Peguera / Cala Fornells,2025-08-14 11:00:00,91.0,110.45826
Peguera / Cala Fornells,2025-08-14 12:00:00,64.0,113.49381
Peguera / Cala Fornells,2025-08-14 13:00:00,83.0,122.62843
Peguera / Cala Fornells,2025-08-14 14:00:00,57.0,125.48235
Peguera / Cala Fornells,2025-08-14 15:00:00,30.0,105.5553
Peguera / Cala Fornells,2025-08-14 16:00:00,5.0,47.91693
Peguera / Cala Fornells,2025-08-14 17:00:00,5.0,38.93045
Peguera / Cala Fornells,2025-08-14 18:00:00,144.0,27.998606
Peguera / Cala Fornells,2025-08-14 19:00:00,70.0,42.076694
Peguera / Cala Fornells,2025-08-14 20:00:00,189.0,52.965603
Peguera / Cala Fornells,2025-08-15 08:00:00,81.0,73.815094
Peguera / Cala Fornells,2025-08-15 09:00:00,108.0,118.38245
Peguera / Cala Fornells,2025-08-15 10:00:00,77.0,142.17403
Peguera / Cala Fornells,2025-08-15 11:00:00,100.0,148.12138
Peguera / Cala Fornells,2025-08-15 12:00:00,96.0,140.97794
Peguera / Cala Fornells,2025-08-15 13:00:00,68.0,148.9649
Peguera / Cala Fornells,2025-08-15 14:00:00,57.0,152.1128
Peguera / Cala Fornells,2025-08-15 15:00:00,52.0,124.56506
Peguera / Cala Fornells,2025-08-15 16:00:00,5.0,54.961113
Peguera / Cala Fornells,2025-08-15 17:00:00,5.0,50.38288
Peguera / Cala Fornells,2025-08-15 18:00:00,38.0,27.854677
Peguera / Cala Fornells,2025-08-15 19:00:00,49.0,42.03627
Peguera / Cala Fornells,2025-08-15 20:00:00,60.0,52.056374
Peguera / Cala Fornells,2025-08-16 08:00:00,69.0,68.64117
Peguera / Cala Fornells,2025-08-16 09:00:00,45.0,101.26392
Peguera / Cala Fornells,2025-08-16 10:00:00,56.0,107.00768
Peguera / Cala Fornells,2025-08-16 11:00:00,70.0,107.283676
Peguera / Cala Fornells,2025-08-16 12:00:00,84.0,116.42491
Peguera / Cala Fornells,2025-08-16 13:00:00,77.0,122.51963
Peguera / Cala Fornells,2025-08-16 14:00:00,57.0,122.96091
Peguera / Cala Fornells,2025-08-16 15:00:00,56.0,101.346825
Peguera / Cala Fornells,2025-08-16 16:00:00,5.0,41.322414
Peguera / Cala Fornells,2025-08-16 17:00:00,5.0,41.462685
Peguera / Cala Fornells,2025-08-16 18:00:00,36.0,28.481358
Peguera / Cala Fornells,2025-08-16 19:00:00,149.0,40.18038
Peguera / Cala Fornells,2025-08-16 20:00:00,124.0,51.647972
Peguera / Cala Fornells,2025-08-17 08:00:00,75.0,65.39066
Peguera / Cala Fornells,2025-08-17 09:00:00,92.0,115.18273
Peguera / Cala Fornells,2025-08-17 10:00:00,94.0,145.64484
Peguera / Cala Fornells,2025-08-17 11:00:00,86.0,136.08026
Peguera / Cala Fornells,2025-08-17 12:00:00,73.0,135.47765
Peguera / Cala Fornells,2025-08-17 13:00:00,84.0,142.47949
Peguera / Cala Fornells,2025-08-17 14:00:00,93.0,146.50487
Peguera / Cala Fornells,2025-08-17 15:00:00,48.0,116.153206
Peguera / Cala Fornells,2025-08-17 16:00:00,4.0,45.69079
Peguera / Cala Fornells,2025-08-17 17:00:00,5.0,44.811817
Peguera / Cala Fornells,2025-08-17 18:00:00,31.0,29.115425
Peguera / Cala Fornells,2025-08-17 19:00:00,56.0,39.85082
Peguera / Cala Fornells,2025-08-17 20:00:00,60.0,57.714596
Peguera / Cala Fornells,2025-08-18 08:00:00,40.0,69.582375
Peguera / Cala Fornells,2025-08-18 09:00:00,47.0,95.34169
Peguera / Cala Fornells,2025-08-18 10:00:00,64.0,104.52302
Peguera / Cala Fornells,2025-08-18 11:00:00,68.0,95.277824
Peguera / Cala Fornells,2025-08-18 12:00:00,61.0,106.91122
Peguera / Cala Fornells,2025-08-18 13:00:00,78.0,117.894165
Peguera / Cala Fornells,2025-08-18 14:00:00,70.0,117.407295
Peguera / Cala Fornells,2025-08-18 15:00:00,24.0,93.18093
Peguera / Cala Fornells,2025-08-18 16:00:00,4.0,44.945114
Peguera / Cala Fornells,2025-08-18 17:00:00,5.0,40.72388
Peguera / Cala Fornells,2025-08-18 18:00:00,100.0,25.902353
Peguera / Cala Fornells,2025-08-18 19:00:00,115.0,33.721737
Peguera / Cala Fornells,2025-08-18 20:00:00,142.0,37.10163
Peguera / Cala Fornells,2025-08-19 08:00:00,66.0,67.18079
Peguera / Cala Fornells,2025-08-19 09:00:00,54.0,86.386154
Peguera / Cala Fornells,2025-08-19 10:00:00,90.0,92.4098
Peguera / Cala Fornells,2025-08-19 11:00:00,81.0,80.483444
Peguera / Cala Fornells,2025-08-19 12:00:00,99.0,76.99344
Peguera / Cala Fornells,2025-08-19 13:00:00,96.0,85.15123
Peguera / Cala Fornells,2025-08-19 14:00:00,62.0,82.03299
Peguera / Cala Fornells,2025-08-19 15:00:00,54.0,61.84433
Peguera / Cala Fornells,2025-08-19 16:00:00,6.0,37.352856
Peguera / Cala Fornells,2025-08-19 17:00:00,5.0,36.96325
Peguera / Cala Fornells,2025-08-19 18:00:00,175.0,31.567055
Peguera / Cala Fornells,2025-08-19 19:00:00,235.0,32.370785
Peguera / Cala Fornells,2025-08-19 20:00:00,227.0,27.609573
Peguera / Cala Fornells,2025-08-20 08:00:00,74.0,45.029255
Peguera / Cala Fornells,2025-08-20 09:00:00,75.0,61.5695
Peguera / Cala Fornells,2025-08-20 10:00:00,76.0,61.578953
Peguera / Cala Fornells,2025-08-20 11:00:00,83.0,53.984093
Peguera / Cala Fornells,2025-08-20 12:00:00,89.0,58.451824
Peguera / Cala Fornells,2025-08-20 13:00:00,81.0,52.03126
Peguera / Cala Fornells,2025-08-20 14:00:00,53.0,55.53583
Peguera / Cala Fornells,2025-08-20 15:00:00,51.0,42.050137
Peguera / Cala Fornells,2025-08-20 16:00:00,4.0,32.3789
Peguera / Cala Fornells,2025-08-20 17:00:00,5.0,29.642445
Peguera / Cala Fornells,2025-08-20 18:00:00,152.0,30.359547
Peguera / Cala Fornells,2025-08-20 19:00:00,324.0,35.635857
Peguera / Cala Fornells,2025-08-20 20:00:00,352.0,48.567383
Peguera / Cala Fornells,2025-08-21 08:00:00,133.0,59.550983
Peguera / Cala Fornells,2025-08-21 09:00:00,107.0,67.95319
Peguera / Cala Fornells,2025-08-21 10:00:00,107.0,90.75771
Peguera / Cala Fornells,2025-08-21 11:00:00,145.0,122.78603
Peguera / Cala Fornells,2025-08-21 12:00:00,121.0,127.72024
Peguera / Cala Fornells,2025-08-21 13:00:00,127.0,131.59796
Peguera / Cala Fornells,2025-08-21 14:00:00,62.0,138.99203
Peguera / Cala Fornells,2025-08-21 15:00:00,35.0,105.009285
Peguera / Cala Fornells,2025-08-21 16:00:00,5.0,49.62096
Peguera / Cala Fornells,2025-08-21 17:00:00,5.0,46.323444
Peguera / Cala Fornells,2025-08-21 18:00:00,109.0,28.067541
Peguera / Cala Fornells,2025-08-21 19:00:00,246.0,38.7035
Peguera / Cala Fornells,2025-08-21 20:00:00,235.0,55.85583
Peguera / Cala Fornells,2025-08-22 08:00:00,134.0,69.51624
Peguera / Cala Fornells,2025-08-22 09:00:00,72.0,105.78174
Peguera / Cala Fornells,2025-08-22 10:00:00,111.0,119.684
Peguera / Cala Fornells,2025-08-22 11:00:00,112.0,122.48597
Peguera / Cala Fornells,2025-08-22 12:00:00,123.0,118.17755
Peguera / Cala Fornells,2025-08-22 13:00:00,75.0,126.30675
Peguera / Cala Fornells,2025-08-22 14:00:00,58.0,125.86343
Peguera / Cala Fornells,2025-08-22 15:00:00,56.0,106.39943
Peguera / Cala Fornells,2025-08-22 16:00:00,5.0,45.4166
Peguera / Cala Fornells,2025-08-22 17:00:00,5.0,45.63763
Peguera / Cala Fornells,2025-08-22 18:00:00,174.0,24.900024
Peguera / Cala Fornells,2025-08-22 19:00:00,322.0,31.739534
Peguera / Cala Fornells,2025-08-22 20:00:00,88.0,42.261436
Peguera / Cala Fornells,2025-08-23 08:00:00,102.0,58.702045
Peguera / Cala Fornells,2025-08-23 09:00:00,44.0,82.37298
Peguera / Cala Fornells,2025-08-23 10:00:00,66.0,108.94368
Peguera / Cala Fornells,2025-08-23 11:00:00,75.0,106.025444
Peguera / Cala Fornells,2025-08-23 12:00:00,65.0,105.25265
Peguera / Cala Fornells,2025-08-23 13:00:00,92.0,113.15794
Peguera / Cala Fornells,2025-08-23 14:00:00,48.0,112.714066
Peguera / Cala Fornells,2025-08-23 15:00:00,40.0,98.56893
Peguera / Cala Fornells,2025-08-23 16:00:00,5.0,34.74576
Peguera / Cala Fornells,2025-08-23 17:00:00,5.0,33.030308
Peguera / Cala Fornells,2025-08-23 18:00:00,53.0,21.45942
Peguera / Cala Fornells,2025-08-23 19:00:00,125.0,28.845373
Peguera / Cala Fornells,2025-08-23 20:00:00,138.0,45.415607
Peguera / Cala Fornells,2025-08-24 08:00:00,46.0,62.970936
Peguera / Cala Fornells,2025-08-24 09:00:00,68.0,83.104095
Peguera / Cala Fornells,2025-08-24 10:00:00,92.0,95.911896
Peguera / Cala Fornells,2025-08-24 11:00:00,96.0,85.4278
Peguera / Cala Fornells,2025-08-24 12:00:00,59.0,93.63835
Peguera / Cala Fornells,2025-08-24 13:00:00,94.0,105.587265
Peguera / Cala Fornells,2025-08-24 14:00:00,44.0,105.6788
Peguera / Cala Fornells,2025-08-24 15:00:00,34.0,91.814766
Peguera / Cala Fornells,2025-08-24 16:00:00,5.0,41.047764
Peguera / Cala Fornells,2025-08-24 17:00:00,5.0,38.707806
Peguera / Cala Fornells,2025-08-24 18:00:00,116.0,25.680998
Peguera / Cala Fornells,2025-08-24 19:00:00,297.0,35.669903
Peguera / Cala Fornells,2025-08-24 20:00:00,187.0,53.694977
Peguera / Cala Fornells,2025-08-25 08:00:00,114.0,63.38257
Peguera / Cala Fornells,2025-08-25 09:00:00,117.0,92.63911
Peguera / Cala Fornells,2025-08-25 10:00:00,121.0,100.4515
Peguera / Cala Fornells,2025-08-25 11:00:00,132.0,100.543365
Peguera / Cala Fornells,2025-08-25 12:00:00,86.0,104.2044
Peguera / Cala Fornells,2025-08-25 13:00:00,111.0,111.454475
Peguera / Cala Fornells,2025-08-25 14:00:00,44.0,85.17654
Peguera / Cala Fornells,2025-08-25 15:00:00,34.0,64.01672
Peguera / Cala Fornells,2025-08-25 16:00:00,5.0,40.65816
Peguera / Cala Fornells,2025-08-25 17:00:00,5.0,37.441277
Peguera / Cala Fornells,2025-08-25 18:00:00,188.0,27.609993
Peguera / Cala Fornells,2025-08-25 19:00:00,306.0,39.657722
Peguera / Cala Fornells,2025-08-25 20:00:00,323.0,53.2813
Peguera / Cala Fornells,2025-08-26 08:00:00,146.0,63.340538
Peguera / Cala Fornells,2025-08-26 09:00:00,130.0,65.487915
Peguera / Cala Fornells,2025-08-26 10:00:00,91.0,58.20789
Peguera / Cala Fornells,2025-08-26 11:00:00,126.0,56.802654
Peguera / Cala Fornells,2025-08-26 12:00:00,100.0,59.05489
Peguera / Cala Fornells,2025-08-26 13:00:00,74.0,85.731346
Peguera / Cala Fornells,2025-08-26 14:00:00,40.0,92.30909
Peguera / Cala Fornells,2025-08-26 15:00:00,45.0,62.636086
Peguera / Cala Fornells,2025-08-26 16:00:00,8.0,39.066242
Peguera / Cala Fornells,2025-08-26 17:00:00,5.0,36.574795
Peguera / Cala Fornells,2025-08-26 18:00:00,111.0,28.532503
Peguera / Cala Fornells,2025-08-26 19:00:00,369.0,33.421417
Peguera / Cala Fornells,2025-08-26 20:00:00,458.0,43.578823
Peguera / Cala Fornells,2025-08-27 08:00:00,133.0,58.07151
Peguera / Cala Fornells,2025-08-27 09:00:00,57.0,63.50318
Peguera / Cala Fornells,2025-08-27 10:00:00,47.0,59.920918
Peguera / Cala Fornells,2025-08-27 11:00:00,71.0,61.378685
Peguera / Cala Fornells,2025-08-27 12:00:00,69.0,58.66842
Peguera / Cala Fornells,2025-08-27 13:00:00,57.0,58.723125
Peguera / Cala Fornells,2025-08-27 14:00:00,30.0,50.205265
Peguera / Cala Fornells,2025-08-27 15:00:00,36.0,40.65016
Peguera / Cala Fornells,2025-08-27 16:00:00,6.0,29.296503
Peguera / Cala Fornells,2025-08-27 17:00:00,10.0,27.743004
Peguera / Cala Fornells,2025-08-27 18:00:00,152.0,31.687914
Peguera / Cala Fornells,2025-08-27 19:00:00,271.0,32.78123
Peguera / Cala Fornells,2025-08-27 20:00:00,255.0,46.299133
Peguera / Cala Fornells,2025-08-28 08:00:00,92.0,55.95055
Peguera / Cala Fornells,2025-08-28 09:00:00,49.0,59.931625
Peguera / Cala Fornells,2025-08-28 10:00:00,66.0,58.311405
Peguera / Cala Fornells,2025-08-28 11:00:00,68.0,59.956177
Peguera / Cala Fornells,2025-08-28 12:00:00,58.0,60.87538
Peguera / Cala Fornells,2025-08-28 13:00:00,55.0,67.007385
Peguera / Cala Fornells,2025-08-28 14:00:00,28.0,61.327263
Peguera / Cala Fornells,2025-08-28 15:00:00,28.0,49.04641
Peguera / Cala Fornells,2025-08-28 16:00:00,7.0,32.538635
Peguera / Cala Fornells,2025-08-28 17:00:00,5.0,35.032772
Peguera / Cala Fornells,2025-08-28 18:00:00,22.0,28.261599
Peguera / Cala Fornells,2025-08-28 19:00:00,50.0,30.730848
Peguera / Cala Fornells,2025-08-28 20:00:00,68.0,37.00572
Peguera / Cala Fornells,2025-08-29 08:00:00,41.0,60.767975
Peguera / Cala Fornells,2025-08-29 09:00:00,51.0,58.137077
Peguera / Cala Fornells,2025-08-29 10:00:00,40.0,81.24112
Peguera / Cala Fornells,2025-08-29 11:00:00,53.0,77.382576
Peguera / Cala Fornells,2025-08-29 12:00:00,34.0,81.249306
Peguera / Cala Fornells,2025-08-29 13:00:00,51.0,86.81326
Peguera / Cala Fornells,2025-08-29 14:00:00,26.0,87.282265
Peguera / Cala Fornells,2025-08-29 15:00:00,26.0,66.3999
Peguera / Cala Fornells,2025-08-29 16:00:00,6.0,42.09932
Peguera / Cala Fornells,2025-08-29 17:00:00,5.0,40.183823
Peguera / Cala Fornells,2025-08-29 18:00:00,29.0,29.161741
Peguera / Cala Fornells,2025-08-29 19:00:00,38.0,35.806187
Peguera / Cala Fornells,2025-08-29 20:00:00,39.0,53.99699
Peguera / Cala Fornells,2025-08-30 08:00:00,35.0,61.713856
Peguera / Cala Fornells,2025-08-30 09:00:00,28.0,68.66881
Peguera / Cala Fornells,2025-08-30 10:00:00,48.0,99.89696
Peguera / Cala Fornells,2025-08-30 11:00:00,89.0,115.565796
Peguera / Cala Fornells,2025-08-30 12:00:00,68.0,129.7889
Peguera / Cala Fornells,2025-08-30 13:00:00,46.0,136.47899
Peguera / Cala Fornells,2025-08-30 14:00:00,37.0,110.524445
Peguera / Cala Fornells,2025-08-30 15:00:00,33.0,73.02197
Peguera / Cala Fornells,2025-08-30 16:00:00,5.0,49.13323
Peguera / Cala Fornells,2025-08-30 17:00:00,7.0,59.30975
Peguera / Cala Fornells,2025-08-30 18:00:00,25.0,20.788612
Peguera / Cala Fornells,2025-08-30 19:00:00,21.0,23.223932
Peguera / Cala Fornells,2025-08-30 20:00:00,30.0,24.115942
Peguera Platja Torà,2025-06-01 08:00:00,157.0,93.09773
Peguera Platja Torà,2025-06-01 09:00:00,113.0,130.46529
Peguera Platja Torà,2025-06-01 10:00:00,154.0,153.49019
Peguera Platja Torà,2025-06-01 11:00:00,108.0,156.92569
Peguera Platja Torà,2025-06-01 12:00:00,91.0,156.16795
Peguera Platja Torà,2025-06-01 13:00:00,100.0,169.64697
Peguera Platja Torà,2025-06-01 14:00:00,69.0,165.51064
Peguera Platja Torà,2025-06-01 15:00:00,55.0,179.84192
Peguera Platja Torà,2025-06-01 16:00:00,45.0,179.64287
Peguera Platja Torà,2025-06-01 17:00:00,11.0,190.39096
Peguera Platja Torà,2025-06-01 18:00:00,102.0,106.76464
Peguera Platja Torà,2025-06-01 19:00:00,157.0,117.04914
Peguera Platja Torà,2025-06-01 20:00:00,103.0,129.49672
Peguera Platja Torà,2025-06-02 08:00:00,124.0,89.98316
Peguera Platja Torà,2025-06-02 09:00:00,111.0,132.59784
Peguera Platja Torà,2025-06-02 10:00:00,103.0,145.6332
Peguera Platja Torà,2025-06-02 11:00:00,89.0,149.85411
Peguera Platja Torà,2025-06-02 12:00:00,65.0,144.08968
Peguera Platja Torà,2025-06-02 13:00:00,65.0,154.30441
Peguera Platja Torà,2025-06-02 14:00:00,63.0,153.0938
Peguera Platja Torà,2025-06-02 15:00:00,52.0,141.20052
Peguera Platja Torà,2025-06-02 16:00:00,49.0,100.56392
Peguera Platja Torà,2025-06-02 17:00:00,11.0,63.392536
Peguera Platja Torà,2025-06-02 18:00:00,104.0,33.151394
Peguera Platja Torà,2025-06-02 19:00:00,135.0,50.310497
Peguera Platja Torà,2025-06-02 20:00:00,125.0,60.85239
Peguera Platja Torà,2025-06-03 08:00:00,111.0,92.21315
Peguera Platja Torà,2025-06-03 09:00:00,107.0,129.97363
Peguera Platja Torà,2025-06-03 10:00:00,87.0,138.59157
Peguera Platja Torà,2025-06-03 11:00:00,86.0,131.52628
Peguera Platja Torà,2025-06-03 12:00:00,116.0,128.17336
Peguera Platja Torà,2025-06-03 13:00:00,59.0,145.49678
Peguera Platja Torà,2025-06-03 14:00:00,63.0,159.58904
Peguera Platja Torà,2025-06-03 15:00:00,46.0,142.9021
Peguera Platja Torà,2025-06-03 16:00:00,46.0,105.13186
Peguera Platja Torà,2025-06-03 17:00:00,11.0,67.52653
Peguera Platja Torà,2025-06-03 18:00:00,88.0,40.12787
Peguera Platja Torà,2025-06-03 19:00:00,118.0,56.905113
Peguera Platja Torà,2025-06-03 20:00:00,112.0,56.540382
Peguera Platja Torà,2025-06-04 08:00:00,90.0,66.92849
Peguera Platja Torà,2025-06-04 09:00:00,86.0,106.470085
Peguera Platja Torà,2025-06-04 10:00:00,84.0,111.586586
Peguera Platja Torà,2025-06-04 11:00:00,66.0,115.08205
Peguera Platja Torà,2025-06-04 12:00:00,107.0,118.26681
Peguera Platja Torà,2025-06-04 13:00:00,75.0,114.86371
Peguera Platja Torà,2025-06-04 14:00:00,50.0,107.038574
Peguera Platja Torà,2025-06-04 15:00:00,81.0,103.51288
Peguera Platja Torà,2025-06-04 16:00:00,54.0,61.1962
Peguera Platja Torà,2025-06-04 17:00:00,11.0,38.9097
Peguera Platja Torà,2025-06-04 18:00:00,122.0,34.77299
Peguera Platja Torà,2025-06-04 19:00:00,124.0,46.553333
Peguera Platja Torà,2025-06-04 20:00:00,165.0,49.655422
Peguera Platja Torà,2025-06-05 08:00:00,154.0,63.88844
Peguera Platja Torà,2025-06-05 09:00:00,98.0,107.06849
Peguera Platja Torà,2025-06-05 10:00:00,131.0,116.27861
Peguera Platja Torà,2025-06-05 11:00:00,127.0,113.77484
Peguera Platja Torà,2025-06-05 12:00:00,114.0,115.116844
Peguera Platja Torà,2025-06-05 13:00:00,92.0,131.4529
Peguera Platja Torà,2025-06-05 14:00:00,61.0,136.41167
Peguera Platja Torà,2025-06-05 15:00:00,52.0,119.57827
Peguera Platja Torà,2025-06-05 16:00:00,49.0,66.51533
Peguera Platja Torà,2025-06-05 17:00:00,10.0,43.285633
Peguera Platja Torà,2025-06-05 18:00:00,136.0,39.062225
Peguera Platja Torà,2025-06-05 19:00:00,185.0,49.903496
Peguera Platja Torà,2025-06-05 20:00:00,198.0,59.615147
Peguera Platja Torà,2025-06-06 08:00:00,160.0,72.6927
Peguera Platja Torà,2025-06-06 09:00:00,121.0,112.692894
Peguera Platja Torà,2025-06-06 10:00:00,113.0,123.26424
Peguera Platja Torà,2025-06-06 11:00:00,106.0,127.16708
Peguera Platja Torà,2025-06-06 12:00:00,116.0,126.10821
Peguera Platja Torà,2025-06-06 13:00:00,80.0,140.69734
Peguera Platja Torà,2025-06-06 14:00:00,68.0,150.86247
Peguera Platja Torà,2025-06-06 15:00:00,69.0,151.02054
Peguera Platja Torà,2025-06-06 16:00:00,40.0,80.76457
Peguera Platja Torà,2025-06-06 17:00:00,10.0,51.15273
Peguera Platja Torà,2025-06-06 18:00:00,122.0,35.25427
Peguera Platja Torà,2025-06-06 19:00:00,111.0,50.920784
Peguera Platja Torà,2025-06-06 20:00:00,154.0,55.726913
Peguera Platja Torà,2025-06-07 08:00:00,121.0,77.84652
Peguera Platja Torà,2025-06-07 09:00:00,128.0,111.36723
Peguera Platja Torà,2025-06-07 10:00:00,159.0,101.82879
Peguera Platja Torà,2025-06-07 11:00:00,146.0,100.73964
Peguera Platja Torà,2025-06-07 12:00:00,98.0,99.46224
Peguera Platja Torà,2025-06-07 13:00:00,89.0,111.340965
Peguera Platja Torà,2025-06-07 14:00:00,65.0,125.99255
Peguera Platja Torà,2025-06-07 15:00:00,63.0,119.676765
Peguera Platja Torà,2025-06-07 16:00:00,49.0,69.885704
Peguera Platja Torà,2025-06-07 17:00:00,12.0,50.000755
Peguera Platja Torà,2025-06-07 18:00:00,130.0,33.51508
Peguera Platja Torà,2025-06-07 19:00:00,163.0,51.877472
Peguera Platja Torà,2025-06-07 20:00:00,136.0,60.44434
Peguera Platja Torà,2025-06-08 08:00:00,128.0,77.28618
Peguera Platja Torà,2025-06-08 09:00:00,120.0,113.95896
Peguera Platja Torà,2025-06-08 10:00:00,133.0,124.785545
Peguera Platja Torà,2025-06-08 11:00:00,106.0,120.93976
Peguera Platja Torà,2025-06-08 12:00:00,101.0,129.51184
Peguera Platja Torà,2025-06-08 13:00:00,70.0,133.90982
Peguera Platja Torà,2025-06-08 14:00:00,73.0,140.19917
Peguera Platja Torà,2025-06-08 15:00:00,56.0,151.81323
Peguera Platja Torà,2025-06-08 16:00:00,57.0,119.81154
Peguera Platja Torà,2025-06-08 17:00:00,10.0,71.93234
Peguera Platja Torà,2025-06-08 18:00:00,105.0,39.18959
Peguera Platja Torà,2025-06-08 19:00:00,126.0,56.73033
Peguera Platja Torà,2025-06-08 20:00:00,165.0,71.31228
Peguera Platja Torà,2025-06-09 08:00:00,124.0,111.0659
Peguera Platja Torà,2025-06-09 09:00:00,159.0,121.09434
Peguera Platja Torà,2025-06-09 10:00:00,165.0,128.81996
Peguera Platja Torà,2025-06-09 11:00:00,144.0,135.35352
Peguera Platja Torà,2025-06-09 12:00:00,120.0,121.909134
Peguera Platja Torà,2025-06-09 13:00:00,80.0,128.38011
Peguera Platja Torà,2025-06-09 14:00:00,57.0,161.85027
Peguera Platja Torà,2025-06-09 15:00:00,50.0,147.08551
Peguera Platja Torà,2025-06-09 16:00:00,46.0,106.591095
Peguera Platja Torà,2025-06-09 17:00:00,9.0,69.47567
Peguera Platja Torà,2025-06-09 18:00:00,142.0,37.785564
Peguera Platja Torà,2025-06-09 19:00:00,185.0,58.00213
Peguera Platja Torà,2025-06-09 20:00:00,200.0,65.69134
Peguera Platja Torà,2025-06-10 08:00:00,169.0,71.03331
Peguera Platja Torà,2025-06-10 09:00:00,148.0,98.53603
Peguera Platja Torà,2025-06-10 10:00:00,158.0,108.24198
Peguera Platja Torà,2025-06-10 11:00:00,157.0,104.05872
Peguera Platja Torà,2025-06-10 12:00:00,115.0,94.83639
Peguera Platja Torà,2025-06-10 13:00:00,101.0,110.61067
Peguera Platja Torà,2025-06-10 14:00:00,78.0,112.13925
Peguera Platja Torà,2025-06-10 15:00:00,57.0,96.907265
Peguera Platja Torà,2025-06-10 16:00:00,70.0,61.111618
Peguera Platja Torà,2025-06-10 17:00:00,14.0,40.613365
Peguera Platja Torà,2025-06-10 18:00:00,98.0,34.80076
Peguera Platja Torà,2025-06-10 19:00:00,138.0,47.110054
Peguera Platja Torà,2025-06-10 20:00:00,125.0,58.416138
Peguera Platja Torà,2025-06-11 08:00:00,146.0,70.59222
Peguera Platja Torà,2025-06-11 09:00:00,137.0,104.266556
Peguera Platja Torà,2025-06-11 10:00:00,136.0,109.44181
Peguera Platja Torà,2025-06-11 11:00:00,155.0,113.922
Peguera Platja Torà,2025-06-11 12:00:00,147.0,108.47115
Peguera Platja Torà,2025-06-11 13:00:00,120.0,118.10287
Peguera Platja Torà,2025-06-11 14:00:00,89.0,116.34794
Peguera Platja Torà,2025-06-11 15:00:00,54.0,106.03296
Peguera Platja Torà,2025-06-11 16:00:00,71.0,60.06778
Peguera Platja Torà,2025-06-11 17:00:00,52.0,34.84536
Peguera Platja Torà,2025-06-11 18:00:00,95.0,33.64951
Peguera Platja Torà,2025-06-11 19:00:00,137.0,47.23752
Peguera Platja Torà,2025-06-11 20:00:00,158.0,52.21933
Peguera Platja Torà,2025-06-12 08:00:00,169.0,71.05736
Peguera Platja Torà,2025-06-12 09:00:00,151.0,102.08814
Peguera Platja Torà,2025-06-12 10:00:00,143.0,115.13491
Peguera Platja Torà,2025-06-12 11:00:00,180.0,120.458
Peguera Platja Torà,2025-06-12 12:00:00,176.0,118.80866
Peguera Platja Torà,2025-06-12 13:00:00,120.0,116.69274
Peguera Platja Torà,2025-06-12 14:00:00,111.0,127.55774
Peguera Platja Torà,2025-06-12 15:00:00,67.0,112.89767
Peguera Platja Torà,2025-06-12 16:00:00,75.0,63.61547
Peguera Platja Torà,2025-06-12 17:00:00,20.0,37.65326
Peguera Platja Torà,2025-06-12 18:00:00,128.0,35.490063
Peguera Platja Torà,2025-06-12 19:00:00,153.0,52.09234
Peguera Platja Torà,2025-06-12 20:00:00,155.0,57.457947
Peguera Platja Torà,2025-06-13 08:00:00,197.0,76.08723
Peguera Platja Torà,2025-06-13 09:00:00,142.0,112.496544
Peguera Platja Torà,2025-06-13 10:00:00,182.0,123.567474
Peguera Platja Torà,2025-06-13 11:00:00,170.0,124.67008
Peguera Platja Torà,2025-06-13 12:00:00,178.0,129.06725
Peguera Platja Torà,2025-06-13 13:00:00,120.0,129.45381
Peguera Platja Torà,2025-06-13 14:00:00,105.0,140.41881
Peguera Platja Torà,2025-06-13 15:00:00,86.0,119.48872
Peguera Platja Torà,2025-06-13 16:00:00,65.0,69.18436
Peguera Platja Torà,2025-06-13 17:00:00,16.0,45.051888
Peguera Platja Torà,2025-06-13 18:00:00,106.0,36.349075
Peguera Platja Torà,2025-06-13 19:00:00,195.0,44.37574
Peguera Platja Torà,2025-06-13 20:00:00,145.0,54.47634
Peguera Platja Torà,2025-06-14 08:00:00,147.0,70.44507
Peguera Platja Torà,2025-06-14 09:00:00,164.0,96.30826
Peguera Platja Torà,2025-06-14 10:00:00,158.0,102.37694
Peguera Platja Torà,2025-06-14 11:00:00,179.0,102.28368
Peguera Platja Torà,2025-06-14 12:00:00,110.0,99.775406
Peguera Platja Torà,2025-06-14 13:00:00,86.0,108.12503
Peguera Platja Torà,2025-06-14 14:00:00,91.0,119.75302
Peguera Platja Torà,2025-06-14 15:00:00,69.0,106.6545
Peguera Platja Torà,2025-06-14 16:00:00,53.0,63.670628
Peguera Platja Torà,2025-06-14 17:00:00,64.0,40.881138
Peguera Platja Torà,2025-06-14 18:00:00,106.0,38.49327
Peguera Platja Torà,2025-06-14 19:00:00,143.0,50.265095
Peguera Platja Torà,2025-06-14 20:00:00,166.0,60.18421
Peguera Platja Torà,2025-06-15 08:00:00,145.0,69.24525
Peguera Platja Torà,2025-06-15 09:00:00,130.0,87.3509
Peguera Platja Torà,2025-06-15 10:00:00,155.0,94.898155
Peguera Platja Torà,2025-06-15 11:00:00,123.0,109.538124
Peguera Platja Torà,2025-06-15 12:00:00,120.0,114.79796
Peguera Platja Torà,2025-06-15 13:00:00,91.0,136.08347
Peguera Platja Torà,2025-06-15 14:00:00,74.0,137.02324
Peguera Platja Torà,2025-06-15 15:00:00,63.0,128.64365
Peguera Platja Torà,2025-06-15 16:00:00,69.0,75.84482
Peguera Platja Torà,2025-06-15 17:00:00,49.0,45.05122
Peguera Platja Torà,2025-06-15 18:00:00,91.0,39.728226
Peguera Platja Torà,2025-06-15 19:00:00,139.0,50.935925
Peguera Platja Torà,2025-06-15 20:00:00,163.0,59.025673
Peguera Platja Torà,2025-06-16 08:00:00,142.0,76.19494
Peguera Platja Torà,2025-06-16 09:00:00,137.0,101.02146
Peguera Platja Torà,2025-06-16 10:00:00,130.0,109.07566
Peguera Platja Torà,2025-06-16 11:00:00,147.0,107.610466
Peguera Platja Torà,2025-06-16 12:00:00,124.0,111.352875
Peguera Platja Torà,2025-06-16 13:00:00,95.0,120.53728
Peguera Platja Torà,2025-06-16 14:00:00,73.0,117.42888
Peguera Platja Torà,2025-06-16 15:00:00,65.0,112.42868
Peguera Platja Torà,2025-06-16 16:00:00,73.0,67.91228
Peguera Platja Torà,2025-06-16 17:00:00,36.0,42.073685
Peguera Platja Torà,2025-06-16 18:00:00,107.0,33.87882
Peguera Platja Torà,2025-06-16 19:00:00,136.0,49.68648
Peguera Platja Torà,2025-06-16 20:00:00,148.0,58.148945
Peguera Platja Torà,2025-06-17 08:00:00,126.0,63.910347
Peguera Platja Torà,2025-06-17 09:00:00,171.0,102.39411
Peguera Platja Torà,2025-06-17 10:00:00,139.0,114.64553
Peguera Platja Torà,2025-06-17 11:00:00,145.0,117.69721
Peguera Platja Torà,2025-06-17 12:00:00,152.0,119.00878
Peguera Platja Torà,2025-06-17 13:00:00,132.0,109.47161
Peguera Platja Torà,2025-06-17 14:00:00,79.0,125.07027
Peguera Platja Torà,2025-06-17 15:00:00,88.0,121.600815
Peguera Platja Torà,2025-06-17 16:00:00,121.0,66.28516
Peguera Platja Torà,2025-06-17 17:00:00,26.0,42.6733
Peguera Platja Torà,2025-06-17 18:00:00,103.0,36.818867
Peguera Platja Torà,2025-06-17 19:00:00,147.0,51.96639
Peguera Platja Torà,2025-06-17 20:00:00,175.0,55.964783
Peguera Platja Torà,2025-06-18 08:00:00,183.0,69.67005
Peguera Platja Torà,2025-06-18 09:00:00,194.0,107.842354
Peguera Platja Torà,2025-06-18 10:00:00,191.0,114.35133
Peguera Platja Torà,2025-06-18 11:00:00,191.0,113.13597
Peguera Platja Torà,2025-06-18 12:00:00,172.0,115.36479
Peguera Platja Torà,2025-06-18 13:00:00,150.0,118.06816
Peguera Platja Torà,2025-06-18 14:00:00,118.0,133.70665
Peguera Platja Torà,2025-06-18 15:00:00,75.0,108.790794
Peguera Platja Torà,2025-06-18 16:00:00,97.0,73.330185
Peguera Platja Torà,2025-06-18 17:00:00,50.0,45.994682
Peguera Platja Torà,2025-06-18 18:00:00,130.0,38.59432
Peguera Platja Torà,2025-06-18 19:00:00,161.0,53.78335
Peguera Platja Torà,2025-06-18 20:00:00,193.0,54.42409
Peguera Platja Torà,2025-06-19 08:00:00,188.0,79.69716
Peguera Platja Torà,2025-06-19 09:00:00,161.0,113.86188
Peguera Platja Torà,2025-06-19 10:00:00,196.0,129.95366
Peguera Platja Torà,2025-06-19 11:00:00,234.0,131.01804
Peguera Platja Torà,2025-06-19 12:00:00,188.0,129.03014
Peguera Platja Torà,2025-06-19 13:00:00,168.0,141.98904
Peguera Platja Torà,2025-06-19 14:00:00,135.0,151.0147
Peguera Platja Torà,2025-06-19 15:00:00,96.0,138.05598
Peguera Platja Torà,2025-06-19 16:00:00,208.0,82.97578
Peguera Platja Torà,2025-06-19 17:00:00,45.0,74.87993
Peguera Platja Torà,2025-06-19 18:00:00,129.0,41.72508
Peguera Platja Torà,2025-06-19 19:00:00,154.0,65.22037
Peguera Platja Torà,2025-06-19 20:00:00,174.0,57.806797
Peguera Platja Torà,2025-06-20 08:00:00,210.0,88.273766
Peguera Platja Torà,2025-06-20 09:00:00,182.0,133.01686
Peguera Platja Torà,2025-06-20 10:00:00,198.0,141.77646
Peguera Platja Torà,2025-06-20 11:00:00,187.0,150.97922
Peguera Platja Torà,2025-06-20 12:00:00,219.0,140.56885
Peguera Platja Torà,2025-06-20 13:00:00,146.0,157.0068
Peguera Platja Torà,2025-06-20 14:00:00,139.0,170.29303
Peguera Platja Torà,2025-06-20 15:00:00,112.0,179.81047
Peguera Platja Torà,2025-06-20 16:00:00,159.0,140.02142
Peguera Platja Torà,2025-06-20 17:00:00,55.0,93.99119
Peguera Platja Torà,2025-06-20 18:00:00,126.0,32.151886
Peguera Platja Torà,2025-06-20 19:00:00,166.0,62.109127
Peguera Platja Torà,2025-06-20 20:00:00,158.0,78.27874
Peguera Platja Torà,2025-06-21 08:00:00,171.0,105.73949
Peguera Platja Torà,2025-06-21 09:00:00,191.0,119.069016
Peguera Platja Torà,2025-06-21 10:00:00,149.0,126.55454
Peguera Platja Torà,2025-06-21 11:00:00,139.0,125.06922
Peguera Platja Torà,2025-06-21 12:00:00,185.0,135.48723
Peguera Platja Torà,2025-06-21 13:00:00,110.0,179.80765
Peguera Platja Torà,2025-06-21 14:00:00,90.0,162.08382
Peguera Platja Torà,2025-06-21 15:00:00,203.0,124.5034
Peguera Platja Torà,2025-06-21 16:00:00,29.0,83.06521
Peguera Platja Torà,2025-06-21 17:00:00,130.0,39.51866
Peguera Platja Torà,2025-06-21 18:00:00,132.0,57.537407
Peguera Platja Torà,2025-06-21 19:00:00,163.0,71.566444
Peguera Platja Torà,2025-06-21 20:00:00,190.0,117.53931
Peguera Platja Torà,2025-06-22 08:00:00,198.0,156.44527
Peguera Platja Torà,2025-06-22 09:00:00,199.0,161.05238
Peguera Platja Torà,2025-06-22 10:00:00,211.0,161.55362
Peguera Platja Torà,2025-06-22 11:00:00,164.0,160.6689
Peguera Platja Torà,2025-06-22 12:00:00,114.0,170.52211
Peguera Platja Torà,2025-06-22 13:00:00,105.0,177.30568
Peguera Platja Torà,2025-06-22 14:00:00,90.0,159.46535
Peguera Platja Torà,2025-06-22 15:00:00,82.0,123.29352
Peguera Platja Torà,2025-06-22 16:00:00,55.0,86.84564
Peguera Platja Torà,2025-06-22 17:00:00,109.0,38.55045
Peguera Platja Torà,2025-06-22 18:00:00,135.0,51.168587
Peguera Platja Torà,2025-06-22 19:00:00,135.0,67.8975
Peguera Platja Torà,2025-06-22 20:00:00,151.0,111.11152
Peguera Platja Torà,2025-06-23 08:00:00,156.0,146.6979
Peguera Platja Torà,2025-06-23 09:00:00,163.0,157.75919
Peguera Platja Torà,2025-06-23 10:00:00,179.0,149.18143
Peguera Platja Torà,2025-06-23 11:00:00,181.0,153.72153
Peguera Platja Torà,2025-06-23 12:00:00,110.0,170.1189
Peguera Platja Torà,2025-06-23 13:00:00,110.0,178.42662
Peguera Platja Torà,2025-06-23 14:00:00,87.0,153.32236
Peguera Platja Torà,2025-06-23 15:00:00,150.0,119.47316
Peguera Platja Torà,2025-06-23 16:00:00,60.0,69.29158
Peguera Platja Torà,2025-06-23 17:00:00,96.0,35.746857
Peguera Platja Torà,2025-06-23 18:00:00,130.0,58.41531
Peguera Platja Torà,2025-06-23 19:00:00,166.0,69.48419
Peguera Platja Torà,2025-06-23 20:00:00,183.0,116.08209
Peguera Platja Torà,2025-06-24 08:00:00,178.0,147.29126
Peguera Platja Torà,2025-06-24 09:00:00,199.0,155.60031
Peguera Platja Torà,2025-06-24 10:00:00,248.0,148.38046
Peguera Platja Torà,2025-06-24 11:00:00,179.0,153.44847
Peguera Platja Torà,2025-06-24 12:00:00,125.0,162.97157
Peguera Platja Torà,2025-06-24 13:00:00,94.0,171.46895
Peguera Platja Torà,2025-06-24 14:00:00,93.0,151.95854
Peguera Platja Torà,2025-06-24 15:00:00,109.0,113.98713
Peguera Platja Torà,2025-06-24 16:00:00,67.0,80.59597
Peguera Platja Torà,2025-06-24 17:00:00,93.0,38.106464
Peguera Platja Torà,2025-06-24 18:00:00,161.0,63.23165
Peguera Platja Torà,2025-06-24 19:00:00,171.0,74.45353
Peguera Platja Torà,2025-06-24 20:00:00,151.0,115.65378
Peguera Platja Torà,2025-06-25 08:00:00,136.0,147.13832
Peguera Platja Torà,2025-06-25 09:00:00,141.0,147.71727
Peguera Platja Torà,2025-06-25 10:00:00,151.0,150.15886
Peguera Platja Torà,2025-06-25 11:00:00,165.0,140.88966
Peguera Platja Torà,2025-06-25 12:00:00,124.0,157.6072
Peguera Platja Torà,2025-06-25 13:00:00,101.0,171.3449
Peguera Platja Torà,2025-06-25 14:00:00,82.0,150.45186
Peguera Platja Torà,2025-06-25 15:00:00,165.0,112.57866
Peguera Platja Torà,2025-06-25 16:00:00,38.0,77.888695
Peguera Platja Torà,2025-06-25 17:00:00,124.0,39.24818
Peguera Platja Torà,2025-06-25 18:00:00,126.0,60.387897
Peguera Platja Torà,2025-06-25 19:00:00,189.0,70.9334
Peguera Platja Torà,2025-06-25 20:00:00,186.0,118.47561
Peguera Platja Torà,2025-06-26 08:00:00,140.0,124.12648
Peguera Platja Torà,2025-06-26 09:00:00,144.0,134.92624
Peguera Platja Torà,2025-06-26 10:00:00,129.0,130.91182
Peguera Platja Torà,2025-06-26 11:00:00,136.0,133.96074
Peguera Platja Torà,2025-06-26 12:00:00,132.0,146.47966
Peguera Platja Torà,2025-06-26 13:00:00,90.0,149.1414
Peguera Platja Torà,2025-06-26 14:00:00,100.0,135.59875
Peguera Platja Torà,2025-06-26 15:00:00,92.0,120.72431
Peguera Platja Torà,2025-06-26 16:00:00,38.0,70.54268
Peguera Platja Torà,2025-06-26 17:00:00,101.0,42.35537
Peguera Platja Torà,2025-06-26 18:00:00,160.0,57.38323
Peguera Platja Torà,2025-06-26 19:00:00,204.0,75.47134
Peguera Platja Torà,2025-06-26 20:00:00,205.0,119.096825
Peguera Platja Torà,2025-06-27 08:00:00,186.0,157.05574
Peguera Platja Torà,2025-06-27 09:00:00,180.0,145.60663
Peguera Platja Torà,2025-06-27 10:00:00,218.0,145.2154
Peguera Platja Torà,2025-06-27 11:00:00,148.0,159.52176
Peguera Platja Torà,2025-06-27 12:00:00,161.0,178.83316
Peguera Platja Torà,2025-06-27 13:00:00,107.0,192.06743
Peguera Platja Torà,2025-06-27 14:00:00,78.0,179.46196
Peguera Platja Torà,2025-06-27 15:00:00,138.0,140.35446
Peguera Platja Torà,2025-06-27 16:00:00,40.0,90.85752
Peguera Platja Torà,2025-06-27 17:00:00,113.0,53.469276
Peguera Platja Torà,2025-06-27 18:00:00,166.0,49.83273
Peguera Platja Torà,2025-06-27 19:00:00,158.0,62.008713
Peguera Platja Torà,2025-06-27 20:00:00,169.0,105.69961
Peguera Platja Torà,2025-06-28 08:00:00,164.0,156.82784
Peguera Platja Torà,2025-06-28 09:00:00,199.0,187.68785
Peguera Platja Torà,2025-06-28 10:00:00,154.0,166.44667
Peguera Platja Torà,2025-06-28 11:00:00,149.0,163.61066
Peguera Platja Torà,2025-06-28 12:00:00,104.0,180.90398
Peguera Platja Torà,2025-06-28 13:00:00,101.0,175.4659
Peguera Platja Torà,2025-06-28 14:00:00,197.0,160.93167
Peguera Platja Torà,2025-06-28 15:00:00,67.0,187.63957
Peguera Platja Torà,2025-06-28 16:00:00,10.0,166.00043
Peguera Platja Torà,2025-06-28 17:00:00,78.0,166.18144
Peguera Platja Torà,2025-06-28 18:00:00,72.0,209.39392
Peguera Platja Torà,2025-06-28 19:00:00,112.0,135.70563
Peguera Platja Torà,2025-06-28 20:00:00,100.0,176.69777
Peguera Platja Torà,2025-06-29 08:00:00,80.0,154.0167
Peguera Platja Torà,2025-06-29 09:00:00,117.0,221.11247
Peguera Platja Torà,2025-06-29 10:00:00,93.0,193.49802
Peguera Platja Torà,2025-06-29 11:00:00,88.0,177.06606
Peguera Platja Torà,2025-06-29 12:00:00,59.0,173.23022
Peguera Platja Torà,2025-06-29 13:00:00,58.0,168.01146
Peguera Platja Torà,2025-06-29 14:00:00,117.0,183.50563
Peguera Platja Torà,2025-06-29 15:00:00,60.0,165.9746
Peguera Platja Torà,2025-06-29 16:00:00,10.0,177.8529
Peguera Platja Torà,2025-06-29 17:00:00,129.0,151.55634
Peguera Platja Torà,2025-06-29 18:00:00,168.0,175.65837
Peguera Platja Torà,2025-06-29 19:00:00,174.0,146.70247
Peguera Platja Torà,2025-06-29 20:00:00,191.0,210.14685
Peguera Platja Torà,2025-06-30 08:00:00,221.0,197.88652
Peguera Platja Torà,2025-06-30 09:00:00,163.0,222.39705
Peguera Platja Torà,2025-06-30 10:00:00,212.0,214.94543
Peguera Platja Torà,2025-06-30 11:00:00,180.0,211.18428
Peguera Platja Torà,2025-06-30 12:00:00,131.0,196.36021
Peguera Platja Torà,2025-06-30 13:00:00,84.0,173.5769
Peguera Platja Torà,2025-06-30 14:00:00,102.0,179.77295
Peguera Platja Torà,2025-06-30 15:00:00,100.0,183.24846
Peguera Platja Torà,2025-06-30 17:00:00,9.0,179.80133
Peguera Platja Torà,2025-06-30 18:00:00,102.0,110.466156
Peguera Platja Torà,2025-06-30 19:00:00,108.0,105.30273
Peguera Platja Torà,2025-06-30 20:00:00,179.0,191.64868
Peguera Platja Torà,2025-07-01 08:00:00,186.0,164.26807
Peguera Platja Torà,2025-07-01 09:00:00,165.0,241.4853
Peguera Platja Torà,2025-07-01 10:00:00,203.0,252.67076
Peguera Platja Torà,2025-07-01 11:00:00,231.0,217.53226
Peguera Platja Torà,2025-07-01 12:00:00,221.0,216.58676
Peguera Platja Torà,2025-07-01 13:00:00,132.0,199.8817
Peguera Platja Torà,2025-07-01 14:00:00,104.0,178.40007
Peguera Platja Torà,2025-07-01 15:00:00,97.0,180.49278
Peguera Platja Torà,2025-07-01 16:00:00,102.0,170.75365
Peguera Platja Torà,2025-07-01 17:00:00,11.0,175.40338
Peguera Platja Torà,2025-07-01 18:00:00,135.0,120.26762
Peguera Platja Torà,2025-07-01 19:00:00,198.0,125.367905
Peguera Platja Torà,2025-07-01 20:00:00,180.0,157.18402
Peguera Platja Torà,2025-07-02 08:00:00,166.0,171.61217
Peguera Platja Torà,2025-07-02 09:00:00,216.0,215.57669
Peguera Platja Torà,2025-07-02 10:00:00,189.0,263.3484
Peguera Platja Torà,2025-07-02 11:00:00,140.0,243.65181
Peguera Platja Torà,2025-07-02 12:00:00,76.0,181.16638
Peguera Platja Torà,2025-07-02 13:00:00,102.0,169.65746
Peguera Platja Torà,2025-07-02 14:00:00,81.0,165.3833
Peguera Platja Torà,2025-07-02 15:00:00,9.0,155.85612
Peguera Platja Torà,2025-07-02 16:00:00,126.0,139.59659
Peguera Platja Torà,2025-07-02 17:00:00,182.0,134.35336
Peguera Platja Torà,2025-07-02 18:00:00,175.0,156.86101
Peguera Platja Torà,2025-07-02 19:00:00,155.0,185.60425
Peguera Platja Torà,2025-07-02 20:00:00,188.0,219.92259
Peguera Platja Torà,2025-07-03 08:00:00,133.0,219.76888
Peguera Platja Torà,2025-07-03 09:00:00,101.0,230.11827
Peguera Platja Torà,2025-07-03 10:00:00,108.0,250.60529
Peguera Platja Torà,2025-07-03 11:00:00,100.0,195.64113
Peguera Platja Torà,2025-07-03 12:00:00,78.0,178.86922
Peguera Platja Torà,2025-07-03 13:00:00,87.0,174.24428
Peguera Platja Torà,2025-07-03 14:00:00,74.0,173.95113
Peguera Platja Torà,2025-07-03 15:00:00,10.0,211.81621
Peguera Platja Torà,2025-07-03 16:00:00,111.0,127.42479
Peguera Platja Torà,2025-07-03 17:00:00,176.0,133.04358
Peguera Platja Torà,2025-07-03 18:00:00,260.0,103.84484
Peguera Platja Torà,2025-07-03 19:00:00,183.0,119.19013
Peguera Platja Torà,2025-07-03 20:00:00,212.0,155.8983
Peguera Platja Torà,2025-07-04 08:00:00,185.0,170.8537
Peguera Platja Torà,2025-07-04 09:00:00,197.0,209.80919
Peguera Platja Torà,2025-07-04 10:00:00,186.0,205.48041
Peguera Platja Torà,2025-07-04 11:00:00,159.0,191.888
Peguera Platja Torà,2025-07-04 12:00:00,98.0,191.53963
Peguera Platja Torà,2025-07-04 13:00:00,90.0,227.88063
Peguera Platja Torà,2025-07-04 14:00:00,88.0,129.88875
Peguera Platja Torà,2025-07-04 15:00:00,9.0,162.4715
Peguera Platja Torà,2025-07-04 16:00:00,99.0,114.27381
Peguera Platja Torà,2025-07-04 17:00:00,125.0,106.54561
Peguera Platja Torà,2025-07-04 18:00:00,171.0,102.84553
Peguera Platja Torà,2025-07-04 19:00:00,151.0,150.61285
Peguera Platja Torà,2025-07-04 20:00:00,171.0,211.69066
Peguera Platja Torà,2025-07-05 08:00:00,141.0,203.57446
Peguera Platja Torà,2025-07-05 09:00:00,131.0,199.4786
Peguera Platja Torà,2025-07-05 10:00:00,121.0,199.53734
Peguera Platja Torà,2025-07-05 11:00:00,81.0,166.39346
Peguera Platja Torà,2025-07-05 12:00:00,80.0,164.01434
Peguera Platja Torà,2025-07-05 13:00:00,65.0,172.61859
Peguera Platja Torà,2025-07-05 14:00:00,67.0,172.51765
Peguera Platja Torà,2025-07-05 15:00:00,9.0,182.41367
Peguera Platja Torà,2025-07-05 16:00:00,131.0,140.4133
Peguera Platja Torà,2025-07-05 17:00:00,164.0,130.586
Peguera Platja Torà,2025-07-05 18:00:00,141.0,119.46873
Peguera Platja Torà,2025-07-05 19:00:00,176.0,139.28928
Peguera Platja Torà,2025-07-05 20:00:00,213.0,173.99199
Peguera Platja Torà,2025-07-06 08:00:00,218.0,142.45865
Peguera Platja Torà,2025-07-06 09:00:00,184.0,152.71109
Peguera Platja Torà,2025-07-06 10:00:00,196.0,146.1863
Peguera Platja Torà,2025-07-06 11:00:00,120.0,162.74
Peguera Platja Torà,2025-07-06 12:00:00,118.0,179.38019
Peguera Platja Torà,2025-07-06 13:00:00,72.0,161.54915
Peguera Platja Torà,2025-07-06 14:00:00,72.0,125.44995
Peguera Platja Torà,2025-07-06 15:00:00,10.0,175.09837
Peguera Platja Torà,2025-07-06 16:00:00,122.0,124.40503
Peguera Platja Torà,2025-07-06 17:00:00,153.0,140.51794
Peguera Platja Torà,2025-07-06 18:00:00,192.0,147.80759
Peguera Platja Torà,2025-07-06 19:00:00,191.0,166.58585
Peguera Platja Torà,2025-07-06 20:00:00,228.0,207.67087
Peguera Platja Torà,2025-07-07 08:00:00,174.0,207.03488
Peguera Platja Torà,2025-07-07 09:00:00,215.0,142.35475
Peguera Platja Torà,2025-07-07 10:00:00,236.0,214.161
Peguera Platja Torà,2025-07-07 11:00:00,154.0,196.91605
Peguera Platja Torà,2025-07-07 12:00:00,93.0,182.65842
Peguera Platja Torà,2025-07-07 13:00:00,96.0,164.16264
Peguera Platja Torà,2025-07-07 14:00:00,136.0,175.56758
Peguera Platja Torà,2025-07-07 15:00:00,10.0,165.61682
Peguera Platja Torà,2025-07-07 16:00:00,156.0,129.00531
Peguera Platja Torà,2025-07-07 17:00:00,169.0,130.10081
Peguera Platja Torà,2025-07-07 18:00:00,204.0,166.33792
Peguera Platja Torà,2025-07-07 19:00:00,182.0,196.96432
Peguera Platja Torà,2025-07-07 20:00:00,260.0,166.5707
Peguera Platja Torà,2025-07-08 08:00:00,218.0,188.99457
Peguera Platja Torà,2025-07-08 09:00:00,251.0,144.44597
Peguera Platja Torà,2025-07-08 10:00:00,193.0,144.1254
Peguera Platja Torà,2025-07-08 11:00:00,125.0,159.53842
Peguera Platja Torà,2025-07-08 12:00:00,93.0,166.16428
Peguera Platja Torà,2025-07-08 13:00:00,101.0,142.80762
Peguera Platja Torà,2025-07-08 14:00:00,96.0,102.548386
Peguera Platja Torà,2025-07-08 15:00:00,10.0,65.37271
Peguera Platja Torà,2025-07-08 16:00:00,134.0,32.733864
Peguera Platja Torà,2025-07-08 17:00:00,214.0,57.858387
Peguera Platja Torà,2025-07-08 18:00:00,191.0,68.560425
Peguera Platja Torà,2025-07-08 19:00:00,177.0,100.405106
Peguera Platja Torà,2025-07-08 20:00:00,223.0,136.39714
Peguera Platja Torà,2025-07-09 08:00:00,180.0,149.05783
Peguera Platja Torà,2025-07-09 09:00:00,247.0,148.31491
Peguera Platja Torà,2025-07-09 10:00:00,185.0,141.99449
Peguera Platja Torà,2025-07-09 11:00:00,131.0,158.54185
Peguera Platja Torà,2025-07-09 12:00:00,79.0,170.2136
Peguera Platja Torà,2025-07-09 13:00:00,93.0,158.60606
Peguera Platja Torà,2025-07-09 14:00:00,94.0,111.50251
Peguera Platja Torà,2025-07-09 15:00:00,9.0,69.375404
Peguera Platja Torà,2025-07-09 16:00:00,105.0,48.131104
Peguera Platja Torà,2025-07-09 17:00:00,159.0,91.24871
Peguera Platja Torà,2025-07-09 18:00:00,174.0,64.441055
Peguera Platja Torà,2025-07-09 19:00:00,211.0,110.69379
Peguera Platja Torà,2025-07-09 20:00:00,204.0,149.53989
Peguera Platja Torà,2025-07-10 08:00:00,264.0,156.35277
Peguera Platja Torà,2025-07-10 09:00:00,222.0,161.3842
Peguera Platja Torà,2025-07-10 10:00:00,213.0,156.52226
Peguera Platja Torà,2025-07-10 11:00:00,138.0,170.32681
Peguera Platja Torà,2025-07-10 12:00:00,89.0,173.84712
Peguera Platja Torà,2025-07-10 13:00:00,106.0,158.11131
Peguera Platja Torà,2025-07-10 14:00:00,136.0,123.096344
Peguera Platja Torà,2025-07-10 15:00:00,9.0,99.88648
Peguera Platja Torà,2025-07-10 16:00:00,110.0,47.26538
Peguera Platja Torà,2025-07-10 17:00:00,119.0,108.99728
Peguera Platja Torà,2025-07-10 18:00:00,139.0,66.4001
Peguera Platja Torà,2025-07-10 19:00:00,131.0,111.93268
Peguera Platja Torà,2025-07-10 20:00:00,136.0,142.85983
Peguera Platja Torà,2025-07-11 08:00:00,136.0,156.60426
Peguera Platja Torà,2025-07-11 09:00:00,170.0,200.11441
Peguera Platja Torà,2025-07-11 10:00:00,111.0,177.40916
Peguera Platja Torà,2025-07-11 11:00:00,80.0,190.35307
Peguera Platja Torà,2025-07-11 12:00:00,60.0,195.96336
Peguera Platja Torà,2025-07-11 15:00:00,89.0,193.11256
Peguera Platja Torà,2025-07-11 16:00:00,109.0,182.9409
Peguera Platja Torà,2025-07-11 17:00:00,9.0,186.86064
Peguera Platja Torà,2025-07-11 18:00:00,116.0,88.89978
Peguera Platja Torà,2025-07-11 19:00:00,143.0,90.16369
Peguera Platja Torà,2025-07-11 20:00:00,135.0,124.905396
Peguera Platja Torà,2025-07-12 08:00:00,142.0,145.38953
Peguera Platja Torà,2025-07-12 09:00:00,160.0,183.38423
Peguera Platja Torà,2025-07-12 10:00:00,218.0,179.82602
Peguera Platja Torà,2025-07-12 11:00:00,215.0,175.95349
Peguera Platja Torà,2025-07-12 12:00:00,124.0,170.37085
Peguera Platja Torà,2025-07-12 13:00:00,95.0,189.02357
Peguera Platja Torà,2025-07-12 14:00:00,89.0,222.48936
Peguera Platja Torà,2025-07-12 15:00:00,65.0,190.32713
Peguera Platja Torà,2025-07-12 16:00:00,129.0,185.80318
Peguera Platja Torà,2025-07-12 17:00:00,10.0,172.7464
Peguera Platja Torà,2025-07-12 18:00:00,143.0,23.322922
Peguera Platja Torà,2025-07-12 19:00:00,150.0,41.82511
Peguera Platja Torà,2025-07-12 20:00:00,168.0,159.52782
Peguera Platja Torà,2025-07-13 08:00:00,227.0,91.82026
Peguera Platja Torà,2025-07-13 09:00:00,277.0,123.41399
Peguera Platja Torà,2025-07-13 10:00:00,234.0,144.27829
Peguera Platja Torà,2025-07-13 11:00:00,209.0,223.75087
Peguera Platja Torà,2025-07-13 12:00:00,142.0,207.62646
Peguera Platja Torà,2025-07-13 13:00:00,112.0,196.42218
Peguera Platja Torà,2025-07-13 14:00:00,81.0,187.61954
Peguera Platja Torà,2025-07-13 15:00:00,73.0,143.78049
Peguera Platja Torà,2025-07-13 16:00:00,79.0,175.78961
Peguera Platja Torà,2025-07-13 17:00:00,9.0,177.28758
Peguera Platja Torà,2025-07-13 18:00:00,88.0,95.18178
Peguera Platja Torà,2025-07-13 19:00:00,149.0,122.27799
Peguera Platja Torà,2025-07-13 20:00:00,171.0,154.59708
Peguera Platja Torà,2025-07-14 08:00:00,159.0,166.03879
Peguera Platja Torà,2025-07-14 09:00:00,201.0,134.2157
Peguera Platja Torà,2025-07-14 10:00:00,132.0,160.8742
Peguera Platja Torà,2025-07-14 11:00:00,177.0,150.7157
Peguera Platja Torà,2025-07-14 12:00:00,121.0,152.77475
Peguera Platja Torà,2025-07-14 13:00:00,90.0,169.29373
Peguera Platja Torà,2025-07-14 14:00:00,65.0,173.50018
Peguera Platja Torà,2025-07-14 15:00:00,70.0,146.74857
Peguera Platja Torà,2025-07-14 16:00:00,72.0,93.05344
Peguera Platja Torà,2025-07-14 17:00:00,10.0,66.0083
Peguera Platja Torà,2025-07-14 18:00:00,93.0,19.58521
Peguera Platja Torà,2025-07-14 19:00:00,174.0,40.792892
Peguera Platja Torà,2025-07-14 20:00:00,95.0,54.097282
Peguera Platja Torà,2025-07-15 08:00:00,82.0,96.72518
Peguera Platja Torà,2025-07-15 09:00:00,82.0,124.18754
Peguera Platja Torà,2025-07-15 10:00:00,72.0,129.67433
Peguera Platja Torà,2025-07-15 11:00:00,101.0,137.56271
Peguera Platja Torà,2025-07-15 12:00:00,59.0,138.80595
Peguera Platja Torà,2025-07-15 13:00:00,89.0,153.20853
Peguera Platja Torà,2025-07-15 14:00:00,82.0,149.19775
Peguera Platja Torà,2025-07-15 15:00:00,46.0,133.77408
Peguera Platja Torà,2025-07-15 16:00:00,40.0,161.51506
Peguera Platja Torà,2025-07-15 17:00:00,9.0,191.32953
Peguera Platja Torà,2025-07-15 18:00:00,71.0,134.8798
Peguera Platja Torà,2025-07-15 19:00:00,139.0,144.45396
Peguera Platja Torà,2025-07-15 20:00:00,180.0,150.80106
Peguera Platja Torà,2025-07-16 08:00:00,174.0,103.17709
Peguera Platja Torà,2025-07-16 09:00:00,147.0,154.51073
Peguera Platja Torà,2025-07-16 10:00:00,145.0,159.30595
Peguera Platja Torà,2025-07-16 11:00:00,106.0,163.54373
Peguera Platja Torà,2025-07-16 12:00:00,75.0,149.78734
Peguera Platja Torà,2025-07-16 13:00:00,52.0,178.93904
Peguera Platja Torà,2025-07-16 14:00:00,66.0,155.81706
Peguera Platja Torà,2025-07-16 15:00:00,87.0,147.37872
Peguera Platja Torà,2025-07-16 16:00:00,70.0,198.45099
Peguera Platja Torà,2025-07-16 17:00:00,10.0,171.43584
Peguera Platja Torà,2025-07-16 18:00:00,88.0,135.18958
Peguera Platja Torà,2025-07-16 19:00:00,138.0,147.3495
Peguera Platja Torà,2025-07-16 20:00:00,197.0,224.806
Peguera Platja Torà,2025-07-17 08:00:00,229.0,173.9176
Peguera Platja Torà,2025-07-17 09:00:00,227.0,198.48447
Peguera Platja Torà,2025-07-17 10:00:00,326.0,208.60707
Peguera Platja Torà,2025-07-17 11:00:00,238.0,209.39389
Peguera Platja Torà,2025-07-17 12:00:00,203.0,206.08456
Peguera Platja Torà,2025-07-17 13:00:00,102.0,218.2235
Peguera Platja Torà,2025-07-17 14:00:00,79.0,184.80698
Peguera Platja Torà,2025-07-17 15:00:00,112.0,217.01926
Peguera Platja Torà,2025-07-17 16:00:00,85.0,193.43668
Peguera Platja Torà,2025-07-17 17:00:00,9.0,200.94933
Peguera Platja Torà,2025-07-17 18:00:00,151.0,141.1399
Peguera Platja Torà,2025-07-17 19:00:00,184.0,152.44965
Peguera Platja Torà,2025-07-17 20:00:00,254.0,178.1542
Peguera Platja Torà,2025-07-18 08:00:00,224.0,164.30315
Peguera Platja Torà,2025-07-18 09:00:00,288.0,264.38803
Peguera Platja Torà,2025-07-18 10:00:00,264.0,219.48912
Peguera Platja Torà,2025-07-18 11:00:00,240.0,220.81903
Peguera Platja Torà,2025-07-18 12:00:00,198.0,216.60257
Peguera Platja Torà,2025-07-18 13:00:00,121.0,196.83661
Peguera Platja Torà,2025-07-18 14:00:00,95.0,180.5865
Peguera Platja Torà,2025-07-18 15:00:00,111.0,220.33337
Peguera Platja Torà,2025-07-18 16:00:00,126.0,185.58553
Peguera Platja Torà,2025-07-18 17:00:00,9.0,268.89465
Peguera Platja Torà,2025-07-18 18:00:00,111.0,129.40656
Peguera Platja Torà,2025-07-18 19:00:00,189.0,132.16809
Peguera Platja Torà,2025-07-18 20:00:00,175.0,147.89778
Peguera Platja Torà,2025-07-19 08:00:00,193.0,159.55475
Peguera Platja Torà,2025-07-19 09:00:00,241.0,175.64825
Peguera Platja Torà,2025-07-19 10:00:00,177.0,216.24907
Peguera Platja Torà,2025-07-19 11:00:00,181.0,225.32979
Peguera Platja Torà,2025-07-19 12:00:00,162.0,211.72438
Peguera Platja Torà,2025-07-19 13:00:00,101.0,171.50304
Peguera Platja Torà,2025-07-19 14:00:00,81.0,220.55974
Peguera Platja Torà,2025-07-19 15:00:00,69.0,181.24876
Peguera Platja Torà,2025-07-19 16:00:00,66.0,179.1433
Peguera Platja Torà,2025-07-19 17:00:00,11.0,170.48105
Peguera Platja Torà,2025-07-19 18:00:00,121.0,113.61554
Peguera Platja Torà,2025-07-19 19:00:00,117.0,117.82906
Peguera Platja Torà,2025-07-19 20:00:00,98.0,211.2877
Peguera Platja Torà,2025-07-20 08:00:00,66.0,136.79482
Peguera Platja Torà,2025-07-20 09:00:00,102.0,171.40913
Peguera Platja Torà,2025-07-20 10:00:00,97.0,204.24216
Peguera Platja Torà,2025-07-20 11:00:00,111.0,201.33888
Peguera Platja Torà,2025-07-20 12:00:00,75.0,248.756
Peguera Platja Torà,2025-07-20 13:00:00,76.0,225.8754
Peguera Platja Torà,2025-07-20 14:00:00,66.0,226.42123
Peguera Platja Torà,2025-07-20 15:00:00,79.0,169.76044
Peguera Platja Torà,2025-07-20 16:00:00,51.0,179.84085
Peguera Platja Torà,2025-07-20 17:00:00,11.0,171.06906
Peguera Platja Torà,2025-07-20 18:00:00,164.0,125.871
Peguera Platja Torà,2025-07-20 19:00:00,191.0,119.90636
Peguera Platja Torà,2025-07-20 20:00:00,210.0,136.56546
Peguera Platja Torà,2025-07-21 08:00:00,205.0,143.62285
Peguera Platja Torà,2025-07-21 09:00:00,264.0,113.377235
Peguera Platja Torà,2025-07-21 10:00:00,246.0,137.58972
Peguera Platja Torà,2025-07-21 11:00:00,268.0,137.51541
Peguera Platja Torà,2025-07-21 12:00:00,161.0,139.3255
Peguera Platja Torà,2025-07-21 13:00:00,105.0,152.27301
Peguera Platja Torà,2025-07-21 14:00:00,86.0,162.05557
Peguera Platja Torà,2025-07-21 15:00:00,103.0,150.26826
Peguera Platja Torà,2025-07-21 16:00:00,15.0,95.26856
Peguera Platja Torà,2025-07-21 17:00:00,9.0,65.22733
Peguera Platja Torà,2025-07-21 18:00:00,171.0,134.88622
Peguera Platja Torà,2025-07-21 19:00:00,185.0,127.727196
Peguera Platja Torà,2025-07-21 20:00:00,233.0,164.51265
Peguera Platja Torà,2025-07-22 08:00:00,242.0,110.05525
Peguera Platja Torà,2025-07-22 09:00:00,249.0,140.17506
Peguera Platja Torà,2025-07-22 10:00:00,255.0,156.42499
Peguera Platja Torà,2025-07-22 11:00:00,240.0,158.48576
Peguera Platja Torà,2025-07-22 12:00:00,153.0,167.86803
Peguera Platja Torà,2025-07-22 13:00:00,147.0,193.88062
Peguera Platja Torà,2025-07-22 14:00:00,103.0,189.41011
Peguera Platja Torà,2025-07-22 15:00:00,125.0,164.6084
Peguera Platja Torà,2025-07-22 16:00:00,11.0,121.92474
Peguera Platja Torà,2025-07-22 17:00:00,10.0,70.190956
Peguera Platja Torà,2025-07-22 18:00:00,192.0,6.74975
Peguera Platja Torà,2025-07-22 19:00:00,211.0,22.731344
Peguera Platja Torà,2025-07-22 20:00:00,182.0,46.97099
Peguera Platja Torà,2025-07-23 08:00:00,168.0,110.53536
Peguera Platja Torà,2025-07-23 09:00:00,177.0,143.76445
Peguera Platja Torà,2025-07-23 10:00:00,262.0,164.8728
Peguera Platja Torà,2025-07-23 11:00:00,198.0,164.78577
Peguera Platja Torà,2025-07-23 12:00:00,168.0,154.01498
Peguera Platja Torà,2025-07-23 13:00:00,95.0,169.7693
Peguera Platja Torà,2025-07-23 14:00:00,92.0,177.0317
Peguera Platja Torà,2025-07-23 15:00:00,69.0,152.92847
Peguera Platja Torà,2025-07-23 16:00:00,10.0,182.7815
Peguera Platja Torà,2025-07-23 17:00:00,9.0,169.42216
Peguera Platja Torà,2025-07-23 18:00:00,144.0,120.49558
Peguera Platja Torà,2025-07-23 19:00:00,191.0,109.09601
Peguera Platja Torà,2025-07-23 20:00:00,212.0,50.4756
Peguera Platja Torà,2025-07-24 08:00:00,174.0,98.30389
Peguera Platja Torà,2025-07-24 09:00:00,173.0,133.29112
Peguera Platja Torà,2025-07-24 10:00:00,166.0,149.3602
Peguera Platja Torà,2025-07-24 11:00:00,181.0,149.45369
Peguera Platja Torà,2025-07-24 12:00:00,120.0,142.33488
Peguera Platja Torà,2025-07-24 13:00:00,124.0,157.18604
Peguera Platja Torà,2025-07-24 14:00:00,118.0,159.00917
Peguera Platja Torà,2025-07-24 15:00:00,79.0,147.89507
Peguera Platja Torà,2025-07-24 16:00:00,9.0,84.41465
Peguera Platja Torà,2025-07-24 17:00:00,11.0,64.36044
Peguera Platja Torà,2025-07-24 18:00:00,154.0,32.737514
Peguera Platja Torà,2025-07-24 19:00:00,271.0,55.593533
Peguera Platja Torà,2025-07-24 20:00:00,166.0,72.63953
Peguera Platja Torà,2025-07-25 08:00:00,159.0,73.61788
Peguera Platja Torà,2025-07-25 09:00:00,239.0,108.31065
Peguera Platja Torà,2025-07-25 10:00:00,211.0,124.00469
Peguera Platja Torà,2025-07-25 11:00:00,222.0,130.17528
Peguera Platja Torà,2025-07-25 12:00:00,144.0,128.43492
Peguera Platja Torà,2025-07-25 13:00:00,111.0,141.46094
Peguera Platja Torà,2025-07-25 14:00:00,92.0,141.94864
Peguera Platja Torà,2025-07-25 15:00:00,98.0,133.2806
Peguera Platja Torà,2025-07-25 16:00:00,10.0,62.263157
Peguera Platja Torà,2025-07-25 17:00:00,11.0,43.257507
Peguera Platja Torà,2025-07-25 18:00:00,177.0,29.463774
Peguera Platja Torà,2025-07-25 19:00:00,140.0,42.904594
Peguera Platja Torà,2025-07-25 20:00:00,214.0,49.788548
Peguera Platja Torà,2025-07-26 08:00:00,215.0,76.25126
Peguera Platja Torà,2025-07-26 09:00:00,169.0,84.50671
Peguera Platja Torà,2025-07-26 10:00:00,230.0,105.58789
Peguera Platja Torà,2025-07-26 11:00:00,200.0,106.161316
Peguera Platja Torà,2025-07-26 12:00:00,163.0,115.98306
Peguera Platja Torà,2025-07-26 13:00:00,134.0,127.18315
Peguera Platja Torà,2025-07-26 14:00:00,91.0,145.71428
Peguera Platja Torà,2025-07-26 15:00:00,167.0,142.04405
Peguera Platja Torà,2025-07-26 16:00:00,12.0,119.31853
Peguera Platja Torà,2025-07-26 17:00:00,10.0,83.33554
Peguera Platja Torà,2025-07-26 18:00:00,142.0,32.677227
Peguera Platja Torà,2025-07-26 19:00:00,169.0,61.90289
Peguera Platja Torà,2025-07-26 20:00:00,168.0,74.55789
Peguera Platja Torà,2025-07-27 08:00:00,184.0,115.17245
Peguera Platja Torà,2025-07-27 09:00:00,184.0,163.13994
Peguera Platja Torà,2025-07-27 10:00:00,236.0,167.79362
Peguera Platja Torà,2025-07-27 11:00:00,220.0,191.84077
Peguera Platja Torà,2025-07-27 12:00:00,189.0,182.92628
Peguera Platja Torà,2025-07-27 13:00:00,121.0,200.12105
Peguera Platja Torà,2025-07-27 14:00:00,115.0,212.50592
Peguera Platja Torà,2025-07-27 15:00:00,108.0,209.50432
Peguera Platja Torà,2025-07-27 16:00:00,10.0,180.525
Peguera Platja Torà,2025-07-27 17:00:00,10.0,184.39595
Peguera Platja Torà,2025-07-27 18:00:00,151.0,98.29619
Peguera Platja Torà,2025-07-27 19:00:00,159.0,131.59328
Peguera Platja Torà,2025-07-27 20:00:00,192.0,177.1597
Peguera Platja Torà,2025-07-28 08:00:00,180.0,151.84074
Peguera Platja Torà,2025-07-28 09:00:00,125.0,178.8189
Peguera Platja Torà,2025-07-28 10:00:00,130.0,175.40128
Peguera Platja Torà,2025-07-28 11:00:00,133.0,183.82556
Peguera Platja Torà,2025-07-28 12:00:00,130.0,213.97731
Peguera Platja Torà,2025-07-28 13:00:00,72.0,227.4003
Peguera Platja Torà,2025-07-28 14:00:00,63.0,182.86801
Peguera Platja Torà,2025-07-28 15:00:00,61.0,179.84409
Peguera Platja Torà,2025-07-28 16:00:00,11.0,174.69748
Peguera Platja Torà,2025-07-28 17:00:00,10.0,176.28905
Peguera Platja Torà,2025-07-28 18:00:00,137.0,89.347855
Peguera Platja Torà,2025-07-28 19:00:00,175.0,126.820724
Peguera Platja Torà,2025-07-28 20:00:00,216.0,122.96416
Peguera Platja Torà,2025-07-29 08:00:00,147.0,149.17297
Peguera Platja Torà,2025-07-29 09:00:00,177.0,208.15964
Peguera Platja Torà,2025-07-29 10:00:00,222.0,180.0655
Peguera Platja Torà,2025-07-29 11:00:00,162.0,191.0671
Peguera Platja Torà,2025-07-29 12:00:00,162.0,200.49318
Peguera Platja Torà,2025-07-29 13:00:00,90.0,190.82677
Peguera Platja Torà,2025-07-29 14:00:00,82.0,182.94656
Peguera Platja Torà,2025-07-29 15:00:00,73.0,182.99953
Peguera Platja Torà,2025-07-29 16:00:00,10.0,169.27301
Peguera Platja Torà,2025-07-29 17:00:00,11.0,162.48627
Peguera Platja Torà,2025-07-29 18:00:00,161.0,93.383644
Peguera Platja Torà,2025-07-29 19:00:00,183.0,110.11648
Peguera Platja Torà,2025-07-29 20:00:00,171.0,56.74397
Peguera Platja Torà,2025-07-30 08:00:00,196.0,103.88932
Peguera Platja Torà,2025-07-30 09:00:00,147.0,131.6983
Peguera Platja Torà,2025-07-30 10:00:00,161.0,141.95045
Peguera Platja Torà,2025-07-30 11:00:00,182.0,144.8808
Peguera Platja Torà,2025-07-30 12:00:00,123.0,146.47754
Peguera Platja Torà,2025-07-30 13:00:00,76.0,179.85654
Peguera Platja Torà,2025-07-30 14:00:00,64.0,192.03491
Peguera Platja Torà,2025-07-30 15:00:00,64.0,187.84988
Peguera Platja Torà,2025-07-30 16:00:00,10.0,101.47958
Peguera Platja Torà,2025-07-30 17:00:00,10.0,74.918205
Peguera Platja Torà,2025-07-30 18:00:00,134.0,11.717817
Peguera Platja Torà,2025-07-30 19:00:00,209.0,34.084415
Peguera Platja Torà,2025-07-30 20:00:00,200.0,57.957623
Peguera Platja Torà,2025-07-31 08:00:00,199.0,102.03592
Peguera Platja Torà,2025-07-31 09:00:00,165.0,147.0226
Peguera Platja Torà,2025-07-31 10:00:00,184.0,169.38913
Peguera Platja Torà,2025-07-31 11:00:00,157.0,185.10625
Peguera Platja Torà,2025-07-31 12:00:00,158.0,180.39532
Peguera Platja Torà,2025-07-31 13:00:00,90.0,192.99495
Peguera Platja Torà,2025-07-31 14:00:00,69.0,195.64122
Peguera Platja Torà,2025-07-31 15:00:00,53.0,198.88664
Peguera Platja Torà,2025-07-31 16:00:00,9.0,172.30302
Peguera Platja Torà,2025-07-31 17:00:00,9.0,181.60268
Peguera Platja Torà,2025-07-31 18:00:00,129.0,109.183754
Peguera Platja Torà,2025-07-31 19:00:00,161.0,149.61891
Peguera Platja Torà,2025-07-31 20:00:00,191.0,108.85134
Peguera Platja Torà,2025-08-01 08:00:00,187.0,119.928635
Peguera Platja Torà,2025-08-01 09:00:00,181.0,185.846
Peguera Platja Torà,2025-08-01 10:00:00,190.0,180.98367
Peguera Platja Torà,2025-08-01 11:00:00,186.0,178.17662
Peguera Platja Torà,2025-08-01 12:00:00,154.0,177.07974
Peguera Platja Torà,2025-08-01 13:00:00,126.0,158.9135
Peguera Platja Torà,2025-08-01 14:00:00,89.0,218.46704
Peguera Platja Torà,2025-08-01 15:00:00,102.0,182.04266
Peguera Platja Torà,2025-08-01 16:00:00,9.0,170.41963
Peguera Platja Torà,2025-08-01 17:00:00,10.0,187.21806
Peguera Platja Torà,2025-08-01 18:00:00,179.0,84.1001
Peguera Platja Torà,2025-08-01 19:00:00,151.0,92.316864
Peguera Platja Torà,2025-08-01 20:00:00,187.0,117.203804
Peguera Platja Torà,2025-08-02 08:00:00,173.0,139.06511
Peguera Platja Torà,2025-08-02 09:00:00,164.0,165.74792
Peguera Platja Torà,2025-08-02 10:00:00,220.0,179.81328
Peguera Platja Torà,2025-08-02 11:00:00,192.0,187.31041
Peguera Platja Torà,2025-08-02 12:00:00,134.0,175.68608
Peguera Platja Torà,2025-08-02 13:00:00,106.0,168.3024
Peguera Platja Torà,2025-08-02 14:00:00,81.0,168.7469
Peguera Platja Torà,2025-08-02 15:00:00,79.0,157.35448
Peguera Platja Torà,2025-08-02 16:00:00,10.0,166.51848
Peguera Platja Torà,2025-08-02 17:00:00,10.0,172.47125
Peguera Platja Torà,2025-08-02 18:00:00,168.0,97.53985
Peguera Platja Torà,2025-08-02 19:00:00,179.0,103.997826
Peguera Platja Torà,2025-08-02 20:00:00,159.0,111.89886
Peguera Platja Torà,2025-08-03 08:00:00,192.0,145.63286
Peguera Platja Torà,2025-08-03 09:00:00,202.0,170.58026
Peguera Platja Torà,2025-08-03 10:00:00,231.0,209.3056
Peguera Platja Torà,2025-08-03 11:00:00,207.0,181.47514
Peguera Platja Torà,2025-08-03 12:00:00,167.0,180.63396
Peguera Platja Torà,2025-08-03 13:00:00,115.0,189.49918
Peguera Platja Torà,2025-08-03 14:00:00,83.0,161.7948
Peguera Platja Torà,2025-08-03 15:00:00,81.0,178.65132
Peguera Platja Torà,2025-08-03 16:00:00,11.0,176.4094
Peguera Platja Torà,2025-08-03 17:00:00,9.0,157.44835
Peguera Platja Torà,2025-08-03 18:00:00,124.0,86.993
Peguera Platja Torà,2025-08-03 19:00:00,168.0,94.654434
Peguera Platja Torà,2025-08-03 20:00:00,181.0,134.20781
Peguera Platja Torà,2025-08-04 08:00:00,178.0,125.36085
Peguera Platja Torà,2025-08-04 09:00:00,160.0,168.19807
Peguera Platja Torà,2025-08-04 10:00:00,220.0,173.34369
Peguera Platja Torà,2025-08-04 11:00:00,177.0,141.72984
Peguera Platja Torà,2025-08-04 12:00:00,179.0,142.11075
Peguera Platja Torà,2025-08-04 13:00:00,128.0,159.52376
Peguera Platja Torà,2025-08-04 14:00:00,116.0,168.96509
Peguera Platja Torà,2025-08-04 15:00:00,71.0,140.86292
Peguera Platja Torà,2025-08-04 16:00:00,9.0,157.5773
Peguera Platja Torà,2025-08-04 17:00:00,10.0,214.67482
Peguera Platja Torà,2025-08-04 18:00:00,121.0,62.982243
Peguera Platja Torà,2025-08-04 19:00:00,179.0,116.380104
Peguera Platja Torà,2025-08-04 20:00:00,186.0,105.76903
Peguera Platja Torà,2025-08-05 08:00:00,189.0,126.3595
Peguera Platja Torà,2025-08-05 09:00:00,192.0,171.61884
Peguera Platja Torà,2025-08-05 10:00:00,202.0,183.19676
Peguera Platja Torà,2025-08-05 11:00:00,215.0,182.25569
Peguera Platja Torà,2025-08-05 12:00:00,201.0,161.20854
Peguera Platja Torà,2025-08-05 13:00:00,131.0,163.33147
Peguera Platja Torà,2025-08-05 14:00:00,110.0,183.62173
Peguera Platja Torà,2025-08-05 15:00:00,86.0,166.67302
Peguera Platja Torà,2025-08-05 16:00:00,10.0,179.33095
Peguera Platja Torà,2025-08-05 17:00:00,10.0,181.39337
Peguera Platja Torà,2025-08-05 18:00:00,164.0,84.16179
Peguera Platja Torà,2025-08-05 19:00:00,201.0,86.316605
Peguera Platja Torà,2025-08-05 20:00:00,207.0,121.685555
Peguera Platja Torà,2025-08-06 08:00:00,182.0,146.58568
Peguera Platja Torà,2025-08-06 09:00:00,161.0,184.39597
Peguera Platja Torà,2025-08-06 10:00:00,182.0,187.47449
Peguera Platja Torà,2025-08-06 11:00:00,203.0,187.40926
Peguera Platja Torà,2025-08-06 12:00:00,171.0,187.50185
Peguera Platja Torà,2025-08-06 13:00:00,143.0,201.58025
Peguera Platja Torà,2025-08-06 14:00:00,97.0,203.5323
Peguera Platja Torà,2025-08-06 15:00:00,79.0,186.13599
Peguera Platja Torà,2025-08-06 16:00:00,9.0,164.88795
Peguera Platja Torà,2025-08-06 17:00:00,9.0,136.33797
Peguera Platja Torà,2025-08-06 18:00:00,120.0,98.87052
Peguera Platja Torà,2025-08-06 19:00:00,188.0,110.72545
Peguera Platja Torà,2025-08-06 20:00:00,210.0,144.11948
Peguera Platja Torà,2025-08-07 08:00:00,171.0,111.48131
Peguera Platja Torà,2025-08-07 09:00:00,152.0,139.72705
Peguera Platja Torà,2025-08-07 10:00:00,177.0,157.11792
Peguera Platja Torà,2025-08-07 11:00:00,203.0,158.2044
Peguera Platja Torà,2025-08-07 12:00:00,153.0,157.66669
Peguera Platja Torà,2025-08-07 13:00:00,121.0,166.86679
Peguera Platja Torà,2025-08-07 14:00:00,100.0,169.8111
Peguera Platja Torà,2025-08-07 15:00:00,69.0,147.0533
Peguera Platja Torà,2025-08-07 16:00:00,11.0,88.006516
Peguera Platja Torà,2025-08-07 17:00:00,11.0,70.59479
Peguera Platja Torà,2025-08-07 18:00:00,127.0,86.35926
Peguera Platja Torà,2025-08-07 19:00:00,182.0,30.198164
Peguera Platja Torà,2025-08-07 20:00:00,251.0,69.126045
Peguera Platja Torà,2025-08-08 08:00:00,208.0,117.53984
Peguera Platja Torà,2025-08-08 09:00:00,151.0,154.75253
Peguera Platja Torà,2025-08-08 10:00:00,197.0,163.63954
Peguera Platja Torà,2025-08-08 11:00:00,129.0,165.66518
Peguera Platja Torà,2025-08-08 12:00:00,136.0,168.33319
Peguera Platja Torà,2025-08-08 13:00:00,89.0,182.33252
Peguera Platja Torà,2025-08-08 14:00:00,59.0,185.66737
Peguera Platja Torà,2025-08-08 15:00:00,72.0,160.36021
Peguera Platja Torà,2025-08-08 16:00:00,10.0,98.42163
Peguera Platja Torà,2025-08-08 17:00:00,9.0,84.25254
Peguera Platja Torà,2025-08-08 18:00:00,130.0,36.678944
Peguera Platja Torà,2025-08-08 19:00:00,170.0,62.519512
Peguera Platja Torà,2025-08-08 20:00:00,126.0,81.58454
Peguera Platja Torà,2025-08-09 08:00:00,146.0,121.1679
Peguera Platja Torà,2025-08-09 09:00:00,227.0,138.22662
Peguera Platja Torà,2025-08-09 10:00:00,121.0,146.87964
Peguera Platja Torà,2025-08-09 11:00:00,120.0,149.82425
Peguera Platja Torà,2025-08-09 12:00:00,117.0,155.35059
Peguera Platja Torà,2025-08-09 13:00:00,75.0,168.8869
Peguera Platja Torà,2025-08-09 14:00:00,56.0,171.88278
Peguera Platja Torà,2025-08-09 15:00:00,84.0,146.7153
Peguera Platja Torà,2025-08-09 16:00:00,9.0,84.14183
Peguera Platja Torà,2025-08-09 17:00:00,10.0,56.65767
Peguera Platja Torà,2025-08-09 18:00:00,82.0,-1.7825501
Peguera Platja Torà,2025-08-09 19:00:00,61.0,14.990106
Peguera Platja Torà,2025-08-09 20:00:00,79.0,26.745602
Peguera Platja Torà,2025-08-10 08:00:00,80.0,85.84052
Peguera Platja Torà,2025-08-10 09:00:00,133.0,136.93593
Peguera Platja Torà,2025-08-10 10:00:00,118.0,146.56981
Peguera Platja Torà,2025-08-10 11:00:00,117.0,141.94728
Peguera Platja Torà,2025-08-10 12:00:00,103.0,149.20584
Peguera Platja Torà,2025-08-10 13:00:00,76.0,168.79958
Peguera Platja Torà,2025-08-10 14:00:00,59.0,172.16669
Peguera Platja Torà,2025-08-10 15:00:00,75.0,145.98047
Peguera Platja Torà,2025-08-10 16:00:00,10.0,77.784706
Peguera Platja Torà,2025-08-10 17:00:00,10.0,68.83012
Peguera Platja Torà,2025-08-10 18:00:00,117.0,-2.5181122
Peguera Platja Torà,2025-08-10 19:00:00,166.0,20.045053
Peguera Platja Torà,2025-08-10 20:00:00,161.0,50.868748
Peguera Platja Torà,2025-08-11 08:00:00,146.0,100.54085
Peguera Platja Torà,2025-08-11 09:00:00,86.0,147.76112
Peguera Platja Torà,2025-08-11 10:00:00,141.0,153.4263
Peguera Platja Torà,2025-08-11 11:00:00,133.0,151.04985
Peguera Platja Torà,2025-08-11 12:00:00,104.0,159.37233
Peguera Platja Torà,2025-08-11 13:00:00,50.0,167.9645
Peguera Platja Torà,2025-08-11 14:00:00,71.0,172.76341
Peguera Platja Torà,2025-08-11 15:00:00,86.0,120.43936
Peguera Platja Torà,2025-08-11 16:00:00,10.0,133.03912
Peguera Platja Torà,2025-08-11 17:00:00,10.0,177.43176
Peguera Platja Torà,2025-08-11 18:00:00,125.0,162.2031
Peguera Platja Torà,2025-08-11 19:00:00,139.0,166.22021
Peguera Platja Torà,2025-08-11 20:00:00,167.0,65.02393
Peguera Platja Torà,2025-08-12 08:00:00,145.0,108.35717
Peguera Platja Torà,2025-08-12 09:00:00,171.0,147.36772
Peguera Platja Torà,2025-08-12 10:00:00,189.0,162.26993
Peguera Platja Torà,2025-08-12 11:00:00,190.0,151.08357
Peguera Platja Torà,2025-08-12 12:00:00,109.0,149.04567
Peguera Platja Torà,2025-08-12 13:00:00,81.0,162.82803
Peguera Platja Torà,2025-08-12 14:00:00,64.0,177.62138
Peguera Platja Torà,2025-08-12 15:00:00,109.0,175.12827
Peguera Platja Torà,2025-08-12 16:00:00,11.0,170.94142
Peguera Platja Torà,2025-08-12 17:00:00,11.0,179.84544
Peguera Platja Torà,2025-08-12 18:00:00,145.0,124.94929
Peguera Platja Torà,2025-08-12 19:00:00,170.0,117.4761
Peguera Platja Torà,2025-08-12 20:00:00,164.0,100.769936
Peguera Platja Torà,2025-08-13 08:00:00,160.0,88.37499
Peguera Platja Torà,2025-08-13 09:00:00,183.0,140.47473
Peguera Platja Torà,2025-08-13 10:00:00,160.0,163.10971
Peguera Platja Torà,2025-08-13 11:00:00,104.0,159.57118
Peguera Platja Torà,2025-08-13 12:00:00,102.0,154.47772
Peguera Platja Torà,2025-08-13 13:00:00,72.0,169.25159
Peguera Platja Torà,2025-08-13 14:00:00,68.0,169.7953
Peguera Platja Torà,2025-08-13 15:00:00,50.0,155.43527
Peguera Platja Torà,2025-08-13 16:00:00,10.0,156.18211
Peguera Platja Torà,2025-08-13 17:00:00,10.0,195.4323
Peguera Platja Torà,2025-08-13 18:00:00,111.0,126.37945
Peguera Platja Torà,2025-08-13 19:00:00,206.0,114.886314
Peguera Platja Torà,2025-08-13 20:00:00,172.0,128.21451
Peguera Platja Torà,2025-08-14 08:00:00,195.0,99.53935
Peguera Platja Torà,2025-08-14 09:00:00,159.0,128.24019
Peguera Platja Torà,2025-08-14 10:00:00,181.0,146.97545
Peguera Platja Torà,2025-08-14 11:00:00,159.0,148.49944
Peguera Platja Torà,2025-08-14 12:00:00,104.0,153.02443
Peguera Platja Torà,2025-08-14 13:00:00,85.0,167.47261
Peguera Platja Torà,2025-08-14 14:00:00,71.0,170.1838
Peguera Platja Torà,2025-08-14 15:00:00,56.0,166.25174
Peguera Platja Torà,2025-08-14 16:00:00,10.0,165.68204
Peguera Platja Torà,2025-08-14 17:00:00,10.0,231.03934
Peguera Platja Torà,2025-08-14 18:00:00,119.0,128.60847
Peguera Platja Torà,2025-08-14 19:00:00,141.0,109.046265
Peguera Platja Torà,2025-08-14 20:00:00,182.0,126.7134
Peguera Platja Torà,2025-08-15 08:00:00,160.0,123.67038
Peguera Platja Torà,2025-08-15 09:00:00,130.0,184.11035
Peguera Platja Torà,2025-08-15 10:00:00,158.0,216.28995
Peguera Platja Torà,2025-08-15 11:00:00,157.0,224.4621
Peguera Platja Torà,2025-08-15 12:00:00,116.0,178.418
Peguera Platja Torà,2025-08-15 13:00:00,94.0,182.8816
Peguera Platja Torà,2025-08-15 14:00:00,85.0,185.35188
Peguera Platja Torà,2025-08-15 15:00:00,46.0,175.77313
Peguera Platja Torà,2025-08-15 16:00:00,9.0,166.49144
Peguera Platja Torà,2025-08-15 17:00:00,10.0,182.84627
Peguera Platja Torà,2025-08-15 18:00:00,90.0,92.96843
Peguera Platja Torà,2025-08-15 19:00:00,116.0,88.86625
Peguera Platja Torà,2025-08-15 20:00:00,86.0,92.78034
Peguera Platja Torà,2025-08-16 08:00:00,104.0,149.81699
Peguera Platja Torà,2025-08-16 09:00:00,96.0,170.47588
Peguera Platja Torà,2025-08-16 10:00:00,120.0,175.02522
Peguera Platja Torà,2025-08-16 11:00:00,107.0,202.45784
Peguera Platja Torà,2025-08-16 12:00:00,95.0,186.36177
Peguera Platja Torà,2025-08-16 13:00:00,55.0,177.75339
Peguera Platja Torà,2025-08-16 14:00:00,58.0,176.56714
Peguera Platja Torà,2025-08-16 15:00:00,51.0,147.56136
Peguera Platja Torà,2025-08-16 16:00:00,10.0,125.06265
Peguera Platja Torà,2025-08-16 17:00:00,9.0,181.48198
Peguera Platja Torà,2025-08-16 18:00:00,89.0,97.748146
Peguera Platja Torà,2025-08-16 19:00:00,158.0,79.376724
Peguera Platja Torà,2025-08-16 20:00:00,168.0,116.281456
Peguera Platja Torà,2025-08-17 08:00:00,166.0,134.82611
Peguera Platja Torà,2025-08-17 09:00:00,151.0,123.2359
Peguera Platja Torà,2025-08-17 10:00:00,132.0,145.31854
Peguera Platja Torà,2025-08-17 11:00:00,136.0,199.19145
Peguera Platja Torà,2025-08-17 12:00:00,72.0,155.91528
Peguera Platja Torà,2025-08-17 13:00:00,80.0,161.02022
Peguera Platja Torà,2025-08-17 14:00:00,59.0,165.83113
Peguera Platja Torà,2025-08-17 15:00:00,51.0,177.48018
Peguera Platja Torà,2025-08-17 16:00:00,9.0,190.04015
Peguera Platja Torà,2025-08-17 17:00:00,10.0,173.65662
Peguera Platja Torà,2025-08-17 18:00:00,103.0,75.869514
Peguera Platja Torà,2025-08-17 19:00:00,49.0,80.58343
Peguera Platja Torà,2025-08-17 20:00:00,94.0,46.546627
Peguera Platja Torà,2025-08-18 08:00:00,157.0,112.7712
Peguera Platja Torà,2025-08-18 09:00:00,167.0,134.88968
Peguera Platja Torà,2025-08-18 10:00:00,129.0,141.65776
Peguera Platja Torà,2025-08-18 11:00:00,117.0,147.22517
Peguera Platja Torà,2025-08-18 12:00:00,91.0,140.16243
Peguera Platja Torà,2025-08-18 13:00:00,89.0,164.0373
Peguera Platja Torà,2025-08-18 14:00:00,45.0,157.9151
Peguera Platja Torà,2025-08-18 15:00:00,70.0,120.52875
Peguera Platja Torà,2025-08-18 16:00:00,11.0,76.70476
Peguera Platja Torà,2025-08-18 17:00:00,10.0,65.25154
Peguera Platja Torà,2025-08-18 18:00:00,95.0,20.309927
Peguera Platja Torà,2025-08-18 19:00:00,139.0,32.823444
Peguera Platja Torà,2025-08-18 20:00:00,152.0,47.290474
Peguera Platja Torà,2025-08-19 08:00:00,139.0,103.12569
Peguera Platja Torà,2025-08-19 09:00:00,139.0,130.19502
Peguera Platja Torà,2025-08-19 10:00:00,148.0,140.39368
Peguera Platja Torà,2025-08-19 11:00:00,170.0,110.00519
Peguera Platja Torà,2025-08-19 12:00:00,125.0,113.40193
Peguera Platja Torà,2025-08-19 13:00:00,92.0,117.91423
Peguera Platja Torà,2025-08-19 14:00:00,79.0,114.39054
Peguera Platja Torà,2025-08-19 15:00:00,103.0,93.835434
Peguera Platja Torà,2025-08-19 16:00:00,10.0,40.2043
Peguera Platja Torà,2025-08-19 17:00:00,10.0,36.35502
Peguera Platja Torà,2025-08-19 18:00:00,104.0,26.3173
Peguera Platja Torà,2025-08-19 19:00:00,139.0,27.269709
Peguera Platja Torà,2025-08-19 20:00:00,146.0,28.621164
Peguera Platja Torà,2025-08-20 08:00:00,103.0,45.651276
Peguera Platja Torà,2025-08-20 09:00:00,115.0,85.78704
Peguera Platja Torà,2025-08-20 10:00:00,160.0,97.5165
Peguera Platja Torà,2025-08-20 11:00:00,85.0,87.84803
Peguera Platja Torà,2025-08-20 12:00:00,68.0,108.57717
Peguera Platja Torà,2025-08-20 13:00:00,70.0,109.84096
Peguera Platja Torà,2025-08-20 14:00:00,79.0,102.465096
Peguera Platja Torà,2025-08-20 15:00:00,66.0,90.90137
Peguera Platja Torà,2025-08-20 16:00:00,10.0,40.03796
Peguera Platja Torà,2025-08-20 17:00:00,9.0,34.22354
Peguera Platja Torà,2025-08-20 18:00:00,113.0,25.810753
Peguera Platja Torà,2025-08-20 19:00:00,147.0,37.271732
Peguera Platja Torà,2025-08-20 20:00:00,148.0,50.11151
Peguera Platja Torà,2025-08-21 08:00:00,159.0,62.65587
Peguera Platja Torà,2025-08-21 09:00:00,121.0,93.20392
Peguera Platja Torà,2025-08-21 10:00:00,184.0,114.95018
Peguera Platja Torà,2025-08-21 11:00:00,119.0,111.24137
Peguera Platja Torà,2025-08-21 12:00:00,87.0,110.177925
Peguera Platja Torà,2025-08-21 13:00:00,88.0,126.996315
Peguera Platja Torà,2025-08-21 14:00:00,86.0,139.09866
Peguera Platja Torà,2025-08-21 15:00:00,103.0,111.674385
Peguera Platja Torà,2025-08-21 16:00:00,10.0,48.886665
Peguera Platja Torà,2025-08-21 17:00:00,10.0,46.1366
Peguera Platja Torà,2025-08-21 18:00:00,137.0,27.780481
Peguera Platja Torà,2025-08-21 19:00:00,148.0,41.964134
Peguera Platja Torà,2025-08-21 20:00:00,153.0,55.764008
Peguera Platja Torà,2025-08-22 08:00:00,167.0,81.735565
Peguera Platja Torà,2025-08-22 09:00:00,182.0,125.44122
Peguera Platja Torà,2025-08-22 10:00:00,180.0,141.44281
Peguera Platja Torà,2025-08-22 11:00:00,135.0,143.49138
Peguera Platja Torà,2025-08-22 12:00:00,103.0,140.68408
Peguera Platja Torà,2025-08-22 13:00:00,66.0,151.26294
Peguera Platja Torà,2025-08-22 14:00:00,61.0,148.01903
Peguera Platja Torà,2025-08-22 15:00:00,79.0,127.69341
Peguera Platja Torà,2025-08-22 16:00:00,8.0,99.13209
Peguera Platja Torà,2025-08-22 17:00:00,9.0,89.3528
Peguera Platja Torà,2025-08-22 18:00:00,153.0,24.105078
Peguera Platja Torà,2025-08-22 19:00:00,156.0,43.40629
Peguera Platja Torà,2025-08-22 20:00:00,139.0,52.45527
Peguera Platja Torà,2025-08-23 08:00:00,171.0,67.374146
Peguera Platja Torà,2025-08-23 09:00:00,108.0,83.49641
Peguera Platja Torà,2025-08-23 10:00:00,162.0,108.72735
Peguera Platja Torà,2025-08-23 11:00:00,138.0,105.78175
Peguera Platja Torà,2025-08-23 12:00:00,81.0,104.13209
Peguera Platja Torà,2025-08-23 13:00:00,66.0,112.72833
Peguera Platja Torà,2025-08-23 14:00:00,64.0,136.59442
Peguera Platja Torà,2025-08-23 15:00:00,106.0,112.61166
Peguera Platja Torà,2025-08-23 16:00:00,10.0,77.62405
Peguera Platja Torà,2025-08-23 17:00:00,9.0,65.39032
Peguera Platja Torà,2025-08-23 18:00:00,82.0,23.784874
Peguera Platja Torà,2025-08-23 19:00:00,122.0,33.381763
Peguera Platja Torà,2025-08-23 20:00:00,107.0,58.442772
Peguera Platja Torà,2025-08-24 08:00:00,164.0,81.06265
Peguera Platja Torà,2025-08-24 09:00:00,142.0,104.84374
Peguera Platja Torà,2025-08-24 10:00:00,103.0,108.57091
Peguera Platja Torà,2025-08-24 11:00:00,88.0,102.675964
Peguera Platja Torà,2025-08-24 12:00:00,70.0,101.63077
Peguera Platja Torà,2025-08-24 13:00:00,60.0,118.10991
Peguera Platja Torà,2025-08-24 14:00:00,50.0,132.04056
Peguera Platja Torà,2025-08-24 15:00:00,149.0,107.74993
Peguera Platja Torà,2025-08-24 16:00:00,9.0,72.28167
Peguera Platja Torà,2025-08-24 17:00:00,10.0,66.97192
Peguera Platja Torà,2025-08-24 18:00:00,142.0,26.19523
Peguera Platja Torà,2025-08-24 19:00:00,156.0,44.87101
Peguera Platja Torà,2025-08-24 20:00:00,169.0,63.430496
Peguera Platja Torà,2025-08-25 08:00:00,172.0,67.02684
Peguera Platja Torà,2025-08-25 09:00:00,191.0,95.478455
Peguera Platja Torà,2025-08-25 10:00:00,197.0,99.76048
Peguera Platja Torà,2025-08-25 11:00:00,183.0,100.52324
Peguera Platja Torà,2025-08-25 12:00:00,109.0,107.071014
Peguera Platja Torà,2025-08-25 13:00:00,90.0,117.693596
Peguera Platja Torà,2025-08-25 14:00:00,67.0,109.68435
Peguera Platja Torà,2025-08-25 15:00:00,102.0,91.68787
Peguera Platja Torà,2025-08-25 16:00:00,10.0,40.45712
Peguera Platja Torà,2025-08-25 17:00:00,11.0,34.476772
Peguera Platja Torà,2025-08-25 18:00:00,141.0,25.67115
Peguera Platja Torà,2025-08-25 19:00:00,138.0,38.15941
Peguera Platja Torà,2025-08-25 20:00:00,154.0,49.455284
Peguera Platja Torà,2025-08-26 08:00:00,160.0,64.34331
Peguera Platja Torà,2025-08-26 09:00:00,164.0,92.511375
Peguera Platja Torà,2025-08-26 10:00:00,165.0,91.78141
Peguera Platja Torà,2025-08-26 11:00:00,150.0,92.70624
Peguera Platja Torà,2025-08-26 12:00:00,86.0,89.70967
Peguera Platja Torà,2025-08-26 13:00:00,61.0,106.81253
Peguera Platja Torà,2025-08-26 14:00:00,67.0,99.72233
Peguera Platja Torà,2025-08-26 15:00:00,90.0,83.210464
Peguera Platja Torà,2025-08-26 16:00:00,9.0,40.58998
Peguera Platja Torà,2025-08-26 17:00:00,11.0,33.988102
Peguera Platja Torà,2025-08-26 18:00:00,114.0,23.975927
Peguera Platja Torà,2025-08-26 19:00:00,157.0,34.947388
Peguera Platja Torà,2025-08-26 20:00:00,163.0,48.586914
Peguera Platja Torà,2025-08-27 08:00:00,194.0,63.543774
Peguera Platja Torà,2025-08-27 09:00:00,195.0,99.783356
Peguera Platja Torà,2025-08-27 10:00:00,74.0,109.27384
Peguera Platja Torà,2025-08-27 11:00:00,79.0,106.08217
Peguera Platja Torà,2025-08-27 12:00:00,66.0,100.292786
Peguera Platja Torà,2025-08-27 13:00:00,51.0,105.342896
Peguera Platja Torà,2025-08-27 14:00:00,40.0,96.318245
Peguera Platja Torà,2025-08-27 15:00:00,112.0,62.201786
Peguera Platja Torà,2025-08-27 16:00:00,9.0,34.538265
Peguera Platja Torà,2025-08-27 17:00:00,9.0,26.122244
Peguera Platja Torà,2025-08-27 18:00:00,194.0,26.335884
Peguera Platja Torà,2025-08-27 19:00:00,203.0,33.52378
Peguera Platja Torà,2025-08-27 20:00:00,123.0,49.455677
Peguera Platja Torà,2025-08-28 08:00:00,129.0,61.71839
Peguera Platja Torà,2025-08-28 09:00:00,116.0,104.709274
Peguera Platja Torà,2025-08-28 10:00:00,92.0,111.399475
Peguera Platja Torà,2025-08-28 11:00:00,105.0,109.46425
Peguera Platja Torà,2025-08-28 12:00:00,84.0,113.05909
Peguera Platja Torà,2025-08-28 13:00:00,56.0,121.975365
Peguera Platja Torà,2025-08-28 14:00:00,57.0,110.029655
Peguera Platja Torà,2025-08-28 15:00:00,62.0,73.08649
Peguera Platja Torà,2025-08-28 16:00:00,10.0,41.28317
Peguera Platja Torà,2025-08-28 17:00:00,10.0,36.105522
Peguera Platja Torà,2025-08-28 18:00:00,96.0,21.581415
Peguera Platja Torà,2025-08-28 19:00:00,98.0,25.24624
Peguera Platja Torà,2025-08-28 20:00:00,141.0,40.143665
Peguera Platja Torà,2025-08-29 08:00:00,121.0,75.396225
Peguera Platja Torà,2025-08-29 09:00:00,88.0,117.31368
Peguera Platja Torà,2025-08-29 10:00:00,110.0,131.27461
Peguera Platja Torà,2025-08-29 11:00:00,108.0,121.79943
Peguera Platja Torà,2025-08-29 12:00:00,72.0,129.05898
Peguera Platja Torà,2025-08-29 13:00:00,59.0,127.94741
Peguera Platja Torà,2025-08-29 14:00:00,39.0,122.06108
Peguera Platja Torà,2025-08-29 15:00:00,83.0,79.622345
Peguera Platja Torà,2025-08-29 16:00:00,10.0,44.205505
Peguera Platja Torà,2025-08-29 17:00:00,9.0,41.80207
Peguera Platja Torà,2025-08-29 18:00:00,51.0,24.00697
Peguera Platja Torà,2025-08-29 19:00:00,53.0,32.49573
Peguera Platja Torà,2025-08-29 20:00:00,105.0,50.48986
Peguera Platja Torà,2025-08-30 08:00:00,139.0,65.06252
Peguera Platja Torà,2025-08-30 09:00:00,145.0,100.80162
Peguera Platja Torà,2025-08-30 10:00:00,73.0,96.625946
Peguera Platja Torà,2025-08-30 11:00:00,77.0,98.917725
Peguera Platja Torà,2025-08-30 12:00:00,87.0,102.80415
Peguera Platja Torà,2025-08-30 13:00:00,69.0,121.07053
Peguera Platja Torà,2025-08-30 14:00:00,42.0,96.3745
Peguera Platja Torà,2025-08-30 15:00:00,118.0,67.46521
Peguera Platja Torà,2025-08-30 16:00:00,10.0,43.712357
Peguera Platja Torà,2025-08-30 17:00:00,9.0,41.311127
Peguera Torà Plaça,2025-06-01 08:00:00,85.0,68.37955
Peguera Torà Plaça,2025-06-01 09:00:00,75.0,92.392006
Peguera Torà Plaça,2025-06-01 10:00:00,81.0,87.98712
Peguera Torà Plaça,2025-06-01 11:00:00,68.0,88.054
Peguera Torà Plaça,2025-06-01 12:00:00,79.0,82.57337
Peguera Torà Plaça,2025-06-01 13:00:00,102.0,94.184586
Peguera Torà Plaça,2025-06-01 14:00:00,110.0,107.46405
Peguera Torà Plaça,2025-06-01 15:00:00,127.0,102.1673
Peguera Torà Plaça,2025-06-01 16:00:00,94.0,53.901394
Peguera Torà Plaça,2025-06-01 17:00:00,49.0,36.223194
Peguera Torà Plaça,2025-06-01 18:00:00,88.0,32.979137
Peguera Torà Plaça,2025-06-01 19:00:00,129.0,41.94263
Peguera Torà Plaça,2025-06-01 20:00:00,92.0,50.635788
Peguera Torà Plaça,2025-06-02 08:00:00,88.0,75.01085
Peguera Torà Plaça,2025-06-02 09:00:00,83.0,102.30132
Peguera Torà Plaça,2025-06-02 10:00:00,85.0,90.761154
Peguera Torà Plaça,2025-06-02 11:00:00,84.0,109.62096
Peguera Torà Plaça,2025-06-02 12:00:00,115.0,97.71787
Peguera Torà Plaça,2025-06-02 13:00:00,109.0,109.12179
Peguera Torà Plaça,2025-06-02 14:00:00,102.0,109.37682
Peguera Torà Plaça,2025-06-02 15:00:00,86.0,101.12974
Peguera Torà Plaça,2025-06-02 16:00:00,160.0,57.16956
Peguera Torà Plaça,2025-06-02 17:00:00,22.0,35.693787
Peguera Torà Plaça,2025-06-02 18:00:00,121.0,31.743578
Peguera Torà Plaça,2025-06-02 19:00:00,101.0,42.87046
Peguera Torà Plaça,2025-06-02 20:00:00,107.0,44.403503
Peguera Torà Plaça,2025-06-03 08:00:00,110.0,58.32516
Peguera Torà Plaça,2025-06-03 09:00:00,82.0,86.589294
Peguera Torà Plaça,2025-06-03 10:00:00,92.0,102.875824
Peguera Torà Plaça,2025-06-03 11:00:00,104.0,93.248215
Peguera Torà Plaça,2025-06-03 12:00:00,110.0,96.08194
Peguera Torà Plaça,2025-06-03 13:00:00,106.0,98.99684
Peguera Torà Plaça,2025-06-03 14:00:00,118.0,104.910446
Peguera Torà Plaça,2025-06-03 15:00:00,116.0,101.245255
Peguera Torà Plaça,2025-06-03 16:00:00,140.0,53.581123
Peguera Torà Plaça,2025-06-03 17:00:00,35.0,32.29812
Peguera Torà Plaça,2025-06-03 18:00:00,107.0,35.51565
Peguera Torà Plaça,2025-06-03 19:00:00,120.0,46.91401
Peguera Torà Plaça,2025-06-03 20:00:00,120.0,49.605385
Peguera Torà Plaça,2025-06-04 08:00:00,87.0,62.58355
Peguera Torà Plaça,2025-06-04 09:00:00,93.0,98.996414
Peguera Torà Plaça,2025-06-04 10:00:00,97.0,106.35761
Peguera Torà Plaça,2025-06-04 11:00:00,92.0,108.160995
Peguera Torà Plaça,2025-06-04 12:00:00,110.0,109.0652
Peguera Torà Plaça,2025-06-04 13:00:00,115.0,105.1519
Peguera Torà Plaça,2025-06-04 14:00:00,131.0,108.06753
Peguera Torà Plaça,2025-06-04 15:00:00,139.0,98.73046
Peguera Torà Plaça,2025-06-04 16:00:00,183.0,59.83739
Peguera Torà Plaça,2025-06-04 17:00:00,37.0,38.13916
Peguera Torà Plaça,2025-06-04 18:00:00,116.0,34.001102
Peguera Torà Plaça,2025-06-04 19:00:00,144.0,44.91675
Peguera Torà Plaça,2025-06-04 20:00:00,125.0,48.51327
Peguera Torà Plaça,2025-06-05 08:00:00,124.0,60.155483
Peguera Torà Plaça,2025-06-05 09:00:00,118.0,69.406845
Peguera Torà Plaça,2025-06-05 10:00:00,104.0,73.764496
Peguera Torà Plaça,2025-06-05 11:00:00,101.0,74.41029
Peguera Torà Plaça,2025-06-05 12:00:00,113.0,76.20678
Peguera Torà Plaça,2025-06-05 13:00:00,111.0,80.50045
Peguera Torà Plaça,2025-06-05 14:00:00,137.0,86.73128
Peguera Torà Plaça,2025-06-05 15:00:00,116.0,80.251045
Peguera Torà Plaça,2025-06-05 16:00:00,175.0,46.422672
Peguera Torà Plaça,2025-06-05 17:00:00,27.0,38.265007
Peguera Torà Plaça,2025-06-05 18:00:00,113.0,36.33174
Peguera Torà Plaça,2025-06-05 19:00:00,131.0,48.160923
Peguera Torà Plaça,2025-06-05 20:00:00,137.0,54.18529
Peguera Torà Plaça,2025-06-06 08:00:00,125.0,64.62579
Peguera Torà Plaça,2025-06-06 09:00:00,116.0,70.02588
Peguera Torà Plaça,2025-06-06 10:00:00,98.0,73.083496
Peguera Torà Plaça,2025-06-06 11:00:00,83.0,78.0375
Peguera Torà Plaça,2025-06-06 12:00:00,112.0,81.13685
Peguera Torà Plaça,2025-06-06 13:00:00,147.0,86.501396
Peguera Torà Plaça,2025-06-06 14:00:00,125.0,93.55545
Peguera Torà Plaça,2025-06-06 15:00:00,132.0,76.67881
Peguera Torà Plaça,2025-06-06 16:00:00,181.0,48.760048
Peguera Torà Plaça,2025-06-06 17:00:00,37.0,36.96437
Peguera Torà Plaça,2025-06-06 18:00:00,124.0,32.827843
Peguera Torà Plaça,2025-06-06 19:00:00,139.0,46.14501
Peguera Torà Plaça,2025-06-06 20:00:00,114.0,50.890522
Peguera Torà Plaça,2025-06-07 08:00:00,142.0,66.16456
Peguera Torà Plaça,2025-06-07 09:00:00,93.0,95.948586
Peguera Torà Plaça,2025-06-07 10:00:00,105.0,97.108475
Peguera Torà Plaça,2025-06-07 11:00:00,94.0,99.42638
Peguera Torà Plaça,2025-06-07 12:00:00,102.0,98.58608
Peguera Torà Plaça,2025-06-07 13:00:00,104.0,107.1274
Peguera Torà Plaça,2025-06-07 14:00:00,128.0,118.205894
Peguera Torà Plaça,2025-06-07 15:00:00,135.0,103.86846
Peguera Torà Plaça,2025-06-07 16:00:00,155.0,58.394943
Peguera Torà Plaça,2025-06-07 17:00:00,25.0,41.441154
Peguera Torà Plaça,2025-06-07 18:00:00,112.0,30.37975
Peguera Torà Plaça,2025-06-07 19:00:00,112.0,41.924557
Peguera Torà Plaça,2025-06-07 20:00:00,109.0,47.766087
Peguera Torà Plaça,2025-06-08 08:00:00,98.0,65.981995
Peguera Torà Plaça,2025-06-08 09:00:00,92.0,91.80053
Peguera Torà Plaça,2025-06-08 10:00:00,89.0,106.34201
Peguera Torà Plaça,2025-06-08 11:00:00,73.0,104.35508
Peguera Torà Plaça,2025-06-08 12:00:00,112.0,95.57053
Peguera Torà Plaça,2025-06-08 13:00:00,130.0,97.77806
Peguera Torà Plaça,2025-06-08 14:00:00,142.0,106.149895
Peguera Torà Plaça,2025-06-08 15:00:00,123.0,106.782875
Peguera Torà Plaça,2025-06-08 16:00:00,181.0,64.7545
Peguera Torà Plaça,2025-06-08 17:00:00,45.0,39.00904
Peguera Torà Plaça,2025-06-08 18:00:00,103.0,31.712946
Peguera Torà Plaça,2025-06-08 19:00:00,114.0,42.90311
Peguera Torà Plaça,2025-06-08 20:00:00,111.0,50.373302
Peguera Torà Plaça,2025-06-09 08:00:00,123.0,66.95511
Peguera Torà Plaça,2025-06-09 09:00:00,98.0,89.45664
Peguera Torà Plaça,2025-06-09 10:00:00,86.0,93.11053
Peguera Torà Plaça,2025-06-09 11:00:00,105.0,107.14443
Peguera Torà Plaça,2025-06-09 12:00:00,120.0,101.84272
Peguera Torà Plaça,2025-06-09 13:00:00,125.0,106.68447
Peguera Torà Plaça,2025-06-09 14:00:00,155.0,111.446754
Peguera Torà Plaça,2025-06-09 15:00:00,138.0,97.211334
Peguera Torà Plaça,2025-06-09 16:00:00,191.0,58.75617
Peguera Torà Plaça,2025-06-09 17:00:00,60.0,36.940025
Peguera Torà Plaça,2025-06-09 18:00:00,129.0,33.521957
Peguera Torà Plaça,2025-06-09 19:00:00,111.0,45.44232
Peguera Torà Plaça,2025-06-09 20:00:00,135.0,47.62652
Peguera Torà Plaça,2025-06-10 08:00:00,106.0,66.22262
Peguera Torà Plaça,2025-06-10 09:00:00,83.0,94.888954
Peguera Torà Plaça,2025-06-10 10:00:00,95.0,103.632576
Peguera Torà Plaça,2025-06-10 11:00:00,111.0,98.09811
Peguera Torà Plaça,2025-06-10 12:00:00,115.0,90.088745
Peguera Torà Plaça,2025-06-10 13:00:00,108.0,100.7944
Peguera Torà Plaça,2025-06-10 14:00:00,125.0,105.76133
Peguera Torà Plaça,2025-06-10 15:00:00,180.0,93.38641
Peguera Torà Plaça,2025-06-10 16:00:00,133.0,59.15377
Peguera Torà Plaça,2025-06-10 17:00:00,57.0,39.546444
Peguera Torà Plaça,2025-06-10 18:00:00,98.0,32.89856
Peguera Torà Plaça,2025-06-10 19:00:00,121.0,41.821
Peguera Torà Plaça,2025-06-10 20:00:00,136.0,49.16944
Peguera Torà Plaça,2025-06-11 08:00:00,105.0,65.73878
Peguera Torà Plaça,2025-06-11 09:00:00,92.0,103.20019
Peguera Torà Plaça,2025-06-11 10:00:00,95.0,112.27452
Peguera Torà Plaça,2025-06-11 11:00:00,97.0,113.02091
Peguera Torà Plaça,2025-06-11 12:00:00,101.0,110.25871
Peguera Torà Plaça,2025-06-11 13:00:00,117.0,119.67899
Peguera Torà Plaça,2025-06-11 14:00:00,146.0,110.00621
Peguera Torà Plaça,2025-06-11 15:00:00,151.0,102.249115
Peguera Torà Plaça,2025-06-11 16:00:00,132.0,59.086617
Peguera Torà Plaça,2025-06-11 17:00:00,75.0,35.16838
Peguera Torà Plaça,2025-06-11 18:00:00,120.0,35.62162
Peguera Torà Plaça,2025-06-11 19:00:00,120.0,45.623028
Peguera Torà Plaça,2025-06-11 20:00:00,127.0,53.844585
Peguera Torà Plaça,2025-06-12 08:00:00,116.0,70.68969
Peguera Torà Plaça,2025-06-12 09:00:00,118.0,104.232025
Peguera Torà Plaça,2025-06-12 10:00:00,102.0,124.55837
Peguera Torà Plaça,2025-06-12 11:00:00,96.0,127.521
Peguera Torà Plaça,2025-06-12 12:00:00,88.0,125.750786
Peguera Torà Plaça,2025-06-12 13:00:00,102.0,121.325584
Peguera Torà Plaça,2025-06-12 14:00:00,119.0,132.15582
Peguera Torà Plaça,2025-06-12 15:00:00,155.0,117.043144
Peguera Torà Plaça,2025-06-12 16:00:00,143.0,65.80503
Peguera Torà Plaça,2025-06-12 17:00:00,80.0,40.519897
Peguera Torà Plaça,2025-06-12 18:00:00,124.0,38.285282
Peguera Torà Plaça,2025-06-12 19:00:00,130.0,51.064472
Peguera Torà Plaça,2025-06-12 20:00:00,149.0,60.7926
Peguera Torà Plaça,2025-06-13 08:00:00,131.0,84.38429
Peguera Torà Plaça,2025-06-13 09:00:00,125.0,127.98876
Peguera Torà Plaça,2025-06-13 10:00:00,111.0,145.69171
Peguera Torà Plaça,2025-06-13 11:00:00,113.0,148.34848
Peguera Torà Plaça,2025-06-13 12:00:00,135.0,148.71935
Peguera Torà Plaça,2025-06-13 13:00:00,118.0,157.25685
Peguera Torà Plaça,2025-06-13 14:00:00,148.0,163.7653
Peguera Torà Plaça,2025-06-13 15:00:00,177.0,143.26517
Peguera Torà Plaça,2025-06-13 16:00:00,143.0,78.25206
Peguera Torà Plaça,2025-06-13 17:00:00,68.0,52.750626
Peguera Torà Plaça,2025-06-13 18:00:00,114.0,34.60519
Peguera Torà Plaça,2025-06-13 19:00:00,126.0,44.81291
Peguera Torà Plaça,2025-06-13 20:00:00,124.0,61.056885
Peguera Torà Plaça,2025-06-14 08:00:00,114.0,79.63215
Peguera Torà Plaça,2025-06-14 09:00:00,120.0,118.7472
Peguera Torà Plaça,2025-06-14 10:00:00,102.0,126.22525
Peguera Torà Plaça,2025-06-14 11:00:00,106.0,134.11197
Peguera Torà Plaça,2025-06-14 12:00:00,95.0,134.32248
Peguera Torà Plaça,2025-06-14 13:00:00,115.0,147.9187
Peguera Torà Plaça,2025-06-14 14:00:00,122.0,153.17618
Peguera Torà Plaça,2025-06-14 15:00:00,167.0,125.63333
Peguera Torà Plaça,2025-06-14 16:00:00,129.0,76.19251
Peguera Torà Plaça,2025-06-14 17:00:00,59.0,48.267254
Peguera Torà Plaça,2025-06-14 18:00:00,119.0,39.87925
Peguera Torà Plaça,2025-06-14 19:00:00,134.0,53.719242
Peguera Torà Plaça,2025-06-14 20:00:00,135.0,76.21311
Peguera Torà Plaça,2025-06-15 08:00:00,137.0,92.50343
Peguera Torà Plaça,2025-06-15 09:00:00,114.0,117.658356
Peguera Torà Plaça,2025-06-15 10:00:00,90.0,142.97322
Peguera Torà Plaça,2025-06-15 11:00:00,97.0,150.61276
Peguera Torà Plaça,2025-06-15 12:00:00,90.0,148.4648
Peguera Torà Plaça,2025-06-15 13:00:00,128.0,169.17902
Peguera Torà Plaça,2025-06-15 14:00:00,144.0,173.30983
Peguera Torà Plaça,2025-06-15 15:00:00,163.0,154.7315
Peguera Torà Plaça,2025-06-15 16:00:00,132.0,109.4102
Peguera Torà Plaça,2025-06-15 17:00:00,78.0,70.39977
Peguera Torà Plaça,2025-06-15 18:00:00,127.0,46.729397
Peguera Torà Plaça,2025-06-15 19:00:00,122.0,60.734463
Peguera Torà Plaça,2025-06-15 20:00:00,143.0,72.300224
Peguera Torà Plaça,2025-06-16 08:00:00,129.0,119.418785
Peguera Torà Plaça,2025-06-16 09:00:00,119.0,150.92638
Peguera Torà Plaça,2025-06-16 10:00:00,127.0,145.91847
Peguera Torà Plaça,2025-06-16 11:00:00,98.0,146.87961
Peguera Torà Plaça,2025-06-16 12:00:00,87.0,150.55107
Peguera Torà Plaça,2025-06-16 13:00:00,137.0,161.59238
Peguera Torà Plaça,2025-06-16 14:00:00,127.0,166.83276
Peguera Torà Plaça,2025-06-16 15:00:00,147.0,152.16536
Peguera Torà Plaça,2025-06-16 16:00:00,150.0,109.13768
Peguera Torà Plaça,2025-06-16 17:00:00,40.0,68.8177
Peguera Torà Plaça,2025-06-16 18:00:00,111.0,36.05289
Peguera Torà Plaça,2025-06-16 19:00:00,111.0,61.46966
Peguera Torà Plaça,2025-06-16 20:00:00,135.0,71.983635
Peguera Torà Plaça,2025-06-17 08:00:00,108.0,109.54723
Peguera Torà Plaça,2025-06-17 09:00:00,106.0,145.88452
Peguera Torà Plaça,2025-06-17 10:00:00,117.0,154.48685
Peguera Torà Plaça,2025-06-17 11:00:00,85.0,157.19109
Peguera Torà Plaça,2025-06-17 12:00:00,87.0,155.25801
Peguera Torà Plaça,2025-06-17 13:00:00,122.0,160.34601
Peguera Torà Plaça,2025-06-17 14:00:00,134.0,170.32431
Peguera Torà Plaça,2025-06-17 15:00:00,151.0,150.67984
Peguera Torà Plaça,2025-06-17 16:00:00,147.0,72.11996
Peguera Torà Plaça,2025-06-17 17:00:00,55.0,42.396416
Peguera Torà Plaça,2025-06-17 18:00:00,141.0,38.69058
Peguera Torà Plaça,2025-06-17 19:00:00,150.0,60.461464
Peguera Torà Plaça,2025-06-17 20:00:00,129.0,71.09421
Peguera Torà Plaça,2025-06-18 08:00:00,127.0,108.5856
Peguera Torà Plaça,2025-06-18 09:00:00,97.0,146.22641
Peguera Torà Plaça,2025-06-18 10:00:00,100.0,153.78093
Peguera Torà Plaça,2025-06-18 11:00:00,98.0,156.21489
Peguera Torà Plaça,2025-06-18 12:00:00,98.0,151.03711
Peguera Torà Plaça,2025-06-18 13:00:00,118.0,163.0
Peguera Torà Plaça,2025-06-18 14:00:00,137.0,144.30524
Peguera Torà Plaça,2025-06-18 15:00:00,150.0,121.67125
Peguera Torà Plaça,2025-06-18 16:00:00,125.0,73.330185
Peguera Torà Plaça,2025-06-18 17:00:00,84.0,46.904095
Peguera Torà Plaça,2025-06-18 18:00:00,126.0,42.651352
Peguera Torà Plaça,2025-06-18 19:00:00,156.0,64.261734
Peguera Torà Plaça,2025-06-18 20:00:00,162.0,75.018654
Peguera Torà Plaça,2025-06-19 08:00:00,154.0,116.849434
Peguera Torà Plaça,2025-06-19 09:00:00,127.0,155.58798
Peguera Torà Plaça,2025-06-19 10:00:00,117.0,163.4066
Peguera Torà Plaça,2025-06-19 11:00:00,107.0,160.47624
Peguera Torà Plaça,2025-06-19 12:00:00,124.0,158.64247
Peguera Torà Plaça,2025-06-19 13:00:00,141.0,165.8828
Peguera Torà Plaça,2025-06-19 14:00:00,143.0,172.76648
Peguera Torà Plaça,2025-06-19 15:00:00,163.0,156.73358
Peguera Torà Plaça,2025-06-19 16:00:00,130.0,116.07692
Peguera Torà Plaça,2025-06-19 17:00:00,68.0,51.717026
Peguera Torà Plaça,2025-06-19 18:00:00,103.0,48.655872
Peguera Torà Plaça,2025-06-19 19:00:00,135.0,67.44501
Peguera Torà Plaça,2025-06-19 20:00:00,148.0,79.2983
Peguera Torà Plaça,2025-06-20 08:00:00,154.0,111.21482
Peguera Torà Plaça,2025-06-20 09:00:00,103.0,156.77522
Peguera Torà Plaça,2025-06-20 10:00:00,111.0,174.73865
Peguera Torà Plaça,2025-06-20 11:00:00,131.0,174.13504
Peguera Torà Plaça,2025-06-20 12:00:00,124.0,176.33322
Peguera Torà Plaça,2025-06-20 13:00:00,122.0,189.05093
Peguera Torà Plaça,2025-06-20 14:00:00,140.0,195.31728
Peguera Torà Plaça,2025-06-20 15:00:00,181.0,180.54015
Peguera Torà Plaça,2025-06-20 16:00:00,126.0,135.40198
Peguera Torà Plaça,2025-06-20 17:00:00,75.0,89.3673
Peguera Torà Plaça,2025-06-20 18:00:00,122.0,32.391422
Peguera Torà Plaça,2025-06-20 19:00:00,149.0,57.367718
Peguera Torà Plaça,2025-06-20 20:00:00,141.0,74.195274
Peguera Torà Plaça,2025-06-21 08:00:00,135.0,104.248146
Peguera Torà Plaça,2025-06-21 09:00:00,121.0,137.27007
Peguera Torà Plaça,2025-06-21 10:00:00,110.0,140.4567
Peguera Torà Plaça,2025-06-21 11:00:00,107.0,140.77481
Peguera Torà Plaça,2025-06-21 12:00:00,105.0,155.67789
Peguera Torà Plaça,2025-06-21 13:00:00,127.0,176.0726
Peguera Torà Plaça,2025-06-21 14:00:00,166.0,157.53644
Peguera Torà Plaça,2025-06-21 15:00:00,138.0,118.73759
Peguera Torà Plaça,2025-06-21 16:00:00,65.0,82.76929
Peguera Torà Plaça,2025-06-21 17:00:00,142.0,34.09593
Peguera Torà Plaça,2025-06-21 18:00:00,123.0,58.052494
Peguera Torà Plaça,2025-06-21 19:00:00,137.0,67.24137
Peguera Torà Plaça,2025-06-21 20:00:00,125.0,110.43776
Peguera Torà Plaça,2025-06-22 08:00:00,108.0,145.96156
Peguera Torà Plaça,2025-06-22 09:00:00,119.0,149.45668
Peguera Torà Plaça,2025-06-22 10:00:00,96.0,150.4417
Peguera Torà Plaça,2025-06-22 11:00:00,115.0,160.3763
Peguera Torà Plaça,2025-06-22 12:00:00,121.0,172.36723
Peguera Torà Plaça,2025-06-22 13:00:00,155.0,174.96169
Peguera Torà Plaça,2025-06-22 14:00:00,173.0,155.74522
Peguera Torà Plaça,2025-06-22 15:00:00,139.0,118.41894
Peguera Torà Plaça,2025-06-22 16:00:00,72.0,88.52379
Peguera Torà Plaça,2025-06-22 17:00:00,131.0,33.907288
Peguera Torà Plaça,2025-06-22 18:00:00,102.0,53.154198
Peguera Torà Plaça,2025-06-22 19:00:00,110.0,68.38442
Peguera Torà Plaça,2025-06-22 20:00:00,121.0,123.14926
Peguera Torà Plaça,2025-06-23 08:00:00,102.0,143.70567
Peguera Torà Plaça,2025-06-23 09:00:00,110.0,157.93805
Peguera Torà Plaça,2025-06-23 10:00:00,96.0,151.68576
Peguera Torà Plaça,2025-06-23 11:00:00,105.0,153.29424
Peguera Torà Plaça,2025-06-23 12:00:00,120.0,165.85577
Peguera Torà Plaça,2025-06-23 13:00:00,135.0,177.379
Peguera Torà Plaça,2025-06-23 14:00:00,161.0,149.08
Peguera Torà Plaça,2025-06-23 15:00:00,126.0,115.960304
Peguera Torà Plaça,2025-06-23 16:00:00,59.0,71.508675
Peguera Torà Plaça,2025-06-23 17:00:00,115.0,37.906395
Peguera Torà Plaça,2025-06-23 18:00:00,148.0,61.901375
Peguera Torà Plaça,2025-06-23 19:00:00,133.0,68.121666
Peguera Torà Plaça,2025-06-23 20:00:00,130.0,119.54062
Peguera Torà Plaça,2025-06-24 08:00:00,125.0,152.71736
Peguera Torà Plaça,2025-06-24 09:00:00,97.0,155.94473
Peguera Torà Plaça,2025-06-24 10:00:00,130.0,155.19705
Peguera Torà Plaça,2025-06-24 11:00:00,114.0,155.79305
Peguera Torà Plaça,2025-06-24 12:00:00,124.0,169.63939
Peguera Torà Plaça,2025-06-24 13:00:00,134.0,171.21895
Peguera Torà Plaça,2025-06-24 14:00:00,162.0,151.5844
Peguera Torà Plaça,2025-06-24 15:00:00,151.0,116.069145
Peguera Torà Plaça,2025-06-24 16:00:00,80.0,84.34906
Peguera Torà Plaça,2025-06-24 17:00:00,116.0,43.207382
Peguera Torà Plaça,2025-06-24 18:00:00,120.0,65.63342
Peguera Torà Plaça,2025-06-24 19:00:00,118.0,73.27957
Peguera Torà Plaça,2025-06-24 20:00:00,141.0,112.43769
Peguera Torà Plaça,2025-06-25 08:00:00,139.0,149.9333
Peguera Torà Plaça,2025-06-25 09:00:00,111.0,156.64561
Peguera Torà Plaça,2025-06-25 10:00:00,95.0,161.43327
Peguera Torà Plaça,2025-06-25 11:00:00,111.0,147.38356
Peguera Torà Plaça,2025-06-25 12:00:00,119.0,163.64516
Peguera Torà Plaça,2025-06-25 13:00:00,140.0,178.79753
Peguera Torà Plaça,2025-06-25 14:00:00,181.0,155.10716
Peguera Torà Plaça,2025-06-25 15:00:00,131.0,113.41532
Peguera Torà Plaça,2025-06-25 16:00:00,70.0,79.78088
Peguera Torà Plaça,2025-06-25 17:00:00,140.0,38.6051
Peguera Torà Plaça,2025-06-25 18:00:00,151.0,64.007324
Peguera Torà Plaça,2025-06-25 19:00:00,165.0,74.43401
Peguera Torà Plaça,2025-06-25 20:00:00,147.0,115.807915
Peguera Torà Plaça,2025-06-26 08:00:00,119.0,152.07985
Peguera Torà Plaça,2025-06-26 09:00:00,119.0,164.97601
Peguera Torà Plaça,2025-06-26 10:00:00,99.0,161.57921
Peguera Torà Plaça,2025-06-26 11:00:00,126.0,160.82507
Peguera Torà Plaça,2025-06-26 12:00:00,125.0,166.31242
Peguera Torà Plaça,2025-06-26 13:00:00,147.0,170.92598
Peguera Torà Plaça,2025-06-26 14:00:00,152.0,158.74687
Peguera Torà Plaça,2025-06-26 15:00:00,157.0,117.01341
Peguera Torà Plaça,2025-06-26 16:00:00,61.0,68.27449
Peguera Torà Plaça,2025-06-26 17:00:00,105.0,41.264076
Peguera Torà Plaça,2025-06-26 18:00:00,142.0,63.60719
Peguera Torà Plaça,2025-06-26 19:00:00,153.0,74.37266
Peguera Torà Plaça,2025-06-26 20:00:00,160.0,116.0927
Peguera Torà Plaça,2025-06-27 08:00:00,115.0,154.73158
Peguera Torà Plaça,2025-06-27 09:00:00,105.0,165.7547
Peguera Torà Plaça,2025-06-27 10:00:00,115.0,168.01443
Peguera Torà Plaça,2025-06-27 11:00:00,119.0,174.336
Peguera Torà Plaça,2025-06-27 12:00:00,143.0,187.86288
Peguera Torà Plaça,2025-06-27 13:00:00,163.0,195.16965
Peguera Torà Plaça,2025-06-27 14:00:00,178.0,177.1155
Peguera Torà Plaça,2025-06-27 15:00:00,172.0,134.31755
Peguera Torà Plaça,2025-06-27 16:00:00,82.0,86.114296
Peguera Torà Plaça,2025-06-27 17:00:00,117.0,33.940403
Peguera Torà Plaça,2025-06-27 18:00:00,138.0,57.34762
Peguera Torà Plaça,2025-06-27 19:00:00,123.0,68.260185
Peguera Torà Plaça,2025-06-27 20:00:00,113.0,110.773994
Peguera Torà Plaça,2025-06-28 08:00:00,117.0,155.57706
Peguera Torà Plaça,2025-06-28 09:00:00,111.0,167.81555
Peguera Torà Plaça,2025-06-28 10:00:00,102.0,164.57695
Peguera Torà Plaça,2025-06-28 11:00:00,104.0,162.02257
Peguera Torà Plaça,2025-06-28 12:00:00,127.0,177.15923
Peguera Torà Plaça,2025-06-28 13:00:00,160.0,176.85562
Peguera Torà Plaça,2025-06-28 14:00:00,161.0,154.01604
Peguera Torà Plaça,2025-06-28 15:00:00,180.0,114.40506
Peguera Torà Plaça,2025-06-28 16:00:00,63.0,82.67191
Peguera Torà Plaça,2025-06-28 17:00:00,109.0,25.648012
Peguera Torà Plaça,2025-06-28 18:00:00,93.0,27.186888
Peguera Torà Plaça,2025-06-28 19:00:00,131.0,41.80954
Peguera Torà Plaça,2025-06-28 20:00:00,126.0,116.84595
Peguera Torà Plaça,2025-06-29 08:00:00,112.0,134.00977
Peguera Torà Plaça,2025-06-29 09:00:00,121.0,153.41249
Peguera Torà Plaça,2025-06-29 10:00:00,107.0,158.43059
Peguera Torà Plaça,2025-06-29 11:00:00,101.0,159.70193
Peguera Torà Plaça,2025-06-29 12:00:00,124.0,175.78891
Peguera Torà Plaça,2025-06-29 13:00:00,119.0,167.69585
Peguera Torà Plaça,2025-06-29 14:00:00,145.0,147.52525
Peguera Torà Plaça,2025-06-29 15:00:00,141.0,115.181854
Peguera Torà Plaça,2025-06-29 16:00:00,54.0,73.63775
Peguera Torà Plaça,2025-06-29 17:00:00,143.0,37.40591
Peguera Torà Plaça,2025-06-29 18:00:00,156.0,51.34839
Peguera Torà Plaça,2025-06-29 19:00:00,159.0,64.581894
Peguera Torà Plaça,2025-06-29 20:00:00,126.0,110.40293
Peguera Torà Plaça,2025-06-30 08:00:00,99.0,142.23817
Peguera Torà Plaça,2025-06-30 09:00:00,95.0,149.67535
Peguera Torà Plaça,2025-06-30 10:00:00,116.0,145.6144
Peguera Torà Plaça,2025-06-30 11:00:00,114.0,145.24614
Peguera Torà Plaça,2025-06-30 12:00:00,104.0,165.13365
Peguera Torà Plaça,2025-06-30 13:00:00,124.0,161.0869
Peguera Torà Plaça,2025-06-30 14:00:00,152.0,145.20255
Peguera Torà Plaça,2025-06-30 15:00:00,155.0,112.723495
Peguera Torà Plaça,2025-06-30 17:00:00,49.0,75.528625
Peguera Torà Plaça,2025-06-30 18:00:00,149.0,35.738636
Peguera Torà Plaça,2025-06-30 19:00:00,131.0,53.363495
Peguera Torà Plaça,2025-06-30 20:00:00,148.0,65.49089
Peguera Torà Plaça,2025-07-01 08:00:00,146.0,106.76515
Peguera Torà Plaça,2025-07-01 09:00:00,104.0,137.34961
Peguera Torà Plaça,2025-07-01 10:00:00,97.0,149.97224
Peguera Torà Plaça,2025-07-01 11:00:00,114.0,157.6307
Peguera Torà Plaça,2025-07-01 12:00:00,119.0,146.86023
Peguera Torà Plaça,2025-07-01 13:00:00,117.0,162.58939
Peguera Torà Plaça,2025-07-01 14:00:00,177.0,172.99963
Peguera Torà Plaça,2025-07-01 15:00:00,171.0,144.23978
Peguera Torà Plaça,2025-07-01 16:00:00,148.0,107.94117
Peguera Torà Plaça,2025-07-01 17:00:00,81.0,71.86327
Peguera Torà Plaça,2025-07-01 18:00:00,88.0,34.1722
Peguera Torà Plaça,2025-07-01 19:00:00,110.0,54.969383
Peguera Torà Plaça,2025-07-01 20:00:00,123.0,69.10819
Peguera Torà Plaça,2025-07-02 08:00:00,123.0,108.77922
Peguera Torà Plaça,2025-07-02 09:00:00,102.0,142.40382
Peguera Torà Plaça,2025-07-02 10:00:00,97.0,151.65742
Peguera Torà Plaça,2025-07-02 11:00:00,103.0,166.1729
Peguera Torà Plaça,2025-07-02 12:00:00,145.0,167.56653
Peguera Torà Plaça,2025-07-02 13:00:00,148.0,148.61472
Peguera Torà Plaça,2025-07-02 14:00:00,148.0,110.83238
Peguera Torà Plaça,2025-07-02 15:00:00,61.0,72.73813
Peguera Torà Plaça,2025-07-02 16:00:00,116.0,25.092678
Peguera Torà Plaça,2025-07-02 17:00:00,126.0,34.656025
Peguera Torà Plaça,2025-07-02 18:00:00,161.0,59.46977
Peguera Torà Plaça,2025-07-02 19:00:00,114.0,99.61338
Peguera Torà Plaça,2025-07-02 20:00:00,96.0,152.96408
Peguera Torà Plaça,2025-07-03 08:00:00,74.0,149.55011
Peguera Torà Plaça,2025-07-03 09:00:00,94.0,157.5621
Peguera Torà Plaça,2025-07-03 10:00:00,108.0,154.69597
Peguera Torà Plaça,2025-07-03 11:00:00,95.0,170.01524
Peguera Torà Plaça,2025-07-03 12:00:00,156.0,173.04416
Peguera Torà Plaça,2025-07-03 13:00:00,152.0,148.69666
Peguera Torà Plaça,2025-07-03 14:00:00,179.0,118.75602
Peguera Torà Plaça,2025-07-03 15:00:00,60.0,81.32317
Peguera Torà Plaça,2025-07-03 16:00:00,129.0,33.119633
Peguera Torà Plaça,2025-07-03 17:00:00,138.0,64.03281
Peguera Torà Plaça,2025-07-03 18:00:00,129.0,77.10881
Peguera Torà Plaça,2025-07-03 19:00:00,148.0,113.17097
Peguera Torà Plaça,2025-07-03 20:00:00,139.0,149.52956
Peguera Torà Plaça,2025-07-04 08:00:00,104.0,161.88574
Peguera Torà Plaça,2025-07-04 09:00:00,124.0,178.29698
Peguera Torà Plaça,2025-07-04 10:00:00,123.0,178.53561
Peguera Torà Plaça,2025-07-04 11:00:00,138.0,186.85545
Peguera Torà Plaça,2025-07-04 12:00:00,171.0,193.63673
Peguera Torà Plaça,2025-07-04 13:00:00,154.0,171.80243
Peguera Torà Plaça,2025-07-04 14:00:00,133.0,127.2209
Peguera Torà Plaça,2025-07-04 15:00:00,88.0,90.84593
Peguera Torà Plaça,2025-07-04 16:00:00,131.0,31.778667
Peguera Torà Plaça,2025-07-04 17:00:00,101.0,66.718285
Peguera Torà Plaça,2025-07-04 18:00:00,139.0,71.71775
Peguera Torà Plaça,2025-07-04 19:00:00,97.0,111.15185
Peguera Torà Plaça,2025-07-04 20:00:00,126.0,154.58197
Peguera Torà Plaça,2025-07-05 08:00:00,89.0,160.74493
Peguera Torà Plaça,2025-07-05 09:00:00,86.0,159.44469
Peguera Torà Plaça,2025-07-05 10:00:00,106.0,162.86719
Peguera Torà Plaça,2025-07-05 11:00:00,107.0,167.5097
Peguera Torà Plaça,2025-07-05 12:00:00,134.0,167.40567
Peguera Torà Plaça,2025-07-05 13:00:00,132.0,152.24174
Peguera Torà Plaça,2025-07-05 14:00:00,175.0,115.87324
Peguera Torà Plaça,2025-07-05 15:00:00,45.0,69.8775
Peguera Torà Plaça,2025-07-05 16:00:00,127.0,38.36747
Peguera Torà Plaça,2025-07-05 17:00:00,134.0,64.92541
Peguera Torà Plaça,2025-07-05 18:00:00,156.0,70.586296
Peguera Torà Plaça,2025-07-05 19:00:00,132.0,107.8989
Peguera Torà Plaça,2025-07-05 20:00:00,146.0,140.15016
Peguera Torà Plaça,2025-07-06 08:00:00,109.0,155.3716
Peguera Torà Plaça,2025-07-06 09:00:00,127.0,154.22742
Peguera Torà Plaça,2025-07-06 10:00:00,123.0,150.25427
Peguera Torà Plaça,2025-07-06 11:00:00,139.0,164.2646
Peguera Torà Plaça,2025-07-06 12:00:00,135.0,180.45499
Peguera Torà Plaça,2025-07-06 13:00:00,139.0,150.15306
Peguera Torà Plaça,2025-07-06 14:00:00,138.0,110.97103
Peguera Torà Plaça,2025-07-06 15:00:00,64.0,72.39718
Peguera Torà Plaça,2025-07-06 16:00:00,123.0,36.218037
Peguera Torà Plaça,2025-07-06 17:00:00,153.0,52.605545
Peguera Torà Plaça,2025-07-06 18:00:00,149.0,60.373253
Peguera Torà Plaça,2025-07-06 19:00:00,130.0,104.53165
Peguera Torà Plaça,2025-07-06 20:00:00,92.0,146.11467
Peguera Torà Plaça,2025-07-07 08:00:00,123.0,154.97389
Peguera Torà Plaça,2025-07-07 09:00:00,125.0,152.67824
Peguera Torà Plaça,2025-07-07 10:00:00,121.0,153.94664
Peguera Torà Plaça,2025-07-07 11:00:00,140.0,158.26947
Peguera Torà Plaça,2025-07-07 12:00:00,166.0,149.56657
Peguera Torà Plaça,2025-07-07 13:00:00,156.0,130.96164
Peguera Torà Plaça,2025-07-07 14:00:00,143.0,113.449646
Peguera Torà Plaça,2025-07-07 15:00:00,90.0,74.63148
Peguera Torà Plaça,2025-07-07 16:00:00,142.0,31.331701
Peguera Torà Plaça,2025-07-07 17:00:00,136.0,60.247627
Peguera Torà Plaça,2025-07-07 18:00:00,133.0,62.828262
Peguera Torà Plaça,2025-07-07 19:00:00,134.0,102.89773
Peguera Torà Plaça,2025-07-07 20:00:00,124.0,129.16417
Peguera Torà Plaça,2025-07-08 08:00:00,115.0,149.2986
Peguera Torà Plaça,2025-07-08 09:00:00,130.0,158.16743
Peguera Torà Plaça,2025-07-08 10:00:00,112.0,146.59456
Peguera Torà Plaça,2025-07-08 11:00:00,145.0,162.17406
Peguera Torà Plaça,2025-07-08 12:00:00,160.0,169.3881
Peguera Torà Plaça,2025-07-08 13:00:00,161.0,143.77608
Peguera Torà Plaça,2025-07-08 14:00:00,137.0,111.32128
Peguera Torà Plaça,2025-07-08 15:00:00,78.0,71.69117
Peguera Torà Plaça,2025-07-08 16:00:00,145.0,33.409054
Peguera Torà Plaça,2025-07-08 17:00:00,173.0,63.031677
Peguera Torà Plaça,2025-07-08 18:00:00,123.0,73.53296
Peguera Torà Plaça,2025-07-08 19:00:00,133.0,101.41791
Peguera Torà Plaça,2025-07-08 20:00:00,126.0,135.65645
Peguera Torà Plaça,2025-07-09 08:00:00,129.0,154.94765
Peguera Torà Plaça,2025-07-09 09:00:00,120.0,157.27168
Peguera Torà Plaça,2025-07-09 10:00:00,126.0,148.1538
Peguera Torà Plaça,2025-07-09 11:00:00,137.0,162.75394
Peguera Torà Plaça,2025-07-09 12:00:00,151.0,169.92087
Peguera Torà Plaça,2025-07-09 13:00:00,148.0,148.21022
Peguera Torà Plaça,2025-07-09 14:00:00,192.0,108.65631
Peguera Torà Plaça,2025-07-09 15:00:00,63.0,68.21511
Peguera Torà Plaça,2025-07-09 16:00:00,121.0,31.08853
Peguera Torà Plaça,2025-07-09 17:00:00,152.0,60.96175
Peguera Torà Plaça,2025-07-09 18:00:00,172.0,70.4887
Peguera Torà Plaça,2025-07-09 19:00:00,138.0,115.24418
Peguera Torà Plaça,2025-07-09 20:00:00,126.0,148.21136
Peguera Torà Plaça,2025-07-10 08:00:00,125.0,161.76086
Peguera Torà Plaça,2025-07-10 09:00:00,111.0,167.23083
Peguera Torà Plaça,2025-07-10 10:00:00,119.0,158.89575
Peguera Torà Plaça,2025-07-10 11:00:00,168.0,171.2186
Peguera Torà Plaça,2025-07-10 12:00:00,181.0,172.96475
Peguera Torà Plaça,2025-07-10 13:00:00,182.0,151.47183
Peguera Torà Plaça,2025-07-10 14:00:00,202.0,114.48388
Peguera Torà Plaça,2025-07-10 15:00:00,88.0,72.06031
Peguera Torà Plaça,2025-07-10 16:00:00,142.0,37.39302
Peguera Torà Plaça,2025-07-10 17:00:00,156.0,62.416035
Peguera Torà Plaça,2025-07-10 18:00:00,134.0,71.952774
Peguera Torà Plaça,2025-07-10 19:00:00,148.0,117.10243
Peguera Torà Plaça,2025-07-10 20:00:00,130.0,154.65198
Peguera Torà Plaça,2025-07-11 08:00:00,95.0,159.39117
Peguera Torà Plaça,2025-07-11 09:00:00,122.0,169.44336
Peguera Torà Plaça,2025-07-11 10:00:00,111.0,176.47807
Peguera Torà Plaça,2025-07-11 11:00:00,107.0,194.54678
Peguera Torà Plaça,2025-07-11 12:00:00,122.0,200.76929
Peguera Torà Plaça,2025-07-11 15:00:00,189.0,174.23932
Peguera Torà Plaça,2025-07-11 16:00:00,188.0,133.63644
Peguera Torà Plaça,2025-07-11 17:00:00,78.0,92.42126
Peguera Torà Plaça,2025-07-11 18:00:00,134.0,33.20394
Peguera Torà Plaça,2025-07-11 19:00:00,164.0,64.65832
Peguera Torà Plaça,2025-07-11 20:00:00,144.0,74.080315
Peguera Torà Plaça,2025-07-12 08:00:00,125.0,112.89783
Peguera Torà Plaça,2025-07-12 09:00:00,131.0,143.91078
Peguera Torà Plaça,2025-07-12 10:00:00,109.0,155.79723
Peguera Torà Plaça,2025-07-12 11:00:00,113.0,150.5324
Peguera Torà Plaça,2025-07-12 12:00:00,111.0,156.9779
Peguera Torà Plaça,2025-07-12 13:00:00,116.0,167.33429
Peguera Torà Plaça,2025-07-12 14:00:00,112.0,171.14575
Peguera Torà Plaça,2025-07-12 15:00:00,148.0,151.38522
Peguera Torà Plaça,2025-07-12 16:00:00,163.0,108.74453
Peguera Torà Plaça,2025-07-12 17:00:00,43.0,71.17996
Peguera Torà Plaça,2025-07-12 18:00:00,138.0,29.002815
Peguera Torà Plaça,2025-07-12 19:00:00,168.0,49.92277
Peguera Torà Plaça,2025-07-12 20:00:00,156.0,67.75777
Peguera Torà Plaça,2025-07-13 08:00:00,103.0,113.69168
Peguera Torà Plaça,2025-07-13 09:00:00,121.0,152.34814
Peguera Torà Plaça,2025-07-13 10:00:00,131.0,161.2783
Peguera Torà Plaça,2025-07-13 11:00:00,142.0,148.68523
Peguera Torà Plaça,2025-07-13 12:00:00,110.0,154.06943
Peguera Torà Plaça,2025-07-13 13:00:00,130.0,172.41965
Peguera Torà Plaça,2025-07-13 14:00:00,133.0,169.16719
Peguera Torà Plaça,2025-07-13 15:00:00,137.0,145.26453
Peguera Torà Plaça,2025-07-13 16:00:00,172.0,105.8551
Peguera Torà Plaça,2025-07-13 17:00:00,47.0,74.56696
Peguera Torà Plaça,2025-07-13 18:00:00,156.0,37.07783
Peguera Torà Plaça,2025-07-13 19:00:00,181.0,52.969143
Peguera Torà Plaça,2025-07-13 20:00:00,157.0,101.288414
Peguera Torà Plaça,2025-07-14 08:00:00,113.0,109.44622
Peguera Torà Plaça,2025-07-14 09:00:00,127.0,159.46234
Peguera Torà Plaça,2025-07-14 10:00:00,121.0,153.62534
Peguera Torà Plaça,2025-07-14 11:00:00,112.0,153.76176
Peguera Torà Plaça,2025-07-14 12:00:00,95.0,152.38695
Peguera Torà Plaça,2025-07-14 13:00:00,135.0,167.58765
Peguera Torà Plaça,2025-07-14 14:00:00,141.0,165.29256
Peguera Torà Plaça,2025-07-14 15:00:00,129.0,140.652
Peguera Torà Plaça,2025-07-14 16:00:00,182.0,95.13946
Peguera Torà Plaça,2025-07-14 17:00:00,62.0,67.25393
Peguera Torà Plaça,2025-07-14 18:00:00,145.0,30.073832
Peguera Torà Plaça,2025-07-14 19:00:00,188.0,43.131496
Peguera Torà Plaça,2025-07-14 20:00:00,146.0,54.90692
Peguera Torà Plaça,2025-07-15 08:00:00,136.0,97.27664
Peguera Torà Plaça,2025-07-15 09:00:00,113.0,128.33159
Peguera Torà Plaça,2025-07-15 10:00:00,116.0,130.26465
Peguera Torà Plaça,2025-07-15 11:00:00,139.0,141.3719
Peguera Torà Plaça,2025-07-15 12:00:00,118.0,144.01373
Peguera Torà Plaça,2025-07-15 13:00:00,151.0,151.67645
Peguera Torà Plaça,2025-07-15 14:00:00,149.0,143.7925
Peguera Torà Plaça,2025-07-15 15:00:00,219.0,131.4
Peguera Torà Plaça,2025-07-15 16:00:00,210.0,81.24381
Peguera Torà Plaça,2025-07-15 17:00:00,153.0,76.76127
Peguera Torà Plaça,2025-07-15 18:00:00,138.0,36.375294
Peguera Torà Plaça,2025-07-15 19:00:00,113.0,51.594738
Peguera Torà Plaça,2025-07-15 20:00:00,141.0,74.36374
Peguera Torà Plaça,2025-07-16 08:00:00,145.0,107.684814
Peguera Torà Plaça,2025-07-16 09:00:00,123.0,150.17993
Peguera Torà Plaça,2025-07-16 10:00:00,119.0,151.76587
Peguera Torà Plaça,2025-07-16 11:00:00,174.0,156.79964
Peguera Torà Plaça,2025-07-16 12:00:00,137.0,151.68651
Peguera Torà Plaça,2025-07-16 13:00:00,137.0,159.08775
Peguera Torà Plaça,2025-07-16 14:00:00,169.0,166.03546
Peguera Torà Plaça,2025-07-16 15:00:00,264.0,148.12741
Peguera Torà Plaça,2025-07-16 16:00:00,295.0,101.801445
Peguera Torà Plaça,2025-07-16 17:00:00,219.0,68.96681
Peguera Torà Plaça,2025-07-16 18:00:00,152.0,36.476936
Peguera Torà Plaça,2025-07-16 19:00:00,151.0,50.85388
Peguera Torà Plaça,2025-07-16 20:00:00,183.0,76.89368
Peguera Torà Plaça,2025-07-17 08:00:00,158.0,113.45458
Peguera Torà Plaça,2025-07-17 09:00:00,153.0,137.63286
Peguera Torà Plaça,2025-07-17 10:00:00,160.0,161.50006
Peguera Torà Plaça,2025-07-17 11:00:00,171.0,160.19934
Peguera Torà Plaça,2025-07-17 12:00:00,152.0,173.82208
Peguera Torà Plaça,2025-07-17 13:00:00,144.0,164.28712
Peguera Torà Plaça,2025-07-17 14:00:00,164.0,159.42583
Peguera Torà Plaça,2025-07-17 15:00:00,193.0,173.54315
Peguera Torà Plaça,2025-07-17 16:00:00,227.0,107.105225
Peguera Torà Plaça,2025-07-17 17:00:00,90.0,82.7777
Peguera Torà Plaça,2025-07-17 18:00:00,148.0,41.876984
Peguera Torà Plaça,2025-07-17 19:00:00,126.0,52.1228
Peguera Torà Plaça,2025-07-17 20:00:00,138.0,85.45409
Peguera Torà Plaça,2025-07-18 08:00:00,132.0,111.235756
Peguera Torà Plaça,2025-07-18 09:00:00,109.0,152.09192
Peguera Torà Plaça,2025-07-18 10:00:00,117.0,170.82195
Peguera Torà Plaça,2025-07-18 11:00:00,115.0,191.88516
Peguera Torà Plaça,2025-07-18 12:00:00,148.0,214.4584
Peguera Torà Plaça,2025-07-18 13:00:00,179.0,194.78516
Peguera Torà Plaça,2025-07-18 14:00:00,243.0,191.90213
Peguera Torà Plaça,2025-07-18 15:00:00,189.0,183.19336
Peguera Torà Plaça,2025-07-18 16:00:00,217.0,143.44559
Peguera Torà Plaça,2025-07-18 17:00:00,205.0,91.91382
Peguera Torà Plaça,2025-07-18 18:00:00,121.0,35.06864
Peguera Torà Plaça,2025-07-18 19:00:00,149.0,151.32
Peguera Torà Plaça,2025-07-18 20:00:00,158.0,187.30579
Peguera Torà Plaça,2025-07-19 08:00:00,148.0,96.7528
Peguera Torà Plaça,2025-07-19 09:00:00,137.0,140.21533
Peguera Torà Plaça,2025-07-19 10:00:00,161.0,219.24974
Peguera Torà Plaça,2025-07-19 11:00:00,133.0,225.23079
Peguera Torà Plaça,2025-07-19 12:00:00,142.0,210.8455
Peguera Torà Plaça,2025-07-19 13:00:00,136.0,218.0101
Peguera Torà Plaça,2025-07-19 14:00:00,168.0,219.30173
Peguera Torà Plaça,2025-07-19 15:00:00,186.0,191.45601
Peguera Torà Plaça,2025-07-19 16:00:00,182.0,106.940994
Peguera Torà Plaça,2025-07-19 17:00:00,53.0,157.56401
Peguera Torà Plaça,2025-07-19 18:00:00,147.0,152.0047
Peguera Torà Plaça,2025-07-19 19:00:00,136.0,150.8471
Peguera Torà Plaça,2025-07-19 20:00:00,156.0,181.01399
Peguera Torà Plaça,2025-07-20 08:00:00,95.0,140.27882
Peguera Torà Plaça,2025-07-20 09:00:00,101.0,175.6282
Peguera Torà Plaça,2025-07-20 10:00:00,132.0,200.08258
Peguera Torà Plaça,2025-07-20 11:00:00,87.0,240.11037
Peguera Torà Plaça,2025-07-20 12:00:00,107.0,191.61337
Peguera Torà Plaça,2025-07-20 13:00:00,129.0,232.70169
Peguera Torà Plaça,2025-07-20 14:00:00,154.0,186.07587
Peguera Torà Plaça,2025-07-20 15:00:00,132.0,197.89986
Peguera Torà Plaça,2025-07-20 16:00:00,190.0,186.8551
Peguera Torà Plaça,2025-07-20 17:00:00,50.0,181.86427
Peguera Torà Plaça,2025-07-20 18:00:00,106.0,141.33453
Peguera Torà Plaça,2025-07-20 19:00:00,125.0,138.97156
Peguera Torà Plaça,2025-07-20 20:00:00,158.0,160.63809
Peguera Torà Plaça,2025-07-21 08:00:00,145.0,163.83719
Peguera Torà Plaça,2025-07-21 09:00:00,125.0,208.52713
Peguera Torà Plaça,2025-07-21 10:00:00,123.0,206.26958
Peguera Torà Plaça,2025-07-21 11:00:00,126.0,202.64897
Peguera Torà Plaça,2025-07-21 12:00:00,138.0,227.60129
Peguera Torà Plaça,2025-07-21 13:00:00,140.0,249.14177
Peguera Torà Plaça,2025-07-21 14:00:00,137.0,204.1626
Peguera Torà Plaça,2025-07-21 15:00:00,169.0,203.22202
Peguera Torà Plaça,2025-07-21 16:00:00,77.0,188.65645
Peguera Torà Plaça,2025-07-21 17:00:00,49.0,181.25917
Peguera Torà Plaça,2025-07-21 18:00:00,143.0,135.28964
Peguera Torà Plaça,2025-07-21 19:00:00,133.0,130.42145
Peguera Torà Plaça,2025-07-21 20:00:00,142.0,156.78326
Peguera Torà Plaça,2025-07-22 08:00:00,139.0,95.09159
Peguera Torà Plaça,2025-07-22 09:00:00,120.0,137.20088
Peguera Torà Plaça,2025-07-22 10:00:00,112.0,184.49188
Peguera Torà Plaça,2025-07-22 11:00:00,129.0,184.59799
Peguera Torà Plaça,2025-07-22 12:00:00,122.0,206.33836
Peguera Torà Plaça,2025-07-22 13:00:00,147.0,210.61462
Peguera Torà Plaça,2025-07-22 14:00:00,145.0,225.26297
Peguera Torà Plaça,2025-07-22 15:00:00,151.0,147.4365
Peguera Torà Plaça,2025-07-22 16:00:00,107.0,90.2992
Peguera Torà Plaça,2025-07-22 17:00:00,63.0,78.80455
Peguera Torà Plaça,2025-07-22 18:00:00,160.0,41.892414
Peguera Torà Plaça,2025-07-22 19:00:00,164.0,56.051464
Peguera Torà Plaça,2025-07-22 20:00:00,172.0,81.91302
Peguera Torà Plaça,2025-07-23 08:00:00,127.0,109.1629
Peguera Torà Plaça,2025-07-23 09:00:00,124.0,135.8606
Peguera Torà Plaça,2025-07-23 10:00:00,130.0,153.5763
Peguera Torà Plaça,2025-07-23 11:00:00,109.0,163.49261
Peguera Torà Plaça,2025-07-23 12:00:00,130.0,145.1922
Peguera Torà Plaça,2025-07-23 13:00:00,128.0,174.31265
Peguera Torà Plaça,2025-07-23 14:00:00,155.0,166.93198
Peguera Torà Plaça,2025-07-23 15:00:00,155.0,126.63063
Peguera Torà Plaça,2025-07-23 16:00:00,79.0,89.99403
Peguera Torà Plaça,2025-07-23 17:00:00,68.0,75.153854
Peguera Torà Plaça,2025-07-23 18:00:00,147.0,38.37944
Peguera Torà Plaça,2025-07-23 19:00:00,147.0,51.769566
Peguera Torà Plaça,2025-07-23 20:00:00,135.0,78.627495
Peguera Torà Plaça,2025-07-24 08:00:00,131.0,97.742584
Peguera Torà Plaça,2025-07-24 09:00:00,112.0,140.6497
Peguera Torà Plaça,2025-07-24 10:00:00,112.0,152.39236
Peguera Torà Plaça,2025-07-24 11:00:00,101.0,154.90721
Peguera Torà Plaça,2025-07-24 12:00:00,132.0,158.20773
Peguera Torà Plaça,2025-07-24 13:00:00,141.0,148.22221
Peguera Torà Plaça,2025-07-24 14:00:00,140.0,143.20184
Peguera Torà Plaça,2025-07-24 15:00:00,154.0,155.01566
Peguera Torà Plaça,2025-07-24 16:00:00,103.0,79.3133
Peguera Torà Plaça,2025-07-24 17:00:00,73.0,84.76132
Peguera Torà Plaça,2025-07-24 18:00:00,162.0,140.69237
Peguera Torà Plaça,2025-07-24 19:00:00,167.0,159.01736
Peguera Torà Plaça,2025-07-24 20:00:00,119.0,189.01137
Peguera Torà Plaça,2025-07-25 08:00:00,110.0,192.51782
Peguera Torà Plaça,2025-07-25 09:00:00,132.0,213.09274
Peguera Torà Plaça,2025-07-25 10:00:00,98.0,213.08304
Peguera Torà Plaça,2025-07-25 11:00:00,116.0,218.5516
Peguera Torà Plaça,2025-07-25 12:00:00,126.0,206.10178
Peguera Torà Plaça,2025-07-25 13:00:00,127.0,233.17047
Peguera Torà Plaça,2025-07-25 14:00:00,157.0,238.05853
Peguera Torà Plaça,2025-07-25 15:00:00,147.0,189.59871
Peguera Torà Plaça,2025-07-25 16:00:00,110.0,189.965
Peguera Torà Plaça,2025-07-25 17:00:00,63.0,189.78879
Peguera Torà Plaça,2025-07-25 18:00:00,131.0,145.5319
Peguera Torà Plaça,2025-07-25 19:00:00,141.0,191.55923
Peguera Torà Plaça,2025-07-25 20:00:00,161.0,225.85109
Peguera Torà Plaça,2025-07-26 08:00:00,123.0,205.29964
Peguera Torà Plaça,2025-07-26 09:00:00,123.0,222.0686
Peguera Torà Plaça,2025-07-26 10:00:00,112.0,229.55322
Peguera Torà Plaça,2025-07-26 11:00:00,104.0,231.71873
Peguera Torà Plaça,2025-07-26 12:00:00,119.0,221.59439
Peguera Torà Plaça,2025-07-26 13:00:00,144.0,199.57053
Peguera Torà Plaça,2025-07-26 14:00:00,161.0,180.66823
Peguera Torà Plaça,2025-07-26 15:00:00,126.0,194.21692
Peguera Torà Plaça,2025-07-26 16:00:00,94.0,184.7234
Peguera Torà Plaça,2025-07-26 17:00:00,59.0,184.3033
Peguera Torà Plaça,2025-07-26 18:00:00,131.0,168.63068
Peguera Torà Plaça,2025-07-26 19:00:00,129.0,171.49629
Peguera Torà Plaça,2025-07-26 20:00:00,140.0,224.11319
Peguera Torà Plaça,2025-07-27 08:00:00,132.0,163.23068
Peguera Torà Plaça,2025-07-27 09:00:00,124.0,209.28474
Peguera Torà Plaça,2025-07-27 10:00:00,102.0,218.65417
Peguera Torà Plaça,2025-07-27 11:00:00,125.0,213.12096
Peguera Torà Plaça,2025-07-27 12:00:00,114.0,248.40968
Peguera Torà Plaça,2025-07-27 13:00:00,143.0,169.48483
Peguera Torà Plaça,2025-07-27 14:00:00,127.0,163.72733
Peguera Torà Plaça,2025-07-27 15:00:00,145.0,161.76416
Peguera Torà Plaça,2025-07-27 16:00:00,87.0,176.32976
Peguera Torà Plaça,2025-07-27 17:00:00,63.0,162.71622
Peguera Torà Plaça,2025-07-27 18:00:00,158.0,169.33766
Peguera Torà Plaça,2025-07-27 19:00:00,154.0,152.9763
Peguera Torà Plaça,2025-07-27 20:00:00,153.0,181.57811
Peguera Torà Plaça,2025-07-28 08:00:00,114.0,169.72171
Peguera Torà Plaça,2025-07-28 09:00:00,107.0,182.71643
Peguera Torà Plaça,2025-07-28 10:00:00,93.0,168.81229
Peguera Torà Plaça,2025-07-28 11:00:00,116.0,189.92418
Peguera Torà Plaça,2025-07-28 12:00:00,86.0,223.90993
Peguera Torà Plaça,2025-07-28 13:00:00,110.0,200.38077
Peguera Torà Plaça,2025-07-28 14:00:00,124.0,188.31018
Peguera Torà Plaça,2025-07-28 15:00:00,168.0,243.99974
Peguera Torà Plaça,2025-07-28 16:00:00,93.0,183.169
Peguera Torà Plaça,2025-07-28 17:00:00,62.0,242.08676
Peguera Torà Plaça,2025-07-28 18:00:00,136.0,137.2907
Peguera Torà Plaça,2025-07-28 19:00:00,135.0,162.98299
Peguera Torà Plaça,2025-07-28 20:00:00,124.0,153.53787
Peguera Torà Plaça,2025-07-29 08:00:00,113.0,140.44336
Peguera Torà Plaça,2025-07-29 09:00:00,111.0,209.44025
Peguera Torà Plaça,2025-07-29 10:00:00,113.0,211.22598
Peguera Torà Plaça,2025-07-29 11:00:00,113.0,184.4671
Peguera Torà Plaça,2025-07-29 12:00:00,104.0,200.90417
Peguera Torà Plaça,2025-07-29 13:00:00,132.0,197.30305
Peguera Torà Plaça,2025-07-29 14:00:00,146.0,243.22906
Peguera Torà Plaça,2025-07-29 15:00:00,155.0,197.11707
Peguera Torà Plaça,2025-07-29 16:00:00,68.0,185.60817
Peguera Torà Plaça,2025-07-29 17:00:00,62.0,187.08104
Peguera Torà Plaça,2025-07-29 18:00:00,149.0,110.94333
Peguera Torà Plaça,2025-07-29 19:00:00,163.0,139.58817
Peguera Torà Plaça,2025-07-29 20:00:00,143.0,149.53142
Peguera Torà Plaça,2025-07-30 08:00:00,15.0,148.07895
Peguera Torà Plaça,2025-07-30 09:00:00,13.0,173.06126
Peguera Torà Plaça,2025-07-30 10:00:00,17.0,198.01611
Peguera Torà Plaça,2025-07-30 11:00:00,14.0,161.39728
Peguera Torà Plaça,2025-07-30 12:00:00,18.0,165.6234
Peguera Torà Plaça,2025-07-30 13:00:00,18.0,186.3036
Peguera Torà Plaça,2025-07-30 14:00:00,17.0,183.79623
Peguera Torà Plaça,2025-07-30 15:00:00,19.0,178.43567
Peguera Torà Plaça,2025-07-30 16:00:00,16.0,142.49818
Peguera Torà Plaça,2025-07-30 17:00:00,12.0,147.11661
Peguera Torà Plaça,2025-07-30 18:00:00,21.0,109.01721
Peguera Torà Plaça,2025-07-30 19:00:00,18.0,125.13102
Peguera Torà Plaça,2025-07-30 20:00:00,15.0,46.941578
Peguera Torà Plaça,2025-07-31 08:00:00,15.0,100.92055
Peguera Torà Plaça,2025-07-31 09:00:00,13.0,135.9713
Peguera Torà Plaça,2025-07-31 10:00:00,13.0,151.6906
Peguera Torà Plaça,2025-07-31 11:00:00,12.0,153.1163
Peguera Torà Plaça,2025-07-31 12:00:00,18.0,147.89232
Peguera Torà Plaça,2025-07-31 13:00:00,18.0,160.08737
Peguera Torà Plaça,2025-07-31 14:00:00,26.0,161.70575
Peguera Torà Plaça,2025-07-31 15:00:00,20.0,138.25212
Peguera Torà Plaça,2025-07-31 16:00:00,15.0,80.69375
Peguera Torà Plaça,2025-07-31 17:00:00,13.0,73.393425
Peguera Torà Plaça,2025-07-31 18:00:00,18.0,34.669067
Peguera Torà Plaça,2025-07-31 19:00:00,16.0,59.45585
Peguera Torà Plaça,2025-07-31 20:00:00,17.0,64.76082
Peguera Torà Plaça,2025-08-01 08:00:00,13.0,109.79981
Peguera Torà Plaça,2025-08-01 09:00:00,13.0,141.64615
Peguera Torà Plaça,2025-08-01 10:00:00,13.0,158.68617
Peguera Torà Plaça,2025-08-01 11:00:00,17.0,159.3258
Peguera Torà Plaça,2025-08-01 12:00:00,18.0,178.71832
Peguera Torà Plaça,2025-08-01 13:00:00,17.0,188.12628
Peguera Torà Plaça,2025-08-01 14:00:00,21.0,228.6625
Peguera Torà Plaça,2025-08-01 15:00:00,18.0,163.88309
Peguera Torà Plaça,2025-08-01 16:00:00,20.0,121.46917
Peguera Torà Plaça,2025-08-01 17:00:00,17.0,95.84362
Peguera Torà Plaça,2025-08-01 18:00:00,155.0,38.314
Peguera Torà Plaça,2025-08-01 19:00:00,129.0,62.703022
Peguera Torà Plaça,2025-08-01 20:00:00,152.0,62.490036
Peguera Torà Plaça,2025-08-02 08:00:00,133.0,108.7115
Peguera Torà Plaça,2025-08-02 09:00:00,131.0,136.82797
Peguera Torà Plaça,2025-08-02 10:00:00,100.0,151.01723
Peguera Torà Plaça,2025-08-02 11:00:00,105.0,149.29872
Peguera Torà Plaça,2025-08-02 12:00:00,123.0,149.16805
Peguera Torà Plaça,2025-08-02 13:00:00,155.0,163.10284
Peguera Torà Plaça,2025-08-02 14:00:00,116.0,169.63744
Peguera Torà Plaça,2025-08-02 15:00:00,187.0,142.69034
Peguera Torà Plaça,2025-08-02 16:00:00,71.0,91.392685
Peguera Torà Plaça,2025-08-02 17:00:00,69.0,74.55973
Peguera Torà Plaça,2025-08-02 18:00:00,159.0,33.513744
Peguera Torà Plaça,2025-08-02 19:00:00,162.0,54.0131
Peguera Torà Plaça,2025-08-02 20:00:00,144.0,67.36382
Peguera Torà Plaça,2025-08-03 08:00:00,133.0,109.098656
Peguera Torà Plaça,2025-08-03 09:00:00,90.0,139.60683
Peguera Torà Plaça,2025-08-03 10:00:00,122.0,144.91309
Peguera Torà Plaça,2025-08-03 11:00:00,138.0,150.57977
Peguera Torà Plaça,2025-08-03 12:00:00,114.0,154.90598
Peguera Torà Plaça,2025-08-03 13:00:00,151.0,167.62434
Peguera Torà Plaça,2025-08-03 14:00:00,152.0,164.16446
Peguera Torà Plaça,2025-08-03 15:00:00,137.0,142.12256
Peguera Torà Plaça,2025-08-03 16:00:00,79.0,87.20368
Peguera Torà Plaça,2025-08-03 17:00:00,47.0,78.13857
Peguera Torà Plaça,2025-08-03 18:00:00,130.0,23.777132
Peguera Torà Plaça,2025-08-03 19:00:00,157.0,53.304604
Peguera Torà Plaça,2025-08-03 20:00:00,159.0,67.755005
Peguera Torà Plaça,2025-08-04 08:00:00,156.0,102.47599
Peguera Torà Plaça,2025-08-04 09:00:00,138.0,130.59113
Peguera Torà Plaça,2025-08-04 10:00:00,107.0,150.60971
Peguera Torà Plaça,2025-08-04 11:00:00,111.0,144.20618
Peguera Torà Plaça,2025-08-04 12:00:00,137.0,150.08313
Peguera Torà Plaça,2025-08-04 13:00:00,155.0,165.52171
Peguera Torà Plaça,2025-08-04 14:00:00,176.0,165.30223
Peguera Torà Plaça,2025-08-04 15:00:00,182.0,139.3868
Peguera Torà Plaça,2025-08-04 16:00:00,92.0,82.83496
Peguera Torà Plaça,2025-08-04 17:00:00,72.0,76.31723
Peguera Torà Plaça,2025-08-04 18:00:00,120.0,34.468792
Peguera Torà Plaça,2025-08-04 19:00:00,147.0,59.975018
Peguera Torà Plaça,2025-08-04 20:00:00,137.0,72.9952
Peguera Torà Plaça,2025-08-05 08:00:00,145.0,112.99696
Peguera Torà Plaça,2025-08-05 09:00:00,121.0,147.3172
Peguera Torà Plaça,2025-08-05 10:00:00,118.0,159.06314
Peguera Torà Plaça,2025-08-05 11:00:00,121.0,156.59619
Peguera Torà Plaça,2025-08-05 12:00:00,157.0,153.27907
Peguera Torà Plaça,2025-08-05 13:00:00,145.0,163.42581
Peguera Torà Plaça,2025-08-05 14:00:00,167.0,161.71565
Peguera Torà Plaça,2025-08-05 15:00:00,136.0,143.69217
Peguera Torà Plaça,2025-08-05 16:00:00,88.0,86.802086
Peguera Torà Plaça,2025-08-05 17:00:00,51.0,81.61091
Peguera Torà Plaça,2025-08-05 18:00:00,149.0,36.848625
Peguera Torà Plaça,2025-08-05 19:00:00,163.0,59.849117
Peguera Torà Plaça,2025-08-05 20:00:00,167.0,76.50498
Peguera Torà Plaça,2025-08-06 08:00:00,168.0,117.07184
Peguera Torà Plaça,2025-08-06 09:00:00,142.0,151.50325
Peguera Torà Plaça,2025-08-06 10:00:00,132.0,164.14278
Peguera Torà Plaça,2025-08-06 11:00:00,140.0,158.35097
Peguera Torà Plaça,2025-08-06 12:00:00,138.0,162.69225
Peguera Torà Plaça,2025-08-06 13:00:00,171.0,169.82939
Peguera Torà Plaça,2025-08-06 14:00:00,163.0,167.28157
Peguera Torà Plaça,2025-08-06 15:00:00,150.0,139.5144
Peguera Torà Plaça,2025-08-06 16:00:00,88.0,80.725235
Peguera Torà Plaça,2025-08-06 17:00:00,75.0,70.38668
Peguera Torà Plaça,2025-08-06 18:00:00,135.0,37.2315
Peguera Torà Plaça,2025-08-06 19:00:00,159.0,60.409294
Peguera Torà Plaça,2025-08-06 20:00:00,165.0,78.48839
Peguera Torà Plaça,2025-08-07 08:00:00,140.0,115.34181
Peguera Torà Plaça,2025-08-07 09:00:00,137.0,145.29213
Peguera Torà Plaça,2025-08-07 10:00:00,115.0,159.92697
Peguera Torà Plaça,2025-08-07 11:00:00,115.0,161.54472
Peguera Torà Plaça,2025-08-07 12:00:00,134.0,162.34804
Peguera Torà Plaça,2025-08-07 13:00:00,143.0,166.77585
Peguera Torà Plaça,2025-08-07 14:00:00,152.0,162.70126
Peguera Torà Plaça,2025-08-07 15:00:00,178.0,145.29446
Peguera Torà Plaça,2025-08-07 16:00:00,71.0,88.44831
Peguera Torà Plaça,2025-08-07 17:00:00,60.0,87.62188
Peguera Torà Plaça,2025-08-07 18:00:00,108.0,40.972107
Peguera Torà Plaça,2025-08-07 19:00:00,137.0,60.13816
Peguera Torà Plaça,2025-08-07 20:00:00,159.0,79.26292
Peguera Torà Plaça,2025-08-08 08:00:00,121.0,109.76055
Peguera Torà Plaça,2025-08-08 09:00:00,138.0,159.4759
Peguera Torà Plaça,2025-08-08 10:00:00,98.0,168.42136
Peguera Torà Plaça,2025-08-08 11:00:00,134.0,168.83755
Peguera Torà Plaça,2025-08-08 12:00:00,162.0,184.00099
Peguera Torà Plaça,2025-08-08 13:00:00,153.0,193.71431
Peguera Torà Plaça,2025-08-08 14:00:00,128.0,151.64847
Peguera Torà Plaça,2025-08-08 15:00:00,141.0,126.965675
Peguera Torà Plaça,2025-08-08 16:00:00,68.0,55.486385
Peguera Torà Plaça,2025-08-08 17:00:00,62.0,42.117752
Peguera Torà Plaça,2025-08-08 18:00:00,125.0,30.792393
Peguera Torà Plaça,2025-08-08 19:00:00,158.0,44.006287
Peguera Torà Plaça,2025-08-08 20:00:00,154.0,55.24189
Peguera Torà Plaça,2025-08-09 08:00:00,127.0,64.98099
Peguera Torà Plaça,2025-08-09 09:00:00,93.0,89.42093
Peguera Torà Plaça,2025-08-09 10:00:00,77.0,96.19979
Peguera Torà Plaça,2025-08-09 11:00:00,91.0,94.73635
Peguera Torà Plaça,2025-08-09 12:00:00,95.0,96.074104
Peguera Torà Plaça,2025-08-09 13:00:00,104.0,61.475132
Peguera Torà Plaça,2025-08-09 14:00:00,149.0,55.654392
Peguera Torà Plaça,2025-08-09 15:00:00,139.0,42.8951
Peguera Torà Plaça,2025-08-09 16:00:00,79.0,25.917671
Peguera Torà Plaça,2025-08-09 17:00:00,59.0,16.663149
Peguera Torà Plaça,2025-08-09 18:00:00,126.0,21.789803
Peguera Torà Plaça,2025-08-09 19:00:00,138.0,20.915522
Peguera Torà Plaça,2025-08-09 20:00:00,134.0,21.865936
Peguera Torà Plaça,2025-08-10 08:00:00,119.0,37.086514
Peguera Torà Plaça,2025-08-10 09:00:00,136.0,33.8339
Peguera Torà Plaça,2025-08-10 10:00:00,116.0,52.644665
Peguera Torà Plaça,2025-08-10 11:00:00,112.0,41.782402
Peguera Torà Plaça,2025-08-10 12:00:00,126.0,37.69382
Peguera Torà Plaça,2025-08-10 13:00:00,121.0,27.6893
Peguera Torà Plaça,2025-08-10 14:00:00,116.0,22.98259
Peguera Torà Plaça,2025-08-10 15:00:00,145.0,20.782122
Peguera Torà Plaça,2025-08-10 16:00:00,71.0,20.852976
Peguera Torà Plaça,2025-08-10 17:00:00,57.0,14.814304
Peguera Torà Plaça,2025-08-10 18:00:00,132.0,17.928543
Peguera Torà Plaça,2025-08-10 19:00:00,143.0,18.733461
Peguera Torà Plaça,2025-08-10 20:00:00,151.0,17.239738
Peguera Torà Plaça,2025-08-11 08:00:00,146.0,18.372759
Peguera Torà Plaça,2025-08-11 09:00:00,111.0,25.825861
Peguera Torà Plaça,2025-08-11 10:00:00,108.0,28.371986
Peguera Torà Plaça,2025-08-11 11:00:00,110.0,38.32948
Peguera Torà Plaça,2025-08-11 12:00:00,112.0,38.508553
Peguera Torà Plaça,2025-08-11 13:00:00,125.0,42.16191
Peguera Torà Plaça,2025-08-11 14:00:00,109.0,31.715189
Peguera Torà Plaça,2025-08-11 15:00:00,149.0,32.000187
Peguera Torà Plaça,2025-08-11 16:00:00,95.0,27.709194
Peguera Torà Plaça,2025-08-11 17:00:00,50.0,25.537752
Peguera Torà Plaça,2025-08-11 18:00:00,149.0,30.932684
Peguera Torà Plaça,2025-08-11 19:00:00,134.0,36.499897
Peguera Torà Plaça,2025-08-11 20:00:00,154.0,50.399178
Peguera Torà Plaça,2025-08-12 08:00:00,143.0,65.37077
Peguera Torà Plaça,2025-08-12 09:00:00,132.0,79.8822
Peguera Torà Plaça,2025-08-12 10:00:00,117.0,90.25075
Peguera Torà Plaça,2025-08-12 11:00:00,150.0,95.96808
Peguera Torà Plaça,2025-08-12 12:00:00,158.0,90.708725
Peguera Torà Plaça,2025-08-12 13:00:00,186.0,97.508156
Peguera Torà Plaça,2025-08-12 14:00:00,193.0,101.179886
Peguera Torà Plaça,2025-08-12 15:00:00,155.0,99.05097
Peguera Torà Plaça,2025-08-12 16:00:00,81.0,51.628124
Peguera Torà Plaça,2025-08-12 17:00:00,58.0,46.16282
Peguera Torà Plaça,2025-08-12 18:00:00,109.0,29.540977
Peguera Torà Plaça,2025-08-12 19:00:00,146.0,37.382545
Peguera Torà Plaça,2025-08-12 20:00:00,159.0,49.278248
Peguera Torà Plaça,2025-08-13 08:00:00,126.0,73.50717
Peguera Torà Plaça,2025-08-13 09:00:00,121.0,105.70222
Peguera Torà Plaça,2025-08-13 10:00:00,122.0,122.4348
Peguera Torà Plaça,2025-08-13 11:00:00,107.0,124.6955
Peguera Torà Plaça,2025-08-13 12:00:00,156.0,123.06665
Peguera Torà Plaça,2025-08-13 13:00:00,152.0,176.82578
Peguera Torà Plaça,2025-08-13 14:00:00,137.0,164.87964
Peguera Torà Plaça,2025-08-13 15:00:00,145.0,120.25743
Peguera Torà Plaça,2025-08-13 16:00:00,82.0,82.103386
Peguera Torà Plaça,2025-08-13 17:00:00,53.0,71.56264
Peguera Torà Plaça,2025-08-13 18:00:00,129.0,30.64248
Peguera Torà Plaça,2025-08-13 19:00:00,135.0,63.259388
Peguera Torà Plaça,2025-08-13 20:00:00,146.0,56.381775
Peguera Torà Plaça,2025-08-14 08:00:00,125.0,100.18226
Peguera Torà Plaça,2025-08-14 09:00:00,107.0,146.9834
Peguera Torà Plaça,2025-08-14 10:00:00,107.0,151.97227
Peguera Torà Plaça,2025-08-14 11:00:00,122.0,150.94287
Peguera Torà Plaça,2025-08-14 12:00:00,142.0,155.51863
Peguera Torà Plaça,2025-08-14 13:00:00,149.0,159.69307
Peguera Torà Plaça,2025-08-14 14:00:00,125.0,156.04402
Peguera Torà Plaça,2025-08-14 15:00:00,148.0,121.43076
Peguera Torà Plaça,2025-08-14 16:00:00,81.0,84.984024
Peguera Torà Plaça,2025-08-14 17:00:00,60.0,78.46308
Peguera Torà Plaça,2025-08-14 18:00:00,139.0,33.509457
Peguera Torà Plaça,2025-08-14 19:00:00,136.0,86.235344
Peguera Torà Plaça,2025-08-14 20:00:00,141.0,59.73307
Peguera Torà Plaça,2025-08-15 08:00:00,137.0,100.66289
Peguera Torà Plaça,2025-08-15 09:00:00,117.0,145.82564
Peguera Torà Plaça,2025-08-15 10:00:00,108.0,168.05714
Peguera Torà Plaça,2025-08-15 11:00:00,98.0,171.78363
Peguera Torà Plaça,2025-08-15 12:00:00,98.0,174.39864
Peguera Torà Plaça,2025-08-15 13:00:00,149.0,190.94327
Peguera Torà Plaça,2025-08-15 14:00:00,133.0,229.58583
Peguera Torà Plaça,2025-08-15 15:00:00,168.0,142.94615
Peguera Torà Plaça,2025-08-15 16:00:00,66.0,99.877174
Peguera Torà Plaça,2025-08-15 17:00:00,66.0,169.60457
Peguera Torà Plaça,2025-08-15 18:00:00,99.0,126.695404
Peguera Torà Plaça,2025-08-15 19:00:00,126.0,128.88359
Peguera Torà Plaça,2025-08-15 20:00:00,125.0,96.16553
Peguera Torà Plaça,2025-08-16 08:00:00,125.0,142.85686
Peguera Torà Plaça,2025-08-16 09:00:00,109.0,213.48308
Peguera Torà Plaça,2025-08-16 10:00:00,107.0,169.6735
Peguera Torà Plaça,2025-08-16 11:00:00,110.0,204.89293
Peguera Torà Plaça,2025-08-16 12:00:00,132.0,192.7651
Peguera Torà Plaça,2025-08-16 13:00:00,98.0,183.68214
Peguera Torà Plaça,2025-08-16 14:00:00,148.0,178.39671
Peguera Torà Plaça,2025-08-16 15:00:00,151.0,154.33992
Peguera Torà Plaça,2025-08-16 16:00:00,81.0,99.70471
Peguera Torà Plaça,2025-08-16 17:00:00,65.0,148.3586
Peguera Torà Plaça,2025-08-16 18:00:00,87.0,118.56098
Peguera Torà Plaça,2025-08-16 19:00:00,151.0,120.28215
Peguera Torà Plaça,2025-08-16 20:00:00,143.0,117.79334
Peguera Torà Plaça,2025-08-17 08:00:00,146.0,133.02032
Peguera Torà Plaça,2025-08-17 09:00:00,139.0,119.66954
Peguera Torà Plaça,2025-08-17 10:00:00,105.0,146.36444
Peguera Torà Plaça,2025-08-17 11:00:00,119.0,167.6394
Peguera Torà Plaça,2025-08-17 12:00:00,128.0,179.97903
Peguera Torà Plaça,2025-08-17 13:00:00,130.0,161.83397
Peguera Torà Plaça,2025-08-17 14:00:00,147.0,154.27013
Peguera Torà Plaça,2025-08-17 15:00:00,179.0,132.49066
Peguera Torà Plaça,2025-08-17 16:00:00,58.0,78.61953
Peguera Torà Plaça,2025-08-17 17:00:00,50.0,144.74437
Peguera Torà Plaça,2025-08-17 18:00:00,83.0,87.172966
Peguera Torà Plaça,2025-08-17 19:00:00,90.0,106.969124
Peguera Torà Plaça,2025-08-17 20:00:00,127.0,55.322475
Peguera Torà Plaça,2025-08-18 08:00:00,101.0,106.844376
Peguera Torà Plaça,2025-08-18 09:00:00,97.0,132.60953
Peguera Torà Plaça,2025-08-18 10:00:00,93.0,144.89366
Peguera Torà Plaça,2025-08-18 11:00:00,69.0,153.90358
Peguera Torà Plaça,2025-08-18 12:00:00,116.0,143.83467
Peguera Torà Plaça,2025-08-18 13:00:00,123.0,157.43303
Peguera Torà Plaça,2025-08-18 14:00:00,115.0,160.62029
Peguera Torà Plaça,2025-08-18 15:00:00,130.0,119.73185
Peguera Torà Plaça,2025-08-18 16:00:00,85.0,77.19134
Peguera Torà Plaça,2025-08-18 17:00:00,51.0,62.230507
Peguera Torà Plaça,2025-08-18 18:00:00,107.0,21.752256
Peguera Torà Plaça,2025-08-18 19:00:00,123.0,31.259007
Peguera Torà Plaça,2025-08-18 20:00:00,134.0,47.78553
Peguera Torà Plaça,2025-08-19 08:00:00,138.0,100.602005
Peguera Torà Plaça,2025-08-19 09:00:00,116.0,140.24263
Peguera Torà Plaça,2025-08-19 10:00:00,120.0,147.0361
Peguera Torà Plaça,2025-08-19 11:00:00,123.0,146.43849
Peguera Torà Plaça,2025-08-19 12:00:00,111.0,151.54692
Peguera Torà Plaça,2025-08-19 13:00:00,162.0,162.52974
Peguera Torà Plaça,2025-08-19 14:00:00,152.0,159.82639
Peguera Torà Plaça,2025-08-19 15:00:00,140.0,112.20047
Peguera Torà Plaça,2025-08-19 16:00:00,73.0,80.277016
Peguera Torà Plaça,2025-08-19 17:00:00,76.0,71.80807
Peguera Torà Plaça,2025-08-19 18:00:00,115.0,31.602087
Peguera Torà Plaça,2025-08-19 19:00:00,140.0,39.270245
Peguera Torà Plaça,2025-08-19 20:00:00,133.0,39.64935
Peguera Torà Plaça,2025-08-20 08:00:00,117.0,79.68333
Peguera Torà Plaça,2025-08-20 09:00:00,97.0,139.06863
Peguera Torà Plaça,2025-08-20 10:00:00,79.0,150.42282
Peguera Torà Plaça,2025-08-20 11:00:00,107.0,150.85477
Peguera Torà Plaça,2025-08-20 12:00:00,116.0,155.45134
Peguera Torà Plaça,2025-08-20 13:00:00,126.0,156.793
Peguera Torà Plaça,2025-08-20 14:00:00,179.0,155.49698
Peguera Torà Plaça,2025-08-20 15:00:00,141.0,117.04705
Peguera Torà Plaça,2025-08-20 16:00:00,89.0,80.9195
Peguera Torà Plaça,2025-08-20 17:00:00,69.0,74.17241
Peguera Torà Plaça,2025-08-20 18:00:00,142.0,27.498682
Peguera Torà Plaça,2025-08-20 19:00:00,157.0,46.784855
Peguera Torà Plaça,2025-08-20 20:00:00,153.0,62.210476
Peguera Torà Plaça,2025-08-21 08:00:00,130.0,103.20909
Peguera Torà Plaça,2025-08-21 09:00:00,115.0,144.52858
Peguera Torà Plaça,2025-08-21 10:00:00,106.0,157.07986
Peguera Torà Plaça,2025-08-21 11:00:00,104.0,154.11456
Peguera Torà Plaça,2025-08-21 12:00:00,117.0,159.09589
Peguera Torà Plaça,2025-08-21 13:00:00,154.0,171.02908
Peguera Torà Plaça,2025-08-21 14:00:00,171.0,162.20122
Peguera Torà Plaça,2025-08-21 15:00:00,172.0,120.57832
Peguera Torà Plaça,2025-08-21 16:00:00,84.0,80.726776
Peguera Torà Plaça,2025-08-21 17:00:00,67.0,85.7016
Peguera Torà Plaça,2025-08-21 18:00:00,127.0,40.311287
Peguera Torà Plaça,2025-08-21 19:00:00,139.0,66.33915
Peguera Torà Plaça,2025-08-21 20:00:00,122.0,65.97937
Peguera Torà Plaça,2025-08-22 08:00:00,119.0,114.987236
Peguera Torà Plaça,2025-08-22 09:00:00,81.0,160.24081
Peguera Torà Plaça,2025-08-22 10:00:00,115.0,175.56665
Peguera Torà Plaça,2025-08-22 11:00:00,110.0,173.41245
Peguera Torà Plaça,2025-08-22 12:00:00,125.0,190.17238
Peguera Torà Plaça,2025-08-22 13:00:00,163.0,198.92474
Peguera Torà Plaça,2025-08-22 14:00:00,147.0,189.67384
Peguera Torà Plaça,2025-08-22 15:00:00,155.0,135.92088
Peguera Torà Plaça,2025-08-22 16:00:00,79.0,93.68249
Peguera Torà Plaça,2025-08-22 17:00:00,59.0,86.1625
Peguera Torà Plaça,2025-08-22 18:00:00,69.0,25.907091
Peguera Torà Plaça,2025-08-22 19:00:00,124.0,43.82627
Peguera Torà Plaça,2025-08-22 20:00:00,153.0,60.355568
Peguera Torà Plaça,2025-08-23 08:00:00,137.0,100.15368
Peguera Torà Plaça,2025-08-23 09:00:00,120.0,124.96878
Peguera Torà Plaça,2025-08-23 10:00:00,141.0,136.49516
Peguera Torà Plaça,2025-08-23 11:00:00,112.0,133.0259
Peguera Torà Plaça,2025-08-23 12:00:00,143.0,131.0228
Peguera Torà Plaça,2025-08-23 13:00:00,173.0,136.40219
Peguera Torà Plaça,2025-08-23 14:00:00,179.0,134.68445
Peguera Torà Plaça,2025-08-23 15:00:00,149.0,107.69798
Peguera Torà Plaça,2025-08-23 16:00:00,79.0,76.574684
Peguera Torà Plaça,2025-08-23 17:00:00,70.0,67.77266
Peguera Torà Plaça,2025-08-23 18:00:00,112.0,21.44535
Peguera Torà Plaça,2025-08-23 19:00:00,165.0,37.705597
Peguera Torà Plaça,2025-08-23 20:00:00,154.0,53.53512
Peguera Torà Plaça,2025-08-24 08:00:00,118.0,101.05009
Peguera Torà Plaça,2025-08-24 09:00:00,120.0,125.9604
Peguera Torà Plaça,2025-08-24 10:00:00,99.0,128.53856
Peguera Torà Plaça,2025-08-24 11:00:00,105.0,131.58148
Peguera Torà Plaça,2025-08-24 12:00:00,147.0,130.1336
Peguera Torà Plaça,2025-08-24 13:00:00,126.0,133.2136
Peguera Torà Plaça,2025-08-24 14:00:00,140.0,132.80495
Peguera Torà Plaça,2025-08-24 15:00:00,161.0,107.46822
Peguera Torà Plaça,2025-08-24 16:00:00,73.0,75.43695
Peguera Torà Plaça,2025-08-24 17:00:00,72.0,70.47505
Peguera Torà Plaça,2025-08-24 18:00:00,126.0,30.763351
Peguera Torà Plaça,2025-08-24 19:00:00,124.0,43.72941
Peguera Torà Plaça,2025-08-24 20:00:00,146.0,63.402298
Peguera Torà Plaça,2025-08-25 08:00:00,139.0,101.86055
Peguera Torà Plaça,2025-08-25 09:00:00,123.0,125.95071
Peguera Torà Plaça,2025-08-25 10:00:00,129.0,121.87313
Peguera Torà Plaça,2025-08-25 11:00:00,139.0,119.4531
Peguera Torà Plaça,2025-08-25 12:00:00,131.0,121.090515
Peguera Torà Plaça,2025-08-25 13:00:00,138.0,131.86507
Peguera Torà Plaça,2025-08-25 14:00:00,143.0,134.13692
Peguera Torà Plaça,2025-08-25 15:00:00,155.0,107.81522
Peguera Torà Plaça,2025-08-25 16:00:00,47.0,73.58327
Peguera Torà Plaça,2025-08-25 17:00:00,52.0,64.374916
Peguera Torà Plaça,2025-08-25 18:00:00,140.0,27.620668
Peguera Torà Plaça,2025-08-25 19:00:00,144.0,45.882114
Peguera Torà Plaça,2025-08-25 20:00:00,154.0,64.18307
Peguera Torà Plaça,2025-08-26 08:00:00,141.0,95.66388
Peguera Torà Plaça,2025-08-26 09:00:00,127.0,119.97228
Peguera Torà Plaça,2025-08-26 10:00:00,142.0,121.640976
Peguera Torà Plaça,2025-08-26 11:00:00,113.0,130.90114
Peguera Torà Plaça,2025-08-26 12:00:00,113.0,130.40039
Peguera Torà Plaça,2025-08-26 13:00:00,111.0,139.00615
Peguera Torà Plaça,2025-08-26 14:00:00,119.0,137.91194
Peguera Torà Plaça,2025-08-26 15:00:00,140.0,103.624435
Peguera Torà Plaça,2025-08-26 16:00:00,37.0,69.33928
Peguera Torà Plaça,2025-08-26 17:00:00,30.0,64.06076
Peguera Torà Plaça,2025-08-26 18:00:00,121.0,28.829891
Peguera Torà Plaça,2025-08-26 19:00:00,136.0,43.496468
Peguera Torà Plaça,2025-08-26 20:00:00,166.0,55.253685
Peguera Torà Plaça,2025-08-27 08:00:00,152.0,100.83492
Peguera Torà Plaça,2025-08-27 09:00:00,150.0,130.4662
Peguera Torà Plaça,2025-08-27 10:00:00,138.0,125.33963
Peguera Torà Plaça,2025-08-27 11:00:00,128.0,125.91506
Peguera Torà Plaça,2025-08-27 12:00:00,159.0,125.74424
Peguera Torà Plaça,2025-08-27 13:00:00,137.0,131.99738
Peguera Torà Plaça,2025-08-27 14:00:00,152.0,124.52702
Peguera Torà Plaça,2025-08-27 15:00:00,160.0,93.55303
Peguera Torà Plaça,2025-08-27 16:00:00,45.0,37.8639
Peguera Torà Plaça,2025-08-27 17:00:00,44.0,54.606564
Peguera Torà Plaça,2025-08-27 18:00:00,134.0,26.046663
Peguera Torà Plaça,2025-08-27 19:00:00,200.0,40.79882
Peguera Torà Plaça,2025-08-27 20:00:00,161.0,59.86102
Peguera Torà Plaça,2025-08-28 08:00:00,160.0,62.421227
Peguera Torà Plaça,2025-08-28 09:00:00,140.0,113.42064
Peguera Torà Plaça,2025-08-28 10:00:00,141.0,118.906364
Peguera Torà Plaça,2025-08-28 11:00:00,114.0,130.38313
Peguera Torà Plaça,2025-08-28 12:00:00,135.0,133.14964
Peguera Torà Plaça,2025-08-28 13:00:00,107.0,138.4606
Peguera Torà Plaça,2025-08-28 14:00:00,135.0,131.26343
Peguera Torà Plaça,2025-08-28 15:00:00,168.0,104.65899
Peguera Torà Plaça,2025-08-28 16:00:00,30.0,46.495407
Peguera Torà Plaça,2025-08-28 17:00:00,36.0,59.981606
Peguera Torà Plaça,2025-08-28 18:00:00,114.0,24.785349
Peguera Torà Plaça,2025-08-28 19:00:00,135.0,26.457596
Peguera Torà Plaça,2025-08-28 20:00:00,157.0,48.882072
Peguera Torà Plaça,2025-08-29 08:00:00,140.0,103.180405
Peguera Torà Plaça,2025-08-29 09:00:00,116.0,140.45322
Peguera Torà Plaça,2025-08-29 10:00:00,130.0,145.83098
Peguera Torà Plaça,2025-08-29 11:00:00,117.0,156.32474
Peguera Torà Plaça,2025-08-29 12:00:00,139.0,149.9745
Peguera Torà Plaça,2025-08-29 13:00:00,111.0,147.90314
Peguera Torà Plaça,2025-08-29 14:00:00,103.0,127.282074
Peguera Torà Plaça,2025-08-29 15:00:00,153.0,86.842316
Peguera Torà Plaça,2025-08-29 16:00:00,27.0,52.71565
Peguera Torà Plaça,2025-08-29 17:00:00,36.0,53.257065
Peguera Torà Plaça,2025-08-29 18:00:00,117.0,21.943712
Peguera Torà Plaça,2025-08-29 19:00:00,109.0,32.38091
Peguera Torà Plaça,2025-08-29 20:00:00,156.0,59.2979
Peguera Torà Plaça,2025-08-30 08:00:00,109.0,103.77132
Peguera Torà Plaça,2025-08-30 09:00:00,136.0,136.37968
Peguera Torà Plaça,2025-08-30 10:00:00,119.0,138.90948
Peguera Torà Plaça,2025-08-30 11:00:00,113.0,139.21973
Peguera Torà Plaça,2025-08-30 12:00:00,121.0,143.17412
Peguera Torà Plaça,2025-08-30 13:00:00,111.0,145.97038
Peguera Torà Plaça,2025-08-30 14:00:00,107.0,129.26491
Peguera Torà Plaça,2025-08-30 15:00:00,161.0,105.09325
Peguera Torà Plaça,2025-08-30 16:00:00,48.0,72.743004
Peguera Torà Plaça,2025-08-30 17:00:00,31.0,62.700665
Peguera Torà Plaça,2025-08-30 18:00:00,123.0,26.428465
Peguera Torà Plaça,2025-08-30 19:00:00,122.0,39.73799
Peguera Torà Plaça,2025-08-30 20:00:00,151.0,34.98231
Platja Palmira,2025-06-01 08:00:00,126.0,77.31152
Platja Palmira,2025-06-01 09:00:00,129.0,105.78252
Platja Palmira,2025-06-01 10:00:00,102.0,112.97436
Platja Palmira,2025-06-01 11:00:00,129.0,119.29245
Platja Palmira,2025-06-01 12:00:00,108.0,153.02187
Platja Palmira,2025-06-01 13:00:00,76.0,173.25288
Platja Palmira,2025-06-01 14:00:00,43.0,175.97565
Platja Palmira,2025-06-01 15:00:00,40.0,153.6812
Platja Palmira,2025-06-01 16:00:00,39.0,116.120674
Platja Palmira,2025-06-01 17:00:00,9.0,79.304344
Platja Palmira,2025-06-01 18:00:00,76.0,36.360508
Platja Palmira,2025-06-01 19:00:00,144.0,56.36506
Platja Palmira,2025-06-01 20:00:00,154.0,69.05711
Platja Palmira,2025-06-02 08:00:00,159.0,112.878815
Platja Palmira,2025-06-02 09:00:00,123.0,145.35634
Platja Palmira,2025-06-02 10:00:00,98.0,145.19179
Platja Palmira,2025-06-02 11:00:00,104.0,143.85306
Platja Palmira,2025-06-02 12:00:00,103.0,109.077484
Platja Palmira,2025-06-02 13:00:00,59.0,115.44075
Platja Palmira,2025-06-02 14:00:00,34.0,115.92857
Platja Palmira,2025-06-02 15:00:00,46.0,139.38649
Platja Palmira,2025-06-02 16:00:00,96.0,100.920555
Platja Palmira,2025-06-02 17:00:00,9.0,64.27439
Platja Palmira,2025-06-02 18:00:00,123.0,33.043846
Platja Palmira,2025-06-02 19:00:00,190.0,52.392403
Platja Palmira,2025-06-02 20:00:00,172.0,60.413567
Platja Palmira,2025-06-03 08:00:00,110.0,67.14302
Platja Palmira,2025-06-03 09:00:00,116.0,91.482285
Platja Palmira,2025-06-03 10:00:00,107.0,112.81598
Platja Palmira,2025-06-03 11:00:00,103.0,96.23904
Platja Palmira,2025-06-03 12:00:00,93.0,95.18689
Platja Palmira,2025-06-03 13:00:00,58.0,106.28777
Platja Palmira,2025-06-03 14:00:00,42.0,112.28302
Platja Palmira,2025-06-03 15:00:00,37.0,106.25435
Platja Palmira,2025-06-03 16:00:00,63.0,57.97631
Platja Palmira,2025-06-03 17:00:00,9.0,35.5101
Platja Palmira,2025-06-03 18:00:00,103.0,37.22711
Platja Palmira,2025-06-03 19:00:00,150.0,51.54074
Platja Palmira,2025-06-03 20:00:00,163.0,52.75992
Platja Palmira,2025-06-04 08:00:00,163.0,64.43653
Platja Palmira,2025-06-04 09:00:00,163.0,97.58049
Platja Palmira,2025-06-04 10:00:00,126.0,106.35761
Platja Palmira,2025-06-04 11:00:00,102.0,108.39849
Platja Palmira,2025-06-04 12:00:00,83.0,106.65054
Platja Palmira,2025-06-04 13:00:00,55.0,106.74663
Platja Palmira,2025-06-04 14:00:00,31.0,105.860535
Platja Palmira,2025-06-04 15:00:00,39.0,96.56487
Platja Palmira,2025-06-04 16:00:00,92.0,60.15549
Platja Palmira,2025-06-04 17:00:00,12.0,37.402702
Platja Palmira,2025-06-04 18:00:00,95.0,34.85202
Platja Palmira,2025-06-04 19:00:00,148.0,47.74506
Platja Palmira,2025-06-04 20:00:00,160.0,51.25528
Platja Palmira,2025-06-05 08:00:00,161.0,62.83017
Platja Palmira,2025-06-05 09:00:00,108.0,104.10113
Platja Palmira,2025-06-05 10:00:00,116.0,113.44215
Platja Palmira,2025-06-05 11:00:00,98.0,113.77484
Platja Palmira,2025-06-05 12:00:00,97.0,115.116844
Platja Palmira,2025-06-05 13:00:00,69.0,125.15235
Platja Palmira,2025-06-05 14:00:00,57.0,131.92598
Platja Palmira,2025-06-05 15:00:00,50.0,116.167786
Platja Palmira,2025-06-05 16:00:00,59.0,60.55458
Platja Palmira,2025-06-05 17:00:00,10.0,41.17427
Platja Palmira,2025-06-05 18:00:00,104.0,37.94825
Platja Palmira,2025-06-05 19:00:00,192.0,50.567024
Platja Palmira,2025-06-05 20:00:00,183.0,55.28694
Platja Palmira,2025-06-06 08:00:00,141.0,72.09043
Platja Palmira,2025-06-06 09:00:00,146.0,71.83726
Platja Palmira,2025-06-06 10:00:00,113.0,69.78523
Platja Palmira,2025-06-06 11:00:00,155.0,78.313065
Platja Palmira,2025-06-06 12:00:00,122.0,128.35516
Platja Palmira,2025-06-06 13:00:00,79.0,134.1184
Platja Palmira,2025-06-06 14:00:00,62.0,146.08537
Platja Palmira,2025-06-06 15:00:00,53.0,127.6626
Platja Palmira,2025-06-06 16:00:00,57.0,67.67768
Platja Palmira,2025-06-06 17:00:00,9.0,43.303257
Platja Palmira,2025-06-06 18:00:00,122.0,34.231632
Platja Palmira,2025-06-06 19:00:00,140.0,49.5538
Platja Palmira,2025-06-06 20:00:00,130.0,55.368908
Platja Palmira,2025-06-07 08:00:00,134.0,67.44268
Platja Palmira,2025-06-07 09:00:00,84.0,96.248505
Platja Palmira,2025-06-07 10:00:00,110.0,96.37938
Platja Palmira,2025-06-07 11:00:00,97.0,95.40761
Platja Palmira,2025-06-07 12:00:00,104.0,96.723206
Platja Palmira,2025-06-07 13:00:00,57.0,104.66374
Platja Palmira,2025-06-07 14:00:00,54.0,120.17481
Platja Palmira,2025-06-07 15:00:00,45.0,104.263054
Platja Palmira,2025-06-07 16:00:00,59.0,55.83777
Platja Palmira,2025-06-07 17:00:00,8.0,45.057796
Platja Palmira,2025-06-07 18:00:00,71.0,31.995083
Platja Palmira,2025-06-07 19:00:00,107.0,47.636612
Platja Palmira,2025-06-07 20:00:00,119.0,57.55909
Platja Palmira,2025-06-08 08:00:00,101.0,75.02815
Platja Palmira,2025-06-08 09:00:00,110.0,92.5653
Platja Palmira,2025-06-08 10:00:00,126.0,104.14462
Platja Palmira,2025-06-08 11:00:00,110.0,114.78064
Platja Palmira,2025-06-08 12:00:00,100.0,104.454384
Platja Palmira,2025-06-08 13:00:00,64.0,114.0806
Platja Palmira,2025-06-08 14:00:00,48.0,125.59577
Platja Palmira,2025-06-08 15:00:00,45.0,111.819336
Platja Palmira,2025-06-08 16:00:00,73.0,70.665375
Platja Palmira,2025-06-08 17:00:00,9.0,46.92618
Platja Palmira,2025-06-08 18:00:00,114.0,35.385548
Platja Palmira,2025-06-08 19:00:00,150.0,48.64537
Platja Palmira,2025-06-08 20:00:00,140.0,58.669865
Platja Palmira,2025-06-09 08:00:00,130.0,76.99615
Platja Palmira,2025-06-09 09:00:00,129.0,108.17869
Platja Palmira,2025-06-09 10:00:00,110.0,110.12812
Platja Palmira,2025-06-09 11:00:00,125.0,118.54795
Platja Palmira,2025-06-09 12:00:00,103.0,106.79645
Platja Palmira,2025-06-09 13:00:00,77.0,118.098724
Platja Palmira,2025-06-09 14:00:00,62.0,122.92368
Platja Palmira,2025-06-09 15:00:00,52.0,103.15358
Platja Palmira,2025-06-09 16:00:00,72.0,61.75351
Platja Palmira,2025-06-09 17:00:00,9.0,39.411602
Platja Palmira,2025-06-09 18:00:00,93.0,35.638584
Platja Palmira,2025-06-09 19:00:00,154.0,54.99754
Platja Palmira,2025-06-09 20:00:00,132.0,55.979294
Platja Palmira,2025-06-10 08:00:00,108.0,68.28202
Platja Palmira,2025-06-10 09:00:00,98.0,94.39086
Platja Palmira,2025-06-10 10:00:00,125.0,100.3037
Platja Palmira,2025-06-10 11:00:00,121.0,96.26486
Platja Palmira,2025-06-10 12:00:00,94.0,88.3014
Platja Palmira,2025-06-10 13:00:00,76.0,100.765594
Platja Palmira,2025-06-10 14:00:00,61.0,108.21322
Platja Palmira,2025-06-10 15:00:00,67.0,93.91541
Platja Palmira,2025-06-10 16:00:00,38.0,60.50624
Platja Palmira,2025-06-10 17:00:00,10.0,39.833492
Platja Palmira,2025-06-10 18:00:00,74.0,33.72849
Platja Palmira,2025-06-10 19:00:00,172.0,47.16748
Platja Palmira,2025-06-10 20:00:00,136.0,52.006496
Platja Palmira,2025-06-11 08:00:00,127.0,70.6563
Platja Palmira,2025-06-11 09:00:00,107.0,102.45872
Platja Palmira,2025-06-11 10:00:00,119.0,110.01267
Platja Palmira,2025-06-11 11:00:00,153.0,108.35939
Platja Palmira,2025-06-11 12:00:00,130.0,104.44168
Platja Palmira,2025-06-11 13:00:00,94.0,118.45092
Platja Palmira,2025-06-11 14:00:00,73.0,116.34794
Platja Palmira,2025-06-11 15:00:00,64.0,106.848
Platja Palmira,2025-06-11 16:00:00,29.0,61.719093
Platja Palmira,2025-06-11 17:00:00,12.0,36.097828
Platja Palmira,2025-06-11 18:00:00,85.0,35.29149
Platja Palmira,2025-06-11 19:00:00,137.0,47.08055
Platja Palmira,2025-06-11 20:00:00,169.0,52.659283
Platja Palmira,2025-06-12 08:00:00,133.0,71.32196
Platja Palmira,2025-06-12 09:00:00,125.0,102.25287
Platja Palmira,2025-06-12 10:00:00,117.0,115.22675
Platja Palmira,2025-06-12 11:00:00,141.0,117.94855
Platja Palmira,2025-06-12 12:00:00,117.0,119.97124
Platja Palmira,2025-06-12 13:00:00,125.0,116.62176
Platja Palmira,2025-06-12 14:00:00,94.0,129.25311
Platja Palmira,2025-06-12 15:00:00,70.0,117.043144
Platja Palmira,2025-06-12 16:00:00,35.0,65.10768
Platja Palmira,2025-06-12 17:00:00,10.0,38.73754
Platja Palmira,2025-06-12 18:00:00,76.0,36.12145
Platja Palmira,2025-06-12 19:00:00,146.0,52.532925
Platja Palmira,2025-06-12 20:00:00,186.0,60.882847
Platja Palmira,2025-06-13 08:00:00,138.0,76.30159
Platja Palmira,2025-06-13 09:00:00,150.0,115.40928
Platja Palmira,2025-06-13 10:00:00,152.0,123.51763
Platja Palmira,2025-06-13 11:00:00,128.0,123.27427
Platja Palmira,2025-06-13 12:00:00,155.0,125.059845
Platja Palmira,2025-06-13 13:00:00,106.0,136.05682
Platja Palmira,2025-06-13 14:00:00,83.0,152.24036
Platja Palmira,2025-06-13 15:00:00,71.0,129.99498
Platja Palmira,2025-06-13 16:00:00,32.0,70.55953
Platja Palmira,2025-06-13 17:00:00,10.0,51.462765
Platja Palmira,2025-06-13 18:00:00,69.0,37.98635
Platja Palmira,2025-06-13 19:00:00,169.0,45.705627
Platja Palmira,2025-06-13 20:00:00,149.0,57.807835
Platja Palmira,2025-06-14 08:00:00,152.0,71.245895
Platja Palmira,2025-06-14 09:00:00,114.0,97.78184
Platja Palmira,2025-06-14 10:00:00,124.0,101.28828
Platja Palmira,2025-06-14 11:00:00,146.0,106.55587
Platja Palmira,2025-06-14 12:00:00,125.0,105.579384
Platja Palmira,2025-06-14 13:00:00,82.0,114.417595
Platja Palmira,2025-06-14 14:00:00,65.0,125.55354
Platja Palmira,2025-06-14 15:00:00,76.0,110.41308
Platja Palmira,2025-06-14 16:00:00,118.0,60.280727
Platja Palmira,2025-06-14 17:00:00,23.0,39.51825
Platja Palmira,2025-06-14 18:00:00,90.0,38.1642
Platja Palmira,2025-06-14 19:00:00,162.0,44.959118
Platja Palmira,2025-06-14 20:00:00,169.0,58.840645
Platja Palmira,2025-06-15 08:00:00,112.0,69.24525
Platja Palmira,2025-06-15 09:00:00,138.0,92.21017
Platja Palmira,2025-06-15 10:00:00,134.0,94.898155
Platja Palmira,2025-06-15 11:00:00,138.0,104.87508
Platja Palmira,2025-06-15 12:00:00,113.0,108.41549
Platja Palmira,2025-06-15 13:00:00,95.0,115.420334
Platja Palmira,2025-06-15 14:00:00,91.0,137.02324
Platja Palmira,2025-06-15 15:00:00,78.0,127.79668
Platja Palmira,2025-06-15 16:00:00,33.0,78.475494
Platja Palmira,2025-06-15 17:00:00,9.0,44.99132
Platja Palmira,2025-06-15 18:00:00,103.0,39.718647
Platja Palmira,2025-06-15 19:00:00,157.0,50.59627
Platja Palmira,2025-06-15 20:00:00,199.0,57.176212
Platja Palmira,2025-06-16 08:00:00,129.0,77.16151
Platja Palmira,2025-06-16 09:00:00,127.0,111.17623
Platja Palmira,2025-06-16 10:00:00,126.0,105.61798
Platja Palmira,2025-06-16 11:00:00,141.0,108.0069
Platja Palmira,2025-06-16 12:00:00,123.0,107.85538
Platja Palmira,2025-06-16 13:00:00,92.0,122.08617
Platja Palmira,2025-06-16 14:00:00,91.0,119.02736
Platja Palmira,2025-06-16 15:00:00,77.0,108.539986
Platja Palmira,2025-06-16 16:00:00,40.0,61.689377
Platja Palmira,2025-06-16 17:00:00,11.0,38.620876
Platja Palmira,2025-06-16 18:00:00,86.0,33.289547
Platja Palmira,2025-06-16 19:00:00,157.0,43.373543
Platja Palmira,2025-06-16 20:00:00,193.0,46.570595
Platja Palmira,2025-06-17 08:00:00,157.0,64.150665
Platja Palmira,2025-06-17 09:00:00,149.0,84.19649
Platja Palmira,2025-06-17 10:00:00,113.0,93.32328
Platja Palmira,2025-06-17 11:00:00,117.0,98.26118
Platja Palmira,2025-06-17 12:00:00,157.0,99.83689
Platja Palmira,2025-06-17 13:00:00,94.0,100.63329
Platja Palmira,2025-06-17 14:00:00,69.0,125.01326
Platja Palmira,2025-06-17 15:00:00,77.0,115.50884
Platja Palmira,2025-06-17 16:00:00,47.0,62.283215
Platja Palmira,2025-06-17 17:00:00,11.0,38.570004
Platja Palmira,2025-06-17 18:00:00,83.0,33.551685
Platja Palmira,2025-06-17 19:00:00,151.0,43.66006
Platja Palmira,2025-06-17 20:00:00,171.0,51.098476
Platja Palmira,2025-06-18 08:00:00,176.0,68.9394
Platja Palmira,2025-06-18 09:00:00,171.0,103.21149
Platja Palmira,2025-06-18 10:00:00,148.0,105.348404
Platja Palmira,2025-06-18 11:00:00,159.0,106.256004
Platja Palmira,2025-06-18 12:00:00,142.0,104.8111
Platja Palmira,2025-06-18 13:00:00,115.0,113.3321
Platja Palmira,2025-06-18 14:00:00,77.0,115.82383
Platja Palmira,2025-06-18 15:00:00,60.0,100.59493
Platja Palmira,2025-06-18 16:00:00,41.0,62.26133
Platja Palmira,2025-06-18 17:00:00,15.0,38.891563
Platja Palmira,2025-06-18 18:00:00,127.0,36.766117
Platja Palmira,2025-06-18 19:00:00,209.0,40.574833
Platja Palmira,2025-06-18 20:00:00,213.0,52.85976
Platja Palmira,2025-06-19 08:00:00,183.0,68.754395
Platja Palmira,2025-06-19 09:00:00,143.0,103.757126
Platja Palmira,2025-06-19 10:00:00,181.0,113.5058
Platja Palmira,2025-06-19 11:00:00,174.0,112.82312
Platja Palmira,2025-06-19 12:00:00,183.0,117.190414
Platja Palmira,2025-06-19 13:00:00,109.0,121.67059
Platja Palmira,2025-06-19 14:00:00,105.0,127.98536
Platja Palmira,2025-06-19 15:00:00,79.0,118.94761
Platja Palmira,2025-06-19 16:00:00,53.0,69.40348
Platja Palmira,2025-06-19 17:00:00,15.0,41.015972
Platja Palmira,2025-06-19 18:00:00,125.0,35.915848
Platja Palmira,2025-06-19 19:00:00,256.0,46.39761
Platja Palmira,2025-06-19 20:00:00,183.0,48.728653
Platja Palmira,2025-06-20 08:00:00,192.0,67.72355
Platja Palmira,2025-06-20 09:00:00,179.0,99.04134
Platja Palmira,2025-06-20 10:00:00,164.0,110.42927
Platja Palmira,2025-06-20 11:00:00,153.0,109.4476
Platja Palmira,2025-06-20 12:00:00,130.0,110.67395
Platja Palmira,2025-06-20 13:00:00,107.0,125.29517
Platja Palmira,2025-06-20 14:00:00,83.0,149.26993
Platja Palmira,2025-06-20 15:00:00,70.0,136.63899
Platja Palmira,2025-06-20 16:00:00,72.0,84.43077
Platja Palmira,2025-06-20 17:00:00,23.0,51.959824
Platja Palmira,2025-06-20 18:00:00,110.0,35.00093
Platja Palmira,2025-06-20 19:00:00,189.0,52.073456
Platja Palmira,2025-06-20 20:00:00,188.0,64.08288
Platja Palmira,2025-06-21 08:00:00,150.0,77.14946
Platja Palmira,2025-06-21 09:00:00,144.0,97.28656
Platja Palmira,2025-06-21 10:00:00,147.0,103.87445
Platja Palmira,2025-06-21 11:00:00,141.0,103.08232
Platja Palmira,2025-06-21 12:00:00,112.0,102.46153
Platja Palmira,2025-06-21 13:00:00,60.0,126.284645
Platja Palmira,2025-06-21 14:00:00,72.0,116.48829
Platja Palmira,2025-06-21 15:00:00,45.0,68.02746
Platja Palmira,2025-06-21 16:00:00,10.0,41.933037
Platja Palmira,2025-06-21 17:00:00,107.0,35.991463
Platja Palmira,2025-06-21 18:00:00,191.0,48.487804
Platja Palmira,2025-06-21 19:00:00,219.0,57.75375
Platja Palmira,2025-06-21 20:00:00,166.0,79.4148
Platja Palmira,2025-06-22 08:00:00,167.0,114.27182
Platja Palmira,2025-06-22 09:00:00,166.0,118.29343
Platja Palmira,2025-06-22 10:00:00,164.0,98.23593
Platja Palmira,2025-06-22 11:00:00,143.0,117.04836
Platja Palmira,2025-06-22 12:00:00,126.0,128.50816
Platja Palmira,2025-06-22 13:00:00,112.0,137.00876
Platja Palmira,2025-06-22 14:00:00,136.0,133.66742
Platja Palmira,2025-06-22 15:00:00,62.0,83.154915
Platja Palmira,2025-06-22 16:00:00,11.0,52.952312
Platja Palmira,2025-06-22 17:00:00,127.0,36.61363
Platja Palmira,2025-06-22 18:00:00,203.0,51.85487
Platja Palmira,2025-06-22 19:00:00,219.0,61.286777
Platja Palmira,2025-06-22 20:00:00,172.0,87.96975
Platja Palmira,2025-06-23 08:00:00,172.0,112.02035
Platja Palmira,2025-06-23 09:00:00,168.0,118.78862
Platja Palmira,2025-06-23 10:00:00,171.0,111.91063
Platja Palmira,2025-06-23 11:00:00,158.0,119.90267
Platja Palmira,2025-06-23 12:00:00,116.0,137.9813
Platja Palmira,2025-06-23 13:00:00,115.0,136.74538
Platja Palmira,2025-06-23 14:00:00,104.0,134.10625
Platja Palmira,2025-06-23 15:00:00,59.0,79.27745
Platja Palmira,2025-06-23 16:00:00,16.0,42.54816
Platja Palmira,2025-06-23 17:00:00,108.0,36.92608
Platja Palmira,2025-06-23 18:00:00,228.0,54.02468
Platja Palmira,2025-06-23 19:00:00,236.0,57.999496
Platja Palmira,2025-06-23 20:00:00,181.0,91.00487
Platja Palmira,2025-06-24 08:00:00,149.0,119.03544
Platja Palmira,2025-06-24 09:00:00,159.0,125.80585
Platja Palmira,2025-06-24 10:00:00,174.0,120.77639
Platja Palmira,2025-06-24 11:00:00,169.0,122.51197
Platja Palmira,2025-06-24 12:00:00,142.0,138.45415
Platja Palmira,2025-06-24 13:00:00,110.0,147.64867
Platja Palmira,2025-06-24 14:00:00,74.0,127.46446
Platja Palmira,2025-06-24 15:00:00,55.0,82.86465
Platja Palmira,2025-06-24 16:00:00,12.0,54.10064
Platja Palmira,2025-06-24 17:00:00,91.0,38.715263
Platja Palmira,2025-06-24 18:00:00,187.0,66.8254
Platja Palmira,2025-06-24 19:00:00,180.0,73.67293
Platja Palmira,2025-06-24 20:00:00,174.0,84.68436
Platja Palmira,2025-06-25 08:00:00,150.0,124.508095
Platja Palmira,2025-06-25 09:00:00,132.0,127.13166
Platja Palmira,2025-06-25 10:00:00,140.0,111.931
Platja Palmira,2025-06-25 11:00:00,172.0,123.96555
Platja Palmira,2025-06-25 12:00:00,127.0,141.62006
Platja Palmira,2025-06-25 13:00:00,98.0,150.91806
Platja Palmira,2025-06-25 14:00:00,74.0,131.56714
Platja Palmira,2025-06-25 15:00:00,31.0,77.78311
Platja Palmira,2025-06-25 16:00:00,12.0,50.50827
Platja Palmira,2025-06-25 17:00:00,100.0,40.048004
Platja Palmira,2025-06-25 18:00:00,185.0,61.69477
Platja Palmira,2025-06-25 19:00:00,215.0,71.768166
Platja Palmira,2025-06-25 20:00:00,178.0,91.09134
Platja Palmira,2025-06-26 08:00:00,174.0,124.18255
Platja Palmira,2025-06-26 09:00:00,184.0,135.02736
Platja Palmira,2025-06-26 10:00:00,123.0,114.64461
Platja Palmira,2025-06-26 11:00:00,152.0,133.14627
Platja Palmira,2025-06-26 12:00:00,147.0,142.13718
Platja Palmira,2025-06-26 13:00:00,79.0,148.58444
Platja Palmira,2025-06-26 14:00:00,73.0,137.69028
Platja Palmira,2025-06-26 15:00:00,54.0,79.74547
Platja Palmira,2025-06-26 16:00:00,11.0,69.35721
Platja Palmira,2025-06-26 17:00:00,74.0,35.861633
Platja Palmira,2025-06-26 18:00:00,165.0,57.145954
Platja Palmira,2025-06-26 19:00:00,225.0,75.42656
Platja Palmira,2025-06-26 20:00:00,195.0,90.97273
Platja Palmira,2025-06-27 08:00:00,180.0,134.61002
Platja Palmira,2025-06-27 09:00:00,192.0,146.14606
Platja Palmira,2025-06-27 10:00:00,204.0,146.95934
Platja Palmira,2025-06-27 11:00:00,164.0,146.59729
Platja Palmira,2025-06-27 12:00:00,131.0,161.53949
Platja Palmira,2025-06-27 13:00:00,73.0,172.99695
Platja Palmira,2025-06-27 14:00:00,92.0,161.54533
Platja Palmira,2025-06-27 15:00:00,50.0,138.21559
Platja Palmira,2025-06-27 16:00:00,18.0,89.07768
Platja Palmira,2025-06-27 17:00:00,140.0,34.204643
Platja Palmira,2025-06-27 18:00:00,231.0,58.514294
Platja Palmira,2025-06-27 19:00:00,237.0,74.73351
Platja Palmira,2025-06-27 20:00:00,178.0,114.87232
Platja Palmira,2025-06-28 08:00:00,161.0,127.83773
Platja Palmira,2025-06-28 09:00:00,148.0,144.14972
Platja Palmira,2025-06-28 10:00:00,160.0,141.84578
Platja Palmira,2025-06-28 11:00:00,120.0,163.83131
Platja Palmira,2025-06-28 12:00:00,105.0,178.3446
Platja Palmira,2025-06-28 13:00:00,61.0,182.02463
Platja Palmira,2025-06-28 14:00:00,94.0,158.85384
Platja Palmira,2025-06-28 15:00:00,69.0,121.738396
Platja Palmira,2025-06-28 16:00:00,9.0,91.241486
Platja Palmira,2025-06-28 17:00:00,21.0,29.107346
Platja Palmira,2025-06-28 18:00:00,53.0,25.636593
Platja Palmira,2025-06-28 19:00:00,57.0,30.300276
Platja Palmira,2025-06-28 20:00:00,80.0,76.7121
Platja Palmira,2025-06-29 08:00:00,78.0,128.58272
Platja Palmira,2025-06-29 09:00:00,114.0,154.43909
Platja Palmira,2025-06-29 10:00:00,123.0,172.2134
Platja Palmira,2025-06-29 11:00:00,94.0,155.73225
Platja Palmira,2025-06-29 12:00:00,52.0,171.4926
Platja Palmira,2025-06-29 13:00:00,31.0,174.98824
Platja Palmira,2025-06-29 14:00:00,53.0,157.39351
Platja Palmira,2025-06-29 15:00:00,38.0,114.81263
Platja Palmira,2025-06-29 16:00:00,7.0,121.78689
Platja Palmira,2025-06-29 17:00:00,126.0,15.537051
Platja Palmira,2025-06-29 18:00:00,170.0,137.41655
Platja Palmira,2025-06-29 19:00:00,194.0,153.63564
Platja Palmira,2025-06-29 20:00:00,156.0,95.56277
Platja Palmira,2025-06-30 08:00:00,143.0,140.19551
Platja Palmira,2025-06-30 09:00:00,132.0,149.7484
Platja Palmira,2025-06-30 10:00:00,171.0,144.3322
Platja Palmira,2025-06-30 11:00:00,130.0,142.6302
Platja Palmira,2025-06-30 12:00:00,79.0,158.61855
Platja Palmira,2025-06-30 13:00:00,55.0,165.37926
Platja Palmira,2025-06-30 14:00:00,46.0,151.5348
Platja Palmira,2025-06-30 15:00:00,49.0,119.94077
Platja Palmira,2025-06-30 17:00:00,9.0,66.235115
Platja Palmira,2025-06-30 18:00:00,40.0,17.567343
Platja Palmira,2025-06-30 19:00:00,118.0,121.52464
Platja Palmira,2025-06-30 20:00:00,128.0,55.258915
Platja Palmira,2025-07-01 08:00:00,118.0,102.41143
Platja Palmira,2025-07-01 09:00:00,133.0,142.65816
Platja Palmira,2025-07-01 10:00:00,120.0,148.89691
Platja Palmira,2025-07-01 11:00:00,121.0,159.64906
Platja Palmira,2025-07-01 12:00:00,98.0,149.59691
Platja Palmira,2025-07-01 13:00:00,85.0,166.82999
Platja Palmira,2025-07-01 14:00:00,76.0,174.23581
Platja Palmira,2025-07-01 15:00:00,36.0,148.19812
Platja Palmira,2025-07-01 16:00:00,56.0,113.66363
Platja Palmira,2025-07-01 17:00:00,8.0,75.228966
Platja Palmira,2025-07-01 18:00:00,120.0,35.97843
Platja Palmira,2025-07-01 19:00:00,209.0,196.06317
Platja Palmira,2025-07-01 20:00:00,144.0,58.834965
Platja Palmira,2025-07-02 08:00:00,125.0,115.68779
Platja Palmira,2025-07-02 09:00:00,121.0,165.29436
Platja Palmira,2025-07-02 10:00:00,86.0,151.29771
Platja Palmira,2025-07-02 11:00:00,85.0,166.71457
Platja Palmira,2025-07-02 12:00:00,61.0,159.65854
Platja Palmira,2025-07-02 13:00:00,38.0,146.77068
Platja Palmira,2025-07-02 14:00:00,42.0,115.720695
Platja Palmira,2025-07-02 15:00:00,8.0,81.337654
Platja Palmira,2025-07-02 16:00:00,59.0,43.944283
Platja Palmira,2025-07-02 17:00:00,147.0,18.403818
Platja Palmira,2025-07-02 18:00:00,123.0,46.898903
Platja Palmira,2025-07-02 19:00:00,84.0,171.47472
Platja Palmira,2025-07-02 20:00:00,70.0,200.71684
Platja Palmira,2025-07-03 08:00:00,87.0,147.48914
Platja Palmira,2025-07-03 09:00:00,96.0,157.36618
Platja Palmira,2025-07-03 10:00:00,90.0,160.64584
Platja Palmira,2025-07-03 11:00:00,69.0,179.199
Platja Palmira,2025-07-03 12:00:00,45.0,166.75003
Platja Palmira,2025-07-03 13:00:00,33.0,147.75479
Platja Palmira,2025-07-03 14:00:00,33.0,172.38475
Platja Palmira,2025-07-03 15:00:00,7.0,168.86649
Platja Palmira,2025-07-03 16:00:00,74.0,127.813354
Platja Palmira,2025-07-03 17:00:00,194.0,137.82877
Platja Palmira,2025-07-03 18:00:00,223.0,109.869255
Platja Palmira,2025-07-03 19:00:00,193.0,118.79381
Platja Palmira,2025-07-03 20:00:00,149.0,148.90123
Platja Palmira,2025-07-04 08:00:00,149.0,180.36122
Platja Palmira,2025-07-04 09:00:00,186.0,157.49205
Platja Palmira,2025-07-04 10:00:00,185.0,196.6659
Platja Palmira,2025-07-04 11:00:00,105.0,187.73274
Platja Palmira,2025-07-04 12:00:00,100.0,179.54634
Platja Palmira,2025-07-04 13:00:00,62.0,169.77072
Platja Palmira,2025-07-04 14:00:00,35.0,223.14873
Platja Palmira,2025-07-04 15:00:00,7.0,165.82762
Platja Palmira,2025-07-04 16:00:00,96.0,113.01871
Platja Palmira,2025-07-04 17:00:00,187.0,107.760414
Platja Palmira,2025-07-04 18:00:00,112.0,105.03704
Platja Palmira,2025-07-04 19:00:00,162.0,150.58179
Platja Palmira,2025-07-04 20:00:00,143.0,203.18388
Platja Palmira,2025-07-05 08:00:00,120.0,152.78471
Platja Palmira,2025-07-05 09:00:00,121.0,146.77402
Platja Palmira,2025-07-05 10:00:00,133.0,155.31143
Platja Palmira,2025-07-05 11:00:00,89.0,165.6073
Platja Palmira,2025-07-05 12:00:00,48.0,171.54518
Platja Palmira,2025-07-05 13:00:00,57.0,158.72028
Platja Palmira,2025-07-05 14:00:00,24.0,122.65345
Platja Palmira,2025-07-05 15:00:00,10.0,63.733173
Platja Palmira,2025-07-05 16:00:00,85.0,32.98137
Platja Palmira,2025-07-05 17:00:00,175.0,107.65053
Platja Palmira,2025-07-05 18:00:00,193.0,122.408356
Platja Palmira,2025-07-05 19:00:00,187.0,137.02908
Platja Palmira,2025-07-05 20:00:00,138.0,142.14189
Platja Palmira,2025-07-06 08:00:00,153.0,160.27458
Platja Palmira,2025-07-06 09:00:00,144.0,161.81602
Platja Palmira,2025-07-06 10:00:00,127.0,154.01875
Platja Palmira,2025-07-06 11:00:00,100.0,177.59747
Platja Palmira,2025-07-06 12:00:00,71.0,179.06519
Platja Palmira,2025-07-06 13:00:00,63.0,157.69534
Platja Palmira,2025-07-06 14:00:00,55.0,117.166794
Platja Palmira,2025-07-06 15:00:00,7.0,81.55662
Platja Palmira,2025-07-06 16:00:00,96.0,43.89124
Platja Palmira,2025-07-06 17:00:00,201.0,87.296196
Platja Palmira,2025-07-06 18:00:00,192.0,153.43425
Platja Palmira,2025-07-06 19:00:00,159.0,166.80492
Platja Palmira,2025-07-06 20:00:00,127.0,129.13283
Platja Palmira,2025-07-07 08:00:00,154.0,154.95045
Platja Palmira,2025-07-07 09:00:00,161.0,159.26625
Platja Palmira,2025-07-07 10:00:00,132.0,162.287
Platja Palmira,2025-07-07 11:00:00,101.0,188.17621
Platja Palmira,2025-07-07 12:00:00,75.0,175.49637
Platja Palmira,2025-07-07 13:00:00,68.0,142.54948
Platja Palmira,2025-07-07 14:00:00,55.0,123.422195
Platja Palmira,2025-07-07 15:00:00,7.0,164.6009
Platja Palmira,2025-07-07 16:00:00,92.0,136.21812
Platja Palmira,2025-07-07 17:00:00,201.0,130.10081
Platja Palmira,2025-07-07 18:00:00,175.0,165.28453
Platja Palmira,2025-07-07 19:00:00,178.0,175.59874
Platja Palmira,2025-07-07 20:00:00,147.0,166.5707
Platja Palmira,2025-07-08 08:00:00,146.0,148.7585
Platja Palmira,2025-07-08 09:00:00,167.0,151.44829
Platja Palmira,2025-07-08 10:00:00,159.0,139.8952
Platja Palmira,2025-07-08 11:00:00,114.0,151.86641
Platja Palmira,2025-07-08 12:00:00,89.0,157.1746
Platja Palmira,2025-07-08 13:00:00,59.0,141.05571
Platja Palmira,2025-07-08 14:00:00,48.0,104.76181
Platja Palmira,2025-07-08 15:00:00,9.0,67.98093
Platja Palmira,2025-07-08 16:00:00,130.0,33.24323
Platja Palmira,2025-07-08 17:00:00,191.0,58.91844
Platja Palmira,2025-07-08 18:00:00,212.0,71.92792
Platja Palmira,2025-07-08 19:00:00,169.0,104.4175
Platja Palmira,2025-07-08 20:00:00,155.0,141.86371
Platja Palmira,2025-07-09 08:00:00,115.0,120.585686
Platja Palmira,2025-07-09 09:00:00,130.0,122.472084
Platja Palmira,2025-07-09 10:00:00,147.0,118.22001
Platja Palmira,2025-07-09 11:00:00,94.0,126.254814
Platja Palmira,2025-07-09 12:00:00,79.0,127.53158
Platja Palmira,2025-07-09 13:00:00,71.0,113.94441
Platja Palmira,2025-07-09 14:00:00,63.0,61.547184
Platja Palmira,2025-07-09 15:00:00,8.0,37.697113
Platja Palmira,2025-07-09 16:00:00,99.0,37.424347
Platja Palmira,2025-07-09 17:00:00,191.0,56.571842
Platja Palmira,2025-07-09 18:00:00,195.0,58.951275
Platja Palmira,2025-07-09 19:00:00,160.0,89.85838
Platja Palmira,2025-07-09 20:00:00,138.0,122.88637
Platja Palmira,2025-07-10 08:00:00,134.0,130.46646
Platja Palmira,2025-07-10 09:00:00,150.0,112.786354
Platja Palmira,2025-07-10 10:00:00,159.0,113.12864
Platja Palmira,2025-07-10 11:00:00,101.0,120.81745
Platja Palmira,2025-07-10 12:00:00,91.0,127.401505
Platja Palmira,2025-07-10 13:00:00,64.0,110.321556
Platja Palmira,2025-07-10 14:00:00,61.0,62.535072
Platja Palmira,2025-07-10 15:00:00,8.0,42.267834
Platja Palmira,2025-07-10 16:00:00,90.0,36.581516
Platja Palmira,2025-07-10 17:00:00,211.0,51.1009
Platja Palmira,2025-07-10 18:00:00,215.0,54.057808
Platja Palmira,2025-07-10 19:00:00,174.0,72.76121
Platja Palmira,2025-07-10 20:00:00,132.0,112.28017
Platja Palmira,2025-07-11 08:00:00,160.0,127.90329
Platja Palmira,2025-07-11 09:00:00,194.0,130.50977
Platja Palmira,2025-07-11 10:00:00,183.0,132.75706
Platja Palmira,2025-07-11 11:00:00,122.0,141.82526
Platja Palmira,2025-07-11 12:00:00,57.0,149.02695
Platja Palmira,2025-07-11 15:00:00,53.0,138.23819
Platja Palmira,2025-07-11 16:00:00,50.0,77.50161
Platja Palmira,2025-07-11 17:00:00,8.0,50.461807
Platja Palmira,2025-07-11 18:00:00,113.0,34.66442
Platja Palmira,2025-07-11 19:00:00,184.0,45.397266
Platja Palmira,2025-07-11 20:00:00,249.0,56.072384
Platja Palmira,2025-07-12 08:00:00,194.0,74.53805
Platja Palmira,2025-07-12 09:00:00,188.0,94.40009
Platja Palmira,2025-07-12 10:00:00,158.0,104.90235
Platja Palmira,2025-07-12 11:00:00,173.0,103.45241
Platja Palmira,2025-07-12 12:00:00,186.0,101.1379
Platja Palmira,2025-07-12 13:00:00,114.0,106.72252
Platja Palmira,2025-07-12 14:00:00,47.0,111.19083
Platja Palmira,2025-07-12 15:00:00,69.0,104.760056
Platja Palmira,2025-07-12 16:00:00,47.0,52.87163
Platja Palmira,2025-07-12 17:00:00,9.0,38.399624
Platja Palmira,2025-07-12 18:00:00,130.0,36.374825
Platja Palmira,2025-07-12 19:00:00,198.0,49.36358
Platja Palmira,2025-07-12 20:00:00,186.0,56.004017
Platja Palmira,2025-07-13 08:00:00,141.0,65.617226
Platja Palmira,2025-07-13 09:00:00,148.0,100.15169
Platja Palmira,2025-07-13 10:00:00,143.0,102.32329
Platja Palmira,2025-07-13 11:00:00,139.0,101.777695
Platja Palmira,2025-07-13 12:00:00,178.0,93.07068
Platja Palmira,2025-07-13 13:00:00,106.0,104.06207
Platja Palmira,2025-07-13 14:00:00,69.0,120.90473
Platja Palmira,2025-07-13 15:00:00,50.0,111.74565
Platja Palmira,2025-07-13 16:00:00,43.0,65.08059
Platja Palmira,2025-07-13 17:00:00,9.0,49.03959
Platja Palmira,2025-07-13 18:00:00,104.0,30.14743
Platja Palmira,2025-07-13 19:00:00,202.0,46.76892
Platja Palmira,2025-07-13 20:00:00,210.0,54.89434
Platja Palmira,2025-07-14 08:00:00,211.0,78.55618
Platja Palmira,2025-07-14 09:00:00,137.0,121.81417
Platja Palmira,2025-07-14 10:00:00,144.0,127.10331
Platja Palmira,2025-07-14 11:00:00,148.0,126.141785
Platja Palmira,2025-07-14 12:00:00,116.0,127.031715
Platja Palmira,2025-07-14 13:00:00,80.0,131.61023
Platja Palmira,2025-07-14 14:00:00,57.0,132.60913
Platja Palmira,2025-07-14 15:00:00,47.0,103.713295
Platja Palmira,2025-07-14 16:00:00,50.0,60.941032
Platja Palmira,2025-07-14 17:00:00,9.0,41.949165
Platja Palmira,2025-07-14 18:00:00,88.0,27.946964
Platja Palmira,2025-07-14 19:00:00,193.0,33.650047
Platja Palmira,2025-07-14 20:00:00,161.0,48.431637
Platja Palmira,2025-07-15 08:00:00,123.0,62.473415
Platja Palmira,2025-07-15 09:00:00,63.0,89.87946
Platja Palmira,2025-07-15 10:00:00,40.0,86.09945
Platja Palmira,2025-07-15 11:00:00,51.0,92.309746
Platja Palmira,2025-07-15 12:00:00,55.0,99.2518
Platja Palmira,2025-07-15 13:00:00,46.0,107.90994
Platja Palmira,2025-07-15 14:00:00,22.0,140.48508
Platja Palmira,2025-07-15 15:00:00,21.0,130.76932
Platja Palmira,2025-07-15 16:00:00,37.0,78.151924
Platja Palmira,2025-07-15 17:00:00,7.0,76.92895
Platja Palmira,2025-07-15 18:00:00,56.0,29.874397
Platja Palmira,2025-07-15 19:00:00,119.0,48.96057
Platja Palmira,2025-07-15 20:00:00,191.0,63.565903
Platja Palmira,2025-07-16 08:00:00,209.0,77.54882
Platja Palmira,2025-07-16 09:00:00,226.0,106.32837
Platja Palmira,2025-07-16 10:00:00,183.0,118.55472
Platja Palmira,2025-07-16 11:00:00,156.0,125.11001
Platja Palmira,2025-07-16 12:00:00,116.0,120.08307
Platja Palmira,2025-07-16 13:00:00,77.0,133.38701
Platja Palmira,2025-07-16 14:00:00,44.0,131.88892
Platja Palmira,2025-07-16 15:00:00,54.0,116.31129
Platja Palmira,2025-07-16 16:00:00,35.0,106.093346
Platja Palmira,2025-07-16 17:00:00,7.0,72.096634
Platja Palmira,2025-07-16 18:00:00,74.0,33.750484
Platja Palmira,2025-07-16 19:00:00,272.0,49.704933
Platja Palmira,2025-07-16 20:00:00,304.0,69.7583
Platja Palmira,2025-07-17 08:00:00,297.0,82.82571
Platja Palmira,2025-07-17 09:00:00,288.0,114.399025
Platja Palmira,2025-07-17 10:00:00,281.0,125.24887
Platja Palmira,2025-07-17 11:00:00,291.0,120.82684
Platja Palmira,2025-07-17 12:00:00,239.0,151.83879
Platja Palmira,2025-07-17 13:00:00,194.0,163.9797
Platja Palmira,2025-07-17 14:00:00,116.0,168.63525
Platja Palmira,2025-07-17 15:00:00,145.0,154.01039
Platja Palmira,2025-07-17 16:00:00,67.0,115.779305
Platja Palmira,2025-07-17 17:00:00,18.0,76.81748
Platja Palmira,2025-07-17 18:00:00,252.0,38.363728
Platja Palmira,2025-07-17 19:00:00,358.0,54.618355
Platja Palmira,2025-07-17 20:00:00,388.0,68.90882
Platja Palmira,2025-07-18 08:00:00,306.0,116.06691
Platja Palmira,2025-07-18 09:00:00,282.0,163.97583
Platja Palmira,2025-07-18 10:00:00,268.0,178.60837
Platja Palmira,2025-07-18 11:00:00,231.0,176.76843
Platja Palmira,2025-07-18 12:00:00,266.0,167.32216
Platja Palmira,2025-07-18 13:00:00,147.0,180.57814
Platja Palmira,2025-07-18 14:00:00,116.0,187.70963
Platja Palmira,2025-07-18 15:00:00,159.0,181.18037
Platja Palmira,2025-07-18 16:00:00,102.0,121.11473
Platja Palmira,2025-07-18 17:00:00,17.0,93.34932
Platja Palmira,2025-07-18 18:00:00,146.0,31.618633
Platja Palmira,2025-07-18 19:00:00,314.0,53.232883
Platja Palmira,2025-07-18 20:00:00,302.0,70.09138
Platja Palmira,2025-07-19 08:00:00,246.0,120.080124
Platja Palmira,2025-07-19 09:00:00,255.0,144.76128
Platja Palmira,2025-07-19 10:00:00,203.0,153.2294
Platja Palmira,2025-07-19 11:00:00,225.0,149.48848
Platja Palmira,2025-07-19 12:00:00,217.0,134.65558
Platja Palmira,2025-07-19 13:00:00,165.0,151.11455
Platja Palmira,2025-07-19 14:00:00,146.0,163.29988
Platja Palmira,2025-07-19 15:00:00,193.0,142.88242
Platja Palmira,2025-07-19 16:00:00,63.0,99.88865
Platja Palmira,2025-07-19 17:00:00,12.0,72.168274
Platja Palmira,2025-07-19 18:00:00,89.0,24.427868
Platja Palmira,2025-07-19 19:00:00,169.0,32.81642
Platja Palmira,2025-07-19 20:00:00,190.0,60.94366
Platja Palmira,2025-07-20 08:00:00,138.0,83.501625
Platja Palmira,2025-07-20 09:00:00,117.0,140.63495
Platja Palmira,2025-07-20 10:00:00,152.0,146.37991
Platja Palmira,2025-07-20 11:00:00,136.0,154.73482
Platja Palmira,2025-07-20 12:00:00,123.0,154.12372
Platja Palmira,2025-07-20 13:00:00,66.0,168.61455
Platja Palmira,2025-07-20 14:00:00,71.0,172.0822
Platja Palmira,2025-07-20 15:00:00,129.0,148.71219
Platja Palmira,2025-07-20 16:00:00,75.0,106.67445
Platja Palmira,2025-07-20 17:00:00,18.0,90.1358
Platja Palmira,2025-07-20 18:00:00,127.0,20.344036
Platja Palmira,2025-07-20 19:00:00,221.0,32.928207
Platja Palmira,2025-07-20 20:00:00,293.0,55.394287
Platja Palmira,2025-07-21 08:00:00,253.0,103.96627
Platja Palmira,2025-07-21 09:00:00,232.0,145.61487
Platja Palmira,2025-07-21 10:00:00,248.0,152.91154
Platja Palmira,2025-07-21 11:00:00,252.0,161.29121
Platja Palmira,2025-07-21 12:00:00,176.0,146.2728
Platja Palmira,2025-07-21 13:00:00,140.0,155.98116
Platja Palmira,2025-07-21 14:00:00,113.0,161.54044
Platja Palmira,2025-07-21 15:00:00,69.0,147.91232
Platja Palmira,2025-07-21 16:00:00,22.0,113.29842
Platja Palmira,2025-07-21 17:00:00,11.0,74.01273
Platja Palmira,2025-07-21 18:00:00,240.0,131.04973
Platja Palmira,2025-07-21 19:00:00,308.0,30.700188
Platja Palmira,2025-07-21 20:00:00,269.0,63.59056
Platja Palmira,2025-07-22 08:00:00,215.0,116.979744
Platja Palmira,2025-07-22 09:00:00,211.0,155.87924
Platja Palmira,2025-07-22 10:00:00,232.0,156.17708
Platja Palmira,2025-07-22 11:00:00,239.0,150.78918
Platja Palmira,2025-07-22 12:00:00,162.0,149.4902
Platja Palmira,2025-07-22 13:00:00,165.0,162.29599
Platja Palmira,2025-07-22 14:00:00,147.0,168.91661
Platja Palmira,2025-07-22 15:00:00,80.0,149.09204
Platja Palmira,2025-07-22 16:00:00,23.0,101.14558
Platja Palmira,2025-07-22 17:00:00,13.0,63.513832
Platja Palmira,2025-07-22 18:00:00,256.0,108.04075
Platja Palmira,2025-07-22 19:00:00,278.0,31.009827
Platja Palmira,2025-07-22 20:00:00,277.0,60.5065
Platja Palmira,2025-07-23 08:00:00,211.0,114.26166
Platja Palmira,2025-07-23 09:00:00,219.0,140.57397
Platja Palmira,2025-07-23 10:00:00,236.0,146.81429
Platja Palmira,2025-07-23 11:00:00,210.0,156.09853
Platja Palmira,2025-07-23 12:00:00,203.0,155.2991
Platja Palmira,2025-07-23 13:00:00,109.0,173.35194
Platja Palmira,2025-07-23 14:00:00,116.0,175.91147
Platja Palmira,2025-07-23 15:00:00,49.0,140.92981
Platja Palmira,2025-07-23 16:00:00,16.0,90.04653
Platja Palmira,2025-07-23 17:00:00,15.0,70.25609
Platja Palmira,2025-07-23 18:00:00,224.0,28.636345
Platja Palmira,2025-07-23 19:00:00,284.0,46.342545
Platja Palmira,2025-07-23 20:00:00,260.0,64.06392
Platja Palmira,2025-07-24 08:00:00,248.0,107.598495
Platja Palmira,2025-07-24 09:00:00,204.0,138.88254
Platja Palmira,2025-07-24 10:00:00,229.0,150.31648
Platja Palmira,2025-07-24 11:00:00,243.0,149.2822
Platja Palmira,2025-07-24 12:00:00,208.0,147.48653
Platja Palmira,2025-07-24 13:00:00,115.0,128.31737
Platja Palmira,2025-07-24 14:00:00,95.0,127.597305
Platja Palmira,2025-07-24 15:00:00,72.0,111.81367
Platja Palmira,2025-07-24 16:00:00,15.0,51.791145
Platja Palmira,2025-07-24 17:00:00,12.0,38.58377
Platja Palmira,2025-07-24 18:00:00,268.0,30.104973
Platja Palmira,2025-07-24 19:00:00,254.0,47.631252
Platja Palmira,2025-07-24 20:00:00,187.0,55.84092
Platja Palmira,2025-07-25 08:00:00,205.0,72.42059
Platja Palmira,2025-07-25 09:00:00,218.0,106.5631
Platja Palmira,2025-07-25 10:00:00,236.0,119.98517
Platja Palmira,2025-07-25 11:00:00,253.0,129.27008
Platja Palmira,2025-07-25 12:00:00,232.0,126.19325
Platja Palmira,2025-07-25 13:00:00,151.0,143.29245
Platja Palmira,2025-07-25 14:00:00,111.0,141.22806
Platja Palmira,2025-07-25 15:00:00,78.0,131.27696
Platja Palmira,2025-07-25 16:00:00,20.0,69.90854
Platja Palmira,2025-07-25 17:00:00,13.0,56.936264
Platja Palmira,2025-07-25 18:00:00,272.0,32.281265
Platja Palmira,2025-07-25 19:00:00,297.0,48.49744
Platja Palmira,2025-07-25 20:00:00,260.0,55.346817
Platja Palmira,2025-07-26 08:00:00,188.0,87.661125
Platja Palmira,2025-07-26 09:00:00,222.0,99.49812
Platja Palmira,2025-07-26 10:00:00,224.0,140.95819
Platja Palmira,2025-07-26 11:00:00,206.0,135.3682
Platja Palmira,2025-07-26 12:00:00,166.0,136.55214
Platja Palmira,2025-07-26 13:00:00,119.0,160.2848
Platja Palmira,2025-07-26 14:00:00,118.0,194.19566
Platja Palmira,2025-07-26 15:00:00,70.0,186.95494
Platja Palmira,2025-07-26 16:00:00,13.0,132.49724
Platja Palmira,2025-07-26 17:00:00,13.0,107.47222
Platja Palmira,2025-07-26 18:00:00,245.0,28.722567
Platja Palmira,2025-07-26 19:00:00,314.0,165.12505
Platja Palmira,2025-07-26 20:00:00,274.0,71.69277
Platja Palmira,2025-07-27 08:00:00,234.0,113.52118
Platja Palmira,2025-07-27 09:00:00,157.0,174.93338
Platja Palmira,2025-07-27 10:00:00,252.0,265.00528
Platja Palmira,2025-07-27 11:00:00,194.0,265.53455
Platja Palmira,2025-07-27 12:00:00,174.0,259.26547
Platja Palmira,2025-07-27 13:00:00,131.0,224.19437
Platja Palmira,2025-07-27 14:00:00,92.0,217.25583
Platja Palmira,2025-07-27 15:00:00,50.0,196.91864
Platja Palmira,2025-07-27 16:00:00,17.0,251.59993
Platja Palmira,2025-07-27 17:00:00,17.0,229.87608
Platja Palmira,2025-07-27 18:00:00,180.0,152.86905
Platja Palmira,2025-07-27 19:00:00,224.0,207.9755
Platja Palmira,2025-07-27 20:00:00,219.0,195.09378
Platja Palmira,2025-07-28 08:00:00,135.0,152.6539
Platja Palmira,2025-07-28 09:00:00,153.0,190.7319
Platja Palmira,2025-07-28 10:00:00,173.0,231.66388
Platja Palmira,2025-07-28 11:00:00,165.0,236.16257
Platja Palmira,2025-07-28 12:00:00,129.0,255.79878
Platja Palmira,2025-07-28 13:00:00,95.0,236.56998
Platja Palmira,2025-07-28 14:00:00,75.0,190.88925
Platja Palmira,2025-07-28 15:00:00,73.0,201.85367
Platja Palmira,2025-07-28 16:00:00,19.0,188.551
Platja Palmira,2025-07-28 17:00:00,14.0,185.16124
Platja Palmira,2025-07-28 18:00:00,191.0,154.13022
Platja Palmira,2025-07-28 19:00:00,316.0,184.73175
Platja Palmira,2025-07-28 20:00:00,235.0,141.5064
Platja Palmira,2025-07-29 08:00:00,248.0,153.57468
Platja Palmira,2025-07-29 09:00:00,239.0,201.39693
Platja Palmira,2025-07-29 10:00:00,181.0,183.80812
Platja Palmira,2025-07-29 11:00:00,186.0,187.83852
Platja Palmira,2025-07-29 12:00:00,148.0,208.80875
Platja Palmira,2025-07-29 13:00:00,118.0,190.74095
Platja Palmira,2025-07-29 14:00:00,143.0,178.32233
Platja Palmira,2025-07-29 15:00:00,84.0,236.5157
Platja Palmira,2025-07-29 16:00:00,21.0,193.75462
Platja Palmira,2025-07-29 17:00:00,12.0,178.52235
Platja Palmira,2025-07-29 18:00:00,202.0,100.335724
Platja Palmira,2025-07-29 19:00:00,329.0,124.99694
Platja Palmira,2025-07-29 20:00:00,250.0,138.26973
Platja Palmira,2025-07-30 08:00:00,235.0,148.76926
Platja Palmira,2025-07-30 09:00:00,206.0,174.44354
Platja Palmira,2025-07-30 10:00:00,195.0,189.1275
Platja Palmira,2025-07-30 11:00:00,189.0,191.62523
Platja Palmira,2025-07-30 12:00:00,158.0,199.35945
Platja Palmira,2025-07-30 13:00:00,104.0,198.28214
Platja Palmira,2025-07-30 14:00:00,69.0,208.28104
Platja Palmira,2025-07-30 15:00:00,75.0,211.34698
Platja Palmira,2025-07-30 16:00:00,26.0,165.92519
Platja Palmira,2025-07-30 17:00:00,23.0,175.2047
Platja Palmira,2025-07-30 18:00:00,230.0,95.90227
Platja Palmira,2025-07-30 19:00:00,295.0,103.03824
Platja Palmira,2025-07-30 20:00:00,252.0,121.40009
Platja Palmira,2025-07-31 08:00:00,216.0,125.91077
Platja Palmira,2025-07-31 09:00:00,192.0,221.95784
Platja Palmira,2025-07-31 10:00:00,190.0,255.09215
Platja Palmira,2025-07-31 11:00:00,191.0,250.96301
Platja Palmira,2025-07-31 12:00:00,138.0,223.51048
Platja Palmira,2025-07-31 13:00:00,89.0,200.93204
Platja Palmira,2025-07-31 14:00:00,106.0,205.94388
Platja Palmira,2025-07-31 15:00:00,58.0,196.76128
Platja Palmira,2025-07-31 16:00:00,13.0,179.4513
Platja Palmira,2025-07-31 17:00:00,16.0,182.33319
Platja Palmira,2025-07-31 18:00:00,255.0,154.00607
Platja Palmira,2025-07-31 19:00:00,316.0,104.83814
Platja Palmira,2025-07-31 20:00:00,317.0,108.21761
Platja Palmira,2025-08-01 08:00:00,271.0,123.279305
Platja Palmira,2025-08-01 09:00:00,175.0,226.00647
Platja Palmira,2025-08-01 10:00:00,200.0,223.9414
Platja Palmira,2025-08-01 11:00:00,210.0,226.37444
Platja Palmira,2025-08-01 12:00:00,176.0,194.09938
Platja Palmira,2025-08-01 13:00:00,92.0,173.86427
Platja Palmira,2025-08-01 14:00:00,102.0,216.62405
Platja Palmira,2025-08-01 15:00:00,74.0,194.09071
Platja Palmira,2025-08-01 16:00:00,18.0,181.27838
Platja Palmira,2025-08-01 17:00:00,15.0,196.63246
Platja Palmira,2025-08-01 18:00:00,224.0,110.62265
Platja Palmira,2025-08-01 19:00:00,294.0,111.71482
Platja Palmira,2025-08-01 20:00:00,267.0,135.20848
Platja Palmira,2025-08-02 08:00:00,250.0,131.36563
Platja Palmira,2025-08-02 09:00:00,210.0,206.70189
Platja Palmira,2025-08-02 10:00:00,161.0,229.7215
Platja Palmira,2025-08-02 11:00:00,161.0,226.13687
Platja Palmira,2025-08-02 12:00:00,158.0,227.04964
Platja Palmira,2025-08-02 13:00:00,127.0,160.03012
Platja Palmira,2025-08-02 14:00:00,99.0,200.94981
Platja Palmira,2025-08-02 15:00:00,92.0,210.1347
Platja Palmira,2025-08-02 16:00:00,16.0,179.86508
Platja Palmira,2025-08-02 17:00:00,20.0,169.81383
Platja Palmira,2025-08-02 18:00:00,217.0,100.7089
Platja Palmira,2025-08-02 19:00:00,302.0,112.95273
Platja Palmira,2025-08-02 20:00:00,250.0,120.56436
Platja Palmira,2025-08-03 08:00:00,223.0,143.26271
Platja Palmira,2025-08-03 09:00:00,264.0,229.2397
Platja Palmira,2025-08-03 10:00:00,208.0,231.01762
Platja Palmira,2025-08-03 11:00:00,180.0,183.39835
Platja Palmira,2025-08-03 12:00:00,189.0,180.81308
Platja Palmira,2025-08-03 13:00:00,138.0,168.33986
Platja Palmira,2025-08-03 14:00:00,162.0,189.36302
Platja Palmira,2025-08-03 15:00:00,67.0,213.59438
Platja Palmira,2025-08-03 16:00:00,16.0,209.25818
Platja Palmira,2025-08-03 17:00:00,11.0,176.1269
Platja Palmira,2025-08-03 18:00:00,214.0,113.51698
Platja Palmira,2025-08-03 19:00:00,300.0,114.98701
Platja Palmira,2025-08-03 20:00:00,279.0,150.11249
Platja Palmira,2025-08-04 08:00:00,209.0,135.51378
Platja Palmira,2025-08-04 09:00:00,190.0,221.34122
Platja Palmira,2025-08-04 10:00:00,155.0,236.07246
Platja Palmira,2025-08-04 11:00:00,183.0,221.59654
Platja Palmira,2025-08-04 12:00:00,175.0,180.07928
Platja Palmira,2025-08-04 13:00:00,139.0,166.29607
Platja Palmira,2025-08-04 14:00:00,113.0,188.0628
Platja Palmira,2025-08-04 15:00:00,75.0,154.4105
Platja Palmira,2025-08-04 16:00:00,26.0,175.33649
Platja Palmira,2025-08-04 17:00:00,13.0,176.92377
Platja Palmira,2025-08-04 18:00:00,219.0,96.16401
Platja Palmira,2025-08-04 19:00:00,265.0,98.360504
Platja Palmira,2025-08-04 20:00:00,268.0,122.941414
Platja Palmira,2025-08-05 08:00:00,265.0,126.291245
Platja Palmira,2025-08-05 09:00:00,211.0,222.8577
Platja Palmira,2025-08-05 10:00:00,216.0,231.12279
Platja Palmira,2025-08-05 11:00:00,217.0,233.85298
Platja Palmira,2025-08-05 12:00:00,209.0,201.01877
Platja Palmira,2025-08-05 13:00:00,172.0,159.12071
Platja Palmira,2025-08-05 14:00:00,151.0,207.5454
Platja Palmira,2025-08-05 15:00:00,75.0,173.05843
Platja Palmira,2025-08-05 16:00:00,23.0,191.41518
Platja Palmira,2025-08-05 17:00:00,17.0,241.15305
Platja Palmira,2025-08-05 18:00:00,257.0,99.542336
Platja Palmira,2025-08-05 19:00:00,300.0,102.64324
Platja Palmira,2025-08-05 20:00:00,265.0,136.48659
Platja Palmira,2025-08-06 08:00:00,243.0,146.23477
Platja Palmira,2025-08-06 09:00:00,242.0,186.31316
Platja Palmira,2025-08-06 10:00:00,185.0,214.6297
Platja Palmira,2025-08-06 11:00:00,200.0,193.00975
Platja Palmira,2025-08-06 12:00:00,183.0,241.24057
Platja Palmira,2025-08-06 13:00:00,183.0,175.0192
Platja Palmira,2025-08-06 14:00:00,124.0,171.46771
Platja Palmira,2025-08-06 15:00:00,90.0,151.48106
Platja Palmira,2025-08-06 16:00:00,26.0,145.01112
Platja Palmira,2025-08-06 17:00:00,20.0,136.37073
Platja Palmira,2025-08-06 18:00:00,242.0,95.90824
Platja Palmira,2025-08-06 19:00:00,304.0,100.4127
Platja Palmira,2025-08-06 20:00:00,271.0,129.91537
Platja Palmira,2025-08-07 08:00:00,187.0,153.23047
Platja Palmira,2025-08-07 09:00:00,168.0,180.78893
Platja Palmira,2025-08-07 10:00:00,168.0,212.63918
Platja Palmira,2025-08-07 11:00:00,207.0,214.81203
Platja Palmira,2025-08-07 12:00:00,190.0,226.02538
Platja Palmira,2025-08-07 13:00:00,135.0,193.5067
Platja Palmira,2025-08-07 14:00:00,104.0,163.86916
Platja Palmira,2025-08-07 15:00:00,66.0,156.73882
Platja Palmira,2025-08-07 16:00:00,20.0,166.59763
Platja Palmira,2025-08-07 17:00:00,12.0,164.22044
Platja Palmira,2025-08-07 18:00:00,191.0,122.16275
Platja Palmira,2025-08-07 19:00:00,268.0,99.150635
Platja Palmira,2025-08-07 20:00:00,264.0,134.93668
Platja Palmira,2025-08-08 08:00:00,243.0,144.44328
Platja Palmira,2025-08-08 09:00:00,189.0,183.93886
Platja Palmira,2025-08-08 10:00:00,191.0,225.36093
Platja Palmira,2025-08-08 11:00:00,190.0,223.43797
Platja Palmira,2025-08-08 12:00:00,142.0,212.90233
Platja Palmira,2025-08-08 13:00:00,93.0,166.79109
Platja Palmira,2025-08-08 14:00:00,82.0,158.17291
Platja Palmira,2025-08-08 15:00:00,54.0,162.78798
Platja Palmira,2025-08-08 16:00:00,14.0,168.30069
Platja Palmira,2025-08-08 17:00:00,12.0,175.0159
Platja Palmira,2025-08-08 18:00:00,181.0,96.6462
Platja Palmira,2025-08-08 19:00:00,219.0,103.5899
Platja Palmira,2025-08-08 20:00:00,209.0,136.59886
Platja Palmira,2025-08-09 08:00:00,177.0,140.47272
Platja Palmira,2025-08-09 09:00:00,178.0,210.61098
Platja Palmira,2025-08-09 10:00:00,163.0,228.04059
Platja Palmira,2025-08-09 11:00:00,189.0,223.91666
Platja Palmira,2025-08-09 12:00:00,125.0,185.16302
Platja Palmira,2025-08-09 13:00:00,127.0,161.80548
Platja Palmira,2025-08-09 14:00:00,34.0,165.12074
Platja Palmira,2025-08-09 15:00:00,65.0,177.55609
Platja Palmira,2025-08-09 16:00:00,13.0,159.99934
Platja Palmira,2025-08-09 17:00:00,12.0,145.03087
Platja Palmira,2025-08-09 18:00:00,87.0,72.71432
Platja Palmira,2025-08-09 19:00:00,144.0,84.398415
Platja Palmira,2025-08-09 20:00:00,109.0,104.009895
Platja Palmira,2025-08-10 08:00:00,96.0,98.3396
Platja Palmira,2025-08-10 09:00:00,103.0,198.87038
Platja Palmira,2025-08-10 10:00:00,194.0,241.9604
Platja Palmira,2025-08-10 11:00:00,165.0,234.87108
Platja Palmira,2025-08-10 12:00:00,149.0,211.17169
Platja Palmira,2025-08-10 13:00:00,108.0,187.17735
Platja Palmira,2025-08-10 14:00:00,33.0,185.7734
Platja Palmira,2025-08-10 15:00:00,59.0,189.0505
Platja Palmira,2025-08-10 16:00:00,16.0,173.01624
Platja Palmira,2025-08-10 17:00:00,12.0,157.53604
Platja Palmira,2025-08-10 18:00:00,162.0,111.7943
Platja Palmira,2025-08-10 19:00:00,182.0,117.590965
Platja Palmira,2025-08-10 20:00:00,222.0,141.05823
Platja Palmira,2025-08-11 08:00:00,167.0,170.91612
Platja Palmira,2025-08-11 09:00:00,111.0,252.02054
Platja Palmira,2025-08-11 10:00:00,177.0,235.96768
Platja Palmira,2025-08-11 11:00:00,150.0,261.4468
Platja Palmira,2025-08-11 12:00:00,144.0,237.81479
Platja Palmira,2025-08-11 13:00:00,121.0,169.73773
Platja Palmira,2025-08-11 14:00:00,56.0,160.59895
Platja Palmira,2025-08-11 15:00:00,68.0,158.90465
Platja Palmira,2025-08-11 16:00:00,14.0,173.87978
Platja Palmira,2025-08-11 17:00:00,12.0,196.67844
Platja Palmira,2025-08-11 18:00:00,149.0,155.33057
Platja Palmira,2025-08-11 19:00:00,251.0,161.47954
Platja Palmira,2025-08-11 20:00:00,214.0,174.19287
Platja Palmira,2025-08-12 08:00:00,165.0,168.9793
Platja Palmira,2025-08-12 09:00:00,159.0,218.91469
Platja Palmira,2025-08-12 10:00:00,177.0,255.30597
Platja Palmira,2025-08-12 11:00:00,182.0,253.17513
Platja Palmira,2025-08-12 12:00:00,151.0,215.6876
Platja Palmira,2025-08-12 13:00:00,131.0,225.1181
Platja Palmira,2025-08-12 14:00:00,84.0,191.76581
Platja Palmira,2025-08-12 15:00:00,57.0,190.76726
Platja Palmira,2025-08-12 16:00:00,14.0,191.68787
Platja Palmira,2025-08-12 17:00:00,19.0,194.3463
Platja Palmira,2025-08-12 18:00:00,119.0,171.45488
Platja Palmira,2025-08-12 19:00:00,243.0,132.76248
Platja Palmira,2025-08-12 20:00:00,228.0,116.648476
Platja Palmira,2025-08-13 08:00:00,180.0,148.13034
Platja Palmira,2025-08-13 09:00:00,141.0,198.4909
Platja Palmira,2025-08-13 10:00:00,142.0,256.4906
Platja Palmira,2025-08-13 11:00:00,169.0,245.93297
Platja Palmira,2025-08-13 12:00:00,127.0,192.72057
Platja Palmira,2025-08-13 13:00:00,99.0,176.01047
Platja Palmira,2025-08-13 14:00:00,66.0,170.25836
Platja Palmira,2025-08-13 15:00:00,61.0,168.34073
Platja Palmira,2025-08-13 16:00:00,16.0,182.67236
Platja Palmira,2025-08-13 17:00:00,12.0,175.03137
Platja Palmira,2025-08-13 18:00:00,151.0,126.990166
Platja Palmira,2025-08-13 19:00:00,216.0,129.84439
Platja Palmira,2025-08-13 20:00:00,214.0,141.59029
Platja Palmira,2025-08-14 08:00:00,163.0,152.26033
Platja Palmira,2025-08-14 09:00:00,141.0,207.84334
Platja Palmira,2025-08-14 10:00:00,148.0,244.69144
Platja Palmira,2025-08-14 11:00:00,139.0,245.68105
Platja Palmira,2025-08-14 12:00:00,155.0,229.13742
Platja Palmira,2025-08-14 13:00:00,101.0,186.47292
Platja Palmira,2025-08-14 14:00:00,75.0,184.87128
Platja Palmira,2025-08-14 15:00:00,49.0,184.91684
Platja Palmira,2025-08-14 16:00:00,12.0,186.83652
Platja Palmira,2025-08-14 17:00:00,12.0,186.07669
Platja Palmira,2025-08-14 18:00:00,124.0,172.72852
Platja Palmira,2025-08-14 19:00:00,162.0,127.26108
Platja Palmira,2025-08-14 20:00:00,205.0,140.5998
Platja Palmira,2025-08-15 08:00:00,174.0,136.64764
Platja Palmira,2025-08-15 09:00:00,177.0,231.05864
Platja Palmira,2025-08-15 10:00:00,166.0,257.21616
Platja Palmira,2025-08-15 11:00:00,193.0,261.55304
Platja Palmira,2025-08-15 12:00:00,178.0,240.73569
Platja Palmira,2025-08-15 13:00:00,145.0,226.4485
Platja Palmira,2025-08-15 14:00:00,45.0,194.33626
Platja Palmira,2025-08-15 15:00:00,49.0,188.90956
Platja Palmira,2025-08-15 16:00:00,13.0,184.96843
Platja Palmira,2025-08-15 17:00:00,15.0,188.18716
Platja Palmira,2025-08-15 18:00:00,95.0,148.16245
Platja Palmira,2025-08-15 19:00:00,155.0,112.94933
Platja Palmira,2025-08-15 20:00:00,83.0,117.31176
Platja Palmira,2025-08-16 08:00:00,136.0,153.88141
Platja Palmira,2025-08-16 09:00:00,136.0,212.964
Platja Palmira,2025-08-16 10:00:00,151.0,233.45787
Platja Palmira,2025-08-16 11:00:00,129.0,255.90134
Platja Palmira,2025-08-16 12:00:00,141.0,199.3873
Platja Palmira,2025-08-16 13:00:00,91.0,191.0125
Platja Palmira,2025-08-16 14:00:00,38.0,184.91443
Platja Palmira,2025-08-16 15:00:00,35.0,172.5265
Platja Palmira,2025-08-16 16:00:00,14.0,164.51318
Platja Palmira,2025-08-16 17:00:00,16.0,238.30267
Platja Palmira,2025-08-16 18:00:00,83.0,111.024475
Platja Palmira,2025-08-16 19:00:00,184.0,94.089066
Platja Palmira,2025-08-16 20:00:00,223.0,125.00133
Platja Palmira,2025-08-17 08:00:00,182.0,121.264275
Platja Palmira,2025-08-17 09:00:00,180.0,174.3977
Platja Palmira,2025-08-17 10:00:00,150.0,225.4243
Platja Palmira,2025-08-17 11:00:00,131.0,213.27515
Platja Palmira,2025-08-17 12:00:00,134.0,197.22136
Platja Palmira,2025-08-17 13:00:00,94.0,161.70297
Platja Palmira,2025-08-17 14:00:00,50.0,169.58072
Platja Palmira,2025-08-17 15:00:00,47.0,170.90163
Platja Palmira,2025-08-17 16:00:00,13.0,154.75513
Platja Palmira,2025-08-17 17:00:00,10.0,168.37543
Platja Palmira,2025-08-17 18:00:00,93.0,59.72949
Platja Palmira,2025-08-17 19:00:00,48.0,73.25173
Platja Palmira,2025-08-17 20:00:00,91.0,103.70129
Platja Palmira,2025-08-18 08:00:00,141.0,125.573296
Platja Palmira,2025-08-18 09:00:00,157.0,172.81139
Platja Palmira,2025-08-18 10:00:00,147.0,185.59381
Platja Palmira,2025-08-18 11:00:00,133.0,150.15761
Platja Palmira,2025-08-18 12:00:00,127.0,160.93727
Platja Palmira,2025-08-18 13:00:00,101.0,177.82053
Platja Palmira,2025-08-18 14:00:00,55.0,172.3784
Platja Palmira,2025-08-18 15:00:00,46.0,161.83092
Platja Palmira,2025-08-18 16:00:00,16.0,198.3954
Platja Palmira,2025-08-18 17:00:00,15.0,190.9153
Platja Palmira,2025-08-18 18:00:00,63.0,110.55904
Platja Palmira,2025-08-18 19:00:00,203.0,154.96523
Platja Palmira,2025-08-18 20:00:00,194.0,82.5879
Platja Palmira,2025-08-19 08:00:00,178.0,155.50192
Platja Palmira,2025-08-19 09:00:00,163.0,124.781265
Platja Palmira,2025-08-19 10:00:00,155.0,146.48549
Platja Palmira,2025-08-19 11:00:00,138.0,146.4646
Platja Palmira,2025-08-19 12:00:00,126.0,141.50085
Platja Palmira,2025-08-19 13:00:00,117.0,152.3913
Platja Palmira,2025-08-19 14:00:00,76.0,149.89435
Platja Palmira,2025-08-19 15:00:00,65.0,110.61279
Platja Palmira,2025-08-19 16:00:00,18.0,71.06539
Platja Palmira,2025-08-19 17:00:00,15.0,56.441036
Platja Palmira,2025-08-19 18:00:00,91.0,137.39294
Platja Palmira,2025-08-19 19:00:00,200.0,33.138973
Platja Palmira,2025-08-19 20:00:00,139.0,38.102505
Platja Palmira,2025-08-20 08:00:00,115.0,69.668655
Platja Palmira,2025-08-20 09:00:00,147.0,123.98141
Platja Palmira,2025-08-20 10:00:00,127.0,140.96272
Platja Palmira,2025-08-20 11:00:00,126.0,152.80263
Platja Palmira,2025-08-20 12:00:00,112.0,155.27934
Platja Palmira,2025-08-20 13:00:00,83.0,156.793
Platja Palmira,2025-08-20 14:00:00,63.0,159.98149
Platja Palmira,2025-08-20 15:00:00,59.0,120.96964
Platja Palmira,2025-08-20 16:00:00,16.0,83.80438
Platja Palmira,2025-08-20 17:00:00,11.0,72.44581
Platja Palmira,2025-08-20 18:00:00,103.0,24.81632
Platja Palmira,2025-08-20 19:00:00,176.0,39.48208
Platja Palmira,2025-08-20 20:00:00,205.0,58.56638
Platja Palmira,2025-08-21 08:00:00,182.0,78.73707
Platja Palmira,2025-08-21 09:00:00,136.0,121.417595
Platja Palmira,2025-08-21 10:00:00,180.0,145.84575
Platja Palmira,2025-08-21 11:00:00,175.0,155.16821
Platja Palmira,2025-08-21 12:00:00,151.0,156.79935
Platja Palmira,2025-08-21 13:00:00,127.0,169.1127
Platja Palmira,2025-08-21 14:00:00,105.0,168.43375
Platja Palmira,2025-08-21 15:00:00,52.0,124.03517
Platja Palmira,2025-08-21 16:00:00,14.0,91.42633
Platja Palmira,2025-08-21 17:00:00,12.0,112.39689
Platja Palmira,2025-08-21 18:00:00,106.0,26.134542
Platja Palmira,2025-08-21 19:00:00,186.0,45.38515
Platja Palmira,2025-08-21 20:00:00,169.0,62.753445
Platja Palmira,2025-08-22 08:00:00,162.0,110.47075
Platja Palmira,2025-08-22 09:00:00,165.0,157.59729
Platja Palmira,2025-08-22 10:00:00,187.0,175.49246
Platja Palmira,2025-08-22 11:00:00,183.0,182.5344
Platja Palmira,2025-08-22 12:00:00,155.0,174.17476
Platja Palmira,2025-08-22 13:00:00,110.0,182.52138
Platja Palmira,2025-08-22 14:00:00,73.0,178.09744
Platja Palmira,2025-08-22 15:00:00,35.0,134.3324
Platja Palmira,2025-08-22 16:00:00,11.0,100.586945
Platja Palmira,2025-08-22 17:00:00,13.0,210.11569
Platja Palmira,2025-08-22 18:00:00,79.0,156.46072
Platja Palmira,2025-08-22 19:00:00,165.0,34.76525
Platja Palmira,2025-08-22 20:00:00,129.0,61.669342
Platja Palmira,2025-08-23 08:00:00,148.0,101.74646
Platja Palmira,2025-08-23 09:00:00,143.0,124.00755
Platja Palmira,2025-08-23 10:00:00,97.0,137.0426
Platja Palmira,2025-08-23 11:00:00,157.0,131.19138
Platja Palmira,2025-08-23 12:00:00,135.0,129.77327
Platja Palmira,2025-08-23 13:00:00,78.0,138.8956
Platja Palmira,2025-08-23 14:00:00,80.0,138.72025
Platja Palmira,2025-08-23 15:00:00,31.0,109.981636
Platja Palmira,2025-08-23 16:00:00,17.0,76.70851
Platja Palmira,2025-08-23 17:00:00,12.0,159.88701
Platja Palmira,2025-08-23 18:00:00,70.0,140.67857
Platja Palmira,2025-08-23 19:00:00,129.0,22.463762
Platja Palmira,2025-08-23 20:00:00,125.0,56.298435
Platja Palmira,2025-08-24 08:00:00,160.0,106.702415
Platja Palmira,2025-08-24 09:00:00,141.0,123.679
Platja Palmira,2025-08-24 10:00:00,142.0,119.12508
Platja Palmira,2025-08-24 11:00:00,149.0,120.43997
Platja Palmira,2025-08-24 12:00:00,160.0,121.27746
Platja Palmira,2025-08-24 13:00:00,85.0,139.80699
Platja Palmira,2025-08-24 14:00:00,34.0,141.19815
Platja Palmira,2025-08-24 15:00:00,67.0,109.799805
Platja Palmira,2025-08-24 16:00:00,14.0,74.196144
Platja Palmira,2025-08-24 17:00:00,13.0,76.660385
Platja Palmira,2025-08-24 18:00:00,89.0,17.0717
Platja Palmira,2025-08-24 19:00:00,216.0,45.60523
Platja Palmira,2025-08-24 20:00:00,233.0,63.69239
Platja Palmira,2025-08-25 08:00:00,184.0,104.90629
Platja Palmira,2025-08-25 09:00:00,199.0,126.746864
Platja Palmira,2025-08-25 10:00:00,183.0,130.40163
Platja Palmira,2025-08-25 11:00:00,190.0,119.21542
Platja Palmira,2025-08-25 12:00:00,177.0,117.08299
Platja Palmira,2025-08-25 13:00:00,92.0,128.44485
Platja Palmira,2025-08-25 14:00:00,99.0,129.21803
Platja Palmira,2025-08-25 15:00:00,40.0,103.94416
Platja Palmira,2025-08-25 16:00:00,11.0,66.67724
Platja Palmira,2025-08-25 17:00:00,11.0,60.58221
Platja Palmira,2025-08-25 18:00:00,125.0,28.791475
Platja Palmira,2025-08-25 19:00:00,259.0,46.83996
Platja Palmira,2025-08-25 20:00:00,208.0,61.70422
Platja Palmira,2025-08-26 08:00:00,158.0,65.24993
Platja Palmira,2025-08-26 09:00:00,178.0,94.71705
Platja Palmira,2025-08-26 10:00:00,189.0,99.47838
Platja Palmira,2025-08-26 11:00:00,149.0,104.64632
Platja Palmira,2025-08-26 12:00:00,121.0,105.14835
Platja Palmira,2025-08-26 13:00:00,81.0,122.18224
Platja Palmira,2025-08-26 14:00:00,57.0,134.88673
Platja Palmira,2025-08-26 15:00:00,29.0,102.77588
Platja Palmira,2025-08-26 16:00:00,12.0,66.71365
Platja Palmira,2025-08-26 17:00:00,10.0,61.749268
Platja Palmira,2025-08-26 18:00:00,76.0,28.61682
Platja Palmira,2025-08-26 19:00:00,227.0,42.18259
Platja Palmira,2025-08-26 20:00:00,185.0,55.206005
Platja Palmira,2025-08-27 08:00:00,148.0,76.72632
Platja Palmira,2025-08-27 09:00:00,151.0,111.30801
Platja Palmira,2025-08-27 10:00:00,123.0,115.04563
Platja Palmira,2025-08-27 11:00:00,134.0,113.34785
Platja Palmira,2025-08-27 12:00:00,90.0,108.36961
Platja Palmira,2025-08-27 13:00:00,53.0,108.22919
Platja Palmira,2025-08-27 14:00:00,30.0,98.07917
Platja Palmira,2025-08-27 15:00:00,68.0,62.07023
Platja Palmira,2025-08-27 16:00:00,13.0,34.327923
Platja Palmira,2025-08-27 17:00:00,12.0,30.16805
Platja Palmira,2025-08-27 18:00:00,90.0,26.03656
Platja Palmira,2025-08-27 19:00:00,174.0,35.312298
Platja Palmira,2025-08-27 20:00:00,185.0,49.169067
Platja Palmira,2025-08-28 08:00:00,149.0,61.730724
Platja Palmira,2025-08-28 09:00:00,151.0,104.62461
Platja Palmira,2025-08-28 10:00:00,171.0,116.256004
Platja Palmira,2025-08-28 11:00:00,159.0,121.8993
Platja Palmira,2025-08-28 12:00:00,132.0,124.65129
Platja Palmira,2025-08-28 13:00:00,57.0,130.05759
Platja Palmira,2025-08-28 14:00:00,30.0,114.78523
Platja Palmira,2025-08-28 15:00:00,127.0,80.47717
Platja Palmira,2025-08-28 16:00:00,16.0,45.591858
Platja Palmira,2025-08-28 17:00:00,17.0,63.722046
Platja Palmira,2025-08-28 18:00:00,102.0,20.57182
Platja Palmira,2025-08-28 19:00:00,154.0,20.239101
Platja Palmira,2025-08-28 20:00:00,192.0,40.94878
Platja Palmira,2025-08-29 08:00:00,136.0,78.11284
Platja Palmira,2025-08-29 09:00:00,121.0,122.87256
Platja Palmira,2025-08-29 10:00:00,149.0,139.20311
Platja Palmira,2025-08-29 11:00:00,145.0,132.05904
Platja Palmira,2025-08-29 12:00:00,94.0,135.14912
Platja Palmira,2025-08-29 13:00:00,62.0,134.27048
Platja Palmira,2025-08-29 14:00:00,44.0,130.17845
Platja Palmira,2025-08-29 15:00:00,46.0,83.49305
Platja Palmira,2025-08-29 16:00:00,12.0,50.966885
Platja Palmira,2025-08-29 17:00:00,10.0,47.474255
Platja Palmira,2025-08-29 18:00:00,65.0,22.50338
Platja Palmira,2025-08-29 19:00:00,124.0,33.247868
Platja Palmira,2025-08-29 20:00:00,191.0,56.47448
Platja Palmira,2025-08-30 08:00:00,170.0,66.93415
Platja Palmira,2025-08-30 09:00:00,143.0,101.404305
Platja Palmira,2025-08-30 10:00:00,147.0,97.85301
Platja Palmira,2025-08-30 11:00:00,176.0,121.29594
Platja Palmira,2025-08-30 12:00:00,144.0,121.38631
Platja Palmira,2025-08-30 13:00:00,61.0,138.2166
Platja Palmira,2025-08-30 14:00:00,42.0,109.083015
Platja Palmira,2025-08-30 15:00:00,70.0,111.92913
Platja Palmira,2025-08-30 16:00:00,12.0,74.66699
Platja Palmira,2025-08-30 17:00:00,18.0,64.95669
Platja Palmira,2025-08-30 18:00:00,36.0,22.967756
Platja Palmira,2025-08-30 19:00:00,15.0,30.467546
Platja Palmira,2025-08-30 20:00:00,25.0,32.622913
Platja Palmira 2,2025-06-01 08:00:00,123.0,74.58167
Platja Palmira 2,2025-06-01 09:00:00,79.0,107.1644
Platja Palmira 2,2025-06-01 10:00:00,98.0,112.977905
Platja Palmira 2,2025-06-01 11:00:00,133.0,114.92893
Platja Palmira 2,2025-06-01 12:00:00,134.0,105.49008
Platja Palmira 2,2025-06-01 13:00:00,131.0,126.23547
Platja Palmira 2,2025-06-01 14:00:00,77.0,132.2517
Platja Palmira 2,2025-06-01 15:00:00,97.0,150.36676
Platja Palmira 2,2025-06-01 16:00:00,115.0,118.69306
Platja Palmira 2,2025-06-01 17:00:00,74.0,80.256386
Platja Palmira 2,2025-06-01 18:00:00,79.0,36.93607
Platja Palmira 2,2025-06-01 19:00:00,134.0,59.258705
Platja Palmira 2,2025-06-01 20:00:00,136.0,67.91382
Platja Palmira 2,2025-06-02 08:00:00,109.0,112.54324
Platja Palmira 2,2025-06-02 09:00:00,78.0,121.622475
Platja Palmira 2,2025-06-02 10:00:00,110.0,124.96525
Platja Palmira 2,2025-06-02 11:00:00,126.0,125.61084
Platja Palmira 2,2025-06-02 12:00:00,148.0,110.16147
Platja Palmira 2,2025-06-02 13:00:00,98.0,120.807205
Platja Palmira 2,2025-06-02 14:00:00,85.0,122.9139
Platja Palmira 2,2025-06-02 15:00:00,101.0,107.9352
Platja Palmira 2,2025-06-02 16:00:00,102.0,60.09373
Platja Palmira 2,2025-06-02 17:00:00,53.0,65.07117
Platja Palmira 2,2025-06-02 18:00:00,105.0,32.40129
Platja Palmira 2,2025-06-02 19:00:00,148.0,50.26203
Platja Palmira 2,2025-06-02 20:00:00,146.0,50.487255
Platja Palmira 2,2025-06-03 08:00:00,127.0,67.17729
Platja Palmira 2,2025-06-03 09:00:00,134.0,92.313835
Platja Palmira 2,2025-06-03 10:00:00,128.0,112.81598
Platja Palmira 2,2025-06-03 11:00:00,151.0,96.23904
Platja Palmira 2,2025-06-03 12:00:00,123.0,101.235985
Platja Palmira 2,2025-06-03 13:00:00,84.0,115.6004
Platja Palmira 2,2025-06-03 14:00:00,99.0,117.70751
Platja Palmira 2,2025-06-03 15:00:00,103.0,112.36793
Platja Palmira 2,2025-06-03 16:00:00,107.0,60.113995
Platja Palmira 2,2025-06-03 17:00:00,62.0,38.8407
Platja Palmira 2,2025-06-03 18:00:00,95.0,38.292442
Platja Palmira 2,2025-06-03 19:00:00,149.0,49.03178
Platja Palmira 2,2025-06-03 20:00:00,139.0,56.476276
Platja Palmira 2,2025-06-04 08:00:00,139.0,74.02507
Platja Palmira 2,2025-06-04 09:00:00,139.0,105.99079
Platja Palmira 2,2025-06-04 10:00:00,109.0,115.70567
Platja Palmira 2,2025-06-04 11:00:00,126.0,112.18079
Platja Palmira 2,2025-06-04 12:00:00,102.0,111.46038
Platja Palmira 2,2025-06-04 13:00:00,81.0,114.18632
Platja Palmira 2,2025-06-04 14:00:00,66.0,120.52041
Platja Palmira 2,2025-06-04 15:00:00,105.0,105.32839
Platja Palmira 2,2025-06-04 16:00:00,112.0,66.05627
Platja Palmira 2,2025-06-04 17:00:00,64.0,41.512096
Platja Palmira 2,2025-06-04 18:00:00,94.0,36.76277
Platja Palmira 2,2025-06-04 19:00:00,122.0,53.0549
Platja Palmira 2,2025-06-04 20:00:00,137.0,56.091972
Platja Palmira 2,2025-06-05 08:00:00,126.0,71.21242
Platja Palmira 2,2025-06-05 09:00:00,118.0,120.2285
Platja Palmira 2,2025-06-05 10:00:00,114.0,133.5336
Platja Palmira 2,2025-06-05 11:00:00,116.0,128.87155
Platja Palmira 2,2025-06-05 12:00:00,89.0,134.57104
Platja Palmira 2,2025-06-05 13:00:00,82.0,146.63293
Platja Palmira 2,2025-06-05 14:00:00,90.0,146.78197
Platja Palmira 2,2025-06-05 15:00:00,125.0,133.44836
Platja Palmira 2,2025-06-05 16:00:00,116.0,68.86447
Platja Palmira 2,2025-06-05 17:00:00,62.0,48.96322
Platja Palmira 2,2025-06-05 18:00:00,74.0,38.435555
Platja Palmira 2,2025-06-05 19:00:00,124.0,56.291176
Platja Palmira 2,2025-06-05 20:00:00,130.0,61.393566
Platja Palmira 2,2025-06-06 08:00:00,97.0,79.49813
Platja Palmira 2,2025-06-06 09:00:00,107.0,125.3321
Platja Palmira 2,2025-06-06 10:00:00,103.0,132.80545
Platja Palmira 2,2025-06-06 11:00:00,127.0,135.9195
Platja Palmira 2,2025-06-06 12:00:00,136.0,137.9488
Platja Palmira 2,2025-06-06 13:00:00,94.0,145.27754
Platja Palmira 2,2025-06-06 14:00:00,71.0,163.85223
Platja Palmira 2,2025-06-06 15:00:00,88.0,144.39532
Platja Palmira 2,2025-06-06 16:00:00,99.0,78.25405
Platja Palmira 2,2025-06-06 17:00:00,38.0,55.732166
Platja Palmira 2,2025-06-06 18:00:00,83.0,34.717304
Platja Palmira 2,2025-06-06 19:00:00,122.0,51.312176
Platja Palmira 2,2025-06-06 20:00:00,138.0,58.333424
Platja Palmira 2,2025-06-07 08:00:00,122.0,77.8976
Platja Palmira 2,2025-06-07 09:00:00,73.0,110.77588
Platja Palmira 2,2025-06-07 10:00:00,83.0,114.87779
Platja Palmira 2,2025-06-07 11:00:00,87.0,117.440346
Platja Palmira 2,2025-06-07 12:00:00,106.0,118.83475
Platja Palmira 2,2025-06-07 13:00:00,73.0,113.388985
Platja Palmira 2,2025-06-07 14:00:00,82.0,126.52043
Platja Palmira 2,2025-06-07 15:00:00,114.0,108.5055
Platja Palmira 2,2025-06-07 16:00:00,130.0,69.75731
Platja Palmira 2,2025-06-07 17:00:00,51.0,46.820705
Platja Palmira 2,2025-06-07 18:00:00,76.0,35.162083
Platja Palmira 2,2025-06-07 19:00:00,99.0,52.0257
Platja Palmira 2,2025-06-07 20:00:00,106.0,56.703995
Platja Palmira 2,2025-06-08 08:00:00,96.0,70.78079
Platja Palmira 2,2025-06-08 09:00:00,97.0,109.70416
Platja Palmira 2,2025-06-08 10:00:00,86.0,121.85074
Platja Palmira 2,2025-06-08 11:00:00,115.0,124.605774
Platja Palmira 2,2025-06-08 12:00:00,100.0,120.98123
Platja Palmira 2,2025-06-08 13:00:00,87.0,124.297005
Platja Palmira 2,2025-06-08 14:00:00,74.0,134.18578
Platja Palmira 2,2025-06-08 15:00:00,74.0,115.375175
Platja Palmira 2,2025-06-08 16:00:00,110.0,72.99981
Platja Palmira 2,2025-06-08 17:00:00,41.0,47.774593
Platja Palmira 2,2025-06-08 18:00:00,101.0,35.385548
Platja Palmira 2,2025-06-08 19:00:00,115.0,49.358776
Platja Palmira 2,2025-06-08 20:00:00,105.0,57.604603
Platja Palmira 2,2025-06-09 08:00:00,88.0,74.00278
Platja Palmira 2,2025-06-09 09:00:00,90.0,115.03357
Platja Palmira 2,2025-06-09 10:00:00,103.0,121.31466
Platja Palmira 2,2025-06-09 11:00:00,121.0,124.86018
Platja Palmira 2,2025-06-09 12:00:00,99.0,115.91611
Platja Palmira 2,2025-06-09 13:00:00,79.0,125.195274
Platja Palmira 2,2025-06-09 14:00:00,104.0,127.29884
Platja Palmira 2,2025-06-09 15:00:00,113.0,106.31511
Platja Palmira 2,2025-06-09 16:00:00,90.0,62.762993
Platja Palmira 2,2025-06-09 17:00:00,48.0,42.48629
Platja Palmira 2,2025-06-09 18:00:00,87.0,35.83128
Platja Palmira 2,2025-06-09 19:00:00,111.0,54.989674
Platja Palmira 2,2025-06-09 20:00:00,116.0,55.524815
Platja Palmira 2,2025-06-10 08:00:00,115.0,72.62053
Platja Palmira 2,2025-06-10 09:00:00,79.0,109.09629
Platja Palmira 2,2025-06-10 10:00:00,101.0,117.53937
Platja Palmira 2,2025-06-10 11:00:00,112.0,118.30953
Platja Palmira 2,2025-06-10 12:00:00,109.0,112.65692
Platja Palmira 2,2025-06-10 13:00:00,108.0,125.42952
Platja Palmira 2,2025-06-10 14:00:00,68.0,114.99435
Platja Palmira 2,2025-06-10 15:00:00,113.0,94.97946
Platja Palmira 2,2025-06-10 16:00:00,105.0,67.458466
Platja Palmira 2,2025-06-10 17:00:00,64.0,42.420677
Platja Palmira 2,2025-06-10 18:00:00,76.0,35.304245
Platja Palmira 2,2025-06-10 19:00:00,136.0,49.823353
Platja Palmira 2,2025-06-10 20:00:00,131.0,57.73539
Platja Palmira 2,2025-06-11 08:00:00,90.0,77.418205
Platja Palmira 2,2025-06-11 09:00:00,91.0,115.52436
Platja Palmira 2,2025-06-11 10:00:00,99.0,123.12457
Platja Palmira 2,2025-06-11 11:00:00,105.0,124.65139
Platja Palmira 2,2025-06-11 12:00:00,128.0,128.31714
Platja Palmira 2,2025-06-11 13:00:00,105.0,131.12616
Platja Palmira 2,2025-06-11 14:00:00,90.0,125.91113
Platja Palmira 2,2025-06-11 15:00:00,76.0,115.43775
Platja Palmira 2,2025-06-11 16:00:00,122.0,69.07008
Platja Palmira 2,2025-06-11 17:00:00,45.0,43.85036
Platja Palmira 2,2025-06-11 18:00:00,88.0,37.094448
Platja Palmira 2,2025-06-11 19:00:00,99.0,53.396084
Platja Palmira 2,2025-06-11 20:00:00,115.0,61.779778
Platja Palmira 2,2025-06-12 08:00:00,134.0,76.86007
Platja Palmira 2,2025-06-12 09:00:00,98.0,122.701744
Platja Palmira 2,2025-06-12 10:00:00,84.0,133.28535
Platja Palmira 2,2025-06-12 11:00:00,101.0,141.5643
Platja Palmira 2,2025-06-12 12:00:00,130.0,141.63937
Platja Palmira 2,2025-06-12 13:00:00,124.0,143.09605
Platja Palmira 2,2025-06-12 14:00:00,104.0,154.7524
Platja Palmira 2,2025-06-12 15:00:00,101.0,124.13812
Platja Palmira 2,2025-06-12 16:00:00,99.0,79.08931
Platja Palmira 2,2025-06-12 17:00:00,82.0,45.966576
Platja Palmira 2,2025-06-12 18:00:00,74.0,40.549786
Platja Palmira 2,2025-06-12 19:00:00,134.0,69.357475
Platja Palmira 2,2025-06-12 20:00:00,125.0,67.730515
Platja Palmira 2,2025-06-13 08:00:00,107.0,89.05566
Platja Palmira 2,2025-06-13 09:00:00,125.0,133.4818
Platja Palmira 2,2025-06-13 10:00:00,125.0,144.9961
Platja Palmira 2,2025-06-13 11:00:00,115.0,167.27766
Platja Palmira 2,2025-06-13 12:00:00,129.0,169.05632
Platja Palmira 2,2025-06-13 13:00:00,126.0,190.21262
Platja Palmira 2,2025-06-13 14:00:00,109.0,195.90753
Platja Palmira 2,2025-06-13 15:00:00,95.0,184.48843
Platja Palmira 2,2025-06-13 16:00:00,88.0,125.89041
Platja Palmira 2,2025-06-13 17:00:00,44.0,89.58773
Platja Palmira 2,2025-06-13 18:00:00,71.0,36.90227
Platja Palmira 2,2025-06-13 19:00:00,118.0,61.066536
Platja Palmira 2,2025-06-13 20:00:00,113.0,71.68056
Platja Palmira 2,2025-06-14 08:00:00,123.0,78.105354
Platja Palmira 2,2025-06-14 09:00:00,79.0,116.70685
Platja Palmira 2,2025-06-14 10:00:00,95.0,124.27699
Platja Palmira 2,2025-06-14 11:00:00,132.0,141.56009
Platja Palmira 2,2025-06-14 12:00:00,108.0,142.08882
Platja Palmira 2,2025-06-14 13:00:00,87.0,139.4004
Platja Palmira 2,2025-06-14 14:00:00,85.0,146.2739
Platja Palmira 2,2025-06-14 15:00:00,140.0,153.71188
Platja Palmira 2,2025-06-14 16:00:00,257.0,106.62449
Platja Palmira 2,2025-06-14 17:00:00,276.0,41.282616
Platja Palmira 2,2025-06-14 18:00:00,74.0,44.992252
Platja Palmira 2,2025-06-14 19:00:00,104.0,66.15442
Platja Palmira 2,2025-06-14 20:00:00,124.0,76.19206
Platja Palmira 2,2025-06-15 08:00:00,107.0,80.07212
Platja Palmira 2,2025-06-15 09:00:00,98.0,115.34859
Platja Palmira 2,2025-06-15 10:00:00,93.0,123.29066
Platja Palmira 2,2025-06-15 11:00:00,97.0,121.98152
Platja Palmira 2,2025-06-15 12:00:00,97.0,128.76892
Platja Palmira 2,2025-06-15 13:00:00,92.0,140.32916
Platja Palmira 2,2025-06-15 14:00:00,89.0,133.15657
Platja Palmira 2,2025-06-15 15:00:00,94.0,133.58801
Platja Palmira 2,2025-06-15 16:00:00,108.0,77.569824
Platja Palmira 2,2025-06-15 17:00:00,78.0,41.624058
Platja Palmira 2,2025-06-15 18:00:00,58.0,40.387672
Platja Palmira 2,2025-06-15 19:00:00,126.0,52.982014
Platja Palmira 2,2025-06-15 20:00:00,112.0,58.021812
Platja Palmira 2,2025-06-16 08:00:00,102.0,76.29813
Platja Palmira 2,2025-06-16 09:00:00,91.0,102.49275
Platja Palmira 2,2025-06-16 10:00:00,96.0,108.052925
Platja Palmira 2,2025-06-16 11:00:00,110.0,108.33017
Platja Palmira 2,2025-06-16 12:00:00,90.0,119.11873
Platja Palmira 2,2025-06-16 13:00:00,83.0,121.7861
Platja Palmira 2,2025-06-16 14:00:00,96.0,120.301796
Platja Palmira 2,2025-06-16 15:00:00,69.0,110.891525
Platja Palmira 2,2025-06-16 16:00:00,100.0,60.57746
Platja Palmira 2,2025-06-16 17:00:00,54.0,38.11404
Platja Palmira 2,2025-06-16 18:00:00,82.0,32.49654
Platja Palmira 2,2025-06-16 19:00:00,103.0,41.667866
Platja Palmira 2,2025-06-16 20:00:00,121.0,53.125355
Platja Palmira 2,2025-06-17 08:00:00,95.0,60.307583
Platja Palmira 2,2025-06-17 09:00:00,110.0,86.95101
Platja Palmira 2,2025-06-17 10:00:00,97.0,101.716446
Platja Palmira 2,2025-06-17 11:00:00,84.0,103.676025
Platja Palmira 2,2025-06-17 12:00:00,124.0,106.00073
Platja Palmira 2,2025-06-17 13:00:00,96.0,109.21647
Platja Palmira 2,2025-06-17 14:00:00,55.0,122.708046
Platja Palmira 2,2025-06-17 15:00:00,90.0,116.607
Platja Palmira 2,2025-06-17 16:00:00,90.0,63.53119
Platja Palmira 2,2025-06-17 17:00:00,57.0,39.34967
Platja Palmira 2,2025-06-17 18:00:00,59.0,33.528095
Platja Palmira 2,2025-06-17 19:00:00,103.0,42.59741
Platja Palmira 2,2025-06-17 20:00:00,131.0,49.130222
Platja Palmira 2,2025-06-18 08:00:00,92.0,68.74447
Platja Palmira 2,2025-06-18 09:00:00,105.0,107.842354
Platja Palmira 2,2025-06-18 10:00:00,76.0,114.80005
Platja Palmira 2,2025-06-18 11:00:00,110.0,118.569374
Platja Palmira 2,2025-06-18 12:00:00,116.0,117.627
Platja Palmira 2,2025-06-18 13:00:00,92.0,114.393776
Platja Palmira 2,2025-06-18 14:00:00,61.0,118.1343
Platja Palmira 2,2025-06-18 15:00:00,85.0,105.54103
Platja Palmira 2,2025-06-18 16:00:00,111.0,64.01564
Platja Palmira 2,2025-06-18 17:00:00,64.0,38.982918
Platja Palmira 2,2025-06-18 18:00:00,88.0,34.13779
Platja Palmira 2,2025-06-18 19:00:00,133.0,42.137543
Platja Palmira 2,2025-06-18 20:00:00,146.0,46.47386
Platja Palmira 2,2025-06-19 08:00:00,127.0,61.417
Platja Palmira 2,2025-06-19 09:00:00,96.0,103.757126
Platja Palmira 2,2025-06-19 10:00:00,94.0,116.69902
Platja Palmira 2,2025-06-19 11:00:00,108.0,122.93282
Platja Palmira 2,2025-06-19 12:00:00,111.0,123.23616
Platja Palmira 2,2025-06-19 13:00:00,98.0,127.43838
Platja Palmira 2,2025-06-19 14:00:00,94.0,133.3262
Platja Palmira 2,2025-06-19 15:00:00,100.0,123.75615
Platja Palmira 2,2025-06-19 16:00:00,99.0,69.35232
Platja Palmira 2,2025-06-19 17:00:00,58.0,43.499146
Platja Palmira 2,2025-06-19 18:00:00,63.0,35.33934
Platja Palmira 2,2025-06-19 19:00:00,135.0,47.149998
Platja Palmira 2,2025-06-19 20:00:00,147.0,57.31813
Platja Palmira 2,2025-06-20 08:00:00,123.0,62.37457
Platja Palmira 2,2025-06-20 09:00:00,104.0,103.0427
Platja Palmira 2,2025-06-20 10:00:00,112.0,118.46671
Platja Palmira 2,2025-06-20 11:00:00,106.0,116.88197
Platja Palmira 2,2025-06-20 12:00:00,139.0,137.72803
Platja Palmira 2,2025-06-20 13:00:00,111.0,131.38689
Platja Palmira 2,2025-06-20 14:00:00,104.0,145.73763
Platja Palmira 2,2025-06-20 15:00:00,107.0,136.90668
Platja Palmira 2,2025-06-20 16:00:00,107.0,80.942795
Platja Palmira 2,2025-06-20 17:00:00,62.0,51.959824
Platja Palmira 2,2025-06-20 18:00:00,99.0,34.8971
Platja Palmira 2,2025-06-20 19:00:00,126.0,47.247234
Platja Palmira 2,2025-06-20 20:00:00,134.0,57.492336
Platja Palmira 2,2025-06-21 08:00:00,110.0,75.68119
Platja Palmira 2,2025-06-21 09:00:00,108.0,99.613976
Platja Palmira 2,2025-06-21 10:00:00,105.0,112.36749
Platja Palmira 2,2025-06-21 11:00:00,110.0,103.6801
Platja Palmira 2,2025-06-21 12:00:00,100.0,102.46153
Platja Palmira 2,2025-06-21 13:00:00,87.0,125.322014
Platja Palmira 2,2025-06-21 14:00:00,102.0,116.49095
Platja Palmira 2,2025-06-21 15:00:00,116.0,65.96063
Platja Palmira 2,2025-06-21 16:00:00,75.0,44.533394
Platja Palmira 2,2025-06-21 17:00:00,85.0,35.991463
Platja Palmira 2,2025-06-21 18:00:00,118.0,48.487804
Platja Palmira 2,2025-06-21 19:00:00,114.0,58.042885
Platja Palmira 2,2025-06-21 20:00:00,130.0,73.39616
Platja Palmira 2,2025-06-22 08:00:00,95.0,112.6759
Platja Palmira 2,2025-06-22 09:00:00,96.0,118.29343
Platja Palmira 2,2025-06-22 10:00:00,84.0,115.29591
Platja Palmira 2,2025-06-22 11:00:00,103.0,118.768974
Platja Palmira 2,2025-06-22 12:00:00,126.0,128.59918
Platja Palmira 2,2025-06-22 13:00:00,104.0,143.85742
Platja Palmira 2,2025-06-22 14:00:00,141.0,133.9275
Platja Palmira 2,2025-06-22 15:00:00,100.0,81.99699
Platja Palmira 2,2025-06-22 16:00:00,68.0,53.816624
Platja Palmira 2,2025-06-22 17:00:00,83.0,38.982006
Platja Palmira 2,2025-06-22 18:00:00,146.0,51.98121
Platja Palmira 2,2025-06-22 19:00:00,132.0,59.082714
Platja Palmira 2,2025-06-22 20:00:00,119.0,78.21443
Platja Palmira 2,2025-06-23 08:00:00,84.0,110.833824
Platja Palmira 2,2025-06-23 09:00:00,105.0,118.71794
Platja Palmira 2,2025-06-23 10:00:00,114.0,114.181465
Platja Palmira 2,2025-06-23 11:00:00,131.0,123.62314
Platja Palmira 2,2025-06-23 12:00:00,124.0,141.08304
Platja Palmira 2,2025-06-23 13:00:00,92.0,122.81981
Platja Palmira 2,2025-06-23 14:00:00,150.0,115.99736
Platja Palmira 2,2025-06-23 15:00:00,124.0,71.47498
Platja Palmira 2,2025-06-23 16:00:00,66.0,38.472107
Platja Palmira 2,2025-06-23 17:00:00,74.0,34.538567
Platja Palmira 2,2025-06-23 18:00:00,135.0,46.76424
Platja Palmira 2,2025-06-23 19:00:00,140.0,48.256054
Platja Palmira 2,2025-06-23 20:00:00,108.0,93.43977
Platja Palmira 2,2025-06-24 08:00:00,103.0,171.43893
Platja Palmira 2,2025-06-24 09:00:00,113.0,163.97937
Platja Palmira 2,2025-06-24 10:00:00,119.0,155.38539
Platja Palmira 2,2025-06-24 11:00:00,136.0,157.92244
Platja Palmira 2,2025-06-24 12:00:00,126.0,165.94868
Platja Palmira 2,2025-06-24 13:00:00,110.0,172.23334
Platja Palmira 2,2025-06-24 14:00:00,99.0,151.53864
Platja Palmira 2,2025-06-24 15:00:00,100.0,117.43738
Platja Palmira 2,2025-06-24 16:00:00,76.0,83.16066
Platja Palmira 2,2025-06-24 17:00:00,71.0,33.3877
Platja Palmira 2,2025-06-24 18:00:00,157.0,66.60758
Platja Palmira 2,2025-06-24 19:00:00,117.0,74.0944
Platja Palmira 2,2025-06-24 20:00:00,104.0,102.08762
Platja Palmira 2,2025-06-25 08:00:00,105.0,136.02565
Platja Palmira 2,2025-06-25 09:00:00,88.0,109.10244
Platja Palmira 2,2025-06-25 10:00:00,104.0,115.75925
Platja Palmira 2,2025-06-25 11:00:00,142.0,117.672455
Platja Palmira 2,2025-06-25 12:00:00,126.0,128.97575
Platja Palmira 2,2025-06-25 13:00:00,93.0,134.24112
Platja Palmira 2,2025-06-25 14:00:00,117.0,119.81673
Platja Palmira 2,2025-06-25 15:00:00,99.0,68.478195
Platja Palmira 2,2025-06-25 16:00:00,68.0,42.396004
Platja Palmira 2,2025-06-25 17:00:00,107.0,36.258503
Platja Palmira 2,2025-06-25 18:00:00,155.0,47.782425
Platja Palmira 2,2025-06-25 19:00:00,138.0,49.424194
Platja Palmira 2,2025-06-25 20:00:00,100.0,72.42065
Platja Palmira 2,2025-06-26 08:00:00,92.0,108.916595
Platja Palmira 2,2025-06-26 09:00:00,84.0,114.852905
Platja Palmira 2,2025-06-26 10:00:00,112.0,119.262566
Platja Palmira 2,2025-06-26 11:00:00,130.0,128.74075
Platja Palmira 2,2025-06-26 12:00:00,123.0,136.58011
Platja Palmira 2,2025-06-26 13:00:00,89.0,139.11601
Platja Palmira 2,2025-06-26 14:00:00,99.0,128.1162
Platja Palmira 2,2025-06-26 15:00:00,110.0,73.31132
Platja Palmira 2,2025-06-26 16:00:00,64.0,43.795326
Platja Palmira 2,2025-06-26 17:00:00,81.0,33.100597
Platja Palmira 2,2025-06-26 18:00:00,126.0,43.731014
Platja Palmira 2,2025-06-26 19:00:00,137.0,53.202957
Platja Palmira 2,2025-06-26 20:00:00,132.0,72.6335
Platja Palmira 2,2025-06-27 08:00:00,120.0,108.33507
Platja Palmira 2,2025-06-27 09:00:00,135.0,115.69133
Platja Palmira 2,2025-06-27 10:00:00,132.0,125.35369
Platja Palmira 2,2025-06-27 11:00:00,145.0,125.92381
Platja Palmira 2,2025-06-27 12:00:00,158.0,128.91013
Platja Palmira 2,2025-06-27 13:00:00,95.0,140.26102
Platja Palmira 2,2025-06-27 14:00:00,99.0,124.82128
Platja Palmira 2,2025-06-27 15:00:00,93.0,74.15005
Platja Palmira 2,2025-06-27 16:00:00,77.0,45.096558
Platja Palmira 2,2025-06-27 17:00:00,116.0,34.375496
Platja Palmira 2,2025-06-27 18:00:00,161.0,44.429195
Platja Palmira 2,2025-06-27 19:00:00,139.0,52.044853
Platja Palmira 2,2025-06-27 20:00:00,120.0,63.675907
Platja Palmira 2,2025-06-28 08:00:00,90.0,105.07281
Platja Palmira 2,2025-06-28 09:00:00,103.0,104.83358
Platja Palmira 2,2025-06-28 10:00:00,147.0,96.77402
Platja Palmira 2,2025-06-28 11:00:00,132.0,100.835266
Platja Palmira 2,2025-06-28 12:00:00,107.0,119.00694
Platja Palmira 2,2025-06-28 13:00:00,90.0,133.0334
Platja Palmira 2,2025-06-28 14:00:00,107.0,121.73152
Platja Palmira 2,2025-06-28 15:00:00,124.0,62.14092
Platja Palmira 2,2025-06-28 16:00:00,39.0,43.215523
Platja Palmira 2,2025-06-28 17:00:00,95.0,21.988234
Platja Palmira 2,2025-06-28 18:00:00,103.0,23.05367
Platja Palmira 2,2025-06-28 19:00:00,100.0,25.394917
Platja Palmira 2,2025-06-28 20:00:00,116.0,48.87533
Platja Palmira 2,2025-06-29 08:00:00,104.0,94.96399
Platja Palmira 2,2025-06-29 09:00:00,124.0,110.05142
Platja Palmira 2,2025-06-29 10:00:00,132.0,103.083916
Platja Palmira 2,2025-06-29 11:00:00,111.0,95.276375
Platja Palmira 2,2025-06-29 12:00:00,79.0,126.84661
Platja Palmira 2,2025-06-29 13:00:00,83.0,129.51823
Platja Palmira 2,2025-06-29 14:00:00,105.0,113.43661
Platja Palmira 2,2025-06-29 15:00:00,125.0,66.301704
Platja Palmira 2,2025-06-29 16:00:00,56.0,38.216885
Platja Palmira 2,2025-06-29 17:00:00,86.0,32.522884
Platja Palmira 2,2025-06-29 18:00:00,127.0,48.588528
Platja Palmira 2,2025-06-29 19:00:00,130.0,58.068344
Platja Palmira 2,2025-06-29 20:00:00,128.0,78.73193
Platja Palmira 2,2025-06-30 08:00:00,128.0,110.51152
Platja Palmira 2,2025-06-30 09:00:00,105.0,114.47638
Platja Palmira 2,2025-06-30 10:00:00,129.0,114.04609
Platja Palmira 2,2025-06-30 11:00:00,128.0,116.2885
Platja Palmira 2,2025-06-30 12:00:00,94.0,126.01193
Platja Palmira 2,2025-06-30 13:00:00,74.0,128.80093
Platja Palmira 2,2025-06-30 14:00:00,78.0,119.03771
Platja Palmira 2,2025-06-30 15:00:00,94.0,69.345604
Platja Palmira 2,2025-06-30 17:00:00,48.0,44.711163
Platja Palmira 2,2025-06-30 18:00:00,76.0,31.540329
Platja Palmira 2,2025-06-30 19:00:00,85.0,52.93819
Platja Palmira 2,2025-06-30 20:00:00,96.0,59.522297
Platja Palmira 2,2025-07-01 08:00:00,91.0,75.89744
Platja Palmira 2,2025-07-01 09:00:00,97.0,115.52245
Platja Palmira 2,2025-07-01 10:00:00,111.0,125.65829
Platja Palmira 2,2025-07-01 11:00:00,79.0,130.44731
Platja Palmira 2,2025-07-01 12:00:00,106.0,122.87428
Platja Palmira 2,2025-07-01 13:00:00,107.0,131.03899
Platja Palmira 2,2025-07-01 14:00:00,74.0,137.9328
Platja Palmira 2,2025-07-01 15:00:00,85.0,104.830826
Platja Palmira 2,2025-07-01 16:00:00,128.0,61.526093
Platja Palmira 2,2025-07-01 17:00:00,56.0,42.665325
Platja Palmira 2,2025-07-01 18:00:00,81.0,37.367653
Platja Palmira 2,2025-07-01 19:00:00,134.0,51.02477
Platja Palmira 2,2025-07-01 20:00:00,128.0,58.668217
Platja Palmira 2,2025-07-02 08:00:00,106.0,76.6794
Platja Palmira 2,2025-07-02 09:00:00,88.0,112.14536
Platja Palmira 2,2025-07-02 10:00:00,102.0,116.8827
Platja Palmira 2,2025-07-02 11:00:00,113.0,130.52823
Platja Palmira 2,2025-07-02 12:00:00,60.0,135.33044
Platja Palmira 2,2025-07-02 13:00:00,110.0,123.12568
Platja Palmira 2,2025-07-02 14:00:00,103.0,75.600464
Platja Palmira 2,2025-07-02 15:00:00,67.0,46.061554
Platja Palmira 2,2025-07-02 16:00:00,77.0,26.887774
Platja Palmira 2,2025-07-02 17:00:00,138.0,36.64114
Platja Palmira 2,2025-07-02 18:00:00,150.0,57.3762
Platja Palmira 2,2025-07-02 19:00:00,114.0,74.093575
Platja Palmira 2,2025-07-02 20:00:00,91.0,126.928795
Platja Palmira 2,2025-07-03 08:00:00,122.0,129.54895
Platja Palmira 2,2025-07-03 09:00:00,134.0,132.0193
Platja Palmira 2,2025-07-03 10:00:00,119.0,125.36326
Platja Palmira 2,2025-07-03 11:00:00,109.0,143.48508
Platja Palmira 2,2025-07-03 12:00:00,86.0,150.54016
Platja Palmira 2,2025-07-03 13:00:00,124.0,127.605415
Platja Palmira 2,2025-07-03 14:00:00,116.0,78.06781
Platja Palmira 2,2025-07-03 15:00:00,60.0,52.61379
Platja Palmira 2,2025-07-03 16:00:00,82.0,42.117104
Platja Palmira 2,2025-07-03 17:00:00,142.0,59.102455
Platja Palmira 2,2025-07-03 18:00:00,150.0,74.67842
Platja Palmira 2,2025-07-03 19:00:00,133.0,113.36736
Platja Palmira 2,2025-07-03 20:00:00,139.0,135.23749
Platja Palmira 2,2025-07-04 08:00:00,150.0,147.1979
Platja Palmira 2,2025-07-04 09:00:00,138.0,151.96515
Platja Palmira 2,2025-07-04 10:00:00,194.0,147.26869
Platja Palmira 2,2025-07-04 11:00:00,144.0,165.42409
Platja Palmira 2,2025-07-04 12:00:00,98.0,195.3738
Platja Palmira 2,2025-07-04 13:00:00,107.0,175.65887
Platja Palmira 2,2025-07-04 14:00:00,116.0,81.29248
Platja Palmira 2,2025-07-04 15:00:00,45.0,56.787483
Platja Palmira 2,2025-07-04 16:00:00,105.0,31.491903
Platja Palmira 2,2025-07-04 17:00:00,135.0,54.480793
Platja Palmira 2,2025-07-04 18:00:00,114.0,74.33805
Platja Palmira 2,2025-07-04 19:00:00,121.0,106.72543
Platja Palmira 2,2025-07-04 20:00:00,99.0,143.13213
Platja Palmira 2,2025-07-05 08:00:00,99.0,132.34247
Platja Palmira 2,2025-07-05 09:00:00,139.0,127.43614
Platja Palmira 2,2025-07-05 10:00:00,135.0,150.9031
Platja Palmira 2,2025-07-05 11:00:00,123.0,165.35748
Platja Palmira 2,2025-07-05 12:00:00,103.0,170.10725
Platja Palmira 2,2025-07-05 13:00:00,114.0,140.89946
Platja Palmira 2,2025-07-05 14:00:00,99.0,75.233154
Platja Palmira 2,2025-07-05 15:00:00,62.0,42.558285
Platja Palmira 2,2025-07-05 16:00:00,74.0,34.660915
Platja Palmira 2,2025-07-05 17:00:00,107.0,56.350304
Platja Palmira 2,2025-07-05 18:00:00,129.0,61.03706
Platja Palmira 2,2025-07-05 19:00:00,135.0,82.93613
Platja Palmira 2,2025-07-05 20:00:00,113.0,122.23049
Platja Palmira 2,2025-07-06 08:00:00,104.0,128.6757
Platja Palmira 2,2025-07-06 09:00:00,138.0,129.31377
Platja Palmira 2,2025-07-06 10:00:00,137.0,111.41945
Platja Palmira 2,2025-07-06 11:00:00,126.0,138.65924
Platja Palmira 2,2025-07-06 12:00:00,94.0,150.51418
Platja Palmira 2,2025-07-06 13:00:00,114.0,139.39287
Platja Palmira 2,2025-07-06 14:00:00,130.0,76.2996
Platja Palmira 2,2025-07-06 15:00:00,74.0,48.457706
Platja Palmira 2,2025-07-06 16:00:00,75.0,33.291714
Platja Palmira 2,2025-07-06 17:00:00,130.0,53.010242
Platja Palmira 2,2025-07-06 18:00:00,122.0,67.840225
Platja Palmira 2,2025-07-06 19:00:00,135.0,111.726974
Platja Palmira 2,2025-07-06 20:00:00,96.0,148.49492
Platja Palmira 2,2025-07-07 08:00:00,94.0,131.90369
Platja Palmira 2,2025-07-07 09:00:00,135.0,130.32083
Platja Palmira 2,2025-07-07 10:00:00,111.0,147.97984
Platja Palmira 2,2025-07-07 11:00:00,119.0,163.0905
Platja Palmira 2,2025-07-07 12:00:00,111.0,165.72163
Platja Palmira 2,2025-07-07 13:00:00,136.0,146.95581
Platja Palmira 2,2025-07-07 14:00:00,128.0,117.26042
Platja Palmira 2,2025-07-07 15:00:00,57.0,78.32552
Platja Palmira 2,2025-07-07 16:00:00,83.0,32.1908
Platja Palmira 2,2025-07-07 17:00:00,133.0,62.50559
Platja Palmira 2,2025-07-07 18:00:00,125.0,67.600975
Platja Palmira 2,2025-07-07 19:00:00,136.0,112.85016
Platja Palmira 2,2025-07-07 20:00:00,101.0,143.22705
Platja Palmira 2,2025-07-08 08:00:00,112.0,150.0334
Platja Palmira 2,2025-07-08 09:00:00,130.0,150.26198
Platja Palmira 2,2025-07-08 10:00:00,156.0,145.06746
Platja Palmira 2,2025-07-08 11:00:00,136.0,158.31404
Platja Palmira 2,2025-07-08 12:00:00,126.0,167.44682
Platja Palmira 2,2025-07-08 13:00:00,117.0,146.79231
Platja Palmira 2,2025-07-08 14:00:00,125.0,109.739204
Platja Palmira 2,2025-07-08 15:00:00,46.0,69.45591
Platja Palmira 2,2025-07-08 16:00:00,104.0,34.24525
Platja Palmira 2,2025-07-08 17:00:00,120.0,60.8652
Platja Palmira 2,2025-07-08 18:00:00,123.0,68.789314
Platja Palmira 2,2025-07-08 19:00:00,124.0,104.18782
Platja Palmira 2,2025-07-08 20:00:00,113.0,145.2667
Platja Palmira 2,2025-07-09 08:00:00,87.0,131.48874
Platja Palmira 2,2025-07-09 09:00:00,123.0,137.24072
Platja Palmira 2,2025-07-09 10:00:00,137.0,133.29808
Platja Palmira 2,2025-07-09 11:00:00,134.0,139.80238
Platja Palmira 2,2025-07-09 12:00:00,122.0,146.41791
Platja Palmira 2,2025-07-09 13:00:00,141.0,129.08647
Platja Palmira 2,2025-07-09 14:00:00,136.0,68.57145
Platja Palmira 2,2025-07-09 15:00:00,74.0,41.290085
Platja Palmira 2,2025-07-09 16:00:00,106.0,38.904034
Platja Palmira 2,2025-07-09 17:00:00,132.0,56.7485
Platja Palmira 2,2025-07-09 18:00:00,135.0,57.633842
Platja Palmira 2,2025-07-09 19:00:00,104.0,84.30216
Platja Palmira 2,2025-07-09 20:00:00,115.0,129.24786
Platja Palmira 2,2025-07-10 08:00:00,91.0,132.39435
Platja Palmira 2,2025-07-10 09:00:00,121.0,130.75705
Platja Palmira 2,2025-07-10 10:00:00,113.0,121.13976
Platja Palmira 2,2025-07-10 11:00:00,116.0,128.63678
Platja Palmira 2,2025-07-10 12:00:00,116.0,135.04852
Platja Palmira 2,2025-07-10 13:00:00,133.0,121.28421
Platja Palmira 2,2025-07-10 14:00:00,143.0,65.43376
Platja Palmira 2,2025-07-10 15:00:00,56.0,42.04788
Platja Palmira 2,2025-07-10 16:00:00,78.0,37.932217
Platja Palmira 2,2025-07-10 17:00:00,160.0,53.52462
Platja Palmira 2,2025-07-10 18:00:00,139.0,56.405407
Platja Palmira 2,2025-07-10 19:00:00,140.0,73.98499
Platja Palmira 2,2025-07-10 20:00:00,104.0,121.855034
Platja Palmira 2,2025-07-11 08:00:00,124.0,128.78577
Platja Palmira 2,2025-07-11 09:00:00,129.0,133.80284
Platja Palmira 2,2025-07-11 10:00:00,163.0,135.19792
Platja Palmira 2,2025-07-11 11:00:00,146.0,145.53264
Platja Palmira 2,2025-07-11 12:00:00,100.0,145.86826
Platja Palmira 2,2025-07-11 15:00:00,107.0,135.2448
Platja Palmira 2,2025-07-11 16:00:00,128.0,78.30533
Platja Palmira 2,2025-07-11 17:00:00,56.0,50.357124
Platja Palmira 2,2025-07-11 18:00:00,103.0,34.66442
Platja Palmira 2,2025-07-11 19:00:00,147.0,42.690105
Platja Palmira 2,2025-07-11 20:00:00,150.0,51.9427
Platja Palmira 2,2025-07-12 08:00:00,116.0,70.00656
Platja Palmira 2,2025-07-12 09:00:00,122.0,94.52907
Platja Palmira 2,2025-07-12 10:00:00,120.0,117.39686
Platja Palmira 2,2025-07-12 11:00:00,135.0,118.00322
Platja Palmira 2,2025-07-12 12:00:00,138.0,119.536285
Platja Palmira 2,2025-07-12 13:00:00,141.0,127.648155
Platja Palmira 2,2025-07-12 14:00:00,103.0,131.6592
Platja Palmira 2,2025-07-12 15:00:00,112.0,120.98643
Platja Palmira 2,2025-07-12 16:00:00,101.0,62.383484
Platja Palmira 2,2025-07-12 17:00:00,52.0,45.95995
Platja Palmira 2,2025-07-12 18:00:00,101.0,35.507473
Platja Palmira 2,2025-07-12 19:00:00,145.0,48.53999
Platja Palmira 2,2025-07-12 20:00:00,156.0,59.28213
Platja Palmira 2,2025-07-13 08:00:00,133.0,74.55479
Platja Palmira 2,2025-07-13 09:00:00,104.0,113.531586
Platja Palmira 2,2025-07-13 10:00:00,96.0,123.62519
Platja Palmira 2,2025-07-13 11:00:00,132.0,121.708015
Platja Palmira 2,2025-07-13 12:00:00,135.0,116.142815
Platja Palmira 2,2025-07-13 13:00:00,126.0,138.10455
Platja Palmira 2,2025-07-13 14:00:00,93.0,142.95862
Platja Palmira 2,2025-07-13 15:00:00,98.0,116.43533
Platja Palmira 2,2025-07-13 16:00:00,118.0,109.620125
Platja Palmira 2,2025-07-13 17:00:00,50.0,74.81638
Platja Palmira 2,2025-07-13 18:00:00,85.0,33.98109
Platja Palmira 2,2025-07-13 19:00:00,136.0,55.201397
Platja Palmira 2,2025-07-13 20:00:00,168.0,70.0557
Platja Palmira 2,2025-07-14 08:00:00,129.0,110.572395
Platja Palmira 2,2025-07-14 09:00:00,121.0,151.46231
Platja Palmira 2,2025-07-14 10:00:00,110.0,149.91129
Platja Palmira 2,2025-07-14 11:00:00,183.0,153.76654
Platja Palmira 2,2025-07-14 12:00:00,106.0,154.33478
Platja Palmira 2,2025-07-14 13:00:00,126.0,164.01776
Platja Palmira 2,2025-07-14 14:00:00,89.0,166.18097
Platja Palmira 2,2025-07-14 15:00:00,129.0,147.29631
Platja Palmira 2,2025-07-14 16:00:00,170.0,97.933334
Platja Palmira 2,2025-07-14 17:00:00,42.0,68.51356
Platja Palmira 2,2025-07-14 18:00:00,70.0,29.23021
Platja Palmira 2,2025-07-14 19:00:00,203.0,42.222855
Platja Palmira 2,2025-07-14 20:00:00,165.0,55.349213
Platja Palmira 2,2025-07-15 08:00:00,150.0,96.509384
Platja Palmira 2,2025-07-15 09:00:00,118.0,126.94831
Platja Palmira 2,2025-07-15 10:00:00,68.0,128.72699
Platja Palmira 2,2025-07-15 11:00:00,90.0,137.5724
Platja Palmira 2,2025-07-15 12:00:00,98.0,138.26642
Platja Palmira 2,2025-07-15 13:00:00,95.0,148.07993
Platja Palmira 2,2025-07-15 14:00:00,60.0,142.92351
Platja Palmira 2,2025-07-15 15:00:00,81.0,130.76932
Platja Palmira 2,2025-07-15 16:00:00,61.0,79.32345
Platja Palmira 2,2025-07-15 17:00:00,18.0,72.75386
Platja Palmira 2,2025-07-15 18:00:00,89.0,29.721184
Platja Palmira 2,2025-07-15 19:00:00,134.0,47.64483
Platja Palmira 2,2025-07-15 20:00:00,117.0,65.90554
Platja Palmira 2,2025-07-16 08:00:00,132.0,107.48252
Platja Palmira 2,2025-07-16 09:00:00,160.0,137.92337
Platja Palmira 2,2025-07-16 10:00:00,148.0,148.63783
Platja Palmira 2,2025-07-16 11:00:00,191.0,157.08325
Platja Palmira 2,2025-07-16 12:00:00,178.0,152.0867
Platja Palmira 2,2025-07-16 13:00:00,125.0,132.33812
Platja Palmira 2,2025-07-16 14:00:00,91.0,134.4848
Platja Palmira 2,2025-07-16 15:00:00,118.0,120.16476
Platja Palmira 2,2025-07-16 16:00:00,139.0,60.49377
Platja Palmira 2,2025-07-16 17:00:00,55.0,39.67854
Platja Palmira 2,2025-07-16 18:00:00,68.0,34.537052
Platja Palmira 2,2025-07-16 19:00:00,134.0,48.01149
Platja Palmira 2,2025-07-16 20:00:00,172.0,70.38694
Platja Palmira 2,2025-07-17 08:00:00,182.0,104.93191
Platja Palmira 2,2025-07-17 09:00:00,170.0,113.12441
Platja Palmira 2,2025-07-17 10:00:00,166.0,153.14307
Platja Palmira 2,2025-07-17 11:00:00,204.0,154.20851
Platja Palmira 2,2025-07-17 12:00:00,144.0,147.73889
Platja Palmira 2,2025-07-17 13:00:00,123.0,162.86856
Platja Palmira 2,2025-07-17 14:00:00,106.0,140.70541
Platja Palmira 2,2025-07-17 15:00:00,103.0,151.56218
Platja Palmira 2,2025-07-17 16:00:00,126.0,115.48606
Platja Palmira 2,2025-07-17 17:00:00,77.0,82.02645
Platja Palmira 2,2025-07-17 18:00:00,147.0,42.647324
Platja Palmira 2,2025-07-17 19:00:00,177.0,58.612415
Platja Palmira 2,2025-07-17 20:00:00,174.0,72.51877
Platja Palmira 2,2025-07-18 08:00:00,193.0,117.103065
Platja Palmira 2,2025-07-18 09:00:00,178.0,165.95042
Platja Palmira 2,2025-07-18 10:00:00,176.0,182.30547
Platja Palmira 2,2025-07-18 11:00:00,166.0,187.19527
Platja Palmira 2,2025-07-18 12:00:00,180.0,177.78448
Platja Palmira 2,2025-07-18 13:00:00,130.0,184.9834
Platja Palmira 2,2025-07-18 14:00:00,81.0,188.39026
Platja Palmira 2,2025-07-18 15:00:00,122.0,182.09595
Platja Palmira 2,2025-07-18 16:00:00,116.0,127.466545
Platja Palmira 2,2025-07-18 17:00:00,60.0,101.92937
Platja Palmira 2,2025-07-18 18:00:00,81.0,32.95489
Platja Palmira 2,2025-07-18 19:00:00,142.0,47.277016
Platja Palmira 2,2025-07-18 20:00:00,164.0,66.02279
Platja Palmira 2,2025-07-19 08:00:00,127.0,115.8671
Platja Palmira 2,2025-07-19 09:00:00,144.0,157.01006
Platja Palmira 2,2025-07-19 10:00:00,173.0,162.88617
Platja Palmira 2,2025-07-19 11:00:00,162.0,159.00784
Platja Palmira 2,2025-07-19 12:00:00,166.0,143.92311
Platja Palmira 2,2025-07-19 13:00:00,136.0,154.76183
Platja Palmira 2,2025-07-19 14:00:00,106.0,159.2751
Platja Palmira 2,2025-07-19 15:00:00,128.0,142.27823
Platja Palmira 2,2025-07-19 16:00:00,128.0,98.24072
Platja Palmira 2,2025-07-19 17:00:00,71.0,72.2669
Platja Palmira 2,2025-07-19 18:00:00,97.0,24.675089
Platja Palmira 2,2025-07-19 19:00:00,123.0,34.20574
Platja Palmira 2,2025-07-19 20:00:00,157.0,59.44878
Platja Palmira 2,2025-07-20 08:00:00,155.0,74.75666
Platja Palmira 2,2025-07-20 09:00:00,93.0,140.58408
Platja Palmira 2,2025-07-20 10:00:00,106.0,143.67812
Platja Palmira 2,2025-07-20 11:00:00,136.0,155.20018
Platja Palmira 2,2025-07-20 12:00:00,146.0,154.94208
Platja Palmira 2,2025-07-20 13:00:00,100.0,163.4138
Platja Palmira 2,2025-07-20 14:00:00,91.0,171.64111
Platja Palmira 2,2025-07-20 15:00:00,126.0,149.09138
Platja Palmira 2,2025-07-20 16:00:00,145.0,107.16479
Platja Palmira 2,2025-07-20 17:00:00,76.0,78.64016
Platja Palmira 2,2025-07-20 18:00:00,109.0,26.270151
Platja Palmira 2,2025-07-20 19:00:00,173.0,34.075073
Platja Palmira 2,2025-07-20 20:00:00,184.0,60.650253
Platja Palmira 2,2025-07-21 08:00:00,155.0,98.888985
Platja Palmira 2,2025-07-21 09:00:00,132.0,144.6316
Platja Palmira 2,2025-07-21 10:00:00,130.0,154.84595
Platja Palmira 2,2025-07-21 11:00:00,134.0,149.6955
Platja Palmira 2,2025-07-21 12:00:00,160.0,146.58453
Platja Palmira 2,2025-07-21 13:00:00,115.0,157.01753
Platja Palmira 2,2025-07-21 14:00:00,89.0,164.4088
Platja Palmira 2,2025-07-21 15:00:00,110.0,147.31056
Platja Palmira 2,2025-07-21 16:00:00,107.0,107.259346
Platja Palmira 2,2025-07-21 17:00:00,46.0,78.824394
Platja Palmira 2,2025-07-21 18:00:00,143.0,33.033512
Platja Palmira 2,2025-07-21 19:00:00,160.0,53.44684
Platja Palmira 2,2025-07-21 20:00:00,137.0,69.84218
Platja Palmira 2,2025-07-22 08:00:00,145.0,114.31507
Platja Palmira 2,2025-07-22 09:00:00,129.0,152.53691
Platja Palmira 2,2025-07-22 10:00:00,142.0,160.17175
Platja Palmira 2,2025-07-22 11:00:00,189.0,154.38896
Platja Palmira 2,2025-07-22 12:00:00,153.0,152.3657
Platja Palmira 2,2025-07-22 13:00:00,132.0,159.54462
Platja Palmira 2,2025-07-22 14:00:00,114.0,166.35283
Platja Palmira 2,2025-07-22 15:00:00,109.0,149.9785
Platja Palmira 2,2025-07-22 16:00:00,75.0,96.684204
Platja Palmira 2,2025-07-22 17:00:00,60.0,77.0123
Platja Palmira 2,2025-07-22 18:00:00,127.0,27.256538
Platja Palmira 2,2025-07-22 19:00:00,153.0,49.302723
Platja Palmira 2,2025-07-22 20:00:00,137.0,64.70955
Platja Palmira 2,2025-07-23 08:00:00,125.0,112.91586
Platja Palmira 2,2025-07-23 09:00:00,116.0,139.61206
Platja Palmira 2,2025-07-23 10:00:00,133.0,146.44646
Platja Palmira 2,2025-07-23 11:00:00,136.0,148.43863
Platja Palmira 2,2025-07-23 12:00:00,175.0,147.69504
Platja Palmira 2,2025-07-23 13:00:00,121.0,170.6984
Platja Palmira 2,2025-07-23 14:00:00,106.0,165.0303
Platja Palmira 2,2025-07-23 15:00:00,93.0,145.18518
Platja Palmira 2,2025-07-23 16:00:00,81.0,91.71027
Platja Palmira 2,2025-07-23 17:00:00,60.0,72.60297
Platja Palmira 2,2025-07-23 18:00:00,124.0,28.815702
Platja Palmira 2,2025-07-23 19:00:00,174.0,52.780922
Platja Palmira 2,2025-07-23 20:00:00,157.0,66.15202
Platja Palmira 2,2025-07-24 08:00:00,145.0,106.77591
Platja Palmira 2,2025-07-24 09:00:00,132.0,147.54802
Platja Palmira 2,2025-07-24 10:00:00,136.0,158.95033
Platja Palmira 2,2025-07-24 11:00:00,149.0,155.74904
Platja Palmira 2,2025-07-24 12:00:00,139.0,153.10344
Platja Palmira 2,2025-07-24 13:00:00,132.0,160.72952
Platja Palmira 2,2025-07-24 14:00:00,108.0,162.63594
Platja Palmira 2,2025-07-24 15:00:00,123.0,147.0467
Platja Palmira 2,2025-07-24 16:00:00,95.0,90.08169
Platja Palmira 2,2025-07-24 17:00:00,71.0,69.34863
Platja Palmira 2,2025-07-24 18:00:00,201.0,33.020004
Platja Palmira 2,2025-07-24 19:00:00,188.0,57.5582
Platja Palmira 2,2025-07-24 20:00:00,156.0,72.75581
Platja Palmira 2,2025-07-25 08:00:00,163.0,74.025375
Platja Palmira 2,2025-07-25 09:00:00,165.0,112.42758
Platja Palmira 2,2025-07-25 10:00:00,172.0,129.14394
Platja Palmira 2,2025-07-25 11:00:00,179.0,133.60182
Platja Palmira 2,2025-07-25 12:00:00,185.0,133.26558
Platja Palmira 2,2025-07-25 13:00:00,124.0,144.8677
Platja Palmira 2,2025-07-25 14:00:00,91.0,184.8293
Platja Palmira 2,2025-07-25 15:00:00,114.0,171.81596
Platja Palmira 2,2025-07-25 16:00:00,49.0,105.45496
Platja Palmira 2,2025-07-25 17:00:00,49.0,94.77586
Platja Palmira 2,2025-07-25 18:00:00,122.0,32.988678
Platja Palmira 2,2025-07-25 19:00:00,149.0,50.663616
Platja Palmira 2,2025-07-25 20:00:00,147.0,85.123215
Platja Palmira 2,2025-07-26 08:00:00,129.0,121.44715
Platja Palmira 2,2025-07-26 09:00:00,139.0,151.00381
Platja Palmira 2,2025-07-26 10:00:00,147.0,159.31816
Platja Palmira 2,2025-07-26 11:00:00,163.0,163.85483
Platja Palmira 2,2025-07-26 12:00:00,147.0,153.5217
Platja Palmira 2,2025-07-26 13:00:00,155.0,165.17345
Platja Palmira 2,2025-07-26 14:00:00,120.0,160.06728
Platja Palmira 2,2025-07-26 15:00:00,134.0,152.53552
Platja Palmira 2,2025-07-26 16:00:00,83.0,106.486824
Platja Palmira 2,2025-07-26 17:00:00,58.0,92.24596
Platja Palmira 2,2025-07-26 18:00:00,119.0,37.149403
Platja Palmira 2,2025-07-26 19:00:00,153.0,51.826153
Platja Palmira 2,2025-07-26 20:00:00,159.0,82.62942
Platja Palmira 2,2025-07-27 08:00:00,120.0,116.2797
Platja Palmira 2,2025-07-27 09:00:00,136.0,160.91101
Platja Palmira 2,2025-07-27 10:00:00,138.0,168.59727
Platja Palmira 2,2025-07-27 11:00:00,162.0,168.43336
Platja Palmira 2,2025-07-27 12:00:00,158.0,162.08408
Platja Palmira 2,2025-07-27 13:00:00,132.0,181.69258
Platja Palmira 2,2025-07-27 14:00:00,101.0,186.15323
Platja Palmira 2,2025-07-27 15:00:00,120.0,167.07152
Platja Palmira 2,2025-07-27 16:00:00,78.0,173.1724
Platja Palmira 2,2025-07-27 17:00:00,70.0,226.96547
Platja Palmira 2,2025-07-27 18:00:00,129.0,77.605644
Platja Palmira 2,2025-07-27 19:00:00,162.0,135.14482
Platja Palmira 2,2025-07-27 20:00:00,135.0,142.0844
Platja Palmira 2,2025-07-28 08:00:00,108.0,139.67389
Platja Palmira 2,2025-07-28 09:00:00,103.0,174.67426
Platja Palmira 2,2025-07-28 10:00:00,152.0,166.2455
Platja Palmira 2,2025-07-28 11:00:00,159.0,176.4622
Platja Palmira 2,2025-07-28 12:00:00,149.0,221.26273
Platja Palmira 2,2025-07-28 13:00:00,118.0,189.53394
Platja Palmira 2,2025-07-28 14:00:00,96.0,181.64339
Platja Palmira 2,2025-07-28 15:00:00,125.0,167.39932
Platja Palmira 2,2025-07-28 16:00:00,88.0,161.4334
Platja Palmira 2,2025-07-28 17:00:00,58.0,218.06049
Platja Palmira 2,2025-07-28 18:00:00,127.0,107.29592
Platja Palmira 2,2025-07-28 19:00:00,158.0,142.60664
Platja Palmira 2,2025-07-28 20:00:00,122.0,154.95131
Platja Palmira 2,2025-07-29 08:00:00,120.0,151.29533
Platja Palmira 2,2025-07-29 09:00:00,155.0,202.56258
Platja Palmira 2,2025-07-29 10:00:00,147.0,187.72835
Platja Palmira 2,2025-07-29 11:00:00,144.0,177.32054
Platja Palmira 2,2025-07-29 12:00:00,172.0,207.76411
Platja Palmira 2,2025-07-29 13:00:00,140.0,147.82982
Platja Palmira 2,2025-07-29 14:00:00,125.0,148.95007
Platja Palmira 2,2025-07-29 15:00:00,129.0,220.78899
Platja Palmira 2,2025-07-29 16:00:00,84.0,159.67603
Platja Palmira 2,2025-07-29 17:00:00,55.0,176.97566
Platja Palmira 2,2025-07-29 18:00:00,137.0,97.55812
Platja Palmira 2,2025-07-29 19:00:00,153.0,122.71555
Platja Palmira 2,2025-07-29 20:00:00,147.0,67.41342
Platja Palmira 2,2025-07-30 08:00:00,128.0,104.58425
Platja Palmira 2,2025-07-30 09:00:00,131.0,135.3656
Platja Palmira 2,2025-07-30 10:00:00,131.0,151.01003
Platja Palmira 2,2025-07-30 11:00:00,147.0,144.93219
Platja Palmira 2,2025-07-30 12:00:00,159.0,149.29494
Platja Palmira 2,2025-07-30 13:00:00,124.0,179.17691
Platja Palmira 2,2025-07-30 14:00:00,110.0,184.80112
Platja Palmira 2,2025-07-30 15:00:00,147.0,152.03165
Platja Palmira 2,2025-07-30 16:00:00,90.0,83.944984
Platja Palmira 2,2025-07-30 17:00:00,74.0,73.73659
Platja Palmira 2,2025-07-30 18:00:00,130.0,19.494509
Platja Palmira 2,2025-07-30 19:00:00,147.0,44.958405
Platja Palmira 2,2025-07-30 20:00:00,147.0,57.679558
Platja Palmira 2,2025-07-31 08:00:00,109.0,104.423836
Platja Palmira 2,2025-07-31 09:00:00,100.0,137.81355
Platja Palmira 2,2025-07-31 10:00:00,109.0,153.23239
Platja Palmira 2,2025-07-31 11:00:00,135.0,156.82166
Platja Palmira 2,2025-07-31 12:00:00,138.0,149.62875
Platja Palmira 2,2025-07-31 13:00:00,95.0,161.71933
Platja Palmira 2,2025-07-31 14:00:00,107.0,170.4226
Platja Palmira 2,2025-07-31 15:00:00,143.0,143.41315
Platja Palmira 2,2025-07-31 16:00:00,73.0,84.37225
Platja Palmira 2,2025-07-31 17:00:00,51.0,85.79208
Platja Palmira 2,2025-07-31 18:00:00,147.0,29.10186
Platja Palmira 2,2025-07-31 19:00:00,157.0,52.076023
Platja Palmira 2,2025-07-31 20:00:00,177.0,54.58414
Platja Palmira 2,2025-08-01 08:00:00,151.0,109.85002
Platja Palmira 2,2025-08-01 09:00:00,121.0,148.60318
Platja Palmira 2,2025-08-01 10:00:00,136.0,155.67249
Platja Palmira 2,2025-08-01 11:00:00,156.0,159.63683
Platja Palmira 2,2025-08-01 12:00:00,158.0,163.11365
Platja Palmira 2,2025-08-01 13:00:00,95.0,174.60231
Platja Palmira 2,2025-08-01 14:00:00,107.0,197.66669
Platja Palmira 2,2025-08-01 15:00:00,139.0,176.54172
Platja Palmira 2,2025-08-01 16:00:00,81.0,96.92439
Platja Palmira 2,2025-08-01 17:00:00,45.0,92.300705
Platja Palmira 2,2025-08-01 18:00:00,101.0,28.106821
Platja Palmira 2,2025-08-01 19:00:00,144.0,47.738014
Platja Palmira 2,2025-08-01 20:00:00,146.0,71.2253
Platja Palmira 2,2025-08-02 08:00:00,115.0,114.75077
Platja Palmira 2,2025-08-02 09:00:00,121.0,149.32478
Platja Palmira 2,2025-08-02 10:00:00,95.0,160.33084
Platja Palmira 2,2025-08-02 11:00:00,118.0,153.0311
Platja Palmira 2,2025-08-02 12:00:00,137.0,153.64633
Platja Palmira 2,2025-08-02 13:00:00,125.0,169.70453
Platja Palmira 2,2025-08-02 14:00:00,140.0,176.54855
Platja Palmira 2,2025-08-02 15:00:00,140.0,147.55588
Platja Palmira 2,2025-08-02 16:00:00,92.0,91.08848
Platja Palmira 2,2025-08-02 17:00:00,49.0,75.40055
Platja Palmira 2,2025-08-02 18:00:00,133.0,31.068832
Platja Palmira 2,2025-08-02 19:00:00,146.0,54.123436
Platja Palmira 2,2025-08-02 20:00:00,163.0,62.12684
Platja Palmira 2,2025-08-03 08:00:00,114.0,112.872086
Platja Palmira 2,2025-08-03 09:00:00,135.0,142.8787
Platja Palmira 2,2025-08-03 10:00:00,120.0,146.75972
Platja Palmira 2,2025-08-03 11:00:00,120.0,150.20044
Platja Palmira 2,2025-08-03 12:00:00,115.0,150.15279
Platja Palmira 2,2025-08-03 13:00:00,136.0,160.79143
Platja Palmira 2,2025-08-03 14:00:00,116.0,164.15503
Platja Palmira 2,2025-08-03 15:00:00,158.0,161.85994
Platja Palmira 2,2025-08-03 16:00:00,81.0,115.21077
Platja Palmira 2,2025-08-03 17:00:00,53.0,174.8117
Platja Palmira 2,2025-08-03 18:00:00,111.0,86.993
Platja Palmira 2,2025-08-03 19:00:00,150.0,99.56261
Platja Palmira 2,2025-08-03 20:00:00,147.0,45.4711
Platja Palmira 2,2025-08-04 08:00:00,114.0,96.31225
Platja Palmira 2,2025-08-04 09:00:00,111.0,128.42784
Platja Palmira 2,2025-08-04 10:00:00,98.0,146.95084
Platja Palmira 2,2025-08-04 11:00:00,143.0,138.90973
Platja Palmira 2,2025-08-04 12:00:00,134.0,138.24959
Platja Palmira 2,2025-08-04 13:00:00,133.0,168.42274
Platja Palmira 2,2025-08-04 14:00:00,118.0,167.7195
Platja Palmira 2,2025-08-04 15:00:00,127.0,137.85881
Platja Palmira 2,2025-08-04 16:00:00,103.0,136.81871
Platja Palmira 2,2025-08-04 17:00:00,52.0,125.916954
Platja Palmira 2,2025-08-04 18:00:00,117.0,95.661896
Platja Palmira 2,2025-08-04 19:00:00,138.0,149.68993
Platja Palmira 2,2025-08-04 20:00:00,129.0,118.35849
Platja Palmira 2,2025-08-05 08:00:00,125.0,91.82467
Platja Palmira 2,2025-08-05 09:00:00,121.0,132.03857
Platja Palmira 2,2025-08-05 10:00:00,116.0,148.75325
Platja Palmira 2,2025-08-05 11:00:00,130.0,150.88713
Platja Palmira 2,2025-08-05 12:00:00,147.0,145.33582
Platja Palmira 2,2025-08-05 13:00:00,139.0,165.02979
Platja Palmira 2,2025-08-05 14:00:00,141.0,163.11575
Platja Palmira 2,2025-08-05 15:00:00,105.0,151.4627
Platja Palmira 2,2025-08-05 16:00:00,88.0,155.19049
Platja Palmira 2,2025-08-05 17:00:00,74.0,192.08646
Platja Palmira 2,2025-08-05 18:00:00,136.0,96.344
Platja Palmira 2,2025-08-05 19:00:00,146.0,109.585556
Platja Palmira 2,2025-08-05 20:00:00,161.0,57.983093
Platja Palmira 2,2025-08-06 08:00:00,120.0,111.179855
Platja Palmira 2,2025-08-06 09:00:00,110.0,149.44347
Platja Palmira 2,2025-08-06 10:00:00,106.0,159.58693
Platja Palmira 2,2025-08-06 11:00:00,121.0,157.03426
Platja Palmira 2,2025-08-06 12:00:00,141.0,162.69225
Platja Palmira 2,2025-08-06 13:00:00,188.0,169.22957
Platja Palmira 2,2025-08-06 14:00:00,154.0,168.91158
Platja Palmira 2,2025-08-06 15:00:00,136.0,143.2413
Platja Palmira 2,2025-08-06 16:00:00,95.0,82.91801
Platja Palmira 2,2025-08-06 17:00:00,55.0,68.47502
Platja Palmira 2,2025-08-06 18:00:00,107.0,33.916054
Platja Palmira 2,2025-08-06 19:00:00,145.0,56.321922
Platja Palmira 2,2025-08-06 20:00:00,133.0,77.120415
Platja Palmira 2,2025-08-07 08:00:00,122.0,114.005295
Platja Palmira 2,2025-08-07 09:00:00,128.0,150.09027
Platja Palmira 2,2025-08-07 10:00:00,109.0,161.96745
Platja Palmira 2,2025-08-07 11:00:00,105.0,162.717
Platja Palmira 2,2025-08-07 12:00:00,145.0,164.53456
Platja Palmira 2,2025-08-07 13:00:00,134.0,171.7452
Platja Palmira 2,2025-08-07 14:00:00,113.0,167.71976
Platja Palmira 2,2025-08-07 15:00:00,107.0,147.03902
Platja Palmira 2,2025-08-07 16:00:00,86.0,89.492134
Platja Palmira 2,2025-08-07 17:00:00,55.0,88.97848
Platja Palmira 2,2025-08-07 18:00:00,135.0,40.829166
Platja Palmira 2,2025-08-07 19:00:00,157.0,59.87749
Platja Palmira 2,2025-08-07 20:00:00,160.0,70.36967
Platja Palmira 2,2025-08-08 08:00:00,137.0,114.263306
Platja Palmira 2,2025-08-08 09:00:00,127.0,150.93375
Platja Palmira 2,2025-08-08 10:00:00,110.0,161.10408
Platja Palmira 2,2025-08-08 11:00:00,130.0,164.51422
Platja Palmira 2,2025-08-08 12:00:00,155.0,179.43233
Platja Palmira 2,2025-08-08 13:00:00,126.0,185.78688
Platja Palmira 2,2025-08-08 14:00:00,129.0,189.95718
Platja Palmira 2,2025-08-08 15:00:00,137.0,158.49838
Platja Palmira 2,2025-08-08 16:00:00,71.0,93.81522
Platja Palmira 2,2025-08-08 17:00:00,52.0,89.844604
Platja Palmira 2,2025-08-08 18:00:00,117.0,36.289017
Platja Palmira 2,2025-08-08 19:00:00,126.0,60.97896
Platja Palmira 2,2025-08-08 20:00:00,142.0,73.13352
Platja Palmira 2,2025-08-09 08:00:00,149.0,112.10407
Platja Palmira 2,2025-08-09 09:00:00,112.0,137.58536
Platja Palmira 2,2025-08-09 10:00:00,116.0,152.2492
Platja Palmira 2,2025-08-09 11:00:00,150.0,145.06702
Platja Palmira 2,2025-08-09 12:00:00,122.0,152.0668
Platja Palmira 2,2025-08-09 13:00:00,121.0,161.56557
Platja Palmira 2,2025-08-09 14:00:00,99.0,164.3007
Platja Palmira 2,2025-08-09 15:00:00,131.0,148.5456
Platja Palmira 2,2025-08-09 16:00:00,81.0,84.61849
Platja Palmira 2,2025-08-09 17:00:00,78.0,66.57053
Platja Palmira 2,2025-08-09 18:00:00,96.0,17.729715
Platja Palmira 2,2025-08-09 19:00:00,152.0,27.003315
Platja Palmira 2,2025-08-09 20:00:00,126.0,31.099195
Platja Palmira 2,2025-08-10 08:00:00,126.0,77.629395
Platja Palmira 2,2025-08-10 09:00:00,122.0,122.820526
Platja Palmira 2,2025-08-10 10:00:00,124.0,140.02573
Platja Palmira 2,2025-08-10 11:00:00,161.0,145.75742
Platja Palmira 2,2025-08-10 12:00:00,180.0,149.02298
Platja Palmira 2,2025-08-10 13:00:00,140.0,163.45905
Platja Palmira 2,2025-08-10 14:00:00,92.0,168.9107
Platja Palmira 2,2025-08-10 15:00:00,131.0,143.8701
Platja Palmira 2,2025-08-10 16:00:00,80.0,77.881584
Platja Palmira 2,2025-08-10 17:00:00,55.0,67.828186
Platja Palmira 2,2025-08-10 18:00:00,118.0,20.64647
Platja Palmira 2,2025-08-10 19:00:00,142.0,41.959484
Platja Palmira 2,2025-08-10 20:00:00,136.0,55.823193
Platja Palmira 2,2025-08-11 08:00:00,137.0,102.33499
Platja Palmira 2,2025-08-11 09:00:00,118.0,138.28493
Platja Palmira 2,2025-08-11 10:00:00,135.0,157.043
Platja Palmira 2,2025-08-11 11:00:00,121.0,151.90245
Platja Palmira 2,2025-08-11 12:00:00,147.0,152.75346
Platja Palmira 2,2025-08-11 13:00:00,113.0,168.69928
Platja Palmira 2,2025-08-11 14:00:00,104.0,157.60535
Platja Palmira 2,2025-08-11 15:00:00,142.0,118.22491
Platja Palmira 2,2025-08-11 16:00:00,75.0,77.18409
Platja Palmira 2,2025-08-11 17:00:00,58.0,68.9387
Platja Palmira 2,2025-08-11 18:00:00,118.0,31.805305
Platja Palmira 2,2025-08-11 19:00:00,133.0,47.21969
Platja Palmira 2,2025-08-11 20:00:00,152.0,65.013664
Platja Palmira 2,2025-08-12 08:00:00,119.0,107.52957
Platja Palmira 2,2025-08-12 09:00:00,123.0,148.9697
Platja Palmira 2,2025-08-12 10:00:00,115.0,165.95352
Platja Palmira 2,2025-08-12 11:00:00,173.0,153.55
Platja Palmira 2,2025-08-12 12:00:00,139.0,152.11397
Platja Palmira 2,2025-08-12 13:00:00,132.0,162.94057
Platja Palmira 2,2025-08-12 14:00:00,87.0,165.61482
Platja Palmira 2,2025-08-12 15:00:00,123.0,138.68231
Platja Palmira 2,2025-08-12 16:00:00,88.0,81.24156
Platja Palmira 2,2025-08-12 17:00:00,51.0,77.76393
Platja Palmira 2,2025-08-12 18:00:00,94.0,29.136265
Platja Palmira 2,2025-08-12 19:00:00,135.0,46.811306
Platja Palmira 2,2025-08-12 20:00:00,151.0,58.55495
Platja Palmira 2,2025-08-13 08:00:00,129.0,105.6608
Platja Palmira 2,2025-08-13 09:00:00,106.0,145.72261
Platja Palmira 2,2025-08-13 10:00:00,122.0,164.18806
Platja Palmira 2,2025-08-13 11:00:00,139.0,159.1866
Platja Palmira 2,2025-08-13 12:00:00,150.0,154.57144
Platja Palmira 2,2025-08-13 13:00:00,119.0,166.14503
Platja Palmira 2,2025-08-13 14:00:00,112.0,165.63048
Platja Palmira 2,2025-08-13 15:00:00,140.0,125.764046
Platja Palmira 2,2025-08-13 16:00:00,75.0,83.65669
Platja Palmira 2,2025-08-13 17:00:00,55.0,73.32494
Platja Palmira 2,2025-08-13 18:00:00,92.0,24.98222
Platja Palmira 2,2025-08-13 19:00:00,126.0,49.421104
Platja Palmira 2,2025-08-13 20:00:00,117.0,63.736145
Platja Palmira 2,2025-08-14 08:00:00,121.0,104.69016
Platja Palmira 2,2025-08-14 09:00:00,95.0,142.5355
Platja Palmira 2,2025-08-14 10:00:00,92.0,157.43106
Platja Palmira 2,2025-08-14 11:00:00,126.0,151.79266
Platja Palmira 2,2025-08-14 12:00:00,139.0,153.84909
Platja Palmira 2,2025-08-14 13:00:00,135.0,163.81071
Platja Palmira 2,2025-08-14 14:00:00,163.0,163.40802
Platja Palmira 2,2025-08-14 15:00:00,138.0,130.84015
Platja Palmira 2,2025-08-14 16:00:00,53.0,82.51289
Platja Palmira 2,2025-08-14 17:00:00,54.0,74.21566
Platja Palmira 2,2025-08-14 18:00:00,108.0,34.259026
Platja Palmira 2,2025-08-14 19:00:00,142.0,54.417645
Platja Palmira 2,2025-08-14 20:00:00,118.0,70.95993
Platja Palmira 2,2025-08-15 08:00:00,108.0,110.40136
Platja Palmira 2,2025-08-15 09:00:00,96.0,158.52788
Platja Palmira 2,2025-08-15 10:00:00,119.0,178.2351
Platja Palmira 2,2025-08-15 11:00:00,151.0,171.90868
Platja Palmira 2,2025-08-15 12:00:00,166.0,177.77084
Platja Palmira 2,2025-08-15 13:00:00,139.0,184.30766
Platja Palmira 2,2025-08-15 14:00:00,78.0,184.07797
Platja Palmira 2,2025-08-15 15:00:00,117.0,149.58105
Platja Palmira 2,2025-08-15 16:00:00,57.0,96.1185
Platja Palmira 2,2025-08-15 17:00:00,34.0,83.28153
Platja Palmira 2,2025-08-15 18:00:00,67.0,25.477327
Platja Palmira 2,2025-08-15 19:00:00,150.0,65.45949
Platja Palmira 2,2025-08-15 20:00:00,101.0,58.392693
Platja Palmira 2,2025-08-16 08:00:00,99.0,110.18285
Platja Palmira 2,2025-08-16 09:00:00,129.0,147.18733
Platja Palmira 2,2025-08-16 10:00:00,92.0,158.54839
Platja Palmira 2,2025-08-16 11:00:00,101.0,162.45874
Platja Palmira 2,2025-08-16 12:00:00,131.0,161.41818
Platja Palmira 2,2025-08-16 13:00:00,96.0,167.47649
Platja Palmira 2,2025-08-16 14:00:00,68.0,165.58456
Platja Palmira 2,2025-08-16 15:00:00,130.0,114.964325
Platja Palmira 2,2025-08-16 16:00:00,69.0,75.51392
Platja Palmira 2,2025-08-16 17:00:00,61.0,73.99292
Platja Palmira 2,2025-08-16 18:00:00,93.0,29.498594
Platja Palmira 2,2025-08-16 19:00:00,132.0,54.861485
Platja Palmira 2,2025-08-16 20:00:00,120.0,73.71277
Platja Palmira 2,2025-08-17 08:00:00,110.0,117.130905
Platja Palmira 2,2025-08-17 09:00:00,93.0,132.77621
Platja Palmira 2,2025-08-17 10:00:00,91.0,156.822
Platja Palmira 2,2025-08-17 11:00:00,100.0,154.88924
Platja Palmira 2,2025-08-17 12:00:00,128.0,161.97572
Platja Palmira 2,2025-08-17 13:00:00,114.0,167.81834
Platja Palmira 2,2025-08-17 14:00:00,92.0,169.50362
Platja Palmira 2,2025-08-17 15:00:00,99.0,130.82385
Platja Palmira 2,2025-08-17 16:00:00,69.0,78.100266
Platja Palmira 2,2025-08-17 17:00:00,60.0,73.540825
Platja Palmira 2,2025-08-17 18:00:00,81.0,30.974005
Platja Palmira 2,2025-08-17 19:00:00,69.0,54.84329
Platja Palmira 2,2025-08-17 20:00:00,71.0,73.73553
Platja Palmira 2,2025-08-18 08:00:00,100.0,115.03552
Platja Palmira 2,2025-08-18 09:00:00,117.0,145.8216
Platja Palmira 2,2025-08-18 10:00:00,100.0,152.67737
Platja Palmira 2,2025-08-18 11:00:00,128.0,157.08368
Platja Palmira 2,2025-08-18 12:00:00,133.0,148.74123
Platja Palmira 2,2025-08-18 13:00:00,127.0,160.41463
Platja Palmira 2,2025-08-18 14:00:00,93.0,163.23856
Platja Palmira 2,2025-08-18 15:00:00,116.0,128.5762
Platja Palmira 2,2025-08-18 16:00:00,90.0,84.769104
Platja Palmira 2,2025-08-18 17:00:00,45.0,72.7859
Platja Palmira 2,2025-08-18 18:00:00,56.0,20.681847
Platja Palmira 2,2025-08-18 19:00:00,113.0,33.9225
Platja Palmira 2,2025-08-18 20:00:00,116.0,48.33906
Platja Palmira 2,2025-08-19 08:00:00,117.0,106.85604
Platja Palmira 2,2025-08-19 09:00:00,81.0,149.41711
Platja Palmira 2,2025-08-19 10:00:00,104.0,158.13554
Platja Palmira 2,2025-08-19 11:00:00,115.0,158.01292
Platja Palmira 2,2025-08-19 12:00:00,116.0,157.38892
Platja Palmira 2,2025-08-19 13:00:00,127.0,166.98898
Platja Palmira 2,2025-08-19 14:00:00,75.0,158.79005
Platja Palmira 2,2025-08-19 15:00:00,109.0,114.564476
Platja Palmira 2,2025-08-19 16:00:00,86.0,77.93506
Platja Palmira 2,2025-08-19 17:00:00,64.0,70.96641
Platja Palmira 2,2025-08-19 18:00:00,86.0,31.548223
Platja Palmira 2,2025-08-19 19:00:00,123.0,44.412327
Platja Palmira 2,2025-08-19 20:00:00,135.0,41.763657
Platja Palmira 2,2025-08-20 08:00:00,136.0,79.494896
Platja Palmira 2,2025-08-20 09:00:00,109.0,141.09152
Platja Palmira 2,2025-08-20 10:00:00,117.0,149.3238
Platja Palmira 2,2025-08-20 11:00:00,128.0,151.21492
Platja Palmira 2,2025-08-20 12:00:00,147.0,154.10185
Platja Palmira 2,2025-08-20 13:00:00,100.0,157.17357
Platja Palmira 2,2025-08-20 14:00:00,89.0,159.09325
Platja Palmira 2,2025-08-20 15:00:00,134.0,117.7049
Platja Palmira 2,2025-08-20 16:00:00,84.0,83.1875
Platja Palmira 2,2025-08-20 17:00:00,43.0,71.80648
Platja Palmira 2,2025-08-20 18:00:00,81.0,27.46558
Platja Palmira 2,2025-08-20 19:00:00,119.0,47.263634
Platja Palmira 2,2025-08-20 20:00:00,144.0,59.861088
Platja Palmira 2,2025-08-21 08:00:00,110.0,102.28842
Platja Palmira 2,2025-08-21 09:00:00,98.0,143.61412
Platja Palmira 2,2025-08-21 10:00:00,108.0,157.53816
Platja Palmira 2,2025-08-21 11:00:00,90.0,155.68712
Platja Palmira 2,2025-08-21 12:00:00,127.0,155.97346
Platja Palmira 2,2025-08-21 13:00:00,130.0,168.70227
Platja Palmira 2,2025-08-21 14:00:00,92.0,162.72581
Platja Palmira 2,2025-08-21 15:00:00,89.0,123.11087
Platja Palmira 2,2025-08-21 16:00:00,68.0,79.26062
Platja Palmira 2,2025-08-21 17:00:00,45.0,74.9097
Platja Palmira 2,2025-08-21 18:00:00,86.0,30.344786
Platja Palmira 2,2025-08-21 19:00:00,119.0,52.3815
Platja Palmira 2,2025-08-21 20:00:00,133.0,70.43238
Platja Palmira 2,2025-08-22 08:00:00,104.0,112.84307
Platja Palmira 2,2025-08-22 09:00:00,86.0,159.13983
Platja Palmira 2,2025-08-22 10:00:00,115.0,178.24748
Platja Palmira 2,2025-08-22 11:00:00,127.0,177.14738
Platja Palmira 2,2025-08-22 12:00:00,127.0,178.25746
Platja Palmira 2,2025-08-22 13:00:00,112.0,182.62357
Platja Palmira 2,2025-08-22 14:00:00,61.0,183.50589
Platja Palmira 2,2025-08-22 15:00:00,106.0,142.36618
Platja Palmira 2,2025-08-22 16:00:00,43.0,98.98692
Platja Palmira 2,2025-08-22 17:00:00,40.0,94.891045
Platja Palmira 2,2025-08-22 18:00:00,68.0,25.759
Platja Palmira 2,2025-08-22 19:00:00,87.0,41.917027
Platja Palmira 2,2025-08-22 20:00:00,89.0,60.0305
Platja Palmira 2,2025-08-23 08:00:00,107.0,101.43335
Platja Palmira 2,2025-08-23 09:00:00,79.0,132.0929
Platja Palmira 2,2025-08-23 10:00:00,89.0,129.203
Platja Palmira 2,2025-08-23 11:00:00,108.0,124.68733
Platja Palmira 2,2025-08-23 12:00:00,133.0,123.741394
Platja Palmira 2,2025-08-23 13:00:00,95.0,133.79718
Platja Palmira 2,2025-08-23 14:00:00,77.0,132.59448
Platja Palmira 2,2025-08-23 15:00:00,98.0,108.23315
Platja Palmira 2,2025-08-23 16:00:00,64.0,69.058395
Platja Palmira 2,2025-08-23 17:00:00,61.0,63.969627
Platja Palmira 2,2025-08-23 18:00:00,63.0,23.412907
Platja Palmira 2,2025-08-23 19:00:00,91.0,35.412067
Platja Palmira 2,2025-08-23 20:00:00,125.0,56.25134
Platja Palmira 2,2025-08-24 08:00:00,128.0,96.32083
Platja Palmira 2,2025-08-24 09:00:00,85.0,124.808075
Platja Palmira 2,2025-08-24 10:00:00,102.0,123.65748
Platja Palmira 2,2025-08-24 11:00:00,102.0,121.63325
Platja Palmira 2,2025-08-24 12:00:00,142.0,122.41888
Platja Palmira 2,2025-08-24 13:00:00,99.0,135.32469
Platja Palmira 2,2025-08-24 14:00:00,66.0,135.66087
Platja Palmira 2,2025-08-24 15:00:00,113.0,112.135185
Platja Palmira 2,2025-08-24 16:00:00,63.0,77.156746
Platja Palmira 2,2025-08-24 17:00:00,52.0,73.784004
Platja Palmira 2,2025-08-24 18:00:00,71.0,26.15916
Platja Palmira 2,2025-08-24 19:00:00,102.0,45.209805
Platja Palmira 2,2025-08-24 20:00:00,130.0,62.86744
Platja Palmira 2,2025-08-25 08:00:00,97.0,94.75201
Platja Palmira 2,2025-08-25 09:00:00,103.0,94.42219
Platja Palmira 2,2025-08-25 10:00:00,92.0,117.62531
Platja Palmira 2,2025-08-25 11:00:00,135.0,107.094505
Platja Palmira 2,2025-08-25 12:00:00,135.0,110.87929
Platja Palmira 2,2025-08-25 13:00:00,132.0,119.144356
Platja Palmira 2,2025-08-25 14:00:00,74.0,117.90281
Platja Palmira 2,2025-08-25 15:00:00,101.0,97.74728
Platja Palmira 2,2025-08-25 16:00:00,53.0,38.770966
Platja Palmira 2,2025-08-25 17:00:00,44.0,34.496826
Platja Palmira 2,2025-08-25 18:00:00,87.0,25.275202
Platja Palmira 2,2025-08-25 19:00:00,120.0,35.139526
Platja Palmira 2,2025-08-25 20:00:00,108.0,50.340393
Platja Palmira 2,2025-08-26 08:00:00,113.0,70.01502
Platja Palmira 2,2025-08-26 09:00:00,105.0,93.98899
Platja Palmira 2,2025-08-26 10:00:00,92.0,97.96384
Platja Palmira 2,2025-08-26 11:00:00,140.0,107.37113
Platja Palmira 2,2025-08-26 12:00:00,140.0,104.45484
Platja Palmira 2,2025-08-26 13:00:00,111.0,118.64889
Platja Palmira 2,2025-08-26 14:00:00,72.0,107.99943
Platja Palmira 2,2025-08-26 15:00:00,110.0,88.53008
Platja Palmira 2,2025-08-26 16:00:00,58.0,39.11071
Platja Palmira 2,2025-08-26 17:00:00,53.0,32.77647
Platja Palmira 2,2025-08-26 18:00:00,76.0,25.322733
Platja Palmira 2,2025-08-26 19:00:00,114.0,35.63432
Platja Palmira 2,2025-08-26 20:00:00,134.0,47.749146
Platja Palmira 2,2025-08-27 08:00:00,127.0,62.591335
Platja Palmira 2,2025-08-27 09:00:00,107.0,101.64209
Platja Palmira 2,2025-08-27 10:00:00,115.0,115.71508
Platja Palmira 2,2025-08-27 11:00:00,128.0,113.12632
Platja Palmira 2,2025-08-27 12:00:00,111.0,113.04091
Platja Palmira 2,2025-08-27 13:00:00,90.0,110.50555
Platja Palmira 2,2025-08-27 14:00:00,79.0,106.47353
Platja Palmira 2,2025-08-27 15:00:00,130.0,63.094105
Platja Palmira 2,2025-08-27 16:00:00,38.0,34.66591
Platja Palmira 2,2025-08-27 17:00:00,42.0,27.525278
Platja Palmira 2,2025-08-27 18:00:00,95.0,25.632963
Platja Palmira 2,2025-08-27 19:00:00,125.0,34.872272
Platja Palmira 2,2025-08-27 20:00:00,128.0,49.10628
Platja Palmira 2,2025-08-28 08:00:00,130.0,61.896038
Platja Palmira 2,2025-08-28 09:00:00,119.0,103.24196
Platja Palmira 2,2025-08-28 10:00:00,120.0,125.60039
Platja Palmira 2,2025-08-28 11:00:00,132.0,125.80966
Platja Palmira 2,2025-08-28 12:00:00,116.0,126.64819
Platja Palmira 2,2025-08-28 13:00:00,101.0,130.61543
Platja Palmira 2,2025-08-28 14:00:00,70.0,117.07631
Platja Palmira 2,2025-08-28 15:00:00,116.0,74.63476
Platja Palmira 2,2025-08-28 16:00:00,57.0,42.69665
Platja Palmira 2,2025-08-28 17:00:00,34.0,34.805046
Platja Palmira 2,2025-08-28 18:00:00,82.0,23.090845
Platja Palmira 2,2025-08-28 19:00:00,127.0,26.970448
Platja Palmira 2,2025-08-28 20:00:00,142.0,42.05676
Platja Palmira 2,2025-08-29 08:00:00,113.0,71.657814
Platja Palmira 2,2025-08-29 09:00:00,130.0,106.28388
Platja Palmira 2,2025-08-29 10:00:00,125.0,129.74762
Platja Palmira 2,2025-08-29 11:00:00,129.0,131.89949
Platja Palmira 2,2025-08-29 12:00:00,137.0,138.03262
Platja Palmira 2,2025-08-29 13:00:00,78.0,133.37816
Platja Palmira 2,2025-08-29 14:00:00,81.0,127.66812
Platja Palmira 2,2025-08-29 15:00:00,117.0,83.49305
Platja Palmira 2,2025-08-29 16:00:00,42.0,50.476612
Platja Palmira 2,2025-08-29 17:00:00,52.0,47.04858
Platja Palmira 2,2025-08-29 18:00:00,72.0,22.842344
Platja Palmira 2,2025-08-29 19:00:00,133.0,33.836014
Platja Palmira 2,2025-08-29 20:00:00,136.0,56.06354
Platja Palmira 2,2025-08-30 08:00:00,128.0,75.011246
Platja Palmira 2,2025-08-30 09:00:00,114.0,117.28508
Platja Palmira 2,2025-08-30 10:00:00,121.0,116.82322
Platja Palmira 2,2025-08-30 11:00:00,137.0,122.624916
Platja Palmira 2,2025-08-30 12:00:00,163.0,121.532166
Platja Palmira 2,2025-08-30 13:00:00,95.0,136.00842
Platja Palmira 2,2025-08-30 14:00:00,96.0,105.583115
Platja Palmira 2,2025-08-30 15:00:00,105.0,64.50551
Platja Palmira 2,2025-08-30 16:00:00,30.0,43.200417
Platja Palmira 2,2025-08-30 17:00:00,33.0,39.339508
Platja Palmira 2,2025-08-30 18:00:00,72.0,20.87718
Platja Palmira 2,2025-08-30 19:00:00,46.0,28.93628
Platja Palmira 2,2025-08-30 20:00:00,46.0,24.642286
Platja de Peguera,2025-06-01 08:00:00,206.0,172.26633
Platja de Peguera,2025-06-01 09:00:00,232.0,219.98404
Platja de Peguera,2025-06-01 10:00:00,235.0,249.14983
Platja de Peguera,2025-06-01 11:00:00,222.0,245.11568
Platja de Peguera,2025-06-01 12:00:00,226.0,240.87706
Platja de Peguera,2025-06-01 13:00:00,134.0,219.0471
Platja de Peguera,2025-06-01 14:00:00,107.0,223.58157
Platja de Peguera,2025-06-01 15:00:00,65.0,221.92194
Platja de Peguera,2025-06-01 16:00:00,64.0,213.22052
Platja de Peguera,2025-06-01 17:00:00,32.0,189.44519
Platja de Peguera,2025-06-01 18:00:00,137.0,125.88129
Platja de Peguera,2025-06-01 19:00:00,184.0,120.12295
Platja de Peguera,2025-06-01 20:00:00,185.0,146.22435
Platja de Peguera,2025-06-02 08:00:00,228.0,167.27463
Platja de Peguera,2025-06-02 09:00:00,209.0,199.8221
Platja de Peguera,2025-06-02 10:00:00,169.0,188.63153
Platja de Peguera,2025-06-02 11:00:00,225.0,224.75447
Platja de Peguera,2025-06-02 12:00:00,143.0,187.58049
Platja de Peguera,2025-06-02 13:00:00,111.0,206.89426
Platja de Peguera,2025-06-02 14:00:00,67.0,177.09485
Platja de Peguera,2025-06-02 15:00:00,50.0,200.19722
Platja de Peguera,2025-06-02 16:00:00,109.0,180.01976
Platja de Peguera,2025-06-02 17:00:00,35.0,176.0944
Platja de Peguera,2025-06-02 18:00:00,214.0,130.04674
Platja de Peguera,2025-06-02 19:00:00,247.0,142.50752
Platja de Peguera,2025-06-02 20:00:00,228.0,185.1047
Platja de Peguera,2025-06-03 08:00:00,230.0,179.2036
Platja de Peguera,2025-06-03 09:00:00,182.0,216.54425
Platja de Peguera,2025-06-03 10:00:00,247.0,221.02977
Platja de Peguera,2025-06-03 11:00:00,186.0,208.86356
Platja de Peguera,2025-06-03 12:00:00,188.0,225.0042
Platja de Peguera,2025-06-03 13:00:00,89.0,194.34845
Platja de Peguera,2025-06-03 14:00:00,91.0,207.81065
Platja de Peguera,2025-06-03 15:00:00,66.0,204.98181
Platja de Peguera,2025-06-03 16:00:00,80.0,188.4734
Platja de Peguera,2025-06-03 17:00:00,43.0,180.45468
Platja de Peguera,2025-06-03 18:00:00,206.0,120.86998
Platja de Peguera,2025-06-03 19:00:00,261.0,136.01205
Platja de Peguera,2025-06-03 20:00:00,234.0,148.33653
Platja de Peguera,2025-06-04 08:00:00,206.0,156.60333
Platja de Peguera,2025-06-04 09:00:00,189.0,183.18776
Platja de Peguera,2025-06-04 10:00:00,224.0,190.4665
Platja de Peguera,2025-06-04 11:00:00,192.0,188.37589
Platja de Peguera,2025-06-04 12:00:00,188.0,139.36626
Platja de Peguera,2025-06-04 13:00:00,150.0,155.30135
Platja de Peguera,2025-06-04 14:00:00,90.0,161.76892
Platja de Peguera,2025-06-04 15:00:00,92.0,165.20256
Platja de Peguera,2025-06-04 16:00:00,83.0,156.52481
Platja de Peguera,2025-06-04 17:00:00,28.0,239.74681
Platja de Peguera,2025-06-04 18:00:00,219.0,103.73031
Platja de Peguera,2025-06-04 19:00:00,254.0,125.89245
Platja de Peguera,2025-06-04 20:00:00,309.0,137.91063
Platja de Peguera,2025-06-05 08:00:00,268.0,107.60702
Platja de Peguera,2025-06-05 09:00:00,247.0,151.10533
Platja de Peguera,2025-06-05 10:00:00,259.0,155.68517
Platja de Peguera,2025-06-05 11:00:00,283.0,149.81848
Platja de Peguera,2025-06-05 12:00:00,232.0,153.95917
Platja de Peguera,2025-06-05 13:00:00,185.0,180.8086
Platja de Peguera,2025-06-05 14:00:00,106.0,183.99846
Platja de Peguera,2025-06-05 15:00:00,87.0,214.89523
Platja de Peguera,2025-06-05 16:00:00,121.0,157.35995
Platja de Peguera,2025-06-05 17:00:00,19.0,182.95668
Platja de Peguera,2025-06-05 18:00:00,254.0,85.09103
Platja de Peguera,2025-06-05 19:00:00,304.0,90.72687
Platja de Peguera,2025-06-05 20:00:00,349.0,39.628338
Platja de Peguera,2025-06-06 08:00:00,311.0,104.478584
Platja de Peguera,2025-06-06 09:00:00,303.0,140.8109
Platja de Peguera,2025-06-06 10:00:00,310.0,162.52942
Platja de Peguera,2025-06-06 11:00:00,258.0,181.22044
Platja de Peguera,2025-06-06 12:00:00,273.0,154.61845
Platja de Peguera,2025-06-06 13:00:00,188.0,169.56442
Platja de Peguera,2025-06-06 14:00:00,116.0,195.80838
Platja de Peguera,2025-06-06 15:00:00,98.0,198.96178
Platja de Peguera,2025-06-06 16:00:00,133.0,178.96335
Platja de Peguera,2025-06-06 17:00:00,36.0,172.09471
Platja de Peguera,2025-06-06 18:00:00,201.0,117.95478
Platja de Peguera,2025-06-06 19:00:00,234.0,140.22891
Platja de Peguera,2025-06-06 20:00:00,250.0,140.6964
Platja de Peguera,2025-06-07 08:00:00,235.0,145.13326
Platja de Peguera,2025-06-07 09:00:00,230.0,180.7984
Platja de Peguera,2025-06-07 10:00:00,299.0,173.22925
Platja de Peguera,2025-06-07 11:00:00,280.0,186.71782
Platja de Peguera,2025-06-07 12:00:00,225.0,172.88387
Platja de Peguera,2025-06-07 13:00:00,134.0,218.22093
Platja de Peguera,2025-06-07 14:00:00,101.0,197.64955
Platja de Peguera,2025-06-07 15:00:00,72.0,208.81793
Platja de Peguera,2025-06-07 16:00:00,112.0,206.97366
Platja de Peguera,2025-06-07 17:00:00,15.0,188.49962
Platja de Peguera,2025-06-07 18:00:00,188.0,128.36807
Platja de Peguera,2025-06-07 19:00:00,201.0,122.23779
Platja de Peguera,2025-06-07 20:00:00,235.0,143.37828
Platja de Peguera,2025-06-08 08:00:00,224.0,158.48875
Platja de Peguera,2025-06-08 09:00:00,236.0,216.75258
Platja de Peguera,2025-06-08 10:00:00,252.0,259.2711
Platja de Peguera,2025-06-08 11:00:00,222.0,263.86798
Platja de Peguera,2025-06-08 12:00:00,201.0,257.25098
Platja de Peguera,2025-06-08 13:00:00,118.0,229.19073
Platja de Peguera,2025-06-08 14:00:00,99.0,217.13919
Platja de Peguera,2025-06-08 15:00:00,85.0,219.9219
Platja de Peguera,2025-06-08 16:00:00,102.0,213.97258
Platja de Peguera,2025-06-08 17:00:00,25.0,190.3558
Platja de Peguera,2025-06-08 18:00:00,158.0,160.4448
Platja de Peguera,2025-06-08 19:00:00,216.0,165.63196
Platja de Peguera,2025-06-08 20:00:00,232.0,145.24963
Platja de Peguera,2025-06-09 08:00:00,187.0,152.7677
Platja de Peguera,2025-06-09 09:00:00,240.0,202.9854
Platja de Peguera,2025-06-09 10:00:00,211.0,184.3852
Platja de Peguera,2025-06-09 11:00:00,225.0,255.98436
Platja de Peguera,2025-06-09 12:00:00,192.0,255.36856
Platja de Peguera,2025-06-09 13:00:00,164.0,207.80812
Platja de Peguera,2025-06-09 14:00:00,81.0,220.21521
Platja de Peguera,2025-06-09 15:00:00,95.0,221.54816
Platja de Peguera,2025-06-09 16:00:00,94.0,191.24986
Platja de Peguera,2025-06-09 17:00:00,27.0,185.13463
Platja de Peguera,2025-06-09 18:00:00,342.0,102.79041
Platja de Peguera,2025-06-09 19:00:00,336.0,136.42755
Platja de Peguera,2025-06-09 20:00:00,317.0,168.08188
Platja de Peguera,2025-06-10 08:00:00,320.0,172.29945
Platja de Peguera,2025-06-10 09:00:00,205.0,215.08632
Platja de Peguera,2025-06-10 10:00:00,250.0,218.31042
Platja de Peguera,2025-06-10 11:00:00,249.0,243.16113
Platja de Peguera,2025-06-10 12:00:00,209.0,217.33112
Platja de Peguera,2025-06-10 13:00:00,154.0,214.22725
Platja de Peguera,2025-06-10 14:00:00,114.0,211.64633
Platja de Peguera,2025-06-10 15:00:00,76.0,173.42519
Platja de Peguera,2025-06-10 16:00:00,85.0,189.33716
Platja de Peguera,2025-06-10 17:00:00,28.0,228.21129
Platja de Peguera,2025-06-10 18:00:00,138.0,134.75989
Platja de Peguera,2025-06-10 19:00:00,215.0,146.49356
Platja de Peguera,2025-06-10 20:00:00,216.0,159.15971
Platja de Peguera,2025-06-11 08:00:00,219.0,169.26602
Platja de Peguera,2025-06-11 09:00:00,217.0,205.20612
Platja de Peguera,2025-06-11 10:00:00,231.0,217.1339
Platja de Peguera,2025-06-11 11:00:00,250.0,217.22734
Platja de Peguera,2025-06-11 12:00:00,215.0,235.71573
Platja de Peguera,2025-06-11 13:00:00,177.0,199.26239
Platja de Peguera,2025-06-11 14:00:00,127.0,177.60591
Platja de Peguera,2025-06-11 15:00:00,79.0,194.15337
Platja de Peguera,2025-06-11 16:00:00,81.0,180.10403
Platja de Peguera,2025-06-11 17:00:00,40.0,174.24226
Platja de Peguera,2025-06-11 18:00:00,164.0,111.78794
Platja de Peguera,2025-06-11 19:00:00,248.0,119.81112
Platja de Peguera,2025-06-11 20:00:00,233.0,141.51599
Platja de Peguera,2025-06-12 08:00:00,236.0,146.67834
Platja de Peguera,2025-06-12 09:00:00,230.0,212.77608
Platja de Peguera,2025-06-12 10:00:00,241.0,247.08614
Platja de Peguera,2025-06-12 11:00:00,257.0,238.00905
Platja de Peguera,2025-06-12 12:00:00,243.0,237.93929
Platja de Peguera,2025-06-12 13:00:00,173.0,199.26212
Platja de Peguera,2025-06-12 14:00:00,153.0,207.28688
Platja de Peguera,2025-06-12 15:00:00,98.0,163.76244
Platja de Peguera,2025-06-12 16:00:00,81.0,182.1074
Platja de Peguera,2025-06-12 17:00:00,34.0,157.35704
Platja de Peguera,2025-06-12 18:00:00,182.0,90.0995
Platja de Peguera,2025-06-12 19:00:00,261.0,127.0306
Platja de Peguera,2025-06-12 20:00:00,261.0,149.84872
Platja de Peguera,2025-06-13 08:00:00,285.0,148.099
Platja de Peguera,2025-06-13 09:00:00,280.0,165.91843
Platja de Peguera,2025-06-13 10:00:00,311.0,215.54732
Platja de Peguera,2025-06-13 11:00:00,312.0,204.93921
Platja de Peguera,2025-06-13 12:00:00,292.0,181.51074
Platja de Peguera,2025-06-13 13:00:00,215.0,185.63754
Platja de Peguera,2025-06-13 14:00:00,158.0,194.7469
Platja de Peguera,2025-06-13 15:00:00,114.0,172.55833
Platja de Peguera,2025-06-13 16:00:00,71.0,167.74947
Platja de Peguera,2025-06-13 17:00:00,37.0,186.7875
Platja de Peguera,2025-06-13 18:00:00,182.0,104.01689
Platja de Peguera,2025-06-13 19:00:00,259.0,115.32916
Platja de Peguera,2025-06-13 20:00:00,262.0,129.36891
Platja de Peguera,2025-06-14 08:00:00,282.0,131.10262
Platja de Peguera,2025-06-14 09:00:00,235.0,179.49939
Platja de Peguera,2025-06-14 10:00:00,213.0,223.66234
Platja de Peguera,2025-06-14 11:00:00,243.0,232.41415
Platja de Peguera,2025-06-14 12:00:00,169.0,233.9503
Platja de Peguera,2025-06-14 13:00:00,162.0,239.73286
Platja de Peguera,2025-06-14 14:00:00,112.0,213.5393
Platja de Peguera,2025-06-14 15:00:00,101.0,215.73817
Platja de Peguera,2025-06-14 16:00:00,85.0,193.37549
Platja de Peguera,2025-06-14 17:00:00,47.0,178.89796
Platja de Peguera,2025-06-14 18:00:00,181.0,103.76428
Platja de Peguera,2025-06-14 19:00:00,255.0,98.15826
Platja de Peguera,2025-06-14 20:00:00,232.0,155.67278
Platja de Peguera,2025-06-15 08:00:00,202.0,142.87166
Platja de Peguera,2025-06-15 09:00:00,223.0,233.48476
Platja de Peguera,2025-06-15 10:00:00,260.0,237.53755
Platja de Peguera,2025-06-15 11:00:00,253.0,237.43655
Platja de Peguera,2025-06-15 12:00:00,244.0,235.58508
Platja de Peguera,2025-06-15 13:00:00,211.0,237.71698
Platja de Peguera,2025-06-15 14:00:00,147.0,217.57155
Platja de Peguera,2025-06-15 15:00:00,89.0,215.2663
Platja de Peguera,2025-06-15 16:00:00,73.0,259.8312
Platja de Peguera,2025-06-15 17:00:00,43.0,228.54472
Platja de Peguera,2025-06-15 18:00:00,165.0,186.59515
Platja de Peguera,2025-06-15 19:00:00,254.0,168.27667
Platja de Peguera,2025-06-15 20:00:00,268.0,242.08907
Platja de Peguera,2025-06-16 08:00:00,222.0,168.47734
Platja de Peguera,2025-06-16 09:00:00,234.0,197.49382
Platja de Peguera,2025-06-16 10:00:00,277.0,232.68584
Platja de Peguera,2025-06-16 11:00:00,237.0,239.726
Platja de Peguera,2025-06-16 12:00:00,224.0,226.0633
Platja de Peguera,2025-06-16 13:00:00,149.0,200.84087
Platja de Peguera,2025-06-16 14:00:00,130.0,224.96301
Platja de Peguera,2025-06-16 15:00:00,83.0,226.81638
Platja de Peguera,2025-06-16 16:00:00,75.0,192.84007
Platja de Peguera,2025-06-16 17:00:00,39.0,241.04445
Platja de Peguera,2025-06-16 18:00:00,149.0,84.12399
Platja de Peguera,2025-06-16 19:00:00,220.0,115.455414
Platja de Peguera,2025-06-16 20:00:00,252.0,128.43153
Platja de Peguera,2025-06-17 08:00:00,232.0,128.93256
Platja de Peguera,2025-06-17 09:00:00,234.0,181.29306
Platja de Peguera,2025-06-17 10:00:00,270.0,202.9697
Platja de Peguera,2025-06-17 11:00:00,259.0,215.47414
Platja de Peguera,2025-06-17 12:00:00,219.0,208.37112
Platja de Peguera,2025-06-17 13:00:00,195.0,187.84859
Platja de Peguera,2025-06-17 14:00:00,131.0,204.2601
Platja de Peguera,2025-06-17 15:00:00,86.0,182.48083
Platja de Peguera,2025-06-17 16:00:00,78.0,178.2596
Platja de Peguera,2025-06-17 17:00:00,58.0,175.33871
Platja de Peguera,2025-06-17 18:00:00,188.0,102.0688
Platja de Peguera,2025-06-17 19:00:00,234.0,116.24572
Platja de Peguera,2025-06-17 20:00:00,235.0,137.12387
Platja de Peguera,2025-06-18 08:00:00,250.0,152.0406
Platja de Peguera,2025-06-18 09:00:00,219.0,183.02773
Platja de Peguera,2025-06-18 10:00:00,231.0,186.97906
Platja de Peguera,2025-06-18 11:00:00,249.0,206.21172
Platja de Peguera,2025-06-18 12:00:00,248.0,212.37213
Platja de Peguera,2025-06-18 13:00:00,221.0,227.02138
Platja de Peguera,2025-06-18 14:00:00,140.0,185.99179
Platja de Peguera,2025-06-18 15:00:00,100.0,195.52142
Platja de Peguera,2025-06-18 16:00:00,73.0,179.8108
Platja de Peguera,2025-06-18 17:00:00,83.0,185.57343
Platja de Peguera,2025-06-18 18:00:00,182.0,80.89275
Platja de Peguera,2025-06-18 19:00:00,294.0,95.992905
Platja de Peguera,2025-06-18 20:00:00,282.0,121.74554
Platja de Peguera,2025-06-19 08:00:00,285.0,133.22414
Platja de Peguera,2025-06-19 09:00:00,269.0,234.95555
Platja de Peguera,2025-06-19 10:00:00,263.0,236.5961
Platja de Peguera,2025-06-19 11:00:00,245.0,235.3098
Platja de Peguera,2025-06-19 12:00:00,247.0,233.84038
Platja de Peguera,2025-06-19 13:00:00,179.0,175.55258
Platja de Peguera,2025-06-19 14:00:00,156.0,205.82211
Platja de Peguera,2025-06-19 15:00:00,122.0,213.75005
Platja de Peguera,2025-06-19 16:00:00,51.0,176.63498
Platja de Peguera,2025-06-19 17:00:00,68.0,170.704
Platja de Peguera,2025-06-19 18:00:00,197.0,88.50296
Platja de Peguera,2025-06-19 19:00:00,283.0,96.697235
Platja de Peguera,2025-06-19 20:00:00,324.0,122.20737
Platja de Peguera,2025-06-20 08:00:00,283.0,128.97081
Platja de Peguera,2025-06-20 09:00:00,288.0,171.9741
Platja de Peguera,2025-06-20 10:00:00,310.0,198.01314
Platja de Peguera,2025-06-20 11:00:00,335.0,185.29794
Platja de Peguera,2025-06-20 12:00:00,315.0,186.6286
Platja de Peguera,2025-06-20 13:00:00,260.0,179.24481
Platja de Peguera,2025-06-20 14:00:00,189.0,187.36131
Platja de Peguera,2025-06-20 15:00:00,156.0,197.88939
Platja de Peguera,2025-06-20 16:00:00,125.0,195.4587
Platja de Peguera,2025-06-20 17:00:00,87.0,182.34781
Platja de Peguera,2025-06-20 18:00:00,212.0,130.31137
Platja de Peguera,2025-06-20 19:00:00,244.0,131.4948
Platja de Peguera,2025-06-20 20:00:00,302.0,139.9122
Platja de Peguera,2025-06-21 08:00:00,244.0,151.8865
Platja de Peguera,2025-06-21 09:00:00,239.0,183.52118
Platja de Peguera,2025-06-21 10:00:00,261.0,235.24564
Platja de Peguera,2025-06-21 11:00:00,261.0,222.13454
Platja de Peguera,2025-06-21 12:00:00,230.0,222.28635
Platja de Peguera,2025-06-21 13:00:00,125.0,188.59268
Platja de Peguera,2025-06-21 14:00:00,88.0,210.21553
Platja de Peguera,2025-06-21 15:00:00,83.0,210.13313
Platja de Peguera,2025-06-21 16:00:00,49.0,209.88882
Platja de Peguera,2025-06-21 17:00:00,185.0,150.16547
Platja de Peguera,2025-06-21 18:00:00,229.0,158.32066
Platja de Peguera,2025-06-21 19:00:00,284.0,124.65514
Platja de Peguera,2025-06-21 20:00:00,244.0,140.80724
Platja de Peguera,2025-06-22 08:00:00,228.0,168.19086
Platja de Peguera,2025-06-22 09:00:00,219.0,194.69167
Platja de Peguera,2025-06-22 10:00:00,212.0,222.12071
Platja de Peguera,2025-06-22 11:00:00,251.0,218.80878
Platja de Peguera,2025-06-22 12:00:00,234.0,200.92097
Platja de Peguera,2025-06-22 13:00:00,151.0,206.20866
Platja de Peguera,2025-06-22 14:00:00,122.0,204.64056
Platja de Peguera,2025-06-22 15:00:00,90.0,212.93275
Platja de Peguera,2025-06-22 16:00:00,56.0,212.09152
Platja de Peguera,2025-06-22 17:00:00,173.0,152.16942
Platja de Peguera,2025-06-22 18:00:00,251.0,165.71619
Platja de Peguera,2025-06-22 19:00:00,235.0,185.74136
Platja de Peguera,2025-06-22 20:00:00,231.0,202.57213
Platja de Peguera,2025-06-23 08:00:00,214.0,158.4797
Platja de Peguera,2025-06-23 09:00:00,214.0,181.39407
Platja de Peguera,2025-06-23 10:00:00,238.0,217.1115
Platja de Peguera,2025-06-23 11:00:00,227.0,212.27473
Platja de Peguera,2025-06-23 12:00:00,209.0,198.31041
Platja de Peguera,2025-06-23 13:00:00,164.0,205.91736
Platja de Peguera,2025-06-23 14:00:00,118.0,181.05469
Platja de Peguera,2025-06-23 15:00:00,79.0,206.91603
Platja de Peguera,2025-06-23 16:00:00,82.0,176.1229
Platja de Peguera,2025-06-23 17:00:00,178.0,143.99554
Platja de Peguera,2025-06-23 18:00:00,259.0,104.250336
Platja de Peguera,2025-06-23 19:00:00,278.0,128.08159
Platja de Peguera,2025-06-23 20:00:00,244.0,153.236
Platja de Peguera,2025-06-24 08:00:00,246.0,176.81108
Platja de Peguera,2025-06-24 09:00:00,229.0,187.12749
Platja de Peguera,2025-06-24 10:00:00,285.0,221.12881
Platja de Peguera,2025-06-24 11:00:00,259.0,193.65648
Platja de Peguera,2025-06-24 12:00:00,222.0,163.94093
Platja de Peguera,2025-06-24 13:00:00,130.0,169.86157
Platja de Peguera,2025-06-24 14:00:00,106.0,206.03242
Platja de Peguera,2025-06-24 15:00:00,77.0,223.36975
Platja de Peguera,2025-06-24 16:00:00,77.0,224.26776
Platja de Peguera,2025-06-24 17:00:00,160.0,144.63733
Platja de Peguera,2025-06-24 18:00:00,260.0,137.55835
Platja de Peguera,2025-06-24 19:00:00,278.0,129.06252
Platja de Peguera,2025-06-24 20:00:00,275.0,140.48483
Platja de Peguera,2025-06-25 08:00:00,248.0,173.8997
Platja de Peguera,2025-06-25 09:00:00,250.0,183.077
Platja de Peguera,2025-06-25 10:00:00,269.0,230.9202
Platja de Peguera,2025-06-25 11:00:00,276.0,227.20688
Platja de Peguera,2025-06-25 12:00:00,219.0,176.84647
Platja de Peguera,2025-06-25 13:00:00,136.0,200.95714
Platja de Peguera,2025-06-25 14:00:00,104.0,214.61375
Platja de Peguera,2025-06-25 15:00:00,101.0,199.54143
Platja de Peguera,2025-06-25 16:00:00,49.0,196.31364
Platja de Peguera,2025-06-25 17:00:00,187.0,144.2062
Platja de Peguera,2025-06-25 18:00:00,266.0,158.15753
Platja de Peguera,2025-06-25 19:00:00,282.0,121.79772
Platja de Peguera,2025-06-25 20:00:00,252.0,145.93295
Platja de Peguera,2025-06-26 08:00:00,265.0,172.23846
Platja de Peguera,2025-06-26 09:00:00,253.0,184.28946
Platja de Peguera,2025-06-26 10:00:00,215.0,199.77937
Platja de Peguera,2025-06-26 11:00:00,188.0,208.77893
Platja de Peguera,2025-06-26 12:00:00,175.0,190.18202
Platja de Peguera,2025-06-26 13:00:00,185.0,196.69333
Platja de Peguera,2025-06-26 14:00:00,113.0,221.58647
Platja de Peguera,2025-06-26 15:00:00,110.0,209.8535
Platja de Peguera,2025-06-26 16:00:00,60.0,183.7559
Platja de Peguera,2025-06-26 17:00:00,125.0,148.05525
Platja de Peguera,2025-06-26 18:00:00,237.0,188.82709
Platja de Peguera,2025-06-26 19:00:00,266.0,122.40003
Platja de Peguera,2025-06-26 20:00:00,266.0,143.55072
Platja de Peguera,2025-06-27 08:00:00,282.0,166.62614
Platja de Peguera,2025-06-27 09:00:00,260.0,186.28598
Platja de Peguera,2025-06-27 10:00:00,289.0,220.59724
Platja de Peguera,2025-06-27 11:00:00,232.0,216.95808
Platja de Peguera,2025-06-27 12:00:00,210.0,206.47525
Platja de Peguera,2025-06-27 13:00:00,176.0,196.98729
Platja de Peguera,2025-06-27 14:00:00,136.0,202.24736
Platja de Peguera,2025-06-27 15:00:00,114.0,211.11676
Platja de Peguera,2025-06-27 16:00:00,65.0,210.28104
Platja de Peguera,2025-06-27 17:00:00,213.0,154.88907
Platja de Peguera,2025-06-27 18:00:00,226.0,162.55746
Platja de Peguera,2025-06-27 19:00:00,230.0,135.17616
Platja de Peguera,2025-06-27 20:00:00,214.0,157.4994
Platja de Peguera,2025-06-28 08:00:00,229.0,205.39127
Platja de Peguera,2025-06-28 09:00:00,278.0,223.77965
Platja de Peguera,2025-06-28 10:00:00,238.0,256.1517
Platja de Peguera,2025-06-28 11:00:00,183.0,259.49866
Platja de Peguera,2025-06-28 12:00:00,152.0,232.49207
Platja de Peguera,2025-06-28 13:00:00,100.0,232.35303
Platja de Peguera,2025-06-28 14:00:00,78.0,212.39227
Platja de Peguera,2025-06-28 15:00:00,133.0,204.16302
Platja de Peguera,2025-06-28 16:00:00,34.0,214.25815
Platja de Peguera,2025-06-28 17:00:00,45.0,176.50705
Platja de Peguera,2025-06-28 18:00:00,65.0,177.44908
Platja de Peguera,2025-06-28 19:00:00,106.0,171.42502
Platja de Peguera,2025-06-28 20:00:00,90.0,150.31544
Platja de Peguera,2025-06-29 08:00:00,108.0,159.7971
Platja de Peguera,2025-06-29 09:00:00,172.0,226.79886
Platja de Peguera,2025-06-29 10:00:00,193.0,241.07658
Platja de Peguera,2025-06-29 11:00:00,195.0,235.41954
Platja de Peguera,2025-06-29 12:00:00,116.0,219.19397
Platja de Peguera,2025-06-29 13:00:00,105.0,215.6685
Platja de Peguera,2025-06-29 14:00:00,93.0,232.06079
Platja de Peguera,2025-06-29 15:00:00,97.0,211.807
Platja de Peguera,2025-06-29 16:00:00,48.0,260.86642
Platja de Peguera,2025-06-29 17:00:00,195.0,234.40375
Platja de Peguera,2025-06-29 18:00:00,210.0,227.61089
Platja de Peguera,2025-06-29 19:00:00,305.0,229.41339
Platja de Peguera,2025-06-29 20:00:00,285.0,240.38347
Platja de Peguera,2025-06-30 08:00:00,262.0,262.23676
Platja de Peguera,2025-06-30 09:00:00,312.0,276.3857
Platja de Peguera,2025-06-30 10:00:00,295.0,285.96988
Platja de Peguera,2025-06-30 11:00:00,264.0,283.86075
Platja de Peguera,2025-06-30 12:00:00,170.0,261.6059
Platja de Peguera,2025-06-30 13:00:00,93.0,252.07901
Platja de Peguera,2025-06-30 14:00:00,68.0,218.5857
Platja de Peguera,2025-06-30 15:00:00,98.0,216.85188
Platja de Peguera,2025-06-30 17:00:00,21.0,207.74384
Platja de Peguera,2025-06-30 18:00:00,93.0,149.50969
Platja de Peguera,2025-06-30 19:00:00,216.0,124.219864
Platja de Peguera,2025-06-30 20:00:00,250.0,161.4622
Platja de Peguera,2025-07-01 08:00:00,253.0,177.64981
Platja de Peguera,2025-07-01 09:00:00,247.0,228.79007
Platja de Peguera,2025-07-01 10:00:00,264.0,245.43185
Platja de Peguera,2025-07-01 11:00:00,284.0,262.16876
Platja de Peguera,2025-07-01 12:00:00,269.0,256.51236
Platja de Peguera,2025-07-01 13:00:00,201.0,225.08167
Platja de Peguera,2025-07-01 14:00:00,137.0,190.80618
Platja de Peguera,2025-07-01 15:00:00,102.0,190.7569
Platja de Peguera,2025-07-01 16:00:00,90.0,210.23679
Platja de Peguera,2025-07-01 17:00:00,43.0,206.22137
Platja de Peguera,2025-07-01 18:00:00,170.0,167.11603
Platja de Peguera,2025-07-01 19:00:00,231.0,169.82495
Platja de Peguera,2025-07-01 20:00:00,278.0,172.49605
Platja de Peguera,2025-07-02 08:00:00,267.0,183.74014
Platja de Peguera,2025-07-02 09:00:00,251.0,226.93214
Platja de Peguera,2025-07-02 10:00:00,252.0,253.80699
Platja de Peguera,2025-07-02 11:00:00,213.0,225.98003
Platja de Peguera,2025-07-02 12:00:00,128.0,203.06676
Platja de Peguera,2025-07-02 13:00:00,72.0,189.42451
Platja de Peguera,2025-07-02 14:00:00,93.0,192.31288
Platja de Peguera,2025-07-02 15:00:00,28.0,205.72057
Platja de Peguera,2025-07-02 16:00:00,99.0,183.22318
Platja de Peguera,2025-07-02 17:00:00,243.0,162.55309
Platja de Peguera,2025-07-02 18:00:00,227.0,187.07231
Platja de Peguera,2025-07-02 19:00:00,225.0,187.30582
Platja de Peguera,2025-07-02 20:00:00,271.0,206.98293
Platja de Peguera,2025-07-03 08:00:00,239.0,211.55284
Platja de Peguera,2025-07-03 09:00:00,248.0,226.9097
Platja de Peguera,2025-07-03 10:00:00,156.0,253.62854
Platja de Peguera,2025-07-03 11:00:00,146.0,235.29643
Platja de Peguera,2025-07-03 12:00:00,97.0,222.27646
Platja de Peguera,2025-07-03 13:00:00,119.0,221.25726
Platja de Peguera,2025-07-03 14:00:00,82.0,205.28647
Platja de Peguera,2025-07-03 15:00:00,22.0,222.01015
Platja de Peguera,2025-07-03 16:00:00,203.0,181.34807
Platja de Peguera,2025-07-03 17:00:00,283.0,164.52185
Platja de Peguera,2025-07-03 18:00:00,353.0,197.98898
Platja de Peguera,2025-07-03 19:00:00,327.0,139.53748
Platja de Peguera,2025-07-03 20:00:00,271.0,160.79553
Platja de Peguera,2025-07-04 08:00:00,311.0,180.2105
Platja de Peguera,2025-07-04 09:00:00,355.0,221.3705
Platja de Peguera,2025-07-04 10:00:00,346.0,244.93854
Platja de Peguera,2025-07-04 11:00:00,301.0,227.41814
Platja de Peguera,2025-07-04 12:00:00,202.0,217.67046
Platja de Peguera,2025-07-04 13:00:00,109.0,220.49048
Platja de Peguera,2025-07-04 14:00:00,101.0,212.62598
Platja de Peguera,2025-07-04 15:00:00,32.0,214.68475
Platja de Peguera,2025-07-04 16:00:00,163.0,203.8323
Platja de Peguera,2025-07-04 17:00:00,217.0,153.82372
Platja de Peguera,2025-07-04 18:00:00,262.0,171.87143
Platja de Peguera,2025-07-04 19:00:00,263.0,156.42804
Platja de Peguera,2025-07-04 20:00:00,262.0,207.14749
Platja de Peguera,2025-07-05 08:00:00,269.0,201.35687
Platja de Peguera,2025-07-05 09:00:00,227.0,198.40182
Platja de Peguera,2025-07-05 10:00:00,227.0,215.92177
Platja de Peguera,2025-07-05 11:00:00,153.0,210.287
Platja de Peguera,2025-07-05 12:00:00,97.0,211.8498
Platja de Peguera,2025-07-05 13:00:00,77.0,225.32376
Platja de Peguera,2025-07-05 14:00:00,106.0,221.36707
Platja de Peguera,2025-07-05 15:00:00,30.0,178.62553
Platja de Peguera,2025-07-05 16:00:00,164.0,153.52597
Platja de Peguera,2025-07-05 17:00:00,240.0,143.45898
Platja de Peguera,2025-07-05 18:00:00,257.0,168.35722
Platja de Peguera,2025-07-05 19:00:00,285.0,146.86179
Platja de Peguera,2025-07-05 20:00:00,288.0,181.08264
Platja de Peguera,2025-07-06 08:00:00,267.0,185.60173
Platja de Peguera,2025-07-06 09:00:00,281.0,199.02567
Platja de Peguera,2025-07-06 10:00:00,249.0,221.87099
Platja de Peguera,2025-07-06 11:00:00,180.0,200.51746
Platja de Peguera,2025-07-06 12:00:00,117.0,204.40944
Platja de Peguera,2025-07-06 13:00:00,90.0,213.98267
Platja de Peguera,2025-07-06 14:00:00,100.0,208.20781
Platja de Peguera,2025-07-06 15:00:00,31.0,219.90848
Platja de Peguera,2025-07-06 16:00:00,177.0,172.40579
Platja de Peguera,2025-07-06 17:00:00,261.0,168.354
Platja de Peguera,2025-07-06 18:00:00,269.0,203.84195
Platja de Peguera,2025-07-06 19:00:00,257.0,222.24644
Platja de Peguera,2025-07-06 20:00:00,247.0,211.0301
Platja de Peguera,2025-07-07 08:00:00,217.0,216.00989
Platja de Peguera,2025-07-07 09:00:00,293.0,229.16176
Platja de Peguera,2025-07-07 10:00:00,254.0,243.13008
Platja de Peguera,2025-07-07 11:00:00,195.0,225.1885
Platja de Peguera,2025-07-07 12:00:00,120.0,195.49673
Platja de Peguera,2025-07-07 13:00:00,105.0,203.31621
Platja de Peguera,2025-07-07 14:00:00,89.0,224.26514
Platja de Peguera,2025-07-07 15:00:00,28.0,207.27887
Platja de Peguera,2025-07-07 16:00:00,201.0,152.865
Platja de Peguera,2025-07-07 17:00:00,264.0,179.8525
Platja de Peguera,2025-07-07 18:00:00,309.0,170.05904
Platja de Peguera,2025-07-07 19:00:00,287.0,177.63808
Platja de Peguera,2025-07-07 20:00:00,287.0,215.9442
Platja de Peguera,2025-07-08 08:00:00,308.0,188.83788
Platja de Peguera,2025-07-08 09:00:00,311.0,211.4381
Platja de Peguera,2025-07-08 10:00:00,294.0,208.80878
Platja de Peguera,2025-07-08 11:00:00,191.0,210.017
Platja de Peguera,2025-07-08 12:00:00,138.0,196.02504
Platja de Peguera,2025-07-08 13:00:00,108.0,178.5939
Platja de Peguera,2025-07-08 14:00:00,89.0,153.03255
Platja de Peguera,2025-07-08 15:00:00,36.0,139.07199
Platja de Peguera,2025-07-08 16:00:00,178.0,124.93642
Platja de Peguera,2025-07-08 17:00:00,251.0,135.40604
Platja de Peguera,2025-07-08 18:00:00,278.0,154.70001
Platja de Peguera,2025-07-08 19:00:00,249.0,150.53206
Platja de Peguera,2025-07-08 20:00:00,277.0,177.74718
Platja de Peguera,2025-07-09 08:00:00,279.0,186.04099
Platja de Peguera,2025-07-09 09:00:00,291.0,179.42662
Platja de Peguera,2025-07-09 10:00:00,309.0,185.22641
Platja de Peguera,2025-07-09 11:00:00,188.0,232.24663
Platja de Peguera,2025-07-09 12:00:00,124.0,232.64243
Platja de Peguera,2025-07-09 13:00:00,96.0,224.64674
Platja de Peguera,2025-07-09 14:00:00,113.0,222.4394
Platja de Peguera,2025-07-09 15:00:00,33.0,209.51643
Platja de Peguera,2025-07-09 16:00:00,167.0,184.0735
Platja de Peguera,2025-07-09 17:00:00,267.0,176.55469
Platja de Peguera,2025-07-09 18:00:00,279.0,156.57875
Platja de Peguera,2025-07-09 19:00:00,238.0,146.44844
Platja de Peguera,2025-07-09 20:00:00,277.0,168.31377
Platja de Peguera,2025-07-10 08:00:00,288.0,184.22205
Platja de Peguera,2025-07-10 09:00:00,275.0,193.6341
Platja de Peguera,2025-07-10 10:00:00,270.0,192.84338
Platja de Peguera,2025-07-10 11:00:00,213.0,228.88931
Platja de Peguera,2025-07-10 12:00:00,143.0,224.00664
Platja de Peguera,2025-07-10 13:00:00,111.0,222.92178
Platja de Peguera,2025-07-10 14:00:00,129.0,221.25429
Platja de Peguera,2025-07-10 15:00:00,34.0,214.46492
Platja de Peguera,2025-07-10 16:00:00,177.0,198.07803
Platja de Peguera,2025-07-10 17:00:00,282.0,181.63797
Platja de Peguera,2025-07-10 18:00:00,296.0,205.44778
Platja de Peguera,2025-07-10 19:00:00,326.0,176.30841
Platja de Peguera,2025-07-10 20:00:00,306.0,175.08473
Platja de Peguera,2025-07-11 08:00:00,279.0,177.61893
Platja de Peguera,2025-07-11 09:00:00,319.0,196.37303
Platja de Peguera,2025-07-11 10:00:00,245.0,247.7472
Platja de Peguera,2025-07-11 11:00:00,193.0,238.6607
Platja de Peguera,2025-07-11 12:00:00,154.0,232.2387
Platja de Peguera,2025-07-11 15:00:00,136.0,228.262
Platja de Peguera,2025-07-11 16:00:00,133.0,217.85255
Platja de Peguera,2025-07-11 17:00:00,33.0,195.66275
Platja de Peguera,2025-07-11 18:00:00,163.0,136.60333
Platja de Peguera,2025-07-11 19:00:00,241.0,101.68624
Platja de Peguera,2025-07-11 20:00:00,260.0,131.11292
Platja de Peguera,2025-07-12 08:00:00,274.0,144.6665
Platja de Peguera,2025-07-12 09:00:00,278.0,169.9092
Platja de Peguera,2025-07-12 10:00:00,284.0,236.29865
Platja de Peguera,2025-07-12 11:00:00,259.0,219.1512
Platja de Peguera,2025-07-12 12:00:00,212.0,215.31464
Platja de Peguera,2025-07-12 13:00:00,126.0,235.40791
Platja de Peguera,2025-07-12 14:00:00,117.0,217.09425
Platja de Peguera,2025-07-12 15:00:00,97.0,223.50412
Platja de Peguera,2025-07-12 16:00:00,113.0,184.86684
Platja de Peguera,2025-07-12 17:00:00,32.0,176.77069
Platja de Peguera,2025-07-12 18:00:00,167.0,149.15688
Platja de Peguera,2025-07-12 19:00:00,241.0,174.84518
Platja de Peguera,2025-07-12 20:00:00,296.0,167.9045
Platja de Peguera,2025-07-13 08:00:00,248.0,156.41331
Platja de Peguera,2025-07-13 09:00:00,275.0,197.08055
Platja de Peguera,2025-07-13 10:00:00,272.0,260.7179
Platja de Peguera,2025-07-13 11:00:00,229.0,261.2882
Platja de Peguera,2025-07-13 12:00:00,239.0,259.19284
Platja de Peguera,2025-07-13 13:00:00,164.0,239.7415
Platja de Peguera,2025-07-13 14:00:00,103.0,230.56293
Platja de Peguera,2025-07-13 15:00:00,77.0,219.71469
Platja de Peguera,2025-07-13 16:00:00,125.0,257.71698
Platja de Peguera,2025-07-13 17:00:00,30.0,276.31085
Platja de Peguera,2025-07-13 18:00:00,155.0,229.62805
Platja de Peguera,2025-07-13 19:00:00,318.0,208.27394
Platja de Peguera,2025-07-13 20:00:00,278.0,203.84924
Platja de Peguera,2025-07-14 08:00:00,316.0,225.69334
Platja de Peguera,2025-07-14 09:00:00,272.0,275.00763
Platja de Peguera,2025-07-14 10:00:00,275.0,262.6955
Platja de Peguera,2025-07-14 11:00:00,265.0,256.4174
Platja de Peguera,2025-07-14 12:00:00,212.0,238.86835
Platja de Peguera,2025-07-14 13:00:00,126.0,212.89015
Platja de Peguera,2025-07-14 14:00:00,68.0,213.45729
Platja de Peguera,2025-07-14 15:00:00,78.0,207.58418
Platja de Peguera,2025-07-14 16:00:00,153.0,199.49365
Platja de Peguera,2025-07-14 17:00:00,34.0,176.24985
Platja de Peguera,2025-07-14 18:00:00,150.0,140.25122
Platja de Peguera,2025-07-14 19:00:00,228.0,135.90634
Platja de Peguera,2025-07-14 20:00:00,212.0,172.5023
Platja de Peguera,2025-07-15 08:00:00,114.0,175.58664
Platja de Peguera,2025-07-15 09:00:00,90.0,204.73575
Platja de Peguera,2025-07-15 10:00:00,90.0,215.393
Platja de Peguera,2025-07-15 11:00:00,132.0,229.47389
Platja de Peguera,2025-07-15 12:00:00,129.0,241.51613
Platja de Peguera,2025-07-15 13:00:00,105.0,227.92545
Platja de Peguera,2025-07-15 14:00:00,37.0,220.37169
Platja de Peguera,2025-07-15 15:00:00,45.0,207.86285
Platja de Peguera,2025-07-15 16:00:00,47.0,203.01866
Platja de Peguera,2025-07-15 17:00:00,21.0,171.0193
Platja de Peguera,2025-07-15 18:00:00,72.0,144.63844
Platja de Peguera,2025-07-15 19:00:00,128.0,154.92896
Platja de Peguera,2025-07-15 20:00:00,261.0,163.13954
Platja de Peguera,2025-07-16 08:00:00,256.0,187.39313
Platja de Peguera,2025-07-16 09:00:00,261.0,234.7901
Platja de Peguera,2025-07-16 10:00:00,188.0,273.38956
Platja de Peguera,2025-07-16 11:00:00,197.0,273.65805
Platja de Peguera,2025-07-16 12:00:00,167.0,266.6523
Platja de Peguera,2025-07-16 13:00:00,144.0,245.67725
Platja de Peguera,2025-07-16 14:00:00,124.0,186.5055
Platja de Peguera,2025-07-16 15:00:00,78.0,223.80983
Platja de Peguera,2025-07-16 16:00:00,107.0,214.68378
Platja de Peguera,2025-07-16 17:00:00,36.0,186.90565
Platja de Peguera,2025-07-16 18:00:00,67.0,166.98938
Platja de Peguera,2025-07-16 19:00:00,193.0,154.94058
Platja de Peguera,2025-07-16 20:00:00,291.0,171.66328
Platja de Peguera,2025-07-17 08:00:00,318.0,181.48866
Platja de Peguera,2025-07-17 09:00:00,303.0,207.60211
Platja de Peguera,2025-07-17 10:00:00,316.0,251.68864
Platja de Peguera,2025-07-17 11:00:00,330.0,251.04646
Platja de Peguera,2025-07-17 12:00:00,266.0,246.6591
Platja de Peguera,2025-07-17 13:00:00,160.0,225.4042
Platja de Peguera,2025-07-17 14:00:00,125.0,226.1976
Platja de Peguera,2025-07-17 15:00:00,101.0,226.60367
Platja de Peguera,2025-07-17 16:00:00,108.0,223.9019
Platja de Peguera,2025-07-17 17:00:00,28.0,193.3507
Platja de Peguera,2025-07-17 18:00:00,196.0,203.54477
Platja de Peguera,2025-07-17 19:00:00,306.0,175.87798
Platja de Peguera,2025-07-17 20:00:00,342.0,188.37267
Platja de Peguera,2025-07-18 08:00:00,318.0,174.32594
Platja de Peguera,2025-07-18 09:00:00,344.0,223.46815
Platja de Peguera,2025-07-18 10:00:00,346.0,257.02036
Platja de Peguera,2025-07-18 11:00:00,342.0,258.63458
Platja de Peguera,2025-07-18 12:00:00,283.0,250.59354
Platja de Peguera,2025-07-18 13:00:00,231.0,228.5991
Platja de Peguera,2025-07-18 14:00:00,127.0,220.40273
Platja de Peguera,2025-07-18 15:00:00,105.0,228.25172
Platja de Peguera,2025-07-18 16:00:00,114.0,223.86542
Platja de Peguera,2025-07-18 17:00:00,24.0,193.36568
Platja de Peguera,2025-07-18 18:00:00,163.0,162.87404
Platja de Peguera,2025-07-18 19:00:00,265.0,146.31813
Platja de Peguera,2025-07-18 20:00:00,335.0,163.73344
Platja de Peguera,2025-07-19 08:00:00,288.0,171.45909
Platja de Peguera,2025-07-19 09:00:00,290.0,212.53374
Platja de Peguera,2025-07-19 10:00:00,232.0,273.30362
Platja de Peguera,2025-07-19 11:00:00,326.0,269.40674
Platja de Peguera,2025-07-19 12:00:00,267.0,247.77678
Platja de Peguera,2025-07-19 13:00:00,164.0,220.71051
Platja de Peguera,2025-07-19 14:00:00,106.0,230.7699
Platja de Peguera,2025-07-19 15:00:00,90.0,218.1883
Platja de Peguera,2025-07-19 16:00:00,118.0,211.26715
Platja de Peguera,2025-07-19 17:00:00,29.0,182.75511
Platja de Peguera,2025-07-19 18:00:00,146.0,171.59485
Platja de Peguera,2025-07-19 19:00:00,240.0,130.24904
Platja de Peguera,2025-07-19 20:00:00,220.0,174.45819
Platja de Peguera,2025-07-20 08:00:00,108.0,145.94919
Platja de Peguera,2025-07-20 09:00:00,130.0,183.57129
Platja de Peguera,2025-07-20 10:00:00,166.0,238.16823
Platja de Peguera,2025-07-20 11:00:00,267.0,242.93988
Platja de Peguera,2025-07-20 12:00:00,146.0,231.18472
Platja de Peguera,2025-07-20 13:00:00,120.0,228.36691
Platja de Peguera,2025-07-20 14:00:00,82.0,230.90515
Platja de Peguera,2025-07-20 15:00:00,73.0,223.46443
Platja de Peguera,2025-07-20 16:00:00,92.0,212.16837
Platja de Peguera,2025-07-20 17:00:00,29.0,236.60625
Platja de Peguera,2025-07-20 18:00:00,129.0,202.49962
Platja de Peguera,2025-07-20 19:00:00,231.0,221.33723
Platja de Peguera,2025-07-20 20:00:00,337.0,233.04976
Platja de Peguera,2025-07-21 08:00:00,278.0,185.5773
Platja de Peguera,2025-07-21 09:00:00,345.0,202.84286
Platja de Peguera,2025-07-21 10:00:00,363.0,256.214
Platja de Peguera,2025-07-21 11:00:00,338.0,255.81882
Platja de Peguera,2025-07-21 12:00:00,225.0,253.65793
Platja de Peguera,2025-07-21 13:00:00,158.0,225.10193
Platja de Peguera,2025-07-21 14:00:00,73.0,225.11983
Platja de Peguera,2025-07-21 15:00:00,75.0,220.71944
Platja de Peguera,2025-07-21 16:00:00,45.0,195.50806
Platja de Peguera,2025-07-21 17:00:00,27.0,198.12364
Platja de Peguera,2025-07-21 18:00:00,271.0,135.6302
Platja de Peguera,2025-07-21 19:00:00,310.0,129.00876
Platja de Peguera,2025-07-21 20:00:00,323.0,145.46402
Platja de Peguera,2025-07-22 08:00:00,316.0,169.85118
Platja de Peguera,2025-07-22 09:00:00,332.0,223.77791
Platja de Peguera,2025-07-22 10:00:00,322.0,245.02681
Platja de Peguera,2025-07-22 11:00:00,300.0,244.321
Platja de Peguera,2025-07-22 12:00:00,254.0,254.94212
Platja de Peguera,2025-07-22 13:00:00,175.0,229.4255
Platja de Peguera,2025-07-22 14:00:00,83.0,221.02989
Platja de Peguera,2025-07-22 15:00:00,87.0,207.75626
Platja de Peguera,2025-07-22 16:00:00,48.0,206.50659
Platja de Peguera,2025-07-22 17:00:00,17.0,194.19775
Platja de Peguera,2025-07-22 18:00:00,239.0,109.1385
Platja de Peguera,2025-07-22 19:00:00,286.0,116.16443
Platja de Peguera,2025-07-22 20:00:00,267.0,164.72601
Platja de Peguera,2025-07-23 08:00:00,289.0,156.07698
Platja de Peguera,2025-07-23 09:00:00,313.0,217.11896
Platja de Peguera,2025-07-23 10:00:00,332.0,244.75609
Platja de Peguera,2025-07-23 11:00:00,276.0,237.89772
Platja de Peguera,2025-07-23 12:00:00,194.0,240.6041
Platja de Peguera,2025-07-23 13:00:00,153.0,221.86871
Platja de Peguera,2025-07-23 14:00:00,101.0,211.27701
Platja de Peguera,2025-07-23 15:00:00,104.0,206.7106
Platja de Peguera,2025-07-23 16:00:00,34.0,191.68158
Platja de Peguera,2025-07-23 17:00:00,25.0,197.21008
Platja de Peguera,2025-07-23 18:00:00,253.0,118.030106
Platja de Peguera,2025-07-23 19:00:00,314.0,107.5363
Platja de Peguera,2025-07-23 20:00:00,299.0,188.86858
Platja de Peguera,2025-07-24 08:00:00,292.0,162.37238
Platja de Peguera,2025-07-24 09:00:00,281.0,224.49828
Platja de Peguera,2025-07-24 10:00:00,307.0,244.34488
Platja de Peguera,2025-07-24 11:00:00,283.0,227.18982
Platja de Peguera,2025-07-24 12:00:00,250.0,209.86143
Platja de Peguera,2025-07-24 13:00:00,179.0,192.65054
Platja de Peguera,2025-07-24 14:00:00,106.0,204.42737
Platja de Peguera,2025-07-24 15:00:00,119.0,220.0202
Platja de Peguera,2025-07-24 16:00:00,38.0,182.98796
Platja de Peguera,2025-07-24 17:00:00,35.0,173.4683
Platja de Peguera,2025-07-24 18:00:00,269.0,129.44173
Platja de Peguera,2025-07-24 19:00:00,297.0,133.56671
Platja de Peguera,2025-07-24 20:00:00,276.0,155.49677
Platja de Peguera,2025-07-25 08:00:00,322.0,164.5982
Platja de Peguera,2025-07-25 09:00:00,322.0,200.15912
Platja de Peguera,2025-07-25 10:00:00,339.0,216.02596
Platja de Peguera,2025-07-25 11:00:00,316.0,218.87689
Platja de Peguera,2025-07-25 12:00:00,223.0,219.0688
Platja de Peguera,2025-07-25 13:00:00,180.0,214.00189
Platja de Peguera,2025-07-25 14:00:00,138.0,195.56956
Platja de Peguera,2025-07-25 15:00:00,119.0,185.27167
Platja de Peguera,2025-07-25 16:00:00,63.0,178.33742
Platja de Peguera,2025-07-25 17:00:00,36.0,189.78879
Platja de Peguera,2025-07-25 18:00:00,247.0,137.56714
Platja de Peguera,2025-07-25 19:00:00,290.0,115.07604
Platja de Peguera,2025-07-25 20:00:00,278.0,144.60527
Platja de Peguera,2025-07-26 08:00:00,296.0,149.63484
Platja de Peguera,2025-07-26 09:00:00,306.0,186.79332
Platja de Peguera,2025-07-26 10:00:00,308.0,218.71082
Platja de Peguera,2025-07-26 11:00:00,292.0,255.06381
Platja de Peguera,2025-07-26 12:00:00,266.0,251.39119
Platja de Peguera,2025-07-26 13:00:00,162.0,239.57957
Platja de Peguera,2025-07-26 14:00:00,91.0,226.45064
Platja de Peguera,2025-07-26 15:00:00,112.0,233.21774
Platja de Peguera,2025-07-26 16:00:00,43.0,207.36798
Platja de Peguera,2025-07-26 17:00:00,27.0,184.0124
Platja de Peguera,2025-07-26 18:00:00,254.0,157.38686
Platja de Peguera,2025-07-26 19:00:00,305.0,130.51404
Platja de Peguera,2025-07-26 20:00:00,301.0,161.455
Platja de Peguera,2025-07-27 08:00:00,265.0,173.26395
Platja de Peguera,2025-07-27 09:00:00,300.0,223.88507
Platja de Peguera,2025-07-27 10:00:00,292.0,264.65524
Platja de Peguera,2025-07-27 11:00:00,241.0,265.46945
Platja de Peguera,2025-07-27 12:00:00,226.0,258.59714
Platja de Peguera,2025-07-27 13:00:00,124.0,226.49986
Platja de Peguera,2025-07-27 14:00:00,84.0,223.40057
Platja de Peguera,2025-07-27 15:00:00,100.0,269.62662
Platja de Peguera,2025-07-27 16:00:00,29.0,277.0411
Platja de Peguera,2025-07-27 17:00:00,23.0,280.3388
Platja de Peguera,2025-07-27 18:00:00,230.0,203.797
Platja de Peguera,2025-07-27 19:00:00,255.0,199.3206
Platja de Peguera,2025-07-27 20:00:00,279.0,206.0732
Platja de Peguera,2025-07-28 08:00:00,258.0,218.49341
Platja de Peguera,2025-07-28 09:00:00,286.0,232.4233
Platja de Peguera,2025-07-28 10:00:00,303.0,227.62625
Platja de Peguera,2025-07-28 11:00:00,284.0,236.81189
Platja de Peguera,2025-07-28 12:00:00,205.0,255.21791
Platja de Peguera,2025-07-28 13:00:00,141.0,237.87526
Platja de Peguera,2025-07-28 14:00:00,103.0,208.39835
Platja de Peguera,2025-07-28 15:00:00,142.0,224.3762
Platja de Peguera,2025-07-28 16:00:00,35.0,215.1245
Platja de Peguera,2025-07-28 17:00:00,28.0,185.16124
Platja de Peguera,2025-07-28 18:00:00,233.0,119.519745
Platja de Peguera,2025-07-28 19:00:00,284.0,136.44537
Platja de Peguera,2025-07-28 20:00:00,326.0,146.04391
Platja de Peguera,2025-07-29 08:00:00,287.0,154.31197
Platja de Peguera,2025-07-29 09:00:00,297.0,216.95703
Platja de Peguera,2025-07-29 10:00:00,277.0,227.54132
Platja de Peguera,2025-07-29 11:00:00,283.0,203.51526
Platja de Peguera,2025-07-29 12:00:00,219.0,210.92148
Platja de Peguera,2025-07-29 13:00:00,139.0,244.74199
Platja de Peguera,2025-07-29 14:00:00,89.0,179.89172
Platja de Peguera,2025-07-29 15:00:00,103.0,217.36873
Platja de Peguera,2025-07-29 16:00:00,38.0,173.7898
Platja de Peguera,2025-07-29 17:00:00,32.0,199.98975
Platja de Peguera,2025-07-29 18:00:00,220.0,81.81802
Platja de Peguera,2025-07-29 19:00:00,278.0,91.177536
Platja de Peguera,2025-07-29 20:00:00,273.0,120.92074
Platja de Peguera,2025-07-30 08:00:00,291.0,148.49535
Platja de Peguera,2025-07-30 09:00:00,293.0,180.86162
Platja de Peguera,2025-07-30 10:00:00,300.0,212.13524
Platja de Peguera,2025-07-30 11:00:00,276.0,210.16602
Platja de Peguera,2025-07-30 12:00:00,217.0,210.63054
Platja de Peguera,2025-07-30 13:00:00,149.0,223.93135
Platja de Peguera,2025-07-30 14:00:00,105.0,221.4885
Platja de Peguera,2025-07-30 15:00:00,109.0,218.96918
Platja de Peguera,2025-07-30 16:00:00,23.0,187.89839
Platja de Peguera,2025-07-30 17:00:00,28.0,177.66878
Platja de Peguera,2025-07-30 18:00:00,260.0,90.018135
Platja de Peguera,2025-07-30 19:00:00,294.0,103.63842
Platja de Peguera,2025-07-30 20:00:00,277.0,121.19134
Platja de Peguera,2025-07-31 08:00:00,284.0,127.85378
Platja de Peguera,2025-07-31 09:00:00,191.0,223.53099
Platja de Peguera,2025-07-31 10:00:00,272.0,255.27684
Platja de Peguera,2025-07-31 11:00:00,287.0,253.26714
Platja de Peguera,2025-07-31 12:00:00,229.0,255.06427
Platja de Peguera,2025-07-31 13:00:00,147.0,240.8453
Platja de Peguera,2025-07-31 14:00:00,88.0,230.33096
Platja de Peguera,2025-07-31 15:00:00,98.0,212.09996
Platja de Peguera,2025-07-31 16:00:00,29.0,213.75888
Platja de Peguera,2025-07-31 17:00:00,20.0,234.99622
Platja de Peguera,2025-07-31 18:00:00,260.0,144.5762
Platja de Peguera,2025-07-31 19:00:00,312.0,180.87276
Platja de Peguera,2025-07-31 20:00:00,358.0,170.81483
Platja de Peguera,2025-08-01 08:00:00,305.0,124.45551
Platja de Peguera,2025-08-01 09:00:00,304.0,217.5985
Platja de Peguera,2025-08-01 10:00:00,315.0,226.78557
Platja de Peguera,2025-08-01 11:00:00,300.0,226.73502
Platja de Peguera,2025-08-01 12:00:00,187.0,227.71399
Platja de Peguera,2025-08-01 13:00:00,156.0,211.82812
Platja de Peguera,2025-08-01 14:00:00,115.0,231.6605
Platja de Peguera,2025-08-01 15:00:00,124.0,223.5373
Platja de Peguera,2025-08-01 16:00:00,37.0,181.11882
Platja de Peguera,2025-08-01 17:00:00,18.0,185.31332
Platja de Peguera,2025-08-01 18:00:00,218.0,104.87156
Platja de Peguera,2025-08-01 19:00:00,259.0,112.710495
Platja de Peguera,2025-08-01 20:00:00,287.0,134.22166
Platja de Peguera,2025-08-02 08:00:00,263.0,146.63379
Platja de Peguera,2025-08-02 09:00:00,271.0,232.32922
Platja de Peguera,2025-08-02 10:00:00,275.0,240.21165
Platja de Peguera,2025-08-02 11:00:00,258.0,237.24957
Platja de Peguera,2025-08-02 12:00:00,186.0,234.0365
Platja de Peguera,2025-08-02 13:00:00,113.0,216.94232
Platja de Peguera,2025-08-02 14:00:00,89.0,224.37822
Platja de Peguera,2025-08-02 15:00:00,116.0,216.35132
Platja de Peguera,2025-08-02 16:00:00,25.0,212.05453
Platja de Peguera,2025-08-02 17:00:00,16.0,169.62126
Platja de Peguera,2025-08-02 18:00:00,266.0,104.64036
Platja de Peguera,2025-08-02 19:00:00,301.0,171.45268
Platja de Peguera,2025-08-02 20:00:00,285.0,152.77487
Platja de Peguera,2025-08-03 08:00:00,286.0,145.63121
Platja de Peguera,2025-08-03 09:00:00,277.0,233.7951
Platja de Peguera,2025-08-03 10:00:00,295.0,237.75423
Platja de Peguera,2025-08-03 11:00:00,280.0,236.31407
Platja de Peguera,2025-08-03 12:00:00,212.0,237.01527
Platja de Peguera,2025-08-03 13:00:00,152.0,222.23593
Platja de Peguera,2025-08-03 14:00:00,109.0,219.51993
Platja de Peguera,2025-08-03 15:00:00,127.0,227.53822
Platja de Peguera,2025-08-03 16:00:00,30.0,195.32721
Platja de Peguera,2025-08-03 17:00:00,28.0,231.85464
Platja de Peguera,2025-08-03 18:00:00,201.0,184.68564
Platja de Peguera,2025-08-03 19:00:00,268.0,200.61108
Platja de Peguera,2025-08-03 20:00:00,288.0,196.26256
Platja de Peguera,2025-08-04 08:00:00,243.0,141.7352
Platja de Peguera,2025-08-04 09:00:00,234.0,227.9092
Platja de Peguera,2025-08-04 10:00:00,272.0,236.1454
Platja de Peguera,2025-08-04 11:00:00,251.0,221.7537
Platja de Peguera,2025-08-04 12:00:00,241.0,222.24626
Platja de Peguera,2025-08-04 13:00:00,155.0,208.19453
Platja de Peguera,2025-08-04 14:00:00,134.0,207.78458
Platja de Peguera,2025-08-04 15:00:00,148.0,197.86742
Platja de Peguera,2025-08-04 16:00:00,38.0,211.7892
Platja de Peguera,2025-08-04 17:00:00,26.0,169.71333
Platja de Peguera,2025-08-04 18:00:00,225.0,88.355194
Platja de Peguera,2025-08-04 19:00:00,287.0,101.836494
Platja de Peguera,2025-08-04 20:00:00,302.0,156.21645
Platja de Peguera,2025-08-05 08:00:00,264.0,141.6357
Platja de Peguera,2025-08-05 09:00:00,286.0,235.91185
Platja de Peguera,2025-08-05 10:00:00,291.0,240.23875
Platja de Peguera,2025-08-05 11:00:00,283.0,236.505
Platja de Peguera,2025-08-05 12:00:00,227.0,212.96141
Platja de Peguera,2025-08-05 13:00:00,174.0,217.61919
Platja de Peguera,2025-08-05 14:00:00,167.0,216.44487
Platja de Peguera,2025-08-05 15:00:00,104.0,206.4409
Platja de Peguera,2025-08-05 16:00:00,38.0,210.57704
Platja de Peguera,2025-08-05 17:00:00,21.0,191.98361
Platja de Peguera,2025-08-05 18:00:00,225.0,99.01474
Platja de Peguera,2025-08-05 19:00:00,276.0,104.12594
Platja de Peguera,2025-08-05 20:00:00,348.0,137.28242
Platja de Peguera,2025-08-06 08:00:00,295.0,160.06212
Platja de Peguera,2025-08-06 09:00:00,318.0,223.25285
Platja de Peguera,2025-08-06 10:00:00,308.0,238.85411
Platja de Peguera,2025-08-06 11:00:00,287.0,234.91072
Platja de Peguera,2025-08-06 12:00:00,248.0,232.86264
Platja de Peguera,2025-08-06 13:00:00,183.0,214.71062
Platja de Peguera,2025-08-06 14:00:00,141.0,212.1741
Platja de Peguera,2025-08-06 15:00:00,127.0,215.62834
Platja de Peguera,2025-08-06 16:00:00,40.0,174.60483
Platja de Peguera,2025-08-06 17:00:00,20.0,165.13503
Platja de Peguera,2025-08-06 18:00:00,249.0,98.93191
Platja de Peguera,2025-08-06 19:00:00,263.0,138.94957
Platja de Peguera,2025-08-06 20:00:00,284.0,134.0536
Platja de Peguera,2025-08-07 08:00:00,278.0,149.48291
Platja de Peguera,2025-08-07 09:00:00,275.0,224.59715
Platja de Peguera,2025-08-07 10:00:00,282.0,237.1068
Platja de Peguera,2025-08-07 11:00:00,249.0,235.99043
Platja de Peguera,2025-08-07 12:00:00,222.0,233.65808
Platja de Peguera,2025-08-07 13:00:00,164.0,214.98894
Platja de Peguera,2025-08-07 14:00:00,102.0,211.11694
Platja de Peguera,2025-08-07 15:00:00,123.0,207.50636
Platja de Peguera,2025-08-07 16:00:00,24.0,185.40852
Platja de Peguera,2025-08-07 17:00:00,27.0,178.97702
Platja de Peguera,2025-08-07 18:00:00,184.0,87.01444
Platja de Peguera,2025-08-07 19:00:00,299.0,101.12078
Platja de Peguera,2025-08-07 20:00:00,325.0,134.96759
Platja de Peguera,2025-08-08 08:00:00,278.0,157.38947
Platja de Peguera,2025-08-08 09:00:00,307.0,201.37906
Platja de Peguera,2025-08-08 10:00:00,338.0,231.96129
Platja de Peguera,2025-08-08 11:00:00,291.0,232.0256
Platja de Peguera,2025-08-08 12:00:00,225.0,230.00389
Platja de Peguera,2025-08-08 13:00:00,223.0,215.10913
Platja de Peguera,2025-08-08 14:00:00,172.0,204.59329
Platja de Peguera,2025-08-08 15:00:00,150.0,199.35844
Platja de Peguera,2025-08-08 16:00:00,42.0,183.0764
Platja de Peguera,2025-08-08 17:00:00,28.0,184.2258
Platja de Peguera,2025-08-08 18:00:00,169.0,101.81193
Platja de Peguera,2025-08-08 19:00:00,274.0,110.447105
Platja de Peguera,2025-08-08 20:00:00,238.0,139.05583
Platja de Peguera,2025-08-09 08:00:00,262.0,156.6475
Platja de Peguera,2025-08-09 09:00:00,274.0,236.65971
Platja de Peguera,2025-08-09 10:00:00,240.0,238.89813
Platja de Peguera,2025-08-09 11:00:00,225.0,234.73561
Platja de Peguera,2025-08-09 12:00:00,215.0,231.94926
Platja de Peguera,2025-08-09 13:00:00,144.0,176.06552
Platja de Peguera,2025-08-09 14:00:00,100.0,214.01314
Platja de Peguera,2025-08-09 15:00:00,119.0,226.63016
Platja de Peguera,2025-08-09 16:00:00,20.0,198.00612
Platja de Peguera,2025-08-09 17:00:00,19.0,166.10222
Platja de Peguera,2025-08-09 18:00:00,126.0,87.84621
Platja de Peguera,2025-08-09 19:00:00,144.0,85.67387
Platja de Peguera,2025-08-09 20:00:00,185.0,109.97915
Platja de Peguera,2025-08-10 08:00:00,135.0,119.68953
Platja de Peguera,2025-08-10 09:00:00,136.0,211.35742
Platja de Peguera,2025-08-10 10:00:00,244.0,251.44678
Platja de Peguera,2025-08-10 11:00:00,242.0,244.73982
Platja de Peguera,2025-08-10 12:00:00,175.0,217.55756
Platja de Peguera,2025-08-10 13:00:00,140.0,231.24059
Platja de Peguera,2025-08-10 14:00:00,103.0,229.20114
Platja de Peguera,2025-08-10 15:00:00,112.0,226.66716
Platja de Peguera,2025-08-10 16:00:00,24.0,173.8534
Platja de Peguera,2025-08-10 17:00:00,15.0,163.47429
Platja de Peguera,2025-08-10 18:00:00,204.0,117.69682
Platja de Peguera,2025-08-10 19:00:00,280.0,178.39758
Platja de Peguera,2025-08-10 20:00:00,259.0,180.39343
Platja de Peguera,2025-08-11 08:00:00,270.0,174.3833
Platja de Peguera,2025-08-11 09:00:00,138.0,241.96692
Platja de Peguera,2025-08-11 10:00:00,227.0,235.82509
Platja de Peguera,2025-08-11 11:00:00,205.0,269.2128
Platja de Peguera,2025-08-11 12:00:00,193.0,243.1976
Platja de Peguera,2025-08-11 13:00:00,134.0,215.46092
Platja de Peguera,2025-08-11 14:00:00,108.0,211.75568
Platja de Peguera,2025-08-11 15:00:00,130.0,209.72995
Platja de Peguera,2025-08-11 16:00:00,29.0,184.1143
Platja de Peguera,2025-08-11 17:00:00,22.0,179.33806
Platja de Peguera,2025-08-11 18:00:00,211.0,154.06909
Platja de Peguera,2025-08-11 19:00:00,258.0,163.93217
Platja de Peguera,2025-08-11 20:00:00,281.0,173.54105
Platja de Peguera,2025-08-12 08:00:00,221.0,179.38214
Platja de Peguera,2025-08-12 09:00:00,278.0,256.42438
Platja de Peguera,2025-08-12 10:00:00,314.0,262.05478
Platja de Peguera,2025-08-12 11:00:00,254.0,256.52356
Platja de Peguera,2025-08-12 12:00:00,230.0,249.90118
Platja de Peguera,2025-08-12 13:00:00,170.0,230.6622
Platja de Peguera,2025-08-12 14:00:00,137.0,234.23862
Platja de Peguera,2025-08-12 15:00:00,106.0,226.98209
Platja de Peguera,2025-08-12 16:00:00,32.0,196.08865
Platja de Peguera,2025-08-12 17:00:00,24.0,196.53265
Platja de Peguera,2025-08-12 18:00:00,167.0,139.75229
Platja de Peguera,2025-08-12 19:00:00,300.0,155.80963
Platja de Peguera,2025-08-12 20:00:00,273.0,117.13788
Platja de Peguera,2025-08-13 08:00:00,246.0,149.43764
Platja de Peguera,2025-08-13 09:00:00,288.0,207.52852
Platja de Peguera,2025-08-13 10:00:00,283.0,257.47534
Platja de Peguera,2025-08-13 11:00:00,221.0,245.56088
Platja de Peguera,2025-08-13 12:00:00,215.0,224.34708
Platja de Peguera,2025-08-13 13:00:00,160.0,203.18358
Platja de Peguera,2025-08-13 14:00:00,121.0,216.62921
Platja de Peguera,2025-08-13 15:00:00,114.0,208.28282
Platja de Peguera,2025-08-13 16:00:00,26.0,213.53249
Platja de Peguera,2025-08-13 17:00:00,20.0,183.84467
Platja de Peguera,2025-08-13 18:00:00,209.0,200.56993
Platja de Peguera,2025-08-13 19:00:00,290.0,174.31715
Platja de Peguera,2025-08-13 20:00:00,289.0,142.17937
Platja de Peguera,2025-08-14 08:00:00,313.0,163.67984
Platja de Peguera,2025-08-14 09:00:00,282.0,235.39363
Platja de Peguera,2025-08-14 10:00:00,279.0,256.52414
Platja de Peguera,2025-08-14 11:00:00,251.0,255.20787
Platja de Peguera,2025-08-14 12:00:00,222.0,235.49277
Platja de Peguera,2025-08-14 13:00:00,136.0,223.48232
Platja de Peguera,2025-08-14 14:00:00,76.0,219.3801
Platja de Peguera,2025-08-14 15:00:00,98.0,217.93994
Platja de Peguera,2025-08-14 16:00:00,20.0,200.73967
Platja de Peguera,2025-08-14 17:00:00,20.0,186.63509
Platja de Peguera,2025-08-14 18:00:00,181.0,169.60875
Platja de Peguera,2025-08-14 19:00:00,299.0,127.59027
Platja de Peguera,2025-08-14 20:00:00,347.0,142.3034
Platja de Peguera,2025-08-15 08:00:00,293.0,138.29652
Platja de Peguera,2025-08-15 09:00:00,296.0,219.1973
Platja de Peguera,2025-08-15 10:00:00,286.0,256.68915
Platja de Peguera,2025-08-15 11:00:00,241.0,259.68018
Platja de Peguera,2025-08-15 12:00:00,228.0,238.94215
Platja de Peguera,2025-08-15 13:00:00,170.0,231.26848
Platja de Peguera,2025-08-15 14:00:00,92.0,231.60004
Platja de Peguera,2025-08-15 15:00:00,138.0,222.28975
Platja de Peguera,2025-08-15 16:00:00,23.0,219.80737
Platja de Peguera,2025-08-15 17:00:00,21.0,189.20561
Platja de Peguera,2025-08-15 18:00:00,184.0,196.9729
Platja de Peguera,2025-08-15 19:00:00,209.0,171.03299
Platja de Peguera,2025-08-15 20:00:00,191.0,161.15207
Platja de Peguera,2025-08-16 08:00:00,177.0,155.93147
Platja de Peguera,2025-08-16 09:00:00,172.0,216.97966
Platja de Peguera,2025-08-16 10:00:00,256.0,230.58772
Platja de Peguera,2025-08-16 11:00:00,244.0,257.59857
Platja de Peguera,2025-08-16 12:00:00,183.0,235.5876
Platja de Peguera,2025-08-16 13:00:00,134.0,229.722
Platja de Peguera,2025-08-16 14:00:00,88.0,233.5951
Platja de Peguera,2025-08-16 15:00:00,117.0,211.80002
Platja de Peguera,2025-08-16 16:00:00,37.0,171.32808
Platja de Peguera,2025-08-16 17:00:00,26.0,175.79225
Platja de Peguera,2025-08-16 18:00:00,197.0,110.789
Platja de Peguera,2025-08-16 19:00:00,306.0,124.63092
Platja de Peguera,2025-08-16 20:00:00,322.0,124.296715
Platja de Peguera,2025-08-17 08:00:00,301.0,135.01376
Platja de Peguera,2025-08-17 09:00:00,279.0,190.80695
Platja de Peguera,2025-08-17 10:00:00,307.0,237.41362
Platja de Peguera,2025-08-17 11:00:00,307.0,225.85904
Platja de Peguera,2025-08-17 12:00:00,205.0,209.4159
Platja de Peguera,2025-08-17 13:00:00,165.0,218.3359
Platja de Peguera,2025-08-17 14:00:00,109.0,223.44334
Platja de Peguera,2025-08-17 15:00:00,94.0,217.26833
Platja de Peguera,2025-08-17 16:00:00,30.0,186.74835
Platja de Peguera,2025-08-17 17:00:00,22.0,179.28085
Platja de Peguera,2025-08-17 18:00:00,146.0,185.11598
Platja de Peguera,2025-08-17 19:00:00,55.0,221.22879
Platja de Peguera,2025-08-17 20:00:00,141.0,185.85387
Platja de Peguera,2025-08-18 08:00:00,248.0,140.34853
Platja de Peguera,2025-08-18 09:00:00,217.0,187.97394
Platja de Peguera,2025-08-18 10:00:00,264.0,233.99088
Platja de Peguera,2025-08-18 11:00:00,250.0,189.77419
Platja de Peguera,2025-08-18 12:00:00,204.0,211.22318
Platja de Peguera,2025-08-18 13:00:00,149.0,227.27972
Platja de Peguera,2025-08-18 14:00:00,82.0,226.35182
Platja de Peguera,2025-08-18 15:00:00,94.0,198.44434
Platja de Peguera,2025-08-18 16:00:00,32.0,184.57642
Platja de Peguera,2025-08-18 17:00:00,22.0,174.11507
Platja de Peguera,2025-08-18 18:00:00,97.0,120.36281
Platja de Peguera,2025-08-18 19:00:00,198.0,168.51791
Platja de Peguera,2025-08-18 20:00:00,258.0,94.44377
Platja de Peguera,2025-08-19 08:00:00,232.0,147.20525
Platja de Peguera,2025-08-19 09:00:00,218.0,205.41411
Platja de Peguera,2025-08-19 10:00:00,267.0,217.1634
Platja de Peguera,2025-08-19 11:00:00,264.0,216.27887
Platja de Peguera,2025-08-19 12:00:00,227.0,247.5819
Platja de Peguera,2025-08-19 13:00:00,177.0,227.89867
Platja de Peguera,2025-08-19 14:00:00,108.0,206.3605
Platja de Peguera,2025-08-19 15:00:00,139.0,189.88065
Platja de Peguera,2025-08-19 16:00:00,32.0,162.03712
Platja de Peguera,2025-08-19 17:00:00,23.0,168.61069
Platja de Peguera,2025-08-19 18:00:00,154.0,145.46445
Platja de Peguera,2025-08-19 19:00:00,254.0,133.24635
Platja de Peguera,2025-08-19 20:00:00,264.0,133.86443
Platja de Peguera,2025-08-20 08:00:00,257.0,158.31323
Platja de Peguera,2025-08-20 09:00:00,277.0,204.12775
Platja de Peguera,2025-08-20 10:00:00,223.0,245.45448
Platja de Peguera,2025-08-20 11:00:00,276.0,244.66425
Platja de Peguera,2025-08-20 12:00:00,212.0,234.55148
Platja de Peguera,2025-08-20 13:00:00,163.0,171.75893
Platja de Peguera,2025-08-20 14:00:00,127.0,199.08173
Platja de Peguera,2025-08-20 15:00:00,72.0,192.29788
Platja de Peguera,2025-08-20 16:00:00,29.0,190.47978
Platja de Peguera,2025-08-20 17:00:00,27.0,228.66205
Platja de Peguera,2025-08-20 18:00:00,143.0,131.75493
Platja de Peguera,2025-08-20 19:00:00,279.0,191.04727
Platja de Peguera,2025-08-20 20:00:00,302.0,127.07835
Platja de Peguera,2025-08-21 08:00:00,294.0,139.45927
Platja de Peguera,2025-08-21 09:00:00,211.0,197.39061
Platja de Peguera,2025-08-21 10:00:00,260.0,249.12355
Platja de Peguera,2025-08-21 11:00:00,250.0,248.14008
Platja de Peguera,2025-08-21 12:00:00,235.0,202.60275
Platja de Peguera,2025-08-21 13:00:00,220.0,211.68828
Platja de Peguera,2025-08-21 14:00:00,121.0,222.64354
Platja de Peguera,2025-08-21 15:00:00,94.0,206.25862
Platja de Peguera,2025-08-21 16:00:00,33.0,197.1632
Platja de Peguera,2025-08-21 17:00:00,20.0,186.67105
Platja de Peguera,2025-08-21 18:00:00,206.0,177.37717
Platja de Peguera,2025-08-21 19:00:00,260.0,150.63638
Platja de Peguera,2025-08-21 20:00:00,257.0,173.9032
Platja de Peguera,2025-08-22 08:00:00,318.0,176.82184
Platja de Peguera,2025-08-22 09:00:00,247.0,220.78767
Platja de Peguera,2025-08-22 10:00:00,263.0,255.00307
Platja de Peguera,2025-08-22 11:00:00,289.0,258.78915
Platja de Peguera,2025-08-22 12:00:00,273.0,232.79207
Platja de Peguera,2025-08-22 13:00:00,190.0,221.96661
Platja de Peguera,2025-08-22 14:00:00,125.0,219.37378
Platja de Peguera,2025-08-22 15:00:00,100.0,193.92683
Platja de Peguera,2025-08-22 16:00:00,31.0,196.20285
Platja de Peguera,2025-08-22 17:00:00,22.0,189.95914
Platja de Peguera,2025-08-22 18:00:00,182.0,175.52051
Platja de Peguera,2025-08-22 19:00:00,217.0,155.90395
Platja de Peguera,2025-08-22 20:00:00,220.0,166.78159
Platja de Peguera,2025-08-23 08:00:00,250.0,188.78406
Platja de Peguera,2025-08-23 09:00:00,262.0,209.94257
Platja de Peguera,2025-08-23 10:00:00,287.0,255.16232
Platja de Peguera,2025-08-23 11:00:00,257.0,251.9679
Platja de Peguera,2025-08-23 12:00:00,217.0,235.72902
Platja de Peguera,2025-08-23 13:00:00,163.0,218.4336
Platja de Peguera,2025-08-23 14:00:00,94.0,227.17928
Platja de Peguera,2025-08-23 15:00:00,93.0,214.65065
Platja de Peguera,2025-08-23 16:00:00,31.0,193.85678
Platja de Peguera,2025-08-23 17:00:00,26.0,238.56506
Platja de Peguera,2025-08-23 18:00:00,125.0,135.30789
Platja de Peguera,2025-08-23 19:00:00,218.0,136.0926
Platja de Peguera,2025-08-23 20:00:00,209.0,151.33423
Platja de Peguera,2025-08-24 08:00:00,204.0,180.51913
Platja de Peguera,2025-08-24 09:00:00,221.0,219.06453
Platja de Peguera,2025-08-24 10:00:00,219.0,255.28499
Platja de Peguera,2025-08-24 11:00:00,243.0,250.5729
Platja de Peguera,2025-08-24 12:00:00,197.0,229.06003
Platja de Peguera,2025-08-24 13:00:00,134.0,216.74867
Platja de Peguera,2025-08-24 14:00:00,72.0,222.98866
Platja de Peguera,2025-08-24 15:00:00,186.0,210.1799
Platja de Peguera,2025-08-24 16:00:00,36.0,205.60733
Platja de Peguera,2025-08-24 17:00:00,18.0,190.37129
Platja de Peguera,2025-08-24 18:00:00,100.0,148.18456
Platja de Peguera,2025-08-24 19:00:00,283.0,172.87724
Platja de Peguera,2025-08-24 20:00:00,283.0,164.5912
Platja de Peguera,2025-08-25 08:00:00,238.0,185.02092
Platja de Peguera,2025-08-25 09:00:00,261.0,205.29959
Platja de Peguera,2025-08-25 10:00:00,278.0,218.02725
Platja de Peguera,2025-08-25 11:00:00,262.0,210.79759
Platja de Peguera,2025-08-25 12:00:00,227.0,190.65544
Platja de Peguera,2025-08-25 13:00:00,150.0,180.01468
Platja de Peguera,2025-08-25 14:00:00,78.0,216.75374
Platja de Peguera,2025-08-25 15:00:00,60.0,210.16856
Platja de Peguera,2025-08-25 16:00:00,35.0,184.70667
Platja de Peguera,2025-08-25 17:00:00,31.0,237.73642
Platja de Peguera,2025-08-25 18:00:00,187.0,135.72588
Platja de Peguera,2025-08-25 19:00:00,285.0,155.0302
Platja de Peguera,2025-08-25 20:00:00,260.0,172.28651
Platja de Peguera,2025-08-26 08:00:00,273.0,170.39597
Platja de Peguera,2025-08-26 09:00:00,275.0,212.71898
Platja de Peguera,2025-08-26 10:00:00,289.0,243.3568
Platja de Peguera,2025-08-26 11:00:00,252.0,244.95284
Platja de Peguera,2025-08-26 12:00:00,209.0,219.56874
Platja de Peguera,2025-08-26 13:00:00,138.0,215.92488
Platja de Peguera,2025-08-26 14:00:00,74.0,226.43547
Platja de Peguera,2025-08-26 15:00:00,95.0,209.33925
Platja de Peguera,2025-08-26 16:00:00,33.0,182.43541
Platja de Peguera,2025-08-26 17:00:00,30.0,176.6535
Platja de Peguera,2025-08-26 18:00:00,147.0,146.16757
Platja de Peguera,2025-08-26 19:00:00,249.0,134.5981
Platja de Peguera,2025-08-26 20:00:00,277.0,136.96754
Platja de Peguera,2025-08-27 08:00:00,273.0,170.9328
Platja de Peguera,2025-08-27 09:00:00,259.0,234.06105
Platja de Peguera,2025-08-27 10:00:00,254.0,183.06194
Platja de Peguera,2025-08-27 11:00:00,223.0,218.45717
Platja de Peguera,2025-08-27 12:00:00,181.0,237.11328
Platja de Peguera,2025-08-27 13:00:00,117.0,183.664
Platja de Peguera,2025-08-27 14:00:00,55.0,199.96675
Platja de Peguera,2025-08-27 15:00:00,104.0,202.22632
Platja de Peguera,2025-08-27 16:00:00,28.0,171.1552
Platja de Peguera,2025-08-27 17:00:00,27.0,169.24725
Platja de Peguera,2025-08-27 18:00:00,201.0,122.624886
Platja de Peguera,2025-08-27 19:00:00,272.0,114.90553
Platja de Peguera,2025-08-27 20:00:00,289.0,120.59663
Platja de Peguera,2025-08-28 08:00:00,297.0,147.92484
Platja de Peguera,2025-08-28 09:00:00,302.0,160.71797
Platja de Peguera,2025-08-28 10:00:00,272.0,182.43881
Platja de Peguera,2025-08-28 11:00:00,283.0,219.48108
Platja de Peguera,2025-08-28 12:00:00,193.0,203.51405
Platja de Peguera,2025-08-28 13:00:00,120.0,183.84914
Platja de Peguera,2025-08-28 14:00:00,90.0,205.39937
Platja de Peguera,2025-08-28 15:00:00,119.0,208.81497
Platja de Peguera,2025-08-28 16:00:00,25.0,193.89597
Platja de Peguera,2025-08-28 17:00:00,13.0,178.71904
Platja de Peguera,2025-08-28 18:00:00,198.0,113.20906
Platja de Peguera,2025-08-28 19:00:00,192.0,142.73453
Platja de Peguera,2025-08-28 20:00:00,309.0,90.54991
Platja de Peguera,2025-08-29 08:00:00,240.0,138.16043
Platja de Peguera,2025-08-29 09:00:00,172.0,212.3233
Platja de Peguera,2025-08-29 10:00:00,242.0,228.70154
Platja de Peguera,2025-08-29 11:00:00,277.0,205.66125
Platja de Peguera,2025-08-29 12:00:00,184.0,222.73492
Platja de Peguera,2025-08-29 13:00:00,108.0,221.56146
Platja de Peguera,2025-08-29 14:00:00,78.0,179.19118
Platja de Peguera,2025-08-29 15:00:00,127.0,215.14432
Platja de Peguera,2025-08-29 16:00:00,30.0,180.9386
Platja de Peguera,2025-08-29 17:00:00,31.0,175.7795
Platja de Peguera,2025-08-29 18:00:00,104.0,153.99762
Platja de Peguera,2025-08-29 19:00:00,114.0,101.61486
Platja de Peguera,2025-08-29 20:00:00,200.0,121.70559
Platja de Peguera,2025-08-30 08:00:00,243.0,167.00465
Platja de Peguera,2025-08-30 09:00:00,215.0,214.50345
Platja de Peguera,2025-08-30 10:00:00,182.0,231.94084
Platja de Peguera,2025-08-30 11:00:00,261.0,214.88535
Platja de Peguera,2025-08-30 12:00:00,169.0,198.42352
Platja de Peguera,2025-08-30 13:00:00,101.0,192.67772
Platja de Peguera,2025-08-30 14:00:00,55.0,204.01291
Platja de Peguera,2025-08-30 15:00:00,112.0,208.70988
Platja de Peguera,2025-08-30 16:00:00,13.0,199.2685
Platja de Peguera,2025-08-30 17:00:00,18.0,181.24408
Platja de Peguera,2025-08-30 18:00:00,67.0,168.04306
Platja de Peguera,2025-08-30 19:00:00,37.0,137.59921
Platja de Peguera,2025-08-30 20:00:00,58.0,143.32687
Portals Vells,2025-06-01 08:00:00,51.0,52.984566
Portals Vells,2025-06-01 09:00:00,59.0,51.387733
Portals Vells,2025-06-01 10:00:00,37.0,49.489414
Portals Vells,2025-06-01 11:00:00,46.0,47.915203
Portals Vells,2025-06-01 12:00:00,35.0,37.940037
Portals Vells,2025-06-01 13:00:00,31.0,41.665947
Portals Vells,2025-06-01 14:00:00,29.0,45.933544
Portals Vells,2025-06-01 15:00:00,27.0,43.77793
Portals Vells,2025-06-01 16:00:00,17.0,33.67612
Portals Vells,2025-06-01 17:00:00,6.0,31.096825
Portals Vells,2025-06-01 18:00:00,31.0,30.23292
Portals Vells,2025-06-01 19:00:00,26.0,43.932827
Portals Vells,2025-06-01 20:00:00,34.0,50.607174
Portals Vells,2025-06-02 08:00:00,48.0,51.412518
Portals Vells,2025-06-02 09:00:00,31.0,51.355366
Portals Vells,2025-06-02 10:00:00,49.0,46.44156
Portals Vells,2025-06-02 11:00:00,61.0,45.12879
Portals Vells,2025-06-02 12:00:00,32.0,43.479122
Portals Vells,2025-06-02 13:00:00,27.0,45.91911
Portals Vells,2025-06-02 14:00:00,19.0,39.192783
Portals Vells,2025-06-02 15:00:00,22.0,35.86062
Portals Vells,2025-06-02 16:00:00,16.0,18.831087
Portals Vells,2025-06-02 17:00:00,7.0,16.081625
Portals Vells,2025-06-02 18:00:00,26.0,18.7261
Portals Vells,2025-06-02 19:00:00,30.0,29.029995
Portals Vells,2025-06-02 20:00:00,50.0,35.820553
Portals Vells,2025-06-03 08:00:00,45.0,48.45852
Portals Vells,2025-06-03 09:00:00,41.0,47.716724
Portals Vells,2025-06-03 10:00:00,27.0,47.23126
Portals Vells,2025-06-03 11:00:00,19.0,38.033966
Portals Vells,2025-06-03 12:00:00,30.0,33.889572
Portals Vells,2025-06-03 13:00:00,16.0,27.486412
Portals Vells,2025-06-03 14:00:00,17.0,28.325428
Portals Vells,2025-06-03 15:00:00,17.0,27.828016
Portals Vells,2025-06-03 16:00:00,13.0,24.422905
Portals Vells,2025-06-03 17:00:00,7.0,17.869299
Portals Vells,2025-06-03 18:00:00,22.0,19.432405
Portals Vells,2025-06-03 19:00:00,26.0,36.80558
Portals Vells,2025-06-03 20:00:00,32.0,44.395855
Portals Vells,2025-06-04 08:00:00,32.0,54.298374
Portals Vells,2025-06-04 09:00:00,32.0,29.90162
Portals Vells,2025-06-04 10:00:00,31.0,51.702618
Portals Vells,2025-06-04 11:00:00,22.0,41.901096
Portals Vells,2025-06-04 12:00:00,24.0,35.702908
Portals Vells,2025-06-04 13:00:00,29.0,30.035181
Portals Vells,2025-06-04 14:00:00,13.0,28.691717
Portals Vells,2025-06-04 15:00:00,14.0,27.043087
Portals Vells,2025-06-04 16:00:00,11.0,25.979708
Portals Vells,2025-06-04 17:00:00,6.0,25.53216
Portals Vells,2025-06-04 18:00:00,28.0,21.898207
Portals Vells,2025-06-04 19:00:00,45.0,35.94892
Portals Vells,2025-06-04 20:00:00,48.0,45.064526
Portals Vells,2025-06-05 08:00:00,72.0,56.10163
Portals Vells,2025-06-05 09:00:00,62.0,44.444122
Portals Vells,2025-06-05 10:00:00,68.0,42.41284
Portals Vells,2025-06-05 11:00:00,57.0,42.8253
Portals Vells,2025-06-05 12:00:00,43.0,36.03744
Portals Vells,2025-06-05 13:00:00,32.0,34.914238
Portals Vells,2025-06-05 14:00:00,38.0,33.72499
Portals Vells,2025-06-05 15:00:00,40.0,30.86516
Portals Vells,2025-06-05 16:00:00,16.0,22.688227
Portals Vells,2025-06-05 17:00:00,7.0,23.10661
Portals Vells,2025-06-05 18:00:00,36.0,19.676563
Portals Vells,2025-06-05 19:00:00,42.0,31.598597
Portals Vells,2025-06-05 20:00:00,71.0,45.976112
Portals Vells,2025-06-06 08:00:00,55.0,54.909332
Portals Vells,2025-06-06 09:00:00,66.0,41.490604
Portals Vells,2025-06-06 10:00:00,63.0,41.1608
Portals Vells,2025-06-06 11:00:00,56.0,41.115437
Portals Vells,2025-06-06 12:00:00,44.0,40.923023
Portals Vells,2025-06-06 13:00:00,31.0,39.993523
Portals Vells,2025-06-06 14:00:00,23.0,40.52485
Portals Vells,2025-06-06 15:00:00,13.0,39.902317
Portals Vells,2025-06-06 16:00:00,10.0,31.695955
Portals Vells,2025-06-06 17:00:00,8.0,33.9233
Portals Vells,2025-06-06 18:00:00,20.0,26.298433
Portals Vells,2025-06-06 19:00:00,29.0,38.387047
Portals Vells,2025-06-06 20:00:00,28.0,40.756855
Portals Vells,2025-06-07 08:00:00,36.0,51.21474
Portals Vells,2025-06-07 09:00:00,30.0,44.358536
Portals Vells,2025-06-07 10:00:00,61.0,44.01067
Portals Vells,2025-06-07 11:00:00,29.0,33.1847
Portals Vells,2025-06-07 12:00:00,35.0,32.189236
Portals Vells,2025-06-07 13:00:00,20.0,30.295673
Portals Vells,2025-06-07 14:00:00,17.0,32.62794
Portals Vells,2025-06-07 15:00:00,19.0,32.785934
Portals Vells,2025-06-07 16:00:00,15.0,31.685036
Portals Vells,2025-06-07 17:00:00,7.0,33.03324
Portals Vells,2025-06-07 18:00:00,31.0,34.42146
Portals Vells,2025-06-07 19:00:00,40.0,39.963722
Portals Vells,2025-06-07 20:00:00,62.0,42.265404
Portals Vells,2025-06-08 08:00:00,36.0,50.309334
Portals Vells,2025-06-08 09:00:00,37.0,44.7739
Portals Vells,2025-06-08 10:00:00,52.0,51.298412
Portals Vells,2025-06-08 11:00:00,41.0,42.624374
Portals Vells,2025-06-08 12:00:00,45.0,47.439068
Portals Vells,2025-06-08 13:00:00,34.0,40.631874
Portals Vells,2025-06-08 14:00:00,22.0,42.751965
Portals Vells,2025-06-08 15:00:00,30.0,42.501106
Portals Vells,2025-06-08 16:00:00,29.0,33.796894
Portals Vells,2025-06-08 17:00:00,7.0,29.560472
Portals Vells,2025-06-08 18:00:00,30.0,32.55678
Portals Vells,2025-06-08 19:00:00,44.0,42.076424
Portals Vells,2025-06-08 20:00:00,60.0,42.80715
Portals Vells,2025-06-09 08:00:00,46.0,49.32278
Portals Vells,2025-06-09 09:00:00,34.0,48.250343
Portals Vells,2025-06-09 10:00:00,38.0,44.212013
Portals Vells,2025-06-09 11:00:00,39.0,44.197662
Portals Vells,2025-06-09 12:00:00,47.0,45.681843
Portals Vells,2025-06-09 13:00:00,39.0,43.51157
Portals Vells,2025-06-09 14:00:00,38.0,41.25636
Portals Vells,2025-06-09 15:00:00,24.0,42.933666
Portals Vells,2025-06-09 16:00:00,23.0,33.598164
Portals Vells,2025-06-09 17:00:00,7.0,33.509785
Portals Vells,2025-06-09 18:00:00,42.0,37.068596
Portals Vells,2025-06-09 19:00:00,32.0,43.219917
Portals Vells,2025-06-09 20:00:00,52.0,46.426487
Portals Vells,2025-06-10 08:00:00,44.0,52.024353
Portals Vells,2025-06-10 09:00:00,50.0,49.122566
Portals Vells,2025-06-10 10:00:00,48.0,47.968216
Portals Vells,2025-06-10 11:00:00,45.0,42.455814
Portals Vells,2025-06-10 12:00:00,34.0,41.474342
Portals Vells,2025-06-10 13:00:00,41.0,44.897835
Portals Vells,2025-06-10 14:00:00,29.0,40.07498
Portals Vells,2025-06-10 15:00:00,18.0,36.70071
Portals Vells,2025-06-10 16:00:00,22.0,31.652836
Portals Vells,2025-06-10 17:00:00,6.0,30.559687
Portals Vells,2025-06-10 18:00:00,29.0,28.23455
Portals Vells,2025-06-10 19:00:00,46.0,34.794964
Portals Vells,2025-06-10 20:00:00,59.0,36.009533
Portals Vells,2025-06-11 08:00:00,57.0,51.799763
Portals Vells,2025-06-11 09:00:00,42.0,50.91716
Portals Vells,2025-06-11 10:00:00,40.0,53.289356
Portals Vells,2025-06-11 11:00:00,40.0,45.487553
Portals Vells,2025-06-11 12:00:00,36.0,34.705173
Portals Vells,2025-06-11 13:00:00,25.0,37.16277
Portals Vells,2025-06-11 14:00:00,30.0,31.752296
Portals Vells,2025-06-11 15:00:00,23.0,28.263706
Portals Vells,2025-06-11 16:00:00,23.0,27.941952
Portals Vells,2025-06-11 17:00:00,6.0,22.831606
Portals Vells,2025-06-11 18:00:00,35.0,20.607914
Portals Vells,2025-06-11 19:00:00,55.0,32.552563
Portals Vells,2025-06-11 20:00:00,85.0,53.057148
Portals Vells,2025-06-12 08:00:00,95.0,58.518303
Portals Vells,2025-06-12 09:00:00,77.0,47.512943
Portals Vells,2025-06-12 10:00:00,79.0,48.93593
Portals Vells,2025-06-12 11:00:00,91.0,43.783455
Portals Vells,2025-06-12 12:00:00,91.0,40.080376
Portals Vells,2025-06-12 13:00:00,59.0,34.56641
Portals Vells,2025-06-12 14:00:00,62.0,35.82146
Portals Vells,2025-06-12 15:00:00,32.0,26.212452
Portals Vells,2025-06-12 16:00:00,33.0,30.775427
Portals Vells,2025-06-12 17:00:00,9.0,19.201565
Portals Vells,2025-06-12 18:00:00,22.0,22.081474
Portals Vells,2025-06-12 19:00:00,35.0,39.55408
Portals Vells,2025-06-12 20:00:00,71.0,58.99252
Portals Vells,2025-06-13 08:00:00,80.0,65.515656
Portals Vells,2025-06-13 09:00:00,76.0,57.495457
Portals Vells,2025-06-13 10:00:00,85.0,49.901897
Portals Vells,2025-06-13 11:00:00,85.0,52.00034
Portals Vells,2025-06-13 12:00:00,87.0,43.968307
Portals Vells,2025-06-13 13:00:00,53.0,35.98213
Portals Vells,2025-06-13 14:00:00,39.0,32.544674
Portals Vells,2025-06-13 15:00:00,26.0,29.809422
Portals Vells,2025-06-13 16:00:00,19.0,27.551165
Portals Vells,2025-06-13 17:00:00,8.0,21.921293
Portals Vells,2025-06-13 18:00:00,28.0,23.649414
Portals Vells,2025-06-13 19:00:00,42.0,43.416924
Portals Vells,2025-06-13 20:00:00,40.0,56.69481
Portals Vells,2025-06-14 08:00:00,61.0,61.38303
Portals Vells,2025-06-14 09:00:00,44.0,49.384506
Portals Vells,2025-06-14 10:00:00,25.0,50.28555
Portals Vells,2025-06-14 11:00:00,35.0,48.860565
Portals Vells,2025-06-14 12:00:00,42.0,45.218903
Portals Vells,2025-06-14 13:00:00,33.0,28.8336
Portals Vells,2025-06-14 14:00:00,35.0,27.047447
Portals Vells,2025-06-14 15:00:00,19.0,23.827812
Portals Vells,2025-06-14 16:00:00,15.0,25.371195
Portals Vells,2025-06-14 17:00:00,7.0,26.737488
Portals Vells,2025-06-14 18:00:00,20.0,27.768204
Portals Vells,2025-06-14 19:00:00,28.0,32.688206
Portals Vells,2025-06-14 20:00:00,40.0,55.09224
Portals Vells,2025-06-15 08:00:00,58.0,57.664753
Portals Vells,2025-06-15 09:00:00,49.0,38.2229
Portals Vells,2025-06-15 10:00:00,52.0,36.311802
Portals Vells,2025-06-15 11:00:00,48.0,35.588783
Portals Vells,2025-06-15 12:00:00,60.0,36.641716
Portals Vells,2025-06-15 13:00:00,47.0,37.329597
Portals Vells,2025-06-15 14:00:00,50.0,37.157513
Portals Vells,2025-06-15 15:00:00,21.0,32.35029
Portals Vells,2025-06-15 16:00:00,21.0,33.445065
Portals Vells,2025-06-15 17:00:00,7.0,30.19136
Portals Vells,2025-06-15 18:00:00,20.0,21.479408
Portals Vells,2025-06-15 19:00:00,29.0,38.52243
Portals Vells,2025-06-15 20:00:00,44.0,43.25027
Portals Vells,2025-06-16 08:00:00,39.0,52.91223
Portals Vells,2025-06-16 09:00:00,30.0,40.13964
Portals Vells,2025-06-16 10:00:00,47.0,41.757183
Portals Vells,2025-06-16 11:00:00,53.0,39.279705
Portals Vells,2025-06-16 12:00:00,38.0,34.779083
Portals Vells,2025-06-16 13:00:00,19.0,32.85785
Portals Vells,2025-06-16 14:00:00,18.0,29.09313
Portals Vells,2025-06-16 15:00:00,28.0,29.282938
Portals Vells,2025-06-16 16:00:00,19.0,27.646166
Portals Vells,2025-06-16 17:00:00,7.0,19.00214
Portals Vells,2025-06-16 18:00:00,30.0,22.969614
Portals Vells,2025-06-16 19:00:00,32.0,29.173145
Portals Vells,2025-06-16 20:00:00,58.0,48.560658
Portals Vells,2025-06-17 08:00:00,67.0,57.126038
Portals Vells,2025-06-17 09:00:00,49.0,41.597927
Portals Vells,2025-06-17 10:00:00,52.0,40.39971
Portals Vells,2025-06-17 11:00:00,66.0,36.1711
Portals Vells,2025-06-17 12:00:00,47.0,31.363726
Portals Vells,2025-06-17 13:00:00,62.0,29.284481
Portals Vells,2025-06-17 14:00:00,39.0,27.548954
Portals Vells,2025-06-17 15:00:00,31.0,25.818148
Portals Vells,2025-06-17 16:00:00,21.0,26.756983
Portals Vells,2025-06-17 17:00:00,6.0,27.973368
Portals Vells,2025-06-17 18:00:00,24.0,19.503328
Portals Vells,2025-06-17 19:00:00,35.0,31.950848
Portals Vells,2025-06-17 20:00:00,60.0,38.808773
Portals Vells,2025-06-18 08:00:00,63.0,59.79411
Portals Vells,2025-06-18 09:00:00,62.0,51.990555
Portals Vells,2025-06-18 10:00:00,31.0,51.52697
Portals Vells,2025-06-18 11:00:00,36.0,38.09562
Portals Vells,2025-06-18 12:00:00,39.0,33.00956
Portals Vells,2025-06-18 13:00:00,39.0,36.204853
Portals Vells,2025-06-18 14:00:00,37.0,34.058018
Portals Vells,2025-06-18 15:00:00,29.0,29.754877
Portals Vells,2025-06-18 16:00:00,20.0,27.924276
Portals Vells,2025-06-18 17:00:00,8.0,27.903568
Portals Vells,2025-06-18 18:00:00,25.0,21.12791
Portals Vells,2025-06-18 19:00:00,37.0,34.29741
Portals Vells,2025-06-18 20:00:00,56.0,39.0613
Portals Vells,2025-06-19 08:00:00,65.0,61.40325
Portals Vells,2025-06-19 09:00:00,54.0,49.946804
Portals Vells,2025-06-19 10:00:00,59.0,56.183395
Portals Vells,2025-06-19 11:00:00,69.0,44.32461
Portals Vells,2025-06-19 12:00:00,52.0,41.196983
Portals Vells,2025-06-19 13:00:00,46.0,38.38919
Portals Vells,2025-06-19 14:00:00,43.0,37.84198
Portals Vells,2025-06-19 15:00:00,32.0,33.579365
Portals Vells,2025-06-19 16:00:00,13.0,30.55885
Portals Vells,2025-06-19 17:00:00,10.0,26.825806
Portals Vells,2025-06-19 18:00:00,34.0,23.84781
Portals Vells,2025-06-19 19:00:00,61.0,42.315884
Portals Vells,2025-06-19 20:00:00,81.0,47.533913
Portals Vells,2025-06-20 08:00:00,84.0,61.38838
Portals Vells,2025-06-20 09:00:00,71.0,54.889687
Portals Vells,2025-06-20 10:00:00,63.0,50.32948
Portals Vells,2025-06-20 11:00:00,83.0,43.63806
Portals Vells,2025-06-20 12:00:00,57.0,41.502464
Portals Vells,2025-06-20 13:00:00,68.0,40.680206
Portals Vells,2025-06-20 14:00:00,63.0,41.45521
Portals Vells,2025-06-20 15:00:00,41.0,39.746838
Portals Vells,2025-06-20 16:00:00,20.0,39.089005
Portals Vells,2025-06-20 17:00:00,6.0,28.350008
Portals Vells,2025-06-20 18:00:00,35.0,21.955286
Portals Vells,2025-06-20 19:00:00,38.0,32.653877
Portals Vells,2025-06-20 20:00:00,50.0,42.850075
Portals Vells,2025-06-21 08:00:00,45.0,63.886578
Portals Vells,2025-06-21 09:00:00,45.0,45.580433
Portals Vells,2025-06-21 10:00:00,32.0,43.065536
Portals Vells,2025-06-21 11:00:00,47.0,35.520008
Portals Vells,2025-06-21 12:00:00,47.0,31.502054
Portals Vells,2025-06-21 13:00:00,24.0,33.244
Portals Vells,2025-06-21 14:00:00,18.0,30.15742
Portals Vells,2025-06-21 15:00:00,15.0,30.808273
Portals Vells,2025-06-21 16:00:00,7.0,23.668787
Portals Vells,2025-06-21 17:00:00,37.0,37.128437
Portals Vells,2025-06-21 18:00:00,35.0,36.810585
Portals Vells,2025-06-21 19:00:00,50.0,43.278248
Portals Vells,2025-06-21 20:00:00,60.0,45.469254
Portals Vells,2025-06-22 08:00:00,48.0,51.390285
Portals Vells,2025-06-22 09:00:00,33.0,45.546047
Portals Vells,2025-06-22 10:00:00,45.0,43.512806
Portals Vells,2025-06-22 11:00:00,53.0,46.731663
Portals Vells,2025-06-22 12:00:00,43.0,40.28067
Portals Vells,2025-06-22 13:00:00,31.0,46.88356
Portals Vells,2025-06-22 14:00:00,19.0,41.96844
Portals Vells,2025-06-22 15:00:00,18.0,34.144756
Portals Vells,2025-06-22 16:00:00,6.0,28.66661
Portals Vells,2025-06-22 17:00:00,38.0,37.614788
Portals Vells,2025-06-22 18:00:00,39.0,47.871613
Portals Vells,2025-06-22 19:00:00,43.0,55.009678
Portals Vells,2025-06-22 20:00:00,67.0,59.180054
Portals Vells,2025-06-23 08:00:00,34.0,59.40847
Portals Vells,2025-06-23 09:00:00,35.0,56.35991
Portals Vells,2025-06-23 10:00:00,63.0,52.235832
Portals Vells,2025-06-23 11:00:00,45.0,49.91806
Portals Vells,2025-06-23 12:00:00,42.0,51.53254
Portals Vells,2025-06-23 13:00:00,47.0,47.769394
Portals Vells,2025-06-23 14:00:00,18.0,33.532238
Portals Vells,2025-06-23 15:00:00,22.0,29.588232
Portals Vells,2025-06-23 16:00:00,6.0,27.569328
Portals Vells,2025-06-23 17:00:00,30.0,29.012167
Portals Vells,2025-06-23 18:00:00,44.0,41.354115
Portals Vells,2025-06-23 19:00:00,46.0,49.452724
Portals Vells,2025-06-23 20:00:00,57.0,54.60108
Portals Vells,2025-06-24 08:00:00,59.0,53.968292
Portals Vells,2025-06-24 09:00:00,55.0,44.007664
Portals Vells,2025-06-24 10:00:00,54.0,39.041096
Portals Vells,2025-06-24 11:00:00,51.0,37.005245
Portals Vells,2025-06-24 12:00:00,41.0,38.584488
Portals Vells,2025-06-24 13:00:00,40.0,35.73422
Portals Vells,2025-06-24 14:00:00,24.0,32.310574
Portals Vells,2025-06-24 15:00:00,14.0,30.615004
Portals Vells,2025-06-24 16:00:00,6.0,26.384577
Portals Vells,2025-06-24 17:00:00,31.0,32.778214
Portals Vells,2025-06-24 18:00:00,34.0,37.965637
Portals Vells,2025-06-24 19:00:00,46.0,39.668922
Portals Vells,2025-06-24 20:00:00,47.0,44.266838
Portals Vells,2025-06-25 08:00:00,59.0,49.555115
Portals Vells,2025-06-25 09:00:00,66.0,41.682518
Portals Vells,2025-06-25 10:00:00,56.0,39.400066
Portals Vells,2025-06-25 11:00:00,53.0,32.95332
Portals Vells,2025-06-25 12:00:00,40.0,32.914528
Portals Vells,2025-06-25 13:00:00,45.0,33.69305
Portals Vells,2025-06-25 14:00:00,23.0,28.647387
Portals Vells,2025-06-25 15:00:00,12.0,26.84566
Portals Vells,2025-06-25 16:00:00,8.0,24.123152
Portals Vells,2025-06-25 17:00:00,37.0,20.440233
Portals Vells,2025-06-25 18:00:00,63.0,34.717392
Portals Vells,2025-06-25 19:00:00,84.0,38.619
Portals Vells,2025-06-25 20:00:00,82.0,52.93892
Portals Vells,2025-06-26 08:00:00,65.0,56.465622
Portals Vells,2025-06-26 09:00:00,65.0,43.60002
Portals Vells,2025-06-26 10:00:00,43.0,36.60951
Portals Vells,2025-06-26 11:00:00,65.0,34.394344
Portals Vells,2025-06-26 12:00:00,62.0,36.873398
Portals Vells,2025-06-26 13:00:00,56.0,35.829746
Portals Vells,2025-06-26 14:00:00,33.0,31.516644
Portals Vells,2025-06-26 15:00:00,28.0,31.41777
Portals Vells,2025-06-26 16:00:00,7.0,33.967957
Portals Vells,2025-06-26 17:00:00,30.0,23.69913
Portals Vells,2025-06-26 18:00:00,48.0,33.27185
Portals Vells,2025-06-26 19:00:00,66.0,47.278736
Portals Vells,2025-06-26 20:00:00,82.0,56.653946
Portals Vells,2025-06-27 08:00:00,68.0,66.75614
Portals Vells,2025-06-27 09:00:00,91.0,58.655823
Portals Vells,2025-06-27 10:00:00,83.0,47.20215
Portals Vells,2025-06-27 11:00:00,62.0,41.060074
Portals Vells,2025-06-27 12:00:00,88.0,40.65867
Portals Vells,2025-06-27 13:00:00,72.0,41.74809
Portals Vells,2025-06-27 14:00:00,49.0,37.546288
Portals Vells,2025-06-27 15:00:00,24.0,33.07452
Portals Vells,2025-06-27 16:00:00,7.0,30.094597
Portals Vells,2025-06-27 17:00:00,33.0,22.182682
Portals Vells,2025-06-27 18:00:00,31.0,29.33358
Portals Vells,2025-06-27 19:00:00,42.0,41.21892
Portals Vells,2025-06-27 20:00:00,57.0,45.64471
Portals Vells,2025-06-28 08:00:00,70.0,62.71953
Portals Vells,2025-06-28 09:00:00,78.0,37.533356
Portals Vells,2025-06-28 10:00:00,47.0,34.644802
Portals Vells,2025-06-28 11:00:00,42.0,31.592796
Portals Vells,2025-06-28 12:00:00,40.0,32.953247
Portals Vells,2025-06-28 13:00:00,23.0,33.527435
Portals Vells,2025-06-28 14:00:00,28.0,28.422668
Portals Vells,2025-06-28 15:00:00,17.0,32.911766
Portals Vells,2025-06-28 16:00:00,6.0,32.024563
Portals Vells,2025-06-28 17:00:00,24.0,33.139797
Portals Vells,2025-06-28 18:00:00,18.0,34.154987
Portals Vells,2025-06-28 19:00:00,18.0,33.01307
Portals Vells,2025-06-28 20:00:00,14.0,30.73976
Portals Vells,2025-06-29 08:00:00,11.0,36.19978
Portals Vells,2025-06-29 09:00:00,29.0,54.074856
Portals Vells,2025-06-29 10:00:00,32.0,47.962902
Portals Vells,2025-06-29 11:00:00,23.0,43.83245
Portals Vells,2025-06-29 12:00:00,25.0,47.451252
Portals Vells,2025-06-29 13:00:00,30.0,44.97283
Portals Vells,2025-06-29 14:00:00,20.0,38.6491
Portals Vells,2025-06-29 15:00:00,17.0,32.096886
Portals Vells,2025-06-29 16:00:00,6.0,27.162254
Portals Vells,2025-06-29 17:00:00,31.0,35.705387
Portals Vells,2025-06-29 18:00:00,35.0,35.88326
Portals Vells,2025-06-29 19:00:00,45.0,40.08767
Portals Vells,2025-06-29 20:00:00,65.0,50.52572
Portals Vells,2025-06-30 08:00:00,46.0,53.93661
Portals Vells,2025-06-30 09:00:00,55.0,51.481106
Portals Vells,2025-06-30 10:00:00,64.0,49.537968
Portals Vells,2025-06-30 11:00:00,45.0,47.58144
Portals Vells,2025-06-30 12:00:00,47.0,44.423206
Portals Vells,2025-06-30 13:00:00,35.0,43.88824
Portals Vells,2025-06-30 14:00:00,23.0,39.83591
Portals Vells,2025-06-30 15:00:00,19.0,36.73382
Portals Vells,2025-06-30 17:00:00,6.0,31.921581
Portals Vells,2025-06-30 18:00:00,38.0,18.584518
Portals Vells,2025-06-30 19:00:00,37.0,28.604685
Portals Vells,2025-06-30 20:00:00,41.0,37.45162
Portals Vells,2025-07-01 08:00:00,60.0,53.226425
Portals Vells,2025-07-01 09:00:00,49.0,48.846676
Portals Vells,2025-07-01 10:00:00,51.0,46.8792
Portals Vells,2025-07-01 11:00:00,49.0,42.26182
Portals Vells,2025-07-01 12:00:00,55.0,41.345104
Portals Vells,2025-07-01 13:00:00,30.0,39.582684
Portals Vells,2025-07-01 14:00:00,52.0,37.763363
Portals Vells,2025-07-01 15:00:00,36.0,34.371178
Portals Vells,2025-07-01 16:00:00,19.0,28.126366
Portals Vells,2025-07-01 17:00:00,6.0,30.913095
Portals Vells,2025-07-01 18:00:00,30.0,26.900385
Portals Vells,2025-07-01 19:00:00,71.0,25.691696
Portals Vells,2025-07-01 20:00:00,51.0,35.00188
Portals Vells,2025-07-02 08:00:00,79.0,51.738274
Portals Vells,2025-07-02 09:00:00,55.0,51.147346
Portals Vells,2025-07-02 10:00:00,75.0,46.223537
Portals Vells,2025-07-02 11:00:00,70.0,37.924168
Portals Vells,2025-07-02 12:00:00,53.0,36.515583
Portals Vells,2025-07-02 13:00:00,32.0,37.342537
Portals Vells,2025-07-02 14:00:00,24.0,37.179718
Portals Vells,2025-07-02 15:00:00,7.0,26.835325
Portals Vells,2025-07-02 16:00:00,29.0,19.273989
Portals Vells,2025-07-02 17:00:00,34.0,22.438866
Portals Vells,2025-07-02 18:00:00,39.0,31.833258
Portals Vells,2025-07-02 19:00:00,36.0,47.59443
Portals Vells,2025-07-02 20:00:00,36.0,47.80837
Portals Vells,2025-07-03 08:00:00,28.0,52.927856
Portals Vells,2025-07-03 09:00:00,23.0,44.596455
Portals Vells,2025-07-03 10:00:00,31.0,39.833225
Portals Vells,2025-07-03 11:00:00,40.0,39.91153
Portals Vells,2025-07-03 12:00:00,17.0,37.711514
Portals Vells,2025-07-03 13:00:00,22.0,36.610092
Portals Vells,2025-07-03 14:00:00,26.0,33.26773
Portals Vells,2025-07-03 15:00:00,7.0,27.44748
Portals Vells,2025-07-03 16:00:00,43.0,28.581657
Portals Vells,2025-07-03 17:00:00,51.0,39.418083
Portals Vells,2025-07-03 18:00:00,74.0,47.15839
Portals Vells,2025-07-03 19:00:00,103.0,56.38191
Portals Vells,2025-07-03 20:00:00,65.0,62.16123
Portals Vells,2025-07-04 08:00:00,83.0,58.616753
Portals Vells,2025-07-04 09:00:00,67.0,50.31984
Portals Vells,2025-07-04 10:00:00,77.0,45.34044
Portals Vells,2025-07-04 11:00:00,53.0,39.88057
Portals Vells,2025-07-04 12:00:00,50.0,38.849285
Portals Vells,2025-07-04 13:00:00,37.0,35.038956
Portals Vells,2025-07-04 14:00:00,27.0,33.885715
Portals Vells,2025-07-04 15:00:00,7.0,27.766283
Portals Vells,2025-07-04 16:00:00,37.0,31.619015
Portals Vells,2025-07-04 17:00:00,42.0,43.39245
Portals Vells,2025-07-04 18:00:00,49.0,44.474094
Portals Vells,2025-07-04 19:00:00,44.0,52.30945
Portals Vells,2025-07-04 20:00:00,50.0,53.836025
Portals Vells,2025-07-05 08:00:00,39.0,52.95529
Portals Vells,2025-07-05 09:00:00,36.0,42.94526
Portals Vells,2025-07-05 10:00:00,34.0,42.978836
Portals Vells,2025-07-05 11:00:00,30.0,46.64763
Portals Vells,2025-07-05 12:00:00,17.0,49.270164
Portals Vells,2025-07-05 13:00:00,17.0,41.2415
Portals Vells,2025-07-05 14:00:00,17.0,32.196117
Portals Vells,2025-07-05 15:00:00,7.0,29.8128
Portals Vells,2025-07-05 16:00:00,29.0,37.783623
Portals Vells,2025-07-05 17:00:00,38.0,38.369373
Portals Vells,2025-07-05 18:00:00,60.0,41.621647
Portals Vells,2025-07-05 19:00:00,79.0,49.282528
Portals Vells,2025-07-05 20:00:00,40.0,47.3679
Portals Vells,2025-07-06 08:00:00,65.0,50.34255
Portals Vells,2025-07-06 09:00:00,73.0,44.00532
Portals Vells,2025-07-06 10:00:00,42.0,43.60352
Portals Vells,2025-07-06 11:00:00,31.0,43.603516
Portals Vells,2025-07-06 12:00:00,30.0,43.046326
Portals Vells,2025-07-06 13:00:00,18.0,41.995804
Portals Vells,2025-07-06 14:00:00,22.0,32.95474
Portals Vells,2025-07-06 15:00:00,6.0,30.289783
Portals Vells,2025-07-06 16:00:00,40.0,37.024727
Portals Vells,2025-07-06 17:00:00,56.0,42.079502
Portals Vells,2025-07-06 18:00:00,59.0,49.80239
Portals Vells,2025-07-06 19:00:00,59.0,56.99579
Portals Vells,2025-07-06 20:00:00,61.0,62.755066
Portals Vells,2025-07-07 08:00:00,54.0,62.635082
Portals Vells,2025-07-07 09:00:00,75.0,59.40429
Portals Vells,2025-07-07 10:00:00,40.0,57.912937
Portals Vells,2025-07-07 11:00:00,40.0,51.597904
Portals Vells,2025-07-07 12:00:00,47.0,45.329723
Portals Vells,2025-07-07 13:00:00,18.0,43.497498
Portals Vells,2025-07-07 14:00:00,22.0,36.49958
Portals Vells,2025-07-07 15:00:00,7.0,32.455727
Portals Vells,2025-07-07 16:00:00,46.0,37.93665
Portals Vells,2025-07-07 17:00:00,42.0,44.784557
Portals Vells,2025-07-07 18:00:00,73.0,49.82404
Portals Vells,2025-07-07 19:00:00,68.0,59.90596
Portals Vells,2025-07-07 20:00:00,60.0,61.712
Portals Vells,2025-07-08 08:00:00,49.0,55.001663
Portals Vells,2025-07-08 09:00:00,61.0,44.364902
Portals Vells,2025-07-08 10:00:00,40.0,40.093742
Portals Vells,2025-07-08 11:00:00,43.0,35.582012
Portals Vells,2025-07-08 12:00:00,31.0,30.508068
Portals Vells,2025-07-08 13:00:00,22.0,22.744091
Portals Vells,2025-07-08 14:00:00,23.0,24.223064
Portals Vells,2025-07-08 15:00:00,7.0,21.060556
Portals Vells,2025-07-08 16:00:00,30.0,20.16904
Portals Vells,2025-07-08 17:00:00,58.0,30.290733
Portals Vells,2025-07-08 18:00:00,55.0,34.68423
Portals Vells,2025-07-08 19:00:00,69.0,47.313877
Portals Vells,2025-07-08 20:00:00,75.0,47.44913
Portals Vells,2025-07-09 08:00:00,56.0,49.292625
Portals Vells,2025-07-09 09:00:00,69.0,42.14482
Portals Vells,2025-07-09 10:00:00,71.0,36.16953
Portals Vells,2025-07-09 11:00:00,69.0,30.386803
Portals Vells,2025-07-09 12:00:00,44.0,31.30997
Portals Vells,2025-07-09 13:00:00,24.0,29.938559
Portals Vells,2025-07-09 14:00:00,35.0,29.683012
Portals Vells,2025-07-09 15:00:00,6.0,23.395042
Portals Vells,2025-07-09 16:00:00,39.0,21.114824
Portals Vells,2025-07-09 17:00:00,53.0,30.217329
Portals Vells,2025-07-09 18:00:00,71.0,40.118702
Portals Vells,2025-07-09 19:00:00,57.0,52.208195
Portals Vells,2025-07-09 20:00:00,64.0,55.243748
Portals Vells,2025-07-10 08:00:00,60.0,55.38593
Portals Vells,2025-07-10 09:00:00,58.0,43.273037
Portals Vells,2025-07-10 10:00:00,57.0,37.582375
Portals Vells,2025-07-10 11:00:00,49.0,35.993
Portals Vells,2025-07-10 12:00:00,44.0,39.366062
Portals Vells,2025-07-10 13:00:00,19.0,29.122696
Portals Vells,2025-07-10 14:00:00,28.0,27.027704
Portals Vells,2025-07-10 15:00:00,7.0,22.917425
Portals Vells,2025-07-10 16:00:00,38.0,22.186113
Portals Vells,2025-07-10 17:00:00,80.0,34.958992
Portals Vells,2025-07-10 18:00:00,94.0,43.255512
Portals Vells,2025-07-10 19:00:00,92.0,54.15014
Portals Vells,2025-07-10 20:00:00,88.0,61.260098
Portals Vells,2025-07-11 08:00:00,75.0,61.497967
Portals Vells,2025-07-11 09:00:00,50.0,52.086372
Portals Vells,2025-07-11 10:00:00,61.0,45.3883
Portals Vells,2025-07-11 11:00:00,67.0,41.87096
Portals Vells,2025-07-11 12:00:00,53.0,44.952564
Portals Vells,2025-07-11 15:00:00,50.0,40.781013
Portals Vells,2025-07-11 16:00:00,34.0,34.519005
Portals Vells,2025-07-11 17:00:00,7.0,29.412273
Portals Vells,2025-07-11 18:00:00,44.0,37.357143
Portals Vells,2025-07-11 19:00:00,75.0,34.818012
Portals Vells,2025-07-11 20:00:00,85.0,46.074474
Portals Vells,2025-07-12 08:00:00,85.0,55.964455
Portals Vells,2025-07-12 09:00:00,65.0,47.486828
Portals Vells,2025-07-12 10:00:00,94.0,49.857414
Portals Vells,2025-07-12 11:00:00,74.0,49.126556
Portals Vells,2025-07-12 12:00:00,61.0,49.13529
Portals Vells,2025-07-12 13:00:00,55.0,44.329067
Portals Vells,2025-07-12 14:00:00,46.0,35.799107
Portals Vells,2025-07-12 15:00:00,17.0,28.566622
Portals Vells,2025-07-12 16:00:00,27.0,30.163223
Portals Vells,2025-07-12 17:00:00,7.0,21.944149
Portals Vells,2025-07-12 18:00:00,34.0,20.24386
Portals Vells,2025-07-12 19:00:00,46.0,30.555155
Portals Vells,2025-07-12 20:00:00,63.0,37.141697
Portals Vells,2025-07-13 08:00:00,67.0,54.995377
Portals Vells,2025-07-13 09:00:00,41.0,45.567196
Portals Vells,2025-07-13 10:00:00,71.0,44.99137
Portals Vells,2025-07-13 11:00:00,43.0,43.670486
Portals Vells,2025-07-13 12:00:00,37.0,42.49518
Portals Vells,2025-07-13 13:00:00,31.0,49.16383
Portals Vells,2025-07-13 14:00:00,32.0,42.972775
Portals Vells,2025-07-13 15:00:00,17.0,40.67122
Portals Vells,2025-07-13 16:00:00,19.0,31.658651
Portals Vells,2025-07-13 17:00:00,7.0,27.985027
Portals Vells,2025-07-13 18:00:00,36.0,35.828903
Portals Vells,2025-07-13 19:00:00,54.0,33.9471
Portals Vells,2025-07-13 20:00:00,73.0,36.326855
Portals Vells,2025-07-14 08:00:00,65.0,49.256725
Portals Vells,2025-07-14 09:00:00,41.0,51.814182
Portals Vells,2025-07-14 10:00:00,43.0,53.197475
Portals Vells,2025-07-14 11:00:00,68.0,48.330715
Portals Vells,2025-07-14 12:00:00,45.0,44.89502
Portals Vells,2025-07-14 13:00:00,31.0,45.12556
Portals Vells,2025-07-14 14:00:00,19.0,44.136948
Portals Vells,2025-07-14 15:00:00,33.0,37.701206
Portals Vells,2025-07-14 16:00:00,13.0,33.73212
Portals Vells,2025-07-14 17:00:00,9.0,26.615377
Portals Vells,2025-07-14 18:00:00,23.0,15.877403
Portals Vells,2025-07-14 19:00:00,16.0,20.732851
Portals Vells,2025-07-14 20:00:00,25.0,28.380352
Portals Vells,2025-07-15 08:00:00,17.0,48.986984
Portals Vells,2025-07-15 09:00:00,23.0,39.059124
Portals Vells,2025-07-15 10:00:00,13.0,30.438822
Portals Vells,2025-07-15 11:00:00,15.0,40.049458
Portals Vells,2025-07-15 12:00:00,17.0,40.067257
Portals Vells,2025-07-15 13:00:00,18.0,44.484005
Portals Vells,2025-07-15 14:00:00,9.0,43.70411
Portals Vells,2025-07-15 15:00:00,14.0,42.360973
Portals Vells,2025-07-15 16:00:00,14.0,37.42262
Portals Vells,2025-07-15 17:00:00,7.0,37.294994
Portals Vells,2025-07-15 18:00:00,16.0,33.934845
Portals Vells,2025-07-15 19:00:00,13.0,29.44554
Portals Vells,2025-07-15 20:00:00,23.0,35.70013
Portals Vells,2025-07-16 08:00:00,29.0,47.408024
Portals Vells,2025-07-16 09:00:00,31.0,52.869537
Portals Vells,2025-07-16 10:00:00,42.0,52.406536
Portals Vells,2025-07-16 11:00:00,34.0,50.472366
Portals Vells,2025-07-16 12:00:00,34.0,51.16103
Portals Vells,2025-07-16 13:00:00,22.0,45.208324
Portals Vells,2025-07-16 14:00:00,26.0,41.493534
Portals Vells,2025-07-16 15:00:00,25.0,42.57269
Portals Vells,2025-07-16 16:00:00,25.0,36.595497
Portals Vells,2025-07-16 17:00:00,6.0,31.357973
Portals Vells,2025-07-16 18:00:00,29.0,35.41225
Portals Vells,2025-07-16 19:00:00,45.0,29.976923
Portals Vells,2025-07-16 20:00:00,73.0,40.87239
Portals Vells,2025-07-17 08:00:00,86.0,60.255253
Portals Vells,2025-07-17 09:00:00,76.0,49.67218
Portals Vells,2025-07-17 10:00:00,65.0,49.06538
Portals Vells,2025-07-17 11:00:00,71.0,45.3425
Portals Vells,2025-07-17 12:00:00,63.0,46.695496
Portals Vells,2025-07-17 13:00:00,57.0,47.7284
Portals Vells,2025-07-17 14:00:00,43.0,48.531246
Portals Vells,2025-07-17 15:00:00,36.0,43.619354
Portals Vells,2025-07-17 16:00:00,22.0,34.226463
Portals Vells,2025-07-17 17:00:00,7.0,33.680264
Portals Vells,2025-07-17 18:00:00,44.0,33.99497
Portals Vells,2025-07-17 19:00:00,75.0,33.970093
Portals Vells,2025-07-17 20:00:00,84.0,45.894146
Portals Vells,2025-07-18 08:00:00,72.0,59.260883
Portals Vells,2025-07-18 09:00:00,72.0,59.45902
Portals Vells,2025-07-18 10:00:00,104.0,53.314354
Portals Vells,2025-07-18 11:00:00,90.0,52.060856
Portals Vells,2025-07-18 12:00:00,48.0,48.846493
Portals Vells,2025-07-18 13:00:00,58.0,48.33798
Portals Vells,2025-07-18 14:00:00,36.0,49.24286
Portals Vells,2025-07-18 15:00:00,27.0,45.00802
Portals Vells,2025-07-18 16:00:00,26.0,36.65292
Portals Vells,2025-07-18 17:00:00,8.0,32.77063
Portals Vells,2025-07-18 18:00:00,45.0,36.594658
Portals Vells,2025-07-18 19:00:00,60.0,30.786808
Portals Vells,2025-07-18 20:00:00,67.0,36.947617
Portals Vells,2025-07-19 08:00:00,62.0,50.976078
Portals Vells,2025-07-19 09:00:00,75.0,47.66306
Portals Vells,2025-07-19 10:00:00,57.0,49.79477
Portals Vells,2025-07-19 11:00:00,32.0,53.803505
Portals Vells,2025-07-19 12:00:00,24.0,50.5444
Portals Vells,2025-07-19 13:00:00,19.0,49.13055
Portals Vells,2025-07-19 14:00:00,17.0,48.412643
Portals Vells,2025-07-19 15:00:00,15.0,42.923775
Portals Vells,2025-07-19 16:00:00,16.0,33.553543
Portals Vells,2025-07-19 17:00:00,7.0,32.73827
Portals Vells,2025-07-19 18:00:00,31.0,35.22323
Portals Vells,2025-07-19 19:00:00,45.0,25.06536
Portals Vells,2025-07-19 20:00:00,52.0,41.483135
Portals Vells,2025-07-20 08:00:00,23.0,35.45491
Portals Vells,2025-07-20 09:00:00,22.0,45.34933
Portals Vells,2025-07-20 10:00:00,36.0,41.18841
Portals Vells,2025-07-20 11:00:00,39.0,39.7498
Portals Vells,2025-07-20 12:00:00,32.0,44.43805
Portals Vells,2025-07-20 13:00:00,29.0,47.417366
Portals Vells,2025-07-20 14:00:00,31.0,47.710274
Portals Vells,2025-07-20 15:00:00,21.0,41.285187
Portals Vells,2025-07-20 16:00:00,18.0,32.742653
Portals Vells,2025-07-20 17:00:00,7.0,29.513073
Portals Vells,2025-07-20 18:00:00,35.0,29.599836
Portals Vells,2025-07-20 19:00:00,52.0,35.7185
Portals Vells,2025-07-20 20:00:00,49.0,44.79204
Portals Vells,2025-07-21 08:00:00,51.0,51.52568
Portals Vells,2025-07-21 09:00:00,46.0,53.76853
Portals Vells,2025-07-21 10:00:00,59.0,57.719563
Portals Vells,2025-07-21 11:00:00,47.0,50.240578
Portals Vells,2025-07-21 12:00:00,59.0,56.331944
Portals Vells,2025-07-21 13:00:00,43.0,56.806328
Portals Vells,2025-07-21 14:00:00,35.0,50.691555
Portals Vells,2025-07-21 15:00:00,25.0,42.54225
Portals Vells,2025-07-21 16:00:00,6.0,33.052063
Portals Vells,2025-07-21 17:00:00,7.0,29.098766
Portals Vells,2025-07-21 18:00:00,51.0,34.28479
Portals Vells,2025-07-21 19:00:00,73.0,38.433556
Portals Vells,2025-07-21 20:00:00,68.0,55.791065
Portals Vells,2025-07-22 08:00:00,65.0,64.20435
Portals Vells,2025-07-22 09:00:00,48.0,61.077057
Portals Vells,2025-07-22 10:00:00,55.0,57.908127
Portals Vells,2025-07-22 11:00:00,63.0,57.238083
Portals Vells,2025-07-22 12:00:00,58.0,58.198452
Portals Vells,2025-07-22 13:00:00,47.0,54.732307
Portals Vells,2025-07-22 14:00:00,44.0,53.225136
Portals Vells,2025-07-22 15:00:00,17.0,44.91166
Portals Vells,2025-07-22 16:00:00,6.0,36.11945
Portals Vells,2025-07-22 17:00:00,7.0,31.910654
Portals Vells,2025-07-22 18:00:00,63.0,36.266937
Portals Vells,2025-07-22 19:00:00,67.0,39.525303
Portals Vells,2025-07-22 20:00:00,81.0,48.974537
Portals Vells,2025-07-23 08:00:00,45.0,58.424282
Portals Vells,2025-07-23 09:00:00,58.0,48.08136
Portals Vells,2025-07-23 10:00:00,96.0,49.755867
Portals Vells,2025-07-23 11:00:00,56.0,43.6516
Portals Vells,2025-07-23 12:00:00,48.0,48.86941
Portals Vells,2025-07-23 13:00:00,44.0,45.066425
Portals Vells,2025-07-23 14:00:00,31.0,42.58378
Portals Vells,2025-07-23 15:00:00,21.0,42.726883
Portals Vells,2025-07-23 16:00:00,6.0,36.825455
Portals Vells,2025-07-23 17:00:00,6.0,33.82742
Portals Vells,2025-07-23 18:00:00,65.0,26.976126
Portals Vells,2025-07-23 19:00:00,72.0,41.693348
Portals Vells,2025-07-23 20:00:00,98.0,45.971672
Portals Vells,2025-07-24 08:00:00,79.0,55.78106
Portals Vells,2025-07-24 09:00:00,90.0,57.999
Portals Vells,2025-07-24 10:00:00,88.0,55.244274
Portals Vells,2025-07-24 11:00:00,104.0,48.066765
Portals Vells,2025-07-24 12:00:00,87.0,47.092934
Portals Vells,2025-07-24 13:00:00,80.0,33.783733
Portals Vells,2025-07-24 14:00:00,35.0,23.186705
Portals Vells,2025-07-24 15:00:00,27.0,19.771498
Portals Vells,2025-07-24 16:00:00,7.0,17.518812
Portals Vells,2025-07-24 17:00:00,6.0,13.2063
Portals Vells,2025-07-24 18:00:00,37.0,16.07049
Portals Vells,2025-07-24 19:00:00,54.0,25.232986
Portals Vells,2025-07-24 20:00:00,62.0,42.63687
Portals Vells,2025-07-25 08:00:00,63.0,56.00321
Portals Vells,2025-07-25 09:00:00,89.0,48.446663
Portals Vells,2025-07-25 10:00:00,130.0,42.876987
Portals Vells,2025-07-25 11:00:00,137.0,39.807217
Portals Vells,2025-07-25 12:00:00,82.0,37.489574
Portals Vells,2025-07-25 13:00:00,61.0,30.993225
Portals Vells,2025-07-25 14:00:00,28.0,31.144508
Portals Vells,2025-07-25 15:00:00,20.0,26.830297
Portals Vells,2025-07-25 16:00:00,8.0,24.011868
Portals Vells,2025-07-25 17:00:00,7.0,19.313248
Portals Vells,2025-07-25 18:00:00,46.0,18.59869
Portals Vells,2025-07-25 19:00:00,81.0,27.195396
Portals Vells,2025-07-25 20:00:00,55.0,37.921658
Portals Vells,2025-07-26 08:00:00,49.0,55.705032
Portals Vells,2025-07-26 09:00:00,50.0,47.577454
Portals Vells,2025-07-26 10:00:00,53.0,48.795006
Portals Vells,2025-07-26 11:00:00,57.0,44.363106
Portals Vells,2025-07-26 12:00:00,53.0,37.055477
Portals Vells,2025-07-26 13:00:00,48.0,32.39468
Portals Vells,2025-07-26 14:00:00,24.0,28.956062
Portals Vells,2025-07-26 15:00:00,17.0,27.273687
Portals Vells,2025-07-26 16:00:00,7.0,21.854258
Portals Vells,2025-07-26 17:00:00,6.0,24.302122
Portals Vells,2025-07-26 18:00:00,44.0,21.615274
Portals Vells,2025-07-26 19:00:00,65.0,29.419336
Portals Vells,2025-07-26 20:00:00,61.0,38.544956
Portals Vells,2025-07-27 08:00:00,51.0,60.580864
Portals Vells,2025-07-27 09:00:00,54.0,45.989185
Portals Vells,2025-07-27 10:00:00,73.0,43.233425
Portals Vells,2025-07-27 11:00:00,60.0,38.914497
Portals Vells,2025-07-27 12:00:00,68.0,36.969875
Portals Vells,2025-07-27 13:00:00,40.0,37.23652
Portals Vells,2025-07-27 14:00:00,23.0,42.467022
Portals Vells,2025-07-27 15:00:00,28.0,36.262558
Portals Vells,2025-07-27 16:00:00,6.0,32.014584
Portals Vells,2025-07-27 17:00:00,8.0,31.15556
Portals Vells,2025-07-27 18:00:00,41.0,31.940891
Portals Vells,2025-07-27 19:00:00,52.0,33.51142
Portals Vells,2025-07-27 20:00:00,73.0,40.92635
Portals Vells,2025-07-28 08:00:00,75.0,52.31168
Portals Vells,2025-07-28 09:00:00,54.0,49.990627
Portals Vells,2025-07-28 10:00:00,60.0,46.916424
Portals Vells,2025-07-28 11:00:00,63.0,51.597095
Portals Vells,2025-07-28 12:00:00,57.0,58.769215
Portals Vells,2025-07-28 13:00:00,52.0,62.73586
Portals Vells,2025-07-28 14:00:00,45.0,52.019836
Portals Vells,2025-07-28 15:00:00,22.0,44.542557
Portals Vells,2025-07-28 16:00:00,6.0,28.76771
Portals Vells,2025-07-28 17:00:00,6.0,20.977598
Portals Vells,2025-07-28 18:00:00,50.0,22.995922
Portals Vells,2025-07-28 19:00:00,61.0,35.94569
Portals Vells,2025-07-28 20:00:00,66.0,43.383644
Portals Vells,2025-07-29 08:00:00,74.0,50.973522
Portals Vells,2025-07-29 09:00:00,48.0,49.05847
Portals Vells,2025-07-29 10:00:00,80.0,48.395203
Portals Vells,2025-07-29 11:00:00,79.0,46.824593
Portals Vells,2025-07-29 12:00:00,45.0,39.690002
Portals Vells,2025-07-29 13:00:00,30.0,32.856155
Portals Vells,2025-07-29 14:00:00,27.0,36.405792
Portals Vells,2025-07-29 15:00:00,22.0,32.043514
Portals Vells,2025-07-29 16:00:00,6.0,27.400333
Portals Vells,2025-07-29 17:00:00,6.0,20.868807
Portals Vells,2025-07-29 18:00:00,32.0,23.51363
Portals Vells,2025-07-29 19:00:00,63.0,26.320827
Portals Vells,2025-07-29 20:00:00,62.0,36.487766
Portals Vells,2025-07-30 08:00:00,63.0,57.518543
Portals Vells,2025-07-30 09:00:00,72.0,48.627903
Portals Vells,2025-07-30 10:00:00,81.0,42.511013
Portals Vells,2025-07-30 11:00:00,56.0,37.36064
Portals Vells,2025-07-30 12:00:00,51.0,33.418015
Portals Vells,2025-07-30 13:00:00,45.0,32.8077
Portals Vells,2025-07-30 14:00:00,48.0,34.570755
Portals Vells,2025-07-30 15:00:00,35.0,31.68448
Portals Vells,2025-07-30 16:00:00,6.0,28.53193
Portals Vells,2025-07-30 17:00:00,6.0,30.585354
Portals Vells,2025-07-30 18:00:00,57.0,22.52119
Portals Vells,2025-07-30 19:00:00,83.0,30.174006
Portals Vells,2025-07-30 20:00:00,105.0,54.20988
Portals Vells,2025-07-31 08:00:00,83.0,59.385944
Portals Vells,2025-07-31 09:00:00,61.0,49.34974
Portals Vells,2025-07-31 10:00:00,74.0,47.279713
Portals Vells,2025-07-31 11:00:00,59.0,43.172417
Portals Vells,2025-07-31 12:00:00,75.0,40.963245
Portals Vells,2025-07-31 13:00:00,43.0,38.521908
Portals Vells,2025-07-31 14:00:00,28.0,39.73889
Portals Vells,2025-07-31 15:00:00,28.0,33.791756
Portals Vells,2025-07-31 16:00:00,7.0,30.997465
Portals Vells,2025-07-31 17:00:00,6.0,29.250072
Portals Vells,2025-07-31 18:00:00,59.0,31.703552
Portals Vells,2025-07-31 19:00:00,87.0,34.516556
Portals Vells,2025-07-31 20:00:00,79.0,53.02198
Portals Vells,2025-08-01 08:00:00,83.0,67.82986
Portals Vells,2025-08-01 09:00:00,69.0,50.809628
Portals Vells,2025-08-01 10:00:00,71.0,53.418053
Portals Vells,2025-08-01 11:00:00,64.0,50.617153
Portals Vells,2025-08-01 12:00:00,47.0,49.176353
Portals Vells,2025-08-01 13:00:00,51.0,49.517162
Portals Vells,2025-08-01 14:00:00,18.0,50.098724
Portals Vells,2025-08-01 15:00:00,29.0,41.683823
Portals Vells,2025-08-01 16:00:00,6.0,37.400005
Portals Vells,2025-08-01 17:00:00,6.0,34.19021
Portals Vells,2025-08-01 18:00:00,43.0,33.673565
Portals Vells,2025-08-01 19:00:00,45.0,34.309586
Portals Vells,2025-08-01 20:00:00,52.0,45.9025
Portals Vells,2025-08-02 08:00:00,54.0,52.066097
Portals Vells,2025-08-02 09:00:00,55.0,46.297638
Portals Vells,2025-08-02 10:00:00,70.0,48.319286
Portals Vells,2025-08-02 11:00:00,67.0,42.88164
Portals Vells,2025-08-02 12:00:00,43.0,44.990692
Portals Vells,2025-08-02 13:00:00,46.0,47.64855
Portals Vells,2025-08-02 14:00:00,22.0,48.251366
Portals Vells,2025-08-02 15:00:00,15.0,43.753952
Portals Vells,2025-08-02 16:00:00,6.0,30.961412
Portals Vells,2025-08-02 17:00:00,7.0,28.284172
Portals Vells,2025-08-02 18:00:00,52.0,33.447227
Portals Vells,2025-08-02 19:00:00,69.0,41.081013
Portals Vells,2025-08-02 20:00:00,60.0,56.282063
Portals Vells,2025-08-03 08:00:00,53.0,58.400898
Portals Vells,2025-08-03 09:00:00,58.0,55.809006
Portals Vells,2025-08-03 10:00:00,41.0,56.921967
Portals Vells,2025-08-03 11:00:00,60.0,54.164566
Portals Vells,2025-08-03 12:00:00,43.0,56.161594
Portals Vells,2025-08-03 13:00:00,48.0,52.6903
Portals Vells,2025-08-03 14:00:00,35.0,54.6284
Portals Vells,2025-08-03 15:00:00,22.0,49.35019
Portals Vells,2025-08-03 16:00:00,7.0,34.94939
Portals Vells,2025-08-03 17:00:00,7.0,28.201477
Portals Vells,2025-08-03 18:00:00,39.0,25.702335
Portals Vells,2025-08-03 19:00:00,57.0,41.555588
Portals Vells,2025-08-03 20:00:00,56.0,57.524384
Portals Vells,2025-08-04 08:00:00,63.0,62.816383
Portals Vells,2025-08-04 09:00:00,77.0,59.351635
Portals Vells,2025-08-04 10:00:00,60.0,57.442825
Portals Vells,2025-08-04 11:00:00,56.0,54.296425
Portals Vells,2025-08-04 12:00:00,43.0,54.046753
Portals Vells,2025-08-04 13:00:00,44.0,51.665356
Portals Vells,2025-08-04 14:00:00,44.0,50.264114
Portals Vells,2025-08-04 15:00:00,23.0,43.08069
Portals Vells,2025-08-04 16:00:00,6.0,31.949215
Portals Vells,2025-08-04 17:00:00,8.0,34.46465
Portals Vells,2025-08-04 18:00:00,46.0,29.145884
Portals Vells,2025-08-04 19:00:00,58.0,38.993286
Portals Vells,2025-08-04 20:00:00,86.0,59.55279
Portals Vells,2025-08-05 08:00:00,70.0,58.7214
Portals Vells,2025-08-05 09:00:00,49.0,58.60743
Portals Vells,2025-08-05 10:00:00,66.0,59.02062
Portals Vells,2025-08-05 11:00:00,75.0,50.778217
Portals Vells,2025-08-05 12:00:00,55.0,51.06212
Portals Vells,2025-08-05 13:00:00,41.0,50.80854
Portals Vells,2025-08-05 14:00:00,41.0,50.392418
Portals Vells,2025-08-05 15:00:00,22.0,43.58539
Portals Vells,2025-08-05 16:00:00,5.0,33.901764
Portals Vells,2025-08-05 17:00:00,6.0,35.425022
Portals Vells,2025-08-05 18:00:00,50.0,30.189695
Portals Vells,2025-08-05 19:00:00,81.0,42.01203
Portals Vells,2025-08-05 20:00:00,85.0,48.904346
Portals Vells,2025-08-06 08:00:00,74.0,54.346138
Portals Vells,2025-08-06 09:00:00,88.0,48.086643
Portals Vells,2025-08-06 10:00:00,78.0,48.13516
Portals Vells,2025-08-06 11:00:00,75.0,42.44072
Portals Vells,2025-08-06 12:00:00,43.0,43.596825
Portals Vells,2025-08-06 13:00:00,51.0,45.48218
Portals Vells,2025-08-06 14:00:00,50.0,47.978783
Portals Vells,2025-08-06 15:00:00,32.0,46.44305
Portals Vells,2025-08-06 16:00:00,7.0,37.12389
Portals Vells,2025-08-06 17:00:00,9.0,33.331573
Portals Vells,2025-08-06 18:00:00,42.0,38.264828
Portals Vells,2025-08-06 19:00:00,56.0,33.42943
Portals Vells,2025-08-06 20:00:00,77.0,48.279633
Portals Vells,2025-08-07 08:00:00,56.0,57.40892
Portals Vells,2025-08-07 09:00:00,63.0,52.069283
Portals Vells,2025-08-07 10:00:00,63.0,54.085114
Portals Vells,2025-08-07 11:00:00,77.0,52.15101
Portals Vells,2025-08-07 12:00:00,53.0,52.09687
Portals Vells,2025-08-07 13:00:00,41.0,50.999367
Portals Vells,2025-08-07 14:00:00,46.0,50.649044
Portals Vells,2025-08-07 15:00:00,24.0,45.056015
Portals Vells,2025-08-07 16:00:00,6.0,35.847954
Portals Vells,2025-08-07 17:00:00,8.0,33.23403
Portals Vells,2025-08-07 18:00:00,54.0,32.468502
Portals Vells,2025-08-07 19:00:00,49.0,36.53797
Portals Vells,2025-08-07 20:00:00,77.0,49.678925
Portals Vells,2025-08-08 08:00:00,86.0,60.34018
Portals Vells,2025-08-08 09:00:00,57.0,58.676224
Portals Vells,2025-08-08 10:00:00,53.0,52.062653
Portals Vells,2025-08-08 11:00:00,43.0,48.718235
Portals Vells,2025-08-08 12:00:00,65.0,50.973045
Portals Vells,2025-08-08 13:00:00,47.0,48.999454
Portals Vells,2025-08-08 14:00:00,36.0,52.326637
Portals Vells,2025-08-08 15:00:00,39.0,46.708908
Portals Vells,2025-08-08 16:00:00,6.0,37.185608
Portals Vells,2025-08-08 17:00:00,7.0,34.744442
Portals Vells,2025-08-08 18:00:00,41.0,39.103294
Portals Vells,2025-08-08 19:00:00,53.0,41.62456
Portals Vells,2025-08-08 20:00:00,66.0,41.738018
Portals Vells,2025-08-09 08:00:00,64.0,47.622437
Portals Vells,2025-08-09 09:00:00,54.0,50.455124
Portals Vells,2025-08-09 10:00:00,93.0,48.025757
Portals Vells,2025-08-09 11:00:00,75.0,48.105404
Portals Vells,2025-08-09 12:00:00,68.0,50.210686
Portals Vells,2025-08-09 13:00:00,53.0,54.60231
Portals Vells,2025-08-09 14:00:00,30.0,51.421635
Portals Vells,2025-08-09 15:00:00,29.0,42.909065
Portals Vells,2025-08-09 16:00:00,7.0,31.720844
Portals Vells,2025-08-09 17:00:00,6.0,32.27197
Portals Vells,2025-08-09 18:00:00,28.0,29.11609
Portals Vells,2025-08-09 19:00:00,25.0,30.330063
Portals Vells,2025-08-09 20:00:00,43.0,24.548367
Portals Vells,2025-08-10 08:00:00,35.0,39.025513
Portals Vells,2025-08-10 09:00:00,31.0,49.630737
Portals Vells,2025-08-10 10:00:00,26.0,60.37957
Portals Vells,2025-08-10 11:00:00,39.0,59.914337
Portals Vells,2025-08-10 12:00:00,34.0,59.43135
Portals Vells,2025-08-10 13:00:00,37.0,55.97689
Portals Vells,2025-08-10 14:00:00,16.0,49.076942
Portals Vells,2025-08-10 15:00:00,15.0,42.822414
Portals Vells,2025-08-10 16:00:00,6.0,32.75786
Portals Vells,2025-08-10 17:00:00,6.0,31.575514
Portals Vells,2025-08-10 18:00:00,41.0,25.52328
Portals Vells,2025-08-10 19:00:00,42.0,33.67108
Portals Vells,2025-08-10 20:00:00,45.0,40.87478
Portals Vells,2025-08-11 08:00:00,47.0,51.71305
Portals Vells,2025-08-11 09:00:00,24.0,57.895676
Portals Vells,2025-08-11 10:00:00,36.0,58.616875
Portals Vells,2025-08-11 11:00:00,42.0,56.535004
Portals Vells,2025-08-11 12:00:00,34.0,55.32881
Portals Vells,2025-08-11 13:00:00,39.0,53.020638
Portals Vells,2025-08-11 14:00:00,23.0,42.674187
Portals Vells,2025-08-11 15:00:00,30.0,42.16641
Portals Vells,2025-08-11 16:00:00,6.0,35.476906
Portals Vells,2025-08-11 17:00:00,7.0,33.62642
Portals Vells,2025-08-11 18:00:00,35.0,26.008406
Portals Vells,2025-08-11 19:00:00,35.0,33.481415
Portals Vells,2025-08-11 20:00:00,62.0,40.86253
Portals Vells,2025-08-12 08:00:00,69.0,48.84995
Portals Vells,2025-08-12 09:00:00,64.0,49.15631
Portals Vells,2025-08-12 10:00:00,61.0,47.538826
Portals Vells,2025-08-12 11:00:00,63.0,44.709904
Portals Vells,2025-08-12 12:00:00,45.0,44.380997
Portals Vells,2025-08-12 13:00:00,45.0,44.692284
Portals Vells,2025-08-12 14:00:00,31.0,40.126247
Portals Vells,2025-08-12 15:00:00,22.0,39.924988
Portals Vells,2025-08-12 16:00:00,6.0,33.598713
Portals Vells,2025-08-12 17:00:00,7.0,34.229706
Portals Vells,2025-08-12 18:00:00,43.0,35.081318
Portals Vells,2025-08-12 19:00:00,72.0,32.96633
Portals Vells,2025-08-12 20:00:00,66.0,43.39702
Portals Vells,2025-08-13 08:00:00,68.0,51.886036
Portals Vells,2025-08-13 09:00:00,63.0,51.361526
Portals Vells,2025-08-13 10:00:00,48.0,51.040524
Portals Vells,2025-08-13 11:00:00,38.0,46.45747
Portals Vells,2025-08-13 12:00:00,37.0,45.713524
Portals Vells,2025-08-13 13:00:00,29.0,46.92833
Portals Vells,2025-08-13 14:00:00,23.0,45.613274
Portals Vells,2025-08-13 15:00:00,23.0,38.86606
Portals Vells,2025-08-13 16:00:00,6.0,32.34839
Portals Vells,2025-08-13 17:00:00,6.0,31.483547
Portals Vells,2025-08-13 18:00:00,48.0,39.351585
Portals Vells,2025-08-13 19:00:00,80.0,34.47165
Portals Vells,2025-08-13 20:00:00,78.0,43.742455
Portals Vells,2025-08-14 08:00:00,98.0,57.16523
Portals Vells,2025-08-14 09:00:00,63.0,56.366104
Portals Vells,2025-08-14 10:00:00,68.0,54.309258
Portals Vells,2025-08-14 11:00:00,88.0,45.907578
Portals Vells,2025-08-14 12:00:00,58.0,47.87447
Portals Vells,2025-08-14 13:00:00,39.0,46.651737
Portals Vells,2025-08-14 14:00:00,36.0,46.189857
Portals Vells,2025-08-14 15:00:00,19.0,40.27759
Portals Vells,2025-08-14 16:00:00,7.0,32.09451
Portals Vells,2025-08-14 17:00:00,7.0,33.002132
Portals Vells,2025-08-14 18:00:00,48.0,34.7472
Portals Vells,2025-08-14 19:00:00,69.0,33.108253
Portals Vells,2025-08-14 20:00:00,68.0,41.92574
Portals Vells,2025-08-15 08:00:00,83.0,58.066696
Portals Vells,2025-08-15 09:00:00,95.0,58.124218
Portals Vells,2025-08-15 10:00:00,157.0,53.322315
Portals Vells,2025-08-15 11:00:00,120.0,50.73012
Portals Vells,2025-08-15 12:00:00,67.0,51.08989
Portals Vells,2025-08-15 13:00:00,40.0,54.77228
Portals Vells,2025-08-15 14:00:00,25.0,51.483818
Portals Vells,2025-08-15 15:00:00,22.0,45.17245
Portals Vells,2025-08-15 16:00:00,6.0,34.12474
Portals Vells,2025-08-15 17:00:00,7.0,32.702053
Portals Vells,2025-08-15 18:00:00,30.0,32.61445
Portals Vells,2025-08-15 19:00:00,27.0,38.628895
Portals Vells,2025-08-15 20:00:00,30.0,37.79098
Portals Vells,2025-08-16 08:00:00,23.0,49.692623
Portals Vells,2025-08-16 09:00:00,32.0,56.549114
Portals Vells,2025-08-16 10:00:00,29.0,53.425583
Portals Vells,2025-08-16 11:00:00,21.0,51.630257
Portals Vells,2025-08-16 12:00:00,16.0,57.357094
Portals Vells,2025-08-16 13:00:00,24.0,55.510853
Portals Vells,2025-08-16 14:00:00,17.0,52.200127
Portals Vells,2025-08-16 15:00:00,16.0,39.553925
Portals Vells,2025-08-16 16:00:00,9.0,31.019377
Portals Vells,2025-08-16 17:00:00,8.0,32.77135
Portals Vells,2025-08-16 18:00:00,24.0,35.199993
Portals Vells,2025-08-16 19:00:00,42.0,37.46733
Portals Vells,2025-08-16 20:00:00,51.0,48.901173
Portals Vells,2025-08-17 08:00:00,57.0,53.18913
Portals Vells,2025-08-17 09:00:00,71.0,56.81331
Portals Vells,2025-08-17 10:00:00,67.0,57.448193
Portals Vells,2025-08-17 11:00:00,69.0,49.47885
Portals Vells,2025-08-17 12:00:00,48.0,47.78255
Portals Vells,2025-08-17 13:00:00,30.0,50.24116
Portals Vells,2025-08-17 14:00:00,18.0,47.317375
Portals Vells,2025-08-17 15:00:00,32.0,39.898643
Portals Vells,2025-08-17 16:00:00,6.0,28.675533
Portals Vells,2025-08-17 17:00:00,8.0,31.00279
Portals Vells,2025-08-17 18:00:00,25.0,33.27689
Portals Vells,2025-08-17 19:00:00,26.0,40.443024
Portals Vells,2025-08-17 20:00:00,32.0,45.83158
Portals Vells,2025-08-18 08:00:00,43.0,54.500656
Portals Vells,2025-08-18 09:00:00,37.0,48.333946
Portals Vells,2025-08-18 10:00:00,33.0,49.5993
Portals Vells,2025-08-18 11:00:00,44.0,47.637054
Portals Vells,2025-08-18 12:00:00,36.0,45.4857
Portals Vells,2025-08-18 13:00:00,31.0,47.854946
Portals Vells,2025-08-18 14:00:00,26.0,43.5662
Portals Vells,2025-08-18 15:00:00,31.0,38.110626
Portals Vells,2025-08-18 16:00:00,6.0,32.62832
Portals Vells,2025-08-18 17:00:00,8.0,30.020212
Portals Vells,2025-08-18 18:00:00,35.0,29.783648
Portals Vells,2025-08-18 19:00:00,26.0,33.839043
Portals Vells,2025-08-18 20:00:00,43.0,33.499283
Portals Vells,2025-08-19 08:00:00,44.0,56.936234
Portals Vells,2025-08-19 09:00:00,26.0,49.216404
Portals Vells,2025-08-19 10:00:00,39.0,47.830574
Portals Vells,2025-08-19 11:00:00,45.0,44.767704
Portals Vells,2025-08-19 12:00:00,41.0,43.730446
Portals Vells,2025-08-19 13:00:00,37.0,39.99872
Portals Vells,2025-08-19 14:00:00,23.0,33.098015
Portals Vells,2025-08-19 15:00:00,17.0,31.682281
Portals Vells,2025-08-19 16:00:00,7.0,24.621954
Portals Vells,2025-08-19 17:00:00,8.0,23.128414
Portals Vells,2025-08-19 18:00:00,31.0,19.747017
Portals Vells,2025-08-19 19:00:00,39.0,21.948874
Portals Vells,2025-08-19 20:00:00,52.0,23.55073
Portals Vells,2025-08-20 08:00:00,66.0,34.898567
Portals Vells,2025-08-20 09:00:00,53.0,47.798862
Portals Vells,2025-08-20 10:00:00,36.0,36.331493
Portals Vells,2025-08-20 11:00:00,38.0,35.93237
Portals Vells,2025-08-20 12:00:00,39.0,33.813175
Portals Vells,2025-08-20 13:00:00,27.0,35.520096
Portals Vells,2025-08-20 14:00:00,24.0,31.065882
Portals Vells,2025-08-20 15:00:00,19.0,26.075726
Portals Vells,2025-08-20 16:00:00,6.0,21.274706
Portals Vells,2025-08-20 17:00:00,7.0,19.975407
Portals Vells,2025-08-20 18:00:00,43.0,16.86466
Portals Vells,2025-08-20 19:00:00,54.0,24.415766
Portals Vells,2025-08-20 20:00:00,51.0,47.092827
Portals Vells,2025-08-21 08:00:00,72.0,53.676563
Portals Vells,2025-08-21 09:00:00,55.0,40.79903
Portals Vells,2025-08-21 10:00:00,63.0,44.368073
Portals Vells,2025-08-21 11:00:00,61.0,35.823578
Portals Vells,2025-08-21 12:00:00,56.0,37.916397
Portals Vells,2025-08-21 13:00:00,40.0,35.594063
Portals Vells,2025-08-21 14:00:00,44.0,35.167435
Portals Vells,2025-08-21 15:00:00,15.0,34.537468
Portals Vells,2025-08-21 16:00:00,6.0,29.855589
Portals Vells,2025-08-21 17:00:00,7.0,28.823278
Portals Vells,2025-08-21 18:00:00,39.0,19.068256
Portals Vells,2025-08-21 19:00:00,43.0,24.715445
Portals Vells,2025-08-21 20:00:00,64.0,48.586132
Portals Vells,2025-08-22 08:00:00,76.0,64.759476
Portals Vells,2025-08-22 09:00:00,107.0,52.01342
Portals Vells,2025-08-22 10:00:00,135.0,49.583916
Portals Vells,2025-08-22 11:00:00,175.0,47.556534
Portals Vells,2025-08-22 12:00:00,101.0,42.97321
Portals Vells,2025-08-22 13:00:00,80.0,43.19886
Portals Vells,2025-08-22 14:00:00,43.0,43.464325
Portals Vells,2025-08-22 15:00:00,42.0,42.895016
Portals Vells,2025-08-22 16:00:00,8.0,36.292637
Portals Vells,2025-08-22 17:00:00,6.0,33.253716
Portals Vells,2025-08-22 18:00:00,23.0,24.75619
Portals Vells,2025-08-22 19:00:00,24.0,25.089449
Portals Vells,2025-08-22 20:00:00,37.0,44.972492
Portals Vells,2025-08-23 08:00:00,36.0,57.7062
Portals Vells,2025-08-23 09:00:00,28.0,46.309864
Portals Vells,2025-08-23 10:00:00,50.0,45.41748
Portals Vells,2025-08-23 11:00:00,59.0,38.917976
Portals Vells,2025-08-23 12:00:00,51.0,38.2699
Portals Vells,2025-08-23 13:00:00,32.0,45.44468
Portals Vells,2025-08-23 14:00:00,30.0,44.528633
Portals Vells,2025-08-23 15:00:00,14.0,36.22209
Portals Vells,2025-08-23 16:00:00,6.0,29.538576
Portals Vells,2025-08-23 17:00:00,6.0,33.900803
Portals Vells,2025-08-23 18:00:00,16.0,31.662258
Portals Vells,2025-08-23 19:00:00,32.0,27.026293
Portals Vells,2025-08-23 20:00:00,29.0,34.768833
Portals Vells,2025-08-24 08:00:00,37.0,50.089306
Portals Vells,2025-08-24 09:00:00,31.0,48.424026
Portals Vells,2025-08-24 10:00:00,36.0,46.48784
Portals Vells,2025-08-24 11:00:00,34.0,44.296238
Portals Vells,2025-08-24 12:00:00,38.0,41.45384
Portals Vells,2025-08-24 13:00:00,33.0,47.54026
Portals Vells,2025-08-24 14:00:00,22.0,46.451687
Portals Vells,2025-08-24 15:00:00,20.0,37.6341
Portals Vells,2025-08-24 16:00:00,7.0,30.78372
Portals Vells,2025-08-24 17:00:00,6.0,31.30704
Portals Vells,2025-08-24 18:00:00,40.0,25.438925
Portals Vells,2025-08-24 19:00:00,45.0,30.772345
Portals Vells,2025-08-24 20:00:00,76.0,48.848076
Portals Vells,2025-08-25 08:00:00,44.0,57.45909
Portals Vells,2025-08-25 09:00:00,79.0,56.448692
Portals Vells,2025-08-25 10:00:00,69.0,55.140236
Portals Vells,2025-08-25 11:00:00,133.0,49.674046
Portals Vells,2025-08-25 12:00:00,74.0,46.203632
Portals Vells,2025-08-25 13:00:00,37.0,41.793617
Portals Vells,2025-08-25 14:00:00,18.0,36.875305
Portals Vells,2025-08-25 15:00:00,10.0,23.089783
Portals Vells,2025-08-25 16:00:00,7.0,16.825863
Portals Vells,2025-08-25 17:00:00,7.0,16.975887
Portals Vells,2025-08-25 18:00:00,33.0,19.562355
Portals Vells,2025-08-25 19:00:00,47.0,26.71654
Portals Vells,2025-08-25 20:00:00,66.0,36.241253
Portals Vells,2025-08-26 08:00:00,56.0,49.730053
Portals Vells,2025-08-26 09:00:00,155.0,50.046978
Portals Vells,2025-08-26 10:00:00,182.0,47.146618
Portals Vells,2025-08-26 11:00:00,106.0,42.609364
Portals Vells,2025-08-26 12:00:00,63.0,38.163975
Portals Vells,2025-08-26 13:00:00,43.0,34.286476
Portals Vells,2025-08-26 14:00:00,28.0,39.706882
Portals Vells,2025-08-26 15:00:00,16.0,36.27643
Portals Vells,2025-08-26 16:00:00,6.0,32.15828
Portals Vells,2025-08-26 17:00:00,7.0,31.372896
Portals Vells,2025-08-26 18:00:00,29.0,24.654184
Portals Vells,2025-08-26 19:00:00,40.0,35.42876
Portals Vells,2025-08-26 20:00:00,42.0,33.856243
Portals Vells,2025-08-27 08:00:00,34.0,50.15982
Portals Vells,2025-08-27 09:00:00,30.0,42.56176
Portals Vells,2025-08-27 10:00:00,31.0,40.662624
Portals Vells,2025-08-27 11:00:00,18.0,34.380627
Portals Vells,2025-08-27 12:00:00,19.0,30.396383
Portals Vells,2025-08-27 13:00:00,29.0,28.846672
Portals Vells,2025-08-27 14:00:00,13.0,27.691393
Portals Vells,2025-08-27 15:00:00,15.0,27.17589
Portals Vells,2025-08-27 16:00:00,5.0,18.698786
Portals Vells,2025-08-27 17:00:00,5.0,22.134085
Portals Vells,2025-08-27 18:00:00,22.0,17.360243
Portals Vells,2025-08-27 19:00:00,35.0,19.99005
Portals Vells,2025-08-27 20:00:00,56.0,39.99795
Portals Vells,2025-08-28 08:00:00,25.0,51.100582
Portals Vells,2025-08-28 09:00:00,26.0,47.44109
Portals Vells,2025-08-28 10:00:00,40.0,36.201054
Portals Vells,2025-08-28 11:00:00,23.0,35.05955
Portals Vells,2025-08-28 12:00:00,27.0,33.531784
Portals Vells,2025-08-28 13:00:00,29.0,36.062786
Portals Vells,2025-08-28 14:00:00,22.0,33.97063
Portals Vells,2025-08-28 15:00:00,14.0,31.578917
Portals Vells,2025-08-28 16:00:00,6.0,22.006542
Portals Vells,2025-08-28 17:00:00,7.0,27.636353
Portals Vells,2025-08-28 18:00:00,30.0,15.45812
Portals Vells,2025-08-28 19:00:00,40.0,16.684065
Portals Vells,2025-08-28 20:00:00,57.0,27.927223
Portals Vells,2025-08-29 08:00:00,42.0,51.522614
Portals Vells,2025-08-29 09:00:00,42.0,47.299065
Portals Vells,2025-08-29 10:00:00,59.0,47.44951
Portals Vells,2025-08-29 11:00:00,54.0,33.43316
Portals Vells,2025-08-29 12:00:00,42.0,37.89268
Portals Vells,2025-08-29 13:00:00,42.0,36.576717
Portals Vells,2025-08-29 14:00:00,23.0,38.109497
Portals Vells,2025-08-29 15:00:00,19.0,36.106567
Portals Vells,2025-08-29 16:00:00,6.0,26.544819
Portals Vells,2025-08-29 17:00:00,6.0,26.186325
Portals Vells,2025-08-29 18:00:00,14.0,17.127457
Portals Vells,2025-08-29 19:00:00,27.0,19.93285
Portals Vells,2025-08-29 20:00:00,24.0,42.382427
Portals Vells,2025-08-30 08:00:00,42.0,53.744347
Portals Vells,2025-08-30 09:00:00,52.0,42.477898
Portals Vells,2025-08-30 10:00:00,25.0,34.183403
Portals Vells,2025-08-30 11:00:00,41.0,31.878918
Portals Vells,2025-08-30 12:00:00,37.0,30.87229
Portals Vells,2025-08-30 13:00:00,27.0,33.83031
Portals Vells,2025-08-30 14:00:00,14.0,33.86449
Portals Vells,2025-08-30 15:00:00,18.0,34.648335
Portals Vells,2025-08-30 16:00:00,7.0,25.82446
Portals Vells,2025-08-30 17:00:00,6.0,28.694828
Portals Vells,2025-08-30 18:00:00,17.0,19.155851
Portals Vells,2025-08-30 19:00:00,22.0,25.747036
Portals Vells,2025-08-30 20:00:00,9.0,23.775585
Sant Antoni de Portmany,2025-06-01 08:00:00,35.0,54.2858
Sant Antoni de Portmany,2025-06-01 09:00:00,55.0,42.552937
Sant Antoni de Portmany,2025-06-01 10:00:00,46.0,36.478203
Sant Antoni de Portmany,2025-06-01 11:00:00,38.0,37.816593
Sant Antoni de Portmany,2025-06-01 12:00:00,22.0,37.41041
Sant Antoni de Portmany,2025-06-01 13:00:00,35.0,39.246105
Sant Antoni de Portmany,2025-06-01 14:00:00,25.0,33.03744
Sant Antoni de Portmany,2025-06-01 15:00:00,28.0,30.25224
Sant Antoni de Portmany,2025-06-01 16:00:00,6.0,26.556877
Sant Antoni de Portmany,2025-06-01 17:00:00,13.0,30.710024
Sant Antoni de Portmany,2025-06-01 18:00:00,21.0,28.456398
Sant Antoni de Portmany,2025-06-01 19:00:00,52.0,41.13546
Sant Antoni de Portmany,2025-06-01 20:00:00,62.0,49.72141
Sant Antoni de Portmany,2025-06-02 08:00:00,30.0,53.28804
Sant Antoni de Portmany,2025-06-02 09:00:00,53.0,38.00006
Sant Antoni de Portmany,2025-06-02 10:00:00,27.0,48.000404
Sant Antoni de Portmany,2025-06-02 11:00:00,38.0,52.23253
Sant Antoni de Portmany,2025-06-02 13:00:00,65.0,43.582294
Sant Antoni de Portmany,2025-06-02 14:00:00,40.0,40.71049
Sant Antoni de Portmany,2025-06-02 15:00:00,27.0,36.858047
Sant Antoni de Portmany,2025-06-02 16:00:00,30.0,31.657385
Sant Antoni de Portmany,2025-06-02 17:00:00,6.0,25.418941
Sant Antoni de Portmany,2025-06-02 18:00:00,26.0,21.633207
Sant Antoni de Portmany,2025-06-02 19:00:00,40.0,34.38701
Sant Antoni de Portmany,2025-06-02 20:00:00,40.0,36.212296
Sant Antoni de Portmany,2025-06-03 08:00:00,59.0,47.497993
Sant Antoni de Portmany,2025-06-03 09:00:00,37.0,44.80991
Sant Antoni de Portmany,2025-06-03 10:00:00,59.0,48.319355
Sant Antoni de Portmany,2025-06-03 11:00:00,70.0,41.56083
Sant Antoni de Portmany,2025-06-03 12:00:00,48.0,39.691494
Sant Antoni de Portmany,2025-06-03 13:00:00,30.0,34.410873
Sant Antoni de Portmany,2025-06-03 14:00:00,28.0,31.352654
Sant Antoni de Portmany,2025-06-03 15:00:00,25.0,25.546309
Sant Antoni de Portmany,2025-06-03 16:00:00,25.0,23.784288
Sant Antoni de Portmany,2025-06-03 17:00:00,6.0,19.145561
Sant Antoni de Portmany,2025-06-03 18:00:00,43.0,22.673231
Sant Antoni de Portmany,2025-06-03 19:00:00,81.0,28.819473
Sant Antoni de Portmany,2025-06-03 20:00:00,48.0,43.15685
Sant Antoni de Portmany,2025-06-04 08:00:00,61.0,53.1943
Sant Antoni de Portmany,2025-06-04 09:00:00,53.0,30.676989
Sant Antoni de Portmany,2025-06-04 10:00:00,66.0,46.548267
Sant Antoni de Portmany,2025-06-04 11:00:00,65.0,40.893627
Sant Antoni de Portmany,2025-06-04 12:00:00,43.0,35.721004
Sant Antoni de Portmany,2025-06-04 13:00:00,20.0,31.25338
Sant Antoni de Portmany,2025-06-04 14:00:00,28.0,27.991886
Sant Antoni de Portmany,2025-06-04 15:00:00,28.0,28.30491
Sant Antoni de Portmany,2025-06-04 16:00:00,33.0,26.923494
Sant Antoni de Portmany,2025-06-04 17:00:00,6.0,21.890469
Sant Antoni de Portmany,2025-06-04 18:00:00,29.0,22.91293
Sant Antoni de Portmany,2025-06-04 19:00:00,57.0,34.260906
Sant Antoni de Portmany,2025-06-04 20:00:00,65.0,38.497093
Sant Antoni de Portmany,2025-06-05 08:00:00,69.0,54.81554
Sant Antoni de Portmany,2025-06-05 09:00:00,65.0,43.62892
Sant Antoni de Portmany,2025-06-05 10:00:00,59.0,41.67868
Sant Antoni de Portmany,2025-06-05 11:00:00,60.0,37.9073
Sant Antoni de Portmany,2025-06-05 12:00:00,63.0,31.426605
Sant Antoni de Portmany,2025-06-05 13:00:00,31.0,31.430525
Sant Antoni de Portmany,2025-06-05 14:00:00,42.0,32.272358
Sant Antoni de Portmany,2025-06-05 15:00:00,31.0,29.135292
Sant Antoni de Portmany,2025-06-05 16:00:00,35.0,21.522003
Sant Antoni de Portmany,2025-06-05 17:00:00,6.0,24.516771
Sant Antoni de Portmany,2025-06-05 18:00:00,47.0,21.718822
Sant Antoni de Portmany,2025-06-05 19:00:00,80.0,33.979225
Sant Antoni de Portmany,2025-06-05 20:00:00,86.0,41.781998
Sant Antoni de Portmany,2025-06-06 08:00:00,94.0,58.77741
Sant Antoni de Portmany,2025-06-06 09:00:00,93.0,47.664986
Sant Antoni de Portmany,2025-06-06 10:00:00,71.0,44.19048
Sant Antoni de Portmany,2025-06-06 11:00:00,70.0,42.302517
Sant Antoni de Portmany,2025-06-06 12:00:00,65.0,37.033363
Sant Antoni de Portmany,2025-06-06 13:00:00,47.0,35.996475
Sant Antoni de Portmany,2025-06-06 14:00:00,37.0,37.744175
Sant Antoni de Portmany,2025-06-06 15:00:00,38.0,38.601444
Sant Antoni de Portmany,2025-06-06 16:00:00,24.0,39.059456
Sant Antoni de Portmany,2025-06-06 17:00:00,6.0,28.03595
Sant Antoni de Portmany,2025-06-06 18:00:00,31.0,19.016531
Sant Antoni de Portmany,2025-06-06 19:00:00,53.0,30.787708
Sant Antoni de Portmany,2025-06-06 20:00:00,52.0,34.293526
Sant Antoni de Portmany,2025-06-07 08:00:00,60.0,47.59336
Sant Antoni de Portmany,2025-06-07 09:00:00,39.0,49.339195
Sant Antoni de Portmany,2025-06-07 10:00:00,56.0,43.384518
Sant Antoni de Portmany,2025-06-07 11:00:00,45.0,38.811394
Sant Antoni de Portmany,2025-06-07 12:00:00,30.0,36.22997
Sant Antoni de Portmany,2025-06-07 13:00:00,24.0,32.764793
Sant Antoni de Portmany,2025-06-07 14:00:00,26.0,31.840857
Sant Antoni de Portmany,2025-06-07 15:00:00,23.0,32.107502
Sant Antoni de Portmany,2025-06-07 16:00:00,26.0,31.43034
Sant Antoni de Portmany,2025-06-07 17:00:00,5.0,28.975214
Sant Antoni de Portmany,2025-06-07 18:00:00,122.0,22.690275
Sant Antoni de Portmany,2025-06-07 19:00:00,135.0,37.788742
Sant Antoni de Portmany,2025-06-07 20:00:00,92.0,41.144577
Sant Antoni de Portmany,2025-06-08 08:00:00,42.0,58.88132
Sant Antoni de Portmany,2025-06-08 09:00:00,62.0,47.182995
Sant Antoni de Portmany,2025-06-08 10:00:00,39.0,45.144707
Sant Antoni de Portmany,2025-06-08 11:00:00,47.0,38.213245
Sant Antoni de Portmany,2025-06-08 12:00:00,45.0,36.762035
Sant Antoni de Portmany,2025-06-08 13:00:00,27.0,33.987362
Sant Antoni de Portmany,2025-06-08 14:00:00,32.0,33.48435
Sant Antoni de Portmany,2025-06-08 15:00:00,18.0,28.248295
Sant Antoni de Portmany,2025-06-08 16:00:00,15.0,28.090738
Sant Antoni de Portmany,2025-06-08 17:00:00,6.0,26.288757
Sant Antoni de Portmany,2025-06-08 18:00:00,27.0,24.286207
Sant Antoni de Portmany,2025-06-08 19:00:00,41.0,38.48036
Sant Antoni de Portmany,2025-06-08 20:00:00,32.0,41.63667
Sant Antoni de Portmany,2025-06-09 08:00:00,43.0,54.271973
Sant Antoni de Portmany,2025-06-09 09:00:00,43.0,43.116146
Sant Antoni de Portmany,2025-06-09 10:00:00,45.0,44.747887
Sant Antoni de Portmany,2025-06-09 11:00:00,50.0,38.73563
Sant Antoni de Portmany,2025-06-09 12:00:00,48.0,34.440605
Sant Antoni de Portmany,2025-06-09 13:00:00,29.0,36.358665
Sant Antoni de Portmany,2025-06-09 14:00:00,38.0,31.347446
Sant Antoni de Portmany,2025-06-09 15:00:00,35.0,28.83912
Sant Antoni de Portmany,2025-06-09 16:00:00,39.0,29.226393
Sant Antoni de Portmany,2025-06-09 17:00:00,6.0,31.307718
Sant Antoni de Portmany,2025-06-09 18:00:00,117.0,28.741343
Sant Antoni de Portmany,2025-06-09 19:00:00,122.0,36.449818
Sant Antoni de Portmany,2025-06-09 20:00:00,138.0,44.22509
Sant Antoni de Portmany,2025-06-10 08:00:00,44.0,58.29792
Sant Antoni de Portmany,2025-06-10 09:00:00,41.0,46.039433
Sant Antoni de Portmany,2025-06-10 10:00:00,68.0,40.644623
Sant Antoni de Portmany,2025-06-10 11:00:00,92.0,38.868343
Sant Antoni de Portmany,2025-06-10 12:00:00,55.0,35.06595
Sant Antoni de Portmany,2025-06-10 13:00:00,59.0,35.724846
Sant Antoni de Portmany,2025-06-10 14:00:00,18.0,32.570854
Sant Antoni de Portmany,2025-06-10 15:00:00,30.0,30.275515
Sant Antoni de Portmany,2025-06-10 16:00:00,32.0,33.621544
Sant Antoni de Portmany,2025-06-10 17:00:00,5.0,19.606062
Sant Antoni de Portmany,2025-06-10 18:00:00,28.0,22.750694
Sant Antoni de Portmany,2025-06-10 19:00:00,48.0,34.19517
Sant Antoni de Portmany,2025-06-10 20:00:00,66.0,41.2745
Sant Antoni de Portmany,2025-06-11 08:00:00,64.0,61.148228
Sant Antoni de Portmany,2025-06-11 09:00:00,60.0,62.04025
Sant Antoni de Portmany,2025-06-11 10:00:00,64.0,49.04382
Sant Antoni de Portmany,2025-06-11 11:00:00,62.0,37.48024
Sant Antoni de Portmany,2025-06-11 12:00:00,58.0,35.525475
Sant Antoni de Portmany,2025-06-11 13:00:00,44.0,35.891006
Sant Antoni de Portmany,2025-06-11 14:00:00,24.0,32.212307
Sant Antoni de Portmany,2025-06-11 15:00:00,19.0,31.454374
Sant Antoni de Portmany,2025-06-11 16:00:00,37.0,30.269371
Sant Antoni de Portmany,2025-06-11 17:00:00,10.0,26.23078
Sant Antoni de Portmany,2025-06-11 18:00:00,24.0,21.01503
Sant Antoni de Portmany,2025-06-11 19:00:00,35.0,36.32144
Sant Antoni de Portmany,2025-06-11 20:00:00,70.0,44.542007
Sant Antoni de Portmany,2025-06-12 08:00:00,70.0,66.90678
Sant Antoni de Portmany,2025-06-12 09:00:00,51.0,53.781467
Sant Antoni de Portmany,2025-06-12 10:00:00,65.0,47.81998
Sant Antoni de Portmany,2025-06-12 11:00:00,70.0,45.074226
Sant Antoni de Portmany,2025-06-12 12:00:00,89.0,43.198864
Sant Antoni de Portmany,2025-06-12 13:00:00,51.0,40.850666
Sant Antoni de Portmany,2025-06-12 14:00:00,41.0,38.522602
Sant Antoni de Portmany,2025-06-12 15:00:00,31.0,37.84818
Sant Antoni de Portmany,2025-06-12 16:00:00,39.0,36.68444
Sant Antoni de Portmany,2025-06-12 17:00:00,8.0,27.44719
Sant Antoni de Portmany,2025-06-12 18:00:00,27.0,22.173058
Sant Antoni de Portmany,2025-06-12 19:00:00,47.0,41.781258
Sant Antoni de Portmany,2025-06-12 20:00:00,74.0,47.064613
Sant Antoni de Portmany,2025-06-13 08:00:00,86.0,67.052536
Sant Antoni de Portmany,2025-06-13 09:00:00,82.0,45.20469
Sant Antoni de Portmany,2025-06-13 10:00:00,88.0,42.49301
Sant Antoni de Portmany,2025-06-13 11:00:00,72.0,40.140404
Sant Antoni de Portmany,2025-06-13 12:00:00,79.0,42.467308
Sant Antoni de Portmany,2025-06-13 13:00:00,66.0,42.489773
Sant Antoni de Portmany,2025-06-13 14:00:00,48.0,47.765663
Sant Antoni de Portmany,2025-06-13 15:00:00,46.0,42.064995
Sant Antoni de Portmany,2025-06-13 16:00:00,38.0,35.329975
Sant Antoni de Portmany,2025-06-13 17:00:00,5.0,24.219566
Sant Antoni de Portmany,2025-06-13 18:00:00,30.0,29.377577
Sant Antoni de Portmany,2025-06-13 19:00:00,48.0,39.37728
Sant Antoni de Portmany,2025-06-13 20:00:00,55.0,45.532032
Sant Antoni de Portmany,2025-06-14 08:00:00,53.0,45.24431
Sant Antoni de Portmany,2025-06-14 09:00:00,43.0,43.027206
Sant Antoni de Portmany,2025-06-14 10:00:00,71.0,44.15306
Sant Antoni de Portmany,2025-06-14 11:00:00,53.0,49.36225
Sant Antoni de Portmany,2025-06-14 12:00:00,39.0,49.86462
Sant Antoni de Portmany,2025-06-14 13:00:00,19.0,49.962395
Sant Antoni de Portmany,2025-06-14 14:00:00,26.0,45.448933
Sant Antoni de Portmany,2025-06-14 15:00:00,35.0,35.240116
Sant Antoni de Portmany,2025-06-14 16:00:00,8.0,27.325634
Sant Antoni de Portmany,2025-06-14 17:00:00,26.0,33.590126
Sant Antoni de Portmany,2025-06-14 18:00:00,32.0,41.83729
Sant Antoni de Portmany,2025-06-14 19:00:00,71.0,39.969574
Sant Antoni de Portmany,2025-06-14 20:00:00,61.0,49.79682
Sant Antoni de Portmany,2025-06-15 08:00:00,55.0,48.14192
Sant Antoni de Portmany,2025-06-15 09:00:00,50.0,50.6526
Sant Antoni de Portmany,2025-06-15 10:00:00,66.0,42.431705
Sant Antoni de Portmany,2025-06-15 11:00:00,100.0,45.365734
Sant Antoni de Portmany,2025-06-15 12:00:00,46.0,50.58944
Sant Antoni de Portmany,2025-06-15 13:00:00,42.0,55.48523
Sant Antoni de Portmany,2025-06-15 14:00:00,38.0,47.65594
Sant Antoni de Portmany,2025-06-15 15:00:00,44.0,34.522095
Sant Antoni de Portmany,2025-06-15 16:00:00,22.0,27.98055
Sant Antoni de Portmany,2025-06-15 17:00:00,28.0,38.160614
Sant Antoni de Portmany,2025-06-15 18:00:00,38.0,45.479443
Sant Antoni de Portmany,2025-06-15 19:00:00,66.0,50.071503
Sant Antoni de Portmany,2025-06-15 20:00:00,73.0,55.742443
Sant Antoni de Portmany,2025-06-16 08:00:00,55.0,57.291042
Sant Antoni de Portmany,2025-06-16 09:00:00,50.0,57.486206
Sant Antoni de Portmany,2025-06-16 10:00:00,57.0,48.414955
Sant Antoni de Portmany,2025-06-16 11:00:00,52.0,43.074833
Sant Antoni de Portmany,2025-06-16 12:00:00,60.0,46.542175
Sant Antoni de Portmany,2025-06-16 13:00:00,45.0,45.0654
Sant Antoni de Portmany,2025-06-16 14:00:00,21.0,44.681076
Sant Antoni de Portmany,2025-06-16 15:00:00,40.0,35.738148
Sant Antoni de Portmany,2025-06-16 16:00:00,9.0,30.616709
Sant Antoni de Portmany,2025-06-16 17:00:00,18.0,24.669905
Sant Antoni de Portmany,2025-06-16 18:00:00,49.0,34.168373
Sant Antoni de Portmany,2025-06-16 19:00:00,43.0,40.081932
Sant Antoni de Portmany,2025-06-16 20:00:00,56.0,48.943745
Sant Antoni de Portmany,2025-06-17 08:00:00,67.0,44.129
Sant Antoni de Portmany,2025-06-17 09:00:00,80.0,53.71052
Sant Antoni de Portmany,2025-06-17 10:00:00,83.0,61.724197
Sant Antoni de Portmany,2025-06-17 11:00:00,73.0,59.81471
Sant Antoni de Portmany,2025-06-17 12:00:00,59.0,61.356647
Sant Antoni de Portmany,2025-06-17 13:00:00,44.0,54.166737
Sant Antoni de Portmany,2025-06-17 14:00:00,22.0,46.600025
Sant Antoni de Portmany,2025-06-17 15:00:00,32.0,34.491665
Sant Antoni de Portmany,2025-06-17 16:00:00,21.0,30.787716
Sant Antoni de Portmany,2025-06-17 17:00:00,21.0,31.853964
Sant Antoni de Portmany,2025-06-17 18:00:00,39.0,46.16834
Sant Antoni de Portmany,2025-06-17 19:00:00,54.0,49.34293
Sant Antoni de Portmany,2025-06-17 20:00:00,64.0,51.12567
Sant Antoni de Portmany,2025-06-18 08:00:00,82.0,47.92992
Sant Antoni de Portmany,2025-06-18 09:00:00,65.0,45.613865
Sant Antoni de Portmany,2025-06-18 10:00:00,57.0,42.691048
Sant Antoni de Portmany,2025-06-18 11:00:00,56.0,43.685017
Sant Antoni de Portmany,2025-06-18 12:00:00,43.0,42.548664
Sant Antoni de Portmany,2025-06-18 13:00:00,38.0,38.20395
Sant Antoni de Portmany,2025-06-18 14:00:00,30.0,34.072613
Sant Antoni de Portmany,2025-06-18 15:00:00,60.0,27.905296
Sant Antoni de Portmany,2025-06-18 16:00:00,25.0,27.895273
Sant Antoni de Portmany,2025-06-18 17:00:00,17.0,28.39011
Sant Antoni de Portmany,2025-06-18 18:00:00,28.0,34.107273
Sant Antoni de Portmany,2025-06-18 19:00:00,51.0,38.111767
Sant Antoni de Portmany,2025-06-18 20:00:00,54.0,48.731964
Sant Antoni de Portmany,2025-06-19 08:00:00,63.0,51.1635
Sant Antoni de Portmany,2025-06-19 09:00:00,46.0,46.340656
Sant Antoni de Portmany,2025-06-19 10:00:00,46.0,42.22579
Sant Antoni de Portmany,2025-06-19 11:00:00,56.0,44.117462
Sant Antoni de Portmany,2025-06-19 12:00:00,58.0,41.800793
Sant Antoni de Portmany,2025-06-19 13:00:00,42.0,43.012287
Sant Antoni de Portmany,2025-06-19 14:00:00,49.0,45.906998
Sant Antoni de Portmany,2025-06-19 15:00:00,41.0,32.245247
Sant Antoni de Portmany,2025-06-19 16:00:00,31.0,28.209982
Sant Antoni de Portmany,2025-06-19 17:00:00,26.0,34.02691
Sant Antoni de Portmany,2025-06-19 18:00:00,34.0,47.03221
Sant Antoni de Portmany,2025-06-19 19:00:00,54.0,51.82238
Sant Antoni de Portmany,2025-06-19 20:00:00,89.0,50.56152
Sant Antoni de Portmany,2025-06-20 08:00:00,107.0,55.526615
Sant Antoni de Portmany,2025-06-20 09:00:00,94.0,52.944077
Sant Antoni de Portmany,2025-06-20 10:00:00,95.0,48.73014
Sant Antoni de Portmany,2025-06-20 11:00:00,85.0,50.19088
Sant Antoni de Portmany,2025-06-20 12:00:00,60.0,48.16922
Sant Antoni de Portmany,2025-06-20 13:00:00,48.0,51.50235
Sant Antoni de Portmany,2025-06-20 14:00:00,29.0,46.663418
Sant Antoni de Portmany,2025-06-20 15:00:00,28.0,36.10404
Sant Antoni de Portmany,2025-06-20 16:00:00,10.0,31.8866
Sant Antoni de Portmany,2025-06-20 17:00:00,31.0,41.39657
Sant Antoni de Portmany,2025-06-20 18:00:00,37.0,43.48209
Sant Antoni de Portmany,2025-06-20 19:00:00,48.0,47.77106
Sant Antoni de Portmany,2025-06-20 20:00:00,75.0,51.94314
Sant Antoni de Portmany,2025-06-21 08:00:00,57.0,53.822353
Sant Antoni de Portmany,2025-06-21 09:00:00,84.0,52.382935
Sant Antoni de Portmany,2025-06-21 10:00:00,73.0,47.470184
Sant Antoni de Portmany,2025-06-21 11:00:00,74.0,48.849197
Sant Antoni de Portmany,2025-06-21 12:00:00,41.0,51.856644
Sant Antoni de Portmany,2025-06-21 13:00:00,41.0,50.348442
Sant Antoni de Portmany,2025-06-21 14:00:00,41.0,44.3209
Sant Antoni de Portmany,2025-06-21 15:00:00,37.0,33.63769
Sant Antoni de Portmany,2025-06-21 16:00:00,8.0,26.562458
Sant Antoni de Portmany,2025-06-21 17:00:00,22.0,38.963364
Sant Antoni de Portmany,2025-06-21 18:00:00,52.0,42.660282
Sant Antoni de Portmany,2025-06-21 19:00:00,68.0,50.961086
Sant Antoni de Portmany,2025-06-21 20:00:00,74.0,54.92457
Sant Antoni de Portmany,2025-06-22 08:00:00,77.0,46.806248
Sant Antoni de Portmany,2025-06-22 09:00:00,72.0,42.581158
Sant Antoni de Portmany,2025-06-22 10:00:00,58.0,49.62059
Sant Antoni de Portmany,2025-06-22 11:00:00,79.0,52.134346
Sant Antoni de Portmany,2025-06-22 12:00:00,43.0,48.750694
Sant Antoni de Portmany,2025-06-22 13:00:00,42.0,51.309265
Sant Antoni de Portmany,2025-06-22 14:00:00,33.0,43.771015
Sant Antoni de Portmany,2025-06-22 15:00:00,36.0,35.722355
Sant Antoni de Portmany,2025-06-22 16:00:00,22.0,30.025156
Sant Antoni de Portmany,2025-06-22 17:00:00,22.0,36.126278
Sant Antoni de Portmany,2025-06-22 18:00:00,40.0,41.510445
Sant Antoni de Portmany,2025-06-22 19:00:00,75.0,47.140186
Sant Antoni de Portmany,2025-06-22 20:00:00,70.0,60.30491
Sant Antoni de Portmany,2025-06-23 08:00:00,61.0,65.8425
Sant Antoni de Portmany,2025-06-23 09:00:00,74.0,61.59232
Sant Antoni de Portmany,2025-06-23 10:00:00,75.0,51.736927
Sant Antoni de Portmany,2025-06-23 11:00:00,78.0,55.159996
Sant Antoni de Portmany,2025-06-23 12:00:00,54.0,51.188057
Sant Antoni de Portmany,2025-06-23 13:00:00,25.0,45.974148
Sant Antoni de Portmany,2025-06-23 15:00:00,14.0,43.021996
Sant Antoni de Portmany,2025-06-23 16:00:00,18.0,34.03415
Sant Antoni de Portmany,2025-06-23 17:00:00,10.0,33.255646
Sant Antoni de Portmany,2025-06-23 18:00:00,20.0,28.195213
Sant Antoni de Portmany,2025-06-23 19:00:00,42.0,40.569447
Sant Antoni de Portmany,2025-06-23 20:00:00,51.0,46.223846
Sant Antoni de Portmany,2025-06-24 08:00:00,63.0,51.047222
Sant Antoni de Portmany,2025-06-24 09:00:00,70.0,55.34566
Sant Antoni de Portmany,2025-06-24 10:00:00,98.0,54.138912
Sant Antoni de Portmany,2025-06-24 11:00:00,91.0,47.45811
Sant Antoni de Portmany,2025-06-24 12:00:00,88.0,51.22628
Sant Antoni de Portmany,2025-06-24 13:00:00,44.0,49.58298
Sant Antoni de Portmany,2025-06-24 14:00:00,24.0,45.05767
Sant Antoni de Portmany,2025-06-24 15:00:00,21.0,40.138947
Sant Antoni de Portmany,2025-06-24 16:00:00,49.0,35.59985
Sant Antoni de Portmany,2025-06-24 17:00:00,19.0,35.674484
Sant Antoni de Portmany,2025-06-24 18:00:00,32.0,40.303505
Sant Antoni de Portmany,2025-06-24 19:00:00,55.0,43.076424
Sant Antoni de Portmany,2025-06-24 20:00:00,65.0,46.505672
Sant Antoni de Portmany,2025-06-25 08:00:00,59.0,52.18707
Sant Antoni de Portmany,2025-06-25 09:00:00,72.0,57.396282
Sant Antoni de Portmany,2025-06-25 10:00:00,63.0,49.209583
Sant Antoni de Portmany,2025-06-25 11:00:00,82.0,47.605827
Sant Antoni de Portmany,2025-06-25 12:00:00,101.0,46.907734
Sant Antoni de Portmany,2025-06-25 13:00:00,49.0,47.156258
Sant Antoni de Portmany,2025-06-25 14:00:00,27.0,46.149597
Sant Antoni de Portmany,2025-06-25 15:00:00,19.0,42.60781
Sant Antoni de Portmany,2025-06-25 16:00:00,39.0,33.135555
Sant Antoni de Portmany,2025-06-25 17:00:00,21.0,28.445839
Sant Antoni de Portmany,2025-06-25 18:00:00,23.0,40.59124
Sant Antoni de Portmany,2025-06-25 19:00:00,37.0,34.567955
Sant Antoni de Portmany,2025-06-25 20:00:00,57.0,39.76799
Sant Antoni de Portmany,2025-06-26 08:00:00,54.0,52.136456
Sant Antoni de Portmany,2025-06-26 09:00:00,81.0,51.158207
Sant Antoni de Portmany,2025-06-26 10:00:00,81.0,51.89547
Sant Antoni de Portmany,2025-06-26 11:00:00,83.0,45.315475
Sant Antoni de Portmany,2025-06-26 12:00:00,97.0,45.34404
Sant Antoni de Portmany,2025-06-26 13:00:00,77.0,51.08251
Sant Antoni de Portmany,2025-06-26 14:00:00,19.0,48.418266
Sant Antoni de Portmany,2025-06-26 15:00:00,32.0,48.180885
Sant Antoni de Portmany,2025-06-26 16:00:00,43.0,40.08807
Sant Antoni de Portmany,2025-06-26 17:00:00,6.0,32.493637
Sant Antoni de Portmany,2025-06-26 18:00:00,27.0,37.896965
Sant Antoni de Portmany,2025-06-26 19:00:00,30.0,43.366474
Sant Antoni de Portmany,2025-06-26 20:00:00,65.0,52.830795
Sant Antoni de Portmany,2025-06-27 08:00:00,71.0,57.847324
Sant Antoni de Portmany,2025-06-27 09:00:00,88.0,49.92043
Sant Antoni de Portmany,2025-06-27 10:00:00,102.0,53.66847
Sant Antoni de Portmany,2025-06-27 11:00:00,88.0,48.61122
Sant Antoni de Portmany,2025-06-27 12:00:00,88.0,50.76201
Sant Antoni de Portmany,2025-06-27 13:00:00,69.0,49.040005
Sant Antoni de Portmany,2025-06-27 14:00:00,42.0,51.84552
Sant Antoni de Portmany,2025-06-27 15:00:00,35.0,44.77064
Sant Antoni de Portmany,2025-06-27 16:00:00,35.0,37.18919
Sant Antoni de Portmany,2025-06-27 17:00:00,24.0,34.62693
Sant Antoni de Portmany,2025-06-27 18:00:00,25.0,38.94381
Sant Antoni de Portmany,2025-06-27 19:00:00,36.0,40.187717
Sant Antoni de Portmany,2025-06-27 20:00:00,60.0,48.372406
Sant Antoni de Portmany,2025-06-28 08:00:00,66.0,52.90716
Sant Antoni de Portmany,2025-06-28 09:00:00,81.0,46.40359
Sant Antoni de Portmany,2025-06-28 10:00:00,59.0,46.62801
Sant Antoni de Portmany,2025-06-28 11:00:00,63.0,44.249638
Sant Antoni de Portmany,2025-06-28 12:00:00,44.0,43.34986
Sant Antoni de Portmany,2025-06-28 13:00:00,25.0,44.35756
Sant Antoni de Portmany,2025-06-28 14:00:00,12.0,44.788452
Sant Antoni de Portmany,2025-06-28 15:00:00,24.0,40.208447
Sant Antoni de Portmany,2025-06-28 16:00:00,34.0,33.771305
Sant Antoni de Portmany,2025-06-28 17:00:00,6.0,30.518562
Sant Antoni de Portmany,2025-06-28 18:00:00,22.0,35.193256
Sant Antoni de Portmany,2025-06-28 19:00:00,31.0,38.624577
Sant Antoni de Portmany,2025-06-28 20:00:00,32.0,42.697308
Sant Antoni de Portmany,2025-06-29 08:00:00,25.0,43.82374
Sant Antoni de Portmany,2025-06-29 09:00:00,30.0,43.442787
Sant Antoni de Portmany,2025-06-29 10:00:00,38.0,41.430202
Sant Antoni de Portmany,2025-06-29 11:00:00,34.0,41.998283
Sant Antoni de Portmany,2025-06-29 12:00:00,47.0,44.40175
Sant Antoni de Portmany,2025-06-29 13:00:00,26.0,46.25309
Sant Antoni de Portmany,2025-06-29 14:00:00,20.0,43.81876
Sant Antoni de Portmany,2025-06-29 15:00:00,14.0,39.592907
Sant Antoni de Portmany,2025-06-29 16:00:00,29.0,33.299847
Sant Antoni de Portmany,2025-06-29 17:00:00,6.0,27.886755
Sant Antoni de Portmany,2025-06-29 18:00:00,32.0,32.728508
Sant Antoni de Portmany,2025-06-29 19:00:00,61.0,41.65304
Sant Antoni de Portmany,2025-06-29 20:00:00,65.0,50.884007
Sant Antoni de Portmany,2025-06-30 08:00:00,74.0,59.914078
Sant Antoni de Portmany,2025-06-30 09:00:00,63.0,63.817326
Sant Antoni de Portmany,2025-06-30 10:00:00,62.0,58.46193
Sant Antoni de Portmany,2025-06-30 11:00:00,64.0,58.326195
Sant Antoni de Portmany,2025-06-30 12:00:00,72.0,57.154617
Sant Antoni de Portmany,2025-06-30 13:00:00,35.0,61.030365
Sant Antoni de Portmany,2025-06-30 14:00:00,39.0,51.68266
Sant Antoni de Portmany,2025-06-30 15:00:00,28.0,44.837852
Sant Antoni de Portmany,2025-06-30 16:00:00,28.0,35.90363
Sant Antoni de Portmany,2025-06-30 17:00:00,6.0,32.072586
Sant Antoni de Portmany,2025-06-30 18:00:00,27.0,37.134342
Sant Antoni de Portmany,2025-06-30 19:00:00,56.0,46.43619
Sant Antoni de Portmany,2025-06-30 20:00:00,86.0,52.19755
Sant Antoni de Portmany,2025-07-01 08:00:00,71.0,60.220783
Sant Antoni de Portmany,2025-07-01 09:00:00,56.0,66.089325
Sant Antoni de Portmany,2025-07-01 10:00:00,62.0,59.181385
Sant Antoni de Portmany,2025-07-01 11:00:00,64.0,58.22996
Sant Antoni de Portmany,2025-07-01 12:00:00,60.0,62.357018
Sant Antoni de Portmany,2025-07-01 13:00:00,57.0,63.774147
Sant Antoni de Portmany,2025-07-01 14:00:00,26.0,53.80306
Sant Antoni de Portmany,2025-07-01 15:00:00,34.0,45.73874
Sant Antoni de Portmany,2025-07-01 16:00:00,42.0,35.081238
Sant Antoni de Portmany,2025-07-01 17:00:00,6.0,31.366238
Sant Antoni de Portmany,2025-07-01 18:00:00,21.0,37.02905
Sant Antoni de Portmany,2025-07-01 19:00:00,67.0,46.99714
Sant Antoni de Portmany,2025-07-01 20:00:00,65.0,53.137035
Sant Antoni de Portmany,2025-07-02 08:00:00,85.0,61.111507
Sant Antoni de Portmany,2025-07-02 09:00:00,73.0,64.88753
Sant Antoni de Portmany,2025-07-02 10:00:00,51.0,61.886105
Sant Antoni de Portmany,2025-07-02 11:00:00,52.0,59.92314
Sant Antoni de Portmany,2025-07-02 12:00:00,53.0,59.590965
Sant Antoni de Portmany,2025-07-02 13:00:00,35.0,62.272587
Sant Antoni de Portmany,2025-07-02 14:00:00,18.0,54.321903
Sant Antoni de Portmany,2025-07-02 15:00:00,37.0,36.494167
Sant Antoni de Portmany,2025-07-02 16:00:00,6.0,30.3053
Sant Antoni de Portmany,2025-07-02 17:00:00,30.0,34.231705
Sant Antoni de Portmany,2025-07-02 18:00:00,40.0,33.313152
Sant Antoni de Portmany,2025-07-02 19:00:00,62.0,42.575855
Sant Antoni de Portmany,2025-07-02 20:00:00,80.0,60.866512
Sant Antoni de Portmany,2025-07-03 08:00:00,57.0,62.248756
Sant Antoni de Portmany,2025-07-03 09:00:00,46.0,57.042873
Sant Antoni de Portmany,2025-07-03 10:00:00,72.0,50.78107
Sant Antoni de Portmany,2025-07-03 11:00:00,44.0,45.25334
Sant Antoni de Portmany,2025-07-03 12:00:00,31.0,53.733707
Sant Antoni de Portmany,2025-07-03 13:00:00,47.0,52.51556
Sant Antoni de Portmany,2025-07-03 14:00:00,6.0,49.259113
Sant Antoni de Portmany,2025-07-03 15:00:00,14.0,36.410736
Sant Antoni de Portmany,2025-07-03 16:00:00,6.0,32.62904
Sant Antoni de Portmany,2025-07-03 17:00:00,25.0,36.573227
Sant Antoni de Portmany,2025-07-03 18:00:00,53.0,44.060955
Sant Antoni de Portmany,2025-07-03 19:00:00,71.0,53.92719
Sant Antoni de Portmany,2025-07-03 20:00:00,84.0,57.581726
Sant Antoni de Portmany,2025-07-04 08:00:00,63.0,63.10762
Sant Antoni de Portmany,2025-07-04 09:00:00,65.0,63.94908
Sant Antoni de Portmany,2025-07-04 10:00:00,81.0,55.66178
Sant Antoni de Portmany,2025-07-04 11:00:00,61.0,54.983418
Sant Antoni de Portmany,2025-07-04 12:00:00,13.0,55.59864
Sant Antoni de Portmany,2025-07-04 13:00:00,33.0,56.436398
Sant Antoni de Portmany,2025-07-04 14:00:00,25.0,48.353237
Sant Antoni de Portmany,2025-07-04 15:00:00,43.0,38.184563
Sant Antoni de Portmany,2025-07-04 16:00:00,6.0,31.687449
Sant Antoni de Portmany,2025-07-04 17:00:00,15.0,33.73621
Sant Antoni de Portmany,2025-07-04 18:00:00,49.0,39.77373
Sant Antoni de Portmany,2025-07-04 19:00:00,58.0,38.72717
Sant Antoni de Portmany,2025-07-04 20:00:00,53.0,53.097645
Sant Antoni de Portmany,2025-07-05 08:00:00,70.0,62.658653
Sant Antoni de Portmany,2025-07-05 09:00:00,63.0,56.789154
Sant Antoni de Portmany,2025-07-05 10:00:00,53.0,51.292038
Sant Antoni de Portmany,2025-07-05 11:00:00,48.0,59.48609
Sant Antoni de Portmany,2025-07-05 12:00:00,31.0,54.13301
Sant Antoni de Portmany,2025-07-05 13:00:00,23.0,53.01781
Sant Antoni de Portmany,2025-07-05 14:00:00,32.0,42.987278
Sant Antoni de Portmany,2025-07-05 15:00:00,38.0,34.20629
Sant Antoni de Portmany,2025-07-05 16:00:00,5.0,28.816265
Sant Antoni de Portmany,2025-07-05 17:00:00,38.0,34.57117
Sant Antoni de Portmany,2025-07-05 18:00:00,37.0,40.85085
Sant Antoni de Portmany,2025-07-05 19:00:00,77.0,49.52551
Sant Antoni de Portmany,2025-07-05 20:00:00,62.0,54.44863
Sant Antoni de Portmany,2025-07-06 08:00:00,63.0,57.509174
Sant Antoni de Portmany,2025-07-06 09:00:00,59.0,57.921894
Sant Antoni de Portmany,2025-07-06 10:00:00,57.0,58.141182
Sant Antoni de Portmany,2025-07-06 11:00:00,52.0,63.6482
Sant Antoni de Portmany,2025-07-06 12:00:00,27.0,65.370766
Sant Antoni de Portmany,2025-07-06 13:00:00,28.0,52.527122
Sant Antoni de Portmany,2025-07-06 14:00:00,30.0,48.615307
Sant Antoni de Portmany,2025-07-06 15:00:00,45.0,33.003334
Sant Antoni de Portmany,2025-07-06 16:00:00,6.0,29.932056
Sant Antoni de Portmany,2025-07-06 17:00:00,18.0,34.356064
Sant Antoni de Portmany,2025-07-06 18:00:00,26.0,46.9192
Sant Antoni de Portmany,2025-07-06 19:00:00,43.0,56.562157
Sant Antoni de Portmany,2025-07-06 20:00:00,46.0,63.107914
Sant Antoni de Portmany,2025-07-07 08:00:00,72.0,65.72511
Sant Antoni de Portmany,2025-07-07 09:00:00,51.0,66.91682
Sant Antoni de Portmany,2025-07-07 10:00:00,48.0,61.851902
Sant Antoni de Portmany,2025-07-07 11:00:00,67.0,59.983578
Sant Antoni de Portmany,2025-07-07 12:00:00,44.0,60.32331
Sant Antoni de Portmany,2025-07-07 13:00:00,32.0,52.666107
Sant Antoni de Portmany,2025-07-07 14:00:00,15.0,44.27736
Sant Antoni de Portmany,2025-07-07 15:00:00,52.0,34.879246
Sant Antoni de Portmany,2025-07-07 16:00:00,6.0,32.632904
Sant Antoni de Portmany,2025-07-07 17:00:00,20.0,30.55345
Sant Antoni de Portmany,2025-07-07 18:00:00,42.0,43.84844
Sant Antoni de Portmany,2025-07-07 19:00:00,78.0,51.53204
Sant Antoni de Portmany,2025-07-07 20:00:00,63.0,57.2922
Sant Antoni de Portmany,2025-07-08 08:00:00,68.0,63.906597
Sant Antoni de Portmany,2025-07-08 09:00:00,71.0,58.904915
Sant Antoni de Portmany,2025-07-08 10:00:00,87.0,52.56522
Sant Antoni de Portmany,2025-07-08 11:00:00,100.0,50.58188
Sant Antoni de Portmany,2025-07-08 12:00:00,38.0,38.785408
Sant Antoni de Portmany,2025-07-08 13:00:00,23.0,37.139088
Sant Antoni de Portmany,2025-07-08 14:00:00,21.0,33.400993
Sant Antoni de Portmany,2025-07-08 15:00:00,53.0,27.02577
Sant Antoni de Portmany,2025-07-08 16:00:00,6.0,22.708199
Sant Antoni de Portmany,2025-07-08 17:00:00,40.0,22.569988
Sant Antoni de Portmany,2025-07-08 18:00:00,44.0,25.271406
Sant Antoni de Portmany,2025-07-08 19:00:00,58.0,39.7246
Sant Antoni de Portmany,2025-07-08 20:00:00,59.0,41.634777
Sant Antoni de Portmany,2025-07-09 08:00:00,54.0,51.729656
Sant Antoni de Portmany,2025-07-09 09:00:00,63.0,45.92806
Sant Antoni de Portmany,2025-07-09 10:00:00,75.0,40.154663
Sant Antoni de Portmany,2025-07-09 11:00:00,66.0,41.391033
Sant Antoni de Portmany,2025-07-09 12:00:00,52.0,41.12045
Sant Antoni de Portmany,2025-07-09 13:00:00,20.0,36.201145
Sant Antoni de Portmany,2025-07-09 14:00:00,16.0,34.6136
Sant Antoni de Portmany,2025-07-09 15:00:00,44.0,33.65464
Sant Antoni de Portmany,2025-07-09 16:00:00,6.0,27.071545
Sant Antoni de Portmany,2025-07-09 17:00:00,10.0,28.385725
Sant Antoni de Portmany,2025-07-09 18:00:00,21.0,37.824608
Sant Antoni de Portmany,2025-07-09 19:00:00,36.0,42.79645
Sant Antoni de Portmany,2025-07-09 20:00:00,32.0,53.710228
Sant Antoni de Portmany,2025-07-10 08:00:00,41.0,62.495384
Sant Antoni de Portmany,2025-07-10 09:00:00,73.0,54.02407
Sant Antoni de Portmany,2025-07-10 10:00:00,62.0,42.40173
Sant Antoni de Portmany,2025-07-10 11:00:00,61.0,38.454823
Sant Antoni de Portmany,2025-07-10 12:00:00,21.0,38.954735
Sant Antoni de Portmany,2025-07-10 13:00:00,17.0,37.982246
Sant Antoni de Portmany,2025-07-10 14:00:00,13.0,35.450905
Sant Antoni de Portmany,2025-07-10 15:00:00,32.0,31.08874
Sant Antoni de Portmany,2025-07-10 16:00:00,6.0,28.352732
Sant Antoni de Portmany,2025-07-10 17:00:00,18.0,35.647667
Sant Antoni de Portmany,2025-07-10 18:00:00,44.0,35.00106
Sant Antoni de Portmany,2025-07-10 19:00:00,82.0,47.301804
Sant Antoni de Portmany,2025-07-10 20:00:00,64.0,55.950832
Sant Antoni de Portmany,2025-07-11 08:00:00,49.0,59.587315
Sant Antoni de Portmany,2025-07-11 09:00:00,55.0,53.403824
Sant Antoni de Portmany,2025-07-11 10:00:00,64.0,51.554516
Sant Antoni de Portmany,2025-07-11 11:00:00,76.0,50.038746
Sant Antoni de Portmany,2025-07-11 12:00:00,52.0,49.186478
Sant Antoni de Portmany,2025-07-11 13:00:00,28.0,55.765636
Sant Antoni de Portmany,2025-07-11 14:00:00,27.0,45.222298
Sant Antoni de Portmany,2025-07-11 15:00:00,45.0,36.946014
Sant Antoni de Portmany,2025-07-11 16:00:00,6.0,32.73784
Sant Antoni de Portmany,2025-07-11 17:00:00,16.0,34.417686
Sant Antoni de Portmany,2025-07-11 19:00:00,35.0,34.97379
Sant Antoni de Portmany,2025-07-11 20:00:00,49.0,43.849125
Sant Antoni de Portmany,2025-07-12 08:00:00,66.0,49.41276
Sant Antoni de Portmany,2025-07-12 09:00:00,54.0,46.751076
Sant Antoni de Portmany,2025-07-12 10:00:00,56.0,44.745094
Sant Antoni de Portmany,2025-07-12 11:00:00,50.0,42.191345
Sant Antoni de Portmany,2025-07-12 12:00:00,62.0,39.77465
Sant Antoni de Portmany,2025-07-12 13:00:00,29.0,51.151474
Sant Antoni de Portmany,2025-07-12 14:00:00,15.0,52.39042
Sant Antoni de Portmany,2025-07-12 15:00:00,20.0,46.732456
Sant Antoni de Portmany,2025-07-12 16:00:00,54.0,37.108677
Sant Antoni de Portmany,2025-07-12 17:00:00,5.0,33.82102
Sant Antoni de Portmany,2025-07-12 18:00:00,26.0,38.563145
Sant Antoni de Portmany,2025-07-12 19:00:00,38.0,30.720753
Sant Antoni de Portmany,2025-07-12 20:00:00,65.0,35.20269
Sant Antoni de Portmany,2025-07-13 08:00:00,66.0,45.834103
Sant Antoni de Portmany,2025-07-13 09:00:00,60.0,50.421555
Sant Antoni de Portmany,2025-07-13 10:00:00,66.0,51.469322
Sant Antoni de Portmany,2025-07-13 11:00:00,49.0,45.780968
Sant Antoni de Portmany,2025-07-13 12:00:00,67.0,42.887215
Sant Antoni de Portmany,2025-07-13 13:00:00,55.0,53.218075
Sant Antoni de Portmany,2025-07-13 14:00:00,21.0,45.62774
Sant Antoni de Portmany,2025-07-13 15:00:00,32.0,41.273476
Sant Antoni de Portmany,2025-07-13 16:00:00,45.0,34.711044
Sant Antoni de Portmany,2025-07-13 17:00:00,6.0,20.770288
Sant Antoni de Portmany,2025-07-13 18:00:00,32.0,30.948555
Sant Antoni de Portmany,2025-07-13 19:00:00,71.0,30.741198
Sant Antoni de Portmany,2025-07-13 20:00:00,102.0,38.523495
Sant Antoni de Portmany,2025-07-14 08:00:00,86.0,50.970856
Sant Antoni de Portmany,2025-07-14 09:00:00,77.0,50.033073
Sant Antoni de Portmany,2025-07-14 10:00:00,68.0,51.829346
Sant Antoni de Portmany,2025-07-14 11:00:00,69.0,48.650383
Sant Antoni de Portmany,2025-07-14 12:00:00,47.0,46.85323
Sant Antoni de Portmany,2025-07-14 13:00:00,41.0,47.61259
Sant Antoni de Portmany,2025-07-14 14:00:00,31.0,47.548317
Sant Antoni de Portmany,2025-07-14 15:00:00,23.0,40.386417
Sant Antoni de Portmany,2025-07-14 16:00:00,40.0,36.981987
Sant Antoni de Portmany,2025-07-14 17:00:00,6.0,34.749084
Sant Antoni de Portmany,2025-07-14 18:00:00,29.0,31.344145
Sant Antoni de Portmany,2025-07-14 19:00:00,41.0,36.899464
Sant Antoni de Portmany,2025-07-14 20:00:00,40.0,41.825634
Sant Antoni de Portmany,2025-07-15 08:00:00,29.0,44.677963
Sant Antoni de Portmany,2025-07-15 09:00:00,28.0,46.794407
Sant Antoni de Portmany,2025-07-15 10:00:00,33.0,44.271763
Sant Antoni de Portmany,2025-07-15 11:00:00,46.0,40.83723
Sant Antoni de Portmany,2025-07-15 12:00:00,26.0,50.608524
Sant Antoni de Portmany,2025-07-15 13:00:00,11.0,48.12729
Sant Antoni de Portmany,2025-07-15 14:00:00,10.0,46.045387
Sant Antoni de Portmany,2025-07-15 15:00:00,5.0,40.97295
Sant Antoni de Portmany,2025-07-15 16:00:00,6.0,34.952755
Sant Antoni de Portmany,2025-07-15 17:00:00,6.0,32.909187
Sant Antoni de Portmany,2025-07-15 18:00:00,15.0,26.622707
Sant Antoni de Portmany,2025-07-15 19:00:00,27.0,37.46104
Sant Antoni de Portmany,2025-07-15 20:00:00,39.0,43.02635
Sant Antoni de Portmany,2025-07-16 08:00:00,60.0,46.89112
Sant Antoni de Portmany,2025-07-16 09:00:00,47.0,44.91727
Sant Antoni de Portmany,2025-07-16 10:00:00,84.0,53.289825
Sant Antoni de Portmany,2025-07-16 11:00:00,73.0,51.857807
Sant Antoni de Portmany,2025-07-16 12:00:00,54.0,46.98667
Sant Antoni de Portmany,2025-07-16 13:00:00,36.0,45.126644
Sant Antoni de Portmany,2025-07-16 14:00:00,21.0,45.730156
Sant Antoni de Portmany,2025-07-16 15:00:00,11.0,42.24051
Sant Antoni de Portmany,2025-07-16 16:00:00,42.0,36.148632
Sant Antoni de Portmany,2025-07-16 17:00:00,6.0,35.0899
Sant Antoni de Portmany,2025-07-16 18:00:00,14.0,33.58783
Sant Antoni de Portmany,2025-07-16 19:00:00,50.0,33.10602
Sant Antoni de Portmany,2025-07-16 20:00:00,65.0,43.095787
Sant Antoni de Portmany,2025-07-17 08:00:00,70.0,55.831985
Sant Antoni de Portmany,2025-07-17 09:00:00,55.0,51.013832
Sant Antoni de Portmany,2025-07-17 10:00:00,56.0,48.612003
Sant Antoni de Portmany,2025-07-17 11:00:00,79.0,45.364594
Sant Antoni de Portmany,2025-07-17 12:00:00,66.0,49.75741
Sant Antoni de Portmany,2025-07-17 13:00:00,46.0,48.189697
Sant Antoni de Portmany,2025-07-17 14:00:00,19.0,47.384262
Sant Antoni de Portmany,2025-07-17 15:00:00,14.0,44.64424
Sant Antoni de Portmany,2025-07-17 16:00:00,29.0,36.204636
Sant Antoni de Portmany,2025-07-17 17:00:00,6.0,32.38874
Sant Antoni de Portmany,2025-07-17 18:00:00,19.0,25.4275
Sant Antoni de Portmany,2025-07-17 19:00:00,53.0,31.272272
Sant Antoni de Portmany,2025-07-17 20:00:00,70.0,41.44416
Sant Antoni de Portmany,2025-07-18 08:00:00,65.0,59.59592
Sant Antoni de Portmany,2025-07-18 09:00:00,65.0,57.302757
Sant Antoni de Portmany,2025-07-18 10:00:00,64.0,56.02504
Sant Antoni de Portmany,2025-07-18 11:00:00,90.0,52.42399
Sant Antoni de Portmany,2025-07-18 12:00:00,78.0,48.866207
Sant Antoni de Portmany,2025-07-18 13:00:00,19.0,45.116413
Sant Antoni de Portmany,2025-07-18 14:00:00,29.0,48.765694
Sant Antoni de Portmany,2025-07-18 15:00:00,19.0,46.109665
Sant Antoni de Portmany,2025-07-18 16:00:00,32.0,36.069633
Sant Antoni de Portmany,2025-07-18 17:00:00,6.0,32.13961
Sant Antoni de Portmany,2025-07-18 18:00:00,18.0,24.609528
Sant Antoni de Portmany,2025-07-18 19:00:00,42.0,27.40753
Sant Antoni de Portmany,2025-07-18 20:00:00,60.0,41.611774
Sant Antoni de Portmany,2025-07-19 08:00:00,73.0,45.628777
Sant Antoni de Portmany,2025-07-19 09:00:00,57.0,47.074043
Sant Antoni de Portmany,2025-07-19 10:00:00,73.0,42.441963
Sant Antoni de Portmany,2025-07-19 11:00:00,53.0,47.459507
Sant Antoni de Portmany,2025-07-19 12:00:00,58.0,44.178364
Sant Antoni de Portmany,2025-07-19 13:00:00,32.0,45.52677
Sant Antoni de Portmany,2025-07-19 14:00:00,25.0,43.66394
Sant Antoni de Portmany,2025-07-19 15:00:00,19.0,38.857716
Sant Antoni de Portmany,2025-07-19 16:00:00,35.0,30.433147
Sant Antoni de Portmany,2025-07-19 17:00:00,5.0,18.708496
Sant Antoni de Portmany,2025-07-19 18:00:00,24.0,13.94726
Sant Antoni de Portmany,2025-07-19 19:00:00,38.0,16.524797
Sant Antoni de Portmany,2025-07-19 20:00:00,44.0,26.640816
Sant Antoni de Portmany,2025-07-20 08:00:00,35.0,28.065973
Sant Antoni de Portmany,2025-07-20 09:00:00,36.0,38.144333
Sant Antoni de Portmany,2025-07-20 10:00:00,38.0,45.320065
Sant Antoni de Portmany,2025-07-20 11:00:00,45.0,43.80897
Sant Antoni de Portmany,2025-07-20 12:00:00,32.0,48.402584
Sant Antoni de Portmany,2025-07-20 13:00:00,30.0,39.3206
Sant Antoni de Portmany,2025-07-20 14:00:00,14.0,39.598984
Sant Antoni de Portmany,2025-07-20 15:00:00,13.0,39.36465
Sant Antoni de Portmany,2025-07-20 16:00:00,35.0,34.383827
Sant Antoni de Portmany,2025-07-20 17:00:00,6.0,29.368645
Sant Antoni de Portmany,2025-07-20 18:00:00,18.0,26.227457
Sant Antoni de Portmany,2025-07-20 19:00:00,59.0,32.595524
Sant Antoni de Portmany,2025-07-20 20:00:00,67.0,43.843216
Sant Antoni de Portmany,2025-07-21 08:00:00,51.0,55.055454
Sant Antoni de Portmany,2025-07-21 09:00:00,49.0,51.52114
Sant Antoni de Portmany,2025-07-21 10:00:00,63.0,55.8219
Sant Antoni de Portmany,2025-07-21 11:00:00,79.0,46.059433
Sant Antoni de Portmany,2025-07-21 12:00:00,52.0,44.330914
Sant Antoni de Portmany,2025-07-21 13:00:00,17.0,39.08992
Sant Antoni de Portmany,2025-07-21 14:00:00,24.0,39.733727
Sant Antoni de Portmany,2025-07-21 15:00:00,45.0,38.12516
Sant Antoni de Portmany,2025-07-21 16:00:00,7.0,33.355877
Sant Antoni de Portmany,2025-07-21 17:00:00,6.0,30.020552
Sant Antoni de Portmany,2025-07-21 18:00:00,27.0,23.313452
Sant Antoni de Portmany,2025-07-21 19:00:00,51.0,32.64759
Sant Antoni de Portmany,2025-07-21 20:00:00,58.0,45.446423
Sant Antoni de Portmany,2025-07-22 08:00:00,64.0,50.53956
Sant Antoni de Portmany,2025-07-22 09:00:00,44.0,49.86914
Sant Antoni de Portmany,2025-07-22 10:00:00,97.0,50.874115
Sant Antoni de Portmany,2025-07-22 11:00:00,71.0,49.712086
Sant Antoni de Portmany,2025-07-22 12:00:00,40.0,48.333992
Sant Antoni de Portmany,2025-07-22 13:00:00,20.0,51.05384
Sant Antoni de Portmany,2025-07-22 14:00:00,10.0,47.85037
Sant Antoni de Portmany,2025-07-22 15:00:00,29.0,43.083126
Sant Antoni de Portmany,2025-07-22 16:00:00,7.0,33.392258
Sant Antoni de Portmany,2025-07-22 17:00:00,6.0,29.694933
Sant Antoni de Portmany,2025-07-22 18:00:00,39.0,25.616037
Sant Antoni de Portmany,2025-07-22 19:00:00,64.0,42.601772
Sant Antoni de Portmany,2025-07-22 20:00:00,67.0,45.679874
Sant Antoni de Portmany,2025-07-23 08:00:00,67.0,51.540195
Sant Antoni de Portmany,2025-07-23 09:00:00,53.0,52.635925
Sant Antoni de Portmany,2025-07-23 10:00:00,72.0,50.253162
Sant Antoni de Portmany,2025-07-23 11:00:00,70.0,42.65411
Sant Antoni de Portmany,2025-07-23 12:00:00,46.0,39.917645
Sant Antoni de Portmany,2025-07-23 13:00:00,25.0,44.554016
Sant Antoni de Portmany,2025-07-23 14:00:00,25.0,49.49428
Sant Antoni de Portmany,2025-07-23 15:00:00,29.0,43.023376
Sant Antoni de Portmany,2025-07-23 16:00:00,6.0,35.19553
Sant Antoni de Portmany,2025-07-23 17:00:00,6.0,31.469845
Sant Antoni de Portmany,2025-07-23 18:00:00,31.0,29.51645
Sant Antoni de Portmany,2025-07-23 19:00:00,57.0,39.198254
Sant Antoni de Portmany,2025-07-23 20:00:00,54.0,47.32996
Sant Antoni de Portmany,2025-07-24 08:00:00,86.0,56.06619
Sant Antoni de Portmany,2025-07-24 09:00:00,72.0,53.35249
Sant Antoni de Portmany,2025-07-24 10:00:00,83.0,52.98525
Sant Antoni de Portmany,2025-07-24 11:00:00,82.0,52.073486
Sant Antoni de Portmany,2025-07-24 12:00:00,52.0,47.70841
Sant Antoni de Portmany,2025-07-24 13:00:00,23.0,45.97522
Sant Antoni de Portmany,2025-07-24 14:00:00,24.0,39.768456
Sant Antoni de Portmany,2025-07-24 15:00:00,41.0,37.185516
Sant Antoni de Portmany,2025-07-24 16:00:00,6.0,27.423859
Sant Antoni de Portmany,2025-07-24 17:00:00,6.0,18.582605
Sant Antoni de Portmany,2025-07-24 18:00:00,50.0,21.250978
Sant Antoni de Portmany,2025-07-24 19:00:00,69.0,29.37979
Sant Antoni de Portmany,2025-07-24 20:00:00,62.0,40.4721
Sant Antoni de Portmany,2025-07-25 08:00:00,78.0,52.81545
Sant Antoni de Portmany,2025-07-25 09:00:00,60.0,51.688618
Sant Antoni de Portmany,2025-07-25 10:00:00,65.0,47.35026
Sant Antoni de Portmany,2025-07-25 11:00:00,71.0,41.47054
Sant Antoni de Portmany,2025-07-25 12:00:00,69.0,33.876183
Sant Antoni de Portmany,2025-07-25 13:00:00,33.0,32.187767
Sant Antoni de Portmany,2025-07-25 14:00:00,21.0,38.090916
Sant Antoni de Portmany,2025-07-25 15:00:00,46.0,38.640923
Sant Antoni de Portmany,2025-07-25 16:00:00,7.0,34.8484
Sant Antoni de Portmany,2025-07-25 17:00:00,6.0,33.774918
Sant Antoni de Portmany,2025-07-25 18:00:00,24.0,21.72233
Sant Antoni de Portmany,2025-07-25 19:00:00,44.0,34.129353
Sant Antoni de Portmany,2025-07-25 20:00:00,54.0,45.189465
Sant Antoni de Portmany,2025-07-26 08:00:00,50.0,61.342278
Sant Antoni de Portmany,2025-07-26 09:00:00,66.0,57.49819
Sant Antoni de Portmany,2025-07-26 10:00:00,68.0,46.661297
Sant Antoni de Portmany,2025-07-26 11:00:00,61.0,43.951874
Sant Antoni de Portmany,2025-07-26 12:00:00,59.0,41.08978
Sant Antoni de Portmany,2025-07-26 13:00:00,35.0,38.58357
Sant Antoni de Portmany,2025-07-26 14:00:00,29.0,35.293816
Sant Antoni de Portmany,2025-07-26 15:00:00,40.0,34.80519
Sant Antoni de Portmany,2025-07-26 16:00:00,5.0,34.068752
Sant Antoni de Portmany,2025-07-26 17:00:00,5.0,28.61633
Sant Antoni de Portmany,2025-07-26 18:00:00,29.0,17.709215
Sant Antoni de Portmany,2025-07-26 19:00:00,56.0,33.87215
Sant Antoni de Portmany,2025-07-26 20:00:00,81.0,40.56209
Sant Antoni de Portmany,2025-07-27 08:00:00,81.0,60.63628
Sant Antoni de Portmany,2025-07-27 09:00:00,76.0,46.75696
Sant Antoni de Portmany,2025-07-27 10:00:00,101.0,43.667145
Sant Antoni de Portmany,2025-07-27 11:00:00,81.0,41.497097
Sant Antoni de Portmany,2025-07-27 12:00:00,40.0,38.00534
Sant Antoni de Portmany,2025-07-27 13:00:00,32.0,40.98779
Sant Antoni de Portmany,2025-07-27 14:00:00,28.0,45.007008
Sant Antoni de Portmany,2025-07-27 15:00:00,38.0,38.088432
Sant Antoni de Portmany,2025-07-27 16:00:00,6.0,30.56581
Sant Antoni de Portmany,2025-07-27 17:00:00,6.0,22.01116
Sant Antoni de Portmany,2025-07-27 18:00:00,22.0,29.58065
Sant Antoni de Portmany,2025-07-27 19:00:00,32.0,33.542698
Sant Antoni de Portmany,2025-07-27 20:00:00,55.0,43.126835
Sant Antoni de Portmany,2025-07-28 08:00:00,61.0,52.874565
Sant Antoni de Portmany,2025-07-28 09:00:00,59.0,49.674194
Sant Antoni de Portmany,2025-07-28 10:00:00,79.0,53.840855
Sant Antoni de Portmany,2025-07-28 11:00:00,71.0,53.228115
Sant Antoni de Portmany,2025-07-28 12:00:00,48.0,48.611294
Sant Antoni de Portmany,2025-07-28 13:00:00,26.0,51.850456
Sant Antoni de Portmany,2025-07-28 14:00:00,27.0,47.214275
Sant Antoni de Portmany,2025-07-28 15:00:00,41.0,41.646683
Sant Antoni de Portmany,2025-07-28 16:00:00,6.0,36.447216
Sant Antoni de Portmany,2025-07-28 17:00:00,6.0,34.231476
Sant Antoni de Portmany,2025-07-28 18:00:00,34.0,26.329607
Sant Antoni de Portmany,2025-07-28 19:00:00,66.0,33.919624
Sant Antoni de Portmany,2025-07-28 20:00:00,55.0,43.700397
Sant Antoni de Portmany,2025-07-29 08:00:00,72.0,55.634144
Sant Antoni de Portmany,2025-07-29 09:00:00,71.0,52.67733
Sant Antoni de Portmany,2025-07-29 10:00:00,70.0,52.65213
Sant Antoni de Portmany,2025-07-29 11:00:00,83.0,47.94378
Sant Antoni de Portmany,2025-07-29 12:00:00,51.0,45.224995
Sant Antoni de Portmany,2025-07-29 13:00:00,40.0,43.637264
Sant Antoni de Portmany,2025-07-29 14:00:00,29.0,34.009617
Sant Antoni de Portmany,2025-07-29 15:00:00,36.0,32.449245
Sant Antoni de Portmany,2025-07-29 16:00:00,9.0,28.568918
Sant Antoni de Portmany,2025-07-29 17:00:00,6.0,22.55028
Sant Antoni de Portmany,2025-07-29 18:00:00,35.0,18.177134
Sant Antoni de Portmany,2025-07-29 19:00:00,65.0,30.306526
Sant Antoni de Portmany,2025-07-29 20:00:00,73.0,34.422745
Sant Antoni de Portmany,2025-07-30 08:00:00,71.0,53.240086
Sant Antoni de Portmany,2025-07-30 09:00:00,57.0,45.30124
Sant Antoni de Portmany,2025-07-30 10:00:00,61.0,35.827538
Sant Antoni de Portmany,2025-07-30 11:00:00,54.0,38.35415
Sant Antoni de Portmany,2025-07-30 12:00:00,55.0,34.186558
Sant Antoni de Portmany,2025-07-30 13:00:00,35.0,34.902775
Sant Antoni de Portmany,2025-07-30 14:00:00,35.0,37.8335
Sant Antoni de Portmany,2025-07-30 15:00:00,40.0,33.330395
Sant Antoni de Portmany,2025-07-30 16:00:00,6.0,35.183865
Sant Antoni de Portmany,2025-07-30 17:00:00,6.0,21.31931
Sant Antoni de Portmany,2025-07-30 18:00:00,25.0,28.2908
Sant Antoni de Portmany,2025-07-30 19:00:00,45.0,47.656586
Sant Antoni de Portmany,2025-07-30 20:00:00,61.0,49.447323
Sant Antoni de Portmany,2025-07-31 08:00:00,70.0,51.602077
Sant Antoni de Portmany,2025-07-31 09:00:00,57.0,43.11961
Sant Antoni de Portmany,2025-07-31 10:00:00,62.0,44.14569
Sant Antoni de Portmany,2025-07-31 11:00:00,86.0,42.062107
Sant Antoni de Portmany,2025-07-31 12:00:00,67.0,39.13806
Sant Antoni de Portmany,2025-07-31 13:00:00,41.0,39.8943
Sant Antoni de Portmany,2025-07-31 14:00:00,22.0,44.025105
Sant Antoni de Portmany,2025-07-31 15:00:00,43.0,42.069588
Sant Antoni de Portmany,2025-07-31 16:00:00,5.0,36.582745
Sant Antoni de Portmany,2025-07-31 17:00:00,5.0,24.653465
Sant Antoni de Portmany,2025-07-31 18:00:00,31.0,20.638626
Sant Antoni de Portmany,2025-07-31 19:00:00,44.0,39.83823
Sant Antoni de Portmany,2025-07-31 20:00:00,79.0,53.663685
Sant Antoni de Portmany,2025-08-01 08:00:00,64.0,64.16966
Sant Antoni de Portmany,2025-08-01 09:00:00,65.0,45.85875
Sant Antoni de Portmany,2025-08-01 10:00:00,70.0,46.268726
Sant Antoni de Portmany,2025-08-01 11:00:00,84.0,46.439148
Sant Antoni de Portmany,2025-08-01 12:00:00,50.0,47.7626
Sant Antoni de Portmany,2025-08-01 13:00:00,32.0,46.5001
Sant Antoni de Portmany,2025-08-01 14:00:00,25.0,46.629707
Sant Antoni de Portmany,2025-08-01 15:00:00,60.0,42.30345
Sant Antoni de Portmany,2025-08-01 16:00:00,6.0,38.857975
Sant Antoni de Portmany,2025-08-01 17:00:00,6.0,30.090452
Sant Antoni de Portmany,2025-08-01 18:00:00,23.0,27.282627
Sant Antoni de Portmany,2025-08-01 19:00:00,35.0,35.31834
Sant Antoni de Portmany,2025-08-01 20:00:00,53.0,47.908672
Sant Antoni de Portmany,2025-08-02 08:00:00,51.0,57.951553
Sant Antoni de Portmany,2025-08-02 09:00:00,50.0,47.643665
Sant Antoni de Portmany,2025-08-02 10:00:00,64.0,45.8056
Sant Antoni de Portmany,2025-08-02 11:00:00,72.0,45.988617
Sant Antoni de Portmany,2025-08-02 12:00:00,48.0,41.344147
Sant Antoni de Portmany,2025-08-02 13:00:00,38.0,46.079655
Sant Antoni de Portmany,2025-08-02 14:00:00,24.0,47.20898
Sant Antoni de Portmany,2025-08-02 15:00:00,40.0,40.64099
Sant Antoni de Portmany,2025-08-02 16:00:00,6.0,31.850721
Sant Antoni de Portmany,2025-08-02 17:00:00,5.0,24.325785
Sant Antoni de Portmany,2025-08-02 18:00:00,36.0,27.314753
Sant Antoni de Portmany,2025-08-02 19:00:00,50.0,42.186996
Sant Antoni de Portmany,2025-08-02 20:00:00,66.0,47.02314
Sant Antoni de Portmany,2025-08-03 08:00:00,43.0,52.81144
Sant Antoni de Portmany,2025-08-03 09:00:00,61.0,46.901745
Sant Antoni de Portmany,2025-08-03 10:00:00,72.0,44.586872
Sant Antoni de Portmany,2025-08-03 11:00:00,76.0,49.943916
Sant Antoni de Portmany,2025-08-03 12:00:00,52.0,45.76473
Sant Antoni de Portmany,2025-08-03 13:00:00,28.0,47.45706
Sant Antoni de Portmany,2025-08-03 14:00:00,15.0,46.07933
Sant Antoni de Portmany,2025-08-03 15:00:00,31.0,40.644814
Sant Antoni de Portmany,2025-08-03 16:00:00,6.0,34.810425
Sant Antoni de Portmany,2025-08-03 17:00:00,6.0,32.691433
Sant Antoni de Portmany,2025-08-03 18:00:00,26.0,26.255283
Sant Antoni de Portmany,2025-08-03 19:00:00,42.0,43.00168
Sant Antoni de Portmany,2025-08-03 20:00:00,76.0,47.508026
Sant Antoni de Portmany,2025-08-04 08:00:00,67.0,51.557392
Sant Antoni de Portmany,2025-08-04 09:00:00,64.0,48.420444
Sant Antoni de Portmany,2025-08-04 10:00:00,72.0,49.82054
Sant Antoni de Portmany,2025-08-04 11:00:00,77.0,46.46658
Sant Antoni de Portmany,2025-08-04 12:00:00,63.0,45.420265
Sant Antoni de Portmany,2025-08-04 13:00:00,66.0,46.259247
Sant Antoni de Portmany,2025-08-04 14:00:00,27.0,45.821465
Sant Antoni de Portmany,2025-08-04 15:00:00,34.0,38.0746
Sant Antoni de Portmany,2025-08-04 16:00:00,6.0,33.893047
Sant Antoni de Portmany,2025-08-04 17:00:00,6.0,33.903896
Sant Antoni de Portmany,2025-08-04 18:00:00,18.0,35.970177
Sant Antoni de Portmany,2025-08-04 19:00:00,35.0,45.781113
Sant Antoni de Portmany,2025-08-04 20:00:00,66.0,43.37974
Sant Antoni de Portmany,2025-08-05 08:00:00,58.0,47.150352
Sant Antoni de Portmany,2025-08-05 09:00:00,73.0,45.24048
Sant Antoni de Portmany,2025-08-05 10:00:00,46.0,49.11107
Sant Antoni de Portmany,2025-08-05 11:00:00,86.0,41.651764
Sant Antoni de Portmany,2025-08-05 12:00:00,69.0,41.21931
Sant Antoni de Portmany,2025-08-05 13:00:00,53.0,57.430485
Sant Antoni de Portmany,2025-08-05 14:00:00,23.0,53.416046
Sant Antoni de Portmany,2025-08-05 15:00:00,37.0,44.03277
Sant Antoni de Portmany,2025-08-05 16:00:00,6.0,33.617886
Sant Antoni de Portmany,2025-08-05 17:00:00,6.0,33.706
Sant Antoni de Portmany,2025-08-05 18:00:00,21.0,29.410072
Sant Antoni de Portmany,2025-08-05 19:00:00,49.0,40.19584
Sant Antoni de Portmany,2025-08-05 20:00:00,75.0,44.250423
Sant Antoni de Portmany,2025-08-06 08:00:00,73.0,48.86014
Sant Antoni de Portmany,2025-08-06 09:00:00,67.0,40.590233
Sant Antoni de Portmany,2025-08-06 10:00:00,63.0,46.14359
Sant Antoni de Portmany,2025-08-06 11:00:00,69.0,46.012283
Sant Antoni de Portmany,2025-08-06 12:00:00,42.0,45.61434
Sant Antoni de Portmany,2025-08-06 13:00:00,57.0,49.639988
Sant Antoni de Portmany,2025-08-06 14:00:00,34.0,42.537136
Sant Antoni de Portmany,2025-08-06 15:00:00,53.0,41.582153
Sant Antoni de Portmany,2025-08-06 16:00:00,6.0,37.37665
Sant Antoni de Portmany,2025-08-06 17:00:00,6.0,30.72097
Sant Antoni de Portmany,2025-08-06 18:00:00,26.0,30.948284
Sant Antoni de Portmany,2025-08-06 19:00:00,57.0,45.174385
Sant Antoni de Portmany,2025-08-06 20:00:00,51.0,46.843994
Sant Antoni de Portmany,2025-08-07 08:00:00,77.0,54.15315
Sant Antoni de Portmany,2025-08-07 09:00:00,94.0,50.919453
Sant Antoni de Portmany,2025-08-07 10:00:00,49.0,49.65419
Sant Antoni de Portmany,2025-08-07 11:00:00,111.0,50.328083
Sant Antoni de Portmany,2025-08-07 12:00:00,69.0,50.365673
Sant Antoni de Portmany,2025-08-07 13:00:00,49.0,51.30935
Sant Antoni de Portmany,2025-08-07 14:00:00,41.0,51.592926
Sant Antoni de Portmany,2025-08-07 15:00:00,53.0,44.020405
Sant Antoni de Portmany,2025-08-07 16:00:00,8.0,35.343143
Sant Antoni de Portmany,2025-08-07 17:00:00,6.0,33.790787
Sant Antoni de Portmany,2025-08-07 18:00:00,31.0,33.347725
Sant Antoni de Portmany,2025-08-07 19:00:00,71.0,41.322872
Sant Antoni de Portmany,2025-08-07 20:00:00,92.0,45.636356
Sant Antoni de Portmany,2025-08-08 08:00:00,81.0,57.80697
Sant Antoni de Portmany,2025-08-08 09:00:00,79.0,56.92697
Sant Antoni de Portmany,2025-08-08 10:00:00,60.0,53.497562
Sant Antoni de Portmany,2025-08-08 11:00:00,93.0,47.769363
Sant Antoni de Portmany,2025-08-08 12:00:00,77.0,50.626335
Sant Antoni de Portmany,2025-08-08 13:00:00,72.0,49.87655
Sant Antoni de Portmany,2025-08-08 14:00:00,41.0,50.170807
Sant Antoni de Portmany,2025-08-08 15:00:00,43.0,42.850735
Sant Antoni de Portmany,2025-08-08 16:00:00,6.0,34.420395
Sant Antoni de Portmany,2025-08-08 17:00:00,6.0,35.92725
Sant Antoni de Portmany,2025-08-08 18:00:00,50.0,36.704605
Sant Antoni de Portmany,2025-08-08 19:00:00,61.0,38.568504
Sant Antoni de Portmany,2025-08-08 20:00:00,67.0,41.93472
Sant Antoni de Portmany,2025-08-09 08:00:00,71.0,50.66608
Sant Antoni de Portmany,2025-08-09 09:00:00,55.0,55.979477
Sant Antoni de Portmany,2025-08-09 10:00:00,64.0,48.22259
Sant Antoni de Portmany,2025-08-09 11:00:00,62.0,43.25357
Sant Antoni de Portmany,2025-08-09 12:00:00,55.0,44.548138
Sant Antoni de Portmany,2025-08-09 13:00:00,23.0,46.235306
Sant Antoni de Portmany,2025-08-09 14:00:00,21.0,47.877453
Sant Antoni de Portmany,2025-08-09 15:00:00,17.0,40.23269
Sant Antoni de Portmany,2025-08-09 16:00:00,5.0,30.009403
Sant Antoni de Portmany,2025-08-09 17:00:00,5.0,31.715002
Sant Antoni de Portmany,2025-08-09 18:00:00,15.0,27.621443
Sant Antoni de Portmany,2025-08-09 19:00:00,35.0,36.839348
Sant Antoni de Portmany,2025-08-09 20:00:00,33.0,32.317444
Sant Antoni de Portmany,2025-08-10 08:00:00,33.0,38.603756
Sant Antoni de Portmany,2025-08-10 09:00:00,35.0,46.278473
Sant Antoni de Portmany,2025-08-10 10:00:00,40.0,55.79918
Sant Antoni de Portmany,2025-08-10 11:00:00,45.0,48.6979
Sant Antoni de Portmany,2025-08-10 12:00:00,67.0,51.3693
Sant Antoni de Portmany,2025-08-10 13:00:00,52.0,53.266148
Sant Antoni de Portmany,2025-08-10 14:00:00,36.0,50.66118
Sant Antoni de Portmany,2025-08-10 15:00:00,28.0,41.094906
Sant Antoni de Portmany,2025-08-10 16:00:00,6.0,33.535423
Sant Antoni de Portmany,2025-08-10 17:00:00,6.0,33.383778
Sant Antoni de Portmany,2025-08-10 18:00:00,30.0,29.55821
Sant Antoni de Portmany,2025-08-10 19:00:00,30.0,34.999645
Sant Antoni de Portmany,2025-08-10 20:00:00,42.0,32.243893
Sant Antoni de Portmany,2025-08-11 08:00:00,57.0,46.382164
Sant Antoni de Portmany,2025-08-11 09:00:00,37.0,50.67789
Sant Antoni de Portmany,2025-08-11 10:00:00,43.0,51.921715
Sant Antoni de Portmany,2025-08-11 11:00:00,38.0,50.4306
Sant Antoni de Portmany,2025-08-11 12:00:00,49.0,49.017998
Sant Antoni de Portmany,2025-08-11 13:00:00,34.0,47.37674
Sant Antoni de Portmany,2025-08-11 14:00:00,21.0,42.203785
Sant Antoni de Portmany,2025-08-11 15:00:00,27.0,40.040985
Sant Antoni de Portmany,2025-08-11 16:00:00,6.0,34.472733
Sant Antoni de Portmany,2025-08-11 17:00:00,6.0,34.978596
Sant Antoni de Portmany,2025-08-11 18:00:00,16.0,28.923462
Sant Antoni de Portmany,2025-08-11 19:00:00,44.0,41.15632
Sant Antoni de Portmany,2025-08-11 20:00:00,48.0,38.323425
Sant Antoni de Portmany,2025-08-12 08:00:00,67.0,51.410507
Sant Antoni de Portmany,2025-08-12 09:00:00,54.0,47.79654
Sant Antoni de Portmany,2025-08-12 10:00:00,57.0,49.680084
Sant Antoni de Portmany,2025-08-12 11:00:00,55.0,45.10499
Sant Antoni de Portmany,2025-08-12 12:00:00,54.0,44.07374
Sant Antoni de Portmany,2025-08-12 13:00:00,25.0,46.760193
Sant Antoni de Portmany,2025-08-12 14:00:00,21.0,44.996544
Sant Antoni de Portmany,2025-08-12 15:00:00,29.0,39.240955
Sant Antoni de Portmany,2025-08-12 16:00:00,6.0,31.74812
Sant Antoni de Portmany,2025-08-12 17:00:00,6.0,31.22267
Sant Antoni de Portmany,2025-08-12 18:00:00,36.0,23.748669
Sant Antoni de Portmany,2025-08-12 19:00:00,65.0,35.930786
Sant Antoni de Portmany,2025-08-12 20:00:00,60.0,42.04454
Sant Antoni de Portmany,2025-08-13 08:00:00,60.0,54.94483
Sant Antoni de Portmany,2025-08-13 09:00:00,54.0,50.94183
Sant Antoni de Portmany,2025-08-13 10:00:00,54.0,50.165306
Sant Antoni de Portmany,2025-08-13 11:00:00,45.0,47.806232
Sant Antoni de Portmany,2025-08-13 12:00:00,23.0,45.714703
Sant Antoni de Portmany,2025-08-13 13:00:00,19.0,46.058563
Sant Antoni de Portmany,2025-08-13 14:00:00,21.0,46.006847
Sant Antoni de Portmany,2025-08-13 15:00:00,30.0,39.3348
Sant Antoni de Portmany,2025-08-13 16:00:00,6.0,28.881659
Sant Antoni de Portmany,2025-08-13 17:00:00,6.0,29.705067
Sant Antoni de Portmany,2025-08-13 18:00:00,20.0,27.910816
Sant Antoni de Portmany,2025-08-13 19:00:00,43.0,35.79277
Sant Antoni de Portmany,2025-08-13 20:00:00,42.0,42.69591
Sant Antoni de Portmany,2025-08-14 08:00:00,61.0,56.983856
Sant Antoni de Portmany,2025-08-14 09:00:00,45.0,55.429394
Sant Antoni de Portmany,2025-08-14 10:00:00,55.0,55.456894
Sant Antoni de Portmany,2025-08-14 11:00:00,63.0,50.801067
Sant Antoni de Portmany,2025-08-14 12:00:00,41.0,52.2542
Sant Antoni de Portmany,2025-08-14 13:00:00,37.0,49.158337
Sant Antoni de Portmany,2025-08-14 14:00:00,22.0,47.348564
Sant Antoni de Portmany,2025-08-14 15:00:00,38.0,42.64584
Sant Antoni de Portmany,2025-08-14 16:00:00,6.0,32.55385
Sant Antoni de Portmany,2025-08-14 17:00:00,6.0,32.18798
Sant Antoni de Portmany,2025-08-14 18:00:00,27.0,25.04148
Sant Antoni de Portmany,2025-08-14 19:00:00,55.0,37.171864
Sant Antoni de Portmany,2025-08-14 20:00:00,65.0,39.703346
Sant Antoni de Portmany,2025-08-15 08:00:00,62.0,60.159943
Sant Antoni de Portmany,2025-08-15 09:00:00,70.0,57.253105
Sant Antoni de Portmany,2025-08-15 10:00:00,71.0,60.182728
Sant Antoni de Portmany,2025-08-15 11:00:00,79.0,54.691257
Sant Antoni de Portmany,2025-08-15 12:00:00,67.0,53.2454
Sant Antoni de Portmany,2025-08-15 13:00:00,49.0,57.485474
Sant Antoni de Portmany,2025-08-15 14:00:00,29.0,51.468723
Sant Antoni de Portmany,2025-08-15 15:00:00,38.0,43.974125
Sant Antoni de Portmany,2025-08-15 16:00:00,6.0,37.130898
Sant Antoni de Portmany,2025-08-15 17:00:00,6.0,31.223238
Sant Antoni de Portmany,2025-08-15 18:00:00,51.0,34.18469
Sant Antoni de Portmany,2025-08-15 19:00:00,65.0,38.14045
Sant Antoni de Portmany,2025-08-15 20:00:00,60.0,33.89966
Sant Antoni de Portmany,2025-08-16 08:00:00,41.0,47.648014
Sant Antoni de Portmany,2025-08-16 09:00:00,79.0,50.20937
Sant Antoni de Portmany,2025-08-16 10:00:00,64.0,55.066975
Sant Antoni de Portmany,2025-08-16 11:00:00,59.0,54.168015
Sant Antoni de Portmany,2025-08-16 12:00:00,58.0,51.694378
Sant Antoni de Portmany,2025-08-16 13:00:00,35.0,53.30755
Sant Antoni de Portmany,2025-08-16 14:00:00,29.0,51.484413
Sant Antoni de Portmany,2025-08-16 15:00:00,32.0,38.8072
Sant Antoni de Portmany,2025-08-16 16:00:00,5.0,33.21661
Sant Antoni de Portmany,2025-08-16 17:00:00,5.0,31.567734
Sant Antoni de Portmany,2025-08-16 18:00:00,28.0,34.845177
Sant Antoni de Portmany,2025-08-16 19:00:00,32.0,38.726845
Sant Antoni de Portmany,2025-08-16 20:00:00,54.0,42.4875
Sant Antoni de Portmany,2025-08-17 08:00:00,64.0,49.77155
Sant Antoni de Portmany,2025-08-17 09:00:00,61.0,54.06414
Sant Antoni de Portmany,2025-08-17 10:00:00,80.0,51.6934
Sant Antoni de Portmany,2025-08-17 11:00:00,69.0,55.10405
Sant Antoni de Portmany,2025-08-17 12:00:00,51.0,60.46015
Sant Antoni de Portmany,2025-08-17 13:00:00,51.0,54.93034
Sant Antoni de Portmany,2025-08-17 14:00:00,36.0,53.54128
Sant Antoni de Portmany,2025-08-17 15:00:00,28.0,41.222763
Sant Antoni de Portmany,2025-08-17 16:00:00,6.0,31.078957
Sant Antoni de Portmany,2025-08-17 17:00:00,6.0,29.896524
Sant Antoni de Portmany,2025-08-17 18:00:00,11.0,33.6149
Sant Antoni de Portmany,2025-08-17 19:00:00,39.0,36.98291
Sant Antoni de Portmany,2025-08-17 20:00:00,33.0,44.489967
Sant Antoni de Portmany,2025-08-18 08:00:00,55.0,52.207825
Sant Antoni de Portmany,2025-08-18 09:00:00,44.0,55.150074
Sant Antoni de Portmany,2025-08-18 10:00:00,65.0,53.257652
Sant Antoni de Portmany,2025-08-18 11:00:00,55.0,55.02113
Sant Antoni de Portmany,2025-08-18 12:00:00,38.0,55.413635
Sant Antoni de Portmany,2025-08-18 13:00:00,25.0,52.0535
Sant Antoni de Portmany,2025-08-18 14:00:00,15.0,49.443615
Sant Antoni de Portmany,2025-08-18 15:00:00,15.0,39.55857
Sant Antoni de Portmany,2025-08-18 16:00:00,6.0,31.361303
Sant Antoni de Portmany,2025-08-18 17:00:00,6.0,25.800377
Sant Antoni de Portmany,2025-08-18 18:00:00,14.0,24.100142
Sant Antoni de Portmany,2025-08-18 19:00:00,21.0,32.519558
Sant Antoni de Portmany,2025-08-18 20:00:00,47.0,50.253883
Sant Antoni de Portmany,2025-08-19 08:00:00,67.0,56.65395
Sant Antoni de Portmany,2025-08-19 09:00:00,34.0,50.259056
Sant Antoni de Portmany,2025-08-19 10:00:00,60.0,51.405056
Sant Antoni de Portmany,2025-08-19 11:00:00,67.0,39.916943
Sant Antoni de Portmany,2025-08-19 12:00:00,60.0,40.722668
Sant Antoni de Portmany,2025-08-19 13:00:00,35.0,38.704266
Sant Antoni de Portmany,2025-08-19 14:00:00,46.0,36.38497
Sant Antoni de Portmany,2025-08-19 15:00:00,36.0,31.654942
Sant Antoni de Portmany,2025-08-19 16:00:00,6.0,22.711082
Sant Antoni de Portmany,2025-08-19 17:00:00,6.0,24.401007
Sant Antoni de Portmany,2025-08-19 18:00:00,17.0,28.22593
Sant Antoni de Portmany,2025-08-19 19:00:00,27.0,27.350796
Sant Antoni de Portmany,2025-08-19 20:00:00,46.0,39.90651
Sant Antoni de Portmany,2025-08-20 08:00:00,64.0,51.687256
Sant Antoni de Portmany,2025-08-20 09:00:00,59.0,51.32956
Sant Antoni de Portmany,2025-08-20 10:00:00,34.0,49.94352
Sant Antoni de Portmany,2025-08-20 11:00:00,42.0,42.6252
Sant Antoni de Portmany,2025-08-20 12:00:00,70.0,37.19571
Sant Antoni de Portmany,2025-08-20 13:00:00,36.0,35.201218
Sant Antoni de Portmany,2025-08-20 14:00:00,22.0,34.64851
Sant Antoni de Portmany,2025-08-20 15:00:00,40.0,33.53976
Sant Antoni de Portmany,2025-08-20 16:00:00,6.0,28.615973
Sant Antoni de Portmany,2025-08-20 17:00:00,6.0,29.545012
Sant Antoni de Portmany,2025-08-20 18:00:00,30.0,21.463285
Sant Antoni de Portmany,2025-08-20 19:00:00,34.0,28.62168
Sant Antoni de Portmany,2025-08-20 20:00:00,43.0,42.315125
Sant Antoni de Portmany,2025-08-21 08:00:00,37.0,51.293415
Sant Antoni de Portmany,2025-08-21 09:00:00,54.0,49.89687
Sant Antoni de Portmany,2025-08-21 10:00:00,60.0,44.15693
Sant Antoni de Portmany,2025-08-21 11:00:00,69.0,29.368828
Sant Antoni de Portmany,2025-08-21 12:00:00,58.0,33.741295
Sant Antoni de Portmany,2025-08-21 13:00:00,46.0,34.15412
Sant Antoni de Portmany,2025-08-21 14:00:00,26.0,36.349377
Sant Antoni de Portmany,2025-08-21 15:00:00,42.0,30.78846
Sant Antoni de Portmany,2025-08-21 16:00:00,6.0,26.879377
Sant Antoni de Portmany,2025-08-21 17:00:00,6.0,22.893236
Sant Antoni de Portmany,2025-08-21 18:00:00,26.0,16.394747
Sant Antoni de Portmany,2025-08-21 19:00:00,43.0,24.0268
Sant Antoni de Portmany,2025-08-21 20:00:00,61.0,53.226055
Sant Antoni de Portmany,2025-08-22 08:00:00,39.0,67.86667
Sant Antoni de Portmany,2025-08-22 09:00:00,55.0,54.63029
Sant Antoni de Portmany,2025-08-22 10:00:00,68.0,50.9627
Sant Antoni de Portmany,2025-08-22 11:00:00,57.0,47.16563
Sant Antoni de Portmany,2025-08-22 12:00:00,83.0,40.69964
Sant Antoni de Portmany,2025-08-22 13:00:00,42.0,41.243282
Sant Antoni de Portmany,2025-08-22 14:00:00,12.0,39.896484
Sant Antoni de Portmany,2025-08-22 15:00:00,39.0,38.19302
Sant Antoni de Portmany,2025-08-22 16:00:00,6.0,27.250574
Sant Antoni de Portmany,2025-08-22 17:00:00,6.0,27.082588
Sant Antoni de Portmany,2025-08-22 18:00:00,12.0,17.53449
Sant Antoni de Portmany,2025-08-22 19:00:00,27.0,23.039446
Sant Antoni de Portmany,2025-08-22 20:00:00,26.0,47.454807
Sant Antoni de Portmany,2025-08-23 08:00:00,28.0,63.151405
Sant Antoni de Portmany,2025-08-23 09:00:00,27.0,54.69827
Sant Antoni de Portmany,2025-08-23 10:00:00,20.0,49.19707
Sant Antoni de Portmany,2025-08-23 11:00:00,47.0,38.214176
Sant Antoni de Portmany,2025-08-23 12:00:00,37.0,35.063442
Sant Antoni de Portmany,2025-08-23 13:00:00,23.0,33.575157
Sant Antoni de Portmany,2025-08-23 14:00:00,11.0,33.008358
Sant Antoni de Portmany,2025-08-23 15:00:00,36.0,35.072
Sant Antoni de Portmany,2025-08-23 16:00:00,5.0,27.533857
Sant Antoni de Portmany,2025-08-23 17:00:00,5.0,30.21652
Sant Antoni de Portmany,2025-08-23 18:00:00,15.0,17.592222
Sant Antoni de Portmany,2025-08-23 19:00:00,33.0,27.272078
Sant Antoni de Portmany,2025-08-23 20:00:00,37.0,47.55755
Sant Antoni de Portmany,2025-08-24 08:00:00,43.0,46.51789
Sant Antoni de Portmany,2025-08-24 09:00:00,35.0,41.44853
Sant Antoni de Portmany,2025-08-24 10:00:00,27.0,38.48456
Sant Antoni de Portmany,2025-08-24 11:00:00,42.0,36.926643
Sant Antoni de Portmany,2025-08-24 12:00:00,37.0,33.938828
Sant Antoni de Portmany,2025-08-24 13:00:00,30.0,36.825935
Sant Antoni de Portmany,2025-08-24 14:00:00,23.0,37.9984
Sant Antoni de Portmany,2025-08-24 15:00:00,25.0,34.735264
Sant Antoni de Portmany,2025-08-24 16:00:00,6.0,28.662205
Sant Antoni de Portmany,2025-08-24 17:00:00,6.0,30.555397
Sant Antoni de Portmany,2025-08-24 18:00:00,14.0,29.78793
Sant Antoni de Portmany,2025-08-24 19:00:00,48.0,34.52501
Sant Antoni de Portmany,2025-08-24 20:00:00,36.0,42.13154
Sant Antoni de Portmany,2025-08-25 08:00:00,52.0,58.677486
Sant Antoni de Portmany,2025-08-25 09:00:00,35.0,50.282787
Sant Antoni de Portmany,2025-08-25 10:00:00,32.0,48.915638
Sant Antoni de Portmany,2025-08-25 11:00:00,54.0,48.98086
Sant Antoni de Portmany,2025-08-25 12:00:00,51.0,47.11565
Sant Antoni de Portmany,2025-08-25 13:00:00,29.0,42.150604
Sant Antoni de Portmany,2025-08-25 14:00:00,8.0,41.813656
Sant Antoni de Portmany,2025-08-25 15:00:00,32.0,36.137115
Sant Antoni de Portmany,2025-08-25 16:00:00,6.0,27.412575
Sant Antoni de Portmany,2025-08-25 17:00:00,6.0,31.714472
Sant Antoni de Portmany,2025-08-25 18:00:00,15.0,31.557129
Sant Antoni de Portmany,2025-08-25 19:00:00,31.0,34.387783
Sant Antoni de Portmany,2025-08-25 20:00:00,53.0,42.552017
Sant Antoni de Portmany,2025-08-26 08:00:00,35.0,53.674698
Sant Antoni de Portmany,2025-08-26 09:00:00,49.0,52.09007
Sant Antoni de Portmany,2025-08-26 10:00:00,41.0,51.28261
Sant Antoni de Portmany,2025-08-26 11:00:00,59.0,47.162548
Sant Antoni de Portmany,2025-08-26 12:00:00,53.0,45.977715
Sant Antoni de Portmany,2025-08-26 13:00:00,29.0,43.008392
Sant Antoni de Portmany,2025-08-26 14:00:00,16.0,43.780785
Sant Antoni de Portmany,2025-08-26 15:00:00,33.0,38.49779
Sant Antoni de Portmany,2025-08-26 16:00:00,6.0,31.442406
Sant Antoni de Portmany,2025-08-26 17:00:00,6.0,31.248535
Sant Antoni de Portmany,2025-08-26 18:00:00,19.0,32.850845
Sant Antoni de Portmany,2025-08-26 19:00:00,38.0,30.711472
Sant Antoni de Portmany,2025-08-26 20:00:00,36.0,34.95535
Sant Antoni de Portmany,2025-08-27 08:00:00,55.0,46.705788
Sant Antoni de Portmany,2025-08-27 09:00:00,36.0,48.71934
Sant Antoni de Portmany,2025-08-27 10:00:00,70.0,50.838867
Sant Antoni de Portmany,2025-08-27 11:00:00,47.0,48.164394
Sant Antoni de Portmany,2025-08-27 12:00:00,44.0,43.488132
Sant Antoni de Portmany,2025-08-27 13:00:00,40.0,43.218254
Sant Antoni de Portmany,2025-08-27 14:00:00,25.0,40.853233
Sant Antoni de Portmany,2025-08-27 15:00:00,26.0,36.4879
Sant Antoni de Portmany,2025-08-27 16:00:00,6.0,32.286446
Sant Antoni de Portmany,2025-08-27 17:00:00,6.0,23.301832
Sant Antoni de Portmany,2025-08-27 18:00:00,18.0,17.407434
Sant Antoni de Portmany,2025-08-27 19:00:00,33.0,23.648409
Sant Antoni de Portmany,2025-08-27 20:00:00,46.0,32.717106
Sant Antoni de Portmany,2025-08-28 08:00:00,49.0,40.9807
Sant Antoni de Portmany,2025-08-28 09:00:00,49.0,49.33874
Sant Antoni de Portmany,2025-08-28 10:00:00,42.0,36.006935
Sant Antoni de Portmany,2025-08-28 11:00:00,40.0,32.9106
Sant Antoni de Portmany,2025-08-28 12:00:00,48.0,34.929092
Sant Antoni de Portmany,2025-08-28 13:00:00,46.0,31.155182
Sant Antoni de Portmany,2025-08-28 14:00:00,27.0,31.847143
Sant Antoni de Portmany,2025-08-28 15:00:00,31.0,32.60628
Sant Antoni de Portmany,2025-08-28 16:00:00,6.0,27.680891
Sant Antoni de Portmany,2025-08-28 17:00:00,6.0,30.986513
Sant Antoni de Portmany,2025-08-28 18:00:00,27.0,26.989502
Sant Antoni de Portmany,2025-08-28 19:00:00,50.0,33.053097
Sant Antoni de Portmany,2025-08-28 20:00:00,48.0,45.948574
Sant Antoni de Portmany,2025-08-29 08:00:00,30.0,64.80496
Sant Antoni de Portmany,2025-08-29 09:00:00,37.0,45.048958
Sant Antoni de Portmany,2025-08-29 10:00:00,41.0,42.735764
Sant Antoni de Portmany,2025-08-29 11:00:00,74.0,39.47136
Sant Antoni de Portmany,2025-08-29 12:00:00,46.0,39.493546
Sant Antoni de Portmany,2025-08-29 13:00:00,37.0,40.611404
Sant Antoni de Portmany,2025-08-29 14:00:00,27.0,39.904446
Sant Antoni de Portmany,2025-08-29 15:00:00,41.0,31.960812
Sant Antoni de Portmany,2025-08-29 16:00:00,6.0,28.602306
Sant Antoni de Portmany,2025-08-29 17:00:00,6.0,28.97183
Sant Antoni de Portmany,2025-08-29 18:00:00,19.0,18.75417
Sant Antoni de Portmany,2025-08-29 19:00:00,9.0,24.279463
Sant Antoni de Portmany,2025-08-29 20:00:00,37.0,39.92683
Sant Antoni de Portmany,2025-08-30 08:00:00,42.0,57.09539
Sant Antoni de Portmany,2025-08-30 09:00:00,53.0,39.879345
Sant Antoni de Portmany,2025-08-30 10:00:00,43.0,37.273903
Sant Antoni de Portmany,2025-08-30 11:00:00,58.0,33.41673
Sant Antoni de Portmany,2025-08-30 12:00:00,47.0,32.20387
Sant Antoni de Portmany,2025-08-30 13:00:00,32.0,32.536583
Sant Antoni de Portmany,2025-08-30 14:00:00,17.0,33.609318
Sant Antoni de Portmany,2025-08-30 15:00:00,4.0,28.243156
Sant Antoni de Portmany,2025-08-30 16:00:00,5.0,24.99672
Sant Antoni de Portmany,2025-08-30 17:00:00,5.0,30.867208
Sant Antoni de Portmany,2025-08-30 18:00:00,14.0,22.837225
Sant Antoni de Portmany,2025-08-30 19:00:00,30.0,33.00913
Sant Antoni de Portmany,2025-08-30 20:00:00,35.0,33.285892
Son Serra de Marina,2025-06-01 08:00:00,29.0,52.419846
Son Serra de Marina,2025-06-01 09:00:00,17.0,42.927082
Son Serra de Marina,2025-06-01 10:00:00,17.0,41.823997
Son Serra de Marina,2025-06-01 11:00:00,16.0,41.010643
Son Serra de Marina,2025-06-01 12:00:00,20.0,37.621826
Son Serra de Marina,2025-06-01 13:00:00,19.0,38.136703
Son Serra de Marina,2025-06-01 14:00:00,24.0,40.273323
Son Serra de Marina,2025-06-01 15:00:00,21.0,35.309883
Son Serra de Marina,2025-06-01 16:00:00,11.0,31.361874
Son Serra de Marina,2025-06-01 17:00:00,5.0,28.014828
Son Serra de Marina,2025-06-01 18:00:00,15.0,34.855186
Son Serra de Marina,2025-06-01 19:00:00,20.0,37.453712
Son Serra de Marina,2025-06-01 20:00:00,47.0,41.23416
Son Serra de Marina,2025-06-02 08:00:00,43.0,50.565025
Son Serra de Marina,2025-06-02 09:00:00,25.0,43.76651
Son Serra de Marina,2025-06-02 10:00:00,19.0,41.824516
Son Serra de Marina,2025-06-02 11:00:00,26.0,38.72075
Son Serra de Marina,2025-06-02 12:00:00,32.0,36.682884
Son Serra de Marina,2025-06-02 13:00:00,32.0,35.88749
Son Serra de Marina,2025-06-02 14:00:00,34.0,32.400875
Son Serra de Marina,2025-06-02 15:00:00,22.0,29.094671
Son Serra de Marina,2025-06-02 16:00:00,15.0,25.860155
Son Serra de Marina,2025-06-02 17:00:00,3.0,18.023933
Son Serra de Marina,2025-06-02 18:00:00,25.0,22.336313
Son Serra de Marina,2025-06-02 19:00:00,39.0,37.776646
Son Serra de Marina,2025-06-02 20:00:00,45.0,49.152317
Son Serra de Marina,2025-06-03 08:00:00,45.0,55.47592
Son Serra de Marina,2025-06-03 09:00:00,30.0,43.658535
Son Serra de Marina,2025-06-03 10:00:00,43.0,46.911064
Son Serra de Marina,2025-06-03 11:00:00,50.0,40.479797
Son Serra de Marina,2025-06-03 12:00:00,37.0,35.782303
Son Serra de Marina,2025-06-03 13:00:00,52.0,28.706663
Son Serra de Marina,2025-06-03 14:00:00,26.0,30.181686
Son Serra de Marina,2025-06-03 15:00:00,24.0,27.11345
Son Serra de Marina,2025-06-03 16:00:00,30.0,23.147997
Son Serra de Marina,2025-06-03 17:00:00,2.0,18.012594
Son Serra de Marina,2025-06-03 18:00:00,24.0,22.287937
Son Serra de Marina,2025-06-03 19:00:00,33.0,38.20733
Son Serra de Marina,2025-06-03 20:00:00,23.0,50.016777
Son Serra de Marina,2025-06-04 08:00:00,45.0,55.05185
Son Serra de Marina,2025-06-04 09:00:00,32.0,48.309834
Son Serra de Marina,2025-06-04 10:00:00,34.0,47.0644
Son Serra de Marina,2025-06-04 11:00:00,42.0,45.901566
Son Serra de Marina,2025-06-04 12:00:00,61.0,27.630716
Son Serra de Marina,2025-06-04 13:00:00,58.0,27.3346
Son Serra de Marina,2025-06-04 14:00:00,47.0,21.265997
Son Serra de Marina,2025-06-04 15:00:00,43.0,21.512661
Son Serra de Marina,2025-06-04 16:00:00,50.0,19.444868
Son Serra de Marina,2025-06-04 17:00:00,2.0,19.939009
Son Serra de Marina,2025-06-04 18:00:00,41.0,23.661825
Son Serra de Marina,2025-06-04 19:00:00,48.0,27.576355
Son Serra de Marina,2025-06-04 20:00:00,66.0,28.018093
Son Serra de Marina,2025-06-05 08:00:00,72.0,28.985525
Son Serra de Marina,2025-06-05 09:00:00,53.0,24.500225
Son Serra de Marina,2025-06-05 10:00:00,62.0,24.81787
Son Serra de Marina,2025-06-05 11:00:00,61.0,23.109001
Son Serra de Marina,2025-06-05 12:00:00,53.0,22.834658
Son Serra de Marina,2025-06-05 13:00:00,51.0,25.113594
Son Serra de Marina,2025-06-05 14:00:00,39.0,24.652626
Son Serra de Marina,2025-06-05 15:00:00,41.0,21.476368
Son Serra de Marina,2025-06-05 16:00:00,20.0,18.72816
Son Serra de Marina,2025-06-05 17:00:00,3.0,19.93178
Son Serra de Marina,2025-06-05 18:00:00,68.0,23.19013
Son Serra de Marina,2025-06-05 19:00:00,67.0,24.987995
Son Serra de Marina,2025-06-05 20:00:00,75.0,28.910587
Son Serra de Marina,2025-06-06 08:00:00,48.0,30.452465
Son Serra de Marina,2025-06-06 09:00:00,50.0,26.1604
Son Serra de Marina,2025-06-06 10:00:00,62.0,23.910257
Son Serra de Marina,2025-06-06 11:00:00,48.0,25.696495
Son Serra de Marina,2025-06-06 12:00:00,57.0,26.107084
Son Serra de Marina,2025-06-06 13:00:00,44.0,30.102095
Son Serra de Marina,2025-06-06 14:00:00,49.0,31.753206
Son Serra de Marina,2025-06-06 15:00:00,30.0,28.892132
Son Serra de Marina,2025-06-06 16:00:00,5.0,27.28372
Son Serra de Marina,2025-06-06 17:00:00,2.0,22.418592
Son Serra de Marina,2025-06-06 18:00:00,14.0,19.856785
Son Serra de Marina,2025-06-06 19:00:00,28.0,31.621464
Son Serra de Marina,2025-06-06 20:00:00,30.0,34.112522
Son Serra de Marina,2025-06-07 08:00:00,11.0,49.60293
Son Serra de Marina,2025-06-07 09:00:00,15.0,43.78331
Son Serra de Marina,2025-06-07 10:00:00,32.0,44.593937
Son Serra de Marina,2025-06-07 11:00:00,22.0,41.533005
Son Serra de Marina,2025-06-07 12:00:00,20.0,36.014153
Son Serra de Marina,2025-06-07 13:00:00,25.0,29.104383
Son Serra de Marina,2025-06-07 14:00:00,13.0,28.148783
Son Serra de Marina,2025-06-07 15:00:00,15.0,27.375938
Son Serra de Marina,2025-06-07 16:00:00,15.0,25.481508
Son Serra de Marina,2025-06-07 17:00:00,2.0,21.832228
Son Serra de Marina,2025-06-07 18:00:00,19.0,21.210768
Son Serra de Marina,2025-06-07 19:00:00,29.0,38.59067
Son Serra de Marina,2025-06-07 20:00:00,28.0,49.489765
Son Serra de Marina,2025-06-08 08:00:00,27.0,54.91258
Son Serra de Marina,2025-06-08 09:00:00,19.0,57.789986
Son Serra de Marina,2025-06-08 10:00:00,26.0,48.758762
Son Serra de Marina,2025-06-08 11:00:00,34.0,47.55245
Son Serra de Marina,2025-06-08 12:00:00,29.0,34.406174
Son Serra de Marina,2025-06-08 13:00:00,19.0,31.463066
Son Serra de Marina,2025-06-08 14:00:00,15.0,29.294546
Son Serra de Marina,2025-06-08 15:00:00,20.0,26.730387
Son Serra de Marina,2025-06-08 16:00:00,10.0,27.068027
Son Serra de Marina,2025-06-08 17:00:00,3.0,22.444353
Son Serra de Marina,2025-06-08 18:00:00,22.0,22.918545
Son Serra de Marina,2025-06-08 19:00:00,24.0,41.45679
Son Serra de Marina,2025-06-08 20:00:00,26.0,53.52767
Son Serra de Marina,2025-06-09 08:00:00,25.0,56.25743
Son Serra de Marina,2025-06-09 09:00:00,25.0,53.967304
Son Serra de Marina,2025-06-09 10:00:00,23.0,47.711758
Son Serra de Marina,2025-06-09 11:00:00,20.0,45.0191
Son Serra de Marina,2025-06-09 12:00:00,22.0,37.91634
Son Serra de Marina,2025-06-09 13:00:00,18.0,30.96297
Son Serra de Marina,2025-06-09 14:00:00,24.0,27.800093
Son Serra de Marina,2025-06-09 15:00:00,17.0,25.605888
Son Serra de Marina,2025-06-09 16:00:00,10.0,24.666792
Son Serra de Marina,2025-06-09 17:00:00,3.0,23.671276
Son Serra de Marina,2025-06-09 18:00:00,20.0,20.315725
Son Serra de Marina,2025-06-09 19:00:00,50.0,38.68266
Son Serra de Marina,2025-06-09 20:00:00,32.0,51.95171
Son Serra de Marina,2025-06-10 08:00:00,22.0,55.24754
Son Serra de Marina,2025-06-10 09:00:00,25.0,43.929905
Son Serra de Marina,2025-06-10 10:00:00,26.0,37.153957
Son Serra de Marina,2025-06-10 11:00:00,21.0,34.15135
Son Serra de Marina,2025-06-10 12:00:00,21.0,32.68193
Son Serra de Marina,2025-06-10 13:00:00,20.0,31.27384
Son Serra de Marina,2025-06-10 14:00:00,17.0,23.8007
Son Serra de Marina,2025-06-10 15:00:00,15.0,20.54221
Son Serra de Marina,2025-06-10 16:00:00,6.0,19.540201
Son Serra de Marina,2025-06-10 17:00:00,6.0,18.656715
Son Serra de Marina,2025-06-10 18:00:00,29.0,24.91851
Son Serra de Marina,2025-06-10 19:00:00,49.0,32.660408
Son Serra de Marina,2025-06-10 20:00:00,56.0,32.833767
Son Serra de Marina,2025-06-11 08:00:00,47.0,29.611042
Son Serra de Marina,2025-06-11 09:00:00,14.0,26.847618
Son Serra de Marina,2025-06-11 10:00:00,51.0,23.732132
Son Serra de Marina,2025-06-11 11:00:00,41.0,25.896551
Son Serra de Marina,2025-06-11 12:00:00,55.0,27.740643
Son Serra de Marina,2025-06-11 13:00:00,34.0,27.27701
Son Serra de Marina,2025-06-11 14:00:00,24.0,27.826937
Son Serra de Marina,2025-06-11 15:00:00,19.0,24.978617
Son Serra de Marina,2025-06-11 16:00:00,23.0,27.214437
Son Serra de Marina,2025-06-11 17:00:00,6.0,26.218204
Son Serra de Marina,2025-06-11 18:00:00,16.0,21.214104
Son Serra de Marina,2025-06-11 19:00:00,24.0,33.97304
Son Serra de Marina,2025-06-11 20:00:00,38.0,33.96067
Son Serra de Marina,2025-06-12 08:00:00,39.0,35.163452
Son Serra de Marina,2025-06-12 09:00:00,22.0,36.206066
Son Serra de Marina,2025-06-12 10:00:00,24.0,31.323992
Son Serra de Marina,2025-06-12 11:00:00,31.0,33.595284
Son Serra de Marina,2025-06-12 12:00:00,22.0,34.339508
Son Serra de Marina,2025-06-12 13:00:00,40.0,32.207893
Son Serra de Marina,2025-06-12 14:00:00,67.0,31.013704
Son Serra de Marina,2025-06-12 15:00:00,33.0,23.507238
Son Serra de Marina,2025-06-12 16:00:00,24.0,23.228287
Son Serra de Marina,2025-06-12 17:00:00,6.0,21.61328
Son Serra de Marina,2025-06-12 18:00:00,27.0,21.9555
Son Serra de Marina,2025-06-12 19:00:00,41.0,36.61187
Son Serra de Marina,2025-06-12 20:00:00,28.0,40.35339
Son Serra de Marina,2025-06-13 08:00:00,42.0,58.60861
Son Serra de Marina,2025-06-13 09:00:00,27.0,49.31382
Son Serra de Marina,2025-06-13 10:00:00,47.0,47.348175
Son Serra de Marina,2025-06-13 11:00:00,35.0,45.661808
Son Serra de Marina,2025-06-13 12:00:00,46.0,33.809055
Son Serra de Marina,2025-06-13 13:00:00,39.0,36.77737
Son Serra de Marina,2025-06-13 14:00:00,41.0,33.8881
Son Serra de Marina,2025-06-13 15:00:00,35.0,32.910496
Son Serra de Marina,2025-06-13 16:00:00,31.0,33.716553
Son Serra de Marina,2025-06-13 17:00:00,2.0,32.301384
Son Serra de Marina,2025-06-13 18:00:00,18.0,22.993244
Son Serra de Marina,2025-06-13 19:00:00,19.0,30.474194
Son Serra de Marina,2025-06-13 20:00:00,44.0,32.396873
Son Serra de Marina,2025-06-14 08:00:00,24.0,49.408585
Son Serra de Marina,2025-06-14 09:00:00,17.0,38.975273
Son Serra de Marina,2025-06-14 10:00:00,16.0,38.97031
Son Serra de Marina,2025-06-14 11:00:00,16.0,36.72598
Son Serra de Marina,2025-06-14 12:00:00,22.0,37.208344
Son Serra de Marina,2025-06-14 13:00:00,6.0,34.004345
Son Serra de Marina,2025-06-14 14:00:00,20.0,40.799854
Son Serra de Marina,2025-06-14 15:00:00,16.0,34.830193
Son Serra de Marina,2025-06-14 16:00:00,9.0,25.428177
Son Serra de Marina,2025-06-14 17:00:00,6.0,28.200083
Son Serra de Marina,2025-06-14 18:00:00,12.0,35.53203
Son Serra de Marina,2025-06-14 19:00:00,27.0,42.88925
Son Serra de Marina,2025-06-14 20:00:00,36.0,38.299606
Son Serra de Marina,2025-06-15 08:00:00,34.0,48.074272
Son Serra de Marina,2025-06-15 09:00:00,16.0,54.07812
Son Serra de Marina,2025-06-15 10:00:00,18.0,53.025253
Son Serra de Marina,2025-06-15 11:00:00,24.0,49.685497
Son Serra de Marina,2025-06-15 12:00:00,19.0,51.58295
Son Serra de Marina,2025-06-15 13:00:00,27.0,47.143017
Son Serra de Marina,2025-06-15 14:00:00,35.0,52.528088
Son Serra de Marina,2025-06-15 15:00:00,30.0,43.637306
Son Serra de Marina,2025-06-15 16:00:00,18.0,32.858818
Son Serra de Marina,2025-06-15 17:00:00,6.0,31.909863
Son Serra de Marina,2025-06-15 18:00:00,17.0,40.706192
Son Serra de Marina,2025-06-15 19:00:00,19.0,34.111477
Son Serra de Marina,2025-06-15 20:00:00,26.0,37.527336
Son Serra de Marina,2025-06-16 08:00:00,36.0,47.03697
Son Serra de Marina,2025-06-16 09:00:00,44.0,48.156433
Son Serra de Marina,2025-06-16 10:00:00,30.0,44.05081
Son Serra de Marina,2025-06-16 11:00:00,26.0,41.866604
Son Serra de Marina,2025-06-16 12:00:00,39.0,43.289093
Son Serra de Marina,2025-06-16 13:00:00,37.0,39.793575
Son Serra de Marina,2025-06-16 14:00:00,40.0,37.530823
Son Serra de Marina,2025-06-16 15:00:00,30.0,23.397076
Son Serra de Marina,2025-06-16 16:00:00,26.0,20.065323
Son Serra de Marina,2025-06-16 17:00:00,4.0,18.55597
Son Serra de Marina,2025-06-16 18:00:00,18.0,22.43356
Son Serra de Marina,2025-06-16 19:00:00,29.0,25.588749
Son Serra de Marina,2025-06-16 20:00:00,44.0,40.659184
Son Serra de Marina,2025-06-17 08:00:00,33.0,34.234722
Son Serra de Marina,2025-06-17 09:00:00,31.0,36.388878
Son Serra de Marina,2025-06-17 10:00:00,28.0,34.541447
Son Serra de Marina,2025-06-17 11:00:00,20.0,35.52375
Son Serra de Marina,2025-06-17 12:00:00,7.0,30.759663
Son Serra de Marina,2025-06-17 13:00:00,12.0,30.509977
Son Serra de Marina,2025-06-17 14:00:00,8.0,30.524311
Son Serra de Marina,2025-06-17 15:00:00,5.0,29.596874
Son Serra de Marina,2025-06-17 16:00:00,14.0,28.584312
Son Serra de Marina,2025-06-17 17:00:00,3.0,21.147524
Son Serra de Marina,2025-06-17 18:00:00,10.0,23.142525
Son Serra de Marina,2025-06-17 19:00:00,12.0,33.71235
Son Serra de Marina,2025-06-17 20:00:00,27.0,46.48883
Son Serra de Marina,2025-06-18 08:00:00,8.0,53.312393
Son Serra de Marina,2025-06-18 09:00:00,14.0,44.655685
Son Serra de Marina,2025-06-18 10:00:00,6.0,47.768574
Son Serra de Marina,2025-06-18 11:00:00,8.0,43.365482
Son Serra de Marina,2025-06-18 12:00:00,12.0,33.220345
Son Serra de Marina,2025-06-18 13:00:00,4.0,33.591396
Son Serra de Marina,2025-06-18 14:00:00,21.0,27.755152
Son Serra de Marina,2025-06-18 15:00:00,24.0,24.82411
Son Serra de Marina,2025-06-18 16:00:00,39.0,20.633211
Son Serra de Marina,2025-06-18 17:00:00,10.0,21.525509
Son Serra de Marina,2025-06-18 18:00:00,17.0,24.684902
Son Serra de Marina,2025-06-18 19:00:00,14.0,29.912802
Son Serra de Marina,2025-06-18 20:00:00,16.0,30.975073
Son Serra de Marina,2025-06-19 08:00:00,39.0,28.317318
Son Serra de Marina,2025-06-19 09:00:00,16.0,26.021486
Son Serra de Marina,2025-06-19 10:00:00,22.0,34.137737
Son Serra de Marina,2025-06-19 11:00:00,18.0,33.46075
Son Serra de Marina,2025-06-19 12:00:00,16.0,30.793818
Son Serra de Marina,2025-06-19 13:00:00,23.0,33.364525
Son Serra de Marina,2025-06-19 14:00:00,22.0,33.742767
Son Serra de Marina,2025-06-19 15:00:00,41.0,29.806858
Son Serra de Marina,2025-06-19 16:00:00,18.0,25.63956
Son Serra de Marina,2025-06-19 17:00:00,6.0,23.503489
Son Serra de Marina,2025-06-19 18:00:00,11.0,25.270699
Son Serra de Marina,2025-06-19 19:00:00,14.0,32.52306
Son Serra de Marina,2025-06-19 20:00:00,30.0,38.732838
Son Serra de Marina,2025-06-20 08:00:00,25.0,37.84279
Son Serra de Marina,2025-06-20 09:00:00,21.0,34.496178
Son Serra de Marina,2025-06-20 10:00:00,33.0,38.121086
Son Serra de Marina,2025-06-20 11:00:00,27.0,37.84497
Son Serra de Marina,2025-06-20 12:00:00,26.0,36.25989
Son Serra de Marina,2025-06-20 13:00:00,44.0,35.431435
Son Serra de Marina,2025-06-20 14:00:00,30.0,33.590626
Son Serra de Marina,2025-06-20 15:00:00,63.0,31.445015
Son Serra de Marina,2025-06-20 16:00:00,35.0,23.095638
Son Serra de Marina,2025-06-20 17:00:00,7.0,20.256737
Son Serra de Marina,2025-06-20 18:00:00,15.0,21.51579
Son Serra de Marina,2025-06-20 19:00:00,17.0,35.389397
Son Serra de Marina,2025-06-20 20:00:00,20.0,35.14707
Son Serra de Marina,2025-06-21 08:00:00,26.0,53.827415
Son Serra de Marina,2025-06-21 09:00:00,16.0,56.59958
Son Serra de Marina,2025-06-21 10:00:00,8.0,50.633736
Son Serra de Marina,2025-06-21 11:00:00,14.0,34.99203
Son Serra de Marina,2025-06-21 12:00:00,21.0,34.032097
Son Serra de Marina,2025-06-21 13:00:00,17.0,32.824883
Son Serra de Marina,2025-06-21 14:00:00,13.0,30.712893
Son Serra de Marina,2025-06-21 15:00:00,19.0,30.855112
Son Serra de Marina,2025-06-21 16:00:00,10.0,29.140362
Son Serra de Marina,2025-06-21 17:00:00,9.0,20.308388
Son Serra de Marina,2025-06-21 18:00:00,18.0,18.177221
Son Serra de Marina,2025-06-21 19:00:00,21.0,29.93963
Son Serra de Marina,2025-06-21 20:00:00,24.0,37.52655
Son Serra de Marina,2025-06-22 08:00:00,21.0,47.69371
Son Serra de Marina,2025-06-22 09:00:00,15.0,38.96318
Son Serra de Marina,2025-06-22 10:00:00,14.0,41.405987
Son Serra de Marina,2025-06-22 11:00:00,15.0,33.857826
Son Serra de Marina,2025-06-22 12:00:00,17.0,30.78268
Son Serra de Marina,2025-06-22 13:00:00,12.0,28.636274
Son Serra de Marina,2025-06-22 14:00:00,29.0,31.570354
Son Serra de Marina,2025-06-22 15:00:00,14.0,30.2965
Son Serra de Marina,2025-06-22 16:00:00,29.0,29.548748
Son Serra de Marina,2025-06-22 17:00:00,4.0,24.5752
Son Serra de Marina,2025-06-22 18:00:00,10.0,20.302689
Son Serra de Marina,2025-06-22 19:00:00,20.0,29.83199
Son Serra de Marina,2025-06-22 20:00:00,22.0,33.78644
Son Serra de Marina,2025-06-23 08:00:00,16.0,48.450443
Son Serra de Marina,2025-06-23 09:00:00,12.0,42.515896
Son Serra de Marina,2025-06-23 10:00:00,14.0,44.67075
Son Serra de Marina,2025-06-23 11:00:00,15.0,38.296078
Son Serra de Marina,2025-06-23 12:00:00,7.0,31.906618
Son Serra de Marina,2025-06-23 13:00:00,12.0,31.040894
Son Serra de Marina,2025-06-23 14:00:00,16.0,30.240461
Son Serra de Marina,2025-06-23 15:00:00,26.0,26.41741
Son Serra de Marina,2025-06-23 16:00:00,15.0,25.15387
Son Serra de Marina,2025-06-23 17:00:00,5.0,16.452398
Son Serra de Marina,2025-06-23 18:00:00,13.0,20.428291
Son Serra de Marina,2025-06-23 19:00:00,21.0,40.564804
Son Serra de Marina,2025-06-23 20:00:00,13.0,52.16698
Son Serra de Marina,2025-06-24 08:00:00,17.0,53.050064
Son Serra de Marina,2025-06-24 09:00:00,19.0,52.771595
Son Serra de Marina,2025-06-24 10:00:00,12.0,42.433014
Son Serra de Marina,2025-06-24 11:00:00,12.0,40.80659
Son Serra de Marina,2025-06-24 12:00:00,16.0,36.449165
Son Serra de Marina,2025-06-24 13:00:00,11.0,36.21071
Son Serra de Marina,2025-06-24 14:00:00,37.0,28.728508
Son Serra de Marina,2025-06-24 15:00:00,23.0,27.759895
Son Serra de Marina,2025-06-24 16:00:00,4.0,26.067213
Son Serra de Marina,2025-06-24 17:00:00,2.0,20.39489
Son Serra de Marina,2025-06-24 18:00:00,10.0,19.054201
Son Serra de Marina,2025-06-24 19:00:00,25.0,32.17113
Son Serra de Marina,2025-06-24 20:00:00,17.0,43.826218
Son Serra de Marina,2025-06-25 08:00:00,10.0,56.046642
Son Serra de Marina,2025-06-25 09:00:00,10.0,48.290127
Son Serra de Marina,2025-06-25 10:00:00,27.0,49.320282
Son Serra de Marina,2025-06-25 11:00:00,14.0,40.82612
Son Serra de Marina,2025-06-25 12:00:00,8.0,35.116493
Son Serra de Marina,2025-06-25 13:00:00,14.0,30.17128
Son Serra de Marina,2025-06-25 14:00:00,28.0,28.408085
Son Serra de Marina,2025-06-25 15:00:00,24.0,27.965595
Son Serra de Marina,2025-06-25 16:00:00,14.0,24.085865
Son Serra de Marina,2025-06-25 17:00:00,5.0,21.460985
Son Serra de Marina,2025-06-25 18:00:00,18.0,20.33721
Son Serra de Marina,2025-06-25 19:00:00,31.0,27.94056
Son Serra de Marina,2025-06-25 20:00:00,12.0,35.444748
Son Serra de Marina,2025-06-26 08:00:00,17.0,54.35954
Son Serra de Marina,2025-06-26 09:00:00,27.0,46.323715
Son Serra de Marina,2025-06-26 10:00:00,19.0,40.391956
Son Serra de Marina,2025-06-26 11:00:00,20.0,38.345016
Son Serra de Marina,2025-06-26 12:00:00,23.0,34.148525
Son Serra de Marina,2025-06-26 13:00:00,35.0,32.140762
Son Serra de Marina,2025-06-26 14:00:00,33.0,33.7206
Son Serra de Marina,2025-06-26 15:00:00,34.0,30.688227
Son Serra de Marina,2025-06-26 16:00:00,4.0,32.051228
Son Serra de Marina,2025-06-26 17:00:00,5.0,22.057667
Son Serra de Marina,2025-06-26 18:00:00,24.0,26.591791
Son Serra de Marina,2025-06-26 19:00:00,30.0,38.0162
Son Serra de Marina,2025-06-26 20:00:00,40.0,37.716988
Son Serra de Marina,2025-06-27 08:00:00,45.0,54.775887
Son Serra de Marina,2025-06-27 09:00:00,25.0,50.147438
Son Serra de Marina,2025-06-27 10:00:00,24.0,52.98141
Son Serra de Marina,2025-06-27 11:00:00,25.0,37.921963
Son Serra de Marina,2025-06-27 12:00:00,21.0,43.4514
Son Serra de Marina,2025-06-27 13:00:00,31.0,29.31336
Son Serra de Marina,2025-06-27 14:00:00,34.0,27.706957
Son Serra de Marina,2025-06-27 15:00:00,27.0,24.609093
Son Serra de Marina,2025-06-27 16:00:00,5.0,21.83024
Son Serra de Marina,2025-06-27 17:00:00,2.0,11.394373
Son Serra de Marina,2025-06-27 18:00:00,8.0,18.392843
Son Serra de Marina,2025-06-27 19:00:00,21.0,24.768768
Son Serra de Marina,2025-06-27 20:00:00,39.0,32.624245
Son Serra de Marina,2025-06-28 08:00:00,39.0,30.99461
Son Serra de Marina,2025-06-28 09:00:00,4.0,26.937462
Son Serra de Marina,2025-06-28 10:00:00,3.0,18.920757
Son Serra de Marina,2025-06-28 11:00:00,3.0,20.634104
Son Serra de Marina,2025-06-28 12:00:00,6.0,20.993244
Son Serra de Marina,2025-06-28 13:00:00,11.0,20.522566
Son Serra de Marina,2025-06-28 14:00:00,18.0,20.761826
Son Serra de Marina,2025-06-28 15:00:00,3.0,17.767338
Son Serra de Marina,2025-06-28 16:00:00,15.0,18.678162
Son Serra de Marina,2025-06-28 17:00:00,2.0,19.912218
Son Serra de Marina,2025-06-28 18:00:00,12.0,17.114141
Son Serra de Marina,2025-06-28 19:00:00,12.0,16.490854
Son Serra de Marina,2025-06-28 20:00:00,10.0,17.349773
Son Serra de Marina,2025-06-29 08:00:00,10.0,17.794216
Son Serra de Marina,2025-06-29 09:00:00,11.0,18.666681
Son Serra de Marina,2025-06-29 10:00:00,6.0,17.469248
Son Serra de Marina,2025-06-29 11:00:00,10.0,17.692247
Son Serra de Marina,2025-06-29 12:00:00,13.0,16.906874
Son Serra de Marina,2025-06-29 13:00:00,10.0,16.96334
Son Serra de Marina,2025-06-29 14:00:00,12.0,19.54858
Son Serra de Marina,2025-06-29 15:00:00,17.0,20.472437
Son Serra de Marina,2025-06-29 16:00:00,11.0,19.805517
Son Serra de Marina,2025-06-29 17:00:00,2.0,23.169765
Son Serra de Marina,2025-06-29 18:00:00,19.0,17.067495
Son Serra de Marina,2025-06-29 19:00:00,21.0,22.843817
Son Serra de Marina,2025-06-29 20:00:00,30.0,30.502117
Son Serra de Marina,2025-06-30 08:00:00,40.0,40.31287
Son Serra de Marina,2025-06-30 09:00:00,23.0,39.875015
Son Serra de Marina,2025-06-30 10:00:00,11.0,37.154118
Son Serra de Marina,2025-06-30 11:00:00,14.0,40.749683
Son Serra de Marina,2025-06-30 12:00:00,17.0,37.200924
Son Serra de Marina,2025-06-30 13:00:00,22.0,31.408747
Son Serra de Marina,2025-06-30 14:00:00,25.0,28.861916
Son Serra de Marina,2025-06-30 15:00:00,16.0,23.472923
Son Serra de Marina,2025-06-30 16:00:00,10.0,25.507484
Son Serra de Marina,2025-06-30 17:00:00,5.0,20.701162
Son Serra de Marina,2025-06-30 18:00:00,2.0,17.090368
Son Serra de Marina,2025-06-30 19:00:00,20.0,24.967993
Son Serra de Marina,2025-06-30 20:00:00,42.0,35.255116
Son Serra de Marina,2025-07-01 08:00:00,35.0,39.57955
Son Serra de Marina,2025-07-01 09:00:00,29.0,37.217415
Son Serra de Marina,2025-07-01 10:00:00,22.0,35.41123
Son Serra de Marina,2025-07-01 11:00:00,35.0,29.392817
Son Serra de Marina,2025-07-01 12:00:00,33.0,29.011587
Son Serra de Marina,2025-07-01 13:00:00,21.0,27.008602
Son Serra de Marina,2025-07-01 14:00:00,13.0,22.920475
Son Serra de Marina,2025-07-01 15:00:00,20.0,17.685698
Son Serra de Marina,2025-07-01 16:00:00,9.0,17.7136
Son Serra de Marina,2025-07-01 17:00:00,2.0,19.646276
Son Serra de Marina,2025-07-01 18:00:00,24.0,18.525635
Son Serra de Marina,2025-07-01 19:00:00,29.0,22.853151
Son Serra de Marina,2025-07-01 20:00:00,29.0,33.251827
Son Serra de Marina,2025-07-02 08:00:00,30.0,31.503086
Son Serra de Marina,2025-07-02 09:00:00,40.0,23.653032
Son Serra de Marina,2025-07-02 10:00:00,37.0,20.961428
Son Serra de Marina,2025-07-02 11:00:00,34.0,20.504166
Son Serra de Marina,2025-07-02 12:00:00,41.0,19.523708
Son Serra de Marina,2025-07-02 13:00:00,21.0,18.168312
Son Serra de Marina,2025-07-02 14:00:00,23.0,16.920498
Son Serra de Marina,2025-07-02 15:00:00,17.0,16.880205
Son Serra de Marina,2025-07-02 16:00:00,15.0,17.547842
Son Serra de Marina,2025-07-02 17:00:00,6.0,12.033017
Son Serra de Marina,2025-07-02 18:00:00,27.0,17.021856
Son Serra de Marina,2025-07-02 19:00:00,36.0,18.569912
Son Serra de Marina,2025-07-02 20:00:00,50.0,16.82437
Son Serra de Marina,2025-07-03 08:00:00,69.0,19.129726
Son Serra de Marina,2025-07-03 09:00:00,54.0,18.168549
Son Serra de Marina,2025-07-03 10:00:00,58.0,19.923252
Son Serra de Marina,2025-07-03 11:00:00,39.0,19.769789
Son Serra de Marina,2025-07-03 12:00:00,49.0,20.160946
Son Serra de Marina,2025-07-03 13:00:00,41.0,17.568209
Son Serra de Marina,2025-07-03 14:00:00,39.0,18.005602
Son Serra de Marina,2025-07-03 15:00:00,29.0,16.692009
Son Serra de Marina,2025-07-03 16:00:00,8.0,16.718582
Son Serra de Marina,2025-07-03 17:00:00,3.0,10.913679
Son Serra de Marina,2025-07-03 18:00:00,24.0,16.216429
Son Serra de Marina,2025-07-03 19:00:00,56.0,16.985537
Son Serra de Marina,2025-07-03 20:00:00,58.0,20.84082
Son Serra de Marina,2025-07-04 08:00:00,54.0,22.226492
Son Serra de Marina,2025-07-04 09:00:00,42.0,22.710869
Son Serra de Marina,2025-07-04 10:00:00,35.0,21.494614
Son Serra de Marina,2025-07-04 11:00:00,34.0,17.655128
Son Serra de Marina,2025-07-04 12:00:00,54.0,22.40093
Son Serra de Marina,2025-07-04 13:00:00,68.0,17.77918
Son Serra de Marina,2025-07-04 14:00:00,54.0,18.201084
Son Serra de Marina,2025-07-04 15:00:00,18.0,16.660898
Son Serra de Marina,2025-07-04 16:00:00,17.0,18.933699
Son Serra de Marina,2025-07-04 17:00:00,2.0,10.507029
Son Serra de Marina,2025-07-04 18:00:00,17.0,18.31462
Son Serra de Marina,2025-07-04 19:00:00,37.0,19.079521
Son Serra de Marina,2025-07-04 20:00:00,23.0,22.805216
Son Serra de Marina,2025-07-05 08:00:00,35.0,24.047106
Son Serra de Marina,2025-07-05 09:00:00,41.0,22.683867
Son Serra de Marina,2025-07-05 10:00:00,29.0,23.696558
Son Serra de Marina,2025-07-05 11:00:00,28.0,22.614569
Son Serra de Marina,2025-07-05 12:00:00,55.0,18.832808
Son Serra de Marina,2025-07-05 13:00:00,40.0,18.097809
Son Serra de Marina,2025-07-05 14:00:00,32.0,18.455194
Son Serra de Marina,2025-07-05 15:00:00,19.0,17.1411
Son Serra de Marina,2025-07-05 16:00:00,16.0,17.868856
Son Serra de Marina,2025-07-05 17:00:00,3.0,25.761673
Son Serra de Marina,2025-07-05 18:00:00,21.0,16.03606
Son Serra de Marina,2025-07-05 19:00:00,26.0,19.545015
Son Serra de Marina,2025-07-05 20:00:00,43.0,27.710493
Son Serra de Marina,2025-07-06 08:00:00,48.0,27.010836
Son Serra de Marina,2025-07-06 09:00:00,61.0,26.062155
Son Serra de Marina,2025-07-06 10:00:00,49.0,26.783543
Son Serra de Marina,2025-07-06 11:00:00,29.0,25.599419
Son Serra de Marina,2025-07-06 12:00:00,25.0,25.999287
Son Serra de Marina,2025-07-06 13:00:00,25.0,24.359005
Son Serra de Marina,2025-07-06 14:00:00,32.0,23.805527
Son Serra de Marina,2025-07-06 15:00:00,30.0,20.669395
Son Serra de Marina,2025-07-06 16:00:00,17.0,21.313227
Son Serra de Marina,2025-07-06 17:00:00,2.0,25.359089
Son Serra de Marina,2025-07-06 18:00:00,16.0,18.915134
Son Serra de Marina,2025-07-06 19:00:00,23.0,27.046835
Son Serra de Marina,2025-07-06 20:00:00,32.0,39.904358
Son Serra de Marina,2025-07-07 08:00:00,47.0,39.78347
Son Serra de Marina,2025-07-07 09:00:00,35.0,40.846416
Son Serra de Marina,2025-07-07 10:00:00,33.0,37.412678
Son Serra de Marina,2025-07-07 11:00:00,40.0,38.200306
Son Serra de Marina,2025-07-07 12:00:00,26.0,34.99548
Son Serra de Marina,2025-07-07 13:00:00,31.0,32.542885
Son Serra de Marina,2025-07-07 14:00:00,43.0,28.669342
Son Serra de Marina,2025-07-07 15:00:00,23.0,23.857357
Son Serra de Marina,2025-07-07 16:00:00,16.0,17.217289
Son Serra de Marina,2025-07-07 17:00:00,3.0,17.866182
Son Serra de Marina,2025-07-07 18:00:00,34.0,19.866419
Son Serra de Marina,2025-07-07 19:00:00,52.0,32.15549
Son Serra de Marina,2025-07-07 20:00:00,43.0,23.052767
Son Serra de Marina,2025-07-08 08:00:00,47.0,26.334036
Son Serra de Marina,2025-07-08 09:00:00,34.0,26.549543
Son Serra de Marina,2025-07-08 10:00:00,40.0,23.839436
Son Serra de Marina,2025-07-08 11:00:00,51.0,21.774431
Son Serra de Marina,2025-07-08 12:00:00,28.0,20.802362
Son Serra de Marina,2025-07-08 13:00:00,22.0,18.75126
Son Serra de Marina,2025-07-08 14:00:00,20.0,18.316507
Son Serra de Marina,2025-07-08 15:00:00,33.0,16.98036
Son Serra de Marina,2025-07-08 16:00:00,18.0,16.626566
Son Serra de Marina,2025-07-08 17:00:00,2.0,10.420551
Son Serra de Marina,2025-07-08 18:00:00,25.0,16.902573
Son Serra de Marina,2025-07-08 19:00:00,46.0,16.575718
Son Serra de Marina,2025-07-08 20:00:00,65.0,15.819519
Son Serra de Marina,2025-07-09 08:00:00,48.0,24.037964
Son Serra de Marina,2025-07-09 09:00:00,28.0,23.763348
Son Serra de Marina,2025-07-09 10:00:00,33.0,23.722229
Son Serra de Marina,2025-07-09 11:00:00,37.0,21.023748
Son Serra de Marina,2025-07-09 12:00:00,29.0,17.03862
Son Serra de Marina,2025-07-09 13:00:00,29.0,17.998518
Son Serra de Marina,2025-07-09 14:00:00,28.0,20.708092
Son Serra de Marina,2025-07-09 15:00:00,34.0,17.333652
Son Serra de Marina,2025-07-09 16:00:00,53.0,17.889214
Son Serra de Marina,2025-07-09 17:00:00,8.0,8.955954
Son Serra de Marina,2025-07-09 18:00:00,25.0,18.635998
Son Serra de Marina,2025-07-09 19:00:00,41.0,22.212477
Son Serra de Marina,2025-07-09 20:00:00,59.0,20.003817
Son Serra de Marina,2025-07-10 08:00:00,44.0,24.180132
Son Serra de Marina,2025-07-10 09:00:00,38.0,20.574917
Son Serra de Marina,2025-07-10 10:00:00,37.0,18.617613
Son Serra de Marina,2025-07-10 11:00:00,41.0,16.770432
Son Serra de Marina,2025-07-10 12:00:00,30.0,17.649921
Son Serra de Marina,2025-07-10 13:00:00,44.0,20.532896
Son Serra de Marina,2025-07-10 14:00:00,31.0,20.039965
Son Serra de Marina,2025-07-10 15:00:00,30.0,19.933552
Son Serra de Marina,2025-07-10 16:00:00,13.0,22.069084
Son Serra de Marina,2025-07-10 17:00:00,2.0,19.866198
Son Serra de Marina,2025-07-10 18:00:00,27.0,21.206669
Son Serra de Marina,2025-07-10 19:00:00,50.0,19.342367
Son Serra de Marina,2025-07-10 20:00:00,64.0,24.92083
Son Serra de Marina,2025-07-11 08:00:00,71.0,31.780973
Son Serra de Marina,2025-07-11 09:00:00,54.0,31.724033
Son Serra de Marina,2025-07-11 10:00:00,31.0,29.282303
Son Serra de Marina,2025-07-11 11:00:00,29.0,26.41307
Son Serra de Marina,2025-07-11 12:00:00,30.0,23.860434
Son Serra de Marina,2025-07-11 13:00:00,61.0,29.142754
Son Serra de Marina,2025-07-11 14:00:00,45.0,28.58668
Son Serra de Marina,2025-07-11 15:00:00,33.0,29.865324
Son Serra de Marina,2025-07-11 16:00:00,36.0,28.072897
Son Serra de Marina,2025-07-11 17:00:00,3.0,25.728745
Son Serra de Marina,2025-07-11 18:00:00,4.0,20.015059
Son Serra de Marina,2025-07-11 19:00:00,18.0,27.713224
Son Serra de Marina,2025-07-11 20:00:00,11.0,42.011024
Son Serra de Marina,2025-07-12 08:00:00,12.0,47.064743
Son Serra de Marina,2025-07-12 09:00:00,16.0,33.560593
Son Serra de Marina,2025-07-12 10:00:00,6.0,37.568764
Son Serra de Marina,2025-07-12 11:00:00,7.0,35.477074
Son Serra de Marina,2025-07-12 12:00:00,12.0,29.353655
Son Serra de Marina,2025-07-12 13:00:00,21.0,27.293161
Son Serra de Marina,2025-07-12 14:00:00,9.0,26.757355
Son Serra de Marina,2025-07-12 15:00:00,20.0,27.179892
Son Serra de Marina,2025-07-12 16:00:00,2.0,23.264084
Son Serra de Marina,2025-07-12 17:00:00,2.0,19.552858
Son Serra de Marina,2025-07-12 18:00:00,10.0,23.691832
Son Serra de Marina,2025-07-12 19:00:00,21.0,30.578184
Son Serra de Marina,2025-07-12 20:00:00,34.0,42.228188
Son Serra de Marina,2025-07-13 08:00:00,21.0,51.736
Son Serra de Marina,2025-07-13 09:00:00,24.0,44.54485
Son Serra de Marina,2025-07-13 10:00:00,20.0,42.566772
Son Serra de Marina,2025-07-13 11:00:00,21.0,40.80339
Son Serra de Marina,2025-07-13 12:00:00,10.0,34.14888
Son Serra de Marina,2025-07-13 13:00:00,19.0,32.94633
Son Serra de Marina,2025-07-13 14:00:00,13.0,35.74084
Son Serra de Marina,2025-07-13 15:00:00,24.0,35.10029
Son Serra de Marina,2025-07-13 16:00:00,31.0,32.48604
Son Serra de Marina,2025-07-13 17:00:00,3.0,24.100962
Son Serra de Marina,2025-07-13 18:00:00,13.0,22.485033
Son Serra de Marina,2025-07-13 19:00:00,31.0,27.625475
Son Serra de Marina,2025-07-13 20:00:00,20.0,37.823524
Son Serra de Marina,2025-07-14 08:00:00,48.0,55.5549
Son Serra de Marina,2025-07-14 09:00:00,36.0,50.831516
Son Serra de Marina,2025-07-14 10:00:00,21.0,42.698685
Son Serra de Marina,2025-07-14 11:00:00,34.0,39.68046
Son Serra de Marina,2025-07-14 12:00:00,51.0,34.049583
Son Serra de Marina,2025-07-14 13:00:00,34.0,33.93508
Son Serra de Marina,2025-07-14 14:00:00,53.0,34.135326
Son Serra de Marina,2025-07-14 15:00:00,43.0,31.301449
Son Serra de Marina,2025-07-14 16:00:00,27.0,24.219376
Son Serra de Marina,2025-07-14 17:00:00,2.0,18.18109
Son Serra de Marina,2025-07-14 18:00:00,4.0,23.682941
Son Serra de Marina,2025-07-14 19:00:00,8.0,21.513287
Son Serra de Marina,2025-07-14 20:00:00,5.0,24.378763
Son Serra de Marina,2025-07-15 08:00:00,5.0,30.117252
Son Serra de Marina,2025-07-15 09:00:00,2.0,31.356886
Son Serra de Marina,2025-07-15 10:00:00,6.0,32.7533
Son Serra de Marina,2025-07-15 11:00:00,9.0,30.708597
Son Serra de Marina,2025-07-15 12:00:00,1.0,31.588026
Son Serra de Marina,2025-07-15 13:00:00,3.0,32.328888
Son Serra de Marina,2025-07-15 14:00:00,2.0,36.649284
Son Serra de Marina,2025-07-15 15:00:00,5.0,31.35627
Son Serra de Marina,2025-07-15 16:00:00,5.0,30.096972
Son Serra de Marina,2025-07-15 17:00:00,3.0,20.224005
Son Serra de Marina,2025-07-15 18:00:00,8.0,23.113655
Son Serra de Marina,2025-07-15 19:00:00,17.0,23.871946
Son Serra de Marina,2025-07-15 20:00:00,29.0,28.860508
Son Serra de Marina,2025-07-16 08:00:00,9.0,33.444603
Son Serra de Marina,2025-07-16 09:00:00,15.0,45.216774
Son Serra de Marina,2025-07-16 10:00:00,12.0,34.59549
Son Serra de Marina,2025-07-16 11:00:00,17.0,32.11656
Son Serra de Marina,2025-07-16 12:00:00,31.0,32.89914
Son Serra de Marina,2025-07-16 13:00:00,29.0,32.38254
Son Serra de Marina,2025-07-16 14:00:00,27.0,30.548145
Son Serra de Marina,2025-07-16 15:00:00,20.0,28.27547
Son Serra de Marina,2025-07-16 16:00:00,27.0,26.418652
Son Serra de Marina,2025-07-16 17:00:00,6.0,17.080406
Son Serra de Marina,2025-07-16 18:00:00,13.0,22.535143
Son Serra de Marina,2025-07-16 19:00:00,41.0,30.228247
Son Serra de Marina,2025-07-16 20:00:00,62.0,44.19997
Son Serra de Marina,2025-07-17 08:00:00,80.0,57.63109
Son Serra de Marina,2025-07-17 09:00:00,51.0,42.744396
Son Serra de Marina,2025-07-17 10:00:00,62.0,51.29091
Son Serra de Marina,2025-07-17 11:00:00,40.0,39.284245
Son Serra de Marina,2025-07-17 12:00:00,35.0,37.858925
Son Serra de Marina,2025-07-17 13:00:00,46.0,36.91441
Son Serra de Marina,2025-07-17 14:00:00,49.0,37.165733
Son Serra de Marina,2025-07-17 15:00:00,47.0,35.46583
Son Serra de Marina,2025-07-17 16:00:00,28.0,33.685287
Son Serra de Marina,2025-07-17 17:00:00,2.0,19.187801
Son Serra de Marina,2025-07-17 18:00:00,20.0,20.592894
Son Serra de Marina,2025-07-17 19:00:00,56.0,33.28927
Son Serra de Marina,2025-07-17 20:00:00,57.0,53.341152
Son Serra de Marina,2025-07-18 08:00:00,63.0,71.53453
Son Serra de Marina,2025-07-18 09:00:00,59.0,57.87629
Son Serra de Marina,2025-07-18 10:00:00,39.0,52.134342
Son Serra de Marina,2025-07-18 11:00:00,33.0,44.7899
Son Serra de Marina,2025-07-18 12:00:00,58.0,38.58457
Son Serra de Marina,2025-07-18 13:00:00,48.0,45.665096
Son Serra de Marina,2025-07-18 14:00:00,61.0,44.921852
Son Serra de Marina,2025-07-18 15:00:00,37.0,38.554
Son Serra de Marina,2025-07-18 16:00:00,41.0,39.745186
Son Serra de Marina,2025-07-18 17:00:00,2.0,28.828539
Son Serra de Marina,2025-07-18 18:00:00,16.0,20.8314
Son Serra de Marina,2025-07-18 19:00:00,25.0,25.422508
Son Serra de Marina,2025-07-18 20:00:00,32.0,32.02505
Son Serra de Marina,2025-07-19 08:00:00,17.0,46.0022
Son Serra de Marina,2025-07-19 09:00:00,13.0,35.679462
Son Serra de Marina,2025-07-19 10:00:00,4.0,32.609287
Son Serra de Marina,2025-07-19 11:00:00,11.0,33.98628
Son Serra de Marina,2025-07-19 12:00:00,9.0,36.13764
Son Serra de Marina,2025-07-19 13:00:00,7.0,37.901863
Son Serra de Marina,2025-07-19 14:00:00,13.0,38.98568
Son Serra de Marina,2025-07-19 15:00:00,9.0,36.779682
Son Serra de Marina,2025-07-19 16:00:00,7.0,37.35243
Son Serra de Marina,2025-07-19 17:00:00,2.0,28.327087
Son Serra de Marina,2025-07-19 18:00:00,5.0,29.505888
Son Serra de Marina,2025-07-19 19:00:00,3.0,24.77302
Son Serra de Marina,2025-07-19 20:00:00,12.0,25.431395
Son Serra de Marina,2025-07-20 08:00:00,8.0,34.036915
Son Serra de Marina,2025-07-20 09:00:00,13.0,33.323227
Son Serra de Marina,2025-07-20 10:00:00,7.0,32.933136
Son Serra de Marina,2025-07-20 11:00:00,17.0,36.001823
Son Serra de Marina,2025-07-20 12:00:00,11.0,34.79673
Son Serra de Marina,2025-07-20 13:00:00,19.0,34.49158
Son Serra de Marina,2025-07-20 14:00:00,20.0,40.583485
Son Serra de Marina,2025-07-20 15:00:00,26.0,36.990265
Son Serra de Marina,2025-07-20 16:00:00,7.0,31.049252
Son Serra de Marina,2025-07-20 17:00:00,3.0,24.478664
Son Serra de Marina,2025-07-20 18:00:00,2.0,29.525873
Son Serra de Marina,2025-07-20 19:00:00,10.0,30.891476
Son Serra de Marina,2025-07-20 20:00:00,14.0,33.451843
Son Serra de Marina,2025-07-21 08:00:00,13.0,56.939957
Son Serra de Marina,2025-07-21 09:00:00,2.0,46.766655
Son Serra de Marina,2025-07-21 10:00:00,10.0,34.362343
Son Serra de Marina,2025-07-21 11:00:00,16.0,40.83037
Son Serra de Marina,2025-07-21 12:00:00,13.0,41.20643
Son Serra de Marina,2025-07-21 13:00:00,23.0,28.399155
Son Serra de Marina,2025-07-21 14:00:00,6.0,24.706396
Son Serra de Marina,2025-07-21 15:00:00,5.0,22.714397
Son Serra de Marina,2025-07-21 16:00:00,2.0,20.638136
Son Serra de Marina,2025-07-21 17:00:00,2.0,16.454556
Son Serra de Marina,2025-07-21 18:00:00,14.0,22.20936
Son Serra de Marina,2025-07-21 19:00:00,11.0,28.356495
Son Serra de Marina,2025-07-21 20:00:00,6.0,42.035915
Son Serra de Marina,2025-07-22 08:00:00,15.0,53.886856
Son Serra de Marina,2025-07-22 09:00:00,8.0,54.0893
Son Serra de Marina,2025-07-22 10:00:00,5.0,46.528572
Son Serra de Marina,2025-07-22 11:00:00,10.0,36.09022
Son Serra de Marina,2025-07-22 12:00:00,5.0,35.72037
Son Serra de Marina,2025-07-22 13:00:00,22.0,26.24344
Son Serra de Marina,2025-07-22 14:00:00,2.0,24.209408
Son Serra de Marina,2025-07-22 15:00:00,9.0,25.26605
Son Serra de Marina,2025-07-22 16:00:00,2.0,22.749159
Son Serra de Marina,2025-07-22 17:00:00,2.0,19.071123
Son Serra de Marina,2025-07-22 18:00:00,21.0,17.665932
Son Serra de Marina,2025-07-22 19:00:00,37.0,24.489548
Son Serra de Marina,2025-07-22 20:00:00,29.0,32.378548
Son Serra de Marina,2025-07-23 08:00:00,28.0,39.25427
Son Serra de Marina,2025-07-23 09:00:00,2.0,27.69199
Son Serra de Marina,2025-07-23 10:00:00,12.0,24.489578
Son Serra de Marina,2025-07-23 11:00:00,14.0,23.102186
Son Serra de Marina,2025-07-23 12:00:00,5.0,23.422064
Son Serra de Marina,2025-07-23 13:00:00,3.0,22.383556
Son Serra de Marina,2025-07-23 14:00:00,2.0,21.534037
Son Serra de Marina,2025-07-23 15:00:00,20.0,20.954967
Son Serra de Marina,2025-07-23 16:00:00,3.0,20.157883
Son Serra de Marina,2025-07-23 17:00:00,2.0,24.4507
Son Serra de Marina,2025-07-23 18:00:00,14.0,17.716778
Son Serra de Marina,2025-07-23 19:00:00,5.0,24.267918
Son Serra de Marina,2025-07-23 20:00:00,7.0,31.434566
Son Serra de Marina,2025-07-24 08:00:00,27.0,47.195953
Son Serra de Marina,2025-07-24 09:00:00,29.0,37.74904
Son Serra de Marina,2025-07-24 10:00:00,14.0,38.86136
Son Serra de Marina,2025-07-24 11:00:00,24.0,38.489185
Son Serra de Marina,2025-07-24 12:00:00,20.0,35.996964
Son Serra de Marina,2025-07-24 13:00:00,31.0,30.233534
Son Serra de Marina,2025-07-24 14:00:00,6.0,19.781439
Son Serra de Marina,2025-07-24 15:00:00,7.0,17.798075
Son Serra de Marina,2025-07-24 16:00:00,2.0,18.256737
Son Serra de Marina,2025-07-24 17:00:00,2.0,9.440175
Son Serra de Marina,2025-07-24 18:00:00,5.0,18.445524
Son Serra de Marina,2025-07-24 19:00:00,17.0,19.3369
Son Serra de Marina,2025-07-24 20:00:00,18.0,18.290047
Son Serra de Marina,2025-07-25 08:00:00,9.0,19.00141
Son Serra de Marina,2025-07-25 09:00:00,19.0,19.515186
Son Serra de Marina,2025-07-25 10:00:00,7.0,21.190706
Son Serra de Marina,2025-07-25 11:00:00,4.0,18.74157
Son Serra de Marina,2025-07-25 12:00:00,12.0,17.94338
Son Serra de Marina,2025-07-25 13:00:00,9.0,17.256842
Son Serra de Marina,2025-07-25 14:00:00,11.0,17.771223
Son Serra de Marina,2025-07-25 15:00:00,13.0,18.370916
Son Serra de Marina,2025-07-25 16:00:00,2.0,19.701597
Son Serra de Marina,2025-07-25 17:00:00,2.0,19.354277
Son Serra de Marina,2025-07-25 18:00:00,13.0,16.067757
Son Serra de Marina,2025-07-25 19:00:00,14.0,17.23891
Son Serra de Marina,2025-07-25 20:00:00,18.0,17.140278
Son Serra de Marina,2025-07-26 08:00:00,20.0,23.567474
Son Serra de Marina,2025-07-26 09:00:00,12.0,23.941854
Son Serra de Marina,2025-07-26 10:00:00,15.0,29.336706
Son Serra de Marina,2025-07-26 11:00:00,12.0,30.865072
Son Serra de Marina,2025-07-26 12:00:00,14.0,26.422722
Son Serra de Marina,2025-07-26 13:00:00,13.0,22.906374
Son Serra de Marina,2025-07-26 14:00:00,6.0,20.64752
Son Serra de Marina,2025-07-26 15:00:00,42.0,15.127641
Son Serra de Marina,2025-07-26 16:00:00,4.0,16.355272
Son Serra de Marina,2025-07-26 17:00:00,3.0,23.750597
Son Serra de Marina,2025-07-26 18:00:00,11.0,20.373734
Son Serra de Marina,2025-07-26 19:00:00,33.0,23.958857
Son Serra de Marina,2025-07-26 20:00:00,22.0,34.25622
Son Serra de Marina,2025-07-27 08:00:00,36.0,52.850185
Son Serra de Marina,2025-07-27 09:00:00,13.0,40.64363
Son Serra de Marina,2025-07-27 10:00:00,19.0,39.852177
Son Serra de Marina,2025-07-27 11:00:00,14.0,36.782623
Son Serra de Marina,2025-07-27 12:00:00,26.0,36.149815
Son Serra de Marina,2025-07-27 13:00:00,13.0,39.26959
Son Serra de Marina,2025-07-27 14:00:00,9.0,41.718655
Son Serra de Marina,2025-07-27 15:00:00,11.0,37.6644
Son Serra de Marina,2025-07-27 16:00:00,1.0,37.730743
Son Serra de Marina,2025-07-27 17:00:00,2.0,34.09522
Son Serra de Marina,2025-07-27 18:00:00,5.0,21.107141
Son Serra de Marina,2025-07-27 19:00:00,24.0,31.13043
Son Serra de Marina,2025-07-27 20:00:00,7.0,35.71675
Son Serra de Marina,2025-07-28 08:00:00,16.0,52.891727
Son Serra de Marina,2025-07-28 09:00:00,10.0,46.65101
Son Serra de Marina,2025-07-28 10:00:00,6.0,43.359287
Son Serra de Marina,2025-07-28 11:00:00,7.0,39.866016
Son Serra de Marina,2025-07-28 12:00:00,27.0,41.565514
Son Serra de Marina,2025-07-28 13:00:00,27.0,35.205982
Son Serra de Marina,2025-07-28 14:00:00,33.0,29.165426
Son Serra de Marina,2025-07-28 15:00:00,38.0,25.011078
Son Serra de Marina,2025-07-28 16:00:00,2.0,21.465319
Son Serra de Marina,2025-07-28 17:00:00,2.0,13.71629
Son Serra de Marina,2025-07-28 18:00:00,23.0,18.63927
Son Serra de Marina,2025-07-28 19:00:00,27.0,35.850357
Son Serra de Marina,2025-07-28 20:00:00,25.0,47.26713
Son Serra de Marina,2025-07-29 08:00:00,22.0,53.90587
Son Serra de Marina,2025-07-29 09:00:00,13.0,51.133713
Son Serra de Marina,2025-07-29 10:00:00,16.0,52.306694
Son Serra de Marina,2025-07-29 11:00:00,48.0,49.251625
Son Serra de Marina,2025-07-29 12:00:00,30.0,48.7679
Son Serra de Marina,2025-07-29 13:00:00,27.0,31.62631
Son Serra de Marina,2025-07-29 14:00:00,62.0,26.033602
Son Serra de Marina,2025-07-29 15:00:00,62.0,21.781712
Son Serra de Marina,2025-07-29 16:00:00,6.0,21.691803
Son Serra de Marina,2025-07-29 17:00:00,3.0,17.824024
Son Serra de Marina,2025-07-29 18:00:00,17.0,18.603323
Son Serra de Marina,2025-07-29 19:00:00,20.0,26.569536
Son Serra de Marina,2025-07-29 20:00:00,35.0,41.042274
Son Serra de Marina,2025-07-30 08:00:00,19.0,33.301167
Son Serra de Marina,2025-07-30 09:00:00,11.0,25.381927
Son Serra de Marina,2025-07-30 10:00:00,27.0,21.824106
Son Serra de Marina,2025-07-30 11:00:00,14.0,21.2847
Son Serra de Marina,2025-07-30 12:00:00,30.0,21.056139
Son Serra de Marina,2025-07-30 13:00:00,49.0,21.164078
Son Serra de Marina,2025-07-30 14:00:00,51.0,17.958714
Son Serra de Marina,2025-07-30 15:00:00,49.0,17.308895
Son Serra de Marina,2025-07-30 16:00:00,2.0,12.120422
Son Serra de Marina,2025-07-30 17:00:00,3.0,9.224132
Son Serra de Marina,2025-07-30 18:00:00,43.0,13.210366
Son Serra de Marina,2025-07-30 19:00:00,24.0,15.144598
Son Serra de Marina,2025-07-30 20:00:00,38.0,14.661029
Son Serra de Marina,2025-07-31 08:00:00,40.0,17.302343
Son Serra de Marina,2025-07-31 09:00:00,12.0,12.972731
Son Serra de Marina,2025-07-31 10:00:00,3.0,15.20334
Son Serra de Marina,2025-07-31 11:00:00,8.0,14.4999895
Son Serra de Marina,2025-07-31 12:00:00,7.0,13.277657
Son Serra de Marina,2025-07-31 13:00:00,16.0,12.190225
Son Serra de Marina,2025-07-31 14:00:00,2.0,13.385504
Son Serra de Marina,2025-07-31 15:00:00,32.0,10.63282
Son Serra de Marina,2025-07-31 16:00:00,2.0,11.729014
Son Serra de Marina,2025-07-31 17:00:00,2.0,8.392714
Son Serra de Marina,2025-07-31 18:00:00,12.0,12.07932
Son Serra de Marina,2025-07-31 19:00:00,58.0,11.757839
Son Serra de Marina,2025-07-31 20:00:00,11.0,12.053991
Son Serra de Marina,2025-08-01 08:00:00,11.0,12.988748
Son Serra de Marina,2025-08-01 09:00:00,5.0,12.573157
Son Serra de Marina,2025-08-01 10:00:00,4.0,15.194408
Son Serra de Marina,2025-08-01 11:00:00,10.0,17.047184
Son Serra de Marina,2025-08-01 12:00:00,1.0,15.864168
Son Serra de Marina,2025-08-01 13:00:00,27.0,18.291367
Son Serra de Marina,2025-08-01 14:00:00,52.0,16.535303
Son Serra de Marina,2025-08-01 15:00:00,8.0,15.53754
Son Serra de Marina,2025-08-01 16:00:00,2.0,17.14411
Son Serra de Marina,2025-08-01 17:00:00,1.0,11.515724
Son Serra de Marina,2025-08-01 18:00:00,14.0,15.738672
Son Serra de Marina,2025-08-01 19:00:00,25.0,15.113343
Son Serra de Marina,2025-08-01 20:00:00,14.0,19.767359
Son Serra de Marina,2025-08-02 08:00:00,15.0,20.51893
Son Serra de Marina,2025-08-02 09:00:00,7.0,15.862873
Son Serra de Marina,2025-08-02 10:00:00,14.0,15.446651
Son Serra de Marina,2025-08-02 11:00:00,5.0,15.5995035
Son Serra de Marina,2025-08-02 12:00:00,11.0,12.573586
Son Serra de Marina,2025-08-02 13:00:00,16.0,14.411515
Son Serra de Marina,2025-08-02 14:00:00,5.0,15.824432
Son Serra de Marina,2025-08-02 15:00:00,8.0,15.106335
Son Serra de Marina,2025-08-02 16:00:00,1.0,16.351862
Son Serra de Marina,2025-08-02 17:00:00,1.0,13.668215
Son Serra de Marina,2025-08-02 18:00:00,13.0,17.014856
Son Serra de Marina,2025-08-02 19:00:00,49.0,19.871466
Son Serra de Marina,2025-08-02 20:00:00,12.0,21.408144
Son Serra de Marina,2025-08-03 08:00:00,16.0,22.17901
Son Serra de Marina,2025-08-03 09:00:00,23.0,16.984669
Son Serra de Marina,2025-08-03 10:00:00,10.0,19.277527
Son Serra de Marina,2025-08-03 11:00:00,17.0,20.574669
Son Serra de Marina,2025-08-03 12:00:00,4.0,21.700827
Son Serra de Marina,2025-08-03 13:00:00,4.0,19.483353
Son Serra de Marina,2025-08-03 14:00:00,3.0,19.206476
Son Serra de Marina,2025-08-03 15:00:00,16.0,16.899668
Son Serra de Marina,2025-08-03 16:00:00,2.0,17.644354
Son Serra de Marina,2025-08-03 17:00:00,3.0,11.086505
Son Serra de Marina,2025-08-03 18:00:00,39.0,15.478595
Son Serra de Marina,2025-08-03 19:00:00,16.0,17.6984
Son Serra de Marina,2025-08-03 20:00:00,24.0,12.69954
Son Serra de Marina,2025-08-04 08:00:00,19.0,18.183743
Son Serra de Marina,2025-08-04 09:00:00,4.0,13.459804
Son Serra de Marina,2025-08-04 10:00:00,16.0,15.439616
Son Serra de Marina,2025-08-04 11:00:00,7.0,13.129395
Son Serra de Marina,2025-08-04 12:00:00,3.0,13.079362
Son Serra de Marina,2025-08-04 13:00:00,19.0,15.219005
Son Serra de Marina,2025-08-04 14:00:00,4.0,13.847576
Son Serra de Marina,2025-08-04 15:00:00,16.0,15.249646
Son Serra de Marina,2025-08-04 16:00:00,4.0,15.296323
Son Serra de Marina,2025-08-04 17:00:00,6.0,11.976234
Son Serra de Marina,2025-08-04 18:00:00,11.0,16.709938
Son Serra de Marina,2025-08-04 19:00:00,18.0,18.750177
Son Serra de Marina,2025-08-04 20:00:00,19.0,19.14731
Son Serra de Marina,2025-08-05 08:00:00,8.0,20.146011
Son Serra de Marina,2025-08-05 09:00:00,8.0,20.020838
Son Serra de Marina,2025-08-05 10:00:00,2.0,21.819885
Son Serra de Marina,2025-08-05 11:00:00,8.0,18.739058
Son Serra de Marina,2025-08-05 12:00:00,9.0,20.340929
Son Serra de Marina,2025-08-05 13:00:00,10.0,18.684484
Son Serra de Marina,2025-08-05 14:00:00,18.0,18.399439
Son Serra de Marina,2025-08-05 15:00:00,48.0,18.55381
Son Serra de Marina,2025-08-05 16:00:00,3.0,18.75089
Son Serra de Marina,2025-08-05 17:00:00,2.0,11.360333
Son Serra de Marina,2025-08-05 18:00:00,22.0,18.509752
Son Serra de Marina,2025-08-05 19:00:00,31.0,20.689713
Son Serra de Marina,2025-08-05 20:00:00,36.0,19.274914
Son Serra de Marina,2025-08-06 08:00:00,21.0,21.055738
Son Serra de Marina,2025-08-06 09:00:00,8.0,21.07915
Son Serra de Marina,2025-08-06 10:00:00,6.0,20.065397
Son Serra de Marina,2025-08-06 11:00:00,17.0,19.970308
Son Serra de Marina,2025-08-06 12:00:00,29.0,21.601883
Son Serra de Marina,2025-08-06 13:00:00,45.0,18.938885
Son Serra de Marina,2025-08-06 14:00:00,40.0,18.831367
Son Serra de Marina,2025-08-06 15:00:00,56.0,16.55827
Son Serra de Marina,2025-08-06 16:00:00,10.0,19.906767
Son Serra de Marina,2025-08-06 17:00:00,3.0,11.929161
Son Serra de Marina,2025-08-06 18:00:00,19.0,17.490313
Son Serra de Marina,2025-08-06 19:00:00,37.0,19.413652
Son Serra de Marina,2025-08-06 20:00:00,31.0,21.093296
Son Serra de Marina,2025-08-07 08:00:00,29.0,24.17866
Son Serra de Marina,2025-08-07 09:00:00,35.0,23.294643
Son Serra de Marina,2025-08-07 10:00:00,23.0,23.568121
Son Serra de Marina,2025-08-07 11:00:00,13.0,21.714931
Son Serra de Marina,2025-08-07 12:00:00,13.0,20.09214
Son Serra de Marina,2025-08-07 13:00:00,47.0,24.456036
Son Serra de Marina,2025-08-07 14:00:00,31.0,24.27881
Son Serra de Marina,2025-08-07 15:00:00,27.0,23.753359
Son Serra de Marina,2025-08-07 16:00:00,4.0,18.606647
Son Serra de Marina,2025-08-07 17:00:00,4.0,20.21325
Son Serra de Marina,2025-08-07 18:00:00,27.0,19.715433
Son Serra de Marina,2025-08-07 19:00:00,17.0,26.57673
Son Serra de Marina,2025-08-07 20:00:00,28.0,35.01619
Son Serra de Marina,2025-08-08 08:00:00,22.0,35.06135
Son Serra de Marina,2025-08-08 09:00:00,22.0,28.619675
Son Serra de Marina,2025-08-08 10:00:00,13.0,28.569084
Son Serra de Marina,2025-08-08 11:00:00,16.0,27.206667
Son Serra de Marina,2025-08-08 12:00:00,28.0,27.582561
Son Serra de Marina,2025-08-08 13:00:00,22.0,28.736994
Son Serra de Marina,2025-08-08 14:00:00,30.0,26.606075
Son Serra de Marina,2025-08-08 15:00:00,35.0,23.489038
Son Serra de Marina,2025-08-08 16:00:00,2.0,22.637007
Son Serra de Marina,2025-08-08 17:00:00,5.0,21.09869
Son Serra de Marina,2025-08-08 18:00:00,13.0,19.558052
Son Serra de Marina,2025-08-08 19:00:00,6.0,26.538984
Son Serra de Marina,2025-08-08 20:00:00,18.0,48.718163
Son Serra de Marina,2025-08-09 08:00:00,27.0,56.22017
Son Serra de Marina,2025-08-09 09:00:00,23.0,40.24498
Son Serra de Marina,2025-08-09 10:00:00,9.0,43.741848
Son Serra de Marina,2025-08-09 11:00:00,11.0,36.095253
Son Serra de Marina,2025-08-09 12:00:00,25.0,31.70245
Son Serra de Marina,2025-08-09 13:00:00,47.0,33.30958
Son Serra de Marina,2025-08-09 14:00:00,44.0,35.396687
Son Serra de Marina,2025-08-09 15:00:00,31.0,26.679974
Son Serra de Marina,2025-08-09 16:00:00,3.0,21.263056
Son Serra de Marina,2025-08-09 17:00:00,2.0,17.153309
Son Serra de Marina,2025-08-09 18:00:00,7.0,18.6725
Son Serra de Marina,2025-08-09 19:00:00,4.0,18.866253
Son Serra de Marina,2025-08-09 20:00:00,35.0,21.906765
Son Serra de Marina,2025-08-10 08:00:00,10.0,25.589302
Son Serra de Marina,2025-08-10 09:00:00,21.0,46.381153
Son Serra de Marina,2025-08-10 10:00:00,25.0,26.5048
Son Serra de Marina,2025-08-10 11:00:00,18.0,29.500399
Son Serra de Marina,2025-08-10 12:00:00,20.0,43.75846
Son Serra de Marina,2025-08-10 13:00:00,23.0,25.398323
Son Serra de Marina,2025-08-10 14:00:00,29.0,27.110134
Son Serra de Marina,2025-08-10 15:00:00,21.0,19.395737
Son Serra de Marina,2025-08-10 16:00:00,3.0,17.636847
Son Serra de Marina,2025-08-10 17:00:00,2.0,18.112381
Son Serra de Marina,2025-08-10 18:00:00,5.0,16.807936
Son Serra de Marina,2025-08-10 19:00:00,6.0,15.87136
Son Serra de Marina,2025-08-10 20:00:00,5.0,17.326601
Son Serra de Marina,2025-08-11 08:00:00,14.0,19.011879
Son Serra de Marina,2025-08-11 09:00:00,8.0,19.67758
Son Serra de Marina,2025-08-11 10:00:00,5.0,17.717707
Son Serra de Marina,2025-08-11 11:00:00,6.0,19.559164
Son Serra de Marina,2025-08-11 12:00:00,3.0,21.148851
Son Serra de Marina,2025-08-11 13:00:00,12.0,18.836391
Son Serra de Marina,2025-08-11 14:00:00,11.0,18.295797
Son Serra de Marina,2025-08-11 15:00:00,2.0,18.847794
Son Serra de Marina,2025-08-11 16:00:00,2.0,17.78931
Son Serra de Marina,2025-08-11 17:00:00,2.0,11.471819
Son Serra de Marina,2025-08-11 18:00:00,15.0,16.818686
Son Serra de Marina,2025-08-11 19:00:00,38.0,17.160543
Son Serra de Marina,2025-08-11 20:00:00,42.0,18.964268
Son Serra de Marina,2025-08-12 08:00:00,34.0,16.724407
Son Serra de Marina,2025-08-12 09:00:00,15.0,8.984939
Son Serra de Marina,2025-08-12 10:00:00,25.0,18.241657
Son Serra de Marina,2025-08-12 11:00:00,21.0,18.85124
Son Serra de Marina,2025-08-12 12:00:00,34.0,17.470491
Son Serra de Marina,2025-08-12 13:00:00,43.0,15.669576
Son Serra de Marina,2025-08-12 14:00:00,27.0,17.94696
Son Serra de Marina,2025-08-12 15:00:00,39.0,18.389719
Son Serra de Marina,2025-08-12 16:00:00,2.0,17.472755
Son Serra de Marina,2025-08-12 17:00:00,2.0,9.490744
Son Serra de Marina,2025-08-12 18:00:00,19.0,17.607157
Son Serra de Marina,2025-08-12 19:00:00,24.0,17.217865
Son Serra de Marina,2025-08-12 20:00:00,50.0,16.086504
Son Serra de Marina,2025-08-13 08:00:00,43.0,14.924988
Son Serra de Marina,2025-08-13 09:00:00,20.0,20.142704
Son Serra de Marina,2025-08-13 10:00:00,14.0,16.09047
Son Serra de Marina,2025-08-13 11:00:00,5.0,18.124355
Son Serra de Marina,2025-08-13 12:00:00,23.0,18.902506
Son Serra de Marina,2025-08-13 13:00:00,19.0,17.702095
Son Serra de Marina,2025-08-13 14:00:00,21.0,16.734894
Son Serra de Marina,2025-08-13 15:00:00,23.0,17.20745
Son Serra de Marina,2025-08-13 16:00:00,2.0,13.47539
Son Serra de Marina,2025-08-13 17:00:00,2.0,9.446455
Son Serra de Marina,2025-08-13 18:00:00,10.0,17.86891
Son Serra de Marina,2025-08-13 19:00:00,39.0,17.99405
Son Serra de Marina,2025-08-13 20:00:00,49.0,14.858399
Son Serra de Marina,2025-08-14 08:00:00,41.0,13.767369
Son Serra de Marina,2025-08-14 09:00:00,18.0,13.359699
Son Serra de Marina,2025-08-14 10:00:00,8.0,11.842153
Son Serra de Marina,2025-08-14 11:00:00,10.0,17.184309
Son Serra de Marina,2025-08-14 12:00:00,22.0,16.680737
Son Serra de Marina,2025-08-14 13:00:00,21.0,15.710884
Son Serra de Marina,2025-08-14 14:00:00,14.0,13.122369
Son Serra de Marina,2025-08-14 15:00:00,14.0,11.25868
Son Serra de Marina,2025-08-14 16:00:00,2.0,8.82589
Son Serra de Marina,2025-08-14 17:00:00,2.0,9.716222
Son Serra de Marina,2025-08-14 18:00:00,21.0,15.397244
Son Serra de Marina,2025-08-14 19:00:00,37.0,17.973953
Son Serra de Marina,2025-08-14 20:00:00,28.0,18.190538
Son Serra de Marina,2025-08-15 08:00:00,31.0,17.862608
Son Serra de Marina,2025-08-15 09:00:00,41.0,21.36394
Son Serra de Marina,2025-08-15 10:00:00,18.0,19.05369
Son Serra de Marina,2025-08-15 11:00:00,29.0,18.073402
Son Serra de Marina,2025-08-15 12:00:00,47.0,18.266285
Son Serra de Marina,2025-08-15 13:00:00,56.0,17.575785
Son Serra de Marina,2025-08-15 14:00:00,67.0,17.387848
Son Serra de Marina,2025-08-15 15:00:00,35.0,17.728657
Son Serra de Marina,2025-08-15 16:00:00,2.0,16.08529
Son Serra de Marina,2025-08-15 17:00:00,2.0,15.738292
Son Serra de Marina,2025-08-15 18:00:00,10.0,16.728865
Son Serra de Marina,2025-08-15 19:00:00,10.0,20.190838
Son Serra de Marina,2025-08-15 20:00:00,38.0,23.027655
Son Serra de Marina,2025-08-16 08:00:00,22.0,29.105656
Son Serra de Marina,2025-08-16 09:00:00,27.0,25.5068
Son Serra de Marina,2025-08-16 10:00:00,28.0,23.84409
Son Serra de Marina,2025-08-16 11:00:00,40.0,25.625803
Son Serra de Marina,2025-08-16 12:00:00,41.0,25.204336
Son Serra de Marina,2025-08-16 13:00:00,28.0,24.145311
Son Serra de Marina,2025-08-16 14:00:00,32.0,22.948145
Son Serra de Marina,2025-08-16 15:00:00,32.0,18.74938
Son Serra de Marina,2025-08-16 16:00:00,2.0,19.961126
Son Serra de Marina,2025-08-16 17:00:00,2.0,22.870481
Son Serra de Marina,2025-08-16 18:00:00,9.0,19.983616
Son Serra de Marina,2025-08-16 19:00:00,47.0,28.407269
Son Serra de Marina,2025-08-16 20:00:00,83.0,36.860165
Son Serra de Marina,2025-08-17 08:00:00,86.0,36.019207
Son Serra de Marina,2025-08-17 09:00:00,76.0,35.607487
Son Serra de Marina,2025-08-17 10:00:00,72.0,36.530563
Son Serra de Marina,2025-08-17 11:00:00,48.0,33.702457
Son Serra de Marina,2025-08-17 12:00:00,75.0,36.14822
Son Serra de Marina,2025-08-17 13:00:00,61.0,27.568388
Son Serra de Marina,2025-08-17 14:00:00,72.0,26.782923
Son Serra de Marina,2025-08-17 15:00:00,81.0,23.165573
Son Serra de Marina,2025-08-17 16:00:00,11.0,19.244127
Son Serra de Marina,2025-08-17 17:00:00,10.0,17.874897
Son Serra de Marina,2025-08-17 18:00:00,32.0,16.768494
Son Serra de Marina,2025-08-17 19:00:00,50.0,21.126934
Son Serra de Marina,2025-08-17 20:00:00,32.0,47.17319
Son Serra de Marina,2025-08-18 08:00:00,35.0,48.775223
Son Serra de Marina,2025-08-18 09:00:00,43.0,45.66973
Son Serra de Marina,2025-08-18 10:00:00,50.0,42.541527
Son Serra de Marina,2025-08-18 11:00:00,45.0,36.89363
Son Serra de Marina,2025-08-18 12:00:00,36.0,35.741997
Son Serra de Marina,2025-08-18 13:00:00,48.0,26.747183
Son Serra de Marina,2025-08-18 14:00:00,63.0,23.404226
Son Serra de Marina,2025-08-18 15:00:00,56.0,20.7051
Son Serra de Marina,2025-08-18 16:00:00,7.0,15.319691
Son Serra de Marina,2025-08-18 17:00:00,3.0,24.22988
Son Serra de Marina,2025-08-18 18:00:00,18.0,18.070599
Son Serra de Marina,2025-08-18 19:00:00,22.0,19.822891
Son Serra de Marina,2025-08-18 20:00:00,40.0,21.327671
Son Serra de Marina,2025-08-19 08:00:00,56.0,29.459349
Son Serra de Marina,2025-08-19 09:00:00,12.0,20.409111
Son Serra de Marina,2025-08-19 10:00:00,34.0,22.21838
Son Serra de Marina,2025-08-19 11:00:00,56.0,21.620596
Son Serra de Marina,2025-08-19 12:00:00,32.0,19.827703
Son Serra de Marina,2025-08-19 13:00:00,29.0,20.581558
Son Serra de Marina,2025-08-19 14:00:00,27.0,18.87629
Son Serra de Marina,2025-08-19 15:00:00,21.0,19.528471
Son Serra de Marina,2025-08-19 16:00:00,4.0,14.282675
Son Serra de Marina,2025-08-19 17:00:00,5.0,9.246131
Son Serra de Marina,2025-08-19 18:00:00,23.0,15.446566
Son Serra de Marina,2025-08-19 19:00:00,41.0,17.149931
Son Serra de Marina,2025-08-19 20:00:00,45.0,19.216866
Son Serra de Marina,2025-08-20 08:00:00,63.0,19.65455
Son Serra de Marina,2025-08-20 09:00:00,4.0,19.700274
Son Serra de Marina,2025-08-20 10:00:00,14.0,19.594791
Son Serra de Marina,2025-08-20 11:00:00,16.0,20.754631
Son Serra de Marina,2025-08-20 12:00:00,23.0,19.67669
Son Serra de Marina,2025-08-20 13:00:00,34.0,19.242025
Son Serra de Marina,2025-08-20 14:00:00,31.0,17.097475
Son Serra de Marina,2025-08-20 15:00:00,43.0,15.84029
Son Serra de Marina,2025-08-20 16:00:00,9.0,11.218497
Son Serra de Marina,2025-08-20 17:00:00,8.0,10.338838
Son Serra de Marina,2025-08-20 18:00:00,7.0,15.667329
Son Serra de Marina,2025-08-20 19:00:00,53.0,17.17054
Son Serra de Marina,2025-08-20 20:00:00,37.0,17.137629
Son Serra de Marina,2025-08-21 08:00:00,59.0,20.25227
Son Serra de Marina,2025-08-21 09:00:00,59.0,16.52912
Son Serra de Marina,2025-08-21 10:00:00,46.0,15.290972
Son Serra de Marina,2025-08-21 11:00:00,39.0,19.224106
Son Serra de Marina,2025-08-21 12:00:00,47.0,18.902325
Son Serra de Marina,2025-08-21 13:00:00,72.0,17.700253
Son Serra de Marina,2025-08-21 14:00:00,71.0,18.780445
Son Serra de Marina,2025-08-21 15:00:00,65.0,19.11591
Son Serra de Marina,2025-08-21 16:00:00,5.0,13.831145
Son Serra de Marina,2025-08-21 17:00:00,6.0,15.801205
Son Serra de Marina,2025-08-21 18:00:00,24.0,18.119457
Son Serra de Marina,2025-08-21 19:00:00,34.0,20.012733
Son Serra de Marina,2025-08-21 20:00:00,52.0,27.717379
Son Serra de Marina,2025-08-22 08:00:00,43.0,32.790066
Son Serra de Marina,2025-08-22 09:00:00,53.0,29.14652
Son Serra de Marina,2025-08-22 10:00:00,37.0,27.202532
Son Serra de Marina,2025-08-22 11:00:00,52.0,25.7809
Son Serra de Marina,2025-08-22 12:00:00,39.0,24.538368
Son Serra de Marina,2025-08-22 13:00:00,43.0,23.92582
Son Serra de Marina,2025-08-22 14:00:00,50.0,21.687727
Son Serra de Marina,2025-08-22 15:00:00,48.0,21.920124
Son Serra de Marina,2025-08-22 16:00:00,8.0,17.539795
Son Serra de Marina,2025-08-22 17:00:00,6.0,18.852266
Son Serra de Marina,2025-08-22 18:00:00,18.0,16.29421
Son Serra de Marina,2025-08-22 19:00:00,34.0,17.064663
Son Serra de Marina,2025-08-22 20:00:00,29.0,24.660542
Son Serra de Marina,2025-08-23 08:00:00,29.0,21.626205
Son Serra de Marina,2025-08-23 09:00:00,25.0,17.748306
Son Serra de Marina,2025-08-23 10:00:00,38.0,18.543127
Son Serra de Marina,2025-08-23 11:00:00,38.0,21.382507
Son Serra de Marina,2025-08-23 12:00:00,22.0,25.83323
Son Serra de Marina,2025-08-23 13:00:00,32.0,22.083916
Son Serra de Marina,2025-08-23 14:00:00,24.0,20.96797
Son Serra de Marina,2025-08-23 15:00:00,26.0,18.414543
Son Serra de Marina,2025-08-23 16:00:00,4.0,18.620567
Son Serra de Marina,2025-08-23 17:00:00,3.0,18.55147
Son Serra de Marina,2025-08-23 18:00:00,15.0,16.376945
Son Serra de Marina,2025-08-23 19:00:00,27.0,19.998255
Son Serra de Marina,2025-08-23 20:00:00,33.0,28.526392
Son Serra de Marina,2025-08-24 08:00:00,59.0,31.276295
Son Serra de Marina,2025-08-24 09:00:00,40.0,26.336414
Son Serra de Marina,2025-08-24 10:00:00,61.0,25.165415
Son Serra de Marina,2025-08-24 11:00:00,46.0,22.848303
Son Serra de Marina,2025-08-24 12:00:00,31.0,23.599375
Son Serra de Marina,2025-08-24 13:00:00,50.0,23.606796
Son Serra de Marina,2025-08-24 14:00:00,31.0,18.574974
Son Serra de Marina,2025-08-24 15:00:00,45.0,19.978367
Son Serra de Marina,2025-08-24 16:00:00,7.0,23.660515
Son Serra de Marina,2025-08-24 17:00:00,8.0,16.024904
Son Serra de Marina,2025-08-24 18:00:00,14.0,17.710705
Son Serra de Marina,2025-08-24 19:00:00,37.0,20.27764
Son Serra de Marina,2025-08-24 20:00:00,58.0,44.77703
Son Serra de Marina,2025-08-25 08:00:00,55.0,54.128845
Son Serra de Marina,2025-08-25 09:00:00,39.0,45.877148
Son Serra de Marina,2025-08-25 10:00:00,44.0,36.73653
Son Serra de Marina,2025-08-25 11:00:00,55.0,23.865585
Son Serra de Marina,2025-08-25 12:00:00,34.0,27.985916
Son Serra de Marina,2025-08-25 13:00:00,35.0,25.83794
Son Serra de Marina,2025-08-25 14:00:00,27.0,25.109306
Son Serra de Marina,2025-08-25 15:00:00,38.0,20.887318
Son Serra de Marina,2025-08-25 16:00:00,5.0,13.26651
Son Serra de Marina,2025-08-25 17:00:00,4.0,12.445923
Son Serra de Marina,2025-08-25 18:00:00,20.0,16.993057
Son Serra de Marina,2025-08-25 19:00:00,43.0,22.219862
Son Serra de Marina,2025-08-25 20:00:00,48.0,43.44228
Son Serra de Marina,2025-08-26 08:00:00,60.0,55.31896
Son Serra de Marina,2025-08-26 09:00:00,62.0,62.544224
Son Serra de Marina,2025-08-26 10:00:00,51.0,39.51751
Son Serra de Marina,2025-08-26 11:00:00,67.0,32.24841
Son Serra de Marina,2025-08-26 12:00:00,38.0,27.518847
Son Serra de Marina,2025-08-26 13:00:00,26.0,32.842697
Son Serra de Marina,2025-08-26 14:00:00,28.0,36.97703
Son Serra de Marina,2025-08-26 15:00:00,41.0,35.469837
Son Serra de Marina,2025-08-26 16:00:00,5.0,27.084219
Son Serra de Marina,2025-08-26 17:00:00,3.0,25.447004
Son Serra de Marina,2025-08-26 18:00:00,12.0,25.266052
Son Serra de Marina,2025-08-26 19:00:00,18.0,28.787216
Son Serra de Marina,2025-08-26 20:00:00,27.0,29.552982
Son Serra de Marina,2025-08-27 08:00:00,21.0,32.885647
Son Serra de Marina,2025-08-27 09:00:00,18.0,39.903347
Son Serra de Marina,2025-08-27 10:00:00,20.0,39.540955
Son Serra de Marina,2025-08-27 11:00:00,31.0,42.282616
Son Serra de Marina,2025-08-27 12:00:00,21.0,40.621437
Son Serra de Marina,2025-08-27 13:00:00,17.0,41.797207
Son Serra de Marina,2025-08-27 14:00:00,30.0,41.99545
Son Serra de Marina,2025-08-27 15:00:00,17.0,38.613594
Son Serra de Marina,2025-08-27 16:00:00,8.0,31.622017
Son Serra de Marina,2025-08-27 17:00:00,6.0,28.344797
Son Serra de Marina,2025-08-27 18:00:00,11.0,30.545368
Son Serra de Marina,2025-08-27 19:00:00,37.0,37.454063
Son Serra de Marina,2025-08-27 20:00:00,28.0,37.518993
Son Serra de Marina,2025-08-28 08:00:00,42.0,50.561
Son Serra de Marina,2025-08-28 09:00:00,38.0,45.59021
Son Serra de Marina,2025-08-28 10:00:00,36.0,46.7508
Son Serra de Marina,2025-08-28 11:00:00,25.0,50.36434
Son Serra de Marina,2025-08-28 12:00:00,35.0,48.084866
Son Serra de Marina,2025-08-28 13:00:00,41.0,35.85123
Son Serra de Marina,2025-08-28 14:00:00,48.0,40.840282
Son Serra de Marina,2025-08-28 15:00:00,28.0,34.589397
Son Serra de Marina,2025-08-28 16:00:00,5.0,28.122028
Son Serra de Marina,2025-08-28 17:00:00,2.0,22.05703
Son Serra de Marina,2025-08-28 18:00:00,13.0,22.002592
Son Serra de Marina,2025-08-28 19:00:00,34.0,23.667217
Son Serra de Marina,2025-08-28 20:00:00,62.0,37.607513
Son Serra de Marina,2025-08-29 08:00:00,45.0,49.74306
Son Serra de Marina,2025-08-29 09:00:00,37.0,44.4753
Son Serra de Marina,2025-08-29 10:00:00,30.0,38.44637
Son Serra de Marina,2025-08-29 11:00:00,65.0,35.567436
Son Serra de Marina,2025-08-29 12:00:00,58.0,39.557835
Son Serra de Marina,2025-08-29 13:00:00,35.0,32.330147
Son Serra de Marina,2025-08-29 14:00:00,40.0,33.875362
Son Serra de Marina,2025-08-29 15:00:00,30.0,30.27899
Son Serra de Marina,2025-08-29 16:00:00,2.0,17.910837
Son Serra de Marina,2025-08-29 17:00:00,2.0,27.996412
Son Serra de Marina,2025-08-29 18:00:00,12.0,16.517687
Son Serra de Marina,2025-08-29 19:00:00,12.0,20.82989
Son Serra de Marina,2025-08-29 20:00:00,16.0,29.528744
Son Serra de Marina,2025-08-30 08:00:00,13.0,41.384544
Son Serra de Marina,2025-08-30 09:00:00,7.0,44.145103
Son Serra de Marina,2025-08-30 10:00:00,9.0,30.45591
Son Serra de Marina,2025-08-30 11:00:00,23.0,27.641209
Son Serra de Marina,2025-08-30 12:00:00,14.0,31.79537
Son Serra de Marina,2025-08-30 13:00:00,8.0,31.891363
Son Serra de Marina,2025-08-30 14:00:00,14.0,32.92589
Son Serra de Marina,2025-08-30 15:00:00,13.0,27.558424
Son Serra de Marina,2025-08-30 16:00:00,2.0,14.715733
Son Serra de Marina,2025-08-30 17:00:00,2.0,25.534931
Son Serra de Marina,2025-08-30 18:00:00,3.0,22.951391
Son Serra de Marina,2025-08-30 19:00:00,5.0,22.528097
Son Serra de Marina,2025-08-30 20:00:00,7.0,22.17231
