unique_id,ds,y_target,y_pred
Badia de Pollença,2025-09-01 08:00:00,11.0,11.818125
Badia de Pollença,2025-09-01 09:00:00,6.0,7.5043445
Badia de Pollença,2025-09-01 10:00:00,5.0,7.7609744
Badia de Pollença,2025-09-01 11:00:00,15.0,12.443268
Badia de Pollença,2025-09-01 12:00:00,19.0,14.296011
Badia de Pollença,2025-09-01 13:00:00,11.0,14.324481
Badia de Pollença,2025-09-01 14:00:00,11.0,12.538091
Badia de Pollença,2025-09-01 15:00:00,12.0,12.608792
Badia de Pollença,2025-09-01 16:00:00,12.0,12.796405
Badia de Pollença,2025-09-01 17:00:00,7.0,14.574317
Badia de Pollença,2025-09-01 18:00:00,7.0,11.463628
Badia de Pollença,2025-09-01 19:00:00,7.0,12.918264
Badia de Pollença,2025-09-01 20:00:00,6.0,12.079041
Badia de Pollença,2025-09-02 08:00:00,9.0,9.948989
Badia de Pollença,2025-09-02 09:00:00,6.0,7.4037952
Badia de Pollença,2025-09-02 10:00:00,7.0,7.6900163
Badia de Pollença,2025-09-02 11:00:00,7.0,11.585767
Badia de Pollença,2025-09-02 12:00:00,11.0,11.38035
Badia de Pollença,2025-09-02 13:00:00,12.0,13.316553
Badia de Pollença,2025-09-02 14:00:00,12.0,11.570074
Badia de Pollença,2025-09-02 15:00:00,12.0,11.0368805
Badia de Pollença,2025-09-02 16:00:00,7.0,11.472291
Badia de Pollença,2025-09-02 17:00:00,15.0,11.293022
Badia de Pollença,2025-09-02 18:00:00,6.0,11.002752
Badia de Pollença,2025-09-02 19:00:00,4.0,10.671412
Badia de Pollença,2025-09-02 20:00:00,5.0,13.034926
Badia de Pollença,2025-09-03 08:00:00,5.0,12.310598
Badia de Pollença,2025-09-03 09:00:00,5.0,7.961768
Badia de Pollença,2025-09-03 10:00:00,5.0,7.52014
Badia de Pollença,2025-09-03 11:00:00,8.0,13.449543
Badia de Pollença,2025-09-03 12:00:00,15.0,13.222384
Badia de Pollença,2025-09-03 13:00:00,22.0,13.404574
Badia de Pollença,2025-09-03 14:00:00,16.0,11.475802
Badia de Pollença,2025-09-03 15:00:00,10.0,14.065714
Badia de Pollença,2025-09-03 16:00:00,13.0,13.178806
Badia de Pollença,2025-09-03 17:00:00,8.0,13.010856
Badia de Pollença,2025-09-03 18:00:00,7.0,13.730683
Badia de Pollença,2025-09-03 19:00:00,5.0,12.17322
Badia de Pollença,2025-09-03 20:00:00,6.0,13.036217
Badia de Pollença,2025-09-04 08:00:00,9.0,13.554583
Badia de Pollença,2025-09-04 09:00:00,5.0,9.881219
Badia de Pollença,2025-09-04 10:00:00,5.0,8.986191
Badia de Pollença,2025-09-04 11:00:00,7.0,14.495703
Badia de Pollença,2025-09-04 12:00:00,7.0,14.191565
Badia de Pollença,2025-09-04 13:00:00,12.0,19.416866
Badia de Pollença,2025-09-04 14:00:00,9.0,16.661104
Badia de Pollença,2025-09-04 15:00:00,4.0,16.209
Badia de Pollença,2025-09-04 16:00:00,9.0,15.347781
Badia de Pollença,2025-09-04 17:00:00,5.0,14.142758
Badia de Pollença,2025-09-04 18:00:00,9.0,12.395332
Badia de Pollença,2025-09-04 19:00:00,7.0,11.687252
Badia de Pollença,2025-09-04 20:00:00,5.0,14.203203
Badia de Pollença,2025-09-05 08:00:00,7.0,13.029096
Badia de Pollença,2025-09-05 09:00:00,5.0,10.761539
Badia de Pollença,2025-09-05 10:00:00,5.0,11.572465
Badia de Pollença,2025-09-05 11:00:00,12.0,12.171632
Badia de Pollença,2025-09-05 12:00:00,7.0,12.125431
Badia de Pollença,2025-09-05 13:00:00,6.0,15.642034
Badia de Pollença,2025-09-05 14:00:00,12.0,14.3479
Badia de Pollença,2025-09-05 15:00:00,7.0,13.197419
Badia de Pollença,2025-09-05 16:00:00,6.0,11.164103
Badia de Pollença,2025-09-05 17:00:00,5.0,10.416871
Badia de Pollença,2025-09-05 18:00:00,4.0,10.014669
Badia de Pollença,2025-09-05 19:00:00,4.0,9.330705
Badia de Pollença,2025-09-05 20:00:00,3.0,11.08379
Badia de Pollença,2025-09-06 08:00:00,4.0,10.95684
Badia de Pollença,2025-09-06 09:00:00,5.0,9.330913
Badia de Pollença,2025-09-06 10:00:00,5.0,8.886878
Badia de Pollença,2025-09-06 11:00:00,9.0,11.953696
Badia de Pollença,2025-09-06 12:00:00,14.0,13.700278
Badia de Pollença,2025-09-06 13:00:00,10.0,15.899554
Badia de Pollença,2025-09-06 14:00:00,9.0,13.927626
Badia de Pollença,2025-09-06 15:00:00,9.0,17.358027
Badia de Pollença,2025-09-06 16:00:00,11.0,12.42655
Badia de Pollença,2025-09-06 17:00:00,10.0,11.396501
Badia de Pollença,2025-09-06 18:00:00,8.0,10.189325
Badia de Pollença,2025-09-06 19:00:00,9.0,11.114782
Badia de Pollença,2025-09-06 20:00:00,7.0,11.762662
Badia de Pollença,2025-09-07 08:00:00,13.0,8.182076
Badia de Pollença,2025-09-07 09:00:00,6.0,6.6086698
Badia de Pollença,2025-09-07 10:00:00,6.0,6.00615
Badia de Pollença,2025-09-07 11:00:00,20.0,10.941605
Badia de Pollença,2025-09-07 12:00:00,21.0,14.283716
Badia de Pollença,2025-09-07 13:00:00,22.0,13.949981
Badia de Pollença,2025-09-07 14:00:00,9.0,15.089895
Badia de Pollença,2025-09-07 15:00:00,9.0,11.196789
Badia de Pollença,2025-09-07 16:00:00,18.0,11.516142
Badia de Pollença,2025-09-07 17:00:00,13.0,10.539835
Badia de Pollença,2025-09-07 18:00:00,7.0,10.104036
Badia de Pollença,2025-09-07 19:00:00,8.0,10.296906
Badia de Pollença,2025-09-07 20:00:00,7.0,11.246393
Badia de Pollença,2025-09-08 08:00:00,9.0,10.747779
Badia de Pollença,2025-09-08 09:00:00,7.0,7.2405868
Badia de Pollença,2025-09-08 10:00:00,8.0,6.977744
Badia de Pollença,2025-09-08 11:00:00,16.0,12.277178
Badia de Pollença,2025-09-08 12:00:00,20.0,13.606685
Badia de Pollença,2025-09-08 13:00:00,15.0,11.637402
Badia de Pollença,2025-09-08 14:00:00,17.0,13.951282
Badia de Pollença,2025-09-08 15:00:00,15.0,13.010046
Badia de Pollença,2025-09-08 16:00:00,11.0,13.472779
Badia de Pollença,2025-09-08 17:00:00,19.0,12.954592
Badia de Pollença,2025-09-08 18:00:00,10.0,11.746873
Badia de Pollença,2025-09-08 19:00:00,10.0,12.621874
Badia de Pollença,2025-09-08 20:00:00,10.0,10.519188
Badia de Pollença,2025-09-09 08:00:00,8.0,10.509992
Badia de Pollença,2025-09-09 09:00:00,6.0,7.665002
Badia de Pollença,2025-09-09 10:00:00,7.0,8.422118
Badia de Pollença,2025-09-09 11:00:00,14.0,11.994903
Badia de Pollença,2025-09-09 12:00:00,19.0,13.509282
Badia de Pollença,2025-09-09 13:00:00,18.0,14.211848
Badia de Pollença,2025-09-09 14:00:00,14.0,11.289203
Badia de Pollença,2025-09-09 15:00:00,19.0,11.934982
Badia de Pollença,2025-09-09 16:00:00,9.0,14.38567
Badia de Pollença,2025-09-09 17:00:00,14.0,8.763836
Badia de Pollença,2025-09-09 18:00:00,14.0,9.869352
Badia de Pollença,2025-09-09 19:00:00,8.0,9.03727
Badia de Pollença,2025-09-09 20:00:00,6.0,10.696122
Badia de Pollença,2025-09-10 08:00:00,9.0,10.967175
Badia de Pollença,2025-09-10 09:00:00,7.0,7.1496673
Badia de Pollença,2025-09-10 10:00:00,11.0,6.4050064
Badia de Pollença,2025-09-10 11:00:00,21.0,12.882463
Badia de Pollença,2025-09-10 12:00:00,25.0,12.062091
Badia de Pollença,2025-09-10 13:00:00,11.0,13.362259
Badia de Pollença,2025-09-10 14:00:00,15.0,13.173226
Badia de Pollença,2025-09-10 15:00:00,20.0,12.398006
Badia de Pollença,2025-09-10 16:00:00,17.0,14.526594
Badia de Pollença,2025-09-10 17:00:00,9.0,13.62901
Badia de Pollença,2025-09-10 18:00:00,17.0,11.644791
Badia de Pollença,2025-09-10 19:00:00,11.0,10.759415
Badia de Pollença,2025-09-10 20:00:00,8.0,12.254989
Badia de Pollença,2025-09-11 08:00:00,9.0,12.158698
Badia de Pollença,2025-09-11 09:00:00,7.0,7.413967
Badia de Pollença,2025-09-11 10:00:00,6.0,6.0075197
Badia de Pollença,2025-09-11 11:00:00,16.0,12.9206295
Badia de Pollença,2025-09-11 12:00:00,22.0,12.129824
Badia de Pollença,2025-09-11 13:00:00,29.0,13.324089
Badia de Pollença,2025-09-11 14:00:00,24.0,12.995574
Badia de Pollença,2025-09-11 15:00:00,20.0,14.009179
Badia de Pollença,2025-09-11 16:00:00,22.0,13.96031
Badia de Pollença,2025-09-11 17:00:00,11.0,14.794262
Badia de Pollença,2025-09-11 18:00:00,8.0,14.028158
Badia de Pollença,2025-09-11 19:00:00,6.0,14.597333
Badia de Pollença,2025-09-11 20:00:00,9.0,15.961462
Badia de Pollença,2025-09-12 08:00:00,11.0,14.056523
Badia de Pollença,2025-09-12 09:00:00,10.0,9.903246
Badia de Pollença,2025-09-12 10:00:00,7.0,9.185814
Badia de Pollença,2025-09-12 11:00:00,24.0,13.989556
Badia de Pollença,2025-09-12 12:00:00,19.0,13.560029
Badia de Pollença,2025-09-12 13:00:00,15.0,15.95519
Badia de Pollença,2025-09-12 14:00:00,16.0,16.480555
Badia de Pollença,2025-09-12 15:00:00,16.0,13.7328205
Badia de Pollença,2025-09-12 16:00:00,15.0,16.050947
Badia de Pollença,2025-09-12 17:00:00,12.0,15.910365
Badia de Pollença,2025-09-12 18:00:00,7.0,15.200387
Badia de Pollença,2025-09-12 19:00:00,8.0,12.014076
Badia de Pollença,2025-09-12 20:00:00,6.0,11.531195
Badia de Pollença,2025-09-13 08:00:00,5.0,9.909485
Badia de Pollença,2025-09-13 09:00:00,7.0,5.9832873
Badia de Pollença,2025-09-13 10:00:00,8.0,6.3375
Badia de Pollença,2025-09-13 11:00:00,24.0,13.819252
Badia de Pollença,2025-09-13 12:00:00,24.0,13.631299
Badia de Pollença,2025-09-13 13:00:00,17.0,15.168559
Badia de Pollença,2025-09-13 14:00:00,24.0,15.577343
Badia de Pollença,2025-09-13 15:00:00,18.0,16.286238
Badia de Pollença,2025-09-13 16:00:00,23.0,15.997005
Badia de Pollença,2025-09-13 17:00:00,8.0,16.317894
Badia de Pollença,2025-09-13 18:00:00,11.0,17.078966
Badia de Pollença,2025-09-13 19:00:00,7.0,16.351679
Badia de Pollença,2025-09-13 20:00:00,10.0,17.479862
Badia de Pollença,2025-09-14 08:00:00,6.0,17.17795
Badia de Pollença,2025-09-14 09:00:00,6.0,8.080556
Badia de Pollença,2025-09-14 10:00:00,6.0,8.892371
Badia de Pollença,2025-09-14 11:00:00,24.0,17.815891
Badia de Pollença,2025-09-14 12:00:00,16.0,17.374601
Badia de Pollença,2025-09-14 13:00:00,13.0,17.132168
Badia de Pollença,2025-09-14 14:00:00,14.0,18.11679
Badia de Pollença,2025-09-14 15:00:00,15.0,15.616016
Badia de Pollença,2025-09-14 16:00:00,17.0,17.277952
Badia de Pollença,2025-09-14 17:00:00,15.0,17.351694
Badia de Pollença,2025-09-14 18:00:00,6.0,15.586549
Badia de Pollença,2025-09-14 19:00:00,7.0,16.409382
Badia de Pollença,2025-09-14 20:00:00,12.0,18.167353
Badia de Pollença,2025-09-15 08:00:00,5.0,20.039675
Badia de Pollença,2025-09-15 09:00:00,6.0,11.889143
Badia de Pollença,2025-09-15 10:00:00,7.0,8.661471
Badia de Pollença,2025-09-15 11:00:00,22.0,18.535105
Badia de Pollença,2025-09-15 12:00:00,16.0,15.931491
Badia de Pollença,2025-09-15 13:00:00,17.0,16.47969
Badia de Pollença,2025-09-15 14:00:00,24.0,16.31673
Badia de Pollença,2025-09-15 15:00:00,17.0,17.964937
Badia de Pollença,2025-09-15 16:00:00,13.0,17.533129
Badia de Pollença,2025-09-15 17:00:00,6.0,16.608824
Badia de Pollença,2025-09-15 18:00:00,6.0,16.015287
Badia de Pollença,2025-09-15 19:00:00,6.0,16.842499
Badia de Pollença,2025-09-15 20:00:00,6.0,17.853424
Badia de Pollença,2025-09-16 08:00:00,5.0,15.717587
Badia de Pollença,2025-09-16 09:00:00,6.0,8.722055
Badia de Pollença,2025-09-16 10:00:00,6.0,8.489275
Badia de Pollença,2025-09-16 11:00:00,17.0,18.379618
Badia de Pollença,2025-09-16 12:00:00,20.0,15.930699
Badia de Pollença,2025-09-16 13:00:00,20.0,16.13736
Badia de Pollença,2025-09-16 14:00:00,14.0,17.750051
Badia de Pollença,2025-09-16 15:00:00,10.0,16.922852
Badia de Pollença,2025-09-16 16:00:00,7.0,17.244469
Badia de Pollença,2025-09-16 17:00:00,12.0,17.994083
Badia de Pollença,2025-09-16 18:00:00,10.0,14.551144
Badia de Pollença,2025-09-16 19:00:00,6.0,15.437048
Badia de Pollença,2025-09-16 20:00:00,8.0,16.678999
Badia de Pollença,2025-09-17 08:00:00,7.0,18.973404
Badia de Pollença,2025-09-17 09:00:00,6.0,8.390253
Badia de Pollença,2025-09-17 10:00:00,6.0,8.371757
Badia de Pollença,2025-09-17 11:00:00,17.0,18.09834
Badia de Pollença,2025-09-17 12:00:00,17.0,17.830141
Badia de Pollença,2025-09-17 13:00:00,22.0,16.23934
Badia de Pollença,2025-09-17 14:00:00,16.0,18.612627
Badia de Pollença,2025-09-17 15:00:00,15.0,18.196537
Badia de Pollença,2025-09-17 16:00:00,11.0,18.047926
Badia de Pollença,2025-09-17 17:00:00,9.0,17.908194
Badia de Pollença,2025-09-17 18:00:00,8.0,16.260916
Badia de Pollença,2025-09-17 19:00:00,10.0,17.153805
Badia de Pollença,2025-09-17 20:00:00,14.0,15.907695
Badia de Pollença,2025-09-18 08:00:00,7.0,11.645409
Badia de Pollença,2025-09-18 09:00:00,8.0,7.4070964
Badia de Pollença,2025-09-18 10:00:00,6.0,7.241691
Badia de Pollença,2025-09-18 11:00:00,22.0,16.887335
Badia de Pollença,2025-09-18 12:00:00,18.0,16.3725
Badia de Pollença,2025-09-18 13:00:00,17.0,18.182842
Badia de Pollença,2025-09-18 14:00:00,16.0,19.80983
Badia de Pollença,2025-09-18 15:00:00,14.0,18.502975
Badia de Pollença,2025-09-18 16:00:00,11.0,18.510235
Badia de Pollença,2025-09-18 17:00:00,8.0,18.93984
Badia de Pollença,2025-09-18 18:00:00,10.0,16.157433
Badia de Pollença,2025-09-18 19:00:00,14.0,16.407454
Badia de Pollença,2025-09-18 20:00:00,12.0,11.750585
Badia de Pollença,2025-09-19 08:00:00,6.0,9.817939
Badia de Pollença,2025-09-19 09:00:00,7.0,6.360165
Badia de Pollença,2025-09-19 10:00:00,7.0,7.310919
Badia de Pollença,2025-09-19 11:00:00,10.0,13.34235
Badia de Pollença,2025-09-19 12:00:00,28.0,11.571439
Badia de Pollença,2025-09-19 13:00:00,20.0,8.877509
Badia de Pollença,2025-09-19 14:00:00,18.0,9.477468
Badia de Pollença,2025-09-19 15:00:00,12.0,11.687578
Badia de Pollença,2025-09-19 16:00:00,15.0,11.121736
Badia de Pollença,2025-09-19 17:00:00,16.0,11.590512
Badia de Pollença,2025-09-19 18:00:00,11.0,9.2272835
Badia de Pollença,2025-09-19 19:00:00,9.0,9.838407
Badia de Pollença,2025-09-19 20:00:00,9.0,10.2379675
Badia de Pollença,2025-09-20 08:00:00,7.0,8.568019
Badia de Pollença,2025-09-20 09:00:00,5.0,7.110562
Badia de Pollença,2025-09-20 10:00:00,8.0,7.828852
Badia de Pollença,2025-09-20 11:00:00,10.0,13.092728
Badia de Pollença,2025-09-20 12:00:00,10.0,11.3843355
Badia de Pollença,2025-09-20 13:00:00,11.0,11.913735
Badia de Pollença,2025-09-20 14:00:00,9.0,9.342178
Badia de Pollença,2025-09-20 15:00:00,17.0,8.92488
Badia de Pollença,2025-09-20 16:00:00,10.0,12.91928
Badia de Pollença,2025-09-20 17:00:00,10.0,8.137045
Badia de Pollença,2025-09-20 18:00:00,12.0,10.632464
Badia de Pollença,2025-09-20 19:00:00,8.0,10.159575
Badia de Pollença,2025-09-20 20:00:00,12.0,10.300366
Badia de Pollença,2025-09-21 08:00:00,7.0,8.3637
Badia de Pollença,2025-09-21 09:00:00,6.0,7.2886086
Badia de Pollença,2025-09-21 10:00:00,5.0,4.7276993
Badia de Pollença,2025-09-21 11:00:00,13.0,10.61539
Badia de Pollença,2025-09-21 12:00:00,19.0,10.7145
Badia de Pollença,2025-09-21 13:00:00,14.0,13.324517
Badia de Pollença,2025-09-21 14:00:00,14.0,12.856255
Badia de Pollença,2025-09-21 15:00:00,18.0,13.614786
Badia de Pollença,2025-09-21 16:00:00,19.0,13.083104
Badia de Pollença,2025-09-21 17:00:00,16.0,14.354574
Badia de Pollença,2025-09-21 18:00:00,10.0,15.110525
Badia de Pollença,2025-09-21 19:00:00,8.0,9.960653
Badia de Pollença,2025-09-21 20:00:00,11.0,11.198248
Badia de Pollença,2025-09-22 08:00:00,6.0,7.6114383
Badia de Pollença,2025-09-22 09:00:00,6.0,6.7268753
Badia de Pollença,2025-09-22 10:00:00,7.0,8.088308
Badia de Pollença,2025-09-22 11:00:00,18.0,11.900427
Badia de Pollença,2025-09-22 12:00:00,13.0,10.434335
Badia de Pollença,2025-09-22 13:00:00,20.0,15.972478
Badia de Pollença,2025-09-22 14:00:00,17.0,13.970608
Badia de Pollença,2025-09-22 15:00:00,16.0,15.504817
Badia de Pollença,2025-09-22 16:00:00,16.0,15.6242285
Badia de Pollença,2025-09-22 17:00:00,9.0,15.992882
Badia de Pollença,2025-09-22 18:00:00,8.0,15.437657
Badia de Pollença,2025-09-22 19:00:00,9.0,15.525642
Badia de Pollença,2025-09-22 20:00:00,14.0,15.017714
Badia de Pollença,2025-09-23 08:00:00,6.0,9.063001
Badia de Pollença,2025-09-23 09:00:00,6.0,6.4530435
Badia de Pollença,2025-09-23 10:00:00,6.0,6.3587375
Badia de Pollença,2025-09-23 11:00:00,26.0,11.30125
Badia de Pollença,2025-09-23 12:00:00,15.0,10.943116
Badia de Pollença,2025-09-23 13:00:00,17.0,14.881794
Badia de Pollença,2025-09-23 14:00:00,15.0,13.346865
Badia de Pollença,2025-09-23 15:00:00,13.0,14.310854
Badia de Pollença,2025-09-23 16:00:00,13.0,12.798538
Badia de Pollença,2025-09-23 17:00:00,13.0,12.058135
Badia de Pollença,2025-09-23 18:00:00,7.0,12.711664
Badia de Pollença,2025-09-23 19:00:00,7.0,10.605142
Badia de Pollença,2025-09-23 20:00:00,16.0,9.478967
Badia de Pollença,2025-09-24 08:00:00,8.0,7.173195
Badia de Pollença,2025-09-24 09:00:00,6.0,6.605514
Badia de Pollença,2025-09-24 10:00:00,6.0,5.4180474
Badia de Pollença,2025-09-24 11:00:00,24.0,11.689946
Badia de Pollença,2025-09-24 12:00:00,19.0,13.876804
Badia de Pollença,2025-09-24 13:00:00,27.0,12.143527
Badia de Pollença,2025-09-24 14:00:00,17.0,10.379913
Badia de Pollença,2025-09-24 15:00:00,10.0,11.310883
Badia de Pollença,2025-09-24 16:00:00,17.0,12.853726
Badia de Pollença,2025-09-24 17:00:00,11.0,12.918281
Badia de Pollença,2025-09-24 18:00:00,8.0,12.191929
Badia de Pollença,2025-09-24 19:00:00,7.0,12.060035
Badia de Pollença,2025-09-24 20:00:00,9.0,12.007338
Badia de Pollença,2025-09-25 08:00:00,5.0,9.058199
Badia de Pollença,2025-09-25 09:00:00,7.0,6.117495
Badia de Pollença,2025-09-25 10:00:00,6.0,6.36413
Badia de Pollença,2025-09-25 11:00:00,26.0,12.242233
Badia de Pollença,2025-09-25 12:00:00,15.0,12.965943
Badia de Pollença,2025-09-25 13:00:00,20.0,14.160914
Badia de Pollença,2025-09-25 14:00:00,14.0,13.204436
Badia de Pollença,2025-09-25 15:00:00,12.0,14.3514805
Badia de Pollença,2025-09-25 16:00:00,9.0,13.999358
Badia de Pollença,2025-09-25 17:00:00,8.0,15.95917
Badia de Pollença,2025-09-25 18:00:00,7.0,14.560817
Badia de Pollença,2025-09-25 19:00:00,6.0,13.493933
Badia de Pollença,2025-09-25 20:00:00,8.0,15.954083
Badia de Pollença,2025-09-26 08:00:00,7.0,8.361482
Badia de Pollença,2025-09-26 09:00:00,7.0,6.177271
Badia de Pollença,2025-09-26 10:00:00,7.0,6.432679
Badia de Pollença,2025-09-26 11:00:00,15.0,11.933292
Badia de Pollença,2025-09-26 12:00:00,14.0,13.679749
Badia de Pollença,2025-09-26 13:00:00,11.0,16.724152
Badia de Pollença,2025-09-26 14:00:00,13.0,15.612704
Badia de Pollença,2025-09-26 15:00:00,12.0,14.756677
Badia de Pollença,2025-09-26 16:00:00,10.0,16.462877
Badia de Pollença,2025-09-26 17:00:00,12.0,12.16018
Badia de Pollença,2025-09-26 18:00:00,14.0,17.696447
Badia de Pollença,2025-09-26 19:00:00,15.0,14.6970005
Badia de Pollença,2025-09-26 20:00:00,8.0,14.968628
Badia de Pollença,2025-09-27 08:00:00,6.0,7.6912093
Badia de Pollença,2025-09-27 09:00:00,6.0,7.301018
Badia de Pollença,2025-09-27 10:00:00,6.0,4.4366407
Badia de Pollença,2025-09-27 11:00:00,12.0,16.925606
Badia de Pollença,2025-09-27 12:00:00,9.0,14.715423
Badia de Pollença,2025-09-27 13:00:00,16.0,14.341017
Badia de Pollença,2025-09-27 14:00:00,14.0,15.445416
Badia de Pollença,2025-09-27 15:00:00,10.0,16.548233
Badia de Pollença,2025-09-27 16:00:00,12.0,16.992016
Badia de Pollença,2025-09-27 17:00:00,9.0,16.06862
Badia de Pollença,2025-09-27 18:00:00,7.0,14.523401
Badia de Pollença,2025-09-27 19:00:00,6.0,15.499454
Badia de Pollença,2025-09-27 20:00:00,10.0,13.930604
Badia de Pollença,2025-09-28 08:00:00,8.0,8.824875
Badia de Pollença,2025-09-28 09:00:00,6.0,8.360283
Badia de Pollença,2025-09-28 10:00:00,5.0,6.641918
Badia de Pollença,2025-09-28 11:00:00,15.0,14.705805
Badia de Pollença,2025-09-28 12:00:00,20.0,13.237778
Badia de Pollença,2025-09-28 13:00:00,12.0,13.531003
Badia de Pollença,2025-09-28 14:00:00,9.0,11.950784
Badia de Pollença,2025-09-28 15:00:00,12.0,13.251585
Badia de Pollença,2025-09-28 16:00:00,12.0,15.287367
Badia de Pollença,2025-09-28 17:00:00,11.0,13.059574
Badia de Pollença,2025-09-28 18:00:00,7.0,11.817931
Badia de Pollença,2025-09-28 19:00:00,6.0,8.905027
Badia de Pollença,2025-09-28 20:00:00,8.0,8.392691
Badia de Pollença,2025-09-29 08:00:00,6.0,5.47746
Badia de Pollença,2025-09-29 09:00:00,7.0,5.1112995
Badia de Pollença,2025-09-29 10:00:00,9.0,6.9650636
Badia de Pollença,2025-09-29 11:00:00,14.0,9.481574
Badia de Pollença,2025-09-29 12:00:00,19.0,10.92846
Badia de Pollença,2025-09-29 13:00:00,12.0,10.264829
Badia de Pollença,2025-09-29 14:00:00,11.0,11.155031
Badia de Pollença,2025-09-29 15:00:00,11.0,11.026107
Badia de Pollença,2025-09-29 16:00:00,11.0,10.221992
Badia de Pollença,2025-09-29 17:00:00,15.0,8.43336
Badia de Pollença,2025-09-29 18:00:00,11.0,9.10265
Badia de Pollença,2025-09-29 19:00:00,15.0,9.049671
Badia de Pollença,2025-09-29 20:00:00,15.0,9.713656
Cala Vedella (platja),2025-09-01 08:00:00,59.0,121.64556
Cala Vedella (platja),2025-09-01 09:00:00,5.0,89.653
Cala Vedella (platja),2025-09-01 10:00:00,6.0,89.68261
Cala Vedella (platja),2025-09-01 11:00:00,67.0,92.429665
Cala Vedella (platja),2025-09-01 12:00:00,133.0,158.64459
Cala Vedella (platja),2025-09-01 13:00:00,203.0,121.08161
Cala Vedella (platja),2025-09-01 14:00:00,200.0,148.51038
Cala Vedella (platja),2025-09-01 15:00:00,216.0,180.16982
Cala Vedella (platja),2025-09-01 16:00:00,188.0,248.21149
Cala Vedella (platja),2025-09-01 17:00:00,232.0,241.0605
Cala Vedella (platja),2025-09-01 18:00:00,188.0,200.18633
Cala Vedella (platja),2025-09-01 19:00:00,163.0,147.78793
Cala Vedella (platja),2025-09-01 20:00:00,95.0,145.8023
Cala Vedella (platja),2025-09-02 08:00:00,40.0,122.72014
Cala Vedella (platja),2025-09-02 09:00:00,7.0,95.712105
Cala Vedella (platja),2025-09-02 10:00:00,6.0,100.15589
Cala Vedella (platja),2025-09-02 11:00:00,55.0,57.01192
Cala Vedella (platja),2025-09-02 12:00:00,174.0,36.262547
Cala Vedella (platja),2025-09-02 13:00:00,203.0,59.662193
Cala Vedella (platja),2025-09-02 14:00:00,193.0,100.14732
Cala Vedella (platja),2025-09-02 15:00:00,231.0,146.4622
Cala Vedella (platja),2025-09-02 16:00:00,207.0,159.44022
Cala Vedella (platja),2025-09-02 17:00:00,264.0,171.24683
Cala Vedella (platja),2025-09-02 18:00:00,232.0,159.5483
Cala Vedella (platja),2025-09-02 19:00:00,183.0,160.02629
Cala Vedella (platja),2025-09-02 20:00:00,125.0,153.23672
Cala Vedella (platja),2025-09-03 08:00:00,69.0,101.834854
Cala Vedella (platja),2025-09-03 09:00:00,6.0,69.471634
Cala Vedella (platja),2025-09-03 10:00:00,8.0,64.83428
Cala Vedella (platja),2025-09-03 11:00:00,71.0,50.890736
Cala Vedella (platja),2025-09-03 12:00:00,147.0,61.355747
Cala Vedella (platja),2025-09-03 13:00:00,184.0,70.81327
Cala Vedella (platja),2025-09-03 14:00:00,216.0,94.68617
Cala Vedella (platja),2025-09-03 15:00:00,207.0,134.49371
Cala Vedella (platja),2025-09-03 16:00:00,229.0,150.80206
Cala Vedella (platja),2025-09-03 17:00:00,213.0,150.98254
Cala Vedella (platja),2025-09-03 18:00:00,213.0,192.73738
Cala Vedella (platja),2025-09-03 19:00:00,131.0,161.80797
Cala Vedella (platja),2025-09-03 20:00:00,64.0,161.3752
Cala Vedella (platja),2025-09-04 08:00:00,42.0,121.58294
Cala Vedella (platja),2025-09-04 09:00:00,6.0,74.99199
Cala Vedella (platja),2025-09-04 10:00:00,8.0,110.85623
Cala Vedella (platja),2025-09-04 11:00:00,66.0,27.175764
Cala Vedella (platja),2025-09-04 12:00:00,159.0,41.280674
Cala Vedella (platja),2025-09-04 13:00:00,241.0,77.778145
Cala Vedella (platja),2025-09-04 14:00:00,273.0,106.72157
Cala Vedella (platja),2025-09-04 15:00:00,260.0,169.88101
Cala Vedella (platja),2025-09-04 16:00:00,232.0,169.35538
Cala Vedella (platja),2025-09-04 17:00:00,172.0,147.7088
Cala Vedella (platja),2025-09-04 18:00:00,195.0,165.03963
Cala Vedella (platja),2025-09-04 19:00:00,161.0,171.40332
Cala Vedella (platja),2025-09-04 20:00:00,76.0,137.61214
Cala Vedella (platja),2025-09-05 08:00:00,41.0,106.66724
Cala Vedella (platja),2025-09-05 09:00:00,7.0,92.97145
Cala Vedella (platja),2025-09-05 10:00:00,6.0,85.57158
Cala Vedella (platja),2025-09-05 11:00:00,26.0,26.34571
Cala Vedella (platja),2025-09-05 12:00:00,23.0,33.456978
Cala Vedella (platja),2025-09-05 13:00:00,103.0,103.65388
Cala Vedella (platja),2025-09-05 14:00:00,143.0,92.74178
Cala Vedella (platja),2025-09-05 15:00:00,190.0,237.59015
Cala Vedella (platja),2025-09-05 16:00:00,184.0,217.21094
Cala Vedella (platja),2025-09-05 17:00:00,215.0,184.00018
Cala Vedella (platja),2025-09-05 18:00:00,217.0,158.48067
Cala Vedella (platja),2025-09-05 19:00:00,153.0,154.3188
Cala Vedella (platja),2025-09-05 20:00:00,102.0,161.2511
Cala Vedella (platja),2025-09-06 08:00:00,70.0,129.7109
Cala Vedella (platja),2025-09-06 09:00:00,7.0,106.8526
Cala Vedella (platja),2025-09-06 10:00:00,8.0,184.06746
Cala Vedella (platja),2025-09-06 11:00:00,18.0,169.39664
Cala Vedella (platja),2025-09-06 12:00:00,67.0,182.06299
Cala Vedella (platja),2025-09-06 13:00:00,95.0,166.80222
Cala Vedella (platja),2025-09-06 14:00:00,77.0,174.00003
Cala Vedella (platja),2025-09-06 15:00:00,48.0,161.56593
Cala Vedella (platja),2025-09-06 16:00:00,28.0,172.38925
Cala Vedella (platja),2025-09-06 17:00:00,16.0,286.59467
Cala Vedella (platja),2025-09-06 18:00:00,22.0,130.05533
Cala Vedella (platja),2025-09-06 19:00:00,32.0,127.665565
Cala Vedella (platja),2025-09-06 20:00:00,23.0,113.296455
Cala Vedella (platja),2025-09-07 08:00:00,38.0,103.5665
Cala Vedella (platja),2025-09-07 09:00:00,6.0,94.12382
Cala Vedella (platja),2025-09-07 10:00:00,5.0,127.19609
Cala Vedella (platja),2025-09-07 11:00:00,64.0,174.55774
Cala Vedella (platja),2025-09-07 12:00:00,149.0,187.61143
Cala Vedella (platja),2025-09-07 13:00:00,209.0,206.6063
Cala Vedella (platja),2025-09-07 14:00:00,253.0,213.9154
Cala Vedella (platja),2025-09-07 15:00:00,219.0,143.38922
Cala Vedella (platja),2025-09-07 16:00:00,269.0,200.00894
Cala Vedella (platja),2025-09-07 17:00:00,214.0,195.62709
Cala Vedella (platja),2025-09-07 18:00:00,222.0,137.84068
Cala Vedella (platja),2025-09-07 19:00:00,155.0,133.44775
Cala Vedella (platja),2025-09-07 20:00:00,63.0,131.79303
Cala Vedella (platja),2025-09-08 08:00:00,34.0,113.51545
Cala Vedella (platja),2025-09-08 09:00:00,6.0,92.61525
Cala Vedella (platja),2025-09-08 10:00:00,8.0,71.238846
Cala Vedella (platja),2025-09-08 11:00:00,55.0,17.12393
Cala Vedella (platja),2025-09-08 12:00:00,135.0,35.68791
Cala Vedella (platja),2025-09-08 13:00:00,207.0,49.42005
Cala Vedella (platja),2025-09-08 14:00:00,217.0,87.73404
Cala Vedella (platja),2025-09-08 15:00:00,243.0,135.01578
Cala Vedella (platja),2025-09-08 16:00:00,223.0,147.48059
Cala Vedella (platja),2025-09-08 17:00:00,245.0,140.8937
Cala Vedella (platja),2025-09-08 18:00:00,193.0,151.22139
Cala Vedella (platja),2025-09-08 19:00:00,176.0,167.92738
Cala Vedella (platja),2025-09-08 20:00:00,91.0,150.22498
Cala Vedella (platja),2025-09-09 08:00:00,36.0,91.94882
Cala Vedella (platja),2025-09-09 09:00:00,9.0,68.80183
Cala Vedella (platja),2025-09-09 10:00:00,9.0,61.959473
Cala Vedella (platja),2025-09-09 11:00:00,77.0,25.18816
Cala Vedella (platja),2025-09-09 12:00:00,140.0,32.23307
Cala Vedella (platja),2025-09-09 13:00:00,176.0,54.045094
Cala Vedella (platja),2025-09-09 14:00:00,176.0,83.921844
Cala Vedella (platja),2025-09-09 15:00:00,188.0,110.04923
Cala Vedella (platja),2025-09-09 16:00:00,174.0,106.3079
Cala Vedella (platja),2025-09-09 17:00:00,198.0,104.06178
Cala Vedella (platja),2025-09-09 18:00:00,206.0,94.548515
Cala Vedella (platja),2025-09-09 19:00:00,148.0,97.58872
Cala Vedella (platja),2025-09-09 20:00:00,79.0,88.67252
Cala Vedella (platja),2025-09-10 08:00:00,25.0,57.693687
Cala Vedella (platja),2025-09-10 09:00:00,6.0,40.152454
Cala Vedella (platja),2025-09-10 10:00:00,7.0,37.4961
Cala Vedella (platja),2025-09-10 11:00:00,63.0,21.008827
Cala Vedella (platja),2025-09-10 12:00:00,165.0,83.235054
Cala Vedella (platja),2025-09-10 13:00:00,170.0,71.79337
Cala Vedella (platja),2025-09-10 14:00:00,186.0,125.41709
Cala Vedella (platja),2025-09-10 15:00:00,180.0,136.24722
Cala Vedella (platja),2025-09-10 16:00:00,247.0,136.73619
Cala Vedella (platja),2025-09-10 17:00:00,216.0,135.54553
Cala Vedella (platja),2025-09-10 18:00:00,187.0,125.770424
Cala Vedella (platja),2025-09-10 19:00:00,123.0,108.85859
Cala Vedella (platja),2025-09-10 20:00:00,73.0,117.955154
Cala Vedella (platja),2025-09-11 08:00:00,25.0,81.961876
Cala Vedella (platja),2025-09-11 09:00:00,10.0,63.245354
Cala Vedella (platja),2025-09-11 10:00:00,6.0,86.38448
Cala Vedella (platja),2025-09-11 11:00:00,65.0,30.826683
Cala Vedella (platja),2025-09-11 12:00:00,152.0,65.74455
Cala Vedella (platja),2025-09-11 13:00:00,231.0,103.76133
Cala Vedella (platja),2025-09-11 14:00:00,214.0,116.72933
Cala Vedella (platja),2025-09-11 15:00:00,242.0,172.58368
Cala Vedella (platja),2025-09-11 16:00:00,238.0,148.58885
Cala Vedella (platja),2025-09-11 17:00:00,220.0,167.12476
Cala Vedella (platja),2025-09-11 18:00:00,238.0,143.7261
Cala Vedella (platja),2025-09-11 19:00:00,192.0,136.65279
Cala Vedella (platja),2025-09-11 20:00:00,90.0,130.16272
Cala Vedella (platja),2025-09-12 08:00:00,18.0,93.6455
Cala Vedella (platja),2025-09-12 09:00:00,6.0,79.654884
Cala Vedella (platja),2025-09-12 10:00:00,7.0,86.6875
Cala Vedella (platja),2025-09-12 11:00:00,68.0,29.13428
Cala Vedella (platja),2025-09-12 12:00:00,118.0,34.42751
Cala Vedella (platja),2025-09-12 13:00:00,135.0,51.401634
Cala Vedella (platja),2025-09-12 14:00:00,185.0,96.83082
Cala Vedella (platja),2025-09-12 15:00:00,197.0,164.18848
Cala Vedella (platja),2025-09-12 16:00:00,173.0,160.05807
Cala Vedella (platja),2025-09-12 17:00:00,205.0,166.53505
Cala Vedella (platja),2025-09-12 18:00:00,185.0,157.38997
Cala Vedella (platja),2025-09-12 19:00:00,178.0,149.2702
Cala Vedella (platja),2025-09-12 20:00:00,63.0,141.16107
Cala Vedella (platja),2025-09-13 08:00:00,22.0,107.29521
Cala Vedella (platja),2025-09-13 09:00:00,7.0,73.45928
Cala Vedella (platja),2025-09-13 10:00:00,6.0,74.46675
Cala Vedella (platja),2025-09-13 11:00:00,50.0,24.43601
Cala Vedella (platja),2025-09-13 12:00:00,116.0,34.21821
Cala Vedella (platja),2025-09-13 13:00:00,161.0,46.01974
Cala Vedella (platja),2025-09-13 14:00:00,163.0,149.81227
Cala Vedella (platja),2025-09-13 15:00:00,183.0,162.47513
Cala Vedella (platja),2025-09-13 16:00:00,165.0,157.7355
Cala Vedella (platja),2025-09-13 17:00:00,202.0,178.57115
Cala Vedella (platja),2025-09-13 18:00:00,143.0,158.28775
Cala Vedella (platja),2025-09-13 19:00:00,125.0,144.85225
Cala Vedella (platja),2025-09-13 20:00:00,65.0,145.00684
Cala Vedella (platja),2025-09-14 08:00:00,22.0,88.57123
Cala Vedella (platja),2025-09-14 09:00:00,5.0,73.97043
Cala Vedella (platja),2025-09-14 10:00:00,7.0,61.38128
Cala Vedella (platja),2025-09-14 11:00:00,58.0,78.982704
Cala Vedella (platja),2025-09-14 12:00:00,96.0,64.54074
Cala Vedella (platja),2025-09-14 13:00:00,160.0,98.77924
Cala Vedella (platja),2025-09-14 14:00:00,137.0,134.00012
Cala Vedella (platja),2025-09-14 15:00:00,132.0,150.3067
Cala Vedella (platja),2025-09-14 16:00:00,189.0,236.86949
Cala Vedella (platja),2025-09-14 17:00:00,171.0,197.89125
Cala Vedella (platja),2025-09-14 18:00:00,150.0,142.21492
Cala Vedella (platja),2025-09-14 19:00:00,94.0,141.90157
Cala Vedella (platja),2025-09-14 20:00:00,58.0,136.61868
Cala Vedella (platja),2025-09-15 08:00:00,15.0,88.09161
Cala Vedella (platja),2025-09-15 09:00:00,7.0,69.80119
Cala Vedella (platja),2025-09-15 10:00:00,6.0,66.85024
Cala Vedella (platja),2025-09-15 11:00:00,71.0,47.656532
Cala Vedella (platja),2025-09-15 12:00:00,117.0,41.369434
Cala Vedella (platja),2025-09-15 13:00:00,159.0,52.631466
Cala Vedella (platja),2025-09-15 14:00:00,164.0,92.040474
Cala Vedella (platja),2025-09-15 15:00:00,147.0,130.19312
Cala Vedella (platja),2025-09-15 16:00:00,182.0,155.00916
Cala Vedella (platja),2025-09-15 17:00:00,179.0,152.88034
Cala Vedella (platja),2025-09-15 18:00:00,143.0,156.50595
Cala Vedella (platja),2025-09-15 19:00:00,157.0,142.991
Cala Vedella (platja),2025-09-15 20:00:00,99.0,142.49113
Cala Vedella (platja),2025-09-16 08:00:00,15.0,79.2786
Cala Vedella (platja),2025-09-16 09:00:00,7.0,68.72064
Cala Vedella (platja),2025-09-16 10:00:00,6.0,65.23106
Cala Vedella (platja),2025-09-16 11:00:00,54.0,21.333189
Cala Vedella (platja),2025-09-16 12:00:00,130.0,31.557474
Cala Vedella (platja),2025-09-16 13:00:00,135.0,45.12023
Cala Vedella (platja),2025-09-16 14:00:00,189.0,85.6468
Cala Vedella (platja),2025-09-16 15:00:00,190.0,124.431915
Cala Vedella (platja),2025-09-16 16:00:00,203.0,144.62758
Cala Vedella (platja),2025-09-16 17:00:00,183.0,128.40398
Cala Vedella (platja),2025-09-16 18:00:00,199.0,154.50508
Cala Vedella (platja),2025-09-16 19:00:00,113.0,123.49745
Cala Vedella (platja),2025-09-16 20:00:00,75.0,120.92545
Cala Vedella (platja),2025-09-17 08:00:00,14.0,83.47554
Cala Vedella (platja),2025-09-17 09:00:00,7.0,71.170235
Cala Vedella (platja),2025-09-17 10:00:00,6.0,61.62372
Cala Vedella (platja),2025-09-17 11:00:00,70.0,23.911291
Cala Vedella (platja),2025-09-17 12:00:00,117.0,28.72016
Cala Vedella (platja),2025-09-17 13:00:00,148.0,44.711143
Cala Vedella (platja),2025-09-17 14:00:00,180.0,81.37777
Cala Vedella (platja),2025-09-17 15:00:00,142.0,116.86894
Cala Vedella (platja),2025-09-17 16:00:00,173.0,128.30537
Cala Vedella (platja),2025-09-17 17:00:00,197.0,112.88972
Cala Vedella (platja),2025-09-17 18:00:00,165.0,102.88346
Cala Vedella (platja),2025-09-17 19:00:00,132.0,120.60727
Cala Vedella (platja),2025-09-17 20:00:00,57.0,111.36561
Cala Vedella (platja),2025-09-18 08:00:00,13.0,71.02106
Cala Vedella (platja),2025-09-18 09:00:00,6.0,51.456837
Cala Vedella (platja),2025-09-18 10:00:00,6.0,47.22015
Cala Vedella (platja),2025-09-18 11:00:00,66.0,21.188747
Cala Vedella (platja),2025-09-18 12:00:00,123.0,32.842308
Cala Vedella (platja),2025-09-18 13:00:00,162.0,48.08252
Cala Vedella (platja),2025-09-18 14:00:00,155.0,86.38571
Cala Vedella (platja),2025-09-18 15:00:00,132.0,126.76874
Cala Vedella (platja),2025-09-18 16:00:00,139.0,144.22263
Cala Vedella (platja),2025-09-18 17:00:00,159.0,155.44798
Cala Vedella (platja),2025-09-18 18:00:00,115.0,123.13598
Cala Vedella (platja),2025-09-18 19:00:00,58.0,118.97733
Cala Vedella (platja),2025-09-18 20:00:00,38.0,118.29806
Cala Vedella (platja),2025-09-19 08:00:00,9.0,81.69313
Cala Vedella (platja),2025-09-19 09:00:00,6.0,67.058105
Cala Vedella (platja),2025-09-19 10:00:00,6.0,63.10709
Cala Vedella (platja),2025-09-19 11:00:00,45.0,21.929777
Cala Vedella (platja),2025-09-19 12:00:00,111.0,31.956087
Cala Vedella (platja),2025-09-19 13:00:00,183.0,48.293045
Cala Vedella (platja),2025-09-19 14:00:00,236.0,76.44205
Cala Vedella (platja),2025-09-19 15:00:00,238.0,128.00249
Cala Vedella (platja),2025-09-19 16:00:00,220.0,127.54389
Cala Vedella (platja),2025-09-19 17:00:00,201.0,109.06094
Cala Vedella (platja),2025-09-19 18:00:00,120.0,111.96742
Cala Vedella (platja),2025-09-19 19:00:00,56.0,111.4429
Cala Vedella (platja),2025-09-19 20:00:00,10.0,77.108284
Cala Vedella (platja),2025-09-20 08:00:00,7.0,70.34412
Cala Vedella (platja),2025-09-20 09:00:00,7.0,63.770374
Cala Vedella (platja),2025-09-20 10:00:00,37.0,20.389467
Cala Vedella (platja),2025-09-20 11:00:00,79.0,25.640068
Cala Vedella (platja),2025-09-20 12:00:00,108.0,33.019455
Cala Vedella (platja),2025-09-20 13:00:00,146.0,65.806274
Cala Vedella (platja),2025-09-20 14:00:00,156.0,105.4548
Cala Vedella (platja),2025-09-20 15:00:00,192.0,118.489136
Cala Vedella (platja),2025-09-20 16:00:00,204.0,126.99925
Cala Vedella (platja),2025-09-20 17:00:00,223.0,131.96602
Cala Vedella (platja),2025-09-20 18:00:00,137.0,116.56636
Cala Vedella (platja),2025-09-20 19:00:00,48.0,113.937805
Cala Vedella (platja),2025-09-20 20:00:00,13.0,72.311516
Cala Vedella (platja),2025-09-21 08:00:00,9.0,62.731796
Cala Vedella (platja),2025-09-21 09:00:00,6.0,56.943474
Cala Vedella (platja),2025-09-21 10:00:00,55.0,18.614565
Cala Vedella (platja),2025-09-21 11:00:00,128.0,35.78934
Cala Vedella (platja),2025-09-21 12:00:00,161.0,47.960594
Cala Vedella (platja),2025-09-21 13:00:00,157.0,82.00445
Cala Vedella (platja),2025-09-21 14:00:00,170.0,100.99831
Cala Vedella (platja),2025-09-21 15:00:00,179.0,107.81061
Cala Vedella (platja),2025-09-21 16:00:00,139.0,85.86899
Cala Vedella (platja),2025-09-21 17:00:00,117.0,78.52666
Cala Vedella (platja),2025-09-21 18:00:00,70.0,92.35889
Cala Vedella (platja),2025-09-21 19:00:00,41.0,88.39565
Cala Vedella (platja),2025-09-21 20:00:00,6.0,52.104004
Cala Vedella (platja),2025-09-22 08:00:00,6.0,43.95465
Cala Vedella (platja),2025-09-22 09:00:00,6.0,35.599846
Cala Vedella (platja),2025-09-22 10:00:00,115.0,26.569805
Cala Vedella (platja),2025-09-22 11:00:00,127.0,43.511703
Cala Vedella (platja),2025-09-22 13:00:00,180.0,103.65244
Cala Vedella (platja),2025-09-22 14:00:00,181.0,123.31853
Cala Vedella (platja),2025-09-22 15:00:00,182.0,120.40005
Cala Vedella (platja),2025-09-22 16:00:00,191.0,108.1111
Cala Vedella (platja),2025-09-22 17:00:00,149.0,107.61589
Cala Vedella (platja),2025-09-22 18:00:00,98.0,109.8721
Cala Vedella (platja),2025-09-22 19:00:00,57.0,103.39997
Cala Vedella (platja),2025-09-22 20:00:00,6.0,66.24374
Cala Vedella (platja),2025-09-23 08:00:00,6.0,61.548344
Cala Vedella (platja),2025-09-23 09:00:00,6.0,51.37329
Cala Vedella (platja),2025-09-23 10:00:00,60.0,22.91766
Cala Vedella (platja),2025-09-23 11:00:00,118.0,31.282736
Cala Vedella (platja),2025-09-23 12:00:00,184.0,45.352585
Cala Vedella (platja),2025-09-23 13:00:00,184.0,69.25467
Cala Vedella (platja),2025-09-23 14:00:00,193.0,85.95975
Cala Vedella (platja),2025-09-23 15:00:00,190.0,93.51781
Cala Vedella (platja),2025-09-23 16:00:00,203.0,132.09172
Cala Vedella (platja),2025-09-23 17:00:00,210.0,121.97915
Cala Vedella (platja),2025-09-23 18:00:00,78.0,112.86554
Cala Vedella (platja),2025-09-23 19:00:00,70.0,108.021454
Cala Vedella (platja),2025-09-23 20:00:00,5.0,69.47355
Cala Vedella (platja),2025-09-24 08:00:00,6.0,61.499733
Cala Vedella (platja),2025-09-24 09:00:00,6.0,47.527035
Cala Vedella (platja),2025-09-24 10:00:00,51.0,23.588316
Cala Vedella (platja),2025-09-24 11:00:00,72.0,27.854656
Cala Vedella (platja),2025-09-24 12:00:00,117.0,46.88507
Cala Vedella (platja),2025-09-24 13:00:00,156.0,84.28457
Cala Vedella (platja),2025-09-24 14:00:00,130.0,123.80484
Cala Vedella (platja),2025-09-24 15:00:00,149.0,123.08913
Cala Vedella (platja),2025-09-24 16:00:00,143.0,113.393135
Cala Vedella (platja),2025-09-24 17:00:00,149.0,103.7093
Cala Vedella (platja),2025-09-24 18:00:00,85.0,117.440796
Cala Vedella (platja),2025-09-24 19:00:00,37.0,112.5946
Cala Vedella (platja),2025-09-24 20:00:00,6.0,69.8888
Cala Vedella (platja),2025-09-25 09:00:00,5.0,47.344727
Cala Vedella (platja),2025-09-25 10:00:00,6.0,48.002743
Cala Vedella (platja),2025-09-25 11:00:00,33.0,26.06544
Cala Vedella (platja),2025-09-25 12:00:00,75.0,23.055851
Cala Vedella (platja),2025-09-25 13:00:00,110.0,34.7699
Cala Vedella (platja),2025-09-25 14:00:00,150.0,83.84803
Cala Vedella (platja),2025-09-25 15:00:00,160.0,123.84146
Cala Vedella (platja),2025-09-25 16:00:00,166.0,141.01503
Cala Vedella (platja),2025-09-25 17:00:00,180.0,125.58877
Cala Vedella (platja),2025-09-25 18:00:00,189.0,113.7239
Cala Vedella (platja),2025-09-25 19:00:00,115.0,122.877655
Cala Vedella (platja),2025-09-25 20:00:00,52.0,115.56706
Cala Vedella (platja),2025-09-26 08:00:00,7.0,72.22758
Cala Vedella (platja),2025-09-26 09:00:00,9.0,62.559433
Cala Vedella (platja),2025-09-26 10:00:00,7.0,52.19058
Cala Vedella (platja),2025-09-26 11:00:00,26.0,25.949942
Cala Vedella (platja),2025-09-26 12:00:00,45.0,25.806675
Cala Vedella (platja),2025-09-26 13:00:00,98.0,31.743862
Cala Vedella (platja),2025-09-26 14:00:00,95.0,62.174446
Cala Vedella (platja),2025-09-26 15:00:00,127.0,112.722755
Cala Vedella (platja),2025-09-26 16:00:00,144.0,133.15834
Cala Vedella (platja),2025-09-26 17:00:00,198.0,113.933846
Cala Vedella (platja),2025-09-26 18:00:00,171.0,108.62309
Cala Vedella (platja),2025-09-26 19:00:00,88.0,106.54151
Cala Vedella (platja),2025-09-26 20:00:00,30.0,102.91583
Cala Vedella (platja),2025-09-27 08:00:00,6.0,76.16315
Cala Vedella (platja),2025-09-27 09:00:00,6.0,63.275536
Cala Vedella (platja),2025-09-27 10:00:00,6.0,49.850433
Cala Vedella (platja),2025-09-27 11:00:00,26.0,18.922161
Cala Vedella (platja),2025-09-27 12:00:00,28.0,18.88516
Cala Vedella (platja),2025-09-27 13:00:00,29.0,25.515272
Cala Vedella (platja),2025-09-27 14:00:00,27.0,48.12403
Cala Vedella (platja),2025-09-27 15:00:00,20.0,81.85713
Cala Vedella (platja),2025-09-27 16:00:00,33.0,101.443954
Cala Vedella (platja),2025-09-27 17:00:00,41.0,88.92698
Cala Vedella (platja),2025-09-27 18:00:00,24.0,86.9139
Cala Vedella (platja),2025-09-27 19:00:00,26.0,87.89666
Cala Vedella (platja),2025-09-27 20:00:00,30.0,71.346275
Cala Vedella (platja),2025-09-28 08:00:00,8.0,49.016037
Cala Vedella (platja),2025-09-28 09:00:00,8.0,37.182243
Cala Vedella (platja),2025-09-28 10:00:00,11.0,35.863552
Cala Vedella (platja),2025-09-28 11:00:00,50.0,24.62195
Cala Vedella (platja),2025-09-28 12:00:00,100.0,36.889797
Cala Vedella (platja),2025-09-28 13:00:00,123.0,46.70437
Cala Vedella (platja),2025-09-28 14:00:00,149.0,70.32614
Cala Vedella (platja),2025-09-28 15:00:00,139.0,87.18995
Cala Vedella (platja),2025-09-28 16:00:00,172.0,88.969345
Cala Vedella (platja),2025-09-28 17:00:00,182.0,89.96157
Cala Vedella (platja),2025-09-28 18:00:00,146.0,95.96853
Cala Vedella (platja),2025-09-28 19:00:00,56.0,103.03675
Cala Vedella (platja),2025-09-28 20:00:00,43.0,97.54403
Cala Vedella (platja),2025-09-29 08:00:00,6.0,57.538162
Cala Vedella (platja),2025-09-29 09:00:00,6.0,34.51493
Cala Vedella (platja),2025-09-29 10:00:00,6.0,28.374283
Cala Vedella (platja),2025-09-29 11:00:00,44.0,22.834227
Cala Vedella (platja),2025-09-29 12:00:00,98.0,32.639275
Cala Vedella (platja),2025-09-29 13:00:00,159.0,51.06785
Cala Vedella (platja),2025-09-29 14:00:00,142.0,102.69118
Cala Vedella (platja),2025-09-29 15:00:00,157.0,104.600945
Cala Vedella (platja),2025-09-29 16:00:00,162.0,104.64833
Cala Vedella (platja),2025-09-29 17:00:00,136.0,101.60372
Cala Vedella (platja),2025-09-29 18:00:00,62.0,89.64016
Cala Vedella (platja),2025-09-29 19:00:00,31.0,80.91138
Cala Vedella (platja),2025-09-29 20:00:00,8.0,43.42419
Cala Vedella (port),2025-09-01 08:00:00,26.0,21.435175
Cala Vedella (port),2025-09-01 09:00:00,4.0,9.536675
Cala Vedella (port),2025-09-01 10:00:00,4.0,21.954798
Cala Vedella (port),2025-09-01 11:00:00,10.0,17.29083
Cala Vedella (port),2025-09-01 12:00:00,27.0,19.583153
Cala Vedella (port),2025-09-01 13:00:00,29.0,22.126955
Cala Vedella (port),2025-09-01 14:00:00,49.0,46.21748
Cala Vedella (port),2025-09-01 15:00:00,39.0,41.630554
Cala Vedella (port),2025-09-01 16:00:00,33.0,37.25509
Cala Vedella (port),2025-09-01 17:00:00,32.0,34.416668
Cala Vedella (port),2025-09-01 18:00:00,15.0,31.100084
Cala Vedella (port),2025-09-01 19:00:00,12.0,22.4813
Cala Vedella (port),2025-09-01 20:00:00,12.0,20.955124
Cala Vedella (port),2025-09-02 08:00:00,13.0,18.726406
Cala Vedella (port),2025-09-02 09:00:00,5.0,19.291443
Cala Vedella (port),2025-09-02 10:00:00,5.0,15.572797
Cala Vedella (port),2025-09-02 11:00:00,10.0,16.475025
Cala Vedella (port),2025-09-02 12:00:00,30.0,17.979918
Cala Vedella (port),2025-09-02 13:00:00,34.0,20.689268
Cala Vedella (port),2025-09-02 14:00:00,34.0,21.222567
Cala Vedella (port),2025-09-02 15:00:00,46.0,26.700916
Cala Vedella (port),2025-09-02 16:00:00,50.0,22.098558
Cala Vedella (port),2025-09-02 17:00:00,35.0,21.66146
Cala Vedella (port),2025-09-02 18:00:00,28.0,18.647299
Cala Vedella (port),2025-09-02 19:00:00,18.0,17.928986
Cala Vedella (port),2025-09-02 20:00:00,12.0,19.34657
Cala Vedella (port),2025-09-03 08:00:00,17.0,19.64327
Cala Vedella (port),2025-09-03 09:00:00,4.0,8.554793
Cala Vedella (port),2025-09-03 10:00:00,5.0,13.583066
Cala Vedella (port),2025-09-03 11:00:00,12.0,15.586469
Cala Vedella (port),2025-09-03 12:00:00,18.0,14.511355
Cala Vedella (port),2025-09-03 13:00:00,46.0,15.934739
Cala Vedella (port),2025-09-03 14:00:00,41.0,19.180834
Cala Vedella (port),2025-09-03 15:00:00,42.0,27.361284
Cala Vedella (port),2025-09-03 16:00:00,35.0,25.96332
Cala Vedella (port),2025-09-03 17:00:00,36.0,22.138662
Cala Vedella (port),2025-09-03 18:00:00,19.0,20.350056
Cala Vedella (port),2025-09-03 19:00:00,9.0,21.027678
Cala Vedella (port),2025-09-03 20:00:00,10.0,20.952965
Cala Vedella (port),2025-09-04 08:00:00,13.0,20.850145
Cala Vedella (port),2025-09-04 09:00:00,5.0,6.9979506
Cala Vedella (port),2025-09-04 10:00:00,4.0,19.411251
Cala Vedella (port),2025-09-04 11:00:00,9.0,17.451546
Cala Vedella (port),2025-09-04 12:00:00,8.0,16.886396
Cala Vedella (port),2025-09-04 13:00:00,32.0,19.724207
Cala Vedella (port),2025-09-04 14:00:00,60.0,26.57211
Cala Vedella (port),2025-09-04 15:00:00,30.0,29.135916
Cala Vedella (port),2025-09-04 16:00:00,25.0,30.22248
Cala Vedella (port),2025-09-04 17:00:00,19.0,36.49107
Cala Vedella (port),2025-09-04 18:00:00,33.0,27.421734
Cala Vedella (port),2025-09-04 19:00:00,23.0,22.698542
Cala Vedella (port),2025-09-04 20:00:00,8.0,23.174381
Cala Vedella (port),2025-09-05 08:00:00,6.0,19.600904
Cala Vedella (port),2025-09-05 09:00:00,4.0,6.8607106
Cala Vedella (port),2025-09-05 10:00:00,4.0,21.936678
Cala Vedella (port),2025-09-05 11:00:00,9.0,15.545142
Cala Vedella (port),2025-09-05 12:00:00,4.0,23.149734
Cala Vedella (port),2025-09-05 13:00:00,14.0,22.85727
Cala Vedella (port),2025-09-05 14:00:00,16.0,42.733116
Cala Vedella (port),2025-09-05 15:00:00,34.0,52.749653
Cala Vedella (port),2025-09-05 16:00:00,34.0,49.024418
Cala Vedella (port),2025-09-05 17:00:00,30.0,41.60022
Cala Vedella (port),2025-09-05 18:00:00,20.0,35.170322
Cala Vedella (port),2025-09-05 19:00:00,16.0,25.963015
Cala Vedella (port),2025-09-05 20:00:00,13.0,25.807745
Cala Vedella (port),2025-09-06 08:00:00,7.0,21.308054
Cala Vedella (port),2025-09-06 09:00:00,4.0,14.987233
Cala Vedella (port),2025-09-06 10:00:00,4.0,18.948347
Cala Vedella (port),2025-09-06 11:00:00,5.0,17.819483
Cala Vedella (port),2025-09-06 12:00:00,12.0,15.325835
Cala Vedella (port),2025-09-06 13:00:00,12.0,17.040018
Cala Vedella (port),2025-09-06 14:00:00,9.0,19.152708
Cala Vedella (port),2025-09-06 15:00:00,9.0,23.308659
Cala Vedella (port),2025-09-06 16:00:00,4.0,24.225435
Cala Vedella (port),2025-09-06 17:00:00,4.0,24.363634
Cala Vedella (port),2025-09-06 18:00:00,6.0,25.07387
Cala Vedella (port),2025-09-06 19:00:00,6.0,23.795809
Cala Vedella (port),2025-09-06 20:00:00,5.0,20.04428
Cala Vedella (port),2025-09-07 08:00:00,12.0,17.076132
Cala Vedella (port),2025-09-07 09:00:00,5.0,9.036806
Cala Vedella (port),2025-09-07 10:00:00,5.0,5.2017965
Cala Vedella (port),2025-09-07 11:00:00,5.0,15.45565
Cala Vedella (port),2025-09-07 12:00:00,20.0,18.250097
Cala Vedella (port),2025-09-07 13:00:00,35.0,27.862524
Cala Vedella (port),2025-09-07 14:00:00,35.0,35.553776
Cala Vedella (port),2025-09-07 15:00:00,18.0,46.045616
Cala Vedella (port),2025-09-07 16:00:00,49.0,43.50246
Cala Vedella (port),2025-09-07 17:00:00,10.0,29.257954
Cala Vedella (port),2025-09-07 18:00:00,7.0,24.93517
Cala Vedella (port),2025-09-07 19:00:00,16.0,22.835102
Cala Vedella (port),2025-09-07 20:00:00,20.0,21.995974
Cala Vedella (port),2025-09-08 08:00:00,7.0,18.55893
Cala Vedella (port),2025-09-08 09:00:00,5.0,7.166792
Cala Vedella (port),2025-09-08 10:00:00,5.0,4.031304
Cala Vedella (port),2025-09-08 11:00:00,11.0,16.400074
Cala Vedella (port),2025-09-08 12:00:00,17.0,18.53901
Cala Vedella (port),2025-09-08 13:00:00,26.0,20.49656
Cala Vedella (port),2025-09-08 14:00:00,27.0,27.009104
Cala Vedella (port),2025-09-08 15:00:00,44.0,33.01724
Cala Vedella (port),2025-09-08 16:00:00,28.0,28.346323
Cala Vedella (port),2025-09-08 17:00:00,10.0,30.805958
Cala Vedella (port),2025-09-08 18:00:00,6.0,35.915302
Cala Vedella (port),2025-09-08 19:00:00,7.0,19.24783
Cala Vedella (port),2025-09-08 20:00:00,10.0,20.256924
Cala Vedella (port),2025-09-09 08:00:00,14.0,19.676552
Cala Vedella (port),2025-09-09 09:00:00,4.0,8.02172
Cala Vedella (port),2025-09-09 10:00:00,4.0,20.686047
Cala Vedella (port),2025-09-09 11:00:00,10.0,17.490509
Cala Vedella (port),2025-09-09 12:00:00,18.0,15.541569
Cala Vedella (port),2025-09-09 13:00:00,30.0,14.814257
Cala Vedella (port),2025-09-09 14:00:00,19.0,15.554086
Cala Vedella (port),2025-09-09 15:00:00,39.0,15.447885
Cala Vedella (port),2025-09-09 16:00:00,43.0,15.628528
Cala Vedella (port),2025-09-09 17:00:00,26.0,16.597488
Cala Vedella (port),2025-09-09 18:00:00,19.0,14.971531
Cala Vedella (port),2025-09-09 19:00:00,10.0,13.000528
Cala Vedella (port),2025-09-09 20:00:00,12.0,15.913274
Cala Vedella (port),2025-09-10 08:00:00,11.0,16.392412
Cala Vedella (port),2025-09-10 09:00:00,5.0,8.080881
Cala Vedella (port),2025-09-10 10:00:00,4.0,7.112136
Cala Vedella (port),2025-09-10 11:00:00,15.0,13.793919
Cala Vedella (port),2025-09-10 12:00:00,36.0,15.779418
Cala Vedella (port),2025-09-10 13:00:00,29.0,14.454619
Cala Vedella (port),2025-09-10 14:00:00,43.0,18.21264
Cala Vedella (port),2025-09-10 15:00:00,39.0,17.165024
Cala Vedella (port),2025-09-10 16:00:00,42.0,20.44179
Cala Vedella (port),2025-09-10 17:00:00,34.0,17.236732
Cala Vedella (port),2025-09-10 18:00:00,38.0,17.16492
Cala Vedella (port),2025-09-10 19:00:00,14.0,16.738953
Cala Vedella (port),2025-09-10 20:00:00,12.0,18.332848
Cala Vedella (port),2025-09-11 08:00:00,12.0,19.278425
Cala Vedella (port),2025-09-11 09:00:00,5.0,7.2414465
Cala Vedella (port),2025-09-11 10:00:00,5.0,7.6791167
Cala Vedella (port),2025-09-11 11:00:00,6.0,17.157795
Cala Vedella (port),2025-09-11 12:00:00,4.0,16.306902
Cala Vedella (port),2025-09-11 13:00:00,22.0,16.9484
Cala Vedella (port),2025-09-11 14:00:00,17.0,18.73923
Cala Vedella (port),2025-09-11 15:00:00,23.0,18.660786
Cala Vedella (port),2025-09-11 16:00:00,24.0,19.36593
Cala Vedella (port),2025-09-11 17:00:00,38.0,20.93099
Cala Vedella (port),2025-09-11 18:00:00,10.0,17.003843
Cala Vedella (port),2025-09-11 19:00:00,15.0,16.217815
Cala Vedella (port),2025-09-11 20:00:00,17.0,19.48869
Cala Vedella (port),2025-09-12 08:00:00,10.0,20.929516
Cala Vedella (port),2025-09-12 09:00:00,5.0,8.296802
Cala Vedella (port),2025-09-12 10:00:00,5.0,8.486195
Cala Vedella (port),2025-09-12 11:00:00,12.0,16.248045
Cala Vedella (port),2025-09-12 12:00:00,7.0,15.210568
Cala Vedella (port),2025-09-12 13:00:00,14.0,13.817534
Cala Vedella (port),2025-09-12 14:00:00,15.0,18.753487
Cala Vedella (port),2025-09-12 15:00:00,11.0,20.867567
Cala Vedella (port),2025-09-12 16:00:00,23.0,23.334677
Cala Vedella (port),2025-09-12 17:00:00,19.0,22.053259
Cala Vedella (port),2025-09-12 18:00:00,6.0,17.976358
Cala Vedella (port),2025-09-12 19:00:00,6.0,15.303925
Cala Vedella (port),2025-09-12 20:00:00,12.0,19.09763
Cala Vedella (port),2025-09-13 08:00:00,8.0,19.329361
Cala Vedella (port),2025-09-13 09:00:00,5.0,18.690744
Cala Vedella (port),2025-09-13 10:00:00,4.0,27.780315
Cala Vedella (port),2025-09-13 11:00:00,4.0,15.563241
Cala Vedella (port),2025-09-13 12:00:00,18.0,15.158222
Cala Vedella (port),2025-09-13 13:00:00,19.0,14.122248
Cala Vedella (port),2025-09-13 14:00:00,16.0,25.169672
Cala Vedella (port),2025-09-13 15:00:00,37.0,35.724117
Cala Vedella (port),2025-09-13 16:00:00,34.0,35.294384
Cala Vedella (port),2025-09-13 17:00:00,31.0,29.778708
Cala Vedella (port),2025-09-13 18:00:00,6.0,26.822756
Cala Vedella (port),2025-09-13 19:00:00,4.0,20.048296
Cala Vedella (port),2025-09-13 20:00:00,12.0,21.555746
Cala Vedella (port),2025-09-14 08:00:00,9.0,19.559887
Cala Vedella (port),2025-09-14 09:00:00,5.0,5.5553417
Cala Vedella (port),2025-09-14 10:00:00,4.0,6.155745
Cala Vedella (port),2025-09-14 11:00:00,8.0,15.923283
Cala Vedella (port),2025-09-14 12:00:00,14.0,15.550527
Cala Vedella (port),2025-09-14 13:00:00,22.0,16.890392
Cala Vedella (port),2025-09-14 14:00:00,17.0,27.861282
Cala Vedella (port),2025-09-14 15:00:00,23.0,31.65682
Cala Vedella (port),2025-09-14 16:00:00,37.0,21.950111
Cala Vedella (port),2025-09-14 17:00:00,26.0,24.473356
Cala Vedella (port),2025-09-14 18:00:00,7.0,20.856047
Cala Vedella (port),2025-09-14 19:00:00,5.0,16.116468
Cala Vedella (port),2025-09-14 20:00:00,8.0,19.529514
Cala Vedella (port),2025-09-15 08:00:00,6.0,19.07934
Cala Vedella (port),2025-09-15 09:00:00,4.0,18.747883
Cala Vedella (port),2025-09-15 10:00:00,4.0,9.786373
Cala Vedella (port),2025-09-15 11:00:00,13.0,19.624617
Cala Vedella (port),2025-09-15 12:00:00,18.0,20.236397
Cala Vedella (port),2025-09-15 13:00:00,22.0,23.20948
Cala Vedella (port),2025-09-15 14:00:00,29.0,21.59443
Cala Vedella (port),2025-09-15 15:00:00,32.0,22.74471
Cala Vedella (port),2025-09-15 16:00:00,38.0,26.511635
Cala Vedella (port),2025-09-15 17:00:00,25.0,26.135515
Cala Vedella (port),2025-09-15 18:00:00,11.0,22.33105
Cala Vedella (port),2025-09-15 19:00:00,6.0,18.062164
Cala Vedella (port),2025-09-15 20:00:00,9.0,19.123415
Cala Vedella (port),2025-09-16 08:00:00,5.0,18.533113
Cala Vedella (port),2025-09-16 09:00:00,4.0,7.8825173
Cala Vedella (port),2025-09-16 10:00:00,5.0,8.646081
Cala Vedella (port),2025-09-16 11:00:00,7.0,17.10995
Cala Vedella (port),2025-09-16 12:00:00,10.0,15.026754
Cala Vedella (port),2025-09-16 13:00:00,19.0,16.475029
Cala Vedella (port),2025-09-16 14:00:00,30.0,16.443811
Cala Vedella (port),2025-09-16 15:00:00,19.0,15.668359
Cala Vedella (port),2025-09-16 16:00:00,26.0,16.45168
Cala Vedella (port),2025-09-16 17:00:00,16.0,17.003044
Cala Vedella (port),2025-09-16 18:00:00,15.0,15.487863
Cala Vedella (port),2025-09-16 19:00:00,13.0,16.453106
Cala Vedella (port),2025-09-16 20:00:00,20.0,19.406239
Cala Vedella (port),2025-09-17 08:00:00,5.0,19.69244
Cala Vedella (port),2025-09-17 09:00:00,4.0,8.995823
Cala Vedella (port),2025-09-17 10:00:00,4.0,9.977592
Cala Vedella (port),2025-09-17 11:00:00,6.0,17.680618
Cala Vedella (port),2025-09-17 12:00:00,13.0,16.906801
Cala Vedella (port),2025-09-17 13:00:00,14.0,17.196943
Cala Vedella (port),2025-09-17 14:00:00,21.0,19.207062
Cala Vedella (port),2025-09-17 15:00:00,18.0,19.155632
Cala Vedella (port),2025-09-17 16:00:00,10.0,18.356232
Cala Vedella (port),2025-09-17 17:00:00,14.0,16.90837
Cala Vedella (port),2025-09-17 18:00:00,15.0,17.247887
Cala Vedella (port),2025-09-17 19:00:00,10.0,17.872002
Cala Vedella (port),2025-09-17 20:00:00,13.0,18.036863
Cala Vedella (port),2025-09-18 08:00:00,4.0,19.22474
Cala Vedella (port),2025-09-18 09:00:00,4.0,9.973362
Cala Vedella (port),2025-09-18 10:00:00,4.0,8.021446
Cala Vedella (port),2025-09-18 11:00:00,9.0,18.463644
Cala Vedella (port),2025-09-18 12:00:00,11.0,17.102142
Cala Vedella (port),2025-09-18 13:00:00,21.0,14.440378
Cala Vedella (port),2025-09-18 14:00:00,11.0,15.81875
Cala Vedella (port),2025-09-18 15:00:00,19.0,18.047808
Cala Vedella (port),2025-09-18 16:00:00,25.0,20.325577
Cala Vedella (port),2025-09-18 17:00:00,22.0,20.04062
Cala Vedella (port),2025-09-18 18:00:00,13.0,15.483622
Cala Vedella (port),2025-09-18 19:00:00,11.0,18.959621
Cala Vedella (port),2025-09-18 20:00:00,9.0,17.130247
Cala Vedella (port),2025-09-19 08:00:00,4.0,16.98603
Cala Vedella (port),2025-09-19 09:00:00,5.0,8.1145
Cala Vedella (port),2025-09-19 10:00:00,4.0,8.154452
Cala Vedella (port),2025-09-19 11:00:00,6.0,17.085539
Cala Vedella (port),2025-09-19 12:00:00,17.0,14.8452425
Cala Vedella (port),2025-09-19 13:00:00,21.0,15.998376
Cala Vedella (port),2025-09-19 14:00:00,22.0,13.596691
Cala Vedella (port),2025-09-19 15:00:00,30.0,14.974646
Cala Vedella (port),2025-09-19 16:00:00,27.0,16.266546
Cala Vedella (port),2025-09-19 17:00:00,21.0,16.899002
Cala Vedella (port),2025-09-19 18:00:00,5.0,18.612759
Cala Vedella (port),2025-09-19 19:00:00,7.0,17.60156
Cala Vedella (port),2025-09-19 20:00:00,13.0,19.257124
Cala Vedella (port),2025-09-20 08:00:00,4.0,19.790064
Cala Vedella (port),2025-09-20 09:00:00,5.0,6.080331
Cala Vedella (port),2025-09-20 10:00:00,4.0,6.463907
Cala Vedella (port),2025-09-20 11:00:00,10.0,16.190289
Cala Vedella (port),2025-09-20 12:00:00,10.0,16.959446
Cala Vedella (port),2025-09-20 13:00:00,12.0,14.68422
Cala Vedella (port),2025-09-20 14:00:00,21.0,14.428689
Cala Vedella (port),2025-09-20 15:00:00,23.0,14.873115
Cala Vedella (port),2025-09-20 16:00:00,23.0,16.3951
Cala Vedella (port),2025-09-20 17:00:00,20.0,15.5169735
Cala Vedella (port),2025-09-20 18:00:00,9.0,15.224563
Cala Vedella (port),2025-09-20 19:00:00,6.0,16.53
Cala Vedella (port),2025-09-20 20:00:00,8.0,16.66869
Cala Vedella (port),2025-09-21 08:00:00,5.0,14.605647
Cala Vedella (port),2025-09-21 09:00:00,4.0,5.945395
Cala Vedella (port),2025-09-21 10:00:00,4.0,7.0487547
Cala Vedella (port),2025-09-21 11:00:00,13.0,10.455835
Cala Vedella (port),2025-09-21 12:00:00,20.0,10.263166
Cala Vedella (port),2025-09-21 13:00:00,31.0,13.006847
Cala Vedella (port),2025-09-21 14:00:00,16.0,15.492285
Cala Vedella (port),2025-09-21 15:00:00,26.0,16.31389
Cala Vedella (port),2025-09-21 16:00:00,14.0,19.379225
Cala Vedella (port),2025-09-21 17:00:00,10.0,19.705462
Cala Vedella (port),2025-09-21 18:00:00,3.0,16.845768
Cala Vedella (port),2025-09-21 19:00:00,5.0,16.080084
Cala Vedella (port),2025-09-21 20:00:00,12.0,15.833334
Cala Vedella (port),2025-09-22 08:00:00,4.0,14.507083
Cala Vedella (port),2025-09-22 09:00:00,4.0,5.931818
Cala Vedella (port),2025-09-22 10:00:00,4.0,5.8509445
Cala Vedella (port),2025-09-22 11:00:00,15.0,11.811704
Cala Vedella (port),2025-09-22 12:00:00,25.0,11.817699
Cala Vedella (port),2025-09-22 13:00:00,11.0,14.970657
Cala Vedella (port),2025-09-22 14:00:00,27.0,16.710817
Cala Vedella (port),2025-09-22 15:00:00,23.0,18.461811
Cala Vedella (port),2025-09-22 16:00:00,42.0,17.312311
Cala Vedella (port),2025-09-22 17:00:00,15.0,20.480373
Cala Vedella (port),2025-09-22 18:00:00,9.0,19.724873
Cala Vedella (port),2025-09-22 19:00:00,4.0,18.494175
Cala Vedella (port),2025-09-22 20:00:00,11.0,17.445202
Cala Vedella (port),2025-09-23 08:00:00,5.0,16.146015
Cala Vedella (port),2025-09-23 09:00:00,4.0,5.9927373
Cala Vedella (port),2025-09-23 10:00:00,4.0,6.484469
Cala Vedella (port),2025-09-23 11:00:00,7.0,14.412182
Cala Vedella (port),2025-09-23 12:00:00,16.0,16.472742
Cala Vedella (port),2025-09-23 13:00:00,31.0,16.629934
Cala Vedella (port),2025-09-23 14:00:00,36.0,18.54791
Cala Vedella (port),2025-09-23 15:00:00,23.0,19.071926
Cala Vedella (port),2025-09-23 16:00:00,23.0,16.585707
Cala Vedella (port),2025-09-23 17:00:00,29.0,19.06014
Cala Vedella (port),2025-09-23 18:00:00,15.0,15.806486
Cala Vedella (port),2025-09-23 19:00:00,4.0,16.366142
Cala Vedella (port),2025-09-23 20:00:00,8.0,17.05592
Cala Vedella (port),2025-09-24 08:00:00,4.0,15.54055
Cala Vedella (port),2025-09-24 09:00:00,5.0,5.8690166
Cala Vedella (port),2025-09-24 10:00:00,4.0,4.63953
Cala Vedella (port),2025-09-24 11:00:00,5.0,18.054392
Cala Vedella (port),2025-09-24 12:00:00,10.0,15.742462
Cala Vedella (port),2025-09-24 13:00:00,17.0,16.685875
Cala Vedella (port),2025-09-24 14:00:00,21.0,15.548711
Cala Vedella (port),2025-09-24 15:00:00,15.0,15.279197
Cala Vedella (port),2025-09-24 16:00:00,20.0,15.44557
Cala Vedella (port),2025-09-24 17:00:00,20.0,16.511168
Cala Vedella (port),2025-09-24 18:00:00,8.0,15.357126
Cala Vedella (port),2025-09-24 19:00:00,5.0,15.613437
Cala Vedella (port),2025-09-24 20:00:00,13.0,16.94311
Cala Vedella (port),2025-09-25 08:00:00,4.0,13.158696
Cala Vedella (port),2025-09-25 09:00:00,4.0,4.560199
Cala Vedella (port),2025-09-25 10:00:00,4.0,5.6923175
Cala Vedella (port),2025-09-25 11:00:00,17.0,13.541806
Cala Vedella (port),2025-09-25 12:00:00,10.0,13.963787
Cala Vedella (port),2025-09-25 13:00:00,16.0,15.174626
Cala Vedella (port),2025-09-25 14:00:00,20.0,17.820972
Cala Vedella (port),2025-09-25 15:00:00,28.0,16.537931
Cala Vedella (port),2025-09-25 16:00:00,28.0,16.403154
Cala Vedella (port),2025-09-25 17:00:00,25.0,17.519
Cala Vedella (port),2025-09-25 18:00:00,10.0,16.788706
Cala Vedella (port),2025-09-25 19:00:00,9.0,18.735634
Cala Vedella (port),2025-09-25 20:00:00,10.0,19.09354
Cala Vedella (port),2025-09-26 08:00:00,5.0,17.581741
Cala Vedella (port),2025-09-26 09:00:00,5.0,6.1546326
Cala Vedella (port),2025-09-26 10:00:00,4.0,5.485485
Cala Vedella (port),2025-09-26 11:00:00,8.0,17.561783
Cala Vedella (port),2025-09-26 12:00:00,6.0,16.352022
Cala Vedella (port),2025-09-26 13:00:00,16.0,19.142712
Cala Vedella (port),2025-09-26 14:00:00,10.0,17.462576
Cala Vedella (port),2025-09-26 15:00:00,16.0,17.21879
Cala Vedella (port),2025-09-26 16:00:00,17.0,16.815216
Cala Vedella (port),2025-09-26 17:00:00,8.0,16.585672
Cala Vedella (port),2025-09-26 18:00:00,6.0,17.744547
Cala Vedella (port),2025-09-26 19:00:00,9.0,18.640852
Cala Vedella (port),2025-09-26 20:00:00,11.0,19.972294
Cala Vedella (port),2025-09-27 08:00:00,5.0,14.493136
Cala Vedella (port),2025-09-27 09:00:00,5.0,4.4829226
Cala Vedella (port),2025-09-27 10:00:00,4.0,5.0253706
Cala Vedella (port),2025-09-27 11:00:00,10.0,15.656403
Cala Vedella (port),2025-09-27 12:00:00,9.0,17.135498
Cala Vedella (port),2025-09-27 13:00:00,9.0,16.886526
Cala Vedella (port),2025-09-27 14:00:00,12.0,16.870584
Cala Vedella (port),2025-09-27 15:00:00,14.0,16.545357
Cala Vedella (port),2025-09-27 16:00:00,10.0,12.848812
Cala Vedella (port),2025-09-27 17:00:00,6.0,14.826826
Cala Vedella (port),2025-09-27 18:00:00,14.0,14.78679
Cala Vedella (port),2025-09-27 19:00:00,10.0,15.501761
Cala Vedella (port),2025-09-27 20:00:00,10.0,15.505537
Cala Vedella (port),2025-09-28 08:00:00,4.0,11.625629
Cala Vedella (port),2025-09-28 09:00:00,4.0,4.956058
Cala Vedella (port),2025-09-28 10:00:00,3.0,5.062205
Cala Vedella (port),2025-09-28 11:00:00,6.0,12.511175
Cala Vedella (port),2025-09-28 12:00:00,23.0,14.763493
Cala Vedella (port),2025-09-28 13:00:00,13.0,16.86677
Cala Vedella (port),2025-09-28 14:00:00,17.0,19.796177
Cala Vedella (port),2025-09-28 15:00:00,19.0,22.078064
Cala Vedella (port),2025-09-28 16:00:00,27.0,23.65059
Cala Vedella (port),2025-09-28 17:00:00,14.0,21.939173
Cala Vedella (port),2025-09-28 18:00:00,9.0,16.73135
Cala Vedella (port),2025-09-28 19:00:00,6.0,17.566797
Cala Vedella (port),2025-09-28 20:00:00,13.0,16.317347
Cala Vedella (port),2025-09-29 08:00:00,4.0,12.760728
Cala Vedella (port),2025-09-29 09:00:00,4.0,5.731569
Cala Vedella (port),2025-09-29 10:00:00,4.0,7.263138
Cala Vedella (port),2025-09-29 11:00:00,13.0,12.177441
Cala Vedella (port),2025-09-29 12:00:00,11.0,13.029743
Cala Vedella (port),2025-09-29 13:00:00,20.0,14.0226345
Cala Vedella (port),2025-09-29 14:00:00,15.0,15.71411
Cala Vedella (port),2025-09-29 15:00:00,23.0,16.214144
Cala Vedella (port),2025-09-29 16:00:00,17.0,10.905205
Cala Vedella (port),2025-09-29 17:00:00,6.0,9.860484
Cala Vedella (port),2025-09-29 18:00:00,5.0,9.732535
Cala Vedella (port),2025-09-29 19:00:00,15.0,8.990251
Cala Vedella (port),2025-09-29 20:00:00,4.0,6.632352
Can Pastilla,2025-09-01 08:00:00,77.0,26.464102
Can Pastilla,2025-09-01 09:00:00,8.0,25.928675
Can Pastilla,2025-09-01 10:00:00,9.0,21.027754
Can Pastilla,2025-09-01 11:00:00,66.0,19.810324
Can Pastilla,2025-09-01 12:00:00,11.0,22.13528
Can Pastilla,2025-09-01 13:00:00,20.0,32.662506
Can Pastilla,2025-09-01 14:00:00,40.0,45.596848
Can Pastilla,2025-09-01 15:00:00,13.0,43.415733
Can Pastilla,2025-09-01 16:00:00,25.0,41.369564
Can Pastilla,2025-09-01 17:00:00,28.0,31.140368
Can Pastilla,2025-09-01 18:00:00,14.0,31.214571
Can Pastilla,2025-09-01 19:00:00,11.0,31.979803
Can Pastilla,2025-09-01 20:00:00,16.0,28.787296
Can Pastilla,2025-09-02 08:00:00,8.0,26.593401
Can Pastilla,2025-09-02 09:00:00,6.0,31.093554
Can Pastilla,2025-09-02 10:00:00,15.0,30.07267
Can Pastilla,2025-09-02 11:00:00,91.0,23.064404
Can Pastilla,2025-09-02 12:00:00,197.0,24.589132
Can Pastilla,2025-09-02 13:00:00,19.0,26.62729
Can Pastilla,2025-09-02 14:00:00,26.0,36.15116
Can Pastilla,2025-09-02 15:00:00,14.0,40.38408
Can Pastilla,2025-09-02 16:00:00,25.0,33.647038
Can Pastilla,2025-09-02 17:00:00,16.0,23.855183
Can Pastilla,2025-09-02 18:00:00,11.0,27.954712
Can Pastilla,2025-09-02 19:00:00,138.0,42.05839
Can Pastilla,2025-09-02 20:00:00,101.0,38.621918
Can Pastilla,2025-09-03 08:00:00,87.0,36.36397
Can Pastilla,2025-09-03 09:00:00,10.0,26.894085
Can Pastilla,2025-09-03 10:00:00,8.0,32.896927
Can Pastilla,2025-09-03 11:00:00,12.0,24.158646
Can Pastilla,2025-09-03 12:00:00,19.0,24.974672
Can Pastilla,2025-09-03 13:00:00,27.0,40.67225
Can Pastilla,2025-09-03 14:00:00,36.0,44.381943
Can Pastilla,2025-09-03 15:00:00,29.0,50.944626
Can Pastilla,2025-09-03 16:00:00,21.0,45.77966
Can Pastilla,2025-09-03 17:00:00,16.0,97.908165
Can Pastilla,2025-09-03 18:00:00,11.0,53.138668
Can Pastilla,2025-09-03 19:00:00,13.0,57.921505
Can Pastilla,2025-09-03 20:00:00,42.0,40.26754
Can Pastilla,2025-09-04 08:00:00,28.0,36.31706
Can Pastilla,2025-09-04 09:00:00,4.0,31.659286
Can Pastilla,2025-09-04 10:00:00,14.0,21.136711
Can Pastilla,2025-09-04 11:00:00,15.0,28.030586
Can Pastilla,2025-09-04 12:00:00,41.0,39.384155
Can Pastilla,2025-09-04 13:00:00,18.0,40.308044
Can Pastilla,2025-09-04 14:00:00,10.0,45.3835
Can Pastilla,2025-09-04 15:00:00,5.0,48.08285
Can Pastilla,2025-09-04 16:00:00,10.0,37.412296
Can Pastilla,2025-09-04 17:00:00,6.0,40.49678
Can Pastilla,2025-09-04 18:00:00,165.0,42.69756
Can Pastilla,2025-09-04 19:00:00,71.0,39.80733
Can Pastilla,2025-09-04 20:00:00,54.0,37.930687
Can Pastilla,2025-09-05 08:00:00,5.0,31.06978
Can Pastilla,2025-09-05 09:00:00,7.0,33.11495
Can Pastilla,2025-09-05 10:00:00,18.0,18.721928
Can Pastilla,2025-09-05 11:00:00,39.0,26.549747
Can Pastilla,2025-09-05 12:00:00,96.0,38.992447
Can Pastilla,2025-09-05 13:00:00,162.0,44.47012
Can Pastilla,2025-09-05 14:00:00,62.0,44.48668
Can Pastilla,2025-09-05 15:00:00,70.0,49.153294
Can Pastilla,2025-09-05 16:00:00,43.0,39.993137
Can Pastilla,2025-09-05 17:00:00,61.0,84.73689
Can Pastilla,2025-09-05 18:00:00,86.0,50.102016
Can Pastilla,2025-09-05 19:00:00,22.0,49.170643
Can Pastilla,2025-09-05 20:00:00,16.0,29.543276
Can Pastilla,2025-09-06 08:00:00,25.0,21.892605
Can Pastilla,2025-09-06 09:00:00,4.0,21.867533
Can Pastilla,2025-09-06 10:00:00,12.0,28.070786
Can Pastilla,2025-09-06 11:00:00,12.0,36.33493
Can Pastilla,2025-09-06 12:00:00,4.0,37.61591
Can Pastilla,2025-09-06 13:00:00,10.0,37.562355
Can Pastilla,2025-09-06 14:00:00,5.0,33.715103
Can Pastilla,2025-09-06 15:00:00,9.0,31.443441
Can Pastilla,2025-09-06 16:00:00,28.0,27.500572
Can Pastilla,2025-09-06 17:00:00,7.0,26.361475
Can Pastilla,2025-09-06 18:00:00,6.0,33.842052
Can Pastilla,2025-09-06 19:00:00,10.0,32.79801
Can Pastilla,2025-09-06 20:00:00,70.0,26.831495
Can Pastilla,2025-09-07 08:00:00,22.0,23.087605
Can Pastilla,2025-09-07 09:00:00,4.0,20.303858
Can Pastilla,2025-09-07 10:00:00,36.0,20.956251
Can Pastilla,2025-09-07 11:00:00,43.0,22.471603
Can Pastilla,2025-09-07 13:00:00,67.0,30.800055
Can Pastilla,2025-09-07 14:00:00,57.0,40.124798
Can Pastilla,2025-09-07 15:00:00,132.0,41.431637
Can Pastilla,2025-09-07 16:00:00,41.0,38.942726
Can Pastilla,2025-09-07 17:00:00,73.0,88.31098
Can Pastilla,2025-09-07 18:00:00,51.0,35.147514
Can Pastilla,2025-09-07 19:00:00,20.0,44.806473
Can Pastilla,2025-09-07 20:00:00,13.0,30.86832
Can Pastilla,2025-09-08 08:00:00,10.0,28.089535
Can Pastilla,2025-09-08 09:00:00,28.0,17.35379
Can Pastilla,2025-09-08 10:00:00,5.0,32.44592
Can Pastilla,2025-09-08 11:00:00,44.0,18.102713
Can Pastilla,2025-09-08 12:00:00,180.0,22.234852
Can Pastilla,2025-09-08 13:00:00,60.0,40.11512
Can Pastilla,2025-09-08 14:00:00,91.0,48.085693
Can Pastilla,2025-09-08 15:00:00,71.0,53.681957
Can Pastilla,2025-09-08 16:00:00,73.0,54.06669
Can Pastilla,2025-09-08 17:00:00,154.0,44.12616
Can Pastilla,2025-09-08 18:00:00,83.0,31.165915
Can Pastilla,2025-09-08 19:00:00,49.0,34.596443
Can Pastilla,2025-09-08 20:00:00,17.0,36.818394
Can Pastilla,2025-09-09 08:00:00,9.0,25.593721
Can Pastilla,2025-09-09 09:00:00,5.0,18.475185
Can Pastilla,2025-09-09 10:00:00,23.0,18.493233
Can Pastilla,2025-09-09 11:00:00,52.0,21.796638
Can Pastilla,2025-09-09 12:00:00,75.0,21.082436
Can Pastilla,2025-09-09 13:00:00,86.0,31.53227
Can Pastilla,2025-09-09 14:00:00,45.0,42.2438
Can Pastilla,2025-09-09 15:00:00,68.0,47.259132
Can Pastilla,2025-09-09 16:00:00,48.0,33.19526
Can Pastilla,2025-09-09 17:00:00,92.0,41.0889
Can Pastilla,2025-09-09 18:00:00,46.0,29.680723
Can Pastilla,2025-09-09 19:00:00,30.0,33.086403
Can Pastilla,2025-09-09 20:00:00,53.0,34.45574
Can Pastilla,2025-09-10 08:00:00,5.0,29.441454
Can Pastilla,2025-09-10 09:00:00,7.0,32.038643
Can Pastilla,2025-09-10 10:00:00,7.0,27.75669
Can Pastilla,2025-09-10 11:00:00,18.0,16.989668
Can Pastilla,2025-09-10 12:00:00,47.0,29.777498
Can Pastilla,2025-09-10 13:00:00,83.0,40.00865
Can Pastilla,2025-09-10 14:00:00,103.0,51.335747
Can Pastilla,2025-09-10 15:00:00,62.0,65.223495
Can Pastilla,2025-09-10 16:00:00,49.0,55.160515
Can Pastilla,2025-09-10 17:00:00,37.0,40.599827
Can Pastilla,2025-09-10 18:00:00,18.0,36.40433
Can Pastilla,2025-09-10 19:00:00,68.0,36.265392
Can Pastilla,2025-09-10 20:00:00,121.0,42.890476
Can Pastilla,2025-09-11 08:00:00,10.0,31.296701
Can Pastilla,2025-09-11 09:00:00,19.0,26.486746
Can Pastilla,2025-09-11 10:00:00,25.0,31.105314
Can Pastilla,2025-09-11 11:00:00,86.0,24.971848
Can Pastilla,2025-09-11 12:00:00,237.0,26.703602
Can Pastilla,2025-09-11 13:00:00,99.0,38.83762
Can Pastilla,2025-09-11 14:00:00,80.0,50.675484
Can Pastilla,2025-09-11 15:00:00,52.0,99.989006
Can Pastilla,2025-09-11 16:00:00,61.0,65.79413
Can Pastilla,2025-09-11 17:00:00,68.0,63.37412
Can Pastilla,2025-09-11 18:00:00,59.0,52.475044
Can Pastilla,2025-09-11 19:00:00,170.0,51.81404
Can Pastilla,2025-09-11 20:00:00,148.0,46.418148
Can Pastilla,2025-09-12 08:00:00,15.0,38.327736
Can Pastilla,2025-09-12 09:00:00,21.0,34.75042
Can Pastilla,2025-09-12 10:00:00,16.0,30.100267
Can Pastilla,2025-09-12 11:00:00,36.0,30.824219
Can Pastilla,2025-09-12 12:00:00,102.0,38.78301
Can Pastilla,2025-09-12 13:00:00,58.0,43.750443
Can Pastilla,2025-09-12 14:00:00,106.0,51.320595
Can Pastilla,2025-09-12 15:00:00,49.0,60.77178
Can Pastilla,2025-09-12 16:00:00,43.0,58.003925
Can Pastilla,2025-09-12 17:00:00,69.0,54.26333
Can Pastilla,2025-09-12 18:00:00,46.0,50.31529
Can Pastilla,2025-09-12 19:00:00,55.0,48.419888
Can Pastilla,2025-09-12 20:00:00,28.0,40.993023
Can Pastilla,2025-09-13 08:00:00,6.0,32.4998
Can Pastilla,2025-09-13 09:00:00,5.0,24.460136
Can Pastilla,2025-09-13 10:00:00,5.0,33.96035
Can Pastilla,2025-09-13 11:00:00,37.0,28.243395
Can Pastilla,2025-09-13 12:00:00,97.0,31.146431
Can Pastilla,2025-09-13 13:00:00,54.0,42.782417
Can Pastilla,2025-09-13 14:00:00,64.0,54.834114
Can Pastilla,2025-09-13 15:00:00,68.0,55.58326
Can Pastilla,2025-09-13 16:00:00,58.0,49.403336
Can Pastilla,2025-09-13 17:00:00,33.0,47.53981
Can Pastilla,2025-09-13 18:00:00,31.0,66.42798
Can Pastilla,2025-09-13 19:00:00,10.0,43.544308
Can Pastilla,2025-09-13 20:00:00,6.0,35.89223
Can Pastilla,2025-09-14 08:00:00,5.0,32.5816
Can Pastilla,2025-09-14 09:00:00,6.0,28.206776
Can Pastilla,2025-09-14 10:00:00,126.0,58.138847
Can Pastilla,2025-09-14 11:00:00,36.0,38.538284
Can Pastilla,2025-09-14 12:00:00,84.0,46.32973
Can Pastilla,2025-09-14 13:00:00,102.0,57.371937
Can Pastilla,2025-09-14 14:00:00,66.0,67.753235
Can Pastilla,2025-09-14 15:00:00,56.0,81.094475
Can Pastilla,2025-09-14 16:00:00,64.0,79.476974
Can Pastilla,2025-09-14 17:00:00,62.0,97.72153
Can Pastilla,2025-09-14 18:00:00,12.0,104.99925
Can Pastilla,2025-09-14 19:00:00,15.0,57.19391
Can Pastilla,2025-09-14 20:00:00,5.0,42.76559
Can Pastilla,2025-09-15 08:00:00,8.0,22.442574
Can Pastilla,2025-09-15 09:00:00,6.0,24.248892
Can Pastilla,2025-09-15 10:00:00,79.0,34.140797
Can Pastilla,2025-09-15 11:00:00,214.0,37.338947
Can Pastilla,2025-09-15 12:00:00,92.0,52.2459
Can Pastilla,2025-09-15 13:00:00,74.0,63.546185
Can Pastilla,2025-09-15 14:00:00,38.0,61.074932
Can Pastilla,2025-09-15 15:00:00,61.0,86.66699
Can Pastilla,2025-09-15 16:00:00,86.0,66.27592
Can Pastilla,2025-09-15 17:00:00,73.0,59.05446
Can Pastilla,2025-09-15 18:00:00,135.0,56.07373
Can Pastilla,2025-09-15 19:00:00,50.0,52.558018
Can Pastilla,2025-09-15 20:00:00,5.0,40.004387
Can Pastilla,2025-09-16 08:00:00,9.0,20.479908
Can Pastilla,2025-09-16 09:00:00,6.0,25.493053
Can Pastilla,2025-09-16 10:00:00,18.0,34.657818
Can Pastilla,2025-09-17 12:00:00,10.0,37.947468
Can Pastilla,2025-09-17 13:00:00,57.0,48.050365
Can Pastilla,2025-09-17 14:00:00,85.0,56.598064
Can Pastilla,2025-09-17 15:00:00,41.0,63.44128
Can Pastilla,2025-09-17 16:00:00,69.0,57.620525
Can Pastilla,2025-09-17 17:00:00,51.0,53.12482
Can Pastilla,2025-09-17 18:00:00,44.0,46.915817
Can Pastilla,2025-09-17 19:00:00,15.0,50.103138
Can Pastilla,2025-09-17 20:00:00,16.0,43.527813
Can Pastilla,2025-09-18 08:00:00,5.0,35.38914
Can Pastilla,2025-09-18 09:00:00,6.0,31.82695
Can Pastilla,2025-09-18 10:00:00,5.0,32.30038
Can Pastilla,2025-09-18 11:00:00,36.0,28.661148
Can Pastilla,2025-09-18 12:00:00,114.0,33.056896
Can Pastilla,2025-09-18 13:00:00,88.0,40.62352
Can Pastilla,2025-09-18 14:00:00,105.0,55.84166
Can Pastilla,2025-09-18 15:00:00,31.0,64.370476
Can Pastilla,2025-09-18 16:00:00,51.0,58.251217
Can Pastilla,2025-09-18 17:00:00,45.0,50.42872
Can Pastilla,2025-09-18 18:00:00,31.0,46.99693
Can Pastilla,2025-09-18 19:00:00,10.0,49.434242
Can Pastilla,2025-09-18 20:00:00,7.0,42.57963
Can Pastilla,2025-09-19 08:00:00,7.0,35.382927
Can Pastilla,2025-09-19 09:00:00,7.0,36.104767
Can Pastilla,2025-09-19 10:00:00,5.0,61.183865
Can Pastilla,2025-09-19 11:00:00,41.0,31.087513
Can Pastilla,2025-09-19 12:00:00,81.0,28.02489
Can Pastilla,2025-09-19 13:00:00,36.0,30.204723
Can Pastilla,2025-09-19 14:00:00,22.0,45.484997
Can Pastilla,2025-09-19 15:00:00,21.0,54.318813
Can Pastilla,2025-09-19 16:00:00,34.0,53.290848
Can Pastilla,2025-09-19 17:00:00,22.0,78.3231
Can Pastilla,2025-09-19 18:00:00,23.0,71.14265
Can Pastilla,2025-09-19 19:00:00,51.0,56.723255
Can Pastilla,2025-09-19 20:00:00,44.0,40.51316
Can Pastilla,2025-09-20 08:00:00,24.0,29.73804
Can Pastilla,2025-09-20 09:00:00,15.0,22.405062
Can Pastilla,2025-09-20 10:00:00,6.0,19.098392
Can Pastilla,2025-09-20 11:00:00,31.0,30.984863
Can Pastilla,2025-09-20 12:00:00,14.0,25.666807
Can Pastilla,2025-09-20 13:00:00,8.0,35.546684
Can Pastilla,2025-09-20 14:00:00,20.0,43.576347
Can Pastilla,2025-09-20 15:00:00,14.0,37.0669
Can Pastilla,2025-09-20 16:00:00,6.0,56.178596
Can Pastilla,2025-09-20 17:00:00,15.0,37.141937
Can Pastilla,2025-09-20 18:00:00,9.0,39.209774
Can Pastilla,2025-09-20 19:00:00,6.0,39.901398
Can Pastilla,2025-09-20 20:00:00,14.0,33.445053
Can Pastilla,2025-09-21 08:00:00,5.0,30.444841
Can Pastilla,2025-09-21 09:00:00,5.0,31.58907
Can Pastilla,2025-09-21 10:00:00,6.0,23.521713
Can Pastilla,2025-09-21 11:00:00,53.0,27.00107
Can Pastilla,2025-09-21 12:00:00,163.0,30.008581
Can Pastilla,2025-09-21 13:00:00,42.0,35.765713
Can Pastilla,2025-09-21 14:00:00,25.0,46.69191
Can Pastilla,2025-09-21 15:00:00,25.0,53.24265
Can Pastilla,2025-09-21 16:00:00,26.0,51.33313
Can Pastilla,2025-09-21 17:00:00,23.0,53.047096
Can Pastilla,2025-09-21 18:00:00,15.0,44.125973
Can Pastilla,2025-09-21 19:00:00,33.0,38.759876
Can Pastilla,2025-09-21 20:00:00,17.0,32.255093
Can Pastilla,2025-09-22 08:00:00,5.0,28.111635
Can Pastilla,2025-09-22 09:00:00,6.0,36.503376
Can Pastilla,2025-09-22 10:00:00,9.0,31.952724
Can Pastilla,2025-09-22 11:00:00,16.0,30.47473
Can Pastilla,2025-09-22 12:00:00,47.0,23.20792
Can Pastilla,2025-09-22 13:00:00,47.0,25.850363
Can Pastilla,2025-09-22 14:00:00,33.0,40.083942
Can Pastilla,2025-09-22 15:00:00,26.0,40.826595
Can Pastilla,2025-09-22 16:00:00,36.0,40.2637
Can Pastilla,2025-09-22 17:00:00,34.0,40.2133
Can Pastilla,2025-09-22 18:00:00,18.0,38.88639
Can Pastilla,2025-09-22 19:00:00,21.0,37.366386
Can Pastilla,2025-09-22 20:00:00,11.0,36.196014
Can Pastilla,2025-09-23 08:00:00,6.0,25.837513
Can Pastilla,2025-09-23 09:00:00,5.0,24.231808
Can Pastilla,2025-09-23 10:00:00,5.0,20.955606
Can Pastilla,2025-09-23 11:00:00,88.0,18.477798
Can Pastilla,2025-09-23 12:00:00,237.0,17.704142
Can Pastilla,2025-09-23 13:00:00,37.0,24.652668
Can Pastilla,2025-09-23 14:00:00,65.0,38.56216
Can Pastilla,2025-09-23 15:00:00,28.0,41.039837
Can Pastilla,2025-09-23 16:00:00,39.0,29.01955
Can Pastilla,2025-09-23 17:00:00,37.0,29.169392
Can Pastilla,2025-09-23 18:00:00,25.0,27.100338
Can Pastilla,2025-09-23 19:00:00,127.0,27.13983
Can Pastilla,2025-09-23 20:00:00,44.0,23.826302
Can Pastilla,2025-09-24 08:00:00,14.0,16.047165
Can Pastilla,2025-09-24 09:00:00,24.0,20.055746
Can Pastilla,2025-09-24 10:00:00,8.0,22.155495
Can Pastilla,2025-09-24 11:00:00,106.0,13.078401
Can Pastilla,2025-09-24 12:00:00,126.0,18.130617
Can Pastilla,2025-09-24 13:00:00,40.0,21.658573
Can Pastilla,2025-09-24 14:00:00,23.0,30.694118
Can Pastilla,2025-09-24 15:00:00,39.0,36.037697
Can Pastilla,2025-09-24 16:00:00,73.0,33.92463
Can Pastilla,2025-09-24 17:00:00,43.0,33.12409
Can Pastilla,2025-09-24 18:00:00,16.0,24.07634
Can Pastilla,2025-09-24 19:00:00,6.0,26.7881
Can Pastilla,2025-09-24 20:00:00,10.0,26.958735
Can Pastilla,2025-09-25 08:00:00,5.0,16.698376
Can Pastilla,2025-09-25 09:00:00,5.0,19.866781
Can Pastilla,2025-09-25 10:00:00,5.0,24.268877
Can Pastilla,2025-09-25 11:00:00,12.0,12.3946905
Can Pastilla,2025-09-25 12:00:00,19.0,14.195651
Can Pastilla,2025-09-25 13:00:00,32.0,18.66133
Can Pastilla,2025-09-25 14:00:00,28.0,27.170265
Can Pastilla,2025-09-25 15:00:00,28.0,40.477577
Can Pastilla,2025-09-25 16:00:00,30.0,33.06502
Can Pastilla,2025-09-25 17:00:00,31.0,32.654644
Can Pastilla,2025-09-25 18:00:00,17.0,26.185087
Can Pastilla,2025-09-25 19:00:00,131.0,24.319405
Can Pastilla,2025-09-25 20:00:00,16.0,23.547255
Can Pastilla,2025-09-26 08:00:00,15.0,14.677978
Can Pastilla,2025-09-26 09:00:00,4.0,8.248461
Can Pastilla,2025-09-26 10:00:00,7.0,68.92662
Can Pastilla,2025-09-26 11:00:00,48.0,25.967175
Can Pastilla,2025-09-26 12:00:00,100.0,24.782446
Can Pastilla,2025-09-26 13:00:00,20.0,29.467627
Can Pastilla,2025-09-26 14:00:00,26.0,33.700073
Can Pastilla,2025-09-26 15:00:00,51.0,39.895504
Can Pastilla,2025-09-26 16:00:00,17.0,35.573524
Can Pastilla,2025-09-26 17:00:00,10.0,47.849625
Can Pastilla,2025-09-26 18:00:00,12.0,46.780468
Can Pastilla,2025-09-26 19:00:00,60.0,36.947994
Can Pastilla,2025-09-26 20:00:00,82.0,34.605778
Can Pastilla,2025-09-27 08:00:00,29.0,26.48064
Can Pastilla,2025-09-27 09:00:00,14.0,24.483728
Can Pastilla,2025-09-27 10:00:00,9.0,27.04227
Can Pastilla,2025-09-27 11:00:00,6.0,33.81587
Can Pastilla,2025-09-27 12:00:00,10.0,25.328535
Can Pastilla,2025-09-27 13:00:00,17.0,33.8218
Can Pastilla,2025-09-27 14:00:00,12.0,39.68789
Can Pastilla,2025-09-27 15:00:00,9.0,48.042747
Can Pastilla,2025-09-27 16:00:00,7.0,39.424824
Can Pastilla,2025-09-27 17:00:00,5.0,39.689686
Can Pastilla,2025-09-27 18:00:00,6.0,40.87701
Can Pastilla,2025-09-27 19:00:00,11.0,37.09016
Can Pastilla,2025-09-27 20:00:00,6.0,31.023853
Can Pastilla,2025-09-28 08:00:00,5.0,22.43321
Can Pastilla,2025-09-28 09:00:00,6.0,22.252132
Can Pastilla,2025-09-28 10:00:00,57.0,25.532804
Can Pastilla,2025-09-28 11:00:00,82.0,34.398727
Can Pastilla,2025-09-28 12:00:00,31.0,37.166523
Can Pastilla,2025-09-28 13:00:00,25.0,39.7968
Can Pastilla,2025-09-28 14:00:00,25.0,44.827892
Can Pastilla,2025-09-28 15:00:00,12.0,42.991722
Can Pastilla,2025-09-28 16:00:00,14.0,38.018093
Can Pastilla,2025-09-28 17:00:00,9.0,74.0712
Can Pastilla,2025-09-28 18:00:00,119.0,37.82659
Can Pastilla,2025-09-28 19:00:00,76.0,33.496807
Can Pastilla,2025-09-28 20:00:00,15.0,27.714657
Can Pastilla,2025-09-29 08:00:00,18.0,15.39021
Can Pastilla,2025-09-29 09:00:00,7.0,27.732635
Can Pastilla,2025-09-29 10:00:00,102.0,26.860767
Can Pastilla,2025-09-29 11:00:00,214.0,24.655588
Can Pastilla,2025-09-29 12:00:00,51.0,28.11486
Can Pastilla,2025-09-29 13:00:00,54.0,45.14839
Can Pastilla,2025-09-29 14:00:00,31.0,48.283154
Can Pastilla,2025-09-29 15:00:00,25.0,43.821922
Can Pastilla,2025-09-29 16:00:00,29.0,39.65249
Can Pastilla,2025-09-29 17:00:00,7.0,42.285297
Can Pastilla,2025-09-29 18:00:00,148.0,39.505013
Can Pastilla,2025-09-29 19:00:00,67.0,38.15027
Can Pastilla,2025-09-29 20:00:00,21.0,19.820005
Can Pastilla 2,2025-09-01 08:00:00,38.0,95.01716
Can Pastilla 2,2025-09-01 09:00:00,52.0,58.673862
Can Pastilla 2,2025-09-01 10:00:00,44.0,53.272297
Can Pastilla 2,2025-09-01 11:00:00,132.0,22.929983
Can Pastilla 2,2025-09-01 12:00:00,151.0,36.851574
Can Pastilla 2,2025-09-01 13:00:00,182.0,54.177063
Can Pastilla 2,2025-09-01 14:00:00,166.0,96.26903
Can Pastilla 2,2025-09-01 15:00:00,137.0,129.35353
Can Pastilla 2,2025-09-01 16:00:00,161.0,145.35007
Can Pastilla 2,2025-09-01 17:00:00,162.0,129.86708
Can Pastilla 2,2025-09-01 18:00:00,153.0,120.59073
Can Pastilla 2,2025-09-01 19:00:00,105.0,112.51451
Can Pastilla 2,2025-09-01 20:00:00,79.0,117.54865
Can Pastilla 2,2025-09-02 08:00:00,55.0,90.10167
Can Pastilla 2,2025-09-02 09:00:00,30.0,54.84262
Can Pastilla 2,2025-09-02 10:00:00,21.0,56.560425
Can Pastilla 2,2025-09-02 11:00:00,97.0,26.658993
Can Pastilla 2,2025-09-02 12:00:00,120.0,37.023212
Can Pastilla 2,2025-09-02 13:00:00,138.0,46.06024
Can Pastilla 2,2025-09-02 14:00:00,125.0,83.6313
Can Pastilla 2,2025-09-02 15:00:00,119.0,116.94275
Can Pastilla 2,2025-09-02 16:00:00,150.0,117.39551
Can Pastilla 2,2025-09-02 17:00:00,147.0,114.72883
Can Pastilla 2,2025-09-02 18:00:00,125.0,113.08253
Can Pastilla 2,2025-09-02 19:00:00,100.0,112.479546
Can Pastilla 2,2025-09-02 20:00:00,36.0,107.006615
Can Pastilla 2,2025-09-03 08:00:00,43.0,62.83495
Can Pastilla 2,2025-09-03 09:00:00,42.0,53.90702
Can Pastilla 2,2025-09-03 10:00:00,19.0,44.476482
Can Pastilla 2,2025-09-03 11:00:00,78.0,24.833872
Can Pastilla 2,2025-09-03 12:00:00,119.0,36.62771
Can Pastilla 2,2025-09-03 13:00:00,162.0,55.65174
Can Pastilla 2,2025-09-03 14:00:00,143.0,89.80048
Can Pastilla 2,2025-09-03 15:00:00,145.0,127.62603
Can Pastilla 2,2025-09-03 16:00:00,132.0,137.49713
Can Pastilla 2,2025-09-03 17:00:00,136.0,131.4399
Can Pastilla 2,2025-09-03 18:00:00,127.0,130.13356
Can Pastilla 2,2025-09-03 19:00:00,87.0,135.23026
Can Pastilla 2,2025-09-03 20:00:00,42.0,136.81876
Can Pastilla 2,2025-09-04 08:00:00,80.0,97.37279
Can Pastilla 2,2025-09-04 09:00:00,84.0,71.89455
Can Pastilla 2,2025-09-04 10:00:00,32.0,62.72655
Can Pastilla 2,2025-09-04 11:00:00,60.0,21.79331
Can Pastilla 2,2025-09-04 12:00:00,135.0,20.389534
Can Pastilla 2,2025-09-04 13:00:00,124.0,54.043076
Can Pastilla 2,2025-09-04 14:00:00,163.0,93.836555
Can Pastilla 2,2025-09-04 15:00:00,116.0,146.38553
Can Pastilla 2,2025-09-04 16:00:00,81.0,156.172
Can Pastilla 2,2025-09-04 17:00:00,129.0,141.20938
Can Pastilla 2,2025-09-04 18:00:00,91.0,133.2347
Can Pastilla 2,2025-09-04 19:00:00,70.0,155.77882
Can Pastilla 2,2025-09-04 20:00:00,57.0,137.44577
Can Pastilla 2,2025-09-05 08:00:00,76.0,93.9396
Can Pastilla 2,2025-09-05 09:00:00,24.0,73.620705
Can Pastilla 2,2025-09-05 10:00:00,31.0,66.807365
Can Pastilla 2,2025-09-05 11:00:00,50.0,21.691889
Can Pastilla 2,2025-09-05 12:00:00,52.0,28.581573
Can Pastilla 2,2025-09-05 13:00:00,96.0,47.525208
Can Pastilla 2,2025-09-05 14:00:00,127.0,87.92071
Can Pastilla 2,2025-09-05 15:00:00,103.0,121.08639
Can Pastilla 2,2025-09-05 16:00:00,119.0,119.31116
Can Pastilla 2,2025-09-05 17:00:00,118.0,132.13615
Can Pastilla 2,2025-09-05 18:00:00,131.0,112.27812
Can Pastilla 2,2025-09-05 19:00:00,97.0,137.306
Can Pastilla 2,2025-09-05 20:00:00,55.0,127.952995
Can Pastilla 2,2025-09-06 08:00:00,64.0,85.98176
Can Pastilla 2,2025-09-06 09:00:00,35.0,58.291386
Can Pastilla 2,2025-09-06 10:00:00,54.0,58.143227
Can Pastilla 2,2025-09-06 11:00:00,40.0,25.631424
Can Pastilla 2,2025-09-06 12:00:00,27.0,25.060474
Can Pastilla 2,2025-09-06 13:00:00,22.0,23.618355
Can Pastilla 2,2025-09-06 14:00:00,17.0,54.374496
Can Pastilla 2,2025-09-06 15:00:00,17.0,96.75404
Can Pastilla 2,2025-09-06 16:00:00,23.0,60.583218
Can Pastilla 2,2025-09-06 17:00:00,24.0,74.32876
Can Pastilla 2,2025-09-06 18:00:00,24.0,95.76646
Can Pastilla 2,2025-09-06 19:00:00,24.0,97.34325
Can Pastilla 2,2025-09-06 20:00:00,24.0,75.12497
Can Pastilla 2,2025-09-07 08:00:00,24.0,57.238144
Can Pastilla 2,2025-09-07 09:00:00,24.0,48.03544
Es Pujols,2025-09-01 08:00:00,17.0,36.37562
Es Pujols,2025-09-01 09:00:00,8.0,30.011961
Es Pujols,2025-09-01 10:00:00,10.0,27.529451
Es Pujols,2025-09-01 11:00:00,22.0,29.289547
Es Pujols,2025-09-01 12:00:00,40.0,34.47384
Es Pujols,2025-09-01 13:00:00,82.0,37.742336
Es Pujols,2025-09-01 14:00:00,75.0,53.740765
Es Pujols,2025-09-01 15:00:00,72.0,58.248375
Es Pujols,2025-09-01 16:00:00,81.0,56.285503
Es Pujols,2025-09-01 17:00:00,73.0,49.61066
Es Pujols,2025-09-01 18:00:00,63.0,48.91488
Es Pujols,2025-09-01 19:00:00,42.0,45.098137
Es Pujols,2025-09-01 20:00:00,39.0,39.1231
Es Pujols,2025-09-02 08:00:00,15.0,34.656487
Es Pujols,2025-09-02 09:00:00,7.0,30.461058
Es Pujols,2025-09-02 10:00:00,7.0,34.35888
Es Pujols,2025-09-02 11:00:00,16.0,26.525513
Es Pujols,2025-09-02 12:00:00,31.0,32.09173
Es Pujols,2025-09-02 13:00:00,27.0,34.69386
Es Pujols,2025-09-02 14:00:00,36.0,49.849937
Es Pujols,2025-09-02 15:00:00,34.0,55.72655
Es Pujols,2025-09-02 16:00:00,39.0,57.295948
Es Pujols,2025-09-02 17:00:00,25.0,53.85612
Es Pujols,2025-09-02 18:00:00,18.0,52.015812
Es Pujols,2025-09-02 19:00:00,19.0,48.576164
Es Pujols,2025-09-02 20:00:00,20.0,41.893696
Es Pujols,2025-09-03 08:00:00,30.0,36.93941
Es Pujols,2025-09-03 09:00:00,7.0,35.359394
Es Pujols,2025-09-03 10:00:00,6.0,36.514084
Es Pujols,2025-09-03 11:00:00,13.0,27.710745
Es Pujols,2025-09-03 12:00:00,9.0,27.56241
Es Pujols,2025-09-03 13:00:00,20.0,34.794617
Es Pujols,2025-09-03 14:00:00,19.0,51.567337
Es Pujols,2025-09-03 15:00:00,21.0,59.446213
Es Pujols,2025-09-03 16:00:00,27.0,57.249866
Es Pujols,2025-09-03 17:00:00,22.0,55.239532
Es Pujols,2025-09-03 18:00:00,29.0,47.839497
Es Pujols,2025-09-03 19:00:00,19.0,43.415718
Es Pujols,2025-09-03 20:00:00,19.0,43.79939
Es Pujols,2025-09-04 08:00:00,8.0,39.529747
Es Pujols,2025-09-04 09:00:00,5.0,31.549831
Es Pujols,2025-09-04 10:00:00,5.0,35.843884
Es Pujols,2025-09-04 11:00:00,14.0,31.837433
Es Pujols,2025-09-04 12:00:00,21.0,35.51442
Es Pujols,2025-09-04 13:00:00,22.0,43.703304
Es Pujols,2025-09-04 14:00:00,23.0,49.055016
Es Pujols,2025-09-04 15:00:00,24.0,59.777813
Es Pujols,2025-09-04 16:00:00,41.0,53.482834
Es Pujols,2025-09-04 17:00:00,22.0,53.596172
Es Pujols,2025-09-04 18:00:00,42.0,52.454678
Es Pujols,2025-09-04 19:00:00,35.0,48.159748
Es Pujols,2025-09-04 20:00:00,34.0,43.16189
Es Pujols,2025-09-05 08:00:00,35.0,35.852993
Es Pujols,2025-09-05 09:00:00,6.0,25.626345
Es Pujols,2025-09-05 10:00:00,7.0,31.561712
Es Pujols,2025-09-05 11:00:00,15.0,26.713982
Es Pujols,2025-09-05 12:00:00,22.0,38.839317
Es Pujols,2025-09-05 13:00:00,31.0,37.57876
Es Pujols,2025-09-05 14:00:00,40.0,51.009212
Es Pujols,2025-09-05 15:00:00,27.0,46.67846
Es Pujols,2025-09-05 16:00:00,16.0,43.637234
Es Pujols,2025-09-05 17:00:00,27.0,42.539867
Es Pujols,2025-09-05 18:00:00,29.0,38.6867
Es Pujols,2025-09-05 19:00:00,17.0,42.421055
Es Pujols,2025-09-05 20:00:00,15.0,36.817772
Es Pujols,2025-09-06 08:00:00,16.0,35.350666
Es Pujols,2025-09-06 09:00:00,10.0,25.976467
Es Pujols,2025-09-06 10:00:00,8.0,18.80867
Es Pujols,2025-09-06 11:00:00,21.0,24.023159
Es Pujols,2025-09-06 12:00:00,34.0,19.592981
Es Pujols,2025-09-06 13:00:00,27.0,21.277967
Es Pujols,2025-09-06 14:00:00,6.0,28.686718
Es Pujols,2025-09-06 15:00:00,15.0,28.104862
Es Pujols,2025-09-06 16:00:00,19.0,28.504044
Es Pujols,2025-09-06 17:00:00,28.0,27.698349
Es Pujols,2025-09-06 18:00:00,34.0,27.30305
Es Pujols,2025-09-06 19:00:00,39.0,27.37802
Es Pujols,2025-09-06 20:00:00,37.0,28.87639
Es Pujols,2025-09-07 08:00:00,43.0,20.277245
Es Pujols,2025-09-07 09:00:00,6.0,16.038334
Es Pujols,2025-09-07 10:00:00,16.0,22.844126
Es Pujols,2025-09-07 11:00:00,38.0,16.4472
Es Pujols,2025-09-07 12:00:00,48.0,18.715431
Es Pujols,2025-09-07 13:00:00,54.0,17.611662
Es Pujols,2025-09-07 14:00:00,36.0,20.765022
Es Pujols,2025-09-07 15:00:00,51.0,20.565344
Es Pujols,2025-09-07 16:00:00,48.0,24.66073
Es Pujols,2025-09-07 17:00:00,74.0,23.776768
Es Pujols,2025-09-07 18:00:00,60.0,25.22554
Es Pujols,2025-09-07 19:00:00,34.0,26.219612
Es Pujols,2025-09-07 20:00:00,31.0,21.28785
Es Pujols,2025-09-08 08:00:00,18.0,18.6298
Es Pujols,2025-09-08 09:00:00,10.0,16.822096
Es Pujols,2025-09-08 10:00:00,7.0,12.8927555
Es Pujols,2025-09-08 11:00:00,30.0,17.416065
Es Pujols,2025-09-08 12:00:00,36.0,19.313581
Es Pujols,2025-09-08 13:00:00,91.0,34.296734
Es Pujols,2025-09-08 14:00:00,77.0,32.258278
Es Pujols,2025-09-08 15:00:00,69.0,28.993666
Es Pujols,2025-09-08 16:00:00,52.0,21.572512
Es Pujols,2025-09-08 17:00:00,41.0,20.99326
Es Pujols,2025-09-08 18:00:00,25.0,20.852144
Es Pujols,2025-09-08 19:00:00,16.0,20.337887
Es Pujols,2025-09-08 20:00:00,9.0,6.6328025
Es Pujols,2025-09-09 08:00:00,8.0,5.930918
Es Pujols,2025-09-09 09:00:00,38.0,18.239315
Es Pujols,2025-09-09 10:00:00,62.0,18.186773
Es Pujols,2025-09-09 11:00:00,66.0,29.377354
Es Pujols,2025-09-09 12:00:00,48.0,29.557692
Es Pujols,2025-09-09 13:00:00,43.0,25.971485
Es Pujols,2025-09-09 14:00:00,69.0,24.658302
Es Pujols,2025-09-09 15:00:00,58.0,30.137474
Es Pujols,2025-09-09 16:00:00,46.0,27.768484
Es Pujols,2025-09-09 17:00:00,49.0,22.199545
Es Pujols,2025-09-09 18:00:00,23.0,25.566193
Es Pujols,2025-09-09 19:00:00,17.0,21.595345
Es Pujols,2025-09-09 20:00:00,8.0,12.819099
Es Pujols,2025-09-10 08:00:00,9.0,19.128502
Es Pujols,2025-09-10 09:00:00,21.0,14.4317465
Es Pujols,2025-09-10 10:00:00,47.0,18.349789
Es Pujols,2025-09-10 11:00:00,63.0,28.563099
Es Pujols,2025-09-10 12:00:00,38.0,40.255367
Es Pujols,2025-09-10 13:00:00,29.0,52.61546
Es Pujols,2025-09-10 14:00:00,35.0,50.780495
Es Pujols,2025-09-10 15:00:00,41.0,33.744232
Es Pujols,2025-09-10 16:00:00,32.0,30.403765
Es Pujols,2025-09-10 17:00:00,31.0,27.971584
Es Pujols,2025-09-10 18:00:00,16.0,34.16324
Es Pujols,2025-09-10 19:00:00,17.0,25.961124
Es Pujols,2025-09-10 20:00:00,12.0,12.836815
Es Pujols,2025-09-11 08:00:00,11.0,10.537734
Es Pujols,2025-09-11 09:00:00,24.0,20.56335
Es Pujols,2025-09-11 12:00:00,34.0,20.935215
Es Pujols,2025-09-11 13:00:00,41.0,23.620699
Es Pujols,2025-09-11 14:00:00,27.0,35.403637
Es Pujols,2025-09-11 15:00:00,30.0,46.744877
Es Pujols,2025-09-11 16:00:00,40.0,45.79111
Es Pujols,2025-09-11 17:00:00,42.0,37.753788
Es Pujols,2025-09-11 18:00:00,30.0,37.12998
Es Pujols,2025-09-11 19:00:00,20.0,38.46892
Es Pujols,2025-09-11 20:00:00,21.0,39.16984
Es Pujols,2025-09-12 08:00:00,13.0,35.95861
Es Pujols,2025-09-12 09:00:00,8.0,31.728134
Es Pujols,2025-09-12 10:00:00,11.0,33.73488
Es Pujols,2025-09-12 11:00:00,24.0,19.897583
Es Pujols,2025-09-12 12:00:00,27.0,29.674313
Es Pujols,2025-09-12 13:00:00,40.0,37.87124
Es Pujols,2025-09-12 14:00:00,35.0,46.26813
Es Pujols,2025-09-12 15:00:00,26.0,54.405212
Es Pujols,2025-09-12 16:00:00,42.0,51.98645
Es Pujols,2025-09-12 17:00:00,46.0,50.305855
Es Pujols,2025-09-12 18:00:00,30.0,41.848534
Es Pujols,2025-09-12 19:00:00,22.0,42.102108
Es Pujols,2025-09-12 20:00:00,24.0,37.827766
Es Pujols,2025-09-13 08:00:00,9.0,35.79653
Es Pujols,2025-09-13 09:00:00,10.0,26.480907
Es Pujols,2025-09-13 10:00:00,12.0,31.979128
Es Pujols,2025-09-13 11:00:00,31.0,28.660744
Es Pujols,2025-09-13 12:00:00,47.0,37.236397
Es Pujols,2025-09-13 13:00:00,42.0,35.56694
Es Pujols,2025-09-13 14:00:00,34.0,45.04045
Es Pujols,2025-09-13 15:00:00,36.0,48.579525
Es Pujols,2025-09-13 16:00:00,42.0,41.22964
Es Pujols,2025-09-13 17:00:00,43.0,37.60362
Es Pujols,2025-09-13 18:00:00,37.0,35.230274
Es Pujols,2025-09-13 19:00:00,19.0,34.493618
Es Pujols,2025-09-13 20:00:00,23.0,32.758804
Es Pujols,2025-09-14 08:00:00,7.0,31.083094
Es Pujols,2025-09-14 09:00:00,12.0,24.90141
Es Pujols,2025-09-14 10:00:00,10.0,21.343811
Es Pujols,2025-09-14 11:00:00,24.0,20.157269
Es Pujols,2025-09-14 12:00:00,36.0,22.469067
Es Pujols,2025-09-14 13:00:00,44.0,23.525423
Es Pujols,2025-09-14 14:00:00,41.0,34.689747
Es Pujols,2025-09-14 15:00:00,57.0,46.605286
Es Pujols,2025-09-14 16:00:00,49.0,42.180397
Es Pujols,2025-09-14 17:00:00,55.0,37.375553
Es Pujols,2025-09-14 18:00:00,54.0,32.098007
Es Pujols,2025-09-14 19:00:00,34.0,28.142923
Es Pujols,2025-09-14 20:00:00,26.0,30.518305
Es Pujols,2025-09-15 08:00:00,6.0,24.159058
Es Pujols,2025-09-15 09:00:00,18.0,18.587492
Es Pujols,2025-09-15 10:00:00,10.0,19.261452
Es Pujols,2025-09-15 11:00:00,33.0,13.889518
Es Pujols,2025-09-15 12:00:00,40.0,17.438408
Es Pujols,2025-09-15 13:00:00,50.0,22.57997
Es Pujols,2025-09-15 14:00:00,50.0,31.660824
Es Pujols,2025-09-15 15:00:00,42.0,49.887062
Es Pujols,2025-09-15 16:00:00,33.0,33.881783
Es Pujols,2025-09-15 17:00:00,46.0,35.237038
Es Pujols,2025-09-15 18:00:00,34.0,27.990686
Es Pujols,2025-09-15 19:00:00,23.0,26.269178
Es Pujols,2025-09-15 20:00:00,26.0,24.479723
Es Pujols,2025-09-16 08:00:00,5.0,22.639914
Es Pujols,2025-09-16 09:00:00,14.0,16.710817
Es Pujols,2025-09-16 10:00:00,8.0,15.554462
Es Pujols,2025-09-16 11:00:00,20.0,14.126326
Es Pujols,2025-09-16 12:00:00,36.0,18.219263
Es Pujols,2025-09-16 13:00:00,52.0,24.826986
Es Pujols,2025-09-16 14:00:00,59.0,36.175823
Es Pujols,2025-09-16 15:00:00,47.0,43.392517
Es Pujols,2025-09-16 16:00:00,41.0,37.911488
Es Pujols,2025-09-16 17:00:00,31.0,36.116196
Es Pujols,2025-09-16 18:00:00,25.0,27.234896
Es Pujols,2025-09-16 19:00:00,22.0,25.710566
Es Pujols,2025-09-16 20:00:00,24.0,21.468853
Es Pujols,2025-09-17 08:00:00,8.0,22.513681
Es Pujols,2025-09-17 09:00:00,9.0,16.643646
Es Pujols,2025-09-17 10:00:00,8.0,18.30029
Es Pujols,2025-09-17 11:00:00,19.0,13.195169
Es Pujols,2025-09-17 12:00:00,20.0,14.994401
Es Pujols,2025-09-17 13:00:00,39.0,19.609026
Es Pujols,2025-09-17 14:00:00,39.0,38.015144
Es Pujols,2025-09-17 15:00:00,36.0,43.10158
Es Pujols,2025-09-17 16:00:00,41.0,45.97238
Es Pujols,2025-09-17 17:00:00,38.0,36.593056
Es Pujols,2025-09-17 18:00:00,23.0,35.08345
Es Pujols,2025-09-17 19:00:00,16.0,29.04165
Es Pujols,2025-09-17 20:00:00,20.0,32.77308
Es Pujols,2025-09-18 08:00:00,6.0,24.182877
Es Pujols,2025-09-18 09:00:00,9.0,25.018492
Es Pujols,2025-09-18 10:00:00,7.0,29.755426
Es Pujols,2025-09-18 11:00:00,25.0,20.258188
Es Pujols,2025-09-18 12:00:00,38.0,22.358286
Es Pujols,2025-09-18 13:00:00,42.0,30.625355
Es Pujols,2025-09-18 14:00:00,32.0,34.067852
Es Pujols,2025-09-18 15:00:00,33.0,47.184776
Es Pujols,2025-09-18 16:00:00,22.0,46.230988
Es Pujols,2025-09-18 17:00:00,33.0,39.737877
Es Pujols,2025-09-18 18:00:00,16.0,42.181988
Es Pujols,2025-09-18 19:00:00,23.0,36.63545
Es Pujols,2025-09-18 20:00:00,34.0,32.62382
Es Pujols,2025-09-19 08:00:00,7.0,27.569061
Es Pujols,2025-09-19 09:00:00,11.0,22.971416
Es Pujols,2025-09-19 10:00:00,14.0,29.129557
Es Pujols,2025-09-19 11:00:00,13.0,20.166798
Es Pujols,2025-09-19 12:00:00,16.0,20.231335
Es Pujols,2025-09-19 13:00:00,15.0,29.241089
Es Pujols,2025-09-19 14:00:00,15.0,36.34289
Es Pujols,2025-09-19 15:00:00,21.0,38.7078
Es Pujols,2025-09-19 16:00:00,20.0,37.227386
Es Pujols,2025-09-19 17:00:00,18.0,38.5694
Es Pujols,2025-09-19 18:00:00,16.0,34.279327
Es Pujols,2025-09-19 19:00:00,10.0,29.83602
Es Pujols,2025-09-19 20:00:00,21.0,29.984669
Es Pujols,2025-09-20 08:00:00,5.0,26.607214
Es Pujols,2025-09-20 09:00:00,6.0,19.805208
Es Pujols,2025-09-20 10:00:00,7.0,18.865522
Es Pujols,2025-09-20 11:00:00,16.0,16.36105
Es Pujols,2025-09-20 12:00:00,16.0,16.742409
Es Pujols,2025-09-20 13:00:00,9.0,19.855053
Es Pujols,2025-09-20 14:00:00,11.0,25.869692
Es Pujols,2025-09-20 15:00:00,12.0,29.399223
Es Pujols,2025-09-20 16:00:00,12.0,31.26005
Es Pujols,2025-09-20 17:00:00,10.0,29.159452
Es Pujols,2025-09-20 18:00:00,11.0,26.498587
Es Pujols,2025-09-20 19:00:00,9.0,25.447985
Es Pujols,2025-09-20 20:00:00,9.0,23.247421
Es Pujols,2025-09-21 08:00:00,5.0,20.02228
Es Pujols,2025-09-21 09:00:00,5.0,14.757127
Es Pujols,2025-09-21 10:00:00,6.0,18.69947
Es Pujols,2025-09-21 11:00:00,7.0,16.235443
Es Pujols,2025-09-21 12:00:00,10.0,18.9695
Es Pujols,2025-09-21 13:00:00,16.0,22.4865
Es Pujols,2025-09-21 14:00:00,22.0,29.988367
Es Pujols,2025-09-21 15:00:00,18.0,41.623535
Es Pujols,2025-09-21 16:00:00,18.0,39.94511
Es Pujols,2025-09-21 17:00:00,13.0,36.171104
Es Pujols,2025-09-21 18:00:00,13.0,29.343504
Es Pujols,2025-09-21 19:00:00,10.0,26.540184
Es Pujols,2025-09-21 20:00:00,6.0,23.947077
Es Pujols,2025-09-22 08:00:00,5.0,20.123333
Es Pujols,2025-09-22 09:00:00,5.0,14.354748
Es Pujols,2025-09-22 10:00:00,6.0,19.327087
Es Pujols,2025-09-22 11:00:00,9.0,16.072731
Es Pujols,2025-09-22 12:00:00,10.0,15.412014
Es Pujols,2025-09-22 13:00:00,16.0,19.883604
Es Pujols,2025-09-22 14:00:00,16.0,23.882063
Es Pujols,2025-09-22 15:00:00,18.0,25.626558
Es Pujols,2025-09-22 16:00:00,17.0,27.647142
Es Pujols,2025-09-22 17:00:00,27.0,20.850769
Es Pujols,2025-09-22 18:00:00,23.0,16.320644
Es Pujols,2025-09-22 19:00:00,9.0,16.763391
Es Pujols,2025-09-22 20:00:00,13.0,18.113333
Es Pujols,2025-09-23 08:00:00,5.0,14.764452
Es Pujols,2025-09-23 09:00:00,6.0,7.7318377
Es Pujols,2025-09-23 10:00:00,5.0,6.6686835
Es Pujols,2025-09-23 11:00:00,8.0,17.801203
Es Pujols,2025-09-23 12:00:00,14.0,18.980911
Es Pujols,2025-09-23 13:00:00,25.0,23.24845
Es Pujols,2025-09-23 14:00:00,24.0,25.803469
Es Pujols,2025-09-23 15:00:00,20.0,24.500822
Es Pujols,2025-09-23 16:00:00,23.0,25.11963
Es Pujols,2025-09-23 17:00:00,24.0,27.184011
Es Pujols,2025-09-23 18:00:00,27.0,23.29318
Es Pujols,2025-09-23 19:00:00,11.0,20.467295
Es Pujols,2025-09-23 20:00:00,18.0,18.6117
Es Pujols,2025-09-24 08:00:00,4.0,16.05297
Es Pujols,2025-09-24 09:00:00,5.0,8.155201
Es Pujols,2025-09-24 10:00:00,7.0,8.43069
Es Pujols,2025-09-24 11:00:00,11.0,15.668796
Es Pujols,2025-09-24 12:00:00,21.0,15.611136
Es Pujols,2025-09-24 13:00:00,30.0,14.719351
Es Pujols,2025-09-24 14:00:00,37.0,13.245002
Es Pujols,2025-09-24 15:00:00,23.0,13.134419
Es Pujols,2025-09-24 16:00:00,23.0,14.286206
Es Pujols,2025-09-24 17:00:00,11.0,14.158455
Es Pujols,2025-09-24 18:00:00,10.0,14.381867
Es Pujols,2025-09-24 19:00:00,11.0,11.561422
Es Pujols,2025-09-24 20:00:00,10.0,12.406202
Es Pujols,2025-09-25 08:00:00,7.0,10.888774
Es Pujols,2025-09-25 09:00:00,6.0,7.77122
Es Pujols,2025-09-25 10:00:00,11.0,13.317615
Es Pujols,2025-09-25 11:00:00,12.0,13.292555
Es Pujols,2025-09-25 12:00:00,20.0,13.02732
Es Pujols,2025-09-25 13:00:00,26.0,13.269701
Es Pujols,2025-09-25 14:00:00,45.0,14.861645
Es Pujols,2025-09-25 15:00:00,51.0,15.681758
Es Pujols,2025-09-25 16:00:00,45.0,14.306108
Es Pujols,2025-09-25 17:00:00,23.0,13.853015
Es Pujols,2025-09-25 18:00:00,14.0,12.799868
Es Pujols,2025-09-25 19:00:00,12.0,12.94994
Es Pujols,2025-09-25 20:00:00,4.0,10.977248
Es Pujols,2025-09-26 08:00:00,6.0,7.6634865
Es Pujols,2025-09-26 09:00:00,6.0,7.951848
Es Pujols,2025-09-26 10:00:00,11.0,13.243096
Es Pujols,2025-09-26 11:00:00,16.0,13.244155
Es Pujols,2025-09-26 12:00:00,24.0,12.616424
Es Pujols,2025-09-26 13:00:00,33.0,14.828412
Es Pujols,2025-09-26 14:00:00,18.0,15.755667
Es Pujols,2025-09-26 15:00:00,21.0,20.573599
Es Pujols,2025-09-26 16:00:00,38.0,18.478031
Es Pujols,2025-09-26 17:00:00,25.0,16.022194
Es Pujols,2025-09-26 18:00:00,9.0,15.726959
Es Pujols,2025-09-26 19:00:00,8.0,17.660933
Es Pujols,2025-09-26 20:00:00,7.0,14.599921
Es Pujols,2025-09-27 08:00:00,6.0,6.1480565
Es Pujols,2025-09-27 09:00:00,5.0,7.7217655
Es Pujols,2025-09-27 10:00:00,19.0,17.54556
Es Pujols,2025-09-27 11:00:00,25.0,15.209861
Es Pujols,2025-09-27 12:00:00,14.0,16.266815
Es Pujols,2025-09-27 13:00:00,19.0,17.0288
Es Pujols,2025-09-27 14:00:00,10.0,17.309715
Es Pujols,2025-09-27 15:00:00,20.0,16.875748
Es Pujols,2025-09-27 16:00:00,12.0,16.369133
Es Pujols,2025-09-27 17:00:00,11.0,15.015607
Es Pujols,2025-09-27 18:00:00,14.0,15.187391
Es Pujols,2025-09-27 20:00:00,16.0,16.057896
Es Pujols,2025-09-28 08:00:00,6.0,12.962248
Es Pujols,2025-09-28 09:00:00,9.0,5.7405043
Es Pujols,2025-09-28 10:00:00,6.0,7.920822
Es Pujols,2025-09-28 11:00:00,27.0,17.459177
Es Pujols,2025-09-28 12:00:00,31.0,15.58303
Es Pujols,2025-09-28 13:00:00,36.0,13.347749
Es Pujols,2025-09-28 14:00:00,41.0,17.79875
Es Pujols,2025-09-28 15:00:00,44.0,22.711655
Es Pujols,2025-09-28 16:00:00,36.0,19.888048
Es Pujols,2025-09-28 17:00:00,43.0,23.838167
Es Pujols,2025-09-28 18:00:00,37.0,17.19159
Es Pujols,2025-09-28 19:00:00,23.0,19.013506
Es Pujols,2025-09-28 20:00:00,23.0,19.416971
Es Pujols,2025-09-29 08:00:00,6.0,17.852615
Es Pujols,2025-09-29 09:00:00,6.0,9.966666
Es Pujols,2025-09-29 10:00:00,5.0,17.06103
Es Pujols,2025-09-29 11:00:00,24.0,17.28057
Es Pujols,2025-09-29 12:00:00,36.0,15.499999
Es Pujols,2025-09-29 13:00:00,46.0,18.093184
Es Pujols,2025-09-29 14:00:00,38.0,21.53594
Es Pujols,2025-09-29 15:00:00,35.0,18.21154
Es Pujols,2025-09-29 16:00:00,34.0,20.66517
Es Pujols,2025-09-29 17:00:00,35.0,15.3473835
Es Pujols,2025-09-29 18:00:00,42.0,15.79716
Es Pujols,2025-09-29 19:00:00,27.0,15.754745
Es Pujols,2025-09-29 20:00:00,21.0,18.410675
Peguera / Cala Fornells,2025-09-01 08:00:00,34.0,94.26626
Peguera / Cala Fornells,2025-09-01 09:00:00,5.0,42.67746
Peguera / Cala Fornells,2025-09-01 10:00:00,5.0,100.16044
Peguera / Cala Fornells,2025-09-01 11:00:00,188.0,22.663675
Peguera / Cala Fornells,2025-09-01 12:00:00,306.0,40.488323
Peguera / Cala Fornells,2025-09-01 13:00:00,323.0,54.32322
Peguera / Cala Fornells,2025-09-01 14:00:00,146.0,93.03321
Peguera / Cala Fornells,2025-09-01 15:00:00,130.0,112.81094
Peguera / Cala Fornells,2025-09-01 16:00:00,91.0,116.913475
Peguera / Cala Fornells,2025-09-01 17:00:00,126.0,109.17745
Peguera / Cala Fornells,2025-09-01 18:00:00,100.0,102.85092
Peguera / Cala Fornells,2025-09-01 19:00:00,74.0,104.32262
Peguera / Cala Fornells,2025-09-01 20:00:00,40.0,86.96692
Peguera / Cala Fornells,2025-09-02 08:00:00,45.0,70.68699
Peguera / Cala Fornells,2025-09-02 09:00:00,8.0,34.034336
Peguera / Cala Fornells,2025-09-02 10:00:00,5.0,41.427864
Peguera / Cala Fornells,2025-09-02 11:00:00,111.0,25.764795
Peguera / Cala Fornells,2025-09-02 12:00:00,369.0,38.538307
Peguera / Cala Fornells,2025-09-02 13:00:00,458.0,48.690018
Peguera / Cala Fornells,2025-09-02 14:00:00,133.0,82.93653
Peguera / Cala Fornells,2025-09-02 15:00:00,57.0,104.95223
Peguera / Cala Fornells,2025-09-02 16:00:00,47.0,108.07166
Peguera / Cala Fornells,2025-09-02 17:00:00,71.0,105.53047
Peguera / Cala Fornells,2025-09-02 18:00:00,69.0,95.1717
Peguera / Cala Fornells,2025-09-02 19:00:00,57.0,103.58644
Peguera / Cala Fornells,2025-09-02 20:00:00,30.0,90.91619
Peguera / Cala Fornells,2025-09-03 08:00:00,36.0,53.47311
Peguera / Cala Fornells,2025-09-03 09:00:00,6.0,43.14991
Peguera / Cala Fornells,2025-09-03 10:00:00,10.0,91.18906
Peguera / Cala Fornells,2025-09-03 11:00:00,152.0,26.027122
Peguera / Cala Fornells,2025-09-03 12:00:00,271.0,36.558784
Peguera / Cala Fornells,2025-09-03 13:00:00,255.0,56.997066
Peguera / Cala Fornells,2025-09-03 14:00:00,92.0,90.23624
Peguera / Cala Fornells,2025-09-03 15:00:00,49.0,124.21856
Peguera / Cala Fornells,2025-09-03 16:00:00,66.0,126.405754
Peguera / Cala Fornells,2025-09-03 17:00:00,68.0,122.67471
Peguera / Cala Fornells,2025-09-03 18:00:00,58.0,120.712166
Peguera / Cala Fornells,2025-09-03 19:00:00,55.0,129.79128
Peguera / Cala Fornells,2025-09-03 20:00:00,28.0,108.63407
Peguera / Cala Fornells,2025-09-04 08:00:00,28.0,78.37734
Peguera / Cala Fornells,2025-09-04 09:00:00,7.0,48.58115
Peguera / Cala Fornells,2025-09-04 10:00:00,5.0,102.909294
Peguera / Cala Fornells,2025-09-04 11:00:00,22.0,80.35358
Peguera / Cala Fornells,2025-09-04 12:00:00,50.0,23.60557
Peguera / Cala Fornells,2025-09-04 13:00:00,68.0,49.51044
Peguera / Cala Fornells,2025-09-04 14:00:00,41.0,95.55219
Peguera / Cala Fornells,2025-09-04 15:00:00,51.0,141.73244
Peguera / Cala Fornells,2025-09-04 16:00:00,40.0,144.99223
Peguera / Cala Fornells,2025-09-04 17:00:00,53.0,138.08273
Peguera / Cala Fornells,2025-09-04 18:00:00,34.0,141.61958
Peguera / Cala Fornells,2025-09-04 19:00:00,51.0,134.86737
Peguera / Cala Fornells,2025-09-04 20:00:00,26.0,121.39145
Peguera / Cala Fornells,2025-09-05 08:00:00,26.0,94.22114
Peguera / Cala Fornells,2025-09-05 09:00:00,6.0,49.601387
Peguera / Cala Fornells,2025-09-05 10:00:00,5.0,102.47641
Peguera / Cala Fornells,2025-09-05 11:00:00,29.0,88.801186
Peguera / Cala Fornells,2025-09-05 12:00:00,38.0,47.490147
Peguera / Cala Fornells,2025-09-05 13:00:00,39.0,52.983276
Peguera / Cala Fornells,2025-09-05 14:00:00,35.0,99.73208
Peguera / Cala Fornells,2025-09-05 15:00:00,28.0,125.804985
Peguera / Cala Fornells,2025-09-05 16:00:00,48.0,134.70432
Peguera / Cala Fornells,2025-09-05 17:00:00,89.0,133.44518
Peguera / Cala Fornells,2025-09-05 18:00:00,68.0,130.83266
Peguera / Cala Fornells,2025-09-05 19:00:00,46.0,139.23434
Peguera / Cala Fornells,2025-09-05 20:00:00,37.0,116.6007
Peguera / Cala Fornells,2025-09-06 08:00:00,33.0,89.42499
Peguera / Cala Fornells,2025-09-06 09:00:00,5.0,53.259335
Peguera / Cala Fornells,2025-09-06 10:00:00,7.0,98.447876
Peguera / Cala Fornells,2025-09-06 11:00:00,25.0,72.49502
Peguera / Cala Fornells,2025-09-06 12:00:00,21.0,25.396038
Peguera / Cala Fornells,2025-09-06 13:00:00,30.0,22.83204
Peguera / Cala Fornells,2025-09-06 14:00:00,28.0,69.34304
Peguera / Cala Fornells,2025-09-06 15:00:00,25.0,85.718956
Peguera / Cala Fornells,2025-09-06 16:00:00,15.0,88.51266
Peguera / Cala Fornells,2025-09-06 17:00:00,26.0,83.93805
Peguera / Cala Fornells,2025-09-06 18:00:00,26.0,81.47281
Peguera / Cala Fornells,2025-09-06 19:00:00,20.0,80.957825
Peguera / Cala Fornells,2025-09-06 20:00:00,29.0,60.014156
Peguera / Cala Fornells,2025-09-07 08:00:00,27.0,46.249027
Peguera / Cala Fornells,2025-09-07 09:00:00,6.0,36.038868
Peguera / Cala Fornells,2025-09-07 10:00:00,7.0,33.545124
Peguera / Cala Fornells,2025-09-07 11:00:00,175.0,20.89027
Peguera / Cala Fornells,2025-09-07 12:00:00,146.0,32.182106
Peguera / Cala Fornells,2025-09-07 13:00:00,134.0,52.287193
Peguera / Cala Fornells,2025-09-07 14:00:00,83.0,71.26797
Peguera / Cala Fornells,2025-09-07 15:00:00,68.0,90.432365
Peguera / Cala Fornells,2025-09-07 16:00:00,57.0,91.67781
Peguera / Cala Fornells,2025-09-07 17:00:00,46.0,92.61431
Peguera / Cala Fornells,2025-09-07 18:00:00,71.0,84.26173
Peguera / Cala Fornells,2025-09-07 19:00:00,45.0,87.39227
Peguera / Cala Fornells,2025-09-07 20:00:00,56.0,73.3099
Peguera / Cala Fornells,2025-09-08 08:00:00,19.0,39.527046
Peguera / Cala Fornells,2025-09-08 09:00:00,6.0,25.947332
Peguera / Cala Fornells,2025-09-08 10:00:00,8.0,28.638538
Peguera / Cala Fornells,2025-09-08 11:00:00,227.0,31.784204
Peguera / Cala Fornells,2025-09-08 12:00:00,321.0,36.136707
Peguera / Cala Fornells,2025-09-08 13:00:00,218.0,45.031124
Peguera / Cala Fornells,2025-09-08 14:00:00,85.0,52.99542
Peguera / Cala Fornells,2025-09-08 15:00:00,85.0,51.571323
Peguera / Cala Fornells,2025-09-08 16:00:00,55.0,56.63802
Peguera / Cala Fornells,2025-09-08 17:00:00,76.0,57.456295
Peguera / Cala Fornells,2025-09-08 18:00:00,58.0,51.93424
Peguera / Cala Fornells,2025-09-08 19:00:00,61.0,49.084347
Peguera / Cala Fornells,2025-09-08 20:00:00,35.0,35.85419
Peguera / Cala Fornells,2025-09-09 08:00:00,32.0,31.019554
Peguera / Cala Fornells,2025-09-09 09:00:00,6.0,27.529634
Peguera / Cala Fornells,2025-09-09 10:00:00,6.0,23.177408
Peguera / Cala Fornells,2025-09-09 11:00:00,162.0,24.625189
Peguera / Cala Fornells,2025-09-09 12:00:00,192.0,26.872751
Peguera / Cala Fornells,2025-09-09 13:00:00,78.0,28.20711
Peguera / Cala Fornells,2025-09-09 14:00:00,85.0,38.438374
Peguera / Cala Fornells,2025-09-09 15:00:00,117.0,44.500313
Peguera / Cala Fornells,2025-09-09 16:00:00,120.0,48.190533
Peguera / Cala Fornells,2025-09-09 17:00:00,117.0,42.473373
Peguera / Cala Fornells,2025-09-09 18:00:00,71.0,34.05213
Peguera / Cala Fornells,2025-09-09 19:00:00,66.0,36.176193
Peguera / Cala Fornells,2025-09-09 20:00:00,33.0,31.031286
Peguera / Cala Fornells,2025-09-10 08:00:00,28.0,23.315046
Peguera / Cala Fornells,2025-09-10 09:00:00,6.0,34.665833
Peguera / Cala Fornells,2025-09-10 10:00:00,6.0,33.58091
Peguera / Cala Fornells,2025-09-10 11:00:00,202.0,18.803288
Peguera / Cala Fornells,2025-09-10 12:00:00,434.0,33.16257
Peguera / Cala Fornells,2025-09-10 13:00:00,271.0,47.51343
Peguera / Cala Fornells,2025-09-10 14:00:00,146.0,62.511116
Peguera / Cala Fornells,2025-09-10 15:00:00,77.0,67.5182
Peguera / Cala Fornells,2025-09-10 16:00:00,79.0,78.95434
Peguera / Cala Fornells,2025-09-10 17:00:00,55.0,66.57038
Peguera / Cala Fornells,2025-09-10 18:00:00,52.0,60.191677
Peguera / Cala Fornells,2025-09-10 19:00:00,48.0,51.78626
Peguera / Cala Fornells,2025-09-10 20:00:00,55.0,48.26021
Peguera / Cala Fornells,2025-09-11 08:00:00,20.0,33.074818
Peguera / Cala Fornells,2025-09-11 09:00:00,7.0,70.9891
Peguera / Cala Fornells,2025-09-11 10:00:00,8.0,91.39207
Peguera / Cala Fornells,2025-09-11 11:00:00,36.0,51.004993
Peguera / Cala Fornells,2025-09-11 12:00:00,75.0,39.398327
Peguera / Cala Fornells,2025-09-11 13:00:00,130.0,48.39749
Peguera / Cala Fornells,2025-09-11 14:00:00,72.0,65.07026
Peguera / Cala Fornells,2025-09-11 15:00:00,106.0,85.39292
Peguera / Cala Fornells,2025-09-11 16:00:00,103.0,90.043175
Peguera / Cala Fornells,2025-09-11 17:00:00,102.0,105.89394
Peguera / Cala Fornells,2025-09-11 18:00:00,64.0,103.2709
Peguera / Cala Fornells,2025-09-11 19:00:00,92.0,106.52131
Peguera / Cala Fornells,2025-09-11 20:00:00,25.0,105.71615
Peguera / Cala Fornells,2025-09-12 08:00:00,22.0,59.646736
Peguera / Cala Fornells,2025-09-12 09:00:00,6.0,46.449265
Peguera / Cala Fornells,2025-09-12 10:00:00,7.0,45.186394
Peguera / Cala Fornells,2025-09-12 11:00:00,80.0,24.7026
Peguera / Cala Fornells,2025-09-12 12:00:00,91.0,36.25276
Peguera / Cala Fornells,2025-09-12 13:00:00,199.0,53.56467
Peguera / Cala Fornells,2025-09-12 14:00:00,81.0,77.66082
Peguera / Cala Fornells,2025-09-12 15:00:00,78.0,98.510086
Peguera / Cala Fornells,2025-09-12 16:00:00,121.0,99.018654
Peguera / Cala Fornells,2025-09-12 17:00:00,106.0,83.172676
Peguera / Cala Fornells,2025-09-12 18:00:00,70.0,80.08603
Peguera / Cala Fornells,2025-09-12 19:00:00,52.0,85.856865
Peguera / Cala Fornells,2025-09-12 20:00:00,33.0,83.799644
Peguera / Cala Fornells,2025-09-13 08:00:00,22.0,51.874203
Peguera / Cala Fornells,2025-09-13 09:00:00,11.0,35.972385
Peguera / Cala Fornells,2025-09-13 10:00:00,14.0,100.43146
Peguera / Cala Fornells,2025-09-13 11:00:00,114.0,80.37854
Peguera / Cala Fornells,2025-09-13 12:00:00,211.0,34.12177
Peguera / Cala Fornells,2025-09-13 13:00:00,115.0,50.44091
Peguera / Cala Fornells,2025-09-13 14:00:00,82.0,95.04081
Peguera / Cala Fornells,2025-09-13 15:00:00,110.0,120.96855
Peguera / Cala Fornells,2025-09-13 16:00:00,103.0,126.687035
Peguera / Cala Fornells,2025-09-13 17:00:00,112.0,106.37959
Peguera / Cala Fornells,2025-09-13 18:00:00,92.0,110.586525
Peguera / Cala Fornells,2025-09-13 19:00:00,47.0,105.2836
Peguera / Cala Fornells,2025-09-13 20:00:00,35.0,100.0416
Peguera / Cala Fornells,2025-09-14 08:00:00,18.0,60.30596
Peguera / Cala Fornells,2025-09-14 09:00:00,6.0,31.908546
Peguera / Cala Fornells,2025-09-14 10:00:00,17.0,34.340736
Peguera / Cala Fornells,2025-09-14 11:00:00,41.0,19.465061
Peguera / Cala Fornells,2025-09-14 12:00:00,103.0,29.024107
Peguera / Cala Fornells,2025-09-14 13:00:00,97.0,41.176334
Peguera / Cala Fornells,2025-09-14 14:00:00,60.0,73.277756
Peguera / Cala Fornells,2025-09-14 15:00:00,102.0,96.36882
Peguera / Cala Fornells,2025-09-14 16:00:00,124.0,99.175316
Peguera / Cala Fornells,2025-09-14 17:00:00,103.0,101.66705
Peguera / Cala Fornells,2025-09-14 18:00:00,55.0,86.40613
Peguera / Cala Fornells,2025-09-14 19:00:00,46.0,93.85163
Peguera / Cala Fornells,2025-09-14 20:00:00,36.0,83.38627
Peguera / Cala Fornells,2025-09-15 08:00:00,14.0,50.450695
Peguera / Cala Fornells,2025-09-15 09:00:00,7.0,40.964233
Peguera / Cala Fornells,2025-09-15 10:00:00,16.0,40.998238
Peguera / Cala Fornells,2025-09-15 11:00:00,34.0,23.148159
Peguera / Cala Fornells,2025-09-15 12:00:00,172.0,31.933254
Peguera / Cala Fornells,2025-09-15 13:00:00,68.0,47.58274
Peguera / Cala Fornells,2025-09-15 14:00:00,87.0,78.79429
Peguera / Cala Fornells,2025-09-15 15:00:00,98.0,102.86161
Peguera / Cala Fornells,2025-09-15 16:00:00,129.0,100.738174
Peguera / Cala Fornells,2025-09-15 17:00:00,167.0,85.1094
Peguera / Cala Fornells,2025-09-15 18:00:00,81.0,95.10504
Peguera / Cala Fornells,2025-09-15 19:00:00,64.0,90.30372
Peguera / Cala Fornells,2025-09-15 20:00:00,32.0,74.14401
Peguera / Cala Fornells,2025-09-16 08:00:00,16.0,37.24932
Peguera / Cala Fornells,2025-09-16 09:00:00,7.0,36.262287
Peguera / Cala Fornells,2025-09-16 10:00:00,7.0,62.19925
Peguera / Cala Fornells,2025-09-16 11:00:00,181.0,34.847557
Peguera / Cala Fornells,2025-09-16 12:00:00,297.0,35.671795
Peguera / Cala Fornells,2025-09-16 13:00:00,66.0,60.506584
Peguera / Cala Fornells,2025-09-16 14:00:00,121.0,89.205536
Peguera / Cala Fornells,2025-09-16 15:00:00,99.0,103.80197
Peguera / Cala Fornells,2025-09-16 16:00:00,139.0,111.95933
Peguera / Cala Fornells,2025-09-16 17:00:00,126.0,102.56852
Peguera / Cala Fornells,2025-09-16 18:00:00,74.0,88.64251
Peguera / Cala Fornells,2025-09-16 19:00:00,52.0,97.87658
Peguera / Cala Fornells,2025-09-16 20:00:00,44.0,84.460396
Peguera / Cala Fornells,2025-09-17 08:00:00,8.0,51.569176
Peguera / Cala Fornells,2025-09-17 09:00:00,16.0,37.393436
Peguera / Cala Fornells,2025-09-17 10:00:00,8.0,42.80268
Peguera / Cala Fornells,2025-09-17 11:00:00,118.0,36.91719
Peguera / Cala Fornells,2025-09-17 12:00:00,259.0,37.879482
Peguera / Cala Fornells,2025-09-17 13:00:00,276.0,56.117546
Peguera / Cala Fornells,2025-09-17 14:00:00,103.0,86.36023
Peguera / Cala Fornells,2025-09-17 15:00:00,96.0,108.6364
Peguera / Cala Fornells,2025-09-17 16:00:00,153.0,94.99914
Peguera / Cala Fornells,2025-09-17 17:00:00,72.0,83.32971
Peguera / Cala Fornells,2025-09-17 18:00:00,78.0,89.65273
Peguera / Cala Fornells,2025-09-17 19:00:00,89.0,82.291405
Peguera / Cala Fornells,2025-09-17 20:00:00,46.0,76.73063
Peguera / Cala Fornells,2025-09-18 08:00:00,15.0,44.811935
Peguera / Cala Fornells,2025-09-18 09:00:00,21.0,33.99341
Peguera / Cala Fornells,2025-09-18 10:00:00,20.0,32.8917
Peguera / Cala Fornells,2025-09-18 11:00:00,44.0,26.156862
Peguera / Cala Fornells,2025-09-18 12:00:00,80.0,40.380047
Peguera / Cala Fornells,2025-09-18 13:00:00,69.0,55.333508
Peguera / Cala Fornells,2025-09-18 14:00:00,86.0,88.80873
Peguera / Cala Fornells,2025-09-18 15:00:00,90.0,117.749565
Peguera / Cala Fornells,2025-09-18 16:00:00,59.0,116.363815
Peguera / Cala Fornells,2025-09-18 17:00:00,48.0,108.24315
Peguera / Cala Fornells,2025-09-18 18:00:00,50.0,102.76488
Peguera / Cala Fornells,2025-09-18 19:00:00,43.0,95.760704
Peguera / Cala Fornells,2025-09-18 20:00:00,27.0,83.63863
Peguera / Cala Fornells,2025-09-19 08:00:00,22.0,49.546158
Peguera / Cala Fornells,2025-09-19 09:00:00,17.0,46.28399
Peguera / Cala Fornells,2025-09-19 10:00:00,11.0,90.416794
Peguera / Cala Fornells,2025-09-19 11:00:00,92.0,17.837566
Peguera / Cala Fornells,2025-09-19 12:00:00,140.0,24.655226
Peguera / Cala Fornells,2025-09-19 13:00:00,144.0,35.275677
Peguera / Cala Fornells,2025-09-19 14:00:00,61.0,69.592026
Peguera / Cala Fornells,2025-09-19 15:00:00,80.0,87.72845
Peguera / Cala Fornells,2025-09-19 16:00:00,116.0,104.00965
Peguera / Cala Fornells,2025-09-19 17:00:00,102.0,99.956696
Peguera / Cala Fornells,2025-09-19 18:00:00,42.0,100.85569
Peguera / Cala Fornells,2025-09-19 19:00:00,34.0,93.76828
Peguera / Cala Fornells,2025-09-19 20:00:00,37.0,94.28742
Peguera / Cala Fornells,2025-09-20 08:00:00,12.0,44.550217
Peguera / Cala Fornells,2025-09-20 09:00:00,19.0,34.925343
Peguera / Cala Fornells,2025-09-20 10:00:00,12.0,92.58614
Peguera / Cala Fornells,2025-09-20 11:00:00,18.0,71.38355
Peguera / Cala Fornells,2025-09-20 12:00:00,82.0,19.017637
Peguera / Cala Fornells,2025-09-20 13:00:00,88.0,24.37478
Peguera / Cala Fornells,2025-09-20 14:00:00,62.0,53.660866
Peguera / Cala Fornells,2025-09-20 15:00:00,40.0,67.07715
Peguera / Cala Fornells,2025-09-20 16:00:00,107.0,93.51544
Peguera / Cala Fornells,2025-09-20 17:00:00,76.0,89.73983
Peguera / Cala Fornells,2025-09-20 18:00:00,72.0,100.83067
Peguera / Cala Fornells,2025-09-20 19:00:00,71.0,102.60607
Peguera / Cala Fornells,2025-09-20 20:00:00,39.0,95.03443
Peguera / Cala Fornells,2025-09-21 08:00:00,6.0,58.79995
Peguera / Cala Fornells,2025-09-21 09:00:00,13.0,34.68787
Peguera / Cala Fornells,2025-09-21 10:00:00,15.0,32.071228
Peguera / Cala Fornells,2025-09-21 11:00:00,32.0,21.474539
Peguera / Cala Fornells,2025-09-21 12:00:00,67.0,32.34387
Peguera / Cala Fornells,2025-09-21 13:00:00,70.0,48.688805
Peguera / Cala Fornells,2025-09-21 14:00:00,35.0,73.73078
Peguera / Cala Fornells,2025-09-21 15:00:00,50.0,89.410324
Peguera / Cala Fornells,2025-09-21 16:00:00,61.0,92.4469
Peguera / Cala Fornells,2025-09-21 17:00:00,61.0,92.18622
Peguera / Cala Fornells,2025-09-21 18:00:00,31.0,75.459526
Peguera / Cala Fornells,2025-09-21 19:00:00,26.0,79.230896
Peguera / Cala Fornells,2025-09-21 20:00:00,16.0,68.840324
Peguera / Cala Fornells,2025-09-22 08:00:00,9.0,44.613255
Peguera / Cala Fornells,2025-09-22 09:00:00,9.0,31.357555
Peguera / Cala Fornells,2025-09-22 10:00:00,9.0,32.50076
Peguera / Cala Fornells,2025-09-22 11:00:00,28.0,20.17367
Peguera / Cala Fornells,2025-09-22 12:00:00,45.0,25.835361
Peguera / Cala Fornells,2025-09-22 13:00:00,40.0,44.909637
Peguera / Cala Fornells,2025-09-22 14:00:00,82.0,73.264114
Peguera / Cala Fornells,2025-09-22 15:00:00,60.0,91.09362
Peguera / Cala Fornells,2025-09-22 16:00:00,51.0,84.29927
Peguera / Cala Fornells,2025-09-22 17:00:00,46.0,94.90051
Peguera / Cala Fornells,2025-09-22 18:00:00,36.0,82.211685
Peguera / Cala Fornells,2025-09-22 19:00:00,20.0,70.00118
Peguera / Cala Fornells,2025-09-22 20:00:00,32.0,69.630295
Peguera / Cala Fornells,2025-09-23 08:00:00,10.0,31.726204
Peguera / Cala Fornells,2025-09-23 09:00:00,10.0,19.785872
Peguera / Cala Fornells,2025-09-23 10:00:00,11.0,22.466478
Peguera / Cala Fornells,2025-09-23 11:00:00,21.0,26.44442
Peguera / Cala Fornells,2025-09-23 12:00:00,27.0,26.068935
Peguera / Cala Fornells,2025-09-23 13:00:00,49.0,37.725574
Peguera / Cala Fornells,2025-09-23 14:00:00,53.0,50.05472
Peguera / Cala Fornells,2025-09-23 15:00:00,52.0,64.60434
Peguera / Cala Fornells,2025-09-23 16:00:00,40.0,76.56197
Peguera / Cala Fornells,2025-09-23 17:00:00,45.0,69.51666
Peguera / Cala Fornells,2025-09-23 18:00:00,29.0,60.750725
Peguera / Cala Fornells,2025-09-23 19:00:00,27.0,58.15536
Peguera / Cala Fornells,2025-09-23 20:00:00,14.0,41.59592
Peguera / Cala Fornells,2025-09-24 08:00:00,11.0,30.853327
Peguera / Cala Fornells,2025-09-24 09:00:00,11.0,26.935722
Peguera / Cala Fornells,2025-09-24 10:00:00,10.0,26.146923
Peguera / Cala Fornells,2025-09-24 11:00:00,22.0,27.220554
Peguera / Cala Fornells,2025-09-24 12:00:00,31.0,32.236984
Peguera / Cala Fornells,2025-09-24 13:00:00,31.0,37.67501
Peguera / Cala Fornells,2025-09-24 14:00:00,44.0,47.94104
Peguera / Cala Fornells,2025-09-24 15:00:00,52.0,63.116573
Peguera / Cala Fornells,2025-09-24 16:00:00,64.0,55.357594
Peguera / Cala Fornells,2025-09-24 17:00:00,90.0,57.56599
Peguera / Cala Fornells,2025-09-24 18:00:00,76.0,51.085552
Peguera / Cala Fornells,2025-09-24 19:00:00,44.0,49.209694
Peguera / Cala Fornells,2025-09-24 20:00:00,39.0,39.545147
Peguera / Cala Fornells,2025-09-25 08:00:00,35.0,35.120728
Peguera / Cala Fornells,2025-09-25 09:00:00,53.0,29.525764
Peguera / Cala Fornells,2025-09-25 10:00:00,24.0,28.397902
Peguera / Cala Fornells,2025-09-25 11:00:00,40.0,31.43592
Peguera / Cala Fornells,2025-09-25 12:00:00,38.0,28.378458
Peguera / Cala Fornells,2025-09-25 13:00:00,140.0,30.09372
Peguera / Cala Fornells,2025-09-25 14:00:00,70.0,48.391712
Peguera / Cala Fornells,2025-09-25 15:00:00,52.0,59.552258
Peguera / Cala Fornells,2025-09-25 16:00:00,132.0,58.37044
Peguera / Cala Fornells,2025-09-25 17:00:00,138.0,58.306805
Peguera / Cala Fornells,2025-09-25 18:00:00,69.0,46.618816
Peguera / Cala Fornells,2025-09-25 19:00:00,31.0,44.67857
Peguera / Cala Fornells,2025-09-25 20:00:00,31.0,38.966248
Peguera / Cala Fornells,2025-09-26 08:00:00,26.0,34.76569
Peguera / Cala Fornells,2025-09-26 09:00:00,22.0,25.502518
Peguera / Cala Fornells,2025-09-26 10:00:00,18.0,22.69894
Peguera / Cala Fornells,2025-09-26 11:00:00,205.0,20.965672
Peguera / Cala Fornells,2025-09-26 12:00:00,28.0,20.089577
Peguera / Cala Fornells,2025-09-26 13:00:00,330.0,22.953276
Peguera / Cala Fornells,2025-09-26 14:00:00,144.0,30.503908
Peguera / Cala Fornells,2025-09-26 15:00:00,81.0,41.52879
Peguera / Cala Fornells,2025-09-26 16:00:00,103.0,38.225952
Peguera / Cala Fornells,2025-09-26 17:00:00,45.0,35.232254
Peguera / Cala Fornells,2025-09-26 18:00:00,75.0,29.44948
Peguera / Cala Fornells,2025-09-26 19:00:00,48.0,26.837196
Peguera / Cala Fornells,2025-09-26 20:00:00,46.0,28.325665
Peguera / Cala Fornells,2025-09-27 08:00:00,34.0,23.66014
Peguera / Cala Fornells,2025-09-27 09:00:00,23.0,22.715136
Peguera / Cala Fornells,2025-09-27 10:00:00,19.0,22.103823
Peguera / Cala Fornells,2025-09-27 11:00:00,43.0,19.011623
Peguera / Cala Fornells,2025-09-27 12:00:00,34.0,13.124187
Peguera / Cala Fornells,2025-09-27 13:00:00,25.0,17.605564
Peguera / Cala Fornells,2025-09-27 14:00:00,33.0,28.798244
Peguera / Cala Fornells,2025-09-27 15:00:00,17.0,26.937643
Peguera / Cala Fornells,2025-09-27 16:00:00,60.0,40.812725
Peguera / Cala Fornells,2025-09-27 17:00:00,37.0,36.54627
Peguera / Cala Fornells,2025-09-27 18:00:00,40.0,39.160816
Peguera / Cala Fornells,2025-09-27 19:00:00,34.0,39.873974
Peguera / Cala Fornells,2025-09-27 20:00:00,33.0,37.778515
Peguera / Cala Fornells,2025-09-28 08:00:00,36.0,28.235422
Peguera / Cala Fornells,2025-09-28 09:00:00,28.0,30.47233
Peguera / Cala Fornells,2025-09-28 10:00:00,18.0,29.002123
Peguera / Cala Fornells,2025-09-28 11:00:00,48.0,17.76637
Peguera / Cala Fornells,2025-09-28 12:00:00,145.0,27.325922
Peguera / Cala Fornells,2025-09-28 13:00:00,83.0,39.98804
Peguera / Cala Fornells,2025-09-28 14:00:00,55.0,55.056767
Peguera / Cala Fornells,2025-09-28 15:00:00,75.0,77.85318
Peguera / Cala Fornells,2025-09-28 16:00:00,105.0,63.229893
Peguera / Cala Fornells,2025-09-28 17:00:00,79.0,43.447002
Peguera / Cala Fornells,2025-09-28 18:00:00,67.0,41.595287
Peguera / Cala Fornells,2025-09-28 19:00:00,39.0,45.080128
Peguera / Cala Fornells,2025-09-28 20:00:00,27.0,36.06657
Peguera / Cala Fornells,2025-09-29 08:00:00,51.0,29.67522
Peguera / Cala Fornells,2025-09-29 09:00:00,36.0,24.387917
Peguera / Cala Fornells,2025-09-29 10:00:00,32.0,18.874802
Peguera / Cala Fornells,2025-09-29 11:00:00,38.0,58.779118
Peguera / Cala Fornells,2025-09-29 12:00:00,76.0,28.197462
Peguera / Cala Fornells,2025-09-29 13:00:00,87.0,42.753387
Peguera / Cala Fornells,2025-09-29 14:00:00,60.0,69.846535
Peguera / Cala Fornells,2025-09-29 15:00:00,34.0,77.51748
Peguera / Cala Fornells,2025-09-29 16:00:00,85.0,100.71064
Peguera / Cala Fornells,2025-09-29 17:00:00,60.0,85.21239
Peguera / Cala Fornells,2025-09-29 18:00:00,66.0,76.21459
Peguera / Cala Fornells,2025-09-29 19:00:00,42.0,73.7707
Peguera / Cala Fornells,2025-09-29 20:00:00,26.0,63.49519
Peguera Platja Torà,2025-09-01 08:00:00,102.0,93.42815
Peguera Platja Torà,2025-09-01 09:00:00,10.0,49.393745
Peguera Platja Torà,2025-09-01 10:00:00,11.0,53.1844
Peguera Platja Torà,2025-09-01 11:00:00,141.0,23.080631
Peguera Platja Torà,2025-09-01 12:00:00,138.0,36.502716
Peguera Platja Torà,2025-09-01 13:00:00,154.0,53.133953
Peguera Platja Torà,2025-09-01 14:00:00,160.0,88.25798
Peguera Platja Torà,2025-09-01 15:00:00,164.0,127.522316
Peguera Platja Torà,2025-09-01 16:00:00,165.0,122.71449
Peguera Platja Torà,2025-09-01 17:00:00,150.0,113.23453
Peguera Platja Torà,2025-09-01 18:00:00,86.0,108.68517
Peguera Platja Torà,2025-09-01 19:00:00,61.0,122.45937
Peguera Platja Torà,2025-09-01 20:00:00,67.0,107.74205
Peguera Platja Torà,2025-09-02 08:00:00,90.0,75.43577
Peguera Platja Torà,2025-09-02 09:00:00,9.0,38.98455
Peguera Platja Torà,2025-09-02 10:00:00,11.0,40.348362
Peguera Platja Torà,2025-09-02 11:00:00,114.0,25.887802
Peguera Platja Torà,2025-09-02 12:00:00,157.0,37.4362
Peguera Platja Torà,2025-09-02 13:00:00,163.0,45.807636
Peguera Platja Torà,2025-09-02 14:00:00,194.0,86.42233
Peguera Platja Torà,2025-09-02 15:00:00,195.0,114.519516
Peguera Platja Torà,2025-09-02 16:00:00,74.0,120.915
Peguera Platja Torà,2025-09-02 17:00:00,79.0,112.7346
Peguera Platja Torà,2025-09-02 18:00:00,66.0,106.44038
Peguera Platja Torà,2025-09-02 19:00:00,51.0,136.93658
Peguera Platja Torà,2025-09-02 20:00:00,40.0,93.393005
Peguera Platja Torà,2025-09-03 08:00:00,112.0,67.82782
Peguera Platja Torà,2025-09-03 09:00:00,9.0,48.78246
Peguera Platja Torà,2025-09-03 10:00:00,9.0,43.901768
Peguera Platja Torà,2025-09-03 11:00:00,194.0,26.87625
Peguera Platja Torà,2025-09-03 12:00:00,203.0,35.69702
Peguera Platja Torà,2025-09-03 13:00:00,123.0,51.95245
Peguera Platja Torà,2025-09-03 14:00:00,129.0,86.71164
Peguera Platja Torà,2025-09-03 15:00:00,116.0,128.49405
Peguera Platja Torà,2025-09-03 16:00:00,92.0,130.8703
Peguera Platja Torà,2025-09-03 17:00:00,105.0,132.10968
Peguera Platja Torà,2025-09-03 18:00:00,84.0,122.9926
Peguera Platja Torà,2025-09-03 19:00:00,56.0,146.76755
Peguera Platja Torà,2025-09-03 20:00:00,57.0,114.50013
Peguera Platja Torà,2025-09-04 08:00:00,62.0,91.56134
Peguera Platja Torà,2025-09-04 09:00:00,10.0,63.352467
Peguera Platja Torà,2025-09-04 10:00:00,10.0,56.9264
Peguera Platja Torà,2025-09-04 11:00:00,96.0,23.134846
Peguera Platja Torà,2025-09-04 12:00:00,98.0,22.63113
Peguera Platja Torà,2025-09-04 13:00:00,141.0,43.386673
Peguera Platja Torà,2025-09-04 14:00:00,121.0,90.274796
Peguera Platja Torà,2025-09-04 15:00:00,88.0,141.60968
Peguera Platja Torà,2025-09-04 16:00:00,110.0,147.2241
Peguera Platja Torà,2025-09-04 17:00:00,108.0,134.63615
Peguera Platja Torà,2025-09-04 18:00:00,72.0,141.06691
Peguera Platja Torà,2025-09-04 19:00:00,59.0,145.35056
Peguera Platja Torà,2025-09-04 20:00:00,39.0,123.05512
Peguera Platja Torà,2025-09-05 08:00:00,83.0,94.96126
Peguera Platja Torà,2025-09-05 09:00:00,10.0,69.05388
Peguera Platja Torà,2025-09-05 10:00:00,9.0,52.68387
Peguera Platja Torà,2025-09-05 11:00:00,51.0,19.837255
Peguera Platja Torà,2025-09-05 12:00:00,53.0,35.077953
Peguera Platja Torà,2025-09-05 13:00:00,105.0,46.552055
Peguera Platja Torà,2025-09-05 14:00:00,139.0,93.48636
Peguera Platja Torà,2025-09-05 15:00:00,145.0,124.38466
Peguera Platja Torà,2025-09-05 16:00:00,73.0,122.11461
Peguera Platja Torà,2025-09-05 17:00:00,77.0,107.366714
Peguera Platja Torà,2025-09-05 18:00:00,87.0,107.71839
Peguera Platja Torà,2025-09-05 19:00:00,69.0,135.03648
Peguera Platja Torà,2025-09-05 20:00:00,42.0,111.010414
Peguera Platja Torà,2025-09-06 08:00:00,118.0,72.45651
Peguera Platja Torà,2025-09-06 09:00:00,10.0,50.678547
Peguera Platja Torà,2025-09-06 10:00:00,9.0,52.894985
Peguera Torà Plaça,2025-09-01 08:00:00,155.0,108.0474
Peguera Torà Plaça,2025-09-01 09:00:00,47.0,68.60083
Peguera Torà Plaça,2025-09-01 10:00:00,52.0,67.35771
Peguera Torà Plaça,2025-09-01 11:00:00,140.0,26.544529
Peguera Torà Plaça,2025-09-01 12:00:00,144.0,42.486496
Peguera Torà Plaça,2025-09-01 13:00:00,154.0,58.940254
Peguera Torà Plaça,2025-09-01 14:00:00,141.0,101.064804
Peguera Torà Plaça,2025-09-01 15:00:00,127.0,131.85762
Peguera Torà Plaça,2025-09-01 16:00:00,142.0,149.7902
Peguera Torà Plaça,2025-09-01 17:00:00,113.0,145.97981
Peguera Torà Plaça,2025-09-01 18:00:00,113.0,141.063
Peguera Torà Plaça,2025-09-01 19:00:00,111.0,145.4915
Peguera Torà Plaça,2025-09-01 20:00:00,119.0,121.4116
Peguera Torà Plaça,2025-09-02 08:00:00,140.0,101.03905
Peguera Torà Plaça,2025-09-02 09:00:00,37.0,71.37515
Peguera Torà Plaça,2025-09-02 10:00:00,30.0,65.88381
Peguera Torà Plaça,2025-09-02 11:00:00,121.0,30.409462
Peguera Torà Plaça,2025-09-02 12:00:00,136.0,35.439728
Peguera Torà Plaça,2025-09-02 13:00:00,166.0,51.404488
Peguera Torà Plaça,2025-09-02 14:00:00,152.0,94.0982
Peguera Torà Plaça,2025-09-02 15:00:00,150.0,134.28294
Peguera Torà Plaça,2025-09-02 16:00:00,138.0,137.27463
Peguera Torà Plaça,2025-09-02 17:00:00,128.0,133.18658
Peguera Torà Plaça,2025-09-02 18:00:00,159.0,144.62492
Peguera Torà Plaça,2025-09-02 19:00:00,137.0,151.77156
Peguera Torà Plaça,2025-09-02 20:00:00,152.0,125.99159
Peguera Torà Plaça,2025-09-03 08:00:00,160.0,93.75358
Peguera Torà Plaça,2025-09-03 09:00:00,45.0,75.20231
Peguera Torà Plaça,2025-09-03 10:00:00,44.0,65.22236
Peguera Torà Plaça,2025-09-03 11:00:00,134.0,26.704363
Peguera Torà Plaça,2025-09-03 12:00:00,200.0,38.651638
Peguera Torà Plaça,2025-09-03 13:00:00,161.0,61.1304
Peguera Torà Plaça,2025-09-03 14:00:00,160.0,102.804344
Peguera Torà Plaça,2025-09-03 15:00:00,140.0,141.19366
Peguera Torà Plaça,2025-09-03 16:00:00,141.0,137.37979
Peguera Torà Plaça,2025-09-03 17:00:00,114.0,141.57602
Peguera Torà Plaça,2025-09-03 18:00:00,135.0,145.05553
Peguera Torà Plaça,2025-09-03 19:00:00,107.0,157.43312
Peguera Torà Plaça,2025-09-03 20:00:00,135.0,132.42348
Peguera Torà Plaça,2025-09-04 08:00:00,168.0,104.01095
Peguera Torà Plaça,2025-09-04 09:00:00,30.0,71.52563
Peguera Torà Plaça,2025-09-04 10:00:00,36.0,70.34849
Peguera Torà Plaça,2025-09-04 11:00:00,114.0,25.518463
Peguera Torà Plaça,2025-09-04 12:00:00,135.0,28.623447
Peguera Torà Plaça,2025-09-04 13:00:00,157.0,47.032257
Peguera Torà Plaça,2025-09-04 14:00:00,140.0,108.30029
Peguera Torà Plaça,2025-09-04 15:00:00,116.0,147.60298
Peguera Torà Plaça,2025-09-04 16:00:00,130.0,151.79378
Peguera Torà Plaça,2025-09-04 17:00:00,117.0,151.75395
Peguera Torà Plaça,2025-09-04 18:00:00,139.0,156.65721
Peguera Torà Plaça,2025-09-04 19:00:00,111.0,165.43289
Peguera Torà Plaça,2025-09-04 20:00:00,103.0,136.58334
Peguera Torà Plaça,2025-09-05 08:00:00,153.0,107.5849
Peguera Torà Plaça,2025-09-05 09:00:00,27.0,84.69881
Peguera Torà Plaça,2025-09-05 10:00:00,36.0,78.37147
Peguera Torà Plaça,2025-09-05 11:00:00,117.0,18.926697
Peguera Torà Plaça,2025-09-05 12:00:00,109.0,34.149334
Peguera Torà Plaça,2025-09-05 13:00:00,156.0,46.897713
Peguera Torà Plaça,2025-09-05 14:00:00,109.0,93.98235
Peguera Torà Plaça,2025-09-05 15:00:00,136.0,131.41747
Peguera Torà Plaça,2025-09-05 16:00:00,119.0,143.61649
Peguera Torà Plaça,2025-09-05 17:00:00,113.0,147.81003
Peguera Torà Plaça,2025-09-05 18:00:00,121.0,140.49037
Peguera Torà Plaça,2025-09-05 19:00:00,111.0,146.80872
Peguera Torà Plaça,2025-09-05 20:00:00,107.0,125.73994
Peguera Torà Plaça,2025-09-06 08:00:00,161.0,100.15206
Peguera Torà Plaça,2025-09-06 09:00:00,48.0,88.95806
Peguera Torà Plaça,2025-09-06 10:00:00,31.0,69.42958
Peguera Torà Plaça,2025-09-06 11:00:00,123.0,30.822763
Peguera Torà Plaça,2025-09-06 12:00:00,122.0,36.96593
Peguera Torà Plaça,2025-09-06 13:00:00,151.0,43.35967
Peguera Torà Plaça,2025-09-06 14:00:00,123.0,93.130936
Peguera Torà Plaça,2025-09-06 15:00:00,123.0,118.111046
Peguera Torà Plaça,2025-09-06 16:00:00,124.0,120.77363
Peguera Torà Plaça,2025-09-06 17:00:00,76.0,115.0327
Peguera Torà Plaça,2025-09-06 18:00:00,128.0,124.97553
Peguera Torà Plaça,2025-09-06 19:00:00,123.0,122.17085
Peguera Torà Plaça,2025-09-06 20:00:00,101.0,96.865074
Peguera Torà Plaça,2025-09-07 08:00:00,167.0,77.39735
Peguera Torà Plaça,2025-09-07 09:00:00,19.0,72.68424
Peguera Torà Plaça,2025-09-07 10:00:00,19.0,65.99101
Peguera Torà Plaça,2025-09-07 11:00:00,177.0,21.56804
Peguera Torà Plaça,2025-09-07 12:00:00,169.0,38.598892
Peguera Torà Plaça,2025-09-07 13:00:00,146.0,52.552605
Peguera Torà Plaça,2025-09-07 14:00:00,146.0,96.902084
Peguera Torà Plaça,2025-09-07 15:00:00,113.0,115.45227
Peguera Torà Plaça,2025-09-07 16:00:00,114.0,141.9192
Peguera Torà Plaça,2025-09-07 17:00:00,117.0,120.21575
Peguera Torà Plaça,2025-09-07 18:00:00,129.0,117.36931
Peguera Torà Plaça,2025-09-07 19:00:00,149.0,142.04971
Peguera Torà Plaça,2025-09-07 20:00:00,137.0,116.97721
Peguera Torà Plaça,2025-09-08 08:00:00,177.0,83.87373
Peguera Torà Plaça,2025-09-08 09:00:00,34.0,73.85608
Peguera Torà Plaça,2025-09-08 10:00:00,20.0,65.46603
Peguera Torà Plaça,2025-09-08 11:00:00,147.0,22.547455
Peguera Torà Plaça,2025-09-08 12:00:00,158.0,27.487465
Peguera Torà Plaça,2025-09-08 13:00:00,159.0,51.08574
Peguera Torà Plaça,2025-09-08 14:00:00,155.0,100.54632
Peguera Torà Plaça,2025-09-08 15:00:00,136.0,127.66629
Peguera Torà Plaça,2025-09-08 16:00:00,174.0,132.62509
Peguera Torà Plaça,2025-09-08 17:00:00,163.0,131.60866
Peguera Torà Plaça,2025-09-08 18:00:00,162.0,129.82927
Peguera Torà Plaça,2025-09-08 19:00:00,163.0,147.6621
Peguera Torà Plaça,2025-09-08 20:00:00,157.0,106.34073
Peguera Torà Plaça,2025-09-09 08:00:00,197.0,76.48679
Peguera Torà Plaça,2025-09-09 09:00:00,44.0,66.33038
Peguera Torà Plaça,2025-09-09 10:00:00,30.0,58.88927
Peguera Torà Plaça,2025-09-09 11:00:00,155.0,25.79869
Peguera Torà Plaça,2025-09-09 12:00:00,165.0,39.254486
Peguera Torà Plaça,2025-09-09 13:00:00,140.0,55.762543
Peguera Torà Plaça,2025-09-09 14:00:00,96.0,95.13833
Peguera Torà Plaça,2025-09-09 15:00:00,118.0,123.45536
Peguera Torà Plaça,2025-09-09 16:00:00,138.0,121.544846
Peguera Torà Plaça,2025-09-09 17:00:00,151.0,123.67266
Peguera Torà Plaça,2025-09-09 18:00:00,125.0,119.4441
Peguera Torà Plaça,2025-09-09 19:00:00,144.0,139.17935
Peguera Torà Plaça,2025-09-09 20:00:00,141.0,115.3624
Peguera Torà Plaça,2025-09-10 08:00:00,152.0,76.19775
Peguera Torà Plaça,2025-09-10 09:00:00,37.0,61.61441
Peguera Torà Plaça,2025-09-10 10:00:00,20.0,58.854973
Peguera Torà Plaça,2025-09-10 11:00:00,172.0,24.210455
Peguera Torà Plaça,2025-09-10 12:00:00,155.0,40.718403
Peguera Torà Plaça,2025-09-10 13:00:00,167.0,54.760193
Peguera Torà Plaça,2025-09-10 14:00:00,166.0,93.31033
Peguera Torà Plaça,2025-09-10 15:00:00,133.0,127.57279
Peguera Torà Plaça,2025-09-10 16:00:00,131.0,144.57678
Peguera Torà Plaça,2025-09-10 17:00:00,121.0,143.90976
Peguera Torà Plaça,2025-09-10 18:00:00,138.0,132.6133
Peguera Torà Plaça,2025-09-10 19:00:00,105.0,135.5089
Peguera Torà Plaça,2025-09-10 20:00:00,123.0,114.90771
Peguera Torà Plaça,2025-09-11 08:00:00,61.0,82.830986
Peguera Torà Plaça,2025-09-11 09:00:00,39.0,62.095455
Peguera Torà Plaça,2025-09-11 10:00:00,24.0,61.81743
Peguera Torà Plaça,2025-09-11 11:00:00,130.0,29.825455
Peguera Torà Plaça,2025-09-11 12:00:00,209.0,38.104088
Peguera Torà Plaça,2025-09-11 13:00:00,136.0,56.073627
Peguera Torà Plaça,2025-09-11 14:00:00,136.0,106.60216
Peguera Torà Plaça,2025-09-11 15:00:00,129.0,152.56877
Peguera Torà Plaça,2025-09-11 16:00:00,131.0,171.5785
Peguera Torà Plaça,2025-09-11 17:00:00,129.0,172.48106
Peguera Torà Plaça,2025-09-11 18:00:00,157.0,175.92325
Peguera Torà Plaça,2025-09-11 19:00:00,136.0,176.73315
Peguera Torà Plaça,2025-09-11 20:00:00,137.0,140.81209
Peguera Torà Plaça,2025-09-12 08:00:00,169.0,92.803856
Peguera Torà Plaça,2025-09-12 09:00:00,46.0,89.90683
Peguera Torà Plaça,2025-09-12 10:00:00,27.0,96.564354
Peguera Torà Plaça,2025-09-12 11:00:00,161.0,31.098997
Peguera Torà Plaça,2025-09-12 12:00:00,158.0,38.47882
Peguera Torà Plaça,2025-09-12 13:00:00,156.0,57.562298
Peguera Torà Plaça,2025-09-12 14:00:00,149.0,99.2
Peguera Torà Plaça,2025-09-12 15:00:00,134.0,140.28201
Peguera Torà Plaça,2025-09-12 16:00:00,154.0,151.6758
Peguera Torà Plaça,2025-09-12 17:00:00,135.0,147.96394
Peguera Torà Plaça,2025-09-12 18:00:00,135.0,152.22935
Peguera Torà Plaça,2025-09-12 19:00:00,115.0,148.38525
Peguera Torà Plaça,2025-09-12 20:00:00,115.0,119.16052
Peguera Torà Plaça,2025-09-13 08:00:00,168.0,84.05766
Peguera Torà Plaça,2025-09-13 09:00:00,54.0,71.04738
Peguera Torà Plaça,2025-09-13 10:00:00,28.0,72.45502
Peguera Torà Plaça,2025-09-13 11:00:00,184.0,30.65912
Peguera Torà Plaça,2025-09-13 12:00:00,167.0,32.60377
Peguera Torà Plaça,2025-09-13 13:00:00,155.0,80.099525
Peguera Torà Plaça,2025-09-13 14:00:00,150.0,108.44005
Peguera Torà Plaça,2025-09-13 15:00:00,117.0,149.94276
Peguera Torà Plaça,2025-09-13 16:00:00,130.0,154.96289
Peguera Torà Plaça,2025-09-13 17:00:00,129.0,133.42162
Peguera Torà Plaça,2025-09-13 18:00:00,136.0,149.81296
Peguera Torà Plaça,2025-09-13 19:00:00,123.0,123.78099
Peguera Torà Plaça,2025-09-13 20:00:00,132.0,120.52503
Peguera Torà Plaça,2025-09-14 08:00:00,109.0,80.7187
Peguera Torà Plaça,2025-09-14 09:00:00,41.0,71.77091
Peguera Torà Plaça,2025-09-14 10:00:00,33.0,66.719246
Peguera Torà Plaça,2025-09-14 11:00:00,162.0,25.037296
Peguera Torà Plaça,2025-09-14 12:00:00,149.0,34.561207
Peguera Torà Plaça,2025-09-14 13:00:00,138.0,43.096664
Peguera Torà Plaça,2025-09-14 14:00:00,133.0,87.03529
Peguera Torà Plaça,2025-09-14 15:00:00,118.0,126.79654
Peguera Torà Plaça,2025-09-14 16:00:00,121.0,143.35098
Peguera Torà Plaça,2025-09-14 17:00:00,101.0,151.61734
Peguera Torà Plaça,2025-09-14 18:00:00,100.0,149.58102
Peguera Torà Plaça,2025-09-14 19:00:00,108.0,150.81905
Peguera Torà Plaça,2025-09-14 20:00:00,126.0,116.69761
Peguera Torà Plaça,2025-09-15 08:00:00,52.0,82.43769
Peguera Torà Plaça,2025-09-15 09:00:00,22.0,69.213684
Peguera Torà Plaça,2025-09-15 10:00:00,18.0,66.394775
Peguera Torà Plaça,2025-09-15 11:00:00,158.0,26.598188
Peguera Torà Plaça,2025-09-15 12:00:00,159.0,42.032913
Peguera Torà Plaça,2025-09-15 13:00:00,145.0,62.806427
Peguera Torà Plaça,2025-09-15 14:00:00,139.0,94.283264
Peguera Torà Plaça,2025-09-15 15:00:00,128.0,153.45203
Peguera Torà Plaça,2025-09-15 16:00:00,124.0,159.18533
Peguera Torà Plaça,2025-09-15 17:00:00,122.0,134.94936
Peguera Torà Plaça,2025-09-15 18:00:00,126.0,136.1924
Peguera Torà Plaça,2025-09-15 19:00:00,125.0,152.8601
Peguera Torà Plaça,2025-09-15 20:00:00,116.0,120.50644
Peguera Torà Plaça,2025-09-16 08:00:00,127.0,78.961685
Peguera Torà Plaça,2025-09-16 09:00:00,235.0,69.32952
Peguera Torà Plaça,2025-09-16 10:00:00,227.0,66.88353
Peguera Torà Plaça,2025-09-16 11:00:00,167.0,26.308184
Peguera Torà Plaça,2025-09-16 12:00:00,186.0,43.060688
Peguera Torà Plaça,2025-09-16 13:00:00,157.0,57.52537
Peguera Torà Plaça,2025-09-16 14:00:00,114.0,97.732124
Peguera Torà Plaça,2025-09-16 15:00:00,119.0,134.54439
Peguera Torà Plaça,2025-09-16 16:00:00,114.0,151.37132
Peguera Torà Plaça,2025-09-16 17:00:00,132.0,130.96083
Peguera Torà Plaça,2025-09-16 18:00:00,131.0,156.75392
Peguera Torà Plaça,2025-09-16 19:00:00,135.0,132.48018
Peguera Torà Plaça,2025-09-16 20:00:00,89.0,125.46124
Peguera Torà Plaça,2025-09-17 08:00:00,18.0,75.84752
Peguera Torà Plaça,2025-09-17 09:00:00,18.0,62.509354
Peguera Torà Plaça,2025-09-17 10:00:00,14.0,66.00348
Peguera Torà Plaça,2025-09-17 11:00:00,152.0,24.643444
Peguera Torà Plaça,2025-09-17 12:00:00,174.0,41.0933
Peguera Torà Plaça,2025-09-17 13:00:00,153.0,51.06537
Peguera Torà Plaça,2025-09-17 14:00:00,140.0,102.39629
Peguera Torà Plaça,2025-09-17 15:00:00,119.0,129.46886
Peguera Torà Plaça,2025-09-17 16:00:00,118.0,131.2711
Peguera Torà Plaça,2025-09-17 17:00:00,100.0,116.52122
Peguera Torà Plaça,2025-09-17 18:00:00,108.0,122.764565
Peguera Torà Plaça,2025-09-17 19:00:00,109.0,124.21618
Peguera Torà Plaça,2025-09-17 20:00:00,115.0,121.09414
Peguera Torà Plaça,2025-09-18 08:00:00,42.0,52.82699
Peguera Torà Plaça,2025-09-18 09:00:00,28.0,41.294334
Peguera Torà Plaça,2025-09-18 10:00:00,21.0,46.589317
Peguera Torà Plaça,2025-09-18 11:00:00,110.0,18.261385
Peguera Torà Plaça,2025-09-18 12:00:00,130.0,32.6648
Peguera Torà Plaça,2025-09-18 13:00:00,139.0,45.010532
Peguera Torà Plaça,2025-09-18 14:00:00,91.0,93.24121
Peguera Torà Plaça,2025-09-18 15:00:00,112.0,117.82024
Peguera Torà Plaça,2025-09-18 16:00:00,108.0,130.21858
Peguera Torà Plaça,2025-09-18 17:00:00,115.0,125.16036
Peguera Torà Plaça,2025-09-18 18:00:00,113.0,136.32187
Peguera Torà Plaça,2025-09-18 19:00:00,105.0,142.33311
Peguera Torà Plaça,2025-09-18 20:00:00,89.0,167.60904
Peguera Torà Plaça,2025-09-19 08:00:00,13.0,134.04803
Peguera Torà Plaça,2025-09-19 09:00:00,15.0,95.372665
Peguera Torà Plaça,2025-09-19 10:00:00,19.0,90.97158
Peguera Torà Plaça,2025-09-19 11:00:00,101.0,50.08111
Peguera Torà Plaça,2025-09-19 12:00:00,141.0,31.518658
Peguera Torà Plaça,2025-09-19 13:00:00,93.0,50.16481
Peguera Torà Plaça,2025-09-19 14:00:00,125.0,101.12065
Peguera Torà Plaça,2025-09-19 15:00:00,108.0,164.51842
Peguera Torà Plaça,2025-09-19 16:00:00,168.0,172.84177
Peguera Torà Plaça,2025-09-19 17:00:00,151.0,177.9636
Peguera Torà Plaça,2025-09-19 18:00:00,116.0,124.53855
Peguera Torà Plaça,2025-09-19 19:00:00,96.0,115.01207
Peguera Torà Plaça,2025-09-19 20:00:00,113.0,114.68264
Peguera Torà Plaça,2025-09-20 08:00:00,40.0,67.721855
Peguera Torà Plaça,2025-09-20 09:00:00,43.0,54.23634
Peguera Torà Plaça,2025-09-20 10:00:00,41.0,54.240536
Peguera Torà Plaça,2025-09-20 11:00:00,80.0,24.341242
Peguera Torà Plaça,2025-09-20 12:00:00,142.0,25.105623
Peguera Torà Plaça,2025-09-20 13:00:00,102.0,29.89565
Peguera Torà Plaça,2025-09-20 14:00:00,98.0,69.535484
Peguera Torà Plaça,2025-09-20 15:00:00,128.0,100.78624
Peguera Torà Plaça,2025-09-20 16:00:00,90.0,98.10113
Peguera Torà Plaça,2025-09-20 17:00:00,86.0,111.47311
Peguera Torà Plaça,2025-09-20 18:00:00,127.0,118.32436
Peguera Torà Plaça,2025-09-20 19:00:00,130.0,118.393326
Peguera Torà Plaça,2025-09-20 20:00:00,119.0,116.80537
Peguera Torà Plaça,2025-09-21 08:00:00,36.0,66.35442
Peguera Torà Plaça,2025-09-21 09:00:00,35.0,48.792103
Peguera Torà Plaça,2025-09-21 10:00:00,31.0,49.416485
Peguera Torà Plaça,2025-09-21 11:00:00,137.0,20.274723
Peguera Torà Plaça,2025-09-21 12:00:00,172.0,28.06985
Peguera Torà Plaça,2025-09-21 13:00:00,165.0,45.577408
Peguera Torà Plaça,2025-09-21 14:00:00,151.0,78.44412
Peguera Torà Plaça,2025-09-21 15:00:00,137.0,99.095566
Peguera Torà Plaça,2025-09-21 16:00:00,115.0,102.48539
Peguera Torà Plaça,2025-09-21 17:00:00,135.0,103.08002
Peguera Torà Plaça,2025-09-21 18:00:00,147.0,95.75627
Peguera Torà Plaça,2025-09-21 19:00:00,124.0,90.12656
Peguera Torà Plaça,2025-09-21 20:00:00,114.0,76.62782
Peguera Torà Plaça,2025-09-22 08:00:00,26.0,47.798893
Peguera Torà Plaça,2025-09-22 09:00:00,23.0,34.064316
Peguera Torà Plaça,2025-09-22 10:00:00,23.0,33.866764
Peguera Torà Plaça,2025-09-22 11:00:00,138.0,18.880863
Peguera Torà Plaça,2025-09-22 12:00:00,165.0,25.449759
Peguera Torà Plaça,2025-09-22 13:00:00,162.0,46.336285
Peguera Torà Plaça,2025-09-22 14:00:00,109.0,66.95454
Peguera Torà Plaça,2025-09-22 15:00:00,119.0,94.387886
Peguera Torà Plaça,2025-09-22 16:00:00,160.0,83.976585
Peguera Torà Plaça,2025-09-22 17:00:00,146.0,101.928604
Peguera Torà Plaça,2025-09-22 18:00:00,146.0,100.45472
Peguera Torà Plaça,2025-09-22 19:00:00,160.0,95.93403
Peguera Torà Plaça,2025-09-22 20:00:00,108.0,98.949356
Peguera Torà Plaça,2025-09-23 08:00:00,28.0,60.679146
Peguera Torà Plaça,2025-09-23 09:00:00,24.0,34.16105
Peguera Torà Plaça,2025-09-23 10:00:00,19.0,48.595673
Peguera Torà Plaça,2025-09-23 11:00:00,128.0,17.50103
Peguera Torà Plaça,2025-09-23 12:00:00,148.0,24.057589
Peguera Torà Plaça,2025-09-23 13:00:00,120.0,43.14646
Peguera Torà Plaça,2025-09-23 14:00:00,114.0,67.067604
Peguera Torà Plaça,2025-09-23 15:00:00,117.0,87.28661
Peguera Torà Plaça,2025-09-23 16:00:00,107.0,100.98377
Peguera Torà Plaça,2025-09-23 17:00:00,131.0,99.66924
Peguera Torà Plaça,2025-09-23 18:00:00,133.0,89.94749
Peguera Torà Plaça,2025-09-23 19:00:00,120.0,88.72777
Peguera Torà Plaça,2025-09-23 20:00:00,99.0,79.56539
Peguera Torà Plaça,2025-09-24 08:00:00,25.0,38.79713
Peguera Torà Plaça,2025-09-24 09:00:00,28.0,33.54855
Peguera Torà Plaça,2025-09-24 10:00:00,22.0,30.089605
Peguera Torà Plaça,2025-09-24 11:00:00,135.0,20.470093
Peguera Torà Plaça,2025-09-24 12:00:00,83.0,25.735083
Peguera Torà Plaça,2025-09-24 13:00:00,113.0,43.246304
Peguera Torà Plaça,2025-09-24 14:00:00,129.0,85.34192
Peguera Torà Plaça,2025-09-24 15:00:00,113.0,121.71593
Peguera Torà Plaça,2025-09-24 16:00:00,103.0,132.21378
Peguera Torà Plaça,2025-09-24 17:00:00,107.0,123.21082
Peguera Torà Plaça,2025-09-24 18:00:00,94.0,115.39204
Peguera Torà Plaça,2025-09-24 19:00:00,74.0,114.80582
Peguera Torà Plaça,2025-09-24 20:00:00,83.0,115.348976
Peguera Torà Plaça,2025-09-25 08:00:00,22.0,66.94744
Peguera Torà Plaça,2025-09-25 09:00:00,19.0,51.02187
Peguera Torà Plaça,2025-09-25 10:00:00,18.0,49.35911
Peguera Torà Plaça,2025-09-25 11:00:00,96.0,25.694418
Peguera Torà Plaça,2025-09-25 12:00:00,101.0,24.511686
Peguera Torà Plaça,2025-09-25 13:00:00,118.0,31.148994
Peguera Torà Plaça,2025-09-25 14:00:00,111.0,85.66547
Peguera Torà Plaça,2025-09-25 15:00:00,120.0,132.1978
Peguera Torà Plaça,2025-09-25 16:00:00,121.0,131.9176
Peguera Torà Plaça,2025-09-25 17:00:00,136.0,144.00522
Peguera Torà Plaça,2025-09-25 18:00:00,116.0,128.80864
Peguera Torà Plaça,2025-09-25 19:00:00,107.0,120.524254
Peguera Torà Plaça,2025-09-25 20:00:00,103.0,120.4383
Peguera Torà Plaça,2025-09-26 08:00:00,27.0,69.43851
Peguera Torà Plaça,2025-09-26 09:00:00,28.0,70.59579
Peguera Torà Plaça,2025-09-26 10:00:00,22.0,64.940346
Peguera Torà Plaça,2025-09-26 11:00:00,115.0,22.57302
Peguera Torà Plaça,2025-09-26 12:00:00,107.0,31.215664
Peguera Torà Plaça,2025-09-26 13:00:00,162.0,37.296684
Peguera Torà Plaça,2025-09-26 14:00:00,141.0,66.29517
Peguera Torà Plaça,2025-09-26 15:00:00,129.0,112.60892
Peguera Torà Plaça,2025-09-26 16:00:00,110.0,126.368324
Peguera Torà Plaça,2025-09-26 17:00:00,77.0,99.027306
Peguera Torà Plaça,2025-09-26 18:00:00,80.0,106.67035
Peguera Torà Plaça,2025-09-26 19:00:00,69.0,102.06149
Peguera Torà Plaça,2025-09-26 20:00:00,108.0,96.83882
Peguera Torà Plaça,2025-09-27 08:00:00,24.0,52.68943
Peguera Torà Plaça,2025-09-27 09:00:00,24.0,48.72476
Peguera Torà Plaça,2025-09-27 10:00:00,22.0,39.08006
Peguera Torà Plaça,2025-09-27 11:00:00,68.0,18.338167
Peguera Torà Plaça,2025-09-27 12:00:00,69.0,22.982409
Peguera Torà Plaça,2025-09-27 13:00:00,93.0,32.347267
Peguera Torà Plaça,2025-09-27 14:00:00,103.0,59.57835
Peguera Torà Plaça,2025-09-27 15:00:00,92.0,86.84042
Peguera Torà Plaça,2025-09-27 16:00:00,98.0,102.2795
Peguera Torà Plaça,2025-09-27 17:00:00,106.0,99.015114
Peguera Torà Plaça,2025-09-27 18:00:00,109.0,99.02801
Peguera Torà Plaça,2025-09-27 19:00:00,95.0,88.843315
Peguera Torà Plaça,2025-09-27 20:00:00,75.0,78.992
Peguera Torà Plaça,2025-09-28 08:00:00,22.0,46.168407
Peguera Torà Plaça,2025-09-28 09:00:00,26.0,39.596996
Peguera Torà Plaça,2025-09-28 10:00:00,33.0,35.952812
Peguera Torà Plaça,2025-09-28 11:00:00,154.0,23.125824
Peguera Torà Plaça,2025-09-28 12:00:00,152.0,28.989143
Peguera Torà Plaça,2025-09-28 13:00:00,113.0,44.709473
Peguera Torà Plaça,2025-09-28 14:00:00,100.0,66.671936
Peguera Torà Plaça,2025-09-28 15:00:00,118.0,87.53955
Peguera Torà Plaça,2025-09-28 16:00:00,120.0,86.97813
Peguera Torà Plaça,2025-09-28 17:00:00,105.0,79.931984
Peguera Torà Plaça,2025-09-28 18:00:00,129.0,82.71179
Peguera Torà Plaça,2025-09-28 19:00:00,107.0,82.225815
Peguera Torà Plaça,2025-09-28 20:00:00,85.0,69.18349
Peguera Torà Plaça,2025-09-29 08:00:00,30.0,40.303444
Peguera Torà Plaça,2025-09-29 09:00:00,27.0,32.398216
Peguera Torà Plaça,2025-09-29 10:00:00,27.0,33.010666
Peguera Torà Plaça,2025-09-29 11:00:00,130.0,18.722708
Peguera Torà Plaça,2025-09-29 12:00:00,149.0,29.200726
Peguera Torà Plaça,2025-09-29 13:00:00,146.0,39.80799
Peguera Torà Plaça,2025-09-29 14:00:00,114.0,59.224625
Peguera Torà Plaça,2025-09-29 15:00:00,107.0,84.929794
Peguera Torà Plaça,2025-09-29 16:00:00,106.0,101.94945
Peguera Torà Plaça,2025-09-29 17:00:00,113.0,95.54019
Peguera Torà Plaça,2025-09-29 18:00:00,98.0,90.338196
Peguera Torà Plaça,2025-09-29 19:00:00,104.0,75.157074
Peguera Torà Plaça,2025-09-29 20:00:00,87.0,70.00214
Platja Palmira,2025-09-01 08:00:00,40.0,98.44105
Platja Palmira,2025-09-01 09:00:00,11.0,60.949802
Platja Palmira,2025-09-01 10:00:00,11.0,57.04152
Platja Palmira,2025-09-01 11:00:00,125.0,24.34358
Platja Palmira,2025-09-01 12:00:00,259.0,39.17921
Platja Palmira,2025-09-01 13:00:00,208.0,49.22139
Platja Palmira,2025-09-01 14:00:00,158.0,95.34354
Platja Palmira,2025-09-01 15:00:00,178.0,127.03757
Platja Palmira,2025-09-01 16:00:00,189.0,136.89056
Platja Palmira,2025-09-01 17:00:00,149.0,114.86166
Platja Palmira,2025-09-01 18:00:00,121.0,113.99317
Platja Palmira,2025-09-01 19:00:00,81.0,116.723015
Platja Palmira,2025-09-01 20:00:00,57.0,108.05515
Platja Palmira,2025-09-02 08:00:00,29.0,75.47383
Platja Palmira,2025-09-02 09:00:00,12.0,44.140446
Platja Palmira,2025-09-02 10:00:00,10.0,46.437107
Platja Palmira,2025-09-02 11:00:00,76.0,26.03387
Platja Palmira,2025-09-02 12:00:00,227.0,37.84217
Platja Palmira,2025-09-02 13:00:00,185.0,46.270245
Platja Palmira,2025-09-02 14:00:00,148.0,82.747795
Platja Palmira,2025-09-02 15:00:00,151.0,122.06253
Platja Palmira,2025-09-02 16:00:00,123.0,129.35872
Platja Palmira,2025-09-02 17:00:00,134.0,123.7888
Platja Palmira,2025-09-02 18:00:00,90.0,117.85854
Platja Palmira,2025-09-02 19:00:00,53.0,128.97423
Platja Palmira,2025-09-02 20:00:00,30.0,110.85974
Platja Palmira,2025-09-03 08:00:00,68.0,81.901405
Platja Palmira,2025-09-03 09:00:00,13.0,48.45947
Platja Palmira,2025-09-03 10:00:00,12.0,72.13751
Platja Palmira,2025-09-03 11:00:00,90.0,65.00397
Platja Palmira,2025-09-03 12:00:00,174.0,34.843956
Platja Palmira,2025-09-03 13:00:00,185.0,55.759796
Platja Palmira,2025-09-03 14:00:00,149.0,93.01876
Platja Palmira,2025-09-03 15:00:00,151.0,128.80807
Platja Palmira,2025-09-03 16:00:00,171.0,134.85019
Platja Palmira,2025-09-03 17:00:00,159.0,131.39691
Platja Palmira,2025-09-03 18:00:00,132.0,121.70262
Platja Palmira,2025-09-03 19:00:00,57.0,139.84676
Platja Palmira,2025-09-03 20:00:00,30.0,114.59559
Platja Palmira,2025-09-04 08:00:00,127.0,94.052315
Platja Palmira,2025-09-04 09:00:00,16.0,73.51417
Platja Palmira,2025-09-04 10:00:00,17.0,117.53342
Platja Palmira,2025-09-04 11:00:00,102.0,24.719229
Platja Palmira,2025-09-04 12:00:00,154.0,22.707916
Platja Palmira,2025-09-04 13:00:00,192.0,46.482773
Platja Palmira,2025-09-04 14:00:00,136.0,106.18463
Platja Palmira,2025-09-04 15:00:00,121.0,158.04337
Platja Palmira,2025-09-04 16:00:00,149.0,154.05487
Platja Palmira,2025-09-04 17:00:00,145.0,152.46399
Platja Palmira,2025-09-04 18:00:00,94.0,151.45421
Platja Palmira,2025-09-04 19:00:00,62.0,138.55722
Platja Palmira,2025-09-04 20:00:00,44.0,139.2596
Platja Palmira,2025-09-05 08:00:00,46.0,115.97602
Platja Palmira,2025-09-05 09:00:00,12.0,67.97443
Platja Palmira,2025-09-05 10:00:00,10.0,95.06895
Platja Palmira,2025-09-05 11:00:00,65.0,20.790155
Platja Palmira,2025-09-05 12:00:00,124.0,34.02791
Platja Palmira,2025-09-05 13:00:00,191.0,46.452866
Platja Palmira,2025-09-05 14:00:00,170.0,99.427666
Platja Palmira,2025-09-05 15:00:00,143.0,126.52493
Platja Palmira,2025-09-05 16:00:00,147.0,133.95006
Platja Palmira,2025-09-05 17:00:00,176.0,129.93588
Platja Palmira,2025-09-05 18:00:00,144.0,128.96614
Platja Palmira,2025-09-05 19:00:00,61.0,136.43599
Platja Palmira,2025-09-05 20:00:00,42.0,119.89949
Platja Palmira,2025-09-06 08:00:00,70.0,88.94545
Platja Palmira,2025-09-06 09:00:00,12.0,54.726074
Platja Palmira,2025-09-06 10:00:00,18.0,48.970882
Platja Palmira,2025-09-06 11:00:00,36.0,21.637917
Platja Palmira,2025-09-06 12:00:00,15.0,27.40533
Platja Palmira,2025-09-06 13:00:00,25.0,22.901766
Platja Palmira,2025-09-06 14:00:00,14.0,63.125034
Platja Palmira,2025-09-06 15:00:00,13.0,107.508675
Platja Palmira,2025-09-06 16:00:00,9.0,103.25963
Platja Palmira,2025-09-06 17:00:00,13.0,102.196686
Platja Palmira,2025-09-06 18:00:00,16.0,97.52344
Platja Palmira,2025-09-06 19:00:00,21.0,104.63353
Platja Palmira,2025-09-06 20:00:00,20.0,83.88805
Platja Palmira,2025-09-07 08:00:00,96.0,65.94074
Platja Palmira,2025-09-07 09:00:00,12.0,47.311584
Platja Palmira,2025-09-07 10:00:00,13.0,37.528706
Platja Palmira,2025-09-07 11:00:00,88.0,19.92877
Platja Palmira,2025-09-07 12:00:00,140.0,34.241676
Platja Palmira,2025-09-07 13:00:00,175.0,47.460884
Platja Palmira,2025-09-07 14:00:00,168.0,79.56656
Platja Palmira,2025-09-07 15:00:00,106.0,116.312386
Platja Palmira,2025-09-07 16:00:00,125.0,105.17646
Platja Palmira,2025-09-07 17:00:00,145.0,107.78473
Platja Palmira,2025-09-07 18:00:00,99.0,107.71985
Platja Palmira,2025-09-07 19:00:00,61.0,115.30721
Platja Palmira,2025-09-07 20:00:00,38.0,104.70162
Platja Palmira,2025-09-08 08:00:00,56.0,60.30699
Platja Palmira,2025-09-08 09:00:00,12.0,38.68492
Platja Palmira,2025-09-08 10:00:00,11.0,39.473892
Platja Palmira,2025-09-08 11:00:00,102.0,20.259401
Platja Palmira,2025-09-08 12:00:00,160.0,20.010347
Platja Palmira,2025-09-08 13:00:00,179.0,45.26064
Platja Palmira,2025-09-08 14:00:00,145.0,80.060356
Platja Palmira,2025-09-08 15:00:00,165.0,115.20818
Platja Palmira,2025-09-08 16:00:00,162.0,136.88708
Platja Palmira,2025-09-08 17:00:00,166.0,117.98076
Platja Palmira,2025-09-08 18:00:00,136.0,127.68765
Platja Palmira,2025-09-08 19:00:00,81.0,109.78131
Platja Palmira,2025-09-08 20:00:00,54.0,105.20831
Platja Palmira,2025-09-09 08:00:00,51.0,71.81505
Platja Palmira,2025-09-09 09:00:00,13.0,38.791782
Platja Palmira,2025-09-09 10:00:00,10.0,33.14382
Platja Palmira,2025-09-09 11:00:00,74.0,23.664385
Platja Palmira,2025-09-09 12:00:00,171.0,37.129906
Platja Palmira,2025-09-09 13:00:00,118.0,53.39288
Platja Palmira,2025-09-09 14:00:00,132.0,75.460815
Platja Palmira,2025-09-09 15:00:00,159.0,90.54012
Platja Palmira,2025-09-09 16:00:00,177.0,98.72128
Platja Palmira,2025-09-09 17:00:00,132.0,98.025215
Platja Palmira,2025-09-09 18:00:00,124.0,85.86317
Platja Palmira,2025-09-09 19:00:00,73.0,106.38486
Platja Palmira,2025-09-09 20:00:00,54.0,74.56246
Platja Palmira,2025-09-10 08:00:00,71.0,47.78885
Platja Palmira,2025-09-10 09:00:00,11.0,34.92922
Platja Palmira,2025-09-10 10:00:00,12.0,36.6007
Platja Palmira,2025-09-10 11:00:00,93.0,21.988102
Platja Palmira,2025-09-10 12:00:00,151.0,38.896854
Platja Palmira,2025-09-10 13:00:00,171.0,60.98063
Platja Palmira,2025-09-10 14:00:00,151.0,92.90336
Platja Palmira,2025-09-10 15:00:00,126.0,116.92852
Platja Palmira,2025-09-10 16:00:00,116.0,124.44277
Platja Palmira,2025-09-10 17:00:00,147.0,115.986725
Platja Palmira,2025-09-10 18:00:00,106.0,92.01266
Platja Palmira,2025-09-10 19:00:00,44.0,116.06573
Platja Palmira,2025-09-10 20:00:00,38.0,98.48121
Platja Palmira,2025-09-11 08:00:00,26.0,52.860935
Platja Palmira,2025-09-11 09:00:00,15.0,45.873085
Platja Palmira,2025-09-11 10:00:00,10.0,44.611626
Platja Palmira,2025-09-11 11:00:00,77.0,22.473274
Platja Palmira,2025-09-11 12:00:00,177.0,35.60278
Platja Palmira,2025-09-11 13:00:00,173.0,45.25374
Platja Palmira,2025-09-11 14:00:00,166.0,80.53176
Platja Palmira,2025-09-11 15:00:00,166.0,125.970314
Platja Palmira,2025-09-11 16:00:00,173.0,137.19974
Platja Palmira,2025-09-11 17:00:00,200.0,127.44322
Platja Palmira,2025-09-11 18:00:00,174.0,119.55159
Platja Palmira,2025-09-11 19:00:00,74.0,123.27247
Platja Palmira,2025-09-11 20:00:00,34.0,115.09357
Platja Palmira,2025-09-12 08:00:00,57.0,78.959435
Platja Palmira,2025-09-12 09:00:00,11.0,55.706764
Platja Palmira,2025-09-12 10:00:00,9.0,56.405773
Platja Palmira,2025-09-12 11:00:00,98.0,21.759542
Platja Palmira,2025-09-12 12:00:00,157.0,34.229958
Platja Palmira,2025-09-12 13:00:00,185.0,47.850704
Platja Palmira,2025-09-12 14:00:00,165.0,68.33103
Platja Palmira,2025-09-12 15:00:00,138.0,112.85079
Platja Palmira,2025-09-12 16:00:00,197.0,124.90994
Platja Palmira,2025-09-12 17:00:00,149.0,106.47576
Platja Palmira,2025-09-12 18:00:00,128.0,99.668465
Platja Palmira,2025-09-12 19:00:00,66.0,110.96073
Platja Palmira,2025-09-12 20:00:00,46.0,102.403915
Platja Palmira,2025-09-13 08:00:00,35.0,69.70833
Platja Palmira,2025-09-13 09:00:00,16.0,44.32575
Platja Palmira,2025-09-13 10:00:00,13.0,35.15745
Platja Palmira,2025-09-13 11:00:00,106.0,21.230223
Platja Palmira,2025-09-13 12:00:00,165.0,33.705505
Platja Palmira,2025-09-13 13:00:00,192.0,47.512825
Platja Palmira,2025-09-13 14:00:00,167.0,85.35274
Platja Palmira,2025-09-13 15:00:00,174.0,123.62423
Platja Palmira,2025-09-13 16:00:00,138.0,123.01176
Platja Palmira,2025-09-13 17:00:00,142.0,97.87755
Platja Palmira,2025-09-13 18:00:00,92.0,94.31688
Platja Palmira,2025-09-13 19:00:00,75.0,92.664696
Platja Palmira,2025-09-13 20:00:00,42.0,82.08703
Platja Palmira,2025-09-14 08:00:00,13.0,51.115723
Platja Palmira,2025-09-14 09:00:00,11.0,38.320988
Platja Palmira,2025-09-14 10:00:00,9.0,30.966743
Platja Palmira,2025-09-14 11:00:00,104.0,16.457827
Platja Palmira,2025-09-14 12:00:00,158.0,26.066647
Platja Palmira,2025-09-14 13:00:00,142.0,34.480335
Platja Palmira,2025-09-14 14:00:00,133.0,67.02054
Platja Palmira,2025-09-14 15:00:00,122.0,105.06923
Platja Palmira,2025-09-14 16:00:00,161.0,129.61978
Platja Palmira,2025-09-14 17:00:00,159.0,123.0968
Platja Palmira,2025-09-14 18:00:00,117.0,109.95657
Platja Palmira,2025-09-14 19:00:00,71.0,110.253006
Platja Palmira,2025-09-14 20:00:00,30.0,107.38828
Platja Palmira,2025-09-15 08:00:00,9.0,67.706665
Platja Palmira,2025-09-15 09:00:00,12.0,52.836113
Platja Palmira,2025-09-15 10:00:00,10.0,44.28505
Platja Palmira,2025-09-15 11:00:00,117.0,22.471598
Platja Palmira,2025-09-15 12:00:00,157.0,32.84018
Platja Palmira,2025-09-15 13:00:00,167.0,43.414032
Platja Palmira,2025-09-15 14:00:00,170.0,78.78215
Platja Palmira,2025-09-15 15:00:00,171.0,121.69228
Platja Palmira,2025-09-15 16:00:00,191.0,132.67734
Platja Palmira,2025-09-15 17:00:00,139.0,117.697334
Platja Palmira,2025-09-15 18:00:00,129.0,123.172615
Platja Palmira,2025-09-15 19:00:00,65.0,106.716774
Platja Palmira,2025-09-15 20:00:00,34.0,106.68467
Platja Palmira,2025-09-16 08:00:00,10.0,63.212296
Platja Palmira,2025-09-16 09:00:00,13.0,53.97246
Platja Palmira,2025-09-16 10:00:00,11.0,38.886124
Platja Palmira,2025-09-16 11:00:00,123.0,21.893106
Platja Palmira,2025-09-16 12:00:00,174.0,34.374798
Platja Palmira,2025-09-16 13:00:00,166.0,47.76478
Platja Palmira,2025-09-16 14:00:00,133.0,84.702
Platja Palmira,2025-09-16 15:00:00,129.0,124.82848
Platja Palmira,2025-09-16 16:00:00,132.0,120.45176
Platja Palmira,2025-09-16 17:00:00,146.0,117.179436
Platja Palmira,2025-09-16 18:00:00,145.0,110.203445
Platja Palmira,2025-09-16 19:00:00,85.0,118.580444
Platja Palmira,2025-09-16 20:00:00,35.0,113.72644
Platja Palmira,2025-09-17 08:00:00,10.0,71.52334
Platja Palmira,2025-09-17 09:00:00,11.0,48.29091
Platja Palmira,2025-09-17 10:00:00,9.0,43.677853
Platja Palmira,2025-09-17 11:00:00,107.0,25.139418
Platja Palmira,2025-09-17 12:00:00,170.0,38.210407
Platja Palmira,2025-09-17 13:00:00,198.0,52.563263
Platja Palmira,2025-09-17 14:00:00,172.0,78.07857
Platja Palmira,2025-09-17 15:00:00,158.0,120.05741
Platja Palmira,2025-09-17 16:00:00,161.0,107.406654
Platja Palmira,2025-09-17 17:00:00,126.0,88.268364
Platja Palmira,2025-09-17 18:00:00,84.0,101.367584
Platja Palmira,2025-09-17 19:00:00,39.0,110.83706
Platja Palmira,2025-09-17 20:00:00,20.0,106.1415
Platja Palmira,2025-09-18 08:00:00,11.0,48.867634
Platja Palmira,2025-09-18 09:00:00,10.0,43.567833
Platja Palmira,2025-09-18 10:00:00,10.0,34.374535
Platja Palmira,2025-09-18 11:00:00,93.0,15.882147
Platja Palmira,2025-09-18 12:00:00,157.0,28.785835
Platja Palmira,2025-09-18 13:00:00,154.0,41.289665
Platja Palmira,2025-09-18 14:00:00,133.0,81.92205
Platja Palmira,2025-09-18 15:00:00,125.0,130.68205
Platja Palmira,2025-09-18 16:00:00,131.0,129.36493
Platja Palmira,2025-09-18 17:00:00,144.0,120.30614
Platja Palmira,2025-09-18 18:00:00,86.0,120.49204
Platja Palmira,2025-09-18 19:00:00,39.0,131.0588
Platja Palmira,2025-09-18 20:00:00,30.0,118.726814
Platja Palmira,2025-09-19 08:00:00,9.0,68.86185
Platja Palmira,2025-09-19 09:00:00,15.0,63.274826
Platja Palmira,2025-09-19 10:00:00,11.0,51.637093
Platja Palmira,2025-09-19 11:00:00,66.0,23.402565
Platja Palmira,2025-09-19 12:00:00,109.0,21.6507
Platja Palmira,2025-09-19 13:00:00,111.0,33.330772
Platja Palmira,2025-09-19 14:00:00,134.0,72.52188
Platja Palmira,2025-09-19 15:00:00,130.0,105.01746
Platja Palmira,2025-09-19 16:00:00,107.0,126.280045
Platja Palmira,2025-09-19 17:00:00,156.0,112.48699
Platja Palmira,2025-09-19 18:00:00,105.0,102.15809
Platja Palmira,2025-09-19 19:00:00,28.0,101.77792
Platja Palmira,2025-09-19 20:00:00,32.0,96.96896
Platja Palmira,2025-09-20 08:00:00,12.0,48.14775
Platja Palmira,2025-09-20 09:00:00,10.0,38.52154
Platja Palmira,2025-09-20 10:00:00,9.0,42.15141
Platja Palmira,2025-09-20 11:00:00,17.0,18.63327
Platja Palmira,2025-09-20 12:00:00,41.0,21.711096
Platja Palmira,2025-09-20 13:00:00,55.0,28.313883
Platja Palmira,2025-09-20 14:00:00,75.0,58.561245
Platja Palmira,2025-09-20 15:00:00,91.0,90.52612
Platja Palmira,2025-09-20 16:00:00,144.0,97.55243
Platja Palmira,2025-09-20 17:00:00,122.0,89.487915
Platja Palmira,2025-09-20 18:00:00,58.0,99.01771
Platja Palmira,2025-09-20 19:00:00,55.0,107.09151
Platja Palmira,2025-09-20 20:00:00,32.0,97.776184
Platja Palmira,2025-09-21 08:00:00,11.0,49.209137
Platja Palmira,2025-09-21 09:00:00,11.0,40.442394
Platja Palmira,2025-09-21 10:00:00,9.0,34.646137
Platja Palmira,2025-09-21 11:00:00,73.0,18.90985
Platja Palmira,2025-09-21 12:00:00,134.0,33.54182
Platja Palmira,2025-09-21 13:00:00,146.0,46.636295
Platja Palmira,2025-09-21 14:00:00,109.0,71.04054
Platja Palmira,2025-09-21 15:00:00,137.0,96.78398
Platja Palmira,2025-09-21 16:00:00,149.0,102.45462
Platja Palmira,2025-09-21 17:00:00,140.0,94.60185
Platja Palmira,2025-09-21 18:00:00,91.0,82.46071
Platja Palmira,2025-09-21 19:00:00,36.0,85.13658
Platja Palmira,2025-09-21 20:00:00,20.0,76.62782
Platja Palmira,2025-09-22 08:00:00,10.0,45.314224
Platja Palmira,2025-09-22 09:00:00,9.0,31.350672
Platja Palmira,2025-09-22 10:00:00,9.0,32.834583
Platja Palmira,2025-09-22 11:00:00,57.0,21.128725
Platja Palmira,2025-09-22 12:00:00,170.0,31.71623
Platja Palmira,2025-09-22 13:00:00,137.0,44.077705
Platja Palmira,2025-09-22 14:00:00,172.0,73.57503
Platja Palmira,2025-09-22 15:00:00,154.0,92.43688
Platja Palmira,2025-09-22 16:00:00,151.0,86.78956
Platja Palmira,2025-09-22 17:00:00,162.0,92.77524
Platja Palmira,2025-09-22 18:00:00,87.0,82.084694
Platja Palmira,2025-09-22 19:00:00,53.0,76.43582
Platja Palmira,2025-09-22 20:00:00,24.0,76.86431
Platja Palmira,2025-09-23 08:00:00,15.0,43.989433
Platja Palmira,2025-09-23 09:00:00,14.0,27.615602
Platja Palmira,2025-09-23 10:00:00,9.0,29.726604
Platja Palmira,2025-09-23 11:00:00,69.0,22.92683
Platja Palmira,2025-09-23 12:00:00,168.0,28.380922
Platja Palmira,2025-09-23 13:00:00,144.0,44.512302
Platja Palmira,2025-09-23 14:00:00,139.0,64.414856
Platja Palmira,2025-09-23 15:00:00,126.0,81.46687
Platja Palmira,2025-09-23 16:00:00,144.0,92.56189
Platja Palmira,2025-09-23 17:00:00,136.0,89.90187
Platja Palmira,2025-09-23 18:00:00,92.0,76.69134
Platja Palmira,2025-09-23 19:00:00,56.0,74.85664
Platja Palmira,2025-09-23 20:00:00,23.0,65.28371
Platja Palmira,2025-09-24 08:00:00,10.0,37.92267
Platja Palmira,2025-09-24 09:00:00,15.0,31.630497
Platja Palmira,2025-09-24 10:00:00,12.0,30.23394
Platja Palmira,2025-09-24 11:00:00,70.0,22.742847
Platja Palmira,2025-09-24 12:00:00,85.0,40.86444
Platja Palmira,2025-09-24 13:00:00,74.0,41.84172
Platja Palmira,2025-09-24 14:00:00,114.0,74.468315
Platja Palmira,2025-09-24 15:00:00,110.0,105.4021
Platja Palmira,2025-09-24 16:00:00,83.0,115.38875
Platja Palmira,2025-09-24 17:00:00,120.0,96.857765
Platja Palmira,2025-09-24 18:00:00,81.0,81.840454
Platja Palmira,2025-09-24 19:00:00,34.0,85.74827
Platja Palmira,2025-09-24 20:00:00,26.0,78.57636
Platja Palmira,2025-09-25 08:00:00,12.0,45.330723
Platja Palmira,2025-09-25 09:00:00,10.0,29.567078
Platja Palmira,2025-09-25 10:00:00,12.0,34.089626
Platja Palmira,2025-09-25 11:00:00,39.0,24.854635
Platja Palmira,2025-09-25 12:00:00,53.0,25.02823
Platja Palmira,2025-09-25 13:00:00,100.0,30.729164
Platja Palmira,2025-09-25 14:00:00,102.0,75.30371
Platja Palmira,2025-09-25 15:00:00,128.0,112.63359
Platja Palmira,2025-09-25 16:00:00,145.0,104.194435
Platja Palmira,2025-09-25 17:00:00,139.0,93.942505
Platja Palmira,2025-09-25 18:00:00,89.0,89.25046
Platja Palmira,2025-09-25 19:00:00,42.0,93.15904
Platja Palmira,2025-09-25 20:00:00,15.0,85.95624
Platja Palmira,2025-09-26 08:00:00,15.0,43.661343
Platja Palmira,2025-09-26 09:00:00,11.0,40.190556
Platja Palmira,2025-09-26 10:00:00,10.0,47.03434
Platja Palmira,2025-09-26 11:00:00,59.0,21.952923
Platja Palmira,2025-09-26 12:00:00,83.0,30.034607
Platja Palmira,2025-09-26 13:00:00,156.0,36.695023
Platja Palmira,2025-09-26 14:00:00,103.0,65.69139
Platja Palmira,2025-09-26 15:00:00,126.0,97.49798
Platja Palmira,2025-09-26 16:00:00,134.0,102.75037
Platja Palmira,2025-09-26 17:00:00,97.0,91.36801
Platja Palmira,2025-09-26 18:00:00,58.0,83.78881
Platja Palmira,2025-09-26 19:00:00,26.0,78.01345
Platja Palmira,2025-09-26 20:00:00,17.0,75.80408
Platja Palmira,2025-09-27 08:00:00,16.0,43.694588
Platja Palmira,2025-09-27 09:00:00,12.0,37.554615
Platja Palmira,2025-09-27 10:00:00,13.0,32.136913
Platja Palmira,2025-09-27 11:00:00,12.0,17.273642
Platja Palmira,2025-09-27 12:00:00,19.0,24.665306
Platja Palmira,2025-09-27 13:00:00,21.0,34.525978
Platja Palmira,2025-09-27 14:00:00,24.0,56.2876
Platja Palmira,2025-09-27 15:00:00,48.0,83.13111
Platja Palmira,2025-09-27 16:00:00,35.0,97.20818
Platja Palmira,2025-09-27 17:00:00,58.0,79.51505
Platja Palmira,2025-09-27 18:00:00,25.0,76.77898
Platja Palmira,2025-09-27 19:00:00,51.0,80.36321
Platja Palmira,2025-09-27 20:00:00,22.0,71.952484
Platja Palmira,2025-09-28 08:00:00,8.0,40.61834
Platja Palmira,2025-09-28 09:00:00,9.0,33.227634
Platja Palmira,2025-09-28 10:00:00,9.0,31.012167
Platja Palmira,2025-09-28 11:00:00,48.0,26.198412
Platja Palmira,2025-09-28 12:00:00,108.0,29.471083
Platja Palmira,2025-09-28 13:00:00,105.0,50.221214
Platja Palmira,2025-09-28 14:00:00,104.0,63.974804
Platja Palmira,2025-09-28 15:00:00,84.0,87.524254
Platja Palmira,2025-09-28 16:00:00,103.0,91.78134
Platja Palmira,2025-09-28 17:00:00,117.0,83.52518
Platja Palmira,2025-09-28 18:00:00,94.0,76.16627
Platja Palmira,2025-09-28 19:00:00,61.0,77.43434
Platja Palmira,2025-09-28 20:00:00,16.0,63.52654
Platja Palmira,2025-09-29 08:00:00,11.0,41.219032
Platja Palmira,2025-09-29 09:00:00,7.0,28.293245
Platja Palmira,2025-09-29 10:00:00,8.0,21.305925
Platja Palmira,2025-09-29 11:00:00,67.0,18.365044
Platja Palmira,2025-09-29 12:00:00,120.0,32.0412
Platja Palmira,2025-09-29 13:00:00,94.0,53.65835
Platja Palmira,2025-09-29 14:00:00,98.0,66.9284
Platja Palmira,2025-09-29 15:00:00,70.0,101.456535
Platja Palmira,2025-09-29 16:00:00,124.0,95.578735
Platja Palmira,2025-09-29 17:00:00,118.0,77.037994
Platja Palmira,2025-09-29 18:00:00,51.0,72.43966
Platja Palmira,2025-09-29 19:00:00,53.0,72.87279
Platja Palmira,2025-09-29 20:00:00,13.0,62.873627
Platja Palmira 2,2025-09-01 08:00:00,101.0,81.8649
Platja Palmira 2,2025-09-01 09:00:00,53.0,39.384
Platja Palmira 2,2025-09-01 10:00:00,44.0,36.24145
Platja Palmira 2,2025-09-01 11:00:00,87.0,23.895485
Platja Palmira 2,2025-09-01 12:00:00,120.0,39.560738
Platja Palmira 2,2025-09-01 13:00:00,108.0,57.26681
Platja Palmira 2,2025-09-01 14:00:00,113.0,97.65992
Platja Palmira 2,2025-09-01 15:00:00,105.0,113.67376
Platja Palmira 2,2025-09-01 16:00:00,92.0,115.59845
Platja Palmira 2,2025-09-01 17:00:00,140.0,109.34457
Platja Palmira 2,2025-09-01 18:00:00,140.0,103.8756
Platja Palmira 2,2025-09-01 19:00:00,111.0,116.82727
Platja Palmira 2,2025-09-01 20:00:00,72.0,94.35521
Platja Palmira 2,2025-09-02 08:00:00,110.0,78.17191
Platja Palmira 2,2025-09-02 09:00:00,58.0,32.649242
Platja Palmira 2,2025-09-02 10:00:00,53.0,36.48538
Platja Palmira 2,2025-09-02 11:00:00,76.0,27.564713
Platja Palmira 2,2025-09-02 12:00:00,114.0,36.214813
Platja Palmira 2,2025-09-02 13:00:00,134.0,49.258274
Platja Palmira 2,2025-09-02 14:00:00,127.0,84.16095
Platja Palmira 2,2025-09-02 15:00:00,107.0,113.80043
Platja Palmira 2,2025-09-02 16:00:00,115.0,123.25724
Platja Palmira 2,2025-09-02 17:00:00,128.0,115.23837
Platja Palmira 2,2025-09-02 18:00:00,111.0,107.19465
Platja Palmira 2,2025-09-02 19:00:00,90.0,124.13483
Platja Palmira 2,2025-09-02 20:00:00,79.0,104.12203
Platja Palmira 2,2025-09-03 08:00:00,130.0,65.85457
Platja Palmira 2,2025-09-03 09:00:00,38.0,41.917316
Platja Palmira 2,2025-09-03 10:00:00,42.0,38.81408
Platja Palmira 2,2025-09-03 11:00:00,95.0,26.219679
Platja Palmira 2,2025-09-03 12:00:00,125.0,37.418606
Platja Palmira 2,2025-09-03 13:00:00,128.0,57.16139
Platja Palmira 2,2025-09-03 14:00:00,130.0,89.51981
Platja Palmira 2,2025-09-03 15:00:00,119.0,120.62269
Platja Palmira 2,2025-09-03 16:00:00,120.0,122.65426
Platja Palmira 2,2025-09-03 17:00:00,132.0,120.04287
Platja Palmira 2,2025-09-03 18:00:00,116.0,110.09341
Platja Palmira 2,2025-09-03 19:00:00,101.0,143.3488
Platja Palmira 2,2025-09-03 20:00:00,70.0,111.14876
Platja Palmira 2,2025-09-04 08:00:00,116.0,77.671875
Platja Palmira 2,2025-09-04 09:00:00,57.0,54.947933
Platja Palmira 2,2025-09-04 10:00:00,34.0,49.07539
Platja Palmira 2,2025-09-04 11:00:00,82.0,22.997057
Platja Palmira 2,2025-09-04 12:00:00,127.0,25.712656
Platja Palmira 2,2025-09-04 13:00:00,142.0,38.543068
Platja Palmira 2,2025-09-04 14:00:00,113.0,91.08963
Platja Palmira 2,2025-09-04 15:00:00,130.0,131.4276
Platja Palmira 2,2025-09-04 16:00:00,125.0,139.6374
Platja Palmira 2,2025-09-04 17:00:00,129.0,135.94272
Platja Palmira 2,2025-09-04 18:00:00,137.0,126.09085
Platja Palmira 2,2025-09-04 19:00:00,78.0,132.32372
Platja Palmira 2,2025-09-04 20:00:00,81.0,111.416985
Platja Palmira 2,2025-09-05 08:00:00,117.0,88.44187
Platja Palmira 2,2025-09-05 09:00:00,42.0,47.71542
Platja Palmira 2,2025-09-05 10:00:00,52.0,46.1286
Platja Palmira 2,2025-09-05 11:00:00,72.0,21.819513
Platja Palmira 2,2025-09-05 12:00:00,133.0,28.185722
Platja Palmira 2,2025-09-05 13:00:00,136.0,44.492405
Platja Palmira 2,2025-09-05 14:00:00,128.0,91.30752
Platja Palmira 2,2025-09-05 15:00:00,114.0,110.95024
Platja Palmira 2,2025-09-05 16:00:00,121.0,107.358665
Platja Palmira 2,2025-09-05 17:00:00,137.0,116.08258
Platja Palmira 2,2025-09-05 18:00:00,163.0,108.12699
Platja Palmira 2,2025-09-05 19:00:00,95.0,127.33306
Platja Palmira 2,2025-09-05 20:00:00,96.0,105.9484
Platja Palmira 2,2025-09-06 08:00:00,105.0,82.596924
Platja Palmira 2,2025-09-06 09:00:00,30.0,49.344715
Platja Palmira 2,2025-09-06 10:00:00,33.0,46.95242
Platja Palmira 2,2025-09-06 11:00:00,72.0,22.499651
Platja Palmira 2,2025-09-06 12:00:00,46.0,28.762058
Platja Palmira 2,2025-09-06 13:00:00,46.0,22.895813
Platja Palmira 2,2025-09-06 14:00:00,19.0,69.57944
Platja Palmira 2,2025-09-06 15:00:00,22.0,94.14917
Platja Palmira 2,2025-09-06 16:00:00,22.0,93.96266
Platja Palmira 2,2025-09-06 17:00:00,23.0,90.17624
Platja Palmira 2,2025-09-06 18:00:00,35.0,97.18572
Platja Palmira 2,2025-09-06 19:00:00,42.0,98.70053
Platja Palmira 2,2025-09-06 20:00:00,35.0,76.23964
Platja Palmira 2,2025-09-07 08:00:00,64.0,56.841255
Platja Palmira 2,2025-09-07 09:00:00,25.0,34.166107
Platja Palmira 2,2025-09-07 10:00:00,19.0,34.729286
Platja Palmira 2,2025-09-07 11:00:00,87.0,18.845398
Platja Palmira 2,2025-09-07 12:00:00,120.0,26.505844
Platja Palmira 2,2025-09-07 13:00:00,139.0,48.09145
Platja Palmira 2,2025-09-07 14:00:00,124.0,80.40649
Platja Palmira 2,2025-09-07 15:00:00,113.0,104.137115
Platja Palmira 2,2025-09-07 16:00:00,122.0,116.72458
Platja Palmira 2,2025-09-07 17:00:00,107.0,107.13454
Platja Palmira 2,2025-09-07 18:00:00,145.0,106.2834
Platja Palmira 2,2025-09-07 19:00:00,76.0,117.80703
Platja Palmira 2,2025-09-07 20:00:00,67.0,111.35712
Platja Palmira 2,2025-09-08 08:00:00,78.0,68.8811
Platja Palmira 2,2025-09-08 09:00:00,54.0,54.146446
Platja Palmira 2,2025-09-08 10:00:00,39.0,41.458183
Platja Palmira 2,2025-09-08 11:00:00,110.0,22.43175
Platja Palmira 2,2025-09-08 12:00:00,151.0,24.645779
Platja Palmira 2,2025-09-08 13:00:00,151.0,47.184296
Platja Palmira 2,2025-09-08 14:00:00,119.0,91.69221
Platja Palmira 2,2025-09-08 15:00:00,108.0,125.67435
Platja Palmira 2,2025-09-08 16:00:00,114.0,132.2574
Platja Palmira 2,2025-09-08 17:00:00,135.0,122.90038
Platja Palmira 2,2025-09-08 18:00:00,131.0,124.558975
Platja Palmira 2,2025-09-08 19:00:00,103.0,112.16046
Platja Palmira 2,2025-09-08 20:00:00,59.0,103.6422
Platja Palmira 2,2025-09-09 08:00:00,100.0,69.4245
Platja Palmira 2,2025-09-09 09:00:00,51.0,53.538296
Platja Palmira 2,2025-09-09 10:00:00,39.0,32.448486
Platja Palmira 2,2025-09-09 11:00:00,97.0,22.108595
Platja Palmira 2,2025-09-09 12:00:00,116.0,37.837353
Platja Palmira 2,2025-09-09 13:00:00,130.0,56.956177
Platja Palmira 2,2025-09-09 14:00:00,109.0,78.51887
Platja Palmira 2,2025-09-09 15:00:00,100.0,89.20745
Platja Palmira 2,2025-09-09 16:00:00,99.0,97.88189
Platja Palmira 2,2025-09-09 17:00:00,131.0,101.77078
Platja Palmira 2,2025-09-09 18:00:00,131.0,88.201385
Platja Palmira 2,2025-09-09 19:00:00,105.0,106.32077
Platja Palmira 2,2025-09-09 20:00:00,60.0,85.79304
Platja Palmira 2,2025-09-10 08:00:00,89.0,53.8441
Platja Palmira 2,2025-09-10 09:00:00,46.0,42.949562
Platja Palmira 2,2025-09-10 10:00:00,36.0,37.152634
Platja Palmira 2,2025-09-10 11:00:00,78.0,20.643106
Platja Palmira 2,2025-09-10 12:00:00,119.0,38.006058
Platja Palmira 2,2025-09-10 13:00:00,102.0,58.76239
Platja Palmira 2,2025-09-10 14:00:00,90.0,96.470955
Platja Palmira 2,2025-09-10 15:00:00,97.0,118.89884
Platja Palmira 2,2025-09-10 16:00:00,118.0,124.75335
Platja Palmira 2,2025-09-10 17:00:00,128.0,115.6542
Platja Palmira 2,2025-09-10 18:00:00,123.0,102.75097
Platja Palmira 2,2025-09-10 19:00:00,60.0,114.03133
Platja Palmira 2,2025-09-10 20:00:00,70.0,113.895676
Platja Palmira 2,2025-09-11 08:00:00,89.0,56.538208
Platja Palmira 2,2025-09-11 09:00:00,61.0,47.56429
Platja Palmira 2,2025-09-11 10:00:00,34.0,47.66457
Platja Palmira 2,2025-09-11 11:00:00,86.0,26.582167
Platja Palmira 2,2025-09-11 12:00:00,117.0,34.33744
Platja Palmira 2,2025-09-11 13:00:00,130.0,50.07281
Platja Palmira 2,2025-09-11 14:00:00,117.0,81.52383
Platja Palmira 2,2025-09-11 15:00:00,104.0,129.14613
Platja Palmira 2,2025-09-11 16:00:00,104.0,136.40169
Platja Palmira 2,2025-09-11 17:00:00,132.0,125.927795
Platja Palmira 2,2025-09-11 18:00:00,150.0,115.76469
Platja Palmira 2,2025-09-11 19:00:00,84.0,134.9054
Platja Palmira 2,2025-09-11 20:00:00,73.0,123.159515
Platja Palmira 2,2025-09-12 08:00:00,52.0,75.89153
Platja Palmira 2,2025-09-12 09:00:00,33.0,49.400146
Platja Palmira 2,2025-09-12 10:00:00,30.0,47.14902
Platja Palmira 2,2025-09-12 11:00:00,97.0,20.513588
Platja Palmira 2,2025-09-12 12:00:00,128.0,29.276646
Platja Palmira 2,2025-09-12 13:00:00,126.0,50.967464
Platja Palmira 2,2025-09-12 14:00:00,134.0,79.810265
Platja Palmira 2,2025-09-12 15:00:00,93.0,103.40588
Platja Palmira 2,2025-09-12 16:00:00,105.0,109.79744
Platja Palmira 2,2025-09-12 17:00:00,153.0,85.9146
Platja Palmira 2,2025-09-12 18:00:00,127.0,79.228615
Platja Palmira 2,2025-09-12 19:00:00,86.0,99.13014
Platja Palmira 2,2025-09-12 20:00:00,58.0,105.32264
Platja Palmira 2,2025-09-13 08:00:00,77.0,56.161884
Platja Palmira 2,2025-09-13 09:00:00,52.0,42.805107
Platja Palmira 2,2025-09-13 10:00:00,42.0,38.34782
Platja Palmira 2,2025-09-13 11:00:00,94.0,19.890028
Platja Palmira 2,2025-09-13 12:00:00,135.0,29.08827
Platja Palmira 2,2025-09-13 13:00:00,143.0,47.309246
Platja Palmira 2,2025-09-13 14:00:00,109.0,85.03848
Platja Palmira 2,2025-09-13 15:00:00,94.0,110.14464
Platja Palmira 2,2025-09-13 16:00:00,122.0,120.91776
Platja Palmira 2,2025-09-13 17:00:00,132.0,85.7324
Platja Palmira 2,2025-09-13 18:00:00,111.0,93.103424
Platja Palmira 2,2025-09-13 19:00:00,97.0,102.636185
Platja Palmira 2,2025-09-13 20:00:00,70.0,85.86957
Platja Palmira 2,2025-09-14 08:00:00,55.0,51.08601
Platja Palmira 2,2025-09-14 09:00:00,45.0,39.043274
Platja Palmira 2,2025-09-14 10:00:00,19.0,37.40101
Platja Palmira 2,2025-09-14 11:00:00,107.0,18.55583
Platja Palmira 2,2025-09-14 12:00:00,105.0,24.691788
Platja Palmira 2,2025-09-14 13:00:00,109.0,35.49407
Platja Palmira 2,2025-09-14 14:00:00,98.0,67.32495
Platja Palmira 2,2025-09-14 15:00:00,87.0,106.89694
Platja Palmira 2,2025-09-14 16:00:00,100.0,112.996315
Platja Palmira 2,2025-09-14 17:00:00,141.0,104.31399
Platja Palmira 2,2025-09-14 18:00:00,122.0,90.502144
Platja Palmira 2,2025-09-14 19:00:00,77.0,90.04225
Platja Palmira 2,2025-09-14 20:00:00,57.0,82.184135
Platja Palmira 2,2025-09-15 08:00:00,64.0,48.368126
Platja Palmira 2,2025-09-15 09:00:00,47.0,36.77235
Platja Palmira 2,2025-09-15 10:00:00,21.0,35.368633
Platja Palmira 2,2025-09-15 11:00:00,80.0,25.032469
Platja Palmira 2,2025-09-15 12:00:00,127.0,33.3205
Platja Palmira 2,2025-09-15 13:00:00,106.0,44.565777
Platja Palmira 2,2025-09-15 14:00:00,102.0,74.49
Platja Palmira 2,2025-09-15 15:00:00,121.0,108.54176
Platja Palmira 2,2025-09-15 16:00:00,114.0,116.20409
Platja Palmira 2,2025-09-15 17:00:00,138.0,102.222244
Platja Palmira 2,2025-09-15 18:00:00,124.0,100.59571
Platja Palmira 2,2025-09-15 19:00:00,90.0,107.0671
Platja Palmira 2,2025-09-15 20:00:00,66.0,101.16897
Platja Palmira 2,2025-09-16 08:00:00,67.0,48.70415
Platja Palmira 2,2025-09-16 09:00:00,49.0,42.71861
Platja Palmira 2,2025-09-16 10:00:00,47.0,39.91998
Platja Palmira 2,2025-09-16 11:00:00,92.0,21.312109
Platja Palmira 2,2025-09-16 12:00:00,124.0,32.29741
Platja Palmira 2,2025-09-16 13:00:00,122.0,53.052387
Platja Palmira 2,2025-09-16 14:00:00,97.0,88.21861
Platja Palmira 2,2025-09-16 15:00:00,99.0,112.49301
Platja Palmira 2,2025-09-16 16:00:00,86.0,113.58674
Platja Palmira 2,2025-09-16 17:00:00,134.0,107.67752
Platja Palmira 2,2025-09-16 18:00:00,129.0,98.50791
Platja Palmira 2,2025-09-16 19:00:00,82.0,107.2086
Platja Palmira 2,2025-09-16 20:00:00,57.0,98.32157
Platja Palmira 2,2025-09-17 08:00:00,53.0,54.49582
Platja Palmira 2,2025-09-17 09:00:00,53.0,48.95463
Platja Palmira 2,2025-09-17 10:00:00,32.0,45.517944
Platja Palmira 2,2025-09-17 11:00:00,100.0,26.92759
Platja Palmira 2,2025-09-17 12:00:00,101.0,36.61947
Platja Palmira 2,2025-09-17 13:00:00,147.0,53.802383
Platja Palmira 2,2025-09-17 14:00:00,117.0,90.495514
Platja Palmira 2,2025-09-17 15:00:00,106.0,115.14948
Platja Palmira 2,2025-09-17 16:00:00,108.0,109.843544
Platja Palmira 2,2025-09-17 17:00:00,113.0,92.84811
Platja Palmira 2,2025-09-17 18:00:00,107.0,94.804276
Platja Palmira 2,2025-09-17 19:00:00,52.0,100.9996
Platja Palmira 2,2025-09-17 20:00:00,63.0,95.99369
Platja Palmira 2,2025-09-18 08:00:00,57.0,48.063084
Platja Palmira 2,2025-09-18 09:00:00,65.0,41.47971
Platja Palmira 2,2025-09-18 10:00:00,31.0,42.21898
Platja Palmira 2,2025-09-18 11:00:00,98.0,25.1664
Platja Palmira 2,2025-09-18 12:00:00,116.0,31.529545
Platja Palmira 2,2025-09-18 13:00:00,122.0,47.88096
Platja Palmira 2,2025-09-18 14:00:00,121.0,89.23096
Platja Palmira 2,2025-09-18 15:00:00,105.0,118.59855
Platja Palmira 2,2025-09-18 16:00:00,114.0,122.69385
Platja Palmira 2,2025-09-18 17:00:00,139.0,113.94427
Platja Palmira 2,2025-09-18 18:00:00,100.0,113.455826
Platja Palmira 2,2025-09-18 19:00:00,61.0,126.180786
Platja Palmira 2,2025-09-18 20:00:00,57.0,102.44876
Platja Palmira 2,2025-09-19 08:00:00,33.0,52.629875
Platja Palmira 2,2025-09-19 09:00:00,27.0,46.40676
Platja Palmira 2,2025-09-19 10:00:00,16.0,40.513493
Platja Palmira 2,2025-09-19 11:00:00,81.0,17.502886
Platja Palmira 2,2025-09-19 12:00:00,91.0,20.863995
Platja Palmira 2,2025-09-19 13:00:00,106.0,33.187016
Platja Palmira 2,2025-09-19 14:00:00,110.0,71.72461
Platja Palmira 2,2025-09-19 15:00:00,100.0,97.09419
Platja Palmira 2,2025-09-19 16:00:00,114.0,104.973076
Platja Palmira 2,2025-09-19 17:00:00,114.0,101.00554
Platja Palmira 2,2025-09-19 18:00:00,117.0,89.67722
Platja Palmira 2,2025-09-19 19:00:00,73.0,87.63266
Platja Palmira 2,2025-09-19 20:00:00,69.0,83.491745
Platja Palmira 2,2025-09-20 08:00:00,57.0,45.9181
Platja Palmira 2,2025-09-20 09:00:00,49.0,34.564045
Platja Palmira 2,2025-09-20 10:00:00,28.0,34.441917
Platja Palmira 2,2025-09-20 11:00:00,37.0,19.864548
Platja Palmira 2,2025-09-20 12:00:00,56.0,18.962227
Platja Palmira 2,2025-09-20 13:00:00,101.0,24.733786
Platja Palmira 2,2025-09-20 14:00:00,80.0,48.947407
Platja Palmira 2,2025-09-20 15:00:00,90.0,66.28785
Platja Palmira 2,2025-09-20 16:00:00,118.0,80.07413
Platja Palmira 2,2025-09-20 17:00:00,133.0,71.46272
Platja Palmira 2,2025-09-20 18:00:00,81.0,88.99794
Platja Palmira 2,2025-09-20 19:00:00,61.0,93.592415
Platja Palmira 2,2025-09-20 20:00:00,63.0,83.85169
Platja Palmira 2,2025-09-21 08:00:00,35.0,45.09918
Platja Palmira 2,2025-09-21 09:00:00,34.0,35.524162
Platja Palmira 2,2025-09-21 10:00:00,18.0,32.24393
Platja Palmira 2,2025-09-21 11:00:00,99.0,20.880325
Platja Palmira 2,2025-09-21 12:00:00,113.0,27.892956
Platja Palmira 2,2025-09-21 13:00:00,117.0,46.366425
Platja Palmira 2,2025-09-21 14:00:00,121.0,74.38285
Platja Palmira 2,2025-09-21 15:00:00,108.0,97.533
Platja Palmira 2,2025-09-21 16:00:00,129.0,97.718155
Platja Palmira 2,2025-09-21 17:00:00,148.0,95.25385
Platja Palmira 2,2025-09-21 18:00:00,124.0,87.41964
Platja Palmira 2,2025-09-21 19:00:00,56.0,84.419266
Platja Palmira 2,2025-09-21 20:00:00,57.0,73.58995
Platja Palmira 2,2025-09-22 08:00:00,41.0,45.893986
Platja Palmira 2,2025-09-22 09:00:00,34.0,30.265306
Platja Palmira 2,2025-09-22 10:00:00,18.0,33.125435
Platja Palmira 2,2025-09-22 11:00:00,93.0,21.128725
Platja Palmira 2,2025-09-22 12:00:00,138.0,26.367592
Platja Palmira 2,2025-09-22 13:00:00,132.0,48.101437
Platja Palmira 2,2025-09-22 14:00:00,126.0,73.57503
Platja Palmira 2,2025-09-22 15:00:00,112.0,85.3941
Platja Palmira 2,2025-09-22 16:00:00,133.0,86.5326
Platja Palmira 2,2025-09-22 17:00:00,129.0,99.93427
Platja Palmira 2,2025-09-22 18:00:00,109.0,90.903755
Platja Palmira 2,2025-09-22 19:00:00,59.0,85.54268
Platja Palmira 2,2025-09-22 20:00:00,63.0,83.36982
Platja Palmira 2,2025-09-23 08:00:00,57.0,44.500813
Platja Palmira 2,2025-09-23 09:00:00,26.0,30.486412
Platja Palmira 2,2025-09-23 10:00:00,21.0,29.318407
Platja Palmira 2,2025-09-23 11:00:00,86.0,21.885767
Platja Palmira 2,2025-09-23 12:00:00,157.0,28.258846
Platja Palmira 2,2025-09-23 13:00:00,109.0,48.14261
Platja Palmira 2,2025-09-23 14:00:00,113.0,74.73445
Platja Palmira 2,2025-09-23 15:00:00,111.0,90.27238
Platja Palmira 2,2025-09-23 16:00:00,107.0,103.54268
Platja Palmira 2,2025-09-23 17:00:00,168.0,91.52697
Platja Palmira 2,2025-09-23 18:00:00,117.0,88.76444
Platja Palmira 2,2025-09-23 19:00:00,73.0,89.64837
Platja Palmira 2,2025-09-23 20:00:00,65.0,78.786575
Platja Palmira 2,2025-09-24 08:00:00,55.0,40.21307
Platja Palmira 2,2025-09-24 09:00:00,45.0,30.315416
Platja Palmira 2,2025-09-24 10:00:00,21.0,29.795603
Platja Palmira 2,2025-09-24 11:00:00,90.0,24.044403
Platja Palmira 2,2025-09-24 12:00:00,147.0,38.114838
Platja Palmira 2,2025-09-24 13:00:00,132.0,45.748554
Platja Palmira 2,2025-09-24 14:00:00,115.0,86.10863
Platja Palmira 2,2025-09-24 15:00:00,115.0,105.92624
Platja Palmira 2,2025-09-24 16:00:00,128.0,115.8463
Platja Palmira 2,2025-09-24 17:00:00,139.0,107.383095
Platja Palmira 2,2025-09-24 18:00:00,86.0,97.265205
Platja Palmira 2,2025-09-24 19:00:00,52.0,100.22443
Platja Palmira 2,2025-09-24 20:00:00,59.0,88.90387
Platja Palmira 2,2025-09-25 08:00:00,43.0,46.272804
Platja Palmira 2,2025-09-25 09:00:00,27.0,39.363018
Platja Palmira 2,2025-09-25 10:00:00,24.0,36.879547
Platja Palmira 2,2025-09-25 11:00:00,73.0,25.58571
Platja Palmira 2,2025-09-25 12:00:00,89.0,27.733725
Platja Palmira 2,2025-09-25 13:00:00,118.0,35.06598
Platja Palmira 2,2025-09-25 14:00:00,89.0,77.640785
Platja Palmira 2,2025-09-25 15:00:00,97.0,111.83161
Platja Palmira 2,2025-09-25 16:00:00,106.0,101.56425
Platja Palmira 2,2025-09-25 17:00:00,143.0,93.37047
Platja Palmira 2,2025-09-25 18:00:00,148.0,100.16127
Platja Palmira 2,2025-09-25 19:00:00,61.0,102.74796
Platja Palmira 2,2025-09-25 20:00:00,56.0,86.93117
Platja Palmira 2,2025-09-26 08:00:00,28.0,45.453228
Platja Palmira 2,2025-09-26 09:00:00,20.0,41.94909
Platja Palmira 2,2025-09-26 10:00:00,22.0,46.454304
Platja Palmira 2,2025-09-26 11:00:00,79.0,20.428514
Platja Palmira 2,2025-09-26 12:00:00,133.0,29.479822
Platja Palmira 2,2025-09-26 13:00:00,142.0,35.83701
Platja Palmira 2,2025-09-26 14:00:00,160.0,61.058887
Platja Palmira 2,2025-09-26 15:00:00,120.0,100.2804
Platja Palmira 2,2025-09-26 16:00:00,125.0,98.26748
Platja Palmira 2,2025-09-26 17:00:00,104.0,92.12823
Platja Palmira 2,2025-09-26 18:00:00,73.0,90.23093
Platja Palmira 2,2025-09-26 19:00:00,57.0,86.29466
Platja Palmira 2,2025-09-26 20:00:00,58.0,86.03846
Platja Palmira 2,2025-09-27 08:00:00,50.0,43.951958
Platja Palmira 2,2025-09-27 09:00:00,35.0,36.250305
Platja Palmira 2,2025-09-27 10:00:00,23.0,43.088898
Platja Palmira 2,2025-09-27 11:00:00,35.0,21.170229
Platja Palmira 2,2025-09-27 12:00:00,62.0,22.72421
Platja Palmira 2,2025-09-27 13:00:00,84.0,33.13337
Platja Palmira 2,2025-09-27 14:00:00,84.0,61.686565
Platja Palmira 2,2025-09-27 15:00:00,89.0,97.12643
Platja Palmira 2,2025-09-27 16:00:00,90.0,102.699905
Platja Palmira 2,2025-09-27 17:00:00,82.0,92.22821
Platja Palmira 2,2025-09-27 18:00:00,60.0,91.79153
Platja Palmira 2,2025-09-27 19:00:00,50.0,94.597534
Platja Palmira 2,2025-09-27 20:00:00,51.0,76.57942
Platja Palmira 2,2025-09-28 08:00:00,26.0,43.416348
Platja Palmira 2,2025-09-28 09:00:00,21.0,35.871117
Platja Palmira 2,2025-09-28 10:00:00,19.0,32.54654
Platja Palmira 2,2025-09-28 11:00:00,109.0,23.125824
Platja Palmira 2,2025-09-28 12:00:00,105.0,29.066534
Platja Palmira 2,2025-09-28 13:00:00,113.0,45.68963
Platja Palmira 2,2025-09-28 14:00:00,130.0,68.54519
Platja Palmira 2,2025-09-28 15:00:00,119.0,88.60547
Platja Palmira 2,2025-09-28 16:00:00,145.0,91.062096
Platja Palmira 2,2025-09-28 17:00:00,160.0,79.77136
Platja Palmira 2,2025-09-28 18:00:00,93.0,80.86666
Platja Palmira 2,2025-09-28 19:00:00,66.0,82.915794
Platja Palmira 2,2025-09-28 20:00:00,74.0,70.92619
Platja Palmira 2,2025-09-29 08:00:00,56.0,42.83348
Platja Palmira 2,2025-09-29 09:00:00,33.0,32.17921
Platja Palmira 2,2025-09-29 10:00:00,20.0,37.983433
Platja Palmira 2,2025-09-29 11:00:00,78.0,21.105759
Platja Palmira 2,2025-09-29 12:00:00,96.0,26.309614
Platja Palmira 2,2025-09-29 13:00:00,123.0,39.80799
Platja Palmira 2,2025-09-29 14:00:00,114.0,60.81196
Platja Palmira 2,2025-09-29 15:00:00,122.0,92.54133
Platja Palmira 2,2025-09-29 16:00:00,125.0,104.06014
Platja Palmira 2,2025-09-29 17:00:00,130.0,90.2327
Platja Palmira 2,2025-09-29 18:00:00,75.0,78.80972
Platja Palmira 2,2025-09-29 19:00:00,55.0,80.59182
Platja Palmira 2,2025-09-29 20:00:00,57.0,71.84957
Platja de Peguera,2025-09-01 08:00:00,60.0,123.76618
Platja de Peguera,2025-09-01 09:00:00,35.0,188.8114
Platja de Peguera,2025-09-01 10:00:00,31.0,205.30524
Platja de Peguera,2025-09-01 11:00:00,187.0,184.28633
Platja de Peguera,2025-09-01 12:00:00,285.0,236.31479
Platja de Peguera,2025-09-01 13:00:00,260.0,243.05551
Platja de Peguera,2025-09-01 14:00:00,273.0,265.4728
Platja de Peguera,2025-09-01 15:00:00,275.0,281.14844
Platja de Peguera,2025-09-01 16:00:00,289.0,229.31772
Platja de Peguera,2025-09-01 17:00:00,252.0,203.07126
Platja de Peguera,2025-09-01 18:00:00,209.0,145.80704
Platja de Peguera,2025-09-01 19:00:00,138.0,154.08694
Platja de Peguera,2025-09-01 20:00:00,74.0,137.62343
Platja de Peguera,2025-09-02 08:00:00,95.0,117.23013
Platja de Peguera,2025-09-02 09:00:00,33.0,97.134445
Platja de Peguera,2025-09-02 10:00:00,30.0,193.487
Platja de Peguera,2025-09-02 11:00:00,147.0,167.66678
Platja de Peguera,2025-09-02 12:00:00,249.0,164.21948
Platja de Peguera,2025-09-02 13:00:00,277.0,189.2152
Platja de Peguera,2025-09-02 14:00:00,273.0,197.44695
Platja de Peguera,2025-09-02 15:00:00,259.0,262.92053
Platja de Peguera,2025-09-02 16:00:00,254.0,191.936
Platja de Peguera,2025-09-02 17:00:00,223.0,291.64188
Platja de Peguera,2025-09-02 18:00:00,181.0,157.67307
Platja de Peguera,2025-09-02 19:00:00,117.0,198.7388
Platja de Peguera,2025-09-02 20:00:00,55.0,152.4627
Platja de Peguera,2025-09-03 08:00:00,104.0,118.32492
Platja de Peguera,2025-09-03 09:00:00,28.0,98.896065
Platja de Peguera,2025-09-03 10:00:00,27.0,247.35545
Platja de Peguera,2025-09-03 11:00:00,201.0,242.52188
Platja de Peguera,2025-09-03 12:00:00,272.0,202.07344
Platja de Peguera,2025-09-03 13:00:00,289.0,242.39606
Platja de Peguera,2025-09-03 14:00:00,297.0,245.25822
Platja de Peguera,2025-09-03 15:00:00,302.0,261.74915
Platja de Peguera,2025-09-03 16:00:00,272.0,216.86691
Platja de Peguera,2025-09-03 17:00:00,283.0,189.42317
Platja de Peguera,2025-09-03 18:00:00,193.0,141.48857
Platja de Peguera,2025-09-03 19:00:00,120.0,167.66566
Platja de Peguera,2025-09-03 20:00:00,90.0,150.73752
Platja de Peguera,2025-09-04 08:00:00,119.0,127.764656
Platja de Peguera,2025-09-04 09:00:00,25.0,186.26314
Platja de Peguera,2025-09-04 10:00:00,13.0,270.391
Platja de Peguera,2025-09-04 11:00:00,198.0,247.92871
Platja de Peguera,2025-09-04 12:00:00,192.0,239.02379
Platja de Peguera,2025-09-04 13:00:00,309.0,226.13158
Platja de Peguera,2025-09-04 14:00:00,240.0,234.01678
Platja de Peguera,2025-09-04 15:00:00,172.0,247.60422
Platja de Peguera,2025-09-04 16:00:00,242.0,185.06909
Platja de Peguera,2025-09-04 17:00:00,277.0,194.31926
Platja de Peguera,2025-09-04 18:00:00,184.0,168.40144
Platja de Peguera,2025-09-04 19:00:00,108.0,170.67314
Platja de Peguera,2025-09-04 20:00:00,78.0,156.14662
Platja de Peguera,2025-09-05 08:00:00,127.0,129.86417
Platja de Peguera,2025-09-05 09:00:00,30.0,175.16826
Platja de Peguera,2025-09-05 10:00:00,31.0,242.79637
Platja de Peguera,2025-09-05 11:00:00,104.0,240.9449
Platja de Peguera,2025-09-05 12:00:00,114.0,233.52061
Platja de Peguera,2025-09-05 13:00:00,200.0,226.89131
Platja de Peguera,2025-09-05 14:00:00,243.0,249.10374
Platja de Peguera,2025-09-05 15:00:00,215.0,194.53702
Platja de Peguera,2025-09-05 16:00:00,182.0,194.79095
Platja de Peguera,2025-09-05 17:00:00,261.0,146.57341
Platja de Peguera,2025-09-05 18:00:00,169.0,143.48933
Platja de Peguera,2025-09-05 19:00:00,101.0,154.91235
Platja de Peguera,2025-09-05 20:00:00,55.0,149.13506
Platja de Peguera,2025-09-06 08:00:00,112.0,124.87063
Platja de Peguera,2025-09-06 09:00:00,13.0,198.93773
Platja de Peguera,2025-09-06 10:00:00,18.0,284.65915
Platja de Peguera,2025-09-06 11:00:00,67.0,240.4658
Platja de Peguera,2025-09-06 12:00:00,37.0,238.5022
Platja de Peguera,2025-09-06 13:00:00,58.0,228.3256
Platja de Peguera,2025-09-06 14:00:00,26.0,238.21315
Platja de Peguera,2025-09-06 15:00:00,30.0,248.50801
Platja de Peguera,2025-09-06 16:00:00,43.0,187.81108
Platja de Peguera,2025-09-06 17:00:00,29.0,140.11493
Platja de Peguera,2025-09-06 18:00:00,38.0,136.80835
Platja de Peguera,2025-09-06 19:00:00,34.0,131.34344
Platja de Peguera,2025-09-06 20:00:00,33.0,114.406075
Platja de Peguera,2025-09-07 08:00:00,77.0,104.40203
Platja de Peguera,2025-09-07 09:00:00,31.0,185.16408
Platja de Peguera,2025-09-07 10:00:00,22.0,181.46112
Platja de Peguera,2025-09-07 11:00:00,161.0,222.13014
Platja de Peguera,2025-09-07 12:00:00,253.0,205.5764
Platja de Peguera,2025-09-07 13:00:00,222.0,156.43204
Platja de Peguera,2025-09-07 14:00:00,251.0,233.17593
Platja de Peguera,2025-09-07 15:00:00,250.0,250.49306
Platja de Peguera,2025-09-07 16:00:00,174.0,188.43929
Platja de Peguera,2025-09-07 17:00:00,160.0,139.53029
Platja de Peguera,2025-09-07 18:00:00,168.0,132.0144
Platja de Peguera,2025-09-07 19:00:00,92.0,137.7139
Platja de Peguera,2025-09-07 20:00:00,83.0,127.27396
Platja de Peguera,2025-09-08 08:00:00,213.0,104.506676
Platja de Peguera,2025-09-08 09:00:00,52.0,96.55457
Platja de Peguera,2025-09-08 10:00:00,37.0,95.1322
Platja de Peguera,2025-09-08 11:00:00,206.0,90.14063
Platja de Peguera,2025-09-08 12:00:00,261.0,200.2458
Platja de Peguera,2025-09-08 13:00:00,226.0,173.4311
Platja de Peguera,2025-09-08 14:00:00,274.0,131.92804
Platja de Peguera,2025-09-08 15:00:00,230.0,260.02087
Platja de Peguera,2025-09-08 16:00:00,318.0,183.62428
Platja de Peguera,2025-09-08 17:00:00,240.0,152.35332
Platja de Peguera,2025-09-08 18:00:00,195.0,152.54968
Platja de Peguera,2025-09-08 19:00:00,128.0,141.6609
Platja de Peguera,2025-09-08 20:00:00,105.0,140.58286
Platja de Peguera,2025-09-09 08:00:00,262.0,110.38239
Platja de Peguera,2025-09-09 09:00:00,36.0,97.46469
Platja de Peguera,2025-09-09 10:00:00,33.0,92.303665
Platja de Peguera,2025-09-09 11:00:00,128.0,41.485344
Platja de Peguera,2025-09-09 12:00:00,244.0,36.91166
Platja de Peguera,2025-09-09 13:00:00,260.0,57.052906
Platja de Peguera,2025-09-09 14:00:00,157.0,93.19468
Platja de Peguera,2025-09-09 15:00:00,233.0,112.61301
Platja de Peguera,2025-09-09 16:00:00,301.0,108.15117
Platja de Peguera,2025-09-09 17:00:00,232.0,107.16785
Platja de Peguera,2025-09-09 18:00:00,205.0,100.30876
Platja de Peguera,2025-09-09 19:00:00,103.0,117.796364
Platja de Peguera,2025-09-09 20:00:00,89.0,95.27274
Platja de Peguera,2025-09-10 08:00:00,278.0,63.741386
Platja de Peguera,2025-09-10 09:00:00,35.0,39.2052
Platja de Peguera,2025-09-10 10:00:00,40.0,86.36831
Platja de Peguera,2025-09-10 11:00:00,193.0,50.26265
Platja de Peguera,2025-09-10 12:00:00,196.0,80.28173
Platja de Peguera,2025-09-10 13:00:00,278.0,95.341576
Platja de Peguera,2025-09-10 14:00:00,242.0,85.82163
Platja de Peguera,2025-09-10 15:00:00,279.0,126.107666
Platja de Peguera,2025-09-10 16:00:00,204.0,149.16069
Platja de Peguera,2025-09-10 17:00:00,179.0,127.7643
Platja de Peguera,2025-09-10 18:00:00,123.0,116.49264
Platja de Peguera,2025-09-10 19:00:00,75.0,161.78519
Platja de Peguera,2025-09-10 20:00:00,68.0,122.90176
Platja de Peguera,2025-09-11 08:00:00,173.0,79.16919
Platja de Peguera,2025-09-11 09:00:00,62.0,78.38824
Platja de Peguera,2025-09-11 10:00:00,47.0,137.6745
Platja de Peguera,2025-09-11 11:00:00,165.0,93.68373
Platja de Peguera,2025-09-11 12:00:00,254.0,114.47785
Platja de Peguera,2025-09-11 13:00:00,304.0,105.928665
Platja de Peguera,2025-09-11 14:00:00,303.0,169.4533
Platja de Peguera,2025-09-11 15:00:00,287.0,202.07478
Platja de Peguera,2025-09-11 16:00:00,416.0,183.97826
Platja de Peguera,2025-09-11 17:00:00,268.0,158.22272
Platja de Peguera,2025-09-11 18:00:00,180.0,173.75494
Platja de Peguera,2025-09-11 19:00:00,126.0,284.0821
Platja de Peguera,2025-09-11 20:00:00,79.0,153.84178
Platja de Peguera,2025-09-12 08:00:00,124.0,118.81345
Platja de Peguera,2025-09-12 09:00:00,36.0,116.96533
Platja de Peguera,2025-09-12 10:00:00,24.0,253.99498
Platja de Peguera,2025-09-12 11:00:00,190.0,241.90184
Platja de Peguera,2025-09-12 12:00:00,279.0,164.72484
Platja de Peguera,2025-09-12 13:00:00,256.0,204.33102
Platja de Peguera,2025-09-12 14:00:00,223.0,264.80292
Platja de Peguera,2025-09-12 15:00:00,250.0,228.64807
Platja de Peguera,2025-09-12 16:00:00,337.0,200.95601
Platja de Peguera,2025-09-12 17:00:00,237.0,147.63045
Platja de Peguera,2025-09-12 18:00:00,151.0,140.78316
Platja de Peguera,2025-09-12 19:00:00,90.0,284.86868
Platja de Peguera,2025-09-12 20:00:00,71.0,141.83142
Platja de Peguera,2025-09-13 08:00:00,115.0,106.503
Platja de Peguera,2025-09-13 09:00:00,36.0,180.31773
Platja de Peguera,2025-09-13 10:00:00,31.0,184.09317
Platja de Peguera,2025-09-13 11:00:00,193.0,242.11597
Platja de Peguera,2025-09-13 12:00:00,230.0,225.09067
Platja de Peguera,2025-09-13 13:00:00,266.0,237.75385
Platja de Peguera,2025-09-13 14:00:00,218.0,176.66003
Platja de Peguera,2025-09-13 15:00:00,213.0,173.85043
Platja de Peguera,2025-09-13 16:00:00,347.0,178.39845
Platja de Peguera,2025-09-13 17:00:00,232.0,152.83281
Platja de Peguera,2025-09-13 18:00:00,173.0,146.36974
Platja de Peguera,2025-09-13 19:00:00,86.0,185.28029
Platja de Peguera,2025-09-13 20:00:00,83.0,138.49524
Platja de Peguera,2025-09-14 08:00:00,129.0,101.769005
Platja de Peguera,2025-09-14 09:00:00,23.0,173.55496
Platja de Peguera,2025-09-14 10:00:00,33.0,244.61102
Platja de Peguera,2025-09-14 11:00:00,177.0,221.46376
Platja de Peguera,2025-09-14 12:00:00,188.0,227.04655
Platja de Peguera,2025-09-14 13:00:00,212.0,225.41052
Platja de Peguera,2025-09-14 14:00:00,240.0,262.21448
Platja de Peguera,2025-09-14 15:00:00,205.0,276.54788
Platja de Peguera,2025-09-14 16:00:00,219.0,199.05264
Platja de Peguera,2025-09-14 17:00:00,214.0,162.00775
Platja de Peguera,2025-09-14 18:00:00,132.0,141.35674
Platja de Peguera,2025-09-14 19:00:00,61.0,142.64845
Platja de Peguera,2025-09-14 20:00:00,73.0,133.42856
Platja de Peguera,2025-09-15 08:00:00,120.0,104.483025
Platja de Peguera,2025-09-15 09:00:00,22.0,186.05792
Platja de Peguera,2025-09-15 10:00:00,36.0,249.51619
Platja de Peguera,2025-09-15 11:00:00,183.0,244.57208
Platja de Peguera,2025-09-15 12:00:00,266.0,184.15105
Platja de Peguera,2025-09-15 13:00:00,270.0,226.77982
Platja de Peguera,2025-09-15 14:00:00,255.0,256.0043
Platja de Peguera,2025-09-15 15:00:00,244.0,231.12798
Platja de Peguera,2025-09-15 16:00:00,248.0,192.04436
Platja de Peguera,2025-09-15 17:00:00,220.0,150.28403
Platja de Peguera,2025-09-15 18:00:00,135.0,147.88469
Platja de Peguera,2025-09-15 19:00:00,73.0,138.17567
Platja de Peguera,2025-09-15 20:00:00,62.0,135.87108
Platja de Peguera,2025-09-16 08:00:00,92.0,94.87428
Platja de Peguera,2025-09-16 09:00:00,42.0,172.83601
Platja de Peguera,2025-09-16 10:00:00,40.0,211.13672
Platja de Peguera,2025-09-16 11:00:00,186.0,232.87407
Platja de Peguera,2025-09-16 12:00:00,222.0,183.32054
Platja de Peguera,2025-09-16 13:00:00,156.0,183.91849
Platja de Peguera,2025-09-16 14:00:00,248.0,259.717
Platja de Peguera,2025-09-16 15:00:00,227.0,227.45522
Platja de Peguera,2025-09-16 16:00:00,209.0,202.72496
Platja de Peguera,2025-09-16 17:00:00,223.0,153.24135
Platja de Peguera,2025-09-16 18:00:00,137.0,145.33391
Platja de Peguera,2025-09-16 19:00:00,99.0,161.72029
Platja de Peguera,2025-09-16 20:00:00,99.0,150.26607
Platja de Peguera,2025-09-17 08:00:00,39.0,103.82682
Platja de Peguera,2025-09-17 09:00:00,28.0,171.60538
Platja de Peguera,2025-09-17 10:00:00,26.0,169.67682
Platja de Peguera,2025-09-17 11:00:00,191.0,173.71153
Platja de Peguera,2025-09-17 12:00:00,262.0,234.18568
Platja de Peguera,2025-09-17 13:00:00,266.0,164.9391
Platja de Peguera,2025-09-17 14:00:00,214.0,189.5914
Platja de Peguera,2025-09-17 15:00:00,225.0,210.85684
Platja de Peguera,2025-09-17 16:00:00,263.0,305.76752
Platja de Peguera,2025-09-17 17:00:00,132.0,133.95497
Platja de Peguera,2025-09-17 18:00:00,105.0,140.07022
Platja de Peguera,2025-09-17 19:00:00,90.0,145.4314
Platja de Peguera,2025-09-17 20:00:00,67.0,138.45587
Platja de Peguera,2025-09-18 08:00:00,36.0,98.41125
Platja de Peguera,2025-09-18 09:00:00,20.0,165.66211
Platja de Peguera,2025-09-18 10:00:00,31.0,241.74327
Platja de Peguera,2025-09-18 11:00:00,167.0,222.3207
Platja de Peguera,2025-09-18 12:00:00,194.0,223.17104
Platja de Peguera,2025-09-18 13:00:00,253.0,212.69789
Platja de Peguera,2025-09-18 14:00:00,232.0,250.94441
Platja de Peguera,2025-09-18 15:00:00,223.0,209.79858
Platja de Peguera,2025-09-18 16:00:00,167.0,337.4725
Platja de Peguera,2025-09-18 17:00:00,198.0,157.70042
Platja de Peguera,2025-09-18 18:00:00,131.0,147.24138
Platja de Peguera,2025-09-18 19:00:00,73.0,166.08455
Platja de Peguera,2025-09-18 20:00:00,46.0,149.10406
Platja de Peguera,2025-09-19 08:00:00,23.0,109.7691
Platja de Peguera,2025-09-19 09:00:00,22.0,175.274
Platja de Peguera,2025-09-19 10:00:00,26.0,186.60852
Platja de Peguera,2025-09-19 11:00:00,83.0,168.61617
Platja de Peguera,2025-09-19 12:00:00,190.0,231.97377
Platja de Peguera,2025-09-19 13:00:00,211.0,196.61223
Platja de Peguera,2025-09-19 14:00:00,206.0,186.76505
Platja de Peguera,2025-09-19 15:00:00,123.0,201.7276
Platja de Peguera,2025-09-19 16:00:00,199.0,195.75308
Platja de Peguera,2025-09-19 17:00:00,182.0,144.6907
Platja de Peguera,2025-09-19 18:00:00,187.0,132.38547
Platja de Peguera,2025-09-19 19:00:00,59.0,134.14998
Platja de Peguera,2025-09-19 20:00:00,109.0,131.34743
Platja de Peguera,2025-09-20 08:00:00,48.0,104.612785
Platja de Peguera,2025-09-20 09:00:00,29.0,141.10193
Platja de Peguera,2025-09-20 10:00:00,20.0,253.83391
Platja de Peguera,2025-09-20 11:00:00,24.0,239.04364
Platja de Peguera,2025-09-20 12:00:00,56.0,185.04822
Platja de Peguera,2025-09-20 13:00:00,75.0,207.46027
Platja de Peguera,2025-09-20 14:00:00,143.0,247.54109
Platja de Peguera,2025-09-20 15:00:00,167.0,279.37582
Platja de Peguera,2025-09-20 16:00:00,238.0,142.3247
Platja de Peguera,2025-09-20 17:00:00,133.0,133.373
Platja de Peguera,2025-09-20 18:00:00,81.0,139.2555
Platja de Peguera,2025-09-20 19:00:00,86.0,130.72351
Platja de Peguera,2025-09-20 20:00:00,97.0,128.42729
Platja de Peguera,2025-09-21 08:00:00,37.0,95.23523
Platja de Peguera,2025-09-21 09:00:00,55.0,133.56769
Platja de Peguera,2025-09-21 10:00:00,40.0,127.184265
Platja de Peguera,2025-09-21 11:00:00,146.0,187.10641
Platja de Peguera,2025-09-21 12:00:00,221.0,145.3713
Platja de Peguera,2025-09-21 13:00:00,227.0,141.06166
Platja de Peguera,2025-09-21 14:00:00,235.0,142.02864
Platja de Peguera,2025-09-21 15:00:00,224.0,144.8476
Platja de Peguera,2025-09-21 16:00:00,220.0,302.1065
Platja de Peguera,2025-09-21 17:00:00,195.0,133.45525
Platja de Peguera,2025-09-21 18:00:00,116.0,124.94192
Platja de Peguera,2025-09-21 19:00:00,81.0,124.30787
Platja de Peguera,2025-09-21 20:00:00,82.0,126.94027
Platja de Peguera,2025-09-22 08:00:00,19.0,97.76177
Platja de Peguera,2025-09-22 09:00:00,37.0,93.499985
Platja de Peguera,2025-09-22 10:00:00,21.0,75.70632
Platja de Peguera,2025-09-22 11:00:00,149.0,59.013878
Platja de Peguera,2025-09-22 12:00:00,232.0,40.02802
Platja de Peguera,2025-09-22 13:00:00,282.0,50.649223
Platja de Peguera,2025-09-22 14:00:00,245.0,130.55841
Platja de Peguera,2025-09-22 15:00:00,252.0,140.76846
Platja de Peguera,2025-09-22 16:00:00,261.0,149.47723
Platja de Peguera,2025-09-22 17:00:00,214.0,132.33702
Platja de Peguera,2025-09-22 18:00:00,126.0,127.322716
Platja de Peguera,2025-09-22 19:00:00,84.0,130.59335
Platja de Peguera,2025-09-22 20:00:00,86.0,128.2371
Platja de Peguera,2025-09-23 08:00:00,18.0,71.90546
Platja de Peguera,2025-09-23 09:00:00,28.0,66.87272
Platja de Peguera,2025-09-23 10:00:00,22.0,54.73873
Platja de Peguera,2025-09-23 11:00:00,119.0,18.58289
Platja de Peguera,2025-09-23 12:00:00,206.0,33.700523
Platja de Peguera,2025-09-23 13:00:00,244.0,40.72688
Platja de Peguera,2025-09-23 14:00:00,246.0,108.38875
Platja de Peguera,2025-09-23 15:00:00,258.0,110.05817
Platja de Peguera,2025-09-23 16:00:00,228.0,108.541306
Platja de Peguera,2025-09-23 17:00:00,224.0,104.971146
Platja de Peguera,2025-09-23 18:00:00,121.0,100.67915
Platja de Peguera,2025-09-23 19:00:00,62.0,99.658226
Platja de Peguera,2025-09-23 20:00:00,51.0,88.653915
Platja de Peguera,2025-09-24 08:00:00,20.0,47.23828
Platja de Peguera,2025-09-24 09:00:00,17.0,43.697865
Platja de Peguera,2025-09-24 10:00:00,17.0,74.16884
Platja de Peguera,2025-09-24 11:00:00,131.0,63.699886
Platja de Peguera,2025-09-24 12:00:00,129.0,66.720955
Platja de Peguera,2025-09-24 13:00:00,163.0,78.44531
Platja de Peguera,2025-09-24 14:00:00,127.0,118.02662
Platja de Peguera,2025-09-24 15:00:00,155.0,140.2494
Platja de Peguera,2025-09-24 16:00:00,105.0,131.93341
Platja de Peguera,2025-09-24 17:00:00,174.0,131.2984
Platja de Peguera,2025-09-24 18:00:00,173.0,119.70378
Platja de Peguera,2025-09-24 19:00:00,70.0,119.112656
Platja de Peguera,2025-09-24 20:00:00,75.0,120.02675
Platja de Peguera,2025-09-25 08:00:00,764.0,68.94653
Platja de Peguera,2025-09-25 09:00:00,624.0,68.39593
Platja de Peguera,2025-09-25 10:00:00,270.0,100.517265
Platja de Peguera,2025-09-25 11:00:00,79.0,92.23575
Platja de Peguera,2025-09-25 12:00:00,120.0,83.55761
Platja de Peguera,2025-09-25 13:00:00,102.0,110.09703
Platja de Peguera,2025-09-25 14:00:00,171.0,163.88748
Platja de Peguera,2025-09-25 15:00:00,183.0,174.30482
Platja de Peguera,2025-09-25 16:00:00,195.0,153.6517
Platja de Peguera,2025-09-25 17:00:00,183.0,149.8786
Platja de Peguera,2025-09-25 18:00:00,135.0,146.66351
Platja de Peguera,2025-09-25 19:00:00,52.0,142.29443
Platja de Peguera,2025-09-25 20:00:00,35.0,140.55077
Platja de Peguera,2025-09-26 08:00:00,16.0,106.30235
Platja de Peguera,2025-09-26 09:00:00,18.0,115.20489
Platja de Peguera,2025-09-26 10:00:00,14.0,143.01018
Platja de Peguera,2025-09-26 11:00:00,111.0,194.38
Platja de Peguera,2025-09-26 12:00:00,124.0,194.04346
Platja de Peguera,2025-09-26 13:00:00,199.0,208.72743
Platja de Peguera,2025-09-26 14:00:00,190.0,164.18633
Platja de Peguera,2025-09-26 15:00:00,189.0,230.53255
Platja de Peguera,2025-09-26 16:00:00,165.0,170.058
Platja de Peguera,2025-09-26 17:00:00,92.0,143.24393
Platja de Peguera,2025-09-26 18:00:00,75.0,141.06291
Platja de Peguera,2025-09-26 19:00:00,44.0,131.06401
Platja de Peguera,2025-09-26 20:00:00,37.0,128.08437
Platja de Peguera,2025-09-27 08:00:00,23.0,100.77013
Platja de Peguera,2025-09-27 09:00:00,17.0,300.31226
Platja de Peguera,2025-09-27 10:00:00,14.0,101.87509
Platja de Peguera,2025-09-27 11:00:00,26.0,32.107113
Platja de Peguera,2025-09-27 12:00:00,27.0,24.007952
Platja de Peguera,2025-09-27 13:00:00,36.0,41.072227
Platja de Peguera,2025-09-27 14:00:00,40.0,68.47236
Platja de Peguera,2025-09-27 15:00:00,39.0,126.85733
Platja de Peguera,2025-09-27 16:00:00,41.0,149.51291
Platja de Peguera,2025-09-27 17:00:00,58.0,135.06526
Platja de Peguera,2025-09-27 18:00:00,44.0,132.14201
Platja de Peguera,2025-09-27 19:00:00,30.0,268.6124
Platja de Peguera,2025-09-27 20:00:00,27.0,299.41666
Platja de Peguera,2025-09-28 08:00:00,16.0,288.68152
Platja de Peguera,2025-09-28 09:00:00,19.0,112.14106
Platja de Peguera,2025-09-28 10:00:00,14.0,112.0937
Platja de Peguera,2025-09-28 11:00:00,121.0,68.43177
Platja de Peguera,2025-09-28 12:00:00,166.0,216.53633
Platja de Peguera,2025-09-28 13:00:00,188.0,214.72807
Platja de Peguera,2025-09-28 14:00:00,118.0,213.63036
Platja de Peguera,2025-09-28 15:00:00,195.0,226.40755
Platja de Peguera,2025-09-28 16:00:00,199.0,270.5828
Platja de Peguera,2025-09-28 17:00:00,90.0,137.63934
Platja de Peguera,2025-09-28 18:00:00,104.0,120.23967
Platja de Peguera,2025-09-28 19:00:00,63.0,128.26839
Platja de Peguera,2025-09-28 20:00:00,44.0,114.474396
Platja de Peguera,2025-09-29 08:00:00,20.0,90.89421
Platja de Peguera,2025-09-29 09:00:00,18.0,86.19395
Platja de Peguera,2025-09-29 10:00:00,17.0,88.73237
Platja de Peguera,2025-09-29 11:00:00,97.0,106.681404
Platja de Peguera,2025-09-29 12:00:00,194.0,105.84708
Platja de Peguera,2025-09-29 13:00:00,172.0,101.992065
Platja de Peguera,2025-09-29 14:00:00,169.0,114.01839
Platja de Peguera,2025-09-29 15:00:00,108.0,111.69331
Platja de Peguera,2025-09-29 16:00:00,179.0,127.21007
Platja de Peguera,2025-09-29 17:00:00,126.0,117.93727
Platja de Peguera,2025-09-29 18:00:00,75.0,114.86252
Platja de Peguera,2025-09-29 19:00:00,47.0,117.98808
Platja de Peguera,2025-09-29 20:00:00,20.0,111.53653
Portals Vells,2025-09-01 08:00:00,10.0,35.117702
Portals Vells,2025-09-01 09:00:00,7.0,26.612743
Portals Vells,2025-09-01 10:00:00,7.0,23.454084
Portals Vells,2025-09-01 11:00:00,33.0,29.79142
Portals Vells,2025-09-01 12:00:00,47.0,39.435574
Portals Vells,2025-09-01 13:00:00,66.0,40.294964
Portals Vells,2025-09-01 14:00:00,56.0,52.7019
Portals Vells,2025-09-01 15:00:00,155.0,61.637234
Portals Vells,2025-09-01 16:00:00,182.0,57.24812
Portals Vells,2025-09-01 17:00:00,106.0,51.42533
Portals Vells,2025-09-01 18:00:00,63.0,50.268852
Portals Vells,2025-09-01 19:00:00,43.0,46.2243
Portals Vells,2025-09-01 20:00:00,28.0,39.61661
Portals Vells,2025-09-02 08:00:00,16.0,28.690304
Portals Vells,2025-09-02 09:00:00,6.0,20.230257
Portals Vells,2025-09-02 10:00:00,7.0,26.169035
Portals Vells,2025-09-02 11:00:00,29.0,33.193645
Portals Vells,2025-09-02 12:00:00,40.0,33.520065
Portals Vells,2025-09-02 13:00:00,42.0,41.862904
Portals Vells,2025-09-02 14:00:00,34.0,49.22487
Portals Vells,2025-09-02 15:00:00,30.0,53.87524
Portals Vells,2025-09-02 16:00:00,31.0,50.728268
Portals Vells,2025-09-02 17:00:00,18.0,49.971535
Portals Vells,2025-09-02 18:00:00,19.0,45.803234
Portals Vells,2025-09-02 19:00:00,29.0,45.048462
Portals Vells,2025-09-02 20:00:00,13.0,43.288128
Portals Vells,2025-09-03 08:00:00,15.0,34.68386
Portals Vells,2025-09-03 09:00:00,5.0,27.823944
Portals Vells,2025-09-03 10:00:00,5.0,24.133362
Portals Vells,2025-09-03 11:00:00,22.0,18.732088
Portals Vells,2025-09-03 12:00:00,35.0,26.473232
Portals Vells,2025-09-03 13:00:00,56.0,29.329535
Portals Vells,2025-09-03 14:00:00,25.0,45.8256
Portals Vells,2025-09-03 15:00:00,26.0,105.33294
Portals Vells,2025-09-03 16:00:00,40.0,51.618008
Portals Vells,2025-09-03 17:00:00,23.0,43.51003
Portals Vells,2025-09-03 18:00:00,27.0,38.425663
Portals Vells,2025-09-03 19:00:00,29.0,35.727272
Portals Vells,2025-09-03 20:00:00,22.0,35.83991
Portals Vells,2025-09-04 08:00:00,14.0,33.924007
Portals Vells,2025-09-04 09:00:00,6.0,27.942284
Portals Vells,2025-09-04 10:00:00,7.0,33.71126
Portals Vells,2025-09-04 11:00:00,30.0,21.659561
Portals Vells,2025-09-04 12:00:00,40.0,22.944979
Portals Vells,2025-09-04 13:00:00,57.0,42.00813
Portals Vells,2025-09-04 14:00:00,42.0,72.568146
Portals Vells,2025-09-04 15:00:00,42.0,63.60753
Portals Vells,2025-09-04 16:00:00,59.0,64.64852
Portals Vells,2025-09-04 17:00:00,54.0,52.203197
Portals Vells,2025-09-04 18:00:00,42.0,54.114956
Portals Vells,2025-09-04 19:00:00,42.0,50.00766
Portals Vells,2025-09-04 20:00:00,23.0,44.194756
Portals Vells,2025-09-05 08:00:00,19.0,37.76741
Portals Vells,2025-09-05 09:00:00,6.0,31.106941
Portals Vells,2025-09-05 10:00:00,6.0,33.008587
Portals Vells,2025-09-05 11:00:00,14.0,34.930046
Portals Vells,2025-09-05 12:00:00,27.0,36.047432
Portals Vells,2025-09-05 13:00:00,24.0,41.698658
Portals Vells,2025-09-05 14:00:00,42.0,44.837383
Portals Vells,2025-09-05 15:00:00,52.0,54.947075
Portals Vells,2025-09-05 16:00:00,25.0,46.942986
Portals Vells,2025-09-05 17:00:00,41.0,45.352165
Portals Vells,2025-09-05 18:00:00,37.0,41.28119
Portals Vells,2025-09-05 19:00:00,27.0,38.998993
Portals Vells,2025-09-05 20:00:00,14.0,37.72376
Portals Vells,2025-09-06 08:00:00,18.0,33.477753
Portals Vells,2025-09-06 09:00:00,7.0,29.590338
Portals Vells,2025-09-06 10:00:00,6.0,28.98547
Portals Vells,2025-09-06 11:00:00,17.0,28.113058
Portals Vells,2025-09-06 12:00:00,22.0,31.24625
Portals Vells,2025-09-06 13:00:00,9.0,27.056385
Portals Vells,2025-09-06 14:00:00,6.0,33.79563
Portals Vells,2025-09-06 15:00:00,15.0,34.514217
Portals Vells,2025-09-06 16:00:00,10.0,32.4834
Portals Vells,2025-09-06 17:00:00,17.0,35.93588
Portals Vells,2025-09-06 18:00:00,16.0,38.24621
Portals Vells,2025-09-06 19:00:00,18.0,29.105913
Portals Vells,2025-09-06 20:00:00,21.0,31.168043
Portals Vells,2025-09-07 08:00:00,8.0,28.262606
Portals Vells,2025-09-07 09:00:00,6.0,29.268585
Portals Vells,2025-09-07 10:00:00,7.0,24.634712
Portals Vells,2025-09-07 11:00:00,45.0,13.326937
Portals Vells,2025-09-07 12:00:00,34.0,21.23183
Portals Vells,2025-09-07 13:00:00,33.0,35.34701
Portals Vells,2025-09-07 14:00:00,31.0,44.016125
Portals Vells,2025-09-07 15:00:00,42.0,48.6674
Portals Vells,2025-09-07 16:00:00,21.0,48.97395
Portals Vells,2025-09-07 17:00:00,29.0,42.035877
Portals Vells,2025-09-07 18:00:00,44.0,31.72469
Portals Vells,2025-09-07 19:00:00,19.0,27.117712
Portals Vells,2025-09-07 20:00:00,14.0,23.796299
Portals Vells,2025-09-08 08:00:00,12.0,22.381945
Portals Vells,2025-09-08 09:00:00,7.0,13.105856
Portals Vells,2025-09-08 10:00:00,6.0,14.271727
Portals Vells,2025-09-08 11:00:00,33.0,15.903026
Portals Vells,2025-09-08 12:00:00,59.0,20.648726
Portals Vells,2025-09-08 13:00:00,56.0,33.91417
Portals Vells,2025-09-08 14:00:00,47.0,35.166496
Portals Vells,2025-09-08 15:00:00,60.0,48.30813
Portals Vells,2025-09-08 16:00:00,91.0,46.201508
Portals Vells,2025-09-08 17:00:00,99.0,37.931477
Portals Vells,2025-09-08 18:00:00,35.0,33.814896
Portals Vells,2025-09-08 19:00:00,38.0,27.317287
Portals Vells,2025-09-08 20:00:00,17.0,24.298826
Portals Vells,2025-09-09 08:00:00,9.0,20.166613
Portals Vells,2025-09-09 09:00:00,8.0,12.895585
Portals Vells,2025-09-09 10:00:00,8.0,15.004082
Portals Vells,2025-09-09 11:00:00,41.0,17.38972
Portals Vells,2025-09-09 12:00:00,64.0,21.555948
Portals Vells,2025-09-09 13:00:00,36.0,27.101118
Portals Vells,2025-09-09 14:00:00,117.0,35.301235
Portals Vells,2025-09-09 15:00:00,158.0,36.372467
Portals Vells,2025-09-09 16:00:00,192.0,40.197807
Portals Vells,2025-09-09 17:00:00,72.0,39.38748
Portals Vells,2025-09-09 18:00:00,80.0,29.126862
Portals Vells,2025-09-09 19:00:00,27.0,29.130255
Portals Vells,2025-09-09 20:00:00,18.0,24.96771
Portals Vells,2025-09-10 08:00:00,9.0,19.819635
Portals Vells,2025-09-10 09:00:00,7.0,20.474897
Portals Vells,2025-09-10 10:00:00,7.0,21.847599
Portals Vells,2025-09-10 11:00:00,35.0,17.429554
Portals Vells,2025-09-10 12:00:00,50.0,19.671682
Portals Vells,2025-09-10 13:00:00,65.0,28.875126
Portals Vells,2025-09-10 14:00:00,103.0,26.198265
Portals Vells,2025-09-10 15:00:00,140.0,36.77875
Portals Vells,2025-09-10 16:00:00,42.0,59.856346
Portals Vells,2025-09-10 17:00:00,29.0,31.755526
Portals Vells,2025-09-10 18:00:00,36.0,25.944132
Portals Vells,2025-09-10 19:00:00,37.0,24.811218
Portals Vells,2025-09-10 20:00:00,11.0,24.826113
Portals Vells,2025-09-11 08:00:00,7.0,20.489065
Portals Vells,2025-09-11 09:00:00,8.0,21.716845
Portals Vells,2025-09-11 10:00:00,6.0,23.02595
Portals Vells,2025-09-11 11:00:00,29.0,19.150635
Portals Vells,2025-09-11 12:00:00,65.0,23.586998
Portals Vells,2025-09-11 13:00:00,75.0,26.959755
Portals Vells,2025-09-11 14:00:00,68.0,36.461403
Portals Vells,2025-09-11 15:00:00,115.0,47.861824
Portals Vells,2025-09-11 16:00:00,127.0,37.358086
Portals Vells,2025-09-11 17:00:00,64.0,33.717266
Portals Vells,2025-09-11 18:00:00,37.0,27.358261
Portals Vells,2025-09-11 19:00:00,35.0,27.348299
Portals Vells,2025-09-11 20:00:00,14.0,26.208979
Portals Vells,2025-09-12 08:00:00,9.0,23.453913
Portals Vells,2025-09-12 09:00:00,8.0,19.293896
Portals Vells,2025-09-12 10:00:00,8.0,21.227352
Portals Vells,2025-09-12 11:00:00,45.0,20.053976
Portals Vells,2025-09-12 12:00:00,39.0,15.0331745
Portals Vells,2025-09-12 13:00:00,48.0,39.00926
Portals Vells,2025-09-12 14:00:00,50.0,59.617653
Portals Vells,2025-09-12 15:00:00,64.0,59.53462
Portals Vells,2025-09-12 16:00:00,91.0,60.05249
Portals Vells,2025-09-12 17:00:00,91.0,48.794437
Portals Vells,2025-09-12 18:00:00,35.0,46.509777
Portals Vells,2025-09-12 19:00:00,34.0,41.561172
Portals Vells,2025-09-12 20:00:00,16.0,37.380093
Portals Vells,2025-09-13 08:00:00,7.0,27.744516
Portals Vells,2025-09-13 09:00:00,8.0,24.556185
Portals Vells,2025-09-13 10:00:00,7.0,27.130846
Portals Vells,2025-09-13 11:00:00,46.0,31.76489
Portals Vells,2025-09-13 12:00:00,39.0,34.862946
Portals Vells,2025-09-13 13:00:00,67.0,39.29047
Portals Vells,2025-09-13 14:00:00,45.0,54.15365
Portals Vells,2025-09-13 15:00:00,104.0,53.612587
Portals Vells,2025-09-13 16:00:00,164.0,55.098625
Portals Vells,2025-09-13 17:00:00,74.0,50.62596
Portals Vells,2025-09-13 18:00:00,55.0,47.27958
Portals Vells,2025-09-13 19:00:00,36.0,47.202644
Portals Vells,2025-09-13 20:00:00,21.0,39.0371
Portals Vells,2025-09-14 08:00:00,7.0,29.622532
Portals Vells,2025-09-14 09:00:00,8.0,32.529476
Portals Vells,2025-09-14 10:00:00,10.0,30.94374
Portals Vells,2025-09-14 11:00:00,30.0,30.421555
Portals Vells,2025-09-14 12:00:00,47.0,32.40837
Portals Vells,2025-09-14 13:00:00,40.0,39.718254
Portals Vells,2025-09-14 14:00:00,34.0,44.66046
Portals Vells,2025-09-14 15:00:00,47.0,54.87655
Portals Vells,2025-09-14 16:00:00,78.0,54.526855
Portals Vells,2025-09-14 17:00:00,45.0,51.33386
Portals Vells,2025-09-14 18:00:00,28.0,52.38013
Portals Vells,2025-09-14 19:00:00,24.0,51.14615
Portals Vells,2025-09-14 20:00:00,11.0,41.275772
Portals Vells,2025-09-15 08:00:00,6.0,34.048588
Portals Vells,2025-09-15 09:00:00,8.0,35.004433
Portals Vells,2025-09-15 10:00:00,8.0,36.412506
Portals Vells,2025-09-15 11:00:00,42.0,34.87744
Portals Vells,2025-09-15 12:00:00,36.0,37.861656
Portals Vells,2025-09-15 13:00:00,47.0,38.686546
Portals Vells,2025-09-15 14:00:00,35.0,52.07719
Portals Vells,2025-09-15 15:00:00,64.0,53.20113
Portals Vells,2025-09-15 16:00:00,55.0,54.88318
Portals Vells,2025-09-15 17:00:00,58.0,43.410946
Portals Vells,2025-09-15 18:00:00,32.0,44.09106
Portals Vells,2025-09-15 19:00:00,21.0,41.380863
Portals Vells,2025-09-15 20:00:00,20.0,37.908386
Portals Vells,2025-09-16 08:00:00,7.0,31.13479
Portals Vells,2025-09-16 09:00:00,7.0,35.48237
Portals Vells,2025-09-16 10:00:00,8.0,37.456257
Portals Vells,2025-09-16 11:00:00,35.0,26.731047
Portals Vells,2025-09-16 12:00:00,42.0,37.477047
Portals Vells,2025-09-16 13:00:00,60.0,38.653698
Portals Vells,2025-09-16 14:00:00,38.0,63.970856
Portals Vells,2025-09-16 15:00:00,200.0,55.989906
Portals Vells,2025-09-16 16:00:00,125.0,56.032223
Portals Vells,2025-09-16 17:00:00,140.0,51.474575
Portals Vells,2025-09-16 18:00:00,93.0,48.5243
Portals Vells,2025-09-16 19:00:00,32.0,45.471474
Portals Vells,2025-09-16 20:00:00,13.0,41.005074
Portals Vells,2025-09-17 08:00:00,7.0,32.10071
Portals Vells,2025-09-17 09:00:00,9.0,29.789629
Portals Vells,2025-09-17 10:00:00,7.0,30.720697
Portals Vells,2025-09-17 11:00:00,47.0,34.595432
Portals Vells,2025-09-17 12:00:00,68.0,36.459473
Portals Vells,2025-09-17 13:00:00,48.0,38.449394
Portals Vells,2025-09-17 14:00:00,74.0,51.628387
Portals Vells,2025-09-17 15:00:00,101.0,61.334026
Portals Vells,2025-09-17 16:00:00,48.0,56.955864
Portals Vells,2025-09-17 17:00:00,33.0,51.086483
Portals Vells,2025-09-17 18:00:00,22.0,43.639214
Portals Vells,2025-09-17 19:00:00,25.0,47.199856
Portals Vells,2025-09-17 20:00:00,28.0,38.10216
Portals Vells,2025-09-18 08:00:00,6.0,32.126034
Portals Vells,2025-09-18 09:00:00,8.0,31.929018
Portals Vells,2025-09-18 10:00:00,9.0,31.524183
Portals Vells,2025-09-18 11:00:00,34.0,26.569942
Portals Vells,2025-09-18 12:00:00,45.0,27.117857
Portals Vells,2025-09-18 13:00:00,67.0,33.005337
Portals Vells,2025-09-18 14:00:00,49.0,50.524357
Portals Vells,2025-09-18 15:00:00,39.0,57.773273
Portals Vells,2025-09-18 16:00:00,40.0,47.373478
Portals Vells,2025-09-18 17:00:00,51.0,40.46116
Portals Vells,2025-09-18 18:00:00,32.0,43.684853
Portals Vells,2025-09-18 19:00:00,32.0,45.28778
Portals Vells,2025-09-18 20:00:00,22.0,42.65433
Portals Vells,2025-09-19 08:00:00,7.0,36.698074
Portals Vells,2025-09-19 09:00:00,9.0,29.833878
Portals Vells,2025-09-19 10:00:00,7.0,23.978626
Portals Vells,2025-09-19 11:00:00,31.0,24.212181
Portals Vells,2025-09-19 12:00:00,26.0,25.961246
Portals Vells,2025-09-19 13:00:00,23.0,35.206814
Portals Vells,2025-09-19 14:00:00,33.0,32.08322
Portals Vells,2025-09-19 15:00:00,77.0,85.21354
Portals Vells,2025-09-19 16:00:00,66.0,56.3153
Portals Vells,2025-09-19 17:00:00,29.0,44.840496
Portals Vells,2025-09-19 18:00:00,13.0,42.035053
Portals Vells,2025-09-19 19:00:00,10.0,38.065323
Portals Vells,2025-09-19 20:00:00,16.0,33.40147
Portals Vells,2025-09-20 08:00:00,8.0,29.232084
Portals Vells,2025-09-20 09:00:00,7.0,26.394339
Portals Vells,2025-09-20 10:00:00,8.0,24.135078
Portals Vells,2025-09-20 11:00:00,28.0,30.772831
Portals Vells,2025-09-20 12:00:00,21.0,30.855278
Portals Vells,2025-09-20 13:00:00,16.0,33.554268
Portals Vells,2025-09-20 14:00:00,19.0,46.75604
Portals Vells,2025-09-20 15:00:00,23.0,40.911358
Portals Vells,2025-09-20 16:00:00,17.0,44.469444
Portals Vells,2025-09-20 17:00:00,33.0,46.80539
Portals Vells,2025-09-20 18:00:00,42.0,38.36225
Portals Vells,2025-09-20 19:00:00,14.0,38.663918
Portals Vells,2025-09-20 20:00:00,16.0,36.691654
Portals Vells,2025-09-21 08:00:00,9.0,29.783972
Portals Vells,2025-09-21 09:00:00,8.0,28.768757
Portals Vells,2025-09-21 10:00:00,7.0,32.165123
Portals Vells,2025-09-21 11:00:00,39.0,26.04341
Portals Vells,2025-09-21 12:00:00,42.0,31.91797
Portals Vells,2025-09-21 13:00:00,40.0,38.71875
Portals Vells,2025-09-21 14:00:00,53.0,48.21509
Portals Vells,2025-09-21 15:00:00,65.0,51.126118
Portals Vells,2025-09-21 16:00:00,39.0,47.867107
Portals Vells,2025-09-21 17:00:00,52.0,44.790825
Portals Vells,2025-09-21 18:00:00,20.0,38.150936
Portals Vells,2025-09-21 19:00:00,21.0,38.40502
Portals Vells,2025-09-21 20:00:00,14.0,33.750904
Portals Vells,2025-09-22 08:00:00,6.0,28.682966
Portals Vells,2025-09-22 09:00:00,7.0,28.294912
Portals Vells,2025-09-22 10:00:00,8.0,30.850002
Portals Vells,2025-09-22 11:00:00,43.0,21.056904
Portals Vells,2025-09-22 12:00:00,48.0,23.170185
Portals Vells,2025-09-22 13:00:00,47.0,24.636978
Portals Vells,2025-09-22 14:00:00,51.0,49.96744
Portals Vells,2025-09-22 15:00:00,105.0,46.34109
Portals Vells,2025-09-22 16:00:00,115.0,44.574642
Portals Vells,2025-09-22 17:00:00,46.0,44.9593
Portals Vells,2025-09-22 18:00:00,27.0,29.73448
Portals Vells,2025-09-22 19:00:00,26.0,30.460155
Portals Vells,2025-09-22 20:00:00,13.0,30.551931
Portals Vells,2025-09-23 08:00:00,6.0,24.17916
Portals Vells,2025-09-23 09:00:00,6.0,19.198648
Portals Vells,2025-09-23 10:00:00,8.0,15.704234
Portals Vells,2025-09-23 11:00:00,37.0,15.376033
Portals Vells,2025-09-23 12:00:00,53.0,16.56916
Portals Vells,2025-09-23 13:00:00,45.0,23.274033
Portals Vells,2025-09-23 14:00:00,62.0,38.738964
Portals Vells,2025-09-23 15:00:00,50.0,37.517776
Portals Vells,2025-09-23 16:00:00,79.0,41.92754
Portals Vells,2025-09-23 17:00:00,48.0,37.369125
Portals Vells,2025-09-23 18:00:00,49.0,28.23258
Portals Vells,2025-09-23 19:00:00,29.0,26.854715
Portals Vells,2025-09-23 20:00:00,16.0,22.843094
Portals Vells,2025-09-24 08:00:00,8.0,16.75632
Portals Vells,2025-09-24 09:00:00,7.0,27.737915
Portals Vells,2025-09-24 10:00:00,8.0,25.02063
Portals Vells,2025-09-24 11:00:00,31.0,11.7104225
Portals Vells,2025-09-24 12:00:00,46.0,15.264319
Portals Vells,2025-09-24 13:00:00,40.0,21.717022
Portals Vells,2025-09-24 14:00:00,55.0,34.413273
Portals Vells,2025-09-24 15:00:00,58.0,41.375477
Portals Vells,2025-09-24 16:00:00,72.0,39.17234
Portals Vells,2025-09-24 17:00:00,54.0,31.755327
Portals Vells,2025-09-24 18:00:00,48.0,26.006638
Portals Vells,2025-09-24 19:00:00,24.0,25.917086
Portals Vells,2025-09-24 20:00:00,16.0,26.052135
Portals Vells,2025-09-25 08:00:00,6.0,21.59089
Portals Vells,2025-09-25 09:00:00,7.0,18.117546
Portals Vells,2025-09-25 10:00:00,7.0,18.278963
Portals Vells,2025-09-25 11:00:00,19.0,12.672907
Portals Vells,2025-09-25 12:00:00,47.0,12.85791
Portals Vells,2025-09-25 13:00:00,44.0,16.824871
Portals Vells,2025-09-25 14:00:00,49.0,27.4084
Portals Vells,2025-09-25 15:00:00,69.0,44.227013
Portals Vells,2025-09-25 16:00:00,76.0,41.04293
Portals Vells,2025-09-25 17:00:00,75.0,38.214413
Portals Vells,2025-09-25 18:00:00,46.0,29.870304
Portals Vells,2025-09-25 19:00:00,27.0,30.721424
Portals Vells,2025-09-25 20:00:00,18.0,27.514338
Portals Vells,2025-09-26 08:00:00,7.0,20.638807
Portals Vells,2025-09-26 09:00:00,7.0,22.40931
Portals Vells,2025-09-26 10:00:00,7.0,23.488546
Portals Vells,2025-09-26 11:00:00,35.0,24.288317
Portals Vells,2025-09-26 12:00:00,25.0,23.429302
Portals Vells,2025-09-26 13:00:00,23.0,26.36502
Portals Vells,2025-09-26 14:00:00,77.0,26.695107
Portals Vells,2025-09-26 15:00:00,40.0,43.716133
Portals Vells,2025-09-26 16:00:00,18.0,45.54002
Portals Vells,2025-09-26 17:00:00,27.0,38.83189
Portals Vells,2025-09-26 18:00:00,19.0,40.377197
Portals Vells,2025-09-26 19:00:00,22.0,37.27243
Portals Vells,2025-09-26 20:00:00,23.0,39.202507
Portals Vells,2025-09-27 08:00:00,6.0,29.783226
Portals Vells,2025-09-27 09:00:00,8.0,28.62436
Portals Vells,2025-09-27 10:00:00,8.0,28.381886
Portals Vells,2025-09-27 11:00:00,14.0,32.2754
Portals Vells,2025-09-27 12:00:00,16.0,22.916403
Portals Vells,2025-09-27 13:00:00,22.0,24.8585
Portals Vells,2025-09-27 14:00:00,15.0,29.336506
Portals Vells,2025-09-27 15:00:00,16.0,44.382744
Portals Vells,2025-09-27 16:00:00,15.0,51.50644
Portals Vells,2025-09-27 17:00:00,31.0,37.589695
Portals Vells,2025-09-27 18:00:00,33.0,38.738728
Portals Vells,2025-09-27 19:00:00,22.0,39.326508
Portals Vells,2025-09-27 20:00:00,15.0,37.971523
Portals Vells,2025-09-28 08:00:00,7.0,28.718626
Portals Vells,2025-09-28 09:00:00,6.0,20.857964
Portals Vells,2025-09-28 10:00:00,6.0,29.559982
Portals Vells,2025-09-28 11:00:00,34.0,25.507835
Portals Vells,2025-09-28 12:00:00,49.0,25.094952
Portals Vells,2025-09-28 13:00:00,66.0,31.064045
Portals Vells,2025-09-28 14:00:00,30.0,41.119865
Portals Vells,2025-09-28 15:00:00,52.0,50.271126
Portals Vells,2025-09-28 16:00:00,51.0,46.53587
Portals Vells,2025-09-28 17:00:00,66.0,39.41701
Portals Vells,2025-09-28 18:00:00,30.0,36.42466
Portals Vells,2025-09-28 19:00:00,18.0,34.736027
Portals Vells,2025-09-28 20:00:00,17.0,32.464096
Portals Vells,2025-09-29 08:00:00,7.0,28.728945
Portals Vells,2025-09-29 09:00:00,7.0,30.503431
Portals Vells,2025-09-29 10:00:00,6.0,18.653198
Portals Vells,2025-09-29 11:00:00,45.0,23.791292
Portals Vells,2025-09-29 12:00:00,55.0,25.684591
Portals Vells,2025-09-29 13:00:00,52.0,28.733559
Portals Vells,2025-09-29 14:00:00,47.0,38.565132
Portals Vells,2025-09-29 15:00:00,19.0,47.413857
Portals Vells,2025-09-29 16:00:00,34.0,45.82099
Portals Vells,2025-09-29 17:00:00,21.0,33.771152
Portals Vells,2025-09-29 18:00:00,14.0,35.88564
Portals Vells,2025-09-29 19:00:00,23.0,27.660145
Portals Vells,2025-09-29 20:00:00,11.0,29.020061
Sant Antoni de Portmany,2025-09-01 08:00:00,32.0,37.405624
Sant Antoni de Portmany,2025-09-01 09:00:00,6.0,24.697676
Sant Antoni de Portmany,2025-09-01 10:00:00,6.0,26.785404
Sant Antoni de Portmany,2025-09-01 11:00:00,15.0,21.438114
Sant Antoni de Portmany,2025-09-01 12:00:00,31.0,22.818626
Sant Antoni de Portmany,2025-09-01 13:00:00,53.0,34.87649
Sant Antoni de Portmany,2025-09-01 14:00:00,35.0,45.285023
Sant Antoni de Portmany,2025-09-01 15:00:00,49.0,50.234825
Sant Antoni de Portmany,2025-09-01 16:00:00,41.0,47.69475
Sant Antoni de Portmany,2025-09-01 17:00:00,59.0,40.241894
Sant Antoni de Portmany,2025-09-01 18:00:00,53.0,41.030243
Sant Antoni de Portmany,2025-09-01 19:00:00,29.0,33.886585
Sant Antoni de Portmany,2025-09-01 20:00:00,16.0,31.274178
Sant Antoni de Portmany,2025-09-02 08:00:00,33.0,29.941957
Sant Antoni de Portmany,2025-09-02 09:00:00,6.0,23.509604
Sant Antoni de Portmany,2025-09-02 10:00:00,6.0,29.14492
Sant Antoni de Portmany,2025-09-02 11:00:00,19.0,18.588072
Sant Antoni de Portmany,2025-09-02 12:00:00,38.0,17.802725
Sant Antoni de Portmany,2025-09-02 13:00:00,36.0,24.481289
Sant Antoni de Portmany,2025-09-02 14:00:00,55.0,30.315914
Sant Antoni de Portmany,2025-09-02 15:00:00,36.0,36.16395
Sant Antoni de Portmany,2025-09-02 16:00:00,70.0,34.40759
Sant Antoni de Portmany,2025-09-02 17:00:00,47.0,31.70454
Sant Antoni de Portmany,2025-09-02 18:00:00,44.0,30.571213
Sant Antoni de Portmany,2025-09-02 19:00:00,40.0,31.926975
Sant Antoni de Portmany,2025-09-02 20:00:00,25.0,28.454563
Sant Antoni de Portmany,2025-09-03 08:00:00,26.0,22.30097
Sant Antoni de Portmany,2025-09-03 09:00:00,6.0,13.367021
Sant Antoni de Portmany,2025-09-03 10:00:00,6.0,15.244146
Sant Antoni de Portmany,2025-09-03 11:00:00,18.0,15.516809
Sant Antoni de Portmany,2025-09-03 12:00:00,33.0,16.187298
Sant Antoni de Portmany,2025-09-03 13:00:00,46.0,23.316536
Sant Antoni de Portmany,2025-09-03 14:00:00,49.0,30.508879
Sant Antoni de Portmany,2025-09-03 15:00:00,49.0,43.950123
Sant Antoni de Portmany,2025-09-03 16:00:00,42.0,32.940758
Sant Antoni de Portmany,2025-09-03 17:00:00,40.0,28.342754
Sant Antoni de Portmany,2025-09-03 18:00:00,48.0,26.967905
Sant Antoni de Portmany,2025-09-03 19:00:00,46.0,27.539112
Sant Antoni de Portmany,2025-09-03 20:00:00,27.0,25.399986
Sant Antoni de Portmany,2025-09-04 08:00:00,31.0,21.97961
Sant Antoni de Portmany,2025-09-04 09:00:00,6.0,12.938091
Sant Antoni de Portmany,2025-09-04 10:00:00,6.0,15.398197
Sant Antoni de Portmany,2025-09-04 11:00:00,27.0,13.643736
Sant Antoni de Portmany,2025-09-04 12:00:00,50.0,19.122702
Sant Antoni de Portmany,2025-09-04 13:00:00,48.0,33.7831
Sant Antoni de Portmany,2025-09-04 14:00:00,30.0,34.66229
Sant Antoni de Portmany,2025-09-04 15:00:00,37.0,43.579567
Sant Antoni de Portmany,2025-09-04 16:00:00,41.0,40.133404
Sant Antoni de Portmany,2025-09-04 17:00:00,74.0,36.1762
Sant Antoni de Portmany,2025-09-04 18:00:00,46.0,39.875587
Sant Antoni de Portmany,2025-09-04 19:00:00,37.0,36.338352
Sant Antoni de Portmany,2025-09-04 20:00:00,27.0,32.06535
Sant Antoni de Portmany,2025-09-05 08:00:00,41.0,27.495579
Sant Antoni de Portmany,2025-09-05 09:00:00,6.0,18.276728
Sant Antoni de Portmany,2025-09-05 10:00:00,6.0,27.284742
Sant Antoni de Portmany,2025-09-05 11:00:00,19.0,17.05521
Sant Antoni de Portmany,2025-09-05 12:00:00,9.0,18.273628
Sant Antoni de Portmany,2025-09-05 13:00:00,37.0,24.893322
Sant Antoni de Portmany,2025-09-05 14:00:00,42.0,35.039753
Sant Antoni de Portmany,2025-09-05 15:00:00,53.0,41.676224
Sant Antoni de Portmany,2025-09-05 16:00:00,43.0,38.83146
Sant Antoni de Portmany,2025-09-05 17:00:00,58.0,36.713894
Sant Antoni de Portmany,2025-09-05 18:00:00,47.0,33.123253
Sant Antoni de Portmany,2025-09-05 19:00:00,32.0,35.899776
Sant Antoni de Portmany,2025-09-05 20:00:00,17.0,35.21797
Sant Antoni de Portmany,2025-09-06 08:00:00,4.0,30.450838
Sant Antoni de Portmany,2025-09-06 09:00:00,5.0,17.544874
Sant Antoni de Portmany,2025-09-06 10:00:00,5.0,27.677126
Sant Antoni de Portmany,2025-09-06 11:00:00,14.0,18.080383
Sant Antoni de Portmany,2025-09-06 12:00:00,30.0,21.373268
Sant Antoni de Portmany,2025-09-06 13:00:00,35.0,27.392694
Sant Antoni de Portmany,2025-09-06 14:00:00,24.0,32.310913
Sant Antoni de Portmany,2025-09-06 15:00:00,15.0,34.50016
Sant Antoni de Portmany,2025-09-06 16:00:00,5.0,32.30362
Sant Antoni de Portmany,2025-09-06 17:00:00,5.0,34.20145
Sant Antoni de Portmany,2025-09-06 18:00:00,7.0,34.92856
Sant Antoni de Portmany,2025-09-06 19:00:00,9.0,35.233864
Sant Antoni de Portmany,2025-09-06 20:00:00,5.0,28.87911
Sant Antoni de Portmany,2025-09-07 08:00:00,5.0,26.200104
Sant Antoni de Portmany,2025-09-07 09:00:00,6.0,27.715252
Sant Antoni de Portmany,2025-09-07 10:00:00,5.0,27.673212
Sant Antoni de Portmany,2025-09-07 11:00:00,23.0,23.95838
Sant Antoni de Portmany,2025-09-07 12:00:00,35.0,24.842583
Sant Antoni de Portmany,2025-09-07 13:00:00,50.0,34.71904
Sant Antoni de Portmany,2025-09-07 14:00:00,34.0,42.680454
Sant Antoni de Portmany,2025-09-07 15:00:00,47.0,54.457306
Sant Antoni de Portmany,2025-09-07 16:00:00,41.0,50.642326
Sant Antoni de Portmany,2025-09-07 17:00:00,58.0,38.795376
Sant Antoni de Portmany,2025-09-07 18:00:00,29.0,31.951014
Sant Antoni de Portmany,2025-09-07 19:00:00,23.0,33.702988
Sant Antoni de Portmany,2025-09-07 20:00:00,15.0,30.516184
Sant Antoni de Portmany,2025-09-08 08:00:00,31.0,31.643957
Sant Antoni de Portmany,2025-09-08 09:00:00,6.0,24.200426
Sant Antoni de Portmany,2025-09-08 10:00:00,6.0,21.555138
Sant Antoni de Portmany,2025-09-08 11:00:00,30.0,20.078323
Sant Antoni de Portmany,2025-09-08 12:00:00,41.0,24.21892
Sant Antoni de Portmany,2025-09-08 13:00:00,42.0,39.886635
Sant Antoni de Portmany,2025-09-08 14:00:00,42.0,34.248196
Sant Antoni de Portmany,2025-09-08 15:00:00,29.0,40.73685
Sant Antoni de Portmany,2025-09-08 16:00:00,30.0,41.598743
Sant Antoni de Portmany,2025-09-08 17:00:00,38.0,33.48216
Sant Antoni de Portmany,2025-09-08 18:00:00,31.0,31.079569
Sant Antoni de Portmany,2025-09-08 19:00:00,18.0,30.94195
Sant Antoni de Portmany,2025-09-08 20:00:00,11.0,29.512714
Sant Antoni de Portmany,2025-09-09 08:00:00,28.0,26.981623
Sant Antoni de Portmany,2025-09-09 09:00:00,6.0,17.245888
Sant Antoni de Portmany,2025-09-09 10:00:00,6.0,23.546288
Sant Antoni de Portmany,2025-09-09 11:00:00,18.0,16.803493
Sant Antoni de Portmany,2025-09-09 12:00:00,23.0,20.228153
Sant Antoni de Portmany,2025-09-09 13:00:00,36.0,28.461325
Sant Antoni de Portmany,2025-09-09 14:00:00,64.0,38.17026
Sant Antoni de Portmany,2025-09-09 15:00:00,42.0,35.978527
Sant Antoni de Portmany,2025-09-09 16:00:00,27.0,36.853355
Sant Antoni de Portmany,2025-09-09 17:00:00,43.0,39.917755
Sant Antoni de Portmany,2025-09-09 18:00:00,59.0,33.80055
Sant Antoni de Portmany,2025-09-09 19:00:00,16.0,28.463049
Sant Antoni de Portmany,2025-09-09 20:00:00,13.0,26.559628
Sant Antoni de Portmany,2025-09-10 08:00:00,26.0,21.535921
Sant Antoni de Portmany,2025-09-10 09:00:00,6.0,12.899105
Sant Antoni de Portmany,2025-09-10 10:00:00,6.0,17.045065
Sant Antoni de Portmany,2025-09-10 11:00:00,22.0,13.936091
Sant Antoni de Portmany,2025-09-10 12:00:00,30.0,21.611248
Sant Antoni de Portmany,2025-09-10 13:00:00,43.0,36.37836
Sant Antoni de Portmany,2025-09-10 14:00:00,30.0,49.13277
Sant Antoni de Portmany,2025-09-10 15:00:00,48.0,61.003677
Sant Antoni de Portmany,2025-09-10 16:00:00,35.0,45.95375
Sant Antoni de Portmany,2025-09-10 17:00:00,50.0,34.94288
Sant Antoni de Portmany,2025-09-10 18:00:00,46.0,23.992014
Sant Antoni de Portmany,2025-09-10 19:00:00,37.0,26.414356
Sant Antoni de Portmany,2025-09-10 20:00:00,21.0,25.631895
Sant Antoni de Portmany,2025-09-11 08:00:00,19.0,21.030714
Sant Antoni de Portmany,2025-09-11 09:00:00,5.0,18.793898
Sant Antoni de Portmany,2025-09-11 10:00:00,6.0,22.716362
Sant Antoni de Portmany,2025-09-11 11:00:00,33.0,18.09727
Sant Antoni de Portmany,2025-09-11 12:00:00,35.0,21.549208
Sant Antoni de Portmany,2025-09-11 13:00:00,64.0,26.654587
Sant Antoni de Portmany,2025-09-11 14:00:00,52.0,41.90073
Sant Antoni de Portmany,2025-09-11 15:00:00,31.0,63.40464
Sant Antoni de Portmany,2025-09-11 16:00:00,45.0,48.48234
Sant Antoni de Portmany,2025-09-11 17:00:00,60.0,38.241657
Sant Antoni de Portmany,2025-09-11 18:00:00,63.0,34.342808
Sant Antoni de Portmany,2025-09-11 19:00:00,28.0,31.193794
Sant Antoni de Portmany,2025-09-11 20:00:00,12.0,26.310583
Sant Antoni de Portmany,2025-09-12 08:00:00,24.0,21.93095
Sant Antoni de Portmany,2025-09-12 09:00:00,6.0,18.100622
Sant Antoni de Portmany,2025-09-12 10:00:00,6.0,19.639034
Sant Antoni de Portmany,2025-09-12 11:00:00,24.0,13.921877
Sant Antoni de Portmany,2025-09-12 12:00:00,25.0,15.035611
Sant Antoni de Portmany,2025-09-12 13:00:00,35.0,27.115946
Sant Antoni de Portmany,2025-09-12 14:00:00,32.0,38.597546
Sant Antoni de Portmany,2025-09-12 15:00:00,25.0,51.81037
Sant Antoni de Portmany,2025-09-12 16:00:00,44.0,42.954933
Sant Antoni de Portmany,2025-09-12 17:00:00,38.0,41.00833
Sant Antoni de Portmany,2025-09-12 18:00:00,30.0,31.027699
Sant Antoni de Portmany,2025-09-12 19:00:00,26.0,31.297022
Sant Antoni de Portmany,2025-09-12 20:00:00,8.0,25.802254
Sant Antoni de Portmany,2025-09-13 08:00:00,20.0,21.180553
Sant Antoni de Portmany,2025-09-13 09:00:00,5.0,14.165275
Sant Antoni de Portmany,2025-09-13 10:00:00,5.0,13.132782
Sant Antoni de Portmany,2025-09-13 11:00:00,24.0,16.495361
Sant Antoni de Portmany,2025-09-13 12:00:00,24.0,20.80839
Sant Antoni de Portmany,2025-09-13 13:00:00,48.0,27.862522
Sant Antoni de Portmany,2025-09-13 14:00:00,51.0,36.1394
Sant Antoni de Portmany,2025-09-13 15:00:00,33.0,48.296543
Sant Antoni de Portmany,2025-09-13 16:00:00,46.0,42.791153
Sant Antoni de Portmany,2025-09-13 17:00:00,43.0,41.173435
Sant Antoni de Portmany,2025-09-13 18:00:00,34.0,27.605564
Sant Antoni de Portmany,2025-09-13 19:00:00,24.0,26.755043
Sant Antoni de Portmany,2025-09-13 20:00:00,18.0,25.72228
Sant Antoni de Portmany,2025-09-14 08:00:00,28.0,21.90064
Sant Antoni de Portmany,2025-09-14 09:00:00,6.0,16.415485
Sant Antoni de Portmany,2025-09-14 10:00:00,6.0,17.265018
Sant Antoni de Portmany,2025-09-14 11:00:00,30.0,12.810724
Sant Antoni de Portmany,2025-09-14 12:00:00,21.0,19.255695
Sant Antoni de Portmany,2025-09-14 13:00:00,46.0,23.523495
Sant Antoni de Portmany,2025-09-14 14:00:00,33.0,38.862553
Sant Antoni de Portmany,2025-09-14 15:00:00,41.0,43.935658
Sant Antoni de Portmany,2025-09-14 16:00:00,38.0,44.426205
Sant Antoni de Portmany,2025-09-14 17:00:00,32.0,33.74432
Sant Antoni de Portmany,2025-09-14 18:00:00,36.0,29.810772
Sant Antoni de Portmany,2025-09-14 19:00:00,16.0,29.978031
Sant Antoni de Portmany,2025-09-14 20:00:00,22.0,28.959206
Sant Antoni de Portmany,2025-09-15 08:00:00,19.0,26.089298
Sant Antoni de Portmany,2025-09-15 09:00:00,6.0,18.202637
Sant Antoni de Portmany,2025-09-15 10:00:00,6.0,18.348843
Sant Antoni de Portmany,2025-09-15 11:00:00,28.0,15.561982
Sant Antoni de Portmany,2025-09-15 12:00:00,28.0,18.76179
Sant Antoni de Portmany,2025-09-15 13:00:00,37.0,37.988796
Sant Antoni de Portmany,2025-09-15 14:00:00,28.0,41.35592
Sant Antoni de Portmany,2025-09-15 15:00:00,45.0,32.571476
Sant Antoni de Portmany,2025-09-15 16:00:00,37.0,29.20617
Sant Antoni de Portmany,2025-09-15 17:00:00,38.0,28.235285
Sant Antoni de Portmany,2025-09-15 18:00:00,32.0,25.427824
Sant Antoni de Portmany,2025-09-15 19:00:00,23.0,24.350826
Sant Antoni de Portmany,2025-09-15 20:00:00,20.0,23.069513
Sant Antoni de Portmany,2025-09-16 08:00:00,6.0,13.20365
Sant Antoni de Portmany,2025-09-16 09:00:00,6.0,18.517805
Sant Antoni de Portmany,2025-09-16 10:00:00,22.0,15.57314
Sant Antoni de Portmany,2025-09-16 11:00:00,25.0,15.193219
Sant Antoni de Portmany,2025-09-16 12:00:00,32.0,22.196934
Sant Antoni de Portmany,2025-09-16 13:00:00,26.0,30.950472
Sant Antoni de Portmany,2025-09-16 14:00:00,22.0,38.487633
Sant Antoni de Portmany,2025-09-16 15:00:00,53.0,36.721367
Sant Antoni de Portmany,2025-09-16 16:00:00,50.0,31.827126
Sant Antoni de Portmany,2025-09-16 17:00:00,34.0,30.133125
Sant Antoni de Portmany,2025-09-16 18:00:00,55.0,28.219538
Sant Antoni de Portmany,2025-09-16 19:00:00,28.0,30.934475
Sant Antoni de Portmany,2025-09-16 20:00:00,11.0,22.057196
Sant Antoni de Portmany,2025-09-17 08:00:00,6.0,9.904282
Sant Antoni de Portmany,2025-09-17 09:00:00,6.0,14.944634
Sant Antoni de Portmany,2025-09-17 10:00:00,18.0,18.19083
Sant Antoni de Portmany,2025-09-17 11:00:00,26.0,15.585149
Sant Antoni de Portmany,2025-09-17 12:00:00,53.0,22.67156
Sant Antoni de Portmany,2025-09-17 13:00:00,45.0,33.462242
Sant Antoni de Portmany,2025-09-17 14:00:00,24.0,37.697445
Sant Antoni de Portmany,2025-09-17 15:00:00,40.0,35.092537
Sant Antoni de Portmany,2025-09-17 16:00:00,33.0,27.713703
Sant Antoni de Portmany,2025-09-17 17:00:00,27.0,24.40729
Sant Antoni de Portmany,2025-09-17 18:00:00,32.0,26.32531
Sant Antoni de Portmany,2025-09-17 19:00:00,39.0,26.430752
Sant Antoni de Portmany,2025-09-17 20:00:00,5.0,21.612062
Sant Antoni de Portmany,2025-09-18 08:00:00,6.0,9.971101
Sant Antoni de Portmany,2025-09-18 09:00:00,6.0,14.323085
Sant Antoni de Portmany,2025-09-18 11:00:00,17.0,17.392792
Sant Antoni de Portmany,2025-09-18 12:00:00,41.0,19.54332
Sant Antoni de Portmany,2025-09-18 13:00:00,44.0,24.770813
Sant Antoni de Portmany,2025-09-18 14:00:00,33.0,40.60205
Sant Antoni de Portmany,2025-09-18 15:00:00,32.0,40.830315
Sant Antoni de Portmany,2025-09-18 16:00:00,40.0,37.703873
Sant Antoni de Portmany,2025-09-18 17:00:00,50.0,35.41135
Sant Antoni de Portmany,2025-09-18 18:00:00,28.0,33.47462
Sant Antoni de Portmany,2025-09-18 19:00:00,18.0,31.99366
Sant Antoni de Portmany,2025-09-18 20:00:00,8.0,30.269258
Sant Antoni de Portmany,2025-09-19 08:00:00,6.0,23.839426
Sant Antoni de Portmany,2025-09-19 09:00:00,6.0,19.343706
Sant Antoni de Portmany,2025-09-19 10:00:00,6.0,18.293083
Sant Antoni de Portmany,2025-09-19 11:00:00,9.0,18.893284
Sant Antoni de Portmany,2025-09-19 12:00:00,11.0,19.648169
Sant Antoni de Portmany,2025-09-19 13:00:00,17.0,23.585934
Sant Antoni de Portmany,2025-09-19 14:00:00,23.0,34.81113
Sant Antoni de Portmany,2025-09-19 15:00:00,25.0,45.22121
Sant Antoni de Portmany,2025-09-19 16:00:00,26.0,39.565388
Sant Antoni de Portmany,2025-09-19 17:00:00,33.0,37.936962
Sant Antoni de Portmany,2025-09-19 18:00:00,20.0,30.450998
Sant Antoni de Portmany,2025-09-19 19:00:00,20.0,26.973642
Sant Antoni de Portmany,2025-09-19 20:00:00,19.0,24.071493
Sant Antoni de Portmany,2025-09-20 08:00:00,7.0,20.491304
Sant Antoni de Portmany,2025-09-20 09:00:00,5.0,15.318183
Sant Antoni de Portmany,2025-09-20 10:00:00,5.0,18.575554
Sant Antoni de Portmany,2025-09-20 11:00:00,6.0,19.504513
Sant Antoni de Portmany,2025-09-20 12:00:00,14.0,18.334024
Sant Antoni de Portmany,2025-09-20 13:00:00,27.0,22.790188
Sant Antoni de Portmany,2025-09-20 14:00:00,30.0,27.791523
Sant Antoni de Portmany,2025-09-20 15:00:00,17.0,29.480318
Sant Antoni de Portmany,2025-09-20 16:00:00,20.0,37.010952
Sant Antoni de Portmany,2025-09-20 17:00:00,24.0,30.866974
Sant Antoni de Portmany,2025-09-20 18:00:00,39.0,30.28585
Sant Antoni de Portmany,2025-09-20 19:00:00,18.0,26.033619
Sant Antoni de Portmany,2025-09-20 20:00:00,17.0,24.604269
Sant Antoni de Portmany,2025-09-21 08:00:00,7.0,22.178825
Sant Antoni de Portmany,2025-09-21 09:00:00,6.0,18.643873
Sant Antoni de Portmany,2025-09-21 10:00:00,5.0,19.68525
Sant Antoni de Portmany,2025-09-21 11:00:00,12.0,16.58812
Sant Antoni de Portmany,2025-09-21 12:00:00,22.0,19.835922
Sant Antoni de Portmany,2025-09-21 13:00:00,24.0,29.609005
Sant Antoni de Portmany,2025-09-21 14:00:00,20.0,44.0269
Sant Antoni de Portmany,2025-09-21 15:00:00,18.0,51.024208
Sant Antoni de Portmany,2025-09-21 16:00:00,21.0,42.637875
Sant Antoni de Portmany,2025-09-21 17:00:00,27.0,41.852024
Sant Antoni de Portmany,2025-09-21 18:00:00,24.0,28.585136
Sant Antoni de Portmany,2025-09-21 19:00:00,16.0,23.96515
Sant Antoni de Portmany,2025-09-21 20:00:00,29.0,23.010815
Sant Antoni de Portmany,2025-09-22 08:00:00,6.0,21.11503
Sant Antoni de Portmany,2025-09-22 09:00:00,6.0,13.492018
Sant Antoni de Portmany,2025-09-22 10:00:00,5.0,11.837883
Sant Antoni de Portmany,2025-09-22 11:00:00,20.0,17.848412
Sant Antoni de Portmany,2025-09-22 12:00:00,40.0,18.305939
Sant Antoni de Portmany,2025-09-22 13:00:00,37.0,22.261946
Sant Antoni de Portmany,2025-09-22 14:00:00,25.0,36.982746
Sant Antoni de Portmany,2025-09-22 15:00:00,35.0,41.50863
Sant Antoni de Portmany,2025-09-22 16:00:00,38.0,34.534245
Sant Antoni de Portmany,2025-09-22 17:00:00,36.0,32.637543
Sant Antoni de Portmany,2025-09-22 18:00:00,24.0,25.459478
Sant Antoni de Portmany,2025-09-22 19:00:00,19.0,24.567932
Sant Antoni de Portmany,2025-09-22 20:00:00,35.0,17.942087
Sant Antoni de Portmany,2025-09-23 08:00:00,6.0,14.952409
Sant Antoni de Portmany,2025-09-23 09:00:00,6.0,6.912487
Sant Antoni de Portmany,2025-09-23 10:00:00,6.0,24.168554
Sant Antoni de Portmany,2025-09-23 11:00:00,30.0,16.709126
Sant Antoni de Portmany,2025-09-23 12:00:00,26.0,15.168617
Sant Antoni de Portmany,2025-09-23 13:00:00,19.0,16.622202
Sant Antoni de Portmany,2025-09-23 14:00:00,23.0,20.63356
Sant Antoni de Portmany,2025-09-23 15:00:00,35.0,21.404997
Sant Antoni de Portmany,2025-09-23 16:00:00,31.0,21.906834
Sant Antoni de Portmany,2025-09-23 17:00:00,44.0,21.446083
Sant Antoni de Portmany,2025-09-23 18:00:00,20.0,18.492954
Sant Antoni de Portmany,2025-09-23 19:00:00,23.0,17.353447
Sant Antoni de Portmany,2025-09-23 20:00:00,19.0,20.031673
Sant Antoni de Portmany,2025-09-24 08:00:00,6.0,16.851345
Sant Antoni de Portmany,2025-09-24 09:00:00,6.0,25.04173
Sant Antoni de Portmany,2025-09-24 10:00:00,5.0,19.559237
Sant Antoni de Portmany,2025-09-24 11:00:00,14.0,18.638632
Sant Antoni de Portmany,2025-09-24 12:00:00,27.0,17.629251
Sant Antoni de Portmany,2025-09-24 13:00:00,50.0,16.436468
Sant Antoni de Portmany,2025-09-24 14:00:00,34.0,17.272676
Sant Antoni de Portmany,2025-09-24 15:00:00,31.0,19.775455
Sant Antoni de Portmany,2025-09-24 16:00:00,48.0,18.698692
Sant Antoni de Portmany,2025-09-24 17:00:00,45.0,18.887802
Sant Antoni de Portmany,2025-09-24 18:00:00,30.0,20.00497
Sant Antoni de Portmany,2025-09-24 19:00:00,13.0,19.257975
Sant Antoni de Portmany,2025-09-24 20:00:00,15.0,20.542444
Sant Antoni de Portmany,2025-09-25 08:00:00,6.0,17.631687
Sant Antoni de Portmany,2025-09-25 09:00:00,6.0,13.174796
Sant Antoni de Portmany,2025-09-25 10:00:00,5.0,26.526709
Sant Antoni de Portmany,2025-09-25 11:00:00,24.0,16.144619
Sant Antoni de Portmany,2025-09-25 12:00:00,22.0,19.096666
Sant Antoni de Portmany,2025-09-25 13:00:00,21.0,17.485659
Sant Antoni de Portmany,2025-09-25 14:00:00,33.0,23.82324
Sant Antoni de Portmany,2025-09-25 15:00:00,34.0,33.5841
Sant Antoni de Portmany,2025-09-25 16:00:00,40.0,29.527122
Sant Antoni de Portmany,2025-09-25 17:00:00,48.0,29.680618
Sant Antoni de Portmany,2025-09-25 18:00:00,43.0,29.007154
Sant Antoni de Portmany,2025-09-25 19:00:00,18.0,25.00814
Sant Antoni de Portmany,2025-09-25 20:00:00,31.0,24.333975
Sant Antoni de Portmany,2025-09-26 08:00:00,6.0,18.365725
Sant Antoni de Portmany,2025-09-26 09:00:00,6.0,20.921265
Sant Antoni de Portmany,2025-09-26 10:00:00,5.0,21.878178
Sant Antoni de Portmany,2025-09-26 11:00:00,20.0,17.172453
Sant Antoni de Portmany,2025-09-26 12:00:00,17.0,17.708155
Sant Antoni de Portmany,2025-09-26 13:00:00,24.0,16.683651
Sant Antoni de Portmany,2025-09-26 14:00:00,20.0,17.0932
Sant Antoni de Portmany,2025-09-26 15:00:00,43.0,23.846386
Sant Antoni de Portmany,2025-09-26 16:00:00,43.0,28.680454
Sant Antoni de Portmany,2025-09-26 17:00:00,38.0,25.996653
Sant Antoni de Portmany,2025-09-26 18:00:00,28.0,24.277012
Sant Antoni de Portmany,2025-09-26 19:00:00,32.0,26.273407
Sant Antoni de Portmany,2025-09-26 20:00:00,14.0,16.756788
Sant Antoni de Portmany,2025-09-27 08:00:00,5.0,17.708673
Sant Antoni de Portmany,2025-09-27 09:00:00,5.0,22.0334
Sant Antoni de Portmany,2025-09-27 10:00:00,5.0,23.111034
Sant Antoni de Portmany,2025-09-27 11:00:00,16.0,16.813791
Sant Antoni de Portmany,2025-09-27 12:00:00,23.0,18.976847
Sant Antoni de Portmany,2025-09-27 13:00:00,23.0,20.325499
Sant Antoni de Portmany,2025-09-27 14:00:00,25.0,25.439627
Sant Antoni de Portmany,2025-09-27 15:00:00,18.0,25.093565
Sant Antoni de Portmany,2025-09-27 16:00:00,26.0,25.057255
Sant Antoni de Portmany,2025-09-27 17:00:00,19.0,22.61321
Sant Antoni de Portmany,2025-09-27 18:00:00,14.0,22.613272
Sant Antoni de Portmany,2025-09-27 19:00:00,12.0,22.57015
Sant Antoni de Portmany,2025-09-27 20:00:00,18.0,21.278925
Sant Antoni de Portmany,2025-09-28 08:00:00,6.0,13.172802
Sant Antoni de Portmany,2025-09-28 09:00:00,6.0,18.534237
Sant Antoni de Portmany,2025-09-28 10:00:00,5.0,20.965956
Sant Antoni de Portmany,2025-09-28 11:00:00,22.0,17.461498
Sant Antoni de Portmany,2025-09-28 12:00:00,47.0,16.497028
Sant Antoni de Portmany,2025-09-28 13:00:00,54.0,24.196156
Sant Antoni de Portmany,2025-09-28 14:00:00,35.0,33.357986
Sant Antoni de Portmany,2025-09-28 15:00:00,56.0,52.30799
Sant Antoni de Portmany,2025-09-28 16:00:00,57.0,40.204136
Sant Antoni de Portmany,2025-09-28 17:00:00,65.0,32.992416
Sant Antoni de Portmany,2025-09-28 18:00:00,53.0,30.578035
Sant Antoni de Portmany,2025-09-28 19:00:00,49.0,25.441576
Sant Antoni de Portmany,2025-09-28 20:00:00,37.0,24.072779
Sant Antoni de Portmany,2025-09-29 08:00:00,6.0,16.1195
Sant Antoni de Portmany,2025-09-29 09:00:00,5.0,22.029339
Sant Antoni de Portmany,2025-09-29 10:00:00,5.0,21.586676
Sant Antoni de Portmany,2025-09-29 11:00:00,26.0,18.232634
Sant Antoni de Portmany,2025-09-29 12:00:00,42.0,17.7303
Sant Antoni de Portmany,2025-09-29 13:00:00,43.0,21.352158
Sant Antoni de Portmany,2025-09-29 14:00:00,51.0,39.597458
Sant Antoni de Portmany,2025-09-29 15:00:00,52.0,50.179253
Sant Antoni de Portmany,2025-09-29 16:00:00,58.0,40.8532
Sant Antoni de Portmany,2025-09-29 17:00:00,68.0,35.256462
Sant Antoni de Portmany,2025-09-29 18:00:00,54.0,28.318956
Sant Antoni de Portmany,2025-09-29 19:00:00,39.0,25.117186
Sant Antoni de Portmany,2025-09-29 20:00:00,34.0,24.003101
Son Serra de Marina,2025-09-01 08:00:00,38.0,26.38758
Son Serra de Marina,2025-09-01 09:00:00,5.0,21.068295
Son Serra de Marina,2025-09-01 10:00:00,4.0,27.068747
Son Serra de Marina,2025-09-01 11:00:00,20.0,22.719118
Son Serra de Marina,2025-09-01 12:00:00,43.0,22.97553
Son Serra de Marina,2025-09-01 13:00:00,48.0,29.635033
Son Serra de Marina,2025-09-01 14:00:00,60.0,43.89284
Son Serra de Marina,2025-09-01 15:00:00,62.0,49.903286
Son Serra de Marina,2025-09-01 16:00:00,51.0,42.06231
Son Serra de Marina,2025-09-01 17:00:00,67.0,37.234787
Son Serra de Marina,2025-09-01 18:00:00,38.0,35.60532
Son Serra de Marina,2025-09-01 19:00:00,26.0,36.037506
Son Serra de Marina,2025-09-01 20:00:00,28.0,28.648762
Son Serra de Marina,2025-09-02 08:00:00,41.0,28.337536
Son Serra de Marina,2025-09-02 09:00:00,5.0,21.196564
Son Serra de Marina,2025-09-02 10:00:00,3.0,27.566628
Son Serra de Marina,2025-09-02 11:00:00,12.0,24.157494
Son Serra de Marina,2025-09-02 12:00:00,18.0,21.007618
Son Serra de Marina,2025-09-02 13:00:00,27.0,24.649368
Son Serra de Marina,2025-09-02 14:00:00,21.0,30.14619
Son Serra de Marina,2025-09-02 15:00:00,18.0,36.625923
Son Serra de Marina,2025-09-02 16:00:00,20.0,34.101513
Son Serra de Marina,2025-09-02 17:00:00,31.0,37.084614
Son Serra de Marina,2025-09-02 18:00:00,21.0,35.308308
Son Serra de Marina,2025-09-02 19:00:00,17.0,38.60656
Son Serra de Marina,2025-09-02 20:00:00,30.0,31.722565
Son Serra de Marina,2025-09-03 08:00:00,17.0,26.989767
Son Serra de Marina,2025-09-03 09:00:00,8.0,12.438112
Son Serra de Marina,2025-09-03 10:00:00,6.0,27.34308
Son Serra de Marina,2025-09-03 11:00:00,11.0,15.589574
Son Serra de Marina,2025-09-03 12:00:00,37.0,20.233425
Son Serra de Marina,2025-09-03 13:00:00,28.0,28.172289
Son Serra de Marina,2025-09-03 14:00:00,42.0,42.97446
Son Serra de Marina,2025-09-03 15:00:00,38.0,47.593323
Son Serra de Marina,2025-09-03 16:00:00,36.0,40.438404
Son Serra de Marina,2025-09-03 17:00:00,25.0,34.218403
Son Serra de Marina,2025-09-03 18:00:00,35.0,33.954987
Son Serra de Marina,2025-09-03 19:00:00,41.0,37.21546
Son Serra de Marina,2025-09-03 20:00:00,48.0,34.662643
Son Serra de Marina,2025-09-04 08:00:00,28.0,25.0135
Son Serra de Marina,2025-09-04 09:00:00,5.0,18.17318
Son Serra de Marina,2025-09-04 10:00:00,2.0,29.093967
Son Serra de Marina,2025-09-04 11:00:00,13.0,15.845559
Son Serra de Marina,2025-09-04 12:00:00,34.0,22.741543
Son Serra de Marina,2025-09-04 13:00:00,62.0,36.86392
Son Serra de Marina,2025-09-04 14:00:00,45.0,48.479027
Son Serra de Marina,2025-09-04 15:00:00,37.0,58.99271
Son Serra de Marina,2025-09-04 16:00:00,30.0,45.53235
Son Serra de Marina,2025-09-04 17:00:00,65.0,38.55448
Son Serra de Marina,2025-09-04 18:00:00,58.0,44.279663
Son Serra de Marina,2025-09-04 19:00:00,35.0,41.96115
Son Serra de Marina,2025-09-04 20:00:00,40.0,39.086414
Son Serra de Marina,2025-09-05 08:00:00,30.0,43.381565
Son Serra de Marina,2025-09-05 09:00:00,2.0,25.183678
Son Serra de Marina,2025-09-05 10:00:00,2.0,28.072327
Son Serra de Marina,2025-09-05 11:00:00,12.0,22.077808
Son Serra de Marina,2025-09-05 12:00:00,12.0,21.021664
Son Serra de Marina,2025-09-05 13:00:00,16.0,23.017565
Son Serra de Marina,2025-09-05 14:00:00,13.0,31.547342
Son Serra de Marina,2025-09-05 15:00:00,7.0,37.38752
Son Serra de Marina,2025-09-05 16:00:00,9.0,30.922766
Son Serra de Marina,2025-09-05 17:00:00,23.0,28.562538
Son Serra de Marina,2025-09-05 18:00:00,14.0,33.226456
Son Serra de Marina,2025-09-05 19:00:00,8.0,30.882875
Son Serra de Marina,2025-09-05 20:00:00,14.0,31.206821
Son Serra de Marina,2025-09-06 08:00:00,13.0,26.503323
Son Serra de Marina,2025-09-06 09:00:00,2.0,11.27814
Son Serra de Marina,2025-09-06 10:00:00,2.0,20.819622
Son Serra de Marina,2025-09-06 11:00:00,3.0,14.109364
Son Serra de Marina,2025-09-06 12:00:00,5.0,17.346224
Son Serra de Marina,2025-09-06 13:00:00,7.0,18.001724
Son Serra de Marina,2025-09-06 14:00:00,5.0,22.5043
Son Serra de Marina,2025-09-06 15:00:00,5.0,29.523106
Son Serra de Marina,2025-09-06 16:00:00,5.0,27.776503
Son Serra de Marina,2025-09-06 17:00:00,4.0,23.279219
Son Serra de Marina,2025-09-06 18:00:00,4.0,27.701271
Son Serra de Marina,2025-09-06 19:00:00,4.0,30.064001
Son Serra de Marina,2025-09-06 20:00:00,8.0,23.355494
Son Serra de Marina,2025-09-07 08:00:00,4.0,17.76906
Son Serra de Marina,2025-09-07 09:00:00,2.0,11.45243
Son Serra de Marina,2025-09-07 10:00:00,2.0,16.503868
Son Serra de Marina,2025-09-07 11:00:00,5.0,12.4363575
Son Serra de Marina,2025-09-07 12:00:00,20.0,30.698246
Son Serra de Marina,2025-09-07 13:00:00,43.0,40.86648
Son Serra de Marina,2025-09-07 14:00:00,4.0,38.863983
Son Serra de Marina,2025-09-07 15:00:00,26.0,35.82049
Son Serra de Marina,2025-09-07 16:00:00,37.0,29.36559
Son Serra de Marina,2025-09-07 17:00:00,32.0,30.025488
Son Serra de Marina,2025-09-07 18:00:00,25.0,29.166939
Son Serra de Marina,2025-09-07 19:00:00,16.0,25.860538
Son Serra de Marina,2025-09-07 20:00:00,6.0,20.353666
Son Serra de Marina,2025-09-08 08:00:00,4.0,10.716364
Son Serra de Marina,2025-09-08 09:00:00,3.0,9.873061
Son Serra de Marina,2025-09-08 10:00:00,27.0,16.776981
Son Serra de Marina,2025-09-08 11:00:00,39.0,19.390003
Son Serra de Marina,2025-09-08 12:00:00,62.0,23.089502
Son Serra de Marina,2025-09-08 13:00:00,55.0,27.91375
Son Serra de Marina,2025-09-08 14:00:00,32.0,36.090065
Son Serra de Marina,2025-09-08 15:00:00,32.0,40.44799
Son Serra de Marina,2025-09-08 16:00:00,43.0,33.611744
Son Serra de Marina,2025-09-08 17:00:00,47.0,29.32422
Son Serra de Marina,2025-09-08 18:00:00,29.0,28.089098
Son Serra de Marina,2025-09-08 19:00:00,22.0,23.818155
Son Serra de Marina,2025-09-08 20:00:00,7.0,22.679327
Son Serra de Marina,2025-09-09 08:00:00,8.0,11.336817
Son Serra de Marina,2025-09-09 09:00:00,3.0,8.381651
Son Serra de Marina,2025-09-09 10:00:00,26.0,19.001873
Son Serra de Marina,2025-09-09 11:00:00,48.0,22.272434
Son Serra de Marina,2025-09-09 12:00:00,85.0,26.202198
Son Serra de Marina,2025-09-09 13:00:00,70.0,27.800491
Son Serra de Marina,2025-09-09 14:00:00,51.0,23.571808
Son Serra de Marina,2025-09-09 15:00:00,43.0,26.003101
Son Serra de Marina,2025-09-09 16:00:00,24.0,18.662462
Son Serra de Marina,2025-09-09 17:00:00,26.0,21.985512
Son Serra de Marina,2025-09-09 18:00:00,31.0,17.148176
Son Serra de Marina,2025-09-09 19:00:00,25.0,19.932169
Son Serra de Marina,2025-09-09 20:00:00,31.0,20.41313
Son Serra de Marina,2025-09-10 08:00:00,16.0,8.466653
Son Serra de Marina,2025-09-10 10:00:00,17.0,8.226786
Son Serra de Marina,2025-09-10 11:00:00,38.0,16.672956
Son Serra de Marina,2025-09-10 12:00:00,55.0,14.835286
Son Serra de Marina,2025-09-10 13:00:00,63.0,15.709163
Son Serra de Marina,2025-09-10 14:00:00,80.0,13.979137
Son Serra de Marina,2025-09-10 15:00:00,54.0,17.715914
Son Serra de Marina,2025-09-10 16:00:00,49.0,15.727713
Son Serra de Marina,2025-09-10 17:00:00,63.0,14.801219
Son Serra de Marina,2025-09-10 18:00:00,54.0,12.55992
Son Serra de Marina,2025-09-10 19:00:00,45.0,13.343591
Son Serra de Marina,2025-09-10 20:00:00,41.0,14.267676
Son Serra de Marina,2025-09-11 08:00:00,19.0,13.636522
Son Serra de Marina,2025-09-11 09:00:00,12.0,7.760628
Son Serra de Marina,2025-09-11 10:00:00,7.0,8.572648
Son Serra de Marina,2025-09-11 11:00:00,22.0,15.931387
Son Serra de Marina,2025-09-11 12:00:00,38.0,18.351841
Son Serra de Marina,2025-09-11 13:00:00,56.0,19.008347
Son Serra de Marina,2025-09-11 14:00:00,65.0,20.076275
Son Serra de Marina,2025-09-11 15:00:00,49.0,29.939335
Son Serra de Marina,2025-09-11 16:00:00,39.0,29.243399
Son Serra de Marina,2025-09-11 17:00:00,50.0,26.231562
Son Serra de Marina,2025-09-11 18:00:00,53.0,23.10256
Son Serra de Marina,2025-09-11 19:00:00,46.0,23.744272
Son Serra de Marina,2025-09-11 20:00:00,42.0,23.286076
Son Serra de Marina,2025-09-12 08:00:00,11.0,20.604586
Son Serra de Marina,2025-09-12 09:00:00,7.0,19.865671
Son Serra de Marina,2025-09-12 10:00:00,4.0,24.85079
Son Serra de Marina,2025-09-12 11:00:00,16.0,9.939351
Son Serra de Marina,2025-09-12 12:00:00,42.0,15.292098
Son Serra de Marina,2025-09-12 13:00:00,44.0,30.85288
Son Serra de Marina,2025-09-12 14:00:00,40.0,40.976624
Son Serra de Marina,2025-09-12 15:00:00,44.0,40.664467
Son Serra de Marina,2025-09-12 16:00:00,64.0,38.814415
Son Serra de Marina,2025-09-12 17:00:00,44.0,36.77904
Son Serra de Marina,2025-09-12 18:00:00,44.0,29.786934
Son Serra de Marina,2025-09-12 19:00:00,20.0,29.47219
Son Serra de Marina,2025-09-12 20:00:00,21.0,29.976334
Son Serra de Marina,2025-09-13 08:00:00,7.0,25.987883
Son Serra de Marina,2025-09-13 09:00:00,7.0,26.7298
Son Serra de Marina,2025-09-13 10:00:00,7.0,25.476444
Son Serra de Marina,2025-09-13 11:00:00,11.0,18.260923
Son Serra de Marina,2025-09-13 12:00:00,25.0,22.192982
Son Serra de Marina,2025-09-13 13:00:00,38.0,29.777824
Son Serra de Marina,2025-09-13 14:00:00,25.0,38.95935
Son Serra de Marina,2025-09-13 15:00:00,30.0,45.929504
Son Serra de Marina,2025-09-13 16:00:00,50.0,44.387787
Son Serra de Marina,2025-09-13 17:00:00,25.0,42.242588
Son Serra de Marina,2025-09-13 18:00:00,24.0,39.70986
Son Serra de Marina,2025-09-13 19:00:00,22.0,40.310207
Son Serra de Marina,2025-09-13 20:00:00,19.0,36.073624
Son Serra de Marina,2025-09-14 08:00:00,6.0,32.63969
Son Serra de Marina,2025-09-14 09:00:00,6.0,27.298183
Son Serra de Marina,2025-09-14 10:00:00,5.0,33.521908
Son Serra de Marina,2025-09-14 11:00:00,19.0,27.798096
Son Serra de Marina,2025-09-14 12:00:00,40.0,24.56731
Son Serra de Marina,2025-09-14 13:00:00,38.0,34.18672
Son Serra de Marina,2025-09-14 14:00:00,53.0,42.13735
Son Serra de Marina,2025-09-14 15:00:00,38.0,50.541092
Son Serra de Marina,2025-09-14 16:00:00,65.0,42.498573
Son Serra de Marina,2025-09-14 17:00:00,39.0,46.811703
Son Serra de Marina,2025-09-14 18:00:00,28.0,45.897346
Son Serra de Marina,2025-09-14 19:00:00,25.0,42.187256
Son Serra de Marina,2025-09-14 20:00:00,18.0,39.994637
Son Serra de Marina,2025-09-15 08:00:00,6.0,30.72313
Son Serra de Marina,2025-09-15 09:00:00,4.0,22.341166
Son Serra de Marina,2025-09-15 10:00:00,3.0,33.1448
Son Serra de Marina,2025-09-15 11:00:00,18.0,31.752844
Son Serra de Marina,2025-09-15 12:00:00,37.0,25.73016
Son Serra de Marina,2025-09-15 13:00:00,44.0,30.457668
Son Serra de Marina,2025-09-15 14:00:00,55.0,41.58792
Son Serra de Marina,2025-09-15 15:00:00,53.0,48.116245
Son Serra de Marina,2025-09-15 16:00:00,52.0,45.358414
Son Serra de Marina,2025-09-15 17:00:00,54.0,36.780174
Son Serra de Marina,2025-09-15 18:00:00,50.0,36.88653
Son Serra de Marina,2025-09-15 19:00:00,37.0,40.30518
Son Serra de Marina,2025-09-15 20:00:00,17.0,32.568336
Son Serra de Marina,2025-09-16 08:00:00,3.0,29.6357
Son Serra de Marina,2025-09-16 09:00:00,4.0,16.767736
Son Serra de Marina,2025-09-16 10:00:00,6.0,20.933847
Son Serra de Marina,2025-09-16 11:00:00,15.0,17.59383
Son Serra de Marina,2025-09-16 12:00:00,29.0,20.326305
Son Serra de Marina,2025-09-16 13:00:00,37.0,27.33474
Son Serra de Marina,2025-09-16 14:00:00,28.0,38.987274
Son Serra de Marina,2025-09-16 15:00:00,39.0,40.885544
Son Serra de Marina,2025-09-16 16:00:00,29.0,38.617737
Son Serra de Marina,2025-09-16 17:00:00,39.0,34.92215
Son Serra de Marina,2025-09-16 18:00:00,55.0,27.148201
Son Serra de Marina,2025-09-16 19:00:00,23.0,27.934303
Son Serra de Marina,2025-09-16 20:00:00,33.0,28.54478
Son Serra de Marina,2025-09-17 08:00:00,14.0,20.520008
Son Serra de Marina,2025-09-17 09:00:00,8.0,13.713667
Son Serra de Marina,2025-09-17 10:00:00,7.0,16.907986
Son Serra de Marina,2025-09-17 11:00:00,17.0,13.090954
Son Serra de Marina,2025-09-17 12:00:00,28.0,15.011086
Son Serra de Marina,2025-09-17 13:00:00,48.0,25.089619
Son Serra de Marina,2025-09-17 14:00:00,63.0,33.358772
Son Serra de Marina,2025-09-17 15:00:00,64.0,37.48577
Son Serra de Marina,2025-09-17 16:00:00,51.0,30.127634
Son Serra de Marina,2025-09-17 17:00:00,67.0,29.790503
Son Serra de Marina,2025-09-17 18:00:00,55.0,26.235567
Son Serra de Marina,2025-09-17 19:00:00,33.0,25.474821
Son Serra de Marina,2025-09-17 20:00:00,30.0,24.205135
Son Serra de Marina,2025-09-18 08:00:00,13.0,20.582384
Son Serra de Marina,2025-09-18 09:00:00,11.0,13.08262
Son Serra de Marina,2025-09-18 10:00:00,5.0,16.291275
Son Serra de Marina,2025-09-18 11:00:00,30.0,14.230748
Son Serra de Marina,2025-09-18 12:00:00,37.0,17.852238
Son Serra de Marina,2025-09-18 13:00:00,58.0,25.72478
Son Serra de Marina,2025-09-18 14:00:00,89.0,39.84801
Son Serra de Marina,2025-09-18 15:00:00,62.0,45.79794
Son Serra de Marina,2025-09-18 16:00:00,59.0,42.5622
Son Serra de Marina,2025-09-18 17:00:00,75.0,37.469078
Son Serra de Marina,2025-09-18 18:00:00,88.0,32.71091
Son Serra de Marina,2025-09-18 19:00:00,25.0,32.59625
Son Serra de Marina,2025-09-18 20:00:00,12.0,26.895096
Son Serra de Marina,2025-09-19 08:00:00,4.0,16.742
Son Serra de Marina,2025-09-19 09:00:00,4.0,13.476476
Son Serra de Marina,2025-09-19 10:00:00,3.0,14.059512
Son Serra de Marina,2025-09-19 11:00:00,10.0,18.235823
Son Serra de Marina,2025-09-19 12:00:00,6.0,20.038158
Son Serra de Marina,2025-09-19 13:00:00,11.0,19.607098
Son Serra de Marina,2025-09-19 14:00:00,13.0,26.059727
Son Serra de Marina,2025-09-19 15:00:00,14.0,31.631197
Son Serra de Marina,2025-09-19 16:00:00,20.0,38.38641
Son Serra de Marina,2025-09-19 17:00:00,47.0,32.4429
Son Serra de Marina,2025-09-19 18:00:00,12.0,33.00463
Son Serra de Marina,2025-09-19 19:00:00,21.0,31.024467
Son Serra de Marina,2025-09-19 20:00:00,13.0,28.085316
Son Serra de Marina,2025-09-20 08:00:00,3.0,22.938679
Son Serra de Marina,2025-09-20 09:00:00,3.0,15.733129
Son Serra de Marina,2025-09-20 10:00:00,4.0,16.271126
Son Serra de Marina,2025-09-20 11:00:00,4.0,17.740107
Son Serra de Marina,2025-09-20 12:00:00,16.0,15.820921
Son Serra de Marina,2025-09-20 13:00:00,17.0,22.8118
Son Serra de Marina,2025-09-20 14:00:00,14.0,29.46218
Son Serra de Marina,2025-09-20 15:00:00,5.0,27.183138
Son Serra de Marina,2025-09-20 16:00:00,12.0,39.99711
Son Serra de Marina,2025-09-20 17:00:00,18.0,38.70733
Son Serra de Marina,2025-09-20 18:00:00,11.0,34.075676
Son Serra de Marina,2025-09-20 19:00:00,12.0,31.449598
Son Serra de Marina,2025-09-20 20:00:00,11.0,31.918264
Son Serra de Marina,2025-09-21 08:00:00,4.0,26.713709
Son Serra de Marina,2025-09-21 09:00:00,4.0,26.79524
Son Serra de Marina,2025-09-21 10:00:00,2.0,29.52659
Son Serra de Marina,2025-09-21 11:00:00,8.0,21.736923
Son Serra de Marina,2025-09-21 12:00:00,16.0,19.796562
Son Serra de Marina,2025-09-21 13:00:00,15.0,32.153244
Son Serra de Marina,2025-09-21 14:00:00,20.0,40.465706
Son Serra de Marina,2025-09-21 15:00:00,32.0,41.460712
Son Serra de Marina,2025-09-21 16:00:00,57.0,34.880573
Son Serra de Marina,2025-09-21 17:00:00,31.0,36.55165
Son Serra de Marina,2025-09-21 18:00:00,27.0,33.67129
Son Serra de Marina,2025-09-21 19:00:00,11.0,34.455902
Son Serra de Marina,2025-09-21 20:00:00,19.0,36.502964
Son Serra de Marina,2025-09-22 08:00:00,5.0,29.76556
Son Serra de Marina,2025-09-22 09:00:00,11.0,17.780079
Son Serra de Marina,2025-09-22 10:00:00,5.0,17.711079
Son Serra de Marina,2025-09-22 11:00:00,14.0,18.37837
Son Serra de Marina,2025-09-22 12:00:00,30.0,22.890022
Son Serra de Marina,2025-09-22 13:00:00,57.0,30.87132
Son Serra de Marina,2025-09-22 14:00:00,54.0,37.089798
Son Serra de Marina,2025-09-22 15:00:00,44.0,48.512486
Son Serra de Marina,2025-09-22 16:00:00,41.0,41.150776
Son Serra de Marina,2025-09-22 17:00:00,34.0,38.274166
Son Serra de Marina,2025-09-22 18:00:00,19.0,33.33758
Son Serra de Marina,2025-09-22 19:00:00,19.0,35.055077
Son Serra de Marina,2025-09-22 20:00:00,9.0,33.830902
Son Serra de Marina,2025-09-23 08:00:00,5.0,19.89762
Son Serra de Marina,2025-09-23 09:00:00,3.0,10.283318
Son Serra de Marina,2025-09-23 10:00:00,3.0,11.906813
Son Serra de Marina,2025-09-23 11:00:00,9.0,15.66248
Son Serra de Marina,2025-09-23 12:00:00,21.0,19.160698
Son Serra de Marina,2025-09-23 13:00:00,73.0,21.029423
Son Serra de Marina,2025-09-23 14:00:00,57.0,22.980898
Son Serra de Marina,2025-09-23 15:00:00,30.0,26.52653
Son Serra de Marina,2025-09-23 16:00:00,30.0,23.50521
Son Serra de Marina,2025-09-23 17:00:00,45.0,26.193604
Son Serra de Marina,2025-09-23 18:00:00,35.0,22.682274
Son Serra de Marina,2025-09-23 19:00:00,41.0,20.773628
Son Serra de Marina,2025-09-23 20:00:00,16.0,20.664162
Son Serra de Marina,2025-09-26 08:00:00,4.0,16.438103
Son Serra de Marina,2025-09-26 09:00:00,3.0,6.9292045
Son Serra de Marina,2025-09-26 10:00:00,4.0,20.437572
Son Serra de Marina,2025-09-26 11:00:00,13.0,13.870673
Son Serra de Marina,2025-09-26 12:00:00,15.0,16.883993
Son Serra de Marina,2025-09-26 13:00:00,22.0,14.158727
Son Serra de Marina,2025-09-26 14:00:00,23.0,17.809483
Son Serra de Marina,2025-09-26 15:00:00,30.0,16.97365
Son Serra de Marina,2025-09-26 16:00:00,20.0,21.95967
Son Serra de Marina,2025-09-26 17:00:00,12.0,15.181399
Son Serra de Marina,2025-09-26 18:00:00,8.0,17.675415
Son Serra de Marina,2025-09-26 19:00:00,16.0,18.380556
Son Serra de Marina,2025-09-26 20:00:00,8.0,17.510096
Son Serra de Marina,2025-09-27 08:00:00,3.0,13.006333
Son Serra de Marina,2025-09-27 09:00:00,3.0,9.239308
Son Serra de Marina,2025-09-27 10:00:00,3.0,9.269081
Son Serra de Marina,2025-09-27 11:00:00,8.0,16.10549
Son Serra de Marina,2025-09-27 12:00:00,15.0,16.490196
Son Serra de Marina,2025-09-27 13:00:00,21.0,16.665516
Son Serra de Marina,2025-09-27 14:00:00,24.0,19.179878
Son Serra de Marina,2025-09-27 15:00:00,35.0,21.25511
Son Serra de Marina,2025-09-27 16:00:00,26.0,23.734581
Son Serra de Marina,2025-09-27 17:00:00,27.0,19.196733
Son Serra de Marina,2025-09-27 18:00:00,21.0,17.190094
Son Serra de Marina,2025-09-27 19:00:00,17.0,20.54289
Son Serra de Marina,2025-09-27 20:00:00,16.0,20.56937
Son Serra de Marina,2025-09-28 08:00:00,3.0,16.82501
Son Serra de Marina,2025-09-28 09:00:00,4.0,7.675181
Son Serra de Marina,2025-09-28 10:00:00,3.0,19.615807
Son Serra de Marina,2025-09-28 11:00:00,13.0,13.028588
Son Serra de Marina,2025-09-28 12:00:00,11.0,16.697737
Son Serra de Marina,2025-09-28 13:00:00,25.0,18.846714
Son Serra de Marina,2025-09-28 14:00:00,24.0,19.562
Son Serra de Marina,2025-09-28 15:00:00,24.0,25.498642
Son Serra de Marina,2025-09-28 16:00:00,37.0,31.875528
Son Serra de Marina,2025-09-28 17:00:00,27.0,30.529926
Son Serra de Marina,2025-09-28 18:00:00,19.0,24.44685
Son Serra de Marina,2025-09-28 19:00:00,19.0,22.826862
Son Serra de Marina,2025-09-28 20:00:00,10.0,22.899658
Son Serra de Marina,2025-09-29 08:00:00,3.0,16.22644
Son Serra de Marina,2025-09-29 09:00:00,3.0,9.111393
Son Serra de Marina,2025-09-29 10:00:00,5.0,19.767677
Son Serra de Marina,2025-09-29 11:00:00,13.0,17.436998
Son Serra de Marina,2025-09-29 12:00:00,35.0,18.129257
Son Serra de Marina,2025-09-29 13:00:00,35.0,18.472736
Son Serra de Marina,2025-09-29 14:00:00,37.0,32.77794
Son Serra de Marina,2025-09-29 15:00:00,45.0,35.1572
Son Serra de Marina,2025-09-29 16:00:00,47.0,31.874023
Son Serra de Marina,2025-09-29 17:00:00,41.0,26.16859
Son Serra de Marina,2025-09-29 18:00:00,18.0,24.261484
Son Serra de Marina,2025-09-29 19:00:00,21.0,19.490728
Son Serra de Marina,2025-09-29 20:00:00,22.0,18.010239
